store,category,subcategory,product_name,pack_size,unit_price,price_gbp,was_price_gbp,offer
Asda Express,Baby,Baby Milk,Aptamil 2 Follow On Milk 6-12 Months 200ml,200ml,£7.75/L,1.55,,
Asda Express,Baby,Baby Milk,Aptamil 3 Toddler Milk 1-3 Years 200ml,200ml,£6.00/L,1.20,,
Asda Express,Baby,Baby Milk,Aptamil Breastmilk Substitute 1 from Birth First Infant Milk 200ml,200ml,£8.00/L,1.60,,
Asda Express,Baby,Baby Milk,Aptamil First Infant Milk from Birth - 6 Months 800g,800g,£20.31/kg,16.25,,
Asda Express,Baby,Baby Milk,Aptamil Follow On Milk 2 6-12 Months 800g,800g,£20.31/kg,16.25,,
Asda Express,Baby,Nappies & Wipes,Asda Little Angels 150 Nappy Bags with Tie Handles,150pk,0.8p each,1.20,,
Asda Express,Baby,"Food, Snacks & Drinks",Asda Little Angels Apple & Strawberry 6m+ 120g,120g,£7.08/kg,0.85,,
Asda Express,Baby,"Food, Snacks & Drinks","Asda Little Angels Strawberry, Blueberry & Apple 6m+ 120g",120g,£7.08/kg,0.85,,
Asda Express,Baby,Health,Ashton & Parsons Teething Gel 10ml,10ml,£690.00/L,6.90,,
Asda Express,Baby,Health,Bonjela Soothing Teething Gel 15ml,15ml,£350.00/L,5.25,,
Asda Express,Baby,Best Sellers 📈,Calpol Infant Sugar-Free Oral Suspension Paracetamol 2+ Months 100ml,100ml,£44.00/L,4.40,,
Asda Express,Baby,Best Sellers 📈,Calpol SixPlus Sugar-Free Suspension Paracetamol 6+ Years 80ml,80ml,£56.88/L,4.55,,
Asda Express,Baby,Baby Milk,Cow & Gate 1 First Baby Milk Formula From Birth 800g,800g,£16.44/kg,13.15,,
Asda Express,Baby,Baby Milk,Cow & Gate 1 First Infant Milk from Birth 200ml,200ml,£6.75/L,1.35,,
Asda Express,Baby,Baby Milk,Cow & Gate 2 Follow On Baby Milk Formula 200ml,200ml,£6.50/L,1.30,,
Asda Express,Baby,Baby Milk,Cow & Gate 3 Growing Up Milk Formula 200ml,200ml,£6.00/L,1.20,,
Asda Express,Baby,"Food, Snacks & Drinks",Ella's Kitchen Organic Spag Bol Baby Pouch 7+ Months 130g,130g,£15.00/kg,1.95,,
Asda Express,Baby,"Food, Snacks & Drinks",Ella's Kitchen Organic Strawberries and Apples Baby Pouch 4+ Months 120g,120g,£15.00/kg,1.80,,
Asda Express,Baby,"Food, Snacks & Drinks",Ella's Kitchen Prunes 4+ Months 70g,70g,£18.57/kg,1.30,,
Asda Express,Baby,"Food, Snacks & Drinks",Ella's Kitchen Sweet Potatoes Broccoli + Carrots from 4 Months 120g,120g,£15.00/kg,1.80,,
Asda Express,Baby,"Food, Snacks & Drinks",Ella's kitchen Cherry Chicken Roast Dinner with Stuffing 7+ Months 130g,130g,£15.00/kg,1.95,,
Asda Express,Baby,"Food, Snacks & Drinks",Farley's Rusks Original All Ages 4-6 Months Onwards 300g,300g,£9.00/kg,2.70,,
Asda Express,Baby,Baby Toiletries,Johnson's Baby Cotton Buds 200 Pieces,200pk,0.775p each,1.55,,
Asda Express,Baby,Baby Toiletries,Johnson's Baby Oil 200ml,200ml,£11.25/L,2.25,,
Asda Express,Baby,Baby Toiletries,Johnson's Baby Shampoo Without Dyes Sulphates & Soap 500 ml,500ml,£6.90/L,3.45,,
Asda Express,Baby,Baby Toiletries,Johnson's Baby Top-To-Toe Baby Wash 500ml,500ml,£6.90/L,3.45,,
Asda Express,Baby,Baby Toiletries,"NIVEA Kids Protect & Care Coloured Spray SPF50+, 200ml 200ML",200ml,£82.25/L,16.45,,
Asda Express,Baby,Health,Nurofen for Children Strawberry Oral Suspension 3mths to 9yrs Ibuprofen 100ml,100ml,£50.00/L,5.00,,
Asda Express,Baby,Nappies & Wipes,"Pampers Baby-Dry Nappy Pants Size 5, 33 Nappies, 12kg-17kg, Essential Pack",33pk,£0.40 each,13.32,15.95,£2.63 off
Asda Express,Baby,Nappies & Wipes,"Pampers Premium Protection New Baby Size 2, 44 Nappies, 4kg-8kg",44pk,£0.29 each,12.65,,
Asda Express,Baby,Baby Toiletries,Sudocrem Antiseptic Healing Cream 125g,125g,£76.80/kg,9.60,,
Asda Express,Bakery,"Wraps, Pittas & Naans",Asda 2 Garlic & Coriander Naans,2pk,£0.50 each,1.00,,
Asda Express,Bakery,Whole Cakes,Asda Exceptional Chocolate Fudge Cake,1pk,£4.60 each,4.60,,
Asda Express,Bakery,Whole Cakes,Asda Exceptional Lemon Drizzle Cake,1pk,£4.70 each,4.70,,
Asda Express,Bakery,Savoury Pies,Asda Melton Mowbray Pork Pie 140g,140g,£15.71/kg,2.20,,
Asda Express,Bakery,Savoury Pies,Asda Mini Pork Pies 100g,2pk,£0.83 each,1.65,,
Asda Express,Bakery,"Wraps, Pittas & Naans",Asda The Bakery 2 Garlic & Coriander Naans 380g,380g,£4.47/kg,1.70,,
Asda Express,Bakery,Small Cakes & Treats,Asda The Bakery 20 Flapjack Mini Bites 240g,20pk,£0.16 each,3.20,,
Asda Express,Bakery,Croissants & Breakfast,Asda The Bakery 6 Classic Waffles 250g,6pk,£0.41 each,2.45,,
Asda Express,Bakery,Small Cakes & Treats,Asda The Bakery 6 Fluffy Victoria Sponge Cakes,6pk,£0.33 each,1.95,,
Asda Express,Bakery,Croissants & Breakfast,Asda The Bakery 8 Chocolate Chip Brioche Rolls 280g,8pk,£0.24 each,1.95,,
Asda Express,Bakery,Small Cakes & Treats,Asda The Bakery 9 Chocolate Mini Cupcakes,9pk,£0.37 each,3.30,,
Asda Express,Bakery,Croissants & Breakfast,Asda The Bakery Chocolate Hazelnut Crepes 6 x 30g (180g),180g,£13.61/kg,2.45,,
Asda Express,Bakery,Small Cakes & Treats,Asda The Bakery Rocky Road Mini Bites 195g,195g,£16.92/kg,3.30,,
Asda Express,Bakery,Small Cakes & Treats,Barni Chocolate Filling Biscuits-sponge 125 Gr,125g,£9.28/kg,1.16,1.55,£0.39 off
Asda Express,Bakery,Small Cakes & Treats,Brompton House Chocolate Brownies with Milk Chocolate 6 x 25g (150g),6pk,£0.25 each,1.50,1.90,£0.40 off
Asda Express,Bakery,Small Cakes & Treats,Brompton House Fantasy Brownies 6 x 25g (150g),6pk,£0.25 each,1.50,1.90,£0.40 off
Asda Express,Bakery,Small Cakes & Treats,Cadbury 5 Milk Chocolate Cake Bars,5pk,£0.56 each,2.80,,
Asda Express,Bakery,Small Cakes & Treats,Cadbury 5 Milk Chocolate Mini Rolls,5pk,£0.62 each,3.10,,
Asda Express,Bakery,Small Cakes & Treats,Cadbury Caramel Cake Bars x5,5pk,£0.56 each,2.80,,
Asda Express,Bakery,Savoury Pies,Cathedral City Cottage Pie 400g,400g,£13.00/kg,5.20,,2 for £6.50
Asda Express,Bakery,Small Cakes & Treats,McVitie's Jaffa Mini Rolls Cake Bars 5 Pack,5pk,£0.51 each,2.55,,
Asda Express,Bakery,"Crumbles, Sweet Pies & Tarts",Mr Kipling 6 Cherry Bakewell Tarts,6pk,£0.46 each,2.77,3.70,£0.93 off
Asda Express,Bakery,Small Cakes & Treats,Mr Kipling 6 Viennese Whirls,6pk,£0.47 each,2.80,3.10,£0.30 off
Asda Express,Bakery,Small Cakes & Treats,Mr Kipling 8 Angel Slices,8pk,£0.54 each,4.35,,
Asda Express,Bakery,Small Cakes & Treats,Mr Kipling 8 Chocolate Slices,8pk,£0.54 each,4.35,,
Asda Express,Bakery,Buns & Rolls,New York Bakery Co. 5 The Original Bagels,5pk,£0.48 each,2.40,,
Asda Express,Bakery,Bread,Part-Baked Bread 2 Baguettes 300g,2pk,£0.80 each,1.60,,
Asda Express,Bakery,Savoury Pies,Pukka All Steak Pie,209g,£10.05/kg,2.10,2.80,£0.70 off
Asda Express,Bakery,Savoury Pies,Pukka Chicken & Mushroom Pie,212g,£9.91/kg,2.10,2.80,£0.70 off
Asda Express,Bakery,Scones & Teacakes,Soreen The Original Malt Loaf 260g,260g,£7.31/kg,1.90,,
Asda Express,Bakery,Buns & Rolls,St Pierre 4 Brioche Burger Buns,4pk,£0.76 each,3.05,,
Asda Express,Bakery,Small Cakes & Treats,The BAKERY at ASDA 16 Double Chocolate Mini Muffins,16pk,£0.22 each,3.50,,
Asda Express,Bakery,Small Cakes & Treats,The BAKERY at ASDA 22 Caramel Shortcake Mini Bites,22pk,£0.15 each,3.20,,
Asda Express,Bakery,Small Cakes & Treats,The BAKERY at ASDA 4 Choc Chunk Muffins,4pk,£0.54 each,2.15,,
Asda Express,Bakery,Small Cakes & Treats,The BAKERY at ASDA The Bakery 4 Triple Choc Muffins,4pk,£0.54 each,2.15,,
Asda Express,Bakery,Small Cakes & Treats,The Bakery at ASDA Delicious Brownie Bites 88g,8pk,£0.19 each,1.55,,
Asda Express,Bakery,Small Cakes & Treats,The Bakery at ASDA So Sweet Flapjack Bites 96g,8pk,£0.19 each,1.55,,
Asda Express,Bakery,Small Cakes & Treats,The Bakery at ASDA Tempting 20 Brownie Mini Bites,20pk,£0.16 each,3.20,,
Asda Express,Bakery,Scones & Teacakes,Tunnock's Milk Chocolate Tea Cakes 6 x 24g,6pk,£0.28 each,1.65,,
Asda Express,Bakery,Buns & Rolls,Warburtons 4 Sliced Brioche Burger Buns,4pk,£0.78 each,3.10,,
Asda Express,Bakery,"Wraps, Pittas & Naans",Warburtons 4 Soft Pitta,4pk,£0.38 each,1.50,,
Asda Express,Bakery,Buns & Rolls,Warburtons 6 Thin Bagels Original Soft & Sliced,6pk,£0.37 each,2.20,,
Asda Express,Bakery,Croissants & Breakfast,Warburtons Choc Chip Belgian Waffle 70g,1pk,£1.45 each,1.45,,
Asda Express,Bakery,Bread,Warburtons Farmhouse Bread 800g,800g,£2.50/kg,2.00,,
Asda Express,Bakery,Best Sellers 📈,Warburtons Medium Soft White Bread 800g,800g,£2.19/kg,1.75,,
Asda Express,Bakery,Best Sellers 📈,Warburtons Soft Thick White Toastie Bread 800g,800g,£2.19/kg,1.75,,
Asda Express,Bakery,Bread,Warburtons Toastie Soft Thick White Bread 400g,400g,£3.13/kg,1.25,,
Asda Express,Beauty & Toiletries,Bath & Shower,IMPERIAL LEATHER Muscle Recovery Bath Soak Bergamot & Sea Salt 500ml,500ml,£4.00/L,2.00,,
Asda Express,Beauty & Toiletries,Bath & Shower,Sanex Expert Skin Health Moisturising Shower Gel Body Wash 450ml,450ml,£10.33/L,4.65,,
Asda Express,Beauty & Toiletries,Period Products,Always Ultra Day Sanitary Towels Normal (Size 1) With Wings 13 Pads,13pk,£0.22 each,2.85,,
Asda Express,Beauty & Toiletries,Skin & Body Care,Ambre Solaire Hydra 24H Protect SPF30 Sun Cream Travel Lotion 50ml,50ml,£174.00/L,8.70,,
Asda Express,Beauty & Toiletries,Tissues & Wipes,Asda Shades Everyday,1pk,£1.80 each,1.80,,
Asda Express,Beauty & Toiletries,Tissues & Wipes,Asda Shades Everyday 8 Pocket Packs,8pk,£0.20 each,1.60,,
Asda Express,Beauty & Toiletries,Shaving & Hair Removal,BIC Twin Lady Womens Razors x5,5pk,£0.31 each,1.55,,
Asda Express,Beauty & Toiletries,Hand Soap & Sanitiser,Carex Original Antibacterial Hand Wash 250ml,250ml,£6.16/L,1.54,2.05,£0.51 off
Asda Express,Beauty & Toiletries,Dental,Colgate Advanced White Medium Manual Toothbrush,1pk,£1.90 each,1.90,,
Asda Express,Beauty & Toiletries,Dental,Colgate Total Teeth Whitening Toothpaste 75ml,75ml,£40.00/L,3.00,,
Asda Express,Beauty & Toiletries,Hand Soap & Sanitiser,Cuticura Original Crisp & Fresh Anti Bacterial Hand Gel 50ml,50ml,£25.00/L,1.25,,
Asda Express,Beauty & Toiletries,Dental,Fixodent Plus Premium Denture Adhesive Cream 40g,40g,£108.75/kg,4.35,,
Asda Express,Beauty & Toiletries,Hair Care,L'Oreal Paris Elnett Satin Hairspray Normal Strength 200ml,200ml,£30.00/L,6.00,,
Asda Express,Beauty & Toiletries,Hair Care,"L'Oreal Paris Elvive Colour Protect Shampoo, for Coloured & Highlighted Hair, 400ml",400ml,£24.75/L,9.90,,
Asda Express,Beauty & Toiletries,Deodorant,Lynx  Aerosol Bodyspray Africa 150 ml,150ml,£31.67/L,4.75,,
Asda Express,Beauty & Toiletries,Hair Care,Pantene Pro-V Active Nutri-Plex Repair & Protect Shampoo 325ml for Dry Damaged Hair,325ml,£10.62/L,3.45,,
Asda Express,Beauty & Toiletries,Hair Care,Pantene Pro-V Repair & Protect Conditioner 230ml. Lightweight feel. Active Nutri-Plex,230ml,£15.00/L,3.45,,
Asda Express,Beauty & Toiletries,Best Sellers 📈,Simple Kind to Skin Cleansing Wipes Bio-degradable 25 wipes,25pk,£0.12 each,2.95,,
Asda Express,Beauty & Toiletries,Skin & Body Care,Simple Kind to Skin Hydrating Light Moisturiser 125ml,125ml,£38.40/L,4.80,,
Asda Express,Beauty & Toiletries,Deodorant,Sure Men  Antiperspirant Aerosol Invisible Ice Fresh 150 ml,150ml,£12.67/L,1.90,,
Asda Express,Beauty & Toiletries,Incontinence,TENA Discreet Extra Plus Incontinence Pads x 8,8pk,£0.50 each,4.00,,
Asda Express,Beauty & Toiletries,Skin & Body Care,Vaseline Expert Care Hand Cream Dry Hands Rescue 75 ml,75ml,£47.33/L,3.55,,
Asda Express,Beauty & Toiletries,Skin & Body Care,Vaseline Lip Therapy Original 20g,20g,£77.50/kg,1.55,,
Asda Express,Beer & Cider,Ales,Beaver Town Gamma Ray American Pale Ale 440ml,440ml,£10.45/L,4.60,,
Asda Express,Beer & Cider,Ales,Beavertown Gamma Ray American Pale Ale 4 x 330ml,4pk,£7.46/L,9.85,,
Asda Express,Beer & Cider,Ales,Beavertown Lunar Haze Hazy IPA 440ml,440ml,£9.66/L,4.25,,
Asda Express,Beer & Cider,Ales,Beavertown Neck Oil Session IPA 4 x 330ml,4pk,£7.54/L,9.95,,
Asda Express,Beer & Cider,Ales,BrewDog Hazy Jane New England IPA 4 x 330ml,4pk,£6.25/L,8.25,,
Asda Express,Beer & Cider,Ales,BrewDog Hazy Jane New England IPA 440ml,440ml,£7.61/L,3.35,,2 for £5.50
Asda Express,Beer & Cider,Ales,BrewDog Punk IPA Post Modern Classic 4 x 330ml,4pk,£6.25/L,8.25,,
Asda Express,Beer & Cider,Ales,BrewDog Triple Hazy New England IPA 440ml,440ml,£14.66/L,6.45,,
Asda Express,Beer & Cider,Ales,BrewDog Wingman Session IPA 4 x 330ml,4pk,£6.21/L,8.20,,
Asda Express,Beer & Cider,Ales,Duvel The Original Specialty Beer 330ml,330ml,£10.91/L,3.60,,2 for £5.50
Asda Express,Beer & Cider,Ales,Duvel Tripel Hop Citra Belgian IPA 330ml,330ml,£11.52/L,3.80,,2 for £5.50
Asda Express,Beer & Cider,Ales,Greene King Abbot Rich & Malty Premium Ale 4 x 500ml,4pk,£4.10/L,8.20,,
Asda Express,Beer & Cider,Ales,Hobgoblin Gold Beer 4 x 568ml,4pk,£3.39/L,7.70,,
Asda Express,Beer & Cider,Ales,Hobgoblin Ruby Beer 4 x 568ml,4pk,£3.39/L,7.70,,
Asda Express,Beer & Cider,Ales,John Smith's Extra Smooth 10 x 440 ml,10pk,£2.33/L,10.25,12.50,£2.25 off
Asda Express,Beer & Cider,Ales,John Smith's Extra Smooth 440ml,4pk,£3.95/L,6.95,,
Asda Express,Beer & Cider,Ales,Leffe Blonde 4 x 330ml,4pk,£5.66/L,7.47,8.30,£0.83 off
Asda Express,Beer & Cider,Ales,Leffe Blonde 750ml,750ml,£6.53/L,4.90,,
Asda Express,Beer & Cider,Ales,McEwan's Champion Premium Beer 500ml,500ml,£6.60/L,3.30,,2 for £5.50
Asda Express,Beer & Cider,Ales,Newcastle Brown Ale 550ml Bottle,550ml,£4.91/L,2.70,,
Asda Express,Beer & Cider,Ales,Northern Monk Bobbi Abbey Citra Hazy DDH IPA 440ml,440ml,£10.57/L,4.65,,
Asda Express,Beer & Cider,Ales,Old Speckled Hen English Pale Ale 4 x 500ml,4pk,£4.03/L,8.05,,
Asda Express,Beer & Cider,Ales,Old Speckled Hen English Pale Ale 500ml,500ml,£6.90/L,3.45,,
Asda Express,Beer & Cider,Ales,Theakston Old Peculier 500ml,500ml,£6.50/L,3.25,,
Asda Express,Beer & Cider,Ales,Tooth & Claw Cat Amongst Tropical IPA 440ml,440ml,£9.89/L,4.35,,2 for £5.50
Asda Express,Beer & Cider,Ales,Tribute Pale Ale 500ml,500ml,£5.90/L,2.95,,2 for £5.50
Asda Express,Beer & Cider,Ales,Vocation Brewery Life & Death Classic IPA 440ml,440ml,£12.39/L,5.45,,
Asda Express,Beer & Cider,Lagers,Asahi Super Dry Beer 4 x 440ml,1.76L,£6.79/L,11.95,,
Asda Express,Beer & Cider,Lagers,Asahi Super Dry Beer 620ml,620ml,£6.94/L,4.30,,2 for £5.50
Asda Express,Beer & Cider,Beer & Cider,Asahi Super Dry Beer 620ml,,,0.00,,
Asda Express,Beer & Cider,Lagers,BIRRIFICIO ANGELO PORETTI Premium Beer 660ml,660ml,£4.39/L,2.90,,
Asda Express,Beer & Cider,Beer & Cider,BIRRIFICIO ANGELO PORETTI Premium Beer 660ml,,,0.00,,
Asda Express,Beer & Cider,Cider,"Beer, Ale, Cider",1pk,£5.50 each,5.50,,
Asda Express,Beer & Cider,Lagers,Birra Moretti Lager Beer 4 x 330ml Bottles,4pk,£7.23/L,9.55,,
Asda Express,Beer & Cider,Lagers,Birra Moretti Premium Lager Cans 4 x 440ml,1.76L,£5.43/L,9.55,,
Asda Express,Beer & Cider,Lagers,Birrificio Angelo Poretti 4 x 568ml,4pk,£3.61/L,8.20,,
Asda Express,Beer & Cider,Beer & Cider,BrewDog Hazy Jane New England IPA 440ml,,,0.00,,
Asda Express,Beer & Cider,Lagers,Bud Light Beer 4 x 568ml,4pk,£3.24/L,7.35,,
Asda Express,Beer & Cider,Non & Low Alcohol,Bud Limited Edition Beer 4 x 330ml,1.32L,£4.13/L,5.45,,
Asda Express,Beer & Cider,Lagers,Budweiser Beer 4 x 568ml,4pk,£3.85/L,8.75,,
Asda Express,Beer & Cider,Lagers,Budweiser Beer Cans 10 X 440ml,10pk,£3.49/L,15.35,,
Asda Express,Beer & Cider,Lagers,Budweiser Budvar Original Czech Lager 4 x 500ml,2L,£4.85/L,9.70,,
Asda Express,Beer & Cider,Lagers,Budweiser Lager Beer Bottle 660ml,660ml,£5.68/L,3.75,,2 for £5.50
Asda Express,Beer & Cider,Beer & Cider,Budweiser Lager Beer Bottle 660ml,,,0.00,,
Asda Express,Beer & Cider,Lagers,Budweiser Lager Beer Bottles 15 x 300ml,15pk,£3.89/L,17.50,,
Asda Express,Beer & Cider,Lagers,Budweiser Lager Beer Bottles 4 x 300ml,4pk,£6.13/L,7.35,,
Asda Express,Beer & Cider,Lagers,Carling Original Lager Beer 10 x 440ml,10pk,£3.33/L,14.65,,
Asda Express,Beer & Cider,Lagers,Carling Original Lager Beer 4 x 440ml,4pk,£3.64/L,6.40,,
Asda Express,Beer & Cider,Lagers,Carlsberg Danish Pilsner 10 x 440ml,10pk,£2.36/L,10.40,,
Asda Express,Beer & Cider,Lagers,Carlsberg Danish Pilsner 4 x 568ml,4pk,£3.01/L,6.85,,
Asda Express,Beer & Cider,Lagers,Carlsberg Export Lager Beer 4 x 568ml Pint Cans,4pk,£3.43/L,7.80,,
Asda Express,Beer & Cider,Other Beers,Cherry Chouffe 330ml,330ml,£10.91/L,3.60,,2 for £5.50
Asda Express,Beer & Cider,Beer & Cider,Cherry Chouffe 330ml,,,0.00,,
Asda Express,Beer & Cider,Lagers,Cobra Premium Beer 620ml,620ml,£6.61/L,4.10,,2 for £5.50
Asda Express,Beer & Cider,Beer & Cider,Cobra Premium Beer 620ml,,,0.00,,
Asda Express,Beer & Cider,Non & Low Alcohol,Corona Cero Alcohol Free Beer 4 x 330ml,4pk,£4.67/L,6.16,6.85,£0.69 off
Asda Express,Beer & Cider,Lagers,Corona Extra 12 x 330ml,12pk,£4.34/L,17.19,19.10,£1.91 off
Asda Express,Beer & Cider,Lagers,Corona Extra 330ml,4pk,£6.25/L,8.25,,
Asda Express,Beer & Cider,Lagers,Corona Lager Beer Bottle 620ml,620ml,£6.77/L,4.20,,2 for £5.50
Asda Express,Beer & Cider,Beer & Cider,Corona Lager Beer Bottle 620ml,,,0.00,,
Asda Express,Beer & Cider,Lagers,Cruzcampo Sevilla 10 x 440ml,10pk,£3.91/L,17.35,,
Asda Express,Beer & Cider,Lagers,Cruzcampo Sevilla 660ml,660ml,£6.14/L,4.05,,2 for £5.50
Asda Express,Beer & Cider,Beer & Cider,Cruzcampo Sevilla 660ml,,,0.00,,
Asda Express,Beer & Cider,Lagers,Cruzcampo Sevilla Beer Pint Cans 4 x 568ml,4pk,£4.07/L,9.25,,
Asda Express,Beer & Cider,Other Beers,Desperados Mojito Beer Can 330ml,330ml,£11.52/L,3.80,,3 for £9
Asda Express,Beer & Cider,Other Beers,Desperados Red Caipirinha Beer 330ml,330ml,£11.67/L,3.85,,
Asda Express,Beer & Cider,Lagers,Desperados Tequila Lager Beer 3 x 330ml Bottles,3pk,£8.28/L,8.20,,
Asda Express,Beer & Cider,Lagers,Desperados Tequila Lager Beer 650ml Bottle,650ml,£7.46/L,4.85,,2 for £5.50
Asda Express,Beer & Cider,Beer & Cider,Desperados Tequila Lager Beer 650ml Bottle,,,0.00,,
Asda Express,Beer & Cider,Beer & Cider,Duvel The Original Specialty Beer 330ml,,,0.00,,
Asda Express,Beer & Cider,Beer & Cider,Duvel Tripel Hop Citra Belgian IPA 330ml,,,0.00,,
Asda Express,Beer & Cider,Other Beers,Erdinger Weissbrau Weibbier 50cl,500ml,£6.70/L,3.35,,2 for £5.50
Asda Express,Beer & Cider,Beer & Cider,Erdinger Weissbrau Weibbier 50cl,,,0.00,,
Asda Express,Beer & Cider,Lagers,Estrella Damm 440ml,4pk,£4.94/L,8.70,,
Asda Express,Beer & Cider,Lagers,Estrella Damm Premium Lager Beer 660ml,660ml,£5.83/L,3.85,,2 for £5.50
Asda Express,Beer & Cider,Beer & Cider,Estrella Damm Premium Lager Beer 660ml,,,0.00,,
Asda Express,Beer & Cider,Lagers,Foster's Australian Lager Beer Can 568ml,2.27L,£2.93/L,6.65,,
Asda Express,Beer & Cider,Lagers,Foster's The Amber Nectar Lager Beer Cans 12 x 440ml,5.28L,£1.91/L,10.09,13.45,£3.36 off
Asda Express,Beer & Cider,Stouts,Guinness Draught Stout Beer 4.1% vol 8x440ml Cans,8pk,£4.26/L,15.00,,
Asda Express,Beer & Cider,Best Sellers 📈,Guinness Draught in a Can 4.2% vol 4 x 440ml Cans,4pk,£4.38/L,7.70,,
Asda Express,Beer & Cider,Lagers,Heineken Original Pure Malt Lager 568ml,4pk,£4.09/L,9.30,,
Asda Express,Beer & Cider,Lagers,Heineken Original Pure Malt Lager 650ml,650ml,£5.92/L,3.85,,2 for £5.50
Asda Express,Beer & Cider,Beer & Cider,Heineken Original Pure Malt Lager 650ml,,,0.00,,
Asda Express,Beer & Cider,Lagers,Heineken Pure Malt Lager 10 x 440ml,10pk,£3.43/L,15.10,,
Asda Express,Beer & Cider,Non & Low Alcohol,Heineken Pure Malt Lager 6 x 330ml,6pk,£3.46/L,6.85,,
Asda Express,Beer & Cider,Cider,Henry Westons Vintage Cider 4 x 500ml,2L,£4.75/L,9.50,,
Asda Express,Beer & Cider,Cider,Henry Westons Vintage Cider 500ml,500ml,£6.70/L,3.35,,2 for £5.50
Asda Express,Beer & Cider,Beer & Cider,Henry Westons Vintage Cider 500ml,,,0.00,,
Asda Express,Beer & Cider,Lagers,Holsten Pils 4 x 568ml,2.27L,£3.61/L,8.20,,
Asda Express,Beer & Cider,Cider,Inch's Medium Apple Cider Can 4x440ml,4pk,£3.89/L,6.85,,
Asda Express,Beer & Cider,Non & Low Alcohol,Kopparberg Alcohol-Free Premium Cider with Strawberry & Lime 4 x 330ml,4pk,£3.98/L,5.25,,
Asda Express,Beer & Cider,Cider,Kopparberg Premium Cider With Strawberry & Lime 500ml,500ml,£7.20/L,3.60,,
Asda Express,Beer & Cider,Beer & Cider,Kopparberg Premium Cider With Strawberry & Lime 500ml,,,0.00,,
Asda Express,Beer & Cider,Cider,Kopparberg Premium Cider with Mixed Fruit 4 x 330ml,4pk,£5.61/L,7.40,,
Asda Express,Beer & Cider,Cider,Kopparberg Premium Cider with Strawberry & Lime 10 x 330ml,10pk,£4.85/L,16.00,,
Asda Express,Beer & Cider,Cider,Kopparberg Premium Cider with Strawberry & Lime 4 x 330ml,4pk,£5.61/L,7.40,,
Asda Express,Beer & Cider,Lagers,Kronenbourg 1664 10 x 440ml,10pk,£3.06/L,13.45,,
Asda Express,Beer & Cider,Lagers,Madri Excepctional Lager 4 x 440ml,4pk,£4.94/L,8.70,,
Asda Express,Beer & Cider,Lagers,Madri Excepctional Lager 660ml,660ml,£6.06/L,4.00,,2 for £5.50
Asda Express,Beer & Cider,Beer & Cider,Madri Excepctional Lager 660ml,,,0.00,,
Asda Express,Beer & Cider,Lagers,Mahou Beer 4 x 440ml,4pk,£4.55/L,8.00,,
Asda Express,Beer & Cider,Beer & Cider,McEwan's Champion Premium Beer 500ml,,,0.00,,
Asda Express,Beer & Cider,Lagers,Modelo Especial 620ml,620ml,£8.06/L,5.00,,
Asda Express,Beer & Cider,Lagers,Modelo Especial Beer 4 x 355ml,1.42L,£5.23/L,7.42,8.25,£0.83 off
Asda Express,Beer & Cider,Stouts,Murphy's Draught Irish Stout Cans 4 x 440ml,1.76L,£4.20/L,7.40,,
Asda Express,Beer & Cider,Beer & Cider,Newcastle Brown Ale 550ml Bottle,,,0.00,,
Asda Express,Beer & Cider,Stouts,Nightjar British Stout Smooth 4 x 440ml,1.76L,£5.20/L,9.15,,
Asda Express,Beer & Cider,Lagers,Peroni Nastro Azzurro 10 x 330ml,10pk,£4.86/L,16.05,,
Asda Express,Beer & Cider,Lagers,Peroni Nastro Azzurro Cans 4 x 440ml,4pk,£4.77/L,8.40,10.65,£2.25 off
Asda Express,Beer & Cider,Lagers,Peroni Nastro Azzurro Lager Beer Bottle 4 x 330ml,4pk,£7.54/L,9.95,,
Asda Express,Beer & Cider,Lagers,Peroni Nastro Azzurro Lager Beer Bottle 620ml,620ml,£7.02/L,4.35,,2 for £5.50
Asda Express,Beer & Cider,Beer & Cider,Peroni Nastro Azzurro Lager Beer Bottle 620ml,,,0.00,,
Asda Express,Beer & Cider,Lagers,Red Stripe Jamaican Lager Beer 4 x 568ml,2.27L,£4.21/L,9.55,,
Asda Express,Beer & Cider,Lagers,San Miguel Especial 620ml,620ml,£4.92/L,3.05,,2 for £5.50
Asda Express,Beer & Cider,Beer & Cider,San Miguel Especial 620ml,,,0.00,,
Asda Express,Beer & Cider,Lagers,San Miguel Especial Premium Lager 10 x 440ml,10pk,£4.23/L,18.60,,
Asda Express,Beer & Cider,Lagers,San Miguel Especial Premium Lager 12 x 330ml,12pk,£4.71/L,18.65,,
Asda Express,Beer & Cider,Lagers,Stella Artois Belgium Premium Lager Beer 660ml,660ml,£5.76/L,3.80,,2 for £5.50
Asda Express,Beer & Cider,Beer & Cider,Stella Artois Belgium Premium Lager Beer 660ml,,,0.00,,
Asda Express,Beer & Cider,Cider,Strongbow Dark Fruit Cider 440ml,4pk,£3.98/L,7.00,,
Asda Express,Beer & Cider,Cider,Strongbow Original Apple Cider Can 4.5% ABV 4 x 440ml,4pk,£3.61/L,6.35,,
Asda Express,Beer & Cider,Cider,Thatchers Blood Orange Cider Cans 4 x 440ml,4pk,£4.46/L,7.85,,
Asda Express,Beer & Cider,Cider,Thatchers Gold Cider 4 x 440ml,4pk,£3.89/L,6.85,,
Asda Express,Beer & Cider,Cider,Thatchers Haze Cider 4 x 440ml,4pk,£3.89/L,6.85,,
Asda Express,Beer & Cider,Cider,Thatchers Katy Somerset Cider 500ml,500ml,£7.00/L,3.50,,2 for £5.50
Asda Express,Beer & Cider,Beer & Cider,Thatchers Katy Somerset Cider 500ml,,,0.00,,
Asda Express,Beer & Cider,Cider,Thatchers Vintage Founder's Cider 500ml,500ml,£7.40/L,3.70,,2 for £5.50
Asda Express,Beer & Cider,Beer & Cider,Thatchers Vintage Founder's Cider 500ml,,,0.00,,
Asda Express,Beer & Cider,Non & Low Alcohol,Thatchers Zero 0.0% Alcohol Free Cider 500ml,500ml,£5.60/L,2.80,,
Asda Express,Beer & Cider,Beer & Cider,Theakston Old Peculier 500ml,,,0.00,,
Asda Express,Beer & Cider,Beer & Cider,Tooth & Claw Cat Amongst Tropical IPA 440ml,,,0.00,,
Asda Express,Beer & Cider,Beer & Cider,Tribute Pale Ale 500ml,,,0.00,,
Asda Express,Beer & Cider,Other Beers,Vocation Brewery Special Edition Death by Cherries Fruit Sour 440ml,440ml,£10.11/L,4.45,,2 for £5.50
Asda Express,Beer & Cider,Beer & Cider,Vocation Brewery Special Edition Death by Cherries Fruit Sour 440ml,,,0.00,,
Asda Express,Beer & Cider,Cider,Westons Stowford Press Sweet Apple Orchard Cider 4 x 440ml,1.76L,£3.13/L,5.50,,
Asda Express,Beer & Cider,Lagers,San Miguel Especial Premium Lager 4 x 568ml,4pk,£4.36/L,9.90,,
Asda Express,Beer & Cider,Lagers,Stella Artois Belgium Premium Lager 4 x 568ml,4pk,£4.07/L,9.25,,
Asda Express,Beer & Cider,Lagers,Stella Artois Belgium Premium Lager Beer 12 x 330ml,12pk,£4.22/L,16.70,,
Asda Express,Beer & Cider,Lagers,Stella Artois Premium Lager Beer 12 x 440ml,12pk,£3.26/L,17.20,,
Asda Express,Beer & Cider,Lagers,Stella Artois Unfiltered 4 x 440ml,4pk,£4.69/L,8.25,,
Asda Express,Cereal & Cereal Bars,Cereal,Asda Corn Flakes 500g,500g,£3.40/kg,1.70,,
Asda Express,Cereal & Cereal Bars,Cereal,Kellogg's 8 Variety Packs 196g,196g,£18.88/kg,3.70,,
Asda Express,Cereal & Cereal Bars,Cereal,Kellogg's Coco Pops 420g,420g,£10.83/kg,4.55,,
Asda Express,Cereal & Cereal Bars,Cereal,Kellogg's Crunchy Nut 460g,460g,£9.89/kg,4.55,,
Asda Express,Cereal & Cereal Bars,Cereal,Kellogg's Rice Krispies 430g,430g,£10.58/kg,4.55,,
Asda Express,Cereal & Cereal Bars,Cereal,Shredded Wheat 24 Original Biscuits,24pk,£0.17 each,4.05,,
Asda Express,Cereal & Cereal Bars,Cereal,Shreddies The Original 630g,630g,£6.90/kg,4.35,,
Asda Express,Cereal & Cereal Bars,Cereal,Special K The Original 440g,440g,£10.91/kg,4.80,,
Asda Express,Cereal & Cereal Bars,"Granola, Muesli & Oats",Alpen Original Muesli Recipe 550g,550g,£6.82/kg,3.75,,
Asda Express,Cereal & Cereal Bars,Cereal Bars,Asda 6 Strawberry Fruit & Grain Bars 6 x 37g (222g),222g,£6.98/kg,1.55,,
Asda Express,Cereal & Cereal Bars,Cereal Bars,Asda Apple Fruit & Grain Bars 6 x 37g (222g),222g,£6.98/kg,1.55,,
Asda Express,Cereal & Cereal Bars,Cereal Bars,Asda Blueberry Fruit & Grain Bars 6 x 37g (222g),220g,£6.82/kg,1.50,,
Asda Express,Cereal & Cereal Bars,Cereal Bars,Belvita Breakfast Cocoa With Choco Chip Biscuits-breakfast 225g,225g,£6.89/kg,1.55,,
Asda Express,Cereal & Cereal Bars,Cereal Bars,Belvita Cereals And Milk Biscuits-breakfast 225g,225g,£6.89/kg,1.55,,
Asda Express,Cereal & Cereal Bars,Cereal Bars,"Cadbury Brunch Oats Raisin Chocolate Cereal Bars, 4 Pack Multipack 112g (4 x 28g)",112g,£16.96/kg,1.90,,
Asda Express,Cereal & Cereal Bars,Cereal Bars,Eat Natural Almond & Apricot with a Yoghurt Coating Fruit & Nut Bars 40g,40g,£45.00/kg,1.80,,
Asda Express,Cereal & Cereal Bars,Cereal Bars,Eat Natural Protein Peanuts & Dark Chocolate Fruit & Nut Bars 40g,40g,£45.00/kg,1.80,,
Asda Express,Cereal & Cereal Bars,"Granola, Muesli & Oats",FUEL10K High Protein Golden Syrup Porridge Pot 70g,70g,£22.86/kg,1.60,,
Asda Express,Cereal & Cereal Bars,"Granola, Muesli & Oats",FUEL10K High Protein Salted Caramel Porridge Pot 70g,70g,£22.86/kg,1.60,,
Asda Express,Cereal & Cereal Bars,Cereal Bars,Kellogg's Rice Krispies Squares Gooey Marshmallow Bars 4 x 28g (112g),112g,£20.45/kg,2.29,3.05,£0.76 off
Asda Express,Cereal & Cereal Bars,"Granola, Muesli & Oats",Kellogg's Special K Red Berries 330g,330g,£13.79/kg,4.55,,
Asda Express,Cereal & Cereal Bars,Cereal Bars,Nakd Big Bar Blueberry Muffin 45g,45g,£34.44/kg,1.55,,
Asda Express,Cereal & Cereal Bars,Cereal Bars,Nakd Big Bar Cocoa Orange 45g,45g,£34.44/kg,1.55,,
Asda Express,Cereal & Cereal Bars,Cereal Bars,Nakd Peanut Butter Protein Bar 45g,45g,£34.44/kg,1.55,,
Asda Express,Cereal & Cereal Bars,"Granola, Muesli & Oats",Quaker Oat Original Porridge Pot 45g,45g,£34.44/kg,1.55,,
Asda Express,Cereal & Cereal Bars,"Granola, Muesli & Oats",Quaker Oat So Simple Apple & Blueberry Porridge Pot 57g,57g,£27.19/kg,1.55,,
Asda Express,Cereal & Cereal Bars,"Granola, Muesli & Oats",Quaker Oat So Simple Golden Syrup Porridge Pot 57g,57g,£27.19/kg,1.55,,
Asda Express,Cereal & Cereal Bars,"Granola, Muesli & Oats",Quaker Oat So Simple Original Porridge Sachets 10x27g,270g,£17.22/kg,4.65,,
Asda Express,Cereal & Cereal Bars,"Granola, Muesli & Oats",Quaker Rolled Porridge Oats 500g,500g,£4.20/kg,2.10,,
Asda Express,Cereal & Cereal Bars,Cereal Bars,Weetabix Cereal 12 Pack,12pk,£0.21 each,2.55,,
Asda Express,Cereal & Cereal Bars,Cereal Bars,Weetabix Cereal 24 Pack,24pk,£0.19 each,4.55,,
Asda Express,Cheese,Best Sellers 📈,Dairylea Lunchers Ham And Cheese Convenience Meals 65g,65g,£21.85/kg,1.42,1.90,£0.48 off
Asda Express,Cheese,Cheddar,Cathedral City Mature Cheddar 350g,350g,£12.71/kg,4.45,,
Asda Express,Cheese,Speciality & Other Cheese,Asda Just Essentials Red Leicester 400g,400g,£8.75/kg,3.50,,
Asda Express,Cheese,Mozzarella & Burrata,Asda Rich Cheese Sauce 350g,350g,£7.43/kg,2.60,,
Asda Express,Cheese,Grated & Sliced Cheese,Asda Sliced Mature British Cheddar 10 Slices 250g,250g,£13.40/kg,3.35,,2 for £5.45
Asda Express,Cheese,Grated & Sliced Cheese,Asda Sliced Mild British Cheddar 10 Slices 250g,250g,£12.60/kg,3.15,,2 for £5.45
Asda Express,Cheese,Cheese Snacks,Babybel Mini Original Cheese 2 x 20g (40g),40g,£41.25/kg,1.65,,
Asda Express,Cheese,Grated & Sliced Cheese,Dairylea Cheese Slices 8 x 18.75g (150g),150g,£11.00/kg,1.65,2.20,£0.55 off
Asda Express,Cheese,Cheese Snacks,Dairylea Dunkers Jumbo Tubes 3 x 41g (123g),120g,£17.83/kg,2.14,2.85,£0.71 off
Asda Express,Cheese,Cheese Snacks,Dairylea Dunkers Jumbo Tubes Cheese Snacks 41g,41g,£30.49/kg,1.25,1.65,£0.40 off
Asda Express,Cheese,Spreadable Cheese,Philadelphia Plain Cream Cheese-soft 165g,165g,£12.97/kg,2.14,2.85,£0.71 off
Asda Express,Cheese,Cheese Snacks,Strings & Things Cheestrings 8 x 20g (160g),160g,£22.81/kg,3.65,,
Asda Express,Cheese,Cheese Snacks,Strings & Things Cheestrings Twin Pack 20g,40g,£31.25/kg,1.25,1.65,£0.40 off
Asda Express,Chocolate & Sweets,Best Sellers 📈,Cadbury Crunchie Rocks Chocolate 100g,100g,£26.50/kg,2.65,,
Asda Express,Chocolate & Sweets,Chewing Gum & Mints,Airwaves Menthol & Eucalyptus Sugarfree Chewing Gum Bottle 46 Pieces 64g,64g,£49.22/kg,3.15,,
Asda Express,Chocolate & Sweets,Chewing Gum & Mints,Mentos Mint Chewy Dragees 38g,38g,£22.37/kg,0.85,1.10,£0.25 off
Asda Express,Chocolate & Sweets,Chewing Gum & Mints,Polo Original 34g,34g,£35.29/kg,1.20,,
Asda Express,Chocolate & Sweets,Chewing Gum & Mints,Smint 150 Sugarfree Peppermint 105g,130g,£24.62/kg,3.20,3.80,£0.60 off
Asda Express,Chocolate & Sweets,Chewing Gum & Mints,Smint Peppermint Sugar Free Mints 8g,8g,£193.75/kg,1.55,,
Asda Express,Chocolate & Sweets,Chewing Gum & Mints,Tic Tac Fresh Mint 18g,18g,£44.44/kg,0.80,,
Asda Express,Chocolate & Sweets,Chewing Gum & Mints,Tic Tac Lime & Orange 18g,18g,£44.44/kg,0.80,,
Asda Express,Chocolate & Sweets,Chewing Gum & Mints,Trebor Natural Mint Flavour Softmints Spearmint 44.9g,44.9g,£21.16/kg,0.95,,
Asda Express,Chocolate & Sweets,Chewing Gum & Mints,Trebor Peppermint Mints 41.3 Gr,41.3g,£23.00/kg,0.95,,
Asda Express,Chocolate & Sweets,Chewing Gum & Mints,Trebor Softmints Peppermint 44.9g,44.9g,£21.16/kg,0.95,,
Asda Express,Chocolate & Sweets,Chewing Gum & Mints,Wrigley's Extra 46 Peppermint 64g,64g,£49.22/kg,3.15,,
Asda Express,Chocolate & Sweets,Chewing Gum & Mints,Wrigley's Extra 46 Spearmint 64g,64g,£49.22/kg,3.15,,
Asda Express,Chocolate & Sweets,Chewing Gum & Mints,Wrigley's Extra Cool Breeze Chewing Gum Sugar Free 10 Pieces 14g,14g,£75.00/kg,1.05,,
Asda Express,Chocolate & Sweets,Chewing Gum & Mints,Wrigley's Extra Peppermint Chewing Gum Sugar Free 10 Pieces 14g,14g,£75.00/kg,1.05,,
Asda Express,Chocolate & Sweets,Chewing Gum & Mints,Wrigley's Extra Spearmint Chewing Gum Sugar Free 10 Pieces 14g,14g,£75.00/kg,1.05,,
Asda Express,Chocolate & Sweets,Chewing Gum & Mints,Wrigley's Extra White Bubblemint Chewing Gum Sugar Free 10 Pieces 14g,14g,£75.00/kg,1.05,,
Asda Express,Chocolate & Sweets,Chocolate Pouches & Bags,Aero Caramel Flavour Bubbles 92g,92g,£27.72/kg,2.55,,
Asda Express,Chocolate & Sweets,Chocolate Pouches & Bags,Aero Delightful Peppermint Bubbles 92g,92g,£27.72/kg,2.55,,
Asda Express,Chocolate & Sweets,Chocolate Bars,Aero Peppermint Bars 4 x 27g (108g),108g,£26.39/kg,2.85,,
Asda Express,Chocolate & Sweets,Chocolate Boxes & Gifts,After Eight Delightfully Minty Dark Chocolate Thins 300g,300g,£17.50/kg,5.25,,
Asda Express,Chocolate & Sweets,Chocolate Bars,Asda Free From Choc Bar 35g,35g,£25.71/kg,0.90,,
Asda Express,Chocolate & Sweets,Chocolate Bars,Bahlsen Pick Up! Milk Chocolate Biscuit Bars Original 5 x 28g (140g),140g,£13.36/kg,1.87,2.50,£0.63 off
Asda Express,Chocolate & Sweets,Sweets,Barratt Flumps 20g,20g,£25.00/kg,0.50,,
Asda Express,Chocolate & Sweets,Sweets,Barratt Sweet Shop Wham Tangy Rockets 120g,120g,£10.83/kg,1.30,,
Asda Express,Chocolate & Sweets,Sweets,Bebeto Freeze Crunchy Freezedried Peach Rings 35g,35g,£72.86/kg,2.55,,
Asda Express,Chocolate & Sweets,Sweets,Bebeto Ocean Blue Gummy & Centre Filled Mix 130g,130g,£10.00/kg,1.30,,
Asda Express,Chocolate & Sweets,Sweets,Bebeto Witches Cauldron 130g,130g,£10.00/kg,1.30,,
Asda Express,Chocolate & Sweets,Sweets,Bebeto Witches Hair Sour Pencils 160g,160g,£8.13/kg,1.30,,
Asda Express,Chocolate & Sweets,Chocolate Bars,Bounty Coconut & Milk Chocolate Snack Bar Duo 57g,57g,£25.44/kg,1.45,,
Asda Express,Chocolate & Sweets,Chocolate Pouches & Bags,Cadbury Caramilk Buttons Chocolate 100g,100g,£26.50/kg,2.65,,
Asda Express,Chocolate & Sweets,Chocolate Bars,Cadbury Crunchie Chocolate Bar 128g,128g,£22.27/kg,2.85,,
Asda Express,Chocolate & Sweets,Chocolate Bars,Cadbury Curlywurly Chocolate Bar 21.5 Gr,22g,£25.00/kg,0.55,,
Asda Express,Chocolate & Sweets,Chocolate Pouches & Bags,Cadbury Dairy Milk Buttons 75g,75g,£18.67/kg,1.40,,
Asda Express,Chocolate & Sweets,Chocolate Pouches & Bags,Cadbury Dairy Milk Buttons Chocolate Pieces 100g,100g,£29.00/kg,2.90,,
Asda Express,Chocolate & Sweets,Chocolate Bars,Cadbury Dairy Milk Caramel Chocolate 148 Gr,150g,£19.00/kg,2.85,,
Asda Express,Chocolate & Sweets,Chocolate Pouches & Bags,Cadbury Dairy Milk Caramel Nibbles Chocolate 100g,100g,£29.00/kg,2.90,,
Asda Express,Chocolate & Sweets,Chocolate Bars,Cadbury Dairy Milk Chocolate 134 Gr,134g,£21.27/kg,2.85,,
Asda Express,Chocolate & Sweets,Chocolate Bars,Cadbury Dairy Milk Chocolate 56 g,56g,£29.46/kg,1.65,,
Asda Express,Chocolate & Sweets,Chocolate Bars,Cadbury Dairy Milk Chocolate Bar 45g,45g,£22.22/kg,1.00,,
Asda Express,Chocolate & Sweets,Chocolate Bars,Cadbury Dairy Milk Chocolate Grab Pack 56 g,56g,£29.46/kg,1.65,,
Asda Express,Chocolate & Sweets,Chocolate Bars,Cadbury Dairy Milk Freddo 18g,18g,£30.56/kg,0.55,,
Asda Express,Chocolate & Sweets,Chocolate Bars,Cadbury Dairy Milk Freddo Caramel Chocolate Bar 19.5g,19.5g,£28.21/kg,0.55,,
Asda Express,Chocolate & Sweets,Chocolate Bars,Cadbury Dairy Milk Little Bar 18g,18g,£30.56/kg,0.55,,
Asda Express,Chocolate & Sweets,Chocolate Boxes & Gifts,Cadbury Milk Tray Chocolate Chocolate 360g,312g,£28.21/kg,8.80,,
Asda Express,Chocolate & Sweets,Chocolate Bars,Cadbury Starbar Chocolate Bar 4 Pack Multipack (4x37g) 148 g,148g,£16.89/kg,2.50,,
Asda Express,Chocolate & Sweets,Chocolate Bars,Cadbury Starbar Chocolate Bar 49g,49g,£20.41/kg,1.00,,
Asda Express,Chocolate & Sweets,Chocolate Bars,Cadbury Starbar Chocolate Bar 74g,74g,£22.30/kg,1.65,,
Asda Express,Chocolate & Sweets,Chocolate Bars,Cadbury Twirl Bars 3 x 43g (129g),129g,£22.09/kg,2.85,,
Asda Express,Chocolate & Sweets,Chocolate Bars,Cadbury Twirl Chocolate Bar 43g,43g,£27.91/kg,1.20,,
Asda Express,Chocolate & Sweets,Chocolate Bars,Cadbury Twirl Milk Chocolate Chocolate Bar 54 Gr,54g,£30.56/kg,1.65,,
Asda Express,Chocolate & Sweets,Chocolate Pouches & Bags,Cadbury Wispa Chocolate 100g,100g,£29.00/kg,2.90,,
Asda Express,Chocolate & Sweets,Chocolate Bars,Cadbury Wispa Chocolate Bar 36 Gr,36g,£34.72/kg,1.25,,
Asda Express,Chocolate & Sweets,Chocolate Bars,Cadbury Wispa Gold Chocolate Bar 48g,48g,£20.83/kg,1.00,,
Asda Express,Chocolate & Sweets,Sweets,Candy Kittens Wild Strawberry Gourmet Sweets 140g,140g,£22.50/kg,3.15,,
Asda Express,Chocolate & Sweets,Chocolate Boxes & Gifts,Celebrations Milk Chocolate Sharing Tub 500g,500g,£18.00/kg,9.00,,
Asda Express,Chocolate & Sweets,Sweets,DRUMSTICK Original Raspberry and Milk Flavour 43g,43g,£12.79/kg,0.55,,
Asda Express,Chocolate & Sweets,Chocolate Boxes & Gifts,Ferrero Rocher Gift Box of Chocolate 24 Pieces (300g),300g,£44.00/kg,13.20,,
Asda Express,Chocolate & Sweets,Chocolate Pouches & Bags,Flipz Cinnamon Bun Flavour Coated Pretzels 90g,90g,£21.11/kg,1.90,,
Asda Express,Chocolate & Sweets,Chocolate Pouches & Bags,Flipz Milk Chocolate Coated Pretzels 90g,90g,£20.56/kg,1.85,,
Asda Express,Chocolate & Sweets,Sweets,Fox's Glacier Fruits 200g,200g,£9.75/kg,1.95,,
Asda Express,Chocolate & Sweets,Chocolate Pouches & Bags,Galaxy Minstrels Milk Chocolate Buttons Pouch Bag 118g,118g,£20.34/kg,2.40,,
Asda Express,Chocolate & Sweets,Sweets,HARIBO Giant Strawbs 175g,175g,£9.43/kg,1.65,,
Asda Express,Chocolate & Sweets,Sweets,HARIBO Share the Happy Multipack Bag 352g,352g,£11.36/kg,4.00,,
Asda Express,Chocolate & Sweets,Sweets,HARIBO Starmix 175g,175g,£9.14/kg,1.60,,
Asda Express,Chocolate & Sweets,Sweets,HARIBO Starmix Multipack Bag 352g,352g,£10.80/kg,3.80,,
Asda Express,Chocolate & Sweets,Sweets,HARIBO Tangfastics Bag 175g,175g,£9.14/kg,1.60,,
Asda Express,Chocolate & Sweets,Sweets,Haribo Supermix 175g,175g,£9.14/kg,1.60,,
Asda Express,Chocolate & Sweets,Chocolate Bars,Kinder Bueno Milk Chocolate and Hazelnuts Single Bar 2 Finger x 21.5g (43g),43g,£32.56/kg,1.40,,
Asda Express,Chocolate & Sweets,Chocolate Bars,Kinder Bueno White Milk and Hazelnuts 39g,39g,£35.90/kg,1.40,,
Asda Express,Chocolate & Sweets,Chocolate Boxes & Gifts,Kinder Surprise 20g,20g,£77.50/kg,1.55,,
Asda Express,Chocolate & Sweets,Chocolate Bars,KitKat 41.5g,41.5g,£28.92/kg,1.20,,
Asda Express,Chocolate & Sweets,Chocolate Bars,KitKat Chunky 40g,40g,£28.75/kg,1.15,,
Asda Express,Chocolate & Sweets,Chocolate Bars,KitKat Finger Original Bars 8 x 20.7g (165.6g),168g,£12.26/kg,2.06,2.75,£0.69 off
Asda Express,Chocolate & Sweets,Chocolate Boxes & Gifts,Lindt Lindor Assorted Chocolate Truffles Box 337g,337g,£44.66/kg,15.05,,
Asda Express,Chocolate & Sweets,Chocolate Bars,Lindt Lindor Milk Chocolate Treat Bar 38g,38g,£43.42/kg,1.65,,
Asda Express,Chocolate & Sweets,Chocolate Boxes & Gifts,Lindt Lindor Milk Chocolate Truffles Box 337g,337g,£44.66/kg,15.05,,
Asda Express,Chocolate & Sweets,Chocolate Bars,Lion 50g,50g,£23.00/kg,1.15,,
Asda Express,Chocolate & Sweets,Chocolate Pouches & Bags,M&M's Peanut Chocolate Pouch Bag 112g,112g,£23.21/kg,2.60,,
Asda Express,Chocolate & Sweets,Sweets,MAOAM Joystixx 140g,140g,£8.29/kg,1.16,1.55,£0.39 off
Asda Express,Chocolate & Sweets,Sweets,MAOAM Stripes 140g,140g,£8.29/kg,1.16,1.55,£0.39 off
Asda Express,Chocolate & Sweets,Chocolate Pouches & Bags,Maltesers 37g,37g,£31.08/kg,1.15,,
Asda Express,Chocolate & Sweets,Chocolate Boxes & Gifts,Maltesers Fairtrade Box 110g,110g,£34.55/kg,3.80,,
Asda Express,Chocolate & Sweets,Chocolate Pouches & Bags,Maltesers Milk Chocolate & Honeycomb Bites Bag 93g,93g,£25.81/kg,2.40,,
Asda Express,Chocolate & Sweets,Chocolate Bars,Mars Caramel Multipack Chocolate Bars 4 x 40g,160g,£15.31/kg,2.45,,
Asda Express,Chocolate & Sweets,Chocolate Bars,Mars Caramel Multipack Chocolate Bars 8 x 34.5g,276g,£14.67/kg,4.05,,
Asda Express,Chocolate & Sweets,Chocolate Bars,Mars Duo Caramel & Milk Chocolate Bar 69g,69g,£27.54/kg,1.90,,
Asda Express,Chocolate & Sweets,Sweets,Maynards Bassetts Sports Mix Candy 130g,130g,£15.00/kg,1.95,,
Asda Express,Chocolate & Sweets,Chocolate Bars,McVitie's Club Orange Bars 7 x 22g (154g),161g,£11.80/kg,1.90,,
Asda Express,Chocolate & Sweets,Chocolate Pouches & Bags,Milky Way Magic Stars 100g,100g,£24.00/kg,2.40,,
Asda Express,Chocolate & Sweets,Chocolate Pouches & Bags,Milkybar White Chocolate Giant Buttons Sharing Bag 94g,94g,£27.13/kg,2.55,,
Asda Express,Chocolate & Sweets,Sweets,Millions Japanese Sour Flavour Squishies 130g,130g,£10.00/kg,1.30,,
Asda Express,Chocolate & Sweets,Chocolate Pouches & Bags,Munchies Milk Chocolate & Caramel Sharing Pouch 104g,104g,£24.52/kg,2.55,,
Asda Express,Chocolate & Sweets,Chocolate Bars,Polo Sugar Free 33.4g,34g,£23.53/kg,0.80,,
Asda Express,Chocolate & Sweets,Chocolate Pouches & Bags,"Revels Milk Chocolate with Raisins, Coffee & Orange Bites Pouch Bag 101g",101g,£23.76/kg,2.40,,
Asda Express,Chocolate & Sweets,Sweets,Rowntree's Fruit Gums 150g,150g,£13.00/kg,1.95,,
Asda Express,Chocolate & Sweets,Sweets,Rowntree's Fruit Pastilles 48g,48g,£18.75/kg,0.90,,
Asda Express,Chocolate & Sweets,Sweets,Rowntree's Fruit Pastilles Vegan Friendly Sweets Sharing Bag 143g,143g,£14.34/kg,2.05,,
Asda Express,Chocolate & Sweets,Sweets,Rowntree's Jelly Tots Sweets Sharing Bag 150g,150g,£13.00/kg,1.95,,
Asda Express,Chocolate & Sweets,Sweets,Rowntree's Randoms Sweets Sharing Bag 150g,150g,£10.67/kg,1.60,,
Asda Express,Chocolate & Sweets,Sweets,Skittles Fruits 136g,136g,£10.29/kg,1.40,,
Asda Express,Chocolate & Sweets,Chocolate Pouches & Bags,Smarties Hexatube 38g,38g,£31.58/kg,1.20,,
Asda Express,Chocolate & Sweets,Chocolate Bars,Snickers Bars 4 x 41.7g (166.8g),166.8g,£16.49/kg,2.75,,
Asda Express,Chocolate & Sweets,Chocolate Bars,Snickers Creamy Peanut Butter 2 x18.25g (146g),146g,£18.84/kg,2.75,,
Asda Express,Chocolate & Sweets,Chocolate Bars,Snickers Duo Peanut & Caramel Chocolate Bar 69g,69g,£27.54/kg,1.90,,
Asda Express,Chocolate & Sweets,Chocolate Bars,Snickers Peanut & Caramel Chocolate Bar 40g,40g,£35.00/kg,1.40,,
Asda Express,Chocolate & Sweets,Sweets,Sour Patch Kids Blue Raspberry Candy 120g,120g,£14.58/kg,1.75,2.15,£0.40 off
Asda Express,Chocolate & Sweets,Sweets,Sour Patch Kids Fruit Mix Candy 120g,120g,£16.25/kg,1.95,,
Asda Express,Chocolate & Sweets,Sweets,Sour Patch Kids Original Candy 120g,120g,£14.58/kg,1.75,2.15,£0.40 off
Asda Express,Chocolate & Sweets,Sweets,Sour Patch Kids Peach Candy 120g,120g,£13.75/kg,1.65,,
Asda Express,Chocolate & Sweets,Sweets,Sour Patch Kids Tropical Candy 120g,120g,£15.00/kg,1.80,,
Asda Express,Chocolate & Sweets,Sweets,Sour Patch Kids Watermelon Candy 120g,120g,£14.58/kg,1.75,2.15,£0.40 off
Asda Express,Chocolate & Sweets,Sweets,Starburst Fruit Chews Original 138g,138g,£10.14/kg,1.40,,
Asda Express,Chocolate & Sweets,Sweets,Swizzels An Assortment of Family Favourite Sweets 650g,650g,£8.69/kg,5.65,,
Asda Express,Chocolate & Sweets,Sweets,Swizzels Curious Chews,171g,£7.60/kg,1.30,,
Asda Express,Chocolate & Sweets,Sweets,Swizzels Love Hearts 39g,39g,£11.54/kg,0.45,,
Asda Express,Chocolate & Sweets,Sweets,Swizzels Luscious Lollies,176g,£7.39/kg,1.30,,
Asda Express,Chocolate & Sweets,Sweets,Swizzels Sour Fruit Flavours Squashies 100g,100g,£14.00/kg,1.40,,
Asda Express,Chocolate & Sweets,Sweets,Swizzels Squashies Drumstick Original Raspberry & Milk Flavour 140g,140g,£9.29/kg,1.30,,
Asda Express,Chocolate & Sweets,Sweets,Swizzels Squashies Drumstick Strawberry & Cream Flavour 140g,140g,£9.29/kg,1.30,,
Asda Express,Chocolate & Sweets,Sweets,Swizzels Tropical Fruit Flavours Squashies 100g,100g,£14.00/kg,1.40,,
Asda Express,Chocolate & Sweets,Chocolate Bars,TUNNOCK'S Caramel Wafer Biscuits 8 x 30g,8pk,£0.36 each,2.85,,
Asda Express,Chocolate & Sweets,Chocolate Boxes & Gifts,Terry's Chocolate Orange 145g,145g,£17.59/kg,2.55,,
Asda Express,Chocolate & Sweets,Chocolate Bars,Toblerone Milk Chocolate Bar 340g,340g,£22.21/kg,7.55,,
Asda Express,Chocolate & Sweets,Chocolate Boxes & Gifts,Toffifee 15 Pieces 125g,125g,£15.20/kg,1.90,,
Asda Express,Chocolate & Sweets,Chocolate Bars,Twix Caramel & Milk Chocolate Fingers Biscuit Snack Bar 50g,50g,£21.00/kg,1.05,,
Asda Express,Chocolate & Sweets,Chocolate Bars,Twix Caramel & Milk Chocolate Fingers Biscuit Snack Bars Multipack 9x20g,180g,£13.72/kg,2.47,3.30,£0.83 off
Asda Express,Chocolate & Sweets,Chocolate Bars,Twix Hazelnut Multipack Chocolate Bars 4 x 46g,184g,£13.04/kg,2.40,,
Asda Express,Chocolate & Sweets,Chocolate Bars,Twix Xtra Milk Chocolate Biscuit Twin Bars 75g,75g,£23.33/kg,1.75,,
Asda Express,Chocolate & Sweets,Sweets,Werther's Original Butter Candies 135g,135g,£11.85/kg,1.60,,
Asda Express,Cooking Sauces & Ingredients,Herbs & Spices,Asda Cook Basil 14g,14g,£89.29/kg,1.25,,
Asda Express,Cooking Sauces & Ingredients,Herbs & Spices,Asda Cook Hot Chilli Powder 44g,44g,£28.41/kg,1.25,,
Asda Express,Cooking Sauces & Ingredients,Herbs & Spices,Asda Cook Mixed Herbs 12g,12g,£104.17/kg,1.25,,
Asda Express,Cooking Sauces & Ingredients,Herbs & Spices,Asda Cook Whole Black Peppercorn Grinder 50g,50g,£71.00/kg,3.55,,
Asda Express,Cooking Sauces & Ingredients,"Pastes, Purees & Mixes",Asda Creamy Tomato Pasta Bake 500g,500g,£2.20/kg,1.10,,
Asda Express,Cooking Sauces & Ingredients,Oil & Vinegar,Asda Extra Virgin Olive Oil 250ml,250ml,£15.80/L,3.95,,
Asda Express,Cooking Sauces & Ingredients,"Pastes, Purees & Mixes",Asda Smoky Carbonara Sauce 350g,350g,£7.43/kg,2.60,,
Asda Express,Cooking Sauces & Ingredients,Oil & Vinegar,Asda Vegetable Oil 1 Litre,1L,£2.50/L,2.50,,
Asda Express,Cooking Sauces & Ingredients,Other Cooking Ingredients,BAKE by ASDA Lemon Juice from Concentrate 250ml,250ml,£4.20/L,1.05,,
Asda Express,Cooking Sauces & Ingredients,Gravy & Stocks,Bisto Gravy Granules 190g,190g,£19.47/kg,3.70,,
Asda Express,Cooking Sauces & Ingredients,Other Cooking Ingredients,Blue Dragon Chow Mein Stir Fry Sauce 120g,120g,£10.00/kg,1.20,,
Asda Express,Cooking Sauces & Ingredients,Other Cooking Ingredients,Blue Dragon Sticky Teriyaki Stir Fry Sauce 120g,120g,£10.00/kg,1.20,,
Asda Express,Cooking Sauces & Ingredients,"Pastes, Purees & Mixes",Dolmio Stir In Sun Dried Tomato Pasta Sauce 150g,150g,£16.67/kg,2.50,,
Asda Express,Cooking Sauces & Ingredients,"Pastes, Purees & Mixes",Heinz Sun-Ripened Cherry Tomato And Basil Pasta Sauce 350G,350g,£6.86/kg,2.40,,
Asda Express,Cooking Sauces & Ingredients,"Pastes, Purees & Mixes",Heinz Tomato Grana Padano Mascarpone Pasta Sauce 350G,350g,£5.71/kg,2.00,,
Asda Express,Cooking Sauces & Ingredients,Gravy & Stocks,OXO 12 Vegetable Stock Cubes 71g,71g,£43.66/kg,3.10,,
Asda Express,Cooking Sauces & Ingredients,Gravy & Stocks,OXO Beef Stock Cubes 12,70g,£44.29/kg,3.10,,
Asda Express,Cooking Sauces & Ingredients,"Pastes, Purees & Mixes",Old El Paso Cheesy Baked Enchilada Kit 663g,663g,£7.09/kg,4.70,,
Asda Express,Cooking Sauces & Ingredients,"Pastes, Purees & Mixes",Old El Paso Original Cheesy Baked Nacho Kit 505g,505g,£9.31/kg,4.70,,
Asda Express,Cooking Sauces & Ingredients,"Pastes, Purees & Mixes",Old El Paso Smoky BBQ Fajita Kit 500g,500g,£9.40/kg,4.70,,
Asda Express,Cooking Sauces & Ingredients,"Pastes, Purees & Mixes",Patak's The Original Jalfrezi Cooking Sauce 450g,450g,£6.56/kg,2.95,,2 for £5
Asda Express,Cooking Sauces & Ingredients,"Pastes, Purees & Mixes",Patak's The Original Korma Cooking Sauce 450g,450g,£6.56/kg,2.95,,2 for £5
Asda Express,Cooking Sauces & Ingredients,"Pastes, Purees & Mixes",Patak's the Original Tikka Masala Cooking Sauce 450g,450g,£6.56/kg,2.95,,2 for £5
Asda Express,Cooking Sauces & Ingredients,"Pastes, Purees & Mixes",Paxo Sage & Onion Stuffing Mix 85g,85g,£20.59/kg,1.75,,
Asda Express,Cooking Sauces & Ingredients,"Pastes, Purees & Mixes",Sacla' Pesto Classic Basil 190g,190g,£22.11/kg,4.20,,
Asda Express,Cooking Sauces & Ingredients,Oil & Vinegar,Sarson's Malt Vinegar 250ml,250ml,£5.80/L,1.45,,
Asda Express,Cooking Sauces & Ingredients,Other Cooking Ingredients,Sharwood's Chinese Curry Sauce 425g,425g,£7.76/kg,3.30,,
Asda Express,Cooking Sauces & Ingredients,"Pastes, Purees & Mixes",Sharwood's Cooking Sauce Balti 420g,420g,£7.86/kg,3.30,,2 for £5
Asda Express,Cooking Sauces & Ingredients,"Pastes, Purees & Mixes",Sharwood's Madras Cooking Sauce 420g,420g,£7.86/kg,3.30,,
Asda Express,"Crisps, Snacks, Biscuits",Best Sellers 📈,Asda Milk Chocolate Digestives 300g,300g,£5.00/kg,1.50,,
Asda Express,"Crisps, Snacks, Biscuits",Best Sellers 📈,Cadbury Fingers Milk Chocolate Biscuits 114 Gr,114g,£24.56/kg,2.80,,
Asda Express,"Crisps, Snacks, Biscuits",Best Sellers 📈,Jammie Dodgers Raspberry Flavour 140g,140g,£7.50/kg,1.05,,
Asda Express,"Crisps, Snacks, Biscuits",Biscuits,Asda Bourbon Biscuits 300g,300g,£3.00/kg,0.90,,
Asda Express,"Crisps, Snacks, Biscuits",Biscuits,Asda Custard Creams 400g,400g,£2.63/kg,1.05,,
Asda Express,"Crisps, Snacks, Biscuits",Biscuits,Asda Malted Milk Biscuits 200g,200g,£3.25/kg,0.65,,
Asda Express,"Crisps, Snacks, Biscuits",Biscuits,Asda Milk Chocolate Malted Milks 250g,250g,£8.20/kg,2.05,,
Asda Express,"Crisps, Snacks, Biscuits",Biscuits,Cadbury Dairy Milk Fingers Salted Caramel Flavour 114g,114g,£24.56/kg,2.80,,
Asda Express,"Crisps, Snacks, Biscuits",Biscuits,Cadbury Fingers Biscuits 96.5g,96.5g,£19.17/kg,1.85,,
Asda Express,"Crisps, Snacks, Biscuits",Biscuits,Jammie Dodgers Minis Raspberry Flavour 120g (6 x 20g),120g,£11.25/kg,1.35,1.80,£0.45 off
Asda Express,"Crisps, Snacks, Biscuits",Biscuits,Maryland Minis Choc Chip 6 Mini Bags 118.8g,119g,£11.01/kg,1.31,1.75,£0.44 off
Asda Express,"Crisps, Snacks, Biscuits",Biscuits,McVitie's Dark Chocolate Digestive Biscuits 266g,266g,£7.89/kg,2.10,2.80,£0.70 off
Asda Express,"Crisps, Snacks, Biscuits",Biscuits,McVitie's Digestives The Original 360g,360g,£6.53/kg,2.35,,
Asda Express,"Crisps, Snacks, Biscuits",Biscuits,McVitie's Hobnobs Milk Chocolate Biscuits 262g,262g,£8.02/kg,2.10,2.80,£0.70 off
Asda Express,"Crisps, Snacks, Biscuits",Biscuits,McVitie's Iced Gems Multipack Biscuits 5 x 23g,115g,£16.52/kg,1.90,,
Asda Express,"Crisps, Snacks, Biscuits",Biscuits,McVitie's Milk Chocolate Digestive Biscuits 266g,266g,£7.89/kg,2.10,2.80,£0.70 off
Asda Express,"Crisps, Snacks, Biscuits",Biscuits,McVitie's Rich Tea 300g,300g,£7.83/kg,2.35,,
Asda Express,"Crisps, Snacks, Biscuits",Biscuits,Mcvitie's Hobnobs The White Oaty One 232g,232g,£12.07/kg,2.80,,
Asda Express,"Crisps, Snacks, Biscuits",Biscuits,NUTELLA & Go! Hazelnut Spread with Cocoa + Breadsticks 48g,48g,£36.46/kg,1.75,,
Asda Express,"Crisps, Snacks, Biscuits",Biscuits,Wagon Wheels 6 Jammie,6pk,£0.30 each,1.80,,
Asda Express,"Crisps, Snacks, Biscuits",Breadsticks & Savoury Snacks,Asda 8 Poppadoms 64g,8pk,£0.24 each,1.95,,
Asda Express,"Crisps, Snacks, Biscuits",Breadsticks & Savoury Snacks,Asda Milk Chocolate Oatie Crumbles 300g,300g,£6.17/kg,1.85,,
Asda Express,"Crisps, Snacks, Biscuits",Breadsticks & Savoury Snacks,Penn State Baked Pretzels Sour Cream & Chive Flavour 175g,175g,£10.86/kg,1.90,,
Asda Express,"Crisps, Snacks, Biscuits",Crackers,Jacob's Original Mini Cheddars 45g,45g,£32.22/kg,1.45,,
Asda Express,"Crisps, Snacks, Biscuits",Crackers,Jacob's Tuc In Original Twin Pack 2 x 150g,300g,£10.33/kg,3.10,,
Asda Express,"Crisps, Snacks, Biscuits",Sharing Crisps,ASDA BBQ Flavour Staks 165g,165g,£10.00/kg,1.65,,
Asda Express,"Crisps, Snacks, Biscuits",Sharing Crisps,ASDA Bacon Flavour Bites 150g,150g,£10.33/kg,1.55,,
Asda Express,"Crisps, Snacks, Biscuits",Sharing Crisps,ASDA Cheesy Balls 150g,150g,£10.33/kg,1.55,,
Asda Express,"Crisps, Snacks, Biscuits",Sharing Crisps,ASDA Original Staks 165g,165g,£10.00/kg,1.65,,
Asda Express,"Crisps, Snacks, Biscuits",Sharing Crisps,ASDA Salt & Vinegar Flavour Staks 165g,165g,£10.00/kg,1.65,,
Asda Express,"Crisps, Snacks, Biscuits",Sharing Crisps,ASDA Sour Cream & Onion Flavour Staks 165g,165g,£10.00/kg,1.65,,
Asda Express,"Crisps, Snacks, Biscuits",Nuts & Seeds,Asda Almonds 60g,60g,£23.33/kg,1.40,,
Asda Express,"Crisps, Snacks, Biscuits",Nuts & Seeds,Asda Brazil Nuts 60g,60g,£23.33/kg,1.40,,
Asda Express,"Crisps, Snacks, Biscuits",Nuts & Seeds,Asda Cashews 60g,60g,£23.33/kg,1.40,,
Asda Express,"Crisps, Snacks, Biscuits",Sharing Crisps,Asda Onion Rings 150g,150g,£9.00/kg,1.35,,
Asda Express,"Crisps, Snacks, Biscuits",Sharing Crisps,Asda Salt & Vinegar Flavour Party Mix 150g,150g,£13.67/kg,2.05,,
Asda Express,"Crisps, Snacks, Biscuits",Sharing Crisps,Asda Salt & Vinegar Flavour Potato Twists 120g,120g,£13.33/kg,1.60,,
Asda Express,"Crisps, Snacks, Biscuits",Popcorn,Asda Salted Popcorn 80g,80g,£15.63/kg,1.25,,
Asda Express,"Crisps, Snacks, Biscuits",Sharing Crisps,Asda Sour Cream & Onion Flavour Party Mix 150g,150g,£13.67/kg,2.05,,
Asda Express,"Crisps, Snacks, Biscuits",Popcorn,Asda Sweet & Salted Popcorn 100g,100g,£12.50/kg,1.25,,
Asda Express,"Crisps, Snacks, Biscuits",Popcorn,Asda Sweet Popcorn 100g,100g,£13.00/kg,1.30,,
Asda Express,"Crisps, Snacks, Biscuits",Popcorn,Butterkist Crunchy Toffee Popcorn 170g,170g,£14.41/kg,2.45,,
Asda Express,"Crisps, Snacks, Biscuits",Popcorn,Butterkist Sweet & Salty Popcorn 100g,100g,£17.60/kg,1.76,2.35,£0.59 off
Asda Express,"Crisps, Snacks, Biscuits",Popcorn,Butterkist Tasty Sweet Popcorn 100g,100g,£23.50/kg,2.35,,
Asda Express,"Crisps, Snacks, Biscuits",Single Crisps,Cheetos Twisted Sweet & Spicy Grab Bag Crisps 38g,38g,£30.26/kg,1.15,,
Asda Express,"Crisps, Snacks, Biscuits",Sharing Crisps,Discos Salt & Vinegar Flavour 105g,105g,£20.00/kg,2.10,,
Asda Express,"Crisps, Snacks, Biscuits",Single Crisps,Discos Salt & Vinegar Flavour 50g,50g,£31.00/kg,1.55,,
Asda Express,"Crisps, Snacks, Biscuits",Single Crisps,Doritos Cool Original Crisps Grab Bag Tortilla Chips 44g,44g,£31.82/kg,1.40,,
Asda Express,"Crisps, Snacks, Biscuits",Tortilla Chips,Doritos Cool Original Tortilla Chips Sharing Bag Crisps 180g,180g,£12.89/kg,2.32,3.10,£0.78 off
Asda Express,"Crisps, Snacks, Biscuits",Tortilla Chips,Doritos Tangy Cheese Crisps Grab Bag Tortilla Chips 44g,44g,£31.82/kg,1.40,,
Asda Express,"Crisps, Snacks, Biscuits",Tortilla Chips,Doritos Tangy Cheese Tortilla Chips Sharing Bag Crisps 180g,180g,£12.89/kg,2.32,3.10,£0.78 off
Asda Express,"Crisps, Snacks, Biscuits",Meat Snacks,Fridge Raiders Frank's Red Hot 45g,45g,£35.56/kg,1.60,,
Asda Express,"Crisps, Snacks, Biscuits",Meat Snacks,Fridge Raiders Slow Roasted Chicken Bites 45g,45g,£36.67/kg,1.65,,
Asda Express,"Crisps, Snacks, Biscuits",Multipack Crisps,Hula Hoops BBQ Beef Flavour 6 x 24g,144g,£15.35/kg,2.21,2.95,£0.74 off
Asda Express,"Crisps, Snacks, Biscuits",Single Crisps,Hula Hoops Big Hoops Iconic Barbecue Beef Flavour 45g,45g,£32.22/kg,1.45,,
Asda Express,"Crisps, Snacks, Biscuits",Single Crisps,Hula Hoops Big Hoops Irresistibly Salted 45g,45g,£32.22/kg,1.45,,
Asda Express,"Crisps, Snacks, Biscuits",Multipack Crisps,Hula Hoops Variety Multipack Crisps 6 Pack,144g,£15.35/kg,2.21,2.95,£0.74 off
Asda Express,"Crisps, Snacks, Biscuits",Meat Snacks,Jack Link's Beef Jerky Original 60g,60g,£75.00/kg,4.50,,
Asda Express,"Crisps, Snacks, Biscuits",Meat Snacks,Jack Link's Beef Jerky Teriyaki 25g,25g,£86.00/kg,2.15,,
Asda Express,"Crisps, Snacks, Biscuits",Meat Snacks,Jack Link's Beef Jerky Teriyaki 60g,60g,£75.00/kg,4.50,,
Asda Express,"Crisps, Snacks, Biscuits",Nuts & Seeds,KP Dry Roasted Peanuts 250g,250g,£15.40/kg,3.85,,
Asda Express,"Crisps, Snacks, Biscuits",Nuts & Seeds,KP Original Salted Peanuts 250g,250g,£15.40/kg,3.85,,
Asda Express,"Crisps, Snacks, Biscuits",Multipack Crisps,McCoy's Classic Variety Multipack Crisps 6 Pack,150g,£14.73/kg,2.21,2.95,£0.74 off
Asda Express,"Crisps, Snacks, Biscuits",Nuts & Seeds,McCoy's Flame Grilled Steak Flavour Coated Peanuts 155g,155g,£24.19/kg,3.75,,
Asda Express,"Crisps, Snacks, Biscuits",Single Crisps,McCoy's Flame Grilled Steak Flavour Potato Crisps 45g,45g,£32.22/kg,1.45,,
Asda Express,"Crisps, Snacks, Biscuits",Multipack Crisps,McCoy's Flame Grilled Steak Flavour Potato Crisps 6 x 25g,150g,£14.73/kg,2.21,2.95,£0.74 off
Asda Express,"Crisps, Snacks, Biscuits",Single Crisps,McCoy's Hot 'N' Spicy Flavour Potato Crisps 45g,45g,£32.22/kg,1.45,,
Asda Express,"Crisps, Snacks, Biscuits",Single Crisps,McCoy's Ridge Cut Cheddar & Onion Flavour Potato Crisps 45g,45g,£32.22/kg,1.45,,
Asda Express,"Crisps, Snacks, Biscuits",Sharing Crisps,McCoy's Ridge Cut Flame Grilled Steak Flavour Potato Crisps 140g,140g,£26.79/kg,3.75,,
Asda Express,"Crisps, Snacks, Biscuits",Sharing Crisps,McCoy's Ridge Cut Salt & Malt Vinegar Flavour Potato Crisps 140g,140g,£26.79/kg,3.75,,
Asda Express,"Crisps, Snacks, Biscuits",Single Crisps,McCoy's Ridge Cut Salt & Malt Vinegar Flavour Potato Crisps 45g,45g,£32.22/kg,1.45,,
Asda Express,"Crisps, Snacks, Biscuits",Single Crisps,McCoy's Ridge Cut Thai Sweet Chicken Flavour Potato Crisps 45g,45g,£32.22/kg,1.45,,
Asda Express,"Crisps, Snacks, Biscuits",Meat Snacks,Mr. Porky Original Scratchings 65g,65g,£24.62/kg,1.60,,
Asda Express,"Crisps, Snacks, Biscuits",Sharing Crisps,Nik Naks Nice 'N' Spicy Flavour 130g,130g,£16.15/kg,2.10,,
Asda Express,"Crisps, Snacks, Biscuits",Single Crisps,Nik Naks Nice 'N' Spicy Flavour 45g,45g,£34.44/kg,1.55,,
Asda Express,"Crisps, Snacks, Biscuits",Sharing Crisps,Nik Naks Twisters Nice 'N' Spicy 130g,130g,£26.54/kg,3.45,,
Asda Express,"Crisps, Snacks, Biscuits",Sharing Crisps,Nik Naks Twisters Tangy 'N' Cheesy 130g,130g,£26.54/kg,3.45,,
Asda Express,"Crisps, Snacks, Biscuits",Tortilla Chips,Old El Paso Original Tortilla Nachips 185g,185g,£13.51/kg,2.50,,
Asda Express,"Crisps, Snacks, Biscuits",Meat Snacks,Peperami Hot Salami 22.5g,22.5g,£68.89/kg,1.55,,
Asda Express,"Crisps, Snacks, Biscuits",Meat Snacks,Peperami Original Salami 22.5g,22.5g,£73.33/kg,1.65,,
Asda Express,"Crisps, Snacks, Biscuits",Multipack Crisps,Pom-Bear Original Potato Snacks 6 x 13g,78g,£37.18/kg,2.90,,
Asda Express,"Crisps, Snacks, Biscuits",Sharing Crisps,Popchips Barbeque Flavour Potato Snacks 85g,85g,£33.53/kg,2.85,,
Asda Express,"Crisps, Snacks, Biscuits",Sharing Crisps,Popchips Sour Cream & Onion Flavour Potato Snacks 85g,85g,£33.53/kg,2.85,,
Asda Express,"Crisps, Snacks, Biscuits",Single Crisps,Pringles Original 40g,40g,£33.75/kg,1.35,,
Asda Express,"Crisps, Snacks, Biscuits",Single Crisps,Pringles Sour Cream & Onion 40g,40g,£35.00/kg,1.40,,
Asda Express,"Crisps, Snacks, Biscuits",Multipack Crisps,Seabrook The Original Crinkle Cut Crisp Variety Pack 6 x 25g,150g,£12.67/kg,1.90,,
Asda Express,"Crisps, Snacks, Biscuits",Popcorn,Sephra Sweet & Salty Popcorn 140g,140g,£22.50/kg,3.15,,
Asda Express,"Crisps, Snacks, Biscuits",Popcorn,Sephra Sweet Popcorn 140g,140g,£22.50/kg,3.15,,
Asda Express,"Crisps, Snacks, Biscuits",Sharing Crisps,Skips Light & Melty Prawn Cocktail Flavour 90g,90g,£23.33/kg,2.10,,
Asda Express,"Crisps, Snacks, Biscuits",Single Crisps,Skips Prawn Cocktail Flavour 35g,35g,£41.43/kg,1.45,,
Asda Express,"Crisps, Snacks, Biscuits",Multipack Crisps,Skips Prawn Cocktail Flavour 6 x 13.1g,78.6g,£31.81/kg,2.50,,
Asda Express,"Crisps, Snacks, Biscuits",Sharing Crisps,Smiths Chipsticks Salt & Vinegar Crisps Sharing Bag 105g,105g,£16.19/kg,1.70,,
Asda Express,"Crisps, Snacks, Biscuits",Sharing Crisps,Smiths Frazzles Bacon Crisps Sharing Bag 120g,120g,£14.17/kg,1.70,,
Asda Express,"Crisps, Snacks, Biscuits",Single Crisps,Smiths Fries Bacon  Snacks Crisps 24g,24g,£45.83/kg,1.10,,
Asda Express,"Crisps, Snacks, Biscuits",Single Crisps,Smiths Fries Scampi & Lemon 27g,27g,£40.74/kg,1.10,,
Asda Express,"Crisps, Snacks, Biscuits",Tortilla Chips,Takis Fuego Seasoned Chilli and Lime Flavour Fried Maize Snack 100g,100g,£27.50/kg,2.75,,
Asda Express,"Crisps, Snacks, Biscuits",Tortilla Chips,Thats Nuts Doritos Chilli Heatwave Sharing Coated Peanuts 160g,160g,£16.19/kg,2.59,3.45,£0.86 off
Asda Express,"Crisps, Snacks, Biscuits",Nuts & Seeds,Thats Nuts Walkers Salt & Vinegar Coated Peanuts Grab Bag 40g,40g,£31.25/kg,1.25,,
Asda Express,"Crisps, Snacks, Biscuits",Meat Snacks,The Hungry Boar Flamin' Piri Piri Sticklers Filled Pork Sticks 50g,50g,£53.00/kg,2.65,,
Asda Express,"Crisps, Snacks, Biscuits",Sharing Crisps,Tyrrells Lightly Sea Salted Sharing Crisps 150g,150g,£21.00/kg,3.15,,
Asda Express,"Crisps, Snacks, Biscuits",Sharing Crisps,Tyrrells Sweet Chilli & Red Pepper Sharing Crisps 150g,150g,£21.00/kg,3.15,,
Asda Express,"Crisps, Snacks, Biscuits",Single Crisps,Walkers BBQ Sauce Grab Bag Crisps 45g,45g,£30.00/kg,1.35,,
Asda Express,"Crisps, Snacks, Biscuits",Multipack Crisps,Walkers Baked Cheese & Onion Multipack Snacks Crisps 6 x 22g,130g,£15.54/kg,2.02,2.70,£0.68 off
Asda Express,"Crisps, Snacks, Biscuits",Single Crisps,Walkers Baked Cheese & Onion Snacks Crisps 37.5g,37.5g,£38.67/kg,1.45,,
Asda Express,"Crisps, Snacks, Biscuits",Sharing Crisps,Walkers Bugles Southern Style BBQ Sharing Snacks Crisps 110g,110g,£16.82/kg,1.85,,
Asda Express,"Crisps, Snacks, Biscuits",Single Crisps,Walkers Cheese & Onion Crisps 45g,45g,£31.11/kg,1.40,,
Asda Express,"Crisps, Snacks, Biscuits",Multipack Crisps,Walkers Cheese & Onion Multipack Crisps 6x25g,150g,£13.47/kg,2.02,2.70,£0.68 off
Asda Express,"Crisps, Snacks, Biscuits",Sharing Crisps,Walkers Cheese & Onion Sharing Crisps 150g,150g,£12.33/kg,1.85,,
Asda Express,"Crisps, Snacks, Biscuits",Multipack Crisps,Walkers Classic Variety Multipack Crisps 6x25g,150g,£13.47/kg,2.02,2.70,£0.68 off
Asda Express,"Crisps, Snacks, Biscuits",Single Crisps,"Walkers Crisps Prawn Cocktail, 45g",45g,£31.11/kg,1.40,,
Asda Express,"Crisps, Snacks, Biscuits",Single Crisps,"Walkers Crisps Salt & Vinegar, 45g",45g,£31.11/kg,1.40,,
Asda Express,"Crisps, Snacks, Biscuits",Sharing Crisps,Walkers Max Punchy Paprika Sharing Crisps 140g,140g,£20.00/kg,2.80,,
Asda Express,"Crisps, Snacks, Biscuits",Sharing Crisps,Walkers Monster Munch Giants Pickled Onion Sharing Snacks Crisps 85g,85g,£32.94/kg,2.80,,
Asda Express,"Crisps, Snacks, Biscuits",Single Crisps,Walkers Monster Munch Pickled Onion Snacks Crisps 40g,40g,£35.00/kg,1.40,,
Asda Express,"Crisps, Snacks, Biscuits",Single Crisps,Walkers Monster Munch Roast Beef Snacks Crisps 40g,40g,£35.00/kg,1.40,,
Asda Express,"Crisps, Snacks, Biscuits",Multipack Crisps,Walkers Quavers Cheese Multipack Snacks 6x16g,96g,£28.13/kg,2.70,,
Asda Express,"Crisps, Snacks, Biscuits",Single Crisps,Walkers Quavers Cheese Snacks Crisps 34g,34g,£41.18/kg,1.40,,
Asda Express,"Crisps, Snacks, Biscuits",Single Crisps,Walkers Ready Salted Crisps 45g,45g,£31.11/kg,1.40,,
Asda Express,"Crisps, Snacks, Biscuits",Multipack Crisps,Walkers Ready Salted Multipack Crisps 6x25g,150g,£13.47/kg,2.02,2.70,£0.68 off
Asda Express,"Crisps, Snacks, Biscuits",Sharing Crisps,Walkers Ready Salted Sharing Crisps 150g,150g,£12.33/kg,1.85,,
Asda Express,"Crisps, Snacks, Biscuits",Multipack Crisps,Walkers Salt & Vinegar Multipack Crisps 6x25g,150g,£13.47/kg,2.02,2.70,£0.68 off
Asda Express,"Crisps, Snacks, Biscuits",Sharing Crisps,Walkers Sensations Roasted Chicken & Thyme Sharing Crisps 150g,150g,£21.00/kg,3.15,,
Asda Express,"Crisps, Snacks, Biscuits",Nuts & Seeds,Walkers Sensations Thai Sweet Chilli Coated Sharing Peanuts 150g,150g,£17.27/kg,2.59,3.45,£0.86 off
Asda Express,"Crisps, Snacks, Biscuits",Single Crisps,Walkers Sensations Thai Sweet Chilli Grab Bag Crisps 40g,40g,£35.00/kg,1.40,,
Asda Express,"Crisps, Snacks, Biscuits",Multipack Crisps,Walkers Sensations Thai Sweet Chilli Multipack Crisps 5x25g,130g,£15.54/kg,2.02,2.70,£0.68 off
Asda Express,"Crisps, Snacks, Biscuits",Sharing Crisps,Walkers Sensations Thai Sweet Chilli Sharing Bag Crisps 150grams,150g,£21.00/kg,3.15,,
Asda Express,"Crisps, Snacks, Biscuits",Sharing Crisps,Walkers Squares Salt & Vinegar Sharing Snacks Crisps 104g,104g,£18.27/kg,1.90,,
Asda Express,"Crisps, Snacks, Biscuits",Sharing Crisps,Walkers Wotsits Giants Really Cheesy Sharing Snacks Crisps 130g,130g,£24.23/kg,3.15,,
Asda Express,"Crisps, Snacks, Biscuits",Sharing Crisps,Walkers Wotsits Giants Sweet & Spicy Snacks Crisps 130g,130g,£24.23/kg,3.15,,
Asda Express,"Crisps, Snacks, Biscuits",Multipack Crisps,Walkers Wotsits Really Cheesy Multipack Snacks Crisps 6x16.5g,100g,£20.20/kg,2.02,2.70,£0.68 off
Asda Express,"Crisps, Snacks, Biscuits",Single Crisps,Walkers Wotsits Really Cheesy Snacks Crisps 36g,36g,£38.89/kg,1.40,,
Asda Express,"Crisps, Snacks, Biscuits",Dried Fruit,Whitworths Amazing Apricots 140g,140g,£19.64/kg,2.75,,
Asda Express,"Crisps, Snacks, Biscuits",Dried Fruit,Whitworths Fantastic Flame Raisins 300g,300g,£8.33/kg,2.50,,
Asda Express,"Crisps, Snacks, Biscuits",Dried Fruit,Whitworths Fusions Watermelon Papaya Flavour 80g,80g,£31.25/kg,2.50,,
Asda Express,"Crisps, Snacks, Biscuits",Dried Fruit,Whitworths Strawberry Flavour Mango Fusions 75g,75g,£33.33/kg,2.50,,
Asda Express,"Deli, Dips, Food To Go",Antipasti & Dips,ASDA 30% Less Fat Onion & Garlic 200g,200g,£8.00/kg,1.60,,
Asda Express,"Deli, Dips, Food To Go",Antipasti & Dips,ASDA Sour Cream & Chive 200g,200g,£8.00/kg,1.60,,
Asda Express,"Deli, Dips, Food To Go",Antipasti & Dips,Asda Classic Houmous 200g,200g,£8.75/kg,1.75,,
Asda Express,"Deli, Dips, Food To Go",Antipasti & Dips,Cuzena Classic Houmous Chip & Dip with Toasted Pretzels 117g,117g,£21.37/kg,2.50,,
Asda Express,"Deli, Dips, Food To Go",Antipasti & Dips,Doritos Hot Salsa Sharing Dip 300g,300g,£10.33/kg,3.10,,
Asda Express,"Deli, Dips, Food To Go",Antipasti & Dips,Doritos Mild Salsa Sharing Dip 300g,300g,£10.33/kg,3.10,,
Asda Express,"Deli, Dips, Food To Go",Antipasti & Dips,Old El Paso Chunky Salsa 238g,238g,£11.76/kg,2.80,,
Asda Express,"Deli, Dips, Food To Go",Antipasti & Dips,Old El Paso Soured Cream 230g,230g,£12.17/kg,2.80,,
Asda Express,"Deli, Dips, Food To Go",Antipasti & Dips,Old El Paso Squeezy Chunky Guacamole 240g,240g,£11.67/kg,2.80,,
Asda Express,"Deli, Dips, Food To Go",Antipasti & Dips,Patak's the Original Raita 170g,170g,£14.12/kg,2.40,,
Asda Express,"Deli, Dips, Food To Go",Best Sellers 📈,Asda 5 Slices Honey Roast Dry Cured Ham 120g,120g,£23.33/kg,2.80,,3 for £7
Asda Express,"Deli, Dips, Food To Go",Cooked Meats,Asda 15 Pork Cocktail Sausages 150g,150g,£12.00/kg,1.80,,
Asda Express,"Deli, Dips, Food To Go",Cooked Meats,Asda 2 Scotch Eggs 226g,226g,£8.85/kg,2.00,,
Asda Express,"Deli, Dips, Food To Go",Cooked Meats,Asda Extra Tasty Chicken Breast Slices 160g,160g,£24.38/kg,3.90,,3 for £7
Asda Express,"Deli, Dips, Food To Go",Cooked Meats,Asda Scotch Egg 113g,113g,£14.60/kg,1.65,,
Asda Express,"Deli, Dips, Food To Go",Cooked Meats,Fridge Raiders Slow Roasted Chicken Bites 5 x 22.5g,112.5g,£28.89/kg,3.25,,
Asda Express,"Deli, Dips, Food To Go",Cooked Meats,Fridge Raiders Southern Style Chicken Bites 45g,45g,£36.67/kg,1.65,,
Asda Express,"Deli, Dips, Food To Go",Cooked Meats,Fridge Raiders Southern Style Chicken Bites 5 x 22.5g,112.5g,£28.89/kg,3.25,,
Asda Express,"Deli, Dips, Food To Go",Sandwiches & Wraps,ASDA All Day Breakfast on a Tortilla Wrap,1pk,£3.75 each,3.75,,
Asda Express,"Deli, Dips, Food To Go",Sandwiches & Wraps,ASDA Bacon & Ketchup on White Bread,1pk,£3.55 each,3.55,,
Asda Express,"Deli, Dips, Food To Go",Prepared Fruit,ASDA Pineapple 150g,150g,£11.33/kg,1.70,,
Asda Express,"Deli, Dips, Food To Go",Prepared Fruit,ASDA Pink Lady Apple and Grapes 100g,100g,£19.00/kg,1.90,,
Asda Express,"Deli, Dips, Food To Go",Sushi & Dim Sum,ASDA Teriyaki Chicken & Hoisin Duck Sushi,1pk,£3.75 each,3.75,,
Asda Express,"Deli, Dips, Food To Go",Sausage Rolls & Pasties,Asda 18 Sausage Rolls 180g,180g,£12.78/kg,2.30,,
Asda Express,"Deli, Dips, Food To Go",Sausage Rolls & Pasties,Asda 2 Chicken Tikka Slices 300g,300g,£7.33/kg,2.20,,
Asda Express,"Deli, Dips, Food To Go",Sandwiches & Wraps,"Asda Brie, Bacon & Chilli Chutney On Malted Bread",1pk,£3.70 each,3.70,,
Asda Express,"Deli, Dips, Food To Go",Soups,Asda Carrot & Coriander Soup 600g,600g,£3.75/kg,2.25,,
Asda Express,"Deli, Dips, Food To Go",Sandwiches & Wraps,Asda Cheddar Ploughman's on Malted Bread,1pk,£3.45 each,3.45,,
Asda Express,"Deli, Dips, Food To Go",Sandwiches & Wraps,Asda Cheese & Onion on Malted Bread,1pk,£1.90 each,1.90,,
Asda Express,"Deli, Dips, Food To Go",Salad Bowls,Asda Chicken & Bacon Caesar Pasta Salad 290g,290g,£9.83/kg,2.85,,
Asda Express,"Deli, Dips, Food To Go",Sandwiches & Wraps,Asda Chicken & Bacon Caesar on a Wheat Wrap,1pk,£3.60 each,3.60,,
Asda Express,"Deli, Dips, Food To Go",Sandwiches & Wraps,Asda Chicken & Bacon Club On Oatmeal Bread,1pk,£3.75 each,3.75,,
Asda Express,"Deli, Dips, Food To Go",Sandwiches & Wraps,Asda Chicken & Sweetcorn on Malted Bread,1pk,£2.75 each,2.75,,
Asda Express,"Deli, Dips, Food To Go",Sandwiches & Wraps,Asda Chicken Fajita Wrap,1pk,£3.75 each,3.75,,
Asda Express,"Deli, Dips, Food To Go",Sandwiches & Wraps,Asda Chicken Salad on Malted Bread,1pk,£3.45 each,3.45,,
Asda Express,"Deli, Dips, Food To Go",Sandwiches & Wraps,Asda Classic BLT on Malted Bread,1pk,£3.50 each,3.50,,
Asda Express,"Deli, Dips, Food To Go",Salad Bowls,Asda Coleslaw 300g,300g,£5.33/kg,1.60,,
Asda Express,"Deli, Dips, Food To Go",Sandwiches & Wraps,Asda Oak Smoked Ham & Cheese On a Semolina-Topped White Sub Roll,1pk,£3.75 each,3.75,,
Asda Express,"Deli, Dips, Food To Go",Olives,Asda Pitted Green Olives 310g,310g,£5.00/kg,1.55,,
Asda Express,"Deli, Dips, Food To Go",Salami & Continental Meats,Asda Pizza Pepperoni 125g,125g,£16.40/kg,2.05,,
Asda Express,"Deli, Dips, Food To Go","Pies, Quiche & Tarts",Asda Quiche Lorraine 170g,170g,£17.65/kg,3.00,,
Asda Express,"Deli, Dips, Food To Go",Sushi & Dim Sum,Asda Salmon & Prawn Sushi,1pk,£2.05 each,2.05,,
Asda Express,"Deli, Dips, Food To Go",Sandwiches & Wraps,Asda Southern Fried Chicken Triple on a Wheat Wrap,1pk,£4.80 each,4.80,,
Asda Express,"Deli, Dips, Food To Go",Sandwiches & Wraps,Asda Southern Fried Chicken on a Wheat Wrap,1pk,£3.75 each,3.75,,
Asda Express,"Deli, Dips, Food To Go",Salad Bowls,Asda Sweet & Spicy Piri Piri Chicken Pasta Salad 320g,320g,£8.91/kg,2.85,,
Asda Express,"Deli, Dips, Food To Go",Sandwiches & Wraps,Asda Sweet Chilli Chicken on a Chilli Wrap,1pk,£3.75 each,3.75,,
Asda Express,"Deli, Dips, Food To Go",Sandwiches & Wraps,Asda Tuna & Sweetcorn on Malted Bread,1pk,£2.75 each,2.75,,
Asda Express,"Deli, Dips, Food To Go",Sandwiches & Wraps,Asda Tuna Mayo on Soft White,1pk,£1.90 each,1.90,,
Asda Express,"Deli, Dips, Food To Go",Sandwiches & Wraps,Exceptional by ASDA New York Style Deli on Rye Bread,1pk,£4.80 each,4.80,,
Asda Express,"Deli, Dips, Food To Go",Sandwiches & Wraps,Exceptional by ASDA Steak & Onion Chutney On Onion Bread,1pk,£4.80 each,4.80,,
Asda Express,"Deli, Dips, Food To Go",Sausage Rolls & Pasties,Ginsters Cheese & Onion Slice 170g,170g,£13.24/kg,2.25,2.80,£0.55 off
Asda Express,"Deli, Dips, Food To Go",Sausage Rolls & Pasties,Ginsters Peppered Steak Slice 105g,105g,£19.52/kg,2.05,,
Asda Express,"Deli, Dips, Food To Go",Sausage Rolls & Pasties,Ginsters Peppered Steak Slice 170g,170g,£12.94/kg,2.20,2.80,£0.60 off
Asda Express,"Deli, Dips, Food To Go",Sausage Rolls & Pasties,Ginsters Sausage Roll 100g,100g,£20.50/kg,2.05,,
Asda Express,"Deli, Dips, Food To Go",Sandwiches & Wraps,The Gym Kitchen High Protein Chicken Tikka No Mayo,1pk,£3.75 each,3.75,,
Asda Express,Desserts,Canned Desserts,Ambrosia Rice Pudding 400g,400g,£5.13/kg,2.05,,
Asda Express,Desserts,Cheesecakes,ASDA Just Essentials Strawberry Cheesecake 375g,375g,£3.73/kg,1.40,,
Asda Express,Desserts,Chilled Desserts,Muller Rice Strawberry 170g,170g,£6.47/kg,1.10,,
Asda Express,Desserts,"Custard, Cream & Jelly Desserts",Ambrosia Devon Custard 400g,400g,£5.13/kg,2.05,,
Asda Express,Desserts,"Custard, Cream & Jelly Desserts",Hartley's Jelly Strawberry Flavour 125g,125g,£8.40/kg,1.05,,
Asda Express,Flowers,Flowers,Asda Carefully Selected Dyed Chrysanthemums,1pk,£4.65 each,4.65,,
Asda Express,Flowers,Flowers,Asda Carefully Selected Isabella Bouquet,1pk,£7.45 each,7.45,,
Asda Express,Flowers,Flowers,Asda Roses,1pk,£6.55 each,6.55,,
Asda Express,Frozen,Best Sellers 📈,Birds Eye 10 The Original Potato Waffles 567g,567g,£5.11/kg,2.90,,3 for £7.50
Asda Express,Frozen,Best Sellers 📈,Birds Eye 12 Chicken Dippers 220g,220g,£16.82/kg,3.70,,3 for £7.50
Asda Express,Frozen,Best Sellers 📈,Birds Eye Garden Peas 375g,375g,£5.87/kg,2.20,,
Asda Express,Frozen,Best Sellers 📈,Ice Club Classic Ice Cubes 1kg,1kg,£1.90/kg,1.90,,
Asda Express,Frozen,"Chips, Fries & Potatoes",McCain 4 Jackets 800g,800g,£7.13/kg,5.70,,
Asda Express,Frozen,"Chips, Fries & Potatoes",McCain Crispy French Fries 900g,900g,£3.48/kg,3.13,3.95,£0.82 off
Asda Express,Frozen,"Chips, Fries & Potatoes",McCain Hash Browns 625g,625g,£5.36/kg,3.35,,
Asda Express,Frozen,"Chips, Fries & Potatoes",McCain Home Chips Crinkle 1kg,1kg,£3.95/kg,3.95,,
Asda Express,Frozen,"Chips, Fries & Potatoes",McCain Smiles 454g,454g,£6.83/kg,3.10,,
Asda Express,Frozen,Desserts & Sweet Pastries,ASDA Bake at Home 6 All-Butter Croissants 330g,330g,£11.36/kg,3.75,,
Asda Express,Frozen,Ice,528 Ice Cups,1pk,£1.90 each,1.90,,
Asda Express,Frozen,Garlic Bread,Asda 10 Garlic Baguette Slices 260g,260g,£8.08/kg,2.10,,
Asda Express,Frozen,Side Dishes,Asda Battered Onion Rings 750g,750g,£4.87/kg,3.65,,
Asda Express,Frozen,Frozen,Aunt Bessie's 10 Glorious Golden Yorkshires 190g,,,0.00,,
Asda Express,Frozen,Frozen,Birds Eye 10 The Original Potato Waffles 567g,,,0.00,,
Asda Express,Frozen,Frozen,Birds Eye 12 Chicken Dippers 220g,,,0.00,,
Asda Express,Frozen,Meat & Poultry,Birds Eye 2 Crunchy Southern Fried Chicken 180g,180g,£20.56/kg,3.70,,3 for £7.50
Asda Express,Frozen,Frozen,Birds Eye 2 Crunchy Southern Fried Chicken 180g,,,0.00,,
Asda Express,Frozen,Meat & Poultry,Birds Eye 4 Chicken Burgers with Golden Wholegrain 200g,200g,£16.50/kg,3.30,,3 for £7.50
Asda Express,Frozen,Frozen,Birds Eye 4 Chicken Burgers with Golden Wholegrain 200g,,,0.00,,
Asda Express,Frozen,Frozen Vegetables,Birds Eye Steamfresh 4 Family Favourite Mix Steam Bags 540g,540g,£6.30/kg,3.40,,
Asda Express,Frozen,Pizza,Chicago Town 2 Original Deep Dish Four Cheese Pizza 2 x 148g,300g,£7.33/kg,2.20,,
Asda Express,Frozen,Pizza,Chicago Town 2 Pepperoni Original Deep Dish Pizza 2 x 155g (310g),310g,£7.10/kg,2.20,,
Asda Express,Frozen,Frozen Fruit,Chill Berry Frozen Strawberries in Double Chocolate White + Milk 220g,220g,£24.09/kg,5.30,,
Asda Express,Frozen,Pizza,Dr. Oetker Ristorante Mozzarella Pizza 335g,335g,£11.49/kg,3.85,,
Asda Express,Frozen,Pizza,Dr. Oetker Ristorante Pepperoni-Salame Pizza 320g,320g,£12.03/kg,3.85,,
Asda Express,Frozen,Pizza,Dr. Oetker Ristorante Pizza Hawaii 355g,355g,£10.85/kg,3.85,,
Asda Express,Frozen,Life in the Express Lane 💚🚀,Fill Your Freezer,1pk,£7.50 each,7.50,,
Asda Express,Frozen,Meat Alternatives,Linda McCartney 2 Mozzarella 1/4lb Burgers Vegetarian 227g,227g,£13.66/kg,3.10,,
Asda Express,Frozen,Meat Alternatives,Quorn Mince 300g,300g,£11.00/kg,3.30,,
Asda Express,Frozen,Meat & Poultry,Richmond 12 Thick Pork Sausages 516g,516g,£7.27/kg,3.75,,
Asda Express,Frozen,Seafood,Young's 4 Chip Shop Omega 3 Fish Fillets 400g,400g,£12.88/kg,5.15,,
Asda Express,Frozen,Seafood,Young's Extra Crispy 8 Batter Fish Fingers 240g,240g,£12.71/kg,3.05,,
Asda Express,Frozen,Seafood,Young's Golden Scampi in Our Crispy Breadcrumb 220g,220g,£24.77/kg,5.45,,
Asda Express,Fruit,Apples & Pears,Pink Lady Cripps Pink,4pk,£0.80 each,3.20,,
Asda Express,Fruit,Berries,Asda Grower's Selection British Strawberries 227g,227g,£13.48/kg,3.06,,
Asda Express,Fruit,Citrus Fruit,Asda Grower's Selection 5 Medium Oranges,5pk,£0.41 each,2.05,,
Asda Express,Fruit,Citrus Fruit,Asda Grower's Selection Sweetclems 600g,600g,£3.25/kg,1.95,,
Asda Express,Fruit,Citrus Fruit,Asda Tangy & Zesty Lemons,4pk,£0.41 each,1.65,,
Asda Express,Fruit Juice & Smoothies,Apple Juice,Asda Juicy & Refreshing Apple Juice 1 Litre,1L,£2.50/L,2.50,,
Asda Express,Fruit Juice & Smoothies,Apple Juice,Copella Cloudy Apple 300ml,300ml,£8.50/L,2.55,,
Asda Express,Fruit Juice & Smoothies,Apple Juice,Tropicana Perfectly Pressed Orchard Apple 900ml,900ml,£4.28/L,3.85,,
Asda Express,Fruit Juice & Smoothies,Orange Juice,Asda Smooth Orange Juice 1 Litre,1L,£2.10/L,2.10,,
Asda Express,Fruit Juice & Smoothies,Orange Juice,Asda Smooth Orange Juice 1 Litre,1L,£2.50/L,2.50,,
Asda Express,Fruit Juice & Smoothies,Smoothies & Fruit Juice,Beatbox Party Punch Fruit Punch 15 X 330ml,330ml,£16.06/L,5.30,,
Asda Express,Fruit Juice & Smoothies,Smoothies & Fruit Juice,"Celsius Energy Drink, Sparkling Kiwi Guava 355ml",355ml,£8.03/L,2.85,,
Asda Express,Fruit Juice & Smoothies,Smoothies & Fruit Juice,Happy Monkey Orange & Mango Smoothies 4 x 180ml,4pk,£3.96/L,2.85,,
Asda Express,Fruit Juice & Smoothies,Smoothies & Fruit Juice,Happy Monkey Strawberry & Banana Smoothies 4 x 180ml,4pk,£3.96/L,2.85,,
Asda Express,Fruit Juice & Smoothies,Smoothies & Fruit Juice,"Innocent Kids Smoothies Strawberries, Raspberries & Apples 4 x 150ml",4pk,£7.58/L,4.55,,
Asda Express,Fruit Juice & Smoothies,Orange Juice,Innocent Orange with Bits 1.35L,1.35L,£3.89/L,5.25,,
Asda Express,Fruit Juice & Smoothies,Orange Juice,Juice Burst Orange 500ml,500ml,£5.20/L,2.60,,
Asda Express,Fruit Juice & Smoothies,Smoothies & Fruit Juice,"Naked Blue Machine Super Smoothie Blueberry, Goji Berry & Blackcurrant 300ml",300ml,£12.33/L,3.70,,
Asda Express,Fruit Juice & Smoothies,Smoothies & Fruit Juice,"Naked Gold Machine Passionfruit, Mango, Apple & Guava Super Smoothie 300ml",300ml,£12.33/L,3.70,,
Asda Express,Fruit Juice & Smoothies,Smoothies & Fruit Juice,"Naked Green Machine Kiwi, Pineapple, Apple & Spirulina Super Smoothie 300ml",300ml,£12.33/L,3.70,,
Asda Express,Fruit Juice & Smoothies,Smoothies & Fruit Juice,Oasis Summer Fruits 500ml,500ml,£5.40/L,2.70,,2 for £3.75
Asda Express,Fruit Juice & Smoothies,Orange Juice,Tropicana Original Orange 300ml,300ml,£9.67/L,2.90,,
Asda Express,Fruit Juice & Smoothies,Orange Juice,Tropicana Smooth Orange 300ml,300ml,£9.67/L,2.90,,
Asda Express,Fruit Juice & Smoothies,Orange Juice,Tropicana Smooth Orange with No Bits 900ml,900ml,£4.28/L,3.85,,
Asda Express,Fruit Juice & Smoothies,Smoothies & Fruit Juice,innocent Smoothie Strawberries & Bananas 250ml,250ml,£10.40/L,2.60,,
Asda Express,"Gifts, Parties, Toys",Toys & Games,GT85 Bike Lube 400ml,400ml,£12.25/L,4.90,,
Asda Express,"Gifts, Parties, Toys",Toys & Games,World Cup 26 Stickers - Multi Set,1pk,£12.00 each,12.00,,
Asda Express,Health Care,Allergy & Hayfever,Allevia 120mg 15 Tablets,15pk,£0.55 each,8.30,,
Asda Express,Health Care,Allergy & Hayfever,"Piriteze Childrens Hayfever & Allergy Syrup, 2 years+, 70ml",70ml,£103.57/L,7.25,,
Asda Express,Health Care,Best Sellers 📈,Asda Ibuprofen 200mg Caplets 16 Caplets,16pk,£0.04 each,0.60,,
Asda Express,Health Care,"Cough, Cold & Flu",Asda Max Strength Cold & Flu Relief Sachets Blackcurrant 10 Sachets,10pk,£0.38 each,3.80,,
Asda Express,Health Care,"Cough, Cold & Flu",Asda Vapour Rub 50g,50g,£34.00/kg,1.70,,
Asda Express,Health Care,"Cough, Cold & Flu",Benylin Chesty Coughs (Non-Drowsy),150ml,£49.33/L,7.40,,
Asda Express,Health Care,"Cough, Cold & Flu",Berocca 15 Natural Orange Flavour Effervescent Tablets,15pk,£0.58 each,8.70,,
Asda Express,Health Care,"Cough, Cold & Flu",Halls Soothers Blackcurrant Cough Drops 45 Gr,45g,£22.22/kg,1.00,,
Asda Express,Health Care,"Cough, Cold & Flu",Halls Soothers Cherry Flavour 45g,45g,£22.22/kg,1.00,,
Asda Express,Health Care,"Cough, Cold & Flu",Lemsip Max All in One Cold & Flu Capsules 16 Capsules,16pk,£0.39 each,6.20,,
Asda Express,Health Care,"Cough, Cold & Flu",Lemsip Max Cold & Flu 16 Capsules,16pk,£0.39 each,6.20,,
Asda Express,Health Care,"Cough, Cold & Flu",Lemsip Max Cold & Flu Lemon 10 Sachets,10pk,£0.81 each,8.05,,
Asda Express,Health Care,"Cough, Cold & Flu",Lemsip Max Day & Night Cold & Flu Relief Capsules 16 Capsules,16pk,£0.50 each,8.05,,
Asda Express,Health Care,"Cough, Cold & Flu",Strepsils Honey & Lemon Lozenges x36 for Sore Throat,36pk,£0.21 each,7.45,,
Asda Express,Health Care,"Cough, Cold & Flu",Sudafed Blocked Nose Spray,15ml,£433.33/L,6.50,,
Asda Express,Health Care,"Cough, Cold & Flu","Vicks VapoRub, Relief of Cough Cold and Flu like Symptoms, Jar 100g",100g,£77.00/kg,7.70,,
Asda Express,Health Care,Digestive Health,Applied Nutrition Vimto Flavour Electrolyte Effervescent Tablets 20 x 4g,20pk,£0.31 each,6.15,,
Asda Express,Health Care,Digestive Health,Asda Constipation Relief 5mg 20 Tablets Adult,20pk,£0.14 each,2.70,,
Asda Express,Health Care,Digestive Health,Gaviscon Double Action Heartburn & Indigestion Liquid Mint Flavour 150ml,150ml,£49.67/L,7.45,,
Asda Express,Health Care,Digestive Health,Imodium Instants For On-The-Go Diarrhoea Relief 6 Tablets,1pk,£6.95 each,6.95,,
Asda Express,Health Care,Digestive Health,Imodium Original 2mg Capsules,6pk,£0.68 each,4.10,,
Asda Express,Health Care,Digestive Health,Rennie Peppermint 36 Chewable Tablets,36pk,£0.16 each,5.85,,
Asda Express,Health Care,First Aid,Asda 50 Fabric Plasters,50pk,£0.04 each,2.00,,
Asda Express,Health Care,First Aid,Elastoplast Water Resistant Plastic Plasters (40 Pcs),40pk,£0.09 each,3.55,,
Asda Express,Health Care,Pain Relief,Anadin Painkiller Caplets Extra 16s,16pk,£0.19 each,3.10,,
Asda Express,Health Care,Pain Relief,Anadin Painkiller Caplets Extra 8s,8pk,£0.21 each,1.65,,
Asda Express,Health Care,Stings & Bites,Asda Bites and Stings Relief 1% w/w Cream 10g,10g,£540.00/kg,5.40,,
Asda Express,Health Care,Pain Relief,Asda Paracetamol 500mg Caplets 16 Caplets,16pk,£0.04 each,0.70,,
Asda Express,Health Care,Pain Relief,Bell's Healthcare Paracetamol 500mg 16 Tablets,16pk,£0.04 each,0.65,,
Asda Express,Health Care,Sexual Health & Wellness,"Clearblue Pregnancy Test With Weeks Indicator, Tells You How Many Weeks, 1 Digital Test",1pk,£13.65 each,13.65,,
Asda Express,Health Care,Sexual Health & Wellness,Durex Extra Safe 12 Condoms,12pk,£1.28 each,15.40,,
Asda Express,Health Care,Sexual Health & Wellness,Durex Extra Safe 3,3pk,£1.83 each,5.50,,
Asda Express,Health Care,Sexual Health & Wellness,Durex Play Water Base Play Lube 100ml Lubricant,100ml,£110.50/L,11.05,,
Asda Express,Health Care,Sexual Health & Wellness,Durex Thin Feel 12 Condoms,12pk,£1.20 each,14.40,,
Asda Express,Health Care,Pain Relief,Nurofen 200mg Tablets 16 Tablets,16pk,£0.15 each,2.35,,
Asda Express,Health Care,Pain Relief,Nurofen Express Pain Relief 200mg Liquid Capsules x16,16pk,£0.35 each,5.60,,
Asda Express,Health Care,Pain Relief,Nuromol Dual Action Pain Relief 200mg/500mg 16 Tablets,16pk,£0.41 each,6.55,,
Asda Express,Health Care,Pain Relief,"Panadol Advance Painkillers, 500mg Paracetamol Tablets, 16s",16pk,£0.17 each,2.75,,
Asda Express,Health Care,Pain Relief,Panadol Extra Soluble Tablets for Pain Relief 500mg 24ct,24pk,£0.28 each,6.80,,
Asda Express,Health Care,Pain Relief,"Panadol Original Paracetamol Tablets, 12s",12pk,£0.09 each,1.10,,
Asda Express,Ice Cream,Ice Cream Tubs,Ben & Jerry's  Ice Cream Chocolate Fudge Brownie 465 ml,465ml,£14.95/L,6.95,,
Asda Express,Ice Cream,Ice Cream Tubs,Ben & Jerry's  Ice Cream Tub Cookie Dough 465ml,465ml,£14.95/L,6.95,,
Asda Express,Ice Cream,Ice Cream Tubs,Ben & Jerry's Half Baked Ice Cream 465 ml,465ml,£14.95/L,6.95,,
Asda Express,Ice Cream,Single Serves,Ben & Jerry's Ice Cream Sandwich Cookie Dough Sandwich 4x 68ml 4MP,68ml,£91.91/L,6.25,,
Asda Express,Ice Cream,Single Serves,Cadbury Crunchie Blast Ice Cream 4 x 90ml (360ml),4pk,£14.86/L,5.35,,
Asda Express,Ice Cream,Single Serves,Cadbury Dairy Milk 90ml,90ml,£41.67/L,3.75,,
Asda Express,Ice Cream,Single Serves,Cadbury Flake 99 125ml,125ml,£36.80/L,4.60,,
Asda Express,Ice Cream,Single Serves,Cadbury Flake 99 Cones 4 x 125ml (500ml),4pk,£13.70/L,6.85,,
Asda Express,Ice Cream,Single Serves,Calippo Orange 105ml,105ml,£19.05/L,2.00,,
Asda Express,Ice Cream,Ice Cream Tubs,Carte D'or  Ice Cream Dessert Indulgent Chocolate 900 ml,900ml,£3.91/L,3.52,4.70,£1.18 off
Asda Express,Ice Cream,Ice Cream Tubs,Carte D'or  Ice Cream Dessert Madagascan Vanilla 900 ml,900ml,£4.12/L,3.71,4.95,£1.24 off
Asda Express,Ice Cream,Single Serves,Cornetto MAX Hazelnut & Chocolate Ice Cream Cone 115 ml,115ml,£23.04/L,2.65,,
Asda Express,Ice Cream,Single Serves,Cornetto MAX Hazelnut & Chocolate Ice Cream Cones 4x 90 ml,360ml,£14.03/L,5.05,,
Asda Express,Ice Cream,Single Serves,Cornetto MAX Pistachio Ice Cream Cones 4x 90 ml,360ml,£15.28/L,5.50,,
Asda Express,Ice Cream,Single Serves,Fab Strawberry Ice Lollies 6x58ml,6pk,£10.63/L,3.70,,
Asda Express,Ice Cream,Ice Cream Tubs,Hagen-Dazs Salted Caramel Ice Cream 400g,460ml,£14.89/L,6.85,,
Asda Express,Ice Cream,Single Serves,Lotus Biscoff Sticks 4 x 360ml,360ml,£12.22/L,4.40,,
Asda Express,Ice Cream,Ice Cream Tubs,Lotus Biscoff with Biscoff Pieces 425ml,425ml,£10.35/L,4.40,,
Asda Express,Ice Cream,Single Serves,Magnum  Ice Cream Stick Classic 110 ml,110ml,£28.64/L,3.15,,
Asda Express,Ice Cream,Single Serves,Magnum  Ice Cream Stick Double Gold Caramel Billionaire 85 ML,85ml,£37.06/L,3.15,,
Asda Express,Ice Cream,Single Serves,Magnum  Ice Cream Sticks Classic 3x 100 ml,3pk,£14.50/L,4.35,,
Asda Express,Ice Cream,Single Serves,Magnum Signature Ice Cream Sticks Pistachio 3x 90 ml,3pk,£14.70/L,3.97,5.30,£1.33 off
Asda Express,Ice Cream,Single Serves,Magnum Utopia Ice Cream Stick Double Hazelnut 85 ml,85ml,£37.06/L,3.15,,
Asda Express,Ice Cream,Single Serves,Magnum White Chocolate Ice Cream Stick 110 ml,110ml,£31.36/L,3.45,,
Asda Express,Ice Cream,Single Serves,Maltesers Ice Cream Bar 4 Pack,4pk,£18.00/L,3.60,,
Asda Express,Ice Cream,Single Serves,Mars Chocolate Caramel Ice Cream Bars 4pk (4 x 40g),4pk,£18.18/L,3.60,,
Asda Express,Ice Cream,Single Serves,Oreo Ice Cream Sandwich with Oreo Cookie Pieces 70g,110ml,£31.82/L,3.50,,
Asda Express,Ice Cream,Single Serves,Oreo Ice Cream Sandwiches 280g,440ml,£11.14/L,4.90,,
Asda Express,Ice Cream,Ice Cream Tubs,Oreo Ice Cream with Oreo Cookie Pieces 425ml,425ml,£6.80/L,2.89,3.85,£0.96 off
Asda Express,Ice Cream,Single Serves,Rowntree's Fruit Pastilles Ice Lollies 65ml,65ml,£36.92/L,2.40,,
Asda Express,Ice Cream,Single Serves,Rowntree's Fruit Pastilles Lollies 4 x 65ml (260ml),4pk,£11.54/L,3.00,,2 for £5.75
Asda Express,Ice Cream,Single Serves,Rowntree's Watermelon Lollies 4 x 73ml (292ml),4pk,£10.27/L,3.00,,2 for £5.75
Asda Express,Ice Cream,Single Serves,Solero  Ice Cream Sticks Exotic 3x 90 ml,3pk,£9.59/L,2.59,3.45,£0.86 off
Asda Express,"Jams, Honey, Spreads",Honey,Rowse Runny Honey 250g,250g,£9.00/kg,2.25,,
Asda Express,"Jams, Honey, Spreads",Jam,Hartley's Raspberry 300g,300g,£7.17/kg,2.15,,
Asda Express,"Jams, Honey, Spreads",Jam,Robertsons Golden Shred 454g,454g,£5.51/kg,2.50,,
Asda Express,"Jams, Honey, Spreads",Syrup,Askeys Treat! Strawberry Flavour Sauce 325g,325g,£6.92/kg,2.25,,2 for £4
Asda Express,"Jams, Honey, Spreads",Peanut Butter & Nut Butters,Skippy Super Chunk Peanut Butter 340g,340g,£10.15/kg,3.45,,
Asda Express,"Jams, Honey, Spreads",Syrup,Tate & Lyle Golden Syrup 454g,454g,£4.85/kg,2.20,,
Asda Express,"Laundry, Cleaning, Household",Batteries & Household,Duracell Plus 100% AA 4 Pack,4pk,£1.55 each,6.20,,
Asda Express,"Laundry, Cleaning, Household",Batteries & Household,Duracell Plus 100% AAA 4pk,4pk,£1.55 each,6.20,,
Asda Express,"Laundry, Cleaning, Household",Batteries & Household,Duracell Plus 100% C 2pk,2pk,£3.28 each,6.55,,
Asda Express,"Laundry, Cleaning, Household",Batteries & Household,Duracell Plus 9V 2 Pack,2pk,£4.65 each,9.30,,
Asda Express,"Laundry, Cleaning, Household",Batteries & Household,Duracell Plus AA 8 Pack,8pk,£1.39 each,11.15,,
Asda Express,"Laundry, Cleaning, Household",Batteries & Household,Duracell Plus AAA 8 Pack,8pk,£1.39 each,11.15,,
Asda Express,"Laundry, Cleaning, Household",Batteries & Household,Duracell Plus D 2 Pack,2pk,£3.28 each,6.55,,
Asda Express,"Laundry, Cleaning, Household",Batteries & Household,"Duracell Specialty 2032 Lithium Coin Battery 3V, pack of 2 (DL2032/CR2032)",2pk,£3.10 each,6.20,,
Asda Express,"Laundry, Cleaning, Household",Batteries & Household,Homefire Brazier 10kg,10kg,£0.87/kg,8.70,,
Asda Express,"Laundry, Cleaning, Household",Batteries & Household,Homefire Kiln Dried Logs,16.5L,£0.48/L,8.00,,
Asda Express,"Laundry, Cleaning, Household",Batteries & Household,"Raid Rapid Action Wasp, Mosquito & Fly Killer Aerosol Spray 300ml",300ml,£17.50/L,5.25,,
Asda Express,"Laundry, Cleaning, Household",Best Sellers 📈,Asda Shades Everyday Kitchen Towels 2 Rolls,2pk,£1.28 each,2.55,3.10,£0.55 off
Asda Express,"Laundry, Cleaning, Household",Best Sellers 📈,Domestos Extended Germ-Kill Original Bleach 750ml,750ml,£2.13/L,1.60,,
Asda Express,"Laundry, Cleaning, Household",Bin Bags,Asda 20 Tie Top Bin Bags 75 Litres,20pk,£0.20 each,4.09,4.55,£0.46 off
Asda Express,"Laundry, Cleaning, Household",Candles & Home Fragrance,Little Trees Black Ice,1pk,£1.90 each,1.90,,
Asda Express,"Laundry, Cleaning, Household",Candles & Home Fragrance,Little Trees New Car,1pk,£1.90 each,1.90,,
Asda Express,"Laundry, Cleaning, Household",Candles & Home Fragrance,Oust Odour Eliminator Aerosol Clean Scent Air Freshener 300ml,300ml,£7.33/L,2.20,,
Asda Express,"Laundry, Cleaning, Household",Car Care,3 IN ONE OIL 100ML,100ml,£38.00/L,3.80,,
Asda Express,"Laundry, Cleaning, Household",Car Care,Autocare Bulb Set,1pk,£8.80 each,8.80,,
Asda Express,"Laundry, Cleaning, Household",Car Care,CP DOT 4 BRAKE FLUID 500ML,500ml,£14.90/L,7.45,,
Asda Express,"Laundry, Cleaning, Household",Car Care,CarPlan Blue Star De-Icer 600ml,500ml,£8.50/L,4.25,,
Asda Express,"Laundry, Cleaning, Household",Car Care,CarPlan Fuel Can Diesel 5 Litre,1pk,£7.55 each,7.55,,
Asda Express,"Laundry, Cleaning, Household",Car Care,Castrol Edge 5W- 30 M 1L,1L,£21.30/L,21.30,,
Asda Express,"Laundry, Cleaning, Household",Car Care,Castrol Edge 5W-30 LL 1L,1L,£21.30/L,21.30,,
Asda Express,"Laundry, Cleaning, Household",Car Care,Castrol GTX 5W- 30 C4 1L,1L,£15.05/L,15.05,,
Asda Express,"Laundry, Cleaning, Household",Car Care,Castrol Macnatec 5W-40 DPF 1L,1L,£15.05/L,15.05,,
Asda Express,"Laundry, Cleaning, Household",Car Care,Castrol Magnatec 5W-20 E 1L,1L,£15.05/L,15.05,,
Asda Express,"Laundry, Cleaning, Household",Car Care,Castrol Magnatec 5W-30 C2 1L,1L,£15.05/L,15.05,,
Asda Express,"Laundry, Cleaning, Household",Car Care,Castrol Magnatec 5W-30 C3 1L,1L,£15.05/L,15.05,,
Asda Express,"Laundry, Cleaning, Household",Car Care,Castrol Magnatec Stop-Start 5W-30 A5 1L,1L,£15.05/L,15.05,,
Asda Express,"Laundry, Cleaning, Household",Car Care,Demon Snow Foam with Gun,2L,£9.30/L,18.60,,
Asda Express,"Laundry, Cleaning, Household",Car Care,Demon Wash Snow Foam Shampoo 1L,1L,£7.55/L,7.55,,
Asda Express,"Laundry, Cleaning, Household",Car Care,Febreze Car Air Freshener Blossom & Breeze 2 Units,2pk,£2.48 each,4.95,,
Asda Express,"Laundry, Cleaning, Household",Car Care,HOLTS TYREWELD 400ML,400ml,£26.25/L,10.50,,
Asda Express,"Laundry, Cleaning, Household",Car Care,Jelly Belly Tutti-Frutti Air Freshener,1pk,£3.80 each,3.80,,
Asda Express,"Laundry, Cleaning, Household",Car Care,Redex Diesel Treat 250ml,250ml,£15.00/L,3.75,,
Asda Express,"Laundry, Cleaning, Household",Car Care,Status Replacement Car Bulb Kit,1pk,£8.80 each,8.80,,
Asda Express,"Laundry, Cleaning, Household",Car Care,T Cut Rapid Scratch Remover,500ml,£21.00/L,10.50,,
Asda Express,"Laundry, Cleaning, Household",Car Care,Triplewax Wash & Wax 1 Litre,1L,£4.65/L,4.65,,
Asda Express,"Laundry, Cleaning, Household",Car Care,WD-40 Sprays 2 Ways 250ml,250ml,£27.20/L,6.80,,
Asda Express,"Laundry, Cleaning, Household",Cleaning,ASDA 30 Plastic Free Wipes for Dashboards,30pk,£0.05 each,1.55,,
Asda Express,"Laundry, Cleaning, Household",Cleaning,"Marigold Extra-Life Kitchen Gloves M 7,5 1 Pair",1pk,£3.65 each,3.65,,
Asda Express,"Laundry, Cleaning, Household",Cleaning,Mr Muscle Sink & Drain Unblocker Gel 500ml,500ml,£7.90/L,3.95,5.00,£1.05 off
Asda Express,"Laundry, Cleaning, Household",Food Storage,Asda Non-PVC Cling Film 50 Metres,1pk,£2.45 each,2.45,,
Asda Express,"Laundry, Cleaning, Household",Food Storage,Highland Spring Eco Bottle Still Spring Water 750ml,750ml,£2.33/L,1.75,,
Asda Express,"Laundry, Cleaning, Household",Laundry,"Ariel Washing Liquid Gel, 26 Washes, Original",858ml,£9.44/L,8.10,,
Asda Express,Meat Alternatives,Chilled Meat Alternatives,Quorn Picnic Eggs 140g,140g,£17.14/kg,2.40,,
Asda Express,"Meat, Poultry, Fish",Bacon,ASDA 10 Unsmoked Back Bacon Rashers 310g,310g,£8.06/kg,2.50,,
Asda Express,"Meat, Poultry, Fish","Beef, Lamb & Veal",ASDA Flavourful Reduced Fat Beef Steak Mince 500g,500g,£13.20/kg,6.60,,
Asda Express,"Meat, Poultry, Fish",Breaded Chicken,ASDA Crispy Breaded Chicken Goujons 300g,300g,£14.00/kg,4.20,,
Asda Express,"Meat, Poultry, Fish",Ready to Eat Fish,Asda 16 Tasty Seafood Sticks 250g,250g,£6.60/kg,1.65,,
Asda Express,"Meat, Poultry, Fish",Sausages,Asda Exceptional 6 Classic Pork Sausages 400g,400g,£9.75/kg,3.90,,
Asda Express,"Meat, Poultry, Fish",Sausages,Asda Exceptional 6 Cumberland Pork Sausages 400g,400g,£9.75/kg,3.90,,
Asda Express,"Milk, Eggs, Dairy",Best Sellers 📈,Asda British Milk Semi Skimmed 4 Pints/2272ml,2.27L,£0.86/L,1.95,,
Asda Express,"Milk, Eggs, Dairy",Best Sellers 📈,Asda Whole British Milk 4 Pints/2272ml,2.27L,£0.86/L,1.95,,
Asda Express,"Milk, Eggs, Dairy",Butter & Spreads,Asda Spreadable Slightly Salted 500g,500g,£6.70/kg,3.35,,
Asda Express,"Milk, Eggs, Dairy",Butter & Spreads,Lurpak Butter Slightly Salted 200g,200g,£12.20/kg,2.44,3.25,£0.81 off
Asda Express,"Milk, Eggs, Dairy",Butter & Spreads,Lurpak Slightly Salted Spreadable 400g,400g,£14.25/kg,5.70,,
Asda Express,"Milk, Eggs, Dairy",Cream,Asda Squirty Cream 250g,250g,£9.40/kg,2.35,,
Asda Express,"Milk, Eggs, Dairy",Cream,Elmlea Double Alternative to Cream 270ml,270ml,£6.67/L,1.80,,
Asda Express,"Milk, Eggs, Dairy",Dairy Free Drinks,Alpro No Sugars Nutty Almond 1L,1L,£2.60/L,2.60,,
Asda Express,"Milk, Eggs, Dairy",Eggs,ASDA Hard Boiled Eggs 90g,90g,£18.33/kg,1.65,,
Asda Express,"Milk, Eggs, Dairy",Eggs,Asda Organic 6 Free Range Eggs 328g,6pk,£0.52 each,3.10,,
Asda Express,"Milk, Eggs, Dairy",Milk,Cravendale Pure Semi Skimmed Milk 2 Litres,2L,£1.70/L,3.40,,
Asda Express,"Milk, Eggs, Dairy",Milk,Cravendale Pure Whole Milk 2 Litres,2L,£1.70/L,3.40,,
Asda Express,"Milk, Eggs, Dairy",Milk,Cravendale Semi Skimmed 1L,1L,£2.20/L,2.20,,
Asda Express,"Milk, Eggs, Dairy",Milk,Cravendale Whole Milk 1L,1L,£2.20/L,2.20,,
Asda Express,"Milk, Eggs, Dairy",Milk,Graham's Semi Skimmed Milk 568ml,568ml,£2.20/L,1.25,,
Asda Express,"Pizza, Pasta, Ready Meals",Burgers & Hot Dogs,Rustlers All Day Breakfast Sausage Muffin 155g,155g,£14.84/kg,2.30,,
Asda Express,"Pizza, Pasta, Ready Meals",Burgers & Hot Dogs,Rustlers The Classic Quarter Pounder 190g,190g,£15.79/kg,3.00,,
Asda Express,"Pizza, Pasta, Ready Meals",Filled Pasta,Asda Chicken & Bacon Tortelloni 300g,300g,£8.17/kg,2.45,,
Asda Express,"Pizza, Pasta, Ready Meals",Filled Pasta,Asda Four Cheese Tortelloni 300g,300g,£8.17/kg,2.45,,
Asda Express,"Pizza, Pasta, Ready Meals",Fresh Pizza,ASDA Stonebaked Pepperoni Pizza 310g,310g,£12.90/kg,4.00,,2 for £6.50
Asda Express,"Pizza, Pasta, Ready Meals",Fresh Pizza,Asda  Stonebaked Margherita Pizza 305g,305g,£13.11/kg,4.00,,2 for £6.50
Asda Express,"Pizza, Pasta, Ready Meals",Garlic Bread & Dough Balls,Asda 2 Garlic & Herb Baguettes 420g,420g,£5.71/kg,2.40,,
Asda Express,"Pizza, Pasta, Ready Meals",Life in the Express Lane 💚🚀,Pasta & Sauce,1pk,£3.00 each,3.00,,
Asda Express,"Pizza, Pasta, Ready Meals",Ready Meals,Asda Sausages & Buttery Mash Meal for One 400g,400g,£10.25/kg,4.10,,2 for £6.50
Asda Express,"Pizza, Pasta, Ready Meals",Starters & Side Dishes,Aunt Bessie's 10 Glorious Golden Yorkshires 190g,190g,£15.53/kg,2.95,,3 for £7.50
Asda Express,"Pizza, Pasta, Ready Meals",Ready Meals,Myprotein Chilli Chipotle Beef with Rice 310g,300g,£12.37/kg,3.71,4.95,£1.24 off
Asda Express,"Pizza, Pasta, Ready Meals",Ready Meals,Myprotein Panang Chicken with Rice 325g,300g,£12.37/kg,3.71,4.95,£1.24 off
Asda Express,"Pizza, Pasta, Ready Meals",Ready Meals,Patak's The Original Chicken Tikka Masala with Rice 400g,400g,£13.00/kg,5.20,,2 for £6.50
Asda Express,"Pizza, Pasta, Ready Meals",Ready Meals,The Gym Kitchen Chicken Tikka 400g,400g,£11.50/kg,4.60,,2 for £6.50
Asda Express,"Pizza, Pasta, Ready Meals",Ready Meals,The Gym Kitchen Thai Green Chicken Curry 400g,400g,£11.50/kg,4.60,,2 for £6.50
Asda Express,"Pizza, Pasta, Ready Meals",Starters & Side Dishes,ASDA Large Vegetable Samosa 90g,90g,£21.11/kg,1.90,,
Asda Express,"Pizza, Pasta, Ready Meals",Starters & Side Dishes,ASDA Onion Bhajis & Mango Chutney Dip 110g,110g,£17.27/kg,1.90,,
Asda Express,"Pizza, Pasta, Ready Meals","Pizza, Pasta, Ready Meals",Asda Chicken & Bacon Tortelloni 300g,,,0.00,,
Asda Express,"Pizza, Pasta, Ready Meals","Pizza, Pasta, Ready Meals",Asda Four Cheese Tortelloni 300g,,,0.00,,
Asda Express,"Pizza, Pasta, Ready Meals",Ready Meals,Asda Italian Inspired Beef Lasagne 400g,400g,£10.25/kg,4.10,,
Asda Express,"Pizza, Pasta, Ready Meals",Ready Meals,Asda Italian Inspired Spaghetti Carbonara 400g,450g,£9.11/kg,4.10,,
Asda Express,"Pizza, Pasta, Ready Meals","Pizza, Pasta, Ready Meals",Asda Rich Cheese Sauce 350g,,,0.00,,
Asda Express,"Pizza, Pasta, Ready Meals",Ready Meals,Patak's The Original Chicken Korma with Rice 400g,400g,£13.00/kg,5.20,,
Asda Express,"Pizza, Pasta, Ready Meals",Ready Meals,The Gym Kitchen Greek Style Chicken Pasta 275g,280g,£11.96/kg,3.35,,
Asda Express,"Rice, Pasta, Pulses, Noodles",Microwave Rice & Grains,Batchelors Super Rice Chicken Flavour 90g,90g,£13.89/kg,1.25,,
Asda Express,"Rice, Pasta, Pulses, Noodles",Microwave Rice & Grains,Batchelors Super Rice Golden Vegetable Flavour 90g,90g,£13.89/kg,1.25,,
Asda Express,"Rice, Pasta, Pulses, Noodles",Microwave Rice & Grains,Ben's Original Classic Long Grain 220g,220g,£5.91/kg,1.30,,
Asda Express,"Rice, Pasta, Pulses, Noodles",Microwave Rice & Grains,Ben's Original Golden Vegetable Microwave Rice 220g,220g,£7.50/kg,1.65,,
Asda Express,"Rice, Pasta, Pulses, Noodles",Microwave Rice & Grains,Tilda Pure Microwave Basmati Rice Classics 250g,250g,£5.00/kg,1.25,,
Asda Express,"Rice, Pasta, Pulses, Noodles",Noodles,Amoy Medium Noodles 2 x 150g (300g),300g,£9.00/kg,2.70,,
Asda Express,"Rice, Pasta, Pulses, Noodles",Noodles,King Pot Noodle Original Curry Flavour 114g,114g,£15.35/kg,1.75,,
Asda Express,"Rice, Pasta, Pulses, Noodles",Noodles,Pot Noodle  King Pot Noodle Beef & Tomato 114 g,114g,£15.35/kg,1.75,,
Asda Express,"Rice, Pasta, Pulses, Noodles",Noodles,Pot Noodle Beef & Tomato Flavour 90g,90g,£12.44/kg,1.12,1.50,£0.38 off
Asda Express,"Rice, Pasta, Pulses, Noodles",Noodles,Pot Noodle King Bombay Bad Boy Flavour 114g,114g,£15.35/kg,1.75,,
Asda Express,"Rice, Pasta, Pulses, Noodles",Noodles,Pot Noodle King Chicken & Mushroom Flavour 114g,114g,£15.35/kg,1.75,,
Asda Express,"Rice, Pasta, Pulses, Noodles",Noodles,Pot Noodle Original Curry Flavour 90g .,90g,£12.44/kg,1.12,1.50,£0.38 off
Asda Express,"Rice, Pasta, Pulses, Noodles",Pasta,Napolina Penne 500g,500g,£2.84/kg,1.42,1.90,£0.48 off
Asda Express,"Rice, Pasta, Pulses, Noodles",Pasta,Napolina Spaghetti 500g,500g,£2.84/kg,1.42,1.90,£0.48 off
Asda Express,"Rice, Pasta, Pulses, Noodles",Rice,Tilda Pure Original Basmati 500g,500g,£5.40/kg,2.70,3.60,£0.90 off
Asda Express,"Rice, Pasta, Pulses, Noodles",Pasta,Asda Fusilli 500g,500g,£1.90/kg,0.95,,
Asda Express,"Rice, Pasta, Pulses, Noodles",Pasta,Batchelors Pasta 'n' Sauce Cheese & Broccoli 99g,99g,£15.15/kg,1.50,,
Asda Express,"Rice, Pasta, Pulses, Noodles",Pasta,Batchelors Pasta 'n' Sauce Chicken & Mushroom Flavour 99g,99g,£15.15/kg,1.50,,
Asda Express,"Rice, Pasta, Pulses, Noodles",Pasta,"Batchelors Pasta 'n' Sauce Tomato, Onion & Herb 99g",99g,£15.15/kg,1.50,,
Asda Express,Salad & Herbs,Best Sellers 📈,Asda Cucumber,1pk,£1.25 each,1.25,,2 for £1.90
Asda Express,Salad & Herbs,Best Sellers 📈,Asda Grower's Selection Sweet Peppers 500g,3pk,£0.84 each,2.52,,
Asda Express,Salad & Herbs,Dressings & Croutons,Heinz Salad Cream Original 425g,425g,£8.82/kg,3.75,,
Asda Express,Salad & Herbs,Lettuce & Salad Bags,Fresh Leaf Co. Rocket & Baby Leaf Salad 70g,70g,£17.86/kg,1.25,,
Asda Express,Spirits & Premixed Drinks,Aperitifs & Liquers,Aperol Spritz 70cl,700ml,£33.00/L,23.10,,
Asda Express,Spirits & Premixed Drinks,Aperitifs & Liquers,Aperol Spritz To Go Alcoholic Aperitif 250ml,250ml,£19.40/L,4.85,,
Asda Express,Spirits & Premixed Drinks,Aperitifs & Liquers,Archers Peach Schnapps 70cl,700ml,£19.50/L,13.65,15.90,£2.25 off
Asda Express,Spirits & Premixed Drinks,Aperitifs & Liquers,Baileys Irish Cream Liqueur 70cl,700ml,£34.36/L,24.05,,
Asda Express,Spirits & Premixed Drinks,Aperitifs & Liquers,Disaronno Originale 500ml,500ml,£36.90/L,18.45,24.60,£6.15 off
Asda Express,Spirits & Premixed Drinks,Aperitifs & Liquers,Southern Comfort Original Liqueur with Whiskey 1 Litre,1L,£35.10/L,35.10,,
Asda Express,Spirits & Premixed Drinks,Best Sellers 📈,BuzzBallz Berry Cherry Limeade 200ml,200ml,£26.25/L,5.25,,
Asda Express,Spirits & Premixed Drinks,Best Sellers 📈,BuzzBallz Chili Mango Cocktails 200ml,200ml,£26.25/L,5.25,,
Asda Express,Spirits & Premixed Drinks,Best Sellers 📈,BuzzBallz Lime 'Rita Margarita Cocktail 200ml,200ml,£26.25/L,5.25,,
Asda Express,Spirits & Premixed Drinks,Best Sellers 📈,Gordon's Spritz Elderflower & Citrus 8.4% vol 750ml,750ml,£13.40/L,10.05,,
Asda Express,Spirits & Premixed Drinks,Best Sellers 📈,Gordon's Spritz Watermelon & Berry 8.4% vol 750ml,750ml,£13.40/L,10.05,,
Asda Express,Spirits & Premixed Drinks,Best Sellers 📈,Smirnoff Ice Vodka Mixed Drink 70cl Bottle,700ml,£6.93/L,4.85,,
Asda Express,Spirits & Premixed Drinks,Best Sellers 📈,Smirnoff No. 21 Vodka Red Label 37.5% vol 70cl,700ml,£35.64/L,24.95,,
Asda Express,Spirits & Premixed Drinks,Brandy & Cognac,Courvoisier VS Cognac 70cl,700ml,£64.50/L,45.15,,
Asda Express,Spirits & Premixed Drinks,Gin,Asda London Dry Gin 1 Litre,1L,£25.00/L,25.00,,
Asda Express,Spirits & Premixed Drinks,Gin,"BOMBAY SAPPHIRE London Dry Gin, 70cl",700ml,£45.71/L,32.00,,
Asda Express,Spirits & Premixed Drinks,Gin,Gordon's London Dry Gin 37.5% vol 35cl Bottle,350ml,£45.71/L,16.00,,
Asda Express,Spirits & Premixed Drinks,Gin,Gordon's London Dry Gin 37.5% vol 70cl,700ml,£35.64/L,24.95,,
Asda Express,Spirits & Premixed Drinks,Gin,Gordon's Premium Pink Gin Based Flavoured Spirit Drink 35% vol 70cl,700ml,£37.07/L,25.95,,
Asda Express,Spirits & Premixed Drinks,Gin,Whitley Neill Rhubarb & Ginger Gin 70cl,700ml,£44.07/L,30.85,,
Asda Express,Spirits & Premixed Drinks,Life in the Express Lane 💚🚀,Spritz Me! 🍊,1pk,£20.00 each,20.00,,
Asda Express,Spirits & Premixed Drinks,Premixed Drinks & Cocktails,Absolut Vodka & Sprite 250ml,250ml,£15.20/L,3.80,,3 for £9
Asda Express,Spirits & Premixed Drinks,Vodka,Au Vodka Blue Raspberry Flavoured Vodka Spirit Drink 70cl,700ml,£54.07/L,37.85,44.35,£6.50 off
Asda Express,Spirits & Premixed Drinks,Vodka,Au Vodka Blue Raspberry Soda Made with Vodka 330ml,330ml,£15.30/L,5.05,,3 for £9
Asda Express,Spirits & Premixed Drinks,Premixed Drinks & Cocktails,Au Vodka Cherryade 330ml,330ml,£15.30/L,5.05,,3 for £9
Asda Express,Spirits & Premixed Drinks,Premixed Drinks & Cocktails,Au Vodka Pink Lemonade 330ml,330ml,£15.30/L,5.05,,3 for £9
Asda Express,Spirits & Premixed Drinks,Premixed Drinks & Cocktails,Bacardi & Coca-Cola 250ml Pre-Mixed Can,250ml,£15.80/L,3.95,,3 for £9
Asda Express,Spirits & Premixed Drinks,Premixed Drinks & Cocktails,Bacardi Mojito Flavoured Alcoholic Drink 250ml,250ml,£14.60/L,3.65,,3 for £9
Asda Express,Spirits & Premixed Drinks,Premixed Drinks & Cocktails,Captain Morgan Original Spiced Gold and Pepsi MAX Ready to Drink 330ml 5% vol can,330ml,£12.27/L,4.05,,3 for £9
Asda Express,Spirits & Premixed Drinks,Premixed Drinks & Cocktails,Funkin Nitro Cocktails Passion Fruit Martini 200ml,200ml,£19.25/L,3.85,,3 for £9
Asda Express,Spirits & Premixed Drinks,Premixed Drinks & Cocktails,Funkin Nitro Cocktails Strawberry Daiquiri 200ml,200ml,£19.25/L,3.85,,3 for £9
Asda Express,Spirits & Premixed Drinks,Premixed Drinks & Cocktails,Gordon's London Dry Gin with Tonic 250ml Ready to Drink Premix Can,250ml,£15.20/L,3.80,,3 for £9
Asda Express,Spirits & Premixed Drinks,Premixed Drinks & Cocktails,Gordon's Pink Gin & Tonic Premix Ready to Drink 250ml,250ml,£15.00/L,3.75,,3 for £9
Asda Express,Spirits & Premixed Drinks,Premixed Drinks & Cocktails,Gordon's Special Dry London Gin and Slimline Tonic Ready to Drink 250ml Can,250ml,£15.00/L,3.75,,3 for £9
Asda Express,Spirits & Premixed Drinks,Premixed Drinks & Cocktails,Hooch Alcoholic Lemonade with Vodka & Fruit Juice 440ml,440ml,£8.07/L,3.55,,3 for £9
Asda Express,Spirits & Premixed Drinks,Premixed Drinks & Cocktails,Hooch Pink Alcoholic Raspberry Lemonade 440ml,440ml,£8.07/L,3.55,,3 for £9
Asda Express,Spirits & Premixed Drinks,Premixed Drinks & Cocktails,Jack Daniel's & Coca-Cola 6 x 250ml,6pk,£7.30/L,10.95,14.60,£3.65 off
Asda Express,Spirits & Premixed Drinks,Premixed Drinks & Cocktails,MOTH Espresso Martini 125ml,125ml,£47.20/L,5.90,,3 for £9
Asda Express,Spirits & Premixed Drinks,Premixed Drinks & Cocktails,MOTH Margarita 125ml,125ml,£47.20/L,5.90,,3 for £9
Asda Express,Spirits & Premixed Drinks,Premixed Drinks & Cocktails,Malibu Cola 250ml,250ml,£14.20/L,3.55,,3 for £9
Asda Express,Spirits & Premixed Drinks,Premixed Drinks & Cocktails,Malibu Pina Colada Still Pre-Mixed Drink 250ml,250ml,£14.20/L,3.55,,3 for £9
Asda Express,Spirits & Premixed Drinks,Premixed Drinks & Cocktails,Smirnoff Miami Peach & Lemonade Ready to Drink 5% vol 250ml,250ml,£14.20/L,3.55,,3 for £9
Asda Express,Spirits & Premixed Drinks,Premixed Drinks & Cocktails,Smirnoff Red Label Vodka and Diet Cola 250ml Ready to Drink Premix Can,250ml,£14.20/L,3.55,,3 for £9
Asda Express,Spirits & Premixed Drinks,Premixed Drinks & Cocktails,Beatbox Party Punch Blue Razzberry 15 X 330ml,330ml,£16.06/L,5.30,,
Asda Express,Spirits & Premixed Drinks,Premixed Drinks & Cocktails,BuzzBallz Forbidden Apple Sour Apple Cocktail 200ml,200ml,£36.75/L,7.35,,
Asda Express,Spirits & Premixed Drinks,Premixed Drinks & Cocktails,Dead Man's Fingers Cherry Rum Cola 250ml,250ml,£14.20/L,3.55,,
Asda Express,Spirits & Premixed Drinks,Premixed Drinks & Cocktails,Four Loko Dark Berry Burst 440ml,440ml,£11.02/L,4.85,,
Asda Express,Spirits & Premixed Drinks,Premixed Drinks & Cocktails,Four Loko Tropical 440ml,440ml,£11.02/L,4.85,,
Asda Express,Spirits & Premixed Drinks,Premixed Drinks & Cocktails,Jack Daniel's and Coca-Cola 330ml Pre-Mixed Can,330ml,£12.73/L,4.20,,
Asda Express,Spirits & Premixed Drinks,Premixed Drinks & Cocktails,MOTH Mojito 200ml,200ml,£29.50/L,5.90,,
Asda Express,Spirits & Premixed Drinks,Premixed Drinks & Cocktails,Moth Rum Strawberry Lime 125ml,125ml,£47.20/L,5.90,,
Asda Express,Spirits & Premixed Drinks,Premixed Drinks & Cocktails,Moth Spicy Margarita Tequila 125ml,125ml,£47.20/L,5.90,,
Asda Express,Spirits & Premixed Drinks,Premixed Drinks & Cocktails,Moth Tequila Mango Triple Sec Lime 125ml,125ml,£52.80/L,6.60,,
Asda Express,Spirits & Premixed Drinks,Premixed Drinks & Cocktails,Served Lychee Martini Premium Cocktail 250ml,250ml,£20.80/L,5.20,,
Asda Express,Spirits & Premixed Drinks,Premixed Drinks & Cocktails,Served Margarita Premium Cocktail 250ml,250ml,£17.60/L,4.40,,
Asda Express,Spirits & Premixed Drinks,Premixed Drinks & Cocktails,Smirnoff Crush Lemon And Lime Vodka Mixed Drink 6% vol 440ml Can,440ml,£12.84/L,5.65,,
Asda Express,Spirits & Premixed Drinks,Premixed Drinks & Cocktails,Smirnoff Crush Mango And Peach Vodka Mixed Drink 6% vol 440ml Can,440ml,£12.84/L,5.65,,
Asda Express,Spirits & Premixed Drinks,Premixed Drinks & Cocktails,Soopa Hooch Cherry Cola 440ml,440ml,£11.02/L,4.85,,
Asda Express,Spirits & Premixed Drinks,Premixed Drinks & Cocktails,WKD Blue Raspberry 440ml,440ml,£12.50/L,5.50,,
Asda Express,Spirits & Premixed Drinks,Premixed Drinks & Cocktails,WKD Mango Passion 440ml,440ml,£8.18/L,3.60,,
Asda Express,Spirits & Premixed Drinks,Premixed Drinks & Cocktails,WKD Original Blue Vodka Mix 700ml,700ml,£6.93/L,4.85,,
Asda Express,Spirits & Premixed Drinks,Premixed Drinks & Cocktails,White Claw Black Cherry Hard Seltzer 330ml,330ml,£14.09/L,4.65,,
Asda Express,Spirits & Premixed Drinks,Premixed Drinks & Cocktails,White Claw Raspberry Sparkling Water with Alcohol 330ml,330ml,£14.09/L,4.65,,
Asda Express,Spirits & Premixed Drinks,Rum,"BACARDI Carta Blanca Superior White Rum, 70cl",700ml,£32.00/L,22.40,,
Asda Express,Spirits & Premixed Drinks,Vodka,Absolut Swedish Vodka 700ml,700ml,£44.07/L,30.85,,
Asda Express,Spirits & Premixed Drinks,Spirits & Premixed Drinks,Aperol Spritz 70cl,,,0.00,,
Asda Express,Spirits & Premixed Drinks,Vodka,Asda Triple Distilled Vodka 1 Litre,1L,£26.45/L,26.45,,
Asda Express,Spirits & Premixed Drinks,Whisky,Bell's Blended Scotch Whisky 70cl,700ml,£31.07/L,21.75,,
Asda Express,Spirits & Premixed Drinks,Whisky,Bell's Original Blended Scotch Whisky 40% vol 35cl Bottle,350ml,£43.57/L,15.25,,
Asda Express,Spirits & Premixed Drinks,Spirits & Premixed Drinks,Fillipo Sansovino Prosecco 75cl,,,0.00,,
Asda Express,Spirits & Premixed Drinks,Spirits & Premixed Drinks,Fillipo Sansovino Prosecco D.O.C. Rose 75cl,,,0.00,,
Asda Express,Spirits & Premixed Drinks,Whisky,Glenfiddich 12 Year Old Single Malt Scotch Whisky 70cl,700ml,£81.21/L,56.85,,
Asda Express,Spirits & Premixed Drinks,Vodka,Grey Goose Vodka 700ml,700ml,£79.36/L,55.55,,
Asda Express,Spirits & Premixed Drinks,Whisky,Jack Daniel's Old No. 7 Tennessee Whiskey 70 cL,700ml,£47.79/L,33.45,,
Asda Express,Spirits & Premixed Drinks,Whisky,Jack Daniel's Tennessee Honey 35 cL,350ml,£52.00/L,18.20,,
Asda Express,Spirits & Premixed Drinks,Whisky,Jack Daniel's Tennessee Whiskey 35 cL,350ml,£52.00/L,18.20,,
Asda Express,Spirits & Premixed Drinks,Whisky,Jameson Triple Distilled Irish Whiskey 700ml,700ml,£49.43/L,34.60,,
Asda Express,Spirits & Premixed Drinks,Spirits & Premixed Drinks,Kylie Minogue Prosecco Rose 75cl,,,0.00,,
Asda Express,Spirits & Premixed Drinks,Spirits & Premixed Drinks,Schweppes Slimline Lemonade 2L,,,0.00,,
Asda Express,Spirits & Premixed Drinks,Spirits & Premixed Drinks,Schweppes Soda Water 1L,,,0.00,,
Asda Express,Spirits & Premixed Drinks,Tequila & Mezcal,Sierra Tequila Blanco 50cl,500ml,£46.80/L,23.40,,
Asda Express,Spirits & Premixed Drinks,Vodka,Smirnoff No. 21 Vodka Bottle 35cl,350ml,£43.57/L,15.25,,
Asda Express,Spirits & Premixed Drinks,Vodka,Smirnoff Raspberry Crush Vodka Based Flavoured Spirit Drink 35% vol 70cl,700ml,£35.71/L,25.00,,
Asda Express,Spirits & Premixed Drinks,Tequila & Mezcal,Tequila Rose Strawberry Cream Liqueur with Tequila 500ml,500ml,£35.90/L,17.95,,
Asda Express,"Sugar, Flour, Baking",Flour,Asda Bake Self Raising Flour 1.5kg,1.5kg,£0.73/kg,1.10,,
Asda Express,"Sugar, Flour, Baking",Flour,Asda Bake by Plain Flour 1.5kg,1.5kg,£0.67/kg,1.00,,
Asda Express,"Sugar, Flour, Baking",Sugar,Silver Spoon Granulated Sugar 1kg,1kg,£1.40/kg,1.40,,
Asda Express,"Sugar, Flour, Baking",Sugar,Silver Spoon Icing Sugar 500g,500g,£4.20/kg,2.10,,
Asda Express,Table Sauces & Condiments,Ketchup,Heinz Tomato Ketchup 400ml,460g,£8.15/kg,3.75,,
Asda Express,Table Sauces & Condiments,Mayonnaise & Condiments,"HP Classic BBQ Sauce, Dip, Marinade 465g",465g,£8.06/kg,3.75,,
Asda Express,Table Sauces & Condiments,Mayonnaise & Condiments,Hellmann's  Condiment Light Mayonnaise 580 ml,580ml,£6.03/L,3.50,4.05,£0.55 off
Asda Express,Table Sauces & Condiments,Mayonnaise & Condiments,Hellmann's  Condiment Real Mayonnaise 430 ml,404g,£8.04/kg,3.25,,
Asda Express,Table Sauces & Condiments,Mayonnaise & Condiments,Hellmann's  Condiment Real Mayonnaise 580 ml,580ml,£6.03/L,3.50,4.05,£0.55 off
Asda Express,Table Sauces & Condiments,Mayonnaise & Condiments,Hellmann's Creamy Ranch 430ml,430ml,£10.23/L,4.40,,
Asda Express,Table Sauces & Condiments,Mayonnaise & Condiments,Hellmann's Garlic & Herb Sauce 430ml,430ml,£10.23/L,4.40,,
Asda Express,Table Sauces & Condiments,Mayonnaise & Condiments,Hellmann's Light Mayonnaise 430ml,432g,£7.52/kg,3.25,,
Asda Express,Table Sauces & Condiments,Mustard,Colman's Mustard 170g,170g,£16.47/kg,2.80,,
Asda Express,Table Sauces & Condiments,Mustard,Heinz American Style Mild Yellow Mustard 445g,400ml,£10.63/L,4.25,,
Asda Express,Table Sauces & Condiments,Other Sauces,HP The Original Sauce 450g,450g,£8.33/kg,3.75,,
Asda Express,Table Sauces & Condiments,Other Sauces,Heinz American Style Burger Sauce 418g,418g,£10.17/kg,4.25,,
Asda Express,Table Sauces & Condiments,Other Sauces,Heinz Turkish Style Garlic Sauce 420g,420g,£10.12/kg,4.25,,
Asda Express,"Tea, Coffee, Hot Drinks",Coffee,Kenco Millicano Americano Original Instant Coffee 100g,100g,£86.00/kg,8.60,,
Asda Express,"Tea, Coffee, Hot Drinks",Coffee,Kenco Rich Instant Coffee 200g,200g,£47.75/kg,9.55,,
Asda Express,"Tea, Coffee, Hot Drinks",Coffee,Kenco Smooth Instant Coffee 200g,200g,£47.75/kg,9.55,,
Asda Express,"Tea, Coffee, Hot Drinks",Coffee,Nescafe 2 in 1 8 x 9g (72g),70g,£24.29/kg,1.70,,
Asda Express,"Tea, Coffee, Hot Drinks",Coffee,Nescafe 3 in 1 Original 8 x 16g (128g),130g,£16.54/kg,2.15,,
Asda Express,"Tea, Coffee, Hot Drinks",Coffee,Nescafe Gold Blend 95g,100g,£56.00/kg,5.60,,
Asda Express,"Tea, Coffee, Hot Drinks",Coffee,Nescafe Original 100g,100g,£48.50/kg,4.85,,
Asda Express,"Tea, Coffee, Hot Drinks",Coffee,Nescafe Original Decaf 190g,190g,£44.47/kg,8.45,,
Asda Express,"Tea, Coffee, Hot Drinks",Hot Chocolate,Cadbury Drinking Hot Chocolate 500g,500g,£11.20/kg,5.60,,
Asda Express,"Tea, Coffee, Hot Drinks",Hot Chocolate,Horlicks Original Hot Malty Goodness 400g,400g,£12.50/kg,5.00,,
Asda Express,"Tea, Coffee, Hot Drinks",Tea,Tetley 80 Decaf Tea Bags 250g,250g,£13.48/kg,3.37,4.50,£1.13 off
Asda Express,"Tea, Coffee, Hot Drinks",Tea,Tetley 80 Original Tea Bags 250g,250g,£13.00/kg,3.25,4.30,£1.05 off
Asda Express,"Tea, Coffee, Hot Drinks",Tea,Taylors of Harrogate 40 Yorkshire Tea Bags 125g,125g,£22.00/kg,2.75,,
Asda Express,"Tea, Coffee, Hot Drinks",Tea,Twinings Lemon & Ginger 20 Tea Bags 30g,30g,£106.67/kg,3.20,,
Asda Express,"Tea, Coffee, Hot Drinks",Tea,Twinings Pure Peppermint 20 Tea Bags 40g,40g,£80.00/kg,3.20,,
Asda Express,"Tea, Coffee, Hot Drinks",Tea,Twinings Strong English Breakfast 80 Tea Bags 250g,250g,£28.80/kg,7.20,,
Asda Express,Tins & Cans,Baked Beans,Heinz Beans 415g,415g,£4.22/kg,1.75,,
Asda Express,Tins & Cans,Tinned Tomatoes & Puree,ASDA Double Concentrate Tomato Puree 200g,200g,£5.00/kg,1.00,,
Asda Express,Tins & Cans,Life in the Express Lane 💚🚀,Heinz Mix & Match,1pk,£4.65 each,4.65,,
Asda Express,Tins & Cans,"Tinned Vegetables, Beans & Pulses",Green Giant Original Naturally Sweet Corn 198g,198g,£7.73/kg,1.53,1.80,£0.27 off
Asda Express,Tins & Cans,Tinned Soup,Heinz Classic Cream of Chicken Soup 400g,400g,£5.25/kg,2.10,,3 for £4.65
Asda Express,Tins & Cans,Tinned Soup,Heinz Cream of Tomato Soup 400g,400g,£5.25/kg,2.10,,3 for £4.65
Asda Express,Tins & Cans,Other Tinned & Pickled Food,Spam Chopped Pork And Ham 340g,340g,£9.65/kg,3.28,4.05,£0.77 off
Asda Express,Tins & Cans,Other Tinned & Pickled Food,Del Monte Fruit Cocktail in Juice 415g,415g,£3.61/kg,1.50,,
Asda Express,Tins & Cans,Other Tinned & Pickled Food,Heinz Spaghetti Hoops 400g,400g,£3.88/kg,1.55,,
Asda Express,Tins & Cans,Other Tinned & Pickled Food,Kingsfood 8 Hot Dogs in Brine 400g,400g,£2.75/kg,1.10,,
Asda Express,Tins & Cans,Other Tinned & Pickled Food,Old El Paso Jalapenos 215g,215g,£10.93/kg,2.35,,
Asda Express,Tins & Cans,Other Tinned & Pickled Food,Princes Reduced Salt Corned Beef 340g,340g,£14.26/kg,4.85,,
Asda Express,Tins & Cans,Tinned Fish & Seafood,Asda Tuna Chunks in Spring Water 145g,145g,£9.31/kg,1.35,,
Asda Express,Tins & Cans,Tinned Fish & Seafood,John West Mackerel Fillets in Tomato Sauce 115g,115g,£19.57/kg,2.25,,
Asda Express,Tins & Cans,Tinned Fish & Seafood,John West Tuna Chunks with a Little Spring Water 100g,300g,£16.50/kg,4.95,,
Asda Express,Tins & Cans,Tinned Fish & Seafood,John West Wild Pacific Red Salmon 213g,213g,£32.39/kg,6.90,,
Asda Express,Tins & Cans,Tinned Tomatoes & Puree,Asda Passata 500g,500g,£2.50/kg,1.25,,
Asda Express,Tins & Cans,Tinned Tomatoes & Puree,Napolina Chopped Tomatoes in a Rich Tomato Juice 400g,400g,£3.13/kg,1.25,,
Asda Express,Tins & Cans,"Tinned Vegetables, Beans & Pulses",John West on the Go Light Mediterranean Tuna Pasta Salad 220g,220g,£14.77/kg,3.25,,
Asda Express,Tins & Cans,Tins & Cans,Heinz Classic Cream of Chicken Soup 400g,,,0.00,,
Asda Express,Tins & Cans,Tins & Cans,Heinz Cream of Tomato Soup 400g,,,0.00,,
Asda Express,Vegetables,Life in the Express Lane 💚🚀,Feelin' Fresh,1pk,£1.90 each,1.90,,
Asda Express,Vegetables,Mushrooms,Asda White Mushrooms 250g,250g,£5.00/kg,1.25,,
Asda Express,Vegetables,Onions & Leeks,Asda 3 Crunchy & Fragrant Brown Onions,3pk,£0.40 each,1.20,,
Asda Express,Vegetables,Potatoes,Asda Grower's Selection British Maris Piper Potatoes 1.25kg,1.25kg,£1.32/kg,1.65,,
Asda Express,Vegetables,Prepared Vegetables,ASDA Carrot Sticks with a Houmous Dip 100g,100g,£16.50/kg,1.65,,
Asda Express,Vegetables,Vegetables,Asda Cucumber,,,0.00,,
Asda Express,"Water, Soft Drinks, Mixers",Best Sellers 📈,Coca-Cola Cherry 1.75L,1.75L,£1.91/L,3.35,,
Asda Express,"Water, Soft Drinks, Mixers",Best Sellers 📈,Coca-Cola Classic 8 x 330ml,8pk,£2.78/L,7.35,,
Asda Express,"Water, Soft Drinks, Mixers",Best Sellers 📈,Evian Still Natural Mineral Water 1.5L,1.5L,£1.30/L,1.95,,
Asda Express,"Water, Soft Drinks, Mixers",Best Sellers 📈,Nestle Pure Life Still Spring Water 12 x 50cl,12pk,£0.53/L,3.15,,
Asda Express,"Water, Soft Drinks, Mixers",Best Sellers 📈,Robinsons Fruit Shoot Apple & Blackcurrant Juice Drink 4 x 200ml,4pk,£3.63/L,2.90,,
Asda Express,"Water, Soft Drinks, Mixers",Best Sellers 📈,Yazoo Strawberry Milk Drink 400ml,400ml,£4.00/L,1.60,,
Asda Express,"Water, Soft Drinks, Mixers",Cola,Coca-Cola Cherry Float 500ml Bottle,500ml,£6.10/L,3.05,,
Asda Express,"Water, Soft Drinks, Mixers",Cola,Coca-Cola Classic 1.75L,1.75L,£1.49/L,2.61,3.45,£0.84 off
Asda Express,"Water, Soft Drinks, Mixers",Cola,Coca-Cola Classic 12 x 330ml,12pk,£2.22/L,8.80,10.80,£2 off
Asda Express,"Water, Soft Drinks, Mixers",Cola,Coca-Cola Classic 330ml,330ml,£5.91/L,1.95,,
Asda Express,"Water, Soft Drinks, Mixers",Cola,Coca-Cola Classic 500ml,500ml,£5.10/L,2.55,,
Asda Express,"Water, Soft Drinks, Mixers",Cola,Coca-Cola Classic Cherry 500ml,500ml,£5.10/L,2.55,,
Asda Express,"Water, Soft Drinks, Mixers",Cola,Coca-Cola Original Taste 4 x 330ml Cans,1.32L,£3.52/L,4.65,,
Asda Express,"Water, Soft Drinks, Mixers",Cola,Coca-Cola Original Taste 500ml Superfan Can,500ml,£6.10/L,3.05,,
Asda Express,"Water, Soft Drinks, Mixers",Cola,Coca-Cola Zero Sugar 2L,2L,£1.40/L,2.80,,
Asda Express,"Water, Soft Drinks, Mixers",Cola,Coca-Cola Zero Sugar 330ml,330ml,£5.45/L,1.80,,
Asda Express,"Water, Soft Drinks, Mixers",Cola,Coca-Cola Zero Sugar 4 x 330ml,1.32L,£3.26/L,4.30,,
Asda Express,"Water, Soft Drinks, Mixers",Cola,Coca-Cola Zero Sugar 500ml,500ml,£5.00/L,2.50,,2 for £3.75
Asda Express,"Water, Soft Drinks, Mixers",Cola,Coca-Cola Zero Sugar 500ml Superfan Can,500ml,£5.70/L,2.85,,
Asda Express,"Water, Soft Drinks, Mixers",Cola,Coca-Cola Zero Sugar 8 x 330ml,8pk,£2.05/L,5.40,,
Asda Express,"Water, Soft Drinks, Mixers",Cola,Coca-Cola Zero Sugar Cherry 2 L,2L,£1.40/L,2.80,,2 for £5.50
Asda Express,"Water, Soft Drinks, Mixers",Cola,Coca-Cola Zero Sugar Cherry Float 500ml Bottle,500ml,£6.10/L,3.05,,
Asda Express,"Water, Soft Drinks, Mixers",Cola,Diet Coke 2L,2L,£1.40/L,2.80,,
Asda Express,"Water, Soft Drinks, Mixers",Cola,Diet Coke 330ml,330ml,£5.45/L,1.80,,
Asda Express,"Water, Soft Drinks, Mixers",Cola,Diet Coke 500ml,500ml,£5.10/L,2.55,,2 for £3.75
Asda Express,"Water, Soft Drinks, Mixers",Cola,Diet Coke 8 x 330ml,8pk,£2.05/L,5.40,,
Asda Express,"Water, Soft Drinks, Mixers",Cola,Diet Coke Caffeine Free 500ml,500ml,£5.10/L,2.55,,
Asda Express,"Water, Soft Drinks, Mixers",Cola,Diet Coke Cherry Cola 500ml Bottle,500ml,£5.70/L,2.85,,
Asda Express,"Water, Soft Drinks, Mixers",Cola,Diet Coke Cola 4 x 330ml Cans,1.32L,£3.26/L,4.30,,
Asda Express,"Water, Soft Drinks, Mixers",Cola,Diet Coke Cola Superfan 500ml Can,500ml,£6.10/L,3.05,,
Asda Express,"Water, Soft Drinks, Mixers",Cola,Dr Pepper 500ml,500ml,£5.10/L,2.55,,2 for £3.75
Asda Express,"Water, Soft Drinks, Mixers",Cola,Pepsi 2 litres,2L,£1.40/L,2.80,,
Asda Express,"Water, Soft Drinks, Mixers",Cola,Pepsi Cream Soda Flavour 500ml,500ml,£4.80/L,2.40,,
Asda Express,"Water, Soft Drinks, Mixers",Cola,Pepsi Max 2 Litres,2L,£1.40/L,2.80,,
Asda Express,"Water, Soft Drinks, Mixers",Cola,Pepsi Max 500ml,500ml,£4.80/L,2.40,,2 for £3.75
Asda Express,"Water, Soft Drinks, Mixers",Cola,Pepsi Max 8 x 330ml,8pk,£1.93/L,5.10,,
Asda Express,"Water, Soft Drinks, Mixers",Cola,Pepsi Max Cherry 2 Litres,2L,£1.40/L,2.80,,
Asda Express,"Water, Soft Drinks, Mixers",Cola,Pepsi Max Cherry 500ml,500ml,£4.80/L,2.40,,2 for £3.75
Asda Express,"Water, Soft Drinks, Mixers",Cola,Pepsi Max Cherry 8 x 330ml,8pk,£1.93/L,5.10,,
Asda Express,"Water, Soft Drinks, Mixers",Fizzy & Soft Drinks,Asda Apple Juice from Concentrate 1 Litre,1L,£2.10/L,2.10,,
Asda Express,"Water, Soft Drinks, Mixers",Fizzy & Soft Drinks,Capri-Sun Orange 330ml,330ml,£5.91/L,1.95,,
Asda Express,"Water, Soft Drinks, Mixers",Fizzy & Soft Drinks,Dr Pepper 2L,2L,£1.43/L,2.85,,
Asda Express,"Water, Soft Drinks, Mixers",Fizzy & Soft Drinks,Dr Pepper 8 x 330ml,8pk,£2.16/L,5.70,,
Asda Express,"Water, Soft Drinks, Mixers",Fizzy & Soft Drinks,Dr Pepper Cream Swirl 500ml Bottle,500ml,£5.90/L,2.95,,
Asda Express,"Water, Soft Drinks, Mixers",Fizzy & Soft Drinks,Dr Pepper Zero 2L,2L,£1.43/L,2.85,,2 for £5.50
Asda Express,"Water, Soft Drinks, Mixers",Fizzy & Soft Drinks,Dr Pepper Zero 500ml,500ml,£5.10/L,2.55,,2 for £3.75
Asda Express,"Water, Soft Drinks, Mixers",Fizzy & Soft Drinks,Dr Pepper Zero Cherry Crush 500ml,500ml,£5.10/L,2.55,,2 for £3.75
Asda Express,"Water, Soft Drinks, Mixers",Fizzy & Soft Drinks,Fanta Fruit Twist 2L,2L,£1.43/L,2.85,,2 for £5.50
Asda Express,"Water, Soft Drinks, Mixers",Fizzy & Soft Drinks,Fanta Fruit Twist 500ml,500ml,£5.10/L,2.55,,2 for £3.75
Asda Express,"Water, Soft Drinks, Mixers",Fizzy & Soft Drinks,Fanta Grape 500ml Bottle,500ml,£6.20/L,3.10,,
Asda Express,"Water, Soft Drinks, Mixers",Fizzy & Soft Drinks,Fanta Orange 2L,2L,£1.43/L,2.85,,2 for £5.50
Asda Express,"Water, Soft Drinks, Mixers",Fizzy & Soft Drinks,Fanta Orange 500ml,500ml,£5.10/L,2.55,,2 for £3.75
Asda Express,"Water, Soft Drinks, Mixers",Fizzy & Soft Drinks,Fanta Orange Zero 500ml,500ml,£5.10/L,2.55,,2 for £3.75
Asda Express,"Water, Soft Drinks, Mixers",Fizzy & Soft Drinks,IRN-BRU 8 x 330ml Cans,8pk,£2.01/L,5.30,,
Asda Express,"Water, Soft Drinks, Mixers",Fizzy & Soft Drinks,IRN-BRU Xtra Sugar Free Soft Drink 500ml Bottle,500ml,£5.10/L,2.55,,2 for £3.75
Asda Express,"Water, Soft Drinks, Mixers",Fizzy & Soft Drinks,Irn-Bru 1901 2 Litre,2L,£1.63/L,3.25,,
Asda Express,"Water, Soft Drinks, Mixers",Fizzy & Soft Drinks,Irn-Bru 2 Litre,2L,£1.35/L,2.70,,
Asda Express,"Water, Soft Drinks, Mixers",Fizzy & Soft Drinks,Irn-Bru 500ml,500ml,£4.60/L,2.30,,
Asda Express,"Water, Soft Drinks, Mixers",Fizzy & Soft Drinks,Lipton Lemon Ice Tea 500ml,500ml,£5.10/L,2.55,,
Asda Express,"Water, Soft Drinks, Mixers",Fizzy & Soft Drinks,Lipton Peach Ice Tea 500ml,500ml,£5.10/L,2.55,,
Asda Express,"Water, Soft Drinks, Mixers",Fizzy & Soft Drinks,Living Things Peach & Blood Orange 330ml,330ml,£7.88/L,2.60,,
Asda Express,"Water, Soft Drinks, Mixers",Fizzy & Soft Drinks,Living Things Raspberry & Pomegranate 330ml,330ml,£7.88/L,2.60,,
Asda Express,"Water, Soft Drinks, Mixers",Fizzy & Soft Drinks,Living Things Watermelon & Lime 330ml,330ml,£7.88/L,2.60,,
Asda Express,"Water, Soft Drinks, Mixers",Fizzy & Soft Drinks,Oasis Citrus Punch 500ml,500ml,£5.40/L,2.70,,2 for £3.75
Asda Express,"Water, Soft Drinks, Mixers",Fizzy & Soft Drinks,Oasis Summer Fruits 1.5L,1.5L,£2.03/L,3.05,,
Asda Express,"Water, Soft Drinks, Mixers",Fizzy & Soft Drinks,Ribena Blackcurrant Juice Drink 500ml,500ml,£4.80/L,2.40,,
Asda Express,"Water, Soft Drinks, Mixers",Fizzy & Soft Drinks,Robinsons Raspberry & Apple 500ml,500ml,£4.60/L,2.30,,2 for £3.75
Asda Express,"Water, Soft Drinks, Mixers",Fizzy & Soft Drinks,Tango Apple 500ml,500ml,£4.80/L,2.40,,2 for £3.75
Asda Express,"Water, Soft Drinks, Mixers",Fizzy & Soft Drinks,Tango Cherry Sugar Free 2 Litres,2L,£1.30/L,2.60,,
Asda Express,"Water, Soft Drinks, Mixers",Fizzy & Soft Drinks,Tango Orange Original Bottle 500ml,500ml,£4.80/L,2.40,,2 for £3.75
Asda Express,"Water, Soft Drinks, Mixers",Fizzy & Soft Drinks,Trip Calm 330ml,330ml,£9.09/L,3.00,,
Asda Express,"Water, Soft Drinks, Mixers",Fizzy & Soft Drinks,Trip Raspberry Orange Blossom Lightly Sparkling Magnesium & Botanicals 330ml,330ml,£9.09/L,3.00,,
Asda Express,"Water, Soft Drinks, Mixers",Fizzy & Soft Drinks,Vimto Fizzy Original 2L,2L,£1.13/L,2.25,,
Asda Express,"Water, Soft Drinks, Mixers",Fizzy & Soft Drinks,Vit Hit Detox Mandarin + Orange 500ml,500ml,£4.70/L,2.35,,
Asda Express,"Water, Soft Drinks, Mixers",Iced Coffee & Milk Drinks,Muller Frijj Fudge Brownie Flavour Milkshake 330ml,330ml,£3.97/L,1.31,1.75,£0.44 off
Asda Express,"Water, Soft Drinks, Mixers",Iced Coffee & Milk Drinks,Shaken Udder Chocolush Milkshake 330ml,330ml,£6.36/L,2.10,,
Asda Express,"Water, Soft Drinks, Mixers",Iced Coffee & Milk Drinks,Starbucks Cappucino Chilled Coffee 220ml,220ml,£11.36/L,2.50,,
Asda Express,"Water, Soft Drinks, Mixers",Iced Coffee & Milk Drinks,Starbucks Caramel Macchiato Flavour Chilled Coffee 220ml,220ml,£8.50/L,1.87,2.50,£0.63 off
Asda Express,"Water, Soft Drinks, Mixers",Iced Coffee & Milk Drinks,Starbucks Caramel Macchiato Flavour Chilled Coffee 330ml,330ml,£10.91/L,3.60,,
Asda Express,"Water, Soft Drinks, Mixers",Iced Coffee & Milk Drinks,Starbucks Caramel Macchiato Flavour Chilled Coffee 750ml,750ml,£5.80/L,4.35,,
Asda Express,"Water, Soft Drinks, Mixers",Iced Coffee & Milk Drinks,Starbucks Frappuccino Coffee Drink 250ml,250ml,£10.40/L,2.60,,
Asda Express,"Water, Soft Drinks, Mixers",Iced Coffee & Milk Drinks,Starbucks Grande Cup Caffe Latte Chilled Coffee 330ml,330ml,£10.91/L,3.60,,
Asda Express,"Water, Soft Drinks, Mixers",Iced Coffee & Milk Drinks,Starbucks Indulgent Caramel Flavour Frappuccino Coffee Drink 250ml,250ml,£10.40/L,2.60,,
Asda Express,"Water, Soft Drinks, Mixers",Iced Coffee & Milk Drinks,Starbucks Skinny Latte Chilled Coffee 220ml,220ml,£8.50/L,1.87,2.50,£0.63 off
Asda Express,"Water, Soft Drinks, Mixers",Iced Coffee & Milk Drinks,Starbucks Tripleshot Espresso 300ml,300ml,£10.67/L,3.20,,
Asda Express,"Water, Soft Drinks, Mixers",Iced Coffee & Milk Drinks,Yazoo Chocolate Milk Drink 1L,1L,£2.65/L,2.65,,
Asda Express,"Water, Soft Drinks, Mixers",Sport & Energy Drinks,Lucozade Energy Drink Orange 4x380ml,4pk,£2.76/L,4.20,,
Asda Express,"Water, Soft Drinks, Mixers",Lemonade,Schweppes Slimline Lemonade 2L,2L,£0.98/L,1.95,,
Asda Express,"Water, Soft Drinks, Mixers",Lemonade,7UP Zero Sugar 2 Litres,2L,£0.98/L,1.95,2.60,£0.65 off
Asda Express,"Water, Soft Drinks, Mixers",Lemonade,7UP Zero Sugar 500ml,500ml,£5.10/L,2.55,,2 for £3.75
Asda Express,"Water, Soft Drinks, Mixers",Lemonade,7Up Zero Sugar Pink Lemonade 500ml,500ml,£5.10/L,2.55,,2 for £3.75
Asda Express,"Water, Soft Drinks, Mixers",Lemonade,Fanta Icy Lemon 2 Litre,2L,£1.43/L,2.85,,2 for £5.50
Asda Express,"Water, Soft Drinks, Mixers",Lemonade,Fever-Tree Mexican Lime Soda 500ml,500ml,£6.10/L,3.05,,
Asda Express,"Water, Soft Drinks, Mixers",Lemonade,Schweppes Lemonade 2L,2L,£0.98/L,1.95,,
Asda Express,"Water, Soft Drinks, Mixers",Lemonade,Sprite 2L,2L,£1.43/L,2.85,,2 for £5.50
Asda Express,"Water, Soft Drinks, Mixers",Lemonade,Sprite 500ml,500ml,£5.10/L,2.55,,2 for £3.75
Asda Express,"Water, Soft Drinks, Mixers",Lemonade,Sprite No Sugar 500ml,500ml,£5.10/L,2.55,,
Asda Express,"Water, Soft Drinks, Mixers",Water,Evian Natural Mineral Water 75cl,750ml,£3.07/L,2.30,,2 for £4
Asda Express,"Water, Soft Drinks, Mixers",Sport & Energy Drinks,Huel Ready-to-drink Vanilla Flavour 500ml,500ml,£6.52/L,3.26,4.35,£1.09 off
Asda Express,"Water, Soft Drinks, Mixers",Sport & Energy Drinks,Lucozade Energy Drink Cherry 500ml,500ml,£4.60/L,2.30,,2 for £3.75
Asda Express,"Water, Soft Drinks, Mixers",Sport & Energy Drinks,Lucozade Energy Drink Orange 500ml,500ml,£4.60/L,2.30,,2 for £3.75
Asda Express,"Water, Soft Drinks, Mixers",Sport & Energy Drinks,Lucozade Energy Drink Orange 900ml,900ml,£1.94/L,1.75,2.25,£0.50 off
Asda Express,"Water, Soft Drinks, Mixers",Sport & Energy Drinks,Lucozade Energy Drink Original 500ml,500ml,£4.60/L,2.30,,2 for £3.75
Asda Express,"Water, Soft Drinks, Mixers",Sport & Energy Drinks,Lucozade Energy Drink Original 900ml,900ml,£1.94/L,1.75,2.25,£0.50 off
Asda Express,"Water, Soft Drinks, Mixers",Sport & Energy Drinks,Lucozade Energy Zero Sugar Drink Grafruitti 500ml,500ml,£4.60/L,2.30,,2 for £3.75
Asda Express,"Water, Soft Drinks, Mixers",Sport & Energy Drinks,Lucozade Energy Zero Sugar Drink Pink Lemonade 900ml,900ml,£1.94/L,1.75,2.25,£0.50 off
Asda Express,"Water, Soft Drinks, Mixers",Sport & Energy Drinks,Lucozade Sport Drink Orange 4 x 500ml,4pk,£1.99/L,3.97,5.25,£1.28 off
Asda Express,"Water, Soft Drinks, Mixers",Sport & Energy Drinks,Lucozade Sport Drink Raspberry 4 x 500ml,4pk,£1.99/L,3.97,5.25,£1.28 off
Asda Express,"Water, Soft Drinks, Mixers",Sport & Energy Drinks,Lucozade Sport Ice Kick 500ml,500ml,£4.80/L,2.40,,2 for £3.75
Asda Express,"Water, Soft Drinks, Mixers",Sport & Energy Drinks,Lucozade Sport Orange 500ml,500ml,£4.80/L,2.40,,2 for £3.75
Asda Express,"Water, Soft Drinks, Mixers",Sport & Energy Drinks,Lucozade Sport Orange 900ml,900ml,£2.41/L,2.17,2.90,£0.73 off
Asda Express,"Water, Soft Drinks, Mixers",Sport & Energy Drinks,Lucozade Sport Raspberry 900ml,900ml,£2.41/L,2.17,2.90,£0.73 off
Asda Express,"Water, Soft Drinks, Mixers",Sport & Energy Drinks,Monster Energy Drink Lando Norris Zero Sugar 500ml,500ml,£5.20/L,2.60,,2 for £3.75
Asda Express,"Water, Soft Drinks, Mixers",Sport & Energy Drinks,Monster Energy Drink Ultra Fiesta Mango Zero Sugar 500ml,500ml,£5.20/L,2.60,,2 for £3.75
Asda Express,"Water, Soft Drinks, Mixers",Sport & Energy Drinks,Monster Energy Drink Ultra Peachy Keen Zero Sugar 500ml,500ml,£5.20/L,2.60,,2 for £3.75
Asda Express,"Water, Soft Drinks, Mixers",Sport & Energy Drinks,Monster Energy Drink Ultra Rosa Zero Sugar 500ml,500ml,£5.20/L,2.60,,2 for £3.75
Asda Express,"Water, Soft Drinks, Mixers",Sport & Energy Drinks,Monster Energy Drink Ultra Strawberry Dreams Zero Sugar 500ml,500ml,£5.20/L,2.60,,2 for £3.75
Asda Express,"Water, Soft Drinks, Mixers",Sport & Energy Drinks,Monster Energy Drink Zero Sugar 500ml,500ml,£5.20/L,2.60,,2 for £3.75
Asda Express,"Water, Soft Drinks, Mixers",Sport & Energy Drinks,Powerade Berry and Tropical Sports Drink 500ml,500ml,£4.50/L,2.25,,2 for £3.75
Asda Express,"Water, Soft Drinks, Mixers",Sport & Energy Drinks,Red Bull The Summer Edition Citrus Zest Energy Drink 4 x 250 ml,1L,£7.25/L,7.25,8.25,£1 off
Asda Express,"Water, Soft Drinks, Mixers",Sport & Energy Drinks,Arla Protein Chocolate Flavoured Milk Drink 479ml,482ml,£4.56/L,2.20,,
Asda Express,"Water, Soft Drinks, Mixers",Sport & Energy Drinks,Arla Protein Strawberry & Raspberry Flavoured Milk Drink 500g,482ml,£4.56/L,2.20,,
Asda Express,"Water, Soft Drinks, Mixers",Sport & Energy Drinks,"Celsius Energy Drink, Sparkling Mango Lemonade  355ml",355ml,£8.03/L,2.85,,
Asda Express,"Water, Soft Drinks, Mixers",Sport & Energy Drinks,"Celsius Energy Drink, Sparkling Raspberry Peach 355ml",355ml,£8.03/L,2.85,,
Asda Express,"Water, Soft Drinks, Mixers",Sport & Energy Drinks,"Celsius Energy Drink, Sparkling Strawberry Watermelon 355ml",355ml,£8.03/L,2.85,,
Asda Express,"Water, Soft Drinks, Mixers",Sport & Energy Drinks,Fuel10K Banana Flavour Breakfast Milk Drink 330ml,330ml,£6.67/L,2.20,,
Asda Express,"Water, Soft Drinks, Mixers",Sport & Energy Drinks,Fuel10K Chocolate Flavour Breakfast Milk Drink 330ml,330ml,£6.67/L,2.20,,
Asda Express,"Water, Soft Drinks, Mixers",Sport & Energy Drinks,Fuel10K Strawberry Flavour Breakfast Milk Drink 330ml,330ml,£6.06/L,2.00,,
Asda Express,"Water, Soft Drinks, Mixers",Sport & Energy Drinks,Huel Chocolate Flavour Ready-To-Drink Complete Meal 500ml,500ml,£6.52/L,3.26,4.35,£1.09 off
Asda Express,"Water, Soft Drinks, Mixers",Sport & Energy Drinks,Lucozade Energy Drink Original 4x380ml,4pk,£2.76/L,4.20,,
Asda Express,"Water, Soft Drinks, Mixers",Sport & Energy Drinks,Lucozade Energy Zero Sugar Drink Grafruitti 900ml,900ml,£2.22/L,2.00,,
Asda Express,"Water, Soft Drinks, Mixers",Sport & Energy Drinks,Lucozade Sport Drink Raspberry 500ml,500ml,£4.80/L,2.40,,
Asda Express,"Water, Soft Drinks, Mixers",Sport & Energy Drinks,Monster Energy 4 x 500ml,4pk,£3.93/L,7.85,,
Asda Express,"Water, Soft Drinks, Mixers",Sport & Energy Drinks,Monster Energy 500ml,500ml,£5.60/L,2.80,,
Asda Express,"Water, Soft Drinks, Mixers",Sport & Energy Drinks,Monster Energy Drink Aussie Style Lemonade 500ml,500ml,£5.60/L,2.80,,
Asda Express,"Water, Soft Drinks, Mixers",Sport & Energy Drinks,Monster Energy Drink Lewis Hamilton Zero Sugar 500ml,500ml,£5.20/L,2.60,,
Asda Express,"Water, Soft Drinks, Mixers",Sport & Energy Drinks,Monster Energy Drink Mango Loco 4 x 500ml,4pk,£3.93/L,7.85,,
Asda Express,"Water, Soft Drinks, Mixers",Sport & Energy Drinks,Monster Energy Drink Monarch 500ml,500ml,£5.10/L,2.55,,
Asda Express,"Water, Soft Drinks, Mixers",Sport & Energy Drinks,Monster Energy Drink Pipeline Punch 4 x 500ml,4pk,£3.93/L,7.85,,
Asda Express,"Water, Soft Drinks, Mixers",Sport & Energy Drinks,Monster Energy Drink Rossi VR46 Zero Sugar 500ml Can,500ml,£4.90/L,2.45,,
Asda Express,"Water, Soft Drinks, Mixers",Sport & Energy Drinks,Monster Energy Drink Ultra 558ml Mega Can,558ml,£4.84/L,2.70,,
Asda Express,"Water, Soft Drinks, Mixers",Sport & Energy Drinks,Monster Energy Drink Ultra Fantasy Ruby Red Zero Sugar 500ml,500ml,£5.20/L,2.60,,
Asda Express,"Water, Soft Drinks, Mixers",Sport & Energy Drinks,Monster Energy Drink Ultra Vice Guava Zero Sugar 500ml Can,500ml,£5.10/L,2.55,,
Asda Express,"Water, Soft Drinks, Mixers",Sport & Energy Drinks,Monster Energy Drink Viking Berry 500ml Can,500ml,£5.60/L,2.80,,
Asda Express,"Water, Soft Drinks, Mixers",Sport & Energy Drinks,Monster Energy Drink Zero Sugar 4 x 500ml,4pk,£3.55/L,7.10,,
Asda Express,"Water, Soft Drinks, Mixers",Sport & Energy Drinks,Monster Energy Rio Punch 500ml,500ml,£5.60/L,2.80,,
Asda Express,"Water, Soft Drinks, Mixers",Sport & Energy Drinks,Monster Energy Ultra 4 x 500ml,4pk,£3.70/L,7.40,,
Asda Express,"Water, Soft Drinks, Mixers",Sport & Energy Drinks,Monster Energy Ultra 500ml,500ml,£5.20/L,2.60,,
Asda Express,"Water, Soft Drinks, Mixers",Sport & Energy Drinks,Monster Juiced Mango Loco 500ml,500ml,£5.60/L,2.80,,
Asda Express,"Water, Soft Drinks, Mixers",Sport & Energy Drinks,Monster Pacific Punch Energy Drink 500ml,500ml,£5.60/L,2.80,,
Asda Express,"Water, Soft Drinks, Mixers",Sport & Energy Drinks,Monster Pipeline Punch 500ml,500ml,£5.60/L,2.80,,
Asda Express,"Water, Soft Drinks, Mixers",Sport & Energy Drinks,Monster Punch + Energy 500ml,500ml,£5.10/L,2.55,,
Asda Express,"Water, Soft Drinks, Mixers",Sport & Energy Drinks,Myprotein Chocolate Flavour Shake 385ml,400ml,£4.88/L,1.95,,
Asda Express,"Water, Soft Drinks, Mixers",Sport & Energy Drinks,Myprotein Strawberry Flavour Shake 385ml,400ml,£4.63/L,1.85,,
Asda Express,"Water, Soft Drinks, Mixers",Sport & Energy Drinks,Powerade Golden Mango Sports Drink 12 x 500ml Bottles,500ml,£5.90/L,2.95,,
Asda Express,"Water, Soft Drinks, Mixers",Sport & Energy Drinks,Purdey's Natural Energy Apple & Grape 330ml,330ml,£9.70/L,3.20,,
Asda Express,"Water, Soft Drinks, Mixers",Sport & Energy Drinks,Red Bull Cherry Edition Cherry Sakura Energy Drink 250ml 4 Pack,1L,£7.15/L,7.15,,
Asda Express,"Water, Soft Drinks, Mixers",Sport & Energy Drinks,Red Bull Energy Drink 2 x 250ml,500ml,£9.50/L,4.75,,
Asda Express,"Water, Soft Drinks, Mixers",Sport & Energy Drinks,Red Bull Energy Drink 250ml,250ml,£10.20/L,2.55,,
Asda Express,"Water, Soft Drinks, Mixers",Sport & Energy Drinks,Red Bull Energy Drink 355ml,355ml,£8.31/L,2.95,,
Asda Express,"Water, Soft Drinks, Mixers",Sport & Energy Drinks,Red Bull Energy Drink 4 x 250ml,4pk,£6.80/L,6.80,,
Asda Express,"Water, Soft Drinks, Mixers",Sport & Energy Drinks,Red Bull Energy Drink 8 x 250ml,8pk,£6.78/L,13.55,,
Asda Express,"Water, Soft Drinks, Mixers",Sport & Energy Drinks,Red Bull Energy Drink Sugar Free Cans 250ml x 4,4pk,£6.50/L,6.50,,
Asda Express,"Water, Soft Drinks, Mixers",Sport & Energy Drinks,"Red Bull Energy Drink, Sugar free 250ml",250ml,£9.00/L,2.25,,
Asda Express,"Water, Soft Drinks, Mixers",Sport & Energy Drinks,"Red Bull Energy Drink, Sugarfree 355ml",355ml,£7.89/L,2.80,,
Asda Express,"Water, Soft Drinks, Mixers",Sport & Energy Drinks,Red Bull Sugarfree 473ml,473ml,£7.51/L,3.55,,
Asda Express,"Water, Soft Drinks, Mixers",Sport & Energy Drinks,Red Bull The Apple Edition Fuji Apple & Ginger Energy Drink 250ml,250ml,£10.40/L,2.60,,
Asda Express,"Water, Soft Drinks, Mixers",Sport & Energy Drinks,Red Bull The Cherry Edition Cherry Sakura Energy Drink 250ml,250ml,£10.40/L,2.60,,
Asda Express,"Water, Soft Drinks, Mixers",Sport & Energy Drinks,Red Bull The Green Edition Curuba-Elderflower Energy Drink 250ml,250ml,£10.40/L,2.60,,
Asda Express,"Water, Soft Drinks, Mixers",Sport & Energy Drinks,Red Bull The Lilac Edition Sugarfree Grapefruit & Blossom Energy Drink 250ml,250ml,£10.20/L,2.55,,
Asda Express,"Water, Soft Drinks, Mixers",Sport & Energy Drinks,Red Bull The Pink Edition Sugarfree Forest Fruits Energy Drink 250ml,250ml,£10.40/L,2.60,,
Asda Express,"Water, Soft Drinks, Mixers",Sport & Energy Drinks,Red Bull The Pink Edition Sugarfree Forest Fruits Energy Drink 250ml,4pk,£6.85/L,6.85,,
Asda Express,"Water, Soft Drinks, Mixers",Sport & Energy Drinks,Red Bull The Summer Edition Citrus Zest Energy Drink 250ml,250ml,£10.40/L,2.60,,
Asda Express,"Water, Soft Drinks, Mixers",Sport & Energy Drinks,Red Bull The Summer Edition Juneberry Energy Drink 250ml,250ml,£10.20/L,2.55,,
Asda Express,"Water, Soft Drinks, Mixers",Sport & Energy Drinks,Red Bull The Winter Edition Iced Vanilla Berry Energy Drink 250ml,250ml,£10.40/L,2.60,,
Asda Express,"Water, Soft Drinks, Mixers",Sport & Energy Drinks,Red Bull Zero 250ml,250ml,£9.20/L,2.30,,
Asda Express,"Water, Soft Drinks, Mixers",Sport & Energy Drinks,Red Bull Zero 4 x 250ml,4pk,£6.50/L,6.50,,
Asda Express,"Water, Soft Drinks, Mixers",Sport & Energy Drinks,Reign Storm Kiwi Blend Clean Energy Drink 355ml,355ml,£6.34/L,2.25,,
Asda Express,"Water, Soft Drinks, Mixers",Sport & Energy Drinks,Reign Storm Valencia Orange Clean Energy Drink 355ml,355ml,£6.34/L,2.25,,
Asda Express,"Water, Soft Drinks, Mixers",Sport & Energy Drinks,Relentless Cherry Energy Drink 500ml,500ml,£2.90/L,1.45,,
Asda Express,"Water, Soft Drinks, Mixers",Sport & Energy Drinks,Relentless Guava Energy Drink 500ml,500ml,£3.20/L,1.60,,
Asda Express,"Water, Soft Drinks, Mixers",Sport & Energy Drinks,Relentless Origin Energy Drink 500ml,500ml,£3.20/L,1.60,,
Asda Express,"Water, Soft Drinks, Mixers",Sport & Energy Drinks,Relentless White Citrus Energy Drink 500ml Can,500ml,£3.20/L,1.60,,
Asda Express,"Water, Soft Drinks, Mixers",Sport & Energy Drinks,Starbucks Caramel Hazelnut Flavour Protein Drink 330ml,330ml,£9.70/L,3.20,,
Asda Express,"Water, Soft Drinks, Mixers",Sport & Energy Drinks,Tenzing Natural Energy Raspberry & Yuzu 330ml,330ml,£8.33/L,2.75,,
Asda Express,"Water, Soft Drinks, Mixers",Sport & Energy Drinks,UFIT Strawberry Flavour High Protein Milkshake 330ml,330ml,£6.82/L,2.25,,
Asda Express,"Water, Soft Drinks, Mixers",Squash & Cordials,Robinsons Orange 1L,1L,£2.00/L,2.00,2.50,£0.50 off
Asda Express,"Water, Soft Drinks, Mixers",Squash & Cordials,Robinsons Real Fruit Apple & Blackcurrant 1 Litre,1L,£2.00/L,2.00,2.50,£0.50 off
Asda Express,"Water, Soft Drinks, Mixers",Squash & Cordials,Vimto No Added Sugar Real Fruit Squash 1 Litre,1L,£2.90/L,2.90,,
Asda Express,"Water, Soft Drinks, Mixers",Tonics & Mixers,FEVER-TREE Premium Refreshingly Light Ginger Beer 500ml,500ml,£6.10/L,3.05,,
Asda Express,"Water, Soft Drinks, Mixers",Tonics & Mixers,Fever-Tree Premium Indian Tonic Water 500ml,500ml,£6.10/L,3.05,,
Asda Express,"Water, Soft Drinks, Mixers",Tonics & Mixers,Schweppes Indian Tonic Water 1L,1L,£2.45/L,2.45,,
Asda Express,"Water, Soft Drinks, Mixers",Tonics & Mixers,Schweppes Slimline Tonic Water 1L,1L,£2.45/L,2.45,,
Asda Express,"Water, Soft Drinks, Mixers",Tonics & Mixers,Schweppes Soda Water 1L,1L,£2.45/L,2.45,,
Asda Express,"Water, Soft Drinks, Mixers",Water,Buxton Still Natural Mineral Water 1L,1L,£2.30/L,2.30,,
Asda Express,"Water, Soft Drinks, Mixers",Water,Buxton Still Natural Mineral Water 50cl,500ml,£2.40/L,1.20,,
Asda Express,"Water, Soft Drinks, Mixers",Water,Glaceau Smartwater 600ml,600ml,£2.75/L,1.65,,
Asda Express,"Water, Soft Drinks, Mixers",Water,Highland Spring Eco Bottle 500ml,500ml,£2.10/L,1.05,,
Asda Express,"Water, Soft Drinks, Mixers",Water,Highland Spring Still Spring Water 6 x 1.5L,6pk,£0.61/L,5.50,,
Asda Express,"Water, Soft Drinks, Mixers",Water,Rubicon Black Cherry Raspberry Sparkling Spring Water 1.5 Litre,1.5L,£1.67/L,2.50,,
Asda Express,"Water, Soft Drinks, Mixers",Water,San Pellegrino Carbonated Natural Mineral Water 1L,1L,£2.10/L,2.10,,
Asda Express,"Water, Soft Drinks, Mixers",Water,San Pellegrino Carbonated Natural Mineral Water 500ml,500ml,£3.90/L,1.95,,
Asda Express,"Water, Soft Drinks, Mixers",Water,Volvic Natural Mineral Water 1L,1L,£1.45/L,1.45,,
Asda Express,"Water, Soft Drinks, Mixers",Water,Volvic Touch of Lemon & Lime 750ml,750ml,£3.40/L,2.55,,
Asda Express,"Water, Soft Drinks, Mixers",Water,Volvic Touch of Strawberry 1.5L,1.5L,£0.90/L,1.35,1.80,£0.45 off
Asda Express,"Water, Soft Drinks, Mixers",Water,Volvic Touch of Strawberry 750ml,750ml,£3.20/L,2.40,,
Asda Express,Wine & Sparkling,Best Sellers 📈,Fillipo Sansovino Prosecco 75cl,750ml,£13.93/L,10.45,,
Asda Express,Wine & Sparkling,Best Sellers 📈,Fillipo Sansovino Prosecco D.O.C. Rose 75cl,750ml,£14.40/L,10.80,,
Asda Express,Wine & Sparkling,Dessert & Fortified Wine,Harveys Special Edition Bristol Cream Sherry 1L,1L,£20.85/L,20.85,,
Asda Express,Wine & Sparkling,Red Wine,19 Crimes Malbec 750ml,750ml,£14.93/L,11.20,13.45,£2.25 off
Asda Express,Wine & Sparkling,Red Wine,19 Crimes Red Wine 750ml,750ml,£15.27/L,11.45,13.70,£2.25 off
Asda Express,Wine & Sparkling,Rose Wine,Barefoot Pink Moscato Rose Wine 750ml,750ml,£10.53/L,7.90,10.15,£2.25 off
Asda Express,Wine & Sparkling,White Wine,Campo Viejo Rioja Viura-Tempranillo Blanco 750ml,750ml,£14.20/L,10.65,12.40,£1.75 off
Asda Express,Wine & Sparkling,Red Wine,Cellier des Dauphins Cru Des Cotes Du Rhone 75cl,750ml,£15.93/L,11.95,13.70,£1.75 off
Asda Express,Wine & Sparkling,Red Wine,Hardys Stamp Shiraz Cabernet 187ml,187ml,£19.52/L,3.65,,3 for £9
Asda Express,Wine & Sparkling,Rose Wine,La Vieille Ferme 750ml,750ml,£14.88/L,11.16,12.40,£1.24 off
Asda Express,Wine & Sparkling,Red Wine,McGuigan Black Label Red 75cl,750ml,£10.99/L,8.24,9.15,£0.91 off
Asda Express,Wine & Sparkling,White Wine,Oyster Bay Marlborough Sauvignon Blanc 750ml,750ml,£14.29/L,10.72,14.30,£3.58 off
Asda Express,Wine & Sparkling,Red Wine,Trivento Reserve Malbec Red Wine Argentina 75cl,750ml,£13.87/L,10.40,12.40,£2 off
Asda Express,Wine & Sparkling,White Wine,Vina Sol Original 75cl,750ml,£12.07/L,9.05,10.80,£1.75 off
Asda Express,Wine & Sparkling,Red Wine,Wolf Blass Yellow Label Cabernet Sauvignon 750ml,750ml,£15.00/L,11.25,12.75,£1.50 off
Asda Express,Wine & Sparkling,White Wine,Yealands Sauvignon Blanc Marlborough 75cl,750ml,£13.69/L,10.27,13.70,£3.43 off
Asda Express,Wine & Sparkling,White Wine,Yellow Tail Pinot Grigio 187ml,187ml,£24.33/L,4.55,,3 for £9
Asda Express,Wine & Sparkling,White Wine,Yellow Tail Pinot Grigio 750ml,750ml,£13.27/L,9.95,11.45,£1.50 off
Asda Express,Wine & Sparkling,"Prosecco, Champagne & Sparkling Wine",Exceptional By Asda Cava Brut 75cl,750ml,£14.40/L,10.80,,
Asda Express,Wine & Sparkling,"Prosecco, Champagne & Sparkling Wine",Freixenet Italian Rose Sparkling Wine 20cl,200ml,£29.00/L,5.80,,
Asda Express,Wine & Sparkling,"Prosecco, Champagne & Sparkling Wine",Freixenet Prosecco D.O.C. Sparkling Wine 20cl,200ml,£29.00/L,5.80,,
Asda Express,Wine & Sparkling,"Prosecco, Champagne & Sparkling Wine",Freixenet Prosecco D.O.C. Sparkling Wine Extra Dry 75cl,750ml,£22.20/L,16.65,,
Asda Express,Wine & Sparkling,"Prosecco, Champagne & Sparkling Wine",Freixenet Sparkling Italian Rose 75cl,750ml,£22.20/L,16.65,,
Asda Express,Wine & Sparkling,"Prosecco, Champagne & Sparkling Wine",Kylie Minogue Prosecco Rose 75cl,750ml,£21.33/L,16.00,,
Asda Express,Wine & Sparkling,"Prosecco, Champagne & Sparkling Wine",Lambrini Original 1.25L,1.25L,£4.56/L,5.70,,
Asda Express,Wine & Sparkling,Red Wine,19 Crimes The Banished Dark Red 750ml,750ml,£19.60/L,14.70,,
Asda Express,Wine & Sparkling,Red Wine,19 Crimes The Uprising Red Wine 750ml,750ml,£20.00/L,15.00,,
Asda Express,Wine & Sparkling,Red Wine,Asda Extra Special Chateau Leboscq Madoc 75cl,750ml,£24.33/L,18.25,,
Asda Express,Wine & Sparkling,Red Wine,Barefoot Merlot Red Wine 750ml,750ml,£16.13/L,12.10,,
Asda Express,Wine & Sparkling,Red Wine,Burdizzo Chianti 75cl,750ml,£14.40/L,10.80,,
Asda Express,Wine & Sparkling,Red Wine,Calvet La Fleur Baron Bordeaux Merlot-Cabernet Sauvignon 75cl,750ml,£15.93/L,11.95,,
Asda Express,Wine & Sparkling,Red Wine,Campo Viejo Rioja Tempranillo 187ml,187ml,£18.45/L,3.45,,
Asda Express,Wine & Sparkling,Red Wine,Campo Viejo Rioja Tempranillo 750ml,750ml,£17.00/L,12.75,,
Asda Express,Wine & Sparkling,Red Wine,Casillero del Diablo Cabernet Sauvignon 18.7cl,187ml,£23.80/L,4.45,,
Asda Express,Wine & Sparkling,Red Wine,Casillero del Diablo Cabernet Sauvignon 75cl,750ml,£15.67/L,11.75,,
Asda Express,Wine & Sparkling,Red Wine,Casillero del Diablo Malbec Red Wine Chile 75cl,750ml,£15.67/L,11.75,,
Asda Express,Wine & Sparkling,Red Wine,Cono Sur Bicicleta Pinot Noir 75cl,750ml,£13.07/L,9.80,,
Asda Express,Wine & Sparkling,Red Wine,DIABLO Dark Red Wine 75cl,750ml,£19.60/L,14.70,,
Asda Express,Wine & Sparkling,Red Wine,Diablo Black Cabernet Sauvignon Red Wine 75cl,750ml,£19.60/L,14.70,,
Asda Express,Wine & Sparkling,Red Wine,Exceptional by ASDA Malbec 75cl,750ml,£14.80/L,11.10,,
Asda Express,Wine & Sparkling,Red Wine,Exceptional by ASDA Montepulciano D'abruzzo 75cl,750ml,£14.80/L,11.10,,
Asda Express,Wine & Sparkling,Red Wine,Exceptional by ASDA North Canterbury Pinot Noir 75cl,750ml,£17.13/L,12.85,,
Asda Express,Wine & Sparkling,Red Wine,Exceptional by ASDA Pinotage 75cl,750ml,£13.07/L,9.80,,
Asda Express,Wine & Sparkling,Red Wine,Exceptional by ASDA Primitivo 75cl,750ml,£13.93/L,10.45,,
Asda Express,Wine & Sparkling,Red Wine,Exceptional by ASDA Zinfandel 75cl,750ml,£13.93/L,10.45,,
Asda Express,Wine & Sparkling,Red Wine,Faustino V Reserva Rioja 75cl 13.5%,750ml,£23.47/L,17.60,,
Asda Express,Wine & Sparkling,Red Wine,Hardys Stamp Shiraz 750ml,750ml,£10.47/L,7.85,,
Asda Express,Wine & Sparkling,Red Wine,Hardys VR Merlot 750ml 11%,750ml,£13.07/L,9.80,,
Asda Express,Wine & Sparkling,Red Wine,I Heart Malbec 75cl,750ml,£12.80/L,9.60,,
Asda Express,Wine & Sparkling,Red Wine,Jacob's Creek Juicy & Smooth Red 750ml,750ml,£20.20/L,15.15,,
Asda Express,Wine & Sparkling,Red Wine,Jam Shed Malbec 750ml,750ml,£14.80/L,11.10,,
Asda Express,Wine & Sparkling,Red Wine,Jam Shed Shiraz 750ml,750ml,£14.80/L,11.10,,
Asda Express,Wine & Sparkling,Red Wine,La Vieille Ferme 750ml,750ml,£16.53/L,12.40,,
Asda Express,Wine & Sparkling,Red Wine,Louis Jadot Beaujolais - Villages 75cl,750ml,£23.07/L,17.30,,
Asda Express,Wine & Sparkling,Red Wine,McGuigan Black Label Merlot 75cl,750ml,£12.20/L,9.15,,
Asda Express,Wine & Sparkling,Red Wine,McGuigan Classic Cabernet Sauvignon 75cl,750ml,£10.47/L,7.85,,
Asda Express,Wine & Sparkling,Red Wine,McGuigan Classic Merlot 75cl,750ml,£10.47/L,7.85,,
Asda Express,Wine & Sparkling,Red Wine,Porta 6 Red Wine 750ml,750ml,£15.80/L,11.85,,
Asda Express,Wine & Sparkling,Red Wine,Refined & Elegant Wine Malbec 2.25 litres 12.5%,2.25L,£9.27/L,20.85,,
Asda Express,Wine & Sparkling,Red Wine,Trivento Private Reserve Malbec 75cl,750ml,£20.00/L,15.00,,
Asda Express,Wine & Sparkling,Red Wine,Trivento Reserve Malbec 18.7cl,187ml,£22.99/L,4.30,,
Asda Express,Wine & Sparkling,Red Wine,Wolf Blass The Classic Red Label Collection Shiraz Cabernet 750ml,750ml,£12.20/L,9.15,,
Asda Express,Wine & Sparkling,Red Wine,Yellow Tail Jammy Red Roo 750ml,750ml,£15.67/L,11.75,,
Asda Express,Wine & Sparkling,Red Wine,Yellow Tail Merlot 750ml,750ml,£15.67/L,11.75,,
Asda Express,Wine & Sparkling,Red Wine,Yellow Tail Shiraz 750ml,750ml,£15.67/L,11.75,,
Asda Express,Wine & Sparkling,Rose Wine,Barefoot White Zinfandel 750ml,750ml,£12.20/L,9.15,,
Asda Express,Wine & Sparkling,Rose Wine,Echo Falls Summer Berries Fruit Fusion 750ml,750ml,£10.93/L,8.20,,
Asda Express,Wine & Sparkling,Rose Wine,Echo Falls White Zinfandel Rose Wine 75cl,750ml,£11.13/L,8.35,,
Asda Express,Wine & Sparkling,Rose Wine,Fillipo Sansovino Pinot Grigio Rose 75cl,750ml,£11.80/L,8.85,,
Asda Express,Wine & Sparkling,Rose Wine,I Heart Rose 75cl,750ml,£10.93/L,8.20,,
Asda Express,Wine & Sparkling,Rose Wine,Jacob's Creek Refreshing & Lively Rose 750ml,750ml,£20.60/L,15.45,,
Asda Express,Wine & Sparkling,White Wine,Barefoot Moscato White Wine 750ml,750ml,£14.40/L,10.80,,
Asda Express,Wine & Sparkling,White Wine,Blossom Hill Crisp & Fruity White Wine 750ml,750ml,£10.93/L,8.20,,
Asda Express,Wine & Sparkling,White Wine,Brancott Estate Sauvignon Blanc 750ml,750ml,£18.73/L,14.05,,
Asda Express,Wine & Sparkling,White Wine,Butter Side Up Chardonnay 75cl,750ml,£20.00/L,15.00,,
Asda Express,Wine & Sparkling,White Wine,Cono Sur Bicicleta Viognier 75cl,750ml,£11.80/L,8.85,,
Asda Express,Wine & Sparkling,White Wine,Echo Falls Blue Raspberry Fruit Fusion 750ml,750ml,£11.07/L,8.30,,
Asda Express,Wine & Sparkling,White Wine,Exceptional by ASDA Chablis 75cl,750ml,£26.93/L,20.20,,
Asda Express,Wine & Sparkling,White Wine,Exceptional by ASDA Gavi 75cl,750ml,£17.07/L,12.80,,
Asda Express,Wine & Sparkling,White Wine,Exceptional by ASDA Marlborough Awatere Valley Sauvignon Blanc 75cl,750ml,£18.27/L,13.70,,
Asda Express,Wine & Sparkling,White Wine,Exceptional by ASDA Old Bush Vine Chenin Blanc 75cl,750ml,£13.07/L,9.80,,
Asda Express,Wine & Sparkling,White Wine,Hardys Stamp Chardonnay 750ml,750ml,£10.47/L,7.85,,
Asda Express,Wine & Sparkling,White Wine,Hardys VR Pinot Grigio 750ml,750ml,£13.07/L,9.80,,
Asda Express,Wine & Sparkling,White Wine,I Heart Sauvignon Blanc 75cl,750ml,£13.27/L,9.95,,
Asda Express,Wine & Sparkling,White Wine,I Heart Wines Pinot Grigio 75cl,750ml,£10.40/L,7.80,,
Asda Express,Wine & Sparkling,White Wine,Jacob's Creek White 750ml,750ml,£20.20/L,15.15,,
Asda Express,Wine & Sparkling,White Wine,Jam Shed Chardonnay 750ml,750ml,£15.40/L,11.55,,
Asda Express,Wine & Sparkling,White Wine,Louis Jadot Les Petites Pierres Macon-Villages 75cl,750ml,£23.07/L,17.30,,
Asda Express,Wine & Sparkling,White Wine,McGuigan Black Label Chardonnay 75cl,750ml,£12.20/L,9.15,,
Asda Express,Wine & Sparkling,White Wine,McGuigan Black Label Pinot Grigio 75cl,750ml,£12.20/L,9.15,,
Asda Express,Wine & Sparkling,White Wine,McGuigan Classic Pinot Grigio 75cl,750ml,£10.47/L,7.85,,
Asda Express,Wine & Sparkling,White Wine,Picpoul de Pinet Blanc Sec 75cl,750ml,£16.67/L,12.50,,
Asda Express,Wine & Sparkling,White Wine,The Ned Sauvignon Blanc 750ml,750ml,£20.87/L,15.65,,
Asda Express,Wine & Sparkling,White Wine,The Wave Rider Sauvignon Blanc 75cl,750ml,£11.33/L,8.50,,
Asda Express,Wine & Sparkling,White Wine,Tukituki Sauvignon Blanc Marlborough 75cl,750ml,£14.93/L,11.20,,
Asda Express,Wine & Sparkling,White Wine,Vicelo Pinot Grigio 75cl,750ml,£10.47/L,7.85,,
Asda Express,Wine & Sparkling,White Wine,Villa Maria Private Bin Sauvignon Blanc Marlborough 750ml,750ml,£20.00/L,15.00,,
Asda Express,Wine & Sparkling,White Wine,Voga Pinot Grigio 750ml,750ml,£14.40/L,10.80,,
Asda Express,Wine & Sparkling,White Wine,Yellow Tail Chardonnay 750ml,750ml,£15.27/L,11.45,,
Asda Express,Yoghurt,Best Sellers 📈,Arla Protein Strawberry Yogurt Pouch 200g,200g,£8.00/kg,1.60,,
Asda Express,Yoghurt,Flavoured Yoghurts,Arla Protein Blueberry Yogurt 200g,200g,£6.95/kg,1.39,1.85,£0.46 off
Asda Express,Yoghurt,Flavoured Yoghurts,Arla Protein Raspberry Yogurt  200g,200g,£9.25/kg,1.85,,
Asda Express,Yoghurt,Flavoured Yoghurts,Bio&Me Kefir Vanilla Yoghurt & Blueberry Granola 150g,150g,£12.67/kg,1.90,,
Asda Express,Yoghurt,Flavoured Yoghurts,Muller Corner Strawberry Yogurt 136g,136g,£8.09/kg,1.10,,
Asda Express,Yoghurt,Flavoured Yoghurts,Muller Corner Vanilla Yogurt Chocolate Balls 124g,124g,£8.87/kg,1.10,,
Asda Express,Yoghurt,Flavoured Yoghurts,Muller Myprotein Crunch Strawberry Yogurt 180g,180g,£10.28/kg,1.85,,
Asda Express,Yoghurt,Flavoured Yoghurts,Muller Myprotein Crunch Vanilla Yogurt 180g,180g,£11.94/kg,2.15,,
Asda Express,Yoghurt,Flavoured Yoghurts,Nomadic Yogurt & Oat Clusters Strawberry 169g,169g,£12.72/kg,2.15,,
Asda Express,Yoghurt,Flavoured Yoghurts,Onken 0% Fat Strawberry 450g,450g,£5.44/kg,2.45,,
Asda Express,Yoghurt,Natural Yoghurts,Arla Skyr Natural Icelandic Style Yogurt 450g,450g,£6.00/kg,2.70,,
Asda Express,Yoghurt,Kids Yoghurts,Frubes Assorted Yogurt Tubes 9 x 37g (333g),333g,£5.98/kg,1.99,2.65,£0.66 off
Asda Express,Yoghurt,Kids Yoghurts,The Collective Great Dairy Peach & Apricot Suckies 90g,90g,£10.44/kg,0.94,1.25,£0.31 off
Asda Express,Yoghurt,Kids Yoghurts,The Collective Great Dairy Strawberry Suckies 90g,90g,£10.44/kg,0.94,1.25,£0.31 off
Asda Express,Yoghurt,Natural Yoghurts,Asda Creamy Greek Style Yogurt 500g,500g,£2.70/kg,1.35,,
