store,category,subcategory,product_name,pack_size,unit_price,price_gbp,was_price_gbp,offer
Boots Borehamwood,Allergy & Hayfever,Allergy & Hayfever Tablets,Allevia 120mg Hayfever Relief Tablets 15 Pack,15pk,£0.53 each,8.00,,2 for 25% off
Boots Borehamwood,Allergy & Hayfever,Allergy & Hayfever Tablets,Allevia 120mg Tablets 30 Packs,30pk,£0.45 each,13.60,,2 for 25% off
Boots Borehamwood,Allergy & Hayfever,Nasal Spray & Sinus Care,Becodefence Allergy Defence 120 Sprays,20ml,£660.00/L,13.20,,2 for 25% off
Boots Borehamwood,Allergy & Hayfever,Kids' Allergy & Hayfever,Becodefence Kids Allergy Defence 280 Sprays,20ml,£577.50/L,11.55,,2 for 25% off
Boots Borehamwood,Allergy & Hayfever,Nasal Spray & Sinus Care,Beconase Hayfever Relief For Adults Nasal Spray 100 Sprays,100pk,£0.08 each,7.80,,2 for 25% off
Boots Borehamwood,Allergy & Hayfever,Allergy & Hayfever Tablets,Bells Allergy Relief 10 mg Film-Coated Tablets - 14 Tablets,14pk,£0.15 each,2.15,,2 for 25% off
Boots Borehamwood,Allergy & Hayfever,Allergy & Hayfever Tablets,Bells Allergy Relief 10mg Film-Coated Tablets - 30 Tablets,30pk,£0.11 each,3.15,,2 for 25% off
Boots Borehamwood,Allergy & Hayfever,Allergy & Hayfever Tablets,Bells Hayfever & Allergy Relief 10mg Tablets - 14 Tablets,14pk,£0.15 each,2.15,,2 for 25% off
Boots Borehamwood,Allergy & Hayfever,Allergy & Hayfever Tablets,Bells Hayfever And Allergy Relief 10mg Tablets - 30 Tablets,30pk,£0.11 each,3.15,,2 for 25% off
Boots Borehamwood,Allergy & Hayfever,Nasal Spray & Sinus Care,"Benacort Hayfever Relief For Adults 64 Micrograms, Nasal Spray",60pk,£0.19 each,11.45,,2 for 25% off
Boots Borehamwood,Allergy & Hayfever,Nasal Spray & Sinus Care,Benadryl Allergy Natural Relief Spray 15ml,15ml,£490.00/L,7.35,,2 for 25% off
Boots Borehamwood,Allergy & Hayfever,Allergy & Hayfever Tablets,Benadryl Allergy One-A-Day 10mg - 30 Tablets,30pk,£0.42 each,12.65,,2 for 25% off
Boots Borehamwood,Allergy & Hayfever,Allergy & Hayfever Tablets,Benadryl Allergy Relief - 24 Capsules,24pk,£0.52 each,12.40,,2 for 25% off
Boots Borehamwood,Allergy & Hayfever,Allergy & Hayfever Tablets,Benadryl Allergy Relief Capsules 12 Pack,12pk,£0.66 each,7.95,,2 for 25% off
Boots Borehamwood,Allergy & Hayfever,Nasal Spray & Sinus Care,Boots Adult Hayfever Relief 0.05% Nasal Spray 100 Sprays,100pk,£0.06 each,5.50,,2 for 25% off
Boots Borehamwood,Allergy & Hayfever,Nasal Spray & Sinus Care,Boots Allergy Barrier Nasal Spray 800mg (Up To 200 Sprays),,,7.15,,2 for 25% off
Boots Borehamwood,Allergy & Hayfever,Allergy & Hayfever Eye Drops,Boots Allergy Eye Mist 10ml,10ml,"£1,019.00/L",10.19,,2 for 25% off
Boots Borehamwood,Allergy & Hayfever,Nasal Spray & Sinus Care,Boots Decongestant 0.05% W/V Nasal Spray 15ml,15ml,£140.00/L,2.10,,
Boots Borehamwood,Allergy & Hayfever,Nasal Spray & Sinus Care,Boots Dual Defence Nasal Spray 20ml,20ml,£349.50/L,6.99,,
Boots Borehamwood,Allergy & Hayfever,Allergy & Hayfever Tablets,Boots Fexofenadine Hydrochloride 120mg Film-Coated Tablets - 10 Tablets,10pk,£0.43 each,4.29,,2 for 25% off
Boots Borehamwood,Allergy & Hayfever,Allergy & Hayfever Tablets,Boots Fexofenadine Hydrochloride 120mg Film-Coated Tablets - 30 Tablets,30pk,£0.30 each,8.99,,2 for 25% off
Boots Borehamwood,Allergy & Hayfever,Allergy & Hayfever Tablets,Boots Hayfever & Allergy Relief 10mg Tablets 30 Tablets,30pk,£0.20 each,5.99,,
Boots Borehamwood,Allergy & Hayfever,Allergy & Hayfever Eye Drops,Boots Hayfever Relief 2% W/V Eye Drops - 10ml,10ml,£435.00/L,4.35,,2 for 25% off
Boots Borehamwood,Allergy & Hayfever,Nasal Spray & Sinus Care,Boots Nasal Stick Inhaler 2 Inhalers,2pk,£1.00 each,1.99,,
Boots Borehamwood,Allergy & Hayfever,Allergy & Hayfever Tablets,Boots One-A-Day Hayfever & Allergy Relief 10mg Tablets - 14 Tablets,14pk,£0.25 each,3.49,,2 for 25% off
Boots Borehamwood,Allergy & Hayfever,Allergy & Hayfever Tablets,Boots One-A-Day Hayfever & Allergy Relief 10mg Tablets - 30 Tablets,30pk,£0.20 each,5.99,,2 for 25% off
Boots Borehamwood,Allergy & Hayfever,Nasal Spray & Sinus Care,Boots Pharmaceuticals Max Strength Sinus Pressure And Pain Relief Capsules x16,16pk,£0.15 each,2.40,,
Boots Borehamwood,Allergy & Hayfever,Nasal Spray & Sinus Care,Boots Sleepeaze Snoring Relief Congestion Nasal Spray 10ml,24g,£412.50/kg,9.90,,
Boots Borehamwood,Allergy & Hayfever,Nasal Spray & Sinus Care,Breathe Right Congestion Relief Nasal Strips Original Large 30 Pack,30pk,£0.51 each,15.35,,
Boots Borehamwood,Allergy & Hayfever,Nasal Spray & Sinus Care,Breathe Right Congestion Relief Nasal Strips Original Small/Medium 30 Pack,30pk,£0.51 each,15.35,,
Boots Borehamwood,Allergy & Hayfever,Nasal Spray & Sinus Care,Clarinaze Hayfever Relief 0.05% W/W Nasal Spray - 60 Sprays,10g,"£1,155.00/kg",11.55,,2 for 25% off
Boots Borehamwood,Allergy & Hayfever,Allergy & Hayfever Tablets,Clarityn 10mg Allergy Tablets 30 Pack,30pk,£0.42 each,12.65,,2 for 25% off
Boots Borehamwood,Allergy & Hayfever,Allergy & Hayfever Tablets,Clarityn Allergy 10mg Tablets 20 Tablets,20pk,£0.48 each,9.65,,2 for 25% off
Boots Borehamwood,Allergy & Hayfever,Allergy & Hayfever Tablets,Clarityn Allergy 1mg/ml Syrup Sugar Free Mixed Berries Flavour 60ml,60ml,£122.50/L,7.35,,2 for 25% off
Boots Borehamwood,Allergy & Hayfever,Allergy & Hayfever Tablets,Clarityn allergy 10mg tablets 10s,,,5.60,,
Boots Borehamwood,Allergy & Hayfever,Allergy & Hayfever Tablets,HayMax citrus lift allergen balm 5ml,,,9.75,,
Boots Borehamwood,Allergy & Hayfever,Allergy & Hayfever Tablets,Haymax Aloe Vera Organic Barrier Balm 5ml,5ml,"£1,950.00/L",9.75,,2 for 25% off
Boots Borehamwood,Allergy & Hayfever,Kids' Allergy & Hayfever,Haymax Kids Organic Drug Free Allergen Barrier Balm 5ml,5ml,"£1,950.00/L",9.75,,
Boots Borehamwood,Allergy & Hayfever,Allergy & Hayfever Tablets,Haymax Pure Organic Drug-Free Allergen Barrier Balm 5ml,5ml,"£1,950.00/L",9.75,,2 for 25% off
Boots Borehamwood,Allergy & Hayfever,Nasal Spray & Sinus Care,Neilmed Nasogel Drip Free Gel Spray 30ml,30ml,£401.67/L,12.05,,
Boots Borehamwood,Allergy & Hayfever,Nasal Spray & Sinus Care,Neilmed Sinus Rinse Kit,60pk,£0.38 each,23.05,,
Boots Borehamwood,Allergy & Hayfever,Nasal Spray & Sinus Care,Olbas Inhaler Nasal Stick Twin Pack - 2 x 695mg,2pk,£1.80 each,3.60,,
Boots Borehamwood,Allergy & Hayfever,Nasal Spray & Sinus Care,Olbas Nasal Spray 20ml,20ml,£400.00/L,8.00,,
Boots Borehamwood,Allergy & Hayfever,Nasal Spray & Sinus Care,Olbas Oil Inhalant Decongestant 12ml,12ml,£495.83/L,5.95,,
Boots Borehamwood,Allergy & Hayfever,Nasal Spray & Sinus Care,Olbas Oil Inhalant Decongestant 30ml,30ml,£320.00/L,9.60,,
Boots Borehamwood,Allergy & Hayfever,Nasal Spray & Sinus Care,Olbas anti allergy nasal spray 20ml,,,8.00,,
Boots Borehamwood,Allergy & Hayfever,Allergy & Hayfever Eye Drops,Opticrom Hayfever Eye Drops 10ml,10ml,£745.00/L,7.45,,2 for 25% off
Boots Borehamwood,Allergy & Hayfever,Allergy & Hayfever Eye Drops,Optrex Hayfever Relief Drops - 10ml,10ml,£765.00/L,7.65,,
Boots Borehamwood,Allergy & Hayfever,Nasal Spray & Sinus Care,Otrivine Adult Nasal Drops 10ml,10ml,£515.00/L,5.15,,
Boots Borehamwood,Allergy & Hayfever,Nasal Spray & Sinus Care,Otrivine Adult Nasal Spray Metered Dose 0.1% 10ml,10ml,£570.00/L,5.70,,
Boots Borehamwood,Allergy & Hayfever,Nasal Spray & Sinus Care,Otrivine Congestion Relief 0.1% Nasal Spray 10ml,10ml,£735.00/L,7.35,,
Boots Borehamwood,Allergy & Hayfever,Nasal Spray & Sinus Care,Otrivine Natural With Eucalyptus Nasal Spray 20ml,20ml,£372.50/L,7.45,,
Boots Borehamwood,Allergy & Hayfever,Nasal Spray & Sinus Care,Otrivine Sinusitis Relief 0.1% W/V Nasal Spray 10ml,10ml,£735.00/L,7.35,,
Boots Borehamwood,Allergy & Hayfever,Allergy & Hayfever Tablets,Pirilieve Hayfever Relief 120mg Film-Coated Tablets 10 Tablets,10pk,£0.63 each,6.30,,2 for 25% off
Boots Borehamwood,Allergy & Hayfever,Allergy & Hayfever Tablets,Pirilieve Hayfever Relief 120mg Film-Coated Tablets 30 Pack,30pk,£0.48 each,14.45,,2 for 25% off
Boots Borehamwood,Allergy & Hayfever,Nasal Spray & Sinus Care,"Pirinase Hayfever Relief Nasal Spray For Adults, Non Drowsy Hayfever Medicine 60 Sprays",9ml,"£1,161.11/L",10.45,,2 for 25% off
Boots Borehamwood,Allergy & Hayfever,Allergy & Hayfever Tablets,Piriteze Allergy Relief Tablets Cetirizine Pack of 30,30pk,£0.42 each,12.70,,2 for 25% off
Boots Borehamwood,Allergy & Hayfever,Kids' Allergy & Hayfever,Piriteze Antihistamine Allergy Relief Syrup For Kids Sugar Free Banana Flavour 70ml,70ml,£107.14/L,7.50,,2 for 25% off
Boots Borehamwood,Allergy & Hayfever,Allergy & Hayfever Tablets,Piriteze Antihistamine Allergy Relief Tablets Cetirizine Pack of 14,14pk,£0.53 each,7.40,,2 for 25% off
Boots Borehamwood,Allergy & Hayfever,Nasal Spray & Sinus Care,Sterimar Hayfever Allergy Relief Nasal Spray 50ml,50ml,£144.00/L,7.20,,2 for 25% off
Boots Borehamwood,Allergy & Hayfever,Nasal Spray & Sinus Care,Sterimar Isotonic Nasal Hygiene Spray 100ml,100ml,£112.00/L,11.20,,
Boots Borehamwood,Allergy & Hayfever,Nasal Spray & Sinus Care,Sterimar Stop And Protect Allergy Response Nasal Spray,20ml,£560.00/L,11.20,,2 for 25% off
Boots Borehamwood,Allergy & Hayfever,Nasal Spray & Sinus Care,Sudafed Blocked Nose Spray- 15ml,15ml,£433.33/L,6.50,,
Boots Borehamwood,Allergy & Hayfever,Nasal Spray & Sinus Care,Sudafed Natural Relief Blocked Nose Spray - 15ml,15ml,£466.67/L,7.00,,
Boots Borehamwood,Allergy & Hayfever,Nasal Spray & Sinus Care,Sudafed Plus Blocked Nose 1mg/50mg/ml Nasal Spray Solution   10ml,10ml,£860.00/L,8.60,,
Boots Borehamwood,Allergy & Hayfever,Nasal Spray & Sinus Care,Sudafed Sinus Ease Nasal Spray.  15ml,15ml,£543.33/L,8.15,,
Boots Borehamwood,Allergy & Hayfever,Nasal Spray & Sinus Care,Sudafed Sinus Max Strength Capsules 16 Pack,16pk,£0.39 each,6.30,,
Boots Borehamwood,Allergy & Hayfever,Allergy & Hayfever Eye Drops,The Eye Doctor Allergy Comfort Eye Drops 10ml,10ml,"£1,320.00/L",13.20,,2 for 25% off
Boots Borehamwood,Allergy & Hayfever,Allergy & Hayfever Eye Drops,The Eye Doctor Biodegradable Hay Fever Relief Eyelid Wipes X20,20pk,£0.32 each,6.30,,2 for 25% off
Boots Borehamwood,Allergy & Hayfever,Nasal Spray & Sinus Care,The Eye Doctor hypochlorous allergy comfort spray 100ml,,,11.00,,
Boots Borehamwood,Allergy & Hayfever,Nasal Spray & Sinus Care,Vicks First Defence Cold Virus Blocker Nasal Spray Bottle 15ml,15ml,£640.00/L,9.60,,
Boots Borehamwood,Allergy & Hayfever,Nasal Spray & Sinus Care,Vicks Inhaler Fast Acting Decongestant For Blocked Nose Relief Stick,10g,£335.00/kg,3.35,,
Boots Borehamwood,Allergy & Hayfever,Nasal Spray & Sinus Care,Vicks Personal Steam Inhaler With Two Scent Pads (V1300),,,11.45,,
Boots Borehamwood,Allergy & Hayfever,Nasal Spray & Sinus Care,Vicks Sinex Gentle Saline Nasal Spray 3In1 Action 1Year+,120ml,£81.25/L,9.75,,
Boots Borehamwood,Allergy & Hayfever,Nasal Spray & Sinus Care,Vicks Sinex Micromist Decongestant Nasal Spray For Blocked Nose 15ml,15ml,£456.67/L,6.85,,
Boots Borehamwood,Allergy & Hayfever,Nasal Spray & Sinus Care,Vicks Sinex Natura Decongestant Nasal Spray 20ml,20ml,£387.50/L,7.75,,
Boots Borehamwood,Allergy & Hayfever,Nasal Spray & Sinus Care,Vicks Sinex Soother Decongestant Nasal Spray For Blocked Nose 15ml,15ml,£456.67/L,6.85,,
Boots Borehamwood,Allergy & Hayfever,Nasal Spray & Sinus Care,Vicks Sinex Strong Saline Nasal Spray 3In1 Action 3Years+,120ml,£81.25/L,9.75,,
Boots Borehamwood,Allergy & Hayfever,Nasal Spray & Sinus Care,Vicks Ultrasonic Coolmist Personal Humidifier,,,44.05,,
Boots Borehamwood,Allergy & Hayfever,Nasal Spray & Sinus Care,Vicks Vapopads Refill Scent Pads - Menthol x7,7pk,£1.51 each,10.60,,
Boots Borehamwood,Allergy & Hayfever,Nasal Spray & Sinus Care,Vicks Vapopads Refill Scent Pads - Rosemary & Lavender x 7,7pk,£1.51 each,10.60,,
Boots Borehamwood,Baby & Kids' Accessories,Kids' Soothers & Teethers,Ashton & Parsons Teething Gel - 10ml,10ml,£685.00/L,6.85,,
Boots Borehamwood,Baby & Kids' Accessories,Kids' Soothers & Teethers,Bibs Colour Soother Latex Size 2 6-18 Months,2pk,£6.00 each,12.00,,
Boots Borehamwood,Baby & Kids' Accessories,Kids' Hair Accessories,Boots Kids Mini Floral Jaw Clips 6 Pack,6pk,£0.50 each,3.00,,
Boots Borehamwood,Baby & Kids' Accessories,Baby Cushions & Muslins,Botanics Muslin Cloths 3 Pack,3pk,£2.68 each,8.05,,
Boots Borehamwood,Baby & Kids' Accessories,Kids' Soothers & Teethers,Flip And Fun Teether Book,,,10.90,,
Boots Borehamwood,Baby & Kids' Accessories,Kids' Soothers & Teethers,Frida Baby Not-Too-Cold-To- Hold Teether,,,10.30,,
Boots Borehamwood,Baby & Kids' Accessories,Kids' Soothers & Teethers,Mam Air 16+M Soother 2 Pack,2pk,£4.93 each,9.85,,
Boots Borehamwood,Baby & Kids' Accessories,Kids' Soothers & Teethers,Mam Air Night Soother 12 Months + 2s,2pk,£5.60 each,11.20,,
Boots Borehamwood,Baby & Kids' Accessories,Kids' Soothers & Teethers,Mam Clip Double Pack,2pk,£4.25 each,8.50,,
Boots Borehamwood,Baby & Kids' Accessories,Kids' Soothers & Teethers,Mam Clip It,,,8.50,,
Boots Borehamwood,Baby & Kids' Accessories,Kids' Soothers & Teethers,Mam Comfort Soother 0-2 Months,2pk,£6.20 each,12.40,,
Boots Borehamwood,Baby & Kids' Accessories,Kids' Soothers & Teethers,Mam Easy Start Bottle Set Small - Unisex,,,53.55,,
Boots Borehamwood,Baby & Kids' Accessories,Kids' Soothers & Teethers,Mam Love and Affection Soother 0 Mth+ 2s,2pk,£4.93 each,9.85,,
Boots Borehamwood,Baby & Kids' Accessories,Kids' Soothers & Teethers,Mam Love and Affection Soother 6 Mth+ 2s,2pk,£4.93 each,9.85,,
Boots Borehamwood,Baby & Kids' Accessories,Kids' Soothers & Teethers,Mam Night Soother Astro 6+mth 2s,2pk,£5.45 each,10.90,,
Boots Borehamwood,Baby & Kids' Accessories,Kids' Soothers & Teethers,Mam Organic Garden Soother 0 Mths 2s,2pk,£4.93 each,9.85,,
Boots Borehamwood,Baby & Kids' Accessories,Kids' Soothers & Teethers,Mam Original Cute 16+M Soother 2 Pack,2pk,£4.93 each,9.85,,
Boots Borehamwood,Baby & Kids' Accessories,Kids' Soothers & Teethers,Mam Original Night 0+M Soother,2pk,£5.45 each,10.90,,
Boots Borehamwood,Baby & Kids' Accessories,Kids' Soothers & Teethers,Mam Original Night Astro 6+M Soother 2 Pack,2pk,£5.45 each,10.90,,
Boots Borehamwood,Baby & Kids' Accessories,Kids' Soothers & Teethers,Mam Perfect Night 6+ Double Pack,2pk,£6.70 each,13.40,,
Boots Borehamwood,Baby & Kids' Accessories,Kids' Soothers & Teethers,Mam Perfect Soother 0+ Month 2 Pack,2pk,£6.20 each,12.40,,
Boots Borehamwood,Baby & Kids' Accessories,Kids' Soothers & Teethers,Mam Perfect Start Soother 0-2 Months 2 Pack,2pk,£6.20 each,12.40,,
Boots Borehamwood,Baby & Kids' Accessories,Kids' Soothers & Teethers,Mam Pure Night Soother 16 Months+ 2s,2pk,£5.45 each,10.90,,
Boots Borehamwood,Baby & Kids' Accessories,Kids' Soothers & Teethers,Mam Pure Soother 16 Months+ 2s,2pk,£4.93 each,9.85,,
Boots Borehamwood,Baby & Kids' Accessories,Kids' Soothers & Teethers,Mam Pure Soother 2-6 Months 2s,2pk,£4.93 each,9.85,,
Boots Borehamwood,Baby & Kids' Accessories,Kids' Soothers & Teethers,Mam Pure Soother 6 Months+ 2s,2pk,£4.93 each,9.85,,
Boots Borehamwood,Baby & Kids' Accessories,Kids' Soothers & Teethers,Mam Pure Soother Start 0 Months,2pk,£4.93 each,9.85,,
Boots Borehamwood,Baby & Kids' Accessories,Kids' Soothers & Teethers,Mam Start Soothers 0-2 Months 2s,2pk,£4.93 each,9.85,,
Boots Borehamwood,Baby & Kids' Accessories,Kids' Soothers & Teethers,Mameasy Start 160ml Bottle - 2PK - (Srp),2pk,£9.90 each,19.80,,
Boots Borehamwood,Baby & Kids' Accessories,Kids' Soothers & Teethers,Mameasy Start 260ml Bottle - 1PK,,,11.00,,
Boots Borehamwood,Baby & Kids' Accessories,Kids' Soothers & Teethers,Nuby Banana Teether,,,5.70,,
Boots Borehamwood,Baby & Kids' Accessories,Kids' Soothers & Teethers,Nuby Icybite Teething Keys,,,6.60,,
Boots Borehamwood,Baby & Kids' Accessories,Kids' Soothers & Teethers,Tommee Tippee 2 Pack Nightglow Dummy for 18-36 Months,2pk,£4.58 each,9.15,,
Boots Borehamwood,Baby & Kids' Accessories,Kids' Soothers & Teethers,"Tommee Tippee Breast-Like Soother, Lightweight, One-Piece Silicone Design, 0-6m",2pk,£5.73 each,11.45,,
Boots Borehamwood,Baby & Kids' Accessories,Kids' Soothers & Teethers,Tommee Tippee Silicone Ultra Light Stayput Soother 0-6m 2s,2pk,£5.73 each,11.45,,
Boots Borehamwood,Baby & Kids' Accessories,Kids' Soothers & Teethers,Tommee Tippee Ultimate Fit 2 Pack Soother for 18-36 Months,2pk,£4.58 each,9.15,,
Boots Borehamwood,Baby & Kids' Accessories,Kids' Soothers & Teethers,Tommee Tippee Ultimate Fit 2 Pack Soother for 6-18 Months,2pk,£4.58 each,9.15,,
Boots Borehamwood,Baby & Kids' Accessories,Kids' Soothers & Teethers,Tommee Tippee Ultra-Light Stayput Night Glow 2 Pack Dummy for 0-6 Months,2pk,£5.73 each,11.45,,
Boots Borehamwood,Baby & Kids' Accessories,Kids' Soothers & Teethers,Tommee Tippee Ultra-Light Stayput Night Glow 2 Pack Dummy for 6-18 Months,2pk,£5.73 each,11.45,,
Boots Borehamwood,Baby & Kids' Care,Kids' Oral Healthcare,Aquafresh Advance 9-12 Years Soft Bristles Toothbrush,,,1.90,,
Boots Borehamwood,Baby & Kids' Care,Kids' Oral Healthcare,Aquafresh Baby Toothpaste Milk Teeth 0 To 2 Years 50ml,50ml,£40.00/L,2.00,,
Boots Borehamwood,Baby & Kids' Care,Kids' Oral Healthcare,Aquafresh Big Teeth Soft Bristles Toothbrush 6 To 8 Years,,,2.50,,
Boots Borehamwood,Baby & Kids' Care,Kids' Oral Healthcare,Aquafresh Kids Battery Toothbrush,,,8.60,,
Boots Borehamwood,Baby & Kids' Care,Kids' Oral Healthcare,Aquafresh Kids Toothpaste Advance 9-12 Years 75ml,75ml,£23.33/L,1.75,,
Boots Borehamwood,Baby & Kids' Care,Kids' Oral Healthcare,Aquafresh Kids Toothpaste Big Teeth 6 To 8 Years 75ml,75ml,£23.33/L,1.75,,
Boots Borehamwood,Baby & Kids' Care,Kids' Oral Healthcare,Aquafresh Kids Toothpaste Little Teeth 3 To 5 Years 75ml,75ml,£33.33/L,2.50,,
Boots Borehamwood,Baby & Kids' Care,Kids' Oral Healthcare,Aquafresh Milk Teeth Soft Bristles Toothbrush 0 To 2 Years,,,2.50,,
Boots Borehamwood,Baby & Kids' Care,Kids' Oral Healthcare,Aquafresh Paw Patrol Little Teeth Toothbrush 3-8 Years for Kids,,,2.95,,
Boots Borehamwood,Baby & Kids' Care,Kids' Oral Healthcare,Aquafresh Splash Strawberry & Mint Flavour Kids Toothpaste 3-8 Years 75ml,75ml,£23.33/L,1.75,,
Boots Borehamwood,Baby & Kids' Care,Kids' Bath & Body,"Aveeno Baby Calming Comfort Bedtime Bath & Wash, 250ml",250ml,£32.00/L,8.00,,
Boots Borehamwood,Baby & Kids' Care,Kids' Bath & Body,Aveeno Baby Calming Comfort Wash 400ml,400ml,£25.88/L,10.35,,
Boots Borehamwood,Baby & Kids' Care,Kids' Bath & Body,"Aveeno Baby Daily Care 2-In-1 Shampoo & Conditioner, 250ml",250ml,£32.00/L,8.00,,
Boots Borehamwood,Baby & Kids' Care,Kids' Bath & Body,"Aveeno Baby Daily Care Gentle Bath & Wash, 400ml",400ml,£22.88/L,9.15,,
Boots Borehamwood,Baby & Kids' Care,Kids' Bath & Body,"Aveeno Baby Daily Care Hair & Body Wash, 400ml",400ml,£27.25/L,10.90,,
Boots Borehamwood,Baby & Kids' Care,Kids' Bath & Body,"Aveeno Baby Daily Care Hair And Body Wash, 250ml",250ml,£32.00/L,8.00,,
Boots Borehamwood,Baby & Kids' Care,Kids' Bath & Body,"Aveeno Baby Dermexa Moisturising Wash, 250ml",250ml,£43.60/L,10.90,,
Boots Borehamwood,Baby & Kids' Care,Skin Treatment & Nappy Cream,Aveeno Baby Nappy Cream 100ml,100ml,£80.00/L,8.00,,
Boots Borehamwood,Baby & Kids' Care,Kids' Bath & Body,Aveeno Kids Bubble Bath & Wash 250ml,250ml,£32.00/L,8.00,,
Boots Borehamwood,Baby & Kids' Care,Kids' Bath & Body,Aveeno Kids Conditioner 250ml,250ml,£32.00/L,8.00,,
Boots Borehamwood,Baby & Kids' Care,Kids' Bath & Body,Aveeno Kids Shampoo 250ml,250ml,£32.00/L,8.00,,
Boots Borehamwood,Baby & Kids' Care,Skin Treatment & Nappy Cream,Aveeno Skin Relief Ointment 100ml,100ml,£137.00/L,13.70,,
Boots Borehamwood,Baby & Kids' Care,Kids' Supplements,Baby Ddrops Liquid Vitamin D3 10g 60 Drops 1.7ml,,,12.10,,
Boots Borehamwood,Baby & Kids' Care,Kids' Supplements,Bassetts Multivitamins Summer Berries Flavour Gummies 12-18 Years - 30,30pk,£0.27 each,8.05,,
Boots Borehamwood,Baby & Kids' Care,Skin Treatment & Nappy Cream,Bepanthen Nappy Care Ointment 100g,100g,£101.00/kg,10.10,,
Boots Borehamwood,Baby & Kids' Care,Skin Treatment & Nappy Cream,Bepanthen Nappy Rash Ointment 30g,30g,£146.67/kg,4.40,,
Boots Borehamwood,Baby & Kids' Care,Kids' Supplements,Bickiepegs Teething Biscuits Stage 1 9 x 5g,38g,£71.05/kg,2.70,,
Boots Borehamwood,Baby & Kids' Care,Kids' Supplements,"Bio-Kult Infantis Gut Supplement For Children & Infants From Birth, With Vitamin C - 16x1g Sachets",16g,£890.63/kg,14.25,,
Boots Borehamwood,Baby & Kids' Care,Kids' Supplements,Biogaia Protectis Baby Drops,5ml,"£3,620.00/L",18.10,,
Boots Borehamwood,Baby & Kids' Care,Kids' Oral Healthcare,Bonjela Junior Gel 15g,15g,£380.00/kg,5.70,,
Boots Borehamwood,Baby & Kids' Care,Skin Treatment & Nappy Cream,Boots Baby Moisturising Nappy Cream 100ml,100ml,£35.00/L,3.50,,
Boots Borehamwood,Baby & Kids' Care,"Cotton Wool, Pads & Buds",Boots Baby Organic Cotton Buds 200 Pack,200pk,0.425p each,0.85,,
Boots Borehamwood,Baby & Kids' Care,"Cotton Wool, Pads & Buds",Boots Baby Organic Cotton Wool Balls 100 Pack,100pk,£0.02 each,1.65,,
Boots Borehamwood,Baby & Kids' Care,"Cotton Wool, Pads & Buds",Boots Baby Organic Extra Large Cotton Pads 50's,50pk,£0.04 each,2.10,,
Boots Borehamwood,Baby & Kids' Care,"Cotton Wool, Pads & Buds",Boots Baby Organic Large Cotton Wool Pads 80 Pack,80pk,£0.03 each,2.50,,
Boots Borehamwood,Baby & Kids' Care,"Cotton Wool, Pads & Buds",Boots Baby Organic Round Cotton Wool Pads 100 Pack,100pk,£0.01 each,1.10,,
Boots Borehamwood,Baby & Kids' Care,Skin Treatment & Nappy Cream,Boots Baby Petroleum Jelly 250ml,250ml,£14.00/L,3.50,,
Boots Borehamwood,Baby & Kids' Care,"Cotton Wool, Pads & Buds",Boots Compact Cosmetic Sponges 2s,2pk,£0.75 each,1.50,,
Boots Borehamwood,Baby & Kids' Care,"Cotton Wool, Pads & Buds",Boots Everyday Organic Cosmetic Round Cotton Wool Pads x100,100pk,£0.02 each,1.60,,
Boots Borehamwood,Baby & Kids' Care,"Cotton Wool, Pads & Buds",Boots Everyday Organic Oval Cotton Wool Pads 50 pads,50pk,£0.04 each,2.00,,
Boots Borehamwood,Baby & Kids' Care,"Cotton Wool, Pads & Buds",Boots Everyday Organic Round Cotton Wool Pads x50,50pk,£0.02 each,0.80,,
Boots Borehamwood,Baby & Kids' Care,"Cotton Wool, Pads & Buds",Boots Everyday Organic Round Tip Cotton Buds x200,200pk,0.55p each,1.10,,
Boots Borehamwood,Baby & Kids' Care,"Cotton Wool, Pads & Buds",Boots Fragrance Free Eye Make Up Remover Pads 40s,40pk,£0.05 each,1.95,,
Boots Borehamwood,Baby & Kids' Care,Kids' Supplements,"Boots Good Gut 3+ Kids Live Friendly Bacteria + Immunity Support, 30 Chewable Tablets",30pk,£0.36 each,10.75,,
Boots Borehamwood,Baby & Kids' Care,Kids' Supplements,Boots Kids Magnesium Gummies 30s,30pk,£0.18 each,5.50,,
Boots Borehamwood,Baby & Kids' Care,Kids' Oral Healthcare,Boots Kids Mint Toothpaste 0-2Yrs 75ml,75ml,£13.33/L,1.00,,
Boots Borehamwood,Baby & Kids' Care,Kids' Oral Healthcare,Boots Kids Mint Toothpaste 3-5Yrs 75ml,75ml,£13.33/L,1.00,,
Boots Borehamwood,Baby & Kids' Care,Kids' Oral Healthcare,Boots Kids Mint Toothpaste 6+Yrs 75ml,75ml,£13.33/L,1.00,,
Boots Borehamwood,Baby & Kids' Care,Kids' Oral Healthcare,Boots Kids Plaque Reveal Tablets,10pk,£0.20 each,2.00,,
Boots Borehamwood,Baby & Kids' Care,Kids' Oral Healthcare,Boots Kids Toothbrush 0-2 Years,,,1.00,,
Boots Borehamwood,Baby & Kids' Care,Kids' Bath & Body,Boots Little + Loved Baby Brush & Comb,,,3.00,,
Boots Borehamwood,Baby & Kids' Care,Kids' Bath & Body,Boots Little + Loved Baby Powder 400g,400g,£6.88/kg,2.75,,
Boots Borehamwood,Baby & Kids' Care,Kids' Bath & Body,Boots Little + Loved Baby Shampoo 500ml,500ml,£3.00/L,1.50,,
Boots Borehamwood,Baby & Kids' Care,"Cotton Wool, Pads & Buds",Boots Organic Cotton Buds Cosmetic Tip 80 Pack,80pk,£0.02 each,1.50,,
Boots Borehamwood,Baby & Kids' Care,"Cotton Wool, Pads & Buds",Boots Organic Cotton Wool Balls 100 Pack,100pk,£0.02 each,1.70,,
Boots Borehamwood,Baby & Kids' Care,"Cotton Wool, Pads & Buds",Boots Organic Double Faced Cosmetic Cotton Wool Oval Pads 20 Pack,20pk,£0.09 each,1.85,,
Boots Borehamwood,Baby & Kids' Care,Kids' Oral Healthcare,Boots Repel Kids Pmd Pump Spray 100ml,100ml,£69.90/L,6.99,,2 for 25% off
Boots Borehamwood,Baby & Kids' Care,"Cotton Wool, Pads & Buds",Boots Soft Powder Puffs 2s,2pk,£0.50 each,1.00,,
Boots Borehamwood,Baby & Kids' Care,"Cotton Wool, Pads & Buds",Botanics Deep Cleansing Sponges x2 Pack,,,5.75,,
Boots Borehamwood,Baby & Kids' Care,"Cotton Wool, Pads & Buds",Botanics Double Faced Oval Pads 50 Pack,50pk,£0.05 each,2.55,,
Boots Borehamwood,Baby & Kids' Care,"Cotton Wool, Pads & Buds",Botanics Round Cotton Pads 100 Pack,100pk,£0.03 each,2.55,,
Boots Borehamwood,Baby & Kids' Care,Kids' Oral Healthcare,Brush-Baby Applemint Toothpaste 0-3Yrs 50ml,50ml,£73.00/L,3.65,,
Boots Borehamwood,Baby & Kids' Care,Kids' Oral Healthcare,Brush-Baby Babysonic Electric Toothbrush Blue,,,15.35,,
Boots Borehamwood,Baby & Kids' Care,Kids' Oral Healthcare,Brush-Baby Babysonic Electric Toothbrush Pink,,,15.35,,
Boots Borehamwood,Baby & Kids' Care,Kids' Oral Healthcare,Brush-Baby Babysonic Replacement Heads 18-36M 4 Pack,4pk,£2.29 each,9.15,,
Boots Borehamwood,Baby & Kids' Care,Skin Treatment & Nappy Cream,C/S My Little Sudocrem 22g,22g,£186.36/kg,4.10,,
Boots Borehamwood,Baby & Kids' Care,Kids' Bath & Body,Cantu Care For Kids Conditioning Detangler 177ml,177ml,£35.59/L,6.30,,
Boots Borehamwood,Baby & Kids' Care,Kids' Bath & Body,Cantu Care For Kids Curling Cream 227g,227g,£27.75/kg,6.30,,
Boots Borehamwood,Baby & Kids' Care,Kids' Bath & Body,Cantu Care For Kids Nourishing Conditioner 237ml,237ml,£26.58/L,6.30,,
Boots Borehamwood,Baby & Kids' Care,Kids' Bath & Body,Cantu Care For Kids Tear-Free Nourishing Shampoo 237ml,237ml,£26.58/L,6.30,,
Boots Borehamwood,Baby & Kids' Care,Kids' Bath & Body,Childs Farm 3 In 1 Hair Detangler Strawberry And Mint 100ml,100ml,£69.00/L,6.90,,
Boots Borehamwood,Baby & Kids' Care,Kids' Bath & Body,Childs Farm Baby Bubble Bath Baby Soft Scent 250ml,250ml,£23.00/L,5.75,,
Boots Borehamwood,Baby & Kids' Care,Kids' Bath & Body,Childs Farm Baby Shampoo And Wash Baby Soft Scent 250ml,250ml,£23.00/L,5.75,,
Boots Borehamwood,Baby & Kids' Care,Kids' Bath & Body,Childs Farm Bluey SPF 50+ Sun Cream Bluey-Berry Sunscreen for Kids & Sensitive Skin 200ml,200ml,£104.50/L,20.90,,
Boots Borehamwood,Baby & Kids' Care,Kids' Bath & Body,Childs Farm Bluey SPF 50+ Sun Lotion Spray Fragrance Free Sunscreen for Kids & Sensitive Skin 100ml,100ml,£112.00/L,11.20,13.20,£2 off
Boots Borehamwood,Baby & Kids' Care,Kids' Bath & Body,Childs Farm Hair And Body Wash Sweet Orange 250ml,250ml,£27.60/L,6.90,,
Boots Borehamwood,Baby & Kids' Care,Kids' Bath & Body,Childs Farm SPF 50+ Roll-on Sun Lotion 50ml Fragrance Free Sunscreen for Kids & Sensitive Skin,50ml,£220.00/L,11.00,,
Boots Borehamwood,Baby & Kids' Care,Kids' Bath & Body,Childs Farm SPF 50+ Sun Cream 200ml Fragrance Free Sunscreen for Kids & Sensitive Skin,200ml,£104.50/L,20.90,,
Boots Borehamwood,Baby & Kids' Care,Kids' Suncare,Childs Farm SPF50+ Sun Cream Fragrance Free 100ml,100ml,£132.00/L,13.20,,
Boots Borehamwood,Baby & Kids' Care,Kids' Bath & Body,Childs Farm Tangle-Taming Conditioner 250ml Strawberry and Mint Kids Tear Free Formula,250ml,£27.60/L,6.90,,
Boots Borehamwood,Baby & Kids' Care,Kids' Bath & Body,Childs Farm Tangle-Taming Shampoo 250ml Strawberry and Mint Kids Tear Free Formula,250ml,£27.60/L,6.90,,
Boots Borehamwood,Baby & Kids' Care,Kids' Oral Healthcare,Colgate Kids 0-3 Years Extra Soft Toothbrush,,,1.90,,
Boots Borehamwood,Baby & Kids' Care,Kids' Oral Healthcare,Colgate Kids Extra Soft Toothbrush 4 - 6 Years,,,1.90,,
Boots Borehamwood,Baby & Kids' Care,Kids' Oral Healthcare,"Colgate Kids Mild Fruit Baby Toothpaste 50ml, 0-2 Years",50ml,£28.00/L,1.40,,
Boots Borehamwood,Baby & Kids' Care,Kids' Oral Healthcare,"Colgate Kids Mint Toothpaste 75ml, 3-5 Years",75ml,£34.00/L,2.55,,
Boots Borehamwood,Baby & Kids' Care,Kids' Oral Healthcare,Colgate Kids Soft Toothbrush 6+ Years,,,1.90,,
Boots Borehamwood,Baby & Kids' Care,Kids' Bath & Body,Dentinox Cradle Cap Shampoo 125ml,125ml,£28.00/L,3.50,,
Boots Borehamwood,Baby & Kids' Care,Kids' Bath & Body,Dermafrida The Flakefixer The 3-Step Cradle Cap System By Fridababy,,,16.45,,
Boots Borehamwood,Baby & Kids' Care,Kids' Suncare,E45 Kids & Baby Sun Face & Body Lotion For Sensitive Skin. Gentle Sun Cream With Very High SPF 50+ 180ml,180ml,£85.28/L,15.35,,
Boots Borehamwood,Baby & Kids' Care,Kids' Suncare,E45 Kids & Baby Sun Face & Body Spray For Sensitive Skin. Nourishing Sun Spray With Very High SPF 50+ 180ml,180ml,£91.39/L,16.45,,
Boots Borehamwood,Baby & Kids' Care,Kids' Suncare,Eucerin Sun kids gel cream SPF50+ 200ml,200ml,£120.75/L,24.15,,
Boots Borehamwood,Baby & Kids' Care,Kids' Suncare,Garnier Ambre Solaire Kids SPF50 Sun Cream Spray 150ml,150ml,£73.33/L,11.00,,
Boots Borehamwood,Baby & Kids' Care,Kids' Bath & Body,Garnier Ultimate Blends Kids Apricot No Tears Easy Detangling Shampoo All Hair Types 250ml,250ml,£11.40/L,2.85,,
Boots Borehamwood,Baby & Kids' Care,Kids' Supplements,Haliborange Younger Minds Focus Orange & Pineapple Gummies 60s,60pk,£0.23 each,13.75,,
Boots Borehamwood,Baby & Kids' Care,Kids' Supplements,Haliborange Younger Minds Mind & Mood Watermelon Gummies 60s,60pk,£0.23 each,13.75,,
Boots Borehamwood,Baby & Kids' Care,Kids' Bath & Body,Hedrin All In One Shampoo - 100ml,100ml,£142.50/L,14.25,,
Boots Borehamwood,Baby & Kids' Care,Kids' Bath & Body,Johnson's Baby Bedtime Bath Gentle Baby Bath 500ml,500ml,£8.60/L,4.30,,
Boots Borehamwood,Baby & Kids' Care,"Cotton Wool, Pads & Buds",Johnson's Baby Cotton Buds 200 Pieces,200pk,0.85p each,1.70,,
Boots Borehamwood,Baby & Kids' Care,Kids' Bath & Body,Johnson's Baby Top-To-Toe Wash 500ml,500ml,£6.90/L,3.45,,
Boots Borehamwood,Baby & Kids' Care,Kids' Bath & Body,Johnson's No More Tangles Kids Conditioner Spray 200ml,200ml,£21.50/L,4.30,,
Boots Borehamwood,Baby & Kids' Care,Kids' Sleeping Aids,Klearvol Pillow Spray 100ml,100ml,£114.50/L,11.45,,
Boots Borehamwood,Baby & Kids' Care,Kids' Bath & Body,Lyclear Extra Strong Shampoo 200ml,200ml,£89.25/L,17.85,,
Boots Borehamwood,Baby & Kids' Care,Skin Treatment & Nappy Cream,Metanium Everyday Barrier Ointment 40g,40g,£115.00/kg,4.60,,
Boots Borehamwood,Baby & Kids' Care,Kids' Bath & Body,Mustela No-Rinse Cleansing Water 300ml,300ml,£38.50/L,11.55,,
Boots Borehamwood,Baby & Kids' Care,Kids' Bath & Body,My Little Coco Baby Mama Hydrating Bump Sheet Mask 50ml,50ml,£143.00/L,7.15,,
Boots Borehamwood,Baby & Kids' Care,Kids' Bath & Body,My Little Coco Bath & Body Bubbles 350ml,350ml,£20.43/L,7.15,,
Boots Borehamwood,Baby & Kids' Care,Kids' Bath & Body,My Little Coco Coco Potion Leave-In Conditioner,150ml,£45.67/L,6.85,,
Boots Borehamwood,Baby & Kids' Care,Kids' Bath & Body,My Little Coco Coconut Curling Custard 150ml,150ml,£47.67/L,7.15,,
Boots Borehamwood,Baby & Kids' Care,Kids' Bath & Body,My Little Coco Coconut Smoothie Shampoo 350ml,350ml,£20.43/L,7.15,,
Boots Borehamwood,Baby & Kids' Care,Kids' Bath & Body,My Little Coco Detangling Coconut Water 150ml,150ml,£47.67/L,7.15,,
Boots Borehamwood,Baby & Kids' Care,Kids' Bath & Body,My Little Coco Whipped Coconut Conditioner 350ml,350ml,£20.43/L,7.15,,
Boots Borehamwood,Baby & Kids' Care,Kids' Bath & Body,My Little Coco Whipped Coconut Conditioner 800ml,800ml,£16.50/L,13.20,,
Boots Borehamwood,Baby & Kids' Care,Skin Treatment & Nappy Cream,My Little Sudocrem Skin Care Cream 22g,22g,£186.36/kg,4.10,,
Boots Borehamwood,Baby & Kids' Care,Kids' Bath & Body,Nala's Baby Body Wash & Shampoo Fragrance Free 200ml,200ml,£33.00/L,6.60,,
Boots Borehamwood,Baby & Kids' Care,Kids' Bath & Body,Nala's Baby Body Wash & Shampoo Vanilla Cloud 200ml,200ml,£33.00/L,6.60,,£4.95 loyalty card (£24.75/L)
Boots Borehamwood,Baby & Kids' Care,Kids' Bath & Body,Nala's Baby Body Wash & Shampoo Vanilla Cloud 400ml,400ml,£24.38/L,9.75,,£7.31 loyalty card (£18.28/L)
Boots Borehamwood,Baby & Kids' Care,Kids' Bath & Body,Nala's Kids 2In1 Wash & Shampoo Strawberry Springs 200ml,200ml,£33.00/L,6.60,,
Boots Borehamwood,Baby & Kids' Care,Kids' Bath & Body,Nala's Kids Bubble Bath Strawberry Springs 200ml,200ml,£33.00/L,6.60,,
Boots Borehamwood,Baby & Kids' Care,Kids' Supplements,Optibac For Babies & Children 30 Sachets,30pk,£0.70 each,21.00,,
Boots Borehamwood,Baby & Kids' Care,Kids' Supplements,Optibac Strawberry Flavour Kids Gummies 30 Gummies,30pk,£0.48 each,14.30,,
Boots Borehamwood,Baby & Kids' Care,Kids' Supplements,Oral Rehyration Solution Tablets Kids Strawberry Flavour 24 Pack,24pk,£0.38 each,9.15,,
Boots Borehamwood,Baby & Kids' Care,Kids' Oral Healthcare,"Oral-B Io Kids Disney Stitch Electric Toothbrush, 1 Toothbrush Head, 1 Travel Case",,,105.00,,
Boots Borehamwood,Baby & Kids' Care,Kids' Oral Healthcare,Oral-b Kids 6+ Months Lion King Toothpaste 60ml,60ml,£38.33/L,2.30,,
Boots Borehamwood,Baby & Kids' Care,"Cotton Wool, Pads & Buds",Organic Double Faced Cosmetic Large Cotton Wool Pads 50 Pack,50pk,£0.05 each,2.30,,
Boots Borehamwood,Baby & Kids' Care,"Cotton Wool, Pads & Buds",Organic Double Faced Cosmetic Oval Cotton Wool Pads 50 Pack,50pk,£0.05 each,2.30,,
Boots Borehamwood,Baby & Kids' Care,"Cotton Wool, Pads & Buds",Organic Double Faced Cosmetic Round Cotton Wool Pads 100 Pack,100pk,£0.02 each,2.40,,
Boots Borehamwood,Baby & Kids' Care,"Cotton Wool, Pads & Buds",Organic Round Cotton Wool Pads 200 Pack,200pk,£0.02 each,3.30,,
Boots Borehamwood,Baby & Kids' Care,Kids' Supplements,Paediasure Shake Nutritional Supplement Drink Cookies And Cream 400g,400g,£37.00/kg,14.80,,
Boots Borehamwood,Baby & Kids' Care,Kids' Supplements,Paediasure Shake Nutritional Supplement Multivitamin Drink - Chocolate Flavour 400g,400g,£37.00/kg,14.80,,
Boots Borehamwood,Baby & Kids' Care,Kids' Supplements,Paediasure Shake Nutritional Supplement Multivitamin Drink - Strawberry Flavour 400g,400g,£37.00/kg,14.80,,
Boots Borehamwood,Baby & Kids' Care,Kids' Supplements,Paediasure Shake Nutritional Supplement Multivitamin Drink - Vanilla Flavour 400g,400g,£37.00/kg,14.80,,
Boots Borehamwood,Baby & Kids' Care,Kids' Supplements,Paediasure Shake Ready To Drink Nutritional Supplement,800ml,£13.63/L,10.90,,
Boots Borehamwood,Baby & Kids' Care,Kids' Supplements,Paediasure Shake Ready To Drink Nutritional Supplement With Multivitamins For Kids,800ml,£13.63/L,10.90,,
Boots Borehamwood,Baby & Kids' Care,Kids' Supplements,Paediasure Shake Ready-To-Drink Nutritious Shake For Kids 200ml Chocolate,200ml,£14.25/L,2.85,,
Boots Borehamwood,Baby & Kids' Care,Kids' Supplements,Paediasure Shake Ready-To-Drink Nutritious Shake For Kids 200ml Vanilla,200ml,£14.25/L,2.85,,
Boots Borehamwood,Baby & Kids' Care,Kids' Supplements,"Paediasure Shake, 850g Cookies & Cream Nutritional Supplement Drink",850g,£32.06/kg,27.25,,
Boots Borehamwood,Baby & Kids' Care,Kids' Supplements,Rescue Remedy Kids Calm Days Pastilles Strawberry - 50g,50g,£193.00/kg,9.65,,
Boots Borehamwood,Baby & Kids' Care,Kids' Supplements,Rescue Remedy Kids Dropper Strawberry 10ml,10ml,"£1,265.00/L",12.65,,
Boots Borehamwood,Baby & Kids' Care,Kids' Supplements,Rescue Remedy Kids Night Dropper Raspberry - 10ml,10ml,"£1,265.00/L",12.65,,
Boots Borehamwood,Baby & Kids' Care,Kids' Suncare,Riemann P20 Kids SPF50+ Sun Cream 100ml,100ml,£219.50/L,21.95,,
Boots Borehamwood,Baby & Kids' Care,Kids' Supplements,Sambucol Liquid Kids 120 ml,120ml,£96.25/L,11.55,,
Boots Borehamwood,Baby & Kids' Care,Kids' Supplements,Sambucol Liquid Kids 230ml,230ml,£90.22/L,20.75,,
Boots Borehamwood,Baby & Kids' Care,Kids' Supplements,"Seven Seas Trying For A Baby, Prenatal Vitamins With Advanced* Folic Acid - 28 Tablets",28pk,£0.39 each,11.00,,
Boots Borehamwood,Baby & Kids' Care,Kids' Suncare,Soltan Baby Protect & Moisturise Mini Suncare Lotion SPF50+ 50ml,50ml,£110.00/L,5.50,,
Boots Borehamwood,Baby & Kids' Care,Kids' Suncare,Soltan Baby Protect & Moisturise Suncare Lotion SPF50+ 200ml,200ml,£33.00/L,6.60,,
Boots Borehamwood,Baby & Kids' Care,Kids' Suncare,Soltan Essentials Family Pack,,,30.45,,
Boots Borehamwood,Baby & Kids' Care,Kids' Suncare,Soltan Kids Beach Powder 100g,100g,£109.00/kg,10.90,,
Boots Borehamwood,Baby & Kids' Care,Kids' Suncare,Soltan Kids Once 8hr Protect & Play Mini Suncare Lotion SPF50+ 50ml,50ml,£195.00/L,9.75,,
Boots Borehamwood,Baby & Kids' Care,Kids' Suncare,Soltan Kids Once 8hr Protect Suncare Roll on SPF50+ 50ml,50ml,£184.00/L,9.20,,
Boots Borehamwood,Baby & Kids' Care,Kids' Suncare,Soltan Kids Once Protect & Play Suncare Spray SPF50+ 200ml,200ml,£77.00/L,15.40,,
Boots Borehamwood,Baby & Kids' Care,Kids' Suncare,Soltan Kids Protect & Moisturise Mini Suncare Lotion SPF50+ 50ml,50ml,£110.00/L,5.50,,
Boots Borehamwood,Baby & Kids' Care,Kids' Suncare,Soltan Kids Protect & Moisturise Suncare Lotion SPF50+ 400ml,400ml,£27.50/L,11.00,,
Boots Borehamwood,Baby & Kids' Care,Kids' Suncare,Soltan Kids Protect & Moisturise Suncare Spray SPF50+ 200ml,200ml,£33.00/L,6.60,,
Boots Borehamwood,Baby & Kids' Care,Kids' Suncare,Soltan Kids Protect & Moisturise Suncare Stick SPF50+ 25g,25g,£240.00/kg,6.00,,
Boots Borehamwood,Baby & Kids' Care,Kids' Suncare,Soltan Kids Protect & Moisturise Suncare Trigger Spray SPF50+ 250ml,250ml,£44.00/L,11.00,,
Boots Borehamwood,Baby & Kids' Care,Skin Treatment & Nappy Cream,Sudocrem Antiseptic Healing Cream - 400g,400g,£33.00/kg,13.20,,
Boots Borehamwood,Baby & Kids' Care,Skin Treatment & Nappy Cream,Sudocrem Antiseptic Healing Cream 125g,125g,£62.00/kg,7.75,,
Boots Borehamwood,Baby & Kids' Care,Skin Treatment & Nappy Cream,Sudocrem Antiseptic Healing Cream 250g,250g,£43.60/kg,10.90,,
Boots Borehamwood,Baby & Kids' Care,Skin Treatment & Nappy Cream,Sudocrem Care & Protect Nappy Cream 100g,100g,£132.00/kg,13.20,,
Boots Borehamwood,Baby & Kids' Care,Skin Treatment & Nappy Cream,Sudocrem Sudosalve Nappy Rash Treatment Cream 25g,25g,£322.00/kg,8.05,,
Boots Borehamwood,Baby & Kids' Care,Kids' Supplements,Vitabiotics Wellbaby Multi-Vitamin Liquid 150ml,150ml,£41.67/L,6.25,,
Boots Borehamwood,Baby & Kids' Care,Kids' Supplements,Vitabiotics Wellbaby Vit D Drops 10 - 30ml,30ml,£206.67/L,6.20,,
Boots Borehamwood,Baby & Kids' Care,Kids' Supplements,Vitabiotics Wellkid Marvel Multi-Vits 50 Vegan Soft Jellies,50pk,£0.30 each,14.95,,
Boots Borehamwood,Baby & Kids' Care,Kids' Supplements,Vitabiotics Wellkid Marvel Vitamin D 50 Vegan Soft Jellies,50pk,£0.35 each,17.25,,
Boots Borehamwood,Baby & Kids' Care,Kids' Bath & Body,Weleda Calendula Face Cream 50ml,50ml,£240.00/L,12.00,,
Boots Borehamwood,Baby & Kids' Care,Skin Treatment & Nappy Cream,Weleda Calendula Nappy Cream 75ml,75ml,£121.33/L,9.10,,
Boots Borehamwood,Baby & Kids' Care,Kids' Bath & Body,Aveeno Baby Daily Care Moisturising Lotion 150ml,150ml,£53.33/L,8.00,,
Boots Borehamwood,Baby & Kids' Care,Kids' Bath & Body,"Aveeno Baby Daily Care Moisturising Lotion, 250ml",250ml,£43.60/L,10.90,,
Boots Borehamwood,Baby & Kids' Care,Kids' Bath & Body,Aveeno Baby Dermexa Emollient Cream 150ml,150ml,£72.67/L,10.90,,
Boots Borehamwood,Baby & Kids' Care,Kids' Bath & Body,Aveeno Baby Dermexa Good Night Emollient Balm 75ml,75ml,£160.67/L,12.05,,
Boots Borehamwood,Baby & Kids' Care,Kids' Bath & Body,Aveeno Baby Kids Bubble Bath And Wash 400ml,400ml,£25.88/L,10.35,,
Boots Borehamwood,Baby & Kids' Care,Kids' Bath & Body,"Aveeno Baby Soothing Relief Emollient Cream, 150ml",150ml,£61.00/L,9.15,,
Boots Borehamwood,Baby & Kids' Care,Kids' Bath & Body,Aveeno Kids Face And Body Moisturising Lotion,150ml,£53.33/L,8.00,,
Boots Borehamwood,Baby & Kids' Care,Kids' Bath & Body,Boots Baby 2 Ultra Soft Ramer Sponges,2pk,£1.50 each,2.99,,
Boots Borehamwood,Baby & Kids' Care,Kids' Bath & Body,Boots Baby Nail Clippers & Scissors Set,,,3.75,,
Boots Borehamwood,Baby & Kids' Care,Kids' Bath & Body,Boots Little + Loved Baby All Over Wash 500ml,500ml,£3.00/L,1.50,,
Boots Borehamwood,Baby & Kids' Care,Kids' Bath & Body,Boots Little + Loved Baby Bubble Bath 500ml,500ml,£3.00/L,1.50,,
Boots Borehamwood,Baby & Kids' Care,Kids' Bath & Body,Boots Little + Loved Baby Lotion 500ml,500ml,£3.00/L,1.50,,
Boots Borehamwood,Baby & Kids' Care,Kids' Bath & Body,Boots Little + Loved Baby Oil 300ml,300ml,£5.50/L,1.65,,
Boots Borehamwood,Baby & Kids' Care,Kids' Bath & Body,Boots Little + Loved Baby Soap 100g 2s,200g,£5.00/kg,1.00,,
Boots Borehamwood,Baby & Kids' Care,Kids' Bath & Body,Childs Farm 3 in 1 Swim Strawberry and Mint 50ml,50ml,£57.00/L,2.85,,
Boots Borehamwood,Baby & Kids' Care,Kids' Bath & Body,Childs Farm Baby Moisturiser 500ml Baby Soft Scent for Newborns & Sensitive Skin,500ml,£22.00/L,11.00,,
Boots Borehamwood,Baby & Kids' Care,Kids' Bath & Body,Childs Farm Baby Moisturiser Baby Soft Scent 200ml,200ml,£31.50/L,6.30,,
Boots Borehamwood,Baby & Kids' Care,Kids' Bath & Body,"Childs Farm Slumbertime Bath Soak 250ml Lavender & Moon Milk Gentle Bubble Bath for Babies, Kids & Sensitive Skin",250ml,£29.80/L,7.45,,
Boots Borehamwood,Baby & Kids' Care,Kids' Bath & Body,"Childs Farm Slumbertime Sleep Mist, Lavender & Moon Milk 100ml",100ml,£86.00/L,8.60,,
Boots Borehamwood,Baby & Kids' Care,Kids' Bath & Body,"Frida Baby 3-In-1 Nose, Nail + Ear Picker",,,9.15,,
Boots Borehamwood,Baby & Kids' Care,Kids' Bath & Body,Johnson's Baby Lotion 500ml,500ml,£6.90/L,3.45,,
Boots Borehamwood,Baby & Kids' Care,Kids' Bath & Body,Johnson's Baby Natural Cornstarch Powder 100g,100g,£20.00/kg,2.00,,
Boots Borehamwood,Baby & Kids' Care,Kids' Bath & Body,Johnson's Baby Natural Cornstarch Powder 200g,200g,£12.75/kg,2.55,,
Boots Borehamwood,Baby & Kids' Care,Kids' Bath & Body,Johnson's Baby Natural Cornstarch Powder 400g,400g,£11.50/kg,4.60,,
Boots Borehamwood,Baby & Kids' Care,Kids' Bath & Body,Johnson's Baby Oil 100ml,100ml,£20.00/L,2.00,,
Boots Borehamwood,Baby & Kids' Care,Kids' Bath & Body,Johnson's Baby Oil 500ml,500ml,£8.00/L,4.00,,
Boots Borehamwood,Baby & Kids' Care,Kids' Bath & Body,Kokoso Baby Coconut Oil 168g,168g,£54.46/kg,9.15,,
Boots Borehamwood,Baby & Kids' Care,Kids' Bath & Body,La Roche Posay Baby Lipikar Balm Ap+ Max 400ml,400ml,£66.88/L,26.75,,
Boots Borehamwood,Baby & Kids' Care,Kids' Bath & Body,My Little Coco Moisturising Body Cream 350ml,350ml,£20.43/L,7.15,,
Boots Borehamwood,Baby & Kids' Care,Kids' Bath & Body,My Little Coco Sleepy Head Sweet Dreams Pillow Mist 150ml,150ml,£55.33/L,8.30,,
Boots Borehamwood,Baby & Kids' Care,Kids' Bath & Body,Nala's Baby Body Butter 200ml,200ml,£38.75/L,7.75,,
Boots Borehamwood,Baby & Kids' Care,Kids' Bath & Body,Nala's Baby Body Butter Vanilla Cloud 200ml,200ml,£38.75/L,7.75,,£5.81 loyalty card (£29.05/L)
Boots Borehamwood,Baby & Kids' Care,Kids' Bath & Body,Nala's Baby Body Lotion 200ml,200ml,£33.00/L,6.60,,
Boots Borehamwood,Baby & Kids' Care,Kids' Bath & Body,Nala's Baby Body Lotion Vanilla Cloud 200ml,200ml,£33.00/L,6.60,,£4.95 loyalty card (£24.75/L)
Boots Borehamwood,Baby & Kids' Care,Kids' Bath & Body,Nala's Baby Nightime Oil Vanilla Cloud 200ml,200ml,£33.00/L,6.60,,£4.95 loyalty card (£24.75/L)
Boots Borehamwood,Baby & Kids' Care,Kids' Bath & Body,Nala's Baby Nightime Oil Vanilla Cloud 400ml,400ml,£24.38/L,9.75,,£7.31 loyalty card (£18.28/L)
Boots Borehamwood,Baby & Kids' Care,Kids' Bath & Body,Nala's Baby Sleep Collection 3 x 200ml,,,19.75,,
Boots Borehamwood,Baby & Kids' Care,Kids' Bath & Body,Nala's Kids Hair Oil Tropical Blast 100ml,100ml,£56.50/L,5.65,,
Boots Borehamwood,Baby & Kids' Care,Kids' Bath & Body,Nala's Kids Nighttime Oil Strawberry Springs 200ml,200ml,£33.00/L,6.60,,
Boots Borehamwood,Baby & Kids' Care,Kids' Bath & Body,Snufflebabe Vapour Bath Bubbles - 250ml,250ml,£18.40/L,4.60,,
Boots Borehamwood,Baby & Kids' Care,Kids' Bath & Body,Tommee Tippee Healthcare Kit For Babies,,,26.20,,
Boots Borehamwood,Baby & Kids' Care,Kids' Bath & Body,Vaseline Original Petroleum Jelly 100ml,100ml,£28.50/L,2.85,,
Boots Borehamwood,Baby & Kids' Care,Kids' Bath & Body,Vaseline Original Petroleum Jelly 250ml,250ml,£18.40/L,4.60,,
Boots Borehamwood,Baby & Kids' Care,Kids' Bath & Body,Vaseline Original Petroleum Jelly 50ml,50ml,£41.00/L,2.05,,
Boots Borehamwood,Baby & Kids' Care,Kids' Bath & Body,Weleda All Purpose Balm 25g,25g,£364.00/kg,9.10,,
Boots Borehamwood,Baby & Kids' Health,Calpol & Pain Relief,Ashton & Parsons Infants Powders - 30 Sachets,30pk,£0.31 each,9.40,,
Boots Borehamwood,Baby & Kids' Health,Calpol & Pain Relief,Ashton & Parsons Teething Powders - 20 Sachets,20pk,£0.36 each,7.15,,
Boots Borehamwood,Baby & Kids' Health,Kids' Congestion Relief,Baby Nasal Aspirator Nosefrida The Snotsucker Plus Travel Case By Fridababy,,,10.30,,
Boots Borehamwood,Baby & Kids' Health,"Kids' Cough, Cold & Flu",Benylin Children's Apple Flavour Cough Syrup 3+ Months (125ml),125ml,£44.80/L,5.60,,
Boots Borehamwood,Baby & Kids' Health,"Kids' Cough, Cold & Flu",Benylin Children's Dry Cough And Sore Throat Syrup 125ml,125ml,£44.80/L,5.60,,
Boots Borehamwood,Baby & Kids' Health,"Kids' Cough, Cold & Flu",Benylin Dry And Tickly Cough Syrup For Adults And Children 150ml,150ml,£46.67/L,7.00,,
Boots Borehamwood,Baby & Kids' Health,Calpol & Pain Relief,Bonjela Soothing Teething Gel 15ml,15ml,£320.00/L,4.80,,
Boots Borehamwood,Baby & Kids' Health,Calpol & Pain Relief,Boots 3 Months Plus Ibuprofen 100mg/5ml Oral Suspension Strawberry Flavour 100ml,100ml,£29.90/L,2.99,,
Boots Borehamwood,Baby & Kids' Health,Head Lice,Boots Head Lice Shampoo 200ml,200ml,£49.95/L,9.99,,
Boots Borehamwood,Baby & Kids' Health,Kids' Congestion Relief,Boots Saline Nasal Spray (15ml),15ml,£256.67/L,3.85,,
Boots Borehamwood,Baby & Kids' Health,Calpol & Pain Relief,Boots Teething Pain Relief Chamomilla Recutita 6C - 24 Sachets,24pk,£0.19 each,4.45,,
Boots Borehamwood,Baby & Kids' Health,Kids' Congestion Relief,Braun Nasal Aspirator 1 BNA100,,,34.65,,
Boots Borehamwood,Baby & Kids' Health,"Kids' Cough, Cold & Flu",Bronchostop Kids Syrup 120ml,120ml,£71.25/L,8.55,,
Boots Borehamwood,Baby & Kids' Health,"Kids' Cough, Cold & Flu",Bronchostop Kids Syrup 200ml,200ml,£57.25/L,11.45,,
Boots Borehamwood,Baby & Kids' Health,Calpol & Pain Relief,Brush-Baby Teething Wipes,,,6.35,,
Boots Borehamwood,Baby & Kids' Health,"Kids' Cough, Cold & Flu",Calcough Children's Syrup 1+ Year Blackcurrant Flavour 125ml,125ml,£45.60/L,5.70,,
Boots Borehamwood,Baby & Kids' Health,"Kids' Cough, Cold & Flu",Calcough Infant Syrup - 125ml,125ml,£45.60/L,5.70,,
Boots Borehamwood,Baby & Kids' Health,Calpol & Pain Relief,Calpol Blocked Nose Spray - 3 Years+,15ml,£343.33/L,5.15,,
Boots Borehamwood,Baby & Kids' Health,Calpol & Pain Relief,Calpol Infant Oral Suspension Paracetamol For 2+ Months 100ml,100ml,£40.00/L,4.00,,
Boots Borehamwood,Baby & Kids' Health,Calpol & Pain Relief,Calpol Infant Sugar & Colour-Free Oral Suspension 2+ Months 100ml,100ml,£40.00/L,4.00,,
Boots Borehamwood,Baby & Kids' Health,Calpol & Pain Relief,Calpol Infant Sugar-Free Oral Suspension Paracetamol 2+ Months 100ml,100ml,£40.00/L,4.00,,
Boots Borehamwood,Baby & Kids' Health,Calpol & Pain Relief,Calpol Saline Nasal Spray Congestion Relief From Birth 15ml,15ml,£396.67/L,5.95,,
Boots Borehamwood,Baby & Kids' Health,Calpol & Pain Relief,Calpol Sixplus Fast Melts Paracetamol Strawberry Flavour 6+ Years 12 Pack,12pk,£0.48 each,5.70,,
Boots Borehamwood,Baby & Kids' Health,Calpol & Pain Relief,Calpol Sixplus Sugar Free Suspension Strawberry Flavour 6+ Years - 12x5ml Sachets,12pk,£0.61 each,7.30,,
Boots Borehamwood,Baby & Kids' Health,Calpol & Pain Relief,Calpol Sixplus Sugar-Free Suspension Paracetamol 6+ Years 80ml,80ml,£50.00/L,4.00,,
Boots Borehamwood,Baby & Kids' Health,Calpol & Pain Relief,Calpol Vapour Plug In & Nightlight 3+ Months Plug And 3 Refills,,,9.95,,
Boots Borehamwood,Baby & Kids' Health,Calpol & Pain Relief,Calpol Vapour Plug Refills Lavender & Chamomile 10 Refill Pads,10pk,£1.39 each,13.85,,
Boots Borehamwood,Baby & Kids' Health,Calpol & Pain Relief,Calpol Vapour Plug Refills Lavender & Chamomile 5 Refill Pads,5pk,£1.89 each,9.45,,
Boots Borehamwood,Baby & Kids' Health,Calpol & Pain Relief,Calprofen Oral Suspension Ibuprofen 3+ Months Strawberry Flavour 100ml,100ml,£51.00/L,5.10,,
Boots Borehamwood,Baby & Kids' Health,"Kids' Cough, Cold & Flu",Children's Chloraseptic Sore Throat Spray 0.71% W/V Oromucosal Spray - 15ml,15ml,£493.33/L,7.40,,
Boots Borehamwood,Baby & Kids' Health,Kids' Digestive Health,Colief Infant Drops - 15ml,15ml,"£1,316.67/L",19.75,,
Boots Borehamwood,Baby & Kids' Health,Colic Relief,Colief Infant Drops - 7ml,7ml,"£2,035.71/L",14.25,,
Boots Borehamwood,Baby & Kids' Health,Colic Relief,Dentinox Collic Drops 100ml,100ml,£29.50/L,2.95,,
Boots Borehamwood,Baby & Kids' Health,Kids' Digestive Health,Enterosgel Kids 90g,90g,£230.56/kg,20.75,,
Boots Borehamwood,Baby & Kids' Health,Kids' Congestion Relief,Fridababy Electric Nosefrida,,,38.80,,
Boots Borehamwood,Baby & Kids' Health,Head Lice,Hedrin All In One Shampoo 200ml,200ml,£104.25/L,20.85,,
Boots Borehamwood,Baby & Kids' Health,Head Lice,Hedrin Liquid Gel 250ml,250ml,£88.00/L,22.00,,
Boots Borehamwood,Baby & Kids' Health,Head Lice,Hedrin Spray Gel - 100ml,100ml,£150.00/L,15.00,,
Boots Borehamwood,Baby & Kids' Health,Kids' Digestive Health,Imodium Instants - 6 Orodispersible Tablets,6pk,£1.16 each,6.95,,
Boots Borehamwood,Baby & Kids' Health,Colic Relief,Infacol (Simeticone) Colic Relief Drops 55ml,55ml,£122.73/L,6.75,,
Boots Borehamwood,Baby & Kids' Health,Colic Relief,Infacol (Simeticone) Drops Dual Action Relief Of Colic And Wind 85ml,85ml,£111.76/L,9.50,,
Boots Borehamwood,Baby & Kids' Health,Calpol & Pain Relief,Kool 'N' Soothe Soft Gel Sheets - 4 Pack,4pk,£0.78 each,3.10,,
Boots Borehamwood,Baby & Kids' Health,Head Lice,Lyclear Express Treat & Protect Head Lice Lotion 100ml,100ml,£112.00/L,11.20,,
Boots Borehamwood,Baby & Kids' Health,Head Lice,Lyclear Express Treat & Protect Head Lice Spray 100ml,100ml,£142.00/L,14.20,,
Boots Borehamwood,Baby & Kids' Health,Head Lice,Lyclear Treatment Shampoo With Comb 200ml,200ml,£80.75/L,16.15,,
Boots Borehamwood,Baby & Kids' Health,Calpol & Pain Relief,Nelsons Teetha Teething Granules 3 Months+ - 24 Sachets,24pk,£0.29 each,7.00,,
Boots Borehamwood,Baby & Kids' Health,Head Lice,Nitty Gritty Nit Free Comb,,,15.70,,
Boots Borehamwood,Baby & Kids' Health,Calpol & Pain Relief,Nurofen For Children 3 Months To 9 Years Orange 100mg/5ml Oral Suspension 100ml,100ml,£51.50/L,5.15,,
Boots Borehamwood,Baby & Kids' Health,Calpol & Pain Relief,Nurofen For Children 3 Months To 9 Years Strawberry 100mg/5ml Oral Suspension - 100ml,100ml,£51.50/L,5.15,,
Boots Borehamwood,Baby & Kids' Health,Calpol & Pain Relief,"Nurofen for Children Cold, Pain and Fever Strawberry Flavour 100mg/5ml Oral Suspension 100ml",100ml,£51.50/L,5.15,,
Boots Borehamwood,Baby & Kids' Health,Kids' Congestion Relief,Olbas For Children - 12ml,12ml,£454.17/L,5.45,,
Boots Borehamwood,Baby & Kids' Health,Kids' Congestion Relief,Snufflebabe Nasal Drops 10ml,10ml,£460.00/L,4.60,,
Boots Borehamwood,Baby & Kids' Health,Kids' Congestion Relief,Snufflebabe Vapour Rub 35g,35g,£145.71/kg,5.10,,
Boots Borehamwood,Baby & Kids' Health,Calpol & Pain Relief,Soother-Style Medicine Dispenser By Fridababy,,,10.30,,
Boots Borehamwood,Baby & Kids' Health,Kids' Congestion Relief,Sterimar Baby Nasal Hygiene 0 To 3 Years (50ml),50ml,£126.00/L,6.30,,
Boots Borehamwood,Baby & Kids' Health,Kids' Congestion Relief,Sterimar Kids Congestion Relief  50ml,50ml,£126.00/L,6.30,,
Boots Borehamwood,Baby & Kids' Health,"Kids' Cough, Cold & Flu",Tixylix Children's Cough Syrup 100ml,100ml,£45.50/L,4.55,,
Boots Borehamwood,Baby & Kids' Health,Head Lice,Vamousse Head Lice Treatment Mousse 160ml,160ml,£108.13/L,17.30,,
Boots Borehamwood,Baby & Kids' Health,Kids' Congestion Relief,Vicks Vaporub - 100g,100g,£77.50/kg,7.75,,
Boots Borehamwood,Baby & Kids' Health,Kids' Digestive Health,Woodwards Gripe Water Dual Action Relief Of Wind And Gripe 150 ml,150ml,£36.33/L,5.45,,
Boots Borehamwood,Baby & Kids' Health,"Kids' Cough, Cold & Flu",Zarbees Children's Cough & Sore Throat Syrup 100ml,100ml,£96.50/L,9.65,,
Boots Borehamwood,Bath & Body,Face Wash & Scrub,Acnecide Face Wash 5% w/w Gel 50g,50g,£241.00/kg,12.05,,
Boots Borehamwood,Bath & Body,Body Lotion,Aveeno Calm+Restore Moisturising Lotion SPF50 50ml,50ml,£373.00/L,18.65,,
Boots Borehamwood,Bath & Body,Body Wash & Soap,Aveeno Daily Moisturising Body Wash 500ml,500ml,£22.60/L,11.30,,
Boots Borehamwood,Bath & Body,Body Lotion,Aveeno Daily Moisturising Lotion 100ml,100ml,£51.50/L,5.15,,
Boots Borehamwood,Bath & Body,Body Lotion,Aveeno Daily Moisturising Lotion Calming Relief 300ml,300ml,£35.50/L,10.65,,
Boots Borehamwood,Bath & Body,Body Wash & Soap,Aveeno Dermexa Emollient Bodywash 300ml,300ml,£42.33/L,12.70,,
Boots Borehamwood,Bath & Body,Body Lotion,Aveeno Skin Relief Body Oil Spray Moisturiser For Sensitive Skin 200ml,200ml,£57.50/L,11.50,,
Boots Borehamwood,Bath & Body,Body Lotion,Aveeno Skin Relief Lotion 500ml,500ml,£32.90/L,16.45,,
Boots Borehamwood,Bath & Body,Body Lotion,Aveeno Skin Relief Moisturising Lotion 300ml,300ml,£38.33/L,11.50,,
Boots Borehamwood,Bath & Body,Face Wash & Scrub,Avene Thermal Spring Water Spray For Sensitive Skin 300ml,300ml,£56.83/L,17.05,,
Boots Borehamwood,Bath & Body,Face Wash & Scrub,Avene Thermal Water Spray 150ml,150ml,£73.33/L,11.00,,
Boots Borehamwood,Bath & Body,Bubble Bath & Soaks,Badedas Indulgent Bath Gelee Original 300ml,300ml,£23.00/L,6.90,,
Boots Borehamwood,Bath & Body,Bubble Bath & Soaks,Badedas Original Indulgent Bath Gel 750ml,750ml,£21.53/L,16.15,,
Boots Borehamwood,Bath & Body,Bubble Bath & Soaks,"Baylis & Harding Goodness Oud, Cedar & Amber Bath Soak 500ml",500ml,£9.20/L,4.60,,
Boots Borehamwood,Bath & Body,Bubble Bath & Soaks,Baylis & Harding Goodness Rose & Geranium 500ml Bath Soak,500ml,£9.20/L,4.60,,
Boots Borehamwood,Bath & Body,Bubble Bath & Soaks,Baylis & Harding Goodness Sleep Lavender & Bergamot Sleep Bath Soak 500ml,500ml,£11.50/L,5.75,,
Boots Borehamwood,Bath & Body,Body Mist,Baylis & Harding The Edit Body Mist Cherry Temptation 250ml,250ml,£36.80/L,9.20,,
Boots Borehamwood,Bath & Body,Body Mist,Baylis & Harding The Edit Body Mist Vanilla Seduction 250ml,250ml,£36.80/L,9.20,,
Boots Borehamwood,Bath & Body,Body Wash & Soap,Baylis & Harding The Edit Bodywash Vanilla Seduction 400ml,400ml,£11.50/L,4.60,,
Boots Borehamwood,Bath & Body,Body Lotion,Bioderma Atoderm intensive balm pump 500ml,500ml,£54.60/L,27.30,,
Boots Borehamwood,Bath & Body,Face Wash & Scrub,Bioderma Sensibio Foaming Gel Face Wash for Sensitive Skin 500ml,500ml,£44.10/L,22.05,,
Boots Borehamwood,Bath & Body,Bubble Bath & Soaks,Boots Bath Soak Lavender 1000ml,1L,£1.20/L,1.20,,
Boots Borehamwood,Bath & Body,Bathing Accessories,Boots Bath Sponge,,,1.00,,
Boots Borehamwood,Bath & Body,Bathing Accessories,Boots Body Polisher,,,1.00,,
Boots Borehamwood,Bath & Body,Bathing Accessories,Boots Body Polisher Orange,,,1.00,,
Boots Borehamwood,Bath & Body,Bathing Accessories,Boots Body Polisher Pink,,,1.00,,
Boots Borehamwood,Bath & Body,Bathing Accessories,Boots Bodypolisher White,,,1.00,,
Boots Borehamwood,Bath & Body,Bathing Accessories,Boots Clear Shower Caps 3 Pack,3pk,£0.50 each,1.50,,
Boots Borehamwood,Bath & Body,Bathing Accessories,Boots Double Sided Bathing Mitt,,,3.00,,
Boots Borehamwood,Bath & Body,Body Wash & Soap,Boots Everyday Coconut & Vanilla Shower Gel 250ml,250ml,£3.40/L,0.85,,
Boots Borehamwood,Bath & Body,Face Wash & Scrub,Boots Everyday Cucumber Face Wash 150ml,150ml,£9.67/L,1.45,,
Boots Borehamwood,Bath & Body,Face Wash & Scrub,Boots Everyday Cucumber Facial Scrub 150ml,150ml,£9.67/L,1.45,,
Boots Borehamwood,Bath & Body,Bathing Accessories,Boots Everyday Face Cloth White,,,1.00,,
Boots Borehamwood,Bath & Body,Body Wash & Soap,Boots Everyday Pineapple & Papaya Shower Gel 250ml,250ml,£3.40/L,0.85,,
Boots Borehamwood,Bath & Body,Bathing Accessories,Boots Lint Roller,,,1.50,,
Boots Borehamwood,Bath & Body,Bathing Accessories,Boots Massage Sponge Charcoal,,,3.00,,
Boots Borehamwood,Bath & Body,Bathing Accessories,Boots Massage Sponge White,,,3.00,,
Boots Borehamwood,Bath & Body,Face Wash & Scrub,Boots Men Clear Skin Charcoal Facial Scrub 150ml,150g,£33.33/kg,5.00,,
Boots Borehamwood,Bath & Body,Men's Shower Gel & Body Wash,Boots Mens Washbag Black,,,8.00,,
Boots Borehamwood,Bath & Body,Bathing Accessories,Boots Pumice Stone,,,2.00,,
Boots Borehamwood,Bath & Body,Bathing Accessories,Boots Pvc Clear Bath Mat,,,7.00,,
Boots Borehamwood,Bath & Body,Bathing Accessories,Boots Ramer Soft Sponge Pink,,,3.00,,
Boots Borehamwood,Bath & Body,Bathing Accessories,Boots Ramer Soft Sponge White,,,3.00,,
Boots Borehamwood,Bath & Body,Face Wash & Scrub,Boots Sea Minerals & Mint Exfoliating Foot Scrub 150ml,150ml,£23.27/L,3.49,,
Boots Borehamwood,Bath & Body,Bathing Accessories,Boots Ss Shower Cap Print,,,2.00,,
Boots Borehamwood,Bath & Body,Face Wash & Scrub,Boots Tea Tree & Witch Hazel Exfoliating Face Scrub 150ml,150ml,£30.00/L,4.50,,
Boots Borehamwood,Bath & Body,Face Wash & Scrub,Boots Tea Tree & Witch Hazel Exfoliating Face Scrub 50ml,50ml,£50.00/L,2.50,,
Boots Borehamwood,Bath & Body,Face Wash & Scrub,Boots Tea Tree & Witch Hazel Foaming Face Wash 150ml,150ml,£30.00/L,4.50,,
Boots Borehamwood,Bath & Body,Face Wash & Scrub,Boots Tea Tree & Witch Hazel Foaming Face Wash 50ml,50ml,£50.00/L,2.50,,
Boots Borehamwood,Bath & Body,Bathing Accessories,Botanics Detox Brush,,,7.45,,
Boots Borehamwood,Bath & Body,Bathing Accessories,Botanics Facial Loofah,,,4.00,,
Boots Borehamwood,Bath & Body,Bathing Accessories,Botanics Long Handled Body Brush,,,7.45,,
Boots Borehamwood,Bath & Body,Bathing Accessories,Botanics Natural Loofah,,,4.60,,
Boots Borehamwood,Bath & Body,Bathing Accessories,Botanics Sisal Buffer,,,4.00,,
Boots Borehamwood,Bath & Body,Face Wash & Scrub,Bulldog Energising Face Scrub 125ml,125g,£52.40/kg,6.55,,
Boots Borehamwood,Bath & Body,Face Wash & Scrub,Bulldog Original Face Scrub 125ml,125ml,£52.40/L,6.55,,
Boots Borehamwood,Bath & Body,Face Wash & Scrub,Bulldog Original Face Wash 150ml,150ml,£39.67/L,5.95,,
Boots Borehamwood,Bath & Body,Face Wash & Scrub,Bulldog Original Face Wash 30ml,30ml,£115.00/L,3.45,,
Boots Borehamwood,Bath & Body,Men's Shower Gel & Body Wash,"Bulldog Skincare Lemon & Bergamot Shower Gel for Men, Refreshing Men's Body Wash, 500ml",500ml,£11.50/L,5.75,,
Boots Borehamwood,Bath & Body,Men's Shower Gel & Body Wash,"Bulldog Skincare Original Shower Gel for Men, Refreshing Men's Body Wash, 500ml",500ml,£11.50/L,5.75,,
Boots Borehamwood,Bath & Body,Body Lotion,Byoma Body Brightening Body Lotion 400ml,400ml,£35.63/L,14.25,,
Boots Borehamwood,Bath & Body,Body Wash & Soap,Byoma Body Hydrating Body Wash 400ml,400ml,£32.88/L,13.15,,
Boots Borehamwood,Bath & Body,Body Lotion,Byoma Body Sensitive Skin Body Lotion 400ml,400ml,£35.63/L,14.25,,
Boots Borehamwood,Bath & Body,Body Lotion,Cetraben Cream - 475ml,475ml,£38.84/L,18.45,,2 for 33% off
Boots Borehamwood,Bath & Body,Face Wash & Scrub,Cetraben Lotion - 475ml,475ml,£38.84/L,18.45,,2 for 33% off
Boots Borehamwood,Bath & Body,Offers,Cetraben Moisture Protect Body Wash 200ml,200ml,£45.75/L,9.15,,2 for 33% off
Boots Borehamwood,Bath & Body,Face Wash & Scrub,Cetraben Ointment - 120g,120g,£78.33/kg,9.40,,2 for 33% off
Boots Borehamwood,Bath & Body,Bath Salts & Fizzers,Champneys Energising Weekend Treats,,,13.20,,
Boots Borehamwood,Bath & Body,Bubble Bath & Soaks,Champneys Nourishing Body Cleanser 350ml,350ml,£24.57/L,8.60,,
Boots Borehamwood,Bath & Body,Bubble Bath & Soaks,Champneys Nourishing Bubble Heaven 500ml,500ml,£28.60/L,14.30,,
Boots Borehamwood,Bath & Body,Bubble Bath & Soaks,Champneys Slumber Body Cleanser 350ml,350ml,£24.57/L,8.60,,
Boots Borehamwood,Bath & Body,Bubble Bath & Soaks,Champneys Slumber Bubble Heaven 500ml,500ml,£28.60/L,14.30,,
Boots Borehamwood,Bath & Body,Bubble Bath & Soaks,Champneys Slumber Epsom Bath Salts 1kg,1kg,£11.00/kg,11.00,,
Boots Borehamwood,Bath & Body,Bath Salts & Fizzers,Champneys Slumber Gift Set,,,13.20,,
Boots Borehamwood,Bath & Body,Body Lotion,Champneys Spa Rituals Body Souffle 300ml,300ml,£44.00/L,13.20,,
Boots Borehamwood,Bath & Body,Bubble Bath & Soaks,Childs Farm Bubble Bath Raspberry 250ml,250ml,£27.60/L,6.90,,
Boots Borehamwood,Bath & Body,Face Wash & Scrub,"Curel Foaming Facial Wash 150ml for Dry, Sensitive Skin",150ml,£106.33/L,15.95,,£10.69 loyalty card (£71.27/L)
Boots Borehamwood,Bath & Body,Body Lotion,DAISE body butter coconut 250g,250g,£36.80/kg,9.20,,
Boots Borehamwood,Bath & Body,Body Mist,DAISE body mist rose and amber 100ml,100ml,£69.00/L,6.90,,
Boots Borehamwood,Bath & Body,Body Mist,DAISE body mist violet and berry 100ml,100ml,£69.00/L,6.90,,
Boots Borehamwood,Bath & Body,Face Wash & Scrub,DAISE body scrub bloom 510g,510g,£18.04/kg,9.20,,
Boots Borehamwood,Bath & Body,Face Wash & Scrub,DAISE body scrub coconut 510g,510g,£18.04/kg,9.20,,
Boots Borehamwood,Bath & Body,Face Wash & Scrub,DAISE body scrub vanilla 510g,510g,£18.04/kg,9.20,,
Boots Borehamwood,Bath & Body,Body Mist,DAISE body spray bloom 120ml,120ml,£28.75/L,3.45,,
Boots Borehamwood,Bath & Body,Body Mist,DAISE body spray xoxo 120ml,120ml,£28.75/L,3.45,,
Boots Borehamwood,Bath & Body,Body Wash & Soap,DAISE foaming body wash coconut 265ml,265ml,£21.70/L,5.75,,
Boots Borehamwood,Bath & Body,Body Mist,DAISE fragrance body mist rose & sandalwood 100ml,100ml,£69.00/L,6.90,,
Boots Borehamwood,Bath & Body,Bubble Bath & Soaks,Daise Beauty Doll Head Fragrance Body Mini Raspberry and Mint 30ml,30ml,£230.00/L,6.90,,
Boots Borehamwood,Bath & Body,Body Mist,Daise Fragrance Body Mist Berry & Mandarin 100ml,100ml,£69.00/L,6.90,,
Boots Borehamwood,Bath & Body,Body Mist,Daise Fragrance Body Mist Raspberry & Mint 100ml,100ml,£69.00/L,6.90,,
Boots Borehamwood,Bath & Body,Body Mist,Daise Fragrance Body Mist Vanilla & Coconut 100ml,100ml,£69.00/L,6.90,,
Boots Borehamwood,Bath & Body,Body Wash & Soap,Dove Advanced Bodywash Deeply Nourishing 600ml,600ml,£12.58/L,7.55,,
Boots Borehamwood,Bath & Body,Body Wash & Soap,Dove Advanced Care Body Wash Pro Age Skin Natural Nourishers 400ml,400ml,£14.13/L,5.65,,
Boots Borehamwood,Bath & Body,Body Wash & Soap,Dove Advanced Deeply Nourishing Bodywash 55ml,55ml,£36.36/L,2.00,,
Boots Borehamwood,Bath & Body,Bubble Bath & Soaks,Dove Bath Soak Indulging Cream 450ml,450ml,£9.56/L,4.30,,
Boots Borehamwood,Bath & Body,Body Wash & Soap,Dove Dragon Fruit & Primrose Serum Body Wash 350ml,350ml,£19.43/L,6.80,,
Boots Borehamwood,Bath & Body,Body Wash & Soap,Dove Essential Care Body Wash Fruity Nourish 450ml,450ml,£9.56/L,4.30,,
Boots Borehamwood,Bath & Body,Body Wash & Soap,Dove Essential Care Body Wash Hydrate 450ml,450ml,£9.56/L,4.30,,
Boots Borehamwood,Bath & Body,Body Wash & Soap,Dove Essential Care Body Wash Velvet Glow 450ml,450ml,£9.56/L,4.30,,
Boots Borehamwood,Bath & Body,Body Wash & Soap,Dove French Lavender & Oat Milk Serum Body Wash 350ml,350ml,£19.43/L,6.80,,
Boots Borehamwood,Bath & Body,Body Wash & Soap,Dove Jojoba Oil & Coconut Milk Serum Body Wash 350ml,350ml,£19.43/L,6.80,,
Boots Borehamwood,Bath & Body,Men's Shower Gel & Body Wash,Dove Men+Care Active Comfort Hair Face And Body Wash 400ml,400ml,£10.75/L,4.30,,
Boots Borehamwood,Bath & Body,Body Wash & Soap,Dove Men+Care Clean Comfort Bodywash 400ml,400ml,£10.75/L,4.30,,
Boots Borehamwood,Bath & Body,Men's Shower Gel & Body Wash,Dove Men+care Clean Comfort Bodywash 55ml,55ml,£30.91/L,1.70,,
Boots Borehamwood,Bath & Body,Men's Shower Gel & Body Wash,Dove Men+care Extra Fresh Bodywash 700ml,700ml,£6.14/L,4.30,,
Boots Borehamwood,Bath & Body,Face Wash & Scrub,"Dove Men+care Refreshing 3-in-1 Hair, Body and Face Wash Extra Fresh 400ml",400ml,£10.75/L,4.30,,
Boots Borehamwood,Bath & Body,Bubble Bath & Soaks,Dove Purely Pampering Bath Soak Shea Butter With Warm Vanilla 450ml,450ml,£9.56/L,4.30,,
Boots Borehamwood,Bath & Body,Bubble Bath & Soaks,E45 Dry Skin Relief Shower and Bath Oil 500ml,500ml,£28.50/L,14.25,,
Boots Borehamwood,Bath & Body,Body Lotion,E45 Rich Skin Lotion With Evening Primrose Oil For Long- Lasting Moisturisation - 400ml,400ml,£25.75/L,10.30,,
Boots Borehamwood,Bath & Body,Body Lotion,Eucerin Urea Repair 10% Body Lotion 400ml,400ml,£50.88/L,20.35,,
Boots Borehamwood,Bath & Body,Body Lotion,Eucerin Urea Repair Urea 10% Lotion 250ml,250ml,£77.00/L,19.25,,
Boots Borehamwood,Bath & Body,Men's Shower Gel & Body Wash,FCUK Sport Washbag Gift,,,19.80,,
Boots Borehamwood,Bath & Body,Bubble Bath & Soaks,Feather & Down Pillow Spray 50ml,50ml,£23.00/L,1.15,,
Boots Borehamwood,Bath & Body,Bubble Bath & Soaks,Fenjal Crme Bath Oil 125ml,125ml,£89.60/L,11.20,,
Boots Borehamwood,Bath & Body,Body Wash & Soap,Fenjal Vitality Revitalising Body Wash 200ml,200ml,£22.00/L,4.40,,
Boots Borehamwood,Bath & Body,Body Lotion,"Garnier Body Superfood, Hydra Sensitive Body Cream Oat Milk & Probiotic Derived Fractions 380ml",380ml,£30.13/L,11.45,,
Boots Borehamwood,Bath & Body,Body Lotion,"Garnier Body Superfood, Nutri Glow Body Cream Vitamin C & Mango 380ml",380ml,£30.13/L,11.45,,
Boots Borehamwood,Bath & Body,Body Lotion,"Garnier Ceramide Nourishing Body Butter, 380ml",380ml,£30.13/L,11.45,,
Boots Borehamwood,Bath & Body,Body Lotion,"Garnier Hyaluron Barrier Protect Body Cream, 380ml",380ml,£30.13/L,11.45,,
Boots Borehamwood,Bath & Body,Face Wash & Scrub,Garnier Pure Active 3In1 Clay Mask-Wash-Scrub For Oily Skin 150ml,150ml,£38.33/L,5.75,,
Boots Borehamwood,Bath & Body,Face Wash & Scrub,Garnier Pure Active Anti-Blackhead Charcoal Nose Strips Pack of 4,29g,£198.28/kg,5.75,,
Boots Borehamwood,Bath & Body,Face Wash & Scrub,Garnier Pure Active Anti-Blackhead Deep Pore Face Wash Oily Skin 150ml,150ml,£46.00/L,6.90,,
Boots Borehamwood,Bath & Body,Face Wash & Scrub,Garnier Ultralift Anti Ageing Radiance Boosting Face Sheet Mask 28g,,,4.55,,
Boots Borehamwood,Bath & Body,Body Mist,Gem Fragrance Body Mist Coconut Vanilla 90ml,90ml,£57.56/L,5.18,6.90,25% off
Boots Borehamwood,Bath & Body,Body Mist,Gem Fragrance Body Mist Santal 90ml,90ml,£57.56/L,5.18,6.90,25% off
Boots Borehamwood,Bath & Body,Body Mist,Gem Fragrance Mist for Body & Hair Vanilla Macadamia 90ml,90ml,£57.56/L,5.18,6.90,25% off
Boots Borehamwood,Bath & Body,Men's Shower Gel & Body Wash,Harry's Men's Face Wash 150ml,150ml,£38.33/L,5.75,,
Boots Borehamwood,Bath & Body,Body Wash & Soap,Imperial Leather Moisturising Foamburst Jasmine & Vanilla Orchid 200ml,200ml,£20.00/L,4.00,,
Boots Borehamwood,Bath & Body,Bubble Bath & Soaks,Imperial Leather Pampering Bath Soak Mallow and Rose Milk 500ml,500ml,£4.60/L,2.30,,
Boots Borehamwood,Bath & Body,Body Wash & Soap,Imperial Leather Ultimate Moisture Cherry And Almond Body Wash 450ml,450ml,£7.67/L,3.45,,
Boots Borehamwood,Bath & Body,Bubble Bath & Soaks,Imperial Leather Ultimate Moisture Foaming Bath Soak Cherry And Almond Oil 450ml,450ml,£7.67/L,3.45,,
Boots Borehamwood,Bath & Body,Body Wash & Soap,Imperial Leather Ultimate Moisture Vanilla & White Orchid Body Wash 450ml,450ml,£7.67/L,3.45,,
Boots Borehamwood,Bath & Body,Bubble Bath & Soaks,Imperial Leather Ultimate Moisture Vanilla And White Orchid Foaming Bath Soak 450ml,450ml,£7.67/L,3.45,,
Boots Borehamwood,Bath & Body,Men's Shower Gel & Body Wash,King C. Gillette Beard And Face Wash 350ml,350ml,£33.71/L,11.80,,
Boots Borehamwood,Bath & Body,Men's Shower Gel & Body Wash,L'Oreal Men Expert Barber Club XXL Shower Gel 3 In 1 Wash For Body Hair & Beard 1000ml,1L,£6.90/L,6.90,,
Boots Borehamwood,Bath & Body,Men's Shower Gel & Body Wash,L'Oreal Men Expert Energising Essentials Gift Set,,,28.85,,
Boots Borehamwood,Bath & Body,Face Wash & Scrub,L'Oreal Men Expert Hydra Energetic Deep Exfoliating Pore-Cleansing & Purifying Face Scrub 100ml,100ml,£80.00/L,8.00,,
Boots Borehamwood,Bath & Body,Men's Shower Gel & Body Wash,L'Oreal Men Expert Hydra Energetic Shower Gel Large XL 400ml,400ml,£7.88/L,3.15,,
Boots Borehamwood,Bath & Body,Men's Shower Gel & Body Wash,L'Oreal Men Expert Hydra Power Shower Gel 400ml,400ml,£7.88/L,3.15,,
Boots Borehamwood,Bath & Body,Men's Shower Gel & Body Wash,L'Oreal Men Expert Hydrating Essentials Gift Set,,,30.45,,
Boots Borehamwood,Bath & Body,Face Wash & Scrub,L'Oreal Men Expert Pure Carbon Anti-Blackhead Deep Cleansing Daily Face Scrub 100ml,100ml,£80.00/L,8.00,,
Boots Borehamwood,Bath & Body,Men's Shower Gel & Body Wash,L'Oreal Men Expert Stress Resist Shower Gel 400ml,400ml,£7.88/L,3.15,,
Boots Borehamwood,Bath & Body,Men's Shower Gel & Body Wash,L'Oreal Men Expert Total Clean Shower Gel 400ml,400ml,£7.88/L,3.15,,
Boots Borehamwood,Bath & Body,Men's Shower Gel & Body Wash,LYNX Sunset Fresh Shower Gel 500ml,500ml,£7.70/L,3.85,,
Boots Borehamwood,Bath & Body,Body Wash & Soap,La Roche-Posay Hyalu B5 Light Water Gel Cream 40ml,40ml,£656.25/L,26.25,,
Boots Borehamwood,Bath & Body,Body Lotion,La Roche-Posay Hyalu B5 Suractivated Cream Jar 50ml,50ml,£798.00/L,39.90,,
Boots Borehamwood,Bath & Body,Body Lotion,La Roche-Posay Lipikar Balm Ap+Max Triple Action Balm For Ultra-Dry To Atopic Eczema -Prone Skin 200ml,200ml,£72.20/L,14.44,19.25,25% off
Boots Borehamwood,Bath & Body,Face Wash & Scrub,La Roche-Posay Lipikar Syndet AP+ Soothing Cream Wash for Eczema and Atopic Skin 400ml,400ml,£42.28/L,16.91,22.55,25% off
Boots Borehamwood,Bath & Body,Body Mist,Lee Stafford Caramel Brulee Perfume Mist 80ml,150ml,£65.00/L,9.75,,
Boots Borehamwood,Bath & Body,Body Mist,Lee Stafford Original Hair Perfume Mist 80ml,150ml,£65.00/L,9.75,,
Boots Borehamwood,Bath & Body,Body Mist,Lee Stafford Papaya Punch Hair Perfume Mist 80ml,80ml,£121.88/L,9.75,,
Boots Borehamwood,Bath & Body,Face Wash & Scrub,Liz Earle Smooth & Glow Exfoliating Tonic 200ml,200ml,£115.50/L,23.10,,
Boots Borehamwood,Bath & Body,Body Wash & Soap,Luna Daily The Hydrating Everywhere Spray-To-Wipe pH-Balancing Body Cleansing Spray Fresh Cotton 30ml,30ml,£306.67/L,9.20,,
Boots Borehamwood,Bath & Body,Men's Shower Gel & Body Wash,Lynx Africa Shower Gel 225ml,225ml,£7.56/L,1.70,,
Boots Borehamwood,Bath & Body,Men's Shower Gel & Body Wash,Lynx Africa Shower Gel 500ml,500ml,£8.60/L,4.30,,
Boots Borehamwood,Bath & Body,Men's Shower Gel & Body Wash,Lynx Black Shower Gel 500ml,500ml,£8.60/L,4.30,,
Boots Borehamwood,Bath & Body,Men's Shower Gel & Body Wash,Lynx Fine Fragrance Black Vanilla Premium Body Wash 400ml,400ml,£11.88/L,4.75,,
Boots Borehamwood,Bath & Body,Men's Shower Gel & Body Wash,Lynx Fine Fragrance Cherry Spritz Premium Body Wash 400ml,400ml,£11.88/L,4.75,,
Boots Borehamwood,Bath & Body,Men's Shower Gel & Body Wash,Lynx Fine Fragrance Marshmallow Smoke Body Wash 400ml,400ml,£11.88/L,4.75,,
Boots Borehamwood,Bath & Body,Men's Shower Gel & Body Wash,Lynx Fine Fragrance Peach Infusion Premium Body Wash 400ml,400ml,£11.88/L,4.75,,
Boots Borehamwood,Bath & Body,Men's Shower Gel & Body Wash,Lynx Ice Chill Shower Gel 500ml,500ml,£8.60/L,4.30,,
Boots Borehamwood,Bath & Body,Men's Shower Gel & Body Wash,Lynx Number 10 Body Wash Shower Gel For Men 225ml,225ml,£7.56/L,1.70,,
Boots Borehamwood,Bath & Body,Men's Shower Gel & Body Wash,Lynx Number 10 Body Wash Shower Gel For Men 500ml,500ml,£8.60/L,4.30,,
Boots Borehamwood,Bath & Body,Body Wash & Soap,MONDAY Haircare MOISTURE Whipped Body Wash In Peaches & Cream 250g,250g,£23.00/kg,5.75,,
Boots Borehamwood,Bath & Body,Body Mist,Marc Jacobs Tropical Glow Body Mist 150ml,150ml,£224.00/L,33.60,,
Boots Borehamwood,Bath & Body,Body Mist,Marc Jacobs Vanilla Gourmand Body Mist 150ml,150ml,£224.00/L,33.60,,
Boots Borehamwood,Bath & Body,Face Wash & Scrub,Mario Badescu Facial Spray With Aloe Herb & Rose Water 118ml,118ml,£77.97/L,9.20,,
Boots Borehamwood,Bath & Body,Body Lotion,My Expert Midwife Bum Balm 30ml,30ml,£226.67/L,6.80,,
Boots Borehamwood,Bath & Body,Bubble Bath & Soaks,Nala's Baby Bubble Bath Vanilla Cloud 200ml,200ml,£33.00/L,6.60,,£4.95 loyalty card (£24.75/L)
Boots Borehamwood,Bath & Body,Body Lotion,Naturium The Glow Getter Multi-Oil Body Butter 232ml,232ml,£99.57/L,23.10,,
Boots Borehamwood,Bath & Body,Face Wash & Scrub,Neutrogena Clear & Defend Facial Wash 200ml,200ml,£24.95/L,4.99,7.45,33% off
Boots Borehamwood,Bath & Body,Face Wash & Scrub,Nip+Fab Glycolic Fix Scrub Facial Scrub 75ml,75ml,£189.33/L,14.20,,
Boots Borehamwood,Bath & Body,Body Lotion,Nivea Creme Moisturiser For Face Hand & Body Tin 250ml,250ml,£18.32/L,4.58,9.15,50% off
Boots Borehamwood,Bath & Body,Body Lotion,"Nivea Express Hydration Body Lotion For Normal Skin, 400ml",400ml,£20.00/L,8.00,,
Boots Borehamwood,Bath & Body,Face Wash & Scrub,"Nivea Gentle Exfoliating Face Scrub, 150ml",150ml,£30.33/L,4.55,,
Boots Borehamwood,Bath & Body,Body Lotion,"Nivea Irresistibly Smooth Body Lotion For Dry Skin, 400ml",400ml,£20.00/L,8.00,,
Boots Borehamwood,Bath & Body,Face Wash & Scrub,Nivea Men Sensitive Face Wash 100ml,100ml,£71.50/L,7.15,,
Boots Borehamwood,Bath & Body,Body Lotion,Nivea Q10 Power 60+ Firming And Extra Nourishing Body Lotion With Argan Oil 400ml,400ml,£35.63/L,14.25,,
Boots Borehamwood,Bath & Body,Face Wash & Scrub,"Nivea Refreshing Face Wash Gel, 150ml",150ml,£27.33/L,4.10,,
Boots Borehamwood,Bath & Body,Body Lotion,Nivea Rich Nourishing Body Lotion For Dry Skin 625ml,625ml,£18.32/L,11.45,,
Boots Borehamwood,Bath & Body,Body Lotion,"Nivea Rich Nourishing Body Lotion For Dry Skin, 250ml",250ml,£25.20/L,6.30,,
Boots Borehamwood,Bath & Body,Body Lotion,No7 Future Renew Neck And Decolletage Cream 50Ml,50ml,£902.00/L,45.10,,
Boots Borehamwood,Bath & Body,Body Mist,No7 Good Intent Dew Bank Jelly Body Moisture Mist 150ml,150ml,£109.33/L,16.40,,
Boots Borehamwood,Bath & Body,Face Wash & Scrub,No7 Men Energising Face Scrub 150ml,150ml,£60.67/L,9.10,,
Boots Borehamwood,Bath & Body,Face Wash & Scrub,No7 Men Energising Face Wash 150ml,150ml,£60.67/L,9.10,,
Boots Borehamwood,Bath & Body,Body Lotion,O'Keeffe's Working Hands Hand & Body Lotion - 315ml,315ml,£52.22/L,16.45,,
Boots Borehamwood,Bath & Body,Body Lotion,Olay Vitamin C Brightening Body Lotion 500ml,500ml,£32.90/L,16.45,,
Boots Borehamwood,Bath & Body,Body Wash & Soap,Original Source Coconut and Shea Butter Shower Gel Body Wash 250ml,250ml,£7.60/L,1.90,,
Boots Borehamwood,Bath & Body,Body Wash & Soap,Original Source Peach And Dragon Fruit Shower Gel 250ml,250ml,£7.60/L,1.90,,
Boots Borehamwood,Bath & Body,Body Lotion,Palmer's Cocoa Butter Formula Cocoa Butter Softens Intensive Body Lotion 250ml,250ml,£22.00/L,5.50,,
Boots Borehamwood,Bath & Body,Body Lotion,Palmer's Coconut Oil Formula Coconut Hydrate Body Oil 150ml,150ml,£61.00/L,9.15,,
Boots Borehamwood,Bath & Body,Body Lotion,Palmer's Coconut Oil Formula Coconut Hydrate Daily Body Lotion 250ml,250ml,£22.00/L,5.50,,
Boots Borehamwood,Bath & Body,Body Lotion,Palmer's Tahitian Vanilla Daily Body Lotion 250ml,250ml,£22.80/L,5.70,,
Boots Borehamwood,Bath & Body,Body Lotion,Palmer'scocoa Butter Formulaskin Therapy Oil Cocoa 150ml,150ml,£80.33/L,12.05,,
Boots Borehamwood,Bath & Body,Bubble Bath & Soaks,Palmolive Relax & Wind Down Bubble Bath Soak 500ml,500ml,£3.80/L,1.90,,
Boots Borehamwood,Bath & Body,Body Lotion,REHAB. Retreat Dose Hydrate Body Oil 100ml,100ml,£315.00/L,31.50,,
Boots Borehamwood,Bath & Body,Bubble Bath & Soaks,Radox Bath Feel Relaxed 500ml,500ml,£4.00/L,2.00,,
Boots Borehamwood,Bath & Body,Bubble Bath & Soaks,Radox Bath Feel Revitalised 500ml,500ml,£4.00/L,2.00,,
Boots Borehamwood,Bath & Body,Bubble Bath & Soaks,Radox Bath Soak Stress Relief 1L,1L,£3.15/L,3.15,,
Boots Borehamwood,Bath & Body,Bath Salts & Fizzers,Radox Feel Radiant Bath Salts 400g,400g,£4.25/kg,1.70,,
Boots Borehamwood,Bath & Body,Bubble Bath & Soaks,Radox Mineral Therapy Bath Soak Muscle Soak 500ml,500ml,£4.00/L,2.00,,
Boots Borehamwood,Bath & Body,Body Wash & Soap,Radox Mineral Therapy Feel Awake 2-In-1 Shower Gel & Shampoo 675ml,675ml,£3.78/L,2.55,,
Boots Borehamwood,Bath & Body,Body Wash & Soap,Radox Mineral Therapy Muscle Relax Bath Salts 900g,900g,£3.83/kg,3.45,,
Boots Borehamwood,Bath & Body,Bubble Bath & Soaks,Radox Salts Muscle Soak 400g,400g,£4.25/kg,1.70,,
Boots Borehamwood,Bath & Body,Body Lotion,Rehab. Retreat Shower Milk 300ml,330ml,£63.64/L,21.00,,
Boots Borehamwood,Bath & Body,Body Mist,S? Candied Berries Body Mist 100ml,100ml,£22.80/L,2.28,4.55,50% off
Boots Borehamwood,Bath & Body,Body Mist,S? Unique Truffle Cream Body Mist 150ml,150ml,£23.00/L,3.45,6.90,50% off
Boots Borehamwood,Bath & Body,Bubble Bath & Soaks,Sanctuary Spa Aqua Serenity Bath Float 500ml,500ml,£28.60/L,14.30,,
Boots Borehamwood,Bath & Body,Body Wash & Soap,Sanctuary Spa Aqua Serenity Body Wash 250ml,250ml,£34.40/L,8.60,,
Boots Borehamwood,Bath & Body,Body Lotion,Sanctuary Spa Lily & Rose Collection Body Butter 300ml,300ml,£47.67/L,14.30,,
Boots Borehamwood,Bath & Body,Face Wash & Scrub,Sanctuary Spa Lily & Rose Collection Pink Himalayan Salt Scrub 300g,300g,£47.67/kg,14.30,,
Boots Borehamwood,Bath & Body,Body Wash & Soap,Sanctuary Spa Lily & Rose Natural Oils Ultra Rich Shower Oil 200ml,200ml,£54.50/L,10.90,,
Boots Borehamwood,Bath & Body,Bubble Bath & Soaks,Sanctuary Spa Lily and Rose Bath Float 500ml,500ml,£28.60/L,14.30,,
Boots Borehamwood,Bath & Body,Bubble Bath & Soaks,Sanctuary Spa Pamper Hamper Gift Set,,,31.50,,
Boots Borehamwood,Bath & Body,Bubble Bath & Soaks,Sanctuary Spa Petite Retreat Gift Set,,,16.50,,
Boots Borehamwood,Bath & Body,Body Wash & Soap,Sanctuary Spa Signature Collection Body Wash 75ml,75ml,£54.00/L,4.05,,
Boots Borehamwood,Bath & Body,Body Wash & Soap,Sanctuary Spa Signature Collection Shower Cream 250ml,250ml,£34.40/L,8.60,,
Boots Borehamwood,Bath & Body,Body Wash & Soap,Sanctuary Spa Signature Natural Oils Salt Scrub 650g,650g,£30.46/kg,19.80,,
Boots Borehamwood,Bath & Body,Body Lotion,Sanctuary Spa Signature Natural Oils Ultra Rich Shower Oil 250ml,250ml,£43.60/L,10.90,,
Boots Borehamwood,Bath & Body,Body Wash & Soap,Sanex Expert Skin Health Moisturising Shower Gel 450ml,450ml,£9.56/L,4.30,,
Boots Borehamwood,Bath & Body,Body Wash & Soap,Sanex Expert Skin Health+ Micellar Soothing Sensitive SG 450ml,450ml,£11.44/L,5.15,,
Boots Borehamwood,Bath & Body,Body Wash & Soap,Sanex Skin Therapy Bodywash Anti-Irritation 450ml,450ml,£14.00/L,6.30,,
Boots Borehamwood,Bath & Body,Body Wash & Soap,Sanex Skin Therapy Oily Skin Shower Gel Body Wash 450ml,450ml,£14.00/L,6.30,,
Boots Borehamwood,Bath & Body,Body Wash & Soap,Sanex Zero% Gentle Moisture Shower Gel For Sensitive Skin 225ml,225ml,£11.56/L,2.60,,
Boots Borehamwood,Bath & Body,Bubble Bath & Soaks,Simple Bath Liquid Refreshing 1L,1L,£3.15/L,3.15,,
Boots Borehamwood,Bath & Body,Bubble Bath & Soaks,Simple Bath Liquid Sensitive 1L,1L,£3.15/L,3.15,,
Boots Borehamwood,Bath & Body,Body Lotion,Simple Kind To Skin Cleansing Lotion Purifying 200ml,200ml,£14.75/L,2.95,4.40,33% off
Boots Borehamwood,Bath & Body,Face Wash & Scrub,Simple Kind To Skin De-Stress Sheet Mask Cruelty-Free And Vegan For Sensitive Skin,,,4.60,,
Boots Borehamwood,Bath & Body,Face Wash & Scrub,Simple Kind To Skin Facial Wash Moisturising 50ml,50ml,£46.00/L,2.30,,
Boots Borehamwood,Bath & Body,Face Wash & Scrub,Simple Kind To Skin Refreshing Facial Wash Gel 150ml,150ml,£28.13/L,4.22,6.30,33% off
Boots Borehamwood,Bath & Body,Face Wash & Scrub,Simple Kind to Skin Moisturising Facial Wash 150ml,150ml,£19.67/L,2.95,4.40,33% off
Boots Borehamwood,Bath & Body,Body Wash & Soap,Simple Kind to Skin Refreshing Shower Gel 450ml,450ml,£6.44/L,2.90,,
Boots Borehamwood,Bath & Body,Face Wash & Scrub,Skin1004 Madagascar Centella Ampoule Foam 125ml,125ml,£132.00/L,16.50,,
Boots Borehamwood,Bath & Body,Body Mist,So ? Mykonos Nights Body Mist 200ml,200ml,£40.00/L,8.00,,
Boots Borehamwood,Bath & Body,Body Mist,So...? Bali Breeze Body Mist 200ml,200ml,£40.00/L,8.00,,
Boots Borehamwood,Bath & Body,Body Mist,So...? Cherry Blossom Body Mist 100ml,100ml,£22.80/L,2.28,4.55,50% off
Boots Borehamwood,Bath & Body,Body Mist,So...? Ibiza Dreams Body Mist 200ml,200ml,£40.00/L,8.00,,
Boots Borehamwood,Bath & Body,Body Mist,So...? Unique Vanilla Candy Body Mist 150ml,150ml,£23.00/L,3.45,6.90,50% off
Boots Borehamwood,Bath & Body,Body Mist,So...? Unique White Blossom Body Mist 150ml,150ml,£23.00/L,3.45,6.90,50% off
Boots Borehamwood,Bath & Body,Body Mist,So...? Vanilla Body Mist 100ml,100ml,£22.80/L,2.28,4.55,50% off
Boots Borehamwood,Bath & Body,Body Wash & Soap,Soap & Glory Call Of Fruity Body Scrub 300ml,300ml,£38.17/L,11.45,,
Boots Borehamwood,Bath & Body,Body Wash & Soap,Soap & Glory Clean On Me Shower Gel 500ml,500ml,£20.60/L,10.30,,
Boots Borehamwood,Bath & Body,Bathing Accessories,Soap & Glory Exfoliating Gloves,,,6.30,,
Boots Borehamwood,Bath & Body,Face Wash & Scrub,Soap & Glory Face Soap & Clarity Vitamin C Facial Wash 50ml,50ml,£92.00/L,4.60,,
Boots Borehamwood,Bath & Body,Body Wash & Soap,Soap & Glory Flake Away Body Scrub 300ml,300ml,£38.17/L,11.45,,
Boots Borehamwood,Bath & Body,Bathing Accessories,Soap & Glory Foot Buffer,,,11.00,,
Boots Borehamwood,Bath & Body,Body Mist,Soap & Glory Let's Get Tropical Body Spray 50ml,50ml,£92.00/L,4.60,,
Boots Borehamwood,Bath & Body,Body Wash & Soap,Soap & Glory One Heck of A Blot Powder,9g,"£1,705.56/kg",15.35,,
Boots Borehamwood,Bath & Body,Body Wash & Soap,Soap & Glory Quick Drying Hair Turban,,,11.00,,
Boots Borehamwood,Bath & Body,Bathing Accessories,Soap & Glory Shower Puff,,,4.60,,
Boots Borehamwood,Bath & Body,Body Wash & Soap,Soap & Glory Smoothie Star Body Wash 500ml,500ml,£20.60/L,10.30,,
Boots Borehamwood,Bath & Body,Body Lotion,Soap & Glory The Righteous Butter Lotion 500ml,500ml,£22.90/L,11.45,,
Boots Borehamwood,Bath & Body,Body Mist,Sol De Janeiro Brazilian Crush Cheirosa 62 Perfume Mist 90ml,90ml,£291.67/L,26.25,,
Boots Borehamwood,Bath & Body,Body Mist,Sol De Janeiro Cheirosa 91 Perfume Mist 90ml,90ml,£291.67/L,26.25,,
Boots Borehamwood,Bath & Body,Body Wash & Soap,Sundae Passionfruit Whipped Shower Foam 265ml,265ml,£53.58/L,14.20,,
Boots Borehamwood,Bath & Body,Body Wash & Soap,Sundae Whipped Shower Foam Coconut Cream,265ml,£53.58/L,14.20,,
Boots Borehamwood,Bath & Body,Body Wash & Soap,Sundae Whipped Shower Foam Orange Crush 265ml,265ml,£53.58/L,14.20,,
Boots Borehamwood,Bath & Body,Body Mist,Sundae hair & body mist always late 90ml,90ml,£182.78/L,16.45,,
Boots Borehamwood,Bath & Body,Body Mist,Sundae hair & body mist flower girl 90ml,90ml,£182.78/L,16.45,,
Boots Borehamwood,Bath & Body,Body Mist,Sundae hair & body mist soft serve 90ml,90ml,£182.78/L,16.45,,
Boots Borehamwood,Bath & Body,Body Mist,THE RETREAT Calming Wellbeing Mist 150ml,150ml,£69.00/L,10.35,,
Boots Borehamwood,Bath & Body,Body Lotion,THE RETREAT Invigorating Body Polish 300g,300g,£51.33/kg,15.40,,
Boots Borehamwood,Bath & Body,Body Lotion,Tabac After Shave Lotion 100ml,100ml,£183.50/L,18.35,,
Boots Borehamwood,Bath & Body,Face Wash & Scrub,Total Renewal Micro-Dermabrasion Facial Exfoliator 75ml,75ml,£152.00/L,11.40,,
Boots Borehamwood,Bath & Body,Body Wash & Soap,Treaclemoon Brazilian Love Shower & Bath Gel 500ml,500ml,£4.50/L,2.25,,
Boots Borehamwood,Bath & Body,Body Wash & Soap,Treaclemoon Rouge Love Story Body Wash & Bath Gel 500ml,500ml,£4.50/L,2.25,,
Boots Borehamwood,Bath & Body,Face Wash & Scrub,Tree Hut Shea Sugar Scrub Vanilla 510g,510g,£34.41/kg,17.55,,
Boots Borehamwood,Bath & Body,Body Lotion,Truly Birthday Sex Body Luxury Oil 90ml,90ml,£350.00/L,31.50,,
Boots Borehamwood,Bath & Body,Body Lotion,Truly Coco Cloud After Shave Serum 90ml,90ml,£303.33/L,27.30,,
Boots Borehamwood,Bath & Body,Body Lotion,Truly Golden Glaze Luxury Body Oil 90ml,90ml,£350.00/L,31.50,,
Boots Borehamwood,Bath & Body,Body Lotion,Truly Vanilla Baby Shimmer Body Butter 198ml,198ml,£153.79/L,30.45,,
Boots Borehamwood,Bath & Body,Body Lotion,Vaseline Gluta-Hya Flawless Glow Serum Burst Lotion 200ml,200ml,£71.25/L,14.25,,
Boots Borehamwood,Bath & Body,Body Lotion,Vaseline Intensive Care Aloe Soothe Body Lotion 400ml,400ml,£21.50/L,8.60,,
Boots Borehamwood,Bath & Body,Body Lotion,Vaseline Intensive Care Body Lotion 400ml,400ml,£21.50/L,8.60,,
Boots Borehamwood,Bath & Body,Body Lotion,Vaseline Intensive Care Body Lotion Essential Healing 400ml,400ml,£21.50/L,8.60,,
Boots Borehamwood,Bath & Body,Men's Shower Gel & Body Wash,Weleda Men s 2In1 Face Wash For Face & Beard 100ml,100ml,£114.00/L,11.40,,
Boots Borehamwood,Bath & Body,Bath Salts & Fizzers,Westlab Epsom Bath Salt 1kg,1kg,£4.35/kg,4.35,,
Boots Borehamwood,Bath & Body,Bath Salts & Fizzers,Westlab Magnesium Flakes 800g,800g,£5.44/kg,4.35,,
Boots Borehamwood,Bath & Body,Bath Salts & Fizzers,Westlab Wellbeing Bath Salts Sleep 400g,400g,£8.50/kg,3.40,,
Boots Borehamwood,Bath & Body,Bath Salts & Fizzers,Westlab Wellbeing Relax Bath Salts 400g,400g,£8.50/kg,3.40,,
Boots Borehamwood,Bath & Body,Body Mist,Wild Cath Kidston Marble Ditsy Case + Amber & Oud Refill 40g,40g,£412.50/kg,16.50,,
Boots Borehamwood,Bath & Body,Body Mist,Yardley Body Spray English Lavender 75ml,75g,£22.00/kg,1.65,,
Boots Borehamwood,Bath & Body,Body Mist,Yardley Body Spray English Rose 75ml,75g,£22.00/kg,1.65,,
Boots Borehamwood,Bath & Body,Body Lotion,AVEENO Daily Moisturising Body Lotion 200ml,200ml,£39.50/L,7.90,,
Boots Borehamwood,Bath & Body,Body Lotion,Aveeno Cream 500ml,500ml,£32.90/L,16.45,,
Boots Borehamwood,Bath & Body,Body Lotion,Aveeno Daily Moisturising Cream 400ml,400ml,£35.63/L,14.25,,
Boots Borehamwood,Bath & Body,Body Lotion,Aveeno Daily Moisturising Lotion 500ml,500ml,£28.50/L,14.25,,
Boots Borehamwood,Bath & Body,Body Lotion,Aveeno Skin Relief Mini Body Lotion 50ml,50ml,£103.00/L,5.15,,
Boots Borehamwood,Bath & Body,Body Lotion,Aveeno Skin Relief Mini Body Oil Spray 50ml,50ml,£103.00/L,5.15,,
Boots Borehamwood,Bath & Body,Body Lotion,Aveeno Skin Renewal Firming Lotion 300ml,300ml,£58.50/L,17.55,,
Boots Borehamwood,Bath & Body,Body Lotion,Baylis & Harding The Edit Body Lotion Cherry Temptation 236ml,236ml,£24.36/L,5.75,,
Boots Borehamwood,Bath & Body,Body Lotion,Baylis & Harding The Edit Body Lotion Vanilla Seduction 236ml,236ml,£24.36/L,5.75,,
Boots Borehamwood,Bath & Body,Body Lotion,Beautiful Skin Completely Quenched Body Milk 280ml,280g,£50.71/kg,14.20,,
Boots Borehamwood,Bath & Body,Body Lotion,Bio-Oil Body Lotion 250ml - Ultra Light Skin Care Moisturising Lotion For Dry Skin,250ml,£88.00/L,22.00,,
Boots Borehamwood,Bath & Body,Body Lotion,Botanics Peaceful Night Massage & Body Oil 100ml,100ml,£109.00/L,10.90,,
Boots Borehamwood,Bath & Body,Body Lotion,Byoma Hydrating Body Lotion 100ml,100ml,£80.00/L,8.00,,
Boots Borehamwood,Bath & Body,Body Lotion,Byoma Nourishing Body Oil 200ml,200ml,£82.25/L,16.45,,
Boots Borehamwood,Bath & Body,Body Lotion,Champneys Energising Body Lotion 350ml,350ml,£29.57/L,10.35,,
Boots Borehamwood,Bath & Body,Body Lotion,Champneys Nourishing Spa Discovery Gift Set,,,14.30,,
Boots Borehamwood,Bath & Body,Body Lotion,Champneys Slumber Body Souffle 300ml,300ml,£44.00/L,13.20,,
Boots Borehamwood,Bath & Body,Body Lotion,Ciroa Vanilla-Icious Body Butter 265g,265g,£43.02/kg,11.40,,
Boots Borehamwood,Bath & Body,Body Lotion,DAISE body butter vanilla 250g,250g,£36.80/kg,9.20,,
Boots Borehamwood,Bath & Body,Body Lotion,Dove Lotion Visible Glow Dark 250ml,250ml,£27.60/L,6.90,,
Boots Borehamwood,Bath & Body,Body Lotion,Dove Lotion Visible Glow Fair 250ml,250ml,£27.60/L,6.90,,
Boots Borehamwood,Bath & Body,Body Lotion,Dove Pro Retinol Body Serum 200ml,200ml,£71.25/L,14.25,,
Boots Borehamwood,Bath & Body,Body Lotion,E45 Hydrocell Glow Lotion Spray 200ml,200ml,£71.25/L,14.25,,
Boots Borehamwood,Bath & Body,Body Lotion,E45 Moisturising Body Lotion Pump 500ml,500ml,£24.10/L,12.05,,
Boots Borehamwood,Bath & Body,Body Lotion,Eucerin Aquaphor Soothing Skin Balm For Dry Cracked Skin 45ml,45ml,£354.44/L,15.95,,
Boots Borehamwood,Bath & Body,Body Lotion,Fenjal Luxury Hydrating Body Lotion,200ml,£40.75/L,8.15,,
Boots Borehamwood,Bath & Body,Body Lotion,"Garnier Glycerin Hydrating Body Cream, 380ml",380ml,£30.13/L,11.45,,
Boots Borehamwood,Bath & Body,Body Lotion,Garnier Intensive 7 Days Shea Butter Probiotic Extract Body Lotion Dry Skin 400ml,400ml,£17.13/L,6.85,,
Boots Borehamwood,Bath & Body,Body Lotion,Garnier Summer Body Hydrating Gradual Tan Moisturiser Light 400ml,400ml,£33.00/L,13.20,,
Boots Borehamwood,Bath & Body,Body Lotion,"Garnier Vitamin E Moisturising Body Cream, 380ml",380ml,£27.11/L,10.30,,
Boots Borehamwood,Bath & Body,Body Lotion,La Roche-Posay Lipikar Lait Lipid-Replenishing Anti-Dryness Body Milk 400ml,400ml,£57.75/L,23.10,,
Boots Borehamwood,Bath & Body,Body Lotion,Mixa Urea Cica Repair Body Cream 400ml,400ml,£28.63/L,11.45,,
Boots Borehamwood,Bath & Body,Body Lotion,Mixa Urea Cica Repair Body Lotion 400ml,400ml,£25.75/L,10.30,,
Boots Borehamwood,Bath & Body,Body Lotion,Naturium Bio Lipid Restoring Body Lotion 414ml,414ml,£47.83/L,19.80,,
Boots Borehamwood,Bath & Body,Body Lotion,Naturium The Glow Getter Body Oil 100ml,100ml,£294.00/L,29.40,,
Boots Borehamwood,Bath & Body,Body Lotion,Neutrogena Norwegian Formula Deep Moisture Fast Absorbing Body Lotion 400ml,400ml,£15.13/L,6.05,,
Boots Borehamwood,Bath & Body,Body Lotion,Neutrogena Norwegian Formula Deep Moisture Hypoallergenic Body Lotion Dry Skin 400ml,400ml,£15.13/L,6.05,,
Boots Borehamwood,Bath & Body,Body Lotion,Neutrogena Norwegian Formula Visibly Renew Supple Touch Firming Body Lotion 400ml,400ml,£18.63/L,7.45,,
Boots Borehamwood,Bath & Body,Body Lotion,"Nivea Body Lotion For Dry Skin, Rich Nourishing, 400ml",400ml,£22.88/L,9.15,,
Boots Borehamwood,Bath & Body,Body Lotion,Nivea Q10 & Vitamin C Firming Body Lotion Normal Skin 625ml,400ml,£41.13/L,16.45,,
Boots Borehamwood,Bath & Body,Body Lotion,"Nivea Q10 + Vitamin C Firming Body Lotion For Dry Skin, 400ml",400ml,£30.13/L,12.05,,
Boots Borehamwood,Bath & Body,Body Lotion,"Nivea Q10 + Vitamin C Firming Body Lotion For Normal Skin, 400ml",400ml,£30.13/L,12.05,,
Boots Borehamwood,Bath & Body,Body Lotion,No7 Future Renew Body Serum 200Ml,200ml,£173.00/L,34.60,,
Boots Borehamwood,Bath & Body,Body Lotion,No7 Good Intent Dew Bank Oil to Bubble Body Cleanser 300ml,300ml,£47.33/L,14.20,,
Boots Borehamwood,Bath & Body,Body Lotion,No7 Good Intent Pore Buff Jelly Body Cleanser 300ml,300ml,£47.33/L,14.20,,
Boots Borehamwood,Bath & Body,Body Lotion,No7 Good Intent Skin Sip Cloud Soft Body Souffle 180ml,180ml,£91.11/L,16.40,,
Boots Borehamwood,Bath & Body,Body Lotion,No7 Protect And Perfect Intense Advanced Body Serum 200ml,200ml,£131.00/L,26.20,,
Boots Borehamwood,Bath & Body,Body Lotion,Olay Collagen Peptide Restoring Body Lotion 500ml,500ml,£32.90/L,16.45,,
Boots Borehamwood,Bath & Body,Body Lotion,Olay Hyaluronic Acid Replenishing Body Lotion 500ml,500ml,£32.90/L,16.45,,
Boots Borehamwood,Bath & Body,Body Lotion,Olay Niacinamide Regenerist Firming Body Lotion 500ml,500ml,£32.90/L,16.45,,
Boots Borehamwood,Bath & Body,Body Lotion,"Palmer's Brazilian Coco Bum, Bust & Body Cream 250g",250g,£57.00/kg,14.25,,
Boots Borehamwood,Bath & Body,Body Lotion,Palmer's Cocoa Butter Formula Cocoa Butter Daily Skin Therapy 400ml,400ml,£20.00/L,8.00,,
Boots Borehamwood,Bath & Body,Body Lotion,Palmer's Cocoa Butter Formula Massage Lotion For Stretch Marks 250ml,250ml,£29.80/L,7.45,,
Boots Borehamwood,Bath & Body,Body Lotion,Palmer's Cocoa Butter Formula Tahitian Vanilla Moisture Drenching Body Oil 192ml,192ml,£74.22/L,14.25,,
Boots Borehamwood,Bath & Body,Body Lotion,Palmer's Cocoa Butter Lotion 50ml Trial,50ml,£46.00/L,2.30,,
Boots Borehamwood,Bath & Body,Body Lotion,Palmer's Cocoa Butter Original Solid Jar 200g,200g,£42.00/kg,8.40,,
Boots Borehamwood,Bath & Body,Body Lotion,Palmer's Tahitian Vanilla Bdy Ltn 400ml,400ml,£20.00/L,8.00,,
Boots Borehamwood,Bath & Body,Body Lotion,Palmers Coconut Oil Formula Body Lotion 400ml,400ml,£20.00/L,8.00,,
Boots Borehamwood,Bath & Body,Body Lotion,Q+A Collagen Body Butter 200ml,200ml,£55.00/L,11.00,,
Boots Borehamwood,Bath & Body,Body Lotion,Q+A Salicylic Acid Smoothing Lotion 250ml,250ml,£44.00/L,11.00,,
Boots Borehamwood,Bath & Body,Body Lotion,Rehab. Retreat Body Milk 300ml,330ml,£63.64/L,21.00,,
Boots Borehamwood,Bath & Body,Body Lotion,Sanctuary Spa Lily & Rose Collection Body Lotion 250ml,250ml,£34.40/L,8.60,,
Boots Borehamwood,Bath & Body,Body Lotion,Sanctuary Spa Signature Collection Body Butter 300ml,300ml,£47.67/L,14.30,,
Boots Borehamwood,Bath & Body,Body Lotion,Sanctuary Spa Signature Collection Body Lotion 250ml,250ml,£34.40/L,8.60,,
Boots Borehamwood,Bath & Body,Body Lotion,Sanctuary Spa Signature Natural Oils Ultra Rich Body Lotion 250ml,250ml,£41.40/L,10.35,,
Boots Borehamwood,Bath & Body,Body Lotion,Soap & Glory CALL OF FRUITY  Body Lotion 500ml,500ml,£22.90/L,11.45,,
Boots Borehamwood,Bath & Body,Body Lotion,Soap & Glory Let's Get Tropical Body Butter 200ml,200ml,£45.75/L,9.15,,
Boots Borehamwood,Bath & Body,Body Lotion,Soap & Glory Let's Get Tropical Body Lotion 250ml,250ml,£32.00/L,8.00,,
Boots Borehamwood,Bath & Body,Body Lotion,Soap & Glory Magnificoco Body Butter 300ml,300ml,£38.17/L,11.45,,
Boots Borehamwood,Bath & Body,Body Lotion,Soap & Glory Magnificoco Body Lotion 500ml,500ml,£22.90/L,11.45,,
Boots Borehamwood,Bath & Body,Body Lotion,Soap & Glory The Righteous Butter 300ml,300ml,£38.17/L,11.45,,
Boots Borehamwood,Bath & Body,Body Lotion,Soap & Glory Vanilla-Licious Body Butter 300ml,300ml,£38.17/L,11.45,,
Boots Borehamwood,Bath & Body,Body Lotion,Soap & Glory Vanilla-Licious Body Lotion 500ml,500ml,£22.90/L,11.45,,
Boots Borehamwood,Bath & Body,Body Lotion,Sol De Janeiro Brazilian Bum Bum Cream 75ml,75ml,£294.00/L,22.05,,
Boots Borehamwood,Bath & Body,Body Lotion,Sol De Janeiro Rosa Charmosa Dewy Cream 75ml,75ml,£294.00/L,22.05,,
Boots Borehamwood,Bath & Body,Body Lotion,Sundae body whip moisturiser berry 220ml,220ml,£99.77/L,21.95,,
Boots Borehamwood,Bath & Body,Body Lotion,Sundae body whip moisturiser birthday cake 220ml,220ml,£99.77/L,21.95,,
Boots Borehamwood,Bath & Body,Body Lotion,Sundae body whip moisturiser peach 220ml,220ml,£99.77/L,21.95,,
Boots Borehamwood,Bath & Body,Body Lotion,Sundae body whip moisturiser velvety vanilla 220ml,220ml,£99.77/L,21.95,,
Boots Borehamwood,Bath & Body,Body Lotion,THE RETREAT Enriching Hand & Body Lotion 300ml,300ml,£36.67/L,11.00,,
Boots Borehamwood,Bath & Body,Body Lotion,THE RETREAT Nourishing Body Butter 290ml,290ml,£45.52/L,13.20,,
Boots Borehamwood,Bath & Body,Body Lotion,THE RETREAT Restoring Multi Purpose Balm 30ml,30ml,£345.00/L,10.35,,
Boots Borehamwood,Bath & Body,Body Lotion,Truly Sun Drops Bronze Body Glow 90ml,90ml,£326.67/L,29.40,,
Boots Borehamwood,Bath & Body,Body Lotion,Truly Vanilla Baby Luxury Body Oil 90ml,90ml,£350.00/L,31.50,,
Boots Borehamwood,Bath & Body,Body Lotion,Vaseline Aloe Soothe Body Lotion 200ml,200ml,£25.75/L,5.15,,
Boots Borehamwood,Bath & Body,Body Lotion,Vaseline Essential Healing Body Lotion 200ml,200ml,£25.75/L,5.15,,
Boots Borehamwood,Bath & Body,Body Lotion,Vaseline Gluta Hya Dewy Radiance Lotion 75ml,75ml,£92.00/L,6.90,,
Boots Borehamwood,Bath & Body,Body Lotion,Vaseline Gluta-Hya Dewy Radiance Serum Burst Lotion 200 ml,200ml,£71.25/L,14.25,,
Boots Borehamwood,Bath & Body,Body Lotion,Vaseline Gluta-Hya Overnight Radiance Serum Burst Lotion 200ml,200ml,£71.25/L,14.25,,
Boots Borehamwood,Bath & Body,Body Lotion,Vaseline Intensive Care Aloe Soothe Spray Moisturiser 190ml,190ml,£42.37/L,8.05,,
Boots Borehamwood,Bath & Body,Body Lotion,Vaseline Intensive Care Cocoa Radiant Body Lotion 400 ml,400ml,£21.50/L,8.60,,
Boots Borehamwood,Bath & Body,Body Lotion,Vaseline Intensive Care Cocoa Radiant Body Oil 200ml,200ml,£37.25/L,7.45,,
Boots Borehamwood,Bath & Body,Body Lotion,Vaseline Intensive Care Cocoa Radiant Spray Moisturiser 190 ml,190ml,£42.37/L,8.05,,
Boots Borehamwood,Bath & Body,Body Lotion,Vaseline Intensive Care Mature Skin Rejuvenation Body Lotion 400ml,400ml,£21.50/L,8.60,,
Boots Borehamwood,Bath & Body,Body Lotion,Vaseline Skin Lotion Milk Cocoa 200ml,200ml,£25.75/L,5.15,,
Boots Borehamwood,Bath & Body,Body Lotion,"Weleda Skin Food Body Lotion, Moisture and Glow, Phyto Infusion, for Dry to Very Dry Skin, 250ml",250ml,£65.60/L,16.40,,
Boots Borehamwood,Bath & Body,Body Lotion,Weleda Skin Food Ultra-Dry Oil 100ml,100ml,£175.50/L,17.55,,
Boots Borehamwood,Bath & Body,Body Lotion,Weleda Stretch Mark Body Butter 150ml,150ml,£146.67/L,22.00,,
Boots Borehamwood,"Cough, Cold & Flu",Cold & Flu Relief,Beechams All In One Cold And Flu Tablets 16 Pack,16pk,£0.38 each,6.00,,
Boots Borehamwood,"Cough, Cold & Flu",Cold & Flu Relief,Beechams Max Strength All In One Cold And Flu Capsules x16,16pk,£0.47 each,7.55,,
Boots Borehamwood,"Cough, Cold & Flu",Cold & Flu Relief,Boots Max Strength Cold & Flu Relief Blackcurrant Flavour Powder For Oral Solution - 10 Sachets,10pk,£0.32 each,3.20,,
Boots Borehamwood,"Cough, Cold & Flu",Cold & Flu Relief,"Boots Max Strength Cold And Flu Day And Night Capsules, x12 Day & x4 Night",16pk,£0.15 each,2.40,,
Boots Borehamwood,"Cough, Cold & Flu",Cold & Flu Relief,Boots Max Strength Cold And Flu Relief Lemon Flavour Powder 10 Sachets,10pk,£0.32 each,3.20,,
Boots Borehamwood,"Cough, Cold & Flu",Cold & Flu Relief,Boots Pharmaceuticals Max Strength Cold And Flu Relief Capsules 16 Capsules,16pk,£0.15 each,2.40,,
Boots Borehamwood,"Cough, Cold & Flu",Cold & Flu Relief,Boots Pharmaceuticals Max Strength Echinacea Cold And Flu Relief Tablets x30,30pk,£0.25 each,7.50,,
Boots Borehamwood,"Cough, Cold & Flu",Cold & Flu Relief,Boots Pharmaceuticals Ultra Cold & Flu Relief All In One Powder For Oral Solution Sachets x10,10pk,£0.32 each,3.20,,
Boots Borehamwood,"Cough, Cold & Flu",Cold & Flu Relief,Boots Pharmaceuticals Ultra Cold And Flu Relief All In One 16 Capsules,16pk,£0.19 each,2.99,,
Boots Borehamwood,"Cough, Cold & Flu",Cold & Flu Relief,Cold And Flu Nurse All-In-One Capsules - 16 Capsules,16pk,£0.53 each,8.40,,
Boots Borehamwood,"Cough, Cold & Flu",Cold & Flu Relief,Coldzyme Mouth Spray 20ml,20ml,£962.50/L,19.25,,
Boots Borehamwood,"Cough, Cold & Flu",Cold & Flu Relief,Fisherman's Friend Original - Menthol & Eucalyptus Flavour Lozenges Sachets x3,75g,£38.00/kg,2.85,,
Boots Borehamwood,"Cough, Cold & Flu",Cold & Flu Relief,Jakemans Cherry Soothing Menthol Lozenges 160g,160g,£14.38/kg,2.30,,
Boots Borehamwood,"Cough, Cold & Flu",Cold & Flu Relief,Lemsip Cold & Flu Lemon Flavours - 10 Sachets,10pk,£0.56 each,5.60,,
Boots Borehamwood,"Cough, Cold & Flu",Cold & Flu Relief,Lemsip Max All In One Lemon - 8 Sachets,8pk,£1.05 each,8.40,,
Boots Borehamwood,"Cough, Cold & Flu",Cold & Flu Relief,Lemsip Max Cold & Flu (16 Capsules),16pk,£0.39 each,6.25,,
Boots Borehamwood,"Cough, Cold & Flu",Cold & Flu Relief,Lemsip Max Cold & Flu Blackcurrant - 10 Sachets,10pk,£0.78 each,7.80,,
Boots Borehamwood,"Cough, Cold & Flu",Cold & Flu Relief,Lemsip Max Cold & Flu Lemon Sachets - Paracetamol 10 Sachets,10pk,£0.78 each,7.80,,
Boots Borehamwood,"Cough, Cold & Flu",Cold & Flu Relief,Lemsip Max Day & Night Cold & Flu Relief Capsules 16 Capsules,16pk,£0.49 each,7.80,,
Boots Borehamwood,"Cough, Cold & Flu",Cold & Flu Relief,Mackenzies Smelling Salts Eucalyptus And Ammonia 17ml,17ml,£641.18/L,10.90,,
Boots Borehamwood,"Cough, Cold & Flu",Cold & Flu Relief,Nurofen Cold & Flu Relief 200mg/5mg Tablets - 16,16pk,£0.44 each,7.10,,
Boots Borehamwood,"Cough, Cold & Flu",Cold & Flu Relief,Nurofen Day/Night Cold & Flu Relief Ibuprofen 200mg/5mg Tablets 16 Pack,16pk,£0.43 each,6.90,,
Boots Borehamwood,"Cough, Cold & Flu",Cold & Flu Relief,Pro Plus Tablets 24s,24pk,£0.16 each,3.80,,
Boots Borehamwood,"Cough, Cold & Flu",Cold & Flu Relief,Sterimar Stop&Protect Cold & Sinus 20ml,20ml,£572.50/L,11.45,,
Boots Borehamwood,"Cough, Cold & Flu","Cough, Throat & Chest",Beechams All In One Oral Solution - 160ml,160ml,£39.38/L,6.30,,
Boots Borehamwood,"Cough, Cold & Flu","Cough, Throat & Chest",Benylin Chesty Coughs Non-Drowsy Syrup 150ml,150ml,£46.67/L,7.00,,
Boots Borehamwood,"Cough, Cold & Flu","Cough, Throat & Chest",Benylin Chesty Coughs Non-Drowsy Syrup 300ml,300ml,£38.50/L,11.55,,
Boots Borehamwood,"Cough, Cold & Flu","Cough, Throat & Chest",Benylin Mucus Cough & Cold All In One Relief Tablets- 16 Tablets,16pk,£0.40 each,6.40,,
Boots Borehamwood,"Cough, Cold & Flu","Cough, Throat & Chest",Benylin Mucus Cough Max Honey & Lemon Flavour 100mg/5ml Syrup   300ml,300ml,£38.50/L,11.55,,
Boots Borehamwood,"Cough, Cold & Flu","Cough, Throat & Chest",Benylin Mucus Cough Max Menthol Flavour 100mg/5ml Oral Solution 150ml,150ml,£46.67/L,7.00,,
Boots Borehamwood,"Cough, Cold & Flu","Cough, Throat & Chest",Benylin Mucus Cough Max Syrup - Honey & Lemon - 150ml,150ml,£46.67/L,7.00,,
Boots Borehamwood,"Cough, Cold & Flu","Cough, Throat & Chest",Boots Catarrh Pastilles 20 Pastilles,20pk,£0.27 each,5.30,,
Boots Borehamwood,"Cough, Cold & Flu","Cough, Throat & Chest",Boots Chesty Cough Relief 100mg/5ml Oral Solution - 240ml,240ml,£22.88/L,5.49,,
Boots Borehamwood,"Cough, Cold & Flu","Cough, Throat & Chest",Boots Chesty Cough Relief 100mg/5ml Oral Solution-150ml,150ml,£26.60/L,3.99,,
Boots Borehamwood,"Cough, Cold & Flu","Cough, Throat & Chest",Boots Dry Cough Relief Oral Solution - 150ml,150ml,£26.60/L,3.99,,
Boots Borehamwood,"Cough, Cold & Flu","Cough, Throat & Chest",Boots Everyday Vapour Rub 48g,48g,£41.46/kg,1.99,,
Boots Borehamwood,"Cough, Cold & Flu","Cough, Throat & Chest",Boots Glycerin 0.75g/5ml Oral Solution 200ml,200ml,£12.50/L,2.50,,
Boots Borehamwood,"Cough, Cold & Flu","Cough, Throat & Chest",Boots Pharmaceuticals Max Strength Sinus Pressure & Pain Relief Day & Night - 16 Capsules,16pk,£0.15 each,2.40,,
Boots Borehamwood,"Cough, Cold & Flu","Cough, Throat & Chest",Boots Pharmaceuticals Mucus Cough & Cold Relief All In One Tablets x16,16pk,£0.25 each,3.99,,
Boots Borehamwood,"Cough, Cold & Flu","Cough, Throat & Chest",Boots Pharmaceuticals Sore Throat Relief 0.6mg Lozenges Honey And Lemon Flavour 24 Lozenges,24pk,£0.10 each,2.30,,
Boots Borehamwood,"Cough, Cold & Flu","Cough, Throat & Chest",Boots Tickly Cough Relief Oral Solution - 150ml,150ml,£26.60/L,3.99,,
Boots Borehamwood,"Cough, Cold & Flu","Cough, Throat & Chest",Boots Triple Action Sore Throat Relief 2.4 mg Lozenges Cherry Flavour 24 Lozenges,24pk,£0.24 each,5.80,,
Boots Borehamwood,"Cough, Cold & Flu","Cough, Throat & Chest",Boots Triple Action Sore Throat Relief 2.4mg Lozenges Blackcurrant Flavour 24 Lozenges,24pk,£0.24 each,5.80,,
Boots Borehamwood,"Cough, Cold & Flu","Cough, Throat & Chest",Broncho 5 In 1 Multi-Symptom Action Cough Syrup 120ml,120ml,£80.42/L,9.65,,
Boots Borehamwood,"Cough, Cold & Flu","Cough, Throat & Chest",Broncho 5 In 1 Multi-Symptom Action Cough Syrup 200ml,200ml,£63.25/L,12.65,,
Boots Borehamwood,"Cough, Cold & Flu","Cough, Throat & Chest",Bronchostop Cough Pastilles - 40 Pastilles,40pk,£0.29 each,11.45,,
Boots Borehamwood,"Cough, Cold & Flu","Cough, Throat & Chest",Bronchostop Cough Syrup - 120ml,120ml,£71.67/L,8.60,,
Boots Borehamwood,"Cough, Cold & Flu","Cough, Throat & Chest",Bronchostop Cough Syrup For Dry And Chesty Coughs - 240ml,240ml,£52.71/L,12.65,,
Boots Borehamwood,"Cough, Cold & Flu","Cough, Throat & Chest",Buttercup Original Cough Syrup - 200ml,200ml,£44.00/L,8.80,,
Boots Borehamwood,"Cough, Cold & Flu","Cough, Throat & Chest",Covonia Chesty Cough Mixture Mentholated- 300ml,300ml,£32.17/L,9.65,,
Boots Borehamwood,"Cough, Cold & Flu","Cough, Throat & Chest",Covonia Chesty Cough Sugar Free Syrup 150ml,150ml,£52.33/L,7.85,,
Boots Borehamwood,"Cough, Cold & Flu","Cough, Throat & Chest",Covonia Dry & Tickly Cough Linctus - 300ml,300ml,£32.17/L,9.65,,
Boots Borehamwood,"Cough, Cold & Flu","Cough, Throat & Chest",Covonia Dry & Tickly Cough Sugar Free Oral Solution- 50ml,150ml,£40.00/L,6.00,,
Boots Borehamwood,"Cough, Cold & Flu","Cough, Throat & Chest",Covonia Mucus Cough Oral Solution 150ml,150ml,£48.00/L,7.20,,
Boots Borehamwood,"Cough, Cold & Flu","Cough, Throat & Chest",Covonia Mucus Cough Oral Solution 300ml,300ml,£32.17/L,9.65,,
Boots Borehamwood,"Cough, Cold & Flu","Cough, Throat & Chest",Jakemans Honey And Lemon Lozenges 160g,160g,£14.38/kg,2.30,,
Boots Borehamwood,"Cough, Cold & Flu","Cough, Throat & Chest",Jakemans Lozenges Throat & Chest 160g,160g,£14.38/kg,2.30,,
Boots Borehamwood,"Cough, Cold & Flu","Cough, Throat & Chest",Klearvol Vapour Rub 50ml,50ml,£114.00/L,5.70,,
Boots Borehamwood,"Cough, Cold & Flu","Cough, Throat & Chest",Robitussin Chesty Cough Medicine - 200ml,200ml,£56.50/L,11.30,,
Boots Borehamwood,"Cough, Cold & Flu","Cough, Throat & Chest",Robitussin Chesty Cough Medicine 100ml,100ml,£63.00/L,6.30,,
Boots Borehamwood,"Cough, Cold & Flu","Cough, Throat & Chest",Sterimar Hypertonic Congestion Relief - 100ml,100ml,£114.50/L,11.45,,
Boots Borehamwood,"Cough, Cold & Flu","Cough, Throat & Chest",Strepsils Extra Blackcurrant Lozenges For Sore Throats,24pk,£0.34 each,8.05,,
Boots Borehamwood,"Cough, Cold & Flu","Cough, Throat & Chest",Strepsils Extra Cherry - Throat Pain Relief Lozenges 24 Pack,24pk,£0.34 each,8.05,,
Boots Borehamwood,"Cough, Cold & Flu","Cough, Throat & Chest",Strepsils Honey & Lemon Lozenges 24 Pack,24pk,£0.33 each,7.80,,
Boots Borehamwood,"Cough, Cold & Flu","Cough, Throat & Chest",Strepsils Honey & Lemon Lozenges For Sore Throat 16 Pack,16pk,£0.28 each,4.50,,
Boots Borehamwood,"Cough, Cold & Flu","Cough, Throat & Chest",Ultra Chloraseptic Anaesthetic Throat Spray 15ml,15ml,£480.00/L,7.20,,
Boots Borehamwood,"Cough, Cold & Flu","Cough, Throat & Chest",Ultra Chloraseptic Anaesthetic Throat Spray Blackcurrant - 15ml,15ml,£420.00/L,6.30,,
Boots Borehamwood,"Cough, Cold & Flu","Cough, Throat & Chest",Vicks Vapo Bath With Soothing Vapours Contains Natural Essential Oils Non Medicated - 425g,425g,£21.65/kg,9.20,,
Boots Borehamwood,"Cough, Cold & Flu","Cough, Throat & Chest",Vicks Vapo Shower With Menthol & Camphor Scents Soothing Vapors 5 Tablets,5pk,£1.84 each,9.20,,
Boots Borehamwood,"Cough, Cold & Flu","Cough, Throat & Chest",Vicks Vaporub Easy Applicator 35g,35g,£205.71/kg,7.20,,
Boots Borehamwood,"Cough, Cold & Flu","Cough, Throat & Chest",Zarbees Adult Cough & Sore Throat Syrup Honey-Based 150ml,150ml,£68.33/L,10.25,,
Boots Borehamwood,"Cough, Cold & Flu","Cough, Throat & Chest",Boots Blackcurrant And Glycerin Pastilles 20 Pack,20pk,£0.09 each,1.75,,
Boots Borehamwood,"Cough, Cold & Flu","Cough, Throat & Chest",Boots Triple Action Sore Throat Relief 2.4mg Lozenges Honey And Lemon 24 Lozenges,24pk,£0.24 each,5.80,,
Boots Borehamwood,"Cough, Cold & Flu","Cough, Throat & Chest",Bronchostop Cough Pastilles For Dry And Chesty Coughs - 20 Pastilles,20pk,£0.36 each,7.20,,
Boots Borehamwood,"Cough, Cold & Flu","Cough, Throat & Chest",Cherry Flavour Ultra Chloraseptic Anaesthetic Throat Spray - 15ml,15ml,£460.00/L,6.90,,
Boots Borehamwood,"Cough, Cold & Flu","Cough, Throat & Chest",Ricola Soothe & Clear Cough Drops 75g,75g,£24.00/kg,1.80,,
Boots Borehamwood,"Cough, Cold & Flu","Cough, Throat & Chest",Strepsils Honey & Lemon Lozenges For Sore Throat 36 Pack,36pk,£0.19 each,6.90,,
Boots Borehamwood,"Cough, Cold & Flu","Cough, Throat & Chest",Strepsils Sore Throat & Cough Lozenges 24 Pack,24pk,£0.33 each,7.80,,
Boots Borehamwood,"Cough, Cold & Flu","Cough, Throat & Chest",Strepsils Strawberry Sugar Free Sore Throat Lozenges 36 Pack,36pk,£0.19 each,6.85,,
Boots Borehamwood,"Cough, Cold & Flu","Cough, Throat & Chest",Vocalzone Throat Pastilles 24 Pack,24pk,£0.29 each,6.85,,
Boots Borehamwood,Deodorant & Antiperspirant,Women's Deodorant,Bionsen Dermoprotective 0% Aluminium Roll-On Deodorant 50ml,50ml,£61.00/L,3.05,,
Boots Borehamwood,Deodorant & Antiperspirant,Women's Deodorant,Bionsen Dermoprotective 0% Aluminium Spray Deodorant 150ml,150ml,£28.00/L,4.20,,
Boots Borehamwood,Deodorant & Antiperspirant,Women's Deodorant,Bionsen Dermoprotective 0% Aluminium Stick Deodorant 40ml,40ml,£115.00/L,4.60,,
Boots Borehamwood,Deodorant & Antiperspirant,Women's Deodorant,Boots Tea Tree & Witch Hazel Back & Body Spray 150ml,150ml,£30.00/L,4.50,,
Boots Borehamwood,Deodorant & Antiperspirant,Women's Deodorant,Brut Original Deodorant,200ml,£14.25/L,2.85,,
Boots Borehamwood,Deodorant & Antiperspirant,Women's Deodorant,Bulldog Lemon & Bergamot Roll On Deodorant 75ml,75ml,£68.67/L,5.15,,
Boots Borehamwood,Deodorant & Antiperspirant,Men's Deodorant,Bulldog Original Natural Deodorant 75ml,75ml,£68.67/L,5.15,,
Boots Borehamwood,Deodorant & Antiperspirant,Women's Deodorant,Bulldog Peppermint & Eucalyptus Roll On Deodorant 75ml,75ml,£68.67/L,5.15,,
Boots Borehamwood,Deodorant & Antiperspirant,Women's Deodorant,DAISE all body spray & deodorant peachy 120ml,120ml,£28.75/L,3.45,,
Boots Borehamwood,Deodorant & Antiperspirant,Women's Antiperspirant,Dove Advanced Antiperspirant Dragon Fruit And Coconut Cream Roll On 50ml,50ml,£69.00/L,3.45,,
Boots Borehamwood,Deodorant & Antiperspirant,Men's Antiperspirant,Dove Advanced Care Anti-Perspirant Deodorant Original 50ml,50ml,£69.00/L,3.45,,
Boots Borehamwood,Deodorant & Antiperspirant,Women's Antiperspirant,Dove Advanced Care Coconut & Jasmine Anti-Perspirant Deodorant Spray200ml,200ml,£30.00/L,6.00,,
Boots Borehamwood,Deodorant & Antiperspirant,Women's Antiperspirant,Dove Advanced Care Dragon Fruit & Coconut Antiperspirant Deodorant Spray 200ml,200ml,£30.00/L,6.00,,
Boots Borehamwood,Deodorant & Antiperspirant,Women's Antiperspirant,Dove Advanced Care Go Fresh Anti-Perspirant Deodorant Cucumber Scent 50ml,50ml,£69.00/L,3.45,,
Boots Borehamwood,Deodorant & Antiperspirant,Women's Antiperspirant,Dove Advanced Care Go Fresh Anti-Perspirant Deodorant Pomegranate 50ml,50ml,£69.00/L,3.45,,
Boots Borehamwood,Deodorant & Antiperspirant,Women's Antiperspirant,Dove Advanced Care Go Fresh Antiperspirant Deodorant Peach & White Blossom 200ml,200ml,£30.00/L,6.00,,
Boots Borehamwood,Deodorant & Antiperspirant,Women's Antiperspirant,Dove Advanced Care Go Fresh Passion Fruit & Lemongrass Scent Anti-Perspirant Deodorant Spray 150ml,150ml,£17.87/L,2.68,4.00,33% off
Boots Borehamwood,Deodorant & Antiperspirant,Women's Antiperspirant,Dove Advanced Care Go Fresh Pomegranate & Lemon Verbena 72Hour Protection Anti-Perspirant Deodorant Aerosol Spray 150ml,150ml,£17.87/L,2.68,4.00,33% off
Boots Borehamwood,Deodorant & Antiperspirant,Women's Antiperspirant,Dove Advanced Care Go Fresh Pomegranate & Lemon Verbena Anti-Perspirant Deodorant Spray 200ml,200ml,£30.00/L,6.00,,
Boots Borehamwood,Deodorant & Antiperspirant,Women's Antiperspirant,Dove Advanced Care Invisible 72Hour Protection Anti-Perspirant Deodorant Spray Aerosol 150ml,150ml,£17.87/L,2.68,4.00,33% off
Boots Borehamwood,Deodorant & Antiperspirant,Women's Deodorant,Dove Advanced Care Invisible Dry 72hr Deodorant Stick 50 ml,50ml,£92.00/L,4.60,,
Boots Borehamwood,Deodorant & Antiperspirant,Women's Antiperspirant,Dove Advanced Care Original 150ml Limited Edition,150ml,£17.87/L,2.68,4.00,33% off
Boots Borehamwood,Deodorant & Antiperspirant,Women's Antiperspirant,Dove Advanced Care Original 72Hour Protection Anti-Perspirant Deodorant Spray Aerosol 200ml,200ml,£30.00/L,6.00,,
Boots Borehamwood,Deodorant & Antiperspirant,Women's Antiperspirant,Dove Anti-Perspirant Aerosol Classic 150ml,150ml,£17.00/L,2.55,,
Boots Borehamwood,Deodorant & Antiperspirant,Women's Antiperspirant,Dove Antiperspirant Classic Fresh Stick 50ml,50ml,£57.00/L,2.85,,
Boots Borehamwood,Deodorant & Antiperspirant,Women's Antiperspirant,Dove Bridgerton Love & Meadows Anti-Perspirant Aerosol 150ml,150ml,£17.87/L,2.68,4.00,33% off
Boots Borehamwood,Deodorant & Antiperspirant,Women's Antiperspirant,Dove Classic Antiperspirant Deodorant Spray 200ml,200ml,£16.50/L,3.30,,
Boots Borehamwood,Deodorant & Antiperspirant,Men's Deodorant,Dove Men Whole Body Deodorant Bamboo & Aloe 150ml,150ml,£48.00/L,7.20,,
Boots Borehamwood,Deodorant & Antiperspirant,Men's Deodorant,Dove Men Whole Body Deodorant Lotion Bamboo & Aloe 75ml,75ml,£96.00/L,7.20,,
Boots Borehamwood,Deodorant & Antiperspirant,Men's Deodorant,Dove Men Whole Body Deodorant Marine & Blue Cypress 150ml,150ml,£48.00/L,7.20,,
Boots Borehamwood,Deodorant & Antiperspirant,Men's Deodorant,Dove Men Whole Body Deodorant Stick Marine & Blue Cypress 50ml,50ml,£144.00/L,7.20,,
Boots Borehamwood,Deodorant & Antiperspirant,Men's Antiperspirant,Dove Men+ Care Advanced Clean Comfort Anti-Perspirant Deodorant 200ml,200ml,£30.00/L,6.00,,
Boots Borehamwood,Deodorant & Antiperspirant,Men's Antiperspirant,Dove Men+Care Advanced Clean Comfort Anti-Perspirant Deodorant Roll On 50ml,50ml,£72.00/L,3.60,,
Boots Borehamwood,Deodorant & Antiperspirant,Men's Antiperspirant,Dove Men+Care Advanced Extra Fresh 72hr Anti-Perspirant Deodorant 200ml,200ml,£30.00/L,6.00,,
Boots Borehamwood,Deodorant & Antiperspirant,Men's Antiperspirant,Dove Men+Care Advanced Invisible Dry 72hr Anti-Perspirant Deodorant Spray 200ml,200ml,£30.00/L,6.00,,
Boots Borehamwood,Deodorant & Antiperspirant,Men's Antiperspirant,Dove Men+Care Antiperspirant Deodorant Roll On Classic 50ml,50ml,£39.00/L,1.95,,
Boots Borehamwood,Deodorant & Antiperspirant,Men's Antiperspirant,Dove Men+Care Classic Anti-Perspirant Deodorant Spray With 1/4 Moisturising Cream 200ml,200ml,£16.50/L,3.30,,
Boots Borehamwood,Deodorant & Antiperspirant,Men's Antiperspirant,Dove Men+Care Clean Comfort Antiperspirant Aerosol 75 ml,75ml,£46.00/L,3.45,,
Boots Borehamwood,Deodorant & Antiperspirant,Women's Antiperspirant,Dove Powder With 1/4 Moisturising Cream Anti-Perspirant Deodorant Spray For 48 Hours Of Protection 200ml,200ml,£16.50/L,3.30,,
Boots Borehamwood,Deodorant & Antiperspirant,Women's Deodorant,Dove Raspberry & Rose Whole Body Deodorant Stick 75ml,75ml,£96.00/L,7.20,,
Boots Borehamwood,Deodorant & Antiperspirant,Women's Antiperspirant,Dove Women Antiperspirant Deodorant Roll On Classic 50ml,50ml,£39.00/L,1.95,,
Boots Borehamwood,Deodorant & Antiperspirant,Women's Antiperspirant,Dove Women Antiperspirant Deodorant Roll On Powder 50ml,50ml,£39.00/L,1.95,,
Boots Borehamwood,Deodorant & Antiperspirant,Men's Deodorant,Dr. Squatch deodorant wide stick coconut castaway 75g,75g,£175.33/kg,13.15,,
Boots Borehamwood,Deodorant & Antiperspirant,Men's Deodorant,Dr. Squatch deodorant wide stick fresh falls 75g,75g,£175.33/kg,13.15,,
Boots Borehamwood,Deodorant & Antiperspirant,Men's Deodorant,Dr. Squatch deodorant wide stick wood barrel bourbon 75g,75g,£175.33/kg,13.15,,
Boots Borehamwood,Deodorant & Antiperspirant,Men's Antiperspirant,Driclor Solution Roll On Applicator 20ml,20ml,£460.00/L,9.20,,
Boots Borehamwood,Deodorant & Antiperspirant,Men's Deodorant,FCUK Sport Body Spray 200ml,200ml,£25.75/L,5.15,,
Boots Borehamwood,Deodorant & Antiperspirant,Men's Deodorant,FCUK Urban Body Spray 200ml,200ml,£25.75/L,5.15,,
Boots Borehamwood,Deodorant & Antiperspirant,Men's Deodorant,FCUK Vintage Body Spray 200ml,200ml,£25.75/L,5.15,,
Boots Borehamwood,Deodorant & Antiperspirant,Women's Deodorant,Femfresh Deodorant Spray 125ml,125ml,£27.20/L,3.40,,
Boots Borehamwood,Deodorant & Antiperspirant,Women's Deodorant,Fenjal Classic Sensuous Body Spray 75ml,75ml,£66.67/L,5.00,,
Boots Borehamwood,Deodorant & Antiperspirant,Women's Deodorant,Fussy Natural Deodorant Refill Coconut Milk 40g,40g,£143.75/kg,5.75,,
Boots Borehamwood,Deodorant & Antiperspirant,Women's Deodorant,Fussy Natural Deodorant Refill Tropic Tonic 40g,40g,£143.75/kg,5.75,,
Boots Borehamwood,Deodorant & Antiperspirant,Women's Deodorant,Fussy Refillable Natural Deodorant Coconut Milk 40g,40g,£330.00/kg,13.20,,
Boots Borehamwood,Deodorant & Antiperspirant,Women's Deodorant,Fussy Refillable Natural Deodorant Tropic Tonic 40g,40g,£330.00/kg,13.20,,
Boots Borehamwood,Deodorant & Antiperspirant,Women's Antiperspirant,Gem Antiperspirant Deodorant Mango & Coconut Cream 207ml,207ml,£16.67/L,3.45,4.60,25% off
Boots Borehamwood,Deodorant & Antiperspirant,Women's Antiperspirant,Gem Skin Loving Antiperspirant Deodorant Watermelon Fresh 207ml,207ml,£16.67/L,3.45,4.60,25% off
Boots Borehamwood,Deodorant & Antiperspirant,Offers,Gem Skin Loving Roll on Deodorant Coconut Vanilla 50ml,50ml,£56.20/L,2.81,3.75,25% off
Boots Borehamwood,Deodorant & Antiperspirant,Offers,Gem Skin Loving Roll on Deodorant Vanilla Macadamia 50ml,50ml,£56.20/L,2.81,3.75,25% off
Boots Borehamwood,Deodorant & Antiperspirant,Women's Antiperspirant,Gem Skin-Loving Antiperspirant Deodorant Coconut Vanilla 207ml,207ml,£16.67/L,3.45,4.60,25% off
Boots Borehamwood,Deodorant & Antiperspirant,Women's Antiperspirant,Gem Skin-Loving Antiperspirant Deodorant Cool Fresh 207ml,207ml,£16.67/L,3.45,4.60,25% off
Boots Borehamwood,Deodorant & Antiperspirant,Women's Antiperspirant,Gem Skin-Loving Antiperspirant Deodorant Salted Caramel 207ml,207ml,£16.67/L,3.45,4.60,25% off
Boots Borehamwood,Deodorant & Antiperspirant,Women's Antiperspirant,Gem Skin-Loving Antiperspirant Deodorant Santal 207ml,207ml,£16.67/L,3.45,4.60,25% off
Boots Borehamwood,Deodorant & Antiperspirant,Women's Antiperspirant,Gem Skin-Loving Antiperspirant Deodorant Vanilla Macadamia 207ml,207ml,£16.67/L,3.45,4.60,25% off
Boots Borehamwood,Deodorant & Antiperspirant,Women's Antiperspirant,Gem Skin-Loving Antiperspirant Deodorant Vanilla Sugar 207ml,207ml,£16.67/L,3.45,4.60,25% off
Boots Borehamwood,Deodorant & Antiperspirant,Women's Deodorant,Impulse Be Surprised Body Spray Deodorant 75ml,75ml,£15.33/L,1.15,,
Boots Borehamwood,Deodorant & Antiperspirant,Women's Deodorant,Impulse Body Deodorant Very Pink 75ml,75ml,£15.33/L,1.15,,
Boots Borehamwood,Deodorant & Antiperspirant,Women's Deodorant,Impulse Body Spray Deodorant Hint Of Musk 75ml,75ml,£15.33/L,1.15,,
Boots Borehamwood,Deodorant & Antiperspirant,Women's Deodorant,Impulse Capri Charm Body Spray Italian Edit Collection 75ml,75ml,£15.33/L,1.15,2.30,50% off
Boots Borehamwood,Deodorant & Antiperspirant,Women's Deodorant,Impulse Capri Charm Hair & Body Mist Italian Edit Collection 100ml,100ml,£34.50/L,3.45,6.90,50% off
Boots Borehamwood,Deodorant & Antiperspirant,Women's Deodorant,Impulse Instant Crush Body Spray Deodorant 75ml,75ml,£15.33/L,1.15,,
Boots Borehamwood,Deodorant & Antiperspirant,Offers,Impulse Milano Muse Body Spray Italian Edit Collection 75ml,75ml,£15.33/L,1.15,2.30,50% off
Boots Borehamwood,Deodorant & Antiperspirant,Offers,Impulse Milano Muse Hair & Body Mist Italian Edit Collection 100ml,100ml,£34.50/L,3.45,6.90,50% off
Boots Borehamwood,Deodorant & Antiperspirant,Offers,Impulse Roma Rossa Body Spray Italian Edit Collection 75ml,75ml,£15.33/L,1.15,2.30,50% off
Boots Borehamwood,Deodorant & Antiperspirant,Women's Deodorant,Impulse Roma Rossa Hair & Body Mist Italian Edit Collection 100ml,100ml,£34.50/L,3.45,6.90,50% off
Boots Borehamwood,Deodorant & Antiperspirant,Women's Deodorant,Impulse Sicily Secret Hair & Body Mist Italian Edit Collection 100ml,100ml,£34.50/L,3.45,6.90,50% off
Boots Borehamwood,Deodorant & Antiperspirant,Women's Deodorant,Impulse Truelove Body Spray Deodorant 75 ml,75ml,£15.33/L,1.15,,
Boots Borehamwood,Deodorant & Antiperspirant,Men's Antiperspirant,L'Oreal Men Expert Fresh Extreme 48H Anti-Perspirant Deodorant 250ml,250ml,£24.00/L,6.00,,
Boots Borehamwood,Deodorant & Antiperspirant,Men's Antiperspirant,L'Oreal Men Expert Fresh Extreme 48H Roll On Anti-Perspirant Deodorant 50ml,50ml,£87.00/L,4.35,,
Boots Borehamwood,Deodorant & Antiperspirant,Men's Antiperspirant,L'Oreal Men Expert Thermic Resist 48H Anti-Perspirant Deodorant 250ml,250ml,£24.00/L,6.00,,
Boots Borehamwood,Deodorant & Antiperspirant,Men's Deodorant,LYNX Sunset Fresh Anti-Perspirant Deodorant Spray 150ml,150ml,£20.53/L,3.08,4.60,33% off
Boots Borehamwood,Deodorant & Antiperspirant,Men's Deodorant,LYNX Sunset Fresh Bodyspray 150ml,150ml,£20.53/L,3.08,4.60,33% off
Boots Borehamwood,Deodorant & Antiperspirant,Women's Deodorant,Luna Daily The Cooling All Over Deodorant Natural Non Staining Aluminum Free Deodorant Stick Waterlily And Citrus 70g,70g,£220.00/kg,15.40,,
Boots Borehamwood,Deodorant & Antiperspirant,Women's Deodorant,Luna Daily The Hydrating All Over Deodorant Natural Non Staining Aluminium Free Body Deodorant Stick Fresh Cotton 70g,70g,£220.00/kg,15.40,,
Boots Borehamwood,Deodorant & Antiperspirant,Men's Deodorant,Lynx Aerosol Bodyspray Black 150ml,150ml,£20.53/L,3.08,4.60,33% off
Boots Borehamwood,Deodorant & Antiperspirant,Men's Deodorant,Lynx Aerosol Bodyspray XXL Ice Chill Deodorant 250ml,250ml,£27.20/L,6.80,,
Boots Borehamwood,Deodorant & Antiperspirant,Men's Antiperspirant,Lynx Africa 72-Hour Protection Antiperspirant Deodorant Spray Aerosol For All-Day Freshness 150ml,150ml,£20.53/L,3.08,4.60,33% off
Boots Borehamwood,Deodorant & Antiperspirant,Men's Antiperspirant,Lynx Antiperspirant Deodorant Africa Stick 50ml,50ml,£62.00/L,3.10,,
Boots Borehamwood,Deodorant & Antiperspirant,Offers,Lynx Black Antiperspirant 150ml,150ml,£20.53/L,3.08,4.60,33% off
Boots Borehamwood,Deodorant & Antiperspirant,Men's Deodorant,Lynx Black XXL Bodyspray Deodorant 250ml,250ml,£27.20/L,6.80,,
Boots Borehamwood,Deodorant & Antiperspirant,Men's Deodorant,Lynx Dark Temptation XXL Bodyspray Deodorant 250ml,250ml,£27.20/L,6.80,,
Boots Borehamwood,Deodorant & Antiperspirant,Men's Deodorant,Lynx Epic Fresh Deodorant With A Grapefruit & Tropical Pineapple Scent Bodyspray 250ml,250ml,£27.20/L,6.80,,
Boots Borehamwood,Deodorant & Antiperspirant,Men's Deodorant,Lynx Fine Fragrance Cherry Spritz 72hr Deodorant Spray 150ml,150ml,£30.40/L,4.56,6.80,33% off
Boots Borehamwood,Deodorant & Antiperspirant,Men's Deodorant,Lynx Fine Fragrance Cocoa Velvet 72hr Deodorant Spray 150ml,150ml,£30.40/L,4.56,6.80,33% off
Boots Borehamwood,Deodorant & Antiperspirant,Men's Deodorant,Lynx Fine Fragrance Coconut + Sandalwood 72hr Lower Body Spray 100ml,100ml,£68.00/L,6.80,,
Boots Borehamwood,Deodorant & Antiperspirant,Men's Deodorant,Lynx Fine Fragrance Collection Premium Body Spray Black Vanilla 150ml,150ml,£30.40/L,4.56,6.80,33% off
Boots Borehamwood,Deodorant & Antiperspirant,Men's Deodorant,Lynx Fine Fragrance Collection Premium Deodorant Bodyspray Blue Lavender 150ml,150ml,£30.40/L,4.56,6.80,33% off
Boots Borehamwood,Deodorant & Antiperspirant,Men's Deodorant,Lynx Fine Fragrance Indigo Haze Body Wash 400ml,400ml,£11.88/L,4.75,,
Boots Borehamwood,Deodorant & Antiperspirant,Men's Deodorant,Lynx Fine Fragrance Peach Infusion 72hr Deodorant Spray 150ml,150ml,£30.40/L,4.56,6.80,33% off
Boots Borehamwood,Deodorant & Antiperspirant,Men's Deodorant,Lynx Fine Fragrance Pear + Cedarwood 72hr Lower Body Spray 100ml,100ml,£68.00/L,6.80,,
Boots Borehamwood,Deodorant & Antiperspirant,Men's Deodorant,Lynx Ice Chill Body Spray Deodorant 150ml,150ml,£20.53/L,3.08,4.60,33% off
Boots Borehamwood,Deodorant & Antiperspirant,Offers,Lynx Indigo Haze 72hr Premium Body Spray 150ml,150ml,£30.40/L,4.56,6.80,33% off
Boots Borehamwood,Deodorant & Antiperspirant,Men's Deodorant,Lynx Marshmallow Smoke 72hr Premium Body Spray 150ml,150ml,£30.40/L,4.56,6.80,33% off
Boots Borehamwood,Deodorant & Antiperspirant,Men's Deodorant,Lynx Marshmallow Smoke 72hr Premium Body Spray 200ml,200ml,£39.75/L,7.95,,
Boots Borehamwood,Deodorant & Antiperspirant,Men's Antiperspirant,Lynx Men Epic Fresh Antiperspirant Deodorant Aerosol 250ml,250ml,£27.20/L,6.80,,
Boots Borehamwood,Deodorant & Antiperspirant,Men's Antiperspirant,Lynx Men Ice Chill Antiperspirant Deodorant Aerosol 150ml,150ml,£20.53/L,3.08,4.60,33% off
Boots Borehamwood,Deodorant & Antiperspirant,Men's Antiperspirant,Lynx Men Ice Chill Antiperspirant Deodorant Aerosol 250ml,250ml,£27.20/L,6.80,,
Boots Borehamwood,Deodorant & Antiperspirant,Men's Deodorant,Lynx Number 10 48h Body Spray Deodorant For Men 150ml,150ml,£20.53/L,3.08,4.60,33% off
Boots Borehamwood,Deodorant & Antiperspirant,Men's Deodorant,Lynx Number 10 48h Body Spray Deodorant For Men 250ml,250ml,£27.20/L,6.80,,
Boots Borehamwood,Deodorant & Antiperspirant,Men's Deodorant,Lynx Number 10 Anti-Perspirant Deodorant Spray 150ml,150ml,£20.53/L,3.08,4.60,33% off
Boots Borehamwood,Deodorant & Antiperspirant,Men's Deodorant,Lynx Number 10 Anti-Perspirant Deodorant Spray 250ml,250ml,£27.20/L,6.80,,
Boots Borehamwood,Deodorant & Antiperspirant,Men's Antiperspirant,Lynx XXL Africa Antiperspirant Deodorant Aerosol Spray 250ml,250ml,£27.20/L,6.80,,
Boots Borehamwood,Deodorant & Antiperspirant,Men's Deodorant,Lynxafrica 48 Hours Of Odour-Busting Zinc Tech Aerosol Bodyspray Deodorant 150ml,150ml,£20.53/L,3.08,4.60,33% off
Boots Borehamwood,Deodorant & Antiperspirant,Men's Deodorant,Lynxafrica 48 Hours Of Odour-Busting Zinc Tech Aerosol Bodyspray Deodorant 250ml,250ml,£27.20/L,6.80,,
Boots Borehamwood,Deodorant & Antiperspirant,Men's Deodorant,Mitchum Invisible Men Pure Energy 100ml,100ml,£37.50/L,3.75,,
Boots Borehamwood,Deodorant & Antiperspirant,Men's Antiperspirant,Mitchum Invisible Men Pure Energy Anti-Perspirant 200ml,200ml,£18.75/L,3.75,,
Boots Borehamwood,Deodorant & Antiperspirant,Women's Deodorant,Mitchum Invisible Women Clear Fresh 100ml,100ml,£37.50/L,3.75,,
Boots Borehamwood,Deodorant & Antiperspirant,Women's Antiperspirant,Mitchum Invisible Women Clear Fresh Anti-Perspirant 200ml,200ml,£19.50/L,3.90,,
Boots Borehamwood,Deodorant & Antiperspirant,Men's Antiperspirant,Mitchum Men Clean Control Anti-Perspirant & Deodorant 41g,41g,£112.20/kg,4.60,,
Boots Borehamwood,Deodorant & Antiperspirant,Men's Deodorant,Mitchum Men Natural Power Cedarwood 40g,40g,£143.75/kg,5.75,,
Boots Borehamwood,Deodorant & Antiperspirant,Men's Deodorant,Mitchum Men Triple Odor Defense Clean Control 200ml,200ml,£18.75/L,3.75,,
Boots Borehamwood,Deodorant & Antiperspirant,Men's Deodorant,Mitchum Men Triple Odor Defense Ice Fresh 200ml,200ml,£18.75/L,3.75,,
Boots Borehamwood,Deodorant & Antiperspirant,Men's Antiperspirant,Mitchum Men Ultimate 72H Anti Perspirant Deodorant Active Ocean 250ml,250ml,£18.60/L,4.65,,
Boots Borehamwood,Deodorant & Antiperspirant,Men's Antiperspirant,Mitchum Men Ultimate 72H Anti Perspirant Deodorant Bold Energy 250ml,250ml,£18.60/L,4.65,,
Boots Borehamwood,Deodorant & Antiperspirant,Men's Antiperspirant,Mitchum Men Ultimate 72H Anti Perspirant Deodorant Forest Air 250ml,250ml,£18.60/L,4.65,,
Boots Borehamwood,Deodorant & Antiperspirant,Men's Deodorant,Mitchum Natural Power Gel Cream Lime & Eucalyptus Gel Deodorant 63g,63g,£91.27/kg,5.75,,
Boots Borehamwood,Deodorant & Antiperspirant,Men's Antiperspirant,Mitchum Ultimate 72h Antiperspirant & Deodorant Roll On Active Ocean 100ml,100ml,£43.00/L,4.30,,
Boots Borehamwood,Deodorant & Antiperspirant,Women's Deodorant,Mitchum Ultimate 72hr Aerosol Spray Floral Citrus 35ml,35ml,£65.71/L,2.30,,
Boots Borehamwood,Deodorant & Antiperspirant,Women's Antiperspirant,Mitchum Women Advanced Powder Fresh Anti-Perspirant Deodorant Spray 200ml,200ml,£19.50/L,3.90,,
Boots Borehamwood,Deodorant & Antiperspirant,Women's Antiperspirant,Mitchum Women Advanced Powder Fresh Anti-Perspirant Deodorant Stick 41g,41g,£103.66/kg,4.25,,
Boots Borehamwood,Deodorant & Antiperspirant,Women's Antiperspirant,Mitchum Women Flower Fresh Anti-Perspirant & Deodorant 100ml,100ml,£37.50/L,3.75,,
Boots Borehamwood,Deodorant & Antiperspirant,Women's Deodorant,Mitchum Women Natural Power Coconut 40g,40g,£143.75/kg,5.75,,
Boots Borehamwood,Deodorant & Antiperspirant,Women's Deodorant,Mitchum Women Natural Power Eucalyptus 40g,40g,£143.75/kg,5.75,,
Boots Borehamwood,Deodorant & Antiperspirant,Women's Antiperspirant,Mitchum Women Pure Fresh Anti-Perspirant & Deodorant 100ml,100ml,£37.50/L,3.75,,
Boots Borehamwood,Deodorant & Antiperspirant,Women's Antiperspirant,Mitchum Women Pure Fresh Anti-Perspirant & Deodorant 41g,41g,£103.66/kg,4.25,,
Boots Borehamwood,Deodorant & Antiperspirant,Women's Antiperspirant,Mitchum Women Shower Fresh Anti-Perspirant & Deodorant 100ml,100ml,£37.50/L,3.75,,
Boots Borehamwood,Deodorant & Antiperspirant,Women's Deodorant,Mitchum Women Triple Odor Defense Flower Fresh 200ml,200ml,£19.50/L,3.90,,
Boots Borehamwood,Deodorant & Antiperspirant,Women's Deodorant,Mitchum Women Triple Odor Defense Pure Fresh 200ml,200ml,£19.50/L,3.90,,
Boots Borehamwood,Deodorant & Antiperspirant,Women's Deodorant,Mitchum Women Triple Odor Defense Shower Fresh 200ml,200ml,£19.50/L,3.90,,
Boots Borehamwood,Deodorant & Antiperspirant,Women's Deodorant,Mitchum Women Triple Odor Defense Unscented 200ml,200ml,£19.50/L,3.90,,
Boots Borehamwood,Deodorant & Antiperspirant,Women's Antiperspirant,Mitchum Women Ultimate 72H Bright Floral Anti-Perspirant Deodorant 250ml,250ml,£18.60/L,4.65,,
Boots Borehamwood,Deodorant & Antiperspirant,Women's Antiperspirant,Mitchum Women Ultimate 72H Cotton Burst Anti-Perspirant Deodorant 250ml,250ml,£18.60/L,4.65,,
Boots Borehamwood,Deodorant & Antiperspirant,Women's Antiperspirant,Mitchum Women Ultimate 72H Floral Citrus Anti-Perspirant Deodorant 250ml,250ml,£18.60/L,4.65,,
Boots Borehamwood,Deodorant & Antiperspirant,Women's Antiperspirant,Mitchum Women Unscented Anti-Perspirant & Deodorant 100ml,100ml,£37.50/L,3.75,,
Boots Borehamwood,Deodorant & Antiperspirant,Women's Antiperspirant,Mitchum Women Unscented Anti-Perspirant & Deodorant 41g,41g,£103.66/kg,4.25,,
Boots Borehamwood,Deodorant & Antiperspirant,Men's Antiperspirant,NIVEA MEN Black & White Invisible 72h Anti-Perspirant Deodorant Spray 250ml,250ml,£12.60/L,3.15,,
Boots Borehamwood,Deodorant & Antiperspirant,Men's Antiperspirant,Nivea Anti Perspirant Deodorant Spray Pearl And Beauty 48 Hours Deo 35ml,35ml,£65.71/L,2.30,,
Boots Borehamwood,Deodorant & Antiperspirant,Men's Antiperspirant,Nivea Black & White Invisible Clear 48hr Anti-Perspirant Deodorant 250ml,250ml,£12.60/L,3.15,,
Boots Borehamwood,Deodorant & Antiperspirant,Men's Antiperspirant,Nivea Men 48H Cool Kick Anti-Perspirant Deodorant 250ml,250ml,£12.60/L,3.15,,
Boots Borehamwood,Deodorant & Antiperspirant,Men's Antiperspirant,Nivea Men 48H Invisible For Black & White Roll On Anti-Perspirant Deodorant 50ml,50ml,£36.00/L,1.80,,
Boots Borehamwood,Deodorant & Antiperspirant,Women's Deodorant,Nivea Men Cool Kick 48h Anti-Perspirant Roll-on Deodorant 50ml,50ml,£36.00/L,1.80,,
Boots Borehamwood,Deodorant & Antiperspirant,Men's Antiperspirant,Nivea Men Cool Kick Anti-Perspirant Travel Mini 35ml,35ml,£58.57/L,2.05,,
Boots Borehamwood,Deodorant & Antiperspirant,Men's Deodorant,Old Spice Deodorant Stick Deep Sea 50ml,50ml,£86.00/L,4.30,,
Boots Borehamwood,Deodorant & Antiperspirant,Men's Deodorant,Old Spice Deodorant Stick Rockstar 50ml,50ml,£86.00/L,4.30,,
Boots Borehamwood,Deodorant & Antiperspirant,Men's Antiperspirant,Perspirex Strong Antiperspirant Roll-On 20ml,20ml,£572.50/L,11.45,,
Boots Borehamwood,Deodorant & Antiperspirant,Women's Deodorant,Q+a Salicylic Acid Clarifying Body Spray 150ml,150ml,£73.33/L,11.00,,
Boots Borehamwood,Deodorant & Antiperspirant,Men's Antiperspirant,Right Guard Men 48h Cool Roll-on Deodorant 50ml,50ml,£23.00/L,1.15,,
Boots Borehamwood,Deodorant & Antiperspirant,Men's Deodorant,Salt Of The Earth Refillable Lavender & Vanilla Natural Deodorant Roll-On - 75ml,75ml,£99.33/L,7.45,,
Boots Borehamwood,Deodorant & Antiperspirant,Men's Deodorant,Sanex Dermo Active Fresh Roll On Deodorant 50ml,50ml,£46.00/L,2.30,,
Boots Borehamwood,Deodorant & Antiperspirant,Men's Deodorant,Sanex Dermo Extra Control Roll-On 50ml,50ml,£46.00/L,2.30,,
Boots Borehamwood,Deodorant & Antiperspirant,Women's Deodorant,Sanex Dermo Invisible Dry Antiperspirant Roll On Deodorant 50ml,50ml,£46.00/L,2.30,,
Boots Borehamwood,Deodorant & Antiperspirant,Women's Deodorant,Sanex Dermo Sensitive Roll On Antiperspirant Deodorant  50ml,50ml,£46.00/L,2.30,,
Boots Borehamwood,Deodorant & Antiperspirant,Offers,So ? Unique Sweet Pea Body Mist 150ml,150ml,£23.00/L,3.45,6.90,50% off
Boots Borehamwood,Deodorant & Antiperspirant,Women's Deodorant,Sure Anti-Perspirant Aerosol Invisible Ice Fresh Deodorant 150ml,150ml,£13.33/L,2.00,,
Boots Borehamwood,Deodorant & Antiperspirant,Women's Antiperspirant,Sure Bright Bouquet Deodorant For Women Anti-Perspirant Aerosol For 48-Hour Sweat And Odour Protection 200ml,200ml,£12.75/L,2.55,,
Boots Borehamwood,Deodorant & Antiperspirant,Women's Antiperspirant,Sure Cotton Dry Deodorant For Women Anti-Perspirant Aerosol For 48-Hour Sweat And Odour Protection 200ml,200ml,£12.75/L,2.55,,
Boots Borehamwood,Deodorant & Antiperspirant,Women's Antiperspirant,Sure Cotton Dry Nonstop Protection Compressed Antiperspirant Aerosol 75ml,75ml,£41.33/L,3.10,,
Boots Borehamwood,Deodorant & Antiperspirant,Men's Antiperspirant,Sure Invisible Ice Fresh Nonstop Protection Compressed Antiperspirant Aerosol 75ml,75ml,£41.33/L,3.10,,
Boots Borehamwood,Deodorant & Antiperspirant,Women's Antiperspirant,"Sure Invisible Pure Anti-Perspirant Spray For 48Hour Protection Against Sweat, Odour, White Marks & Yellow Stains 200ml",200ml,£12.75/L,2.55,,
Boots Borehamwood,Deodorant & Antiperspirant,Men's Antiperspirant,Sure Max Pro Clean Scent Antiperspirant Deodorant 150ml,150ml,£26.87/L,4.03,5.75,30% off
Boots Borehamwood,Deodorant & Antiperspirant,Men's Deodorant,Sure Maximum Protection Cobalt Dry 96h Deodorant Spray 150ml,150ml,£38.33/L,5.75,,
Boots Borehamwood,Deodorant & Antiperspirant,Men's Antiperspirant,Sure Men Active Dry Anti-Perspirant Deodorant Aerosol 150ml,150ml,£13.33/L,2.00,,
Boots Borehamwood,Deodorant & Antiperspirant,Men's Antiperspirant,Sure Men Active Dry Antiperspirant Deodorant Nonstop 150ml,150ml,£24.00/L,3.60,,
Boots Borehamwood,Deodorant & Antiperspirant,Men's Antiperspirant,Sure Men Active Dry Deodorant For Men Anti-Perspirant Aerosol For 48-Hour Sweat And Odour Protection 200ml,200ml,£12.75/L,2.55,,
Boots Borehamwood,Deodorant & Antiperspirant,Men's Antiperspirant,Sure Men Invisible Ice Fresh Anti-Perspirant Deodorant 48hr 200ml,200ml,£12.75/L,2.55,,
Boots Borehamwood,Deodorant & Antiperspirant,Men's Antiperspirant,Sure Men Invisible Ice Fresh Nonstop Anti-Perspirant Deodorant 250ml,250ml,£19.60/L,4.90,,
Boots Borehamwood,Deodorant & Antiperspirant,Men's Antiperspirant,Sure Men Original Antiperspirant Roll On 50ml,50ml,£32.00/L,1.60,,
Boots Borehamwood,Deodorant & Antiperspirant,Men's Antiperspirant,Sure Men Quantum Dry Antiperspirant Deodorant Nonstop 250ml,250ml,£19.60/L,4.90,,
Boots Borehamwood,Deodorant & Antiperspirant,Men's Antiperspirant,Sure Men Quantum Dry Deodorant For Men Anti-Perspirant Aerosol For 48-Hour Sweat And Odour Protection 200ml,200ml,£12.75/L,2.55,,
Boots Borehamwood,Deodorant & Antiperspirant,Men's Antiperspirant,Sure Men Sport Cool Antiperspirant Deodorant Nonstop 250ml,250ml,£19.60/L,4.90,,
Boots Borehamwood,Deodorant & Antiperspirant,Women's Antiperspirant,Sure Women Anti Perspirant Bright Bouquet Deodorant Aerosol 150ml,150ml,£13.33/L,2.00,,
Boots Borehamwood,Deodorant & Antiperspirant,Women's Antiperspirant,Sure Women Bright Antiperspirant Deodorant Nonstop 150ml,150ml,£24.00/L,3.60,,
Boots Borehamwood,Deodorant & Antiperspirant,Women's Antiperspirant,Sure Women Bright Antiperspirant Deodorant Nonstop 250ml,250ml,£13.12/L,3.28,4.90,33% off
Boots Borehamwood,Deodorant & Antiperspirant,Women's Antiperspirant,Sure Women Bright Bouquet Antiperspirant Deodorant Roll On 50ml,50ml,£32.00/L,1.60,,
Boots Borehamwood,Deodorant & Antiperspirant,Women's Antiperspirant,Sure Women Cotton Dry Antiperspirant Deodorant Roll On 50ml,50ml,£32.00/L,1.60,,
Boots Borehamwood,Deodorant & Antiperspirant,Women's Deodorant,Sure Women Fresh Citrus 48hr Whole Body Deodorant Stick 50ml,50ml,£120.00/L,6.00,,
Boots Borehamwood,Deodorant & Antiperspirant,Women's Deodorant,Sure Women Fresh Citrus 72hr Whole Body Deodorant Cream 75ml,75ml,£80.00/L,6.00,,
Boots Borehamwood,Deodorant & Antiperspirant,Women's Deodorant,Sure Women Fresh Citrus 72hr Whole Body Deodorant Spray 150ml,150ml,£40.00/L,6.00,,
Boots Borehamwood,Deodorant & Antiperspirant,Women's Antiperspirant,Sure Women Inv Aqua Antiperspirant Deodorant Nonstop 250ml,250ml,£13.12/L,3.28,4.90,33% off
Boots Borehamwood,Deodorant & Antiperspirant,Women's Antiperspirant,Sure Women Inv B&W Antiperspirant Deodorant Nonstop 150ml,150ml,£24.00/L,3.60,,
Boots Borehamwood,Deodorant & Antiperspirant,Women's Antiperspirant,Sure Women Inv Ice Antiperspirant Deodorant Nonstop 150ml,150ml,£24.00/L,3.60,,
Boots Borehamwood,Deodorant & Antiperspirant,Women's Antiperspirant,Sure Women Inv Pure Antiperspirant Deodorant Nonstop 150ml,150ml,£24.00/L,3.60,,
Boots Borehamwood,Deodorant & Antiperspirant,Women's Antiperspirant,Sure Women Invisible Pure Nonstop Protection Antiperspirant Deodorant Stick 50ml,50ml,£80.00/L,4.00,,
Boots Borehamwood,Deodorant & Antiperspirant,Women's Antiperspirant,Sure Women Non Stop Anti Perspirant Invisible Pure 250ml,250ml,£13.12/L,3.28,4.90,33% off
Boots Borehamwood,Deodorant & Antiperspirant,Women's Antiperspirant,Sure Women Non Stop anti perspirant eucalyptus and coconut water 250ml,250ml,£13.12/L,3.28,4.90,33% off
Boots Borehamwood,Deodorant & Antiperspirant,Women's Antiperspirant,Sure Women Non Stop anti perspirant frozen acai and jasmine 250ml,250ml,£13.12/L,3.28,4.90,33% off
Boots Borehamwood,Deodorant & Antiperspirant,Women's Antiperspirant,Sure Women Nonstop Cotton Dry Antiperspirant Deodorant Roll On 50ml,50ml,£46.00/L,2.30,,
Boots Borehamwood,Deodorant & Antiperspirant,Women's Antiperspirant,Sure Women Nonstop Freesia & Water Lily Antiperspirant Deodorant Aerosol 250ml,250ml,£13.12/L,3.28,4.90,33% off
Boots Borehamwood,Deodorant & Antiperspirant,Women's Antiperspirant,Sure Women Nonstop Invisible Aqua Antiperspirant Deodorant Roll On 50ml,50ml,£46.00/L,2.30,,
Boots Borehamwood,Deodorant & Antiperspirant,Men's Deodorant,Sure Women Nonstop Protection Vitality 72hr Deodorant Spray 250 ml,250ml,£13.12/L,3.28,4.90,33% off
Boots Borehamwood,Deodorant & Antiperspirant,Women's Deodorant,Sure Women Rio Coconut 48hr Whole Body Deodorant Stick 50ml,50ml,£120.00/L,6.00,,
Boots Borehamwood,Deodorant & Antiperspirant,Women's Deodorant,Sure Women Rio Coconut 72hr Whole Body Deodorant Spray 150ml,150ml,£40.00/L,6.00,,
Boots Borehamwood,Deodorant & Antiperspirant,Women's Antiperspirant,Sure Women Uplift Antiperspirant Deodorant Nonstop 250ml,250ml,£13.12/L,3.28,4.90,33% off
Boots Borehamwood,Deodorant & Antiperspirant,Women's Deodorant,Sure Women Whole Body deodorant lotion coconut 75ml,75ml,£80.00/L,6.00,,
Boots Borehamwood,Deodorant & Antiperspirant,Women's Deodorant,Sure Women Wild Rose 72hr Whole Body Deodorant Cream 75ml,75ml,£80.00/L,6.00,,
Boots Borehamwood,Deodorant & Antiperspirant,Women's Deodorant,Sure Women Wild Rose 72hr Whole Body Deodorant Spray 150ml,150ml,£40.00/L,6.00,,
Boots Borehamwood,Deodorant & Antiperspirant,Men's Antiperspirant,Triple Dry Anti-Perspirant Deodorant Spray Fresh Fragrance150ml,150ml,£44.00/L,6.60,,
Boots Borehamwood,Deodorant & Antiperspirant,Women's Antiperspirant,Triple Dry Classic Fragrance Free Anti Perspirant Roll On 100 Hours 50ml,50ml,£138.00/L,6.90,,
Boots Borehamwood,Deodorant & Antiperspirant,Women's Antiperspirant,Triple Dry Fresh Fragrance Anti Perspirant Roll On 100 Hours 50ml,50ml,£138.00/L,6.90,,
Boots Borehamwood,Deodorant & Antiperspirant,Men's Antiperspirant,Vaseline Active Fresh Anti-Perspirant Deodorant Aerosol 250ml,250ml,£8.60/L,2.15,,
Boots Borehamwood,Deodorant & Antiperspirant,Men's Antiperspirant,Vaseline Aloe Sensitive Anti-Perspirant Deodorant Aerosol 250ml,250ml,£8.60/L,2.15,,
Boots Borehamwood,Deodorant & Antiperspirant,Men's Antiperspirant,Vichy 48hr 'No Trace' Roll-On Anti-Perspirant For Sensitive Skin 50ml,50ml,£231.00/L,11.55,,
Boots Borehamwood,Deodorant & Antiperspirant,Men's Antiperspirant,Vichy 72hr Stress Resist Roll-On Anti-Perspirant For Sensitive Skin 50ml,50ml,£231.00/L,11.55,,
Boots Borehamwood,Deodorant & Antiperspirant,Men's Antiperspirant,Vichy Clinical Control 96hr Protection Anti-Perspirant Roll On Deodorant 50ml,50ml,£231.00/L,11.55,,
Boots Borehamwood,Deodorant & Antiperspirant,Men's Antiperspirant,Vichy Deodorant 48 Hour Intensive Anti-Perspirant Roll On 50ml,50ml,£210.00/L,10.50,,
Boots Borehamwood,Deodorant & Antiperspirant,Women's Antiperspirant,Wild Antiperspirant Honey & Cactus Roll On Refill 50ml,50ml,£138.00/L,6.90,,
Boots Borehamwood,Deodorant & Antiperspirant,Men's Deodorant,Wild Aqua Case And Fresh Cotton & Sea Salt Deodorant Refill - Starter Pack,,,9.58,14.30,33% off
Boots Borehamwood,Deodorant & Antiperspirant,Women's Deodorant,Wild Cherry Blossom Deo Refill 40g,40g,£172.50/kg,6.90,,
Boots Borehamwood,Deodorant & Antiperspirant,Women's Deodorant,Wild Emma Bridgewater Bee Case and Honey & Cactus Flower Deodorant 40g,40g,£412.50/kg,16.50,,
Boots Borehamwood,Deodorant & Antiperspirant,Men's Deodorant,Wild Fresh Cotton And Sea Salt Deodorant Refill 40g,40g,£172.50/kg,6.90,,
Boots Borehamwood,Deodorant & Antiperspirant,Men's Deodorant,Wild Men's Fresh Cotton & Sea Salt Deodorant Refill 40g,40g,£172.50/kg,6.90,,
Boots Borehamwood,Deodorant & Antiperspirant,Women's Antiperspirant,Dove Advanced Care Go Fresh Anti-Perspirant Deodorant Passion Fruit Scent 50ml,50ml,£69.00/L,3.45,,
Boots Borehamwood,Deodorant & Antiperspirant,Women's Antiperspirant,Dove Anti-Perspirant Aerosol Fresh Care 150ml,150ml,£17.00/L,2.55,,
Boots Borehamwood,Deodorant & Antiperspirant,Women's Antiperspirant,Dove Anti-Perspirant Aerosol Fresh Care 200ml,200ml,£16.50/L,3.30,,
Boots Borehamwood,Deodorant & Antiperspirant,Women's Antiperspirant,Dove Bridgerton Love & Meadows Anti-Perspirant Aerosol 200ml,200ml,£30.00/L,6.00,,
Boots Borehamwood,Deodorant & Antiperspirant,Women's Antiperspirant,Dove Bridgerton Raspberry Rendezvous Anti-Perspirant Aerosol 200ml,200ml,£30.00/L,6.00,,
Boots Borehamwood,Deodorant & Antiperspirant,Women's Antiperspirant,Dove Macadamia & Coconut Anti-Perspirant Refill Pack 35ml,35ml,£230.00/L,8.05,,
Boots Borehamwood,Deodorant & Antiperspirant,Women's Antiperspirant,Dove Men+care Classic Antiperspirant Deodorant Aerosol 150ml,150ml,£17.00/L,2.55,,
Boots Borehamwood,Deodorant & Antiperspirant,Women's Antiperspirant,Dove No. 1 Original Refillable Anti-Perspirant Starter Kit,,,17.60,,
Boots Borehamwood,Deodorant & Antiperspirant,Women's Antiperspirant,Dove Original 72h Anti-Perspirant Refill Pack 35ml,35ml,£230.00/L,8.05,,
Boots Borehamwood,Deodorant & Antiperspirant,Women's Antiperspirant,Dove Peony & Pineapple Refillable Anti-Perspirant Starter Kit,,,17.60,,
Boots Borehamwood,Deodorant & Antiperspirant,Women's Antiperspirant,Dove Violet & Tonka Bean Anti-Perspirant Refill Pack 35ml,35ml,£230.00/L,8.05,,
Boots Borehamwood,Deodorant & Antiperspirant,Women's Antiperspirant,Dove Violet & Tonka Bean Refillable Anti-Perspirant Starter Kit,,,17.60,,
Boots Borehamwood,Deodorant & Antiperspirant,Women's Antiperspirant,Lynx Black Antiperspirant 250ml,250ml,£27.20/L,6.80,,
Boots Borehamwood,Deodorant & Antiperspirant,Women's Antiperspirant,Mitchum Women Powder Fresh Anti-Perspirant & Deodorant 100ml,100ml,£37.50/L,3.75,,
Boots Borehamwood,Deodorant & Antiperspirant,Women's Antiperspirant,Nivea Anti-Perspirant Deodorant Black And White 35ml,35ml,£65.71/L,2.30,,
Boots Borehamwood,Deodorant & Antiperspirant,Women's Antiperspirant,Sure Women Non Stop Eucalyptus and Coconut Water Antiperspirant Deodorant Roll on 50ml,50ml,£46.00/L,2.30,,
Boots Borehamwood,Deodorant & Antiperspirant,Women's Antiperspirant,Wild Antiperspirant Cotton Roll On Refill 50ml,50ml,£138.00/L,6.90,,
Boots Borehamwood,Deodorant & Antiperspirant,Women's Antiperspirant,Wild Cath Kidston Roll On Case + Antiperspirant Coconut & Vanilla Refill 50ml,50ml,£330.00/L,16.50,,
Boots Borehamwood,Deodorant & Antiperspirant,Women's Antiperspirant,Wild Emma Bridgewater Bee Roll On Case + Antiperspirant Honey & Cactus Refill 50ml,50ml,£330.00/L,16.50,,
Boots Borehamwood,Ear & Eye Health,Saline & Contact Lens Solution,Acuvue  Revitalens Multi-Purpose Disinfecting Solution 300ml With Lens Case,,,17.00,,
Boots Borehamwood,Ear & Eye Health,Saline & Contact Lens Solution,Acuvue Revitalens Multi-purpose Disinfecting Solution 100ml with Lens Case,,,8.00,,
Boots Borehamwood,Ear & Eye Health,Ear Drops,Baby Earol Olive Oil Spray - 10ml,10ml,£745.00/L,7.45,,
Boots Borehamwood,Ear & Eye Health,Saline & Contact Lens Solution,Bausch & Lomb Biotrue Multi-Purpose Contact Lens Solution 300ml,300ml,£47.50/L,14.25,,
Boots Borehamwood,Ear & Eye Health,Saline & Contact Lens Solution,Bausch & Lomb Boston Advance Cleaner - 30ml,30ml,£401.67/L,12.05,,
Boots Borehamwood,Ear & Eye Health,Saline & Contact Lens Solution,Bausch & Lomb Boston Advance Cleaning & Conditioning Solutions Multipack,,,55.60,,
Boots Borehamwood,Ear & Eye Health,Saline & Contact Lens Solution,Bausch & Lomb Boston Simplus 120ml,120ml,£90.83/L,10.90,,
Boots Borehamwood,Ear & Eye Health,Eye Drops,Bausch & Lomb Viscotears Tri Action Eye Drops 10ml,10ml,"£1,645.00/L",16.45,,
Boots Borehamwood,Ear & Eye Health,Saline & Contact Lens Solution,Bausch + Lomb Renu Multiplus Contact Lens Cleaning Solution 240ml,240ml,£47.71/L,11.45,,
Boots Borehamwood,Ear & Eye Health,Eye Drops,Blepha Eye Bag Warming Eye Mask,,,21.95,,
Boots Borehamwood,Ear & Eye Health,Eye Wash & Eyelid Care,Blephaclean Plastic Free Daily Eyelid Individual Sterile Cleansing Wipes 20 Pack,20pk,£0.60 each,12.05,,
Boots Borehamwood,Ear & Eye Health,Eye Wash & Eyelid Care,Blephagel Eyelid Hygiene Gel 30g,30g,£566.67/kg,17.00,,
Boots Borehamwood,Ear & Eye Health,Eye Wash & Eyelid Care,Blephasol Micelle Lotion - 100ml,100ml,£142.50/L,14.25,,
Boots Borehamwood,Ear & Eye Health,Eye Drops,Blink Contacts Soothing Eye Drops - 10ml,10ml,£455.00/L,4.55,,
Boots Borehamwood,Ear & Eye Health,Eye Drops,Blink Intensive Soothing Eye Drops - 20x0.4ml,20pk,£0.46 each,9.15,,
Boots Borehamwood,Ear & Eye Health,Eye Drops,Blink Intensive Tears Plus Liquid Gel Eye Drops - 10ml,10ml,£685.00/L,6.85,,
Boots Borehamwood,Ear & Eye Health,Eye Drops,Blink Intensive Tears Soothing Eye Drops - 10ml,10ml,£570.00/L,5.70,,
Boots Borehamwood,Ear & Eye Health,Eye Drops,Blink Intensive Triple Action Eye Drops,10ml,"£1,205.00/L",12.05,,
Boots Borehamwood,Ear & Eye Health,Preservative Free Eye Drops,Blink Ultra Hydration Preservative Free Eye Drops 10ml,10ml,"£2,195.00/L",21.95,,
Boots Borehamwood,Ear & Eye Health,Saline & Contact Lens Solution,Boots Advanced Multi-Purpose Contact Lens Care Solution For Soft & Hard Lenses - 360ml,360ml,£33.31/L,11.99,,
Boots Borehamwood,Ear & Eye Health,Glasses & Accessories,Boots Alex Reading Glasses 1.5,,,10.00,,
Boots Borehamwood,Ear & Eye Health,Glasses & Accessories,Boots Alex Reading Glasses 2.0,,,10.00,,
Boots Borehamwood,Ear & Eye Health,Glasses & Accessories,Boots Alex Reading Glasses 2.5,,,10.00,,
Boots Borehamwood,Ear & Eye Health,Glasses & Accessories,Boots Alex Reading Glasses 3.0,,,10.00,,
Boots Borehamwood,Ear & Eye Health,Eye Drops,Boots Brightening Eyes Eye Drops 10ml,10ml,£299.00/L,2.99,,
Boots Borehamwood,Ear & Eye Health,Saline & Contact Lens Solution,Boots Contact Lens Case,,,3.49,,
Boots Borehamwood,Ear & Eye Health,Eye Drops,Boots Contact Lens Eye Drops 10ml,10ml,£299.00/L,2.99,,
Boots Borehamwood,Ear & Eye Health,Ear Drops,Boots Dual Action Ear Wax Remover - 12ml,12ml,£441.67/L,5.30,,
Boots Borehamwood,Ear & Eye Health,Saline & Contact Lens Solution,Boots Everyday Saline Solution For All Contact Lens Types - 100ml Travel Pack,100ml,£19.90/L,1.99,,
Boots Borehamwood,Ear & Eye Health,Saline & Contact Lens Solution,Boots Everyday Saline Solution For All Contact Lens Types - 360ml,360ml,£6.92/L,2.49,,
Boots Borehamwood,Ear & Eye Health,Eye Drops,Boots Eye Drops Dry & Irritated Eyes 10ml,10ml,£399.00/L,3.99,,
Boots Borehamwood,Ear & Eye Health,Eye Wash & Eyelid Care,Boots Eye Mist - Dry & Irritated Eyes Preservative Free 15ml,15ml,£866.00/L,12.99,,
Boots Borehamwood,Ear & Eye Health,Eye Wash & Eyelid Care,Boots Eye Wash With Eye Bath - 300ml,300ml,£21.63/L,6.49,,
Boots Borehamwood,Ear & Eye Health,Eye Wash & Eyelid Care,Boots Eye Wash With Eye Bath 100ml,100ml,£39.90/L,3.99,,
Boots Borehamwood,Ear & Eye Health,Glasses & Accessories,Boots Glasses Case - Black,,,4.99,,
Boots Borehamwood,Ear & Eye Health,Glasses & Accessories,Boots Glasses Cord Black,,,2.99,,
Boots Borehamwood,Ear & Eye Health,Glasses & Accessories,Boots Graham Reading Glasses 1.5,,,10.00,,
Boots Borehamwood,Ear & Eye Health,Glasses & Accessories,Boots Graham Reading Glasses 2.0,,,10.00,,
Boots Borehamwood,Ear & Eye Health,Glasses & Accessories,Boots Graham Reading Glasses 2.5,,,10.00,,
Boots Borehamwood,Ear & Eye Health,Glasses & Accessories,Boots Graham Reading Glasses 3.0,,,10.00,,
Boots Borehamwood,Ear & Eye Health,Glasses & Accessories,Boots Graham Reading Glasses 3.5,,,10.00,,
Boots Borehamwood,Ear & Eye Health,Eye Drops,Boots Hypromellose 0.3 Percent Eye Drops 10ml,10ml,£399.00/L,3.99,,
Boots Borehamwood,Ear & Eye Health,Preservative Free Eye Drops,Boots Intensive Dry & Irritated Eyes Preservative Free Eye Drops 10ml,10ml,"£1,049.00/L",10.49,,
Boots Borehamwood,Ear & Eye Health,Eye Drops,Boots Itchy & Watery Eyes Eye Drops 10ml,10ml,£449.00/L,4.49,,
Boots Borehamwood,Ear & Eye Health,Glasses & Accessories,Boots Jurnee Reading Glasses 1.5,,,15.00,,
Boots Borehamwood,Ear & Eye Health,Glasses & Accessories,Boots Jurnee Reading Glasses 2.0,,,15.00,,
Boots Borehamwood,Ear & Eye Health,Glasses & Accessories,Boots Jurnee Reading Glasses 2.5,,,15.00,,
Boots Borehamwood,Ear & Eye Health,Glasses & Accessories,Boots Jurnee Reading Glasses 3.0,,,15.00,,
Boots Borehamwood,Ear & Eye Health,Glasses & Accessories,Boots Jurnee Reading Glasses 3.5,,,15.00,,
Boots Borehamwood,Ear & Eye Health,Saline & Contact Lens Solution,Boots Lens Spray 120ml,120ml,£33.25/L,3.99,,
Boots Borehamwood,Ear & Eye Health,Saline & Contact Lens Solution,Boots Multi-Purpose Contact Lens Care Solution For Soft Lenses - 100ml Travel Pack,100ml,£24.90/L,2.49,,
Boots Borehamwood,Ear & Eye Health,Saline & Contact Lens Solution,Boots Multi-Purpose Contact Lens Care Solution For Soft Lenses - 250ml,250ml,£17.96/L,4.49,,
Boots Borehamwood,Ear & Eye Health,Saline & Contact Lens Solution,Boots Multi-Purpose Contact Lens Care Solution For Soft Lenses - 360ml,360ml,£18.03/L,6.49,,
Boots Borehamwood,Ear & Eye Health,Ear Drops,Boots Olive Oil Ear Spray 10ml,10ml,£580.00/L,5.80,,
Boots Borehamwood,Ear & Eye Health,Eye Wash & Eyelid Care,Boots Pharmaceuticals Blepharitis Eye Lid Foam - 100 ml,100ml,£94.90/L,9.49,,
Boots Borehamwood,Ear & Eye Health,Ear Drops,Boots Pharmaceuticals Eye Mist For Dry & Irritated Eyes - 10ml,10ml,"£1,149.00/L",11.49,,
Boots Borehamwood,Ear & Eye Health,Preservative Free Eye Drops,Boots Pharmaceuticals Preservative Free Dry Eyes Single Dose Eye Drops,10ml,£649.00/L,6.49,,
Boots Borehamwood,Ear & Eye Health,Glasses & Accessories,Boots Plastic Free Lens Wipes 20s,20pk,£0.12 each,2.49,,
Boots Borehamwood,Ear & Eye Health,Glasses & Accessories,Boots Plastic Free Lens Wipes 50s,50pk,£0.08 each,3.99,,
Boots Borehamwood,Ear & Eye Health,Glasses & Accessories,Boots Ryan Reading Glasses 1.5,,,15.00,,
Boots Borehamwood,Ear & Eye Health,Glasses & Accessories,Boots Ryan Reading Glasses 2.0,,,15.00,,
Boots Borehamwood,Ear & Eye Health,Glasses & Accessories,Boots Ryan Reading Glasses 2.5,,,15.00,,
Boots Borehamwood,Ear & Eye Health,Glasses & Accessories,Boots Ryan Reading Glasses 3.0,,,15.00,,
Boots Borehamwood,Ear & Eye Health,Glasses & Accessories,Boots Ryan Reading Glasses 3.5,,,15.00,,
Boots Borehamwood,Ear & Eye Health,Glasses & Accessories,Boots Slip Silk Eye Mask,,,12.00,,
Boots Borehamwood,Ear & Eye Health,Saline & Contact Lens Solution,Boston Advance Conditioning Solution 120ml,120ml,£100.42/L,12.05,,
Boots Borehamwood,Ear & Eye Health,Ear Drops,Cerumol Olive Oil Ear Drops - 10ml,10ml,£550.00/L,5.50,,
Boots Borehamwood,Ear & Eye Health,Ear Drops,Cl-Ear Olive Oil Ear Spray 20ml,20ml,£457.50/L,9.15,,
Boots Borehamwood,Ear & Eye Health,Ear Drops,Cl-Ear Pain Relief Ear Drops 7g,7g,"£1,514.29/kg",10.60,,
Boots Borehamwood,Ear & Eye Health,Ear Drops,Earol Olive Oil Spray - 10ml,10ml,£745.00/L,7.45,,
Boots Borehamwood,Ear & Eye Health,Glasses & Accessories,Fg & Co Premium Reading Glasses Camden 1.5,,,26.25,,
Boots Borehamwood,Ear & Eye Health,Glasses & Accessories,Fg & Co Premium Reading Glasses Camden 2.0,,,26.25,,
Boots Borehamwood,Ear & Eye Health,Glasses & Accessories,Fg & Co Premium Reading Glasses Camden 2.5,,,26.25,,
Boots Borehamwood,Ear & Eye Health,Glasses & Accessories,Fg & Co Premium Reading Glasses Dalton 1.5,,,26.25,,
Boots Borehamwood,Ear & Eye Health,Glasses & Accessories,Fg & Co Premium Reading Glasses Dalton 2.0,,,26.25,,
Boots Borehamwood,Ear & Eye Health,Glasses & Accessories,Fg & Co Premium Reading Glasses Dalton 2.5,,,26.25,,
Boots Borehamwood,Ear & Eye Health,Glasses & Accessories,Fg & Co Premium Reading Glasses Dalton 3.0,,,26.25,,
Boots Borehamwood,Ear & Eye Health,Glasses & Accessories,Fg & Co Premium Reading Glasses Dalton 3.5,,,26.25,,
Boots Borehamwood,Ear & Eye Health,Glasses & Accessories,Fg & Co Premium Reading Glasses Mckay 1.5,,,26.25,,
Boots Borehamwood,Ear & Eye Health,Glasses & Accessories,Fg & Co Premium Reading Glasses Mckay 2.0,,,26.25,,
Boots Borehamwood,Ear & Eye Health,Glasses & Accessories,Fg & Co Premium Reading Glasses Mckay 2.5,,,26.25,,
Boots Borehamwood,Ear & Eye Health,Glasses & Accessories,Fg & Co Premium Reading Glasses Mckay 3.0,,,26.25,,
Boots Borehamwood,Ear & Eye Health,Glasses & Accessories,Fg & Co Premium Reading Glasses Mckay 3.5,,,26.25,,
Boots Borehamwood,Ear & Eye Health,Preservative Free Eye Drops,Hyabak Dry Eye Drops for Daily Eye Care Preservative and Phosphate Free 10ml,10ml,"£1,315.00/L",13.15,,
Boots Borehamwood,Ear & Eye Health,Eye Wash & Eyelid Care,Hycosan & Optase Dry Eye Kit,,,30.40,,
Boots Borehamwood,Ear & Eye Health,Eye Drops,Hycosan Dual Lubricating Eye Drops - 7.5ml,7ml,"£2,507.14/L",17.55,,
Boots Borehamwood,Ear & Eye Health,Preservative Free Eye Drops,Hycosan Extra Preservative Free Eye Drops - 7.5ml,7ml,"£1,878.57/L",13.15,,
Boots Borehamwood,Ear & Eye Health,Preservative Free Eye Drops,Hycosan Fresh Preservative Free Eye Drops - 7.5ml,7ml,"£1,635.71/L",11.45,,
Boots Borehamwood,Ear & Eye Health,Eye Drops,Hycosan Intense Eye Drops - 7.5ml,7ml,"£2,742.86/L",19.20,,
Boots Borehamwood,Ear & Eye Health,Preservative Free Eye Drops,"Hycosan Night - Soothing Relief And Protection Against Dry, Tired And Burning Eyes While You Sleep - Preservative Free",5g,"£1,720.00/kg",8.60,,
Boots Borehamwood,Ear & Eye Health,Preservative Free Eye Drops,Hycosan Plus Preservative Free Eye Drops - 7.5ml,7ml,"£2,035.71/L",14.25,,
Boots Borehamwood,Ear & Eye Health,Preservative Free Eye Drops,Hycosan Preservative Free Eye Drops - 7.5ml,7ml,"£1,642.86/L",11.50,,
Boots Borehamwood,Ear & Eye Health,Eye Drops,Hycosan Shield Eye Drops 3ml,,,21.95,,
Boots Borehamwood,Ear & Eye Health,Ear Drops,Neilmed Suavear Earwax Removal Aid - Carbamide Peroxide 6.5%,,,12.05,,
Boots Borehamwood,Ear & Eye Health,Eye Drops,Optase Allergy Eye Drops 20 x 0.5ml,10ml,"£1,425.00/L",14.25,,
Boots Borehamwood,Ear & Eye Health,Saline & Contact Lens Solution,Optase Comfort Contact Lens Eye Drop 20 Pack,8ml,"£1,143.75/L",9.15,,
Boots Borehamwood,Ear & Eye Health,Eye Wash & Eyelid Care,Optase Cooling Eye Mask,,,12.05,,
Boots Borehamwood,Ear & Eye Health,Eye Wash & Eyelid Care,Optase Eye Spray - Preservative Free 17ml,17ml,"£1,032.35/L",17.55,,
Boots Borehamwood,Ear & Eye Health,Eye Wash & Eyelid Care,Optase Eyelid Gel 50ml,50ml,£285.00/L,14.25,,
Boots Borehamwood,Ear & Eye Health,Eye Wash & Eyelid Care,Optase Manuka Oil Eyelid Wipes 30s,30pk,£0.44 each,13.10,,
Boots Borehamwood,Ear & Eye Health,Eye Wash & Eyelid Care,Optase Protect Triple Act Eye Clean Spr 100ml,100ml,£114.50/L,11.45,,
Boots Borehamwood,Ear & Eye Health,Saline & Contact Lens Solution,Opti-Free Puremoist Multi-Purpose Disinfecting Solution Travel Pack - 90ml,90ml,£114.44/L,10.30,,
Boots Borehamwood,Ear & Eye Health,Saline & Contact Lens Solution,Opti-Free Replenish Multi-Purpose Disinfecting Solution - 300ml,300ml,£47.50/L,14.25,,
Boots Borehamwood,Ear & Eye Health,Eye Wash & Eyelid Care,Optrex Actimist 2In1 Eye Spray For Itchy & Watery Eyes 10ml,10ml,"£1,535.00/L",15.35,,
Boots Borehamwood,Ear & Eye Health,Eye Drops,Optrex Actimist Double Action Spray Dry Irritated Eyes - 10ml,10ml,"£1,535.00/L",15.35,,
Boots Borehamwood,Ear & Eye Health,Eye Drops,Optrex Dazzling Brightening Eye Drops For Dull Eyes 10ml,10ml,£690.00/L,6.90,,
Boots Borehamwood,Ear & Eye Health,Eye Drops,Optrex Double Action Dry Drops10ml,10ml,"£1,260.00/L",12.60,,
Boots Borehamwood,Ear & Eye Health,Eye Drops,Optrex Double Action Itchy Drops 10ml,10ml,"£1,260.00/L",12.60,,
Boots Borehamwood,Ear & Eye Health,Eye Drops,Optrex Moisturising Dry Eye Drops 10ml,10ml,£690.00/L,6.90,,
Boots Borehamwood,Ear & Eye Health,Eye Wash & Eyelid Care,Optrex Multi Action Eye Wash 100ml,100ml,£64.00/L,6.40,,
Boots Borehamwood,Ear & Eye Health,Eye Wash & Eyelid Care,Optrex Multi Action Eye Wash 300ml,300ml,£31.67/L,9.50,,
Boots Borehamwood,Ear & Eye Health,Eye Drops,Optrex Refreshing Eye Drops for Tired Eyes 10ml,10ml,£710.00/L,7.10,,
Boots Borehamwood,Ear & Eye Health,Eye Drops,Optrex Soothing Eye Drops For Itchy Eyes 10ml,10ml,£675.00/L,6.75,,
Boots Borehamwood,Ear & Eye Health,Ear Drops,Otex Express Combi Pack -10ml,10ml,"£1,085.00/L",10.85,,
Boots Borehamwood,Ear & Eye Health,Ear Drops,Otex Express Ear Drops - 10ml,10ml,£720.00/L,7.20,,
Boots Borehamwood,Ear & Eye Health,Ear Drops,Otex Olive Oil Ear Drops 10ml,10ml,£540.00/L,5.40,,
Boots Borehamwood,Ear & Eye Health,Ear Drops,Otex Olive Oil Earwax Spray 10ml,10ml,£745.00/L,7.45,,
Boots Borehamwood,Ear & Eye Health,Saline & Contact Lens Solution,Renuadvanced Multi-Purpose Solution - 360ml,360ml,£39.58/L,14.25,,
Boots Borehamwood,Ear & Eye Health,Preservative Free Eye Drops,Systane Preservative  Free Eye Drops Ultra 10ml,10ml,"£1,315.00/L",13.15,,
Boots Borehamwood,Ear & Eye Health,Eye Drops,Systane Ultra Lubricant Eye Drops - 10ml,10ml,"£1,260.00/L",12.60,,
Boots Borehamwood,Ear & Eye Health,Eye Drops,Systane Ultra Unit Dose 0.7ml30 Pack,30pk,£0.46 each,13.70,,
Boots Borehamwood,Ear & Eye Health,Eye Wash & Eyelid Care,The Eye Doctor Biodegradable Eyelid Wipes 40 Pack,40pk,£0.30 each,12.10,,
Boots Borehamwood,Ear & Eye Health,Eye Wash & Eyelid Care,The Eye Doctor Biodegrade Baby Eyelid Wipes x 20,20pk,£0.35 each,6.90,,
Boots Borehamwood,Ear & Eye Health,Eye Wash & Eyelid Care,The Eye Doctor Tea Tree Wipes 20 Pack,20pk,£0.55 each,10.90,,
Boots Borehamwood,Ear & Eye Health,Eye Wash & Eyelid Care,The Eyelid Wipe - 20 Individual Lid Wipes,20pk,£0.37 each,7.45,,
Boots Borehamwood,Ear & Eye Health,Eye Drops,Thealoz Duo Dry Eye Drops 10ml,10ml,"£1,700.00/L",17.00,,
Boots Borehamwood,Ear & Eye Health,Eye Drops,Theratears Dry Or Tired 5 In 1 Eye Drops 10ml,10ml,£685.00/L,6.85,,
Boots Borehamwood,Ear & Eye Health,Eye Drops,Theratears Dry Or Tired 50+ 5 In 1 Eye Drops 10ml,10ml,"£1,260.00/L",12.60,,
Boots Borehamwood,Ear & Eye Health,Eye Drops,"Theratears Irritation & Redness 5 In 1 Eye Drops, 10ml",10ml,£685.00/L,6.85,,
Boots Borehamwood,Ear & Eye Health,Eye Wash & Eyelid Care,Viz Opti Dry Eyes Eye Mist 10ml,10ml,"£1,315.00/L",13.15,,
Boots Borehamwood,Ear & Eye Health,Preservative Free Eye Drops,Viz Opti Preservative-Free Dry Eyes Eye Drops -10ml,10ml,"£1,145.00/L",11.45,,
Boots Borehamwood,Ear & Eye Health,Glasses & Accessories,Zeiss Anti-Bacterial Lens Wipes 30 Pack,30pk,£0.19 each,5.70,,
Boots Borehamwood,Ear & Eye Health,Glasses & Accessories,Zeiss Lens Wipes,30pk,£0.15 each,4.55,,
Boots Borehamwood,Electrical & Batteries,Electric Shavers & Trimmers,Babyliss For Men 10 In 1 Grooming System 7053U/7056U,,,24.15,,
Boots Borehamwood,Electrical & Batteries,Electric Shavers & Trimmers,Babyliss Lithium Beard Trimmer,,,52.50,,
Boots Borehamwood,Electrical & Batteries,Electric Shavers & Trimmers,Babyliss Lithium Power 11-In-1 Multi Trimmer,,,63.00,,
Boots Borehamwood,Electrical & Batteries,Electric Shavers & Trimmers,Babyliss Super-X Metal Beard & Stubble Trimmer,,,105.00,,
Boots Borehamwood,Electrical & Batteries,Electric Shavers & Trimmers,Babyliss Super-X Metal Series Cordless Hair Clipper,,,125.95,,
Boots Borehamwood,Electrical & Batteries,Electric Shavers & Trimmers,Babyliss Xtp Super Clipper,,,94.50,,
Boots Borehamwood,Electrical & Batteries,Electric Shavers & Trimmers,Boots Hair & Beard Trimmer,,,14.99,,
Boots Borehamwood,Electrical & Batteries,Electric Shavers & Trimmers,Boots Lady Shaver,,,14.99,,
Boots Borehamwood,Electrical & Batteries,Electric Shavers & Trimmers,Boots Mens Shaver,,,19.99,,
Boots Borehamwood,Electrical & Batteries,Electric Shavers & Trimmers,Boots Nose & Ear Trimmer,,,6.99,,
Boots Borehamwood,Electrical & Batteries,Electric Shavers & Trimmers,"Braun All-In-One Kit Series 5, 11In1 Grooming, Sharp Blade, Body Trim, AIO5560, Grey",,,70.85,,
Boots Borehamwood,Electrical & Batteries,Electric Shavers & Trimmers,"Braun All-In-One Kit Series 5, 7In1 Grooming, Sharp Blade, Body Trimmer, AIO5520, Grey",,,62.95,,
Boots Borehamwood,Electrical & Batteries,Electric Shavers & Trimmers,"Braun Beard Trimmer Series 3, +2 Styling Tools, 20 Lengths, Sharp Blade, Bt3500, Black",,,31.45,,
Boots Borehamwood,Electrical & Batteries,Electric Shavers & Trimmers,"Braun Beard Trimmer Series 5, +2 Styling Tools, 20 Lengths, Sharp Blade, Bt5500, Black",,,59.80,,
Boots Borehamwood,Electrical & Batteries,Electric Shavers & Trimmers,"Braun Beard Trimmer Series 5, +8 Styling Tools, 40 Lengths, Sharp Blade, Bt5560, Black",,,70.85,,
Boots Borehamwood,Electrical & Batteries,Electric Shavers & Trimmers,"Braun Beard Trimmer Series 7, +10 Barbering Tools, 40 Lengths, Problade, BT7540, Blue",,,94.45,,
Boots Borehamwood,Electrical & Batteries,Electric Shavers & Trimmers,"Braun Beard Trimmer Series 9, +12 Barbering Tools, 52 Lengths, Problade, BT9560, Chrome",,,141.70,,
Boots Borehamwood,Electrical & Batteries,Electric Shavers & Trimmers,Braun Series 3 All In One Hair & Beard Trimmer - 4 Attachments,,,31.45,,
Boots Borehamwood,Electrical & Batteries,Electric Shavers & Trimmers,"Braun Series 3+ Electric Shaver, Precision Trimmer, Wet & Dry, 3040S, Blue",,,125.95,,
Boots Borehamwood,Electrical & Batteries,Electric Shavers & Trimmers,"Braun Series 5 Electric Shaver, Precision Trimmer Attachment, Cordless, Wet & Dry Razor For Men, 52-N1200S, Black",,,157.45,,
Boots Borehamwood,Electrical & Batteries,Electric Shavers & Trimmers,"Braun Series 5 Electric Shaver, Up To 50 Min, Cordless, Wet & Dry Razor For Men, 100% Waterproof, 52-A1000S, Azure",,,142.75,,
Boots Borehamwood,Electrical & Batteries,Electric Shavers & Trimmers,Braun Series 5 Shaver 52-b7000cc,,,209.95,,
Boots Borehamwood,Electrical & Batteries,Electric Shavers & Trimmers,"Braun Series 9 Pro+ Electric Shaver, 5+1 Ultra Thin Precision Blades, Pro Sensoadapt, 6In1 Smartcare, 9667Cc, Silver",,,587.95,,
Boots Borehamwood,Electrical & Batteries,Electric Shavers & Trimmers,Braun Shaver 310Bt,,,70.85,,
Boots Borehamwood,Electrical & Batteries,Electric Shavers & Trimmers,Braun Shaver Series 3 310S,,,62.95,,
Boots Borehamwood,Electrical & Batteries,Electric Shavers & Trimmers,"Braun Silk-Epil 5, Epilator For Easy Hair Removal, Lasting Smooth Skin, 5-000",,,52.45,,
Boots Borehamwood,Electrical & Batteries,Electric Shavers & Trimmers,"Braun Silk-Epil 9 Flex, Epilator For Easy Hair Removal, 9-041 3D",,,314.95,,
Boots Borehamwood,Electrical & Batteries,Electric Shavers & Trimmers,Gillette Labs i3 Body + Intimate Hair Trimmer,,,31.48,62.95,50% off
Boots Borehamwood,Electrical & Batteries,Electric Shavers & Trimmers,Jml Maxilisse Head Shaver Grooming Tool,,,52.45,,
Boots Borehamwood,Electrical & Batteries,Electric Shavers & Trimmers,Jml Nu You Body and Face Hair Remover,,,21.95,,
Boots Borehamwood,Electrical & Batteries,Electric Shavers & Trimmers,King C. Gillette Cordless Beard Trimmer Hair Clipper Kit With 3 Interchangeable Combs,,,37.80,,
Boots Borehamwood,Electrical & Batteries,Electric Shavers & Trimmers,Magnitone Go Bare Rechargeable Pink Mini Lady Shaver,,,31.45,,
Boots Borehamwood,Electrical & Batteries,Electric Shavers & Trimmers,"Manscaped The Beard Hedger Essentials Kit, Cordless Beard Trimmer, Beard Shampoo & Conditioner, Comb & Scissors",,,131.25,,
Boots Borehamwood,Electrical & Batteries,Electric Shavers & Trimmers,Manscaped The Chairman Plus Essentials Kit (Includes Face Shave Soother 28ml),,,94.45,,
Boots Borehamwood,Electrical & Batteries,Electric Shavers & Trimmers,Manscaped The Dome Shaver Plus Essentials Kit (Includes The Dome Soother 118.3ml),,,94.45,,
Boots Borehamwood,Electrical & Batteries,Electric Shavers & Trimmers,"Manscaped The Lawn Mower 3.0 Plus Essentials Kit, Electric Body Hair Trimmer Shaving Set",,,73.50,,
Boots Borehamwood,Electrical & Batteries,Electric Shavers & Trimmers,"Manscaped The Lawn Mower 5.0 Ultra Essentials Kit, Electric Body Hair Trimmer Shaving Set",,,115.50,,
Boots Borehamwood,Electrical & Batteries,Electric Shavers & Trimmers,Nu You Facial Hair Remover,,,16.45,,
Boots Borehamwood,Electrical & Batteries,Electric Shavers & Trimmers,Nu You Facial Hair Remover Rechargeable,,,21.95,,
Boots Borehamwood,Electrical & Batteries,Electric Shavers & Trimmers,Nu You Pedi Roller,,,21.95,,
Boots Borehamwood,Electrical & Batteries,Electric Shavers & Trimmers,Philips 3000 Multigroom 7-in-1 Hair & Beard Trimmer Mg3920/15,,,26.20,,
Boots Borehamwood,Electrical & Batteries,Electric Shavers & Trimmers,Philips 5000 Multigroom 11-in-1 Hair & Beard Trimmer Mg5941/15,,,68.20,,
Boots Borehamwood,Electrical & Batteries,Electric Shavers & Trimmers,Philips 5000 Series Shaver Carbon Grey S5887/10,,,188.95,,
Boots Borehamwood,Electrical & Batteries,Electric Shavers & Trimmers,Philips 7000 Multigroom 17-in-1 Hair & Beard Trimmer Mg7951/15,,,94.45,,
Boots Borehamwood,Electrical & Batteries,Electric Shavers & Trimmers,Philips 9000 Multigroom 20-in-1 Hair & Beard Trimmer Mg9558/15,,,136.45,,
Boots Borehamwood,Electrical & Batteries,Electric Shavers & Trimmers,"Philips Beard Trimmer 5000 Series, Self-Sharpening Blades, Beardsense Technology, Bt5775/15",,,68.20,,
Boots Borehamwood,Electrical & Batteries,Electric Shavers & Trimmers,"Philips Epilator 2000 Series, Bre227/00",,,52.45,,
Boots Borehamwood,Electrical & Batteries,Electric Shavers & Trimmers,"Philips Epilator 4000 Series, Bre257/00",,,94.45,,
Boots Borehamwood,Electrical & Batteries,Electric Shavers & Trimmers,Philips Facial Lady Shaver Hair Remover 5000 Series - Brr454/00,,,26.20,,
Boots Borehamwood,Electrical & Batteries,Electric Shavers & Trimmers,Philips Lady Shave Series 6000 Electric Lady Shaver BRL138/00,,,62.95,,
Boots Borehamwood,Electrical & Batteries,Electric Shavers & Trimmers,Philips Lady Shave Series 8000 BRL159/00,,,94.45,,
Boots Borehamwood,Electrical & Batteries,Electric Shavers & Trimmers,Philips Ladyshave 6000 Series Wet & Dry Cordless Lady Shaver With Accessory Brl127/00,,,41.95,,
Boots Borehamwood,Electrical & Batteries,Electric Shavers & Trimmers,"Philips Lumea 8000 Series, Ipl Hair Removal Device: Pen Trimmer, 4 Attachments Body, Face, Bikini & Underarms, Bri949/00",,,535.45,,
Boots Borehamwood,Electrical & Batteries,Electric Shavers & Trimmers,"Philips Men's Cordless Travel Electric Shaver, PP206/18",,,20.85,,
Boots Borehamwood,Electrical & Batteries,Electric Shavers & Trimmers,Philips Oneblade 360 For Face And Body QP2834/23,,,52.45,,
Boots Borehamwood,Electrical & Batteries,Electric Shavers & Trimmers,"Philips Oneblade 360, 2 Replacement Blades, 1 Body Kit - Qp624/50",,,27.25,,
Boots Borehamwood,Electrical & Batteries,Electric Shavers & Trimmers,Philips Oneblade Intimate Blades 2s,2pk,£14.68 each,29.35,,
Boots Borehamwood,Electrical & Batteries,Electric Shavers & Trimmers,"Philips Oneblade Pro 360 Beard Trimmer For Face & Body With 14In1 Adjustable Comb, & Extra 360 Blade - QP6542/15",,,62.95,,
Boots Borehamwood,Electrical & Batteries,Electric Shavers & Trimmers,"Philips Oneblade Pro 360 With 20-In-1 Adjustable Comb, Charging Stand, Travel Case & Extra 360 Blade - QP6652/61",,,104.95,,
Boots Borehamwood,Electrical & Batteries,Electric Shavers & Trimmers,Philips Series 3000 Nose Trimmer NT3650/16,,,18.65,,
Boots Borehamwood,Electrical & Batteries,Electric Shavers & Trimmers,"Philips Series 5000 Battery-Operated Nose, Ear And Eyebrow Trimmer - NT5650/16",,,26.20,,
Boots Borehamwood,Electrical & Batteries,Electric Shavers & Trimmers,Philips Series 5000 Shaver Wet & Dry 360 Flexible Head & Self Sharpening Blades S5467/17,,,157.45,,
Boots Borehamwood,Electrical & Batteries,Electric Shavers & Trimmers,Philips Series 5000 Washable Hair Clipper With Barber Kit HC5632/13,,,57.70,,
Boots Borehamwood,Electrical & Batteries,Electric Shavers & Trimmers,"Philips Series 7000 Wet & Dry Electric Shaver With Pop-Up Trimmer, Travel Case, Charging Stand S7887/35.",,,314.95,,
Boots Borehamwood,Electrical & Batteries,Electric Shavers & Trimmers,Philips Shaver I9000 Prestige Ultra 5 Modes Xp9400/31,,,682.45,,
Boots Borehamwood,Electrical & Batteries,Electric Shavers & Trimmers,"Philips Shaver I9000 Prestige, Wet & Dry Electric Shaver, Skin IQ, Lift & Cut, 360 Precision Razor Blades, XP9204/10",,,524.95,,
Boots Borehamwood,Electrical & Batteries,Electric Shavers & Trimmers,Philips Wet & Dry Electric Shaver Series 3000 With 5D Flex & Pivot Heads And Pop-Up Trimmer S3144/00,,,125.95,,
Boots Borehamwood,Electrical & Batteries,Electric Shavers & Trimmers,"Philips Wet & Dry Electric Shaver Series 3000 With 5D Flex & Pivot Heads, Travel Pouch And Pop-Up Trimmer S3244/12",,,146.95,,
Boots Borehamwood,Electrical & Batteries,Electric Shavers & Trimmers,"Philips Wet & Dry Electric Shaver Series 3000X With 27 Powercut Blades, 4D Flex Heads And Pop-Up Trimmer X3002/00",,,57.70,,
Boots Borehamwood,Electrical & Batteries,Electric Shavers & Trimmers,"Philips Wet & Dry Electric Shaver Series 5000 With Pop-Up Trimmer, Travel Case, Nose Trimmer And Led Display S5889/11",,,241.45,,
Boots Borehamwood,Electrical & Batteries,Electric Shavers & Trimmers,"Philips Wet & Dry Electric Shaver Series 5000 With Pop-Up Trimmer, Travel Case, Quick-Clean Pod & Led Display S5880/50",,,262.45,,
Boots Borehamwood,Electrical & Batteries,Electric Shavers & Trimmers,Philips Wet & Dry Electric Shaver Series 5000X With 360-D Flex Heads X5006/00,,,178.45,,
Boots Borehamwood,Electrical & Batteries,Electric Shavers & Trimmers,Phillips Head Shaver Pro 5000 Series Hs5980/15,,,83.95,,
Boots Borehamwood,Electrical & Batteries,Electric Shavers & Trimmers,Remington Balder Head and Beard Rotary Shaver,,,94.45,,
Boots Borehamwood,Electrical & Batteries,Electric Shavers & Trimmers,Remington Barba Beard Trimmer,,,34.60,,
Boots Borehamwood,Electrical & Batteries,Electric Shavers & Trimmers,Remington F2 Foil Shaver,,,26.20,,
Boots Borehamwood,Electrical & Batteries,Electric Shavers & Trimmers,Remington Nanoseries Nose And Ear Trimmer NE3850,,,13.15,,
Boots Borehamwood,Electrical & Batteries,Electric Shavers & Trimmers,Venus Blades For Pubic Hair And Skin 4 Pack,4pk,£1.78 each,7.13,14.25,50% off
Boots Borehamwood,Electrical & Batteries,Electric Shavers & Trimmers,"Venus Mini Facial Hair Remover, Portable Electric Shaver",,,28.35,,
Boots Borehamwood,Electrical & Batteries,Electric Shavers & Trimmers,"Wahl Clipper Kit Cord/Cordless, Black",,,23.05,,
Boots Borehamwood,Electrical & Batteries,Electric Shavers & Trimmers,Wahl Clipper Kit Cordless Colour Pro,,,38.80,,
Boots Borehamwood,Electrical & Batteries,Electric Shavers & Trimmers,Wahl Clipper Kit Homepro Basic,,,14.25,,
Boots Borehamwood,Electrical & Batteries,Electric Shavers & Trimmers,Wahl Clipper Kit Rapid Clip Lithium,,,52.45,,
Boots Borehamwood,Electrical & Batteries,Electric Shavers & Trimmers,Wahl Self Clip 360 Hair Clipper,,,73.45,,
Boots Borehamwood,Electrical & Batteries,Electric Shavers & Trimmers,Wahl Trimmer Kit Multigroomer Aqua Blade,,,110.20,,
Boots Borehamwood,Electrical & Batteries,Electric Toothbrushes & Flossers,Boots Rotating Brush Replacement Heads 2 Pack,2pk,£2.75 each,5.50,,
Boots Borehamwood,Electrical & Batteries,Electric Toothbrushes & Flossers,Oral-B Io Gentle Care Toothbrush Heads 2 Pack,2pk,£15.75 each,31.50,,
Boots Borehamwood,Electrical & Batteries,Electric Toothbrushes & Flossers,Oral-B Io Gentle Care Toothbrush Heads 4 Pack,4pk,£14.18 each,56.70,,
Boots Borehamwood,Electrical & Batteries,Electric Toothbrushes & Flossers,"Oral-B Io Kids Marvel Spiderman Electric Toothbrush, 1 Toothbrush Head, 1 Travel Case",,,105.00,,
Boots Borehamwood,Electrical & Batteries,Electric Toothbrushes & Flossers,Oral-B Io Ultimate Clean Refill Heads Black 2 Pack,2pk,£15.75 each,31.50,,
Boots Borehamwood,Electrical & Batteries,Electric Toothbrushes & Flossers,Oral-B Io Ultimate Clean Refill Heads Black 4 Pack,4pk,£14.18 each,56.70,,
Boots Borehamwood,Electrical & Batteries,Electric Toothbrushes & Flossers,Oral-B Io Ultimate Clean Refill Heads White 2 Pack,2pk,£15.75 each,31.50,,
Boots Borehamwood,Electrical & Batteries,Electric Toothbrushes & Flossers,Oral-B Io Ultimate Clean Refill Heads White 4 Pack,4pk,£14.18 each,56.70,,
Boots Borehamwood,Electrical & Batteries,Electric Toothbrushes & Flossers,Oral-B Io2 Calm Pink Electric Toothbrush + Travel Case,,,105.00,,
Boots Borehamwood,Electrical & Batteries,Electric Toothbrushes & Flossers,Oral-B Io2 Forest Green Electric Toothbrush + Travel Case,,,105.00,,
Boots Borehamwood,Electrical & Batteries,Electric Toothbrushes & Flossers,Oral-B Io2 Night Black Electric Toothbrush + Travel Case,,,105.00,,
Boots Borehamwood,Electrical & Batteries,Electric Toothbrushes & Flossers,Oral-B Io3 Electric Toothbrush Matt Black With Travel Case,,,168.00,,
Boots Borehamwood,Electrical & Batteries,Electric Toothbrushes & Flossers,Oral-B Io3 Ice Blue Electric Toothbrush + Travel Case,,,168.00,,
Boots Borehamwood,Electrical & Batteries,Electric Toothbrushes & Flossers,Oral-B Io3 Matt Black & Ice Blue Electric Toothbrush Duo Pack,,,273.00,,
Boots Borehamwood,Electrical & Batteries,Electric Toothbrushes & Flossers,Oral-B Io5 Black & White Electric Toothbrush Duo Pack,,,472.50,,
Boots Borehamwood,Electrical & Batteries,Electric Toothbrushes & Flossers,Oral-B Io6 Black Lava Electric Toothbrush,,,315.00,,
Boots Borehamwood,Electrical & Batteries,Electric Toothbrushes & Flossers,Oral-B Io6 Grey Opal Electric Toothbrush,,,315.00,,
Boots Borehamwood,Electrical & Batteries,Electric Toothbrushes & Flossers,Oral-B Io6 Pink Sand Electric Toothbrush,,,315.00,,
Boots Borehamwood,Electrical & Batteries,Electric Toothbrushes & Flossers,Oral-B Pro 3D White Toothbrush Heads 4 Pack,4pk,£5.36 each,21.45,,
Boots Borehamwood,Electrical & Batteries,Electric Toothbrushes & Flossers,Oral-B Pro Floss Action Toothbrush Heads 4 Pack,4pk,£5.36 each,21.45,,
Boots Borehamwood,Electrical & Batteries,Electric Toothbrushes & Flossers,Oral-B Pro Kids Frozen Toothbrush Heads 4 Pack,4pk,£4.40 each,17.60,,
Boots Borehamwood,Electrical & Batteries,Electric Toothbrushes & Flossers,Oral-B Pro Kids Lion King Electric Toothbrush Designed By Braun,,,52.50,,
Boots Borehamwood,Electrical & Batteries,Electric Toothbrushes & Flossers,Oral-B Pro Kids Lion King Toothbrush Heads 4 Pack,4pk,£4.39 each,17.55,,
Boots Borehamwood,Electrical & Batteries,Electric Toothbrushes & Flossers,Oral-B Pro Kids Spiderman Toothbrush Heads 4 Pack,4pk,£4.39 each,17.55,,
Boots Borehamwood,Electrical & Batteries,Electric Toothbrushes & Flossers,Oral-B Pro Sensitive Clean Toothbrush Heads 4 Pack,4pk,£5.36 each,21.45,,
Boots Borehamwood,Electrical & Batteries,Electric Toothbrushes & Flossers,"Oral-B Pro-3Dwhite Pulsar Battery-Powered Toothbrush For Whitening & Plaque Removal, Medium, 1",,,10.90,,
Boots Borehamwood,Electrical & Batteries,Electric Toothbrushes & Flossers,"Oral-B Pro-Clean Pulsar Battery-Powered Toothbrush Superior 5-Way Plaque Removal, Medium, 1",,,10.90,,
Boots Borehamwood,Electrical & Batteries,Electric Toothbrushes & Flossers,"Oral-B Pro-Clean Pulsar Battery-Powered Toothbrush Superior 5-Way Plaque Removal, Medium, 2",2pk,£8.25 each,16.50,,
Boots Borehamwood,Electrical & Batteries,Electric Toothbrushes & Flossers,Philips Sonicare 4100 Electric Toothbrush Black Hx4041/52,,,94.45,,
Boots Borehamwood,Electrical & Batteries,Electric Toothbrushes & Flossers,Philips Sonicare 4100 Electric Toothbrush White Hx4041/41,,,94.45,,
Boots Borehamwood,Electrical & Batteries,Electric Toothbrushes & Flossers,"Philips Sonicare A3 Premium All-In-One, Genuine Replacement Toothbrush Heads, White, 2+1 Pack, HX9093/87",3pk,£12.23 each,36.70,,
Boots Borehamwood,Electrical & Batteries,Electric Toothbrushes & Flossers,Philips Sonicare A3 Replacement Electric Toothbrush Heads 2 + 1 Free (3 Brushheads) Black HX9093/88,3pk,£12.23 each,36.70,,
Boots Borehamwood,Electrical & Batteries,Electric Toothbrushes & Flossers,"Philips Sonicare Electric Toothbrush For Kids, Design A Pet Edition - HX3601/01",,,62.95,,
Boots Borehamwood,Electrical & Batteries,Electric Toothbrushes & Flossers,Philips Sonicare Electric Toothbrush Heads Premium Plaque 2 + 1 Free (3 Brushheads) White HX9043/87,3pk,£10.48 each,31.45,,
Boots Borehamwood,Electrical & Batteries,Electric Toothbrushes & Flossers,Philips Sonicare Electric Toothbrush Replacement Heads Premium Gumcare 2 + 1 Free (3 Brushheads) White HX9053/87,3pk,£10.48 each,31.45,,
Boots Borehamwood,Electrical & Batteries,Electric Toothbrushes & Flossers,Philips Sonicare Replacement Electric Toothbrush Brush Heads Optimal White 3 Pack (White),3pk,£8.03 each,24.10,,
Boots Borehamwood,Electrical & Batteries,Electric Toothbrushes & Flossers,Philips Sonicare Replacement Electric Toothbrush Heads Optimal White 2 + 1 Free (3 Brushheads) Black HX6063/88,3pk,£8.03 each,24.10,,
Boots Borehamwood,Electrical & Batteries,Electric Toothbrushes & Flossers,Philips Sonicare Replacement Electric Toothbrush Heads Premium Gumcare 2 + 1 Free (3 Brushheads) Black HX9053/88,3pk,£10.48 each,31.45,,
Boots Borehamwood,Electrical & Batteries,Electric Toothbrushes & Flossers,Philips Sonicare Replacement Toothbrush Heads Premium Plaque Defence 2 + 1 Free Pack (3 Brushheads) Black HX9043/88,3pk,£10.48 each,31.45,,
Boots Borehamwood,Electrical & Batteries,Electric Toothbrushes & Flossers,Philips Sonicare Sensitive Toothbrush Heads 2 + 1 Free (3 Brushheads) White HX6053/87,3pk,£8.03 each,24.10,,
Boots Borehamwood,Electrical & Batteries,Electric Toothbrushes & Flossers,"Philips Sonicare Series 5300 Electric Toothbrush, Black, HX7101/01",,,178.45,,
Boots Borehamwood,Electrical & Batteries,Electric Toothbrushes & Flossers,"Philips Sonicare Series 5300 Electric Toothbrush, White, HX7108/01",,,178.45,,
Boots Borehamwood,Electrical & Batteries,Electric Toothbrushes & Flossers,"Philips Sonicare Series 5300 Rechargeable Electric Toothbrush, Navy, HX7103/01",,,178.45,,
Boots Borehamwood,Electrical & Batteries,Electric Toothbrushes & Flossers,"Philips Sonicare Series 6100 Rechargeable Electric Toothbrush, Black, HX7401/01",,,241.45,,
Boots Borehamwood,Electrical & Batteries,Electric Toothbrushes & Flossers,"Philips Sonicare Series 6100 Rechargeable Electric Toothbrush, White, HX7400/01",,,241.45,,
Boots Borehamwood,Electrical & Batteries,Electric Toothbrushes & Flossers,"Philips Sonicare Series 7100 Rechargeable Electric Toothbrush, White With Charging Travel Case & App, HX7420/01",,,346.45,,
Boots Borehamwood,Electrical & Batteries,Electric Toothbrushes & Flossers,Suri 2.0 Electric Toothbrush & Uv Travel Case Midnight Black,,,110.25,,
Boots Borehamwood,Electrical & Batteries,Electric Toothbrushes & Flossers,Suri 2.0 Electric Toothbrush & Uv Travel Case Morning Waves,,,110.25,,
Boots Borehamwood,Electrical & Batteries,Electric Toothbrushes & Flossers,Suri 2.0 Electric Toothbrush & Uv Travel Case Sunset Bloom,,,110.25,,
Boots Borehamwood,Electrical & Batteries,Electric Toothbrushes & Flossers,Suri 2.0 Electric Toothbrush & Uv Travel Case Winter Fern,,,110.25,,
Boots Borehamwood,Electrical & Batteries,Hair Straighteners & Stylers,Babyliss Air Power Volume Hot Air Styler,,,84.00,,
Boots Borehamwood,Electrical & Batteries,Hair Straighteners & Stylers,Babyliss Air Style 1000 Styling Tool,,,78.75,,
Boots Borehamwood,Electrical & Batteries,Hair Dryers,Babyliss Black Onyx Hair Dryer,,,68.25,,
Boots Borehamwood,Electrical & Batteries,Hair Straighteners & Stylers,Babyliss Black Onyx Straight & Curl Straightener,,,131.25,,
Boots Borehamwood,Electrical & Batteries,Hair Straighteners & Stylers,Babyliss Cordless Gas Tong And Brush 2583BU,,,29.40,,
Boots Borehamwood,Electrical & Batteries,Electrical Beauty,Babyliss Expression Styler Hair Straightener,,,105.00,,
Boots Borehamwood,Electrical & Batteries,Hair Straighteners & Stylers,Babyliss New Big Hair Styler 2885U,,,52.50,,
Boots Borehamwood,Electrical & Batteries,Hair Straighteners & Stylers,Babyliss Portability Gas Cartridges 2 Pack,2pk,£4.60 each,9.20,,
Boots Borehamwood,Electrical & Batteries,Hair Straighteners & Stylers,Babyliss Rose Quartz Conical Wand,,,42.00,,
Boots Borehamwood,Electrical & Batteries,Hair Dryers,Babyliss Xanadu Lightweight Powerful 2100W Ionic Hair Dryer,,,52.50,,
Boots Borehamwood,Electrical & Batteries,Plug Adapters,Boots Adaptor American Visitor To Uk,,,6.50,,
Boots Borehamwood,Electrical & Batteries,Plug Adapters,Boots Adaptor European Visitor To Uk,,,6.50,,
Boots Borehamwood,Electrical & Batteries,Hair Dryers,Boots Power Dryer 2000W,,,13.99,,
Boots Borehamwood,Electrical & Batteries,Electrical Beauty,Boots Travel Mirror,,,7.00,,
Boots Borehamwood,Electrical & Batteries,Electrical Beauty,Boots Triple Blade Disposable Razor 4 Pack,4pk,£0.50 each,2.00,,
Boots Borehamwood,Electrical & Batteries,Plug Adapters,Boots UK Europe adaptor,,,5.50,,
Boots Borehamwood,Electrical & Batteries,Plug Adapters,Boots Uk To Europe Adaptor,,,5.50,,
Boots Borehamwood,Electrical & Batteries,Plug Adapters,Boots Uk To Europe Adaptor Duo,,,11.00,,
Boots Borehamwood,Electrical & Batteries,Phone Chargers,Boots Worldwide Twin Usb Charger,,,21.00,,
Boots Borehamwood,Electrical & Batteries,Plug Adapters,Boots adaptor and USB UK to EU duo,,,19.99,,
Boots Borehamwood,Electrical & Batteries,Plug Adapters,Boots world to Europe adaptor,,,9.99,,
Boots Borehamwood,Electrical & Batteries,Electrical Beauty,Braun Ipl Silk Expert Pro 5 Hair Removal 4 Attachment Heads Pl5441,,,881.95,,
Boots Borehamwood,Electrical & Batteries,Electrical Beauty,Braun Ipl Silk Expert Pro 5 at Home Hair Removal 2 Attachment Heads Pl5221,,,713.95,,
Boots Borehamwood,Electrical & Batteries,Electrical Beauty,"Braun Silk-Epil 5, Epilator For Easy Hair Removal, Lasting Smooth Skin, 5-230",,,146.95,,
Boots Borehamwood,Electrical & Batteries,Electrical Beauty,"Braun Silk-Epil 9 Flex, Epilator For Easy Hair Removal, 9-060 3D",,,356.95,,
Boots Borehamwood,Electrical & Batteries,Electrical Beauty,"Braun Silk-Epil 9, Epilator For Easy Hair Removal, Lasting Smooth Skin, 9-030",,,230.95,,
Boots Borehamwood,Electrical & Batteries,Electrical Beauty,Braun Smart Ipl Skin I Expert at Home Hair Removal with Free App 2 Smart Heads Pl7211,,,944.95,,
Boots Borehamwood,Electrical & Batteries,Electrical Beauty,Braun Smart Ipl Skin I Expert at Home Hair Removal with Free App 4 Smart Heads Pl7441,,,1091.95,,
Boots Borehamwood,Electrical & Batteries,Phone Chargers,CBL Lightning Cable Round White 1.2m,,,11.45,,
Boots Borehamwood,Electrical & Batteries,Hair Straighteners & Stylers,Denman D3 The Deluxe Original Curl Definer & Styler 7 Row (Floral Fantasies),,,15.40,,
Boots Borehamwood,Electrical & Batteries,Electrical Beauty,Eucerin Dermopure Clinical Triple Action Fluid 40ml,40ml,£551.25/L,22.05,,
Boots Borehamwood,Electrical & Batteries,Phone Chargers,Go Travel Lightning USB Cable 2m,,,16.50,,
Boots Borehamwood,Electrical & Batteries,Phone Chargers,Go Travel USB-C 2m Cable,,,14.30,,
Boots Borehamwood,Electrical & Batteries,Electrical Beauty,JML Go Vac - Portable Two-in-One Vacuum and Blower,,,21.95,,
Boots Borehamwood,Electrical & Batteries,Hair Straighteners & Stylers,Nyx Professional Makeup The Brow Glue Instant Styler,5g,"£2,060.00/kg",10.30,,
Boots Borehamwood,Electrical & Batteries,Hair Straighteners & Stylers,Remington Ceramic Straightener 230 Pack3500,,,29.35,,
Boots Borehamwood,Electrical & Batteries,Hair Dryers,Remington Hydraluxe Dryer,,,73.45,,
Boots Borehamwood,Electrical & Batteries,Hair Straighteners & Stylers,Remington Hydraluxe Straightener,,,115.45,,
Boots Borehamwood,Electrical & Batteries,Hair Dryers,Remington Pro Luxe Hair Dryer AC9140,,,78.70,,
Boots Borehamwood,Electrical & Batteries,Hair Straighteners & Stylers,Remington Shine Therapy Hair Straightener S8500,,,82.95,,
Boots Borehamwood,Electrical & Batteries,Electrical Beauty,Remington Shine Therapy Wide Plate Straightener - S8550,,,83.95,,
Boots Borehamwood,Electrical & Batteries,Hair Dryers,Remington allure hair dryer almond,1pk,£52.45 each,52.45,,
Boots Borehamwood,Electrical & Batteries,Hair Straighteners & Stylers,Remington allure straightener almond,1pk,£73.45 each,73.45,,
Boots Borehamwood,Electrical & Batteries,Electrical Beauty,Sons Derma Roller,,,16.45,,
Boots Borehamwood,Electrical & Batteries,Hair Straighteners & Stylers,Tresemm Keratin Smooth Blow Dry Collection Set,,,47.25,,
Boots Borehamwood,Electrical & Batteries,Hair Dryers,Tresemme Hair Dryer Light Weight,,,16.50,,
Boots Borehamwood,Electrical & Batteries,Hair Straighteners & Stylers,Tresemme Smooth Straightener 215,,,21.00,,
Boots Borehamwood,Electrical & Batteries,Plug Adapters,UK to Australia and the Far East,,,5.50,,
Boots Borehamwood,Electrical & Batteries,Plug Adapters,Uk To Usa Canada Central And Southern America,,,5.50,,
Boots Borehamwood,First Aid,Antiseptics,Boots Anti-Viral Hand Wipes - 25 Pack,25pk,£0.12 each,2.99,,
Boots Borehamwood,First Aid,Antiseptics,Boots Antiseptic Wound Wash - 100ml,100ml,£32.50/L,3.25,,
Boots Borehamwood,First Aid,Antiseptics,Boots Plastic Free Antiseptic Wipes - 40 Pack,40pk,£0.08 each,3.00,,
Boots Borehamwood,First Aid,Antiseptics,Boots Surgical Spirit 500ml,500ml,£13.00/L,6.50,,
Boots Borehamwood,First Aid,Antiseptics,Boots Wound Cleansing Wipes No Sting 10 Pack,10pk,£0.22 each,2.20,,
Boots Borehamwood,First Aid,Antiseptics,"Elastoplast Antiseptic Wound Cleansing Spray, 100ml",100ml,£39.00/L,3.90,,
Boots Borehamwood,First Aid,Antiseptics,Hibiwash 4% W/V Cutaneous Solution 250ml,250ml,£34.60/L,8.65,,
Boots Borehamwood,First Aid,Antiseptics,Savlon Antiseptic Cream - 100g,100g,£48.50/kg,4.85,,
Boots Borehamwood,First Aid,Antiseptics,Savlon Antiseptic Cream 30g,30g,£83.33/kg,2.50,,
Boots Borehamwood,First Aid,Antiseptics,Savlon Dual Action Gel 20g,20g,£297.50/kg,5.95,,
Boots Borehamwood,First Aid,"Bandages, Gauze & Dressings",Boots Blister Prevention Tape 3m x 9cm - Beige,,,6.00,,
Boots Borehamwood,First Aid,"Bandages, Gauze & Dressings",Boots Cohesive Support Bandage (7cmx4m),,,5.00,,
Boots Borehamwood,First Aid,"Bandages, Gauze & Dressings",Boots Cut To Size Fabric Dressing Strips - 10 Pack,10pk,£0.18 each,1.79,,
Boots Borehamwood,First Aid,"Bandages, Gauze & Dressings",Boots Cut To Size Wash Proof Dressing Strips 10 Packs,10pk,£0.19 each,1.85,,
Boots Borehamwood,First Aid,"Bandages, Gauze & Dressings",Boots Faster Healing Hydrocolloid Dressings (Pack of 5 Assorted),5pk,£0.90 each,4.50,,
Boots Borehamwood,First Aid,"Bandages, Gauze & Dressings",Boots Finger Bandage And Applicator 1.6cm x 4m,,,3.60,,
Boots Borehamwood,First Aid,"Bandages, Gauze & Dressings",Boots Finger Bandage One Size 6 Pack,6pk,£0.58 each,3.50,,
Boots Borehamwood,First Aid,"Bandages, Gauze & Dressings",Boots Finger Stalls 2 Pack,2pk,£1.00 each,2.00,,
Boots Borehamwood,First Aid,"Bandages, Gauze & Dressings",Boots Kinesiology Tape 5cm x 5M - Black,,,14.00,,
Boots Borehamwood,First Aid,"Bandages, Gauze & Dressings",Boots Kinesiology Tape 5cm x 5M - Blue,,,14.00,,
Boots Borehamwood,First Aid,"Bandages, Gauze & Dressings",Boots Microporous Surgical Tape 1.25cm x 5m,,,1.50,,
Boots Borehamwood,First Aid,"Bandages, Gauze & Dressings",Boots Microporous Surgical Tape 5cm x 5m,,,4.00,,
Boots Borehamwood,First Aid,"Bandages, Gauze & Dressings",Boots Microporous Tape 2.5cmx10m,,,4.00,,
Boots Borehamwood,First Aid,"Bandages, Gauze & Dressings",Boots Multi Purpose Silicone Tape 2.5cm X 3m,,,3.99,,
Boots Borehamwood,First Aid,"Bandages, Gauze & Dressings",Boots Pharmaceuticals Gentle Removal Adhesive Dressings 5 Packs Of 8.3cm x 6cm,5pk,£1.00 each,5.00,,
Boots Borehamwood,First Aid,"Bandages, Gauze & Dressings",Boots Pharmaceuticals Magnesium Sulfate Paste B.P. 50g,50g,£90.00/kg,4.50,,
Boots Borehamwood,First Aid,"Bandages, Gauze & Dressings",Boots Protective Dressings 5 Pack,5pk,£0.70 each,3.50,,
Boots Borehamwood,First Aid,"Bandages, Gauze & Dressings",Boots Protective Dressings Pack 3 Pack,3pk,£1.00 each,3.00,,
Boots Borehamwood,First Aid,"Bandages, Gauze & Dressings",Boots Safety Pins (50 Assorted),50pk,£0.05 each,2.49,,
Boots Borehamwood,First Aid,"Bandages, Gauze & Dressings",Boots Skin Closures 8 Pack,8pk,£0.38 each,3.00,,
Boots Borehamwood,First Aid,"Bandages, Gauze & Dressings",Boots Sterile Gauze - 90cm x 3M,,,5.00,,
Boots Borehamwood,First Aid,"Bandages, Gauze & Dressings",Boots Sterile Gauze Swabs (7.5cm x 7.5cm)- 5 Pack,5pk,£0.36 each,1.80,,
Boots Borehamwood,First Aid,"Bandages, Gauze & Dressings",Boots Stretch Bandage - (7.5cm x 4M),,,1.50,,
Boots Borehamwood,First Aid,"Bandages, Gauze & Dressings",Boots Stretch Fabric Strapping 2.5cm x 4.5cm,,,2.40,,
Boots Borehamwood,First Aid,"Bandages, Gauze & Dressings",Boots Waterproof Protective Dressings - 5 Dressings,5pk,£0.80 each,4.00,,
Boots Borehamwood,First Aid,"Bandages, Gauze & Dressings",Boots Wound Dressing Pad 10cm X 10cm - 3 Pads,3pk,£0.97 each,2.90,,
Boots Borehamwood,First Aid,"Bandages, Gauze & Dressings",Boots Wound Dressing Pad 5cm X 5cm - 5 Pads,5pk,£0.50 each,2.50,,
Boots Borehamwood,First Aid,"Bandages, Gauze & Dressings",Elastoplast Fabric Dressingstrip 6.0cmx1M,,,3.40,,
Boots Borehamwood,First Aid,"Bandages, Gauze & Dressings",Elastoplast Waterproof Sterile Dressing XL 5 Pack,5pk,£0.88 each,4.40,,
Boots Borehamwood,First Aid,"Bandages, Gauze & Dressings",Elastoplast Waterproof Sterile Dressing XXL 5 Pack,5pk,£1.12 each,5.60,,
Boots Borehamwood,First Aid,"Bandages, Gauze & Dressings",Melolin Dressing 10 x105 Pack,5pk,£0.79 each,3.95,,
Boots Borehamwood,First Aid,"Bandages, Gauze & Dressings",Smith & Nephew Melolin Cushiondressing Pads,5pk,£0.70 each,3.49,,
Boots Borehamwood,First Aid,"Bites, Stings & Itch Relief",After Bite Classic Handy Pen 14ml,14ml,£389.29/L,5.45,,2 for 25% off
Boots Borehamwood,First Aid,"Bites, Stings & Itch Relief",Boots Bite Relief Click It,,,6.30,,2 for 25% off
Boots Borehamwood,First Aid,"Bites, Stings & Itch Relief",Boots Insect Bite & Sting Treatment 1% Cream 10g,10g,£389.00/kg,3.89,,
Boots Borehamwood,First Aid,"Bites, Stings & Itch Relief",Boots Insect Cooling Spray Mini 50ml,50ml,£79.80/L,3.99,,2 for 25% off
Boots Borehamwood,First Aid,"Bites, Stings & Itch Relief",Boots Repel 2 pin plug in mosquito killer,,,9.10,,
Boots Borehamwood,First Aid,"Bites, Stings & Itch Relief",Cetraben Itch Relief Balm 50g,50g,£160.00/kg,8.00,,2 for 33% off
Boots Borehamwood,First Aid,"Bites, Stings & Itch Relief",E45 Itch Relief Cool Mousse 100ml,100ml,£109.90/L,10.99,,
Boots Borehamwood,First Aid,"Bites, Stings & Itch Relief",E45 Itch Relief Cream - 100g,100g,£99.90/kg,9.99,,
Boots Borehamwood,First Aid,"Bites, Stings & Itch Relief",E45 Itch Relief Cream For Eczema & Itchy Skin - 50g,50g,£125.80/kg,6.29,,
Boots Borehamwood,First Aid,"Bites, Stings & Itch Relief","E45 Itch Relief Cream For Itchy, Irritated And Eczema Prone Skin - 500g Pump",500g,£65.00/kg,32.50,,
Boots Borehamwood,First Aid,"Bites, Stings & Itch Relief",E45 Itch Relief Gel 100ml,100ml,£109.00/L,10.90,,
Boots Borehamwood,First Aid,"Bites, Stings & Itch Relief",Eurax Cooling Itch Relief Gel 75g,75g,£74.53/kg,5.59,6.99,20% off
Boots Borehamwood,First Aid,"Bites, Stings & Itch Relief",Eurax Cream - 100g,100g,£60.40/kg,6.04,7.55,20% off
Boots Borehamwood,First Aid,"Bites, Stings & Itch Relief",Lamisil at 1% Spray - 15ml,15ml,£499.33/L,7.49,,
Boots Borehamwood,First Aid,"Bites, Stings & Itch Relief",Lifesystems midge & tick repellent spray 100ml,,,9.99,,
Boots Borehamwood,First Aid,"Bites, Stings & Itch Relief",Lifesystems tick tweezers,,,3.99,,
Boots Borehamwood,First Aid,"Bites, Stings & Itch Relief",Virasoothe Chickenpox Relief Cooling Gel - 75g,75g,£146.53/kg,10.99,,
Boots Borehamwood,First Aid,"Burns, Blisters & Bruises",Boots Emergency Burn Gel 80ml,80ml,£68.75/L,5.50,,
Boots Borehamwood,First Aid,"Burns, Blisters & Bruises",Compeed 10 Medium Size Blister Plasters for Feet - Waterproof Deep Cushioned Plasters for Comfort,10pk,£1.17 each,11.65,,
Boots Borehamwood,First Aid,"Burns, Blisters & Bruises",Compeed Anti Blister Stick 8ml,8ml,£681.25/L,5.45,,
Boots Borehamwood,First Aid,"Burns, Blisters & Bruises",Compeed Hydrocolloid Blister Plasters Mixed - Pack of 5,5pk,£1.14 each,5.70,,
Boots Borehamwood,First Aid,"Burns, Blisters & Bruises",Compeed Hydrocolloid Blister Plasters Small - Pack of 6,6pk,£0.86 each,5.15,,
Boots Borehamwood,First Aid,"Burns, Blisters & Bruises",Nelsons Arnica Cream 50g,50g,£195.00/kg,9.75,,
Boots Borehamwood,First Aid,"Burns, Blisters & Bruises",Poxclin Coolmousse,100ml,£141.00/L,14.10,,
Boots Borehamwood,First Aid,Health Tests,Accu-Chek Fastclix 102 Lancets,,,15.49,,
Boots Borehamwood,First Aid,Health Tests,Accu-Chek Fastclix 24 Lancets,24pk,£0.21 each,4.99,,
Boots Borehamwood,First Aid,Health Tests,Accu-Chek Instant Blood Glucose System,,,34.99,,
Boots Borehamwood,First Aid,Health Tests,Accu-Chek Instant Blood Glucose Test Strips - 25 Strips,25pk,£0.54 each,13.49,,
Boots Borehamwood,First Aid,Health Tests,Accu-Chek Instant Blood Glucose Test Strips - 50 Strips,50pk,£0.42 each,20.99,,
Boots Borehamwood,First Aid,Health Tests,Accu-Chek Mobile Blood Glucose Test Cassette - 50 Tests,50pk,£0.48 each,23.99,,
Boots Borehamwood,First Aid,Health Tests,Accu-Chek Performa 50 Test Strips,50pk,£0.42 each,20.99,,
Boots Borehamwood,First Aid,Health Tests,Alivecor Kardiamobile Single Lead ECG Monitor,,,89.00,,
Boots Borehamwood,First Aid,Muscle & Joint Supports,Boots Adjustable Ankle Support,,,17.00,,
Boots Borehamwood,First Aid,Muscle & Joint Supports,Boots Adjustable Elbow Support,,,17.00,,
Boots Borehamwood,First Aid,Muscle & Joint Supports,Boots Adjustable Knee Support One Size,,,20.00,,
Boots Borehamwood,First Aid,Muscle & Joint Supports,Boots Back Brace With Power Straps,,,27.99,,
Boots Borehamwood,First Aid,Muscle & Joint Supports,Boots Back Strap,,,6.00,,
Boots Borehamwood,First Aid,Plasters,Boots Blister Plasters - 5 Pack,5pk,£0.70 each,3.50,,
Boots Borehamwood,First Aid,Plasters,Boots Blister Plasters Medium - 5 Pack,5pk,£0.65 each,3.25,,
Boots Borehamwood,First Aid,Plasters,Boots Blister Plasters Mixed Size - 5 Pack,5pk,£0.70 each,3.49,,
Boots Borehamwood,First Aid,Health Tests,Boots Blood Glucose Monitoring System,,,19.99,,
Boots Borehamwood,First Aid,Health Tests,Boots Blood Glucose Test Strips,50pk,£0.34 each,16.99,,
Boots Borehamwood,First Aid,Health Tests,Boots Children's First Aid Kit,,,13.99,,
Boots Borehamwood,First Aid,Muscle & Joint Supports,Boots Cohesive Support Bandage Medium,,,5.00,,
Boots Borehamwood,First Aid,First Aid Kits & Gloves,Boots Complete First Aid Kit,,,20.00,,
Boots Borehamwood,First Aid,First Aid Kits & Gloves,Boots Cotton Gloves Large,,,2.50,,
Boots Borehamwood,First Aid,Plasters,Boots Detectable Blue Plasters - 40 Pack,40pk,£0.10 each,4.00,,
Boots Borehamwood,First Aid,Plasters,Boots Discreet Clear Plasters - 20 Pack,20pk,£0.08 each,1.50,,
Boots Borehamwood,First Aid,Plasters,Boots Discreet Clear Plasters 40 Packs,40pk,£0.05 each,2.00,,
Boots Borehamwood,First Aid,Muscle & Joint Supports,Boots Everyday Ankle Support - Medium,,,14.00,,
Boots Borehamwood,First Aid,Muscle & Joint Supports,Boots Everyday Compression Socks - Black - Size 3.5 - 7.5,,,20.00,,
Boots Borehamwood,First Aid,Muscle & Joint Supports,Boots Everyday Knee Support - Large,,,10.00,,
Boots Borehamwood,First Aid,Muscle & Joint Supports,Boots Everyday Knee Support - Medium,,,10.00,,
Boots Borehamwood,First Aid,Muscle & Joint Supports,Boots Everyday Wrist Support - Medium,,,10.00,,
Boots Borehamwood,First Aid,Muscle & Joint Supports,Boots Everyday Wrist Support - Small,,,10.00,,
Boots Borehamwood,First Aid,Plasters,Boots Extra Comfort Blister Plasters - 5 Pack,5pk,£0.80 each,3.99,,
Boots Borehamwood,First Aid,Plasters,Boots Extra Hold Finger Plasters - 16 Pack,16pk,£0.16 each,2.50,,
Boots Borehamwood,First Aid,Plasters,Boots Extra Protection Cushioned Plasters 20 Packs,20pk,£0.10 each,2.00,,
Boots Borehamwood,First Aid,Plasters,Boots Faster Healing Hydrocolloid Plasters 16 Packs,16pk,£0.25 each,4.00,,
Boots Borehamwood,First Aid,Health Tests,Boots Finger Pulse Oximeter,,,20.00,,
Boots Borehamwood,First Aid,Plasters,Boots Flexible Fabric Plasters 40 Packs,40pk,£0.05 each,2.00,,
Boots Borehamwood,First Aid,Health Tests,Boots H.Pylori Rapid Test Kit,,,9.99,,
Boots Borehamwood,First Aid,Plasters,Boots Hard Wearing Extra Tough Plasters 20 Packs,20pk,£0.10 each,2.00,,
Boots Borehamwood,First Aid,Health Tests,Boots Iron (Ferritin) Rapid Test,,,7.99,,
Boots Borehamwood,First Aid,Plasters,Boots Kids Washproof Plasters - 20 Pack,20pk,£0.08 each,1.50,,
Boots Borehamwood,First Aid,First Aid Kits & Gloves,Boots Medium Cotton Gloves - 1 Pair,,,2.50,,
Boots Borehamwood,First Aid,Plasters,Boots Minions Washproof Plasters 20 Pack,20pk,£0.10 each,2.00,,
Boots Borehamwood,First Aid,Health Tests,Boots Multi-User Blood Pressure Monitor,,,34.99,,
Boots Borehamwood,First Aid,First Aid Kits & Gloves,Boots Non-Latex Hygiene Gloves - 10 Pack,10pk,£0.25 each,2.50,,
Boots Borehamwood,First Aid,Muscle & Joint Supports,Boots Pharmaceuticals Advanced Everyday Support Ankle l,,,10.00,,
Boots Borehamwood,First Aid,Muscle & Joint Supports,Boots Plantar Fasciitis Support Sleeve - Size 3 - 7 (1 Pair),,,9.99,,
Boots Borehamwood,First Aid,Muscle & Joint Supports,Boots Plantar Fasciitis Support Sleeve - Size 8-12 (1 Pair),,,9.99,,
Boots Borehamwood,First Aid,Health Tests,Boots Protective Ffp2 Nr Face Masks 5 Single Use Respirators,5pk,£1.20 each,5.99,,
Boots Borehamwood,First Aid,Plasters,Boots Scar Reducing Hydrogel Burn Plasters 5 Packs,5pk,£0.80 each,4.00,,
Boots Borehamwood,First Aid,Muscle & Joint Supports,Boots Sports Knee Support With Reflective Safety Strip - Large,,,15.00,,
Boots Borehamwood,First Aid,Muscle & Joint Supports,Boots Sports Knee Support With Reflective Safety Strip - Medium,,,15.00,,
Boots Borehamwood,First Aid,Muscle & Joint Supports,Boots Sports Knee Support With Reflective Safety Strip - Small,,,15.00,,
Boots Borehamwood,First Aid,Muscle & Joint Supports,Boots Sports Strapping 6cm x 2.5M (Each),,,6.00,,
Boots Borehamwood,First Aid,Muscle & Joint Supports,Boots Sports Tennis/Golf Elbow Strap - One Size,,,14.00,,
Boots Borehamwood,First Aid,Plasters,Boots Spray Plaster 40ml,40ml,£142.25/L,5.69,,
Boots Borehamwood,First Aid,Muscle & Joint Supports,Boots Stabilised Open Knee Support - One Size,,,29.00,,
Boots Borehamwood,First Aid,Muscle & Joint Supports,Boots Stabilised Wrist Support - Left,,,19.00,,
Boots Borehamwood,First Aid,Muscle & Joint Supports,Boots Stabilised Wrist Support Right,,,19.00,,
Boots Borehamwood,First Aid,Health Tests,Boots Sterile Disposable Blood Lancets,100pk,£0.04 each,3.99,,
Boots Borehamwood,First Aid,Health Tests,Boots Thyroid Rapid Test Kit,,,9.99,,
Boots Borehamwood,First Aid,Muscle & Joint Supports,Boots Toe Separators - 2 Separators,2pk,£2.00 each,3.99,,
Boots Borehamwood,First Aid,First Aid Kits & Gloves,Boots Travel First Aid Kit,,,12.00,,
Boots Borehamwood,First Aid,Plasters,Boots Trolls Washproof Plasters 20 Pack,20pk,£0.10 each,2.00,,
Boots Borehamwood,First Aid,Muscle & Joint Supports,Boots Tubular Support Bandage Size E,,,3.00,,
Boots Borehamwood,First Aid,Plasters,Boots Variety Pack Family Plasters 62 Packs,62pk,£0.04 each,2.50,,
Boots Borehamwood,First Aid,Plasters,Boots Washproof Plasters - 20 Pack,20pk,£0.05 each,0.99,,
Boots Borehamwood,First Aid,Plasters,Boots Waterproof Plasters - 20 Pack,20pk,£0.08 each,1.50,,
Boots Borehamwood,First Aid,Plasters,Boots Waterproof Plasters - 40 Pack,40pk,£0.05 each,2.00,,
Boots Borehamwood,First Aid,Plasters,Boots Waterproof Plasters 02 20 Packs,20pk,£0.08 each,1.50,,
Boots Borehamwood,First Aid,Plasters,Boots Zinc Oxide Plaster Tape 2.5cmx8M,,,4.00,,
Boots Borehamwood,First Aid,Health Tests,Braun ExactFit2 Upper Arm Blood Pressure Monitor - BUA4050EU,,,44.99,,
Boots Borehamwood,First Aid,Health Tests,Braun Exactfit 3 Upper Arm Blood Pressure Monitor BUA6150,,,64.99,,
Boots Borehamwood,First Aid,Health Tests,Braun Exactfit1e Bua4000 Upper Arm Blood Pressure Monitor,,,29.99,,
Boots Borehamwood,First Aid,Plasters,Compeed Blister Plasters Extreme - Pack of 5,5pk,£1.47 each,7.35,,
Boots Borehamwood,First Aid,Plasters,Compeed Bunion Plasters - Pack of 5,5pk,£1.50 each,7.49,,
Boots Borehamwood,First Aid,Plasters,Compeed Callus Plasters Medium - 6 Pack,6pk,£0.95 each,5.70,,
Boots Borehamwood,First Aid,Plasters,Compeed Hydrocolloid Blister Plaster For Toes - Pack of 8,8pk,£0.69 each,5.50,,
Boots Borehamwood,First Aid,Plasters,Compeed Hydrocolloid Blister Plaster Medium - Pack of 5,5pk,£0.97 each,4.85,,
Boots Borehamwood,First Aid,Plasters,Compeed Hydrocolloid Blister Plasters Mixed - Pack of 10,10pk,£1.05 each,10.50,,
Boots Borehamwood,First Aid,Plasters,Compeed Medium Hydrocolloid Corn Plasters - Pack of 10,10pk,£0.53 each,5.25,,
Boots Borehamwood,First Aid,Plasters,Compeed Sports Underfoot Hydrocolloid Blister Plaster - Pack of 5,5pk,£1.40 each,7.00,,
Boots Borehamwood,First Aid,Plasters,Dr. Scholl's Wart and Verruca Plaster,,,5.45,,
Boots Borehamwood,First Aid,Plasters,Elastoplast Aqua Protect Kids Everyday Plasters (20 Pcs),20pk,£0.17 each,3.49,,
Boots Borehamwood,First Aid,Plasters,Elastoplast Fabric Plasters40 Pack,40pk,£0.08 each,3.20,,
Boots Borehamwood,First Aid,Plasters,Elastoplast Finger Strips 16 Pack,16pk,£0.21 each,3.40,,
Boots Borehamwood,First Aid,Plasters,"Elastoplast Flexible XL Fabric Plasters, 10 Pack",10pk,£0.40 each,3.99,,
Boots Borehamwood,First Aid,Plasters,"Elastoplast Kids Paw Patrol Plasters, Assorted 20 Pack",20pk,£0.16 each,3.15,,
Boots Borehamwood,First Aid,Plasters,Elastoplast Large Waterproof Blister Plasters - 5 Pack,5pk,£1.07 each,5.35,,
Boots Borehamwood,First Aid,Plasters,"Elastoplast Scar Reducer Patches 3.8cm X 6.8cm, 21 Patches",21pk,£1.43 each,30.00,,
Boots Borehamwood,First Aid,Plasters,Elastoplast Second Skin Protection Everyday Plasters (6 Plasters),6pk,£0.60 each,3.60,,
Boots Borehamwood,First Aid,Plasters,Elastoplast Second Skin Protection XL Everyday Plasters (3 Pcs),3pk,£1.16 each,3.49,,
Boots Borehamwood,First Aid,Plasters,"Elastoplast Sensitive Hypoallergenic Plasters, 20 Pack",20pk,£0.17 each,3.40,,
Boots Borehamwood,First Aid,Plasters,Elastoplast Tough Waterproof Plasters 16s,16pk,£0.34 each,5.49,,
Boots Borehamwood,First Aid,Plasters,Elastoplast Water Resistant Assorted Plasters 40 Pack,40pk,£0.08 each,3.20,,
Boots Borehamwood,First Aid,Health Tests,Flowflex Antigen Rapid Testing (Self-Testing Kit) 5 Tests,5pk,£1.90 each,9.50,,
Boots Borehamwood,First Aid,Muscle & Joint Supports,Kt Tape - Original Black,20pk,£0.50 each,10.00,,
Boots Borehamwood,First Aid,Muscle & Joint Supports,Kt Tape Pro Synthetic Jet Black,20pk,£1.00 each,20.00,,
Boots Borehamwood,First Aid,First Aid Kits & Gloves,Mini First Aid 74 Piece Kit,,,13.99,,
Boots Borehamwood,First Aid,Muscle & Joint Supports,Neo G Active Knee Support - Large,,,20.50,,
Boots Borehamwood,First Aid,Muscle & Joint Supports,Neo G Active Knee Support - Medium,,,20.50,,
Boots Borehamwood,First Aid,Muscle & Joint Supports,Neo G Airflow Plus Ankle Support - Large,,,25.00,,
Boots Borehamwood,First Aid,Muscle & Joint Supports,Neo G Airflow Plus Ankle Support - Medium,,,25.00,,
Boots Borehamwood,First Aid,Muscle & Joint Supports,Neo G Airflow Wrist & Thumb Support - Medium,,,15.00,,
Boots Borehamwood,First Aid,Muscle & Joint Supports,Neo G Ankle Support Fig 8 One Size,,,21.00,,
Boots Borehamwood,First Aid,Muscle & Joint Supports,Neo G Bunion Every Day Comfort Socks Small / Medium,,,24.00,,
Boots Borehamwood,First Aid,Muscle & Joint Supports,Neo G Bunion Slimline Support One Size,,,28.00,,
Boots Borehamwood,First Aid,Muscle & Joint Supports,Neo G Bunion Support - Left & Right - One Pair,,,28.00,,
Boots Borehamwood,First Aid,Muscle & Joint Supports,Neo G Easy-Fit Thumb Brace One Size,,,19.60,,
Boots Borehamwood,First Aid,Muscle & Joint Supports,Neo G Elbow Support One Size,,,20.50,,
Boots Borehamwood,First Aid,Muscle & Joint Supports,Neo G Neothotics Full Length Insoles Small - 1 Pair,,,31.99,,
Boots Borehamwood,First Aid,Muscle & Joint Supports,Neo G Neothotics Heel Cushion Large - 1 Pair,,,21.99,,
Boots Borehamwood,First Aid,Muscle & Joint Supports,Neo G Neothotics Heel Cushion Small - 1 Pair,,,21.99,,
Boots Borehamwood,First Aid,Muscle & Joint Supports,Neo G Neothotics Pro-Expert 3/4 Length Orthotic Insoles M Pair - Size 6 - 9,,,25.99,,
Boots Borehamwood,First Aid,Muscle & Joint Supports,Neo G Neothotics Pro-Expert 3/4 Length Orthotic Insoles S Pair - Size 2.5 - 5.5,,,25.99,,
Boots Borehamwood,First Aid,Muscle & Joint Supports,Neo G Opti-Heal Hydration Multi Purpose Wound Dressing 8x10cm - 3 Pack,3pk,£3.50 each,10.50,,
Boots Borehamwood,First Aid,Muscle & Joint Supports,Neo G Opti-Heal Silicone Foam Wound Dressing 10x8cm - 3 Pack,3pk,£3.50 each,10.50,,
Boots Borehamwood,First Aid,Muscle & Joint Supports,Neo G Opti-Heal Silicone Multipurpose Wound Dressing 8x10cm - 3 Pack,3pk,£3.50 each,10.50,,
Boots Borehamwood,First Aid,Muscle & Joint Supports,Neo G Plantar Fasciitis Daily Support & Relief Extra Large - 1 Pair,,,31.99,,
Boots Borehamwood,First Aid,Muscle & Joint Supports,Neo G Plantar Fasciitis Daily Support & Relief Large - 1 Pair,,,31.99,,
Boots Borehamwood,First Aid,Muscle & Joint Supports,Neo G Wrist Support One Size,,,16.35,,
Boots Borehamwood,First Aid,Muscle & Joint Supports,Neo G Wrist-Thumb Support - Small,,,15.00,,
Boots Borehamwood,First Aid,Health Tests,Newfoundland Hiv Rapid Test Finger Prick Blood Test For Screening,,,18.00,,
Boots Borehamwood,First Aid,Health Tests,Omron M2+ Connect Upper Arm Blood Pressure Monitor,,,49.99,,
Boots Borehamwood,First Aid,Health Tests,Omron M2+ Upper Arm Blood Pressure Monitor,,,40.99,,
Boots Borehamwood,First Aid,Health Tests,Omron M4 Connect Afib Upper Arm Blood Pressure Monitor,,,72.99,,
Boots Borehamwood,First Aid,Health Tests,Omron Rs3 Intelli It Wrist Blood Pressure Monitor,,,61.99,,
Boots Borehamwood,First Aid,Plasters,Salonpas Pain Relief Patch 105mg/31.5mg Medicated Plaster - 5 Plasters,5pk,£1.58 each,7.90,,
Boots Borehamwood,First Aid,Plasters,Scholl Heel Blister Plasters 5 Pack,5pk,£0.90 each,4.50,,
Boots Borehamwood,First Aid,Plasters,Wild Stripes Classic Sensitive Animal Plasters 20 Pack,20pk,£0.20 each,3.95,,
Boots Borehamwood,First Aid,Plasters,Wild Stripes Finger Flexi Food Plasters 20 Pack,20pk,£0.25 each,4.95,,
Boots Borehamwood,First Aid,Plasters,Carnation Corn Caps - 5 Medicated Plasters,5pk,£0.70 each,3.49,,
Boots Borehamwood,"Food, Drinks & Snacks","Chocolate, Crisps & Snacks",Activia Yoghurt Plain Raspberry Chia Topper 165g,165g,£12.12/kg,2.00,,
Boots Borehamwood,"Food, Drinks & Snacks","Chocolate, Crisps & Snacks",Activia Yoghurt Vanilla & Granola Topper 165g,165g,£12.12/kg,2.00,,
Boots Borehamwood,"Food, Drinks & Snacks","Chocolate, Crisps & Snacks",Aero Bubbly Bar Peppermint 36g,36g,£31.94/kg,1.15,,
Boots Borehamwood,"Food, Drinks & Snacks","Chocolate, Crisps & Snacks",Airwaves Cherry Menthol Sugar Free Chew Gum 10 Pieces,10pk,£0.10 each,1.00,,
Boots Borehamwood,"Food, Drinks & Snacks","Chocolate, Crisps & Snacks",Airwaves Menthol & Eucalyptus Sugarfree,16g,£62.50/kg,1.00,,
Boots Borehamwood,"Food, Drinks & Snacks","Chocolate, Crisps & Snacks",Arla Cravendale Semi Skimmed Milk 250ml,250ml,£2.60/L,0.65,,
Boots Borehamwood,"Food, Drinks & Snacks","Chocolate, Crisps & Snacks",Big Hoops Salt & Vinegar 45g,45g,£28.89/kg,1.30,,
Boots Borehamwood,"Food, Drinks & Snacks","Chocolate, Crisps & Snacks",Boots No Added Sugar Double Chocolate Chip Cookies 150g,159g,£17.61/kg,2.80,,
Boots Borehamwood,"Food, Drinks & Snacks","Chocolate, Crisps & Snacks",Boots No Added Sugar Shortbread Fingers 150g,150g,£18.67/kg,2.80,,
Boots Borehamwood,"Food, Drinks & Snacks","Chocolate, Crisps & Snacks",Cadbury Dairy Milk 45g,45g,£24.44/kg,1.10,,
Boots Borehamwood,"Food, Drinks & Snacks","Chocolate, Crisps & Snacks",Cadbury Twirl 43g,43g,£25.58/kg,1.10,,
Boots Borehamwood,"Food, Drinks & Snacks","Chocolate, Crisps & Snacks",Complan Banana Nutritional Drink Sachet 4x55g,220g,£30.23/kg,6.65,,
Boots Borehamwood,"Food, Drinks & Snacks","Chocolate, Crisps & Snacks",Del Monte Apple Bag 80g,80g,£14.38/kg,1.15,,
Boots Borehamwood,"Food, Drinks & Snacks","Chocolate, Crisps & Snacks",Del Monte Apple Grape and Strawberry 95g,95g,£18.95/kg,1.80,,
Boots Borehamwood,"Food, Drinks & Snacks","Chocolate, Crisps & Snacks",Del Monte Apple and Grape Bag 80g,80g,£14.38/kg,1.15,,
Boots Borehamwood,"Food, Drinks & Snacks","Chocolate, Crisps & Snacks",Del Monte Fresh Fruit with High Protein Yogurt Oaty Granola 210g,210g,£16.43/kg,3.45,,
Boots Borehamwood,"Food, Drinks & Snacks","Chocolate, Crisps & Snacks",Del Monte Graze Pack 210g,210g,£17.14/kg,3.60,,
Boots Borehamwood,"Food, Drinks & Snacks","Chocolate, Crisps & Snacks",Del Monte Melon 90g,90g,£20.00/kg,1.80,,
Boots Borehamwood,"Food, Drinks & Snacks","Chocolate, Crisps & Snacks",Del Monte Pineapple 110g,110g,£16.36/kg,1.80,,
Boots Borehamwood,"Food, Drinks & Snacks","Chocolate, Crisps & Snacks",Del Monte Pineapple and Cheese 110g,110g,£25.91/kg,2.85,,
Boots Borehamwood,"Food, Drinks & Snacks","Chocolate, Crisps & Snacks",Del Monte Watermelon and Pineapple 260g,260g,£13.85/kg,3.60,,
Boots Borehamwood,"Food, Drinks & Snacks","Chocolate, Crisps & Snacks",Extra Coolbreeze Sugarfree Gum,15g,£66.67/kg,1.00,,
Boots Borehamwood,"Food, Drinks & Snacks","Chocolate, Crisps & Snacks",Extra Peppermint Sugarfree Gum,15g,£66.67/kg,1.00,,
Boots Borehamwood,"Food, Drinks & Snacks","Chocolate, Crisps & Snacks",Extra Spearmint Sugarfree Gum,14g,£71.43/kg,1.00,,
Boots Borehamwood,"Food, Drinks & Snacks","Chocolate, Crisps & Snacks",Extra Watermelon Sugar Free Chew Gum 10 Pieces,10pk,£0.10 each,1.00,,
Boots Borehamwood,"Food, Drinks & Snacks","Chocolate, Crisps & Snacks",Extra White Bubblemint Sugar Free Gum 10g,10pk,£0.10 each,1.00,,
Boots Borehamwood,"Food, Drinks & Snacks","Chocolate, Crisps & Snacks",Fridge Raiders Chicken Bites Slow Roasted 45g,45g,£34.44/kg,1.55,,
Boots Borehamwood,"Food, Drinks & Snacks","Chocolate, Crisps & Snacks",Fridge Raiders Chicken Bites Southern Style 45g,45g,£34.44/kg,1.55,,
Boots Borehamwood,"Food, Drinks & Snacks","Chocolate, Crisps & Snacks",Fruittella Sugar Free Fruit Drops Red Fruit Mix 46g,45g,£35.56/kg,1.60,,
Boots Borehamwood,"Food, Drinks & Snacks","Chocolate, Crisps & Snacks",Fulfil Protein Bar Chocolate Hazelnut 40g,40g,£62.50/kg,2.50,,
Boots Borehamwood,"Food, Drinks & Snacks","Chocolate, Crisps & Snacks",Fulfil Protein Bar Peanut & Caramel 40g,40g,£62.50/kg,2.50,,
Boots Borehamwood,"Food, Drinks & Snacks","Chocolate, Crisps & Snacks",Fulfil Protein Chocolate Salted Caramel 40g,40g,£62.50/kg,2.50,,
Boots Borehamwood,"Food, Drinks & Snacks","Chocolate, Crisps & Snacks",Galaxy Caramel Twin,48g,£28.13/kg,1.35,,
Boots Borehamwood,"Food, Drinks & Snacks","Chocolate, Crisps & Snacks",Galaxy Milk Single 42g,42g,£32.14/kg,1.35,,
Boots Borehamwood,"Food, Drinks & Snacks","Chocolate, Crisps & Snacks",Galaxy Ripple Bar 30g,30g,£45.00/kg,1.35,,
Boots Borehamwood,"Food, Drinks & Snacks","Chocolate, Crisps & Snacks",GetPro Chocolate Hazelnut Pudding 180g,180g,£11.67/kg,2.10,,
Boots Borehamwood,"Food, Drinks & Snacks","Chocolate, Crisps & Snacks",GetPro Chocolate Mousse 200g,200g,£14.25/kg,2.85,,
Boots Borehamwood,"Food, Drinks & Snacks","Chocolate, Crisps & Snacks",GetPro Vanilla Yoghurt 160g,160g,£8.75/kg,1.40,,
Boots Borehamwood,"Food, Drinks & Snacks","Chocolate, Crisps & Snacks",Ginsters Large Sausage Roll 130g,130g,£13.08/kg,1.70,,
Boots Borehamwood,"Food, Drinks & Snacks","Chocolate, Crisps & Snacks",Graze Flapjack Cocoa Vanilla 50g,50g,£29.00/kg,1.45,,
Boots Borehamwood,"Food, Drinks & Snacks","Chocolate, Crisps & Snacks",Grenade Oreo Protein Bar 35g,35g,£77.14/kg,2.70,,
Boots Borehamwood,"Food, Drinks & Snacks","Chocolate, Crisps & Snacks",Harriet's Garden Low Fat Houmous & Breadstick 60g,60g,£31.67/kg,1.90,,
Boots Borehamwood,"Food, Drinks & Snacks","Chocolate, Crisps & Snacks",Harriet's Garden Sweet Pepper Houmous & Crackers 60g,60g,£31.67/kg,1.90,,
Boots Borehamwood,"Food, Drinks & Snacks","Chocolate, Crisps & Snacks",Higgidy Cheddar & Onion Chutney Veggie Rolls,54g,£30.56/kg,1.65,,
Boots Borehamwood,"Food, Drinks & Snacks","Chocolate, Crisps & Snacks",Hula Hoops Big Hoops Crisps BBQ Beef 45g,45g,£28.89/kg,1.30,,
Boots Borehamwood,"Food, Drinks & Snacks","Chocolate, Crisps & Snacks",Hula Hoops Big Hoops Crisps Original 45g,45g,£28.89/kg,1.30,,
Boots Borehamwood,"Food, Drinks & Snacks","Chocolate, Crisps & Snacks",Innocent Juice Raspberry & Cherry 330ml,330ml,£8.94/L,2.95,,
Boots Borehamwood,"Food, Drinks & Snacks","Chocolate, Crisps & Snacks",Innocent Super Smoothie Invigorate 300ml,300ml,£9.83/L,2.95,,
Boots Borehamwood,"Food, Drinks & Snacks","Chocolate, Crisps & Snacks",Kate's Cakes Flapjack Chocolate Chunk 55g,55g,£30.91/kg,1.70,,
Boots Borehamwood,"Food, Drinks & Snacks","Chocolate, Crisps & Snacks",Kate's Cakes Millionaire Shortbread 56g,56g,£29.46/kg,1.65,,
Boots Borehamwood,"Food, Drinks & Snacks","Chocolate, Crisps & Snacks",Kinder Bueno 43g,43g,£32.56/kg,1.40,,
Boots Borehamwood,"Food, Drinks & Snacks","Chocolate, Crisps & Snacks",Kinder Bueno White and Hazelnut,39g,£35.90/kg,1.40,,
Boots Borehamwood,"Food, Drinks & Snacks","Chocolate, Crisps & Snacks",Kit Kat 4 Finger 41.5g,42g,£29.76/kg,1.25,,
Boots Borehamwood,"Food, Drinks & Snacks","Chocolate, Crisps & Snacks",Lindor Milk Chocolate Count Line Bar 38g,38g,£40.79/kg,1.55,,
Boots Borehamwood,"Food, Drinks & Snacks","Chocolate, Crisps & Snacks",Lindt Choco Wafer Milk Hazelnut 30g,30g,£51.67/kg,1.55,,
Boots Borehamwood,"Food, Drinks & Snacks","Chocolate, Crisps & Snacks",M&Ms Peanut Standard Bag 45g,45g,£30.00/kg,1.35,,
Boots Borehamwood,"Food, Drinks & Snacks","Chocolate, Crisps & Snacks",Mars Chocolate Bar 40g,40g,£33.75/kg,1.35,,
Boots Borehamwood,"Food, Drinks & Snacks","Chocolate, Crisps & Snacks",Mars Maltesers Standard,37g,£36.49/kg,1.35,,
Boots Borehamwood,"Food, Drinks & Snacks","Chocolate, Crisps & Snacks",Maynards Wine Gums,45g,£21.11/kg,0.95,,
Boots Borehamwood,"Food, Drinks & Snacks","Chocolate, Crisps & Snacks",McCoys Flame Grilled Steak 45g,45g,£28.89/kg,1.30,,
Boots Borehamwood,"Food, Drinks & Snacks","Chocolate, Crisps & Snacks",McCoys Hot 'N' Spicy Grab Bag Crisps 45g,45g,£28.89/kg,1.30,,
Boots Borehamwood,"Food, Drinks & Snacks","Chocolate, Crisps & Snacks",McCoys Thai Sweet Chicken 45g,45g,£28.89/kg,1.30,,
Boots Borehamwood,"Food, Drinks & Snacks","Chocolate, Crisps & Snacks",Mentos Fruit Roll,38g,£26.32/kg,1.00,,
Boots Borehamwood,"Food, Drinks & Snacks","Chocolate, Crisps & Snacks",Mentos Mint Roll 38g,38g,£26.32/kg,1.00,,
Boots Borehamwood,"Food, Drinks & Snacks","Chocolate, Crisps & Snacks",Milky Way Standard (Twin) 43g,43g,£31.40/kg,1.35,,
Boots Borehamwood,"Food, Drinks & Snacks","Chocolate, Crisps & Snacks",Mini Babybel Original,40g,£37.50/kg,1.50,,
Boots Borehamwood,"Food, Drinks & Snacks","Chocolate, Crisps & Snacks",More Food Delicious Belgian Chocolate Brownie 45g,45g,£37.78/kg,1.70,,
Boots Borehamwood,"Food, Drinks & Snacks","Chocolate, Crisps & Snacks",More Food Delicious Caramel Crispy 40g,40g,£42.50/kg,1.70,,
Boots Borehamwood,"Food, Drinks & Snacks","Chocolate, Crisps & Snacks",More Food Delicious Carrot Cake 55g,55g,£30.91/kg,1.70,,
Boots Borehamwood,"Food, Drinks & Snacks","Chocolate, Crisps & Snacks",More Food Delicious Cookie Dough Brownie 50g,50g,£34.00/kg,1.70,,
Boots Borehamwood,"Food, Drinks & Snacks","Chocolate, Crisps & Snacks",More Food Delicious Lemon Drizzle Cake 55g,55g,£30.91/kg,1.70,,
Boots Borehamwood,"Food, Drinks & Snacks","Chocolate, Crisps & Snacks",Naked Protein Machine Strawberry & Raspberry 300ml,300ml,£11.50/L,3.45,,
Boots Borehamwood,"Food, Drinks & Snacks","Chocolate, Crisps & Snacks",Nomadic Clusters Blackcurrant and Blueberry,169g,£11.24/kg,1.90,,
Boots Borehamwood,"Food, Drinks & Snacks","Chocolate, Crisps & Snacks",Nomadic Oat Cereal Clusters With Bio Yogurt Belgian Chocloate 169g,169g,£11.24/kg,1.90,,
Boots Borehamwood,"Food, Drinks & Snacks","Chocolate, Crisps & Snacks",Nomadic Power Pot Caramel & Vanilla Yogurt 190g,190g,£12.89/kg,2.45,,
Boots Borehamwood,"Food, Drinks & Snacks","Chocolate, Crisps & Snacks","Nomadic Yogurt, Oat Clusters & Strawberry 169g",169g,£11.24/kg,1.90,,
Boots Borehamwood,"Food, Drinks & Snacks","Chocolate, Crisps & Snacks",Peperami Cheese Snack Box 50g,50g,£38.00/kg,1.90,,
Boots Borehamwood,"Food, Drinks & Snacks","Chocolate, Crisps & Snacks",Peperami Original Single Stick 22.5g,22g,£61.36/kg,1.35,,
Boots Borehamwood,"Food, Drinks & Snacks","Chocolate, Crisps & Snacks",Peperami Pepped Up Chicken Bites 45g,45g,£33.33/kg,1.50,,
Boots Borehamwood,"Food, Drinks & Snacks","Chocolate, Crisps & Snacks",Polo Mints Original,34g,£25.00/kg,0.85,,
Boots Borehamwood,"Food, Drinks & Snacks","Chocolate, Crisps & Snacks",Popchips Bbq Potato Chips 23g,23g,£56.52/kg,1.30,,
Boots Borehamwood,"Food, Drinks & Snacks","Chocolate, Crisps & Snacks",Popchips Sour Cream & Onion 23g,23g,£56.52/kg,1.30,,
Boots Borehamwood,"Food, Drinks & Snacks","Chocolate, Crisps & Snacks",Properchips Lentil Chips BBQ 31g,31g,£45.16/kg,1.40,,
Boots Borehamwood,"Food, Drinks & Snacks","Chocolate, Crisps & Snacks",Smarties Hexatube,38g,£30.26/kg,1.15,,
Boots Borehamwood,"Food, Drinks & Snacks","Chocolate, Crisps & Snacks",Smint 2HR Clean Breath Mints 35g,35g,£54.29/kg,1.90,,
Boots Borehamwood,"Food, Drinks & Snacks","Chocolate, Crisps & Snacks",Smint Blue Original,8g,£237.50/kg,1.90,,
Boots Borehamwood,"Food, Drinks & Snacks","Chocolate, Crisps & Snacks",Smint Defensive Sugar Free Fresh to Breathe Peppermint 36g,36g,£52.78/kg,1.90,,
Boots Borehamwood,"Food, Drinks & Snacks","Chocolate, Crisps & Snacks",Smint Peppermint Tin 35g,35g,£54.29/kg,1.90,,
Boots Borehamwood,"Food, Drinks & Snacks","Chocolate, Crisps & Snacks",Smint Sours Lemon 49g,49g,£46.94/kg,2.30,,
Boots Borehamwood,"Food, Drinks & Snacks","Chocolate, Crisps & Snacks",Smint Spearmint Tin 35g,35g,£54.29/kg,1.90,,
Boots Borehamwood,"Food, Drinks & Snacks","Chocolate, Crisps & Snacks",Smint XL Sugar Free Mints Peppermint 150 Pack,150pk,£0.03 each,4.05,,
Boots Borehamwood,"Food, Drinks & Snacks","Chocolate, Crisps & Snacks",Smint XXL Tin Strawberry 35g,35g,£54.29/kg,1.90,,
Boots Borehamwood,"Food, Drinks & Snacks","Chocolate, Crisps & Snacks",Smint XXL Tin Sweetmint 35g,35g,£54.29/kg,1.90,,
Boots Borehamwood,"Food, Drinks & Snacks","Chocolate, Crisps & Snacks",Snacking Essentials Drk Choc Crnbrrs 35g,35g,£22.86/kg,0.80,,
Boots Borehamwood,"Food, Drinks & Snacks","Chocolate, Crisps & Snacks",Snacking Essentials Mixed Nuts 35g,35g,£22.86/kg,0.80,,
Boots Borehamwood,"Food, Drinks & Snacks","Chocolate, Crisps & Snacks",Snacking Essentials Yog-Coated Rsins 35g,35g,£22.86/kg,0.80,,
Boots Borehamwood,"Food, Drinks & Snacks","Chocolate, Crisps & Snacks",Snickers Chocolate Bar 40g,40g,£33.75/kg,1.35,,
Boots Borehamwood,"Food, Drinks & Snacks","Chocolate, Crisps & Snacks",Soreen Loaf Sliced Banana Vegan 45g,45g,£33.33/kg,1.50,,
Boots Borehamwood,"Food, Drinks & Snacks","Chocolate, Crisps & Snacks",Soreen Malt Loaf 45g,45g,£33.33/kg,1.50,,
Boots Borehamwood,"Food, Drinks & Snacks","Chocolate, Crisps & Snacks",Sweet Chilli Houmous & Rice Crackers,60g,£38.33/kg,2.30,,
Boots Borehamwood,"Food, Drinks & Snacks","Chocolate, Crisps & Snacks",Tanpopo Vegetarian Gyoza & Rice 233g,233g,£19.31/kg,4.50,,
Boots Borehamwood,"Food, Drinks & Snacks","Chocolate, Crisps & Snacks",Tic Tac Freshmint T100 48g,100pk,£0.02 each,1.90,,
Boots Borehamwood,"Food, Drinks & Snacks","Chocolate, Crisps & Snacks",Tic Tac Two Spearmint 39g,39g,£50.00/kg,1.95,,
Boots Borehamwood,"Food, Drinks & Snacks","Chocolate, Crisps & Snacks",Trebor Extra Strong Mints,45g,£21.11/kg,0.95,,
Boots Borehamwood,"Food, Drinks & Snacks","Chocolate, Crisps & Snacks",Twix 50g,50g,£27.00/kg,1.35,,
Boots Borehamwood,"Food, Drinks & Snacks","Chocolate, Crisps & Snacks",Walkers Baked Salt & Vinegar 37.5g,37g,£33.78/kg,1.25,,
Boots Borehamwood,"Food, Drinks & Snacks","Chocolate, Crisps & Snacks",Walkers Cheese & Onion 45g,45g,£31.11/kg,1.40,,
Boots Borehamwood,"Food, Drinks & Snacks","Chocolate, Crisps & Snacks",Walkers MAX Jalape o & Cheese 50g,50g,£28.00/kg,1.40,,
Boots Borehamwood,"Food, Drinks & Snacks","Chocolate, Crisps & Snacks",Walkers Max Paprika 50g,50g,£28.00/kg,1.40,,
Boots Borehamwood,"Food, Drinks & Snacks","Chocolate, Crisps & Snacks",Walkers Prawn Cocktail Bag 45g,45g,£31.11/kg,1.40,,
Boots Borehamwood,"Food, Drinks & Snacks","Chocolate, Crisps & Snacks",Walkers Salt and Vinegar Bag 45g,45g,£31.11/kg,1.40,,
Boots Borehamwood,"Food, Drinks & Snacks","Chocolate, Crisps & Snacks",Walkers Sensations Thai Sweet Chilli 40g,40g,£35.00/kg,1.40,,
Boots Borehamwood,"Food, Drinks & Snacks","Chocolate, Crisps & Snacks",Wotsits Grab Bag Really Cheesy 36g,36g,£38.89/kg,1.40,,
Boots Borehamwood,"Food, Drinks & Snacks","Chocolate, Crisps & Snacks",Wrigley's Extra Bubblemint 9 Piece 3s,27pk,£0.07 each,1.90,,
Boots Borehamwood,"Food, Drinks & Snacks","Chocolate, Crisps & Snacks",Wrigley's Extra Peppermint Bottle 46s,46pk,£0.06 each,2.95,,
Boots Borehamwood,"Food, Drinks & Snacks","Chocolate, Crisps & Snacks",Wrigley's Extra Peppermint Multipack 9s 3s,27pk,£0.07 each,1.90,,
Boots Borehamwood,"Food, Drinks & Snacks","Chocolate, Crisps & Snacks",Wrigley's Extra Spearmint Multipack 9s 3s,27pk,£0.07 each,1.90,,
Boots Borehamwood,"Food, Drinks & Snacks","Chocolate, Crisps & Snacks",Wrigley's Extra White Bubblemint Sugar Free 46's,46pk,£0.06 each,2.95,,
Boots Borehamwood,"Food, Drinks & Snacks","Chocolate, Crisps & Snacks",Yolk Folk Chilled Protein Egg Pot 90g,90g,£22.22/kg,2.00,,
Boots Borehamwood,"Food, Drinks & Snacks",Energy Drinks & Coffee,Costa Coffee Double Shot Caramel 250ml,250ml,£11.80/L,2.95,,
Boots Borehamwood,"Food, Drinks & Snacks",Energy Drinks & Coffee,Costa Latte 330ml,330ml,£8.94/L,2.95,,
Boots Borehamwood,"Food, Drinks & Snacks",Energy Drinks & Coffee,Costa Latte Caramel 330ml,330ml,£8.94/L,2.95,,
Boots Borehamwood,"Food, Drinks & Snacks",Energy Drinks & Coffee,Lucozade Sport Ice Kick 500ml,500ml,£4.50/L,2.25,,
Boots Borehamwood,"Food, Drinks & Snacks",Energy Drinks & Coffee,Monster Energy 500ml,500ml,£5.00/L,2.50,,
Boots Borehamwood,"Food, Drinks & Snacks",Energy Drinks & Coffee,Monster Energy Drink Can Ultra 500ml,500ml,£4.80/L,2.40,,
Boots Borehamwood,"Food, Drinks & Snacks",Energy Drinks & Coffee,Monster Energy Drink Mango Loco 500ml,500ml,£5.00/L,2.50,,
Boots Borehamwood,"Food, Drinks & Snacks",Energy Drinks & Coffee,Monster Energy Drink Pipeline Punch 500ml,500ml,£5.00/L,2.50,,
Boots Borehamwood,"Food, Drinks & Snacks",Energy Drinks & Coffee,Monster Energy Drink Ultra Strawberry Dreams 500ml,500ml,£4.80/L,2.40,,
Boots Borehamwood,"Food, Drinks & Snacks",Energy Drinks & Coffee,Monster Ultra Can Rosa 500ml,500ml,£4.80/L,2.40,,
Boots Borehamwood,"Food, Drinks & Snacks",Energy Drinks & Coffee,Red Bull Energy Drink 250ml,250ml,£9.40/L,2.35,,
Boots Borehamwood,"Food, Drinks & Snacks",Energy Drinks & Coffee,Red Bull Zero 250ml,250ml,£8.60/L,2.15,,
Boots Borehamwood,"Food, Drinks & Snacks",Energy Drinks & Coffee,Red Bull apple edition sugarfree 473ml,473ml,£6.98/L,3.30,,
Boots Borehamwood,"Food, Drinks & Snacks",Energy Drinks & Coffee,Red Bull energy drink 473ml,473ml,£7.29/L,3.45,,
Boots Borehamwood,"Food, Drinks & Snacks",Energy Drinks & Coffee,Red Bull peach edition sugarfree 473ml,473ml,£6.98/L,3.30,,
Boots Borehamwood,"Food, Drinks & Snacks",Energy Drinks & Coffee,Red Bull sugarfree 473ml,473ml,£6.98/L,3.30,,
Boots Borehamwood,"Food, Drinks & Snacks",Energy Drinks & Coffee,Red Bull zero 473ml,473ml,£6.98/L,3.30,,
Boots Borehamwood,"Food, Drinks & Snacks",Energy Drinks & Coffee,Starbucks Grande Caramel Macchiato 330ml,330ml,£10.30/L,3.40,,
Boots Borehamwood,"Food, Drinks & Snacks",Energy Drinks & Coffee,Starbucks Grande Skinny Latte 330ml,330ml,£10.30/L,3.40,,
Boots Borehamwood,"Food, Drinks & Snacks",Energy Drinks & Coffee,Starbucks Oat Cappuccino 220ml,220ml,£11.59/L,2.55,,
Boots Borehamwood,"Food, Drinks & Snacks",Fizzy Drinks,7UP Pink Lemonade Soft Drink 500ml,500ml,£4.80/L,2.40,,
Boots Borehamwood,"Food, Drinks & Snacks",Fizzy Drinks,7Up Zero Bottle 500ml,500ml,£4.80/L,2.40,,
Boots Borehamwood,"Food, Drinks & Snacks",Fizzy Drinks,Benefit Playtint Pink Lemonade Tinted Lip & Cheek Stain,6ml,"£4,108.33/L",24.65,,
Boots Borehamwood,"Food, Drinks & Snacks",Fizzy Drinks,Boots No Added Sugar Swiss Milk Chocolate - 100g,100g,£27.00/kg,2.70,,
Boots Borehamwood,"Food, Drinks & Snacks",Fizzy Drinks,Cherry Coke 500ml,500ml,£5.20/L,2.60,,
Boots Borehamwood,"Food, Drinks & Snacks",Fizzy Drinks,Coca Cola 500ml,500ml,£5.20/L,2.60,,
Boots Borehamwood,"Food, Drinks & Snacks",Fizzy Drinks,Coca-Cola Zero Sugar 500ml,500ml,£4.80/L,2.40,,
Boots Borehamwood,"Food, Drinks & Snacks",Fizzy Drinks,Coca-Cola Zero Sugar Lime 500ml,500ml,£4.80/L,2.40,,
Boots Borehamwood,"Food, Drinks & Snacks",Fizzy Drinks,Coke Zero Cherry 500ml,500ml,£4.80/L,2.40,,
Boots Borehamwood,"Food, Drinks & Snacks",Fizzy Drinks,Diet Coke 500ml,500ml,£4.80/L,2.40,,
Boots Borehamwood,"Food, Drinks & Snacks",Fizzy Drinks,Diet Coke Cherry 500ml,500ml,£4.80/L,2.40,,
Boots Borehamwood,"Food, Drinks & Snacks",Fizzy Drinks,Dr Pepper 500ml,500ml,£4.80/L,2.40,,
Boots Borehamwood,"Food, Drinks & Snacks",Fizzy Drinks,Dr Pepper Zero 500ml,500ml,£4.80/L,2.40,,
Boots Borehamwood,"Food, Drinks & Snacks",Fizzy Drinks,Dr Pepper Zero Cherry 500ml,500ml,£4.80/L,2.40,,
Boots Borehamwood,"Food, Drinks & Snacks",Fizzy Drinks,Fanta Bottle Fruit Twist Zero 500ml,500ml,£4.80/L,2.40,,
Boots Borehamwood,"Food, Drinks & Snacks",Fizzy Drinks,Fanta Carbonated Drink Lemon 500ml,500ml,£4.80/L,2.40,,
Boots Borehamwood,"Food, Drinks & Snacks",Fizzy Drinks,Fanta Grape 500ml,500ml,£4.80/L,2.40,,
Boots Borehamwood,"Food, Drinks & Snacks",Fizzy Drinks,Fanta Orange 500ml,500ml,£4.80/L,2.40,,
Boots Borehamwood,"Food, Drinks & Snacks",Fizzy Drinks,Huel Lite Chocolate 500ml,500ml,£8.00/L,4.00,,
Boots Borehamwood,"Food, Drinks & Snacks",Fizzy Drinks,Lucozade Energy Orange 500ml,500ml,£4.10/L,2.05,,
Boots Borehamwood,"Food, Drinks & Snacks",Fizzy Drinks,Lucozade Energy Original 500ml,500ml,£4.10/L,2.05,,
Boots Borehamwood,"Food, Drinks & Snacks",Fizzy Drinks,Lucozade Sport Raspberry 500ml,500ml,£4.50/L,2.25,,
Boots Borehamwood,"Food, Drinks & Snacks",Fizzy Drinks,Lucozade Sport Still Orange 500ml,500ml,£4.50/L,2.25,,
Boots Borehamwood,"Food, Drinks & Snacks",Fizzy Drinks,Pepsi Max 500ml,500ml,£4.80/L,2.40,,
Boots Borehamwood,"Food, Drinks & Snacks",Fizzy Drinks,Pepsi Max Cherry 500ml,500ml,£4.80/L,2.40,,
Boots Borehamwood,"Food, Drinks & Snacks",Fizzy Drinks,Pepsi Max Soft Drink Lime 500ml,500ml,£4.80/L,2.40,,
Boots Borehamwood,"Food, Drinks & Snacks",Fizzy Drinks,Pepsi Treats 500ml Cream Soda Soft Drink,500ml,£4.80/L,2.40,,
Boots Borehamwood,"Food, Drinks & Snacks",Fizzy Drinks,Pepsi Treats 500ml Strawberries & Cream Soft Drink,500ml,£4.80/L,2.40,,
Boots Borehamwood,"Food, Drinks & Snacks",Fizzy Drinks,Red Bull Sugarfree 250ml,250ml,£8.60/L,2.15,,
Boots Borehamwood,"Food, Drinks & Snacks",Fizzy Drinks,San Pellegrino Sparkling Water 500ml,500ml,£3.50/L,1.75,,
Boots Borehamwood,"Food, Drinks & Snacks",Fizzy Drinks,Slimfast Meal Replacement Bar Multipack Chocolate Fudge 60g 4s,240g,£38.33/kg,9.20,,
Boots Borehamwood,"Food, Drinks & Snacks",Fizzy Drinks,Sparkling Ice Cloudy Lemon 500ml,500ml,£3.80/L,1.90,,
Boots Borehamwood,"Food, Drinks & Snacks",Fizzy Drinks,Sparkling Ice Kiwi Strawberry 500ml,500ml,£3.80/L,1.90,,
Boots Borehamwood,"Food, Drinks & Snacks",Fizzy Drinks,Sparkling Ice Strawberry Watermelon 500ml,500ml,£3.80/L,1.90,,
Boots Borehamwood,"Food, Drinks & Snacks",Fizzy Drinks,Tango Orange 500ml,500ml,£4.80/L,2.40,,
Boots Borehamwood,"Food, Drinks & Snacks",Sandwiches & Wraps,Boots All Day Breakfast 200g,200g,£18.75/kg,3.75,,
Boots Borehamwood,"Food, Drinks & Snacks",Sandwiches & Wraps,Boots BBQ Chicken Wrap,182g,£20.60/kg,3.75,,
Boots Borehamwood,"Food, Drinks & Snacks",Sandwiches & Wraps,Boots BLT Sandwich,176g,£21.31/kg,3.75,,
Boots Borehamwood,"Food, Drinks & Snacks",Sandwiches & Wraps,"Boots BLT, Cheese & Onion, Chicken Salad Triple Sandwich",247g,£17.21/kg,4.25,,
Boots Borehamwood,"Food, Drinks & Snacks",Sandwiches & Wraps,Boots Boost Buffalo Chicken Sandwich 205g,205g,£18.78/kg,3.85,,
Boots Borehamwood,"Food, Drinks & Snacks",Sandwiches & Wraps,Boots Boost Butter Chicken Wrap 214g,214g,£17.99/kg,3.85,,
Boots Borehamwood,"Food, Drinks & Snacks",Sandwiches & Wraps,Boots Boost Halloumi Falafel Chicken Wrap 196g,196g,£19.64/kg,3.85,,
Boots Borehamwood,"Food, Drinks & Snacks",Sandwiches & Wraps,Boots Boost Onion Bhaji Pickled Beetroot Sandwich 196g,196g,£19.64/kg,3.85,,
Boots Borehamwood,"Food, Drinks & Snacks",Sandwiches & Wraps,Boots Cheese Ploughmans Sandwich,203g,£18.47/kg,3.75,,
Boots Borehamwood,"Food, Drinks & Snacks",Sandwiches & Wraps,Boots Chicken & Bacon Caesar Wrap,201g,£18.66/kg,3.75,,
Boots Borehamwood,"Food, Drinks & Snacks",Sandwiches & Wraps,Boots Chicken & Bacon Sandwich,190g,£19.74/kg,3.75,,
Boots Borehamwood,"Food, Drinks & Snacks",Sandwiches & Wraps,Boots Chicken & Chorizo Sandwich,191g,£19.63/kg,3.75,,
Boots Borehamwood,"Food, Drinks & Snacks",Sandwiches & Wraps,Boots Chicken & Stuffing Sandwich,203g,£18.47/kg,3.75,,
Boots Borehamwood,"Food, Drinks & Snacks",Sandwiches & Wraps,Boots Chicken Caesar Salad 160g,160g,£23.44/kg,3.75,,
Boots Borehamwood,"Food, Drinks & Snacks",Sandwiches & Wraps,Boots Chicken Fajita Wrap,198g,£18.94/kg,3.75,,
Boots Borehamwood,"Food, Drinks & Snacks",Sandwiches & Wraps,Boots Chicken Tikka Flatbread 179g,179g,£22.07/kg,3.95,,
Boots Borehamwood,"Food, Drinks & Snacks",Sandwiches & Wraps,Boots Chicken Triple Sandwich,267g,£15.92/kg,4.25,,
Boots Borehamwood,"Food, Drinks & Snacks",Sandwiches & Wraps,"Boots Chicken, Tomato & Basil Pasta Salad",255g,£14.71/kg,3.75,,
Boots Borehamwood,"Food, Drinks & Snacks",Sandwiches & Wraps,Boots Core Feta Sunblush Pasta Salad 193g,193g,£19.43/kg,3.75,,
Boots Borehamwood,"Food, Drinks & Snacks",Sandwiches & Wraps,Boots Core High Protein Sandwich Chicken Salad,195g,£19.23/kg,3.75,,
Boots Borehamwood,"Food, Drinks & Snacks",Sandwiches & Wraps,Boots Core Piri Piri Chicken Pasta Salad 195g,195g,£19.23/kg,3.75,,
Boots Borehamwood,"Food, Drinks & Snacks",Sandwiches & Wraps,Boots Core Sandwich Ham And Egg Club,239g,£17.78/kg,4.25,,
Boots Borehamwood,"Food, Drinks & Snacks",Sandwiches & Wraps,Boots Coronation Chicken Triple Wrap,263g,£16.16/kg,4.25,,
Boots Borehamwood,"Food, Drinks & Snacks",Sandwiches & Wraps,Boots Duck & Hoisin Wrap,191g,£19.63/kg,3.75,,
Boots Borehamwood,"Food, Drinks & Snacks",Sandwiches & Wraps,Boots Egg Mayo & Cress Sandwich,203g,£18.47/kg,3.75,,
Boots Borehamwood,"Food, Drinks & Snacks",Sandwiches & Wraps,Boots Gluten Free Chicken Mayo with Spinach Sandwich,175g,£21.43/kg,3.75,,
Boots Borehamwood,"Food, Drinks & Snacks",Sandwiches & Wraps,Boots Gluten Free Egg Mayo Sandwich 180g,180g,£20.83/kg,3.75,,
Boots Borehamwood,"Food, Drinks & Snacks",Sandwiches & Wraps,Boots Halloumi Salad Wrap,188g,£19.95/kg,3.75,,
Boots Borehamwood,"Food, Drinks & Snacks",Sandwiches & Wraps,Boots Ham & Emmental Sandwich,173g,£21.68/kg,3.75,,
Boots Borehamwood,"Food, Drinks & Snacks",Sandwiches & Wraps,Boots Limited Edition Greek Style Chicken Gyros Wrap,206g,£18.20/kg,3.75,,
Boots Borehamwood,"Food, Drinks & Snacks",Sandwiches & Wraps,Boots Pasta Salad Chicken Bacon & Sweetcorn 235g,235g,£15.96/kg,3.75,,
Boots Borehamwood,"Food, Drinks & Snacks",Sandwiches & Wraps,Boots Pesto Sunblush Tomato Pasta Salad,247g,£15.18/kg,3.75,,
Boots Borehamwood,"Food, Drinks & Snacks",Sandwiches & Wraps,Boots Prawn Layered Pasta Salad,200g,£18.75/kg,3.75,,
Boots Borehamwood,"Food, Drinks & Snacks",Sandwiches & Wraps,Boots Prawn Mayonnaise Sandwich,186g,£20.16/kg,3.75,,
Boots Borehamwood,"Food, Drinks & Snacks",Sandwiches & Wraps,Boots Simply Cheese & Onion Sandwich,167g,£10.48/kg,1.75,,
Boots Borehamwood,"Food, Drinks & Snacks",Sandwiches & Wraps,Boots Simply Chicken Mayo Sandwich,166g,£10.54/kg,1.75,,
Boots Borehamwood,"Food, Drinks & Snacks",Sandwiches & Wraps,Boots Southern Fried Chicken Wrap,215g,£17.44/kg,3.75,,
Boots Borehamwood,"Food, Drinks & Snacks",Sandwiches & Wraps,Boots Spicy Bean & Cheese Wrap,236g,£15.89/kg,3.75,,
Boots Borehamwood,"Food, Drinks & Snacks",Sandwiches & Wraps,Boots Tuna And Sweetcorn Sandwich,197g,£19.04/kg,3.75,,
Boots Borehamwood,"Food, Drinks & Snacks",Sandwiches & Wraps,Boots Tuna Mayo Sandwich,154g,£11.36/kg,1.75,,
Boots Borehamwood,"Food, Drinks & Snacks",Sandwiches & Wraps,Boots Vegan No Chicken Salad Sandwich,191g,£19.63/kg,3.75,,
Boots Borehamwood,"Food, Drinks & Snacks",Sandwiches & Wraps,Boots Vegan No Duck & Hoisin Wrap,185g,£20.27/kg,3.75,,
Boots Borehamwood,"Food, Drinks & Snacks",Sandwiches & Wraps,Boots Veggie Collection,493g,£8.62/kg,4.25,,
Boots Borehamwood,"Food, Drinks & Snacks","Water, Juice & Smoothies",Brecon Carreg Mini Still Water Sports Cap 330ml,330ml,£2.42/L,0.80,,
Boots Borehamwood,"Food, Drinks & Snacks","Water, Juice & Smoothies",Brecon Carreg Water 1L,1L,£1.75/L,1.75,,
Boots Borehamwood,"Food, Drinks & Snacks","Water, Juice & Smoothies",Brecon Carreg Water 750ml,750ml,£1.53/L,1.15,,
Boots Borehamwood,"Food, Drinks & Snacks","Water, Juice & Smoothies",Capri-Sun Orange 330ml,330ml,£5.15/L,1.70,,
Boots Borehamwood,"Food, Drinks & Snacks",Milkshakes & Meal Replacement,Ensure Nutrivigor Nutritional Shake Vanilla Flavour 400g,400g,£49.38/kg,19.75,,
Boots Borehamwood,"Food, Drinks & Snacks",Milkshakes & Meal Replacement,Ensure Nutrivigor Shake Vanilla Rtd 220ml,220ml,£14.55/L,3.20,,
Boots Borehamwood,"Food, Drinks & Snacks","Water, Juice & Smoothies",Evian Water 750ml,750ml,£2.73/L,2.05,,
Boots Borehamwood,"Food, Drinks & Snacks",Milkshakes & Meal Replacement,Huel Black Edition Ready-To-Drink Chocolate 500ml,500ml,£8.70/L,4.35,,
Boots Borehamwood,"Food, Drinks & Snacks",Milkshakes & Meal Replacement,Huel Lite Banana 500ml,500ml,£8.00/L,4.00,,
Boots Borehamwood,"Food, Drinks & Snacks",Milkshakes & Meal Replacement,Huel Ready-To-Drink Banana - 500ml,500ml,£8.00/L,4.00,,
Boots Borehamwood,"Food, Drinks & Snacks",Milkshakes & Meal Replacement,Huel Ready-To-Drink Chocolate - 500ml,500ml,£8.00/L,4.00,,
Boots Borehamwood,"Food, Drinks & Snacks",Milkshakes & Meal Replacement,Huel Ready-To-Drink Strawberries & Cream - 500ml,500ml,£8.00/L,4.00,,
Boots Borehamwood,"Food, Drinks & Snacks",Milkshakes & Meal Replacement,Huel Ready-To-Drink Vanilla - 500ml,500ml,£8.00/L,4.00,,
Boots Borehamwood,"Food, Drinks & Snacks",Milkshakes & Meal Replacement,Huel Ready-to-Drink Salted Caramel 500ml,500ml,£8.00/L,4.00,,
Boots Borehamwood,"Food, Drinks & Snacks",Milkshakes & Meal Replacement,Huel Ready-to-Drink Vanilla 500ml,500ml,£8.70/L,4.35,,
Boots Borehamwood,"Food, Drinks & Snacks",Milkshakes & Meal Replacement,Huel Ready-to-drink Cinnamon 500ml,500g,£8.00/kg,4.00,,
Boots Borehamwood,"Food, Drinks & Snacks","Water, Juice & Smoothies",Innocent Apple Juice 330ml,330ml,£7.42/L,2.45,,
Boots Borehamwood,"Food, Drinks & Snacks","Water, Juice & Smoothies",Innocent Apple Mango Juice 330ml,330ml,£7.42/L,2.45,,
Boots Borehamwood,"Food, Drinks & Snacks","Water, Juice & Smoothies","Innocent Cherry, Beetroot, Apple & Spinach Smoothie 250ml",250ml,£10.40/L,2.60,,
Boots Borehamwood,"Food, Drinks & Snacks","Water, Juice & Smoothies",Innocent Juice Apple & Guava 330ml,330ml,£8.94/L,2.95,,
Boots Borehamwood,"Food, Drinks & Snacks","Water, Juice & Smoothies",Innocent Orange Juice Bits 330ml,330ml,£7.42/L,2.45,,
Boots Borehamwood,"Food, Drinks & Snacks","Water, Juice & Smoothies",Innocent Orange Juice Smooth 330ml,330ml,£7.42/L,2.45,,
Boots Borehamwood,"Food, Drinks & Snacks","Water, Juice & Smoothies",Innocent Plus Juice Citrus Shield 330ml,330ml,£8.94/L,2.95,,
Boots Borehamwood,"Food, Drinks & Snacks","Water, Juice & Smoothies",Innocent Super Smoothie Energise 300ml,300ml,£9.83/L,2.95,,
Boots Borehamwood,"Food, Drinks & Snacks","Water, Juice & Smoothies",Innocent Super Smoothie Revitalise 300ml,300ml,£9.83/L,2.95,,
Boots Borehamwood,"Food, Drinks & Snacks","Water, Juice & Smoothies",Innocent Super Smoothie Tropical Defence 300ml,300ml,£9.83/L,2.95,,
Boots Borehamwood,"Food, Drinks & Snacks",Sandwiches & Wraps,Jake & Nayns Chicken Tikka Loaded Naan 185g,185g,£23.24/kg,4.30,,
Boots Borehamwood,"Food, Drinks & Snacks",Sandwiches & Wraps,Jake & Nayns Chickpea Masala Naan 185g,185g,£23.24/kg,4.30,,
Boots Borehamwood,"Food, Drinks & Snacks","Water, Juice & Smoothies",Lipton Ice Tea Lemon 500ml,500ml,£4.70/L,2.35,,
Boots Borehamwood,"Food, Drinks & Snacks","Water, Juice & Smoothies",Lipton Ice Tea Peach 500ml,500ml,£4.70/L,2.35,,
Boots Borehamwood,"Food, Drinks & Snacks","Water, Juice & Smoothies",Naked Protein Machine Pineapple & Mango 300ml,300ml,£11.50/L,3.45,,
Boots Borehamwood,"Food, Drinks & Snacks","Water, Juice & Smoothies",Naked Smoothie Blue Machine 300ml,300ml,£10.33/L,3.10,,
Boots Borehamwood,"Food, Drinks & Snacks","Water, Juice & Smoothies",Naked Smoothie Gold Machine 300ml,300ml,£10.33/L,3.10,,
Boots Borehamwood,"Food, Drinks & Snacks","Water, Juice & Smoothies",Naked Smoothie Green Machine 300ml,300ml,£10.33/L,3.10,,
Boots Borehamwood,"Food, Drinks & Snacks","Water, Juice & Smoothies",Oasis Citrus Punch 500ml,500ml,£4.80/L,2.40,,
Boots Borehamwood,"Food, Drinks & Snacks","Water, Juice & Smoothies",Oasis Summer Fruits 500ml,500ml,£4.80/L,2.40,,
Boots Borehamwood,"Food, Drinks & Snacks",Milkshakes & Meal Replacement,Paediasure Shake Nutritional Supplement Multivitamin Drink - Chocolate Flavour 850g,850g,£32.06/kg,27.25,,
Boots Borehamwood,"Food, Drinks & Snacks","Water, Juice & Smoothies",Ribena Blackcurrant 500ml,500ml,£3.60/L,1.80,,
Boots Borehamwood,"Food, Drinks & Snacks","Water, Juice & Smoothies",Ribena Light 500ml,500ml,£3.60/L,1.80,,
Boots Borehamwood,"Food, Drinks & Snacks","Water, Juice & Smoothies",Ribena Pineapple & Passion Fruit Drink,500ml,£3.60/L,1.80,,
Boots Borehamwood,"Food, Drinks & Snacks","Water, Juice & Smoothies",Robinsons RTD Orange & Mango 500ml Soft Drink,500ml,£4.80/L,2.40,,
Boots Borehamwood,"Food, Drinks & Snacks","Water, Juice & Smoothies",Robinsons Real Fruit Soft Drink Raspberry Apple 500ml,500ml,£4.80/L,2.40,,
Boots Borehamwood,"Food, Drinks & Snacks",Milkshakes & Meal Replacement,Shaken Udder Chocolate Flavoured Protein Milkshake 330ml,330ml,£7.88/L,2.60,,
Boots Borehamwood,"Food, Drinks & Snacks",Milkshakes & Meal Replacement,Shaken Udder Chocolush Milkshake 330ml,330ml,£6.97/L,2.30,,
Boots Borehamwood,"Food, Drinks & Snacks",Milkshakes & Meal Replacement,Shaken Udder Raspberry Ripple Flavoured Milkshake 330ml,330ml,£6.97/L,2.30,,
Boots Borehamwood,"Food, Drinks & Snacks",Milkshakes & Meal Replacement,Shaken Udder Vanillalicious Vanilla Flavoured Milkshake 330ml,330ml,£6.97/L,2.30,,
Boots Borehamwood,"Food, Drinks & Snacks",Sandwiches & Wraps,Simply Cheese Sandwich,132g,£15.15/kg,2.00,,
Boots Borehamwood,"Food, Drinks & Snacks",Sandwiches & Wraps,Simply Ham Sandwich,122g,£16.39/kg,2.00,,
Boots Borehamwood,"Food, Drinks & Snacks",Milkshakes & Meal Replacement,Slimfast Banana Flavour Shake - 365g,365g,£25.21/kg,9.20,,
Boots Borehamwood,"Food, Drinks & Snacks",Milkshakes & Meal Replacement,Slimfast Cafe Latte Shake 6 x 325ml,1.95L,£6.21/L,12.10,,
Boots Borehamwood,"Food, Drinks & Snacks",Milkshakes & Meal Replacement,Slimfast Chocolate Flavour Shake - 375g,375g,£24.53/kg,9.20,,
Boots Borehamwood,"Food, Drinks & Snacks",Milkshakes & Meal Replacement,Slimfast Chocolate Flavour Shake 6 x 325ml,1.95L,£6.21/L,12.10,,
Boots Borehamwood,"Food, Drinks & Snacks",Milkshakes & Meal Replacement,Slimfast Meal Replacement Bar Multipack Salted Caramel 60g 4s,240g,£38.33/kg,9.20,,
Boots Borehamwood,"Food, Drinks & Snacks",Milkshakes & Meal Replacement,Slimfast Raspberry & White Chocolate Flavour Shake 365g,365g,£25.21/kg,9.20,,
Boots Borehamwood,"Food, Drinks & Snacks",Milkshakes & Meal Replacement,Slimfast Strawberry Flavour Shake - 365g,365g,£25.21/kg,9.20,,
Boots Borehamwood,"Food, Drinks & Snacks",Milkshakes & Meal Replacement,Slimfast Summer Strawberry Shakes 6 x 325ml (1.95L),1.95L,£6.21/L,12.10,,
Boots Borehamwood,"Food, Drinks & Snacks","Water, Juice & Smoothies",Smart Water 600ml,600ml,£2.83/L,1.70,,
Boots Borehamwood,"Food, Drinks & Snacks","Water, Juice & Smoothies",Smart Water 850ml,850ml,£2.53/L,2.15,,
Boots Borehamwood,"Food, Drinks & Snacks",Sandwiches & Wraps,Tanpopo Chicken Katsu & Rice 240g,240g,£18.75/kg,4.50,,
Boots Borehamwood,"Food, Drinks & Snacks",Sandwiches & Wraps,Tanpopo Spicy Korean Chicken & Rice 238g,238g,£18.91/kg,4.50,,
Boots Borehamwood,"Food, Drinks & Snacks","Water, Juice & Smoothies",The Turmeric Co. Raw Turmeric & Ginger 60ml,60ml,£38.33/L,2.30,,
Boots Borehamwood,"Food, Drinks & Snacks","Water, Juice & Smoothies",The Turmeric Co. Raw Turmeric Vitamin C & D3 60ml,60ml,£38.33/L,2.30,,
Boots Borehamwood,"Food, Drinks & Snacks","Water, Juice & Smoothies",Trip CBD Drink Elderflower Mint 250ml,250ml,£9.20/L,2.30,,
Boots Borehamwood,"Food, Drinks & Snacks","Water, Juice & Smoothies",Vita Coco Natural Coconut Water 500ml,500ml,£6.30/L,3.15,,
Boots Borehamwood,"Food, Drinks & Snacks","Water, Juice & Smoothies",Vita Coco Pressed Coconut Water 500ml,500ml,£6.30/L,3.15,,
Boots Borehamwood,"Food, Drinks & Snacks","Water, Juice & Smoothies",Vithit Apple and Elderflower 500ml,500ml,£4.80/L,2.40,,
Boots Borehamwood,"Food, Drinks & Snacks","Water, Juice & Smoothies",Vithit Berry Boost 500ml,500ml,£4.80/L,2.40,,
Boots Borehamwood,"Food, Drinks & Snacks","Water, Juice & Smoothies",Vithit Dragonfruit and Yuzu 500ml,500ml,£4.80/L,2.40,,
Boots Borehamwood,"Food, Drinks & Snacks","Water, Juice & Smoothies",Vithit Perform Mango & Passionfruit 500ml,500ml,£4.80/L,2.40,,
Boots Borehamwood,"Food, Drinks & Snacks","Water, Juice & Smoothies",Volvic Touch of Fruit Lemon & Lime Sugar Free 750ml,750ml,£3.20/L,2.40,,
Boots Borehamwood,"Food, Drinks & Snacks","Water, Juice & Smoothies",Volvic Touch of Fruit Strawberry Sugar Free 750ml,750ml,£3.20/L,2.40,,
Boots Borehamwood,Haircare,Hair Accessories,Boots Black Hair Grips 30s,30pk,£0.03 each,1.00,,
Boots Borehamwood,Haircare,Hair Accessories,Boots Black Leopard Scrunchie,,,4.00,,
Boots Borehamwood,Haircare,Hair Accessories,Boots Blonde Hair Grips 30s,30pk,£0.03 each,1.00,,
Boots Borehamwood,Haircare,Hair Accessories,Boots Brown Hair Grips 30s,30pk,£0.03 each,1.00,,
Boots Borehamwood,Haircare,Hair Accessories,Boots Clear Polybands 150s,150pk,£0.03 each,4.50,,
Boots Borehamwood,Haircare,Hair Accessories,Boots Clear Polybands 75s,75pk,£0.04 each,3.00,,
Boots Borehamwood,Haircare,Hair Accessories,Boots Click Clacks X 6,6pk,£0.33 each,2.00,,
Boots Borehamwood,Haircare,Hair Accessories,Boots Curling Ribbon Detachable Bobbles X 1,,,10.00,,
Boots Borehamwood,Haircare,Hair Accessories,Boots Hair Pony Bands Mixed 50s,50pk,£0.08 each,4.00,,
Boots Borehamwood,Haircare,Hair Accessories,Boots Hair Sectioning Clips Black 4s,4pk,£0.75 each,3.00,,
Boots Borehamwood,Haircare,Hair Accessories,Boots Hair Tinting Bowl Set,,,5.00,,
Boots Borehamwood,Haircare,Hair Accessories,Boots Jaw Clip,,,3.00,,
Boots Borehamwood,Haircare,Hair Accessories,Boots Jaw Clip Mix 3s,3pk,£1.33 each,4.00,,
Boots Borehamwood,Haircare,Hair Accessories,Boots Jaw Clip Non Slip Black,,,2.50,,
Boots Borehamwood,Haircare,Hair Accessories,Boots Jaw Clip Non Slip Tortoise,,,2.50,,
Boots Borehamwood,Haircare,Hair Accessories,Boots Jaw Clip Tortoise & Black 2s,2pk,£1.25 each,2.50,,
Boots Borehamwood,Haircare,Hair Accessories,Boots Jaw Clips Tortoise Small 2s,2pk,£1.25 each,2.50,,
Boots Borehamwood,Haircare,Hair Accessories,Boots Kids Scrunchie Velvet Navy/black 2s,2pk,£1.75 each,3.50,,
Boots Borehamwood,Haircare,Hair Accessories,Boots Kids Scrunchies Red and Black Velvet,2pk,£1.75 each,3.50,,
Boots Borehamwood,Haircare,Hair Accessories,Boots Large Banana Jawclip Black,,,4.00,,
Boots Borehamwood,Haircare,Hair Accessories,Boots Mini Jaw Clips 12s 1.5cm,12pk,£0.33 each,4.00,,
Boots Borehamwood,Haircare,Hair Accessories,Boots Mini Jaw Clips 6s,6pk,£0.50 each,3.00,,
Boots Borehamwood,Haircare,Hair Accessories,Boots Mixed Black Tortoise Jaw Clips Small 8s,8pk,£0.50 each,4.00,,
Boots Borehamwood,Haircare,Hair Accessories,Boots No Dent Clip 3S,3pk,£1.00 each,3.00,,
Boots Borehamwood,Haircare,Hair Accessories,Boots Non Slip Headbands Mixed 2s,2pk,£1.50 each,3.00,,
Boots Borehamwood,Haircare,Hair Accessories,Boots Ribbed Elastic Ponytail 6s,6pk,£0.33 each,2.00,,
Boots Borehamwood,Haircare,Hair Accessories,Boots Slim Scrunchies 6PK,6pk,£0.67 each,4.00,,
Boots Borehamwood,Haircare,Hair Accessories,Boots Soft Grip Scrunchies Black,6pk,£0.75 each,4.50,,
Boots Borehamwood,Haircare,Hair Accessories,Boots Spiral Tortoise Bobbles 4s,4pk,£0.75 each,3.00,,
Boots Borehamwood,Haircare,Hair Accessories,Boots Standard Ponybands Black 30s,30pk,£0.08 each,2.50,,
Boots Borehamwood,Haircare,Hair Accessories,Boots Standard Ponybands Brown 30s,30pk,£0.08 each,2.50,,
Boots Borehamwood,Haircare,Hair Accessories,Boots Textured Hair Pony Band Brown 10s,10pk,£0.25 each,2.50,,
Boots Borehamwood,Haircare,Hair Accessories,Boots Textured Hair Pony Bands Black 10s,10pk,£0.25 each,2.50,,
Boots Borehamwood,Haircare,Hair Accessories,Boots Textured Neutrals,10pk,£0.25 each,2.50,,
Boots Borehamwood,Haircare,Hair Accessories,Boots Thick Ponybands Black 100s,100pk,£0.05 each,5.00,,
Boots Borehamwood,Haircare,Hair Accessories,Boots Thick Ponybands Black 10s,10pk,£0.15 each,1.50,,
Boots Borehamwood,Haircare,Hair Accessories,Boots Thick Ponybands Blonde 10s,10pk,£0.15 each,1.50,,
Boots Borehamwood,Haircare,Hair Accessories,Boots Thick Ponybands Brown 10s,10pk,£0.15 each,1.50,,
Boots Borehamwood,Haircare,Hair Accessories,Boots Thin Ponybands Black 10s,10pk,£0.15 each,1.50,,
Boots Borehamwood,Haircare,Hair Accessories,Boots Thin Ponybands Blonde 10s,10pk,£0.15 each,1.50,,
Boots Borehamwood,Haircare,Hair Accessories,Boots Thin Ponybands Brown 10s,10pk,£0.15 each,1.50,,
Boots Borehamwood,Haircare,Hair Accessories,Boots Wavy Jaw Claw Blue 1s,,,3.00,,
Boots Borehamwood,Haircare,Hair Accessories,Boots Zigzag Headband Tortoise & Black 2s,2pk,£1.50 each,3.00,,
Boots Borehamwood,Haircare,Hair Accessories,Cantu Satin Bonnet Classic,,,10.35,,
Boots Borehamwood,Haircare,Hair Accessories,Invisibobble Hair Tie Black 5 Pack,5pk,£1.37 each,6.85,,
Boots Borehamwood,Haircare,Hair Accessories,Invisibobble Hair Tie Mocha 5 Pack,5pk,£1.37 each,6.85,,
Boots Borehamwood,Haircare,Hair Accessories,"Invisibobble Power Clear Strong Hold Hair Ties, 3 Pack",3pk,£2.30 each,6.90,,
Boots Borehamwood,Haircare,Hair Accessories,Kitsch Eco-Friendly Nylon Elastics 20pc Set - Black,20pk,£0.35 each,6.90,,
Boots Borehamwood,Haircare,Hair Accessories,Kitsch Satin Sleep Scrunchie 5s - Black,5pk,£1.49 each,7.45,,
Boots Borehamwood,Haircare,Hair Accessories,Paradisefold Silk Turban,,,23.10,,
Boots Borehamwood,Haircare,Hair Masks,&Honey Deep Moist Hair Oil 3.0 100ml,100ml,£186.50/L,18.65,,
Boots Borehamwood,Haircare,Hair Masks,Arkive The Future Youth Treatment Mask 180ml,180ml,£91.67/L,16.50,,
Boots Borehamwood,Haircare,Hair Masks,"Aussie Deeep Moisture Hair Mask 500ml. Rehydrates, Nourishes & Deeply Conditions Dry Hair",500ml,£22.90/L,11.45,,3 for 33% off
Boots Borehamwood,Haircare,Hair Masks,Aussie Oh My Gloss Glossing Hair Mask 500ml. Moisturises Dry And Dull Hair,500ml,£22.90/L,11.45,,3 for 33% off
Boots Borehamwood,Haircare,Hair Masks,Aussie Reconstructor Hair Mask 500ml To Revive And Moisturise Dry And Damaged Hair,500ml,£22.00/L,11.00,,3 for 33% off
Boots Borehamwood,Haircare,Hair Masks,Aussie Sos Supercharged Hydration Hair Mask 500ml,500g,£26.40/kg,13.20,,3 for 50% off
Boots Borehamwood,Haircare,Hair Masks,Aussie Sos Supercharged Repair Hair Mask 500ml,500g,£33.00/kg,16.50,,3 for 50% off
Boots Borehamwood,Haircare,Hair Masks,Dove Damage Rescue 10-in-1 Repairing Mask 270ml,270ml,£40.74/L,11.00,,
Boots Borehamwood,Haircare,Hair Masks,Dove Density & Growth hair mask 270ml,270ml,£40.74/L,11.00,,
Boots Borehamwood,Haircare,Hair Masks,Dove Soothing Hydration 10-in-1 Hydrating Mask 270ml,270ml,£40.74/L,11.00,,
Boots Borehamwood,Haircare,Hair Masks,Garnier Diamond Sleek Shine-Coat Smoothing Spray,150ml,£88.00/L,13.20,,
Boots Borehamwood,Haircare,Hair Masks,"Garnier Keratin Sleek Hair Mask, Up to 3 Days of Sleek & Shine, with 13% Keratin Smoothing Complex and Argan Oil, 370ml",370ml,£29.73/L,11.00,,
Boots Borehamwood,Haircare,Hair Masks,Garnier Olia Hair Gloss (Shade: Cowboy Copper),150ml,£95.00/L,14.25,,
Boots Borehamwood,Haircare,Hair Masks,Garnier Olia Hair Gloss (Shade: Expensive Brunette),150ml,£95.00/L,14.25,,
Boots Borehamwood,Haircare,Hair Masks,Garnier Olia Hair Gloss (Shade: Scandi Blonde),150ml,£95.00/L,14.25,,
Boots Borehamwood,Haircare,Hair Masks,Garnier Ultimate Blends Glowing Lengths Pineapple & Amla Hair Food 3-In-1 Hair Mask Treatment 400ml,400ml,£25.75/L,10.30,,
Boots Borehamwood,Haircare,Hair Masks,Garnier Ultimate Blends Hair Food Aloe Vera 3-In-1 Normal Hair Mask Treatment 400ml,390ml,£26.41/L,10.30,,
Boots Borehamwood,Haircare,Hair Masks,Garnier Ultimate Blends Hair Food Coconut 3 In 1 Frizzy Hair Mask Treatment 390ml,390ml,£26.41/L,10.30,,
Boots Borehamwood,Haircare,Hair Masks,Garnier Ultimate Blends Hair Food Papaya 3-In-1 Hair Mask Treatment For Damaged Hair 400ml,390ml,£26.41/L,10.30,,
Boots Borehamwood,Haircare,Hair Masks,Garnier Ultimate Blends Plumping Hair Food Watermelon 3-In-1 Fine Hair Mask Treatment 400ml,390ml,£26.41/L,10.30,,
Boots Borehamwood,Haircare,Hair Masks,Glaze Supergloss Clear Conditioning Hair Gloss Sheer Glow 190ml,190ml,£92.63/L,17.60,,
Boots Borehamwood,Haircare,Hair Masks,Glaze Supergloss Color Conditioning Hair Gloss Blazing Brown for Instant Shine 190ml,190ml,£92.63/L,17.60,,
Boots Borehamwood,Haircare,Hair Masks,Glaze Supergloss Color Conditioning Hair Gloss Chocolate Gleam for Instant Shine 190ml,190ml,£92.63/L,17.60,,
Boots Borehamwood,Haircare,Hair Masks,Glaze Supergloss Color Conditioning Hair Gloss Sleek Espresso for Instant Shine 190ml,190ml,£92.63/L,17.60,,
Boots Borehamwood,Haircare,Hair Masks,Glaze Supergloss Toning Conditioning Hair Gloss Pearl Blonde for Instant Shine 190ml,190ml,£92.63/L,17.60,,
Boots Borehamwood,Haircare,Hair Masks,Head & Shoulders moisture dermaxpro hair treatments hydrate mask 300ml,300ml,£55.00/L,16.50,,3 for 33% off
Boots Borehamwood,Haircare,Hair Masks,Herbal Essences Argan Oil Repair Hair Mask 500ml To Intensely Nourish Damaged Hair,500ml,£24.20/L,12.10,,
Boots Borehamwood,Haircare,Hair Masks,Herbal Essences Rose Scent Petal Soft Hair Mask 500ml To Intensely Nourish Dry Hair,500ml,£24.20/L,12.10,,
Boots Borehamwood,Haircare,Hair Masks,L'Oreal Paris Elvive Colour Protect Anti-Brassiness Purple Hair Mask For Coloured Or Highlighted Hair 250ml,250ml,£36.60/L,9.15,,3 for 33% off
Boots Borehamwood,Haircare,Hair Masks,L'Oreal Paris Elvive Colour Protect Hair Mask For Coloured Or Highlighted Hair 300ml,300ml,£34.33/L,10.30,,3 for 33% off
Boots Borehamwood,Haircare,Hair Masks,L'Oreal Paris Elvive Dream Lengths Mask 300ml,300ml,£30.50/L,9.15,,3 for 33% off
Boots Borehamwood,Haircare,Hair Masks,L'Oreal Paris Elvive Extraordinary Oil Hair Mask For Nourishing Dry Hair 300ml,300ml,£30.50/L,9.15,,3 for 33% off
Boots Borehamwood,Haircare,Hair Masks,L'Oreal Paris Elvive Extraordinary Oil Hair Oiling Mask For Very Dry Hair 300ml,300ml,£30.67/L,9.20,,3 for 33% off
Boots Borehamwood,Haircare,Hair Masks,L'Oreal Paris Elvive Hydra Hyaluronic Hair Mask With Hyaluronic Acid For Dry Hair 300ml,300ml,£34.33/L,10.30,,3 for 33% off
Boots Borehamwood,Haircare,Hair Masks,Lee Stafford Bleach Blondes Purple Toning Treatment Mask 200ml,200ml,£57.75/L,11.55,,
Boots Borehamwood,Haircare,Hair Masks,Lee Stafford Coco Loco With Agave Blow And Go 11-In-1 Lotion 100ml,100ml,£115.50/L,11.55,,
Boots Borehamwood,Haircare,Hair Masks,"Ogx Rescue Fusions Intense Hydration Recovery Hair Mask, 285ml",285ml,£46.32/L,13.20,,
Boots Borehamwood,Haircare,Hair Masks,Only Curls Deep Hydration Hair Mask 250ml,250ml,£100.80/L,25.20,,
Boots Borehamwood,Haircare,Hair Masks,Pantene Molecular Bond Repair Intensive Mask With Biotin 300ml. Pro-V Concentrated Formula,300ml,£18.33/L,5.50,11.00,50% off
Boots Borehamwood,Haircare,Hair Masks,Pantene Pro-V Repair & Protect Keratin Protect Hair Mask 300ml For Dry And Damaged Hair,300ml,£12.43/L,3.73,7.45,50% off
Boots Borehamwood,Haircare,Hair Masks,Sheamoisture Intensive Hydration Hair Mask Manuka Honey & Mafura Oil Masque 355 ml,355ml,£43.24/L,15.35,,
Boots Borehamwood,Haircare,Hair Masks,Sheamoisture Strengthen & Restore Hair Treatment Mask Jamaican Black Castor Oil 355ml,355g,£43.24/kg,15.35,,
Boots Borehamwood,Haircare,Hair Masks,Toni & Guy Hair Mask Damage Repair 200ml,200ml,£41.25/L,8.25,,
Boots Borehamwood,Haircare,Hair Masks,Umberto Giannini 60 Second Curls 1 Minute Moisture Mask 200ml,200ml,£53.00/L,10.60,,
Boots Borehamwood,Haircare,Hair Styling,Arkive The Movement Dry Texturising Spray 200ml,200ml,£77.00/L,15.40,,
Boots Borehamwood,Haircare,Hair Styling,Arkive The Veil Hairspray 250ml,250ml,£61.60/L,15.40,,
Boots Borehamwood,Haircare,Hair Styling,"Aussie Bouncy Curls Butter Hair Mask 500ml To Detangle And Moisturise Wavy, Curly Hair",500ml,£22.90/L,11.45,,3 for 33% off
Boots Borehamwood,Haircare,Hair Styling,Boots Fly Away Tamer 14ml,14g,£250.00/kg,3.50,,
Boots Borehamwood,Haircare,Hair Styling,Camille Rose Curl Maker Curling Jelly 355ml,355ml,£52.54/L,18.65,,
Boots Borehamwood,Haircare,Hair Styling,Cantu Avocado Hydrating Curl Activator 355ml,355ml,£26.62/L,9.45,,
Boots Borehamwood,Haircare,Hair Styling,Cantu Moisturising Curl Activator Cream,355ml,£27.46/L,9.75,,
Boots Borehamwood,Haircare,Hair Styling,Cantu Shea Butter For Natural Hair Coconut Oil Shine & Hold Mist 237ml,237ml,£36.29/L,8.60,,
Boots Borehamwood,Haircare,Hair Styling,Cantu Shea Butter For Natural Hair Coil Calm Detangler 237ml,237ml,£36.29/L,8.60,,
Boots Borehamwood,Haircare,Hair Styling,Cantu Shea Butter For Natural Hair Moisturizing Twist & Lock Gel 370g,370g,£23.24/kg,8.60,,
Boots Borehamwood,Haircare,Hair Styling,Charles Worthington Sunshine Uv Protection Leave-In Spray Takeaway 50ml,50ml,£82.00/L,4.10,,
Boots Borehamwood,Haircare,Hair Styling,Charles Worthington Volume & Bounce Body Booster Mousse 200ml,200ml,£53.00/L,10.60,,
Boots Borehamwood,Haircare,Hair Styling,Curlsmith Shake + Shine Curl Refreshing Mist 195ml,195ml,£129.23/L,25.20,,
Boots Borehamwood,Haircare,Hair Styling,Eco Style Olive Oil Styling Gel 236ml,237ml,£19.20/L,4.55,,
Boots Borehamwood,Haircare,Hair Styling,Fudge Professional Matte Hed Hair Wax 85g,85g,£213.53/kg,18.15,,
Boots Borehamwood,Haircare,Hair Styling,"Garnier Method For Curls Mask, Up To 1 Week Of Moisture. Silicone Free, Vegan Formula, 370ml",370ml,£30.95/L,11.45,,
Boots Borehamwood,Haircare,Hair Styling,Got2b Glued Brow Lift Styling Wax,12ml,£670.83/L,8.05,,
Boots Borehamwood,Haircare,Hair Styling,John Frieda Go Blonder Lightening Spray 100ml,100ml,£114.50/L,11.45,,
Boots Borehamwood,Haircare,Hair Styling,John Frieda Profiller Plus Strengthening Super Fluid 100ml,100ml,£114.50/L,11.45,,
Boots Borehamwood,Haircare,Hair Styling,Johnny's Chop Shop Trigger Happy Texturising Spray 125ml,125ml,£72.80/L,9.10,,
Boots Borehamwood,Haircare,Hair Styling,L'Oreal Elnett Creme De Mousse Curls Strong Hold 200ml,200ml,£41.75/L,8.35,,
Boots Borehamwood,Haircare,Hair Styling,L'Oreal Elnett Hairspray Strong Hold & Shine 75ml,75ml,£51.33/L,3.85,,
Boots Borehamwood,Haircare,Hair Styling,L'Oreal Elnett Heat Protect Straight Hairspray 170ml,170ml,£49.12/L,8.35,,
Boots Borehamwood,Haircare,Hair Styling,"L'Oreal Paris Elnett Hairspray, Care For Damaged Hair With Argan Oil - Strong Hold 75ml",75ml,£51.33/L,3.85,,
Boots Borehamwood,Haircare,Hair Styling,"L'Oreal Paris Elnett Hairspray, Shine For Dull Hair - Strong Hold 75ml",75ml,£51.33/L,3.85,,
Boots Borehamwood,Haircare,Hair Styling,L'Oreal Paris Elvive Dream Lengths Heat Splayer Spray 150ml,150ml,£47.67/L,7.15,,3 for 33% off
Boots Borehamwood,Haircare,Hair Styling,L'Oreal Paris Elvive Extraordinary Hair Oil 100ml,100ml,£165.00/L,16.50,,3 for 33% off
Boots Borehamwood,Haircare,Hair Styling,L'Oreal Paris Elvive Extraordinary Hair Oil For Coloured Hair 100ml,100ml,£165.00/L,16.50,,3 for 33% off
Boots Borehamwood,Haircare,Hair Styling,L'Oreal Paris Magic Retouch permanent root concealer dye black 2 95g,95g,£127.37/kg,12.10,,
Boots Borehamwood,Haircare,Hair Styling,Lee Stafford Coco Loco Firm Hold Hairspray 250ml,250ml,£39.00/L,9.75,,
Boots Borehamwood,Haircare,Hair Styling,Lee Stafford Coco Loco Shine Oil 75ml,75ml,£154.00/L,11.55,,
Boots Borehamwood,Haircare,Hair Styling,Lee Stafford For The Love Of Curls Custard Cream 125ml,125ml,£87.20/L,10.90,,
Boots Borehamwood,Haircare,Hair Styling,Lee Stafford Hold Tight Hairspray 250ml,250ml,£39.00/L,9.75,,
Boots Borehamwood,Haircare,Hair Styling,Mark Hill Style Addict Perfect Blow Dry Kit,,,41.95,,
Boots Borehamwood,Haircare,Hair Styling,Mielle Pomegranate & Honey Coil Sculpting Custard,340ml,£45.15/L,15.35,,
Boots Borehamwood,Haircare,Hair Styling,Mielle Rosemary Mint Strengthening Hair Masque,340ml,£35.44/L,12.05,,
Boots Borehamwood,Haircare,Hair Styling,Nanogen Hair Thickening Keratin Fibres - Black 30g (2 Months' Supply),30g,"£1,050.00/kg",31.50,,
Boots Borehamwood,Haircare,Hair Styling,Nature Spell Rosemary Oil For Hair 150ml,150ml,£63.33/L,9.50,,
Boots Borehamwood,Haircare,Hair Styling,Ogx Argan Oil Heat Protect Spray 177ml,177ml,£48.59/L,8.60,,
Boots Borehamwood,Haircare,Hair Styling,Ogx Damage Remedy+ Coconut Miracle Oil Extra Strength Penetrating Oil 100ml,100ml,£114.50/L,11.45,,
Boots Borehamwood,Haircare,Hair Styling,Ogx Renewing+ Argan Oil Of Morocco Extra Penetrating Oil 100ml,100ml,£114.50/L,11.45,,
Boots Borehamwood,Haircare,Hair Styling,Ogx Renewing+ Argan Oil Of Morocco Penetrating Oil 100ml,100ml,£114.50/L,11.45,,
Boots Borehamwood,Haircare,Hair Styling,"Ogx Rescue Fusions 24H Frizz Control Smooth & Sleek Oil, 50ml",50ml,£330.00/L,16.50,,
Boots Borehamwood,Haircare,Hair Styling,Pantene 7-In-1 Weightless Hair Oil Mist With Biotin 145ml. Pro V Miracles Hairspray,145ml,£37.93/L,5.50,11.00,50% off
Boots Borehamwood,Haircare,Hair Styling,Schwarzkopf Got2b Glued Blasting Freeze Hairspray 100ml,100g,£27.00/kg,2.70,,
Boots Borehamwood,Haircare,Hair Styling,Tresemme Firm Hold Hairspray 100ml,100ml,£39.00/L,3.90,,
Boots Borehamwood,Haircare,Hair Styling,Tresemme Flawless Volume Hairspray 400ml,400ml,£19.25/L,7.70,,
Boots Borehamwood,Haircare,Hair Styling,Umberto Giannini Banana Coconut Detangler 250ml,250ml,£45.00/L,11.25,,
Boots Borehamwood,Haircare,Hair Styling,Umberto Giannini Curl Jelly Mask 300ml,300ml,£43.67/L,13.10,,
Boots Borehamwood,Haircare,Hair Styling,Umberto Giannini Thirsty Curls Detangler 250ml,250ml,£45.60/L,11.40,,
Boots Borehamwood,Haircare,Hair Treatment,&Honey Deep Moist Treatment 2.0 445g,445g,£39.44/kg,17.55,,
Boots Borehamwood,Haircare,Hair Treatment,&Honey Melty Moist Repair Oil 3.0 100ml,100ml,£186.50/L,18.65,,
Boots Borehamwood,Haircare,Hair Treatment,&Honey Melty Moist Repair Shampoo 1.0 440ml,440ml,£39.89/L,17.55,,
Boots Borehamwood,Haircare,Hair Treatment,&Honey Melty Moist Repair Treatment 2.0 445g,445g,£39.44/kg,17.55,,
Boots Borehamwood,Haircare,Hair Treatment,Alpecin Liquid Hair Energizer 200ml,200ml,£54.50/L,10.90,,
Boots Borehamwood,Haircare,Hair Treatment,Aussie Frizz Off 24H Leave-In Serum 160ml,160ml,£82.50/L,13.20,,3 for 50% off
Boots Borehamwood,Haircare,Hair Treatment,"Aussie Oh My Gloss Moisture-Mazing Leave-In Hair Serum 160ml, Shine Booster",160ml,£68.75/L,11.00,,3 for 33% off
Boots Borehamwood,Haircare,Hair Treatment,Aussie Sos Super Serum Leave In Treatment 160ml,160ml,£82.50/L,13.20,,3 for 50% off
Boots Borehamwood,Haircare,Hair Treatment,Cantu Shea Butter Daily Oil Moisturizer 384ml,369g,£23.31/kg,8.60,,
Boots Borehamwood,Haircare,Hair Treatment,Cantu Weightless 15+ Benefits Daily Leave-In Treatment 236ml,236ml,£43.86/L,10.35,,
Boots Borehamwood,Haircare,Hair Treatment,Dove Damage Rescue hair serum 45ml,45ml,£244.44/L,11.00,,
Boots Borehamwood,Haircare,Hair Treatment,Dove Density & Growth hair serum 45ml,45ml,£244.44/L,11.00,,
Boots Borehamwood,Haircare,Hair Treatment,Head & Shoulders Derma X Pro gentle scalp care rinse off balm 145ml,145ml,£78.97/L,11.45,,3 for 33% off
Boots Borehamwood,Haircare,Hair Treatment,Head & Shoulders Derma X Pro moisture leave on treatment 145ml,145ml,£78.97/L,11.45,,3 for 33% off
Boots Borehamwood,Haircare,Hair Treatment,Herbal Essences Deep Repair Moroccan Argan Oil Elixir 95ml,95ml,£108.95/L,10.35,,
Boots Borehamwood,Haircare,Hair Treatment,John Frieda Frizz Ease Infinite Smooth Boosting Treatment 150ml,150ml,£76.33/L,11.45,,
Boots Borehamwood,Haircare,Hair Treatment,John Frieda Salon Blonde Tone Perfecting Hair Treatment Champagne 120ml,120ml,£118.75/L,14.25,,
Boots Borehamwood,Haircare,Hair Treatment,John Frieda Salon Blonde Tone Perfecting Hair Treatment Honey 120ml,120ml,£118.75/L,14.25,,
Boots Borehamwood,Haircare,Hair Treatment,Josh Wood Colour Miracle Shot 10ml,10ml,"£1,650.00/L",16.50,,
Boots Borehamwood,Haircare,Hair Treatment,"L'Oreal Paris Elvive Dream Lengths Frizz Killer Leave-In Serum For Long, Frizzy Hair 100ml",100ml,£103.00/L,10.30,,3 for 33% off
Boots Borehamwood,Haircare,Hair Treatment,L'Oreal Paris Elvive Extraordinary Oil Midnight Serum For Dry Hair 100ml,100ml,£164.50/L,16.45,,3 for 33% off
Boots Borehamwood,Haircare,Hair Treatment,L'Oreal Paris Elvive Glycolic Gloss 5 Minute Lamination Treatment For Dull Hair 200ml,200ml,£46.65/L,9.33,18.65,50% off
Boots Borehamwood,Haircare,Hair Treatment,L'Oreal Paris Elvive Glycolic Gloss Leave-In Serum For Dull Hair 150ml,150ml,£62.20/L,9.33,18.65,50% off
Boots Borehamwood,Haircare,Hair Treatment,L'Oreal Paris Elvive Growth Booster Serum 102ml,102ml,£91.67/L,9.35,18.70,50% off
Boots Borehamwood,Haircare,Hair Treatment,L'Oreal Paris Elvive Hydra Hyaluronic Acid Serum 150ml,150ml,£95.00/L,14.25,,3 for 33% off
Boots Borehamwood,Haircare,Hair Treatment,Lee Stafford Argan Oil Nourishing Miracle Oil 50ml,50ml,£297.00/L,14.85,,
Boots Borehamwood,Haircare,Hair Treatment,Lee Stafford Grow Strong & Long Activation Leave-In Treatment 100ml,100ml,£137.50/L,13.75,,
Boots Borehamwood,Haircare,Hair Treatment,Lee Stafford Grow Strong & Long Activation Treatment 200ml,200ml,£57.75/L,11.55,,
Boots Borehamwood,Haircare,Hair Treatment,Lee Stafford Grow Strong & Long Activation Treatment 20ml,20ml,£200.00/L,4.00,,
Boots Borehamwood,Haircare,Hair Treatment,Natur Vital Hair Loss Tonic Treatment 200ml,200g,£109.75/kg,21.95,,
Boots Borehamwood,Haircare,Hair Treatment,OGX Mirror Shine + Argan Oil Pre-Wash Gloss 118ml,118ml,£93.22/L,11.00,,
Boots Borehamwood,Haircare,Hair Treatment,"Ogx Bond Protein Repair & Protect Smoothing 3-In-1 Oil Mist, 50ml",50ml,£264.00/L,13.20,,
Boots Borehamwood,Haircare,Hair Treatment,Ogx Bond Protein Repair & Protect Stronger & Smoother Hair Serum 50ml,50ml,£264.00/L,13.20,,
Boots Borehamwood,Haircare,Hair Treatment,"Ogx Bond Protein Repair 1-Minute Treatment Mask, 200ml",200ml,£66.00/L,13.20,,
Boots Borehamwood,Haircare,Hair Treatment,Ogx Renewing+ Argan Oil Of Morocco Weightless Reviving Dry Oil 118ml,118ml,£97.03/L,11.45,,
Boots Borehamwood,Haircare,Hair Treatment,"Ogx Rescue Fusions Deep Recovery Overnight Treatment, 125ml",125ml,£132.00/L,16.50,,
Boots Borehamwood,Haircare,Hair Treatment,Pantene Hair Biology Menopause Hair Thickening Serum 100ml,100ml,£219.50/L,21.95,,3 for 50% off
Boots Borehamwood,Haircare,Hair Treatment,Pantene Molecular Bond Repair Leave In Hair Cream 90ml For Damaged Hair,90ml,£91.67/L,8.25,16.50,50% off
Boots Borehamwood,Haircare,Hair Treatment,"Pantene Pro-V Argan Infused Hair Oil, 100ml",100ml,£48.80/L,4.88,9.75,50% off
Boots Borehamwood,Haircare,Hair Treatment,Pantene Pro-V grow abundant anti hair-loss scalp serum 60ml,60ml,£175.00/L,10.50,21.00,50% off
Boots Borehamwood,Haircare,Hair Treatment,Pantene Pro-V moisture recharge heat & glow leave-in cream 135ml,135ml,£48.89/L,6.60,13.20,50% off
Boots Borehamwood,Haircare,Hair Treatment,Pantene Repair & Protect Hair Oil With Vitamin E 100ml,100ml,£48.80/L,4.88,9.75,50% off
Boots Borehamwood,Haircare,Hair Treatment,Plantur 39 Phtyo Caffeine Tonic 200ml,200ml,£65.75/L,13.15,,
Boots Borehamwood,Haircare,Hair Treatment,The Ordinary Multi-Peptide Serum For Hair Density 60ml,60ml,£383.33/L,23.00,,
Boots Borehamwood,Haircare,Hair Treatment,Tresemm Care & Protect Heat Defense Spray 270ml,270ml,£25.37/L,6.85,,
Boots Borehamwood,Haircare,Hair Treatment,Tresemme Hair Care Volumising Balm Heat Defence Blow Dry Creme 70ml,70ml,£102.14/L,7.15,,
Boots Borehamwood,Haircare,Hair Treatment,Tresemme Heat Defence Spray Care & Protect 60ml,60ml,£60.00/L,3.60,,
Boots Borehamwood,Haircare,Hair Treatment,Vita Coco Raw Organic Coconut Oil 250ml,250ml,£27.40/L,6.85,,
Boots Borehamwood,Haircare,Hair Treatment,Vo5 Invisibly Light Hair Oil 50ml,50ml,£115.00/L,5.75,,
Boots Borehamwood,Haircare,Hair Treatment,Wella Deluxe Rich Oil 100ml,100ml,£92.00/L,9.20,,
Boots Borehamwood,Haircare,Shampoo & Conditioner,Alberto Balsam Sunkissed Raspberry Shampoo 300ml,300ml,£3.83/L,1.15,,
Boots Borehamwood,Haircare,Men's Haircare,American Crew Forming Cream 85g,85g,£232.94/kg,19.80,,
Boots Borehamwood,Haircare,Scalp Treatment,Arkive The Crown Scalp Scrub 180ml,180ml,£91.67/L,16.50,,
Boots Borehamwood,Haircare,Shampoo & Conditioner,Aussie Bouncy Curls Conditioner 200ml,200ml,£28.75/L,5.75,,3 for 33% off
Boots Borehamwood,Haircare,Shampoo & Conditioner,Aussie Bouncy Curls Hydrating Conditioner 275ml. Moisturise Boost For Wavy And Curly Hair,275ml,£16.80/L,4.62,6.90,33% off
Boots Borehamwood,Haircare,Shampoo & Conditioner,Aussie Bouncy Curls Shampoo 300ml,300ml,£19.17/L,5.75,,3 for 33% off
Boots Borehamwood,Haircare,Shampoo & Conditioner,"Aussie Deeep Moisture Vegan Hair Conditioner, 200ml",200ml,£28.75/L,5.75,,3 for 33% off
Boots Borehamwood,Haircare,Shampoo & Conditioner,Aussie Hair Insurance Hair Conditioner Spray 250ml,250ml,£23.00/L,5.75,,3 for 33% off
Boots Borehamwood,Haircare,Shampoo & Conditioner,Aussie Mighty Mega Everyday Vegan Hair Conditioner 200ml,200ml,£28.75/L,5.75,,3 for 33% off
Boots Borehamwood,Haircare,Shampoo & Conditioner,Aussie Mighty Mega Shampoo 400ml.,400ml,£11.55/L,4.62,6.90,33% off
Boots Borehamwood,Haircare,Shampoo & Conditioner,Aussie Miracle Moist Shampoo 300ml,300ml,£19.17/L,5.75,,3 for 33% off
Boots Borehamwood,Haircare,Shampoo & Conditioner,Aussie Miracle Moist Shampoo 400ml. Moisture-Quenching Formula To Revive Dry,400ml,£11.55/L,4.62,6.90,33% off
Boots Borehamwood,Haircare,Shampoo & Conditioner,Aveeno Haircare Colour Protect+ Blackberry & Quinoa Blend Shampoo 300ml,300ml,£24.37/L,7.31,9.75,25% off
Boots Borehamwood,Haircare,Shampoo & Conditioner,Aveeno Haircare Volumising+ Fresh Greens Blend Conditioner 300ml,300ml,£24.37/L,7.31,9.75,25% off
Boots Borehamwood,Haircare,Shampoo & Conditioner,"Badedas 3 In 1 Revitalising Shower Gel, Shampoo And Conditioner 200 ml",200ml,£14.50/L,2.90,,
Boots Borehamwood,Haircare,Shampoo & Conditioner,Bed Head By Tigi Recovery Moisturising Conditioner 400ml,400ml,£19.38/L,7.75,,
Boots Borehamwood,Haircare,Shampoo & Conditioner,Being Big Hair Volumising Conditioner 354ml,354ml,£17.40/L,6.16,9.20,33% off
Boots Borehamwood,Haircare,Shampoo & Conditioner,Being Conditioner Curl Power 354ml,354ml,£17.40/L,6.16,9.20,33% off
Boots Borehamwood,Haircare,Shampoo & Conditioner,Being Conditioner Max Moisture 354ml,354ml,£17.40/L,6.16,9.20,33% off
Boots Borehamwood,Haircare,Shampoo & Conditioner,Being Moisturising Leave-in Conditioner 354ml,354ml,£17.40/L,6.16,9.20,33% off
Boots Borehamwood,Haircare,Shampoo & Conditioner,Being Shampoo Curl Power 354ml,354ml,£17.40/L,6.16,9.20,33% off
Boots Borehamwood,Haircare,Shampoo & Conditioner,Being Shampoo Max Moisture 354ml,354ml,£17.40/L,6.16,9.20,33% off
Boots Borehamwood,Haircare,Shampoo & Conditioner,Being Smoothing Leave In Conditioner 227ml,227ml,£27.14/L,6.16,9.20,33% off
Boots Borehamwood,Haircare,Men's Haircare,Blind Barber 40 Proof Sea Salt Spray 150ml,150ml,£132.00/L,19.80,,
Boots Borehamwood,Haircare,Men's Haircare,Blind Barber 90 Proof Pomade 70g,70g,£282.86/kg,19.80,,
Boots Borehamwood,Haircare,Men's Haircare,Blind Barber Bryce Harper Hair Clay 70g,70g,£282.86/kg,19.80,,
Boots Borehamwood,Haircare,Shampoo & Conditioner,Bulldog Original 2 In 1 Beard Shampoo & Conditioner 200ml,200ml,£34.50/L,6.90,,
Boots Borehamwood,Haircare,Men's Haircare,Bulldog Original Beard Balm 50g,75ml,£122.67/L,9.20,,
Boots Borehamwood,Haircare,Men's Haircare,Bulldog Original Beard Oil 30ml,30ml,£210.00/L,6.30,,
Boots Borehamwood,Haircare,Men's Haircare,Cantu Mens Styling Cream Pomade 227g,227g,£40.09/kg,9.10,,
Boots Borehamwood,Haircare,Scalp Treatment,Cantu Shea Butter Tea Tree & Jojoba Hair & Scalp Oil 180ml,180ml,£54.17/L,9.75,,
Boots Borehamwood,Haircare,Scalp Treatment,Cantu Strengthening Biotin-Infused Hair & Scalp Oil 59ml,59ml,£175.42/L,10.35,,
Boots Borehamwood,Haircare,Scalp Treatment,Charles Worthington Menoplex Healthy Scalp Serum 75ml,75ml,£190.00/L,14.25,,
Boots Borehamwood,Haircare,Shampoo & Conditioner,Charles Worthington Moisture Seal Shampoo Takeaway 75ml,75ml,£54.67/L,4.10,,
Boots Borehamwood,Haircare,Men's Haircare,Fish Curl Cream 150ml,150ml,£61.00/L,9.15,,
Boots Borehamwood,Haircare,Men's Haircare,Fish Original Easy Wash Out Wax 100ml,100ml,£72.00/L,7.20,,
Boots Borehamwood,Haircare,Men's Haircare,Fish Original Fish Fibre Pliable Fibre 100ml,100ml,£72.00/L,7.20,,
Boots Borehamwood,Haircare,Men's Haircare,Fish Original Fish Shape Texturising Cream 100ml,100ml,£72.00/L,7.20,,
Boots Borehamwood,Haircare,Men's Haircare,Fish Original Stone Fish Sculpting Clay 70ml,70ml,£102.86/L,7.20,,
Boots Borehamwood,Haircare,Men's Haircare,Fish Sea Salt Spray 150ml,150ml,£53.33/L,8.00,,
Boots Borehamwood,Haircare,Men's Haircare,Fish Styling Gel 150ml,150ml,£45.67/L,6.85,,
Boots Borehamwood,Haircare,Shampoo & Conditioner,Fudge Professional Clean Blonde Damage Rewind Violet Toning Conditioner 250ml,250ml,£70.40/L,17.60,,
Boots Borehamwood,Haircare,Shampoo & Conditioner,Garnier Ultimate Blends Hair Food Repairing Papaya Conditioner For Damaged Hair 350ml,350ml,£21.29/L,7.45,,
Boots Borehamwood,Haircare,Shampoo & Conditioner,Garnier Ultimate Blends Honey Treasures Strengthening Conditioner 400ml,400ml,£7.13/L,2.85,,
Boots Borehamwood,Haircare,Shampoo & Conditioner,Garnier Ultimate Blends Honey Treasures Strengthening Shampoo 400ml,400ml,£7.13/L,2.85,,
Boots Borehamwood,Haircare,Shampoo & Conditioner,Garnier Ultimate Blends Nourishing Hair Food Banana Conditioner For Dry Hair 350ml,350ml,£21.29/L,7.45,,
Boots Borehamwood,Haircare,Shampoo & Conditioner,Got2B Get Fresh Dry Shampoo Hair Mist 150ml,150ml,£44.00/L,6.60,,
Boots Borehamwood,Haircare,Regaine & Anti-Dandruff,Head & Shoulders Classic Clean Anti Dandruff Shampoo 95ml for Daily Use. Clean Feeling,95ml,£25.26/L,2.40,,
Boots Borehamwood,Haircare,Scalp Treatment,Head & Shoulders Derma X Pro rinse off scalp balm 145ml,145ml,£75.86/L,11.00,,3 for 33% off
Boots Borehamwood,Haircare,Scalp Treatment,Head & Shoulders Dermaxpro Scalp & Hair Revitaliser Treatment 145ml,145ml,£78.97/L,11.45,,3 for 33% off
Boots Borehamwood,Haircare,Scalp Treatment,Head & Shoulders Dermaxpro Soothe Anti Dandruff Scalp Balm Hair Treatment 145ml,145ml,£78.97/L,11.45,,3 for 33% off
Boots Borehamwood,Haircare,Regaine & Anti-Dandruff,Head & Shoulders Thick & Strong Anti-Dandruff Shampoo 400ml with Rosemary Extract,400ml,£14.38/L,5.75,,
Boots Borehamwood,Haircare,Shampoo & Conditioner,"Herbal Essences Argan Oil Repair Shampoo 350ml To Nourish Damaged Hair, Silicone Free",350ml,£19.71/L,6.90,,
Boots Borehamwood,Haircare,Shampoo & Conditioner,John Frieda Go Blonder Lightening Conditioner 250ml,250ml,£36.60/L,9.15,,
Boots Borehamwood,Haircare,Men's Haircare,Johnnys Chop Shop Dragon Wax 75g,75g,£136.67/kg,10.25,,
Boots Borehamwood,Haircare,Men's Haircare,Johnnys Chop Shop Texturising Cream 75g,75g,£136.67/kg,10.25,,
Boots Borehamwood,Haircare,Men's Haircare,Just For Men Autostop Dark Brown A-45 35g,,,9.40,,
Boots Borehamwood,Haircare,Men's Haircare,Just For Men Autostop Medium Brown A-35 35g,,,9.40,,
Boots Borehamwood,Haircare,Men's Haircare,"Just For Men Moustache & Beard Brush-In Colour Gel, Medium Brown",,,11.00,,
Boots Borehamwood,Haircare,Men's Haircare,Just For Men Moustache & Beard Dark Brown-Black Brush-In Colour Gel,,,11.00,,
Boots Borehamwood,Haircare,Men's Haircare,Just for Men 1-Day Beard & Brow Colour Black 9ml,9ml,"£1,461.11/L",13.15,,
Boots Borehamwood,Haircare,Men's Haircare,Just for Men 1-Day Beard & Brow Colour Dark Brown 9ml,9ml,"£1,461.11/L",13.15,,
Boots Borehamwood,Haircare,Men's Haircare,Just for Men 1-Day Beard & Brow Colour Medium Brown 9ml,9ml,"£1,461.11/L",13.15,,
Boots Borehamwood,Haircare,Men's Haircare,Just for Men Control Gx Beard Wash,118ml,£97.03/L,11.45,,
Boots Borehamwood,Haircare,Men's Haircare,Just for Men Moustache & Beard Brush-in Colour Gel Jet Black,28g,£392.86/kg,11.00,,
Boots Borehamwood,Haircare,Men's Haircare,"Just for Men Moustache & Beard Brush-in Colour Gel, Black",,,11.00,,
Boots Borehamwood,Haircare,Men's Haircare,King C Gillette Beard Thickener 50ml,50ml,£236.00/L,11.80,,
Boots Borehamwood,Haircare,Men's Haircare,King C. Gillette Beard Oil 30 ml,30ml,£393.33/L,11.80,,
Boots Borehamwood,Haircare,Men's Haircare,King C. Gillette Soft Beard Balm 100ml,100ml,£118.00/L,11.80,,
Boots Borehamwood,Haircare,Men's Haircare,L'Oreal Men Expert Barber Club Beard Cream 50ml,50ml,£285.00/L,14.25,,
Boots Borehamwood,Haircare,Men's Haircare,L'Oreal Men Expert Barber Club Beard Face Wash 200ml,200ml,£60.25/L,12.05,,
Boots Borehamwood,Haircare,Men's Haircare,"L'Oreal Men Expert Barber Club Body, Hair & Beard Wash 400ml",400ml,£7.88/L,3.15,,
Boots Borehamwood,Haircare,Men's Haircare,L'Oreal Men Expert Barber Club Long Beard Skin Oil 30ml,30ml,£475.00/L,14.25,,
Boots Borehamwood,Haircare,Shampoo & Conditioner,L'Oreal Paris Elvive Collagen Lifter conditioner 300ml,300ml,£30.67/L,9.20,,3 for 33% off
Boots Borehamwood,Haircare,Shampoo & Conditioner,L'Oreal Paris Elvive Collagen Lifter shampoo 400ml,400ml,£23.00/L,9.20,,3 for 33% off
Boots Borehamwood,Haircare,Shampoo & Conditioner,L'Oreal Paris Elvive Colour Protect Anti-Brassiness Purple Conditioner For Coloured Or Highlighted Hair 150ml,150ml,£53.33/L,8.00,,3 for 33% off
Boots Borehamwood,Haircare,Shampoo & Conditioner,L'Oreal Paris Elvive Colour Protect Purple Shampoo 200ml,200ml,£40.00/L,8.00,,3 for 33% off
Boots Borehamwood,Haircare,Shampoo & Conditioner,L'Oreal Paris Elvive Colour Protect Shampoo 400ml,400ml,£23.00/L,9.20,,3 for 33% off
Boots Borehamwood,Haircare,Shampoo & Conditioner,L'Oreal Paris Elvive Glycolic Gloss Conditioner For Dull Hair 150ml,150ml,£47.53/L,7.13,14.25,50% off
Boots Borehamwood,Haircare,Shampoo & Conditioner,L'Oreal Paris Elvive Glycolic Gloss Sulphate Free Shampoo For Dull Hair 200ml,200ml,£35.65/L,7.13,14.25,50% off
Boots Borehamwood,Haircare,Shampoo & Conditioner,L'Oreal Paris Elvive Growth Booster Shampoo 200ml,200ml,£35.75/L,7.15,14.30,50% off
Boots Borehamwood,Haircare,Shampoo & Conditioner,L'Oreal Paris Elvive Hydra Hyaluronic Conditioner 200ml,200ml,£18.50/L,3.70,,
Boots Borehamwood,Haircare,Shampoo & Conditioner,"L'Oreal Paris Elvive Hydra Hyaluronic Moisture Locking Conditioner, For Dry & Dehydrated Hair, 300ml",300ml,£30.67/L,9.20,,3 for 33% off
Boots Borehamwood,Haircare,Shampoo & Conditioner,L'Oreal Paris Elvive Hydra Hyaluronic Shampoo 250ml,250ml,£14.80/L,3.70,,
Boots Borehamwood,Haircare,Scalp Treatment,L'Oreal Paris Elvive Hydra Pure Exfoliating Pre-Shampoo Scalp Serum For Oily Scalp & Roots 102ml,102ml,£139.71/L,14.25,,3 for 33% off
Boots Borehamwood,Haircare,Shampoo & Conditioner,Lee Stafford Bleach Blondes Ice White Tone Correcting Conditioning Spray 150ml,150ml,£72.67/L,10.90,,
Boots Borehamwood,Haircare,Shampoo & Conditioner,Lee Stafford Bleach Blondes Ice White Toning Shampoo 250ml,250ml,£43.60/L,10.90,,
Boots Borehamwood,Haircare,Shampoo & Conditioner,Lee Stafford Bleach Blondes Purple Toning Conditioner 250ml,250ml,£43.60/L,10.90,,
Boots Borehamwood,Haircare,Scalp Treatment,Lee Stafford Grow Strong & Long Stimulating Scalp Scrub 100ml,100ml,£115.50/L,11.55,,
Boots Borehamwood,Haircare,Scalp Treatment,Lee Stafford Grow Strong & Long Stimulating Scalp Serum 75ml,75ml,£168.67/L,12.65,,
Boots Borehamwood,Haircare,Shampoo & Conditioner,Method Simply Nourish Conditioner 350ml,350ml,£15.40/L,5.39,8.05,33% off
Boots Borehamwood,Haircare,Scalp Treatment,Mielle Rosemary Mint Scalp & Hair Strengthening Oil,59ml,£204.24/L,12.05,,
Boots Borehamwood,Haircare,Scalp Treatment,Mielle Rosemary Mint Scalp And Hair Strengthening Oil Light 59g,59g,£204.24/kg,12.05,,
Boots Borehamwood,Haircare,Shampoo & Conditioner,Monday Haircare Repair Conditioner 354ml,354ml,£10.88/L,3.85,5.75,33% off
Boots Borehamwood,Haircare,Shampoo & Conditioner,Monday Haircare Smooth Shampoo 350ml,350ml,£11.00/L,3.85,5.75,33% off
Boots Borehamwood,Haircare,Shampoo & Conditioner,Monday Haircare Volume Dry Shampoo 200ml,200ml,£16.25/L,3.25,4.85,33% off
Boots Borehamwood,Haircare,Shampoo & Conditioner,Monday Haircare Volume Shampoo 350ml,350ml,£11.00/L,3.85,5.75,33% off
Boots Borehamwood,Haircare,Scalp Treatment,Neutrogena T/Gel Scalp Relief 150ml,150ml,£57.33/L,8.60,,
Boots Borehamwood,Haircare,Scalp Treatment,Neutrogena T/Gel Scalp Relief 250ml,250ml,£46.00/L,11.50,,
Boots Borehamwood,Haircare,Regaine & Anti-Dandruff,Nizoral Anti Dandruff Treatment 2% W/W Shampoo - 100ml,100ml,£142.50/L,14.25,,£10.69 loyalty card (£106.90/L)
Boots Borehamwood,Haircare,Regaine & Anti-Dandruff,Nizoral Anti-Dandruff Scalp Soothing Leave-in Treatment 100ml,100ml,£91.50/L,9.15,,£6.86 loyalty card (£68.60/L)
Boots Borehamwood,Haircare,Scalp Treatment,Nizoral scalp soothing dry & eczema prone shampoo 200ml,200ml,£45.75/L,9.15,,
Boots Borehamwood,Haircare,Shampoo & Conditioner,"Ogx Bond Protein Repair Lightweight Conditioner, 385ml",385ml,£28.57/L,11.00,,
Boots Borehamwood,Haircare,Shampoo & Conditioner,Ogx Ever Straightening+ Brazilian Keratin Smooth Ph Balanced Shampoo 385ml,385ml,£23.90/L,9.20,,
Boots Borehamwood,Haircare,Shampoo & Conditioner,Pantene Miracles Shampoo Grow Strong 400ml,400ml,£9.33/L,3.73,7.45,50% off
Boots Borehamwood,Haircare,Shampoo & Conditioner,"Pantene Pro-V Classic Clean Shampoo, For Normal To Mixed Hair, 500ml",500ml,£7.46/L,3.73,7.45,50% off
Boots Borehamwood,Haircare,Shampoo & Conditioner,"Pantene Pro-V Defined Curls Conditioner 350ml For Frizzy, Unruly Curls. Active Nutri-Plex",350ml,£10.66/L,3.73,7.45,50% off
Boots Borehamwood,Haircare,Shampoo & Conditioner,"Pantene Pro-V Defined Curls Shampoo 500ml For Frizzy, Unruly Curls. With Active Nutri-Plex",500ml,£7.46/L,3.73,7.45,50% off
Boots Borehamwood,Haircare,Shampoo & Conditioner,Pantene Pro-V Grow Strong Hair Conditioner With Biotin And Bamboo - 275ml,275ml,£13.56/L,3.73,7.45,50% off
Boots Borehamwood,Haircare,Shampoo & Conditioner,Pantene Pro-V Miracles Colour Gloss Shampoo 400ml,400ml,£9.33/L,3.73,7.45,50% off
Boots Borehamwood,Haircare,Shampoo & Conditioner,Pantene Pro-V Miracles Silky & Glowing Conditioner For Dry & Damaged Hair 275ml,275ml,£12.55/L,3.45,6.90,50% off
Boots Borehamwood,Haircare,Shampoo & Conditioner,Pantene Pro-V Miracles Silky & Glowing Shampoo For Dry & Damaged Hair 400ml,400ml,£9.33/L,3.73,7.45,50% off
Boots Borehamwood,Haircare,Shampoo & Conditioner,"Pantene Pro-V Repair & Protect Hair Conditioner, 2x The Nutrients In 1 Use, 350ml",350ml,£10.66/L,3.73,7.45,50% off
Boots Borehamwood,Haircare,Shampoo & Conditioner,Pantene Pro-V smooth & sleek 3in1 shampoo 400ml,400ml,£9.33/L,3.73,7.45,50% off
Boots Borehamwood,Haircare,Regaine & Anti-Dandruff,Regaine For Men Extra Strength Scalp Foam 5% W/W Cutaneous Foam - 1 Month Supply,73ml,£531.51/L,38.80,,
Boots Borehamwood,Haircare,Men's Haircare,Regaine For Men Extra Strength Scalp Foam 5% W/W Cutaneous Foam - 3 Month Supply,219ml,£275.57/L,60.35,,
Boots Borehamwood,Haircare,Regaine & Anti-Dandruff,Regaine For Men Extra Strength Scalp Solution 5% W/V Minoxidil - 1 Month Supply,60ml,£646.67/L,38.80,,
Boots Borehamwood,Haircare,Regaine & Anti-Dandruff,Regaine For Men Extra Strength Scalp Solution 5% W/V Minoxidil - 3 Month Supply,180ml,£420.00/L,75.60,,
Boots Borehamwood,Haircare,Regaine & Anti-Dandruff,Regaine For Women Extra Strength Scalp Foam 5% W/W Cutaneous Foam - 4 Month Supply,146ml,£380.82/L,55.60,,
Boots Borehamwood,Haircare,Regaine & Anti-Dandruff,Regaine For Women Regular Strength Minoxidil 2% Scalp Solution -1 Month Supply,60ml,£480.83/L,28.85,,
Boots Borehamwood,Haircare,Men's Haircare,Slick Gorilla Clay Pomade 70g,70g,£202.86/kg,14.20,,
Boots Borehamwood,Haircare,Men's Haircare,Slick Gorilla Comb Set Gift Set,,,20.85,,
Boots Borehamwood,Haircare,Men's Haircare,Slick Gorilla Sea Salt Spray 200ml,200ml,£71.00/L,14.20,,
Boots Borehamwood,Haircare,Regaine & Anti-Dandruff,Sons Minoxidil 5% Cutaneous Solution 3 X 60ml,180ml,£315.00/L,56.70,,
Boots Borehamwood,Haircare,Regaine & Anti-Dandruff,Sons Minoxidil 5% Cutaneous Solution 60ml,60ml,£507.50/L,30.45,,
Boots Borehamwood,Haircare,Men's Haircare,Toni & Guy Men Moulding Clay Shape & Hold 75ml,75ml,£120.67/L,9.05,,
Boots Borehamwood,Haircare,Scalp Treatment,Toppik Hair Building Fibres Black 12g,12g,"£2,008.33/kg",24.10,,
Boots Borehamwood,Haircare,Scalp Treatment,Toppik Hair Building Fibres Medium Brown 12g,12g,"£2,008.33/kg",24.10,,
Boots Borehamwood,Haircare,Shampoo & Conditioner,Tresemme Colour Chroma Vibrance Shampoo 400ml,400ml,£10.08/L,4.03,8.05,50% off
Boots Borehamwood,Haircare,Shampoo & Conditioner,Tresemme Curl Activator Conditioner 300ml,300ml,£13.43/L,4.03,8.05,50% off
Boots Borehamwood,Haircare,Shampoo & Conditioner,Tresemme Hydra Molecular Conditioner 300ml,300ml,£13.43/L,4.03,8.05,50% off
Boots Borehamwood,Haircare,Shampoo & Conditioner,Tresemme Keratin Seal Smooth Conditioner 300ml,300ml,£13.43/L,4.03,8.05,50% off
Boots Borehamwood,Haircare,Shampoo & Conditioner,Tresemme Lamellar Gloss Conditioner 300ml,300ml,£13.43/L,4.03,8.05,50% off
Boots Borehamwood,Haircare,Shampoo & Conditioner,Tresemme Lamellar Gloss Shampoo 400ml,400ml,£10.08/L,4.03,8.05,50% off
Boots Borehamwood,Haircare,Shampoo & Conditioner,Tresemme Thermo Sculpt Memory Conditioner 300ml,300ml,£13.43/L,4.03,8.05,50% off
Boots Borehamwood,Haircare,Shampoo & Conditioner,Tresemme Thermo Sculpt Memory Shampoo 400ml,400ml,£10.08/L,4.03,8.05,50% off
Boots Borehamwood,Haircare,Shampoo & Conditioner,Umberto Giannini Banana Butter Nourishing Superfood Shampoo 250ml,250ml,£42.40/L,10.60,,
Boots Borehamwood,Haircare,Scalp Treatment,Umberto Giannini Rosemary Oil Strengthening Scalp Scrub 200ml,200ml,£57.00/L,11.40,,
Boots Borehamwood,Haircare,Scalp Treatment,Umberto Giannini Rosemary Scalp And Hair Oil 50ml,50ml,£225.00/L,11.25,,
Boots Borehamwood,Haircare,Scalp Treatment,Umberto Giannini Scalp Scrub Exfoliating Anti Dandruff Scrub,200g,£56.25/kg,11.25,,
Boots Borehamwood,Haircare,Shampoo & Conditioner,Umberto Giannini Thirsty Curls Hydrating Conditioner 250ml,250ml,£42.40/L,10.60,,
Boots Borehamwood,Haircare,Regaine & Anti-Dandruff,Vichy Dercos Anti-Dandruff Dermatological Conditioner 200ml,200ml,£93.50/L,18.70,,
Boots Borehamwood,Haircare,Regaine & Anti-Dandruff,"Vichy Dercos Anti-Dandruff Water To Foam Shampoo, For Curls And Coils 250ml",200ml,£101.75/L,20.35,,
Boots Borehamwood,Haircare,Men's Haircare,Vo5 Extreme Style Matt Fibre 75ml,75ml,£76.67/L,5.75,,
Boots Borehamwood,Haircare,Men's Haircare,Vo5 Matt Long Lasting Hold Hair Clay 75ml,75ml,£76.67/L,5.75,,
Boots Borehamwood,Haircare,Men's Haircare,Vo5 Mega Hold Styling Gel 200ml,200ml,£28.75/L,5.75,,
Boots Borehamwood,Haircare,Regaine & Anti-Dandruff,Vo5 Volume Boost Gel Spray 200 ml,200ml,£28.75/L,5.75,,
Boots Borehamwood,Haircare,Shampoo & Conditioner,Watermans Grow Me Hair Growth Shampoo 250ml,250ml,£63.80/L,15.95,,
Boots Borehamwood,Haircare,Scalp Treatment,Watermans Grow More Elixir 100ml,100ml,£262.50/L,26.25,,
Boots Borehamwood,Haircare,Shampoo & Conditioner,&Honey Deep Moist Shampoo 1.0 440ml,440ml,£39.89/L,17.55,,
Boots Borehamwood,Haircare,Shampoo & Conditioner,Alberto Balsam Sunkissed Raspberry Conditioner 300ml,300ml,£3.83/L,1.15,,
Boots Borehamwood,Haircare,Shampoo & Conditioner,Alpecin Caffeine Shampoo 375ml,375ml,£29.07/L,10.90,,
Boots Borehamwood,Haircare,Shampoo & Conditioner,Alpecin Caffeine Shampoo 600ml,600ml,£24.67/L,14.80,,
Boots Borehamwood,Haircare,Shampoo & Conditioner,Alpecin Caffeine Shampoo 75ml,75ml,£53.33/L,4.00,,
Boots Borehamwood,Haircare,Shampoo & Conditioner,Alpecin Dandruff Killer Shampoo 250ml,250ml,£36.60/L,9.15,,
Boots Borehamwood,Haircare,Shampoo & Conditioner,Alpecin Double Effect Shampoo 200ml,200ml,£51.50/L,10.30,,
Boots Borehamwood,Haircare,Shampoo & Conditioner,Alpecin Grey Attack Caffeine & Colour Shampoo 200ml,200ml,£87.75/L,17.55,,
Boots Borehamwood,Haircare,Shampoo & Conditioner,Alpecin Hybrid Shampoo,250ml,£36.60/L,9.15,,
Boots Borehamwood,Haircare,Shampoo & Conditioner,Arkive The All Day Everyday Conditioner 250ml,250ml,£57.20/L,14.30,,
Boots Borehamwood,Haircare,Shampoo & Conditioner,Arkive The All Day Everyday Shampoo 250ml,250ml,£57.20/L,14.30,,
Boots Borehamwood,Haircare,Shampoo & Conditioner,Arkive The Bond Leave In Conditioner 200ml,200ml,£88.00/L,17.60,,
Boots Borehamwood,Haircare,Shampoo & Conditioner,Arkive The Reset Brightside Dry Shampoo 200ml,200ml,£77.00/L,15.40,,
Boots Borehamwood,Haircare,Shampoo & Conditioner,Arkive The Reset Dry Shampoo 200ml,200ml,£77.00/L,15.40,,
Boots Borehamwood,Haircare,Shampoo & Conditioner,"Aussie 3 Minute Miracle Moisture - Vegan Deep Conditioner Treatment, 75ml",75ml,£46.00/L,3.45,,
Boots Borehamwood,Haircare,Shampoo & Conditioner,Aussie 3 Minute Miracle Moisture Deep Conditioner 250ml. Hair Treatment To Revive Dry Hair,250ml,£22.80/L,5.70,,3 for 33% off
Boots Borehamwood,Haircare,Shampoo & Conditioner,Aussie 3 Minute Miracle Reconstructor Deep Conditioner 250ml. Hair Treatment For Dry Hair,250ml,£22.80/L,5.70,,3 for 33% off
Boots Borehamwood,Haircare,Shampoo & Conditioner,"Aussie Aussome Volume Lightweight Conditioner 275ml. Adds Volume To Fine, Flat Hair",275ml,£16.80/L,4.62,6.90,33% off
Boots Borehamwood,Haircare,Shampoo & Conditioner,Aussie Aussome Volume Shampoo 300ml,300ml,£19.17/L,5.75,,3 for 33% off
Boots Borehamwood,Haircare,Shampoo & Conditioner,"Aussie Aussome Volume Shampoo 400ml. Volume-Boosting Formula For Fine, Flat Hair",400ml,£11.55/L,4.62,6.90,33% off
Boots Borehamwood,Haircare,Shampoo & Conditioner,Aussie Aussome Volume Vegan Hair Conditioner 200ml,200ml,£28.75/L,5.75,,3 for 33% off
Boots Borehamwood,Haircare,Shampoo & Conditioner,Aussie Bonza Colour Shampoo 300ml,300ml,£19.17/L,5.75,,3 for 33% off
Boots Borehamwood,Haircare,Shampoo & Conditioner,Aussie Bouncy Curls Shampoo 400ml. Gently Cleanses And Moisturises Wavy And Curly Hair,400ml,£11.55/L,4.62,6.90,33% off
Boots Borehamwood,Haircare,Shampoo & Conditioner,"Aussie Deeep Moisture Vegan Shampoo, 300ml",300ml,£19.17/L,5.75,,3 for 33% off
Boots Borehamwood,Haircare,Shampoo & Conditioner,Aussie Detangling Milk Curls Leave In Cream 235ml,235ml,£46.81/L,11.00,,3 for 33% off
Boots Borehamwood,Haircare,Shampoo & Conditioner,Aussie Mega Instant Shampoo 300ml,300ml,£19.17/L,5.75,,3 for 33% off
Boots Borehamwood,Haircare,Shampoo & Conditioner,Aussie Mighty Mega Lightweight Conditioner 100ml. Daily Moisturiser For All Hair Types,100ml,£34.50/L,3.45,,
Boots Borehamwood,Haircare,Shampoo & Conditioner,Aussie Mighty Mega Shampoo 100ml. Gently Cleansing Shampoo For Soft And Shiny Hair,100ml,£34.50/L,3.45,,
Boots Borehamwood,Haircare,Shampoo & Conditioner,Aussie Miracle Moist Detangling Conditioner 100ml. Moisturising Formula To Revive Dry Hair,100ml,£34.50/L,3.45,,
Boots Borehamwood,Haircare,Shampoo & Conditioner,Aussie Miracle Moist Detangling Conditioner 275ml. Moisturising Formula To Revive Dry Hair,275ml,£16.80/L,4.62,6.90,33% off
Boots Borehamwood,Haircare,Shampoo & Conditioner,Aussie Miracle Moist Recharge Hair Conditioner Spray 250ml,250ml,£23.00/L,5.75,,3 for 33% off
Boots Borehamwood,Haircare,Shampoo & Conditioner,Aussie Miracle Moist Shampoo 100ml. Moisture-Quenching Formula To Revive Dry Hair,100ml,£34.50/L,3.45,,
Boots Borehamwood,Haircare,Shampoo & Conditioner,Aussie Miracle Moist Vegan Conditioner 200ml,200ml,£28.75/L,5.75,,3 for 33% off
Boots Borehamwood,Haircare,Shampoo & Conditioner,Aussie Oh My Gloss Hydrating Conditioner 200ml. Softens And Smooths Dry Hair,200ml,£28.75/L,5.75,,3 for 33% off
Boots Borehamwood,Haircare,Shampoo & Conditioner,Aussie Oh My Gloss Shampoo 300ml. Deeply Moisturises Dry And Dull Hair. Sulphate Free,300ml,£19.17/L,5.75,,3 for 33% off
Boots Borehamwood,Haircare,Shampoo & Conditioner,Aussie Oh My Gloss Shampoo 400ml. Deeply Moisturises Dry And Dull Hair. Sulphate Free,400ml,£11.55/L,4.62,6.90,33% off
Boots Borehamwood,Haircare,Shampoo & Conditioner,Aussie Sos Blonde & Hydrate Conditioner 200ml,200g,£46.00/kg,9.20,,3 for 50% off
Boots Borehamwood,Haircare,Shampoo & Conditioner,Aussie Sos Blonde & Hydrate Shampoo 300ml,300g,£30.67/kg,9.20,,3 for 50% off
Boots Borehamwood,Haircare,Shampoo & Conditioner,Aussie Sos Repair & Revive Conditioner 200ml,200g,£46.00/kg,9.20,,3 for 50% off
Boots Borehamwood,Haircare,Shampoo & Conditioner,Aussie Sos Repair & Revive Shampoo 300ml,300g,£30.67/kg,9.20,,3 for 50% off
Boots Borehamwood,Haircare,Shampoo & Conditioner,Aussie Sos Soothe & Hydrate Conditioner 200ml,200g,£46.00/kg,9.20,,3 for 50% off
Boots Borehamwood,Haircare,Shampoo & Conditioner,Aussie Sos Soothe & Hydrate Shampoo 300ml,300g,£30.67/kg,9.20,,3 for 50% off
Boots Borehamwood,Haircare,Shampoo & Conditioner,Aussie Sos Strength & Length Conditioner 200ml,200g,£46.00/kg,9.20,,3 for 50% off
Boots Borehamwood,Haircare,Shampoo & Conditioner,Aussie Sos Strength & Length Shampoo 300ml,300g,£30.67/kg,9.20,,3 for 50% off
Boots Borehamwood,Haircare,Shampoo & Conditioner,Aveeno Apple Cider Vinegar Conditioner 500ml,500ml,£26.40/L,13.20,,
Boots Borehamwood,Haircare,Shampoo & Conditioner,Aveeno Apple Cider Vinegar Shampoo 500ml,500ml,£26.40/L,13.20,,
Boots Borehamwood,Haircare,Shampoo & Conditioner,Aveeno Hair Oat Milk Conditioner 500ml,500ml,£26.40/L,13.20,,
Boots Borehamwood,Haircare,Shampoo & Conditioner,Aveeno Hair Oat-Milk Shampoo 500ml,500ml,£26.40/L,13.20,,
Boots Borehamwood,Haircare,Shampoo & Conditioner,Aveeno Haircare Clarify & Shine+ Apple Cider Vinegar Shampoo 100ml,100ml,£40.00/L,4.00,,
Boots Borehamwood,Haircare,Shampoo & Conditioner,Aveeno Haircare Clarify And Shine+ Apple Cider Vinegar Conditioner 300ml,300ml,£24.37/L,7.31,9.75,25% off
Boots Borehamwood,Haircare,Shampoo & Conditioner,Aveeno Haircare Clarify And Shine+ Apple Cider Vinegar Shampoo 300ml,300ml,£24.37/L,7.31,9.75,25% off
Boots Borehamwood,Haircare,Shampoo & Conditioner,Aveeno Haircare Daily Moisture+ Oat Milk Blend Conditioner 300ml,300ml,£24.37/L,7.31,9.75,25% off
Boots Borehamwood,Haircare,Shampoo & Conditioner,Aveeno Haircare Smoothing+ Rose Water & Chamomile Blend Conditioner 300ml,300ml,£24.37/L,7.31,9.75,25% off
Boots Borehamwood,Haircare,Shampoo & Conditioner,Aveeno Haircare Smoothing+ Rose Water & Chamomile Blend Shampoo 300ml,300ml,£24.37/L,7.31,9.75,25% off
Boots Borehamwood,Haircare,Shampoo & Conditioner,Aveeno Haircare Strength and Length+ Plant Protein Blend Conditioner 300ml,300ml,£24.37/L,7.31,9.75,25% off
Boots Borehamwood,Haircare,Shampoo & Conditioner,Aveeno Haircare Strength and Length+ Plant Protein Blend Shampoo 300ml,300ml,£24.37/L,7.31,9.75,25% off
Boots Borehamwood,Haircare,Shampoo & Conditioner,Aveeno Haircare Volumising+ Fresh Greens Blend Shampoo 300ml,300ml,£24.37/L,7.31,9.75,25% off
Boots Borehamwood,Haircare,Shampoo & Conditioner,"Batiste 24H Active Sweat Activated Dry Shampoo, 200ml",200ml,£26.25/L,5.25,,
Boots Borehamwood,Haircare,Shampoo & Conditioner,"Batiste 24H Fresh Touch Activated Dry Shampoo, 200ml",200ml,£26.25/L,5.25,,
Boots Borehamwood,Haircare,Shampoo & Conditioner,Batiste Dry Shampoo & De-Frizz 200ml,200ml,£25.25/L,5.05,,
Boots Borehamwood,Haircare,Shampoo & Conditioner,Batiste Dry Shampoo & Volume 200ml,200ml,£25.25/L,5.05,,
Boots Borehamwood,Haircare,Shampoo & Conditioner,Batiste Dry Shampoo - Brilliant Blonde 200ml,200ml,£25.25/L,5.05,,
Boots Borehamwood,Haircare,Shampoo & Conditioner,Batiste Dry Shampoo - Medium & Brunette 200ml,200ml,£25.25/L,5.05,,
Boots Borehamwood,Haircare,Shampoo & Conditioner,Batiste Dry Shampoo Amber Luxe 150ml,150ml,£21.33/L,3.20,,
Boots Borehamwood,Haircare,Shampoo & Conditioner,Batiste Dry Shampoo Blush 200ml,200ml,£19.50/L,3.90,,
Boots Borehamwood,Haircare,Shampoo & Conditioner,Batiste Dry Shampoo Blush 350ml,350ml,£16.29/L,5.70,,
Boots Borehamwood,Haircare,Shampoo & Conditioner,Batiste Dry Shampoo Brown Deep & Dark 200ml,200ml,£25.25/L,5.05,,
Boots Borehamwood,Haircare,Shampoo & Conditioner,Batiste Dry Shampoo Cherry - Fruity & Cheeky 200ml,200ml,£19.50/L,3.90,,
Boots Borehamwood,Haircare,Shampoo & Conditioner,Batiste Dry Shampoo Daisy Green 150ml,150ml,£21.33/L,3.20,,
Boots Borehamwood,Haircare,Shampoo & Conditioner,Batiste Dry Shampoo Fresh - Cool & Crisp 200ml,200ml,£19.50/L,3.90,,
Boots Borehamwood,Haircare,Shampoo & Conditioner,Batiste Dry Shampoo Original - Clean & Classic 200ml,200ml,£19.50/L,3.90,,
Boots Borehamwood,Haircare,Shampoo & Conditioner,Batiste Dry Shampoo Pink Petals 150ml,150ml,£21.33/L,3.20,,
Boots Borehamwood,Haircare,Shampoo & Conditioner,Batiste Dry Shampoo Sensitive Fragrance Free 200ml,200ml,£20.50/L,4.10,,
Boots Borehamwood,Haircare,Shampoo & Conditioner,Batiste Dry Shampoo Sensitive Scalp Light Fragrance 200ml,200ml,£20.50/L,4.10,,
Boots Borehamwood,Haircare,Shampoo & Conditioner,Batiste Dry Shampoo Tropical 200ml,200ml,£19.50/L,3.90,,
Boots Borehamwood,Haircare,Shampoo & Conditioner,Batiste Dry Shampoo Tropical 350ml,350ml,£16.29/L,5.70,,
Boots Borehamwood,Haircare,Shampoo & Conditioner,Batiste Naturally Dry Shampoo Bamboo Fibre & Gardenia 200ml,200ml,£25.25/L,5.05,,
Boots Borehamwood,Haircare,Shampoo & Conditioner,Batiste Naturally Dry Shampoo Coconut Milk & Hemp Seed Oil 200ml,200ml,£25.25/L,5.05,,
Boots Borehamwood,Haircare,Shampoo & Conditioner,Batiste Naturally Dry Shampoo Green Tea & Chamomile 200ml,200ml,£25.25/L,5.05,,
Boots Borehamwood,Haircare,Shampoo & Conditioner,Batiste On The Go Dry Shampoo - Blush 50ml,50ml,£74.00/L,3.70,,
Boots Borehamwood,Haircare,Shampoo & Conditioner,Batiste On The Go Dry Shampoo 50ml,50ml,£74.00/L,3.70,,
Boots Borehamwood,Haircare,Shampoo & Conditioner,Batiste Original Dry Shampoo 350ml,350ml,£16.29/L,5.70,,
Boots Borehamwood,Haircare,Shampoo & Conditioner,Batiste Overnight Deep Cleanse Dry Shampoo,200ml,£25.25/L,5.05,,
Boots Borehamwood,Haircare,Shampoo & Conditioner,Batiste Sensitive Light Fragrance Dry Shampoo 50ml,50ml,£74.00/L,3.70,,
Boots Borehamwood,Haircare,Shampoo & Conditioner,Batiste Wildflower Dry Shampoo 200ml,200ml,£19.50/L,3.90,,
Boots Borehamwood,Haircare,Shampoo & Conditioner,Batiste colour dry shampoo black 200ml,200ml,£26.25/L,5.25,,
Boots Borehamwood,Haircare,Shampoo & Conditioner,Bed Head By Tigi Colour Goddess Conditioner For Coloured Hair 400ml,400ml,£19.38/L,7.75,,
Boots Borehamwood,Haircare,Shampoo & Conditioner,Bed Head By Tigi Colour Goddess Shampoo For Coloured Hair 400ml,400ml,£19.38/L,7.75,,
Boots Borehamwood,Haircare,Shampoo & Conditioner,Bed Head By Tigi Recovery Moisturising Shampoo 400ml,400ml,£19.38/L,7.75,,
Boots Borehamwood,Haircare,Shampoo & Conditioner,Bed Head By Tigi Resurrection Repair Conditioner 400ml,400ml,£19.38/L,7.75,,
Boots Borehamwood,Haircare,Shampoo & Conditioner,Bed Head By Tigi Resurrection Repair Shampoo 400ml,400ml,£19.38/L,7.75,,
Boots Borehamwood,Haircare,Shampoo & Conditioner,Being Goodbye Frizz Smoothing Conditioner 354ml,354ml,£17.40/L,6.16,9.20,33% off
Boots Borehamwood,Haircare,Shampoo & Conditioner,Being Goodbye Frizz Smoothing Shampoo 354ml,354ml,£17.40/L,6.16,9.20,33% off
Boots Borehamwood,Haircare,Shampoo & Conditioner,Being Hair Mask Mega No Frizz 354ml,354ml,£17.40/L,6.16,9.20,33% off
Boots Borehamwood,Haircare,Shampoo & Conditioner,Being Mask Mega Moisture 354ml,354ml,£17.40/L,6.16,9.20,33% off
Boots Borehamwood,Haircare,Shampoo & Conditioner,Boots Everday Brunette Dry Shampoo 200ml,200ml,£10.00/L,2.00,,
Boots Borehamwood,Haircare,Shampoo & Conditioner,Boots Everyday Blossom Dry Shampoo 200ml,200ml,£10.00/L,2.00,,
Boots Borehamwood,Haircare,Shampoo & Conditioner,Boots Everyday Conditioner Coconut & Vanilla,500ml,£1.60/L,0.80,,
Boots Borehamwood,Haircare,Shampoo & Conditioner,Boots Everyday Original Dry Shampoo 200ml,200ml,£10.00/L,2.00,,
Boots Borehamwood,Haircare,Shampoo & Conditioner,Boots Everyday Tropical Dry Shampoo 200ml,200ml,£10.00/L,2.00,,
Boots Borehamwood,Haircare,Shampoo & Conditioner,Boots Shampoo Coconut & Vanilla 500ml,500ml,£1.60/L,0.80,,
Boots Borehamwood,Haircare,Shampoo & Conditioner,Boucleme Curl Conditioner 300ml,300ml,£69.67/L,20.90,,
Boots Borehamwood,Haircare,Shampoo & Conditioner,Camille Rose Ginger Cleansing Rinse 355ml,355ml,£33.94/L,12.05,,
Boots Borehamwood,Haircare,Shampoo & Conditioner,Camille Rosealgae Renew Deep Conditioner 240ml,240ml,£73.13/L,17.55,,
Boots Borehamwood,Haircare,Shampoo & Conditioner,Cantu Avocado Hydrating Conditioner 400ml,400ml,£20.75/L,8.30,,
Boots Borehamwood,Haircare,Shampoo & Conditioner,Cantu Avocado Hydrating Shampoo 400ml,400ml,£20.75/L,8.30,,
Boots Borehamwood,Haircare,Shampoo & Conditioner,Cantu Natural Sulfate-free Hydrating Cream Conditioner 100ml,100ml,£48.00/L,4.80,,
Boots Borehamwood,Haircare,Shampoo & Conditioner,Cantu Shea Butter For Natural Hair Cleansing Cream Shampoo 400ml,400ml,£20.13/L,8.05,,
Boots Borehamwood,Haircare,Shampoo & Conditioner,Cantu Shea Butter For Natural Hair Hydrating Cream Conditioner 400ml,400ml,£20.13/L,8.05,,
Boots Borehamwood,Haircare,Shampoo & Conditioner,Cantu Shea Butter For Natural Hair Leave-In Conditioning Cream 340g,340g,£28.68/kg,9.75,,
Boots Borehamwood,Haircare,Shampoo & Conditioner,Cantu Shea Butter Leave-In Conditioning Repair Cream 453g,453g,£18.98/kg,8.60,,
Boots Borehamwood,Haircare,Shampoo & Conditioner,Cantu Ultra Moisture Nourishing Leave-in Conditioner 236ml,236ml,£46.19/L,10.90,,
Boots Borehamwood,Haircare,Shampoo & Conditioner,Cantu Ultra Moisture Nourishing Shampoo 384ml,355ml,£29.15/L,10.35,,
Boots Borehamwood,Haircare,Shampoo & Conditioner,Cantu Weightless Smoothing Conditioner 400ml,400ml,£24.38/L,9.75,,
Boots Borehamwood,Haircare,Shampoo & Conditioner,Cantu Weightless Smoothing Shampoo 400ml,400ml,£24.38/L,9.75,,
Boots Borehamwood,Haircare,Shampoo & Conditioner,Charles Worthington Grow Strong Activating Shampoo 250ml,250ml,£45.80/L,11.45,,
Boots Borehamwood,Haircare,Shampoo & Conditioner,Charles Worthington Grow Strong Protein Conditioner 250ml,250ml,£45.80/L,11.45,,
Boots Borehamwood,Haircare,Shampoo & Conditioner,Charles Worthington Menoplex Repairing Conditioner 250ml,250ml,£45.80/L,11.45,,
Boots Borehamwood,Haircare,Shampoo & Conditioner,Charles Worthington Menoplex Volumising Shampoo 250ml,250ml,£45.80/L,11.45,,
Boots Borehamwood,Haircare,Shampoo & Conditioner,Charles Worthington Moisture Seal Conditioner Takeaway 75ml,75ml,£54.67/L,4.10,,
Boots Borehamwood,Haircare,Shampoo & Conditioner,Charles Worthington Moisture Seal Hair Healer Leave In Conditioner 200ml,200ml,£53.00/L,10.60,,
Boots Borehamwood,Haircare,Shampoo & Conditioner,Charles Worthington Moisture Seal Nourishing Conditioner 250ml,250ml,£43.00/L,10.75,,
Boots Borehamwood,Haircare,Shampoo & Conditioner,Charles Worthington Moisture Seal Shampoo 250ml,250ml,£43.00/L,10.75,,
Boots Borehamwood,Haircare,Shampoo & Conditioner,Charles Worthington Scalp Restore Clarifying Shampoo 250ml,250ml,£45.80/L,11.45,,
Boots Borehamwood,Haircare,Shampoo & Conditioner,Charles Worthington Sunshine Conditioner Takeaway 75ml,75ml,£54.67/L,4.10,,
Boots Borehamwood,Haircare,Shampoo & Conditioner,Charles Worthington Sunshine Shampoo Takeaway 75ml,75ml,£54.67/L,4.10,,
Boots Borehamwood,Haircare,Shampoo & Conditioner,Charles Worthington Thicker & Fuller Densifying Conditioner 250ml,250ml,£43.00/L,10.75,,
Boots Borehamwood,Haircare,Shampoo & Conditioner,Charles Worthington Thicker & Fuller Densifying Mousse 200ml,200ml,£57.25/L,11.45,,
Boots Borehamwood,Haircare,Shampoo & Conditioner,Charles Worthington Thicker & Fuller Densifying Shampoo 250ml,250ml,£43.00/L,10.75,,
Boots Borehamwood,Haircare,Shampoo & Conditioner,Charles Worthington Volume & Bounce Plumping Conditioner 250ml,250ml,£42.40/L,10.60,,
Boots Borehamwood,Haircare,Shampoo & Conditioner,Charles Worthington Volume And Bounce Shampoo 250ml,250ml,£42.40/L,10.60,,
Boots Borehamwood,Haircare,Shampoo & Conditioner,Curlsmith Curl Reset Detox Shampoo 237ml,237ml,£101.90/L,24.15,,
Boots Borehamwood,Haircare,Shampoo & Conditioner,Curlsmith Essential Moisture Cleanser 355ml,237ml,£83.54/L,19.80,,
Boots Borehamwood,Haircare,Shampoo & Conditioner,Curlsmith Essential Moisture Conditioner 355ml,237ml,£83.54/L,19.80,,
Boots Borehamwood,Haircare,Shampoo & Conditioner,Dove Damage Rescue Conditioner 250ml,250ml,£10.32/L,2.58,5.15,50% off
Boots Borehamwood,Haircare,Shampoo & Conditioner,Dove Damage Rescue Conditioner 400ml,400ml,£23.00/L,9.20,,
Boots Borehamwood,Haircare,Shampoo & Conditioner,Dove Damage Rescue Shampoo 250ml,250ml,£10.32/L,2.58,5.15,50% off
Boots Borehamwood,Haircare,Shampoo & Conditioner,Dove Damage Rescue Shampoo 400ml,400ml,£23.00/L,9.20,,
Boots Borehamwood,Haircare,Shampoo & Conditioner,Dove Density & Growth Root Lift Shampoo 100ml,100ml,£110.00/L,11.00,,
Boots Borehamwood,Haircare,Shampoo & Conditioner,Dove Density & Growth conditioner 400ml,400ml,£23.00/L,9.20,,
Boots Borehamwood,Haircare,Shampoo & Conditioner,Dove Density & Growth shampoo 400ml,400ml,£23.00/L,9.20,,
Boots Borehamwood,Haircare,Shampoo & Conditioner,Dove Density and Growth Shampoo 250ml,250ml,£10.32/L,2.58,5.15,50% off
Boots Borehamwood,Haircare,Shampoo & Conditioner,Dove Soothing Hydration Conditioner 400ml,400ml,£23.00/L,9.20,,
Boots Borehamwood,Haircare,Shampoo & Conditioner,Dove Soothing Hydration Shampoo 400ml,400ml,£23.00/L,9.20,,
Boots Borehamwood,Haircare,Shampoo & Conditioner,E45 Dermatological Dry Scalp Shampoo 200ml,200ml,£44.75/L,8.95,,
Boots Borehamwood,Haircare,Shampoo & Conditioner,E45 Dry Scalp Relief Shampoo 500ml,500ml,£28.50/L,14.25,,
Boots Borehamwood,Haircare,Shampoo & Conditioner,Eucerin Calming Urea Shampoo 250ml,250ml,£68.20/L,17.05,,
Boots Borehamwood,Haircare,Shampoo & Conditioner,Flora & Curl Rose Water Cream Shampoo 300ml,300ml,£58.67/L,17.60,,
Boots Borehamwood,Haircare,Shampoo & Conditioner,Fudge Professional Clean Blonde Damage Rewind Shampoo 250ml,250ml,£70.40/L,17.60,,
Boots Borehamwood,Haircare,Shampoo & Conditioner,Fudge Professional Luminizer Moisture-Boosting Conditioner 250ml,250ml,£61.60/L,15.40,,
Boots Borehamwood,Haircare,Shampoo & Conditioner,Fudge Professional Luminizer Moisture-Boosting Shampoo 250ml,250ml,£61.60/L,15.40,,
Boots Borehamwood,Haircare,Shampoo & Conditioner,Garnier Keratin Sleek Conditioner,200ml,£46.00/L,9.20,,
Boots Borehamwood,Haircare,Shampoo & Conditioner,Garnier Keratin Sleek Shampoo,200ml,£46.00/L,9.20,,
Boots Borehamwood,Haircare,Shampoo & Conditioner,"Garnier Method For Curls Shampoo Feel Hydrated For Up To 7 Days, Designed For All Curl Types Vegan Formula, 200ml",200ml,£45.75/L,9.15,,
Boots Borehamwood,Haircare,Shampoo & Conditioner,Garnier Method for Curls Conditioner,200ml,£46.00/L,9.20,,
Boots Borehamwood,Haircare,Shampoo & Conditioner,Garnier Ultimate Blends Coconut Oil & Cocoa Butter Smoothing And Nourishing Shampoo For Frizzy And Curly Hair 400ml,400ml,£7.13/L,2.85,,
Boots Borehamwood,Haircare,Shampoo & Conditioner,Garnier Ultimate Blends Coconut Oil & Cocoa Butter Smoothing And Nourishing Vegan Conditioner 400ml,400ml,£7.13/L,2.85,,
Boots Borehamwood,Haircare,Shampoo & Conditioner,Garnier Ultimate Blends Delicate Oat Milk Soothing Conditioner 400ml,400ml,£7.13/L,2.85,,
Boots Borehamwood,Haircare,Shampoo & Conditioner,Garnier Ultimate Blends Glowing Lengths Pineapple & Amla Hair Food Conditioner For Long Dull Hair 350ml,350ml,£21.29/L,7.45,,
Boots Borehamwood,Haircare,Shampoo & Conditioner,Garnier Ultimate Blends Glowing Lengths Pineapple & Amla Hair Food Shampoo For Long Dull Hair 350ml,350ml,£21.29/L,7.45,,
Boots Borehamwood,Haircare,Shampoo & Conditioner,Garnier Ultimate Blends Hair Food Aloe Vera Shampoo For Normal Hair 350ml,350ml,£21.29/L,7.45,,
Boots Borehamwood,Haircare,Shampoo & Conditioner,Garnier Ultimate Blends Hair Food Watermelon Shampoo 350ml,350ml,£21.29/L,7.45,,
Boots Borehamwood,Haircare,Shampoo & Conditioner,Garnier Ultimate Blends Nourishing Hair Food Banana Shampoo For Dry Hair 350ml,350ml,£21.29/L,7.45,,
Boots Borehamwood,Haircare,Shampoo & Conditioner,Garnier Ultimate Blends Repairing Hair Food Papaya Shampoo For Damaged Hair 350ml,350ml,£21.29/L,7.45,,
Boots Borehamwood,Haircare,Shampoo & Conditioner,Head & Shoulders Anti Hair Fall Anti Dandruff Shampoo. Infused With Caffeine 400ml,400ml,£14.25/L,5.70,,
Boots Borehamwood,Haircare,Shampoo & Conditioner,Head & Shoulders Anti-Dandruff Shampoo Pro-Expert 7 Hair Fall Defense With Caffeine 300ml,300ml,£23.00/L,6.90,,3 for 33% off
Boots Borehamwood,Haircare,Shampoo & Conditioner,Head & Shoulders Anti-Dandruff Shampoo Pro-Expert 7 Persistent Dandruff Control 300ml,300ml,£23.00/L,6.90,,3 for 33% off
Boots Borehamwood,Haircare,Shampoo & Conditioner,"Head & Shoulders Apple Fresh 2In1 Anti Dandruff Shampoo, 330ml. Fresh Feeling, Apple Scent",330ml,£17.42/L,5.75,,
Boots Borehamwood,Haircare,Shampoo & Conditioner,Head & Shoulders Bare Soothing Hydration Anti-Dandruff Shampoo 400ml,400ml,£28.63/L,11.45,,3 for 33% off
Boots Borehamwood,Haircare,Shampoo & Conditioner,Head & Shoulders Citrus Fresh 2In1 Anti Dandruff Shampoo For Greasy Hair 330ml. Daily Use,330ml,£17.42/L,5.75,,
Boots Borehamwood,Haircare,Shampoo & Conditioner,"Head & Shoulders Citrus Fresh Anti-Dandruff Shampoo, Up To 100% Dandruff Protection, 400ml",400ml,£14.25/L,5.70,,
Boots Borehamwood,Haircare,Shampoo & Conditioner,Head & Shoulders Classic Clean 2In1 Anti Dandruff Shampoo 250ml. Refreshing Clean Scent,250ml,£12.60/L,3.15,,
Boots Borehamwood,Haircare,Shampoo & Conditioner,Head & Shoulders Classic Clean 2In1 Anti Dandruff Shampoo 330ml. Refreshing Clean Scent,330ml,£17.42/L,5.75,,
Boots Borehamwood,Haircare,Shampoo & Conditioner,Head & Shoulders Classic Clean Anti Dandruff Shampoo 250ml For Daily Use. Clean Feeling,250ml,£11.40/L,2.85,,
Boots Borehamwood,Haircare,Shampoo & Conditioner,"Head & Shoulders Deep Hydration Anti-Dandruff Scalp & Hair Conditioner, Dandruff 275ml",275ml,£20.73/L,5.70,,
Boots Borehamwood,Haircare,Shampoo & Conditioner,"Head & Shoulders Deep Hydration Anti-Dandruff Shampoo, Up To 100% Dandruff Protection, 400ml",400ml,£14.25/L,5.70,,
Boots Borehamwood,Haircare,Shampoo & Conditioner,Head & Shoulders Derma X Pro conditioner scalp & hair revitaliser 220ml,220ml,£31.36/L,6.90,,3 for 33% off
Boots Borehamwood,Haircare,Shampoo & Conditioner,Head & Shoulders Derma X Pro condtitioner sensitive care 220ml,220ml,£31.36/L,6.90,,3 for 33% off
Boots Borehamwood,Haircare,Shampoo & Conditioner,Head & Shoulders Derma X Pro pure hydration shampoo 300ml,300ml,£23.00/L,6.90,,3 for 33% off
Boots Borehamwood,Haircare,Shampoo & Conditioner,Head & Shoulders Derma X Pro shampoo sensitive care 300ml,300ml,£23.00/L,6.90,,3 for 33% off
Boots Borehamwood,Haircare,Shampoo & Conditioner,Head & Shoulders Dermaxpro Scalp & Hair Revitaliser Shampoo 300ml,300ml,£23.00/L,6.90,,3 for 33% off
Boots Borehamwood,Haircare,Shampoo & Conditioner,Head & Shoulders Itchy Scalp Anti Dandruff Shampoo 400ml. For Daily Use,400ml,£14.25/L,5.70,,
Boots Borehamwood,Haircare,Shampoo & Conditioner,Head & Shoulders Men Ultra Anti Hair Fall Anti Dandruff Shampoo 330ml With Caffeine,330ml,£17.42/L,5.75,,
Boots Borehamwood,Haircare,Shampoo & Conditioner,Head & Shoulders Men Ultra Total Care Anti Dandruff 2-In-1 Shampoo 250ml With Sea Minerals,250ml,£12.60/L,3.15,,
Boots Borehamwood,Haircare,Shampoo & Conditioner,Head & Shoulders Pro Expert Complete Intense Itch Shampoo 300ml,300ml,£23.00/L,6.90,,3 for 33% off
Boots Borehamwood,Haircare,Shampoo & Conditioner,Head & Shoulders Shampoo Menthol 400ml,400ml,£14.38/L,5.75,,
Boots Borehamwood,Haircare,Shampoo & Conditioner,Head & Shoulders Smooth & Silky 2In1 Anti Dandruff Shampoo 330ml. Fresh Clean Feeling,330ml,£17.42/L,5.75,,
Boots Borehamwood,Haircare,Shampoo & Conditioner,"Head & Shoulders Smooth & Silky Anti-Dandruff Scalp & Hair Conditioner, Dandruff Protection Boost",275ml,£20.73/L,5.70,,
Boots Borehamwood,Haircare,Shampoo & Conditioner,Head & Shoulders Smooth & Silky Anti-Dandruff Shampoo For Frizzy Hair 400ml,400ml,£14.38/L,5.75,,
Boots Borehamwood,Haircare,Shampoo & Conditioner,Head & Shoulders Supreme Colour Hair Conditioner 275ml,275g,£20.91/kg,5.75,,
Boots Borehamwood,Haircare,Shampoo & Conditioner,Head & Shoulders Supreme Colour Hair Shampoo 400ml,400ml,£14.38/L,5.75,,
Boots Borehamwood,Haircare,Shampoo & Conditioner,Head & Shoulders Supreme Moisture Shampoo 400ml,400ml,£14.38/L,5.75,,
Boots Borehamwood,Haircare,Shampoo & Conditioner,Herbal Essences Aloe Moisturise Conditioner 250ml To Hydrate And Nourish Very Dry Hair,250ml,£27.60/L,6.90,,
Boots Borehamwood,Haircare,Shampoo & Conditioner,Herbal Essences Aloe Moisturise Shampoo 350ml To Hydrate And Nourish Very Dry Hair,350ml,£19.71/L,6.90,,
Boots Borehamwood,Haircare,Shampoo & Conditioner,Herbal Essences Argan Oil Repair Conditioner 250ml To Nourish Damaged Hair. Sulfate Free,250ml,£27.60/L,6.90,,
Boots Borehamwood,Haircare,Shampoo & Conditioner,Herbal Essences Chamomile Conditioner 250ml,250ml,£27.60/L,6.90,,
Boots Borehamwood,Haircare,Shampoo & Conditioner,Herbal Essences Chamomile Smooth & Shine Lightweight Leave In Conditioner All In One 145ml,145ml,£71.38/L,10.35,,
Boots Borehamwood,Haircare,Shampoo & Conditioner,Herbal Essences Clarify & Shine Lime Scent Shampoo 350ml,350ml,£19.71/L,6.90,,
Boots Borehamwood,Haircare,Shampoo & Conditioner,Herbal Essences Coconut Scent Hydrate Conditioner 250ml To Deeply Nourish Very Dry Hair,250ml,£27.60/L,6.90,,
Boots Borehamwood,Haircare,Shampoo & Conditioner,Herbal Essences Coconut Scent Hydrate Shampoo 350ml To Deeply Nourish Very Dry Hair,350ml,£19.71/L,6.90,,
Boots Borehamwood,Haircare,Shampoo & Conditioner,Herbal Essences Dazzling Shine Conditioner 275ml,275ml,£8.36/L,2.30,,
Boots Borehamwood,Haircare,Shampoo & Conditioner,Herbal Essences Dazzling Shine Shampoo For All Hair Types 400ml,400ml,£5.75/L,2.30,,
Boots Borehamwood,Haircare,Shampoo & Conditioner,Herbal Essences Fiji Lightweight Hydration Shampoo 350ml,350ml,£19.71/L,6.90,,
Boots Borehamwood,Haircare,Shampoo & Conditioner,Herbal Essences Hello Hydration Shampoo For Dry Hair 400ml,400ml,£5.75/L,2.30,,
Boots Borehamwood,Haircare,Shampoo & Conditioner,Herbal Essences Ignite My Colour Conditioner 275ml,275ml,£8.36/L,2.30,,
Boots Borehamwood,Haircare,Shampoo & Conditioner,Herbal Essences Ignite My Colour Shampoo For Coloured Hair 400ml,400ml,£5.75/L,2.30,,
Boots Borehamwood,Haircare,Shampoo & Conditioner,Herbal Essences Lime Conditioner 250ml,250ml,£27.60/L,6.90,,
Boots Borehamwood,Haircare,Shampoo & Conditioner,"Herbal Essences Orange Scent Volume Conditioner 250ml For Fine Hair, Silicone Free",250ml,£27.60/L,6.90,,
Boots Borehamwood,Haircare,Shampoo & Conditioner,"Herbal Essences Orange Scent Volume Shampoo 350ml For Fine Hair, Silicone Free",350ml,£19.71/L,6.90,,
Boots Borehamwood,Haircare,Shampoo & Conditioner,"Herbal Essences Rose Scent Petal Soft Conditioner 250ml To Nourish Dry Hair, Sulfate Free",250ml,£27.60/L,6.90,,
Boots Borehamwood,Haircare,Shampoo & Conditioner,Herbal Essences Rose Scent Petal Soft Lightweight Leave In Conditioner 145ml All In One,145ml,£71.38/L,10.35,,
Boots Borehamwood,Haircare,Shampoo & Conditioner,"Herbal Essences Rose Scent Petal Soft Shampoo 350ml To Nourish Dry Hair, Silicone Free",350ml,£19.71/L,6.90,,
Boots Borehamwood,Haircare,Shampoo & Conditioner,John Frieda Blonde+ Repair System Bond Building Conditioner 250ml,250ml,£45.80/L,11.45,,
Boots Borehamwood,Haircare,Shampoo & Conditioner,John Frieda Blonde+ Repair System Bond Building Shampoo 250ml,250ml,£45.80/L,11.45,,
Boots Borehamwood,Haircare,Shampoo & Conditioner,John Frieda Brilliant Brunette Colour Vibrancy Conditioner 250ml,250ml,£36.60/L,9.15,,
Boots Borehamwood,Haircare,Shampoo & Conditioner,John Frieda Brilliant Brunette Colour Vibrancy Shampoo 250ml,250ml,£36.60/L,9.15,,
Boots Borehamwood,Haircare,Shampoo & Conditioner,John Frieda Frizz Ease Dream Curls Conditioner 250ml,250ml,£36.60/L,9.15,,
Boots Borehamwood,Haircare,Shampoo & Conditioner,John Frieda Frizz Ease Dream Curls Curl Shampoo 250ml,250ml,£36.60/L,9.15,,
Boots Borehamwood,Haircare,Shampoo & Conditioner,John Frieda Frizz Ease Infinite Smooth Conditioner 250ml,250ml,£36.60/L,9.15,,
Boots Borehamwood,Haircare,Shampoo & Conditioner,John Frieda Frizz Ease Infinite Smooth Conditioner 500ml,500ml,£28.50/L,14.25,,
Boots Borehamwood,Haircare,Shampoo & Conditioner,John Frieda Frizz Ease Infinite Smooth Shampoo 250ml,250ml,£36.60/L,9.15,,
Boots Borehamwood,Haircare,Shampoo & Conditioner,John Frieda Frizz Ease Infinite Smooth Shampoo 500ml,500ml,£28.50/L,14.25,,
Boots Borehamwood,Haircare,Shampoo & Conditioner,John Frieda Frizz Ease Miraculous Recovery Conditioner 250ml,250ml,£36.60/L,9.15,,
Boots Borehamwood,Haircare,Shampoo & Conditioner,John Frieda Frizz Ease Miraculous Recovery Conditioner 500ml,500ml,£28.50/L,14.25,,
Boots Borehamwood,Haircare,Shampoo & Conditioner,John Frieda Frizz Ease Miraculous Recovery Conditioner 75ml,75ml,£53.33/L,4.00,,
Boots Borehamwood,Haircare,Shampoo & Conditioner,John Frieda Frizz Ease Miraculous Recovery Leave-in Conditioner 200ml,200ml,£51.50/L,10.30,,
Boots Borehamwood,Haircare,Shampoo & Conditioner,John Frieda Frizz Ease Miraculous Recovery Shampoo 250ml,250ml,£36.60/L,9.15,,
Boots Borehamwood,Haircare,Shampoo & Conditioner,John Frieda Frizz Ease Miraculous Recovery Shampoo 75ml,75ml,£53.33/L,4.00,,
Boots Borehamwood,Haircare,Shampoo & Conditioner,John Frieda Go Blonder Lightening Conditioner 500ml,500ml,£28.50/L,14.25,,
Boots Borehamwood,Haircare,Shampoo & Conditioner,John Frieda Go Blonder Lightening Conditioner 75ml,75ml,£53.33/L,4.00,,
Boots Borehamwood,Haircare,Shampoo & Conditioner,John Frieda Go Blonder Lightening Shampoo 250ml,250ml,£36.60/L,9.15,,
Boots Borehamwood,Haircare,Shampoo & Conditioner,John Frieda Go Blonder Lightening Shampoo 500ml,500ml,£28.50/L,14.25,,
Boots Borehamwood,Haircare,Shampoo & Conditioner,John Frieda Go Blonder Lightening Shampoo 75ml,75ml,£53.33/L,4.00,,
Boots Borehamwood,Haircare,Shampoo & Conditioner,John Frieda Profiller+ Thickening Conditioner 250ml,250ml,£45.80/L,11.45,,
Boots Borehamwood,Haircare,Shampoo & Conditioner,John Frieda Profiller+ Thickening Conditioner 75ml,75ml,£53.33/L,4.00,,
Boots Borehamwood,Haircare,Shampoo & Conditioner,John Frieda Profiller+ Thickening Shampoo 250ml,250ml,£45.80/L,11.45,,
Boots Borehamwood,Haircare,Shampoo & Conditioner,John Frieda Profiller+ Thickening Shampoo 75ml,75ml,£53.33/L,4.00,,
Boots Borehamwood,Haircare,Shampoo & Conditioner,John Frieda Radiant Red Boosting Conditioner 250ml,250ml,£36.60/L,9.15,,
Boots Borehamwood,Haircare,Shampoo & Conditioner,John Frieda Radiant Red Boosting Shampoo 250ml,250ml,£36.60/L,9.15,,
Boots Borehamwood,Haircare,Shampoo & Conditioner,John Frieda Sheer Blonde Brightening Conditioner 250ml,250ml,£36.60/L,9.15,,
Boots Borehamwood,Haircare,Shampoo & Conditioner,John Frieda Sheer Blonde Brightening Shampoo 250ml,250ml,£36.60/L,9.15,,
Boots Borehamwood,Haircare,Shampoo & Conditioner,John Frieda Sheer Blonde Brightening Shampoo 500ml,500ml,£28.50/L,14.25,,
Boots Borehamwood,Haircare,Shampoo & Conditioner,John Frieda Shimmering Silver Conditioner 250ml,250ml,£36.60/L,9.15,,
Boots Borehamwood,Haircare,Shampoo & Conditioner,John Frieda Shimmering Silver Shampoo 250ml,250ml,£36.60/L,9.15,,
Boots Borehamwood,Haircare,Shampoo & Conditioner,John Frieda Violet Crush Intensive Purple Shampoo 250ml,250ml,£41.20/L,10.30,,
Boots Borehamwood,Haircare,Shampoo & Conditioner,John Frieda Violet Crush Purple Shampoo 250ml,250ml,£36.60/L,9.15,,
Boots Borehamwood,Haircare,Shampoo & Conditioner,John Frieda Volume Lift Lightweight Conditioner 250ml,250ml,£36.60/L,9.15,,
Boots Borehamwood,Haircare,Shampoo & Conditioner,John Frieda Volume Lift Lightweight Shampoo 250ml,250ml,£36.60/L,9.15,,
Boots Borehamwood,Haircare,Shampoo & Conditioner,Just for Men Control Gx Grey Reduce Shampoo & Conditioner 118ml,118ml,£97.03/L,11.45,,
Boots Borehamwood,Haircare,Shampoo & Conditioner,Just for Men Control Gx Grey Reduce Shampoo 118ml,118ml,£97.03/L,11.45,,
Boots Borehamwood,Haircare,Shampoo & Conditioner,Klorane Extra-Gentle Dry Shampoo With Oat & Ceramide 150ml,150ml,£84.33/L,12.65,,
Boots Borehamwood,Haircare,Shampoo & Conditioner,Klorane Oil Control Dry Shampoo With Nettle & Vitamin E 150ml,150ml,£84.33/L,12.65,,
Boots Borehamwood,Haircare,Shampoo & Conditioner,Kurl Kitchen Baobab Wheat Okra Leave In Conditioner 350ml,350ml,£50.29/L,17.60,,
Boots Borehamwood,Haircare,Shampoo & Conditioner,Kurl Kitchen Deep Cleansing Black Soap Shampoo 350ml,350ml,£50.29/L,17.60,,
Boots Borehamwood,Haircare,Shampoo & Conditioner,Kurl Kitchen Shea Butter Baobab Wild Yam Conditioner 350ml,350ml,£50.29/L,17.60,,
Boots Borehamwood,Haircare,Shampoo & Conditioner,L Oreal Paris Elvive Collagen + Lifter Fibre Densifying Conditioner for Flat Hair 200ml,200ml,£18.50/L,3.70,,
Boots Borehamwood,Haircare,Shampoo & Conditioner,L Oreal Paris Elvive Collagen + Lifter Volumising Shampoo for Flat Hair 250ml,250ml,£14.80/L,3.70,,
Boots Borehamwood,Haircare,Shampoo & Conditioner,L'Oreal Elvive Hydra Hyaluronic Acid 8 Second Wonder Water 200ml,200ml,£65.75/L,13.15,,3 for 33% off
Boots Borehamwood,Haircare,Shampoo & Conditioner,L'Oreal Paris Elvive Bond Repair Conditioner 150ml,150ml,£47.53/L,7.13,14.25,50% off
Boots Borehamwood,Haircare,Shampoo & Conditioner,L'Oreal Paris Elvive Bond Repair Pre-Shampoo Treatment 200ml,200ml,£46.65/L,9.33,18.65,50% off
Boots Borehamwood,Haircare,Shampoo & Conditioner,L'Oreal Paris Elvive Bond Repair Shampoo 200ml,200ml,£35.65/L,7.13,14.25,50% off
Boots Borehamwood,Haircare,Shampoo & Conditioner,L'Oreal Paris Elvive Collagen Lifter spray 200ml,200ml,£71.50/L,14.30,,3 for 33% off
Boots Borehamwood,Haircare,Shampoo & Conditioner,L'Oreal Paris Elvive Colour Protect Conditioner 300ml,300ml,£30.67/L,9.20,,3 for 33% off
Boots Borehamwood,Haircare,Shampoo & Conditioner,L'Oreal Paris Elvive Colour Protect Conditioner 90ml,90ml,£38.33/L,3.45,,
Boots Borehamwood,Haircare,Shampoo & Conditioner,"L'Oreal Paris Elvive Colour Protect Conditioner, For Coloured & Highlighted Hair, 200ml",200ml,£18.50/L,3.70,,
Boots Borehamwood,Haircare,Shampoo & Conditioner,L'Oreal Paris Elvive Colour Protect Shampoo 90ml,90ml,£38.33/L,3.45,,
Boots Borehamwood,Haircare,Shampoo & Conditioner,L'Oreal Paris Elvive Colour Protect Shampoo Refill Pouch 500ml,500ml,£17.20/L,8.60,,3 for 33% off
Boots Borehamwood,Haircare,Shampoo & Conditioner,"L'Oreal Paris Elvive Colour Protect Shampoo, For Coloured & Highlighted Hair, 250ml",250ml,£14.80/L,3.70,,
Boots Borehamwood,Haircare,Shampoo & Conditioner,L'Oreal Paris Elvive Dream Lengths Air Volume Dry Shampoo 200ml,200ml,£31.25/L,6.25,,3 for 33% off
Boots Borehamwood,Haircare,Shampoo & Conditioner,"L'Oreal Paris Elvive Dream Lengths Anti-Split Ends Conditioner, For Long Hair, 200ml",200ml,£15.75/L,3.15,,
Boots Borehamwood,Haircare,Shampoo & Conditioner,"L'Oreal Paris Elvive Dream Lengths Anti-Split Ends Conditioner, For Long Hair, 300ml",300ml,£26.83/L,8.05,,3 for 33% off
Boots Borehamwood,Haircare,Shampoo & Conditioner,L'Oreal Paris Elvive Dream Lengths Conditioner 90ml,90ml,£38.33/L,3.45,,
Boots Borehamwood,Haircare,Shampoo & Conditioner,"L'Oreal Paris Elvive Dream Lengths Restoring Shampoo - Long Hair, Vegetal Keratin, Castor Oil, 250ml",250ml,£12.60/L,3.15,,
Boots Borehamwood,Haircare,Shampoo & Conditioner,"L'Oreal Paris Elvive Dream Lengths Restoring Shampoo, Keratin & Castor Oil, For Long Hair, 400ml",400ml,£20.13/L,8.05,,3 for 33% off
Boots Borehamwood,Haircare,Shampoo & Conditioner,L'Oreal Paris Elvive Dream Lengths Shampoo 90ml,90ml,£38.33/L,3.45,,
Boots Borehamwood,Haircare,Shampoo & Conditioner,L'Oreal Paris Elvive Dream Lengths Shampoo Refill Pouch 500ml,500ml,£16.10/L,8.05,,3 for 33% off
Boots Borehamwood,Haircare,Shampoo & Conditioner,L'Oreal Paris Elvive Extraordinary Oil Conditioner 200ml,200ml,£15.75/L,3.15,,
Boots Borehamwood,Haircare,Shampoo & Conditioner,L'Oreal Paris Elvive Extraordinary Oil Conditioner 300ml,300ml,£26.83/L,8.05,,3 for 33% off
Boots Borehamwood,Haircare,Shampoo & Conditioner,L'Oreal Paris Elvive Extraordinary Oil Shampoo 250ml,250ml,£12.60/L,3.15,,
Boots Borehamwood,Haircare,Shampoo & Conditioner,L'Oreal Paris Elvive Extraordinary Oil Shampoo 400ml,400ml,£20.13/L,8.05,,3 for 33% off
Boots Borehamwood,Haircare,Shampoo & Conditioner,L'Oreal Paris Elvive Full Resist Conditioner 300ml,300ml,£30.67/L,9.20,,3 for 33% off
Boots Borehamwood,Haircare,Shampoo & Conditioner,L'Oreal Paris Elvive Full Resist Shampoo 400ml,400ml,£23.00/L,9.20,,3 for 33% off
Boots Borehamwood,Haircare,Shampoo & Conditioner,L'Oreal Paris Elvive Growth Booster Conditioner 150ml,150ml,£47.67/L,7.15,14.30,50% off
Boots Borehamwood,Haircare,Shampoo & Conditioner,L'Oreal Paris Elvive Hydra Hyaluronic Shampoo 400ml,400ml,£23.00/L,9.20,,3 for 33% off
Boots Borehamwood,Haircare,Shampoo & Conditioner,L'Oreal Paris Elvive Hydra Hyaluronic Shampoo Refill Pouch 500ml,500ml,£17.20/L,8.60,,3 for 33% off
Boots Borehamwood,Haircare,Shampoo & Conditioner,"L'Oreal Paris Elvive Hydra Pure 72H Purifying Shampoo, For Oily Scalp & Dehydrated Lengths, 400ml",400ml,£23.00/L,9.20,,3 for 33% off
Boots Borehamwood,Haircare,Shampoo & Conditioner,L'Oreal Paris Elvive Hydra Pure Conditioner 200ml,200ml,£18.50/L,3.70,,
Boots Borehamwood,Haircare,Shampoo & Conditioner,L'Oreal Paris Elvive Hydra Pure Conditioner 300ml,300ml,£30.67/L,9.20,,3 for 33% off
Boots Borehamwood,Haircare,Shampoo & Conditioner,L'Oreal Paris Elvive Hydra Pure Shampoo 250ml,250ml,£14.80/L,3.70,,
Boots Borehamwood,Haircare,Shampoo & Conditioner,Lee Stafford Argan Oil Nourishing Conditioner 250ml,250ml,£46.20/L,11.55,,
Boots Borehamwood,Haircare,Shampoo & Conditioner,Lee Stafford Argan Oil Nourishing Shampoo 250ml,250ml,£46.20/L,11.55,,
Boots Borehamwood,Haircare,Shampoo & Conditioner,Lee Stafford Bleach Blondes Everyday Care Conditioner 250ml,250ml,£43.60/L,10.90,,
Boots Borehamwood,Haircare,Shampoo & Conditioner,Lee Stafford Bleach Blondes Everyday Care Shampoo 250ml,250ml,£43.60/L,10.90,,
Boots Borehamwood,Haircare,Shampoo & Conditioner,Lee Stafford Bleach Blondes Ice White Toning Conditioner 250ml,250ml,£43.60/L,10.90,,
Boots Borehamwood,Haircare,Shampoo & Conditioner,Lee Stafford Coco Loco Shine Conditioner 250ml,250ml,£43.60/L,10.90,,
Boots Borehamwood,Haircare,Shampoo & Conditioner,Lee Stafford Coco Loco Shine Shampoo 250ml,250ml,£43.60/L,10.90,,
Boots Borehamwood,Haircare,Shampoo & Conditioner,Lee Stafford Dry Shampoo 200ml,200ml,£43.00/L,8.60,,
Boots Borehamwood,Haircare,Shampoo & Conditioner,Lee Stafford For The Love Of Curls Leave-In Conditioning Moisture Mist 150ml,150ml,£72.67/L,10.90,,
Boots Borehamwood,Haircare,Shampoo & Conditioner,Lee Stafford For The Love Of Curls Moisturising Conditioner 500ml,500ml,£29.70/L,14.85,,
Boots Borehamwood,Haircare,Shampoo & Conditioner,Lee Stafford For The Love Of Curls Sulphate Free Shampoo 500ml,500ml,£29.70/L,14.85,,
Boots Borehamwood,Haircare,Shampoo & Conditioner,Lee Stafford Grow Strong & Long Activation Conditioner 250ml,250ml,£43.60/L,10.90,,
Boots Borehamwood,Haircare,Shampoo & Conditioner,Lee Stafford Grow Strong & Long Activation Shampoo 250ml,250ml,£43.60/L,10.90,,
Boots Borehamwood,Haircare,Shampoo & Conditioner,Mielle Pomegranate & Honey Leave-In Conditioner,350ml,£43.86/L,15.35,,
Boots Borehamwood,Haircare,Shampoo & Conditioner,Mielle Pomegranate & Honey Moisturising & Detangling Conditioner 355g,355g,£43.24/kg,15.35,,
Boots Borehamwood,Haircare,Shampoo & Conditioner,Mielle Pomegranate & Honey Moisturising & Detangling Shampoo,355ml,£43.24/L,15.35,,
Boots Borehamwood,Haircare,Shampoo & Conditioner,Mielle Rosemary Mint Strengthening Conditioner 355g,355g,£33.94/kg,12.05,,
Boots Borehamwood,Haircare,Shampoo & Conditioner,Mielle Rosemary Mint Strengthening Shampoo,355ml,£33.94/L,12.05,,
Boots Borehamwood,Haircare,Shampoo & Conditioner,Monday Haircare Moisture Conditioner 350ml,350ml,£11.00/L,3.85,5.75,33% off
Boots Borehamwood,Haircare,Shampoo & Conditioner,Monday Haircare Moisture Shampoo 350ml,350ml,£11.00/L,3.85,5.75,33% off
Boots Borehamwood,Haircare,Shampoo & Conditioner,Monday Haircare Moisture Travel Kit Conditioner 50ml,50ml,£46.00/L,2.30,,
Boots Borehamwood,Haircare,Shampoo & Conditioner,Monday Haircare Moisture Travel Kit Shampoo 50ml,50ml,£46.00/L,2.30,,
Boots Borehamwood,Haircare,Shampoo & Conditioner,Monday Haircare Original Dry Shampoo 200ml,200ml,£16.25/L,3.25,4.85,33% off
Boots Borehamwood,Haircare,Shampoo & Conditioner,Monday Haircare Repair Shampoo 354ml,354ml,£10.88/L,3.85,5.75,33% off
Boots Borehamwood,Haircare,Shampoo & Conditioner,Monday Haircare Volume Conditioner 350ml,350ml,£11.00/L,3.85,5.75,33% off
Boots Borehamwood,Haircare,Shampoo & Conditioner,Natur Vital Hair Loss Shampoo 300ml,300ml,£38.17/L,11.45,,
Boots Borehamwood,Haircare,Shampoo & Conditioner,Nature Spell Growth Complex Conditioner 300ml,300ml,£30.67/L,9.20,,
Boots Borehamwood,Haircare,Shampoo & Conditioner,Nature Spell Growth Complex Shampoo 300ml,300ml,£30.67/L,9.20,,
Boots Borehamwood,Haircare,Shampoo & Conditioner,Neutrogena T/Gel 2 In 1 Anti-Dandruff Shampoo & Conditioner,250ml,£39.00/L,9.75,,
Boots Borehamwood,Haircare,Shampoo & Conditioner,Neutrogena T/Gel Dry Hair Anti-Dandruff Shampoo,250ml,£39.00/L,9.75,,
Boots Borehamwood,Haircare,Shampoo & Conditioner,Neutrogena T/Gel Oily Scalp Anti-Dandruff Shampoo,250ml,£39.00/L,9.75,,
Boots Borehamwood,Haircare,Shampoo & Conditioner,Neutrogena T/Gel Sensitive Scalp Anti-Dandruff Shampoo 150ml,150ml,£57.33/L,8.60,,
Boots Borehamwood,Haircare,Shampoo & Conditioner,Nizoral Anti-Dandruff Daily Prevent Conditoner 200ml,200ml,£52.25/L,10.45,,£7.84 loyalty card (£39.20/L)
Boots Borehamwood,Haircare,Shampoo & Conditioner,Nizoral Anti-Dandruff Daily Prevent Shampoo 200ml,200ml,£52.25/L,10.45,,£7.84 loyalty card (£39.20/L)
Boots Borehamwood,Haircare,Shampoo & Conditioner,Nizoral Anti-Dandruff Shampoo - 60ml,60ml,£170.00/L,10.20,,
Boots Borehamwood,Haircare,Shampoo & Conditioner,Nizoral Scalp Soothing Itchy & Sensitive Shampoo 200ml,200ml,£50.25/L,10.05,,£7.54 loyalty card (£37.70/L)
Boots Borehamwood,Haircare,Shampoo & Conditioner,OGX Colour Care Conditioner 385ml,385g,£23.90/kg,9.20,,
Boots Borehamwood,Haircare,Shampoo & Conditioner,"OGX ProGrowth + Peptide Hair Thicken & Strengthen Conditioner, 385ml",385ml,£28.57/L,11.00,,
Boots Borehamwood,Haircare,Shampoo & Conditioner,Ogx Anti-Breakage+ Keratin Oil Ph Balanced Conditioner,385ml,£23.90/L,9.20,,
Boots Borehamwood,Haircare,Shampoo & Conditioner,Ogx Anti-Breakage+ Keratin Oil Ph Balanced Shampoo,385ml,£23.90/L,9.20,,
Boots Borehamwood,Haircare,Shampoo & Conditioner,Ogx Apple Cider Vinegar Shampoo 385ml,385ml,£23.90/L,9.20,,
Boots Borehamwood,Haircare,Shampoo & Conditioner,Ogx Bond Protein Repair 230c Heat Protect Spray & Leave-In Conditioning Mist Multi-Tasker Spray,193ml,£85.49/L,16.50,,
Boots Borehamwood,Haircare,Shampoo & Conditioner,"Ogx Bond Protein Repair Lightweight Shampoo, 385ml",385ml,£28.57/L,11.00,,
Boots Borehamwood,Haircare,Shampoo & Conditioner,"Ogx Clarifying Strength + Rosemary Mint Hair Shampoo, 385ml",385ml,£23.90/L,9.20,,
Boots Borehamwood,Haircare,Shampoo & Conditioner,Ogx Colour Care Shampoo 385ml,385ml,£23.90/L,9.20,,
Boots Borehamwood,Haircare,Shampoo & Conditioner,Ogx Damage Remedy+ Coconut Miracle Oil Extra Strength Ph Balanced Conditioner 385ml,385ml,£23.90/L,9.20,,
Boots Borehamwood,Haircare,Shampoo & Conditioner,Ogx Damage Remedy+ Coconut Miracle Oil Extra Strength Ph Balanced Shampoo 385ml,385ml,£23.90/L,9.20,,
Boots Borehamwood,Haircare,Shampoo & Conditioner,Ogx Ever Straightening+ Brazilian Keratin Smooth Ph Balanced Conditioner 385ml,385ml,£23.90/L,9.20,,
Boots Borehamwood,Haircare,Shampoo & Conditioner,Ogx Hydrate & Revive+ Argan Oil Of Morocco Extra Strength Ph Balanced Conditioner 385ml,385ml,£23.90/L,9.20,,
Boots Borehamwood,Haircare,Shampoo & Conditioner,Ogx Hydrate & Revive+ Argan Oil Of Morocco Extra Strength Ph Balanced Shampoo 385ml,385ml,£23.90/L,9.20,,
Boots Borehamwood,Haircare,Shampoo & Conditioner,Ogx Keratin & Argan Oil Conditioner 385ml,385ml,£23.90/L,9.20,,
Boots Borehamwood,Haircare,Shampoo & Conditioner,Ogx Keratin Smoothing Shampoo 385ml,385ml,£23.90/L,9.20,,
Boots Borehamwood,Haircare,Shampoo & Conditioner,Ogx Nourishing + Coconut Milk Conditioner Travel Size 88.7ml,89ml,£41.57/L,3.70,,
Boots Borehamwood,Haircare,Shampoo & Conditioner,Ogx Nourishing + Coconut Milk Mini Shampoo 88.7ml,89ml,£41.57/L,3.70,,
Boots Borehamwood,Haircare,Shampoo & Conditioner,Ogx Nourishing+ Coconut Milk Ph Balanced Conditioner 385ml,385ml,£23.90/L,9.20,,
Boots Borehamwood,Haircare,Shampoo & Conditioner,Ogx Nourishing+ Coconut Milk Ph Balanced Shampoo 385ml,385ml,£23.90/L,9.20,,
Boots Borehamwood,Haircare,Shampoo & Conditioner,Ogx Progrowth + Peptide Clarifying Shampoo 385ml,385ml,£28.57/L,11.00,,
Boots Borehamwood,Haircare,Shampoo & Conditioner,Ogx Quenching+ Coconut Curls Ph Balanced Conditioner 385ml,385ml,£23.90/L,9.20,,
Boots Borehamwood,Haircare,Shampoo & Conditioner,Ogx Quenching+ Coconut Curls Ph Balanced Shampoo 385ml,385ml,£23.90/L,9.20,,
Boots Borehamwood,Haircare,Shampoo & Conditioner,Ogx Renewing And Argan Oil Of Morocco Mini Conditioner 88.7ml,89ml,£41.57/L,3.70,,
Boots Borehamwood,Haircare,Shampoo & Conditioner,Ogx Renewing And Argan Oil Of Morocco Mini Shampoo 88.7ml,89ml,£41.57/L,3.70,,
Boots Borehamwood,Haircare,Shampoo & Conditioner,Ogx Rescue Fusions Hyaluronic Acid + Pro-Vitamin B5 Hydrating Conditioner 385ml,385ml,£28.57/L,11.00,,
Boots Borehamwood,Haircare,Shampoo & Conditioner,Ogx Rescue Fusions Hyaluronic Acid + Pro-Vitamin B5 Shampoo 385ml,385ml,£28.57/L,11.00,,
Boots Borehamwood,Haircare,Shampoo & Conditioner,Ogx Weightless Hydration Argan Oil Lightweight Conditioner For Fine Hair 385ml,385ml,£23.90/L,9.20,,
Boots Borehamwood,Haircare,Shampoo & Conditioner,Ogx Weightless Hydration Argan Oil Lightweight Shampoo For Fine Hair 385ml,385ml,£23.90/L,9.20,,
Boots Borehamwood,Haircare,Shampoo & Conditioner,Oilatum Scalp Anti-Dandruff Shampoo 100ml,100ml,£142.50/L,14.25,,
Boots Borehamwood,Haircare,Shampoo & Conditioner,Only Curls All Curl Conditioner 300ml,300ml,£66.00/L,19.80,,
Boots Borehamwood,Haircare,Shampoo & Conditioner,Ouai Detox Shampoo Travel 89ml,89ml,£173.03/L,15.40,,
Boots Borehamwood,Haircare,Shampoo & Conditioner,Ouai Medium Conditioner Travel Size 89ml,89ml,£173.03/L,15.40,,
Boots Borehamwood,Haircare,Shampoo & Conditioner,Pantene Miracles Lift & Volume Hair Silicone Free Conditioner With Biotin 275ml,275ml,£13.56/L,3.73,7.45,50% off
Boots Borehamwood,Haircare,Shampoo & Conditioner,Pantene Miracles Lift & Volume Hair Silicone Free Shampoo With Biotin 400ml,400ml,£9.33/L,3.73,7.45,50% off
Boots Borehamwood,Haircare,Shampoo & Conditioner,Pantene Molecular Bond Repair Deep Conditioning Treatment With Biotin 150ml For Dry Hair,150ml,£36.67/L,5.50,11.00,50% off
Boots Borehamwood,Haircare,Shampoo & Conditioner,Pantene Molecular Bond Repair Hair Conditioner With Biotin 160ml Pro-V Concentrated Formula,160ml,£23.31/L,3.73,7.45,50% off
Boots Borehamwood,Haircare,Shampoo & Conditioner,Pantene Molecular Bond Repair Shampoo With Biotin 250ml Pro-V Concentrated Formula,250ml,£14.92/L,3.73,7.45,50% off
Boots Borehamwood,Haircare,Shampoo & Conditioner,Pantene Pro-V 3 minute miracle smooth & sleek conditioner 220ml,220ml,£16.95/L,3.73,7.45,50% off
Boots Borehamwood,Haircare,Shampoo & Conditioner,"Pantene Pro-V Classic Clean 3 In 1 Shampoo, For Normal To Mixed Hair, 400ml",400ml,£9.33/L,3.73,7.45,50% off
Boots Borehamwood,Haircare,Shampoo & Conditioner,"Pantene Pro-V Repair & Protect 3 Minute Miracle Conditioner 220ml, For Dry Damaged Hair",220ml,£16.95/L,3.73,7.45,50% off
Boots Borehamwood,Haircare,Shampoo & Conditioner,"Pantene Pro-V Repair & Protect Shampoo, For Damaged Hair, 500ml",500ml,£7.46/L,3.73,7.45,50% off
Boots Borehamwood,Haircare,Shampoo & Conditioner,"Pantene Pro-V Smooth & Sleek Hair Conditioner, 2x The Nutrients In 1 Use, 350ml",350ml,£10.66/L,3.73,7.45,50% off
Boots Borehamwood,Haircare,Shampoo & Conditioner,"Pantene Pro-V Smooth & Sleek Shampoo, For Dull & Frizzy Hair, 500ml",500ml,£7.46/L,3.73,7.45,50% off
Boots Borehamwood,Haircare,Shampoo & Conditioner,Pantene Pro-V grow abundant anti hair-loss conditioner 250ml,250ml,£30.80/L,7.70,15.40,50% off
Boots Borehamwood,Haircare,Shampoo & Conditioner,Pantene Pro-V grow abundant anti hair-loss mask 300ml,300ml,£35.00/L,10.50,21.00,50% off
Boots Borehamwood,Haircare,Shampoo & Conditioner,Pantene Pro-V grow abundant anti hair-loss shampoo 290ml,290ml,£26.55/L,7.70,15.40,50% off
Boots Borehamwood,Haircare,Shampoo & Conditioner,Pantene Pro-V moisture recharge shampoo 500ml,500ml,£7.46/L,3.73,7.45,50% off
Boots Borehamwood,Haircare,Shampoo & Conditioner,Plantur 21 #Longhair Conditioner 175ml,175ml,£58.86/L,10.30,,
Boots Borehamwood,Haircare,Shampoo & Conditioner,Plantur 39 Anti-Grey Effect Colour Booster Conditioner,150ml,£131.67/L,19.75,,
Boots Borehamwood,Haircare,Shampoo & Conditioner,Plantur 39 Caffeine Conditioner 150ml,150ml,£72.67/L,10.90,,
Boots Borehamwood,Haircare,Shampoo & Conditioner,Plantur 39 Caffeine Shampoo For Fine Brittle Hair 250ml,250ml,£52.60/L,13.15,,
Boots Borehamwood,Haircare,Shampoo & Conditioner,Plantur 39 Colour Brown Shampoo,250ml,£57.00/L,14.25,,
Boots Borehamwood,Haircare,Shampoo & Conditioner,Plantur 39 Phyto-Caffeine Shampoo Coloured/Stressed Hair 250ml,250ml,£52.60/L,13.15,,
Boots Borehamwood,Haircare,Shampoo & Conditioner,Plantur Dmg Clinical Shampoo 250ml,250ml,£92.20/L,23.05,,
Boots Borehamwood,Haircare,Shampoo & Conditioner,Plantur39 Anti-Grey Effect Shampoo 200ml,200ml,£109.75/L,21.95,,
Boots Borehamwood,Haircare,Shampoo & Conditioner,Polytar Scalp Shampoo - 150ml,150ml,£65.73/L,9.86,13.15,25% off
Boots Borehamwood,Haircare,Shampoo & Conditioner,Pro:Voke Go Ashy Shampoo 200ml,200ml,£34.25/L,6.85,,
Boots Borehamwood,Haircare,Shampoo & Conditioner,Pro:Voke Touch Of Silver Advanced Brighten + Repair Intensive Purple Shampoo 200ml,200ml,£28.50/L,5.70,,
Boots Borehamwood,Haircare,Shampoo & Conditioner,Pro:Voke Touch Of Silver Brightening Shampoo 200ml,200ml,£25.75/L,5.15,,
Boots Borehamwood,Haircare,Shampoo & Conditioner,Provoke Go Icy Shampoo 200ml,200ml,£34.25/L,6.85,,
Boots Borehamwood,Haircare,Shampoo & Conditioner,Sheamoisture Coconut & Hibiscus Curl & Shine Shampoo For Curly Hair 384ml,384ml,£37.11/L,14.25,,
Boots Borehamwood,Haircare,Shampoo & Conditioner,Sheamoisture Hydrate & Repair Conditioner Manuka Honey & Yoghurt 384ml,384ml,£37.11/L,14.25,,
Boots Borehamwood,Haircare,Shampoo & Conditioner,Sheamoisture Hydrate & Repair Shampoo Manuka Honey & Yoghurt 384ml,384ml,£37.11/L,14.25,,
Boots Borehamwood,Haircare,Shampoo & Conditioner,Sheamoisture Jamaican Black Castor Oil Strength & Restore Shampoo 384ml,384ml,£37.24/L,14.30,,
Boots Borehamwood,Haircare,Shampoo & Conditioner,Sheamoisture Jamaican Black Castor Oil Strengthen & Restore Conditioner 384ml,384ml,£37.11/L,14.25,,
Boots Borehamwood,Haircare,Shampoo & Conditioner,Sheamoisture Jamaican Black Castor Oil Strengthen & Restore Leave-In Conditioner 431ml,431g,£38.17/kg,16.45,,
Boots Borehamwood,Haircare,Shampoo & Conditioner,Sheamoisture Manuka Mafura Leave In Conditioner 326ml,326ml,£50.46/L,16.45,,
Boots Borehamwood,Haircare,Shampoo & Conditioner,Sheamoisture Raw Shea Butter Restorative Conditioner No Silicones Or Sulphates 384ml,384ml,£37.11/L,14.25,,
Boots Borehamwood,Haircare,Shampoo & Conditioner,Sheamoisture Raw Shea Butter Silicone & Sulphate Free Extra Moisture Retention Shampoo 384ml,384ml,£37.11/L,14.25,,
Boots Borehamwood,Haircare,Shampoo & Conditioner,Sheamoisturemanuka Honey & Mafura Oil Intensive Hydration Conditioner 384 ml,384ml,£37.11/L,14.25,,
Boots Borehamwood,Haircare,Shampoo & Conditioner,Simple Kind To Hair Gentle Care Conditioner 400ml,400ml,£9.38/L,3.75,,
Boots Borehamwood,Haircare,Shampoo & Conditioner,Simple Kind To Hair Gentle Cleansing Shampoo 400ml,400ml,£9.38/L,3.75,,
Boots Borehamwood,Haircare,Shampoo & Conditioner,Slick Gorilla 2 in 1 Shampoo & Conditioner 200ml,200ml,£57.00/L,11.40,,
Boots Borehamwood,Haircare,Shampoo & Conditioner,Sukin Deep Cleanse Shampoo 500ml,500ml,£16.10/L,8.05,,
Boots Borehamwood,Haircare,Shampoo & Conditioner,Sukin Hydrating Conditioner 500ml,500ml,£16.10/L,8.05,,
Boots Borehamwood,Haircare,Shampoo & Conditioner,Sukin Hydrating Shampoo 500ml,500ml,£16.10/L,8.05,,
Boots Borehamwood,Haircare,Shampoo & Conditioner,Sukin Natural Balance Conditioner 500ml,500ml,£16.10/L,8.05,,
Boots Borehamwood,Haircare,Shampoo & Conditioner,Sukin Natural Balance Shampoo 500ml,500ml,£16.10/L,8.05,,
Boots Borehamwood,Haircare,Shampoo & Conditioner,Toni & Guy Damage Repair Conditioner 250ml,250ml,£33.00/L,8.25,,
Boots Borehamwood,Haircare,Shampoo & Conditioner,Toni & Guy Damage Repair Shampoo 250ml,250ml,£33.00/L,8.25,,
Boots Borehamwood,Haircare,Shampoo & Conditioner,Toni & Guy Leave In Conditioner 100ml,100ml,£89.00/L,8.90,,
Boots Borehamwood,Haircare,Shampoo & Conditioner,Tresemme Colour Chroma Vibrance Hair Mask 300ml,300ml,£15.33/L,4.60,9.20,50% off
Boots Borehamwood,Haircare,Shampoo & Conditioner,Tresemme Curl Activator Hair Cream Serum 100ml,100ml,£63.30/L,6.33,12.65,50% off
Boots Borehamwood,Haircare,Shampoo & Conditioner,Tresemme Hydra Molecular Hair Cream Serum 100ml,100ml,£63.30/L,6.33,12.65,50% off
Boots Borehamwood,Haircare,Shampoo & Conditioner,Tresemme Hydra Molecular Shampoo 400ml,400ml,£10.08/L,4.03,8.05,50% off
Boots Borehamwood,Haircare,Shampoo & Conditioner,Tresemme Keratin Seal Smooth Hair Spray 150ml,150ml,£42.20/L,6.33,12.65,50% off
Boots Borehamwood,Haircare,Shampoo & Conditioner,Tresemme Lamellar Gloss Hair Cream Serum 100ml,100ml,£63.30/L,6.33,12.65,50% off
Boots Borehamwood,Haircare,Shampoo & Conditioner,Tresemme Lamellar Gloss Hair Oil Serum 100ml,100ml,£68.80/L,6.88,13.75,50% off
Boots Borehamwood,Haircare,Shampoo & Conditioner,Tresemme Lamellar Gloss Hair Spray 150ml,150ml,£42.20/L,6.33,12.65,50% off
Boots Borehamwood,Haircare,Shampoo & Conditioner,Tresemme Rich Moisture Conditioner 100ml,100ml,£20.50/L,2.05,,
Boots Borehamwood,Haircare,Shampoo & Conditioner,Tresemme Rich Moisture Shampoo 100ml,100ml,£20.50/L,2.05,,
Boots Borehamwood,Haircare,Shampoo & Conditioner,Tresemme Thermo Sculpt Memory Hair Cream Serum 100ml,100ml,£63.30/L,6.33,12.65,50% off
Boots Borehamwood,Haircare,Shampoo & Conditioner,Tresemme Thermo Sculpt Memory Hair Mask 300ml,300ml,£15.33/L,4.60,9.20,50% off
Boots Borehamwood,Haircare,Shampoo & Conditioner,Tresemme keratin seal smooth conditioner 200ml,200ml,£25.75/L,5.15,,
Boots Borehamwood,Haircare,Shampoo & Conditioner,Tresemme keratin seal smooth shampoo 250ml,250ml,£20.60/L,5.15,,
Boots Borehamwood,Haircare,Shampoo & Conditioner,Tresemme keratin seal smooth shampoo 400ml,400ml,£10.08/L,4.03,8.05,50% off
Boots Borehamwood,Haircare,Shampoo & Conditioner,Umberto Giannini Banana Butter Nourishing Superfood Conditioner 250ml,250ml,£42.40/L,10.60,,
Boots Borehamwood,Haircare,Shampoo & Conditioner,Umberto Giannini Coily Curls Moisture Conditioner 250ml,250ml,£42.40/L,10.60,,
Boots Borehamwood,Haircare,Shampoo & Conditioner,Umberto Giannini Coily Curls Moisture Shampoo 250ml,250ml,£42.40/L,10.60,,
Boots Borehamwood,Haircare,Shampoo & Conditioner,Umberto Giannini Curl Jelly Care Conditioner 250ml,250ml,£42.40/L,10.60,,
Boots Borehamwood,Haircare,Shampoo & Conditioner,Umberto Giannini Curl Jelly Care Conditioner Mini 50ml,50ml,£86.00/L,4.30,,
Boots Borehamwood,Haircare,Shampoo & Conditioner,Umberto Giannini Curl Jelly Smoothie Leave-In Anti Frizz Conditioner 225ml,225ml,£50.67/L,11.40,,
Boots Borehamwood,Haircare,Shampoo & Conditioner,Umberto Giannini Curl Jelly Wash Shampoo 250ml,250ml,£42.40/L,10.60,,
Boots Borehamwood,Haircare,Shampoo & Conditioner,Umberto Giannini Curl Jelly Wash Shampoo Mini 50ml,50ml,£86.00/L,4.30,,
Boots Borehamwood,Haircare,Shampoo & Conditioner,Umberto Giannini Dream Waves Peptide & Chia Seed Wave Enhancing Conditioner 250ml,250ml,£45.60/L,11.40,,
Boots Borehamwood,Haircare,Shampoo & Conditioner,Umberto Giannini Dream Waves Peptide & Chia Seed Wave Enhancing Shampoo 250ml,250ml,£45.60/L,11.40,,
Boots Borehamwood,Haircare,Shampoo & Conditioner,Umberto Giannini Moisture Milk Rosemary Oil Leave In Conditioner 250ml,250ml,£48.00/L,12.00,,
Boots Borehamwood,Haircare,Shampoo & Conditioner,Umberto Giannini Scalp Restore Scalp Reviving Balancing Shampoo 250ml,250ml,£42.40/L,10.60,,
Boots Borehamwood,Haircare,Shampoo & Conditioner,Umberto Giannini Strong Curls Rosemary Oil Conditioner 250ml,250ml,£45.60/L,11.40,,
Boots Borehamwood,Haircare,Shampoo & Conditioner,Umberto Giannini Strong Curls Rosemary Oil Shampoo 250ml,250ml,£45.60/L,11.40,,
Boots Borehamwood,Haircare,Shampoo & Conditioner,Umberto Giannini Thirsty Curls Hydrating Shampoo 250ml,250ml,£42.40/L,10.60,,
Boots Borehamwood,Haircare,Shampoo & Conditioner,Vichy Dercos Anti-Dandruff 2In1 Dermatological Conditioning Shampoo 200ml,200ml,£96.25/L,19.25,,
Boots Borehamwood,Haircare,Shampoo & Conditioner,Vichy Dercos Anti-Dandruff Shampoo For Dry Hair 200ml,200ml,£90.75/L,18.15,,
Boots Borehamwood,Haircare,Shampoo & Conditioner,Vichy Dercos Anti-Dandruff Shampoo For Normal To Oily Hair 200ml,200ml,£90.75/L,18.15,,
Boots Borehamwood,Haircare,Shampoo & Conditioner,Vichy Dercos Anti-Dandruff Shampoo For Sensitive Scalp 200ml,200ml,£90.75/L,18.15,,
Boots Borehamwood,Haircare,Shampoo & Conditioner,Vichy Dercos Anti-Hair Loss Shampoo For Weak Hair And Sensitive Scalps 200ml,200ml,£90.75/L,18.15,,
Boots Borehamwood,Haircare,Shampoo & Conditioner,Vichy Dercos Energy+ Fortifying Conditioner For Hair Loss Due To Breakage 200ml,200ml,£93.50/L,18.70,,
Boots Borehamwood,Haircare,Shampoo & Conditioner,Watermans Condition Me Hair Growth Conditioner 250ml,250ml,£63.80/L,15.95,,
Boots Borehamwood,Hand & Foot Care,Foot Cream,Boots Coconut Oil & Shea Butter Nourishing Foot Cream 150ml,150ml,£23.27/L,3.49,,
Boots Borehamwood,Hand & Foot Care,Foot Cream,Boots Cracked Heel Balm - 125ml,125ml,£71.92/L,8.99,,
Boots Borehamwood,Hand & Foot Care,Foot Cream,Boots Foot Socks Coconut Oil 1 Pair,,,1.99,,
Boots Borehamwood,Hand & Foot Care,Foot Cream,Boots Moisturising Foot Cream100ml,100ml,£45.00/L,4.50,,
Boots Borehamwood,Hand & Foot Care,Foot Cream,Boots Odour Control Foot Powder Talc Free 75g,75g,£59.87/kg,4.49,,
Boots Borehamwood,Hand & Foot Care,Foot Cream,Boots Pharmaceuticals Corn Removal Plasters (5 Plasters),5pk,£0.72 each,3.60,,
Boots Borehamwood,Hand & Foot Care,Foot Cream,Boots Pharmaceuticals Foot And Shoe Spray - 150ml,150ml,£26.67/L,4.00,,
Boots Borehamwood,Hand & Foot Care,Foot Cream,Boots Soothing Foot Soak 150ml,150ml,£26.60/L,3.99,,
Boots Borehamwood,Hand & Foot Care,Foot Cream,Boots Tea Tree & Peppermint Moisturising Foot Socks - 1 Pair,,,1.99,,
Boots Borehamwood,Hand & Foot Care,Foot Cream,CCS Foot Care Cream - 175ml,175ml,£59.14/L,10.35,,
Boots Borehamwood,Hand & Foot Care,Foot Cream,CCS Pro All-In-One Foot Cream - 100ml,100ml,£181.50/L,18.15,,
Boots Borehamwood,Hand & Foot Care,Foot Cream,CCS anti-friction spray 100ml,100ml,£120.50/L,12.05,,
Boots Borehamwood,Hand & Foot Care,Foot Cream,CCS heel repair stick 25ml,25ml,£482.00/L,12.05,,
Boots Borehamwood,Hand & Foot Care,Foot Cream,CCS warming foot creme 150ml,150ml,£93.33/L,14.00,,
Boots Borehamwood,Hand & Foot Care,Foot Cream,Cerave Sa Renewing Foot Cream With Salicylic Acid For Extremely Dry Rough & Bumpy Skin 88ml,88ml,£93.75/L,8.25,11.00,25% off
Boots Borehamwood,Hand & Foot Care,Foot Cream,Daktarin Aktiv Cream 30g,30g,£271.67/kg,8.15,,
Boots Borehamwood,Hand & Foot Care,Foot Cream,Dr Scholl Exfoliating & Moisturising Peeling Foot Mask,,,11.45,,
Boots Borehamwood,Hand & Foot Care,Foot Cream,Dr. Scholl's Arch Support Sleeve,,,16.45,,
Boots Borehamwood,Hand & Foot Care,Foot Cream,Dr. Scholl's Complete Corn Treatment Kit,,,7.80,,
Boots Borehamwood,Hand & Foot Care,Foot Cream,Dr. Scholl's Intense Nourish Foot & Nail Cream 150ml,150ml,£64.33/L,9.65,,
Boots Borehamwood,Hand & Foot Care,Foot Cream,Dr. Scholl's Intensely Repairing Foot Mask,,,3.70,,
Boots Borehamwood,Hand & Foot Care,Foot Cream,Dr. Scholl's Pedi Perfect Electronic Foot File,,,31.45,,
Boots Borehamwood,Hand & Foot Care,Foot Cream,Eucerin Dry Skin Urearepair Plus 10% Urea Foot Cream 100ml,100ml,£132.00/L,13.20,,
Boots Borehamwood,Hand & Foot Care,Foot Cream,Excilor Nail Fungus 3x Actions 7ml,7ml,"£3,742.86/L",26.20,,
Boots Borehamwood,Hand & Foot Care,Foot Cream,Excilor Nail Fungus Treatment Easy Pen 4ml,,,28.85,,
Boots Borehamwood,Hand & Foot Care,Foot Cream,Flexitol Advanced Overnight Foot Cream 50g,50g,£206.00/kg,10.30,,
Boots Borehamwood,Hand & Foot Care,Foot Cream,Flexitol Cracked Heel Balm 112g,112g,£122.32/kg,13.70,,
Boots Borehamwood,Hand & Foot Care,Foot Cream,Flexitol Cracked Heel Balm 485g,485g,£75.67/kg,36.70,,
Boots Borehamwood,Hand & Foot Care,Foot Cream,Flexitol Cracked Heel Balm 56g,56g,£142.86/kg,8.00,,
Boots Borehamwood,Hand & Foot Care,Foot Cream,Flexitol Hard Skin Removing Balm 56g,56g,£142.86/kg,8.00,,
Boots Borehamwood,Hand & Foot Care,Foot Cream,Flexitol Intensely Nourishing Foot Cream 145g,145g,£63.10/kg,9.15,,
Boots Borehamwood,Hand & Foot Care,Foot Cream,Flexitol Intensely Nourishing Foot Cream 485g,485g,£46.39/kg,22.50,,
Boots Borehamwood,Hand & Foot Care,Foot Cream,Footmender All in One 100ml,100ml,£304.00/L,30.40,,
Boots Borehamwood,Hand & Foot Care,Foot Cream,For Healthy Feet Foot Cream - 91g,91g,£113.19/kg,10.30,,
Boots Borehamwood,Hand & Foot Care,Foot Cream,Lamisil At 1% Cream - 15g,15g,£563.33/kg,8.45,,
Boots Borehamwood,Hand & Foot Care,Foot Cream,Lamisil Once 1% Cutaneous Solution,,,12.60,,
Boots Borehamwood,Hand & Foot Care,Foot Cream,O'Keeffe's For Healthy Feet Overnight Intensive Foot Cream 80ml,80ml,£143.75/L,11.50,,
Boots Borehamwood,Hand & Foot Care,Foot Cream,O'Keeffe's Healthy Feet Foot Cream - 180g,180g,£85.28/kg,15.35,,
Boots Borehamwood,Hand & Foot Care,Foot Cream,O'Keeffes Healthy Feet tube 85g,85g,£121.18/kg,10.30,,
Boots Borehamwood,Hand & Foot Care,Foot Cream,Odor-Eaters Foot & Shoe Spray,150ml,£27.33/L,4.10,,
Boots Borehamwood,Hand & Foot Care,Foot Cream,Odor-Eaters Sports Foot & Shoe Spray 150ml,150ml,£40.33/L,6.05,,
Boots Borehamwood,Hand & Foot Care,Foot Cream,Palmer's Cocoa Butter Formula Foot Magic,60g,£90.00/kg,5.40,,
Boots Borehamwood,Hand & Foot Care,Foot Cream,Scholl Advance Athlete's Foot Cream - 15g,15g,£510.00/kg,7.65,,
Boots Borehamwood,Hand & Foot Care,Foot Cream,Scholl Antifungal Shoe Spray Disinfectant 250ml,250ml,£30.00/L,7.50,,
Boots Borehamwood,Hand & Foot Care,Foot Cream,Scholl Athlete's Foot Spray - 150ml,150ml,£59.67/L,8.95,,
Boots Borehamwood,Hand & Foot Care,Foot Cream,Scholl Cracked Heel Repair Cream Active Repair K+ - 60ml,60ml,£104.17/L,6.25,,
Boots Borehamwood,Hand & Foot Care,Foot Cream,Scholl Fresh Step Anti-Perspirant Foot Spray 150ml,150ml,£42.67/L,6.40,,
Boots Borehamwood,Hand & Foot Care,Foot Cream,Soap & Glory Heel Genius Foot Cream 125ml,125ml,£73.20/L,9.15,,
Boots Borehamwood,Hand & Foot Care,Hand Cream,Aveeno Daily Moisturising Hand Cream 75ml,75ml,£88.67/L,6.65,,
Boots Borehamwood,Hand & Foot Care,Hand Cream,Aveeno Skin Relief Moisturising Hand Cream 75ml,75ml,£104.00/L,7.80,,
Boots Borehamwood,Hand & Foot Care,Hand Wash & Sanitiser,Baylis & Harding Elements Hand Wash Pink Blossom & Lotus Flower,500ml,£5.70/L,2.85,,
Boots Borehamwood,Hand & Foot Care,Hand Wash & Sanitiser,Baylis & Harding Elements Luxury Dark Fig & Amber 500ml Hand Wash,500ml,£5.70/L,2.85,,
Boots Borehamwood,Hand & Foot Care,Hand Wash & Sanitiser,Baylis & Harding Elements White Tea & Neroli 500ml Hand Wash,500ml,£5.70/L,2.85,,
Boots Borehamwood,Hand & Foot Care,Hand Wash & Sanitiser,Baylis & Harding Royale Garden Luxury Rose Poppy & Vanilla Hand Wash 500ml,500ml,£5.10/L,2.55,,
Boots Borehamwood,Hand & Foot Care,Hand Wash & Sanitiser,Baylis & Harding Royale Garden Peach Peony & Jasmine 500ml Hand Wash,500ml,£5.10/L,2.55,,
Boots Borehamwood,Hand & Foot Care,Hand Wash & Sanitiser,Baylis & Harding Royale Garden Verbena & Chamomile 500ml Hand Wash,500ml,£5.10/L,2.55,,
Boots Borehamwood,Hand & Foot Care,Hand Wash & Sanitiser,Baylis & Harding Signature Collection Jasmine & Apple Blossom Anti-Bacterial Luxury Hand Wash 500ml,500ml,£5.10/L,2.55,,
Boots Borehamwood,Hand & Foot Care,Hand Wash & Sanitiser,"Baylis & Harding Signature Collection Jojoba, Vanilla & Almond Oil Luxury Hand Wash 500ml With Added Moisturisers",500ml,£5.10/L,2.55,,
Boots Borehamwood,Hand & Foot Care,Hand Wash & Sanitiser,Baylis & Harding Signature Collection Sweet Mandarin & Grapefruit Luxury Hand Wash 500ml With Added Moisturisers,500ml,£5.10/L,2.55,,
Boots Borehamwood,Hand & Foot Care,Hand Wash & Sanitiser,Baylis & Harding Signature Handwash Lavender And Geranium 500ml,500ml,£5.10/L,2.55,,
Boots Borehamwood,Hand & Foot Care,Hand Wash & Sanitiser,Baylis & Harding Signature Handwash Peony Lychee And Vanilla 500ml,500ml,£5.10/L,2.55,,
Boots Borehamwood,Hand & Foot Care,Hand Wash & Sanitiser,Baylis & Harding Signature Jasmine & Apple Blossom Anti-Bacterial Hand Wash 1 Litre Refill,1L,£3.70/L,3.70,,
Boots Borehamwood,Hand & Foot Care,Hand Wash & Sanitiser,Baylis & Harding The Edit Handwash Vanilla Seduction 400ml,400ml,£11.50/L,4.60,,
Boots Borehamwood,Hand & Foot Care,Hand Wash & Sanitiser,Baylis And Harding The Edit Cherry Temptation Hand Wash 400ml,400ml,£11.50/L,4.60,,
Boots Borehamwood,Hand & Foot Care,Warts & Verrucas,Bazuka Extra Strength Treatment 26 Percent W/W Gel,6g,"£2,016.67/kg",12.10,,
Boots Borehamwood,Hand & Foot Care,Warts & Verrucas,Bazuka Sub-Zero - 1 Kit,,,17.55,,
Boots Borehamwood,Hand & Foot Care,Warts & Verrucas,Bazuka Treatment Gel - 6g,6g,"£1,408.33/kg",8.45,,
Boots Borehamwood,Hand & Foot Care,Nail Clippers & Files,Boots 6 Way Buffer,,,3.00,,
Boots Borehamwood,Hand & Foot Care,Nail Treatment,Boots Active Gel Insoles - 1 Pair Men's Size 8-13,,,12.99,,
Boots Borehamwood,Hand & Foot Care,Insoles & Supports,Boots Active Gel Insoles - 1 Pair Women's Size 3-8,,,12.99,,
Boots Borehamwood,Hand & Foot Care,Nail Treatment,Boots Advanced Footcare Fungal Nail Treatment Pen (4ml),,,19.49,,
Boots Borehamwood,Hand & Foot Care,Nail Treatment,Boots Advanced Fungal Nail Treatment Solution 4ml,,,23.99,,
Boots Borehamwood,Hand & Foot Care,Hand Wash & Sanitiser,Boots Anti Viral Hand Foam - 200ml,200ml,£24.95/L,4.99,,
Boots Borehamwood,Hand & Foot Care,Hand Wash & Sanitiser,Boots Anti Viral Hand Foam - 50ml,50ml,£57.00/L,2.85,,
Boots Borehamwood,Hand & Foot Care,Hard Skin & Callus,Boots Ball Of Foot Pads (2 Felt Pads),2pk,£2.00 each,4.00,,
Boots Borehamwood,Hand & Foot Care,Insoles & Supports,Boots Ballerina Shoe Liners Nude (2 Pack),2pk,£2.50 each,5.00,,
Boots Borehamwood,Hand & Foot Care,Hard Skin & Callus,Boots Bunion Relief Pads (4 Felt Pads),4pk,£0.70 each,2.79,,
Boots Borehamwood,Hand & Foot Care,Hard Skin & Callus,Boots Callus Relief Pads (2 Felt Pads),2pk,£1.50 each,2.99,,
Boots Borehamwood,Hand & Foot Care,Hard Skin & Callus,Boots Callus and Hard Skin Knife Replacement Blades 5s,5pk,£0.60 each,2.99,,
Boots Borehamwood,Hand & Foot Care,Hard Skin & Callus,Boots Corn & Callus Removal Pen - 4ml,,,9.99,,
Boots Borehamwood,Hand & Foot Care,Hard Skin & Callus,Boots Cracked Heel Balm (50ml),50ml,£99.80/L,4.99,,
Boots Borehamwood,Hand & Foot Care,Nail Clippers & Files,Boots Curved Nail File,,,2.00,,
Boots Borehamwood,Hand & Foot Care,Nail Clippers & Files,Boots Curved Scissors,,,3.50,,
Boots Borehamwood,Hand & Foot Care,Nail Clippers & Files,Boots Cuticle Tidier,,,3.00,,
Boots Borehamwood,Hand & Foot Care,Hard Skin & Callus,Boots Dry & Cracked Foot Softener 150ml,150ml,£46.60/L,6.99,,
Boots Borehamwood,Hand & Foot Care,Hand Wash & Sanitiser,Boots Everyday Aloe Anti-Bacterial Hand Gel 50ml,50ml,£19.00/L,0.95,,
Boots Borehamwood,Hand & Foot Care,Hand Cream,Boots Everyday Coconut & Almond Hand Cream 100ml,100ml,£14.50/L,1.45,,
Boots Borehamwood,Hand & Foot Care,Hand Wash & Sanitiser,Boots Everyday Coconut & Vanilla Hand Wash 250ml,250ml,£3.40/L,0.85,,
Boots Borehamwood,Hand & Foot Care,Insoles & Supports,Boots Everyday Gel Insoles - 1 Pair Men's Size 8-13,,,12.99,,
Boots Borehamwood,Hand & Foot Care,Insoles & Supports,Boots Everyday Gel Insoles - 1 Pair Women's Size 3-8,,,12.99,,
Boots Borehamwood,Hand & Foot Care,Hand Wash & Sanitiser,Boots Everyday Hand Wash Strawberry & Pomegranate 250ml,250ml,£3.40/L,0.85,,
Boots Borehamwood,Hand & Foot Care,Nail Clippers & Files,Boots Everyday Mixed Emery Boards 10pk,10pk,£0.25 each,2.50,,
Boots Borehamwood,Hand & Foot Care,Hand Wash & Sanitiser,Boots Everyday Pineapple & Papaya Hand Wash 250ml,250ml,£3.40/L,0.85,,
Boots Borehamwood,Hand & Foot Care,Nail Clippers & Files,Boots Everyday Straight Tweezer,,,2.50,,
Boots Borehamwood,Hand & Foot Care,Nail Clippers & Files,Boots Fingernail Clippers,,,2.25,,
Boots Borehamwood,Hand & Foot Care,Nail Treatment,Boots Foot Care Fungal Nail Treatment Solution 4ml,,,18.99,,
Boots Borehamwood,Hand & Foot Care,Nail Treatment,Boots Fungal Nail Multi-Nail Treatment Solution,8ml,"£3,498.75/L",27.99,,
Boots Borehamwood,Hand & Foot Care,Nail Treatment,Boots Fungal Nail Once Weekly Treatment 5% w/v Medicated Nail Lacquer - 3ml,,,24.99,,
Boots Borehamwood,Hand & Foot Care,Nail Clippers & Files,Boots Glass Nail File,,,4.00,,
Boots Borehamwood,Hand & Foot Care,Insoles & Supports,Boots Gorgeous Feet Invisible Gel Cushion,2pk,£2.00 each,3.99,,
Boots Borehamwood,Hand & Foot Care,Hard Skin & Callus,Boots Hard Skin Reducing Cream (50ml),50ml,£120.00/L,6.00,,
Boots Borehamwood,Hand & Foot Care,Hard Skin & Callus,Boots Hard Skin Remover (1 Remover),,,3.59,,
Boots Borehamwood,Hand & Foot Care,Nail Clippers & Files,"Boots Hard Skin, Corn And Callus File (1 File)",,,4.59,,
Boots Borehamwood,Hand & Foot Care,Insoles & Supports,Boots Heel & Ankle Pain Insoles,2pk,£10.00 each,19.99,,
Boots Borehamwood,Hand & Foot Care,Insoles & Supports,"Boots Knee, Leg & Heel Pain Orthotic Insoles- Medium",,,20.99,,
Boots Borehamwood,Hand & Foot Care,Insoles & Supports,"Boots Knee, Leg & Heel Pain Orthotic Insoles- Small",,,20.99,,
Boots Borehamwood,Hand & Foot Care,Insoles & Supports,Boots Leather Heel Liners One Size (1 Pair Unisex),,,3.00,,
Boots Borehamwood,Hand & Foot Care,Nail Clippers & Files,Boots Nail Brush,,,2.50,,
Boots Borehamwood,Hand & Foot Care,Nail Treatment,Boots Nail Strengthener 10ml,10ml,£600.00/L,6.00,,
Boots Borehamwood,Hand & Foot Care,Nail Treatment,Boots Nail and Cuticle Oil 10ml,10ml,£600.00/L,6.00,,
Boots Borehamwood,Hand & Foot Care,Insoles & Supports,Boots Odour Control Insoles,,,3.49,,
Boots Borehamwood,Hand & Foot Care,Nail Clippers & Files,Boots Pharmaceuticals Advanced Footcare Diamond Dusted Professional Nail File (1 File),,,7.99,,
Boots Borehamwood,Hand & Foot Care,Nail Clippers & Files,Boots Pharmaceuticals Advanced Footcare Professional Clippers,,,7.99,,
Boots Borehamwood,Hand & Foot Care,Insoles & Supports,Boots Pharmaceuticals Corn Relief Pads (9 Felt Pads),9pk,£0.16 each,1.40,,
Boots Borehamwood,Hand & Foot Care,Insoles & Supports,Boots Pharmaceuticals Gel Toe Cushion - 2 Tubes,2pk,£4.00 each,7.99,,
Boots Borehamwood,Hand & Foot Care,Insoles & Supports,Boots Pharmaceuticals Gel Toe End Cushion Cap - 1 Cap,,,4.59,,
Boots Borehamwood,Hand & Foot Care,Insoles & Supports,Boots Pharmaceuticals Self Adhesive Thick Padding (1 Sheet),,,4.50,,
Boots Borehamwood,Hand & Foot Care,Nail Clippers & Files,Boots Pharmaceuticals Smoothing Foot File (1 File),,,3.59,,
Boots Borehamwood,Hand & Foot Care,Nail Clippers & Files,Boots Precision Grip Slanted Tweezers,,,4.00,,
Boots Borehamwood,Hand & Foot Care,Nail Clippers & Files,Boots Precision Grip Straight Tweezers,,,4.00,,
Boots Borehamwood,Hand & Foot Care,Nail Clippers & Files,Boots Salon Smooth Nail File,,,1.25,,
Boots Borehamwood,Hand & Foot Care,Nail Clippers & Files,Boots Salon Smooth Nail File,2pk,£1.00 each,2.00,,
Boots Borehamwood,Hand & Foot Care,Nail Clippers & Files,Boots Slanted Tweezers,,,2.00,,
Boots Borehamwood,Hand & Foot Care,Hard Skin & Callus,Boots Soft Foot File,,,4.99,,
Boots Borehamwood,Hand & Foot Care,Nail Clippers & Files,Boots Straight Scissors,,,3.00,,
Boots Borehamwood,Hand & Foot Care,Insoles & Supports,Boots Super Comfort Insole Pairs 2 Pack,2pk,£1.75 each,3.49,,
Boots Borehamwood,Hand & Foot Care,Nail Clippers & Files,Boots Toe Nail Clippers (1 Pair),,,2.45,,
Boots Borehamwood,Hand & Foot Care,Nail Clippers & Files,Boots Toenail Clippers,,,2.25,,
Boots Borehamwood,Hand & Foot Care,Nail Clippers & Files,Boots Toenail Scissors,,,3.00,,
Boots Borehamwood,Hand & Foot Care,Warts & Verrucas,Boots Verruca & Wart Remover Freeze Spray,42ml,£309.29/L,12.99,,
Boots Borehamwood,Hand & Foot Care,Nail Clippers & Files,Botanics Cactus Nailbrush,,,4.60,,
Boots Borehamwood,Hand & Foot Care,Nail Clippers & Files,Botanics Pumice Stone And Brush,,,10.35,,
Boots Borehamwood,Hand & Foot Care,Hard Skin & Callus,CCS Cracked Heel Repair Cream 75ml,75ml,£134.00/L,10.05,,
Boots Borehamwood,Hand & Foot Care,Hand Wash & Sanitiser,Carex Advanced Care Coconut Oil Antibacterial Handwash 500ml,500ml,£5.70/L,2.85,,
Boots Borehamwood,Hand & Foot Care,Hand Wash & Sanitiser,Carex Advanced Sea Minerals Antibacterial Handwash 500ml,500ml,£5.70/L,2.85,,
Boots Borehamwood,Hand & Foot Care,Hand Wash & Sanitiser,Carex Advanced Shea Butter Antibacterial Handwash 500ml,500ml,£5.70/L,2.85,,
Boots Borehamwood,Hand & Foot Care,Hand Wash & Sanitiser,Carex Aloe Vera Hand Gel 50ml,50ml,£34.00/L,1.70,,
Boots Borehamwood,Hand & Foot Care,Hand Wash & Sanitiser,Carex Aloe Vera Hand Wash Liquid Soap 250ml,250ml,£7.60/L,1.90,,
Boots Borehamwood,Hand & Foot Care,Hand Wash & Sanitiser,Carex Complete Original Hand Wash 250ml,250ml,£6.80/L,1.70,,
Boots Borehamwood,Hand & Foot Care,Hand Wash & Sanitiser,Carex Complete Sensitive Hand Wash 250ml,250ml,£7.60/L,1.90,,
Boots Borehamwood,Hand & Foot Care,Hand Wash & Sanitiser,Carex Fun Edition Love Hearts Hand Gel 50ml,50ml,£34.00/L,1.70,,
Boots Borehamwood,Hand & Foot Care,Hand Wash & Sanitiser,Carex Gruffalo Deep Dark Forest Fruits Antibacterial Hand Wash 250ml,250ml,£7.60/L,1.90,,
Boots Borehamwood,Hand & Foot Care,Hand Wash & Sanitiser,Carex Moisture Antibacterial Handwash 500ml,500ml,£4.10/L,2.05,,
Boots Borehamwood,Hand & Foot Care,Hand Wash & Sanitiser,Carex Moisture Hand Gel 50ml,50ml,£34.00/L,1.70,,
Boots Borehamwood,Hand & Foot Care,Hand Wash & Sanitiser,Carex Moisture Hand Wash 250ml,250ml,£6.80/L,1.70,,
Boots Borehamwood,Hand & Foot Care,Hand Wash & Sanitiser,Carex Original Antibacterial Handwash 500ml,500ml,£4.10/L,2.05,,
Boots Borehamwood,Hand & Foot Care,Hand Wash & Sanitiser,Carex The Zog Fiery Fresh Antibacterial Handwash 250ml,250ml,£7.60/L,1.90,,
Boots Borehamwood,Hand & Foot Care,Hand Cream,Cerave Reparative Hand Cream With Ceramides For Extremely Dry Rough Hands 100ml,100ml,£94.90/L,9.49,12.65,25% off
Boots Borehamwood,Hand & Foot Care,Nail Clippers & Files,Champneys Cuticle Nippers,,,10.35,,
Boots Borehamwood,Hand & Foot Care,Nail Clippers & Files,Champneys Manicure Fingernail Clipper,,,6.90,,
Boots Borehamwood,Hand & Foot Care,Nail Clippers & Files,Champneys Nail Files Set of 3,3pk,£1.92 each,5.75,,
Boots Borehamwood,Hand & Foot Care,Hand Cream,Champneys Nourishing Hand Lotion 250ml,250ml,£32.20/L,8.05,,
Boots Borehamwood,Hand & Foot Care,Nail Clippers & Files,Champneys Slanted Edge Tweezer,,,10.35,,
Boots Borehamwood,Hand & Foot Care,Nail Treatment,Curanail 5% Fungal Nail Treatment - 3ml,,,31.45,,
Boots Borehamwood,Hand & Foot Care,Hand Wash & Sanitiser,Cussons Collection Vanilla & Shea Butter Antibacterial Handwash 500ml,500ml,£2.30/L,1.15,,
Boots Borehamwood,Hand & Foot Care,Hand Wash & Sanitiser,Cuticura Moisture Advanced Protect Anti Bacterial Hand Gel 100ml,100ml,£17.50/L,1.75,,
Boots Borehamwood,Hand & Foot Care,Hand Wash & Sanitiser,Cuticura Original Anti Bacterial Hand Gel 250ml - Crisp & Fresh,250ml,£10.20/L,2.55,,
Boots Borehamwood,Hand & Foot Care,Hand Wash & Sanitiser,Cuticura Original Anti Bacterial Hand Gel 50ml Crisp And Fresh,50ml,£34.00/L,1.70,,
Boots Borehamwood,Hand & Foot Care,Hand Wash & Sanitiser,Dettol On The Go Hand Gel 50ml,50ml,£41.00/L,2.05,,
Boots Borehamwood,Hand & Foot Care,Hand Wash & Sanitiser,Dettol Original Antibacterial Hand Soap Bar - 2 x 100g,200g,£14.25/kg,2.85,,
Boots Borehamwood,Hand & Foot Care,Hand Wash & Sanitiser,Dove Care & Protect Liquid Hand Wash Deep Cleansing 250ml,250ml,£6.80/L,1.70,,
Boots Borehamwood,Hand & Foot Care,Hand Wash & Sanitiser,Dove Original Liquid Hand Wash Refill 500ml,500ml,£5.10/L,2.55,,
Boots Borehamwood,Hand & Foot Care,Insoles & Supports,Dr Scholl Pressure Relief Insoles Men's (Diabetic Friendly),,,21.95,,
Boots Borehamwood,Hand & Foot Care,Insoles & Supports,Dr. Scholl's 24 Hour Energy Insoles - Large,,,21.95,,
Boots Borehamwood,Hand & Foot Care,Insoles & Supports,Dr. Scholl's 24 Hour Energy Insoles - Small,,,21.95,,
Boots Borehamwood,Hand & Foot Care,Warts & Verrucas,Dr. Scholl's Freeze Away Max Wart & Verucca Remover 35ml,35ml,£600.00/L,21.00,,
Boots Borehamwood,Hand & Foot Care,Insoles & Supports,Dr. Scholl's Pressure Relief Insoles Women's (Diabetic Friendly),,,21.95,,
Boots Borehamwood,Hand & Foot Care,Insoles & Supports,Dr. Scholl's Shock Absorber Trim-to-Fit Insoles,2pk,£3.60 each,7.20,,
Boots Borehamwood,Hand & Foot Care,Hand Cream,E45 Daily Hand Cream 50ml,50ml,£114.00/L,5.70,,
Boots Borehamwood,Hand & Foot Care,Hand Cream,E45 Repairing Hand Cream For Dry And Damaged Hands 50ml,50ml,£137.00/L,6.85,,
Boots Borehamwood,Hand & Foot Care,Nail Treatment,Elegant Touch 3D Gel Finish Orchid Bloom,24pk,£0.43 each,10.35,,
Boots Borehamwood,Hand & Foot Care,Nail Treatment,Elegant Touch Brush on Nail Glue Pink,6ml,£666.67/L,4.00,,
Boots Borehamwood,Hand & Foot Care,Nail Treatment,Elegant Touch Cat Eye - Glittering Chestnut,24pk,£0.41 each,9.75,,
Boots Borehamwood,Hand & Foot Care,Nail Treatment,Elegant Touch Cat Eye - Twilight Berry,24pk,£0.41 each,9.75,,
Boots Borehamwood,Hand & Foot Care,Nail Treatment,Elegant Touch French 164,24pk,£0.29 each,6.90,,
Boots Borehamwood,Hand & Foot Care,Nail Treatment,Elegant Touch French Pink 117,24pk,£0.31 each,7.45,,
Boots Borehamwood,Hand & Foot Care,Nail Treatment,Elegant Touch Petite Nails Colour Peach Tea,24pk,£0.24 each,5.75,,
Boots Borehamwood,Hand & Foot Care,Nail Treatment,Elegant Touch Petite Nails French 154,24pk,£0.29 each,6.90,,
Boots Borehamwood,Hand & Foot Care,Nail Treatment,Elegant Touch Salon French 174,24pk,£0.31 each,7.45,,
Boots Borehamwood,Hand & Foot Care,Nail Treatment,Elegant Touch Salon French Nails 147,24pk,£0.31 each,7.45,,
Boots Borehamwood,Hand & Foot Care,Insoles & Supports,Epitact Bunion Brace - Medium,,,27.80,,
Boots Borehamwood,Hand & Foot Care,Insoles & Supports,Epitact Bunion Brace - Small,,,27.80,,
Boots Borehamwood,Hand & Foot Care,Hand Cream,Eucerin Urearepair 5% Urea Hand Cream For Dry Rough Hands 75ml,75ml,£126.67/L,9.50,,
Boots Borehamwood,Hand & Foot Care,Nail Treatment,Excilor Treatment For Fungal Nail Infection- 3.3ml,,,23.60,,
Boots Borehamwood,Hand & Foot Care,Nail Treatment,Excilor Ultra Nail Fungus Treatment - 30ml,30ml,£943.33/L,28.30,,
Boots Borehamwood,Hand & Foot Care,Warts & Verrucas,Excilor Warts Duo Power Cryo+ Acid Treatment Pens,,,23.05,,
Boots Borehamwood,Hand & Foot Care,Hand Cream,"Garnier Hand Repair Restoring Cream, Extra Dry Skin 75ml",75ml,£76.67/L,5.75,,
Boots Borehamwood,Hand & Foot Care,Hand Wash & Sanitiser,Ineos Hygienics Hand Sanitiser Gel 50ml,50ml,£28.00/L,1.40,,
Boots Borehamwood,Hand & Foot Care,Hand Wash & Sanitiser,Ineos Hygienics Hand Sanitiser Spray 100ml,100ml,£29.50/L,2.95,,
Boots Borehamwood,Hand & Foot Care,Hand Wash & Sanitiser,Ineos Rhubarb + Tonka Hand Sanitiser 50ml,50ml,£28.00/L,1.40,,
Boots Borehamwood,Hand & Foot Care,Hand Wash & Sanitiser,Ineos Sanitiser Wipes For Hands 15 Pack,15pk,£0.09 each,1.40,,
Boots Borehamwood,Hand & Foot Care,Hand Cream,La Roche-Posay Cicaplast Hands 50ml,50ml,£163.60/L,8.18,10.90,25% off
Boots Borehamwood,Hand & Foot Care,Nail Clippers & Files,Leighton Denny Crystal Nail File Small,,,14.30,,
Boots Borehamwood,Hand & Foot Care,Nail Clippers & Files,Masqd The Nail Files,,,5.15,,
Boots Borehamwood,Hand & Foot Care,Nail Clippers & Files,Mylee 3 Half-Moon Double Sided Nail File 100/180 Grit,3pk,£1.92 each,5.75,,
Boots Borehamwood,Hand & Foot Care,Nail Clippers & Files,Mylee Nail Buffer Block 180 Grit,,,5.15,,
Boots Borehamwood,Hand & Foot Care,Nail Treatment,Nailner 2 In 1 Fungal Nail Treatment Brush - 5ml,5ml,"£5,560.00/L",27.80,,
Boots Borehamwood,Hand & Foot Care,Nail Treatment,Nailner Anti Fungal Nail Treatment Brush- 5ml,5ml,"£5,450.00/L",27.25,,
Boots Borehamwood,Hand & Foot Care,Nail Treatment,Nailner Multi-Action Fungal Nail Treatment Pen - 4ml,,,27.25,,
Boots Borehamwood,Hand & Foot Care,Nail Treatment,Nails.INC Gimme Strength,14ml,£739.29/L,10.35,,
Boots Borehamwood,Hand & Foot Care,Insoles & Supports,Neo G Plantar Fasciitis Daily Support & Relief Medium - 1 Pair,,,33.55,,
Boots Borehamwood,Hand & Foot Care,Insoles & Supports,Neo g Neothotics Pro-Expert Full Length Orthotic Insoles L Pair - Size 9.5 - 11.5,,,31.45,,
Boots Borehamwood,Hand & Foot Care,Insoles & Supports,Neo g Neothotics Pro-Expert Full Length Orthotic Insoles M Pair - Size 6 - 9,,,31.45,,
Boots Borehamwood,Hand & Foot Care,Hand Cream,Neutrogena Intense Repair Hand Cream 100,100ml,£82.50/L,8.25,,
Boots Borehamwood,Hand & Foot Care,Hand Cream,Neutrogena Norwegian Formula Concentrated Hand Cream 15ml,15ml,£126.67/L,1.90,,
Boots Borehamwood,Hand & Foot Care,Hand Cream,Neutrogena Norwegian Formula Fast Absorbing Hand Cream 75ml,75ml,£71.33/L,5.35,,
Boots Borehamwood,Hand & Foot Care,Hand Cream,Neutrogena Norwegian Formula Fast Absorbing Hand Cream Light Texture 150ml,150ml,£53.33/L,8.00,,
Boots Borehamwood,Hand & Foot Care,Hand Cream,Neutrogena Norwegian Formula Hand & Nail Cream 75ml,75ml,£71.33/L,5.35,,
Boots Borehamwood,Hand & Foot Care,Hand Cream,Neutrogena Norwegian Formula Hand Cream Concentrated Scented 50ml,50ml,£98.00/L,4.90,,
Boots Borehamwood,Hand & Foot Care,Hand Cream,Neutrogena Norwegian Formula Hand Cream Concentrated Unscented 50ml,50ml,£98.00/L,4.90,,
Boots Borehamwood,Hand & Foot Care,Hand Cream,Neutrogena Norwegian Formula Visibly Renew Hand Cream 75ml,75ml,£86.67/L,6.50,,
Boots Borehamwood,Hand & Foot Care,Hand Cream,Nivea Hand Cream Intensive Nourishing Moisturiser 100ml,100ml,£51.50/L,5.15,,
Boots Borehamwood,Hand & Foot Care,Hand Cream,No7 Future Renew Hand Cream 75Ml,75ml,£262.67/L,19.70,,
Boots Borehamwood,Hand & Foot Care,Hand Cream,No7 Good Intent Pocket Pebble Nourishing Hand Cream 50ml,50ml,£228.00/L,11.40,,
Boots Borehamwood,Hand & Foot Care,Hand Cream,No7 Pure Retinol Hand Cream 75ml,75ml,£262.67/L,19.70,,
Boots Borehamwood,Hand & Foot Care,Hand Cream,Nursem Caring Hand Cream 300ml,300ml,£73.17/L,21.95,,
Boots Borehamwood,Hand & Foot Care,Hand Cream,Nursem Caring Hand Cream 75ml,75ml,£152.67/L,11.45,,
Boots Borehamwood,Hand & Foot Care,Hand Cream,O'Keeffe's Working Hands Eczema Relief 57g,57g,£200.88/kg,11.45,,
Boots Borehamwood,Hand & Foot Care,Hand Cream,O'Keeffe's Working Hands Jar 96g,96g,£107.81/kg,10.35,,
Boots Borehamwood,Hand & Foot Care,Hand Cream,O'Keeffe's Working Hands Tube 85g,80ml,£128.75/L,10.30,,
Boots Borehamwood,Hand & Foot Care,Hand Cream,O'Keeffe's Working Hands Value Size Jar 193g,193g,£79.53/kg,15.35,,
Boots Borehamwood,Hand & Foot Care,Hand Cream,O'keeffe's Working Hands Overnight 80ml,80ml,£143.75/L,11.50,,
Boots Borehamwood,Hand & Foot Care,Hand Cream,O'keeffe's Working Hands Pump Jar Hand Cream 260ml,260ml,£84.42/L,21.95,,
Boots Borehamwood,Hand & Foot Care,Hand Cream,O'keeffe's Working Hands Value Tube 190ml,190ml,£80.79/L,15.35,,
Boots Borehamwood,Hand & Foot Care,Nail Treatment,OPI Nature Strong Skincare Good As Gold Cuticle Serum 7ml,7ml,"£2,435.71/L",17.05,,
Boots Borehamwood,Hand & Foot Care,Insoles & Supports,Odor-Eaters Powder 100g,100g,£80.00/kg,8.00,,
Boots Borehamwood,Hand & Foot Care,Insoles & Supports,Odor-Eaters Ultra Comfort Insoles,,,4.55,,
Boots Borehamwood,Hand & Foot Care,Hand Cream,Palmer Cocoa Butter Formula Cocoa Butter Softens Hand Cream 60g,60g,£53.33/kg,3.20,,
Boots Borehamwood,Hand & Foot Care,Hand Cream,Palmer's Coconut Oil Formula Coconut Hydrate Hand Cream 60g,60g,£53.33/kg,3.20,,
Boots Borehamwood,Hand & Foot Care,Hand Wash & Sanitiser,Palmolive Aquarium Liquid Handwash Soap 300ml,300ml,£7.67/L,2.30,,
Boots Borehamwood,Hand & Foot Care,Hand Wash & Sanitiser,Palmolive Naturals Milk & Honey Liquid Handwash Soap 300ml,300ml,£7.67/L,2.30,,
Boots Borehamwood,Hand & Foot Care,Hand Cream,Q+A Collagen Hand Cream 75ml,75ml,£99.33/L,7.45,,
Boots Borehamwood,Hand & Foot Care,Nail Treatment,Sally Hansen Hard As Nails Strengthener Nail Treatment,13ml,£707.69/L,9.20,,
Boots Borehamwood,Hand & Foot Care,Nail Treatment,Sally Hansen Maximum Growth,13ml,£707.69/L,9.20,,
Boots Borehamwood,Hand & Foot Care,Nail Treatment,Sally Hansen Nail Rehab Strengthener 10ml,10ml,"£1,210.00/L",12.10,,
Boots Borehamwood,Hand & Foot Care,Nail Treatment,Sally Hansen Vitamin E Nail And Cuticle Oil 13.3ml,13ml,£930.77/L,12.10,,
Boots Borehamwood,Hand & Foot Care,Hard Skin & Callus,Scholl Corn Complete Removal Pen - 4ml,,,13.80,,
Boots Borehamwood,Hand & Foot Care,Nail Treatment,Scholl Fungal Nail Treatment,,,22.85,,
Boots Borehamwood,Hand & Foot Care,Insoles & Supports,Scholl Gel Activ Work & Boot Insoles Large,,,18.65,,
Boots Borehamwood,Hand & Foot Care,Insoles & Supports,Scholl Gel Activ Work & Boot Insoles Small,,,18.65,,
Boots Borehamwood,Hand & Foot Care,Insoles & Supports,Scholl Gelactiv Trainer Insoles - Large,,,18.65,,
Boots Borehamwood,Hand & Foot Care,Insoles & Supports,Scholl Gelactiv Trainer Insoles - Small,,,18.65,,
Boots Borehamwood,Hand & Foot Care,Nail Clippers & Files,Scholl Hard Skin Remover Foot File,,,9.75,,
Boots Borehamwood,Hand & Foot Care,Insoles & Supports,Scholl Plantar Fasciitis Pain Relief Insoles Large,,,21.95,,
Boots Borehamwood,Hand & Foot Care,Insoles & Supports,Scholl Plantar Fasciitis Pain Relief Insoles Medium,,,21.95,,
Boots Borehamwood,Hand & Foot Care,Insoles & Supports,Scholl Plantar Fasciitis Pain Relief Insoles Small,,,21.95,,
Boots Borehamwood,Hand & Foot Care,Warts & Verrucas,Scholl Wart & Verruca Complete Treatment Pen - 2ml,,,19.75,,
Boots Borehamwood,Hand & Foot Care,Nail Treatment,Schollmed Once Weekly Fungal Nail Treatment 5% W/V Medicated Nail Lacquer,,,34.65,,
Boots Borehamwood,Hand & Foot Care,Hand Cream,Soap & Glory Hand Food Hand Cream 125ml,125ml,£73.20/L,9.15,,
Boots Borehamwood,Hand & Foot Care,Hand Cream,Vaseline Hand Cream Cocoa 75ml,75ml,£61.33/L,4.60,,
Boots Borehamwood,Hand & Foot Care,Hand Cream,Vaseline Intensive Care Hand Cream Healthy Hands Stronger Nails 200ml,200ml,£33.00/L,6.60,,
Boots Borehamwood,Hand & Foot Care,Hand Wash & Sanitiser,Vital Baby Aquaint Sanitising Water 500ml,500ml,£11.40/L,5.70,,
Boots Borehamwood,Hand & Foot Care,Hand Wash & Sanitiser,Vital Baby Hygiene Acquaint Sanitising Water50ml,50ml,£64.00/L,3.20,,
Boots Borehamwood,Hand & Foot Care,Warts & Verrucas,Wartie Wart & Verruca Remover 50ml,50ml,£329.00/L,16.45,,
Boots Borehamwood,Hand & Foot Care,Warts & Verrucas,Wartie wart & verruca plasters 15s,15pk,£0.76 each,11.45,,
Boots Borehamwood,Hand & Foot Care,Hand Wash & Sanitiser,Boots Anti-Viral Hand Gel 50ml - Minions,50ml,£40.00/L,2.00,,
Boots Borehamwood,Hand & Foot Care,Hand Wash & Sanitiser,Cuticura Original Anti Bacterial Hand Gel 50ml Floral & Fruity,50ml,£23.00/L,1.15,,
Boots Borehamwood,Health Tests & Equipment,Thermometers,Boots Bluetooth Enabled Non-Contact Thermometer,,,49.99,,
Boots Borehamwood,Health Tests & Equipment,Thermometers,Boots Digital Thermometer,,,9.99,,
Boots Borehamwood,Health Tests & Equipment,Thermometers,Boots Digital Thermometer With Flexi Tip,,,11.99,,
Boots Borehamwood,Health Tests & Equipment,Thermometers,Boots Ear Thermometer Replacement Caps - 40 Caps,40pk,£0.22 each,8.99,,
Boots Borehamwood,Health Tests & Equipment,Water Filters & Cartridges,Boots Maxtra+ Water Filters 3s,3pk,£5.00 each,15.00,,
Boots Borehamwood,Health Tests & Equipment,Thermometers,Boots Non-Contact Thermometer,,,39.99,,
Boots Borehamwood,Health Tests & Equipment,Thermometers,Boots Pharmaceuticals Ear Thermometer,,,31.99,,
Boots Borehamwood,Health Tests & Equipment,Thermometers,Braun ThermoScan 7+ Ear Thermometer IRT6525,,,62.95,,
Boots Borehamwood,Health Tests & Equipment,Thermometers,Braun Thermoscan 7+ Connect Ear Thermometer,,,73.45,,£58.45 loyalty card
Boots Borehamwood,Health Tests & Equipment,Thermometers,Braun Thermoscan Filters 40 Pack,40pk,£0.26 each,10.35,,
Boots Borehamwood,Health Tests & Equipment,Water Filters & Cartridges,Brita Marella Water Filter Jug White (2.4L) Incl. 1 x Maxtra Pro All-In-1 Cartridge,,,31.45,,
Boots Borehamwood,Health Tests & Equipment,Water Filters & Cartridges,Brita Maxtra Pro All-In-1 Water Filter Cartridge 3 Pack,3pk,£7.32 each,21.95,,
Boots Borehamwood,Health Tests & Equipment,Water Filters & Cartridges,Brita Maxtra Pro All-In-1 Water Filter Cartridge 6 Pack,6pk,£6.56 each,39.35,,
Boots Borehamwood,Health Tests & Equipment,Water Filters & Cartridges,"Brita Maxtra Pro All-In-1 Water Filter Cartridge, Single",15pk,£0.58 each,8.70,,
Boots Borehamwood,Health Tests & Equipment,Water Filters & Cartridges,Brita Maxtra Pro Limescale Expert Water Filter Cartridge 3 Pack,3pk,£7.68 each,23.05,,
Boots Borehamwood,Health Tests & Equipment,Water Filters & Cartridges,Brita Maxtra Pro Limescale Expert Water Filter Cartridge 6 Pack,6pk,£7.26 each,43.55,,
Boots Borehamwood,Health Tests & Equipment,Pill Boxes,Crest Medical 7 Day Pill Box,,,3.25,,
Boots Borehamwood,Health Tests & Equipment,Pill Boxes,Safe & Sound 7 Day Pocket Sized Pill Box,,,1.70,,
Boots Borehamwood,Health Tests & Equipment,Pill Boxes,Safe & Sound Pill Cutter And Crusher,,,8.05,,
Boots Borehamwood,Health Tests & Equipment,Pill Boxes,Safe & Sound Weekly Pill Box With Braille,,,8.05,,
Boots Borehamwood,Health Tests & Equipment,Thermometers,Tommee Tippee 2-In-1 Thermometer,,,16.50,,
Boots Borehamwood,Health Tests & Equipment,Muscle & Joint Supports,Boots 3Ply Protective Face Mask - 5 Pack,5pk,£0.64 each,3.20,,
Boots Borehamwood,Health Tests & Equipment,Muscle & Joint Supports,Boots Everyday Compression Socks - Beige - Size 3.5 - 7.5,,,20.00,,
Boots Borehamwood,Health Tests & Equipment,Muscle & Joint Supports,Boots Everyday Compression Socks - Beige - Size 8 - 12,,,20.00,,
Boots Borehamwood,Health Tests & Equipment,Muscle & Joint Supports,"Boots Everyday Compression Socks, Black, Size 8 - 12",,,20.00,,
Boots Borehamwood,Health Tests & Equipment,Muscle & Joint Supports,Boots Firm Support Tights Natural Tan Extra Large Pair,,,7.00,,
Boots Borehamwood,Heartburn & Digestive Health,Diarrhoea & Constipation,Boots Constipation Relief 5mg Tablets Adult 20 Tablets,20pk,£0.11 each,2.25,,
Boots Borehamwood,Heartburn & Digestive Health,Diarrhoea & Constipation,Boots Constipation Relief Suppositories 24 x 4g,24pk,£0.31 each,7.50,,
Boots Borehamwood,Heartburn & Digestive Health,Diarrhoea & Constipation,Boots Pharmaceuticals Diarrhoea Relief 2 mg Capsules - 6 Capsules,6pk,£0.42 each,2.50,,
Boots Borehamwood,Heartburn & Digestive Health,Diarrhoea & Constipation,Boots Pharmaceuticals Diarrhoea Relief Instant Melts 6 Tablets,6pk,£0.58 each,3.50,,
Boots Borehamwood,Heartburn & Digestive Health,Diarrhoea & Constipation,Boots Senna 7.5mg Tablets Adult - 20 Tablets,20pk,£0.08 each,1.50,,
Boots Borehamwood,Heartburn & Digestive Health,Diarrhoea & Constipation,Dioralyte Blackcurrant Sachets 6 Pack,6pk,£0.92 each,5.50,,
Boots Borehamwood,Heartburn & Digestive Health,Diarrhoea & Constipation,Dioralyte Relief Raspberry - 6 Sachets,6pk,£0.96 each,5.75,,
Boots Borehamwood,Heartburn & Digestive Health,Diarrhoea & Constipation,Dulcoease Soft Gel 100mg - 30 Capsules,30pk,£0.30 each,8.85,,
Boots Borehamwood,Heartburn & Digestive Health,Diarrhoea & Constipation,Dulcolax Adult 5 mg Gastro-Resistant Tablets - 20 Tablets,20pk,£0.18 each,3.55,,
Boots Borehamwood,Heartburn & Digestive Health,Diarrhoea & Constipation,Dulcolax Adult Pico Liquid 5 mg/ 5 ml Oral Solution 100ml,100ml,£66.50/L,6.65,,
Boots Borehamwood,Heartburn & Digestive Health,Diarrhoea & Constipation,Fybocalm Constipation Relief Naturally Derived - 30 Capsules,30pk,£0.58 each,17.25,,
Boots Borehamwood,Heartburn & Digestive Health,Diarrhoea & Constipation,Fybocalm Diarrhoea Relief Naturally Derived - 30 Capsules,30pk,£0.58 each,17.25,,
Boots Borehamwood,Heartburn & Digestive Health,Diarrhoea & Constipation,Fybogel Fibre Chews Citrus Flavour 30 Tablets,30pk,£0.39 each,11.65,,
Boots Borehamwood,Heartburn & Digestive Health,Diarrhoea & Constipation,Fybogel Fibrechews Citrus Constipation Relief 60 Tablets,60pk,£0.33 each,19.65,,
Boots Borehamwood,Heartburn & Digestive Health,Diarrhoea & Constipation,Fybogel Hi-Fibre Lemon Constipation Relief 10 Sachets,10pk,£0.68 each,6.75,,
Boots Borehamwood,Heartburn & Digestive Health,Diarrhoea & Constipation,Fybogel Hi-Fibre Orange - 30 Sachets,30pk,£0.57 each,17.05,,
Boots Borehamwood,Heartburn & Digestive Health,Diarrhoea & Constipation,Fybogel Hi-Fibre Orange Sachets 10 Pack,10pk,£0.68 each,6.75,,
Boots Borehamwood,Heartburn & Digestive Health,Diarrhoea & Constipation,Galpharm Diarrhoea Relief Capsules 2mg 6 Pack,6pk,£0.34 each,2.05,,
Boots Borehamwood,Heartburn & Digestive Health,Diarrhoea & Constipation,Imodium Capsules 6 Pack,6pk,£0.64 each,3.85,,
Boots Borehamwood,Heartburn & Digestive Health,Diarrhoea & Constipation,Imodium Dual Action Diarrhoea Cramps Bloating + Wind Relief 6 Tablets,6pk,£1.05 each,6.30,,
Boots Borehamwood,Heartburn & Digestive Health,Diarrhoea & Constipation,Pepto Bismol 262.5mg Chewable Tablets   12 Chewable Peppermint Tablets,12pk,£0.56 each,6.75,,
Boots Borehamwood,Heartburn & Digestive Health,Diarrhoea & Constipation,Pepto Bismol 262.5mg Chewable Tablets   24 Chewable Peppermint Tablets,24pk,£0.45 each,10.90,,
Boots Borehamwood,Heartburn & Digestive Health,Diarrhoea & Constipation,Senokot 7.5mg Tablets Adult - 20 Tablets,20pk,£0.24 each,4.80,,
Boots Borehamwood,Heartburn & Digestive Health,Diarrhoea & Constipation,Senokot Max Strength Constipation Relief Tablets 10 Pack,10pk,£0.48 each,4.80,,
Boots Borehamwood,Heartburn & Digestive Health,Diarrhoea & Constipation,Silicolgel - 200ml,200ml,£57.00/L,11.40,,
Boots Borehamwood,Heartburn & Digestive Health,Heartburn & Indigestion,Boots Advance Heartburn & Indigestion Relief 1000mg/200mg/10ml Oral Suspension Peppermint - 250ml,250ml,£30.00/L,7.50,,
Boots Borehamwood,Heartburn & Digestive Health,Heartburn & Indigestion,Boots Heartburn And Acid Reflux Control 20 mg Gastro-Resistant Capsules - 7 Capsules,7pk,£0.94 each,6.60,,
Boots Borehamwood,Heartburn & Digestive Health,Heartburn & Indigestion,Boots Heartburn And Acid Reflux Control 20mg Gastro Resistant Capsules 14 Capsules,14pk,£0.82 each,11.50,,
Boots Borehamwood,Heartburn & Digestive Health,IBS,Boots IBS Cramps Relief 10mg Tablets   40 Tablets,40pk,£0.21 each,8.50,,
Boots Borehamwood,Heartburn & Digestive Health,Heartburn & Indigestion,Boots Indigestion Relief Orange Flavour 500mg Tablets - 48 Tablets,48pk,£0.07 each,3.50,,
Boots Borehamwood,Heartburn & Digestive Health,Heartburn & Indigestion,Boots One-a-Day Acid Reflux Relief 20mg Gastro-Resistant Capsules   7 Capsules,7pk,£0.93 each,6.50,,
Boots Borehamwood,Heartburn & Digestive Health,Heartburn & Indigestion,Boots One-a-day Acid Reflux Relief 20mg Gastro-Resistant Capsules-14 Capsules,14pk,£0.75 each,10.50,,
Boots Borehamwood,Heartburn & Digestive Health,Heartburn & Indigestion,Boots Pharmaceuticals Heartburn Relief Aniseed Flavour - 150ml,150ml,£23.33/L,3.50,,
Boots Borehamwood,Heartburn & Digestive Health,Heartburn & Indigestion,Boots Pharmaceuticals Heartburn Relief Aniseed Flavour - 500ml,500ml,£13.00/L,6.50,,
Boots Borehamwood,Heartburn & Digestive Health,Heartburn & Indigestion,Boots Pharmaceuticals Heartburn Relief Peppermint Flavour - 500ml,500ml,£13.80/L,6.90,,
Boots Borehamwood,Heartburn & Digestive Health,Heartburn & Indigestion,Boots Pharmaceuticals Heartburn Relief Peppermint Flavour 150ml,150ml,£23.33/L,3.50,,
Boots Borehamwood,Heartburn & Digestive Health,Heartburn & Indigestion,Boots Pharmaceuticals Indigestion Relief Tablets Peppermint Flavour - 48 Tablets,48pk,£0.07 each,3.50,,
Boots Borehamwood,Heartburn & Digestive Health,IBS,Buscomint Peppermint Oil 0.2ml Gastro-Resistant Capsule Soft - 24 Capsules,24pk,£0.38 each,9.05,,
Boots Borehamwood,Heartburn & Digestive Health,IBS,Buscopan IBS Relief   60 Tablets,60pk,£0.33 each,19.55,,
Boots Borehamwood,Heartburn & Digestive Health,IBS,Buscopan Ibs Relief - 20 Tablets,20pk,£0.45 each,9.05,,
Boots Borehamwood,Heartburn & Digestive Health,IBS,Buscopan Ibs Relief Tablets 40 Pack,40pk,£0.30 each,12.10,,
Boots Borehamwood,Heartburn & Digestive Health,IBS,Colpermin Ibs Relief Peppermint Oil - 20 Sustained Release Capsules,20pk,£0.55 each,10.90,,
Boots Borehamwood,Heartburn & Digestive Health,Heartburn & Indigestion,Gaviscon Advance 24 Mint Chewable Tablets,24pk,£0.36 each,8.60,,
Boots Borehamwood,Heartburn & Digestive Health,Heartburn & Indigestion,Gaviscon Advance Aniseed Flavour Oral Suspension - 250ml,250ml,£52.80/L,13.20,,
Boots Borehamwood,Heartburn & Digestive Health,Heartburn & Indigestion,Gaviscon Advance Heartburn & Indigestion Aniseed Flavour 150ml,150ml,£54.33/L,8.15,,
Boots Borehamwood,Heartburn & Digestive Health,Heartburn & Indigestion,Gaviscon Advance Peppermint Oral Suspension - 250ml,250ml,£52.80/L,13.20,,
Boots Borehamwood,Heartburn & Digestive Health,Heartburn & Indigestion,Gaviscon Aniseed 150ml,150ml,£36.67/L,5.50,,
Boots Borehamwood,Heartburn & Digestive Health,Heartburn & Indigestion,Gaviscon Double Action Aniseed Oral Suspension - 250ml,250ml,£48.40/L,12.10,,
Boots Borehamwood,Heartburn & Digestive Health,Heartburn & Indigestion,Gaviscon Double Action Aniseed Oral Suspension - 500ml,500ml,£37.30/L,18.65,,£14.92 loyalty card (£29.84/L)
Boots Borehamwood,Heartburn & Digestive Health,Heartburn & Indigestion,Gaviscon Double Action Chewable Heartburn And Indigestion Relief Tablets Mixed Berries 48 Pack,48pk,£0.29 each,13.85,,£11.08 loyalty card (£0.23 each)
Boots Borehamwood,Heartburn & Digestive Health,Heartburn & Indigestion,Gaviscon Double Action Heartburn & Indigestion Mint Flavour Sachets 12x10ml,12pk,£0.69 each,8.30,,
Boots Borehamwood,Heartburn & Digestive Health,Heartburn & Indigestion,Gaviscon Double Action Heartburn & Indigestion Mint Flavour Sachets 24 x 10 ml,24pk,£0.64 each,15.25,,£12.20 loyalty card (£0.51 each)
Boots Borehamwood,Heartburn & Digestive Health,Heartburn & Indigestion,Gaviscon Double Action Heartburn & Indigestion Mint Flavour Tablets,24pk,£0.34 each,8.25,,
Boots Borehamwood,Heartburn & Digestive Health,Heartburn & Indigestion,Gaviscon Double Action Heartburn & Indigestion Mint Flavour Tablets x48,48pk,£0.29 each,13.85,,£11.08 loyalty card (£0.23 each)
Boots Borehamwood,Heartburn & Digestive Health,Heartburn & Indigestion,Gaviscon Double Action Heartburn & Indigestion Mixed Berries Flavour Tablets,24pk,£0.34 each,8.25,,
Boots Borehamwood,Heartburn & Digestive Health,Heartburn & Indigestion,Gaviscon Double Action Heartburn & Indigestion Mixed Berries Flavour Tablets x12,12pk,£0.38 each,4.60,,
Boots Borehamwood,Heartburn & Digestive Health,Heartburn & Indigestion,Gaviscon Double Action Heartburn And Indigestion Liquid Mint 150ml,150ml,£54.33/L,8.15,,
Boots Borehamwood,Heartburn & Digestive Health,Heartburn & Indigestion,Gaviscon Double Action Heartburn And Indigestion Tablets Mint x12,12pk,£0.38 each,4.60,,
Boots Borehamwood,Heartburn & Digestive Health,Heartburn & Indigestion,Gaviscon Double Action Mint Oral Suspension - 250ml,250ml,£48.40/L,12.10,,
Boots Borehamwood,Heartburn & Digestive Health,Heartburn & Indigestion,Gaviscon Double Action Mint Oral Suspension - 500ml,500ml,£37.30/L,18.65,,£14.92 loyalty card (£29.84/L)
Boots Borehamwood,Heartburn & Digestive Health,Heartburn & Indigestion,Gaviscon Double Action Mixed Berries Flavour Oral Suspension - 250ml,250ml,£48.40/L,12.10,,
Boots Borehamwood,Heartburn & Digestive Health,Heartburn & Indigestion,Gaviscon Double Action Mixed Berries Flavour Oral Suspension 150ml,150ml,£54.33/L,8.15,,
Boots Borehamwood,Heartburn & Digestive Health,Heartburn & Indigestion,Gaviscon Heartburn & Indigestion Relief Tablets Peppermint Flavour Tablets x24,24pk,£0.21 each,5.00,,
Boots Borehamwood,Heartburn & Digestive Health,Heartburn & Indigestion,Gaviscon Original Aniseed Relief Oral Suspension - 500ml,500ml,£30.80/L,15.40,,
Boots Borehamwood,Heartburn & Digestive Health,Heartburn & Indigestion,Gaviscon Original Aniseed Relief Oral Suspension 250ml,250ml,£40.20/L,10.05,,
Boots Borehamwood,Heartburn & Digestive Health,Heartburn & Indigestion,Gaviscon Peppermint Liquid Relief Oral Suspension - 250ml,250ml,£40.20/L,10.05,,
Boots Borehamwood,Heartburn & Digestive Health,Heartburn & Indigestion,Gaviscon Tablets Peppermint 48 Pack,48pk,£0.18 each,8.45,,
Boots Borehamwood,Heartburn & Digestive Health,Heartburn & Indigestion,Nexium Control 20mg Gastro-Resistant Hard Capsules,14pk,£1.06 each,14.85,,
Boots Borehamwood,Heartburn & Digestive Health,Heartburn & Indigestion,Nexium Control 20mg Tablets 7 Pack,7pk,£1.15 each,8.05,,
Boots Borehamwood,Heartburn & Digestive Health,Heartburn & Indigestion,"Nexium Control Heartburn And Acid Reflux Relief, 20mg Gastro-Resistant Esomeprazole 14 Tablets",14pk,£0.98 each,13.75,,
Boots Borehamwood,Heartburn & Digestive Health,Heartburn & Indigestion,Pepto-Bismol 17.5 mg/ml Oral Suspension - 240ml,240ml,£43.13/L,10.35,,
Boots Borehamwood,Heartburn & Digestive Health,Heartburn & Indigestion,Pyrocalm Control 20mg Gastro-Resistant Tablets - 14 Tablets,14pk,£0.90 each,12.65,,
Boots Borehamwood,Heartburn & Digestive Health,Heartburn & Indigestion,Pyrocalm Control 20mg Gastro-Resistant Tablets - 7 Tablets,7pk,£1.20 each,8.40,,
Boots Borehamwood,Heartburn & Digestive Health,Heartburn & Indigestion,Pyrocalm Control Peppermint Flavour 20mg Omeprazole Gastro-Resistant Tablets - 14 Tablets,14pk,£0.90 each,12.65,,
Boots Borehamwood,Heartburn & Digestive Health,Heartburn & Indigestion,Rennie Deflatine - 36 Tablets,36pk,£0.24 each,8.60,,
Boots Borehamwood,Heartburn & Digestive Health,Heartburn & Indigestion,Rennie Orange Flavour - 72 Chewable Tablets,72pk,£0.11 each,8.25,,
Boots Borehamwood,Heartburn & Digestive Health,Heartburn & Indigestion,Rennie Peppermint - 24 Chewable Tablets,24pk,£0.15 each,3.65,,
Boots Borehamwood,Heartburn & Digestive Health,Heartburn & Indigestion,Rennie Peppermint - 72 Chewable Tablets,72pk,£0.11 each,8.25,,
Boots Borehamwood,Heartburn & Digestive Health,Heartburn & Indigestion,Rennie Spearmint - 24 Chewable Tablets,24pk,£0.14 each,3.45,,
Boots Borehamwood,Heartburn & Digestive Health,Heartburn & Indigestion,Rennie Spearmint - 72 Tablets,72pk,£0.11 each,8.25,,
Boots Borehamwood,Heartburn & Digestive Health,Heartburn & Indigestion,Rennie Sugar Free Flavour - 72 Chewable Tablets,72pk,£0.11 each,8.25,,
Boots Borehamwood,Heartburn & Digestive Health,IBS,Symprove Gut Solution Pineapple 500ml Liquid,500ml,£48.20/L,24.10,,
Boots Borehamwood,Heartburn & Digestive Health,Heartburn & Indigestion,Alka Seltzer XS - 20 Effervescent Tablets,20pk,£0.33 each,6.50,,
Boots Borehamwood,Heartburn & Digestive Health,Heartburn & Indigestion,Gaviscon Double Action Peppermint 12's G,12pk,£0.38 each,4.60,,
Boots Borehamwood,Heartburn & Digestive Health,Heartburn & Indigestion,Pepto-Bismol 17.5 mg/ml Oral Suspension - 120ml,120ml,£46.67/L,5.60,,
Boots Borehamwood,Heartburn & Digestive Health,Heartburn & Indigestion,Pepto-Bismol 17.5 mg/ml Oral Suspension - 480ml,480ml,£34.38/L,16.50,,
Boots Borehamwood,Heartburn & Digestive Health,Heartburn & Indigestion,Phillips' Milk Of Magnesia Liquid - Traditional Mint Flavour - 200ml,200ml,£48.25/L,9.65,,
Boots Borehamwood,Heartburn & Digestive Health,Heartburn & Indigestion,Rennie Wind Relief Pro Capsules 20S,20pk,£0.34 each,6.85,,
Boots Borehamwood,Heartburn & Digestive Health,Heartburn & Indigestion,Rennie Wind Relief Pro Capsules 50S,50pk,£0.29 each,14.25,,
Boots Borehamwood,Intimate Health & Hygiene,Erectile Dysfunction,Eroxon Erectile Dysfunction Treatment Gel 4 Pack,4pk,£6.55 each,26.20,,
Boots Borehamwood,Intimate Health & Hygiene,Incontinence,Always Discreet Adult Incontinence Liners Normal Value Pack 48s,48pk,£0.08 each,3.90,,
Boots Borehamwood,Intimate Health & Hygiene,Incontinence,Always Discreet Boutique Underwear Incontinence Pants Medium Black x 9,9pk,£1.15 each,10.35,,
Boots Borehamwood,Intimate Health & Hygiene,Incontinence,Always Discreet Boutique Underwear Incontinence Pants Plus Large Black x 8,8pk,£1.29 each,10.35,,
Boots Borehamwood,Intimate Health & Hygiene,Incontinence,Always Discreet Boutique Underwear Incontinence Pants Plus M Peach Beige x9,9pk,£1.15 each,10.35,,
Boots Borehamwood,Intimate Health & Hygiene,Incontinence,Always Discreet Incontinence Liners Light 28 Liners,28pk,£0.09 each,2.55,,
Boots Borehamwood,Intimate Health & Hygiene,Incontinence,"Always Discreet Incontinence Liners Long+ 20, For Sensitive Bladder",20pk,£0.13 each,2.55,,
Boots Borehamwood,Intimate Health & Hygiene,Incontinence,"Always Discreet Incontinence Liners Normal 24, For Sensitive Bladder",24pk,£0.11 each,2.55,,
Boots Borehamwood,Intimate Health & Hygiene,Incontinence,Always Discreet Incontinence Pads Long Plus x16,16pk,£0.35 each,5.60,,
Boots Borehamwood,Intimate Health & Hygiene,Incontinence,Always Discreet Incontinence Pads Normal For Sensitive Bladder x 12,12pk,£0.26 each,3.15,,
Boots Borehamwood,Intimate Health & Hygiene,Incontinence,Always Discreet Incontinence Pads Plus Long Plus For Sensitive Bladder x 8,8pk,£0.39 each,3.15,,
Boots Borehamwood,Intimate Health & Hygiene,Incontinence,Always Discreet Incontinence Pads Plus Women Long x10,10pk,£0.32 each,3.15,,
Boots Borehamwood,Intimate Health & Hygiene,Incontinence,Always Discreet Incontinence Pads Plus Women Long x20,20pk,£0.28 each,5.60,,
Boots Borehamwood,Intimate Health & Hygiene,Incontinence,Always Discreet Incontinence Pads Plus Women Ultimate Day x12,12pk,£0.47 each,5.60,,
Boots Borehamwood,Intimate Health & Hygiene,Incontinence,Always Discreet Incontinence Pads Plus Women Ultimate Night x12,12pk,£0.50 each,5.95,,
Boots Borehamwood,Intimate Health & Hygiene,Incontinence,Always Discreet Incontinence Pads Small Plus For Sensitive Bladder x16,16pk,£0.20 each,3.15,,
Boots Borehamwood,Intimate Health & Hygiene,Incontinence,Always Discreet Incontinence Pads Women Normal x24,24pk,£0.23 each,5.60,,
Boots Borehamwood,Intimate Health & Hygiene,Incontinence,Always Discreet Maximum Protection Incontinence Pants Medium 8 Pack,8pk,£1.15 each,9.20,,
Boots Borehamwood,Intimate Health & Hygiene,Incontinence,Always Discreet Underwear Incontinence Pants Women Normal Large x 10,10pk,£1.04 each,10.35,,
Boots Borehamwood,Intimate Health & Hygiene,Incontinence,Always Discreet Underwear Incontinence Pants Women Normal Medium x 12,12pk,£0.86 each,10.35,,
Boots Borehamwood,Intimate Health & Hygiene,Incontinence,Always Discreet Underwear Incontinence Pants Women Plus Medium x 9,9pk,£1.15 each,10.35,,
Boots Borehamwood,Intimate Health & Hygiene,Incontinence,Boots Stay Dry Men's Night Pants Medium 10 Pants,10pk,£0.90 each,8.99,,
Boots Borehamwood,Intimate Health & Hygiene,Incontinence,Boots Stay Dry Men's Pants L 12 Pack,12pk,£0.62 each,7.40,,
Boots Borehamwood,Intimate Health & Hygiene,Incontinence,Boots Stay Dry Men's Pants M 12 Pack,12pk,£0.62 each,7.40,,
Boots Borehamwood,Intimate Health & Hygiene,Incontinence,Boots Stay Dry Men's Pants XL 10 Pack,10pk,£0.74 each,7.40,,
Boots Borehamwood,Intimate Health & Hygiene,Incontinence,Boots Stay Dry Night Pant Medium 10 Pack,10pk,£0.90 each,8.99,,
Boots Borehamwood,Intimate Health & Hygiene,Incontinence,Boots Stay Dry Pants L 12 Pack,12pk,£0.62 each,7.40,,
Boots Borehamwood,Intimate Health & Hygiene,Incontinence,Boots Stay Dry Pants M 12 Pack,12pk,£0.62 each,7.40,,
Boots Borehamwood,Intimate Health & Hygiene,Incontinence,Boots Stay Dry Pants Small - 12 Pack,12pk,£0.62 each,7.40,,
Boots Borehamwood,Intimate Health & Hygiene,Incontinence,Boots Stay Dry Pants XL 10 Pack,10pk,£0.74 each,7.40,,
Boots Borehamwood,Intimate Health & Hygiene,Incontinence,Boots Staydry Adjustable Slip Pants Medium to Large 10s,10pk,£1.10 each,11.00,,
Boots Borehamwood,Intimate Health & Hygiene,Incontinence,Boots Staydry Adjustable Slips (Sizes Medium-XL),10pk,£1.10 each,11.00,,
Boots Borehamwood,Intimate Health & Hygiene,Incontinence,Boots Staydry Discreet Normal Pads 12s,12pk,£0.17 each,1.99,,
Boots Borehamwood,Intimate Health & Hygiene,Incontinence,Boots Staydry Discreet Normal Pads Duo 24s,24pk,£0.16 each,3.80,,
Boots Borehamwood,Intimate Health & Hygiene,Incontinence,Boots Staydry Disposable Bed Pads - 12 Pack,12pk,£0.48 each,5.75,,
Boots Borehamwood,Intimate Health & Hygiene,Incontinence,Boots Staydry Extra Pads,10pk,£0.23 each,2.29,,
Boots Borehamwood,Intimate Health & Hygiene,Incontinence,Boots Staydry Extra Pads Duo Pack,20pk,£0.21 each,4.20,,
Boots Borehamwood,Intimate Health & Hygiene,Incontinence,Boots Staydry Extra Plus Pads,10pk,£0.25 each,2.50,,
Boots Borehamwood,Intimate Health & Hygiene,Incontinence,Boots Staydry Extra Plus Pads Duo Pack,20pk,£0.22 each,4.30,,
Boots Borehamwood,Intimate Health & Hygiene,Incontinence,Boots Staydry Maxi Night Pads,12pk,£0.31 each,3.70,,
Boots Borehamwood,Intimate Health & Hygiene,Incontinence,Boots Staydry Maxi Plus Pads,10pk,£0.35 each,3.50,,
Boots Borehamwood,Intimate Health & Hygiene,Incontinence,Boots Staydry Men Extra Pads - 10 Pads,10pk,£0.33 each,3.25,,
Boots Borehamwood,Intimate Health & Hygiene,Incontinence,Boots Staydry Men Normal Shields One Size - 10 Shields,10pk,£0.33 each,3.25,,
Boots Borehamwood,Intimate Health & Hygiene,Incontinence,Boots Staydry Night Pants Extra Large 10 Pack,10pk,£0.90 each,8.99,,
Boots Borehamwood,Intimate Health & Hygiene,Incontinence,Boots Staydry Underwear Black - Engineered For Men - Large - 10 Pairs,,,9.50,,
Boots Borehamwood,Intimate Health & Hygiene,Incontinence,Boots Staydry Underwear Black - Engineered For Men - Medium - 10 Pairs,,,9.50,,
Boots Borehamwood,Intimate Health & Hygiene,Incontinence,Boots Staydry Underwear Peach - Small/Medium - 10 Pairs,,,8.25,,
Boots Borehamwood,Intimate Health & Hygiene,Incontinence,Boots Staydry Washable Bed Protector (80cm X 70cm),,,24.99,,
Boots Borehamwood,Intimate Health & Hygiene,Incontinence,Staydry Lights Normal Liners for Light Incontinence - 24 Pack,24pk,£0.08 each,1.80,,
Boots Borehamwood,Intimate Health & Hygiene,Incontinence,Tena Discreet Extra Incontinence Pads For Bladder Weakness 10 Pack,10pk,£0.34 each,3.35,,
Boots Borehamwood,Intimate Health & Hygiene,Incontinence,Tena Discreet Extra Incontinence Pads For Bladder Weakness 20 Pack,20pk,£0.29 each,5.75,,
Boots Borehamwood,Intimate Health & Hygiene,Incontinence,Tena Discreet Extra Plus Incontinence Pads For Bladder Weakness 16 Pack,16pk,£0.36 each,5.75,,
Boots Borehamwood,Intimate Health & Hygiene,Incontinence,Tena Discreet Extra Plus Incontinence Pads For Bladder Weakness 8 Pack,8pk,£0.42 each,3.35,,
Boots Borehamwood,Intimate Health & Hygiene,Incontinence,Tena Discreet Normal Incontinence Pads Duo 24 Pack,24pk,£0.24 each,5.75,,
Boots Borehamwood,Intimate Health & Hygiene,Incontinence,Tena Incontinence Pants Maxi Large - 10 Pack,10pk,£1.88 each,18.80,,
Boots Borehamwood,Intimate Health & Hygiene,Incontinence,Tena Incontinence Pants Plus Extra Large 12pk,12pk,£1.28 each,15.30,,
Boots Borehamwood,Intimate Health & Hygiene,Incontinence,Tena Incontinence Pants Super Large - 12 Pack,12pk,£1.34 each,16.10,,
Boots Borehamwood,Intimate Health & Hygiene,Incontinence,Tena Incontinence Pants Super Medium - 12 Pack,12pk,£1.34 each,16.10,,
Boots Borehamwood,Intimate Health & Hygiene,Incontinence,Tena Lady Discreet Mini Incontinence Pads - 20 Pack,20pk,£0.17 each,3.35,,
Boots Borehamwood,Intimate Health & Hygiene,Incontinence,Tena Lady Maxi Incontinence Pads - 6 Pack,6pk,£0.56 each,3.35,,
Boots Borehamwood,Intimate Health & Hygiene,Incontinence,Tena Lady Maxi Night Incontinence Pads - 6 Pack,6pk,£0.56 each,3.35,,
Boots Borehamwood,Intimate Health & Hygiene,Incontinence,Tena Lady Maxi Night Incontinence Pads 12 Pack,2pk,£2.88 each,5.75,,
Boots Borehamwood,Intimate Health & Hygiene,Incontinence,Tena Lady Normal Incontinence Pads - 12 Pack,12pk,£0.28 each,3.35,,
Boots Borehamwood,Intimate Health & Hygiene,Incontinence,Tena Lady Silhouette Inco Liners Black - 26 Pack,26pk,£0.11 each,2.85,,
Boots Borehamwood,Intimate Health & Hygiene,Incontinence,Tena Lady Silhouette Inco Pads Black - 18 Pack,18pk,£0.19 each,3.35,,
Boots Borehamwood,Intimate Health & Hygiene,Incontinence,Tena Lights Incontinence Liners 24 Pack,24pk,£0.12 each,2.80,,
Boots Borehamwood,Intimate Health & Hygiene,Incontinence,Tena Lights Incontinence Liners 28 Pack,28pk,£0.10 each,2.80,,
Boots Borehamwood,Intimate Health & Hygiene,Incontinence,Tena Lights Incontinence Liners 48 Pack,48pk,£0.09 each,4.50,,
Boots Borehamwood,Intimate Health & Hygiene,Incontinence,Tena Lights Long Incontinence Liners 20 Pack,20pk,£0.14 each,2.80,,
Boots Borehamwood,Intimate Health & Hygiene,Incontinence,Tena Lights Long Incontinence Liners 40 Pack,40pk,£0.11 each,4.50,,
Boots Borehamwood,Intimate Health & Hygiene,Incontinence,Tena Men Incontinence Protective Shield - 14 Pack,14pk,£0.39 each,5.45,,
Boots Borehamwood,Intimate Health & Hygiene,Incontinence,Tena Men Level 1 Incontinence Absorbent Protector - 12 Pack,12pk,£0.45 each,5.45,,
Boots Borehamwood,Intimate Health & Hygiene,Incontinence,Tena Men Level 3 Incontinence Absorbent Protector - 8 Pack,8pk,£0.68 each,5.45,,
Boots Borehamwood,Intimate Health & Hygiene,Incontinence,Tena Men Premium Fit Pants Plus Large - 8 Pants,8pk,£1.29 each,10.35,,
Boots Borehamwood,Intimate Health & Hygiene,Incontinence,Tena Men Premium Fit Pants Plus Medium - 10 Pants,10pk,£1.04 each,10.35,,
Boots Borehamwood,Intimate Health & Hygiene,Incontinence,Tena Pants Plus Night Extra Large 10 Pack,10pk,£1.53 each,15.30,,
Boots Borehamwood,Intimate Health & Hygiene,Incontinence,Tena Pants Plus Night Large 12 Pack,12pk,£1.28 each,15.30,,
Boots Borehamwood,Intimate Health & Hygiene,Incontinence,Tena Silhouette Incontinence Pants Plus Large High Waist Cream 8 Pack,8pk,£1.36 each,10.85,,
Boots Borehamwood,Intimate Health & Hygiene,Piles,Anusol Cream 23g,23g,£243.48/kg,5.60,,
Boots Borehamwood,Intimate Health & Hygiene,Piles,Anusol Cream 43g,43g,£205.81/kg,8.85,,
Boots Borehamwood,Intimate Health & Hygiene,Piles,Anusol Natural Cream 30g,30g,£280.00/kg,8.40,,
Boots Borehamwood,Intimate Health & Hygiene,Piles,Anusol Ointment 25g,25g,£224.00/kg,5.60,,
Boots Borehamwood,Intimate Health & Hygiene,Piles,Anusol Sooth Cleansing Wipes 30 Pack,30pk,£0.22 each,6.65,,
Boots Borehamwood,Intimate Health & Hygiene,Piles,Anusol Soothing Relief Ointment 15g,15g,£520.00/kg,7.80,,
Boots Borehamwood,Intimate Health & Hygiene,Piles,Anusol Soothing Relief Suppositories 12 Pack,12pk,£0.75 each,9.05,,
Boots Borehamwood,Intimate Health & Hygiene,Piles,Anusol Suppositories 24 Pack,24pk,£0.38 each,9.20,,
Boots Borehamwood,Intimate Health & Hygiene,Thrush & Vaginal Health,Balance Activ Bv Treatment Pessaries 7 Pack,7pk,£1.93 each,13.50,,
Boots Borehamwood,Intimate Health & Hygiene,Thrush & Vaginal Health,Balance Activ Intimate Soothing Cream 40ml,40ml,£158.75/L,6.35,,
Boots Borehamwood,Intimate Health & Hygiene,Thrush & Vaginal Health,Balance Activ dual action thrush & bv pessary 2g 10s,20g,£822.50/kg,16.45,,
Boots Borehamwood,Intimate Health & Hygiene,Thrush & Vaginal Health,Balance Activ vaginal infection rapid self-test,20g,£515.00/kg,10.30,,
Boots Borehamwood,Intimate Health & Hygiene,Thrush & Vaginal Health,Boots Bv Gel - 7 x 5ml Applicators,35ml,£216.86/L,7.59,,
Boots Borehamwood,Intimate Health & Hygiene,Menopause,Boots D mannose powder sachets 5g 30s,20g,£999.50/kg,19.99,,
Boots Borehamwood,Intimate Health & Hygiene,Thrush & Vaginal Health,Boots Dual Action Thrush & Bv Pessaries 7 Pack,7pk,£1.71 each,11.99,,
Boots Borehamwood,Intimate Health & Hygiene,Piles,Boots Haemorrhoid Relief Suppositories - 24 Suppositories,24pk,£0.29 each,6.95,,
Boots Borehamwood,Intimate Health & Hygiene,Piles,Boots Haemorrhoid Relief Suppositories 12 Suppositories,12pk,£0.33 each,3.95,,
Boots Borehamwood,Intimate Health & Hygiene,Menopause,Boots Menolieve Black Cohosh Root Extract 6.5mg - 30 Tablets,30pk,£0.34 each,10.30,,
Boots Borehamwood,Intimate Health & Hygiene,Menopause,Boots Menopause & Me Instant Cooling Packs,5pk,£1.00 each,4.99,,
Boots Borehamwood,Intimate Health & Hygiene,Menopause,Boots Menopause & Me Menopause Complex 30 + 30 Tablets,,,14.00,,
Boots Borehamwood,Intimate Health & Hygiene,Menopause,Boots Menopause & Me Perimenopause Complex Tablets - 30 Tablets,30pk,£0.47 each,14.00,,
Boots Borehamwood,Intimate Health & Hygiene,Menopause,Boots Menopause & Me Vaginal Moisturising Gel,30ml,£333.00/L,9.99,,
Boots Borehamwood,Intimate Health & Hygiene,Menopause,Boots Menopause & Me Vaginal Moisturising Pessaries,10pk,£1.60 each,15.99,,
Boots Borehamwood,Intimate Health & Hygiene,Menopause,Boots Pharmaceuticals Cystitis Relief Cranberry Flavour- 6 Sachets,6pk,£0.67 each,3.99,,
Boots Borehamwood,Intimate Health & Hygiene,Thrush & Vaginal Health,Boots Vaginal Infection Self-Tests - 2 Self-Tests,2pk,£3.50 each,6.99,,
Boots Borehamwood,Intimate Health & Hygiene,Menopause,Boots Wearable Neck Fan,,,15.99,,
Boots Borehamwood,Intimate Health & Hygiene,Thrush & Vaginal Health,Canesbalance Bacterial Vaginosis Vaginal Gel - 7 x 5ml Applicators,7pk,£2.66 each,18.65,,
Boots Borehamwood,Intimate Health & Hygiene,Thrush & Vaginal Health,Canesbalance Bacterial Vaginosis Vaginal Pessaries 7 Pack,7pk,£2.82 each,19.75,,
Boots Borehamwood,Intimate Health & Hygiene,Thrush & Vaginal Health,Canescool Intimate Care Soothing Cream Gel - 35g,35g,£314.29/kg,11.00,,
Boots Borehamwood,Intimate Health & Hygiene,Thrush & Vaginal Health,Canescool Intimate Care Soothing Cream Gel 15g,15g,£496.67/kg,7.45,,
Boots Borehamwood,Intimate Health & Hygiene,Menopause,Canesmeno Menopause Care Vaginal Hydration And Comfort Gel 30ml,30ml,£511.67/L,15.35,,
Boots Borehamwood,Intimate Health & Hygiene,Menopause,Canesmeno Menopause Support Multi Support Tablets 30 Pack,30pk,£0.70 each,20.85,,
Boots Borehamwood,Intimate Health & Hygiene,Menopause,Canesmeno Menopause Support Night Tablets 30 Pack,30pk,£0.62 each,18.65,,
Boots Borehamwood,Intimate Health & Hygiene,Thrush & Vaginal Health,Canesoasis Cystitis Relief Cranberry Flavour Oral Solution - 6 Sachets,6pk,£1.20 each,7.20,,
Boots Borehamwood,Intimate Health & Hygiene,Thrush & Vaginal Health,Canesten Dual Action 1% W/W Cream 15g,15g,£346.67/kg,5.20,,
Boots Borehamwood,Intimate Health & Hygiene,Thrush & Vaginal Health,Canesten Thrush Combi 500mg Pessary & 2% External Cream,,,16.45,,
Boots Borehamwood,Intimate Health & Hygiene,Thrush & Vaginal Health,Canesten Thrush Combi Internal & External Creams 10%W/W Vaginal Cream And 2% W/W Cream,15g,"£1,170.00/kg",17.55,,
Boots Borehamwood,Intimate Health & Hygiene,Thrush & Vaginal Health,Canesten Thrush Combi Soft Gel Pessary & External Cream 500mg Vaginal Capsule / 2% W/W Cream,,,16.45,,
Boots Borehamwood,Intimate Health & Hygiene,Thrush & Vaginal Health,Canestest Self-Test For Vaginal Infections,,,9.15,,
Boots Borehamwood,Intimate Health & Hygiene,Piles,Care Haemorrhoid Relief Ointment 25g,25g,£184.00/kg,4.60,,
Boots Borehamwood,Intimate Health & Hygiene,Thrush & Vaginal Health,Cystopurin 3g Granules (Cystitis Relief) - 6 Sachets,6pk,£1.72 each,10.30,,
Boots Borehamwood,Intimate Health & Hygiene,Thrush & Vaginal Health,Dr Wolff V-San Lactic Acid Pessaries 7 Pack,7pk,£2.82 each,19.75,,
Boots Borehamwood,Intimate Health & Hygiene,Thrush & Vaginal Health,Dr Wolff's V-San Intimate Wash Lotion 200ml,200ml,£60.25/L,12.05,,
Boots Borehamwood,Intimate Health & Hygiene,Thrush & Vaginal Health,Dr Wolff's V-San Protective Ointment 75ml,75ml,£219.33/L,16.45,,
Boots Borehamwood,Intimate Health & Hygiene,Intimate Wash & Fragrance,Femfresh Daily Tissue Foam 50ml,50ml,£114.00/L,5.70,,
Boots Borehamwood,Intimate Health & Hygiene,Intimate Wash & Fragrance,"Femfresh Daily Tissue Foam, No-Rinse Intimate Foam For Women, 50 ml",250ml,£13.60/L,3.40,,
Boots Borehamwood,Intimate Health & Hygiene,Intimate Wash & Fragrance,Femfresh Intimate Hygiene Wash Intimate Daily 250ml,250ml,£13.60/L,3.40,,
Boots Borehamwood,Intimate Health & Hygiene,Intimate Wash & Fragrance,Femfresh Ultimate Care Soothing Wash 250ml,250ml,£13.60/L,3.40,,
Boots Borehamwood,Intimate Health & Hygiene,Intimate Wash & Fragrance,Femfresh Wipes 25 Pack,25pk,£0.14 each,3.40,,
Boots Borehamwood,Intimate Health & Hygiene,Intimate Wash & Fragrance,Fremfresh Wipes 0% 25 Pack,25pk,£0.14 each,3.40,,
Boots Borehamwood,Intimate Health & Hygiene,Menopause,Health & Her Menopause Multi-Nutrient Support Supplement 60 Capsules,60pk,£0.38 each,23.05,,
Boots Borehamwood,Intimate Health & Hygiene,Menopause,Health & Her Perimenopause Mind+ Multi-Nutrient Support Supplement 30 Pack,30pk,£0.73 each,21.95,,
Boots Borehamwood,Intimate Health & Hygiene,Menopause,Health & Her Perimenopause Multi-Nutrient Support Supplement 60 Capsules,60pk,£0.38 each,23.05,,
Boots Borehamwood,Intimate Health & Hygiene,Thrush & Vaginal Health,Lucovital Cranmed Forte Capsules 28 Pack,28pk,£0.61 each,17.00,,
Boots Borehamwood,Intimate Health & Hygiene,Thrush & Vaginal Health,Lucovital D-Mannose Urinary Tract - 14 Effervescent Tablets,14pk,£1.57 each,21.95,,
Boots Borehamwood,Intimate Health & Hygiene,Thrush & Vaginal Health,Lucovital D-Mannose Urinary Tract - 14 Sachets,14pk,£1.57 each,21.95,,
Boots Borehamwood,Intimate Health & Hygiene,Menopause,Promensil Double Strength 30s,30pk,£0.95 each,28.35,,
Boots Borehamwood,Intimate Health & Hygiene,Thrush & Vaginal Health,Replens Md Vaginal Moisturiser - 35g,35g,£395.71/kg,13.85,,
Boots Borehamwood,Intimate Health & Hygiene,Thrush & Vaginal Health,Replens Md Vaginal Moisturiser - 6 Pack,6pk,£2.38 each,14.25,,
Boots Borehamwood,Intimate Health & Hygiene,Menopause,Sanex Expert Skin Health+ Menopause Shower Gel Body Wash 450ml,450ml,£14.00/L,6.30,,
Boots Borehamwood,Intimate Health & Hygiene,Thrush & Vaginal Health,Vagisil Daily Soothe & Protect Cream 58g,58g,£197.41/kg,11.45,,
Boots Borehamwood,Intimate Health & Hygiene,Thrush & Vaginal Health,Vagisil Daily Soothe And Protect Cream With Prebiotic Oatmeal 30g,30g,£238.33/kg,7.15,,
Boots Borehamwood,Intimate Health & Hygiene,Thrush & Vaginal Health,Vagisil Feminine Powder100g,100g,£72.00/kg,7.20,,
Boots Borehamwood,Intimate Health & Hygiene,Thrush & Vaginal Health,Vagisil Ph Balance Wash 250ml,250ml,£27.40/L,6.85,,
Boots Borehamwood,Intimate Health & Hygiene,Thrush & Vaginal Health,Vagisil Prohydrate External Hydrating Gel 30g,30g,£381.67/kg,11.45,,
Boots Borehamwood,Intimate Health & Hygiene,Thrush & Vaginal Health,Vagisil Prohydrate Internal Hydrating Gel - 6 x 5g Pre-Filled Applicators,30g,£475.00/kg,14.25,,
Boots Borehamwood,Intimate Health & Hygiene,Intimate Wash & Fragrance,Vagisil Soothing Oatmeal Intimate Wipes 12 Pack,12pk,£0.53 each,6.30,,
Boots Borehamwood,Intimate Health & Hygiene,Intimate Wash & Fragrance,Vagisil Ultrafresh Intimate Wash 250ml,250ml,£27.60/L,6.90,,
Boots Borehamwood,Intimate Health & Hygiene,Thrush & Vaginal Health,Vagisil bacterial vaginosis gel 5ml 7s,20g,£657.50/kg,13.15,,
Boots Borehamwood,Intimate Health & Hygiene,Menopause,Vitabiotics Menopace Calcium - 60 Tablets,60pk,£0.26 each,15.40,,
Boots Borehamwood,Intimate Health & Hygiene,Menopause,Vitabiotics Menopace Max Calcium - 28 Day Supply,,,27.30,,
Boots Borehamwood,Intimate Health & Hygiene,Menopause,Vitabiotics Menopace Night - 30 Tablets,30pk,£0.55 each,16.50,,
Boots Borehamwood,Intimate Health & Hygiene,Menopause,Vitabiotics Menopace Original 90 Tablets,90pk,£0.15 each,13.75,,
Boots Borehamwood,Intimate Health & Hygiene,Menopause,Vitabiotics Pregnacare Original - 30 Tablets,30pk,£0.17 each,5.00,,
Boots Borehamwood,Makeup & Cosmetics,Beauty Accessories,Boots 4 Way Buffer,,,2.00,,
Boots Borehamwood,Makeup & Cosmetics,Beauty Accessories,Boots Blusher Brush,,,5.00,,
Boots Borehamwood,Makeup & Cosmetics,Beauty Accessories,Boots Clear Cosmetic Bag,,,5.00,,
Boots Borehamwood,Makeup & Cosmetics,Beauty Accessories,Boots Clip Thick Hair,,,4.00,,
Boots Borehamwood,Makeup & Cosmetics,Beauty Accessories,Boots Colour Body Exfoliator,,,1.00,,
Boots Borehamwood,Makeup & Cosmetics,Beauty Accessories,Boots Colours Exfoliating Glove,,,2.00,,
Boots Borehamwood,Makeup & Cosmetics,Beauty Accessories,Boots Compact Mirror 2x Magnification,,,3.00,,
Boots Borehamwood,Makeup & Cosmetics,Beauty Accessories,Boots Cuticle Nipper,,,5.00,,
Boots Borehamwood,Makeup & Cosmetics,Beauty Accessories,Boots Cuticle Sticks 5s,5pk,£0.20 each,1.00,,
Boots Borehamwood,Makeup & Cosmetics,Beauty Accessories,Boots Dent Free Clips X 4,4pk,£0.75 each,3.00,,
Boots Borehamwood,Makeup & Cosmetics,Beauty Accessories,Boots Dual End Eyeshadow Brush,,,4.00,,
Boots Borehamwood,Makeup & Cosmetics,Beauty Accessories,Boots Exfoliating Gloves,,,1.50,,
Boots Borehamwood,Makeup & Cosmetics,Beauty Accessories,Boots Exfoliating Gloves - Purple,,,2.00,,
Boots Borehamwood,Makeup & Cosmetics,Beauty Accessories,Boots Exfoliating Gloves - White,,,2.00,,
Boots Borehamwood,Makeup & Cosmetics,Beauty Accessories,Boots Flat Edge Blending Sponge,,,1.50,,
Boots Borehamwood,Makeup & Cosmetics,Beauty Accessories,Boots Glow Dermaplaner Tools 3 Pack,3pk,£1.33 each,4.00,,
Boots Borehamwood,Makeup & Cosmetics,Beauty Accessories,Boots Headwrap,,,3.00,,
Boots Borehamwood,Makeup & Cosmetics,Beauty Accessories,Boots Mini Manicure Set,,,5.00,,
Boots Borehamwood,Makeup & Cosmetics,Beauty Accessories,Boots Nail Files 3 Pack,3pk,£0.83 each,2.50,,
Boots Borehamwood,Makeup & Cosmetics,Beauty Accessories,Boots Pencil Sharpener,,,2.50,,
Boots Borehamwood,Makeup & Cosmetics,Beauty Accessories,Boots Powder Brush,,,5.00,,
Boots Borehamwood,Makeup & Cosmetics,Beauty Accessories,Boots Sapphire Nail File,,,2.00,,
Boots Borehamwood,Makeup & Cosmetics,Beauty Accessories,Boots Shower Cap White,,,2.00,,
Boots Borehamwood,Makeup & Cosmetics,Beauty Accessories,Boots Toe Spreader,,,4.59,,
Boots Borehamwood,Makeup & Cosmetics,Beauty Accessories,Botanics Long Handled Body Polisher,,,7.45,,
Boots Borehamwood,Makeup & Cosmetics,Beauty Accessories,Botanics Rose Quartz Gua Sha,,,16.50,,
Boots Borehamwood,Makeup & Cosmetics,Beauty Accessories,Collection eyeshadow palette New York skyline 8.8g,,,5.70,,
Boots Borehamwood,Makeup & Cosmetics,Beauty Accessories,Denman D38 Floral Fantasies Detangling and Styling Paddle Brush,,,21.00,,
Boots Borehamwood,Makeup & Cosmetics,Beauty Accessories,Denman D81m Floral Fantasies Style and Shine Brush,,,21.00,,
Boots Borehamwood,Makeup & Cosmetics,Beauty Accessories,Eylure Bra Tape Roll Light,,,16.50,,
Boots Borehamwood,Makeup & Cosmetics,Beauty Accessories,Flawless Finish Blending Sponge,,,10.25,,
Boots Borehamwood,Makeup & Cosmetics,Beauty Accessories,Magnifying Suction Mirror,,,15.30,,
Boots Borehamwood,Makeup & Cosmetics,Beauty Accessories,Megababe Thigh Rescue Anti-Friction Stick 60g,60g,£220.00/kg,13.20,,
Boots Borehamwood,Makeup & Cosmetics,Beauty Accessories,No7 Lift & Curve Eyelash Curler,,,10.25,,
Boots Borehamwood,Makeup & Cosmetics,Beauty Accessories,No7 Pro Artist The Refining Duo Dual-Ended Concealer Brush,,,16.40,,
Boots Borehamwood,Makeup & Cosmetics,Beauty Accessories,Real Techniques Blush Brush,,,11.00,,
Boots Borehamwood,Makeup & Cosmetics,Beauty Accessories,Real Techniques Eye Brush Duo Shade And Blend,,,12.10,,
Boots Borehamwood,Makeup & Cosmetics,Beauty Accessories,Real Techniques Miracle Complexion 4 Pack,4pk,£5.25 each,21.00,,
Boots Borehamwood,Makeup & Cosmetics,Beauty Accessories,Real Techniques Miracle Sponge 2 Pack,2pk,£6.33 each,12.65,,
Boots Borehamwood,Makeup & Cosmetics,Beauty Accessories,Real Techniques Ultimate Sponge Trio Set,,,14.30,,
Boots Borehamwood,Makeup & Cosmetics,Beauty Accessories,Tweezerman Classic Lash Curler Rose Gold Colour,,,20.90,,
Boots Borehamwood,Makeup & Cosmetics,Beauty Accessories,Tweezerman Classic Slant Tweezer Stainless Steel,,,25.20,,
Boots Borehamwood,Makeup & Cosmetics,Beauty Accessories,Tweezerman Combo Clipper Set,,,16.50,,
Boots Borehamwood,Makeup & Cosmetics,Beauty Accessories,Tweezerman Extra Strength Toenail Clipper,,,13.20,,
Boots Borehamwood,Makeup & Cosmetics,Beauty Accessories,Tweezerman Mini Manicure Set,,,15.40,,
Boots Borehamwood,Makeup & Cosmetics,Beauty Accessories,Tweezerman Neon Hot Filemates 3 Pack,3pk,£2.87 each,8.60,,
Boots Borehamwood,Makeup & Cosmetics,Beauty Accessories,Tweezerman Stainless Steel Nail Scissors,,,21.00,,
Boots Borehamwood,Makeup & Cosmetics,Beauty Accessories,Wet Brush Ceramic Speed Dry - Black Hairbrush,,,16.50,,
Boots Borehamwood,Makeup & Cosmetics,Beauty Accessories,Wet Brush Speed Dry - Black Hairbrush,,,14.30,,
Boots Borehamwood,Makeup & Cosmetics,Eye Makeup & Mascara,Benefit Bad Gal Bang Mascara Mini 4g,,,16.50,,3 for £35
Boots Borehamwood,Makeup & Cosmetics,Eye Makeup & Mascara,Benefit Precisely My Brow Pencil 03 Medium 0.08g,,,28.35,,
Boots Borehamwood,Makeup & Cosmetics,Eye Makeup & Mascara,Benefit Precisely My Brow Pencil 05 Warm Black-Brown 0.08g,,,28.35,,
Boots Borehamwood,Makeup & Cosmetics,Eye Makeup & Mascara,Benefit Precisely My Brow Pencil Shade 3.5 Neutral Medium-Brown 0.08g,,,28.35,,
Boots Borehamwood,Makeup & Cosmetics,Eye Makeup & Mascara,Benefit They're Real Mini Mascara 4g,,,16.50,,3 for £35
Boots Borehamwood,Makeup & Cosmetics,Eye Makeup & Mascara,Collection Eye Definer Pencil Brown,5g,£680.00/kg,3.40,,
Boots Borehamwood,Makeup & Cosmetics,Eye Makeup & Mascara,Colorsport 30 Day Dark Brown Brow Tint 17ml,17ml,£608.82/L,10.35,,
Boots Borehamwood,Makeup & Cosmetics,Eye Makeup & Mascara,E.L.F. Big Mood Mascara Black 9ml,9ml,"£1,150.00/L",10.35,,
Boots Borehamwood,Makeup & Cosmetics,Eye Makeup & Mascara,E.L.F. Big Mood Waterproof Mascara Black 9ml,9ml,"£1,150.00/L",10.35,,
Boots Borehamwood,Makeup & Cosmetics,Eye Makeup & Mascara,E.L.F. Brow Lift Clear  8.8g,9g,£894.44/kg,8.05,,
Boots Borehamwood,Makeup & Cosmetics,Eye Makeup & Mascara,E.L.F. Incredi-Curl Curling Mascara,9g,"£1,150.00/kg",10.35,,
Boots Borehamwood,Makeup & Cosmetics,Eye Makeup & Mascara,Kiss Brow Tint Kit KEBT01C,,,11.00,,
Boots Borehamwood,Makeup & Cosmetics,Eye Makeup & Mascara,"L'Oreal Paris Brow Gel, For Up To 24H Hold, Infallible Brow Lamination Gel, Shade Clear, 15g",5ml,"£2,630.00/L",13.15,,
Boots Borehamwood,Makeup & Cosmetics,Eye Makeup & Mascara,"L'Oreal Paris Mascara, Paradise Big Deal Volumising Mascara, Shade Black, 9.9ml",10ml,"£1,535.00/L",15.35,,
Boots Borehamwood,Makeup & Cosmetics,Eye Makeup & Mascara,L'Oreal Paris Paradise Mascara 01 Black Waterproof 6.4ml,6ml,"£2,375.00/L",14.25,,
Boots Borehamwood,Makeup & Cosmetics,Eye Makeup & Mascara,L'Oreal Paris Telescopic Lengthening Waterproof Mascara Black 8ml,8ml,"£1,643.75/L",13.15,,
Boots Borehamwood,Makeup & Cosmetics,Eye Makeup & Mascara,L'Oreal Paris Telescopic Lift Waterproof Mascara 9ml,9ml,"£1,583.33/L",14.25,,
Boots Borehamwood,Makeup & Cosmetics,Eye Makeup & Mascara,L'Oreal Telescopic Mascara Carbon Black,8ml,"£1,643.75/L",13.15,,
Boots Borehamwood,Makeup & Cosmetics,Eye Makeup & Mascara,Max Factor False Lash Effect Mascara Raven Black 13.1ml,13ml,"£1,096.15/L",14.25,,
Boots Borehamwood,Makeup & Cosmetics,Eye Makeup & Mascara,Maybelline Fashion Brow Tattoo Medium Brown 5g,5g,"£2,850.00/kg",14.25,,
Boots Borehamwood,Makeup & Cosmetics,Eye Makeup & Mascara,Maybelline Lash Sensational Sky High Mascara Cosmic 7.2ml,7ml,"£2,035.71/L",14.25,,
Boots Borehamwood,Makeup & Cosmetics,Eye Makeup & Mascara,Maybelline New York Color Tattoo Eye Stix Longwear Eyeshadow - I Am Fearless,,,10.30,,
Boots Borehamwood,Makeup & Cosmetics,Eye Makeup & Mascara,Maybelline New York Color Tattoo Eye Stix Longwear Eyeshadow - I Am Inspired,,,10.30,,
Boots Borehamwood,Makeup & Cosmetics,Eye Makeup & Mascara,Maybelline New York Lash Sensational Sky High Mascara Brown 7.2ml,7ml,"£2,035.71/L",14.25,,
Boots Borehamwood,Makeup & Cosmetics,Eye Makeup & Mascara,Maybelline Ultra Slim Brow Pencil Deep Brown 05 4g,,,11.45,,
Boots Borehamwood,Makeup & Cosmetics,Eye Makeup & Mascara,Maybelline Ultra Slim Brow Pencil Medium Brown 04 4g,,,11.45,,
Boots Borehamwood,Makeup & Cosmetics,Eye Makeup & Mascara,No7 Eyebrow Microfilling Pen Brown 0.6g,,,13.10,,
Boots Borehamwood,Makeup & Cosmetics,Eye Makeup & Mascara,No7 Eyebrow Precision Pencil Brown 0.06g,,,13.10,,
Boots Borehamwood,Makeup & Cosmetics,Eye Makeup & Mascara,No7 Eyebrow Sculpting Pencil,,,13.10,,
Boots Borehamwood,Makeup & Cosmetics,Eye Makeup & Mascara,No7 Intense Volume Waterproof Mascara 7ml (Black),7ml,"£2,028.57/L",14.20,,
Boots Borehamwood,Makeup & Cosmetics,Eye Makeup & Mascara,No7 Pro-Artist Eyeshadow Palette Lights Camera Action,,,18.60,,
Boots Borehamwood,Makeup & Cosmetics,Eye Makeup & Mascara,No7 Stay Perfect Long-Wear Tubing Mascara,7ml,"£2,342.86/L",16.40,,
Boots Borehamwood,Makeup & Cosmetics,Eye Makeup & Mascara,No7 Stay Perfect Metallic Eye Pencil Purple 1G,,,10.25,,
Boots Borehamwood,Makeup & Cosmetics,Eye Makeup & Mascara,No7 The Full 360 Mascara 7ml,7ml,"£2,342.86/L",16.40,,
Boots Borehamwood,Makeup & Cosmetics,Eye Makeup & Mascara,Nyx Professional Makeup Epic Ink Eye Liner - Black,,,11.45,,
Boots Borehamwood,Makeup & Cosmetics,Eye Makeup & Mascara,Nyx Professional Makeup Jumbo Eye Pencil - Frappe,5g,"£1,380.00/kg",6.90,,
Boots Borehamwood,Makeup & Cosmetics,Eye Makeup & Mascara,Nyx Professional Makeup Micro Brow Pencil Brunette 0.09g,,,11.00,,
Boots Borehamwood,Makeup & Cosmetics,Eye Makeup & Mascara,Nyx Professional Makeup Micro Brow Pencil Taupe 0.09g,,,11.00,,
Boots Borehamwood,Makeup & Cosmetics,Eye Makeup & Mascara,Nyx Professional Makeup Ultimate Shadow Palette Vegan 16-Pan - Warm Neutrals,,,17.55,,
Boots Borehamwood,Makeup & Cosmetics,Eye Makeup & Mascara,Revolution Precise Brow Pencil Dark Brown,,,4.60,,
Boots Borehamwood,Makeup & Cosmetics,Eye Makeup & Mascara,Revolution Wrap Lash Tubing Mascara Brown 8.5ml,9ml,"£1,338.89/L",12.05,,
Boots Borehamwood,Makeup & Cosmetics,Eye Makeup & Mascara,Rimmel London Exaggerate Eyeliner Waterproof 2.5ml,,,6.85,,
Boots Borehamwood,Makeup & Cosmetics,Eye Makeup & Mascara,Rimmel London Professional Pencil Dark Brown 1.4g,,,5.15,,
Boots Borehamwood,Makeup & Cosmetics,Eye Makeup & Mascara,Rimmel London Scandaleyes Exaggerate Eye Definer Chocolate Brown 4g,,,5.70,,
Boots Borehamwood,Makeup & Cosmetics,Eye Makeup & Mascara,Rimmel London Scandaleyes Waterproof Liner Black 1.2g,,,5.70,,
Boots Borehamwood,Makeup & Cosmetics,Eye Makeup & Mascara,Rimmel London Wonder'Ink Liquid Eyeliner Black 1.2ml,,,9.15,,
Boots Borehamwood,Makeup & Cosmetics,Eye Makeup & Mascara,Rimmel London Wonderfull 24hr Brow Mascara Medium 5ml,5ml,"£2,060.00/L",10.30,,
Boots Borehamwood,Makeup & Cosmetics,Eye Makeup & Mascara,Rimmel Magnif'Eyes Eyeshadow Palette - Nude Edition,14g,£817.86/kg,11.45,,
Boots Borehamwood,Makeup & Cosmetics,Eye Makeup & Mascara,Rimmel Soft Kohl Kajal Eyeliner Pencil - Jet Black,,,3.40,,
Boots Borehamwood,Makeup & Cosmetics,Eye Makeup & Mascara,Rimmel Wonder'Ink Precision Liquid Eyeliner Pen Spiced Chestnut,,,9.15,,
Boots Borehamwood,Makeup & Cosmetics,Face Makeup,17 Colour Correct Enhancing Concealer 010 Balancing Peach 4.5ml,,,3.45,,
Boots Borehamwood,Makeup & Cosmetics,Face Makeup,17 Colour Correct Enhancing Concealer 020 Brightening Yellow 4.5ml,,,3.45,,
Boots Borehamwood,Makeup & Cosmetics,Face Makeup,17 Colour Correct Enhancing Concealer 030 Neutralising Green 4.5ml,,,3.45,,
Boots Borehamwood,Makeup & Cosmetics,Face Makeup,17 Colour Correct Enhancing Concealer 040 Balancing Pink 4.5ml,,,3.45,,
Boots Borehamwood,Makeup & Cosmetics,Face Makeup,17 Glow + Define Bronzer 020 020,9g,£511.11/kg,4.60,,
Boots Borehamwood,Makeup & Cosmetics,Face Makeup,17 Melting Cream Bronzer 020 Toffee Glow 4g,4g,"£1,150.00/kg",4.60,,
Boots Borehamwood,Makeup & Cosmetics,Face Makeup,17 Perfecting Finish Loose Powder 5g,5g,£920.00/kg,4.60,,
Boots Borehamwood,Makeup & Cosmetics,Face Makeup,17 Second Skin Enhancing Concealer 001 N 4.5ml,,,2.85,,
Boots Borehamwood,Makeup & Cosmetics,Face Makeup,17 Second Skin Enhancing Concealer 001 P 4.5ml,,,2.85,,
Boots Borehamwood,Makeup & Cosmetics,Face Makeup,17 Second Skin Enhancing Concealer 001 Y 4.5ml,,,2.85,,
Boots Borehamwood,Makeup & Cosmetics,Face Makeup,17 Second Skin Enhancing Concealer 002 N 4.5ml,,,2.85,,
Boots Borehamwood,Makeup & Cosmetics,Face Makeup,17 Second Skin Enhancing Concealer 002 P 4.5ml,,,2.85,,
Boots Borehamwood,Makeup & Cosmetics,Face Makeup,17 Skin Tint 030 30ml,30ml,£230.00/L,6.90,,
Boots Borehamwood,Makeup & Cosmetics,Face Makeup,17 Ultimate Look Finishing Powder 040 04,9g,£383.33/kg,3.45,,
Boots Borehamwood,Makeup & Cosmetics,Face Makeup,17 Ultimate Look Finishing Powder 070 07,9g,£383.33/kg,3.45,,
Boots Borehamwood,Makeup & Cosmetics,Face Makeup,17. Base Glow Illuminating Primer,30ml,£153.33/L,4.60,,
Boots Borehamwood,Makeup & Cosmetics,Face Makeup,17. Bronze Drops 020 Medium 15ml,15ml,£343.33/L,5.15,,
Boots Borehamwood,Makeup & Cosmetics,Face Makeup,17. Dewy Prep Setting Spray,50ml,£115.00/L,5.75,,
Boots Borehamwood,Makeup & Cosmetics,Face Makeup,17. Glow Bright Blush Wand,10ml,£575.00/L,5.75,,
Boots Borehamwood,Makeup & Cosmetics,Face Makeup,17. Hydro Grip Setting Spray 50ml,55ml,£104.55/L,5.75,,
Boots Borehamwood,Makeup & Cosmetics,Face Makeup,17. Hydro Power Grip Primer 25ml,25ml,£230.00/L,5.75,,
Boots Borehamwood,Makeup & Cosmetics,Face Makeup,17. Matte Base Perfection Oil Control Primer,30ml,£153.33/L,4.60,,
Boots Borehamwood,Makeup & Cosmetics,Face Makeup,17. Matte Prep Setting Spray,50ml,£115.00/L,5.75,,
Boots Borehamwood,Makeup & Cosmetics,Face Makeup,17. Melting Cream Bronzer,,,4.60,,
Boots Borehamwood,Makeup & Cosmetics,Face Makeup,17. Melting Creme Blush 002 Coffee Love 4g,,,4.60,,
Boots Borehamwood,Makeup & Cosmetics,Face Makeup,17. Melting Creme Blush 003 Peach Vibes 4g,,,4.60,,
Boots Borehamwood,Makeup & Cosmetics,Face Makeup,17. Powder Blush Edit,7g,£571.43/kg,4.00,,
Boots Borehamwood,Makeup & Cosmetics,Face Makeup,17. Sculpt Define Contour Wand,10ml,£575.00/L,5.75,,
Boots Borehamwood,Makeup & Cosmetics,Face Makeup,17. Ultimate Look Finishing Powder,9g,£383.33/kg,3.45,,
Boots Borehamwood,Makeup & Cosmetics,Face Makeup,17. Vitamin Enriched Primer 25ml,25ml,£230.00/L,5.75,,
Boots Borehamwood,Makeup & Cosmetics,Face Makeup,Benefit Cookie Golden Pearl Glow Highlighter 8g,8g,"£4,593.75/kg",36.75,,
Boots Borehamwood,Makeup & Cosmetics,Face Makeup,Benefit Face Tint Flora 6ml,6ml,"£4,108.33/L",24.65,,
Boots Borehamwood,Makeup & Cosmetics,Face Makeup,Benefit Hoola Bronzer Original Shade 8g,8g,"£4,462.50/kg",35.70,,
Boots Borehamwood,Makeup & Cosmetics,Face Makeup,Benefit Mini Bronzer Hoola 2.5g,,,18.70,,3 for £35
Boots Borehamwood,Makeup & Cosmetics,Face Makeup,Benefit Mini Dandelion Baby-Pink Brightening Blush 2.5g,,,18.15,,3 for £35
Boots Borehamwood,Makeup & Cosmetics,Face Makeup,Benefit Mini Highlighter Dandelion Twinkle 1.5g,,,19.25,,3 for £35
Boots Borehamwood,Makeup & Cosmetics,Face Makeup,Benefit Porefessional Mini Primer 8ml,8ml,"£2,200.00/L",17.60,,3 for £35
Boots Borehamwood,Makeup & Cosmetics,Face Makeup,Benefit Shellie Warm-Seashell Pink Blush 6g,6g,"£5,600.00/kg",33.60,,
Boots Borehamwood,Makeup & Cosmetics,Face Makeup,Benefit The POREfessional Face Primer Minimising Pores 22ml,22ml,"£1,575.00/L",34.65,,
Boots Borehamwood,Makeup & Cosmetics,Face Makeup,Benefit The Porefessional Super Setter Spray Mini 30ml,30ml,£586.67/L,17.60,,3 for £35
Boots Borehamwood,Makeup & Cosmetics,Face Makeup,Benefit mini blusher Crystah 2.5g,2.5g,"£7,260.00/kg",18.15,,3 for £35
Boots Borehamwood,Makeup & Cosmetics,Face Makeup,Benefit mini blusher Shellie 2.5g,2.5g,"£7,260.00/kg",18.15,,3 for £35
Boots Borehamwood,Makeup & Cosmetics,Face Makeup,Boots Concealer Brush,,,4.00,,
Boots Borehamwood,Makeup & Cosmetics,Face Makeup,Collection Bronze Glow Matt Powder Terracotta,15g,£303.33/kg,4.55,,
Boots Borehamwood,Makeup & Cosmetics,Face Makeup,Collection Bronze Glow Matte Light Terracotta,15g,£303.33/kg,4.55,,
Boots Borehamwood,Makeup & Cosmetics,Face Makeup,Collection Bronze Glow Mosaic 1 Sunkissed 15g,15g,£303.33/kg,4.55,,
Boots Borehamwood,Makeup & Cosmetics,Face Makeup,Collection Colour Lash Brow and Lash Gel Shade 1 Clear 8ml,8ml,£568.75/L,4.55,,
Boots Borehamwood,Makeup & Cosmetics,Face Makeup,Collection Dewy Liquid Blush,5g,£910.00/kg,4.55,,
Boots Borehamwood,Makeup & Cosmetics,Face Makeup,Collection Duo Blush Cream and Powder Shade 1 Seeing Double 8g,8g,£712.50/kg,5.70,,
Boots Borehamwood,Makeup & Cosmetics,Face Makeup,Collection Eye Palette Sahara Dunes,,,5.70,,
Boots Borehamwood,Makeup & Cosmetics,Face Makeup,Collection Fast Stroke Felt Liner,,,4.55,,
Boots Borehamwood,Makeup & Cosmetics,Face Makeup,Collection Grip Hold Face Primer 28ml,28ml,£326.79/L,9.15,,
Boots Borehamwood,Makeup & Cosmetics,Face Makeup,Collection Hydra Grip Setting Spray Hydrating 80ml,80ml,£100.00/L,8.00,,
Boots Borehamwood,Makeup & Cosmetics,Face Makeup,Collection Lasting Perfection Concealer SH3 Ivory 3.5ml,,,5.70,,
Boots Borehamwood,Makeup & Cosmetics,Face Makeup,Collection Lasting Perfection Concealer SH5 Fair 3.5ml,,,5.70,,
Boots Borehamwood,Makeup & Cosmetics,Face Makeup,Collection Lasting Perfection Concealer SH6 Cashew 3.5ml,,,5.70,,
Boots Borehamwood,Makeup & Cosmetics,Face Makeup,Collection Lasting Perfection Sheer Loose Powder Shade 2 Translucent 10g,10g,£455.00/kg,4.55,,
Boots Borehamwood,Makeup & Cosmetics,Face Makeup,Collection Lasting Perfection Sheer Loose Powder Transparent,10g,£455.00/kg,4.55,,
Boots Borehamwood,Makeup & Cosmetics,Face Makeup,Collection Lasting Perfection Ultra Cover Concealer Shade 2C Porcelain Cool 5.5ml,5ml,"£1,140.00/L",5.70,,
Boots Borehamwood,Makeup & Cosmetics,Face Makeup,Collection Lasting Perfection Ultra Cover Concealer Shade 3N Ivory Neutral 5.5ml,5ml,"£1,140.00/L",5.70,,
Boots Borehamwood,Makeup & Cosmetics,Face Makeup,Collection Lasting Perfection Ultra Cover Concealer Shade 5C Fair Cool 5.5ml,5ml,"£1,140.00/L",5.70,,
Boots Borehamwood,Makeup & Cosmetics,Face Makeup,Collection Lasting Perfection Ultra Cover Concealer Shade 6N Cashew Neutral 5.5ml,5ml,"£1,140.00/L",5.70,,
Boots Borehamwood,Makeup & Cosmetics,Face Makeup,Collection Lasting Perfection Ultra Cover Concealer Shade 7N Biscuit Neutral 5.5ml,5ml,"£1,140.00/L",5.70,,
Boots Borehamwood,Makeup & Cosmetics,Face Makeup,Collection Lasting Perfection concealer SH2 porcelain 3.5ml,,,5.70,,
Boots Borehamwood,Makeup & Cosmetics,Face Makeup,Collection Matte Grip Primer Mattifying 20ml,20ml,£342.50/L,6.85,,
Boots Borehamwood,Makeup & Cosmetics,Face Makeup,Collection Pressed Powder Candlelight 17g,17g,£200.00/kg,3.40,,
Boots Borehamwood,Makeup & Cosmetics,Face Makeup,Collection Pressed Powder Ivory 17g,17g,£200.00/kg,3.40,,
Boots Borehamwood,Makeup & Cosmetics,Face Makeup,Collection Pressed Powder Translucent 17g,17g,£200.00/kg,3.40,,
Boots Borehamwood,Makeup & Cosmetics,Face Makeup,Collection Soft Glow Blusher 2 Bashful 3.5g,,,3.40,,
Boots Borehamwood,Makeup & Cosmetics,Face Makeup,Collection Soft Glow Blusher 7 Cherry 3.5g,,,3.40,,
Boots Borehamwood,Makeup & Cosmetics,Face Makeup,Collection Ultra Hold Setting Spray 75ml,75ml,£106.67/L,8.00,,
Boots Borehamwood,Makeup & Cosmetics,Face Makeup,Collection blurring blush stick SH1 rosy 5g,,,5.70,,
Boots Borehamwood,Makeup & Cosmetics,Face Makeup,Collection duo blush cream and powder shade 2 two's company 8g,,,5.70,,
Boots Borehamwood,Makeup & Cosmetics,Face Makeup,Collection face skin tint s6 tan 28ml,,,8.00,,
Boots Borehamwood,Makeup & Cosmetics,Face Makeup,Collection face skin tint sh3 fair medium 28ml,,,8.00,,
Boots Borehamwood,Makeup & Cosmetics,Face Makeup,Collection filter finish complexion boosting primer & illuminator SPF30 1 fair 30ml,,,9.15,,
Boots Borehamwood,Makeup & Cosmetics,Face Makeup,Collection filter finish complexion boosting primer & illuminator SPF30 2 fair medium 30ml,,,9.15,,
Boots Borehamwood,Makeup & Cosmetics,Face Makeup,Collection lasting perfection concealer SH4 extra fair 3.5ml,,,5.70,,
Boots Borehamwood,Makeup & Cosmetics,Face Makeup,Collection lasting perfection concealer SH8 beige 3.5ml,,,5.70,,
Boots Borehamwood,Makeup & Cosmetics,Face Makeup,Collection skin tint sh2 fair 28ml,,,8.00,,
Boots Borehamwood,Makeup & Cosmetics,Face Makeup,Collection skin tint sh4 medium 28ml,,,8.00,,
Boots Borehamwood,Makeup & Cosmetics,Face Makeup,Collection skin tint sh5 medium tan 28ml,,,8.00,,
Boots Borehamwood,Makeup & Cosmetics,Face Makeup,Collection soft focus bronzing stick SH2 medium 5g,,,5.70,,
Boots Borehamwood,Makeup & Cosmetics,Face Makeup,E.L.F Bronzing Drops Rose Gold 30ml,30ml,£476.67/L,14.30,,
Boots Borehamwood,Makeup & Cosmetics,Face Makeup,E.L.F Power Grip Rose Setting Spray 80ml,80ml,£151.25/L,12.10,,
Boots Borehamwood,Makeup & Cosmetics,Face Makeup,E.L.F Soft Glam Satin Concealer 14 Fair Cool 6.3ml,6.3ml,£912.70/L,5.75,,
Boots Borehamwood,Makeup & Cosmetics,Face Makeup,E.L.F Soft Glam Satin Concealer 23 Light Cool 6.3ml,6.3ml,£912.70/L,5.75,,
Boots Borehamwood,Makeup & Cosmetics,Face Makeup,E.L.F Soft Glam Satin Concealer 31 Medium Neutral 6.3ml,6.3ml,£912.70/L,5.75,,
Boots Borehamwood,Makeup & Cosmetics,Face Makeup,E.L.F. Camo Liquid Blush Berry Well 4ml,,,9.20,,
Boots Borehamwood,Makeup & Cosmetics,Face Makeup,E.L.F. Camo Liquid Blush Suave Mauve 4ml,,,9.20,,
Boots Borehamwood,Makeup & Cosmetics,Face Makeup,E.L.F. Halo Glow Blush Beauty Wand Berry Radiant 10ml,10ml,"£1,100.00/L",11.00,,
Boots Borehamwood,Makeup & Cosmetics,Face Makeup,E.L.F. Halo Glow Blush Beauty Wand Rose You Slay 10ml,10ml,"£1,100.00/L",11.00,,
Boots Borehamwood,Makeup & Cosmetics,Face Makeup,E.L.F. Halo Glow Contour Beauty Wand Light/Medium 10ml,10ml,"£1,100.00/L",11.00,,
Boots Borehamwood,Makeup & Cosmetics,Face Makeup,E.L.F. Halo Glow Highlight Beauty Wand Champagne Campaign 10ml,10ml,"£1,100.00/L",11.00,,
Boots Borehamwood,Makeup & Cosmetics,Face Makeup,E.L.F. Halo Glow Liquid Filter,32ml,£550.00/L,17.60,,
Boots Borehamwood,Makeup & Cosmetics,Face Makeup,E.L.F. Halo Glow Liquid Filter Highlighter,32ml,£550.00/L,17.60,,
Boots Borehamwood,Makeup & Cosmetics,Face Makeup,E.L.F. Halo Glow Liquid Filter Highlighter 0.5 Fair,32ml,£550.00/L,17.60,,
Boots Borehamwood,Makeup & Cosmetics,Face Makeup,E.L.F. Halo Glow Setting Powder Light 6.8g,7g,"£1,478.57/kg",10.35,,
Boots Borehamwood,Makeup & Cosmetics,Face Makeup,E.L.F. Halo Glow Setting Powder Medium 6.8g,7g,"£1,478.57/kg",10.35,,
Boots Borehamwood,Makeup & Cosmetics,Face Makeup,E.L.F. Liquid Poreless Putty Primer Universal Sheer 28ml,28ml,£432.14/L,12.10,,
Boots Borehamwood,Makeup & Cosmetics,Face Makeup,E.L.F. Power Grip Dewy Setting Spray 80ml,80ml,£151.25/L,12.10,,
Boots Borehamwood,Makeup & Cosmetics,Face Makeup,E.L.F. Power Grip Matte Primer 26ml,26ml,£465.38/L,12.10,,
Boots Borehamwood,Makeup & Cosmetics,Face Makeup,E.L.F. Power Grip Primer,24ml,£504.17/L,12.10,,
Boots Borehamwood,Makeup & Cosmetics,Face Makeup,E.L.F. Power Grip Primer + Niacinamide 24ml,24ml,£504.17/L,12.10,,
Boots Borehamwood,Makeup & Cosmetics,Face Makeup,E.L.F. Power Grip Primer Jumbo  75ml,75ml,£350.00/L,26.25,,
Boots Borehamwood,Makeup & Cosmetics,Face Makeup,E.L.F. Setting Mist Stay All Night 80ml,80ml,£137.50/L,11.00,,
Boots Borehamwood,Makeup & Cosmetics,Face Makeup,E.L.F. Sheer For It Blush Tint - Buildable Stain For Lips + Cheek,7ml,£985.71/L,6.90,,
Boots Borehamwood,Makeup & Cosmetics,Face Makeup,Ecotools New Natural Blush & Highlight Duo Set,,,10.35,,
Boots Borehamwood,Makeup & Cosmetics,Face Makeup,Erborian CC Red Correct Colour Correcting Cream 40ml,40ml,"£1,010.00/L",40.40,,
Boots Borehamwood,Makeup & Cosmetics,Face Makeup,Essence Jelly Grip Hydrating Primer 29ml,29ml,£156.90/L,4.55,,
Boots Borehamwood,Makeup & Cosmetics,Face Makeup,Estee Lauder X5 Serum 7ml,7g,"£2,828.57/kg",19.80,,
Boots Borehamwood,Makeup & Cosmetics,Face Makeup,Flower Knows shell's jewel collection highlighter balm & charm set blue tears,,,17.60,,
Boots Borehamwood,Makeup & Cosmetics,Face Makeup,Flower Knows strawberry Cupid collection liquid blush 04 apple glow,7g,"£2,828.57/kg",19.80,,
Boots Borehamwood,Makeup & Cosmetics,Face Makeup,Flower Knows strawberry Cupid collection makeup palette S02 Cupid's mischief,,,34.65,,
Boots Borehamwood,Makeup & Cosmetics,Face Makeup,Flower Knows strawberry rococo series embossed blush G01 romantic blossom,,,22.05,,
Boots Borehamwood,Makeup & Cosmetics,Face Makeup,Flower Knows swan ballet series makeup palette 01 white swan,,,30.45,,
Boots Borehamwood,Makeup & Cosmetics,Face Makeup,Garnier Vitamin C Wonder Tint SPF50+ 40ml,50ml,£329.00/L,16.45,,
Boots Borehamwood,Makeup & Cosmetics,Face Makeup,Garnier Vitamin C Wonder Tint SPF50+ Dark Shade 40ml,50ml,£329.00/L,16.45,,
Boots Borehamwood,Makeup & Cosmetics,Face Makeup,Garnier Vitamin C Wonder Tint SPF50+ Medium Shade 40ml,50ml,£329.00/L,16.45,,
Boots Borehamwood,Makeup & Cosmetics,Face Makeup,HNB Cosmetics Soft Focus airbrush concealer sf1.5w 15g,,,17.60,,
Boots Borehamwood,Makeup & Cosmetics,Face Makeup,HNB Cosmetics Soft Focus airbrush concealer sf3w 15g,,,17.60,,
Boots Borehamwood,Makeup & Cosmetics,Face Makeup,HNB Cosmetics Soft Focus airbrush concealer sf4w 15g,,,17.60,,
Boots Borehamwood,Makeup & Cosmetics,Face Makeup,HNB Cosmetics Soft Focus airbrush concealer sf5w 15g,,,17.60,,
Boots Borehamwood,Makeup & Cosmetics,Face Makeup,HNB Cosmetics Soft Focus airbrush concealer sf6.5n 15g,,,17.60,,
Boots Borehamwood,Makeup & Cosmetics,Face Makeup,HNB Cosmetics Soft Focus airbrush concealer sf6w 15g,,,17.60,,
Boots Borehamwood,Makeup & Cosmetics,Face Makeup,Hnb Cosmetics Soft Focus Loose Powder,9g,"£1,650.00/kg",14.85,,
Boots Borehamwood,Makeup & Cosmetics,Face Makeup,Huda Beauty Baby Bake Loose Baking and Setting Powder Banana Bread 6g,6g,"£3,500.00/kg",21.00,,
Boots Borehamwood,Makeup & Cosmetics,Face Makeup,Huda Beauty Baby Bake Loose Baking and Setting Powder Pound Cake 6g,6g,"£3,500.00/kg",21.00,,
Boots Borehamwood,Makeup & Cosmetics,Face Makeup,Huda Beauty Easy Bake Setting Spray Mini - 30ml,30ml,£550.00/L,16.50,,
Boots Borehamwood,Makeup & Cosmetics,Face Makeup,Huda Beauty Mini Easy Blur Silicone-Free Smoothing Primer 10ml,10ml,"£1,650.00/L",16.50,,
Boots Borehamwood,Makeup & Cosmetics,Face Makeup,Kitsch Eco-Friendly Nylon Elastics 20pc Set - Blush,20pk,£0.35 each,6.90,,
Boots Borehamwood,Makeup & Cosmetics,Face Makeup,L'Oreal Paris Brow Artist Plumper 108 Brown 6ml,6g,"£2,008.33/kg",12.05,,
Boots Borehamwood,Makeup & Cosmetics,Face Makeup,L'Oreal Paris Cest Magique bb Cream 05 Medium Dark 39ml,39g,£308.97/kg,12.05,,
Boots Borehamwood,Makeup & Cosmetics,Face Makeup,L'Oreal Paris Foundation True Match Liquid Foundation 1N Ivory With Hyaluronic Acid & SPF 16 30ml,30ml,£438.33/L,13.15,,
Boots Borehamwood,Makeup & Cosmetics,Face Makeup,L'Oreal Paris Glotion 901 Fair Glow 40ml,40ml,£328.75/L,13.15,,
Boots Borehamwood,Makeup & Cosmetics,Face Makeup,L'Oreal Paris Glotion 904 Deep Glow 40ml,40ml,£328.75/L,13.15,,
Boots Borehamwood,Makeup & Cosmetics,Face Makeup,L'Oreal Paris Haute Couleur Khol Eyeliner Noir Silk 1.2g,,,11.45,,
Boots Borehamwood,Makeup & Cosmetics,Face Makeup,L'Oreal Paris Haute Couleur Khol Eyeliner Noir Silk 1.2g,,,6.85,,
Boots Borehamwood,Makeup & Cosmetics,Face Makeup,L'Oreal Paris Infallible 24hr Foundation 110 Rose Vanilla 30ml,30ml,£511.67/L,15.35,,
Boots Borehamwood,Makeup & Cosmetics,Face Makeup,L'Oreal Paris Infallible 24hr Foundation 130 True Beige 30ml,30ml,£511.67/L,15.35,,
Boots Borehamwood,Makeup & Cosmetics,Face Makeup,L'Oreal Paris Infallible 24hr Foundation 140 Golden Beige 30ml,30ml,£511.67/L,15.35,,
Boots Borehamwood,Makeup & Cosmetics,Face Makeup,L'Oreal Paris Infallible 24hr Foundation 20 Ivory 30ml,30ml,£511.67/L,15.35,,
Boots Borehamwood,Makeup & Cosmetics,Face Makeup,L'Oreal Paris Infallible 3 Second Setting Mist,75ml,£152.67/L,11.45,,
Boots Borehamwood,Makeup & Cosmetics,Face Makeup,L'Oreal Paris Infallible Freshwear 32H Foundation 132 30ml,30ml,£511.67/L,15.35,,
Boots Borehamwood,Makeup & Cosmetics,Face Makeup,L'Oreal Paris Infallible Freshwear 32h Foundation 10 30ml,30g,£511.67/kg,15.35,,
Boots Borehamwood,Makeup & Cosmetics,Face Makeup,L'Oreal Paris Infallible Full Wear Concealer 320 Porcelain 28g,28g,£430.36/kg,12.05,,
Boots Borehamwood,Makeup & Cosmetics,Face Makeup,L'Oreal Paris Infallible Full Wear Concealer 322 Ivory 28g,28g,£430.36/kg,12.05,,
Boots Borehamwood,Makeup & Cosmetics,Face Makeup,L'Oreal Paris Infallible Full Wear Concealer 325 Bisque 28g,28g,£430.36/kg,12.05,,
Boots Borehamwood,Makeup & Cosmetics,Face Makeup,L'Oreal Paris Infallible Full Wear Concealer 326 Vanilla 28g,28g,£430.36/kg,12.05,,
Boots Borehamwood,Makeup & Cosmetics,Face Makeup,L'Oreal Paris Infallible Grip Eye Liner Bronze Blaze Expresso 1ml,1ml,"£9,150.00/L",9.15,,
Boots Borehamwood,Makeup & Cosmetics,Face Makeup,L'Oreal Paris Infallible More Than Concealer 328 15ml,15ml,£803.33/L,12.05,,
Boots Borehamwood,Makeup & Cosmetics,Face Makeup,L'Oreal Paris Infallible Setting Powder 120 Vanilla 53g,53g,£289.62/kg,15.35,,
Boots Borehamwood,Makeup & Cosmetics,Face Makeup,L'Oreal Paris Infallible Setting Powder 130 53g,53g,£289.62/kg,15.35,,
Boots Borehamwood,Makeup & Cosmetics,Face Makeup,L'Oreal Paris Infallible Setting Powder 140 Golden Colour 53g,53g,£289.62/kg,15.35,,
Boots Borehamwood,Makeup & Cosmetics,Face Makeup,L'Oreal Paris Infallible Setting Powder 20 53g,53g,£289.62/kg,15.35,,
Boots Borehamwood,Makeup & Cosmetics,Face Makeup,L'Oreal Paris Le Hyaluron Tint Berry Jolie 5ml,5ml,"£2,850.00/L",14.25,,
Boots Borehamwood,Makeup & Cosmetics,Face Makeup,L'Oreal Paris Le Hyaluron Tint Bordeaux 5ml,5ml,"£2,850.00/L",14.25,,
Boots Borehamwood,Makeup & Cosmetics,Face Makeup,L'Oreal Paris Le Hyaluron Tint Le Rouge Paris 5ml,5ml,"£2,850.00/L",14.25,,
Boots Borehamwood,Makeup & Cosmetics,Face Makeup,L'Oreal Paris Lumi Bronzing Stick Soleil Sunset Dore 9g,9g,"£1,461.11/kg",13.15,,
Boots Borehamwood,Makeup & Cosmetics,Face Makeup,L'Oreal Paris Lumi Bronzing Stick Soleil Toaster Sunlight 9g,9g,"£1,461.11/kg",13.15,,
Boots Borehamwood,Makeup & Cosmetics,Face Makeup,L'Oreal Paris Lumi Glotion 40ml - 902 Light Glow,40ml,£328.75/L,13.15,,
Boots Borehamwood,Makeup & Cosmetics,Face Makeup,L'Oreal Paris Lumi Glotion 40ml - 903 Medium Glow,40ml,£328.75/L,13.15,,
Boots Borehamwood,Makeup & Cosmetics,Face Makeup,L'Oreal Paris Lumi Les Glass Sticks,7g,"£1,878.57/kg",13.15,,
Boots Borehamwood,Makeup & Cosmetics,Face Makeup,L'Oreal Paris Lumi Les Liquid Highlighter Sticks Glass Pearl Eclat 7g,7g,"£1,878.57/kg",13.15,,
Boots Borehamwood,Makeup & Cosmetics,Face Makeup,L'Oreal Paris Magic Bb Cream Shade 01 Very Light,30ml,£401.67/L,12.05,,
Boots Borehamwood,Makeup & Cosmetics,Face Makeup,"L'Oreal Paris Nude Tinted Serum, Plumping And Hydrating, 1% Hyaluronic Acid, Shade 1-2 Rosy Light",30ml,£548.33/L,16.45,,
Boots Borehamwood,Makeup & Cosmetics,Face Makeup,"L'Oreal Paris Setting Spray XL, Infallible Setting Mist, Up To 36hr Wear, 150ml",150ml,£109.67/L,16.45,,
Boots Borehamwood,Makeup & Cosmetics,Face Makeup,L'Oreal Paris Signature Matte Eyeliner 01 Ink 11g,11g,"£1,040.91/kg",11.45,,
Boots Borehamwood,Makeup & Cosmetics,Face Makeup,L'Oreal Paris True Match Blush 120 5.5g,5g,"£2,060.00/kg",10.30,,
Boots Borehamwood,Makeup & Cosmetics,Face Makeup,L'Oreal Paris True Match Blush 145 5.5g,5g,"£2,060.00/kg",10.30,,
Boots Borehamwood,Makeup & Cosmetics,Face Makeup,L'Oreal Paris True Match Concealer Serum 0.5D 11ml,11ml,"£1,095.45/L",12.05,,
Boots Borehamwood,Makeup & Cosmetics,Face Makeup,L'Oreal Paris True Match Concealer Serum 11ml - 1N,11ml,"£1,095.45/L",12.05,,
Boots Borehamwood,Makeup & Cosmetics,Face Makeup,L'Oreal Paris True Match Concealer Serum 11ml - 2R,11ml,"£1,095.45/L",12.05,,
Boots Borehamwood,Makeup & Cosmetics,Face Makeup,L'Oreal Paris True Match Concealer Serum 11ml - 4N,11ml,"£1,095.45/L",12.05,,
Boots Borehamwood,Makeup & Cosmetics,Face Makeup,L'Oreal Paris True Match Concealer Serum 1R 11ml,11ml,"£1,095.45/L",12.05,,
Boots Borehamwood,Makeup & Cosmetics,Face Makeup,L'Oreal Paris True Match Concealer Serum 3R 11ml,11ml,"£1,095.45/L",12.05,,
Boots Borehamwood,Makeup & Cosmetics,Face Makeup,L'Oreal Paris True Match Foundation 0.5N 30ml,30ml,£438.33/L,13.15,,
Boots Borehamwood,Makeup & Cosmetics,Face Makeup,L'Oreal Paris True Match Foundation 0d/w 11ml,11ml,"£1,195.45/L",13.15,,
Boots Borehamwood,Makeup & Cosmetics,Face Makeup,L'Oreal Paris True Match Foundation 1.5d/w 11ml,11ml,"£1,195.45/L",13.15,,
Boots Borehamwood,Makeup & Cosmetics,Face Makeup,L'Oreal Paris True Match Foundation 1C 30ml,30ml,£438.33/L,13.15,,
Boots Borehamwood,Makeup & Cosmetics,Face Makeup,L'Oreal Paris True Match Foundation 2C 30ml,30ml,£438.33/L,13.15,,
Boots Borehamwood,Makeup & Cosmetics,Face Makeup,L'Oreal Paris True Match Foundation 2N 30ml,30ml,£438.33/L,13.15,,
Boots Borehamwood,Makeup & Cosmetics,Face Makeup,L'Oreal Paris True Match Foundation 2W 30ml,30ml,£438.33/L,13.15,,
Boots Borehamwood,Makeup & Cosmetics,Face Makeup,L'Oreal Paris True Match Foundation 3C 30ml,30ml,£438.33/L,13.15,,
Boots Borehamwood,Makeup & Cosmetics,Face Makeup,L'Oreal Paris True Match Foundation 3N 30ml,30ml,£438.33/L,13.15,,
Boots Borehamwood,Makeup & Cosmetics,Face Makeup,L'Oreal Paris True Match Foundation 3W 30ml,30ml,£438.33/L,13.15,,
Boots Borehamwood,Makeup & Cosmetics,Face Makeup,L'Oreal Paris True Match Foundation 4.4d/w 11ml,11ml,"£1,195.45/L",13.15,,
Boots Borehamwood,Makeup & Cosmetics,Face Makeup,L'Oreal Paris True Match Foundation 4.5N 30ml,30ml,£438.33/L,13.15,,
Boots Borehamwood,Makeup & Cosmetics,Face Makeup,L'Oreal Paris True Match Foundation 4N 30ml,30ml,£438.33/L,13.15,,
Boots Borehamwood,Makeup & Cosmetics,Face Makeup,L'Oreal Paris True Match Foundation 5N 30ml,30ml,£438.33/L,13.15,,
Boots Borehamwood,Makeup & Cosmetics,Face Makeup,L'Oreal Paris True Match Foundation 6N 30ml,30ml,£438.33/L,13.15,,
Boots Borehamwood,Makeup & Cosmetics,Face Makeup,"L'Oreal Paris True Match Nude Plumping Tinted Skin Serum, 1% Hyaluronic Acid",30ml,£548.33/L,16.45,,
Boots Borehamwood,Makeup & Cosmetics,Face Makeup,L'Oreal Paris True Match Powder 1C,9g,"£1,272.22/kg",11.45,,
Boots Borehamwood,Makeup & Cosmetics,Face Makeup,L'Oreal Paris True Match Powder 3W,9g,"£1,272.22/kg",11.45,,
Boots Borehamwood,Makeup & Cosmetics,Face Makeup,L'Oreal Paris True Match Powder 4N,9g,"£1,272.22/kg",11.45,,
Boots Borehamwood,Makeup & Cosmetics,Face Makeup,L'Oreal Paris True Match Tinted Serum 0.5-2 30ml,30ml,£548.33/L,16.45,,
Boots Borehamwood,Makeup & Cosmetics,Face Makeup,L'Oreal Paris True Match Tinted Serum 3-4 30ml,30ml,£548.33/L,16.45,,
Boots Borehamwood,Makeup & Cosmetics,Face Makeup,L'Oreal Paris True Match Tinted Serum 4-5 30ml,30ml,£548.33/L,16.45,,
Boots Borehamwood,Makeup & Cosmetics,Face Makeup,L'Oreeal Paris Infallible 24hr Foundation 200 Natural Linen 30ml,30ml,£475.00/L,14.25,,
Boots Borehamwood,Makeup & Cosmetics,Face Makeup,Laneige Water Bank Blue Hyaluronic Gel Moisturiser 50ml,50g,£703.00/kg,35.15,,
Boots Borehamwood,Makeup & Cosmetics,Face Makeup,Liz Earle Eyebright Lotion 50ml,50g,£138.00/kg,6.90,,
Boots Borehamwood,Makeup & Cosmetics,Face Makeup,Made By Mitchell Curve Case Cream Blusher Palette Medium,,,31.50,,
Boots Borehamwood,Makeup & Cosmetics,Face Makeup,Made By Mitchell Curve Caselight Cream Blusher Palette,,,31.50,,
Boots Borehamwood,Makeup & Cosmetics,Face Makeup,Made By Mitchell shine slime body glow body shimmer mermaid scales 100ml,,,17.60,,
Boots Borehamwood,Makeup & Cosmetics,Face Makeup,Made by Mitchell Curve Case Blusher Lighter Palette,,,31.50,,
Boots Borehamwood,Makeup & Cosmetics,Face Makeup,Make It Last Setting Spray Prime + Correct + Set 60ml,60ml,£275.00/L,16.50,,
Boots Borehamwood,Makeup & Cosmetics,Face Makeup,Max Factor 2000 Calorie Long Lash Era Mascara Black 7.8ml,8ml,"£1,506.25/L",12.05,,
Boots Borehamwood,Makeup & Cosmetics,Face Makeup,Max Factor 2000 Calorie Long Lash Era Mascara Black Brown 7.8ml,8ml,"£1,506.25/L",12.05,,
Boots Borehamwood,Makeup & Cosmetics,Face Makeup,Max Factor 2000 Calorie Mascara Black 9ml,9ml,"£1,272.22/L",11.45,,
Boots Borehamwood,Makeup & Cosmetics,Face Makeup,Max Factor 2000 Calorie Mascara Black Brown 9ml,9ml,"£1,272.22/L",11.45,,
Boots Borehamwood,Makeup & Cosmetics,Face Makeup,Max Factor All Day Flawless Foundation Beige 55 30ml,30ml,£511.67/L,15.35,,
Boots Borehamwood,Makeup & Cosmetics,Face Makeup,Max Factor All Day Flawless Foundation Bronze 80 30ml,30ml,£511.67/L,15.35,,
Boots Borehamwood,Makeup & Cosmetics,Face Makeup,Max Factor All Day Flawless Foundation Golden 75 30ml,30ml,£511.67/L,15.35,,
Boots Borehamwood,Makeup & Cosmetics,Face Makeup,Max Factor All Day Flawless Foundation Light Ivory 40 30ml,30ml,£511.67/L,15.35,,
Boots Borehamwood,Makeup & Cosmetics,Face Makeup,Max Factor All Day Flawless Foundation Natural Rose 50 30ml,30ml,£511.67/L,15.35,,
Boots Borehamwood,Makeup & Cosmetics,Face Makeup,Max Factor All Day Flawless Foundation Warm Almond 45 30ml,30ml,£511.67/L,15.35,,
Boots Borehamwood,Makeup & Cosmetics,Face Makeup,Max Factor All Day Flawless Foundation Warm Beige 62 30ml,30ml,£511.67/L,15.35,,
Boots Borehamwood,Makeup & Cosmetics,Face Makeup,Max Factor All Day Flawless Foundation Warm Sand 70 30ml,30g,£511.67/kg,15.35,,
Boots Borehamwood,Makeup & Cosmetics,Face Makeup,Max Factor Creme Puff Blush Alluring Rose 25 1.5g,,,11.45,,
Boots Borehamwood,Makeup & Cosmetics,Face Makeup,Max Factor Creme Puff Blush Nude Mauve Pink 10 1.5g,,,11.45,,
Boots Borehamwood,Makeup & Cosmetics,Face Makeup,Max Factor Creme Puff Powder Candle Glow 14g.,14g,£817.86/kg,11.45,,
Boots Borehamwood,Makeup & Cosmetics,Face Makeup,Max Factor Creme Puff Powder Medium Beige 14g,14g,£817.86/kg,11.45,,
Boots Borehamwood,Makeup & Cosmetics,Face Makeup,Max Factor Creme Puff Powder Nouveau Beige 14g,14g,£817.86/kg,11.45,,
Boots Borehamwood,Makeup & Cosmetics,Face Makeup,Max Factor Creme Puff Powder Tempting Touch 14g,14g,£817.86/kg,11.45,,
Boots Borehamwood,Makeup & Cosmetics,Face Makeup,Max Factor Creme Puff Powder Translucent 14g,14g,£817.86/kg,11.45,,
Boots Borehamwood,Makeup & Cosmetics,Face Makeup,Max Factor Creme Puff Powder Truly Fair 14g,14g,£817.86/kg,11.45,,
Boots Borehamwood,Makeup & Cosmetics,Face Makeup,Max Factor Facefinity Blush Lovely Pink 5 1.5g,,,11.45,,
Boots Borehamwood,Makeup & Cosmetics,Face Makeup,Max Factor Facefinity Matte Bronzer,10g,"£1,145.00/kg",11.45,,
Boots Borehamwood,Makeup & Cosmetics,Face Makeup,Max Factor Facefinity Matte Bronzer 002 Warm Tan 10g,10g,"£1,145.00/kg",11.45,,
Boots Borehamwood,Makeup & Cosmetics,Face Makeup,Max Factor Facefinity Pro Blur Longwear Setting Powder,11g,"£1,095.45/kg",12.05,,
Boots Borehamwood,Makeup & Cosmetics,Face Makeup,Max Factor Facefinity Refillable Compact Foundation Ivory 002 10g,10g,"£1,535.00/kg",15.35,,
Boots Borehamwood,Makeup & Cosmetics,Face Makeup,Max Factor Facefinity Refillable Compact Foundation Natural Rose 003 10g,10g,"£1,535.00/kg",15.35,,
Boots Borehamwood,Makeup & Cosmetics,Face Makeup,Max Factor Facefinity Refillable Compact Foundation Porcelain 001 10g,10g,"£1,535.00/kg",15.35,,
Boots Borehamwood,Makeup & Cosmetics,Face Makeup,Max Factor Facefinity Refillable Compact Foundation Sand 005 10g,10g,"£1,535.00/kg",15.35,,
Boots Borehamwood,Makeup & Cosmetics,Face Makeup,Max Factor Miracle Pure Skin Reset 2 in 1 Serum Foundation Fair to Light 30 to 40 30ml,30ml,£585.00/L,17.55,,
Boots Borehamwood,Makeup & Cosmetics,Face Makeup,Max Factor Miracle Pure Skin Reset 2 in 1 Serum Foundation Light 40 to 60 30ml,30ml,£585.00/L,17.55,,
Boots Borehamwood,Makeup & Cosmetics,Face Makeup,Max Factor Miracle Pure Skin Reset 2 in 1 Serum Foundation Light to Medium 60 to 80 30ml,30g,£585.00/kg,17.55,,
Boots Borehamwood,Makeup & Cosmetics,Face Makeup,Maybelline 4 in 1 Instant Perfector Glow Light 30ml,30ml,£475.00/L,14.25,,
Boots Borehamwood,Makeup & Cosmetics,Face Makeup,Maybelline Eraser Eye Concealer 00 Ivory 6.8ml,7ml,"£1,635.71/L",11.45,,
Boots Borehamwood,Makeup & Cosmetics,Face Makeup,Maybelline Eraser Eye Concealer Light 6.8ml,7ml,"£1,635.71/L",11.45,,
Boots Borehamwood,Makeup & Cosmetics,Face Makeup,Maybelline Fit Me Concealer 05 Ivory 6.8ml,7ml,"£1,142.86/L",8.00,,
Boots Borehamwood,Makeup & Cosmetics,Face Makeup,Maybelline Fit Me Concealer 10 Light 6.8ml,7ml,"£1,142.86/L",8.00,,
Boots Borehamwood,Makeup & Cosmetics,Face Makeup,Maybelline Fit Me Concealer 40 Caramel 6.8ml,7ml,"£1,142.86/L",8.00,,
Boots Borehamwood,Makeup & Cosmetics,Face Makeup,Maybelline Fit Me Concealer Medium 25 6.8ml,7ml,"£1,142.86/L",8.00,,
Boots Borehamwood,Makeup & Cosmetics,Face Makeup,Maybelline Fit Me Concealer Sand 20 6.8ml,7ml,"£1,142.86/L",8.00,,
Boots Borehamwood,Makeup & Cosmetics,Face Makeup,Maybelline Fit Me Loose Powder 01 15g,15g,£763.33/kg,11.45,,
Boots Borehamwood,Makeup & Cosmetics,Face Makeup,Maybelline Fit Me Matte & Poreless Oil Control Setting Powder,9g,"£1,016.67/kg",9.15,,
Boots Borehamwood,Makeup & Cosmetics,Face Makeup,Maybelline Fit Me Matte And Poreless Ivory 115 30ml,30ml,£381.67/L,11.45,,
Boots Borehamwood,Makeup & Cosmetics,Face Makeup,Maybelline Fit Me Matte And Poreless Natural Beige 220 30ml,30ml,£381.67/L,11.45,,
Boots Borehamwood,Makeup & Cosmetics,Face Makeup,Maybelline Fit Me Matte And Poreless Natural Ivory 105 30ml,30ml,£381.67/L,11.45,,
Boots Borehamwood,Makeup & Cosmetics,Face Makeup,Maybelline Fit Me Matte Poreless 128 Warm Nude 30ml,30ml,£381.67/L,11.45,,
Boots Borehamwood,Makeup & Cosmetics,Face Makeup,Maybelline Fit Me Matte and Poreless Concealer 03 Porcelain 16g,16g,£500.00/kg,8.00,,
Boots Borehamwood,Makeup & Cosmetics,Face Makeup,Maybelline Fit Me Matte and Poreless Foundation Soft Beige 42g,42g,£272.62/kg,11.45,,
Boots Borehamwood,Makeup & Cosmetics,Face Makeup,Maybelline Grippy Mist Setting Spray,100ml,£142.50/L,14.25,,
Boots Borehamwood,Makeup & Cosmetics,Face Makeup,Maybelline Grippy Serum Makeup Primer 30ml,30ml,£438.33/L,13.15,,
Boots Borehamwood,Makeup & Cosmetics,Face Makeup,Maybelline Instant Anti Age Perfector 4-In-1 Glow Primer Fair Light 21ml,21ml,£678.57/L,14.25,,
Boots Borehamwood,Makeup & Cosmetics,Face Makeup,Maybelline Instant Anti Age Perfector 4-In-1 Glow Primer Light Medium 21ml,21ml,£678.57/L,14.25,,
Boots Borehamwood,Makeup & Cosmetics,Face Makeup,Maybelline Instant Eraser Eye Concealer,7ml,"£1,635.71/L",11.45,,
Boots Borehamwood,Makeup & Cosmetics,Face Makeup,Maybelline Instant Eraser Eye Concealer 115 Warm Light 26g,26g,£440.38/kg,11.45,,
Boots Borehamwood,Makeup & Cosmetics,Face Makeup,Maybelline Jelly Poreless Makeup Primer 30ml,30ml,£381.67/L,11.45,,
Boots Borehamwood,Makeup & Cosmetics,Face Makeup,Maybelline Lasting Fix Matte Finish Makeup Setting Spray,130g,£92.69/kg,12.05,,
Boots Borehamwood,Makeup & Cosmetics,Face Makeup,Maybelline Lifter Concealer 25 11ml,11ml,"£1,040.91/L",11.45,,
Boots Borehamwood,Makeup & Cosmetics,Face Makeup,Maybelline Lifter Concealer 30 11ml,11ml,"£1,040.91/L",11.45,,
Boots Borehamwood,Makeup & Cosmetics,Face Makeup,Maybelline Lifter Concealer 5 11ml,11ml,"£1,040.91/L",11.45,,
Boots Borehamwood,Makeup & Cosmetics,Face Makeup,Maybelline New York Lifter Liner 009 Peaking 1.2ml,,,8.00,,
Boots Borehamwood,Makeup & Cosmetics,Face Makeup,Maybelline New York Lifter Plump & Glow Foundation 110 30ml,30ml,£401.67/L,12.05,,
Boots Borehamwood,Makeup & Cosmetics,Face Makeup,Maybelline New York Lifter Plump & Glow Foundation 114 30ml,30ml,£401.67/L,12.05,,
Boots Borehamwood,Makeup & Cosmetics,Face Makeup,Maybelline New York Lifter Plump & Glow Foundation 119 30ml,30ml,£401.67/L,12.05,,
Boots Borehamwood,Makeup & Cosmetics,Face Makeup,Maybelline New York Lifter Plump & Glow Foundation 129 30ml,30ml,£401.67/L,12.05,,
Boots Borehamwood,Makeup & Cosmetics,Face Makeup,Maybelline New York Lifter Plump & Glow Foundation 220 30ml,30ml,£401.67/L,12.05,,
Boots Borehamwood,Makeup & Cosmetics,Face Makeup,Maybelline New York Lifter Plump and Glow Foundation 102 30ml,30ml,£401.67/L,12.05,,
Boots Borehamwood,Makeup & Cosmetics,Face Makeup,Maybelline New York Slip on Lipstick Matte 001 Crop Top 4.4g,,,10.30,,
Boots Borehamwood,Makeup & Cosmetics,Face Makeup,Maybelline New York Slip on Lipstick Matte 005 Take The 1 4.4g,,,10.30,,
Boots Borehamwood,Makeup & Cosmetics,Face Makeup,Maybelline New York Slip on Lipstick Satin 106 Maybe Its Soft 4.4g,,,10.30,,
Boots Borehamwood,Makeup & Cosmetics,Face Makeup,Maybelline New York Slip on Lipstick Satin 108 Fit Check 4.4g,,,10.30,,
Boots Borehamwood,Makeup & Cosmetics,Face Makeup,Maybelline New York Super Stay Lumi Matte Foundation 115 41 g,41g,£347.56/kg,14.25,,
Boots Borehamwood,Makeup & Cosmetics,Face Makeup,Maybelline New York Super Stay Lumi Matte Foundation 119 41g,41g,£347.56/kg,14.25,,
Boots Borehamwood,Makeup & Cosmetics,Face Makeup,Maybelline New York Super Stay Lumi Matte Foundation 140 41g,41g,£347.56/kg,14.25,,
Boots Borehamwood,Makeup & Cosmetics,Face Makeup,Maybelline New York Super Stay Lumi Matte Foundation 327 41g,41g,£347.56/kg,14.25,,
Boots Borehamwood,Makeup & Cosmetics,Face Makeup,Maybelline New York Super Stay Lumi Matte Foundation 90 41 g,41g,£347.56/kg,14.25,,
Boots Borehamwood,Makeup & Cosmetics,Face Makeup,Maybelline New York Super Stay Lumi Matte Foundation 98 41 g,41g,£347.56/kg,14.25,,
Boots Borehamwood,Makeup & Cosmetics,Face Makeup,Maybelline Powder Fit Me Matporeless 105 Natural Ivory 9g,9g,"£1,016.67/kg",9.15,,
Boots Borehamwood,Makeup & Cosmetics,Face Makeup,Maybelline Powder Fit Me Matporeless 120 Classic Ivory 9g,9g,"£1,016.67/kg",9.15,,
Boots Borehamwood,Makeup & Cosmetics,Face Makeup,Maybelline Powder Fit Me Matporelesss 090 Translucent 9g,9g,"£1,016.67/kg",9.15,,
Boots Borehamwood,Makeup & Cosmetics,Face Makeup,Maybelline Super Stay up to 24H Skin Tint Foundation + Vitamin C 30ml - 06,30ml,£511.67/L,15.35,,
Boots Borehamwood,Makeup & Cosmetics,Face Makeup,Maybelline Superstay Glow Tint 03 30ml,30ml,£511.67/L,15.35,,
Boots Borehamwood,Makeup & Cosmetics,Face Makeup,Maybelline Superstay Glow Tint 05 30ml,30ml,£511.67/L,15.35,,
Boots Borehamwood,Makeup & Cosmetics,Face Makeup,Maybelline Superstay Glow Tint 36 30ml,30ml,£511.67/L,15.35,,
Boots Borehamwood,Makeup & Cosmetics,Face Makeup,Maybelline Superstay Glow Tint 40 30ml,30ml,£511.67/L,15.35,,
Boots Borehamwood,Makeup & Cosmetics,Face Makeup,Maybelline Superstay Glow Tint 48 30ml,30ml,£511.67/L,15.35,,
Boots Borehamwood,Makeup & Cosmetics,Face Makeup,Milk Makeup Mini Hydro Grip Setting Spray 50ml,50ml,£420.00/L,21.00,,
Boots Borehamwood,Makeup & Cosmetics,Face Makeup,NO7 Beautifully Matte Foundation Cream Cool Beige 28ml,28ml,£585.71/L,16.40,,
Boots Borehamwood,Makeup & Cosmetics,Face Makeup,NO7 Beautifully Matte Foundation Cream Cool Ivory 28ml,28ml,£585.71/L,16.40,,
Boots Borehamwood,Makeup & Cosmetics,Face Makeup,NO7 Beautifully Matte Foundation Cream Cool Vanilla 28ml,28ml,£585.71/L,16.40,,
Boots Borehamwood,Makeup & Cosmetics,Face Makeup,NO7 Beautifully Matte Foundation Cream Porcelain 28ml,28ml,£585.71/L,16.40,,
Boots Borehamwood,Makeup & Cosmetics,Face Makeup,NO7 Beautifully Matte Foundation Cream Warm Beige 28ml,28ml,£585.71/L,16.40,,
Boots Borehamwood,Makeup & Cosmetics,Face Makeup,NO7 Beautifully Matte Foundation Cream Warm Ivory 28ml,28ml,£585.71/L,16.40,,
Boots Borehamwood,Makeup & Cosmetics,Face Makeup,NO7 Essentially Natural Foundation Calico 40ml,40ml,£355.00/L,14.20,,
Boots Borehamwood,Makeup & Cosmetics,Face Makeup,NO7 Essentially Natural Foundation Cool Beige 40ml,40ml,£355.00/L,14.20,,
Boots Borehamwood,Makeup & Cosmetics,Face Makeup,NO7 Essentially Natural Foundation Cool Ivory 40ml,40ml,£355.00/L,14.20,,
Boots Borehamwood,Makeup & Cosmetics,Face Makeup,NO7 Essentially Natural Foundation Cool Vanilla 40ml,40ml,£355.00/L,14.20,,
Boots Borehamwood,Makeup & Cosmetics,Face Makeup,NO7 Essentially Natural Foundation Warm Ivory 40ml,40ml,£355.00/L,14.20,,
Boots Borehamwood,Makeup & Cosmetics,Face Makeup,NO7 Eyeshadow Palette Matte Nudes 11.2g,11g,"£1,490.91/kg",16.40,,
Boots Borehamwood,Makeup & Cosmetics,Face Makeup,NO7 Flawless Finishing Loose Powder Fair 20g,20g,£655.00/kg,13.10,,
Boots Borehamwood,Makeup & Cosmetics,Face Makeup,NO7 Flawless Finishing Loose Powder Medium 20g,20g,£655.00/kg,13.10,,
Boots Borehamwood,Makeup & Cosmetics,Face Makeup,NO7 Hydraluminous Dark Circle Concealer 1 3.9ml,,,16.40,,
Boots Borehamwood,Makeup & Cosmetics,Face Makeup,NO7 Hydraluminous Dark Circle Concealer 1.5 3.9ml,,,16.40,,
Boots Borehamwood,Makeup & Cosmetics,Face Makeup,NO7 Hydraluminous Dark Circle Concealer 2 3.9ml,,,16.40,,
Boots Borehamwood,Makeup & Cosmetics,Face Makeup,NO7 Hydraluminous Dark Circle Concealer 2.5 3.9ml,,,16.40,,
Boots Borehamwood,Makeup & Cosmetics,Face Makeup,NO7 Hydraluminous Dark Circle Concealer 3 3.9ml,,,16.40,,
Boots Borehamwood,Makeup & Cosmetics,Face Makeup,NO7 Hydraluminous Moisturising Foundation Cream Calico 30ml,30ml,£620.00/L,18.60,,
Boots Borehamwood,Makeup & Cosmetics,Face Makeup,NO7 Hydraluminous Moisturising Foundation Cream Cool Ivory 30ml,30ml,£620.00/L,18.60,,
Boots Borehamwood,Makeup & Cosmetics,Face Makeup,NO7 Hydraluminous Moisturising Foundation Cream Cool Vanilla 30ml,30ml,£620.00/L,18.60,,
Boots Borehamwood,Makeup & Cosmetics,Face Makeup,NO7 Hydraluminous Moisturising Foundation Cream Deeply Beige 30ml,30ml,£620.00/L,18.60,,
Boots Borehamwood,Makeup & Cosmetics,Face Makeup,NO7 Hydraluminous Moisturising Foundation Cream Honey 30ml,30ml,£620.00/L,18.60,,
Boots Borehamwood,Makeup & Cosmetics,Face Makeup,NO7 Hydraluminous Moisturising Foundation Cream Porcelain 30ml,30ml,£620.00/L,18.60,,
Boots Borehamwood,Makeup & Cosmetics,Face Makeup,NO7 Hydraluminous Moisturising Foundation Cream Wheat 30ml,30ml,£620.00/L,18.60,,
Boots Borehamwood,Makeup & Cosmetics,Face Makeup,NO7 Matte Powder Blusher Apricot Blossom 3g,,,13.10,,
Boots Borehamwood,Makeup & Cosmetics,Face Makeup,NO7 Matte Powder Blusher Damson Mist 3g,,,13.10,,
Boots Borehamwood,Makeup & Cosmetics,Face Makeup,NO7 Matte Powder Blusher Peony Mist 3g,,,13.10,,
Boots Borehamwood,Makeup & Cosmetics,Face Makeup,NO7 Matte Powder Blusher Pomegranate 3g,,,13.10,,
Boots Borehamwood,Makeup & Cosmetics,Face Makeup,NO7 Matte Powder Bronzer Golden Sand 10g,10g,"£1,420.00/kg",14.20,,
Boots Borehamwood,Makeup & Cosmetics,Face Makeup,NO7 Pro-Artist Bronze & Glow Multipurpose Stick Light Medium Bronze/rose Gold,,,16.40,,
Boots Borehamwood,Makeup & Cosmetics,Face Makeup,NO7 Pro-Artist Colour & Glow Multipurpose Stick Soft Nude/pink,,,16.40,,
Boots Borehamwood,Makeup & Cosmetics,Face Makeup,NO7 Pro-Artist Matte Liquid Blush Coral 6.1ml,6ml,"£2,733.33/L",16.40,,
Boots Borehamwood,Makeup & Cosmetics,Face Makeup,NO7 Radiance+ Brightening Foundation Calico 30ml,30ml,£620.00/L,18.60,,
Boots Borehamwood,Makeup & Cosmetics,Face Makeup,NO7 Radiance+ Brightening Foundation Warm Beige 30ml,30ml,£620.00/L,18.60,,
Boots Borehamwood,Makeup & Cosmetics,Face Makeup,NO7 Radiance+ Brightening Foundation Warm Ivory 30ml,30ml,£620.00/L,18.60,,
Boots Borehamwood,Makeup & Cosmetics,Face Makeup,NO7 Stay Perfect Foundation Birch 630C 30ml,30ml,£620.00/L,18.60,,
Boots Borehamwood,Makeup & Cosmetics,Face Makeup,NO7 Stay Perfect Foundation Cashew 510W 30ml,30ml,£620.00/L,18.60,,
Boots Borehamwood,Makeup & Cosmetics,Face Makeup,NO7 Stay Perfect Foundation Creme 670N 30ml,30ml,£620.00/L,18.60,,
Boots Borehamwood,Makeup & Cosmetics,Face Makeup,NO7 Stay Perfect Foundation Deeply Beige 30ml,30ml,£620.00/L,18.60,,
Boots Borehamwood,Makeup & Cosmetics,Face Makeup,NO7 Stay Perfect Foundation Honey 30ml,30ml,£620.00/L,18.60,,
Boots Borehamwood,Makeup & Cosmetics,Face Makeup,NO7 Stay Perfect Foundation Macadamia 600W 30ml,30ml,£620.00/L,18.60,,
Boots Borehamwood,Makeup & Cosmetics,Face Makeup,NO7 Stay Perfect Foundation Sand 470N 30ml,30ml,£620.00/L,18.60,,
Boots Borehamwood,Makeup & Cosmetics,Face Makeup,NO7 Stay Perfect Foundation Sandalwood 470C 30ml,30ml,£620.00/L,18.60,,
Boots Borehamwood,Makeup & Cosmetics,Face Makeup,NO7 Stay Perfect Foundation Shell 650N 30ml,30ml,£620.00/L,18.60,,
Boots Borehamwood,Makeup & Cosmetics,Face Makeup,NYX Professional Makeup Buttermelt Blush My Butta Half 01 5g,5g,"£2,290.00/kg",11.45,,
Boots Borehamwood,Makeup & Cosmetics,Face Makeup,NYX Professional Makeup Buttermelt Bronzer Butta Match 5g,5g,"£2,290.00/kg",11.45,,
Boots Borehamwood,Makeup & Cosmetics,Face Makeup,NYX Professional Makeup Buttermelt Bronzer Butta'd Down 5g,5g,"£2,290.00/kg",11.45,,
Boots Borehamwood,Makeup & Cosmetics,Face Makeup,NYX Professional Makeup Fat Oil Lip Drip Missed Call 4.8ml,,,9.15,,
Boots Borehamwood,Makeup & Cosmetics,Face Makeup,NYX Professional Makeup Fat Oil Slick Click in a Mood 2g,,,11.45,,
Boots Borehamwood,Makeup & Cosmetics,Face Makeup,NYX Professional Makeup Setting Spray Mini Matte 18ml,18g,£286.11/kg,5.15,,
Boots Borehamwood,Makeup & Cosmetics,Face Makeup,NYX Professional Makeup Slim Lip Pencil Mauve 1g,,,4.60,,
Boots Borehamwood,Makeup & Cosmetics,Face Makeup,NYX Professional Makeup Slim Lip Pencil Peekaboo Neutral 1g,,,4.60,,
Boots Borehamwood,Makeup & Cosmetics,Face Makeup,NYX Professional Makeup Ultimate Shadow Palette Vintage Jean Baby,,,17.55,,
Boots Borehamwood,Makeup & Cosmetics,Face Makeup,NYX Professional Makeup Vivid Matte Liquid Liners Black 2.5ml,,,9.15,,
Boots Borehamwood,Makeup & Cosmetics,Face Makeup,NYX Professional Makeup Wonder Stick Dual Face Lift Fair 8ml,8g,"£1,512.50/kg",12.10,,
Boots Borehamwood,Makeup & Cosmetics,Face Makeup,NYX Professional Makeup Wonder Stick Dual Face Lift Light Medium 8ml,8g,"£1,512.50/kg",12.10,,
Boots Borehamwood,Makeup & Cosmetics,Face Makeup,NYX Professional Makeup buttermelt glaze liquid highlighter tint SPF 30 chai butta 30ml,30ml,£511.67/L,15.35,,
Boots Borehamwood,Makeup & Cosmetics,Face Makeup,NYX Professional Makeup buttermelt liquid highlighter glaze tint SPF 30 almond butta 30ml,30ml,£511.67/L,15.35,,
Boots Borehamwood,Makeup & Cosmetics,Face Makeup,No7 Airbrush Away Finishing Powder Translucent 10g,10g,"£1,530.00/kg",15.30,,
Boots Borehamwood,Makeup & Cosmetics,Face Makeup,No7 Airbrush Away Pore Minimising Primer 30ml,30ml,£656.67/L,19.70,,
Boots Borehamwood,Makeup & Cosmetics,Face Makeup,No7 Airbrush Away Primer 30ml,30ml,£656.67/L,19.70,,
Boots Borehamwood,Makeup & Cosmetics,Face Makeup,No7 Airbrush Away Radiance Boosting Primer 30ml,30ml,£656.67/L,19.70,,
Boots Borehamwood,Makeup & Cosmetics,Face Makeup,No7 Beautiful Skin Bb Cream Fair 40Ml,40ml,£438.75/L,17.55,,
Boots Borehamwood,Makeup & Cosmetics,Face Makeup,No7 Beautifully Matte Foundation Cream Deeply Beige 28Ml,28ml,£585.71/L,16.40,,
Boots Borehamwood,Makeup & Cosmetics,Face Makeup,No7 Beautifully Matte Foundation Cream Latte 28Ml,28ml,£585.71/L,16.40,,
Boots Borehamwood,Makeup & Cosmetics,Face Makeup,No7 Beautifully Matte Foundation Cream Willow 28Ml,28ml,£585.71/L,16.40,,
Boots Borehamwood,Makeup & Cosmetics,Face Makeup,No7 Flawless Finishing Loose Powder,20g,£655.00/kg,13.10,,
Boots Borehamwood,Makeup & Cosmetics,Face Makeup,No7 Flawless Finishing Pressed Powder,10g,"£1,640.00/kg",16.40,,
Boots Borehamwood,Makeup & Cosmetics,Face Makeup,No7 Flawless Finishing Pressed Powder - Fair,10g,"£1,640.00/kg",16.40,,
Boots Borehamwood,Makeup & Cosmetics,Face Makeup,No7 Flawless Finishing Pressed Powder - Medium,10g,"£1,640.00/kg",16.40,,
Boots Borehamwood,Makeup & Cosmetics,Face Makeup,No7 Flawless Finishing Pressed Powder Translucent 10g,10g,"£1,640.00/kg",16.40,,
Boots Borehamwood,Makeup & Cosmetics,Face Makeup,No7 Hydraluminous Ceramide Pressed Powder Hl2 9g,9g,"£1,700.00/kg",15.30,,
Boots Borehamwood,Makeup & Cosmetics,Face Makeup,No7 Hydraluminous Moisturising Foundation Warm Beige,30ml,£620.00/L,18.60,,
Boots Borehamwood,Makeup & Cosmetics,Face Makeup,No7 Hydraluminous+ Primer 30Ml,30ml,£656.67/L,19.70,,
Boots Borehamwood,Makeup & Cosmetics,Face Makeup,No7 Illuminating Pressed Highlighting Powder Champagne Glow 9G,9g,"£1,822.22/kg",16.40,,
Boots Borehamwood,Makeup & Cosmetics,Face Makeup,No7 Illuminating Pressed Highlighting Powder Golden Glow 9G,9g,"£1,822.22/kg",16.40,,
Boots Borehamwood,Makeup & Cosmetics,Face Makeup,No7 Instant Illusions Airbrush Away Primer 30ml,30ml,£656.67/L,19.70,,
Boots Borehamwood,Makeup & Cosmetics,Face Makeup,No7 Intelligent Colour Foundation 40ml,40ml,£492.50/L,19.70,,
Boots Borehamwood,Makeup & Cosmetics,Face Makeup,No7 Intelligent Colour Foundation Fair Light 40ml,40g,£492.50/kg,19.70,,
Boots Borehamwood,Makeup & Cosmetics,Face Makeup,No7 Intelligent Colour Foundation Light 40ml,40g,£492.50/kg,19.70,,
Boots Borehamwood,Makeup & Cosmetics,Face Makeup,No7 Intelligent Colour Foundation Medium 40ml,40ml,£492.50/L,19.70,,
Boots Borehamwood,Makeup & Cosmetics,Face Makeup,No7 L&L Triple Action Serum Foundation Deeply Honey 370W,30ml,£733.33/L,22.00,,
Boots Borehamwood,Makeup & Cosmetics,Face Makeup,No7 L&L Triple Action Serum Foundation Porcelain 630N,30ml,£733.33/L,22.00,,
Boots Borehamwood,Makeup & Cosmetics,Face Makeup,No7 Lift & Luminate Serum Concealer Deep Medium,8ml,"£2,325.00/L",18.60,,
Boots Borehamwood,Makeup & Cosmetics,Face Makeup,No7 Lift & Luminate Serum Concealer Rich,8ml,"£2,325.00/L",18.60,,
Boots Borehamwood,Makeup & Cosmetics,Face Makeup,No7 Lift & Luminate Serum Concealer Truly Medium,8ml,"£2,325.00/L",18.60,,
Boots Borehamwood,Makeup & Cosmetics,Face Makeup,No7 Lift & Luminate Triple Action Primer 30ml,30ml,£656.67/L,19.70,,
Boots Borehamwood,Makeup & Cosmetics,Face Makeup,No7 Lift & Luminate Triple Action Serum Concealer Fair 8ml,8ml,"£2,325.00/L",18.60,,
Boots Borehamwood,Makeup & Cosmetics,Face Makeup,No7 Lift & Luminate Triple Action Serum Concealer Fair/Light 8ml,8ml,"£2,325.00/L",18.60,,
Boots Borehamwood,Makeup & Cosmetics,Face Makeup,No7 Lift & Luminate Triple Action Serum Concealer Light 8ml,8ml,"£2,325.00/L",18.60,,
Boots Borehamwood,Makeup & Cosmetics,Face Makeup,No7 Lift & Luminate Triple Action Serum Concealer Light/Medium 8ml,8ml,"£2,325.00/L",18.60,,
Boots Borehamwood,Makeup & Cosmetics,Face Makeup,No7 Lift & Luminate Triple Action Serum Concealer Medium 8ml,8ml,"£2,325.00/L",18.60,,
Boots Borehamwood,Makeup & Cosmetics,Face Makeup,No7 Lift & Luminate Triple Action Serum Foundation Deeply Beige 30Ml,30ml,£733.33/L,22.00,,
Boots Borehamwood,Makeup & Cosmetics,Face Makeup,No7 Lift & Luminate Triple Action Serum Foundation Warm Ivory 30Ml,30ml,£733.33/L,22.00,,
Boots Borehamwood,Makeup & Cosmetics,Face Makeup,No7 Matte Powder Blusher - Pomegranate,,,13.10,,
Boots Borehamwood,Makeup & Cosmetics,Face Makeup,No7 Matte Powder Blusher Peaches 3g,,,13.10,,
Boots Borehamwood,Makeup & Cosmetics,Face Makeup,No7 P&P Advanced All in One Foundation Honey,30ml,£730.00/L,21.90,,
Boots Borehamwood,Makeup & Cosmetics,Face Makeup,No7 Perfectly Bronzed Dual Bronzer 10G,10g,"£1,640.00/kg",16.40,,
Boots Borehamwood,Makeup & Cosmetics,Face Makeup,No7 Prime Forever SPF50 Primer 50ml,50ml,£524.00/L,26.20,,
Boots Borehamwood,Makeup & Cosmetics,Face Makeup,No7 Pro Artist Base Perfecting Primer 30ml,30ml,£730.00/L,21.90,,
Boots Borehamwood,Makeup & Cosmetics,Face Makeup,No7 Pro Artist Runway Radiance Primer 45g,45g,£486.67/kg,21.90,,
Boots Borehamwood,Makeup & Cosmetics,Face Makeup,No7 Pro Artist Silk Glaze&nbspskin Tint Fair 2.0 30ml,30ml,£656.67/L,19.70,,
Boots Borehamwood,Makeup & Cosmetics,Face Makeup,No7 Pro Artist Silk Glaze&nbspskin Tint Light 2.0 30ml,30ml,£656.67/L,19.70,,
Boots Borehamwood,Makeup & Cosmetics,Face Makeup,No7 Pro Artist Soft Glow Cream Bronzer (Light Glow),36g,£608.33/kg,21.90,,
Boots Borehamwood,Makeup & Cosmetics,Face Makeup,No7 Protect & Perfect Advanced All In One Foundation Calico 610W 30ml,30ml,£730.00/L,21.90,,
Boots Borehamwood,Makeup & Cosmetics,Face Makeup,No7 Protect & Perfect Advanced All In One Foundation Cool Beige 500C 30ml,30ml,£730.00/L,21.90,,
Boots Borehamwood,Makeup & Cosmetics,Face Makeup,No7 Protect & Perfect Advanced All In One Foundation Cool Ivory 550C 30ml,30ml,£730.00/L,21.90,,
Boots Borehamwood,Makeup & Cosmetics,Face Makeup,No7 Protect & Perfect Advanced All In One Foundation Cool Vanilla580C 30ml,30ml,£730.00/L,21.90,,
Boots Borehamwood,Makeup & Cosmetics,Face Makeup,No7 Protect & Perfect Advanced All In One Foundation Deeply Honey 370W 30Ml,30ml,£730.00/L,21.90,,
Boots Borehamwood,Makeup & Cosmetics,Face Makeup,No7 Protect & Perfect Advanced All In One Foundation Warm Beige 510N 30ml,30ml,£730.00/L,21.90,,
Boots Borehamwood,Makeup & Cosmetics,Face Makeup,No7 Protect & Perfect Advanced All In One Foundation Warm Ivory 570W 30ml,30ml,£730.00/L,21.90,,
Boots Borehamwood,Makeup & Cosmetics,Face Makeup,No7 Protect & Perfect Intense ADVANCED BB Facial Sun Protection SPF50 Fair 50ml,50ml,£328.00/L,16.40,,
Boots Borehamwood,Makeup & Cosmetics,Face Makeup,No7 Protect & Perfect Intense ADVANCED BB Facial Sun Protection SPF50 Medium 50ml,50ml,£328.00/L,16.40,,
Boots Borehamwood,Makeup & Cosmetics,Face Makeup,No7 Restore & Renew Multi Action Serum Foundation Cool Beige 500C 30ml,30ml,£768.33/L,23.05,,
Boots Borehamwood,Makeup & Cosmetics,Face Makeup,No7 Restore & Renew Multi Action Serum Foundation Cool Ivory 550C 30ml,30ml,£768.33/L,23.05,,
Boots Borehamwood,Makeup & Cosmetics,Face Makeup,No7 Restore & Renew Multi Action Serum Foundation Cool Vanilla 580C 30ml,30g,£768.33/kg,23.05,,
Boots Borehamwood,Makeup & Cosmetics,Face Makeup,No7 Restore & Renew Multi Action Serum Foundation Warm Beige 510N 30ml,30ml,£768.33/L,23.05,,
Boots Borehamwood,Makeup & Cosmetics,Face Makeup,No7 Restore & Renew Multi Action Serum Foundation Warm Ivory 570W 30ml,30ml,£768.33/L,23.05,,
Boots Borehamwood,Makeup & Cosmetics,Face Makeup,No7 Shimmer Palette Caramel,,,17.55,,
Boots Borehamwood,Makeup & Cosmetics,Face Makeup,No7 Skin Illuminator 30ml,30ml,£510.00/L,15.30,,
Boots Borehamwood,Makeup & Cosmetics,Face Makeup,No7 Stay Perfect Eyeshadow Primer 10Ml,10ml,"£1,140.00/L",11.40,,
Boots Borehamwood,Makeup & Cosmetics,Face Makeup,No7 Stay Perfect Foundation Calico 610W 30ml,30ml,£620.00/L,18.60,,
Boots Borehamwood,Makeup & Cosmetics,Face Makeup,No7 Stay Perfect Foundation Cool Beige,30ml,£620.00/L,18.60,,
Boots Borehamwood,Makeup & Cosmetics,Face Makeup,No7 Stay Perfect Foundation Deeply Honey 370W 30ml,30g,£620.00/kg,18.60,,
Boots Borehamwood,Makeup & Cosmetics,Face Makeup,No7 Stay Perfect Foundation Latte 420N 30ml,30g,£620.00/kg,18.60,,
Boots Borehamwood,Makeup & Cosmetics,Face Makeup,No7 Stay Perfect Foundation Porcelain 630N 30ml,30ml,£620.00/L,18.60,,
Boots Borehamwood,Makeup & Cosmetics,Face Makeup,No7 Stay Perfect Foundation SPF30 30ml - Cool Ivory,30ml,£620.00/L,18.60,,
Boots Borehamwood,Makeup & Cosmetics,Face Makeup,No7 Stay Perfect Foundation SPF30 30ml - Warm Ivory,30ml,£620.00/L,18.60,,
Boots Borehamwood,Makeup & Cosmetics,Face Makeup,No7 Stay Perfect Foundation Sahara 580N 30ml,30ml,£620.00/L,18.60,,
Boots Borehamwood,Makeup & Cosmetics,Face Makeup,No7 Stay Perfect Foundation Warm Beige 510N 30ml,30ml,£620.00/L,18.60,,
Boots Borehamwood,Makeup & Cosmetics,Face Makeup,No7 Stay Perfect Foundation Wheat 430C 30ml,30ml,£620.00/L,18.60,,
Boots Borehamwood,Makeup & Cosmetics,Face Makeup,No7 Stay Perfect Lip Pencil Raspberry 3g,,,11.40,,
Boots Borehamwood,Makeup & Cosmetics,Face Makeup,No7 Stay Perfect Smoothing Eyeshadow Nude 4ml,,,10.25,,
Boots Borehamwood,Makeup & Cosmetics,Face Makeup,No7 Stay Perfect Smoothing Eyeshadow Pink 4ml,,,10.25,,
Boots Borehamwood,Makeup & Cosmetics,Face Makeup,No7 Stay Perfect Stick Concealer Calico 610W 4.5G,,,14.20,,
Boots Borehamwood,Makeup & Cosmetics,Face Makeup,No7 Stay Perfect Stick Concealer Cool Beige 500C  4.5G,,,14.20,,
Boots Borehamwood,Makeup & Cosmetics,Face Makeup,No7 Stay Perfect Stick Concealer Cool Ivory 550C 4.5G,,,14.20,,
Boots Borehamwood,Makeup & Cosmetics,Face Makeup,No7 Stay Perfect Stick Concealer Cool Vanilla 580C 4.5G,,,14.20,,
Boots Borehamwood,Makeup & Cosmetics,Face Makeup,No7 Stay Perfect Stick Concealer Creme 670N 4.5G,,,14.20,,
Boots Borehamwood,Makeup & Cosmetics,Face Makeup,No7 Stay Perfect Stick Concealer Porcelain 630N 4.5G,,,14.20,,
Boots Borehamwood,Makeup & Cosmetics,Face Makeup,No7 Stay Perfect Stick Concealer Shell 650N 4.5G,,,14.20,,
Boots Borehamwood,Makeup & Cosmetics,Face Makeup,No7 Stay Perfect Stick Concealer Warm Beige 510N 4.5g,4.5g,"£3,155.56/kg",14.20,,
Boots Borehamwood,Makeup & Cosmetics,Face Makeup,No7 Stay Perfect Stick Concealer Warm Ivory 570W 4.5g,4.5g,"£3,155.56/kg",14.20,,
Boots Borehamwood,Makeup & Cosmetics,Face Makeup,No7 Stay Perfect Stick Concealer Wheat 430C 4.5G,,,14.20,,
Boots Borehamwood,Makeup & Cosmetics,Face Makeup,No7 Velvet Cloud Cream to Powder Blush Pink Bloom 4.5g,,,14.20,,
Boots Borehamwood,Makeup & Cosmetics,Face Makeup,Nyx Professional Makeup Bare with Me Concealer Beige 9.6ml,10ml,"£1,145.00/L",11.45,,
Boots Borehamwood,Makeup & Cosmetics,Face Makeup,Nyx Professional Makeup Bare with Me Concealer Fair 9.6ml,10ml,"£1,145.00/L",11.45,,
Boots Borehamwood,Makeup & Cosmetics,Face Makeup,Nyx Professional Makeup Bare with Me Concealer Light 9.6ml,10ml,"£1,145.00/L",11.45,,
Boots Borehamwood,Makeup & Cosmetics,Face Makeup,Nyx Professional Makeup Bare with Me Concealer Vanilla 9.6ml,10ml,"£1,145.00/L",11.45,,
Boots Borehamwood,Makeup & Cosmetics,Face Makeup,Nyx Professional Makeup Blurring Vitamin E Infused Pore Filler Face Primer 20ml,20ml,£515.00/L,10.30,,
Boots Borehamwood,Makeup & Cosmetics,Face Makeup,Nyx Professional Makeup Butter Gloss Creme Brulee 8ml,8ml,"£1,075.00/L",8.60,,
Boots Borehamwood,Makeup & Cosmetics,Face Makeup,Nyx Professional Makeup Butter Gloss Madeleine 8ml,8ml,"£1,075.00/L",8.60,,
Boots Borehamwood,Makeup & Cosmetics,Face Makeup,Nyx Professional Makeup Butter Gloss Tiramisu 8ml,8ml,"£1,075.00/L",8.60,,
Boots Borehamwood,Makeup & Cosmetics,Face Makeup,Nyx Professional Makeup Buttermelt Blush Back and Butta 10 5g,5g,"£2,290.00/kg",11.45,,
Boots Borehamwood,Makeup & Cosmetics,Face Makeup,Nyx Professional Makeup Buttermelt Blush Butta Together 02 5g,5g,"£2,290.00/kg",11.45,,
Boots Borehamwood,Makeup & Cosmetics,Face Makeup,Nyx Professional Makeup Buttermelt Blush Getting Butta 08 5g,5g,"£2,290.00/kg",11.45,,
Boots Borehamwood,Makeup & Cosmetics,Face Makeup,Nyx Professional Makeup Buttermelt Blush U Know Butta 04 5g,5g,"£2,290.00/kg",11.45,,
Boots Borehamwood,Makeup & Cosmetics,Face Makeup,Nyx Professional Makeup Buttermelt Blush for The Butta 06 5g,5g,"£2,290.00/kg",11.45,,
Boots Borehamwood,Makeup & Cosmetics,Face Makeup,Nyx Professional Makeup Buttermelt Bronzer Butta Ballin 5g,5g,"£2,290.00/kg",11.45,,
Boots Borehamwood,Makeup & Cosmetics,Face Makeup,Nyx Professional Makeup Buttermelt Bronzer Butta Biscuit 5g,5g,"£2,290.00/kg",11.45,,
Boots Borehamwood,Makeup & Cosmetics,Face Makeup,Nyx Professional Makeup Buttermelt Glaze Liquid Highlighter Tint SPF30 Whipped Butta 30ml,30ml,£511.67/L,15.35,,
Boots Borehamwood,Makeup & Cosmetics,Face Makeup,"Nyx Professional Makeup Buttermelt Glaze Skin Tint + SPF/Fps 30, Vanilla Bean Butta, 30ml",30ml,£511.67/L,15.35,,
Boots Borehamwood,Makeup & Cosmetics,Face Makeup,"Nyx Professional Makeup Buttermelt Highlighter, Powder Highlighter",5g,"£2,290.00/kg",11.45,,
Boots Borehamwood,Makeup & Cosmetics,Face Makeup,"Nyx Professional Makeup Buttermelt Powder Bronzer, 12H Wear, Fade & Transfer Resistant - Deserve Butta",5g,"£2,290.00/kg",11.45,,
Boots Borehamwood,Makeup & Cosmetics,Face Makeup,Nyx Professional Makeup Make Up Setting Spray Dewy Finish,60g,£171.67/kg,10.30,,
Boots Borehamwood,Makeup & Cosmetics,Face Makeup,"Nyx Professional Makeup Primer, The Face Glue Primer, Up To 24 Hour Hydration, 35ml",35ml,£294.29/L,10.30,,
Boots Borehamwood,Makeup & Cosmetics,Face Makeup,Nyx Professional Makeup Setting Spray Matte Finish,60g,£171.67/kg,10.30,,
Boots Borehamwood,Makeup & Cosmetics,Face Makeup,"Nyx Professional Makeup Setting Spray, Pump Right Back Setting Spray, Up to 24 Hour Hydration, 60ml",60ml,£171.67/L,10.30,,
Boots Borehamwood,Makeup & Cosmetics,Face Makeup,"Nyx Professional Makeup Setting Spray, The Face Glue Setting Spray, Up To 24 hr Wear, 60ml",60ml,£171.67/L,10.30,,
Boots Borehamwood,Makeup & Cosmetics,Face Makeup,Nyx Professional Makeup Smoothing Marshmallow Root Infused Super Face Primer 30ml,22ml,£697.73/L,15.35,,
Boots Borehamwood,Makeup & Cosmetics,Face Makeup,Nyx Professional Makeup Ultimate Shadow Palette Vegan 16-Pan - I Know That's Bright,,,17.55,,
Boots Borehamwood,Makeup & Cosmetics,Face Makeup,Nyx Professional Makeup Vivid Rich Mechanical Pencil,,,6.85,,
Boots Borehamwood,Makeup & Cosmetics,Face Makeup,Nyx Professional Makeup Wonder Snatch Powder,6g,"£1,716.67/kg",10.30,,
Boots Borehamwood,Makeup & Cosmetics,Face Makeup,ONE/SIZE Oil Sucker Extreme Mattifying Alkaline Primer,30ml,"£1,190.00/L",35.70,,
Boots Borehamwood,Makeup & Cosmetics,Face Makeup,ONE/SIZE On 'Til Dawn Mattifying Waterproof Setting Spray 143ml,143ml,£234.97/L,33.60,,
Boots Borehamwood,Makeup & Cosmetics,Face Makeup,ONE/SIZE On 'Til Dawn Mattifying Waterproof Setting Spray 46ml,46ml,£430.43/L,19.80,,
Boots Borehamwood,Makeup & Cosmetics,Face Makeup,ONE/SIZE Powder Melt Glass Setting Spray,100ml,£357.00/L,35.70,,
Boots Borehamwood,Makeup & Cosmetics,Face Makeup,ONE/SIZE Secure the Blur Makeup Magnet Primer 35ml,35ml,"£1,020.00/L",35.70,,
Boots Borehamwood,Makeup & Cosmetics,Face Makeup,ONE/SIZE Secure the Sweat Sweatproof Aluminium-Free Primer 30ml,30ml,"£1,190.00/L",35.70,,
Boots Borehamwood,Makeup & Cosmetics,Face Makeup,One/size Ultimate Blurring Setting Powder,35g,"£1,020.00/kg",35.70,,
Boots Borehamwood,Makeup & Cosmetics,Face Makeup,Perfectly Bronzed Bronzing Pearls 20g,20g,£570.00/kg,11.40,,
Boots Borehamwood,Makeup & Cosmetics,Face Makeup,Perfectly Bronzed Quick Dry Tinted Mousse Light/Medium 200Ml,200ml,£82.00/L,16.40,,
Boots Borehamwood,Makeup & Cosmetics,Face Makeup,Pixi On-The-Glow Blush Blusher Fleur 19g,19g,"£1,042.11/kg",19.80,,
Boots Borehamwood,Makeup & Cosmetics,Face Makeup,Pixi On-The-Glow Blush Blusher Ruby 19g,19g,"£1,042.11/kg",19.80,,
Boots Borehamwood,Makeup & Cosmetics,Face Makeup,Pixi on-The-Glow Blush Ph Reactive Cheektone 19g,19g,"£1,042.11/kg",19.80,,
Boots Borehamwood,Makeup & Cosmetics,Face Makeup,Real Techniques Expert Concealer Brush,,,9.20,,
Boots Borehamwood,Makeup & Cosmetics,Face Makeup,Real Techniques Shapeshifter Snatch & Sculpt Contour,,,13.20,,
Boots Borehamwood,Makeup & Cosmetics,Face Makeup,Revlon Colorstay Foundation Combination Oily Sand Beige 30ml,30ml,£511.67/L,15.35,,
Boots Borehamwood,Makeup & Cosmetics,Face Makeup,Revolution Blush Icon Palette Aura Points Rose,10g,£915.00/kg,9.15,,
Boots Borehamwood,Makeup & Cosmetics,Face Makeup,Revolution Colour Correct Primer,28ml,£285.71/L,8.00,,
Boots Borehamwood,Makeup & Cosmetics,Face Makeup,Revolution Glow Fix Illuminating Fixing Spray 100ml,100ml,£80.00/L,8.00,,
Boots Borehamwood,Makeup & Cosmetics,Face Makeup,Revolution Hydrate Primer 28ml,28g,£285.71/kg,8.00,,
Boots Borehamwood,Makeup & Cosmetics,Face Makeup,Revolution Loose Baking Powder Banana 30g,30g,£266.67/kg,8.00,,
Boots Borehamwood,Makeup & Cosmetics,Face Makeup,Revolution Loose Baking Powder Translucent 30g,30g,£266.67/kg,8.00,,
Boots Borehamwood,Makeup & Cosmetics,Face Makeup,Revolution Mega Bronzer 01 Cool,15g,£456.67/kg,6.85,,
Boots Borehamwood,Makeup & Cosmetics,Face Makeup,Revolution Pore Blur Primer,28ml,£285.71/L,8.00,,
Boots Borehamwood,Makeup & Cosmetics,Face Makeup,Revolution Professional Oil Control Fixing Spray,100ml,£80.00/L,8.00,,
Boots Borehamwood,Makeup & Cosmetics,Face Makeup,Revolution Superfix Glow Fixing Mist 150ml,150ml,£87.67/L,13.15,,
Boots Borehamwood,Makeup & Cosmetics,Face Makeup,Revolution Superfix Grip Primer 24ml,24ml,£381.25/L,9.15,,
Boots Borehamwood,Makeup & Cosmetics,Face Makeup,Revolution Superfix Misting Spray 150ml,150ml,£80.33/L,12.05,,
Boots Borehamwood,Makeup & Cosmetics,Face Makeup,Revolution superdewy liquid blush burst pink fizz soft pink 4.2ml,,,8.00,,
Boots Borehamwood,Makeup & Cosmetics,Face Makeup,Revolution superdewy liquid blush burst rose all day dusty pink 4.2ml,,,8.00,,
Boots Borehamwood,Makeup & Cosmetics,Face Makeup,Revolution superdewy liquid blush burst strawberry milkshake cool pink 4.2ml,,,8.00,,
Boots Borehamwood,Makeup & Cosmetics,Face Makeup,Rimmel Hide The Blemish Concealer,,,5.70,,
Boots Borehamwood,Makeup & Cosmetics,Face Makeup,Rimmel Lasting Finish 35 Hour Foundation 010 Rose Ivory 30ml,30g,£401.67/kg,12.05,,
Boots Borehamwood,Makeup & Cosmetics,Face Makeup,Rimmel Lasting Finish 35 Hour Foundation 050 Fair Porcelain 30ml,30ml,£401.67/L,12.05,,
Boots Borehamwood,Makeup & Cosmetics,Face Makeup,Rimmel Lasting Finish 35 Hour Foundation 200 Soft Beige 30ml,30ml,£401.67/L,12.05,,
Boots Borehamwood,Makeup & Cosmetics,Face Makeup,Rimmel Lasting Finish 35 Hour Foundation 210 Golden Beige 30ml,30g,£401.67/kg,12.05,,
Boots Borehamwood,Makeup & Cosmetics,Face Makeup,Rimmel Lasting Finish 35 Hour Foundation 303 Honey 30ml,30ml,£401.67/L,12.05,,
Boots Borehamwood,Makeup & Cosmetics,Face Makeup,Rimmel Lasting Finish 35 Hour Foundation 400 Natural Beige 30ml,30ml,£401.67/L,12.05,,
Boots Borehamwood,Makeup & Cosmetics,Face Makeup,Rimmel Lasting Finish 48hr Hydration Boost Primer,24ml,£429.17/L,10.30,,
Boots Borehamwood,Makeup & Cosmetics,Face Makeup,Rimmel Lasting Finish Compact Foundation 001 Fair Porcelain 7g,7g,"£1,721.43/kg",12.05,,
Boots Borehamwood,Makeup & Cosmetics,Face Makeup,Rimmel Lasting Finish Compact Foundation 004 Rose Ivory 7g,7g,"£1,721.43/kg",12.05,,
Boots Borehamwood,Makeup & Cosmetics,Face Makeup,Rimmel Lasting Finish Compact Foundation 005 Ivory 7g,7g,"£1,721.43/kg",12.05,,
Boots Borehamwood,Makeup & Cosmetics,Face Makeup,Rimmel Lasting Finish Compact Foundation 007 Golden Beige 7g,7g,"£1,721.43/kg",12.05,,
Boots Borehamwood,Makeup & Cosmetics,Face Makeup,Rimmel Lasting Finish Compact Foundation 008 Soft Beige 7g,7g,"£1,721.43/kg",12.05,,
Boots Borehamwood,Makeup & Cosmetics,Face Makeup,Rimmel London 12 Pan Eyeshadow Blushed Edition,14g,£817.86/kg,11.45,,
Boots Borehamwood,Makeup & Cosmetics,Face Makeup,Rimmel London Hide The Blemish Concealer Ivory 4.5g,,,5.70,,
Boots Borehamwood,Makeup & Cosmetics,Face Makeup,Rimmel London Hide The Blemish Concealer Natural Beige 4.5g,,,5.70,,
Boots Borehamwood,Makeup & Cosmetics,Face Makeup,Rimmel London Hide the Blemish Concealer Sand 4.5g,4.5g,"£1,266.67/kg",5.70,,
Boots Borehamwood,Makeup & Cosmetics,Face Makeup,Rimmel London Lasting Finish 35 Hour Foundation 100 Ivory,30ml,£401.67/L,12.05,,
Boots Borehamwood,Makeup & Cosmetics,Face Makeup,Rimmel London Lasting Finish 35 Hour Foundation 103 True Ivory,30ml,£401.67/L,12.05,,
Boots Borehamwood,Makeup & Cosmetics,Face Makeup,Rimmel London Lasting Finish 35 Hour Foundation 201 Classic Beige,30ml,£401.67/L,12.05,,
Boots Borehamwood,Makeup & Cosmetics,Face Makeup,Rimmel London Lasting Finish 8hr Lip Liner Sunset Pink 1.2g,,,4.55,,
Boots Borehamwood,Makeup & Cosmetics,Face Makeup,Rimmel London Lasting Finish Matte Lipstick Perfect Nude 2.3g,,,8.00,,
Boots Borehamwood,Makeup & Cosmetics,Face Makeup,Rimmel London Lasting Finish Multi Tasker Concealer 050 Sand 10ml,10ml,"£1,030.00/L",10.30,,
Boots Borehamwood,Makeup & Cosmetics,Face Makeup,Rimmel London Lasting Radiance Concealer Classic Beige 7ml,7ml,"£1,471.43/L",10.30,,
Boots Borehamwood,Makeup & Cosmetics,Face Makeup,Rimmel London Lasting Radiance Concealer Ivory 7ml,7ml,"£1,471.43/L",10.30,,
Boots Borehamwood,Makeup & Cosmetics,Face Makeup,Rimmel London Lasting Radiance Concealer Soft Beige 7ml,7ml,"£1,471.43/L",10.30,,
Boots Borehamwood,Makeup & Cosmetics,Face Makeup,Rimmel London Maxi Blush Powder Blush Exposed 9g,9g,£888.89/kg,8.00,,
Boots Borehamwood,Makeup & Cosmetics,Face Makeup,Rimmel London Maxi Blush Powder Blush Third Base 9g,9g,£888.89/kg,8.00,,
Boots Borehamwood,Makeup & Cosmetics,Face Makeup,Rimmel London Multi Task Concealer Fair 10ml,10ml,"£1,030.00/L",10.30,,
Boots Borehamwood,Makeup & Cosmetics,Face Makeup,Rimmel London Multi Task Concealer Porcelain 10ml,10ml,"£1,030.00/L",10.30,,
Boots Borehamwood,Makeup & Cosmetics,Face Makeup,Rimmel London Natural Bronzer Sun Bronze 14g,14g,£571.43/kg,8.00,,
Boots Borehamwood,Makeup & Cosmetics,Face Makeup,Rimmel London Natural Bronzer Sunlight 14g,14g,£571.43/kg,8.00,,
Boots Borehamwood,Makeup & Cosmetics,Face Makeup,Rimmel London Radiance Brick Multi-Tonal Shimmer Powder 01 12g,12g,£762.50/kg,9.15,,
Boots Borehamwood,Makeup & Cosmetics,Face Makeup,Rimmel London Radiance Brick Multi-Tonal Shimmer Powder 02 12g,12g,£762.50/kg,9.15,,
Boots Borehamwood,Makeup & Cosmetics,Face Makeup,Rimmel London Stay Matte Pressed Powder Peach Glow 14g,14g,£407.14/kg,5.70,,
Boots Borehamwood,Makeup & Cosmetics,Face Makeup,Rimmel London Stay Matte Pressed Powder Sandstorm 14g,14g,£407.14/kg,5.70,,
Boots Borehamwood,Makeup & Cosmetics,Face Makeup,Rimmel London Stay Matte Pressed Powder Silky Beige 14g,14g,£407.14/kg,5.70,,
Boots Borehamwood,Makeup & Cosmetics,Face Makeup,Rimmel London Stay Matte Pressed Powder Transparent 14g,14g,£407.14/kg,5.70,,
Boots Borehamwood,Makeup & Cosmetics,Face Makeup,Rimmel London Stay Matte Pressed Powder Warm Beige 14g,14g,£407.14/kg,5.70,,
Boots Borehamwood,Makeup & Cosmetics,Face Makeup,Rimmel London The Multi Tasker  Concealer Ivory 10ml,10ml,"£1,030.00/L",10.30,,
Boots Borehamwood,Makeup & Cosmetics,Face Makeup,Rimmel London The Multi Tasker Concealer Light 10ml,10ml,"£1,030.00/L",10.30,,
Boots Borehamwood,Makeup & Cosmetics,Face Makeup,Rimmel Match Perfection Loose Powder,18g,£636.11/kg,11.45,,
Boots Borehamwood,Makeup & Cosmetics,Face Makeup,Rimmel Match Perfection Loose Powder Translucent,18g,£636.11/kg,11.45,,
Boots Borehamwood,Makeup & Cosmetics,Face Makeup,Rimmel Maxi Blusher Blush,9g,£888.89/kg,8.00,,
Boots Borehamwood,Makeup & Cosmetics,Face Makeup,Rimmel Multi Tasker Better Than Filters 001 Fair 30ml,30ml,£475.00/L,14.25,,
Boots Borehamwood,Makeup & Cosmetics,Face Makeup,Rimmel Multi Tasker Better Than Filters 003 Light 30ml,30ml,£475.00/L,14.25,,
Boots Borehamwood,Makeup & Cosmetics,Face Makeup,Rimmel Multi Tasker Better Than Filters 005 Medium 30ml,30g,£475.00/kg,14.25,,
Boots Borehamwood,Makeup & Cosmetics,Face Makeup,Rimmel Multi Tasker Blush 'N' Brush Stick 100 Cotton Candy 8g,8g,"£1,506.25/kg",12.05,,
Boots Borehamwood,Makeup & Cosmetics,Face Makeup,Rimmel Multi Tasker Blush 'N' Brush Stick 150 Cherry on Point 8g,8g,"£1,506.25/kg",12.05,,
Boots Borehamwood,Makeup & Cosmetics,Face Makeup,Rimmel Multi Tasker Blush 'N' Brush Stick 250 Coral Dust 8g,8g,"£1,506.25/kg",12.05,,
Boots Borehamwood,Makeup & Cosmetics,Face Makeup,Rimmel Multi Tasker Concelear 025 Rose Ivory 10ml,10ml,"£1,030.00/L",10.30,,
Boots Borehamwood,Makeup & Cosmetics,Face Makeup,Rimmel Multi-Tasker Better Than Filters 002 Fair Light 30ml,30ml,£475.00/L,14.25,,
Boots Borehamwood,Makeup & Cosmetics,Face Makeup,Rimmel Multi-Tasker Better Than Filters 004 Light Medium 30ml,30ml,£475.00/L,14.25,,
Boots Borehamwood,Makeup & Cosmetics,Face Makeup,Rimmel Multitasker 3 in 1 Bronzer Stick 001 Light 4.5g,,,13.15,,
Boots Borehamwood,Makeup & Cosmetics,Face Makeup,Rimmel Multitasker 3 in 1 Bronzer Stick 002 Medium 4.5g,,,13.15,,
Boots Borehamwood,Makeup & Cosmetics,Face Makeup,Rimmel Natural Bronzer,14g,£571.43/kg,8.00,,
Boots Borehamwood,Makeup & Cosmetics,Face Makeup,Rimmel multi tasker blur booster 030 light 7g,7g,"£1,721.43/kg",12.05,,
Boots Borehamwood,Makeup & Cosmetics,Face Makeup,Rimmel multi tasker blur booster 040 ivory 7g,7g,"£1,721.43/kg",12.05,,
Boots Borehamwood,Makeup & Cosmetics,Face Makeup,Rimmel multi tasker blur booster 055 classic beige 7g,7g,"£1,721.43/kg",12.05,,
Boots Borehamwood,Makeup & Cosmetics,Face Makeup,Rimmel multi tasker blur booster 060 light honey 7g,7g,"£1,721.43/kg",12.05,,
Boots Borehamwood,Makeup & Cosmetics,Face Makeup,Rimmel multi tasker blur booster 090 toffee 7g,7g,"£1,721.43/kg",12.05,,
Boots Borehamwood,Makeup & Cosmetics,Face Makeup,Rimmel multi tasker grippy drops primer 30ml,30ml,£381.67/L,11.45,,
Boots Borehamwood,Makeup & Cosmetics,Face Makeup,"Roc Derm Correxion RETINOL Contour Cream for Face, Neck & Jawline, Visible Facelift 50ml",50ml,£839.00/L,41.95,,
Boots Borehamwood,Makeup & Cosmetics,Face Makeup,Sheglam Color Bloom Liquid Blush Cutie Pie 5.2ml,5.2ml,"£1,096.15/L",5.70,,
Boots Borehamwood,Makeup & Cosmetics,Face Makeup,Sheglam Color Bloom Liquid Blush Love Cake 5.2ml,5ml,"£1,140.00/L",5.70,,
Boots Borehamwood,Makeup & Cosmetics,Face Makeup,Sheglam Color Bloom Liquid Blush Real Deal 5.2ml,5.2ml,"£1,096.15/L",5.70,,
Boots Borehamwood,Makeup & Cosmetics,Face Makeup,Sheglam Lock'd in Setting Spray 55ml,55ml,£103.64/L,5.70,,
Boots Borehamwood,Makeup & Cosmetics,Face Makeup,Sheglam Pore No More Primer 30g,30g,£266.67/kg,8.00,,
Boots Borehamwood,Makeup & Cosmetics,Face Makeup,Sheglam Sun Beam Matte Liquid Bronzer Terracotta 5.2ml,5ml,"£1,140.00/L",5.70,,
Boots Borehamwood,Makeup & Cosmetics,Face Makeup,Sheglam Sun Sculpt Liquid Contour,5ml,"£1,140.00/L",5.70,,
Boots Borehamwood,Makeup & Cosmetics,Face Makeup,Sheglam Sun Sculpt Liquid Contour Warm Honey 5.2ml,5.2ml,"£1,096.15/L",5.70,,
Boots Borehamwood,Makeup & Cosmetics,Face Makeup,Soap & Glory Supercat Waterproof Eyeliner Skinny,,,9.15,,
Boots Borehamwood,Makeup & Cosmetics,Face Makeup,Stay Perfect Matte Fixing Mist 100ml,100ml,£186.00/L,18.60,,
Boots Borehamwood,Makeup & Cosmetics,Face Makeup,The Flat Lay Co Marshmallow Flat Lay Makeup Box Bag Patisserie,,,29.40,,
Boots Borehamwood,Makeup & Cosmetics,Face Makeup,e.l.f Halo Glow Setting Powder Light Pink 7.5g,7g,"£1,478.57/kg",10.35,,
Boots Borehamwood,Makeup & Cosmetics,Face Makeup,e.l.f. Camo Liquid Bronzer and Contour 2 Fair Light 4ml,,,9.20,,
Boots Borehamwood,Makeup & Cosmetics,Face Makeup,e.l.f. Camo Liquid Bronzer and Contour 4 Light/medium 4ml,,,9.20,,
Boots Borehamwood,Makeup & Cosmetics,Face Makeup,e.l.f. Halo Glow Liquid Filter 3 Light/medium 31.5ml,32ml,£550.00/L,17.60,,
Boots Borehamwood,Makeup & Cosmetics,Face Makeup,e.l.f. Halo Glow Liquid Filter 5 Medium/tan 31.5ml,32ml,£550.00/L,17.60,,
Boots Borehamwood,Makeup & Cosmetics,Face Makeup,e.l.f. Halo Glow Liquid Filter Highlighter - 1 Fair,32ml,£550.00/L,17.60,,
Boots Borehamwood,Makeup & Cosmetics,Face Makeup,e.l.f. Halo Glow Liquid Filter Highlighter - 2 Fair/Light,32ml,£550.00/L,17.60,,
Boots Borehamwood,Makeup & Cosmetics,Face Makeup,e.l.f. Halo Glow Liquid Filter Highlighter - 4 Medium,32ml,£550.00/L,17.60,,
Boots Borehamwood,Makeup & Cosmetics,Face Makeup,e.l.f. Halo Glow Silky Powder Highlighter Blush Money 4.5g,,,10.35,,
Boots Borehamwood,Makeup & Cosmetics,Face Makeup,e.l.f. Halo Glow Silky Powder Highlighter Prosecco Poppin' 4.5g,,,10.35,,
Boots Borehamwood,Makeup & Cosmetics,Face Makeup,e.l.f. Halo Glow Silky Powder Highlighter Soft Pearl Era 4.5g,,,10.35,,
Boots Borehamwood,Makeup & Cosmetics,Face Makeup,e.l.f. Sheer for It Blush Tint Pink Positive 6.8ml,7ml,£985.71/L,6.90,,
Boots Borehamwood,Makeup & Cosmetics,Face Makeup,e.l.f. Sheer for It Blush Tint Plums Up 6.8ml,7ml,£985.71/L,6.90,,
Boots Borehamwood,Makeup & Cosmetics,Face Makeup,e.l.f. Soft Glam Satin Concealer 13 Fair Neutral 6.3ml,6ml,£958.33/L,5.75,,
Boots Borehamwood,Makeup & Cosmetics,Face Makeup,e.l.f. Soft Glam Satin Concealer 20 Light Cool 6.3ml,6ml,£958.33/L,5.75,,
Boots Borehamwood,Makeup & Cosmetics,Face Makeup,e.l.f. Soft Glam Satin Concealer 25 Light Neutral 6.3ml,6ml,£958.33/L,5.75,,
Boots Borehamwood,Makeup & Cosmetics,Face Makeup,e.l.f. Soft Glam Satin Foundation 20 Light Cool 30ml,30ml,£345.00/L,10.35,,
Boots Borehamwood,Makeup & Cosmetics,Face Makeup,e.l.f. Soft Glam Satin Foundation 31 Medium Neutral 30ml,30ml,£345.00/L,10.35,,
Boots Borehamwood,Makeup & Cosmetics,Fake Tan,Bondi Sands 1 Hour Express Self Tanning Ultra Dark Foam 200ml,200ml,£99.95/L,19.99,,
Boots Borehamwood,Makeup & Cosmetics,Fake Tan,Bondi Sands Aero Aerated Self-Tan Foam Ultra Dark 225ml,225ml,£88.84/L,19.99,,
Boots Borehamwood,Makeup & Cosmetics,Fake Tan,Bondi Sands Express 1hr Tanning Foam 225ml,225ml,£84.40/L,18.99,,
Boots Borehamwood,Makeup & Cosmetics,Fake Tan,Bondi Sands Gradual Milk Mini 100ml,100ml,£79.90/L,7.99,,
Boots Borehamwood,Makeup & Cosmetics,Fake Tan,Bondi Sands Gradual Tanning Lotion Tinted Skin Perfector 150ml,150ml,£93.27/L,13.99,,
Boots Borehamwood,Makeup & Cosmetics,Fake Tan,Bondi Sands Liquid Gold Self Tanning Foam 200ml,200ml,£87.45/L,17.49,,
Boots Borehamwood,Makeup & Cosmetics,Fake Tan,Bondi Sands Mini Dark Foam 100ml,100ml,£119.90/L,11.99,,
Boots Borehamwood,Makeup & Cosmetics,Fake Tan,Bondi Sands Mini Tan Eraser 100ml,100ml,£119.90/L,11.99,,
Boots Borehamwood,Makeup & Cosmetics,Fake Tan,Bondi Sands Self Tan Application Mitt,,,6.00,,
Boots Borehamwood,Makeup & Cosmetics,Fake Tan,Bondi Sands Self Tan Eraser 200ml,200ml,£87.45/L,17.49,,
Boots Borehamwood,Makeup & Cosmetics,Fake Tan,Bondi Sands Self Tan Mousse Dark 200ml,200ml,£87.45/L,17.49,,
Boots Borehamwood,Makeup & Cosmetics,Fake Tan,Bondi Sands Self Tan Mousse Light Medium 200ml,200ml,£87.45/L,17.49,,
Boots Borehamwood,Makeup & Cosmetics,Fake Tan,Bondi Sands Self Tanning Foam 1 Hour Express 200ml,200ml,£84.95/L,16.99,,
Boots Borehamwood,Makeup & Cosmetics,Fake Tan,Bondi Sands Self Tanning Foam Ultra Dark 200ml,200ml,£99.95/L,19.99,,
Boots Borehamwood,Makeup & Cosmetics,Fake Tan,Dove DermaSpa Summer Revived Fair to Medium Gradual Self-Tan Body Mousse 150ml,150ml,£76.60/L,11.49,,
Boots Borehamwood,Makeup & Cosmetics,Fake Tan,Dove Summer Revived Medium to Dark Gradual Tanning Lotion for Face and Body 75ml,75ml,£55.87/L,4.19,,
Boots Borehamwood,Makeup & Cosmetics,Fake Tan,Dove Visible Glow Fair to Medium Self-Tan Lotion 400ml Limited Edition,400ml,£21.25/L,8.50,,
Boots Borehamwood,Makeup & Cosmetics,Fake Tan,Dove Visible Glow Medium to Dark Self-Tan Lotion 400ml Limited Edition,400ml,£21.25/L,8.50,,
Boots Borehamwood,Makeup & Cosmetics,Fake Tan,Eucerin Hyaluron Ph Balancing Facial Mist Spray with Hyaluronic Acid 150ml,150ml,£110.00/L,16.50,,
Boots Borehamwood,Makeup & Cosmetics,Fake Tan,Filter By Molly-Mae Tanning Mousse Extra Dark 200ml,200ml,£110.00/L,22.00,,
Boots Borehamwood,Makeup & Cosmetics,Fake Tan,Filter By Molly-Mae Tanning Mousse Medium 200ml,200ml,£110.00/L,22.00,,
Boots Borehamwood,Makeup & Cosmetics,Fake Tan,Garnier Ambre Solaire Natural Bronzer Dry Body Mist Intense 150ml,150ml,£83.33/L,12.50,,
Boots Borehamwood,Makeup & Cosmetics,Fake Tan,Garnier Ambre Solaire Natural Bronzer Dry Body Mist Medium 150ml,150ml,£83.33/L,12.50,,
Boots Borehamwood,Makeup & Cosmetics,Fake Tan,Isle Of Paradise Gradual Self-Tan Lotion Medium/Dark,250ml,£39.96/L,9.99,,
Boots Borehamwood,Makeup & Cosmetics,Fake Tan,Isle Of Paradise Self Tanning Mousse Medium 200ml,200ml,£99.75/L,19.95,,
Boots Borehamwood,Makeup & Cosmetics,Fake Tan,Isle Of Paradise Self Tanning Water Medium 200ml,200ml,£94.75/L,18.95,,
Boots Borehamwood,Makeup & Cosmetics,Fake Tan,Isle Of Paradise Sunny Serum Instant Body Bronzer 125ml,125ml,£143.60/L,17.95,,
Boots Borehamwood,Makeup & Cosmetics,Fake Tan,Isle Of Paradise sunny serum instant face bronzer champagne 30ml,30ml,£531.67/L,15.95,,
Boots Borehamwood,Makeup & Cosmetics,Fake Tan,Isle of Paradise bronze setting mist champagne 120ml,120ml,£166.67/L,20.00,,
Boots Borehamwood,Makeup & Cosmetics,Fake Tan,Lancaster Sun self tan face drops15ml,15g,"£2,000.00/kg",30.00,,
Boots Borehamwood,Makeup & Cosmetics,Fake Tan,No7 Naturally Sun Kissed Gradual Facial Tan Spf15 50Ml,50ml,£199.00/L,9.95,,
Boots Borehamwood,Makeup & Cosmetics,Fake Tan,Piz Buin Aftersun Tan Intensifier 200ml,200ml,£39.95/L,7.99,,
Boots Borehamwood,Makeup & Cosmetics,Fake Tan,Sally Hansen Airbrush Legs Instant Tan Spray Medium Glow 75ml,75ml,£186.53/L,13.99,,
Boots Borehamwood,Makeup & Cosmetics,Fake Tan,St Moriz Advanced Bronze Glow Body Oil 100ml,100ml,£149.90/L,14.99,,
Boots Borehamwood,Makeup & Cosmetics,Fake Tan,St Moriz Exotic Bloom Gradual Tanning Lotion 200ml,200ml,£42.50/L,8.50,,
Boots Borehamwood,Makeup & Cosmetics,Fake Tan,St Moriz Professional Exotic Bloom Tanning Mousse - Dark 300ml,300ml,£29.97/L,8.99,,
Boots Borehamwood,Makeup & Cosmetics,Fake Tan,St Moriz Professional Exotic Bloom Tanning Mousse - Medium 300ml,300ml,£29.97/L,8.99,,
Boots Borehamwood,Makeup & Cosmetics,Fake Tan,St Moriz Velvet Tanning Mitt,,,2.99,,
Boots Borehamwood,Makeup & Cosmetics,Fake Tan,St. Moriz Fast Tanning Mousse 200ml,200ml,£39.95/L,7.99,,
Boots Borehamwood,Makeup & Cosmetics,Fake Tan,St. Moriz Professional Mousse Dark 200ml,200ml,£29.95/L,5.99,,
Boots Borehamwood,Makeup & Cosmetics,Fake Tan,St. Moriz Self Tanning Mousse Medium 200ml,200ml,£29.95/L,5.99,,
Boots Borehamwood,Makeup & Cosmetics,Fake Tan,St. Tropez Gradual Tan Lotion Light/Medium 200ml,200ml,£99.00/L,19.80,,
Boots Borehamwood,Makeup & Cosmetics,Fake Tan,St. Tropez Gradual Tan Lotion Medium/Dark 200ml,200ml,£99.00/L,19.80,,
Boots Borehamwood,Makeup & Cosmetics,Fake Tan,St. Tropez Self Tan Bronzing Mousse 120ml,120ml,£192.50/L,23.10,,
Boots Borehamwood,Makeup & Cosmetics,Fake Tan,St. Tropez Self Tan Bronzing Purity Face Mist 80ml,80ml,£315.00/L,25.20,,
Boots Borehamwood,Makeup & Cosmetics,Fake Tan,St. Tropez Self Tan Purity Body Mousse 200ml,200ml,£168.00/L,33.60,,
Boots Borehamwood,Makeup & Cosmetics,Fake Tan,St. Tropez cherry macaron kit,,,40.00,,
Boots Borehamwood,Makeup & Cosmetics,Fake Tan,St. Tropez express dark whipped mousse 200ml,200ml,£194.25/L,38.85,,
Boots Borehamwood,Makeup & Cosmetics,Fake Tan,St.Tropez Self Tan Express Bronze Mousse 200ml,200ml,£178.50/L,35.70,,
Boots Borehamwood,Makeup & Cosmetics,Fake Tan,St.Tropez Tan Dual Sided Luxe Velvet Fake Tan Mitt,,,6.00,,
Boots Borehamwood,Makeup & Cosmetics,False Nails & Lashes,Ardell Demi Wispies,,,6.90,,
Boots Borehamwood,Makeup & Cosmetics,False Nails & Lashes,Boots False Nail Adhesive Tablets 24s,,,2.00,,
Boots Borehamwood,Makeup & Cosmetics,False Nails & Lashes,Boots False Nail Butterscotch Brown 24s,,,5.00,,
Boots Borehamwood,Makeup & Cosmetics,False Nails & Lashes,Boots False Nail Classic French Nails x24,24pk,£0.19 each,4.50,,
Boots Borehamwood,Makeup & Cosmetics,False Nails & Lashes,Boots False Nail Clear Square Nail 200s,,,5.50,,
Boots Borehamwood,Makeup & Cosmetics,False Nails & Lashes,Boots False Nail Elegant French Nails 24s,,,4.50,,
Boots Borehamwood,Makeup & Cosmetics,False Nails & Lashes,Boots False Nail Glue 2.87ml 1s,,,2.50,,
Boots Borehamwood,Makeup & Cosmetics,False Nails & Lashes,Boots False Nails Cherry Chocolate x24,24pk,£0.21 each,5.00,,
Boots Borehamwood,Makeup & Cosmetics,False Nails & Lashes,Duo Brush On Striplash False Lash Adhesive With Vitamins 5g,5g,"£1,610.00/kg",8.05,,
Boots Borehamwood,Makeup & Cosmetics,False Nails & Lashes,Duo Quick-Set Striplash Adhesive Clear 5g,5g,"£1,610.00/kg",8.05,,
Boots Borehamwood,Makeup & Cosmetics,False Nails & Lashes,Duo Quick-Set Striplash Adhesive Dark 7g,7g,"£1,150.00/kg",8.05,,
Boots Borehamwood,Makeup & Cosmetics,False Nails & Lashes,Duo Quick-Set Striplash Adhesive White/Clear 7g,7g,"£1,150.00/kg",8.05,,
Boots Borehamwood,Makeup & Cosmetics,False Nails & Lashes,Elegant Touch Fairy Tale Cat Eye Aurora False Nails with Glue 24s,,,9.75,,
Boots Borehamwood,Makeup & Cosmetics,False Nails & Lashes,Elegant Touch False Nails Petite Glass Nail Sugar Snow 24s,,,9.75,,
Boots Borehamwood,Makeup & Cosmetics,False Nails & Lashes,Elegant Touch Gel Sculpt Nails Rose Latte 24s,,,6.90,,
Boots Borehamwood,Makeup & Cosmetics,False Nails & Lashes,Elegant Touch Milky French Nails Milky Rose 24s,,,8.05,,
Boots Borehamwood,Makeup & Cosmetics,False Nails & Lashes,Elegant Touch Salon French 172 False Nails with Glue 24s,24pk,£0.34 each,8.05,,
Boots Borehamwood,Makeup & Cosmetics,False Nails & Lashes,Eylure 18 Hour Lash Glue Clear Latex Free 4.5ml,,,6.30,,
Boots Borehamwood,Makeup & Cosmetics,False Nails & Lashes,Eylure 3/4 Length Lashes 002 1 Pair,,,7.15,,
Boots Borehamwood,Makeup & Cosmetics,False Nails & Lashes,Eylure 3/4 Length Lashes Pair 013,,,7.15,,
Boots Borehamwood,Makeup & Cosmetics,False Nails & Lashes,Eylure Accent 005 Lashes,,,6.90,,
Boots Borehamwood,Makeup & Cosmetics,False Nails & Lashes,Eylure Brown Black Cluster Naturals No5 and Lash Adhesive 1ml,,,9.20,,
Boots Borehamwood,Makeup & Cosmetics,False Nails & Lashes,Eylure Clusters - Dramatic No.12,36pk,£0.26 each,9.20,,
Boots Borehamwood,Makeup & Cosmetics,False Nails & Lashes,Eylure Clusters Fluffy Cluster False Lashes With 1ml Lash Adhesive,,,9.20,,
Boots Borehamwood,Makeup & Cosmetics,False Nails & Lashes,Eylure Fluttery Light Lashes No.008,,,7.15,,
Boots Borehamwood,Makeup & Cosmetics,False Nails & Lashes,Eylure Fluttery Light No.008 Lashes Multipack 3 Pack,3pk,£5.50 each,16.50,,
Boots Borehamwood,Makeup & Cosmetics,False Nails & Lashes,Eylure Half Lash No.5 False Lashes Pair and Lash Adhesive 1ml,,,6.90,,
Boots Borehamwood,Makeup & Cosmetics,False Nails & Lashes,Eylure Lengthening 035 Lashes,,,6.90,,
Boots Borehamwood,Makeup & Cosmetics,False Nails & Lashes,Eylure Naturals 031 Lashes,,,6.90,,
Boots Borehamwood,Makeup & Cosmetics,False Nails & Lashes,Eylure Naturals No. 003,,,6.90,,
Boots Borehamwood,Makeup & Cosmetics,False Nails & Lashes,Eylure Pro-Lash Dylash Black,,,11.55,,
Boots Borehamwood,Makeup & Cosmetics,False Nails & Lashes,Eylure Texture 117 False Lashes,,,6.90,,
Boots Borehamwood,Makeup & Cosmetics,False Nails & Lashes,Eylure Underlash Natural Salon Curl Kit With Applicator And Bond 5ml And Remover 10ml,,,21.00,,
Boots Borehamwood,Makeup & Cosmetics,False Nails & Lashes,Eylure Volume Lash 098 False Lashes Pair and Lash Adhesive 1ml,,,8.60,,
Boots Borehamwood,Makeup & Cosmetics,False Nails & Lashes,Kiss False Nails Aesthetic Set,,,6.30,,
Boots Borehamwood,Makeup & Cosmetics,False Nails & Lashes,Kiss False Nails Flee Set,,,6.30,,
Boots Borehamwood,Makeup & Cosmetics,False Nails & Lashes,Kiss False Nails Jubilation Set,,,6.30,,
Boots Borehamwood,Makeup & Cosmetics,False Nails & Lashes,Kiss Lash Couture Eyelashes Klcd01C 2 Pack,2pk,£6.60 each,13.20,,
Boots Borehamwood,Makeup & Cosmetics,False Nails & Lashes,Kiss Powerflex Max Speed Nail Glue,,,3.45,,
Boots Borehamwood,Makeup & Cosmetics,False Nails & Lashes,Kiss Powerflex Precision Nail Glue,,,3.45,,
Boots Borehamwood,Makeup & Cosmetics,False Nails & Lashes,Tatti Lashes Au Natural Individual Lashes 20g,30pk,£0.30 each,9.10,,
Boots Borehamwood,Makeup & Cosmetics,False Nails & Lashes,Tatti Lashes Chocolate Wispy Volume Pre-Glued Individual Clusters 30s,30pk,£0.40 each,12.00,,
Boots Borehamwood,Makeup & Cosmetics,False Nails & Lashes,Tatti Lashes Haute Couture Individual Lashes 20g,30pk,£0.30 each,9.10,,
Boots Borehamwood,Makeup & Cosmetics,False Nails & Lashes,Tatti Lashes Invisi-Lash Black Glue and Bond 2.4ml,,,12.00,,
Boots Borehamwood,Makeup & Cosmetics,False Nails & Lashes,Tatti Lashes Invisi-Lash Clear Glue and Bond 2.4ml,,,12.00,,
Boots Borehamwood,Makeup & Cosmetics,False Nails & Lashes,Tatti Lashes Latte Pre-Glued Individual Clusters 30s,30pk,£0.40 each,12.00,,
Boots Borehamwood,Makeup & Cosmetics,False Nails & Lashes,Tatti Lashes Pre Glued Hybrid Volume Individual Lashes 19g,30pk,£0.40 each,12.00,,
Boots Borehamwood,Makeup & Cosmetics,False Nails & Lashes,Tatti Lashes Pre-Glued Everyday Mapped Individual Lashes Clusters 10s,10pk,£0.80 each,7.95,,
Boots Borehamwood,Makeup & Cosmetics,False Nails & Lashes,Tatti Lashes Seamless Winged Mapped Individual Lashes Clusters 12s,,,7.95,,
Boots Borehamwood,Makeup & Cosmetics,False Nails & Lashes,Tatti Lashes Wispy Volume Individual Lashes 20g,30pk,£0.30 each,9.10,,
Boots Borehamwood,Makeup & Cosmetics,K Beauty,Anua Azelaic 10 Hyaluron Redness Soothing Pads - 230ml,230ml,£100.43/L,23.10,,
Boots Borehamwood,Makeup & Cosmetics,K Beauty,Anua Heartleaf 70 Soothing Collagen Mask 4 Pack,4pk,£4.40 each,17.60,,
Boots Borehamwood,Makeup & Cosmetics,K Beauty,Anua Heartleaf 77% Soothing Toner 250ml,250ml,£83.60/L,20.90,,
Boots Borehamwood,Makeup & Cosmetics,K Beauty,Anua Heartleaf Pore Control Cleansing Oil 200ml,200ml,£88.00/L,17.60,,
Boots Borehamwood,Makeup & Cosmetics,K Beauty,Anua Heartleaf Quercetinol Pore Deep Cleansing Foam 150ml,150ml,£95.33/L,14.30,,
Boots Borehamwood,Makeup & Cosmetics,K Beauty,Anua Niacinamide 10% And Txa 4% Serum 30ml,30ml,£770.00/L,23.10,,
Boots Borehamwood,Makeup & Cosmetics,K Beauty,Anua Starter Kit,,,39.90,,
Boots Borehamwood,Makeup & Cosmetics,K Beauty,Anua Zero-Cast Moisturising Suncream SPF50 50ml,50ml,£396.00/L,19.80,,
Boots Borehamwood,Makeup & Cosmetics,K Beauty,Beauty Of Joseon Dynasty Cream 50ml,50ml,£441.00/L,22.05,,
Boots Borehamwood,Makeup & Cosmetics,K Beauty,Beauty Of Joseon Ginseng Cleansing Oil 210ml,210ml,£89.05/L,18.70,,
Boots Borehamwood,Makeup & Cosmetics,K Beauty,Beauty Of Joseon Ginseng Essence Water 150ml,150ml,£113.67/L,17.05,,
Boots Borehamwood,Makeup & Cosmetics,K Beauty,Beauty Of Joseon Glow Deep Serum : Rice+Alpha-Arbutin 30ml,30ml,£550.00/L,16.50,,
Boots Borehamwood,Makeup & Cosmetics,K Beauty,Beauty Of Joseon Glow Replenishing Rice Milk 150ml,150ml,£113.67/L,17.05,,
Boots Borehamwood,Makeup & Cosmetics,K Beauty,Beauty Of Joseon Glow Serum : Propolis + Niacinamide 30ml,30ml,£550.00/L,16.50,,
Boots Borehamwood,Makeup & Cosmetics,K Beauty,Beauty Of Joseon Ground Rice And Honey Glow Mask 150ml,150ml,£113.67/L,17.05,,
Boots Borehamwood,Makeup & Cosmetics,K Beauty,Beauty Of Joseon Matte Sun Stick : Mugwort + Camilia 18g,18g,£947.22/kg,17.05,,
Boots Borehamwood,Makeup & Cosmetics,K Beauty,Beauty Of Joseon Relief Sun Aqua-Fresh Rice + B5 SPF50+ 50ml,50ml,£341.00/L,17.05,,
Boots Borehamwood,Makeup & Cosmetics,K Beauty,Beauty Of Joseon Relief Sun Rice And Probiotics SPF50+ 50ml,50ml,£341.00/L,17.05,,
Boots Borehamwood,Makeup & Cosmetics,K Beauty,Beauty Of Joseon Revive Eye Serum : Ginseng + Retinal 30ml,30ml,£550.00/L,16.50,,
Boots Borehamwood,Makeup & Cosmetics,K Beauty,Beauty Of Joseon Revive Serum : Ginseng + Snail Mucin 30ml,30ml,£550.00/L,16.50,,
Boots Borehamwood,Makeup & Cosmetics,K Beauty,Beauty of Joseon Dynasty Cream 100ml,100ml,£315.00/L,31.50,,
Boots Borehamwood,Makeup & Cosmetics,K Beauty,Beauty of Joseon Green Plum Refreshing Cleanser 200ml,200ml,£104.50/L,20.90,,
Boots Borehamwood,Makeup & Cosmetics,K Beauty,Beauty of Joseon Green Plum Refreshing Toner Aha + Bha 150ml,150ml,£117.33/L,17.60,,
Boots Borehamwood,Makeup & Cosmetics,K Beauty,Beauty of Joseon Light on Serum Centella + Vita C 30ml,30ml,£550.00/L,16.50,,
Boots Borehamwood,Makeup & Cosmetics,K Beauty,Beauty of Joseon Red Bean Refreshing Pore Mask 140ml,140ml,£133.57/L,18.70,,
Boots Borehamwood,Makeup & Cosmetics,K Beauty,Beauty of Joseon Red Bean Water Gel 100ml,100ml,£176.00/L,17.60,,
Boots Borehamwood,Makeup & Cosmetics,K Beauty,Cosrx Advanced Snail 92 All In One Cream 100ml,100ml,£252.00/L,25.20,,
Boots Borehamwood,Makeup & Cosmetics,K Beauty,Cosrx Advanced Snail 96 Mucin Power Essence Gel 100ml,100ml,£241.50/L,24.15,,
Boots Borehamwood,Makeup & Cosmetics,K Beauty,Dr. Althea 147 Barrier Cream 50ml,50ml,£461.00/L,23.05,,
Boots Borehamwood,Makeup & Cosmetics,K Beauty,Dr.Melaxin cactox cactus essence pore relief toner 150ml,150ml,£120.00/L,18.00,,
Boots Borehamwood,Makeup & Cosmetics,K Beauty,Dr.Melaxin cactox pore relief jelly serum mist 80ml,80ml,£245.63/L,19.65,,
Boots Borehamwood,Makeup & Cosmetics,K Beauty,Dr.Melaxin cactox pore relief multi balm 25g,25g,£786.00/kg,19.65,,
Boots Borehamwood,Makeup & Cosmetics,K Beauty,Dr.Melaxin peel shot glow white rice toner 200ml,200ml,£92.75/L,18.55,,
Boots Borehamwood,Makeup & Cosmetics,K Beauty,Haruharu Wonder Black Rice Bakuchiol Eye Cream,20ml,£825.00/L,16.50,,
Boots Borehamwood,Makeup & Cosmetics,K Beauty,Laneige Lip Sleeping Mask Berry 20g,20g,"£1,102.50/kg",22.05,,
Boots Borehamwood,Makeup & Cosmetics,K Beauty,Purito Oat-in Calming Gel Cream 100ml,100ml,£176.00/L,17.60,,
Boots Borehamwood,Makeup & Cosmetics,K Beauty,Round Lab 1025 Dokdo Cream 80ml,80ml,£328.13/L,26.25,,
Boots Borehamwood,Makeup & Cosmetics,K Beauty,Round Lab 1025 Dokdo Toner 200ml,200ml,£93.50/L,18.70,,
Boots Borehamwood,Makeup & Cosmetics,K Beauty,Skin1004 Madagascar Centella Ampoule 55ml,55ml,£300.00/L,16.50,,
Boots Borehamwood,Makeup & Cosmetics,K Beauty,Skin1004 Madagascar Centella Tone Brightening Capsule Ampoule 50ml,50ml,£371.00/L,18.55,,
Boots Borehamwood,Makeup & Cosmetics,Lip Makeup,17. Tinted Lip Butter Deep Honey,,,4.60,,
Boots Borehamwood,Makeup & Cosmetics,Lip Makeup,Benefit Benetint Lip And Cheek Stain Shade Rose 6ml,6ml,"£4,108.33/L",24.65,,
Boots Borehamwood,Makeup & Cosmetics,Lip Makeup,Collection Gloss Me Up Lip Gloss Lychee,10ml,£340.00/L,3.40,,
Boots Borehamwood,Makeup & Cosmetics,Lip Makeup,Collection Lip & Cheek Stain SH2 Poppy 5ml,5ml,£910.00/L,4.55,,
Boots Borehamwood,Makeup & Cosmetics,Lip Makeup,E.L.F. Glow Reviver Lip Oil Honey Talks 7.6ml,8ml,"£1,293.75/L",10.35,,
Boots Borehamwood,Makeup & Cosmetics,Lip Makeup,E.L.F. Glow Reviver Lip Oil Jam Session 7.6ml,8ml,"£1,293.75/L",10.35,,
Boots Borehamwood,Makeup & Cosmetics,Lip Makeup,E.L.F. Glow Reviver Lip Oil Pink Quartz 7.6ml,8ml,"£1,293.75/L",10.35,,
Boots Borehamwood,Makeup & Cosmetics,Lip Makeup,E.L.F. Glow Reviver Lip Oil Rose Envy 7.6ml,8ml,"£1,293.75/L",10.35,,
Boots Borehamwood,Makeup & Cosmetics,Lip Makeup,Flower Knows shell's jewel collection nourishing lip glaze P06 lunar jelly,,,17.60,,
Boots Borehamwood,Makeup & Cosmetics,Lip Makeup,L'Oreal Color Riche Satin Lipstick 107 Seine Sunset,,,11.45,,
Boots Borehamwood,Makeup & Cosmetics,Lip Makeup,L'Oreal Paris Colour Riche Lipstick 235 Nude,28g,£408.93/kg,11.45,,
Boots Borehamwood,Makeup & Cosmetics,Lip Makeup,L'Oreal Paris Plump Ambition Lip Oil - Worth It,5ml,"£2,630.00/L",13.15,,
Boots Borehamwood,Makeup & Cosmetics,Lip Makeup,L'Oreal Signature Plumping Lip Gloss 402 Soar,7ml,"£1,635.71/L",11.45,,
Boots Borehamwood,Makeup & Cosmetics,Lip Makeup,Lipcote Original Lipstick Sealer,7ml,£821.43/L,5.75,,
Boots Borehamwood,Makeup & Cosmetics,Lip Makeup,Maybelline Lifter Gloss Lip Gloss 003 Moon,48g,£214.58/kg,10.30,,
Boots Borehamwood,Makeup & Cosmetics,Lip Makeup,Maybelline Lifter Gloss Lip Gloss 006 Reef,48g,£214.58/kg,10.30,,
Boots Borehamwood,Makeup & Cosmetics,Lip Makeup,Maybelline Lifter Gloss Lip Gloss 008 Stone,48g,£214.58/kg,10.30,,
Boots Borehamwood,Makeup & Cosmetics,Lip Makeup,Maybelline Super Stay 24H Dual Ended Lipstick 185 Rose Dust,9ml,"£1,461.11/L",13.15,,
Boots Borehamwood,Makeup & Cosmetics,Lip Makeup,Maybelline Super Stay Matte Ink Lipstick 15 Lover,5ml,"£2,630.00/L",13.15,,
Boots Borehamwood,Makeup & Cosmetics,Lip Makeup,Maybelline Super Stay Matte Ink Lipstick 65 Seductress,5ml,"£2,630.00/L",13.15,,
Boots Borehamwood,Makeup & Cosmetics,Lip Makeup,Maybelline Superstay Matte Ink Lipstick 80 Ruler 5ml,5ml,"£2,630.00/L",13.15,,
Boots Borehamwood,Makeup & Cosmetics,Lip Makeup,Maybelline Superstay Vinyl Ink Long Lasting Liquid Lipstick - Captivated,,,13.15,,
Boots Borehamwood,Makeup & Cosmetics,Lip Makeup,Maybelline Superstay Vinyl Ink Long Lasting Liquid Lipstick - Coy,,,13.15,,
Boots Borehamwood,Makeup & Cosmetics,Lip Makeup,Maybelline Superstay Vinyl Ink Long Lasting Liquid Lipstick - Keen,,,13.15,,
Boots Borehamwood,Makeup & Cosmetics,Lip Makeup,Maybelline Superstay Vinyl Ink Long Lasting Liquid Lipstick - Peachy,,,13.15,,
Boots Borehamwood,Makeup & Cosmetics,Lip Makeup,Maybelline Superstay Vinyl Ink Long Lasting Liquid Lipstick - Punchy,,,13.15,,
Boots Borehamwood,Makeup & Cosmetics,Lip Makeup,Maybelline Superstay Vinyl Ink Long Lasting Liquid Lipstick - Unrivalled,,,13.15,,
Boots Borehamwood,Makeup & Cosmetics,Lip Makeup,No7 High Shine Lip Crayon Daydreamer 2.71g,,,15.30,,
Boots Borehamwood,Makeup & Cosmetics,Lip Makeup,No7 Pro-Artist Matte Muse Lipstick Red Carpet Ready 3.5ml,,,16.40,,
Boots Borehamwood,Makeup & Cosmetics,Lip Makeup,No7 Stay Perfect Anti Feathering Lip Pencil 3G,,,11.40,,
Boots Borehamwood,Makeup & Cosmetics,Lip Makeup,No7 Stay Perfect Lip Lacquer Sugar Mauve 6ml,6ml,"£2,183.33/L",13.10,,
Boots Borehamwood,Makeup & Cosmetics,Lip Makeup,No7 Stay Perfect Lipstick Dark Berry 3.8G,,,14.20,,
Boots Borehamwood,Makeup & Cosmetics,Lip Makeup,Nyx Butter Gloss Non Sticky Lip Gloss Praline,8ml,"£1,075.00/L",8.60,,
Boots Borehamwood,Makeup & Cosmetics,Lip Makeup,"Nyx Professional Makeup Lip Iv Hydrating Gloss Stain, Lip Gloss, Drippin' In Rose, 5ml",,,12.05,,
Boots Borehamwood,Makeup & Cosmetics,Lip Makeup,Nyx Professional Makeup Soft Matte Lip Cream - Abu Dhabi,8ml,"£1,006.25/L",8.05,,
Boots Borehamwood,Makeup & Cosmetics,Lip Makeup,Nyx Professional Makeup Soft Matte Lip Cream - Cannes,8ml,"£1,006.25/L",8.05,,
Boots Borehamwood,Makeup & Cosmetics,Lip Makeup,Nyx Professional Makeup Soft Matte Lip Cream - Leon,8ml,"£1,006.25/L",8.05,,
Boots Borehamwood,Makeup & Cosmetics,Lip Makeup,Revolution Pout Bomb plumping gloss cookie 4.6ml,,,6.85,,
Boots Borehamwood,Makeup & Cosmetics,Lip Makeup,Rimmel London Lasting Finish 8hr Lip Liner Cappuccino 1.2g,,,4.55,,
Boots Borehamwood,Makeup & Cosmetics,Lip Makeup,Rimmel London Lasting Finish Lipstick Heather Shimmer 4g,,,6.85,,
Boots Borehamwood,Makeup & Cosmetics,Lip Makeup,Rimmel London Lasting Finish Lipstick Sugar Plum 4g,,,6.85,,
Boots Borehamwood,Makeup & Cosmetics,Lip Makeup,Rimmel Oh My Gloss! Butter Me Up Lip Butter Balm Latte Delight,15ml,£763.33/L,11.45,,
Boots Borehamwood,Makeup & Cosmetics,Lip Makeup,Rimmel Oh My Gloss! Butter Me Up Lip Butter Balm Vanilla Frost,15ml,£763.33/L,11.45,,
Boots Borehamwood,Makeup & Cosmetics,Lip Makeup,Roc Derm Correxion Lip Volumizer With Hyaluronic Acid 10ml,10ml,"£2,725.00/L",27.25,,
Boots Borehamwood,Makeup & Cosmetics,Lip Makeup,Soap & Glory Sexy Mother Pucker XL Lipgloss Clear 10ml,10ml,"£1,315.00/L",13.15,,
Boots Borehamwood,Makeup & Cosmetics,Lip Makeup,Soap & Glory Sexy Mother Pucker XXL Pillow Plump Lipgloss Clearvoyant 10ml,10ml,"£1,315.00/L",13.15,,
Boots Borehamwood,Makeup & Cosmetics,Lip Makeup,Wonderskin Wonder Blading Lip Stain Masque - Divine - 4ml,,,19.80,,
Boots Borehamwood,Makeup & Cosmetics,Lip Makeup,Wonderskin Wonder Blading Lip Stain Masque - Playful - 4ml,,,19.80,,
Boots Borehamwood,Makeup & Cosmetics,Lip Makeup,Wonderskin Wonder Blading Lip Stain Masque - Romance - 4ml,,,19.80,,
Boots Borehamwood,Makeup & Cosmetics,Lip Makeup,Wonderskin Wonder Blading Lip Stain Masque - Xoxo - 4ml,,,19.80,,
Boots Borehamwood,Makeup & Cosmetics,Offers,Benefit 24 Hour Brow Setter Mini Brow Gel 3.5ml,,,15.95,,3 for £35
Boots Borehamwood,Makeup & Cosmetics,Offers,Benefit Fan Fest- Fanning & Volumising Mascara Mini,,,16.50,,3 for £35
Boots Borehamwood,Makeup & Cosmetics,Offers,Benefit Fluff Up brow wax mini 3ml,3g,"£5,316.67/kg",15.95,,3 for £35
Boots Borehamwood,Makeup & Cosmetics,Offers,Benefit Gimme Brow Plus Mini Brow Gel Shade Extension Shade 2 1.5g,,,15.95,,3 for £35
Boots Borehamwood,Makeup & Cosmetics,Offers,Benefit Gimme Brow+ Brow Gel Mini Shade 03 1.5g,,,15.95,,3 for £35
Boots Borehamwood,Makeup & Cosmetics,Offers,Benefit Gimme Brow+ Volumising Eyebrow Gel Mini,,,15.95,,3 for £35
Boots Borehamwood,Makeup & Cosmetics,Offers,Benefit Precisely My Brow 03 Medium Mini Brow Pencil 0.04g,,,15.95,,3 for £35
Boots Borehamwood,Makeup & Cosmetics,Offers,Benefit Rollerlash Mini Mascara 4g,,,16.50,,3 for £35
Boots Borehamwood,Makeup & Cosmetics,Offers,Benefit They're Real Magnet Mascara Black 4g,,,16.50,,3 for £35
Boots Borehamwood,Makeup & Cosmetics,Offers,Benefit badgal bang waterproof mini mascara 4g,4g,"£4,125.00/kg",16.50,,3 for £35
Boots Borehamwood,Makeup & Cosmetics,Offers,Benefit badgal bounce volumising mini mascara 4g,4g,"£4,125.00/kg",16.50,,3 for £35
Boots Borehamwood,Makeup & Cosmetics,Offers,Benefit precisely my brow pencil mini shade extension shade 02 0.04g,0.4g,"£39,875.00/kg",15.95,,3 for £35
Boots Borehamwood,Makeup & Cosmetics,Offers,Benefit precisely my brow pencil mini shade extension shade 05 0.04g,0.4g,"£39,875.00/kg",15.95,,3 for £35
Boots Borehamwood,Makeup & Cosmetics,Offers,Benefit precisely my brow pencil mini shade extension shade 3.5 0.04g,0.4g,"£39,875.00/kg",15.95,,3 for £35
Boots Borehamwood,Makeup & Cosmetics,Nail Polish & Remover,Boots Acetone Free Nail Polish Remover 50ml,50ml,£20.00/L,1.00,,
Boots Borehamwood,Makeup & Cosmetics,Nail Polish & Remover,Boots Acetone Free Nail Polish Remover Pads 25s,25pk,£0.10 each,2.50,,
Boots Borehamwood,Makeup & Cosmetics,Nail Polish & Remover,Boots Advanced Nail Polish Remover 200ml,200ml,£20.00/L,4.00,,
Boots Borehamwood,Makeup & Cosmetics,Nail Polish & Remover,Boots Artificial Nail Remover Dip & Twist 50ml,50ml,£60.00/L,3.00,,
Boots Borehamwood,Makeup & Cosmetics,Nail Polish & Remover,Boots Nail Polish Remover 100ml,100ml,£20.00/L,2.00,,
Boots Borehamwood,Makeup & Cosmetics,Nail Polish & Remover,Boots Nail Polish Remover 200ml,200ml,£12.50/L,2.50,,
Boots Borehamwood,Makeup & Cosmetics,Nail Polish & Remover,Boots Nail Polish Remover Dip & Twist 75ml,75ml,£40.00/L,3.00,,
Boots Borehamwood,Makeup & Cosmetics,Nail Polish & Remover,Boots Nail Polish Remover Pads,25pk,£0.10 each,2.50,,
Boots Borehamwood,Makeup & Cosmetics,Nail Polish & Remover,Boots Nail Polish Remover Pads 15,15pk,£0.10 each,1.50,,
Boots Borehamwood,Makeup & Cosmetics,Nail Polish & Remover,Collection Spotlight Shine Gel Effect Nail Polish SH24 Soft Bliss 10.5ml,11ml,£413.64/L,4.55,,
Boots Borehamwood,Makeup & Cosmetics,Nail Polish & Remover,"Essie Nail Polish 13 Mademoiselle Baby Pink Colour, Original High Shine And High Coverage Nail Polish 13.5 ml",13ml,£792.31/L,10.30,,
Boots Borehamwood,Makeup & Cosmetics,Nail Polish & Remover,Kiss Core French Nails Curiosity,,,8.60,,
Boots Borehamwood,Makeup & Cosmetics,Nail Polish & Remover,Kiss Core French Nails Passionate,,,8.60,,
Boots Borehamwood,Makeup & Cosmetics,Nail Polish & Remover,Kiss Core French Nails Snapshot,,,8.60,,
Boots Borehamwood,Makeup & Cosmetics,Nail Polish & Remover,Kiss Core Magnetic Nails Flaming,,,9.75,,
Boots Borehamwood,Makeup & Cosmetics,Nail Polish & Remover,Kiss Falscara Bond & Seal Black,,,12.10,,
Boots Borehamwood,Makeup & Cosmetics,Nail Polish & Remover,Mylee 5 in 1 Builder Gel Nail Polish Clear & Peach 15ml Duo Pack,,,24.15,,
Boots Borehamwood,Makeup & Cosmetics,Nail Polish & Remover,Mylee Gel Remover 250ml,250ml,£34.40/L,8.60,,
Boots Borehamwood,Makeup & Cosmetics,Nail Polish & Remover,Mylee Nail Prep Dehydrator 15ml,15g,£690.00/kg,10.35,,
Boots Borehamwood,Makeup & Cosmetics,Nail Polish & Remover,Mylee The Midi Gel Nail Polish and LED Lamp Kit,,,82.95,,
Boots Borehamwood,Makeup & Cosmetics,Nail Polish & Remover,No7 Stay Perfect Nail Base Coat 10Ml,10ml,£795.00/L,7.95,,
Boots Borehamwood,Makeup & Cosmetics,Nail Polish & Remover,No7 Stay Perfect Nail Top Coat 10Ml,10ml,£795.00/L,7.95,,
Boots Borehamwood,Makeup & Cosmetics,Nail Polish & Remover,Opi Infinite Shine Gel-Like Top Coat 15ml,15ml,"£1,283.33/L",19.25,,
Boots Borehamwood,Makeup & Cosmetics,Nail Polish & Remover,Opi Nature Strong Skincare Glow Up Nail and Cuticle Oil 15ml,15ml,"£1,573.33/L",23.60,,
Boots Borehamwood,Makeup & Cosmetics,Nail Polish & Remover,Rimmel 60 Seconds Super Shine Nail Polish - Queen Of Tarts,8ml,£568.75/L,4.55,,
Boots Borehamwood,Makeup & Cosmetics,Nail Polish & Remover,Rimmel 60 Seconds Super Shine Nail Polish 345 Black Cherries,8ml,£568.75/L,4.55,,
Boots Borehamwood,Makeup & Cosmetics,Nail Polish & Remover,Rimmel 60 Seconds Super Shine Nail Polish 500 Caramel Cupcake,8ml,£568.75/L,4.55,,
Boots Borehamwood,Makeup & Cosmetics,Nail Polish & Remover,Rimmel 60 Seconds Super Shine Nail Polish 878 Roll in The Grass,8ml,£568.75/L,4.55,,
Boots Borehamwood,Makeup & Cosmetics,Nail Polish & Remover,Rimmel 60 Seconds Super Shine Nail Polish Gimme Some of That,8ml,£568.75/L,4.55,,
Boots Borehamwood,Makeup & Cosmetics,Nail Polish & Remover,Rimmel London 60 Seconds Super Shine Nail Polish Clear 8ml,8ml,£568.75/L,4.55,,
Boots Borehamwood,Makeup & Cosmetics,Nail Polish & Remover,Rimmel London 60 Seconds Super Shine Nail Polish Darling You Are Fabulous 8ml,8g,£568.75/kg,4.55,,
Boots Borehamwood,Makeup & Cosmetics,Nail Polish & Remover,Rimmel London 60 Seconds Super Shine Nail Polish Double Decker Red 8ml,8ml,£568.75/L,4.55,,
Boots Borehamwood,Makeup & Cosmetics,Nail Polish & Remover,Rimmel London 60 Seconds Super Shine Nail Polish Ethereal 8ml,8ml,£568.75/L,4.55,,
Boots Borehamwood,Makeup & Cosmetics,Nail Polish & Remover,Rimmel London 60 Seconds Super Shine Nail Polish White Hot Love 8ml,8ml,£568.75/L,4.55,,
Boots Borehamwood,Makeup & Cosmetics,Nail Polish & Remover,Rimmel London Rita Ora Shades Of Black 60 Seconds Nail Polish Black Black 8ml,8ml,£568.75/L,4.55,,
Boots Borehamwood,Makeup & Cosmetics,Nail Polish & Remover,Rimmel London Super Gel French Manicure Nail Polish English Rose 12ml,12ml,£666.67/L,8.00,,
Boots Borehamwood,Makeup & Cosmetics,Nail Polish & Remover,Rimmel London Super Gel Nail Polish Basic B 12ml,12ml,£666.67/L,8.00,,
Boots Borehamwood,Makeup & Cosmetics,Nail Polish & Remover,Rimmel London Super Gel Nail Polish Cocktail Passion 12ml,12ml,£666.67/L,8.00,,
Boots Borehamwood,Makeup & Cosmetics,Nail Polish & Remover,Rimmel London Super Gel Nail Polish New Romantic 12ml,12ml,£666.67/L,8.00,,
Boots Borehamwood,Makeup & Cosmetics,Nail Polish & Remover,Rimmel London Super Gel Nail Polish Rock N Roll 12ml,12ml,£666.67/L,8.00,,
Boots Borehamwood,Makeup & Cosmetics,Nail Polish & Remover,Rimmel London Super Gel Nail Polish Sun Fun Daze 12ml,12ml,£666.67/L,8.00,,
Boots Borehamwood,Makeup & Cosmetics,Nail Polish & Remover,Rimmel London Super Gel Nail Polish Venus 12ml,12ml,£666.67/L,8.00,,
Boots Borehamwood,Makeup & Cosmetics,Nail Polish & Remover,Rimmel London Super Gel Nail Polish Wild Gal 12ml,12ml,£666.67/L,8.00,,
Boots Borehamwood,Makeup & Cosmetics,Nail Polish & Remover,Rimmel London Super Gel Top Coat 12ml,12ml,£666.67/L,8.00,,
Boots Borehamwood,Makeup & Cosmetics,Nail Polish & Remover,Rimmel Nail Care Ultra Holographic Top Coat 12ml,12ml,£475.00/L,5.70,,
Boots Borehamwood,Makeup & Cosmetics,Nail Polish & Remover,Rimmel Super Gel Nail Polish - 023 Grape Sorbet,12ml,£666.67/L,8.00,,
Boots Borehamwood,Makeup & Cosmetics,Nail Polish & Remover,Sally Hansen Diamond Strength 13.3ml,13ml,£930.77/L,12.10,,
Boots Borehamwood,Makeup & Cosmetics,Nail Polish & Remover,Sally Hansen Double Duty Nail Strengthening Base & Top Coat 13.3ml,13ml,£707.69/L,9.20,,
Boots Borehamwood,Makeup & Cosmetics,Nail Polish & Remover,Sally Hansen Instant Dry Anti Chip Top Coat 13.3ml,13ml,£619.23/L,8.05,,
Boots Borehamwood,Makeup & Cosmetics,Nail Polish & Remover,Sally Hansen Miracle Cure 13.3ml,13ml,£930.77/L,12.10,,
Boots Borehamwood,Men's,Men's Aftershave,BOSS The Scent Eau de Toilette for Him 50ml,50ml,"£1,491.00/L",74.55,,
Boots Borehamwood,Men's,Men's Aftershave,"BOSS The Scent Eau de Toilette for Him, 100ml",100ml,"£1,039.50/L",103.95,,
Boots Borehamwood,Men's,Men's Aftershave,BOSS The Scent for Him Eau de Parfum Intense 50ml,50ml,"£1,722.00/L",86.10,,
Boots Borehamwood,Men's,Men's Razors & Shaving Foam,Bic Flex 3 Comfort Razors 4 Pack,4pk,£1.00 each,4.00,,
Boots Borehamwood,Men's,Men's Aftershave,Boss Bottled Beyond Men's Eau de Parfum 100ml,100ml,"£1,102.50/L",110.25,,
Boots Borehamwood,Men's,Men's Aftershave,Boss Bottled Eau De Toilette 100ml,100ml,£955.50/L,95.55,,
Boots Borehamwood,Men's,Men's Aftershave,Boss Bottled Eau De Toilette 200ml,200ml,£672.00/L,134.40,,
Boots Borehamwood,Men's,Men's Aftershave,Boss Bottled Elixir Parfum Intense For Him 100ml,100ml,"£1,165.50/L",116.55,,
Boots Borehamwood,Men's,Men's Aftershave,Boss Bottled Night Eau De Toilette 100ml,100ml,£903.00/L,90.30,,
Boots Borehamwood,Men's,Men's Aftershave,Boss Bottled Unlimited Eau De Toilette 100ml,100ml,£934.50/L,93.45,,
Boots Borehamwood,Men's,Men's Aftershave,Boss Orange Man Eau De Toilette 100ml,100ml,£787.50/L,78.75,,
Boots Borehamwood,Men's,Men's Skincare,Bulldog Age Defence Eye Roll On 15ml,15ml,£733.33/L,11.00,,
Boots Borehamwood,Men's,Men's Skincare,Bulldog Age Defence Moisturiser 100ml,100ml,£103.50/L,10.35,,
Boots Borehamwood,Men's,Men's Skincare,Bulldog Energising Moisturiser 100ml,100ml,£103.50/L,10.35,,
Boots Borehamwood,Men's,Men's Skincare,Bulldog Oil Control Moisturiser 100ml,100ml,£77.00/L,7.70,,
Boots Borehamwood,Men's,Men's Skincare,Bulldog Original Bamboo Razor,,,13.20,,
Boots Borehamwood,Men's,Men's Skincare,Bulldog Original Moisturiser 100ml,100ml,£77.00/L,7.70,,
Boots Borehamwood,Men's,Men's Razors & Shaving Foam,Bulldog Sensitive Bamboo Razor Blades 4 Pack,4pk,£2.30 each,9.20,,
Boots Borehamwood,Men's,Men's Skincare,Bulldog Sensitive Moisturiser 100ml,100ml,£77.00/L,7.70,,
Boots Borehamwood,Men's,Men's Skincare,"Bulldog Skincare Protective SPF 15 Face Moisturiser for Men, Men's Face Cream, Uva/uvb Sun Protection, 100ml",100ml,£103.50/L,10.35,,
Boots Borehamwood,Men's,Men's Aftershave,Calvin Klein CK IN2U Him Eau De Toilette 150ml,150ml,£462.00/L,69.30,,
Boots Borehamwood,Men's,Men's Aftershave,Calvin Klein CK One Eau De Toilette 100ml,100ml,£577.50/L,57.75,,
Boots Borehamwood,Men's,Men's Aftershave,Calvin Klein Eternity For Men Eau De Toilette 100ml,100ml,£840.00/L,84.00,,
Boots Borehamwood,Men's,Men's Aftershave,Calvin Klein Obsession For Men Eau De Toilette Spray 125ml,125ml,£672.00/L,84.00,,
Boots Borehamwood,Men's,Men's Skincare,Cantu for Men Hair and Beard Oil 100ml,100g,£102.50/kg,10.25,,
Boots Borehamwood,Men's,Men's Aftershave,Cosmic Kylie Jenner 2.0. Eau de Parfum 100ml,100ml,£609.00/L,60.90,,
Boots Borehamwood,Men's,Men's Aftershave,Dolce & Gabbana The One For Men Eau De Toilette 100ml,100ml,"£1,029.00/L",102.90,,
Boots Borehamwood,Men's,Men's Skincare,Dr Squatch Mens All Natural Mini Bar Soap Coconut Castaway 65g,65g,£70.00/kg,4.55,,
Boots Borehamwood,Men's,Men's Razors & Shaving Foam,Gillette Blue3 Men's Disposable Razors x8,8pk,£0.93 each,7.45,,
Boots Borehamwood,Men's,Men's Razors & Shaving Foam,Gillette BlueII Plus Slalom Men's Disposable Razors x8,8pk,£0.61 each,4.90,,
Boots Borehamwood,Men's,Men's Skincare,Gillette Classic Shave Foam Regular 250ml,250ml,£10.20/L,2.55,,
Boots Borehamwood,Men's,Men's Skincare,Gillette Fusion Moisturising Shave Gel For Men With Cocoa Butter 200ml,200ml,£18.75/L,3.75,,
Boots Borehamwood,Men's,Men's Razors & Shaving Foam,Gillette Fusion Shave Gel With Almond Oil For Sensitive Skin 200ml,200ml,£18.75/L,3.75,,
Boots Borehamwood,Men's,Men's Razors & Shaving Foam,Gillette Fusion5 Blades 16 Pack,16pk,£2.30 each,36.75,,
Boots Borehamwood,Men's,Men's Razors & Shaving Foam,Gillette Fusion5 Blades 8 Pack,8pk,£3.28 each,26.25,,
Boots Borehamwood,Men's,Men's Razors & Shaving Foam,Gillette Fusion5 Men's Razor & Fusion5 Razor Refills For Men x 4,,,20.75,,
Boots Borehamwood,Men's,Men's Razors & Shaving Foam,"Gillette Fusion5 Mens Razor Blade Refills, 4 Pack",4pk,£3.56 each,14.25,,
Boots Borehamwood,Men's,Men's Razors & Shaving Foam,Gillette Fusion5 Power Blades 8 Pack,8pk,£3.54 each,28.30,,
Boots Borehamwood,Men's,Men's Razors & Shaving Foam,"Gillette Fusion5 Razor For Men, 1 Gillette Razor",,,12.05,,
Boots Borehamwood,Men's,Men's Razors & Shaving Foam,Gillette Fusion5 Razor Refills For Men 11 Razor Blade Refills,11pk,£2.58 each,28.35,,
Boots Borehamwood,Men's,Men's Skincare,Gillette Labs Body Shave Prep Gel 177ml,177ml,£32.49/L,5.75,,
Boots Borehamwood,Men's,Men's Razors & Shaving Foam,Gillette Labs Exfoliating Razor Kit,,,18.88,37.75,50% off
Boots Borehamwood,Men's,Men's Razors & Shaving Foam,Gillette Labs Gold Razor,,,28.30,,
Boots Borehamwood,Men's,Men's Razors & Shaving Foam,Gillette Labs Razor + Travel Case (5 Blades) Gold,,,52.45,,
Boots Borehamwood,Men's,Men's Razors & Shaving Foam,Gillette Labs Razor Blades Refill 4 Pack,4pk,£5.49 each,21.95,,
Boots Borehamwood,Men's,Offers,Gillette Labs UEFA Champions League Body + Intimate Razor,,,12.58,25.15,50% off
Boots Borehamwood,Men's,Men's Razors & Shaving Foam,Gillette Mach3 Razor For Men 1 Gillette Razor 12 Blade Refills,,,25.20,,
Boots Borehamwood,Men's,Men's Razors & Shaving Foam,"Gillette Mach3 Razor For Men, 1 Gillette Razor, 2 Razor Blade Refills",,,9.15,,
Boots Borehamwood,Men's,Men's Razors & Shaving Foam,Gillette Mach3 Razor Refills For Men x 4,4pk,£2.58 each,10.30,,
Boots Borehamwood,Men's,Men's Razors & Shaving Foam,"Gillette Mach3 Razor Refills For Men, 8 Razor Blade Refills",8pk,£2.45 each,19.60,,
Boots Borehamwood,Men's,Men's Razors & Shaving Foam,"Gillette Mach3 Turbo Men Razor Blade Refills, 4 Pack",4pk,£3.15 each,12.60,,
Boots Borehamwood,Men's,Men's Razors & Shaving Foam,"Gillette Mach3 Turbo Men Razor Blade Refills, 8 Pack",8pk,£2.68 each,21.45,,
Boots Borehamwood,Men's,Men's Razors & Shaving Foam,Gillette Proglide Men's Razor - 4 Blades,,,23.60,,
Boots Borehamwood,Men's,Men's Razors & Shaving Foam,Gillette Proglide Razor For Men 1 Gillette Razor 9 Blade Refills,,,33.60,,
Boots Borehamwood,Men's,Men's Razors & Shaving Foam,"Gillette Proglide Razor For Men, 1 Razor Blade Refill",,,14.80,,
Boots Borehamwood,Men's,Men's Razors & Shaving Foam,Gillette Proglide Razor Refills For Men 10 Razor Blade Refills,10pk,£3.15 each,31.50,,
Boots Borehamwood,Men's,Men's Razors & Shaving Foam,Gillette Proglide Razor Refills For Men x 4,4pk,£4.39 each,17.55,,
Boots Borehamwood,Men's,Men's Razors & Shaving Foam,Gillette Proshield Razor Blades Refills x4,4pk,£4.88 each,19.50,,
Boots Borehamwood,Men's,Men's Razors & Shaving Foam,Gillette Proshield Razor Blades Refills x8,8pk,£3.88 each,31.05,,
Boots Borehamwood,Men's,Men's Razors & Shaving Foam,"Gillette Sensor3 Comfort, Disposable Razors For Men, -Pack Razors",8pk,£1.22 each,9.75,,
Boots Borehamwood,Men's,Men's Razors & Shaving Foam,Gillette Sensorexcel Men's Razor Blades - 10 Refills,10pk,£1.38 each,13.80,,
Boots Borehamwood,Men's,Men's Razors & Shaving Foam,Gillette Series Moisturising Men's Shaving Gel 200ml,200ml,£14.50/L,2.90,,
Boots Borehamwood,Men's,Men's Razors & Shaving Foam,Gillette Series Sensitive Men's Shaving Gel 200ml,200ml,£14.00/L,2.80,,
Boots Borehamwood,Men's,Men's Razors & Shaving Foam,Gillette Series Shaving Foam For Men With Sensitive Skin 250ml,250ml,£11.60/L,2.90,,
Boots Borehamwood,Men's,Men's Razors & Shaving Foam,Gillette Skinguard Sensitive Disposable Razor x4,4pk,£1.58 each,6.30,,
Boots Borehamwood,Men's,Men's Razors & Shaving Foam,"Gillette Skinguard Sensitive Men Razor, 1 Handle, 1 Blade Refills",,,12.35,,
Boots Borehamwood,Men's,Men's Razors & Shaving Foam,"Gillette Skinguard Sensitive Razor Blade Refills For Men,4 Blades",4pk,£3.56 each,14.25,,
Boots Borehamwood,Men's,Men's Razors & Shaving Foam,"Gillette Skinguard Sensitive Razor Blade Refills For Men,8 Blades",8pk,£3.11 each,24.90,,
Boots Borehamwood,Men's,Men's Razors & Shaving Foam,Harry Men's Razor + 5 Blades - Orange,,,15.40,,
Boots Borehamwood,Men's,Men's Razors & Shaving Foam,Harry's Men's Razor Blades 4 Pack,4pk,£2.59 each,10.35,,
Boots Borehamwood,Men's,Men's Razors & Shaving Foam,Harry's Men's Shave Cream 100ml,100ml,£80.50/L,8.05,,
Boots Borehamwood,Men's,Men's Aftershave,Hugo Boss Bottled Absolu Parfum 100ml,100ml,"£1,218.00/L",121.80,,
Boots Borehamwood,Men's,Men's Aftershave,Hugo Boss Eau De Toilette 200ml,200ml,£682.50/L,136.50,,
Boots Borehamwood,Men's,Men's Aftershave,Hugo Boss In Motion Eau De Toilette 100ml,100ml,£787.50/L,78.75,,
Boots Borehamwood,Men's,Men's Aftershave,Hugo Boss The Scent Elixir For Him Eau de Parfum 50ml,50ml,"£1,869.00/L",93.45,,
Boots Borehamwood,Men's,Men's Aftershave,Hugo Boss The Scent Elixir For Him Eau de Parfum100ml,100ml,"£1,365.00/L",136.50,,
Boots Borehamwood,Men's,Men's Aftershave,Hugo Boss The Scent For Him Parfum 100ml,100ml,"£1,176.00/L",117.60,,
Boots Borehamwood,Men's,Men's Aftershave,Hugo Boss The Scent Magnetic For Him Eau de Parfum 100ml,100ml,"£1,123.50/L",112.35,,
Boots Borehamwood,Men's,Men's Aftershave,Hugo Boss The Scent Magnetic For Him Eau de Parfum 50ml,50ml,"£1,617.00/L",80.85,,
Boots Borehamwood,Men's,Men's Aftershave,Jean Paul Gaultier Le Male Eau De Toilette Spray 125ml,125ml,£840.00/L,105.00,,
Boots Borehamwood,Men's,Men's Aftershave,K By Dolce&Gabbana Eau De Toilette 100ml,100ml,"£1,029.00/L",102.90,,
Boots Borehamwood,Men's,Men's Skincare,King C. Gillette Face & Stubble Moisturiser 100ml,100ml,£114.50/L,11.45,,
Boots Borehamwood,Men's,Men's Skincare,L'Oreal Men Expert Anti-Marks Shirt Protect 48H Anti-Perspirant Deodorant 250ml,250ml,£24.00/L,6.00,,
Boots Borehamwood,Men's,Men's Skincare,"L'Oreal Men Expert Hydra Energetic 10% Pure Vitamin C Shot Serum, Smoother & Refreshed Skin, 30ml",30ml,£731.67/L,21.95,,
Boots Borehamwood,Men's,Men's Skincare,L'Oreal Men Expert Hydra Energetic Anti Shine Quenching Gel Moisturiser 50ml,50ml,£263.00/L,13.15,,
Boots Borehamwood,Men's,Men's Skincare,"L'Oreal Men Expert Hydra Energetic Anti-Fatigue Moisturiser, With SPF 15 for Men 50ml",50ml,£307.00/L,15.35,,
Boots Borehamwood,Men's,Men's Skincare,L'Oreal Men Expert Power Age Hyaluronic Acid Multi-Action Hydrating Serum 30ml,30ml,£731.67/L,21.95,,
Boots Borehamwood,Men's,Men's Skincare,L'Oreal Men Expert Shirt Protect Anti-Marks 48H Roll on Antiperspirant Deodorant 50ml,50ml,£87.00/L,4.35,,
Boots Borehamwood,Men's,Men's Skincare,L'Oreal Men Expert Thermic Resist 48H Roll On Anti-Perspirant Deodorant 50ml,50ml,£87.00/L,4.35,,
Boots Borehamwood,Men's,Men's Skincare,L'Oreal Paris Men Expert Hydra Energetic Anti-Fatigue Moisturiser 50ml,50ml,£285.00/L,14.25,,
Boots Borehamwood,Men's,Men's Skincare,L'Oreal Paris Men Expert Power Age Moisturiser Hyaluronic Acid 50ml,50ml,£351.00/L,17.55,,
Boots Borehamwood,Men's,Men's Skincare,L'Oreal Paris Men Expert Shower Gel Hydra Energy 1000ml,1L,£6.90/L,6.90,,
Boots Borehamwood,Men's,Men's Skincare,L'oreal Paris Men Expert Carbon Protect Deodorant 150ml,150ml,£17.00/L,2.55,,
Boots Borehamwood,Men's,Men's Skincare,Men Sensitive Care Shave Gel 150Ml,150ml,£60.67/L,9.10,,
Boots Borehamwood,Men's,Men's Razors & Shaving Foam,Men-Black Barbiere Pure Bristle Shaving Brush With Stand & Free 15ml Shave Crme Buddy Tube,,,13.10,,
Boots Borehamwood,Men's,Men's Aftershave,Montblanc Explorer Eau de Parfum 100ml,100ml,£934.50/L,93.45,,
Boots Borehamwood,Men's,Men's Aftershave,Montblanc Explorer Eau de Parfum 60ml,60ml,"£1,137.50/L",68.25,,
Boots Borehamwood,Men's,Men's Skincare,NIVEA MEN 2in1 Anti-Age Power Moisturiser with Luminous630 & Hyaluronic Acid SPF30 50ml,50ml,£493.00/L,24.65,,
Boots Borehamwood,Men's,Men's Skincare,NIVEA MEN 2in1 Anti-Age Power Serum with Luminous630 & Hyaluronic Acid 30ml,30ml,£891.67/L,26.75,,
Boots Borehamwood,Men's,Men's Skincare,NIVEA MEN Anti-Age Hyaluron Day Cream Moisturiser with Hyaluronic Acid SPF15 50ml,50ml,£329.00/L,16.45,,
Boots Borehamwood,Men's,Men's Skincare,NIVEA MEN Anti-Age Hyaluron Eye Cream 15ml,15ml,"£1,096.67/L",16.45,,
Boots Borehamwood,Men's,Men's Skincare,NIVEA MEN Anti-Age Hyaluron Face Gel Moisturiser with Hyaluronic Acid 50ml,50ml,£362.00/L,18.10,,
Boots Borehamwood,Men's,Men's Skincare,NIVEA MEN Hydrocare 48H Hydration Face Moisturiser 75ml,75ml,£134.00/L,10.05,,
Boots Borehamwood,Men's,Men's Skincare,NIVEA MEN Hydrocare Hydrating Liquid Moisturiser 100ml,100ml,£142.50/L,14.25,,
Boots Borehamwood,Men's,Men's Skincare,NIVEA MEN Hydrocare Moisturising Face Cream 50ml,50ml,£186.00/L,9.30,,
Boots Borehamwood,Men's,Men's Skincare,NIVEA MEN Hydrocare Serum 30ml,30ml,£548.33/L,16.45,,
Boots Borehamwood,Men's,Men's Skincare,NIVEA MEN Protect & Care Replenishing Post Shave Balm with Aloe Vera 100ml,100ml,£81.00/L,8.10,,
Boots Borehamwood,Men's,Men's Skincare,NIVEA MEN Sensitive Daily Protect Moisturiser SPF30 50ml,50ml,£307.00/L,15.35,,
Boots Borehamwood,Men's,Men's Skincare,NIVEA MEN Sensitive Face Moisturiser 75ml,75ml,£152.00/L,11.40,,
Boots Borehamwood,Men's,Men's Skincare,NIVEA MEN Sensitive Face SPF15 Moisturiser with 0% Alcohol 75ml,75ml,£160.00/L,12.00,,
Boots Borehamwood,Men's,Men's Skincare,NIVEA MEN Sensitive Moisturiser 100ml,100ml,£142.50/L,14.25,,
Boots Borehamwood,Men's,Men's Skincare,NIVEA MEN Sensitive Skin & Stubble Gel Moisturiser 50ml,50ml,£228.00/L,11.40,,
Boots Borehamwood,Men's,Men's Skincare,Nivea Men 48H Moisture Sensitive Face Cream 50ml,50ml,£201.00/L,10.05,,
Boots Borehamwood,Men's,Men's Skincare,"Nivea Men Creme For Face, Body, Hands 150ml",150ml,£39.67/L,5.95,,
Boots Borehamwood,Men's,Men's Razors & Shaving Foam,Nivea Men Sensitive Cooling Post Shave Balm With 0% Alcohol 100ml,100ml,£99.50/L,9.95,,
Boots Borehamwood,Men's,Men's Razors & Shaving Foam,Nivea Men Sensitive Post Shave Balm With 0% Alcohol 100ml,100ml,£99.50/L,9.95,,
Boots Borehamwood,Men's,Men's Razors & Shaving Foam,"Nivea Men Sensitive Shave Foam With 0 % Alcohol, 200ml",200ml,£14.25/L,2.85,,
Boots Borehamwood,Men's,Men's Razors & Shaving Foam,Nivea Men Sensitive Shave Gel 30ml,30ml,£66.67/L,2.00,,
Boots Borehamwood,Men's,Men's Skincare,No7 Men Energising Face Beard & Stubble Moisturiser Spf15 50Ml,50ml,£284.00/L,14.20,,
Boots Borehamwood,Men's,Men's Skincare,No7 Men Energising Supercharge,50ml,£284.00/L,14.20,,
Boots Borehamwood,Men's,Men's Skincare,No7 Men Future Renew Eye Cream 15Ml,15ml,"£1,956.67/L",29.35,,
Boots Borehamwood,Men's,Men's Skincare,No7 Men Future Renew Moisturiser 50Ml,50ml,£797.00/L,39.85,,
Boots Borehamwood,Men's,Men's Skincare,No7 Men Future Renew Serum 30Ml,30ml,"£1,398.33/L",41.95,,
Boots Borehamwood,Men's,Men's Skincare,No7 Men Future Renew Serum 50Ml,50ml,"£1,007.00/L",50.35,,
Boots Borehamwood,Men's,Men's Aftershave,Paco Rabanne 1 Million For Men Eau De Toilette 100ml For Him,100ml,£955.50/L,95.55,,
Boots Borehamwood,Men's,Men's Razors & Shaving Foam,Philips Oneblade First Shave With Anti-Friction Blade - QP1324/20,,,31.45,,
Boots Borehamwood,Men's,Men's Aftershave,Rabanne 1 Million Eau De Toilette 200ml,200ml,£651.00/L,130.20,,
Boots Borehamwood,Men's,Men's Aftershave,Rabanne 1 Million Eau De Toilette 50ml,50ml,"£1,407.00/L",70.35,,
Boots Borehamwood,Men's,Men's Aftershave,Rabanne 1 Million Elixir Parfum Intense 50ml,50ml,"£1,680.00/L",84.00,,
Boots Borehamwood,Men's,Men's Aftershave,Rabanne Invictus Eau De Toilette 100ml,100ml,£997.50/L,99.75,,
Boots Borehamwood,Men's,Men's Aftershave,Rabanne Invictus Eau De Toilette 50ml,50ml,"£1,449.00/L",72.45,,
Boots Borehamwood,Men's,Men's Aftershave,Rabanne Phantom Intense Eau de Parfum Intense 50ml,50ml,"£1,659.00/L",82.95,,
Boots Borehamwood,Men's,Men's Aftershave,Rabanne Phantom Parfum 50ml,50ml,"£1,659.00/L",82.95,,
Boots Borehamwood,Men's,Men's Aftershave,Tom Ford Bois Pacifique Eau de Parfum 100ml,100ml,"£1,627.50/L",162.75,,
Boots Borehamwood,Men's,Men's Aftershave,Tom Ford Eau d’Ombre Leather 100ml,100ml,"£1,344.00/L",134.40,,
Boots Borehamwood,Men's,Men's Aftershave,Tom Ford Noir Extreme Eau de Parfum 100ml,100ml,"£1,596.00/L",159.60,,
Boots Borehamwood,Men's,Men's Aftershave,Tom Ford Noir Extreme Eau de Parfum 50ml,50ml,"£2,268.00/L",113.40,,
Boots Borehamwood,Men's,Men's Aftershave,Tom Ford Ombre Leather All Over Body Spray 150ml,150ml,£259.00/L,38.85,,
Boots Borehamwood,Men's,Men's Aftershave,Tom Ford Ombre Leather Eau de Parfum 100ml,100ml,"£1,627.50/L",162.75,,
Boots Borehamwood,Men's,Men's Aftershave,Tom Ford Ombre Leather Eau de Parfum 150ml,150ml,"£1,365.00/L",204.75,,
Boots Borehamwood,Men's,Men's Aftershave,Tom Ford Ombre Leather Eau de Parfum 50ml,50ml,"£2,268.00/L",113.40,,
Boots Borehamwood,Men's,Men's Aftershave,Versace Blue Jeans Eau De Toilette 75ml,75ml,£602.00/L,45.15,,
Boots Borehamwood,Men's,Men's Aftershave,Versace Dylan Blue Eau De Toilette 100ml,100ml,"£1,008.00/L",100.80,,
Boots Borehamwood,Men's,Men's Aftershave,Versace Eros Eau De Toilette 100ml,100ml,"£1,008.00/L",100.80,,
Boots Borehamwood,Men's,Men's Aftershave,Versace Eros Eau de Parfum 100ml,100ml,"£1,102.50/L",110.25,,
Boots Borehamwood,Men's,Men's Aftershave,Versace Eros Energy Eau de Parfum 100ml,100ml,"£1,102.50/L",110.25,,
Boots Borehamwood,Men's,Men's Aftershave,Versace Eros Flame Eau de Parfum 100ml,100ml,"£1,102.50/L",110.25,,
Boots Borehamwood,Men's,Men's Skincare,Weleda Moisture Cream For Men 30ml,30ml,£585.00/L,17.55,,
Boots Borehamwood,Men's,Men's Razors & Shaving Foam,Wilkinson Sword Quattro Titanium Sensitive Men's Razor Blades 8 Pack,8pk,£1.13 each,9.03,15.05,40% off
Boots Borehamwood,Men's,Men's Razors & Shaving Foam,Wilkinson Sword Xtreme 3 Sensitive Men's Disposable Razors,8pk,£1.08 each,8.60,,
Boots Borehamwood,Men's,Men's Razors & Shaving Foam,Wilkinson Sword Xtreme 3 Ultimate Plus Men's Disposable Razors 4 Pack,4pk,£1.44 each,5.75,,
Boots Borehamwood,Men's,Men's Skincare,Blind Barber 60 Proof Wax 70g,70g,£282.86/kg,19.80,,
Boots Borehamwood,Men's,Men's Skincare,Bulldog Oil Control Face Scrub 125ml,125ml,£52.40/L,6.55,,
Boots Borehamwood,Men's,Men's Skincare,Bulldog Oil Control Face Wash 150ml,150ml,£39.67/L,5.95,,
Boots Borehamwood,Men's,Men's Skincare,Bulldog Original Moisturiser Mini 30ml,30ml,£115.00/L,3.45,,
Boots Borehamwood,Men's,Men's Skincare,Bulldog Sensitive face wash 150ml,150ml,£39.67/L,5.95,,
Boots Borehamwood,Men's,Men's Skincare,Dove Men + Care Active 48h Antiperspirant Deodorant 200ml,200ml,£15.75/L,3.15,,
Boots Borehamwood,Men's,Men's Skincare,L'Oreal Men Expert Hydra Energetic Anti-Fatigue Face Wash 100ml,100ml,£80.00/L,8.00,,
Boots Borehamwood,Men's,Men's Skincare,L'Oreal Paris Men Expert Deodorant Thermic Protect Clean Cool 150ml,150ml,£17.00/L,2.55,,
Boots Borehamwood,Men's,Men's Skincare,L'oreal Paris Men Expert Shirt Protect Anti Marks Spray Antiperspirant Deodorant 150ml,150ml,£17.00/L,2.55,,
Boots Borehamwood,Men's,Men's Skincare,Lynx Fine Fragrance Blue Lavender Bodyspray 200ml,200ml,£39.75/L,7.95,,
Boots Borehamwood,Men's,Men's Skincare,Men Oil Control Exfoliating Face Wash 150Ml,150ml,£60.67/L,9.10,,
Boots Borehamwood,Men's,Men's Skincare,NIVEA MEN Deep Darkwood Face & Beard Wash 100ml,100ml,£71.50/L,7.15,,
Boots Borehamwood,Men's,Men's Skincare,NIVEA MEN Deep Darkwood Face Scrub 75ml,75ml,£95.33/L,7.15,,
Boots Borehamwood,Men's,Men's Skincare,NIVEA MEN Protect & Care Deep Cleansing Face Wash with Aloe Vera 100ml,100ml,£68.00/L,6.80,,
Boots Borehamwood,Men's,Men's Skincare,NIVEA MEN Protect & Care Exfoliating Face Scrub with Aloe Vera 75ml,75ml,£88.00/L,6.60,,
Boots Borehamwood,Men's,Men's Skincare,Nivea Men Derma Control 48 Hour Antiperspirant Deodorant Roll on Sensitive 50ml,50g,£69.00/kg,3.45,,
Boots Borehamwood,Men's,Men's Skincare,Nivea Men Derma Control Defend Antiperspirant Deodorant Spray 250ml,250ml,£25.60/L,6.40,,
Boots Borehamwood,Men's,Men's Skincare,Old Spice Night Power Deodorant Stick 50ml,50ml,£86.00/L,4.30,,
Boots Borehamwood,Oral Healthcare,Mouthwash & Floss,Biotene Dry Mouth Moisturising Mouthwash In Fresh Mint 500ml,500ml,£18.40/L,9.20,,
Boots Borehamwood,Oral Healthcare,Mouthwash & Floss,Boots Disposable Interdental Sticks - 100 Pieces,100pk,£0.03 each,3.00,,
Boots Borehamwood,Oral Healthcare,Mouthwash & Floss,Boots Everyday Dental Floss 50M,,,1.50,,
Boots Borehamwood,Oral Healthcare,Mouthwash & Floss,Boots Everyday Disposable Flossers Mint 30 Pack,30pk,£0.05 each,1.50,,
Boots Borehamwood,Oral Healthcare,Mouthwash & Floss,Boots Everyday Silky Tape Disposable Flossers 30 Pack,30pk,£0.07 each,2.00,,
Boots Borehamwood,Oral Healthcare,Mouthwash & Floss,Boots Everyday Total Care Mouthwash 500ml,500ml,£2.60/L,1.30,,
Boots Borehamwood,Oral Healthcare,Mouthwash & Floss,Boots Expert Chlorhexidine Dental Tape - 30M,,,2.50,,
Boots Borehamwood,Oral Healthcare,Mouthwash & Floss,Boots Expert Dental Pick Scaler & Mirror,,,6.00,,
Boots Borehamwood,Oral Healthcare,Mouthwash & Floss,Boots Expert Tepe Angled Interdental Brushes Red 0.5mm,6pk,£0.70 each,4.20,,
Boots Borehamwood,Oral Healthcare,Mouthwash & Floss,Boots Expert Tepe Interdental Brush Blue 0.6mm 6 Pack,6pk,£0.59 each,3.55,,
Boots Borehamwood,Oral Healthcare,Mouthwash & Floss,Boots Expert Tepe Interdental Brush Pink 0.4mm 6 Pack,6pk,£0.59 each,3.55,,
Boots Borehamwood,Oral Healthcare,Mouthwash & Floss,Boots Expert Tepe Interdental Brush Yellow 0.7mm 6 Pack,6pk,£0.59 each,3.55,,
Boots Borehamwood,Oral Healthcare,Mouthwash & Floss,Boots Expert Tepe Mixed Interdental Brushes,6pk,£0.59 each,3.55,,
Boots Borehamwood,Oral Healthcare,Mouthwash & Floss,Boots Sensitive Floss 30m,,,2.50,,
Boots Borehamwood,Oral Healthcare,Mouthwash & Floss,CB12 Instant Fresh Breath Spray Mint 15ml,15ml,£383.33/L,5.75,,
Boots Borehamwood,Oral Healthcare,Mouthwash & Floss,CB12 Mint-Menthol Mouthwash 250ml,250ml,£25.40/L,6.35,,
Boots Borehamwood,Oral Healthcare,Mouthwash & Floss,Cb12 Sensitive 250ml,250ml,£29.80/L,7.45,,
Boots Borehamwood,Oral Healthcare,Mouthwash & Floss,Colgate Max White Purple Reveal Mouthwash 500ml,500ml,£11.50/L,5.75,,
Boots Borehamwood,Oral Healthcare,Mouthwash & Floss,Colgate Peroxyl Mouthwash Mint Flavour 300ml,300ml,£20.50/L,6.15,,
Boots Borehamwood,Oral Healthcare,Mouthwash & Floss,Colgate Plax Cool Mint Mouthwash 500ml,500ml,£10.30/L,5.15,,
Boots Borehamwood,Oral Healthcare,Mouthwash & Floss,Colgate Plax Cool Mint Travel Mouthwash 100ml,100ml,£17.50/L,1.75,,
Boots Borehamwood,Oral Healthcare,Mouthwash & Floss,Colgate Total Plaque Protect Peppermint Mouthwash 500ml,500ml,£11.50/L,5.75,,
Boots Borehamwood,Oral Healthcare,Mouthwash & Floss,"Corsodyl Active Gum Health, Daily Mouthwash, 500 ml",500ml,£12.60/L,6.30,,
Boots Borehamwood,Oral Healthcare,Mouthwash & Floss,"Corsodyl Complete Protection, Daily Gum Mouthwash, Extra Fresh 500ml",500ml,£12.60/L,6.30,,
Boots Borehamwood,Oral Healthcare,Mouthwash & Floss,Corsodyl Gum Disease Treatment Mouthwash Chlorhexidine 0.2% Mint 300ml,300ml,£22.17/L,6.65,,
Boots Borehamwood,Oral Healthcare,Mouthwash & Floss,"Corsodyl Medicated, Antibacterial Mouthwash, Alcohol Free, 300ml",300ml,£22.17/L,6.65,,
Boots Borehamwood,Oral Healthcare,Mouthwash & Floss,Dentek Complete Clean Eco Plant Based Floss Picks,75pk,£0.08 each,5.75,,
Boots Borehamwood,Oral Healthcare,Mouthwash & Floss,Dentek Cross Flosser Eco Plant Based Floss Picks,36pk,£0.10 each,3.45,,
Boots Borehamwood,Oral Healthcare,Mouthwash & Floss,Dentek Eco Comfort Picks Eco Friendly Medium - 40 Pack,40pk,£0.14 each,5.75,,
Boots Borehamwood,Oral Healthcare,Mouthwash & Floss,Dentek Mint Flossers x90,90pk,£0.09 each,8.05,,
Boots Borehamwood,Oral Healthcare,Mouthwash & Floss,Dentek Orabrush Tongue Cleaner - Fights Bad Breath,,,6.30,,
Boots Borehamwood,Oral Healthcare,Mouthwash & Floss,Dentek Temparin Max Dental Repair Kit Twin Pack - 24+ Repairs,,,9.20,,
Boots Borehamwood,Oral Healthcare,Mouthwash & Floss,Gengigel Mouthrinse 150ml,150ml,£80.00/L,12.00,,
Boots Borehamwood,Oral Healthcare,Mouthwash & Floss,Gengigel Mouthrinse 300ml,300ml,£69.50/L,20.85,,
Boots Borehamwood,Oral Healthcare,Mouthwash & Floss,Icy Bear Tongue Scraper,,,11.45,,
Boots Borehamwood,Oral Healthcare,Mouthwash & Floss,Listerine Advanced Defence Gum Treatment Mouthwash 500ml,500ml,£14.40/L,7.20,,
Boots Borehamwood,Oral Healthcare,Mouthwash & Floss,Listerine Essentials Cool Mint Mouthwash 500ml,500ml,£8.90/L,4.45,,
Boots Borehamwood,Oral Healthcare,Mouthwash & Floss,Listerine Essentials Milder Taste Cool Mint Mouthwash 500ml,500ml,£8.90/L,4.45,,
Boots Borehamwood,Oral Healthcare,Mouthwash & Floss,Listerine Total Care 10-In-1 Benefit Clean Mint Mouthwash 500ml,500ml,£12.80/L,6.40,,
Boots Borehamwood,Oral Healthcare,Mouthwash & Floss,Listerine Total Care Mouthwash 250ml,250ml,£15.60/L,3.90,,
Boots Borehamwood,Oral Healthcare,Mouthwash & Floss,Listerine Total Care Stay White Mouthwash 250ml,250ml,£15.60/L,3.90,,
Boots Borehamwood,Oral Healthcare,Mouthwash & Floss,Listerine Total Care Teeth & Gum Mouthwash 500ml,500ml,£12.80/L,6.40,,
Boots Borehamwood,Oral Healthcare,Mouthwash & Floss,Oral-B Essential Floss Mint 50m,,,3.45,,
Boots Borehamwood,Oral Healthcare,Mouthwash & Floss,Oral-B Satin Tape Dental Floss Mint Flavour 50m,,,5.75,,
Boots Borehamwood,Oral Healthcare,Mouthwash & Floss,Oraldene Mouthwash 200ml,200ml,£31.00/L,6.20,,
Boots Borehamwood,Oral Healthcare,Mouthwash & Floss,Sensodyne Pronamel Enamel Care Sensitive Teeth Mouthwash Daily 250ml,250ml,£20.80/L,5.20,,
Boots Borehamwood,Oral Healthcare,Mouthwash & Floss,The Breath Co Alcohol Free Mouthwash Icy Mint - 500ml,500ml,£22.00/L,11.00,,
Boots Borehamwood,Oral Healthcare,Mouthwash & Floss,The Breath Co Alcohol Free Mouthwash Icy Mint 300ml,300ml,£26.67/L,8.00,,
Boots Borehamwood,Oral Healthcare,Mouthwash & Floss,Ultradex Daily Oral Rinse Original 500ml,500ml,£18.40/L,9.20,,
Boots Borehamwood,Oral Healthcare,Mouthwash & Floss,Ultradex Fresh Breath Spray 9ml,9ml,£450.00/L,4.05,,
Boots Borehamwood,Oral Healthcare,Oral Health,Aloclair Plus Fast Acting Mouth Ulcer Spray 15ml,15ml,£500.00/L,7.50,,
Boots Borehamwood,Oral Healthcare,Oral Health,Anbesol Adult Strength Gel - 10g,10g,£400.00/kg,4.00,,
Boots Borehamwood,Oral Healthcare,Oral Health,Biotne Dry Mouth Oral Balance Saliva Replacement Gel 50g,50g,£219.00/kg,10.95,,
Boots Borehamwood,Oral Healthcare,Oral Health,Blistex Relief Cream - 5g,5g,£800.00/kg,4.00,,
Boots Borehamwood,Oral Healthcare,Oral Health,Bonjela - 15g,15g,£450.00/kg,6.75,,
Boots Borehamwood,Oral Healthcare,Oral Health,Bonjela Adult Mouth Ulcer Pain Relief Cool Mint Gel 15g,15g,£450.00/kg,6.75,,
Boots Borehamwood,Oral Healthcare,Oral Health,Boots Antiviral Cold Sore 5% W/W Cream 2g,,,4.29,,
Boots Borehamwood,Oral Healthcare,Oral Health,Boots Cold Sore Treatment Patches 15 Pack,15pk,£0.35 each,5.30,,
Boots Borehamwood,Oral Healthcare,Oral Health,Boots Pharmaceuticals Mouth Ulcer Pastilles x24,24pk,£0.23 each,5.49,,
Boots Borehamwood,Oral Healthcare,Oral Health,Compeed Hydrocolloid Cold Sore Patch - 15 Pack,15pk,£0.38 each,5.75,,
Boots Borehamwood,Oral Healthcare,Oral Health,Cymex 5g,5g,£690.00/kg,3.45,,
Boots Borehamwood,Oral Healthcare,Oral Health,Dentek Comfort-Fit Dental Guard - 2 Pack for Protection from Teeth Grinding (Bruxism),2pk,£23.63 each,47.25,,
Boots Borehamwood,Oral Healthcare,Oral Health,Dentek Temparin Max Dental Repair Kit 2.64g,,,5.75,,
Boots Borehamwood,Oral Healthcare,Oral Health,Gengigel First Aid Forte Oral Gel 8ml,8ml,"£1,325.00/L",10.60,,
Boots Borehamwood,Oral Healthcare,Oral Health,Gengigel Gel 20 ml,20ml,£512.50/L,10.25,,
Boots Borehamwood,Oral Healthcare,Oral Health,Iglu Shield Mouth Ulcer Treatment 10g,10g,£805.00/kg,8.05,,
Boots Borehamwood,Oral Healthcare,Oral Health,Orajel Dental Gel For Toothache - 5.3g,5g,£920.00/kg,4.60,,
Boots Borehamwood,Oral Healthcare,Oral Health,Poligrip Pro Guard & Retainer Clear & Fresh Daily Cleanser - 30 Tablets,30pk,£0.21 each,6.30,,
Boots Borehamwood,Oral Healthcare,Oral Health,Vitis Orthodontic Wax Twin Pack,,,6.90,,
Boots Borehamwood,Oral Healthcare,Oral Health,Zovirax Cold Sore Cream Aciclovir Pump 2g,,,8.70,,
Boots Borehamwood,Oral Healthcare,Oral Health,Zovirax Cold Sore Cream Aciclovir Tube 2g,,,8.30,,
Boots Borehamwood,Oral Healthcare,Teeth Whitening,Aquafresh Complete Care Whitening Toothpaste 75ml,75ml,£30.67/L,2.30,,
Boots Borehamwood,Oral Healthcare,Teeth Whitening,Aquafresh White Renew Long Lasting Whitening Toothpaste 75ml,75ml,£30.00/L,2.25,,
Boots Borehamwood,Oral Healthcare,Toothpaste,Arm & Hammer Sensitive Pro Repair Baking Soda Toothpaste 75ml,75ml,£53.33/L,4.00,,
Boots Borehamwood,Oral Healthcare,Toothpaste,Arm And Hammer Advanced White Pro 75ml,75ml,£53.33/L,4.00,,
Boots Borehamwood,Oral Healthcare,Teeth Whitening,Boots Advanced Teeth Whitening Strips 56s,56pk,£0.45 each,25.00,,
Boots Borehamwood,Oral Healthcare,Oral Healthcare Accessories,Boots Alligner Case,,,3.50,,
Boots Borehamwood,Oral Healthcare,Oral Healthcare Accessories,Boots Denture Brush,,,1.50,,
Boots Borehamwood,Oral Healthcare,Toothbrushes,Boots Everyday Daily Care Toothbrush 2 Pack,2pk,£0.65 each,1.30,,
Boots Borehamwood,Oral Healthcare,Orthodontic & Denture Care,Boots Everyday Denture Bath,,,2.00,,
Boots Borehamwood,Oral Healthcare,Toothpaste,Boots Everyday Sensitive Toothpaste 100ml,100ml,£10.00/L,1.00,,
Boots Borehamwood,Oral Healthcare,Toothpaste,Boots Everyday Total Care Travel Toothpaste 25ml,25ml,£20.00/L,0.50,,
Boots Borehamwood,Oral Healthcare,Toothbrushes,Boots Expert Interspace Toothbrush,,,3.50,,
Boots Borehamwood,Oral Healthcare,Oral Healthcare Accessories,Boots Expert Tepe Easyfit Interdental Brush Medium to Large 6s,6pk,£0.63 each,3.75,,
Boots Borehamwood,Oral Healthcare,Toothbrushes,Boots Rotating Battery Brush,,,5.00,,
Boots Borehamwood,Oral Healthcare,Toothbrushes,Boots Smile Power Pulse Toothbrush,,,5.00,,
Boots Borehamwood,Oral Healthcare,Toothbrushes,Boots Smile Toothbrush Sensitive,,,1.25,,
Boots Borehamwood,Oral Healthcare,Oral Healthcare Accessories,Boots Tooth Brush Head Covers 4s,4pk,£0.63 each,2.50,,
Boots Borehamwood,Oral Healthcare,Toothbrushes,Colgate 360 Deep Clean Soft Manual Toothbrush x4,4pk,£1.73 each,6.90,,
Boots Borehamwood,Oral Healthcare,Toothbrushes,Colgate 360 Floss Tip Sonic Power Toothbrush,,,9.20,,
Boots Borehamwood,Oral Healthcare,Toothbrushes,Colgate Advanced White Medium Toothbrush,,,1.75,,
Boots Borehamwood,Oral Healthcare,Toothpaste,Colgate Advanced White Toothpaste 75ml,75ml,£38.00/L,2.85,,
Boots Borehamwood,Oral Healthcare,Toothbrushes,Colgate Extra Clean Toothbrush,3pk,£0.57 each,1.70,,
Boots Borehamwood,Oral Healthcare,Toothbrushes,Colgate Gentle Clean Sensitive Manual Toothbrush,,,3.45,,
Boots Borehamwood,Oral Healthcare,Toothbrushes,Colgate Kids 2-5 Years Bluey Extra Soft Manual Toothbrush x2,2pk,£1.73 each,3.45,,
Boots Borehamwood,Oral Healthcare,Toothpaste,Colgate Max Fresh Toothpaste With Cooling Crystals 100ml,100ml,£40.00/L,4.00,,
Boots Borehamwood,Oral Healthcare,Teeth Whitening,Colgate Max White Clinical Purifying Power Teeth Whitening Toothpaste 75ml,75ml,£122.67/L,9.20,,
Boots Borehamwood,Oral Healthcare,Teeth Whitening,Colgate Max White Clinical Sensitive Protect Teeth Whitening Toothpaste 75ml,75ml,£122.67/L,9.20,,
Boots Borehamwood,Oral Healthcare,Teeth Whitening,Colgate Max White Crystal Whitening Toothpaste 125ml,125ml,£55.20/L,6.90,,
Boots Borehamwood,Oral Healthcare,Toothbrushes,Colgate Max White Expert Whitening Sonic Power Toothbrush,,,9.20,,
Boots Borehamwood,Oral Healthcare,Toothbrushes,Colgate Max White Medium Toothbrush,,,3.45,,
Boots Borehamwood,Oral Healthcare,Toothbrushes,Colgate Max White Medium Toothbrush - 3 Pack,3pk,£2.68 each,8.05,,
Boots Borehamwood,Oral Healthcare,Teeth Whitening,Colgate Max White Teeth Whitening Overnight Wand,,,21.00,,
Boots Borehamwood,Oral Healthcare,Toothpaste,Colgate Max White Ultimate Renewal Whitening Mint Toothpaste  75ml,75ml,£280.00/L,21.00,,
Boots Borehamwood,Oral Healthcare,Toothpaste,Colgate Max White Ultra Active Foam 75ml,75ml,£146.67/L,11.00,,
Boots Borehamwood,Oral Healthcare,Toothbrushes,Colgate Max White Ultra Whitening Manual Toothbrush,,,6.90,,
Boots Borehamwood,Oral Healthcare,Teeth Whitening,Colgate Max White Ultra+ Enamel Teeth Whitening Toothpaste 75ml,75ml,£234.67/L,17.60,,
Boots Borehamwood,Oral Healthcare,Teeth Whitening,Colgate Max White Ultra+ Sensitive Teeth Whitening Toothpaste 75ml,75ml,£234.67/L,17.60,,
Boots Borehamwood,Oral Healthcare,Toothpaste,Colgate Maximum Cavity Protection Toothpaste 75ml,75ml,£22.67/L,1.70,,
Boots Borehamwood,Oral Healthcare,Teeth Whitening,Colgate Sensitive Instant Relief Repair + Gentle Whitening Toothpaste 100ml,100ml,£80.50/L,8.05,,
Boots Borehamwood,Oral Healthcare,Toothpaste,Colgate Total Active Prevention + Deep Clean Toothpaste 75ml,75ml,£92.00/L,6.90,,
Boots Borehamwood,Oral Healthcare,Toothpaste,Colgate Total Active Prevention + Enamel Strength Toothpaste 75ml,75ml,£92.00/L,6.90,,
Boots Borehamwood,Oral Healthcare,Toothbrushes,Colgate Total Active Prevention Foaming Clean Medium Manual Toothbrush,,,6.90,,
Boots Borehamwood,Oral Healthcare,Toothbrushes,Colgate Total Active Prevention Foaming Clean Soft Manual Toothbrush,,,6.90,,
Boots Borehamwood,Oral Healthcare,Toothpaste,Colgate Total Active Prevention Kids 7-12 Years Mild Mint Toothpaste 50ml,50ml,£46.00/L,2.30,,
Boots Borehamwood,Oral Healthcare,Toothpaste,Colgate Total Active Prevention Original Toothpaste 125ml,125ml,£64.40/L,8.05,,
Boots Borehamwood,Oral Healthcare,Toothpaste,Colgate Total Active Prevention Original Toothpaste 75ml,75ml,£38.00/L,2.85,,
Boots Borehamwood,Oral Healthcare,Toothbrushes,Colgate Total Active Prevention Whitening Soft Manual Toothbrush x2,2pk,£5.50 each,11.00,,
Boots Borehamwood,Oral Healthcare,Toothpaste,Colgate Total Plaque Pro Release Freshening Toothpaste 75ml,75ml,£92.00/L,6.90,,
Boots Borehamwood,Oral Healthcare,Teeth Whitening,Colgate Total Plaque Pro Release Whitening Toothpaste 75ml,75ml,£92.00/L,6.90,,
Boots Borehamwood,Oral Healthcare,Teeth Whitening,Colgate Total Teeth Whitening Toothpaste 100ml Pump,100ml,£46.00/L,4.60,,
Boots Borehamwood,Oral Healthcare,Toothbrushes,Colgate Twister Fresh Design Edition Soft Manual Toothbrush 4pk,4pk,£0.86 each,3.45,,
Boots Borehamwood,Oral Healthcare,Toothbrushes,Colgate Twister Fresh Medium Manual Toothbrush 2 Pack,2pk,£1.25 each,2.50,,
Boots Borehamwood,Oral Healthcare,Toothbrushes,Colgate Zigzag Firm Toothbrush,,,3.45,,
Boots Borehamwood,Oral Healthcare,Toothbrushes,Colgate Zigzag Medium Toothbrush,,,3.45,,
Boots Borehamwood,Oral Healthcare,Toothpaste,Colgateensitive Instant Relief Multi Protection Sensitive Toothpaste -75ml,75ml,£68.67/L,5.15,,
Boots Borehamwood,Oral Healthcare,Toothpaste,Corsodyl Complete Protection Gum Care Toothpaste Whitening 75ml,75ml,£76.67/L,5.75,,
Boots Borehamwood,Oral Healthcare,Toothpaste,Corsodyl Daily Complete Protection Toothpaste 75ml,75ml,£76.67/L,5.75,,
Boots Borehamwood,Oral Healthcare,Toothbrushes,"Corsodyl Daily, Complete Protection, Healthy Gum Toothbrush",,,4.05,,
Boots Borehamwood,Oral Healthcare,Toothpaste,Corsodyl Gum Strengthen & Protect Fresh Mint Toothpaste 75ml,75ml,£92.00/L,6.90,,
Boots Borehamwood,Oral Healthcare,Toothpaste,Corsodyl Gum+ Breath & Sensitivity Toothpaste Whitening 75ml,75ml,£84.67/L,6.35,,
Boots Borehamwood,Oral Healthcare,Toothpaste,Corsodyl Ultra Clean Daily Gum Care Fluoride Toothpaste 75ml,75ml,£61.33/L,4.60,,
Boots Borehamwood,Oral Healthcare,Toothbrushes,Curaprox 5460 Toothbrush,,,6.75,,
Boots Borehamwood,Oral Healthcare,Toothbrushes,Curaprox 5460 Toothbrushes Set,,,16.35,,
Boots Borehamwood,Oral Healthcare,Toothbrushes,Curaprox CS5460 Ortho Toothbrush,,,6.30,,
Boots Borehamwood,Oral Healthcare,Teeth Whitening,Dentek Eco Whitening Floss Picks 75 Pack,75pk,£0.09 each,6.90,,
Boots Borehamwood,Oral Healthcare,Oral Healthcare Accessories,Dentek Home Dental First Aid Repair Kit,,,10.35,,
Boots Borehamwood,Oral Healthcare,Oral Healthcare Accessories,Dentek Maximum Protection Dental Mouth Guard For Protection From Teeth Grinding (Bruxism),,,31.50,,
Boots Borehamwood,Oral Healthcare,Orthodontic & Denture Care,Dentu-Creme Denture Cleansing Toothpaste 75ml,75ml,£61.33/L,4.60,,
Boots Borehamwood,Oral Healthcare,Toothpaste,Euthymol Original Toothpaste 75ml,75ml,£46.00/L,3.45,,
Boots Borehamwood,Oral Healthcare,Toothpaste,Euthymol Whitening Toothpaste 75ml,75ml,£53.33/L,4.00,,
Boots Borehamwood,Oral Healthcare,Orthodontic & Denture Care,Fixodent Complete Denture Adhesive Fresh Flavour 47g,47g,£85.11/kg,4.00,,
Boots Borehamwood,Oral Healthcare,Orthodontic & Denture Care,Fixodent Complete Denture Adhesive Fresh Flavour 70g,70g,£73.57/kg,5.15,,
Boots Borehamwood,Oral Healthcare,Orthodontic & Denture Care,Fixodent Plus Foodseal Denture Adhesive 40g,40g,£115.00/kg,4.60,,
Boots Borehamwood,Oral Healthcare,Orthodontic & Denture Care,Fixodent Plus Unbeatable Bite Denture Adhesive Flavour Free 40g,40g,£106.25/kg,4.25,,
Boots Borehamwood,Oral Healthcare,Orthodontic & Denture Care,Fixodent Ultimate Denture Adhesive Flavour Free 40g,40g,£128.75/kg,5.15,,
Boots Borehamwood,Oral Healthcare,Teeth Whitening,Glo32 Weekender Whitening Strips - 8 Strips,4pk,£1.73 each,6.90,,
Boots Borehamwood,Oral Healthcare,Teeth Whitening,Hismile Stain Id Mouthwash 237ml,237ml,£69.41/L,16.45,,
Boots Borehamwood,Oral Healthcare,Teeth Whitening,Icy Bear Diamond Whitening Toothpaste 100ml,100ml,£197.50/L,19.75,,
Boots Borehamwood,Oral Healthcare,Teeth Whitening,Icy Bear Dry Whitening Strips 28s,28pk,£1.50 each,41.95,,
Boots Borehamwood,Oral Healthcare,Teeth Whitening,Icy Bear Teeth Whitening Powder 30g,30g,£731.67/kg,21.95,,
Boots Borehamwood,Oral Healthcare,Toothpaste,Janina Ultra White Extra Strength Whitening Toothpaste 75ml,75ml,£205.33/L,15.40,,
Boots Borehamwood,Oral Healthcare,Toothpaste,Janina Ultra White Maxi Super Strength Whitening Toothpaste 75ml,75ml,£205.33/L,15.40,,
Boots Borehamwood,Oral Healthcare,Toothbrushes,Listerine Reach Interdental Firm Toothbrush,,,2.40,,
Boots Borehamwood,Oral Healthcare,Toothbrushes,Listerine Reach Interdental Medium Toothbrush,,,2.40,,
Boots Borehamwood,Oral Healthcare,Toothpaste,Marvis Classic Mint Toothpaste 85ml,85ml,£101.18/L,8.60,,
Boots Borehamwood,Oral Healthcare,Toothpaste,Marvis Sensitive Gums Gentle Mint Toothpaste 75ml,75ml,£138.00/L,10.35,,
Boots Borehamwood,Oral Healthcare,Toothpaste,Marvis Travel Toothpaste Whitening Mint 25ml,25ml,£224.00/L,5.60,,
Boots Borehamwood,Oral Healthcare,Toothpaste,Marvis Whitening Toothpaste 85ml,85ml,£121.76/L,10.35,,
Boots Borehamwood,Oral Healthcare,Toothbrushes,"ORAL-B PRO-3DWHITE ADVANCED Manual Toothbrush   Removes Plaque & Surface Stains   Medium, 1",,,5.75,,
Boots Borehamwood,Oral Healthcare,Toothbrushes,"ORAL-B PRO-3DWHITE CHARCOAL Manual Toothbrush   Deep Clean & Whitening   Medium Bristles, 1<br/>",,,4.00,,
Boots Borehamwood,Oral Healthcare,Toothbrushes,"ORAL-B PRO-3DWHITE PULSAR Battery-Powered Toothbrush   For Whitening & Plaque Removal, Soft, 2",2pk,£8.25 each,16.50,,
Boots Borehamwood,Oral Healthcare,Toothbrushes,"ORAL-B PRO-SENSI ADVANCED Manual Toothbrush   Removes Plaque Bacteria   Extra Soft Bristles, 1",,,5.75,,
Boots Borehamwood,Oral Healthcare,Toothpaste,Oral B Densify Decay Control Toothpaste 75ml,75ml,£146.67/L,11.00,,
Boots Borehamwood,Oral Healthcare,Toothpaste,Oral-B 3D White Arctic Fresh Toothpaste 75ml,75ml,£38.00/L,2.85,,
Boots Borehamwood,Oral Healthcare,Teeth Whitening,Oral-B 3D White Clinical Intensive Whitening Radiant White - 75ml,75ml,£280.00/L,21.00,,
Boots Borehamwood,Oral Healthcare,Toothpaste,Oral-B 3Dwhite Luxe Perfection Toothpaste 2x75ml,150ml,£73.33/L,11.00,,
Boots Borehamwood,Oral Healthcare,Toothbrushes,Oral-B All Round Clean Black Toothbrush Mega Pack 3 Pack,3pk,£0.80 each,2.40,,
Boots Borehamwood,Oral Healthcare,Toothpaste,Oral-B Complete Toothpaste Extra White 75ml,75ml,£18.67/L,1.40,,
Boots Borehamwood,Oral Healthcare,Toothbrushes,Oral-B Indicator 35 Medium Manual Compact 35 Toothbrush,,,1.40,,
Boots Borehamwood,Oral Healthcare,Toothbrushes,Oral-B Precision Clean Toothbrush Head With Cleanmaximiser Technology 4 Pack,4pk,£4.68 each,18.70,,
Boots Borehamwood,Oral Healthcare,Toothbrushes,"Oral-B Pro Cleane Advanced Manual Toothbrush   Deep Cleaning & Plaque Removal   Medium Bristles, 2",2pk,£2.15 each,4.30,,
Boots Borehamwood,Oral Healthcare,Toothpaste,Oral-B Pro Expert Deep Clean Toothpaste 75ml,75ml,£76.67/L,5.75,,
Boots Borehamwood,Oral Healthcare,Toothbrushes,Oral-B Pro Sensitive Extra Soft Manual Toothbrush,,,5.75,,
Boots Borehamwood,Oral Healthcare,Toothbrushes,Oral-B Pro Series 1 Cross Action Electric Rechargeable Toothbrush Black,,,73.50,,
Boots Borehamwood,Oral Healthcare,Toothbrushes,"Oral-B Pro-Clean Advanced Manual Toothbrush   Deep Cleaning & Plaque Removal   Medium Bristles, 1",,,5.75,,
Boots Borehamwood,Oral Healthcare,Toothbrushes,"Oral-B Pro-Clean Manual Toothbrush   Removes Plaque & Fights Bad Breath   Medium Bristles, 2",2pk,£1.58 each,3.15,,
Boots Borehamwood,Oral Healthcare,Toothbrushes,"Oral-B Pro-Clean Manual Toothbrush Removes Plaque & Fights Bad Breath, Medium Bristles, 1",,,4.00,,
Boots Borehamwood,Oral Healthcare,Toothpaste,Oral-B Pro-Expert Advanced Extra Whitening Toothpaste 75ml,150ml,£30.67/L,4.60,,
Boots Borehamwood,Oral Healthcare,Toothbrushes,Oral-B Vitality Pro Black Electric Toothbrush,,,52.50,,
Boots Borehamwood,Oral Healthcare,Toothbrushes,Oral-B Vitality Pro Electric Rechargeable Toothbrush Lilac,,,52.50,,
Boots Borehamwood,Oral Healthcare,Toothbrushes,Oral-B Vitality Pro Electric Rechargeable Toothbrushes Black And Lilac 2 Pack,2pk,£42.00 each,84.00,,
Boots Borehamwood,Oral Healthcare,Toothbrushes,Oral-b 123 Indicator 35 Medium Manual Toothbrushes 3s,3pk,£0.95 each,2.85,,
Boots Borehamwood,Oral Healthcare,Toothpaste,Pearl Drops Lasting Flawless White Toothpolish 75ml,75ml,£112.67/L,8.45,,
Boots Borehamwood,Oral Healthcare,Toothpaste,Pearl Drops Strong Polished White Toothpaste 75ml,75ml,£112.67/L,8.45,,
Boots Borehamwood,Oral Healthcare,Toothbrushes,Philips Cordless Power Flosser HP3806/31 White,,,125.95,,
Boots Borehamwood,Oral Healthcare,Orthodontic & Denture Care,"Poligrip Denture Adhesive Fixative Cream Ultra, 40g",40g,£100.00/kg,4.00,,
Boots Borehamwood,Oral Healthcare,Orthodontic & Denture Care,"Poligrip Denture Adhesive, Max Hold And Seal Denture Adhesive Cream, 40g",40g,£100.00/kg,4.00,,
Boots Borehamwood,Oral Healthcare,Teeth Whitening,Rapid White - Blue Light Tooth Whitening System,,,36.75,,
Boots Borehamwood,Oral Healthcare,Teeth Whitening,Rapid White 1 Week Tooth Whitening Power Set,,,17.60,,
Boots Borehamwood,Oral Healthcare,Teeth Whitening,Rapid White 5 Minute Dissolving Tooth Whitening Strips,,,26.25,,
Boots Borehamwood,Oral Healthcare,Toothpaste,Rapid White Instant Whitening Toothpaste 75ml,75ml,£146.67/L,11.00,,
Boots Borehamwood,Oral Healthcare,Toothpaste,Regenerate Enamel Science Advanved Toothpaste 75ml,75ml,£154.00/L,11.55,,
Boots Borehamwood,Oral Healthcare,Orthodontic & Denture Care,Seabond Original Lowers 15 Pack,15pk,£0.29 each,4.30,,
Boots Borehamwood,Oral Healthcare,Orthodontic & Denture Care,Seabond Original Uppers 15 Pack,15pk,£0.29 each,4.30,,
Boots Borehamwood,Oral Healthcare,Toothpaste,Sensodyne Clinical Repair Active White Toothpaste 75ml,75ml,£176.00/L,13.20,,
Boots Borehamwood,Oral Healthcare,Toothpaste,Sensodyne Complete Protection+ Original Sensitive Toothpaste 75ml,75ml,£76.67/L,5.75,,
Boots Borehamwood,Oral Healthcare,Toothpaste,Sensodyne Daily Care Gentle Whitening Sensitive Toothpaste 75ml,75ml,£38.67/L,2.90,,
Boots Borehamwood,Oral Healthcare,Toothpaste,Sensodyne Daily Care Toothpaste 75ml,75ml,£38.67/L,2.90,,
Boots Borehamwood,Oral Healthcare,Teeth Whitening,Sensodyne Pronamel Active Shield Whitening Toothpaste 75ml,75ml,£88.00/L,6.60,,
Boots Borehamwood,Oral Healthcare,Toothpaste,"Sensodyne Pronamel Daily Protection, Enamel Care Sensitive Toothpaste, 75 ml",75ml,£84.00/L,6.30,,
Boots Borehamwood,Oral Healthcare,Toothpaste,"Sensodyne Pronamel Enamel Care Sensitive Toothpaste Extra Freshness, 75ml",75ml,£84.00/L,6.30,,
Boots Borehamwood,Oral Healthcare,Toothpaste,"Sensodyne Pronamel, Enamel Care Toothpaste, Gentle Whitening, 75 ml",75ml,£84.00/L,6.30,,
Boots Borehamwood,Oral Healthcare,Toothpaste,Sensodyne Rapid Relief Whitening Sensitive Teeth Toothpaste 75ml,75ml,£81.33/L,6.10,,
Boots Borehamwood,Oral Healthcare,Toothpaste,Sensodyne Repair & Protect Deep Repair Original Sensitive Toothpaste 75ml,75ml,£100.67/L,7.55,,
Boots Borehamwood,Oral Healthcare,Toothpaste,Sensodyne Sensitive Repair & Protect Whitening Toothpaste 75ml,75ml,£107.33/L,8.05,,
Boots Borehamwood,Oral Healthcare,Toothbrushes,"Sensodyne Sensitive Toothbrush, Repair And Protect Toothbrush With Duo Flex Neck",,,4.25,,
Boots Borehamwood,Oral Healthcare,Toothpaste,Sensodyne Sensitivity & Gum Toothpaste Whitening 75ml,75ml,£92.00/L,6.90,,
Boots Borehamwood,Oral Healthcare,Orthodontic & Denture Care,Steradent Active Plus Denture Cleaner Menthol - 30 Tablets,30pk,£0.05 each,1.50,,
Boots Borehamwood,Oral Healthcare,Orthodontic & Denture Care,Steradent Pro White Denture Cleaner Mint Fresh -30 Tablets,30pk,£0.07 each,2.15,,
Boots Borehamwood,Oral Healthcare,Toothbrushes,Steripod Clip On Toothbrush Protector - 2 Pack,2pk,£2.88 each,5.75,,
Boots Borehamwood,Oral Healthcare,Orthodontic & Denture Care,Vitis Orthodontic Cleaning Tablets 32 20g,32pk,£0.27 each,8.60,,
Boots Borehamwood,Oral Healthcare,Teeth Whitening,Whites Beaconsfield Non Peroxide Teeth Whitening Strips 14s,14pk,£0.94 each,13.15,,
Boots Borehamwood,Oral Healthcare,Teeth Whitening,Wisdom Intense White Enamel Boost Teeth Whitening Strips 5 Pack,,,31.50,,
Boots Borehamwood,Oral Healthcare,Teeth Whitening,Wisdom Intense White Professional LED Teeth Whitening System,,,36.75,,
Boots Borehamwood,Oral Healthcare,Teeth Whitening,Wisdom Intense White Teeth Whitening Strips Express 3 Sets of Strips,3pk,£6.60 each,19.80,,
Boots Borehamwood,Oral Healthcare,Teeth Whitening,Wisdom Intense White Teeth Whitening Strips Totarol 7 Days,7pk,£3.90 each,27.30,,
Boots Borehamwood,Oral Healthcare,Toothbrushes,Wisdom Regular Medium Toothbrush Twin Pack,2pk,£0.75 each,1.50,,
Boots Borehamwood,Oral Healthcare,Teeth Whitening,hismile Pap+ Teeth Whitening Strips Pack 7s,7pk,£2.99 each,20.90,,
Boots Borehamwood,Oral Healthcare,Toothpaste,Aquafresh White Renew Deep Clean Toothpaste 75ml,75ml,£30.00/L,2.25,,
Boots Borehamwood,Oral Healthcare,Toothpaste,Arm & Hammer Charcoal White Natural Toothpaste 75ml,75ml,£53.33/L,4.00,,
Boots Borehamwood,Oral Healthcare,Toothpaste,Boots Everyday Total Care Toothpaste 100ml,100ml,£10.00/L,1.00,,
Boots Borehamwood,Oral Healthcare,Toothpaste,Colgate Advanced White Toothpaste 100ml,100ml,£40.00/L,4.00,,
Boots Borehamwood,Oral Healthcare,Toothpaste,Colgate Bluey Kids Toothpaste 3+ 75ml,75ml,£34.00/L,2.55,,
Boots Borehamwood,Oral Healthcare,Toothpaste,Colgate Kids Mint Toothpaste 3-5 Years 20ml,20ml,£62.50/L,1.25,,
Boots Borehamwood,Oral Healthcare,Toothpaste,Colgate Max Fresh Cooling Crystals Toothpaste 20ml,20ml,£85.00/L,1.70,,
Boots Borehamwood,Oral Healthcare,Toothpaste,Colgate Max Fresh Toothpaste with Cooling Crystals 75ml,75ml,£38.00/L,2.85,,
Boots Borehamwood,Oral Healthcare,Toothpaste,Colgate Max White Luminous Teeth Whitening Toothpaste 75ml,75ml,£107.33/L,8.05,,
Boots Borehamwood,Oral Healthcare,Toothpaste,Colgate Max White One Optic Whitening Travel Size Toothpaste 20ml,20ml,£95.00/L,1.90,,
Boots Borehamwood,Oral Healthcare,Toothpaste,Colgate Max White One Teeth Whitening Toothpaste 75ml,75ml,£107.33/L,8.05,,
Boots Borehamwood,Oral Healthcare,Toothpaste,Colgate Max White Optic Teeth Whitening Toothpaste 75ml,75ml,£107.33/L,8.05,,
Boots Borehamwood,Oral Healthcare,Toothpaste,Colgate Max White Purple Reveal Teeth Whitening Toothpaste 75ml,75ml,£107.33/L,8.05,,
Boots Borehamwood,Oral Healthcare,Toothpaste,Colgate Max White Ultimate Radiance Whitening Toothpaste 75ml,75ml,£280.00/L,21.00,,
Boots Borehamwood,Oral Healthcare,Toothpaste,Colgate Max White Ultra Fresh Pearls 75ml,75ml,£146.67/L,11.00,,
Boots Borehamwood,Oral Healthcare,Toothpaste,Colgate Sensitive Instant Relief & Repair Multi Protect Toothpaste 75ml,75ml,£122.67/L,9.20,,
Boots Borehamwood,Oral Healthcare,Toothpaste,Colgate Sensitive Instant Relief Enamel Repair Toothpaste - 75ml,75ml,£68.67/L,5.15,,
Boots Borehamwood,Oral Healthcare,Toothpaste,Colgate Sensitive Instant Relief Repair + Enamel Strength Toothpaste 20ml,20ml,£85.00/L,1.70,,
Boots Borehamwood,Oral Healthcare,Toothpaste,Colgate Sensitive Instant Relief Repair + Multi-Protection Toothpaste 100ml,100ml,£80.50/L,8.05,,
Boots Borehamwood,Oral Healthcare,Toothpaste,Colgate Sensitive Instant Relief Sensitive Toothpaste with Whitening - 75ml,75ml,£68.67/L,5.15,,
Boots Borehamwood,Oral Healthcare,Toothpaste,Colgate Total Active Prevention & Deep Clean Toothpaste 20ml,20ml,£100.00/L,2.00,,
Boots Borehamwood,Oral Healthcare,Toothpaste,Colgate Total Active Prevention + Gum Care & Sensitivity Toothpaste 75ml,75ml,£92.00/L,6.90,,
Boots Borehamwood,Oral Healthcare,Toothpaste,Colgate Total Active Prevention And Advanced Teeth Whitening Toothpaste 75ml,75ml,£92.00/L,6.90,,
Boots Borehamwood,Oral Healthcare,Toothpaste,Colgate Total Active Prevention Fresh Mint Toothpaste 125ml,125ml,£64.40/L,8.05,,
Boots Borehamwood,Oral Healthcare,Toothpaste,Colgate Total Active Prevention Original Toothpaste Travel Size 20ml,20ml,£85.00/L,1.70,,
Boots Borehamwood,Oral Healthcare,Toothpaste,Colgate Total Active Prevention Teeth Whitening Toothpaste 125ml,125ml,£64.40/L,8.05,,
Boots Borehamwood,Oral Healthcare,Toothpaste,Colgate Total Active Prevention Teeth Whitening Toothpaste 75ml,75ml,£38.00/L,2.85,,
Boots Borehamwood,Oral Healthcare,Toothpaste,Colgate Total Active Prevention+ Decay + Erosion Defence Toothpaste 75ml,75ml,£92.00/L,6.90,,
Boots Borehamwood,Oral Healthcare,Toothpaste,Colgate Triple Action Toothpaste 75ml,75ml,£18.67/L,1.40,,
Boots Borehamwood,Oral Healthcare,Toothpaste,Corsodyl Active Gum Repair Whitening Toothpaste 75ml,75ml,£92.00/L,6.90,,
Boots Borehamwood,Oral Healthcare,Toothpaste,"Corsodyl Active Gum Repair, Toothpaste For Bleeding Gums, 75 ml",75ml,£92.00/L,6.90,,
Boots Borehamwood,Oral Healthcare,Toothpaste,Corsodyl Advanced Plus Intensive Gum Repair Toothpaste White & Polish 75ml,75ml,£107.33/L,8.05,,
Boots Borehamwood,Oral Healthcare,Toothpaste,Corsodyl Gum+ Breath & Sensitivity Toothpaste 75ml,75ml,£84.67/L,6.35,,
Boots Borehamwood,Oral Healthcare,Toothpaste,Corsodyl Intensive Gum Repair Intense Clean Toothpaste 75ml,75ml,£107.33/L,8.05,,
Boots Borehamwood,Oral Healthcare,Toothpaste,Dentek Eco Comfort Picks Large 40s,40pk,£0.14 each,5.75,,
Boots Borehamwood,Oral Healthcare,Toothpaste,Dr Wolff Bioniq Repair Toothpaste 75ml,75ml,£106.67/L,8.00,,
Boots Borehamwood,Oral Healthcare,Toothpaste,Dr Wolff Bioniq Repair Toothpaste Plus 75ml,75ml,£122.00/L,9.15,,
Boots Borehamwood,Oral Healthcare,Toothpaste,Dr Wolff Bioniq White Filler Toothpaste 75ml,75ml,£152.67/L,11.45,,
Boots Borehamwood,Oral Healthcare,Toothpaste,Euthymol Sensitive Gentle Stain Removal Toothpaste 75ml,75ml,£58.00/L,4.35,,
Boots Borehamwood,Oral Healthcare,Toothpaste,Janina Ultra White Glamorous White Toothpaste 75ml,75ml,£278.67/L,20.90,,
Boots Borehamwood,Oral Healthcare,Toothpaste,Marvis Toothpaste Smokers Whitening Mint 85ml,85ml,£121.76/L,10.35,,
Boots Borehamwood,Oral Healthcare,Toothpaste,Marvis Travel Toothpaste Strong Mint 25ml,25ml,£176.00/L,4.40,,
Boots Borehamwood,Oral Healthcare,Toothpaste,Oral-B 3D White Advanced Express Whitening Fresh Glow Toothpaste 75ml,75ml,£154.00/L,11.55,,
Boots Borehamwood,Oral Healthcare,Toothpaste,Oral-B 3D White Clinical Intensive Whitening Bright Brilliance - 75ml,75ml,£280.00/L,21.00,,
Boots Borehamwood,Oral Healthcare,Toothpaste,Oral-B 3D White Luxe Glamorous White Toothpaste 75ml,75ml,£92.00/L,6.90,,
Boots Borehamwood,Oral Healthcare,Toothpaste,Oral-B 3D White Luxe Perfection Toothpaste 75ml,75ml,£92.00/L,6.90,,
Boots Borehamwood,Oral Healthcare,Toothpaste,Oral-B 3Dwhite Advanced Express Whitening Glossy White Toothpaste 75ml,75ml,£146.67/L,11.00,,
Boots Borehamwood,Oral Healthcare,Toothpaste,Oral-B Advanced Enamel Strengthening Toothpaste 75ml,75ml,£107.33/L,8.05,,
Boots Borehamwood,Oral Healthcare,Toothpaste,Oral-B Advanced Healthy Whitening Arctic Fresh Toothpaste 75ml,75ml,£84.00/L,6.30,,
Boots Borehamwood,Oral Healthcare,Toothpaste,Oral-B Advanced Plaque Control Toothpaste 75ml,75ml,£107.33/L,8.05,,
Boots Borehamwood,Oral Healthcare,Toothpaste,Oral-B Advanced Sensitivity Protection Calm Sensation Toothpaste 75ml,75ml,£84.00/L,6.30,,
Boots Borehamwood,Oral Healthcare,Toothpaste,Oral-B Complete Plus Extra White Toothpaste 125ml,125ml,£41.20/L,5.15,,
Boots Borehamwood,Oral Healthcare,Toothpaste,Oral-B Pro 3D White Clinical Enamel Strength Whitening Pearly White 75ml,75ml,£280.00/L,21.00,,
Boots Borehamwood,Oral Healthcare,Toothpaste,Oral-B Pro Expert Professional Protection Toothpaste Clean Mint 75ml,75ml,£76.67/L,5.75,,
Boots Borehamwood,Oral Healthcare,Toothpaste,Oral-B Pro Expert Sensitive & Gentle Whitening Mint Toothpaste 75ml,75ml,£76.67/L,5.75,,
Boots Borehamwood,Oral Healthcare,Toothpaste,Oral-B Pro-Expert Gentle Whitening Toothpaste 75ml,75ml,£76.67/L,5.75,,
Boots Borehamwood,Oral Healthcare,Toothpaste,Pearl Drops Luminous Bright White Toothpaste 75ml,75ml,£112.67/L,8.45,,
Boots Borehamwood,Oral Healthcare,Toothpaste,Pronamel Kids 6-12 Years 50ml Toothpaste,50ml,£57.00/L,2.85,,
Boots Borehamwood,Oral Healthcare,Toothpaste,Sensodyne Advanced White Deep Clean Toothpaste 75ml,75ml,£84.00/L,6.30,,
Boots Borehamwood,Oral Healthcare,Toothpaste,Sensodyne Cavity Sensitivity Toothpaste 75ml,75ml,£61.33/L,4.60,,
Boots Borehamwood,Oral Healthcare,Toothpaste,Sensodyne Clinical Repair Deep Clean Toothpaste 75ml,75ml,£176.00/L,13.20,,
Boots Borehamwood,Oral Healthcare,Toothpaste,Sensodyne Clinical White Enamel Strengthening Toothpaste - 75ml,75ml,£176.00/L,13.20,,
Boots Borehamwood,Oral Healthcare,Toothpaste,Sensodyne Clinical White Stain Protector Toothpaste - 75ml,75ml,£176.00/L,13.20,,
Boots Borehamwood,Oral Healthcare,Toothpaste,Sensodyne Gum & Sensitivity Toothpaste Mini 15ml,15ml,£113.33/L,1.70,,
Boots Borehamwood,Oral Healthcare,Toothpaste,Sensodyne Pronamel Clinical Enamel Deep Clean Toothpaste 75ml,75ml,£176.00/L,13.20,,
Boots Borehamwood,Oral Healthcare,Toothpaste,Sensodyne Pronamel Clinical Enamel Whitening Toothpaste 75ml,75ml,£176.00/L,13.20,,
Boots Borehamwood,Oral Healthcare,Toothpaste,Sensodyne Pronamel Intensive Enamel Repair Extra Fresh Sensitive Toothpaste 75ml,75ml,£92.00/L,6.90,,
Boots Borehamwood,Oral Healthcare,Toothpaste,Sensodyne Pronamel Intensive Enamel Repair Whitening Sensitive Toothpaste 75ml,75ml,£92.00/L,6.90,,
Boots Borehamwood,Oral Healthcare,Toothpaste,Sensodyne Rapid Relief Original Toothpaste 75ml,75ml,£81.33/L,6.10,,
Boots Borehamwood,Oral Healthcare,Toothpaste,Sensodyne Rapid Relief Sensitive Toothpaste 15ml Travel Size,15ml,£130.00/L,1.95,,
Boots Borehamwood,Oral Healthcare,Toothpaste,Sensodyne Repair And Protect Deep Repair Extra Fresh Toothpaste 75ml,75ml,£99.33/L,7.45,,
Boots Borehamwood,Oral Healthcare,Toothpaste,Sensodyne Sensitivity & Gum Enamel Toothpaste - 75ml,75ml,£92.00/L,6.90,,
Boots Borehamwood,Oral Healthcare,Toothpaste,Sensodyne Sensitivity & Gum Sensitive Toothpaste 75ml,75ml,£92.00/L,6.90,,
Boots Borehamwood,Oral Healthcare,Toothpaste,Ultradex Low-Abrasion Toothpaste 75ml,75ml,£92.00/L,6.90,,
Boots Borehamwood,Pain Relief,Headache & Migraine,4Head Stick - 3.6g,,,5.60,,
Boots Borehamwood,Pain Relief,Headache & Migraine,Boots Cooling Headache & Migraine Pads 4,4pk,£0.75 each,2.99,,
Boots Borehamwood,Pain Relief,Headache & Migraine,Boots Cooling Migraine Head Wrap,,,19.99,,
Boots Borehamwood,Pain Relief,Headache & Migraine,Boots Hot & Cold Compress,,,6.99,,
Boots Borehamwood,Pain Relief,Headache & Migraine,Boots Migraine Pain Relief 342mg Tablets 12 Tablets,12pk,£0.25 each,3.00,,
Boots Borehamwood,Pain Relief,Headache & Migraine,Kool 'N' Soothe Migraine - 4 Pack,4pk,£1.05 each,4.20,,
Boots Borehamwood,Pain Relief,Headache & Migraine,Kool 'N' Soothe Roller Ball 5ml,5ml,"£1,140.00/L",5.70,,
Boots Borehamwood,Pain Relief,Headache & Migraine,Panmigrol Migraine and Headache Relief 250mg/250mg/65mg film coated tablets 10 Tablets,10pk,£0.45 each,4.50,,
Boots Borehamwood,Pain Relief,Headache & Migraine,Sudafed Congestion & Headache Relief Day & Night Capsules 16 Pack,16pk,£0.43 each,6.85,,
Boots Borehamwood,Pain Relief,Headache & Migraine,Sudafed Congestion & Headache Relief Max Strength Capsules 16 Pack,16pk,£0.41 each,6.60,,
Boots Borehamwood,Pain Relief,Ibuprofen,Anadin Joint Pain 200mg Ibuprofen - 16 Tablets,16pk,£0.16 each,2.60,,
Boots Borehamwood,Pain Relief,Ibuprofen,Anadin Ultra 200mg Ibuprofen - 16 Liquid Capsules,16pk,£0.23 each,3.60,,
Boots Borehamwood,Pain Relief,Ibuprofen,Boots Ibuprofen 200mg Round Tablets x16,16pk,£0.03 each,0.55,,
Boots Borehamwood,Pain Relief,Ibuprofen,Boots Ibuprofen 200mg Tablets - 16 Tablets,16pk,£0.11 each,1.70,,
Boots Borehamwood,Pain Relief,Ibuprofen,Boots Ibuprofen 200mg Tablets x16,16pk,£0.03 each,0.55,,
Boots Borehamwood,Pain Relief,Ibuprofen,Boots Ibuprofen Liquid Capsules 200mg -16 Capsules,16pk,£0.22 each,3.59,,
Boots Borehamwood,Pain Relief,Ibuprofen,Boots Ibuprofen Long Lasting 200mg Capsules - 16 Capsules,16pk,£0.25 each,3.99,,
Boots Borehamwood,Pain Relief,Ibuprofen,Boots Ibuprofen Lysine 342mg Tablets - 16 Tablets,16pk,£0.24 each,3.89,,
Boots Borehamwood,Pain Relief,Ibuprofen,Boots Max Strength Ibuprofen 10% Gel - 40g,40g,£162.50/kg,6.50,,
Boots Borehamwood,Pain Relief,Ibuprofen,Boots Pharmaceuticals Ibuprofen 5 Percent W/W Gel 50g,50g,£90.00/kg,4.50,,
Boots Borehamwood,Pain Relief,Ibuprofen,Flarin Joint & Muscular Pain Relief 200mg Soft Capsules - 12 Soft Capsules,12pk,£0.55 each,6.65,,
Boots Borehamwood,Pain Relief,Ibuprofen,Flarin Joint & Muscular Pain Relief 200mg Soft Capsules - 16 Capsules,16pk,£0.53 each,8.45,,
Boots Borehamwood,Pain Relief,Ibuprofen,Ibuleve Max Strength Pain Relief 10% Gel 30g,30g,£260.00/kg,7.80,,
Boots Borehamwood,Pain Relief,Ibuprofen,Ibuleve Max Strength Pain Relief 10% Gel 50g,50g,£217.00/kg,10.85,,
Boots Borehamwood,Pain Relief,Ibuprofen,Ibuleve Pain Relief 5% Gel 100g,100g,£143.00/kg,14.30,,
Boots Borehamwood,Pain Relief,Ibuprofen,Ibuleve Pain Relief 5% Gel 50g,50g,£163.00/kg,8.15,,
Boots Borehamwood,Pain Relief,Ibuprofen,Nurofen 200mg Caplets -16 Caplets,16pk,£0.14 each,2.30,,
Boots Borehamwood,Pain Relief,Ibuprofen,Nurofen 200mg Tablets - 16 Tablets,16pk,£0.14 each,2.30,,
Boots Borehamwood,Pain Relief,Ibuprofen,Nurofen Express 200mg Liquid Capsules - 10 Liquid Capsules,10pk,£0.43 each,4.30,,
Boots Borehamwood,Pain Relief,Ibuprofen,Nurofen Express 200mg Liquid Capsules - 16 Liquid Capsules,16pk,£0.34 each,5.45,,
Boots Borehamwood,Pain Relief,Ibuprofen,Nurofen Express 256mg Caplets - 16 Caplets,16pk,£0.30 each,4.80,,
Boots Borehamwood,Pain Relief,Ibuprofen,Nurofen Express Pain Relief Sodium Ibuprofen 256mg Tablets 16 Pack,16pk,£0.30 each,4.80,,
Boots Borehamwood,Pain Relief,Ibuprofen,Nurofen Joint And Back Pain Relief Max Strength 10% Gel - 40g,40g,£228.75/kg,9.15,,
Boots Borehamwood,Pain Relief,Ibuprofen,Nurofen Meltlets 12,12pk,£0.40 each,4.80,,
Boots Borehamwood,Pain Relief,Ibuprofen,Nurofen Migraine Pain Relief 342mg Caplets Ibuprofen x12,12pk,£0.40 each,4.80,,
Boots Borehamwood,Pain Relief,Ibuprofen,Nuromol Dual Action Pain Relief 200mg/500mg - Ibuprofen & Paracetamol Tablets 12 Pack,12pk,£0.43 each,5.15,,
Boots Borehamwood,Pain Relief,Ibuprofen,Nuromol Dual Action Pain Relief 200mg/500mg - Ibuprofen & Paracetamol Tablets 16 Pack,16pk,£0.44 each,7.00,,
Boots Borehamwood,Pain Relief,Muscle & Joint Pain,Biofreeze Pain Relief Spray Pump 118ml,118g,£111.86/kg,13.20,,
Boots Borehamwood,Pain Relief,Muscle & Joint Pain,Biofreeze Roll On Muscle & Joint Cooling Pain Relief - 89ml,89ml,£142.70/L,12.70,,
Boots Borehamwood,Pain Relief,Muscle & Joint Pain,Boots Diclofenac Diethylamine 1.16% W/W Gel - 100g,100g,£125.00/kg,12.50,,
Boots Borehamwood,Pain Relief,Muscle & Joint Pain,Boots Diclofenac Diethylamine 1.16% W/W Gel - 50g,50g,£149.80/kg,7.49,,
Boots Borehamwood,Pain Relief,Muscle & Joint Pain,Boots Diclofenac Diethylamine 2.32% W/W Gel - 30g,30g,£266.67/kg,8.00,,
Boots Borehamwood,Pain Relief,Muscle & Joint Pain,Boots Diclofenac Diethylamine 2.32% W/W Gel - 50g,50g,£190.00/kg,9.50,,
Boots Borehamwood,Pain Relief,Muscle & Joint Pain,Boots Freeze Gel 100ml,100ml,£45.00/L,4.50,,
Boots Borehamwood,Pain Relief,Muscle & Joint Pain,Boots Freeze Spray 125ml,125ml,£47.92/L,5.99,,
Boots Borehamwood,Pain Relief,Muscle & Joint Pain,Boots Heat Spray 125ml,125ml,£47.92/L,5.99,,
Boots Borehamwood,Pain Relief,Muscle & Joint Pain,Boots Muscle Pain Relief Cream 35g,35g,£71.14/kg,2.49,,
Boots Borehamwood,Pain Relief,Muscle & Joint Pain,Boots Pharmaceuticals Direct To Skin Heat Patch 4 Pack,4pk,£1.45 each,5.80,,
Boots Borehamwood,Pain Relief,Muscle & Joint Pain,Boots Tens Digital Pain Relief,,,45.99,,
Boots Borehamwood,Pain Relief,Muscle & Joint Pain,Boots Tens Digital Pain Relief Unit Replacement Pads - 8 Pads,8pk,£1.37 each,10.99,,
Boots Borehamwood,Pain Relief,Muscle & Joint Pain,Boots W/w Diclofenac Diethylamine 1.16% W/w Gel 30g,30g,£166.33/kg,4.99,,
Boots Borehamwood,Pain Relief,Muscle & Joint Pain,Boots Wireless Digital Pain Relief With Tens Technology,,,70.00,,
Boots Borehamwood,Pain Relief,Muscle & Joint Pain,Cura-Heat Back & Shoulder Pain - 7 Packs,7pk,£1.39 each,9.75,,
Boots Borehamwood,Pain Relief,Muscle & Joint Pain,Cura-Heat Direct To Skin Back And Shoulder Pain Relief Patch (7 Patches),7pk,£1.72 each,12.05,,
Boots Borehamwood,Pain Relief,Muscle & Joint Pain,Cura-Heat Direct To Skin Neck & Shoulder Pain Relief - 3 Heat Patches,,,7.05,,
Boots Borehamwood,Pain Relief,Muscle & Joint Pain,Deep Freeze Cold Gel 100g,100g,£60.00/kg,6.00,,
Boots Borehamwood,Pain Relief,Muscle & Joint Pain,Deep Freeze Cold Gel 35g,35g,£97.14/kg,3.40,,
Boots Borehamwood,Pain Relief,Muscle & Joint Pain,Deep Freeze Cold Patch - 4 Patches,4pk,£1.76 each,7.05,,
Boots Borehamwood,Pain Relief,Muscle & Joint Pain,Deep Freeze Glide-On Gel 50g,50g,£137.00/kg,6.85,,
Boots Borehamwood,Pain Relief,Muscle & Joint Pain,Deep Heat Magnesium Massage Balm 50ml,50ml,£183.00/L,9.15,,
Boots Borehamwood,Pain Relief,Muscle & Joint Pain,Deep Heat Muscle Massage Roll-On Lotion 50ml,50ml,£133.00/L,6.65,,
Boots Borehamwood,Pain Relief,Muscle & Joint Pain,Deep Heat Muscle Rescue Spray Heat 72.5ml,72.5g,£99.31/kg,7.20,,
Boots Borehamwood,Pain Relief,Muscle & Joint Pain,Deep Heat Naximum Strength 35g,35g,£171.43/kg,6.00,,
Boots Borehamwood,Pain Relief,Muscle & Joint Pain,Deep Heat Pain Relief Heat Patch - 4 Patches,4pk,£1.96 each,7.85,,
Boots Borehamwood,Pain Relief,Muscle & Joint Pain,Deep Heat Rub - 100g,100g,£57.00/kg,5.70,,
Boots Borehamwood,Pain Relief,Muscle & Joint Pain,Deep Heat Rub 67g,67g,£51.49/kg,3.45,,
Boots Borehamwood,Pain Relief,Muscle & Joint Pain,Deep Heat Warming Belt Long Lasing Pain Relief 2 Pack,2pk,£5.03 each,10.05,,
Boots Borehamwood,Pain Relief,Muscle & Joint Pain,Deep Relief Actiflex Patch 4 Pack,4pk,£2.38 each,9.50,,
Boots Borehamwood,Pain Relief,Muscle & Joint Pain,Deep Relief Anti-Inflammatory Gel 50g,50g,£114.00/kg,5.70,,
Boots Borehamwood,Pain Relief,Muscle & Joint Pain,Flexiseq For Joint Wear & Tear Gel 100g,100g,£314.50/kg,31.45,,
Boots Borehamwood,Pain Relief,Muscle & Joint Pain,Flexiseq Gel - 50g,50g,£438.00/kg,21.90,,
Boots Borehamwood,Pain Relief,Muscle & Joint Pain,Tiger Balm Neck & Shoulder Rub 50g,50g,£218.00/kg,10.90,,
Boots Borehamwood,Pain Relief,Muscle & Joint Pain,Tiger Balm Red Ointment - 30g,30g,£340.00/kg,10.20,,
Boots Borehamwood,Pain Relief,Muscle & Joint Pain,Tiger Balm Red Ointment 19g,19g,£386.84/kg,7.35,,
Boots Borehamwood,Pain Relief,Muscle & Joint Pain,Tiger Balm White Ointment 19g,19g,£373.68/kg,7.10,,
Boots Borehamwood,Pain Relief,Muscle & Joint Pain,Tiger Balm White Ointment 30g,30g,£325.00/kg,9.75,,
Boots Borehamwood,Pain Relief,Muscle & Joint Pain,Vitabiotics Jointace Gel - 75ml,75ml,£154.00/L,11.55,,
Boots Borehamwood,Pain Relief,Muscle & Joint Pain,Voltarol Back & Muscle Gel 1.16% 50g,50g,£201.00/kg,10.05,,
Boots Borehamwood,Pain Relief,Muscle & Joint Pain,Voltarol Back & Muscle Pain Relief 1.16% Gel 100g (With No Mess Applicator),100g,£184.50/kg,18.45,,
Boots Borehamwood,Pain Relief,Muscle & Joint Pain,Voltarol Back And Muscle Pain Relief 1.16% Gel 30g,30g,£240.00/kg,7.20,,
Boots Borehamwood,Pain Relief,Muscle & Joint Pain,Voltarol Back And Muscle Pain Relief Gel 1.16% 100g,100g,£163.50/kg,16.35,,
Boots Borehamwood,Pain Relief,Muscle & Joint Pain,Voltarol Joint & Back Pain Relief 2.32% Gel - 30g,30g,£363.33/kg,10.90,,
Boots Borehamwood,Pain Relief,Muscle & Joint Pain,Voltarol Joint & Back Pain Relief 2.32% Gel - 50g,50g,£269.00/kg,13.45,,
Boots Borehamwood,Pain Relief,Muscle & Joint Pain,Voltarol ONE A DAY Muscle Pain Relief 140mg Medicated Plaster   5 Plasters,5pk,£4.61 each,23.05,,
Boots Borehamwood,Pain Relief,Muscle & Joint Pain,Voltarol One A Day Muscle Pain Relief 140mg Medicated Plaster - 2 Plasters,2pk,£5.73 each,11.45,,
Boots Borehamwood,Pain Relief,Paracetamol & Aspirin,Anadin Extra - 16 Caplets,16pk,£0.19 each,3.05,,
Boots Borehamwood,Pain Relief,Paracetamol & Aspirin,Anadin Extra Triple Action - 12 Soluble Tablets,12pk,£0.40 each,4.80,,
Boots Borehamwood,Pain Relief,Paracetamol & Aspirin,Boots 6 Years Plus Paracetamol 250mg/5ml Oral Suspension   80 ml,80ml,£33.13/L,2.65,,
Boots Borehamwood,Pain Relief,Paracetamol & Aspirin,Boots Ibuprofen and Paracetamol 200mg/500mg Tablets 16s,16pk,£0.20 each,3.15,,
Boots Borehamwood,Pain Relief,Paracetamol & Aspirin,Boots Paracetamol & Caffeine 500mg/65mg Tablets  16 Tablets,16pk,£0.16 each,2.49,,
Boots Borehamwood,Pain Relief,Paracetamol & Aspirin,Boots Paracetamol 120 mg/5ml Oral Suspension   100ml,100ml,£26.50/L,2.65,,
Boots Borehamwood,Pain Relief,Paracetamol & Aspirin,Boots Paracetamol 500mg Capsules - 16 Capsules,16pk,£0.09 each,1.49,,
Boots Borehamwood,Pain Relief,Paracetamol & Aspirin,Boots Paracetamol 500mg Tablets 16 Tablets,16pk,£0.03 each,0.49,,
Boots Borehamwood,Pain Relief,Period Pain,Boots Tens Period Pain Relief,,,39.99,,
Boots Borehamwood,Pain Relief,Paracetamol & Aspirin,Deep Freeze Muscle Rescue Cold Spray 150ml,150ml,£45.67/L,6.85,,
Boots Borehamwood,Pain Relief,Period Pain,Feminax Express 16 Tablets,16pk,£0.35 each,5.60,,
Boots Borehamwood,Pain Relief,Paracetamol & Aspirin,Lemsip Max All in One Cold & Flu Capsules - 16 Capsules,16pk,£0.53 each,8.40,,
Boots Borehamwood,Pain Relief,Paracetamol & Aspirin,Lemsip Max Honey & Ginger Flavour Powder for Oral Solution - 10 Sachets,10pk,£0.77 each,7.70,,
Boots Borehamwood,Pain Relief,Paracetamol & Aspirin,Panadol 500mg Capsules - 16 Liquid Capsules,16pk,£0.36 each,5.70,,
Boots Borehamwood,Pain Relief,Paracetamol & Aspirin,Panadol Actifast Tablets Paracetamol - 10 Tablets,10pk,£0.36 each,3.60,,
Boots Borehamwood,Pain Relief,Paracetamol & Aspirin,Panadol Advance 500mg Paracetamol - 16 Tablets,16pk,£0.17 each,2.70,,
Boots Borehamwood,Pain Relief,Paracetamol & Aspirin,Panadol Ext Advance Cap 500/65mg 16 Pack G,16pk,£0.27 each,4.35,,
Boots Borehamwood,Pain Relief,Paracetamol & Aspirin,Panadol Extra Soluble 24 Pack,24pk,£0.29 each,6.85,,
Boots Borehamwood,Pain Relief,Paracetamol & Aspirin,Panadol Paracetamol Pain Relief 500mg ActiFast Soluble - 24 Tablets,24pk,£0.33 each,7.95,,
Boots Borehamwood,Pain Relief,Period Pain,Panadol Period Pain Tabs 500/65mg 16s g,16pk,£0.23 each,3.70,,
Boots Borehamwood,Period Products,Menstrual Cups,Mooncuporiginal Menstrual Cup | Size A,,,24.65,,
Boots Borehamwood,Period Products,Menstrual Cups,Mooncuporiginal Menstrual Cup | Size B,,,24.65,,
Boots Borehamwood,Period Products,Nighttime Pads,Always Infinity Pads Secure Night Size 4 Value Pack 18s,18pk,£0.35 each,6.30,,
Boots Borehamwood,Period Products,Nighttime Pads,Always Ultra Sanitary Towels Secure Night (Size 4) Wings x16 Pads,16pk,£0.24 each,3.90,,
Boots Borehamwood,Period Products,Nighttime Pads,Always Ultra Sanitary Towels Secure Night Size 4 Wings x8 Pads,8pk,£0.32 each,2.55,,
Boots Borehamwood,Period Products,Pads & Sanitary Towels,Always Infinity FlexProtect Sanitary Towels Long (Size 2) with Wings 20 Pads,20pk,£0.32 each,6.30,,
Boots Borehamwood,Period Products,Pads & Sanitary Towels,Always Infinity FlexProtect Sanitary Towels Night (Size 3) with Wings 18 Pads,18pk,£0.35 each,6.30,,
Boots Borehamwood,Period Products,Pads & Sanitary Towels,Always Infinity FlexProtect Sanitary Towels Normal (Size 1) with Wings 22 Pads,22pk,£0.29 each,6.30,,
Boots Borehamwood,Period Products,Pads & Sanitary Towels,Always Infinity Long (Size 2) Wings Sanitary Towels 11 Pads,11pk,£0.35 each,3.90,,
Boots Borehamwood,Period Products,Pads & Sanitary Towels,Always Infinity Night (Size 3) Sanitary Towels Wings 10 Pads,10pk,£0.39 each,3.90,,
Boots Borehamwood,Period Products,Pads & Sanitary Towels,Always Infinity Normal (Size 1) Sanitary Towels Wings 12 Pads,12pk,£0.33 each,3.90,,
Boots Borehamwood,Period Products,Pads & Sanitary Towels,Always Infinity Pads Secure Night Size 4 9 Pack,9pk,£0.43 each,3.90,,
Boots Borehamwood,Period Products,Pads & Sanitary Towels,Always Maxi Profresh Night Sanitary Towels x9,9pk,£0.38 each,3.45,,
Boots Borehamwood,Period Products,Pads & Sanitary Towels,Always Platinum Normal Sanitary Towels With Wings 22 Pack,22pk,£0.18 each,3.90,,
Boots Borehamwood,Period Products,Pads & Sanitary Towels,Always Platinum Sanitary Towels Light / Moderate Flow Day (Size 1) Wings 12 Pads,12pk,£0.21 each,2.55,,
Boots Borehamwood,Period Products,Pads & Sanitary Towels,Always Platinum Sanitary Towels Moderate Flow Day (Size 2) Wings 10 Pads,10pk,£0.26 each,2.55,,
Boots Borehamwood,Period Products,Pads & Sanitary Towels,Always Platinum Sanitary Towels Moderate Flow Night Size 4 Wings 7 Pads,7pk,£0.36 each,2.55,,
Boots Borehamwood,Period Products,Pads & Sanitary Towels,Always Platinum Sanitary Towels Value Pack Size 2 18 Pack,18pk,£0.22 each,3.90,,
Boots Borehamwood,Period Products,Pads & Sanitary Towels,Always Platinum Sanitary Towels Value Pack Size 3 14 Pack,14pk,£0.28 each,3.90,,
Boots Borehamwood,Period Products,Pads & Sanitary Towels,Always Platinum Sanitary Towels Value Pack Size 4 12 Pack,12pk,£0.33 each,3.90,,
Boots Borehamwood,Period Products,Pads & Sanitary Towels,Always Platinum Secure Night Size 5 Sanitary Towels With Wings 12S,60pk,£0.07 each,3.90,,
Boots Borehamwood,Period Products,Pads & Sanitary Towels,Always Sensitive Long Plus Pads 12 Pack,12pk,£0.10 each,1.15,,
Boots Borehamwood,Period Products,Pads & Sanitary Towels,Always Sensitive Normal Ultra (Size 1) Sanitary Towels 16 Pads,16pk,£0.07 each,1.15,,
Boots Borehamwood,Period Products,Pads & Sanitary Towels,Always Sensitive Normal Ultra Size 1 Sanitary Towels Wings 14 Pads,14pk,£0.08 each,1.15,,
Boots Borehamwood,Period Products,Pads & Sanitary Towels,"Always Ultra Day Sanitary Towels Normal (Size 1) 13 Pads, Super Absorbent And Ultra Thin, For Menstrual Periods",13pk,£0.20 each,2.55,,
Boots Borehamwood,Period Products,Pads & Sanitary Towels,"Always Ultra Day Sanitary Towels Normal (Size 1) 26 Pads, Super Absorbent And Ultra Thin, For Menstrual Periods",26pk,£0.15 each,3.90,,
Boots Borehamwood,Period Products,Pads & Sanitary Towels,Always Ultra Pads Ultimate Night Size 6 7s,7pk,£0.36 each,2.55,,
Boots Borehamwood,Period Products,Pads & Sanitary Towels,Always Ultra Sanitary Towels Day & Night (Size 3) Wings x18 Pads,18pk,£0.22 each,3.90,,
Boots Borehamwood,Period Products,Pads & Sanitary Towels,Always Ultra Sanitary Towels Day & Night (Size 3) Wings x9 Pads,9pk,£0.28 each,2.55,,
Boots Borehamwood,Period Products,Pads & Sanitary Towels,Always Ultra Sanitary Towels Long (Size 2) Wings x11 Pads,11pk,£0.23 each,2.55,,
Boots Borehamwood,Period Products,Pads & Sanitary Towels,Always Ultra Sanitary Towels Long (Size 2) Wings x20 Pads,20pk,£0.20 each,3.90,,
Boots Borehamwood,Period Products,Pads & Sanitary Towels,Always Ultra Sanitary Towels Normal (Size 1) Wings x13 Pads,13pk,£0.20 each,2.55,,
Boots Borehamwood,Period Products,Pads & Sanitary Towels,Always Ultra Sanitary Towels Secure Night Extra (Size 5) Wings x8 Pads,8pk,£0.32 each,2.55,,
Boots Borehamwood,Period Products,Pads & Sanitary Towels,Always Ultra Sanitary Towels Ultimate Night With Wings Size 6 12 Pack,36pk,£0.11 each,3.90,,
Boots Borehamwood,Period Products,Pads & Sanitary Towels,Bodyform Cour-V Ultra Long Sanitary Towels Wings 10 Pack,10pk,£0.18 each,1.80,,
Boots Borehamwood,Period Products,Pads & Sanitary Towels,Bodyform Cour-V Ultra Long Sanitary Towels Wings 22 Pack,22pk,£0.14 each,3.05,,
Boots Borehamwood,Period Products,Pads & Sanitary Towels,Bodyform Cour-V Ultra Night Sanitary Towels Wings 18 Pack,18pk,£0.17 each,3.05,,
Boots Borehamwood,Period Products,Pads & Sanitary Towels,Bodyform Cour-V Ultra Night Sanitary Towels Wings 8 Pack,8pk,£0.23 each,1.80,,
Boots Borehamwood,Period Products,Pads & Sanitary Towels,Bodyform Cour-V Ultra Normal Sanitary Towels 30 Pack,30pk,£0.10 each,3.05,,
Boots Borehamwood,Period Products,Pads & Sanitary Towels,Bodyform Cour-V Ultra Normal Sanitary Towels Wings 12 Pack,12pk,£0.15 each,1.80,,
Boots Borehamwood,Period Products,Pads & Sanitary Towels,Bodyform Cour-V Ultra Normal Scented Sanitary Towels 14 Pack,14pk,£0.13 each,1.80,,
Boots Borehamwood,Period Products,Pads & Sanitary Towels,Bodyform Pure Sensitive Ultra Towels Winged 12s,12pk,£0.21 each,2.55,,
Boots Borehamwood,Period Products,Pads & Sanitary Towels,Bodyform Ultimate Ultra Long Wing 10 Pack,10pk,£0.26 each,2.55,,
Boots Borehamwood,Period Products,Pads & Sanitary Towels,Bodyform Ultimate Ultra Night Wing 8 Pack,8pk,£0.32 each,2.55,,
Boots Borehamwood,Period Products,Pads & Sanitary Towels,Bodyform Ultimate Ultra Regular Wing 12 Pack,12pk,£0.21 each,2.55,,
Boots Borehamwood,Period Products,Pads & Sanitary Towels,Bodyform Ultra Towels Goodnight Extra Large Wings x9,9pk,£0.20 each,1.80,,
Boots Borehamwood,Period Products,Pads & Sanitary Towels,Boots Everyday Ultra Towels Normal Wing 14s,14pk,£0.05 each,0.75,,
Boots Borehamwood,Period Products,Pads & Sanitary Towels,Boots Everyday Ultra Towels Super 14s,14pk,£0.05 each,0.75,,
Boots Borehamwood,Period Products,Pads & Sanitary Towels,Flo Bamboo Day Pads (16 Pads),16pk,£0.25 each,4.00,,
Boots Borehamwood,Period Products,Pads & Sanitary Towels,Flo Bamboo Pads Long Pack (10 Pads),10pk,£0.40 each,4.00,,
Boots Borehamwood,Period Products,Pads & Sanitary Towels,Flo Bamboo Pads Night Pack (14 Pads),14pk,£0.29 each,4.00,,
Boots Borehamwood,Period Products,Pads & Sanitary Towels,Flo Natural Bamboo Ultra Thin Day & Night Pads 15 Pack,,,4.00,,
Boots Borehamwood,Period Products,Pads & Sanitary Towels,Flo Ultra Long Night Bamboo Pads With 4 Wings (10 Pads) - Super Absorbent + Soft,10pk,£0.40 each,4.00,,
Boots Borehamwood,Period Products,Pads & Sanitary Towels,Lil-Lets Teens Sanitary Towels (Petite)   Day   14 pack,14pk,£0.13 each,1.80,,
Boots Borehamwood,Period Products,Pads & Sanitary Towels,Lil-Lets Teens Sanitary Towels (Petite)   Night   10 pack,10pk,£0.18 each,1.80,,
Boots Borehamwood,Period Products,Pads & Sanitary Towels,Lil-Lets Teens Sanitary Towels (Petite) Long  12 Pack,12pk,£0.15 each,1.80,,
Boots Borehamwood,Period Products,Pads & Sanitary Towels,Wuka Teen Stretch Seamless Period Pants Midi Brief Age 12-16,,,16.45,,
Boots Borehamwood,Period Products,Panty Liners,Always Dailies Extra Protect Panty Liners Large x58,58pk,£0.07 each,3.90,,
Boots Borehamwood,Period Products,Panty Liners,Always Dailies Flexistyle Slim Panty Liners Fresh x26,26pk,£0.04 each,1.15,,
Boots Borehamwood,Period Products,Panty Liners,Always Dailies Fresh & Protect Panty Liners Normal x32,32pk,£0.07 each,2.30,,
Boots Borehamwood,Period Products,Panty Liners,Always Dailies Long Plus Extra Protect Panty Liners x48,48pk,£0.08 each,3.90,,
Boots Borehamwood,Period Products,Panty Liners,Always Dailies Normal Fresh & Protect Panty Liners x68,68pk,£0.06 each,3.90,,
Boots Borehamwood,Period Products,Panty Liners,Always Dailies Singles Normal To Go Panty Liners Fresh x20,20pk,£0.06 each,1.15,,
Boots Borehamwood,Period Products,Panty Liners,Always Daily Fresh Normal Wrapped Panty Liners 0% Fragrances & Dyes 20 Liners,20pk,£0.06 each,1.15,,
Boots Borehamwood,Period Products,Panty Liners,"Always Soft Like Cotton Normal Panty Liners 18 Liners, 0% perfume, Cottony Soft Layer To Feel Nothing But Freshness",18pk,£0.06 each,1.15,,
Boots Borehamwood,Period Products,Panty Liners,Bodyform Dailies All Fluid XL Panty Liners 20 Pack,20pk,£0.10 each,2.00,,
Boots Borehamwood,Period Products,Panty Liners,Bodyform Dailies Black Normal Panty Liners 26 Pack,26pk,£0.07 each,1.80,,
Boots Borehamwood,Period Products,Panty Liners,Bodyform Dailies So Slim Panty Liners 30 Pack,30pk,£0.06 each,1.80,,
Boots Borehamwood,Period Products,Panty Liners,Bodyform Dailies So Slim Panty Liners 52 Pack,52pk,£0.06 each,3.05,,
Boots Borehamwood,Period Products,Panty Liners,Bodyform Dailies String Panty Liners 26 Pack,26pk,£0.07 each,1.80,,
Boots Borehamwood,Period Products,Panty Liners,Bodyform Daily Fresh Liners Micro x22,22pk,£0.08 each,1.80,,
Boots Borehamwood,Period Products,Panty Liners,Boots Everyday Liners Ultra Thin 32s,32pk,£0.03 each,1.05,,
Boots Borehamwood,Period Products,Panty Liners,Boots Everyday Panty Liners Normal 60s,60pk,£0.03 each,1.70,,
Boots Borehamwood,Period Products,Panty Liners,Boots Everyday Unwrapped Normal Liner 30s,30pk,£0.03 each,1.00,,
Boots Borehamwood,Period Products,Panty Liners,Boots Everyday Wrapped Fragranced Liner 20s,20pk,£0.04 each,0.80,,
Boots Borehamwood,Period Products,Panty Liners,Boots Everyday Wrapped Normal Liner 20s,20pk,£0.04 each,0.80,,
Boots Borehamwood,Period Products,Panty Liners,Flo Natural Bamboo Liners Daily Ultra-Thin 24,24pk,£0.14 each,3.40,,
Boots Borehamwood,Period Products,Tampons,Boots Everyday Non Applicator Tampons Regular x24,24pk,£0.05 each,1.30,,
Boots Borehamwood,Period Products,Tampons,Boots Everyday Non Applicator Tampons Super x24,24pk,£0.05 each,1.30,,
Boots Borehamwood,Period Products,Tampons,Flo Organic Eco-Applicator Tampons Regular & Super 14 Pack,14pk,£0.36 each,5.05,,
Boots Borehamwood,Period Products,Tampons,Lil Lets Non Applicator Tampons Smart Fit Regular 16 Packs,16pk,£0.16 each,2.50,,
Boots Borehamwood,Period Products,Tampons,Lil-Lets Non-Applicator Super Plus 16 Pack,16pk,£0.16 each,2.50,,
Boots Borehamwood,Period Products,Tampons,Lil-Lets Non-Applicator Tampons (SmartFit) Lite 16 pack,16pk,£0.16 each,2.50,,
Boots Borehamwood,Period Products,Tampons,Lil-Lets Non-Applicator Tampons (SmartFit) Regular 32 pack,32pk,£0.11 each,3.65,,
Boots Borehamwood,Period Products,Tampons,Lil-Lets Non-Applicator Tampons (SmartFit) Ultra 10 pack,10pk,£0.25 each,2.50,,
Boots Borehamwood,Period Products,Tampons,Lil-Lets Non-Applicator Tampons (Smartfit) Super 32 Pack,32pk,£0.11 each,3.65,,
Boots Borehamwood,Period Products,Tampons,Lil-Lets Non-Applicator Tampons Super 16 Pack,16pk,£0.16 each,2.50,,
Boots Borehamwood,Period Products,Tampons,Lil-Lets Non-Applicator Tampons Super Plus Extra 14 Pack,14pk,£0.18 each,2.50,,
Boots Borehamwood,Period Products,Tampons,Tampax Applicator Tampons Regular 20 Pack,20pk,£0.11 each,2.10,,
Boots Borehamwood,Period Products,Tampons,Tampax Compak Pearl Multi Absorbency Regular & Super 24 Pack,24pk,£0.25 each,6.05,,
Boots Borehamwood,Period Products,Tampons,"Tampax Compak Pearl Multi Absorbency Regular, Super & Super Plus 24 Pack",24pk,£0.25 each,6.05,,
Boots Borehamwood,Period Products,Tampons,Tampax Compak Regular Tampons 18 Pack,18pk,£0.18 each,3.20,,
Boots Borehamwood,Period Products,Tampons,Tampax Compak Super Plus Tampons Applicator 18x,18pk,£0.18 each,3.20,,
Boots Borehamwood,Period Products,Tampons,Tampax Compak Super Tampons Applicator 18x,18pk,£0.18 each,3.20,,
Boots Borehamwood,Period Products,Tampons,Tampax Super Tampons With Applicator 20x,20pk,£0.11 each,2.10,,
Boots Borehamwood,Period Products,Tampons,Tampax Tampons Super Plus 20 Pack,20pk,£0.11 each,2.10,,
Boots Borehamwood,Period Products,Tampons,Tampax compak pearl tampons regular 20s,20pk,£0.22 each,4.30,,
Boots Borehamwood,Period Products,Tampons,Tampax compak pearl tampons super 20s,20pk,£0.22 each,4.30,,
Boots Borehamwood,Period Products,Tampons,Tampax compak pearl tampons super plus 20s,20pk,£0.22 each,4.30,,
Boots Borehamwood,Period Products,Tampons,Tampax pearl tampons light 24s,24pk,£0.18 each,4.30,,
Boots Borehamwood,Period Products,Tampons,Tampax pearl tampons regular 22s,22pk,£0.20 each,4.30,,
Boots Borehamwood,Period Products,Tampons,Tampax pearl tampons super 22s,22pk,£0.20 each,4.30,,
Boots Borehamwood,Period Products,Tampons,Tampax pearl tampons super plus 22s,22pk,£0.20 each,4.30,,
Boots Borehamwood,Period Products,Tampons,Tampax pearl tampons super plus extra 18s,18pk,£0.24 each,4.30,,
Boots Borehamwood,Personal Grooming,Hair Removal Cream,Boots Smooth Care Bikini & Underarm Hair Removal Cream Sensitive Skin 50ml,50ml,£80.00/L,4.00,,
Boots Borehamwood,Personal Grooming,Hair Removal Cream,Boots Smooth Care Facial Hair Removal Cream Sensitive Skin 40ml,,,3.50,,
Boots Borehamwood,Personal Grooming,Hair Removal Cream,Boots Smooth Care Hair Lightener 2 x 50ml,,,4.50,,
Boots Borehamwood,Personal Grooming,Hair Removal Cream,Boots Smooth Care Legs Hair Removal Cream Sensitive Skin 200ml,200ml,£25.00/L,5.00,,
Boots Borehamwood,Personal Grooming,Hair Removal Cream,Nads Hair Removal Cream for Men 200ml,200ml,£51.50/L,10.30,,
Boots Borehamwood,Personal Grooming,Hair Removal Cream,Veet Expert Hair Removal Cream 200ml,200ml,£51.50/L,10.30,,
Boots Borehamwood,Personal Grooming,Hair Removal Cream,Veet Expert Hair Removal Cream Bikini All Skin Types - 50ml,,,12.05,,
Boots Borehamwood,Personal Grooming,Hair Removal Cream,Veet Expert Miraculous Face & Body Oil All Skin Types 100ml,100ml,£103.00/L,10.30,,
Boots Borehamwood,Personal Grooming,Hair Removal Cream,Veet Expert Spray On Hair Removal Cream 150ml,150ml,£68.67/L,10.30,,
Boots Borehamwood,Personal Grooming,Hair Removal Cream,Veet Men Total Pro Hair Removal Cream Chest & Body Normal Skin - 200ml,200ml,£51.50/L,10.30,,
Boots Borehamwood,Personal Grooming,Hair Removal Cream,Veet Men Total Pro Hair Removal Cream Chest & Body Sensitive - 400ml,400ml,£41.13/L,16.45,,
Boots Borehamwood,Personal Grooming,Hair Removal Cream,Veet Men Total Pro Intimate Hair Removal Cream Kit,,,12.05,,
Boots Borehamwood,Personal Grooming,Hair Removal Cream,Veet Pure Hair Removal Cream Bikini Underarm Sensitive - 100ml,100ml,£86.00/L,8.60,,
Boots Borehamwood,Personal Grooming,Hair Removal Cream,Veet Pure Hair Removal Cream Body & Legs For Sensitive Skin 200ml,200ml,£44.00/L,8.80,,
Boots Borehamwood,Personal Grooming,Hair Removal Cream,Veet Pure Hair Removal Cream Body & Legs For Sensitive Skin 400ml,400ml,£35.75/L,14.30,,
Boots Borehamwood,Personal Grooming,Hair Removal Cream,Veet Pure Hair Removal Cream Legs & Body Sensitive - 100ml,100ml,£68.50/L,6.85,,
Boots Borehamwood,Personal Grooming,Hair Removal Cream,Woowoo Tame It! Vegan In-Shower Hair Removal 100ml,100ml,£120.00/L,12.00,,
Boots Borehamwood,Personal Grooming,Hair Removal Cream,Woowoo Tame It! Vegan In-Shower Hair Removal 50ml,50ml,£160.00/L,8.00,,
Boots Borehamwood,Personal Grooming,Razors & Shaving Foam,Gillette Labs Razor With Exfoliating Bar & Magnetic Stand,,,14.15,28.30,50% off
Boots Borehamwood,Personal Grooming,Razors & Shaving Foam,"Gillette Simply Venus 2 Women's Disposable Razors, 4 Pack",4pk,£0.28 each,1.13,2.25,50% off
Boots Borehamwood,Personal Grooming,Razors & Shaving Foam,Gillette Venus Intimate Gentle Trimmer for Pubic Hair & Skin,,,14.18,28.35,50% off
Boots Borehamwood,Personal Grooming,Razors & Shaving Foam,"Gillette Venus Intimate Women's Razor, for Pubic Hair & Skin",,,7.70,15.40,50% off
Boots Borehamwood,Personal Grooming,Razors & Shaving Foam,"Gillette Venus Razor Blades, Pro Comfortglide Pomegranate Scented 5 Blade Women's Razor Blades x3",3pk,£3.87 each,11.60,14.50,20% off
Boots Borehamwood,Personal Grooming,Razors & Shaving Foam,Gillette Venus Satin Care Sensitive Shave Gel 200ml,200ml,£8.65/L,1.73,3.45,50% off
Boots Borehamwood,Personal Grooming,Razors & Shaving Foam,Gillette Venus Snap Women's Razor,,,6.60,13.20,50% off
Boots Borehamwood,Personal Grooming,Razors & Shaving Foam,Gillette Venus Starter Kit Pro Comfortglide Pomegranate Tropical 5 Blade Women's Razor + 3 Blades Refills + Shower Hook,,,11.03,22.05,50% off
Boots Borehamwood,Personal Grooming,Razors & Shaving Foam,"Gillette Venus Tropical Disposable Razors, Pack of 3",3pk,£1.24 each,3.73,7.45,50% off
Boots Borehamwood,Personal Grooming,Razors & Shaving Foam,Venus & Olay Blades 3 Pack,3pk,£3.87 each,11.60,14.50,20% off
Boots Borehamwood,Personal Grooming,Razors & Shaving Foam,Venus Comfort Glide Spa Breeze Razor- 8 Blades,,,22.14,33.05,33% off
Boots Borehamwood,Personal Grooming,Razors & Shaving Foam,Venus Comfortglide Coconut Plus Olay Platinum Razor,,,8.80,17.60,50% off
Boots Borehamwood,Personal Grooming,Razors & Shaving Foam,"Venus Deluxe Smooth Sensitive Razor Blades, 3 Pack",3pk,£3.87 each,11.60,14.50,20% off
Boots Borehamwood,Personal Grooming,Razors & Shaving Foam,Venus Deluxe Smooth Sensitive Rosegold Razor- 8 Blades,,,29.55,44.10,33% off
Boots Borehamwood,Personal Grooming,Razors & Shaving Foam,"Venus Deluxe Smooth Swirl Razor Blades, 3 Pack",3pk,£3.87 each,11.60,14.50,20% off
Boots Borehamwood,Personal Grooming,Razors & Shaving Foam,Venus Extra Smooth Razor Blades x 4,4pk,£2.90 each,11.60,14.50,20% off
Boots Borehamwood,Personal Grooming,Razors & Shaving Foam,Venus Extra Smooth Sensitive Rosegold Razor,,,8.80,17.60,50% off
Boots Borehamwood,Personal Grooming,Razors & Shaving Foam,Venus Spa Breeze Blades 4 Pack,4pk,£2.90 each,11.60,14.50,20% off
Boots Borehamwood,Personal Grooming,Razors & Shaving Foam,Venus Spa Breeze Razor,,,5.73,11.45,50% off
Boots Borehamwood,Personal Grooming,Razors & Shaving Foam,Wilkinson Sword Hydro 5 Men s 1 Razor + 9 Blade Refills Pack,,,13.86,23.10,40% off
Boots Borehamwood,Personal Grooming,Razors & Shaving Foam,Wilkinson Sword Intuition 2 in 1 Soap and Shave Nourishing Set,,,6.16,9.20,33% off
Boots Borehamwood,Personal Grooming,Razors & Shaving Foam,Wilkinson Sword Intuition 2in1 Soap & Shave Nourishing Blades 3 X Blade Refills,3pk,£2.44 each,7.31,9.75,25% off
Boots Borehamwood,Personal Grooming,Razors & Shaving Foam,Wilkinson Sword Quattro Mens Razor,,,5.16,8.60,40% off
Boots Borehamwood,Personal Grooming,Razors & Shaving Foam,Wilkinson Sword Xtreme 3 Sensitive Men's Disposable Razors x 4 Men's Razor for Sensitive Skin,4pk,£0.69 each,2.76,4.60,40% off
Boots Borehamwood,Personal Grooming,Razors & Shaving Foam,Bic 2 Sensitive Razor x 10,10pk,£0.24 each,2.40,,
Boots Borehamwood,Personal Grooming,Razors & Shaving Foam,Bic Soleil Scent Disposable Women's Razors 4 Pack,4pk,£1.13 each,4.50,,
Boots Borehamwood,Personal Grooming,Razors & Shaving Foam,Bic Twin Lady Disposable Women's Razors 5 Pack,5pk,£0.47 each,2.35,,
Boots Borehamwood,Personal Grooming,Razors & Shaving Foam,Boots Smooth Care 5 Blade Disposable Razors 3 Pack,3pk,£1.33 each,4.00,,
Boots Borehamwood,Personal Grooming,Razors & Shaving Foam,Boots Smooth Care 5 Blade System Razor Refill Cartridges 4 Pack,4pk,£1.50 each,6.00,,
Boots Borehamwood,Personal Grooming,Wax Strips,Boots Smooth Care Sensitive Bikini and Underarm Wax Strips 16s,16pk,£0.25 each,4.00,,
Boots Borehamwood,Personal Grooming,Wax Strips,Boots Smooth Care Sensitive Legs and Body Wax Strips 40s,40pk,£0.19 each,7.50,,
Boots Borehamwood,Personal Grooming,Razors & Shaving Foam,Boots Smooth Care Triple Blade Disposable Razors 4 Pack,4pk,£0.50 each,2.00,,
Boots Borehamwood,Personal Grooming,Wax Strips,Boots Smooth Care Wax Strips Normal Legs & Body 20 Pack + Perfect Finishing Wipes 2 Pack,,,5.00,,
Boots Borehamwood,Personal Grooming,Wax Strips,Boots Smooth Care Wax Strips Sensitive Legs & Body 20 Pack + Perfect Finishing Wipes 2 Pack,,,5.00,,
Boots Borehamwood,Personal Grooming,Razors & Shaving Foam,"Gillette Fusion Shave Gel with Almond Oil, For Sensitive Skin, 75ml",75ml,£30.67/L,2.30,,
Boots Borehamwood,Personal Grooming,Razors & Shaving Foam,Gillette Fusion5 Proglide Blades 8 Pack,8pk,£3.81 each,30.45,,
Boots Borehamwood,Personal Grooming,Razors & Shaving Foam,Gillette Satin Care With Olay Dry Skin Vanilla Cashmere 200ml,200ml,£22.75/L,4.55,,
Boots Borehamwood,Personal Grooming,Razors & Shaving Foam,Gillette Venus Blades 8 Pack,8pk,£2.40 each,19.20,,
Boots Borehamwood,Personal Grooming,Razors & Shaving Foam,Gillette Venus Blades Blue 4 Pack,4pk,£2.58 each,10.30,,
Boots Borehamwood,Personal Grooming,Razors & Shaving Foam,"Gillette Venus Dermaplaner for Face, 1 Blade, Dermaplaning Tool for Facial Hair Removal",,,16.50,,
Boots Borehamwood,Personal Grooming,Razors & Shaving Foam,"Gillette Venus Razor Blades, PRO Smooth Sensitive 5 Blade Women s Razor Blades X6",6pk,£4.20 each,25.20,,
Boots Borehamwood,Personal Grooming,Razors & Shaving Foam,"Gillette Venus Simply 3 Disposable Razors, Pack of 4",4pk,£1.20 each,4.80,,
Boots Borehamwood,Personal Grooming,Razors & Shaving Foam,King C Gillette Beard Trimmer Pro with 2 Combs and Brush,,,52.45,,
Boots Borehamwood,Personal Grooming,Razors & Shaving Foam,"King C. Gillette Men s Double Edge Safety Razor Blades, 10 Refills",10pk,£0.58 each,5.75,,
Boots Borehamwood,Personal Grooming,Wax Strips,Nad's Brazilian & Bikini Wax Kit 140g,140g,£80.71/kg,11.30,,
Boots Borehamwood,Personal Grooming,Razors & Shaving Foam,Truly Glazed Donut After Shave Glow Cream 180ml,180ml,£151.67/L,27.30,,
Boots Borehamwood,Personal Grooming,Razors & Shaving Foam,Truly Glazed Donut After Shave Oil 90ml,90ml,£303.33/L,27.30,,
Boots Borehamwood,Personal Grooming,Razors & Shaving Foam,Truly Smooth Legend After Shave Serum 90ml,90ml,£303.33/L,27.30,,
Boots Borehamwood,Personal Grooming,Razors & Shaving Foam,Truly Soft Serve After Shave Oil 90ml,90ml,£303.33/L,27.30,,
Boots Borehamwood,Personal Grooming,Razors & Shaving Foam,Truly Soft Serve After Shave Plump Cream 180ml,180ml,£151.67/L,27.30,,
Boots Borehamwood,Personal Grooming,Wax Strips,Veet Expert Cold Wax Strips Bikini And Underarm Sensitive 16 Pack,16pk,£0.61 each,9.75,,
Boots Borehamwood,Personal Grooming,Wax Strips,Veet Expert Cold Wax Strips Bikini And Underarm Sensitive 30 Pack,30pk,£0.53 each,15.90,,
Boots Borehamwood,Personal Grooming,Wax Strips,Veet Expert Cold Wax Strips Face Normal 20 Pack,20pk,£0.49 each,9.75,,
Boots Borehamwood,Personal Grooming,Wax Strips,Veet Expert Cold Wax Strips Face Sensitive 20 Pack,20pk,£0.49 each,9.75,,
Boots Borehamwood,Personal Grooming,Wax Strips,Veet Expert Cold Wax Strips Face Sensitive 40 Pack,40pk,£0.41 each,16.45,,
Boots Borehamwood,Personal Grooming,Wax Strips,Veet Expert Cold Wax Strips Legs Normal 40 Pack,40pk,£0.40 each,15.90,,
Boots Borehamwood,Personal Grooming,Wax Strips,Veet Expert Cold Wax Strips Legs Sensitive 20 Pack,20pk,£0.46 each,9.15,,
Boots Borehamwood,Personal Grooming,Wax Strips,Veet Pure Cold Wax Strips Legs & Body For Sensitive Skin - 40 Pack,40pk,£0.36 each,14.25,,
Boots Borehamwood,Personal Grooming,Wax Strips,Veet Pure Cold Wax Strips Legs & Body for Sensitive Skin - 20s,20pk,£0.43 each,8.65,,
Boots Borehamwood,Personal Grooming,Wax Strips,Veet Pure Inspirations Sugar Wax Kit Body & Face with Argan Oil 250ml,,,12.05,,
Boots Borehamwood,Personal Grooming,Wax Strips,Veet Pure Inspirations Wax Strips for Face & Sensitive Skin - 20s,20pk,£0.43 each,8.65,,
Boots Borehamwood,Personal Grooming,Wax Strips,Veet Pure Inspirations Wax Strips for Face Sensitive Skin - 40s,40pk,£0.38 each,15.35,,
Boots Borehamwood,Personal Grooming,Wax Strips,Veet Pure Oriental Hot Wax Body & Face Floral Vanilla - 250ml,250ml,£48.20/L,12.05,,
Boots Borehamwood,Personal Grooming,Wax Strips,Veet Pure Wax Strips Bikini & Underarms For Sensitive Skin - 30 Wax Strips,30pk,£0.50 each,15.00,,
Boots Borehamwood,Personal Grooming,Razors & Shaving Foam,Venus And Olay Blades 6 Pack,6pk,£4.20 each,25.20,,
Boots Borehamwood,Personal Grooming,Razors & Shaving Foam,"Venus Deluxe Smooth Swirl Razor Blades, 6 Pack",6pk,£4.20 each,25.20,,
Boots Borehamwood,Personal Grooming,Razors & Shaving Foam,Venus Deluxe Smooth Swirl Razor- 1 Blade,,,15.40,,
Boots Borehamwood,Personal Grooming,Razors & Shaving Foam,Venus Extra Smooth Razor Blades x8,8pk,£3.15 each,25.20,,
Boots Borehamwood,Personal Grooming,Razors & Shaving Foam,"Venus Oceana Disposable Razors, Pack of 3",3pk,£2.48 each,7.45,,
Boots Borehamwood,Personal Grooming,Razors & Shaving Foam,Venus Spa Breeze Blades 8 Pack,8pk,£3.15 each,25.20,,
Boots Borehamwood,Personal Grooming,Razors & Shaving Foam,Venus Spa Breeze Starter Pack Handle And Blades 3 Pack,,,16.45,,
Boots Borehamwood,Personal Grooming,Razors & Shaving Foam,Wilkinson Sword Hydro 5 Men s Razor Blade Refills 4 pack,4pk,£3.03 each,12.10,,
Boots Borehamwood,Personal Grooming,Razors & Shaving Foam,Wilkinson Sword Hydro 5 Men s Razor Blade Refills 8 Pack,8pk,£2.48 each,19.80,,
Boots Borehamwood,Personal Grooming,Wax Strips,Wilkinson Sword Intuition Eyebrow Shaper Xl Pack,,,6.30,,
Boots Borehamwood,Personal Grooming,Razors & Shaving Foam,Wilkinson Sword Quattro For Women Sensitive Disposable Razors 3 Pack,3pk,£1.92 each,5.75,,
Boots Borehamwood,Personal Grooming,Razors & Shaving Foam,Wilkinson Sword Xtreme 3 Beauty Disposable Razors 4 Pack,4pk,£1.15 each,4.60,,
Boots Borehamwood,Personal Grooming,Razors & Shaving Foam,Bic Flex 5 Disposable Razor Bl3,3pk,£2.28 each,6.85,,
Boots Borehamwood,Personal Grooming,Razors & Shaving Foam,Boots Everyday Double Edge Blade Refill 10 Pack,10pk,£0.19 each,1.90,,
Boots Borehamwood,Personal Grooming,Razors & Shaving Foam,Boots Max Shave 5 Blade Universal Refill 4 Pack,4pk,£2.00 each,8.00,,
Boots Borehamwood,Personal Grooming,Razors & Shaving Foam,Boots Max Shave Five Blade Shaving System & Trimmer,,,6.00,,
Boots Borehamwood,Personal Grooming,Razors & Shaving Foam,Boots Shave Foam 250ml,250ml,£6.00/L,1.50,,
Boots Borehamwood,Personal Grooming,Razors & Shaving Foam,Boots Smooth Care 5 Blade System Razor Handle + 2pk Refill Cartridges,,,5.00,,
Boots Borehamwood,Personal Grooming,Razors & Shaving Foam,Boots Twin Blade Everyday Razors 10s,10pk,£0.15 each,1.50,,
Boots Borehamwood,Personal Grooming,Razors & Shaving Foam,"Bulldog Skincare Original After Shave Balm for Men Hydrates & Soothes, 100 ml",100ml,£63.00/L,6.30,,
Boots Borehamwood,Personal Grooming,Razors & Shaving Foam,"Bulldog Skincare Original Razor Refills for Men, Pack of 4 Razor Blade Refills",4pk,£2.30 each,9.20,,
Boots Borehamwood,Personal Grooming,Razors & Shaving Foam,Estrid the Five Blade Cartridges 4s,4pk,£3.55 each,14.20,,
Boots Borehamwood,Personal Grooming,Razors & Shaving Foam,Estrid the Five Blade Cartridges Extra Large 8s,8pk,£2.88 each,23.05,,
Boots Borehamwood,Personal Grooming,Razors & Shaving Foam,Estrid the Razor Starter Bloom Kit,,,11.40,,
Boots Borehamwood,Personal Grooming,Razors & Shaving Foam,Estrid the Razor Starter Guava Kit,,,11.40,,
Boots Borehamwood,Personal Grooming,Razors & Shaving Foam,Gillette Blue Ii Disposable Razors x20,20pk,£0.35 each,6.90,,
Boots Borehamwood,Personal Grooming,Razors & Shaving Foam,Gillette Blue3 Men's Disposable Razors x4,4pk,£0.99 each,3.95,,
Boots Borehamwood,Personal Grooming,Razors & Shaving Foam,Gillette Blue3 Smooth Men's Disposable Razors x12,12pk,£0.83 each,9.95,,
Boots Borehamwood,Personal Grooming,Razors & Shaving Foam,Gillette Classic Sensitive Shave Foam 250ml,250ml,£9.20/L,2.30,,
Boots Borehamwood,Personal Grooming,Razors & Shaving Foam,Gillette Cool Wave Antiperspirant Clear Gel for Men 70ml,70ml,£73.57/L,5.15,,
Boots Borehamwood,Personal Grooming,Razors & Shaving Foam,Gillette Fusion One Hybrid Beard Trimmer & Shaver for Face & Body,,,36.70,,
Boots Borehamwood,Personal Grooming,Razors & Shaving Foam,Gillette Labs Body + Intimate Razor Blade Refill Cartridges 6 Pack,6pk,£4.37 each,26.20,,
Boots Borehamwood,Personal Grooming,Razors & Shaving Foam,"Gillette Labs Body + Intimate Razor with Magnetic Shower Hanger, Handle + 1 Cartridge",,,25.15,,
Boots Borehamwood,Personal Grooming,Razors & Shaving Foam,Gillette Labs I5 Body + Intimate Hair Trimmer,,,94.45,,
Boots Borehamwood,Personal Grooming,Razors & Shaving Foam,Gillette Pro Shave Gel Cools to Soothe Skin 200ml,200ml,£23.00/L,4.60,,
Boots Borehamwood,Personal Grooming,Razors & Shaving Foam,"Gillette Sensor3 Comfort, Disposable Razors for Men, 4-Pack Razors",4pk,£1.44 each,5.75,,
Boots Borehamwood,Personal Grooming,Razors & Shaving Foam,"Gillette Venus Dermaplaner Blade Refills, 4 Blades, Dermaplaning Tool for Facial Hair Removal",4pk,£4.13 each,16.50,,
Boots Borehamwood,Personal Grooming,Razors & Shaving Foam,"Gillette Venus Razor, Pro Comfortglide Pomegranate Scented Tropical 5 Blade Women's Razor + Shower Hook",,,17.60,,
Boots Borehamwood,Personal Grooming,Razors & Shaving Foam,"Gillette Venus Razor, Smooth 3 Blade Women's Razor",,,7.45,,
Boots Borehamwood,Personal Grooming,Razors & Shaving Foam,"Gillette Venus Starter Kit, Pro Smooth Sensitive 5 Blade Rosegold Women's Razor + 3 Blades Refills + Shower Hook",,,22.05,,
Boots Borehamwood,Personal Grooming,Razors & Shaving Foam,"Gillette Venus Travel Razor, Extra Smooth Snap 3 Blade Women's Razor + Travel Case",,,13.20,,
Boots Borehamwood,Personal Grooming,Razors & Shaving Foam,Harry's Plus Razor Blade Cartridges 4s,4pk,£3.03 each,12.10,,
Boots Borehamwood,Personal Grooming,Razors & Shaving Foam,Harry's Plus Razor and 10 Blades Tide Set,,,26.25,,
Boots Borehamwood,Personal Grooming,Razors & Shaving Foam,Harry's Plus Razor and 5 Blades Tide Set,,,18.70,,
Boots Borehamwood,Personal Grooming,Razors & Shaving Foam,Harry's Razor and 10 Blades Indigo Set,,,20.90,,
Boots Borehamwood,Personal Grooming,Razors & Shaving Foam,King C Gillette Perfect Beard Ritual Kit,,,42.00,,
Boots Borehamwood,Personal Grooming,Razors & Shaving Foam,Venus Comfortglide Argan Oil Razor,,,17.60,,
Boots Borehamwood,Personal Grooming,Razors & Shaving Foam,"Venus Tropical Disposable Razors, Pack of 6",6pk,£1.99 each,11.95,,
Boots Borehamwood,Personal Grooming,Razors & Shaving Foam,Wilkinson Sword Classic Double Edge Safety Razor Blades x10,10pk,£0.53 each,5.25,,
Boots Borehamwood,Personal Grooming,Razors & Shaving Foam,Wilkinson Sword Essentials 2 Sensitive Men's Disposable Razors 10 Pack,10pk,£0.40 each,3.95,,
Boots Borehamwood,Personal Grooming,Razors & Shaving Foam,Wilkinson Sword Intuition 2in1 Soap & Shave Sensitive Blades 6 X Blade Refills,6pk,£2.75 each,16.50,,
Boots Borehamwood,Personal Grooming,Razors & Shaving Foam,Wilkinson Sword Intuition Complete Care Bikini Trimmer 1 X Electric Trimmer with 1 X Blade Refill,,,18.15,,
Boots Borehamwood,Personal Grooming,Razors & Shaving Foam,"Wilkinson Sword Intuition Complete Care Mini Travel Razor - Razor Handle, Blade Refill and Travelcase",,,10.90,,
Boots Borehamwood,Personal Grooming,Razors & Shaving Foam,Wilkinson Sword Sensitive Shave Soap 125g,125g,£26.40/kg,3.30,,
Boots Borehamwood,Personal Grooming,Razors & Shaving Foam,men-u Shave Cream 100ml,100ml,£142.00/L,14.20,,
Boots Borehamwood,Sexual Wellness,Condoms,Boots Ultra Endurance Condoms - 12 Pack,12pk,£0.75 each,8.99,,
Boots Borehamwood,Sexual Wellness,Condoms,Boots Ultra Safe Condoms - 12 Pack,12pk,£0.58 each,6.99,,
Boots Borehamwood,Sexual Wellness,Condoms,Boots Ultra Thin Condoms - 12 Pack,12pk,£0.58 each,6.99,,
Boots Borehamwood,Sexual Wellness,Condoms,Durex Extended Pleasure Condoms - 10 Pack,10pk,£1.65 each,16.45,,£13.16 loyalty card (£1.32 each)
Boots Borehamwood,Sexual Wellness,Condoms,Durex Extra 3 Pack Condoms Extra Safe 3 Pack,3pk,£1.72 each,5.15,,
Boots Borehamwood,Sexual Wellness,Condoms,Durex Extra Safe Thick Condoms - 12 Pack,12pk,£1.00 each,12.05,,
Boots Borehamwood,Sexual Wellness,Condoms,Durex Extra Safe Thick Condoms 30 Pack,30pk,£0.71 each,21.40,,£19.26 loyalty card (£0.64 each)
Boots Borehamwood,Sexual Wellness,Condoms,Durex Intensity Latex Free Condoms 9 Pack,9pk,£1.83 each,16.45,,£13.16 loyalty card (£1.46 each)
Boots Borehamwood,Sexual Wellness,Condoms,Durex Intensity Latex Free Condoms XL 9 Pack,9pk,£1.83 each,16.45,,£13.16 loyalty card (£1.46 each)
Boots Borehamwood,Sexual Wellness,Condoms,Durex Intensity Premium Latex-Free Condoms - 15 Pack,15pk,£1.54 each,23.05,,
Boots Borehamwood,Sexual Wellness,Condoms,Durex Intensity Premium Latex-Free Condoms - 5 Pack,5pk,£2.41 each,12.05,,
Boots Borehamwood,Sexual Wellness,Condoms,Durex Intensity Premium Latex-Free Condoms 9 Pack,8pk,£2.06 each,16.45,,£13.16 loyalty card (£1.65 each)
Boots Borehamwood,Sexual Wellness,Condoms,Durex Nude Close Fit Condoms - 10 Pack,10pk,£1.65 each,16.45,,
Boots Borehamwood,Sexual Wellness,Condoms,Durex Nude Extra Lube Condoms - 10 Pack,10pk,£1.65 each,16.45,,
Boots Borehamwood,Sexual Wellness,Condoms,Durex Nude Regular Condoms - 10 Pack,10pk,£1.65 each,16.45,,
Boots Borehamwood,Sexual Wellness,Condoms,Durex Nude Regular Condoms - 6 Pack,6pk,£1.91 each,11.45,,£10.31 loyalty card (£1.72 each)
Boots Borehamwood,Sexual Wellness,Condoms,Durex Nude Wide Fit Condoms - 10 Pack,10pk,£1.65 each,16.45,,
Boots Borehamwood,Sexual Wellness,Condoms,Durex Pleasure Me Ribbed & Dotted Condoms - Regular Fit -12 Pack,12pk,£1.19 each,14.25,,
Boots Borehamwood,Sexual Wellness,Condoms,Durex Thin Feel 3 Pack,3pk,£1.90 each,5.70,,
Boots Borehamwood,Sexual Wellness,Condoms,Durex Thin Feel Condoms - 30 Pack,30pk,£0.77 each,23.05,,£20.75 loyalty card (£0.69 each)
Boots Borehamwood,Sexual Wellness,Condoms,Durex Thin Feel XL Wide Fit Condoms - 12 Pack,12pk,£1.28 each,15.35,,
Boots Borehamwood,Sexual Wellness,Condoms,Durex Ultimate Intense Condoms - 10 pack,10pk,£1.65 each,16.45,,£13.16 loyalty card (£1.32 each)
Boots Borehamwood,Sexual Wellness,Condoms,Durex Ultimate Mutual Climax Condoms - 10 Pack,10pk,£1.65 each,16.45,,£13.16 loyalty card (£1.32 each)
Boots Borehamwood,Sexual Wellness,Condoms,Durex Ultimate Real Feel Condoms - 10 Pack,10pk,£1.65 each,16.45,,
Boots Borehamwood,Sexual Wellness,Condoms,Durex XL Comfort Condoms - 12 Pack,12pk,£1.00 each,12.05,,
Boots Borehamwood,Sexual Wellness,Condoms,Mates Skyn Elite Premium Condoms (Non-Latex) 10 Pack,10pk,£1.48 each,14.80,,
Boots Borehamwood,Sexual Wellness,Condoms,Mates Skyn Original Condoms (Non-Latex) - 10 Pack,10pk,£1.21 each,12.05,,
Boots Borehamwood,Sexual Wellness,Condoms,Skyn Elite Large Condoms 10 Pack,10pk,£1.43 each,14.25,,
Boots Borehamwood,Sexual Wellness,Lubricant,Boots Silicone Lubricant 75ml,75ml,£126.53/L,9.49,,
Boots Borehamwood,Sexual Wellness,Lubricant,Boots Silky Lubricant,100ml,£45.00/L,4.50,,
Boots Borehamwood,Sexual Wellness,Lubricant,Conceive Plus Lubricant 75ml,75ml,£263.33/L,19.75,,
Boots Borehamwood,Sexual Wellness,Lubricant,Durex 2 In 1 Massage Aloe Vera Water Based Lube - 200ml,200ml,£57.50/L,11.50,,
Boots Borehamwood,Sexual Wellness,Lubricant,Durex 2 In 1 Massage Ylang Ylang Lube Water Based - 200ml,200ml,£60.25/L,12.05,,
Boots Borehamwood,Sexual Wellness,Lubricant,Durex Intense Orgasmic Stimulating Lubricant Gel For Her - 10 ml,10ml,"£1,205.00/L",12.05,,£9.64 loyalty card (£964.00/L)
Boots Borehamwood,Sexual Wellness,Lubricant,Durex Naturals Intimate Gel - 100ml,100ml,£137.00/L,13.70,,
Boots Borehamwood,Sexual Wellness,Lubricant,Durex Naturals Moisture Lube Water Based - 100ml,100ml,£137.00/L,13.70,,
Boots Borehamwood,Sexual Wellness,Lubricant,Durex Naturals Water Based Extra Sensitive Lubricant Gel 100ml,100ml,£137.00/L,13.70,,
Boots Borehamwood,Sexual Wellness,Lubricant,Durex Play Feel Lubricant Gel - 100ml,100ml,£114.50/L,11.45,,£10.31 loyalty card (£103.10/L)
Boots Borehamwood,Sexual Wellness,Lubricant,Durex Play Feel Lubricant Gel - 50ml,50ml,£126.00/L,6.30,,
Boots Borehamwood,Sexual Wellness,Lubricant,Durex Play Water Based Strawberry Lubricant Gel - 100ml,100ml,£109.00/L,10.90,,£9.81 loyalty card (£98.10/L)
Boots Borehamwood,Sexual Wellness,Lubricant,Durex Play Water Based Tingling Lubricant Gel - 100ml,100ml,£114.50/L,11.45,,£10.31 loyalty card (£103.10/L)
Boots Borehamwood,Sexual Wellness,Lubricant,Durex Sensilube 40ml,40ml,£200.00/L,8.00,,
Boots Borehamwood,Sexual Wellness,Lubricant,KY Jelly 113g,113g,£97.35/kg,11.00,,
Boots Borehamwood,Sexual Wellness,Lubricant,KY Jelly 57g,57g,£110.53/kg,6.30,,
Boots Borehamwood,Sexual Wellness,Lubricant,KY Ultragel 44ml,44ml,£143.18/L,6.30,,
Boots Borehamwood,Sexual Wellness,Lubricant,Sasmar Delay Gel Helps Prolong Intimacy 30ml,30ml,£475.00/L,14.25,,
Boots Borehamwood,Sexual Wellness,Sex Toys,Durex Intense Delight Vibrating Bullet,,,12.05,,£10.85 loyalty card
Boots Borehamwood,Sexual Wellness,Sex Toys,Durex Intense Vibrations Ring,,,8.00,,£7.20 loyalty card
Boots Borehamwood,Sexual Wellness,Sex Toys,Durex Pleasure Ring,,,8.00,,£7.20 loyalty card
Boots Borehamwood,Sexual Wellness,Sex Toys,Lovehoney 10 Function Frisky Rabbit Vibrator,,,26.20,,£21.20 loyalty card
Boots Borehamwood,Skincare,Anti-Aging,L'Oreal Paris Age Perfect Cell Renew Midnight Regenerative Cream 50ml,50ml,£629.00/L,31.45,,
Boots Borehamwood,Skincare,Anti-Aging,L'Oreal Paris Age Perfect Cell Renew Midnight Serum Anti-Aging Serum 30ml,30ml,"£1,118.33/L",33.55,,
Boots Borehamwood,Skincare,Anti-Aging,L'Oreal Paris Age Perfect Collagen Expert Day Cream SPF 30,50ml,£351.00/L,17.55,,
Boots Borehamwood,Skincare,Anti-Aging,"L'Oreal Paris Age Perfect Collagen Expert Retightening Day Cream, for 50+, 50ml",50ml,£351.00/L,17.55,,
Boots Borehamwood,Skincare,Anti-Aging,"L'Oreal Paris Age Perfect Collagen Expert Retightening Night Cream, for 50+, 50ml",50ml,£351.00/L,17.55,,
Boots Borehamwood,Skincare,Anti-Aging,L'Oreal Paris Age Perfect Golden Age Day Cream SPF 20 50ml,50ml,£439.00/L,21.95,,
Boots Borehamwood,Skincare,Anti-Aging,L'Oreal Paris Age Perfect Golden Age Rosy Glow Day Cream 50ml,50ml,£439.00/L,21.95,,
Boots Borehamwood,Skincare,Anti-Aging,L'Oreal Paris Age Perfect Golden Night Cream for 50+ Renew Skin Barrier Overnight Calcium Vitamin B3 50ml,50ml,£439.00/L,21.95,,
Boots Borehamwood,Skincare,Anti-Aging,L'Oreal Paris Age Perfect Manuka day cream 50ml,50ml,£439.00/L,21.95,,
Boots Borehamwood,Skincare,Anti-Aging,L'Oreal Paris Age Perfect Manuka night cream 50ml,50ml,£439.00/L,21.95,,
Boots Borehamwood,Skincare,Anti-Aging,L'Oreal Paris Laser Anti-Ageing Triple Action Eye Cream,15ml,"£2,096.67/L",31.45,,
Boots Borehamwood,Skincare,Anti-Aging,"L'Oreal Paris Laser Renew Triple Action Anti-Ageing Day Cream, Visibly Reduce Fine Lines, 50ml",50ml,£629.00/L,31.45,,
Boots Borehamwood,Skincare,Anti-Aging,"L'Oreal Paris Laser Renew Triple Action Anti-Ageing Night Cream, Pro-Retinol, Hyaluronic Acid and Vitamin C, 50ml",50ml,£629.00/L,31.45,,
Boots Borehamwood,Skincare,Anti-Aging,"L'Oreal Paris Revitalift Filler Day Cream, Deep Replumping Anti-Ageing Cream, 50ml",50ml,£629.00/L,31.45,,
Boots Borehamwood,Skincare,Anti-Aging,"L'Oreal Paris Revitalift Filler Deep Replumping Anti-Ageing, SPF50, with Hyaluronic Acid, 50ml",50ml,£629.00/L,31.45,,
Boots Borehamwood,Skincare,Anti-Aging,"L'Oreal Paris Revitalift Filler Replumping Anti-Ageing Night Cream, with Hyaluronic Acid, 50ml",50ml,£629.00/L,31.45,,
Boots Borehamwood,Skincare,Anti-Aging,L'Oreal Paris Revitalift Filler Replumping Water Cream 50ml,50ml,£629.00/L,31.45,,
Boots Borehamwood,Skincare,Anti-Aging,"L'Oreal Paris Revitalift Laser Day Cream, Anti-Ageing SPF 25 Day Cream, [Pro-Retinol, Hyaluronic Acid + Vitamin C], 50ml",50ml,£629.00/L,31.45,,
Boots Borehamwood,Skincare,Anti-Aging,L'Oreal Paris Revitalift Laser Day and Night Cream Duo,50ml,£629.00/L,31.45,,
Boots Borehamwood,Skincare,Anti-Aging,L'Oreal Paris Revitalift Laser Pure Retinol Night Serum Anti-Wrinkle Anti-Fine Line 30ml,30ml,"£1,118.33/L",33.55,,
Boots Borehamwood,Skincare,Anti-Aging,L'Oreal Paris Revitalift Laser Renew Anti-Ageing Super Serum 30ml,30ml,"£1,118.33/L",33.55,,
Boots Borehamwood,Skincare,Anti-Aging,L'Oreal Paris Revitalift Resurfacing Serum-in-Cleanser 150ml,150ml,£109.67/L,16.45,,
Boots Borehamwood,Skincare,Anti-Aging,L'Oreal Paris Revitalift Triple Laser Anti-Ageing Creamy-Serum Melasyl and Vit C and Niacinamide 50ml,50ml,£671.00/L,33.55,,
Boots Borehamwood,Skincare,Anti-Aging,L'Oreal Paris Wrinkle Expert 45+ cream day pot 50ml,50ml,£229.00/L,11.45,,
Boots Borehamwood,Skincare,Anti-Aging,L'Oreal Paris Wrinkle Expert 65+ cream day pot 50ml,50ml,£229.00/L,11.45,,
Boots Borehamwood,Skincare,Anti-Aging,L'Oreal Paris Wrinkle Expert 65+ cream night pot 50ml,50ml,£229.00/L,11.45,,
Boots Borehamwood,Skincare,Anti-Aging,NIVEA Cellular Expert Lift Pure Bakuchiol + HA Anti-Age Night Face Cream 50ml,50ml,£236.00/L,11.80,23.60,50% off
Boots Borehamwood,Skincare,Anti-Aging,NIVEA Cellular Luminous 630 Anti-Dark Spot Day Cream Face Moisturiser SPF50 40ml,40ml,£786.25/L,31.45,,
Boots Borehamwood,Skincare,Anti-Aging,NIVEA Cellular Luminous 630 Anti-Dark Spot Face Serum 30ml,30ml,"£1,118.33/L",33.55,,
Boots Borehamwood,Skincare,Anti-Aging,NIVEA Cellular Luminous 630 Anti-Dark Spot Night Cream 50ml,50ml,£629.00/L,31.45,,
Boots Borehamwood,Skincare,Anti-Aging,NIVEA Luminous 630 Anti-Age and Dark Spot 2-in-1 Serum with Collagen Booster 30ml,30ml,"£1,223.33/L",36.70,,
Boots Borehamwood,Skincare,Anti-Aging,NIVEA Q10 Anti-Wrinkle Collagen Expert 3in1 Repairing Face Serum 30ml,30ml,£366.00/L,10.98,21.95,50% off
Boots Borehamwood,Skincare,Anti-Aging,NIVEA Q10 Anti-Wrinkle Collagen Expert Day & Night Facial Butter 50ml,50ml,£208.60/L,10.43,20.85,50% off
Boots Borehamwood,Skincare,Anti-Aging,NIVEA Q10 Anti-Wrinkle Expert Daily UV Face Fluid SPF50 40ml,40ml,£493.75/L,19.75,,
Boots Borehamwood,Skincare,Anti-Aging,NIVEA Q10 Anti-Wrinkle Power Wrinkle Filler Serum with Bioxifill Peptides 15ml,15ml,"£1,243.33/L",18.65,,
Boots Borehamwood,Skincare,Anti-Aging,NIVEA Q10 Power 60+ Anti-Wrinkle Face Cream Moisturiser 50ml,50ml,£186.60/L,9.33,18.65,50% off
Boots Borehamwood,Skincare,Anti-Aging,NIVEA Q10 Power 60+ Anti-Wrinkle Night Cream Moisturiser 50ml,50ml,£186.60/L,9.33,18.65,50% off
Boots Borehamwood,Skincare,Anti-Aging,NIVEA Q10 Power Anti-Wrinkle and Firming Eye Cream 15ml,15ml,"£1,096.67/L",16.45,,
Boots Borehamwood,Skincare,Anti-Aging,Nip+Fab vitamin C fix multi antioxidant morning oil 20% 30ml,30ml,"£1,048.33/L",31.45,,
Boots Borehamwood,Skincare,Anti-Aging,No7 Anti-Ageing Shimmering Lip & Eye Screen Spf30 3G,,,9.10,,
Boots Borehamwood,Skincare,Anti-Aging,No7 Pure Retinol 1% Retinol Night Concentrate 30ml,30ml,"£1,398.33/L",41.95,,
Boots Borehamwood,Skincare,Anti-Aging,Olay Anti-Wrinkle Firm and Lift Day Cream SPF15 50ml,50ml,£286.00/L,14.30,,
Boots Borehamwood,Skincare,Anti-Aging,Olay Anti-Wrinkle Firm and Lift Night Cream 50ml,50ml,£286.00/L,14.30,,
Boots Borehamwood,Skincare,Anti-Aging,Olay Regenerist Day Face Cream Anti-Wrinkle Active Firming Moisturiser Niacinamide and Peptides 50ml,50ml,£630.00/L,31.50,,
Boots Borehamwood,Skincare,Anti-Aging,Olay Regenerist Night Face Cream Moisturiser with Anti-Ageing Niacinamide and Peptides 50ml,50ml,£630.00/L,31.50,,
Boots Borehamwood,Skincare,Anti-Aging,Olay Total Effects Anti-Ageing 7in1 BB Cream SPF15 Fair to Medium 50ml,50ml,£420.00/L,21.00,,
Boots Borehamwood,Skincare,Anti-Aging,Olay Total Effects Anti-Ageing 7in1 Day Moisturiser with SPF15 50ml,50ml,£420.00/L,21.00,,
Boots Borehamwood,Skincare,Anti-Aging,Olay Total Effects Anti-Ageing 7in1 Night Firming Moisturiser 50ml,50ml,£420.00/L,21.00,,
Boots Borehamwood,Skincare,Anti-Aging,Olay Total Effects fragrance free moisturising cream 50ml,50ml,£420.00/L,21.00,,
Boots Borehamwood,Skincare,Anti-Aging,"Roc Derm Correxion Retinol Firming Serum Stick To Lift, Tighten & Smooth Fine Lines 30g",30g,"£1,398.33/kg",41.95,,
Boots Borehamwood,Skincare,Cleanser & Makeup Remover,47 Skin Everyday Cleanser 150ml,150ml,£203.00/L,30.45,,
Boots Borehamwood,Skincare,Cleanser & Makeup Remover,Aveeno Calm & Restore Foaming Cleanser 200ml,200ml,£71.25/L,14.25,,
Boots Borehamwood,Skincare,Cleanser & Makeup Remover,"Aveeno Face Calm+Restore Gentle Smooth Pha Exfoliating Cleanser For Sensitive Skin, 150ml",150ml,£91.33/L,13.70,,
Boots Borehamwood,Skincare,Cleanser & Makeup Remover,Avene Gentle Milk Cleanser & Make-Up Remover For Sensitive Skin 200ml,200ml,£85.25/L,17.05,,
Boots Borehamwood,Skincare,Cleanser & Makeup Remover,Avene Mattifying Cleansing Foam For Sensitive Skin 150ml,150ml,£121.00/L,18.15,,
Boots Borehamwood,Skincare,Cleanser & Makeup Remover,Bioderma Sensibio H2O Micellar Water Cleanser For Sensitive Skin 500ml,500ml,£41.80/L,20.90,,
Boots Borehamwood,Skincare,Cleanser & Makeup Remover,Boots Biodegradable Moisturising Cleansing Wipes 25 Pack,25pk,£0.04 each,0.99,,
Boots Borehamwood,Skincare,Cleanser & Makeup Remover,Boots Modern Chemistry Restore Cleansing Balm 100ml,100ml,£120.00/L,12.00,,
Boots Borehamwood,Skincare,Cleanser & Makeup Remover,Bubble Soft Launch Cleanser 125ml,125ml,£123.20/L,15.40,,
Boots Borehamwood,Skincare,Cleanser & Makeup Remover,Byoma Blemish Clearing Cleanser 175ml,175ml,£81.43/L,14.25,,
Boots Borehamwood,Skincare,Cleanser & Makeup Remover,Byoma Creamy Jelly Cleanser 175ml,175ml,£68.86/L,12.05,,
Boots Borehamwood,Skincare,Cleanser & Makeup Remover,Byoma Milky Moisture Cleanser 100ml,100ml,£153.50/L,15.35,,
Boots Borehamwood,Skincare,Cleanser & Makeup Remover,Byoma Milky Oil Cleanser 100ml,100ml,£153.50/L,15.35,,
Boots Borehamwood,Skincare,Cleanser & Makeup Remover,"CeraVe SA Smoothing Cleanser with Salicylic Acid for Dry, Rough & Bumpy Skin 473ml",473ml,£39.09/L,18.49,24.65,25% off
Boots Borehamwood,Skincare,Cleanser & Makeup Remover,Cerave Balancing Air Foam Foaming Facial Cleanser For Normal To Combination Skin 148ml,150ml,£106.33/L,15.95,,
Boots Borehamwood,Skincare,Cleanser & Makeup Remover,Cerave Blemish Control Face Cleanser 236ml,236ml,£50.68/L,11.96,15.95,25% off
Boots Borehamwood,Skincare,Cleanser & Makeup Remover,Cerave Skin Smoothing Cleanser 236ml,236ml,£50.68/L,11.96,15.95,25% off
Boots Borehamwood,Skincare,Cleanser & Makeup Remover,"Cetaphil Gentle Skin Cleanser, Face & Body Wash For Normal To Dry Sensitive Skin 236ml",236ml,£53.60/L,12.65,,
Boots Borehamwood,Skincare,Cleanser & Makeup Remover,Cetaphil Hydrating Foaming Cream Cleanser For Normal To Dry Sensitive Skin 236ml,236ml,£58.26/L,13.75,,
Boots Borehamwood,Skincare,Cleanser & Makeup Remover,Erborian Centella Cleansing Oil 180ml,180ml,£128.33/L,23.10,,
Boots Borehamwood,Skincare,Cleanser & Makeup Remover,Garnier Hyaluron Barrier Protect Cream Cleanser with Glycerin and Hyaluronc Acid and Aloe Vera 250ml,250ml,£45.80/L,11.45,,
Boots Borehamwood,Skincare,Cleanser & Makeup Remover,Garnier Micellar Cleansing Water 700ml,700ml,£16.36/L,11.45,,
Boots Borehamwood,Skincare,Cleanser & Makeup Remover,"Garnier Micellar Rose Water, Gentle face Cleanser & Makeup Remover, Cleanse & Glow Formula, 400ml",400ml,£28.63/L,11.45,,
Boots Borehamwood,Skincare,Cleanser & Makeup Remover,Garnier Skin Naturals 2in1 Eye Make Up Remover 125ml,125ml,£41.20/L,5.15,,
Boots Borehamwood,Skincare,Cleanser & Makeup Remover,Garnier Vitamin C Brightening Cream Cleanser Hydrates Brightens Cleanses for Glowing Skin 250ml,250ml,£45.80/L,11.45,,
Boots Borehamwood,Skincare,Cleanser & Makeup Remover,Haruharu Wonder Black Rice Moisture Cleansing Oil 150ml,150ml,£124.67/L,18.70,,
Boots Borehamwood,Skincare,Cleanser & Makeup Remover,"La Roche-Posay Effaclar 3-Step Anti-Blemish System Gift Set to Cleanse, Tone & Moisturise Oily, Blemish-Prone Skin",,,34.65,46.20,25% off
Boots Borehamwood,Skincare,Cleanser & Makeup Remover,La Roche-Posay Effaclar H Cleansing Cream for Oily Blemish-Prone Skin 390ml,390ml,£50.49/L,19.69,26.25,25% off
Boots Borehamwood,Skincare,Cleanser & Makeup Remover,La Roche-Posay Effaclar Purifying Cleansing Gel 400ml,400ml,£49.23/L,19.69,26.25,25% off
Boots Borehamwood,Skincare,Cleanser & Makeup Remover,La Roche-Posay Toleriane Foaming Gel Cleanser 400ml,400ml,£52.13/L,20.85,27.80,25% off
Boots Borehamwood,Skincare,Cleanser & Makeup Remover,Liz Earle Cleanse And Polish Cleanser 200ml,200ml,£157.50/L,31.50,,
Boots Borehamwood,Skincare,Cleanser & Makeup Remover,NIVEA Double Effect Waterproof Eye Make-Up Remover 125ml,125ml,£39.20/L,4.90,,
Boots Borehamwood,Skincare,Cleanser & Makeup Remover,Nivea Biodegradable Cleansing Wipes For Dry Skin 25Pcs,25pk,£0.07 each,1.70,,
Boots Borehamwood,Skincare,Cleanser & Makeup Remover,"Nivea Eye Make-Up Remover Extra Gentle, 125ml",125ml,£45.60/L,5.70,,
Boots Borehamwood,Skincare,Cleanser & Makeup Remover,No7 Cleansing Foaming Cleanser Normal 150ml,150ml,£94.67/L,14.20,,
Boots Borehamwood,Skincare,Cleanser & Makeup Remover,No7 Derm Solutions Calming Gel Cleanser 200ml,200ml,£82.00/L,16.40,,
Boots Borehamwood,Skincare,Cleanser & Makeup Remover,No7 Derm Solutions Salicylic Acid Purifying Cleanser 200Ml,200ml,£82.00/L,16.40,,
Boots Borehamwood,Skincare,Cleanser & Makeup Remover,No7 Good Intent Cloud Bounce Whipped Foam Cleanser 150ml,150ml,£94.67/L,14.20,,
Boots Borehamwood,Skincare,Cleanser & Makeup Remover,No7 Good Intent Pore Buff Clarifying Cleansing Oil 150ml,150ml,£94.67/L,14.20,,
Boots Borehamwood,Skincare,Cleanser & Makeup Remover,No7 Lift & Luminate Dual Action Cleansing Exfoliator 100ml,100ml,£197.00/L,19.70,,
Boots Borehamwood,Skincare,Cleanser & Makeup Remover,No7 Protect & Perfect Intense Advanced Dual Action Cleansing Water 200ml,200ml,£98.50/L,19.70,,
Boots Borehamwood,Skincare,Cleanser & Makeup Remover,Optase Life Sensitive Eye Makeup Remover Soothing Micellar Cleansing Water - 100ml,100ml,£114.50/L,11.45,,
Boots Borehamwood,Skincare,Cleanser & Makeup Remover,Round Lab 1025 Dokdo Cleanser 150ml,150ml,£110.00/L,16.50,,
Boots Borehamwood,Skincare,Cleanser & Makeup Remover,Simple Cleansing Wipes - 7 Wipes,7pk,£0.42 each,2.95,,
Boots Borehamwood,Skincare,Cleanser & Makeup Remover,Simple Kind To Skin Biodegradable Cleansing Wipes 2x25 Pack,50pk,£0.10 each,5.00,,
Boots Borehamwood,Skincare,Cleanser & Makeup Remover,Simple Kind To Skin Eye Make-Up Remover 125ml,125ml,£23.60/L,2.95,4.40,33% off
Boots Borehamwood,Skincare,Cleanser & Makeup Remover,Simple Kind To Skin Eye Make-Up Remover Pads 30 Pack,30pk,£0.10 each,2.95,4.40,33% off
Boots Borehamwood,Skincare,Cleanser & Makeup Remover,Simple Kind to Skin Micellar Biodegradable Cleansing Wipes 20 Wipes,20pk,£0.32 each,6.30,,
Boots Borehamwood,Skincare,Cleanser & Makeup Remover,Simple Water Boost Micellar Cleansing Water Sensitive Skin 400ml,400ml,£22.00/L,8.80,,
Boots Borehamwood,Skincare,Cleanser & Makeup Remover,The Inkey List Salicylic Acid Cleanser 150ml,150ml,£102.67/L,15.40,,
Boots Borehamwood,Skincare,Eye Cream,Bioderma atoderm intensive eye 100ml,100ml,£198.00/L,19.80,,
Boots Borehamwood,Skincare,Eye Cream,Blephaderm Soothing Eyelid And Eye Contour Cream 40ml,40ml,£602.50/L,24.10,,
Boots Borehamwood,Skincare,Eye Cream,Boots Everyday Cucumber Eye Gel 15ml,15ml,£96.67/L,1.45,,
Boots Borehamwood,Skincare,Eye Cream,Boots Modern Chemistry Glow Brightening Eye Cream 15ml,15ml,£733.33/L,11.00,,
Boots Borehamwood,Skincare,Eye Cream,Bubble Morning Rays Brightening Eye Cream 15ml,15ml,"£1,026.67/L",15.40,,
Boots Borehamwood,Skincare,Eye Cream,Byoma Barrier Repair Eye Cream 20ml,20ml,£767.50/L,15.35,,
Boots Borehamwood,Skincare,Eye Cream,Byoma De-Puff And Brighten Eye Gel 20ml,20ml,£712.50/L,14.25,,
Boots Borehamwood,Skincare,Eye Cream,Cerave Reparative Eye Cream 14ml,14ml,"£1,139.29/L",15.95,,
Boots Borehamwood,Skincare,Eye Cream,Eucerin Anti-Pigment Dark Circle Illuminating Eye Care Cream 15ml,15ml,"£2,170.00/L",32.55,,
Boots Borehamwood,Skincare,Eye Cream,"Garnier Brightening 4% Vitamin C, Niacinamide, Caffeine & Banana Powder Eye Cream 15ml",15ml,£803.33/L,12.05,,
Boots Borehamwood,Skincare,Eye Cream,L'Oreal Men Expert Hydra Energetic Anti Fatigue Eye Roll-On 10ml,10ml,"£1,425.00/L",14.25,,
Boots Borehamwood,Skincare,Eye Cream,L'Oreal Paris Age Perfect Cell Renew Midnight Eye Cream Antioxidant Recovery Complex 15ml,15ml,"£2,096.67/L",31.45,,
Boots Borehamwood,Skincare,Eye Cream,L'Oreal Paris Cell Renew Day Cream Eye Cream with SPF 30 and Anti-Oxidant Recovery Complex 50ml,50ml,£629.00/L,31.45,,
Boots Borehamwood,Skincare,Eye Cream,L'Oreal Paris Revitalift Filler Eye Serum 2.5% Hyaluronic Acid and Caffeine with Cooling Triple Bead Applicator 20ml,20ml,"£1,677.50/L",33.55,,
Boots Borehamwood,Skincare,Eye Cream,L'Oreal Paris Revitalift Hydrating Eye Cream Enriched with Pro-Retinol and Fibrelastyl 15ml,15ml,"£1,170.00/L",17.55,,
Boots Borehamwood,Skincare,Eye Cream,"L'Oreal Paris Revitalift Laser Instant Eye Bag Eraser Tightening & Smoothing Effect To Reduce Under-Eye Bags, 15ml",15ml,"£2,096.67/L",31.45,,
Boots Borehamwood,Skincare,Eye Cream,La Roche Posay Hyalu B5 Eye Serum 15ml,15ml,"£2,343.33/L",35.15,,
Boots Borehamwood,Skincare,Eye Cream,La Roche-Posay Dermallergo Soothing Eye Cream 20ml,20ml,£827.00/L,16.54,22.05,25% off
Boots Borehamwood,Skincare,Eye Cream,"Maybelline Colour Correcting Concealer Instant Anti Age Eraser Eye, Dark Circles & Blemishes, Green",7ml,"£1,635.71/L",11.45,,
Boots Borehamwood,Skincare,Eye Cream,NIVEA Cellular Luminous 630 Anti-Dark Circle Eye Cream 15ml,15ml,"£2,096.67/L",31.45,,
Boots Borehamwood,Skincare,Eye Cream,Nip + Fab Vitamin C Fix Eye Cream 10% 15ml,15ml,"£1,460.00/L",21.90,,
Boots Borehamwood,Skincare,Eye Cream,Nip+Fab Vitamin C Fix Jelly Eye Patches 20 Pack,20pk,£1.10 each,21.90,,
Boots Borehamwood,Skincare,Eye Cream,No.9 NAD Retinol Volumetox Eye Cream 10ml,10ml,"£1,760.00/L",17.60,,
Boots Borehamwood,Skincare,Eye Cream,No7 Future Renew Eye Serum 15ml,15ml,"£1,956.67/L",29.35,,
Boots Borehamwood,Skincare,Eye Cream,No7 Good Intent Skin Sip Bouncy Eye Cream 20g,20g,£710.00/kg,14.20,,
Boots Borehamwood,Skincare,Eye Cream,No7 Hydraluminous+ Eye Gel 15Ml,15ml,"£1,313.33/L",19.70,,
Boots Borehamwood,Skincare,Eye Cream,No7 Lift & Luminate Triple Action Eye Cream 15ml,15ml,"£1,460.00/L",21.90,,
Boots Borehamwood,Skincare,Eye Cream,No7 Menopause Skincare Firm And Bright Eye Concentrate 15ml,15ml,"£1,746.67/L",26.20,,
Boots Borehamwood,Skincare,Eye Cream,No7 Prime Forever Reusable Silicone Under Eye Patches,,,19.70,,
Boots Borehamwood,Skincare,Eye Cream,No7 Protect & Perfect Intense Advanced Eye Cream 15ml,15ml,"£1,313.33/L",19.70,,
Boots Borehamwood,Skincare,Eye Cream,No7 Pure Retinol Eye Cream 15ml,15ml,"£1,746.67/L",26.20,,
Boots Borehamwood,Skincare,Eye Cream,No7 Radiance+ Illuminating Hydrogel Eye Masks 5 x 3g,15g,"£1,093.33/kg",16.40,,
Boots Borehamwood,Skincare,Eye Cream,No7 Restore & Renew Multi Action Eye Cream 15ml,15ml,"£1,606.67/L",24.10,,
Boots Borehamwood,Skincare,Eye Cream,Olay Regenerist Retinol 24 MAX Night Eye Cream Without Fragrance 15ml,15ml,"£2,656.67/L",39.85,,
Boots Borehamwood,Skincare,Eye Cream,Olay Total Effects 7in1 Transforming Eye Cream 15ml for Healthier Younger-Looking Eyes,15ml,"£1,400.00/L",21.00,,
Boots Borehamwood,Skincare,Eye Cream,Olay Vitamin B3 Eye Cream with Vitamin C and Peptides 15ml,15ml,"£2,096.67/L",31.45,,
Boots Borehamwood,Skincare,Eye Cream,Optase Life Sensitive Eye Daily Renewal Cream 15ml,15ml,"£1,093.33/L",16.40,,
Boots Borehamwood,Skincare,Eye Cream,Pixi Beautifeye Brightening Vitamin C Eye Patches Pairs 30 Pack,30pk,£0.77 each,23.10,,
Boots Borehamwood,Skincare,Eye Cream,Pixi Detoxifeye Depuffing Eye Patches Pairs 30 Pack,30pk,£0.77 each,23.10,,
Boots Borehamwood,Skincare,Eye Cream,Pixi Nourishing Eye Patches Hydrogel Infused With Rose Extract & Aloe Vera - Nutrifeye - 30 Pairs,60pk,£0.39 each,23.10,,
Boots Borehamwood,Skincare,Eye Cream,REHAB. Retreat Under Eye Patches 5 Pairs,5pk,£3.52 each,17.60,,
Boots Borehamwood,Skincare,Eye Cream,Roc Multi Correxion Hydrate + Plump Eye Cream With Caffeine And Hyaluronic Acid For Dark Circles And Puffy Eyes 15ml,15ml,"£1,816.67/L",27.25,,
Boots Borehamwood,Skincare,Eye Cream,"Roc Multi Correxion Revive + Glow Eye Balm, Vitamin C + Peptide, Dark Circles Reduction, 4g",,,34.60,,
Boots Borehamwood,Skincare,Eye Cream,Roc Retinol Correxion Line Smoothing Eye Cream 15ml,15ml,"£2,096.67/L",31.45,,
Boots Borehamwood,Skincare,Eye Cream,Simple Brightening Eye Gel Protect 'N' Glow 25ml,25ml,£400.00/L,10.00,,
Boots Borehamwood,Skincare,Eye Cream,Simple Kind To Skin Soothing Eye Balm For Sensitive Skin 15ml,15ml,£196.67/L,2.95,4.40,33% off
Boots Borehamwood,Skincare,Eye Cream,Soap & Glory Puffy Eye Attack Under-Eye Brightening Hydrogel Patches,,,4.55,,
Boots Borehamwood,Skincare,Eye Cream,The Inkey List Caffeine Eye Cream 15ml,15ml,£880.00/L,13.20,,
Boots Borehamwood,Skincare,Eye Cream,The Inkey List Retinol Eye Cream 15ml,15ml,£953.33/L,14.30,,
Boots Borehamwood,Skincare,Eye Cream,Youthful Eye Serum 15ml,15ml,"£1,460.00/L",21.90,,
Boots Borehamwood,Skincare,Face Masks,Anua Peach 70 Niacin Brightening Collagen Mask 4 Pack,4pk,£4.40 each,17.60,,
Boots Borehamwood,Skincare,Face Masks,Anua Rice 70 Glow Collagen Mask 4 Pack,4pk,£4.40 each,17.60,,
Boots Borehamwood,Skincare,Face Masks,Beauty of Joseon revive under eye patch ginseng and retinal 93g (60 patches),60pk,£0.31 each,18.70,,
Boots Borehamwood,Skincare,Face Masks,Benefit The Porefessional Deep Retreat mini mask 30ml,30g,£696.67/kg,20.90,,3 for £35
Boots Borehamwood,Skincare,Face Masks,Biodance Hydro Cera-Nol Real Deep Mask 4 Sheets x 1.19 oz (34g),4pk,£4.09 each,16.35,,
Boots Borehamwood,Skincare,Face Masks,Biodance collagen peptide eye patches 30s,85g,£259.41/kg,22.05,,
Boots Borehamwood,Skincare,Face Masks,Boots Habi Hydra Hero Face Mask 15ml,15ml,£166.67/L,2.50,,
Boots Borehamwood,Skincare,Face Masks,Boots Hydrating Overnight Wrapping Face Mask 75ml,75ml,£100.00/L,7.50,,
Boots Borehamwood,Skincare,Face Masks,Boots Hydrating Sheet Mask 20ml,20ml,£100.00/L,2.00,,
Boots Borehamwood,Skincare,Face Masks,Boots Jelly Pop Lip Sleep Mask 20g,20g,£257.50/kg,5.15,,
Boots Borehamwood,Skincare,Face Masks,Boots Vanilla Lip Sleep Mask 20g,20g,£225.00/kg,4.50,,
Boots Borehamwood,Skincare,Face Masks,Bubble Soft Swerve Barrier Repair Balm,47g,£421.28/kg,19.80,,
Boots Borehamwood,Skincare,Face Masks,Champneys Energising Face Sheet Masks 35ml 3s,105ml,£104.76/L,11.00,,
Boots Borehamwood,Skincare,Face Masks,CosRX the Peptide Collagen Hydrogel Eye Patches 60s,60pk,£0.37 each,22.05,,
Boots Borehamwood,Skincare,Face Masks,Dr.Melaxin TX-A Overnight Wrapping Mask 80ml,80ml,£231.88/L,18.55,,
Boots Borehamwood,Skincare,Face Masks,Garnier 2 Million Probiotic Fractions Repairing Face Sheet Mask 22g,22g,£181.82/kg,4.00,,
Boots Borehamwood,Skincare,Face Masks,Garnier Anti-Fatigue Hyaluronic Acid & Icy Cucumber Cryo Jelly Eye Patches,5g,"£1,140.00/kg",5.70,,
Boots Borehamwood,Skincare,Face Masks,Garnier Anti-Fatigue Hyaluronic Acid & Icy Cucumber Cryo Jelly Face Mask,27g,£211.11/kg,5.70,,
Boots Borehamwood,Skincare,Face Masks,Garnier Brightening & Super Hydrating Vitamin C Sheet Mask 28g,28g,£142.86/kg,4.00,,
Boots Borehamwood,Skincare,Face Masks,Garnier Depuffing Eye Mask with Bamboo Charcoal for Puffy Undereyes Vegan Cruelty Free 5g,,,4.00,,
Boots Borehamwood,Skincare,Face Masks,Garnier Hyaluron Barrier Repair Tissue Mask 28g,28g,£142.86/kg,4.00,,
Boots Borehamwood,Skincare,Face Masks,Garnier Moisture Bomb Green Tea Hydrating Face Sheet Mask,,,4.00,,
Boots Borehamwood,Skincare,Face Masks,Garnier Moisture Bomb Lavender Revitalizing Sheet Mask 28g,,,4.00,,
Boots Borehamwood,Skincare,Face Masks,Garnier Moisture Bomb Night-Time Deep Sea Water And Hyaluronic Acid Sheet Mask 28g,,,4.00,,
Boots Borehamwood,Skincare,Face Masks,Garnier Moisture Bomb Sakura Hydrating Sheet Mask 28g,,,4.00,,
Boots Borehamwood,Skincare,Face Masks,Garnier Nutri Bomb Milky Face Sheet Mask 28g,33g,£121.21/kg,4.00,,
Boots Borehamwood,Skincare,Face Masks,Garnier Pure Active Anti-Blackhead Charcoal Peel-Off Face Mask 50ml,50ml,£115.00/L,5.75,,
Boots Borehamwood,Skincare,Face Masks,Garnier Skin Active Moisture Bomb Revitalising Tissue Mask,,,4.00,,
Boots Borehamwood,Skincare,Face Masks,Garnier Vitamin C Eye Mask,,,4.00,,
Boots Borehamwood,Skincare,Face Masks,Instant Results Nourishing Hydration Mask 100ml,100ml,£164.00/L,16.40,,
Boots Borehamwood,Skincare,Face Masks,L'Oreal Paris Revitalift Filler Glass Skin Hydrogel Glow Mask 30ml,30ml,£190.00/L,5.70,,
Boots Borehamwood,Skincare,Face Masks,L'Oreal Paris Revitalift Filler Glass Skin Mask 30ml 4 pack,120ml,£146.25/L,17.55,,
Boots Borehamwood,Skincare,Face Masks,Laneige Lip Sleeping Mask 20g,20g,"£1,102.50/kg",22.05,,
Boots Borehamwood,Skincare,Face Masks,Medicube PDRN Pink Collagen Gel Masks 28g 4s,112g,£175.45/kg,19.65,,
Boots Borehamwood,Skincare,Face Masks,No.9 NAD Bio Lifting Full Cover Facial Mask 4s,4pk,£4.68 each,18.70,,
Boots Borehamwood,Skincare,Face Masks,No.9 NAD Collagen Under Eye Patches,5pk,£3.08 each,15.40,,
Boots Borehamwood,Skincare,Face Masks,No7 Good Intent Collagen Jelly Hydrogel Mask,1pk,£5.65 each,5.65,,
Boots Borehamwood,Skincare,Face Masks,No7 Good Intent Dream Drench Wrapping Mask 70ml,70ml,£234.29/L,16.40,,
Boots Borehamwood,Skincare,Face Masks,No7 Lift And Luminate Triple Action Serum Sheet Mask 20.5G,21g,£269.05/kg,5.65,,
Boots Borehamwood,Skincare,Face Masks,No7 Protect And Perfect Intense Advanced Serum Sheet Mask 20.5G,21g,£269.05/kg,5.65,,
Boots Borehamwood,Skincare,Face Masks,No7 Restore And Renew Multi Action Serum Sheet Mask 23G,23g,£245.65/kg,5.65,,
Boots Borehamwood,Skincare,Face Masks,Simple Protect 'N' Glow Sheet Mask 48H Glow,,,4.60,,
Boots Borehamwood,Skincare,Face Masks,Simple Ultra Calming Sheet Mask,,,4.60,,
Boots Borehamwood,Skincare,Face Masks,Skin1004 Madagascar Centella Poremizing Quick Clay Stick Mask 27g,27g,£774.07/kg,20.90,,
Boots Borehamwood,Skincare,Face Masks,Vt Reedle Shot 100 2-Step Mask 28g,28g,£123.21/kg,3.45,,
Boots Borehamwood,Skincare,Face Masks,Vt Reedle Shot 300 2-Step Mask 28g,28g,£142.86/kg,4.00,,
Boots Borehamwood,Skincare,Lip Balm,Blistex Lip Infusions Hydration,,,3.40,,
Boots Borehamwood,Skincare,Lip Balm,Boots Berry Lip Sleeping Mask 20g,20g,£225.00/kg,4.50,,
Boots Borehamwood,Skincare,Lip Balm,Boots Everyday Original LipSalve SPF15 4g,,,1.25,,
Boots Borehamwood,Skincare,Lip Balm,Boots Glossy Lip Balm Coconut 15ml,15ml,£200.00/L,3.00,,
Boots Borehamwood,Skincare,Lip Balm,Boots Glossy Lip Balm Raspberry 15g,15g,£200.00/kg,3.00,,
Boots Borehamwood,Skincare,Lip Balm,Boots Glossy Lip Balm Vanilla 15g,15g,£200.00/kg,3.00,,
Boots Borehamwood,Skincare,Lip Balm,Bubble Tell All Juicy Secret Lip Balm 4.4g,,,10.35,,
Boots Borehamwood,Skincare,Lip Balm,Burt's Bees Beeswax Lip Balm 4.25g,,,5.35,,
Boots Borehamwood,Skincare,Lip Balm,Burt's Bees Honey Lip Balm 4.25g,,,5.35,,
Boots Borehamwood,Skincare,Lip Balm,Burt's Bees Pomegranate Lip Balm 4.25g,,,5.35,,
Boots Borehamwood,Skincare,Lip Balm,Burt's Bees Tinted Lip Balm Red Dahlia 4.25g,,,7.80,,
Boots Borehamwood,Skincare,Lip Balm,Byoma Liptide Ph Lip Oil 5ml,5ml,"£2,290.00/L",11.45,,
Boots Borehamwood,Skincare,Lip Balm,Carmex Click Stick 4.25g,,,4.15,,
Boots Borehamwood,Skincare,Lip Balm,Carmex Lip Balm Tube 10g,10g,£410.00/kg,4.10,,
Boots Borehamwood,Skincare,Lip Balm,Carmex Lip Pot Original,7g,£585.71/kg,4.10,,
Boots Borehamwood,Skincare,Lip Balm,Carmex Tube Cherry,10g,£410.00/kg,4.10,,
Boots Borehamwood,Skincare,Lip Balm,DAISE lip butter balm cake pop 15ml,15ml,£383.33/L,5.75,,
Boots Borehamwood,Skincare,Lip Balm,DAISE lip butter balm hot mocha 10ml,10ml,£575.00/L,5.75,,
Boots Borehamwood,Skincare,Lip Balm,DAISE lip butter balm sugar bear 10ml,10ml,£575.00/L,5.75,,
Boots Borehamwood,Skincare,Lip Balm,DAISE lip butter balm very vanilla 10ml,10ml,£575.00/L,5.75,,
Boots Borehamwood,Skincare,Lip Balm,E.L.F. Glow Reviver Melting Lip Balm Strawberry Shortcake 15g,15g,£690.00/kg,10.35,,
Boots Borehamwood,Skincare,Lip Balm,E45 Lips & Dry Skin Balm 30ml,30ml,£343.33/L,10.30,,
Boots Borehamwood,Skincare,Lip Balm,E45 Protection Lipbalm SPF30 10ml,10ml,£915.00/L,9.15,,
Boots Borehamwood,Skincare,Lip Balm,Eucerin Acute Lip Balm For Very Dry Chapped Lips 10ml,10ml,£975.00/L,9.75,,
Boots Borehamwood,Skincare,Lip Balm,Garnier Cherry And Panthenol Replumping Lip Sheet Mask 5g,6g,£666.67/kg,4.00,,
Boots Borehamwood,Skincare,Lip Balm,La Roche-Posay Cicaplast Lips 7.5ml,7ml,"£1,108.57/L",7.76,10.35,25% off
Boots Borehamwood,Skincare,Lip Balm,Laneige Lip Glowy Balm Sweet Candy 10g,10g,"£1,925.00/kg",19.25,,
Boots Borehamwood,Skincare,Lip Balm,Laneige lip glowy balm gummy bear 10g,10g,"£1,925.00/kg",19.25,,
Boots Borehamwood,Skincare,Lip Balm,Neutrogena Norwegian Formula Lipcare SPF 20 Lip Balm 4.8g,,,3.40,,
Boots Borehamwood,Skincare,Lip Balm,"Nivea Cherry Shine Lip Balm, 4.8g",,,3.40,,
Boots Borehamwood,Skincare,Lip Balm,"Nivea Lip Balm, Peach Fruity Shine 4.8g",,,3.40,,
Boots Borehamwood,Skincare,Lip Balm,Nivea Original Care Caring Lip Balm 4.8g,,,3.05,,
Boots Borehamwood,Skincare,Lip Balm,"Nivea Pearly Shine Lip Balm, 4.8g",,,3.90,,
Boots Borehamwood,Skincare,Lip Balm,"Nivea Watermelon Shine Lip Balm, 4.8g",,,3.40,,
Boots Borehamwood,Skincare,Lip Balm,No7 Protect & Perfect Lip Care 10ml,10ml,"£1,140.00/L",11.40,,
Boots Borehamwood,Skincare,Lip Balm,Ole Henriksen Pout Preserve Peptide Lip Treatment Strawberry Sorbet 12ml,12ml,"£1,650.00/L",19.80,,
Boots Borehamwood,Skincare,Lip Balm,Starface Star Balm Starfruit Lip Balm 4.30g,,,6.85,,
Boots Borehamwood,Skincare,Lip Balm,The Ordinary Squalane & Amino Acids Lip Balm 15ml,15ml,£650.00/L,9.75,,
Boots Borehamwood,Skincare,Lip Balm,Vaseline Cocoa Petroleum Jelly 100ml,100ml,£28.50/L,2.85,,
Boots Borehamwood,Skincare,Lip Balm,Vaseline Day Dream Lip Therapy Tin 20g,20g,£142.50/kg,2.85,,
Boots Borehamwood,Skincare,Lip Balm,Vaseline Gluta-Hya Lip Serum Gloss Juicy Peach 10ml,10ml,"£1,145.00/L",11.45,,
Boots Borehamwood,Skincare,Lip Balm,Vaseline Lip Therapy Aloe Vera Lip Tin 20g,20g,£142.50/kg,2.85,,
Boots Borehamwood,Skincare,Lip Balm,Vaseline Lip Therapy Lip Balm Tin Cocoa Butter 20g,20g,£142.50/kg,2.85,,
Boots Borehamwood,Skincare,Lip Balm,Vaseline Lip Therapy Rosy Lips Made With 3x Purified Petroleum Jelly Lip Balm Tin For Dry Lips 20g,20g,£142.50/kg,2.85,,
Boots Borehamwood,Skincare,Lip Balm,Vaseline Lip Therapy Tin Original 20g,20g,£142.50/kg,2.85,,
Boots Borehamwood,Skincare,Lip Balm,Vaseline gluta-hya lip serum gloss cherry crush 10ml,10ml,"£1,145.00/L",11.45,,
Boots Borehamwood,Skincare,Lip Balm,Vaseline gluta-hya lip serum gloss rosy pink 10ml,10ml,"£1,145.00/L",11.45,,
Boots Borehamwood,Skincare,Lip Balm,Vaseline gluta-hya lip serum gloss royal plum 10ml,10ml,"£1,145.00/L",11.45,,
Boots Borehamwood,Skincare,Lip Balm,Wonderskin Lip Rehab Serum Oil - Clear - 3.6ml,,,19.80,,
Boots Borehamwood,Skincare,Lip Balm,Wonderskin Wonder Blading 3 In 1 Lip Scrub - 3g,,,18.70,,
Boots Borehamwood,Skincare,Moisturiser,Aveeno Age Renewal Face Cream 50ml,50ml,£439.00/L,21.95,,
Boots Borehamwood,Skincare,Moisturiser,Aveeno Daily Moisturising Creamy Oil 300ml,300ml,£35.50/L,10.65,,
Boots Borehamwood,Skincare,Moisturiser,Aveeno Dermexa Lotion 300ml,300ml,£54.17/L,16.25,,
Boots Borehamwood,Skincare,Moisturiser,Aveeno Face Calm + Restore Oat Gel Moisturiser 50ml,50ml,£329.00/L,16.45,,
Boots Borehamwood,Skincare,Moisturiser,Avene Cicalfate+ Restorative Protective Cream For Very Sensitive Skin 100ml,100ml,£187.00/L,18.70,,
Boots Borehamwood,Skincare,Moisturiser,Avene Hydrance Rich Hydrating Cream Moisturiser For Dehydrated Skin 40ml,40ml,£563.75/L,22.55,,
Boots Borehamwood,Skincare,Moisturiser,Boots Cucumber Moisturising Cream 100ml,100ml,£14.50/L,1.45,,
Boots Borehamwood,Skincare,Moisturiser,Boots Everyday Sensitive Skin Moisturising Cream 100ml,100ml,£14.50/L,1.45,,
Boots Borehamwood,Skincare,Moisturiser,Boots Vitamin C + Hyaluronic Acid Day Cream SPF30 50ml,50ml,£240.00/L,12.00,,
Boots Borehamwood,Skincare,Moisturiser,Botanics All Bright Glow Day Cream Moisturiser SPF15 50ml,50ml,£183.00/L,9.15,,
Boots Borehamwood,Skincare,Moisturiser,Byoma Moisturising Gel Cream 50ml,50ml,£285.00/L,14.25,,
Boots Borehamwood,Skincare,Moisturiser,"Cerave Intensive Moisturising Lotion With 5% Hydro-Urea For Very Dry, Itchy Skin 236ml",236ml,£54.19/L,12.79,17.05,25% off
Boots Borehamwood,Skincare,Moisturiser,Cerave Moisturising Cream Pot 454g,454g,£31.81/kg,14.44,19.25,25% off
Boots Borehamwood,Skincare,Moisturiser,Curel Deep Moisture Spray Mini 57ml,57ml,£241.23/L,13.75,,£9.21 loyalty card (£161.58/L)
Boots Borehamwood,Skincare,Moisturiser,Dr Reju-All Advanced PDRN Rejuvenating Cream 20ml,20ml,"£1,360.00/L",27.20,,
Boots Borehamwood,Skincare,Moisturiser,Egyptian Magic All Purpose Skin Cream 118ml,118ml,£266.53/L,31.45,,
Boots Borehamwood,Skincare,Moisturiser,Garnier Hyaluron Fresh and Plump Hydrating Sorbet Cream with 4% Hyaluronic Acid and Niacinamide,85ml,£101.18/L,8.60,,
Boots Borehamwood,Skincare,Moisturiser,Garnier Skin Active Brightening Vitamin C Day Cream 50ml,50ml,£161.00/L,8.05,,
Boots Borehamwood,Skincare,Moisturiser,Garnier Skin Active Hyaluronic Aloe Daily Nourishing Cream 50ml,50ml,£172.00/L,8.60,,
Boots Borehamwood,Skincare,Moisturiser,L'Oreal Paris Cest Magique BB Cream 02 Light 39ml,39ml,£308.97/L,12.05,,
Boots Borehamwood,Skincare,Moisturiser,La Roche-Posay Effaclar A.Z. Gel Cream Daily Moisturiser,40ml,£649.75/L,25.99,34.65,25% off
Boots Borehamwood,Skincare,Moisturiser,La Roche-Posay Toleriane Dermallergo Sos 3-Step Soothing Kit,,,31.50,42.00,25% off
Boots Borehamwood,Skincare,Moisturiser,La Roche-Posay Toleriane Sensitive Rich Moisturiser for Sensitive Skin 40ml,40ml,£452.75/L,18.11,24.15,25% off
Boots Borehamwood,Skincare,Moisturiser,Laneige Water Bank Blue Hyaluronic Cream Moisturiser 50ml,50ml,£703.00/L,35.15,,
Boots Borehamwood,Skincare,Moisturiser,Laneige Water Bank Blue Hyaluronic Intensive Moisturiser 50ml,50ml,£703.00/L,35.15,,
Boots Borehamwood,Skincare,Moisturiser,Lanolips 101 Ointment.  The Ultra Pure Grade Lanolin Ointment,18ml,£669.44/L,12.05,,
Boots Borehamwood,Skincare,Moisturiser,Neutrogena Hydro Boost Water Gel Moisturiser For Normal To Combination Skin 50ml,50ml,£329.00/L,16.45,,
Boots Borehamwood,Skincare,Moisturiser,Nip+Fab Ceramide Fix Overnight Cream 12% 50ml,50ml,£629.00/L,31.45,,
Boots Borehamwood,Skincare,Moisturiser,Nivea 24H Moisture Mattifying Day Cream With Aloe Vera For Combination Skin 50ml,50ml,£115.00/L,5.75,,
Boots Borehamwood,Skincare,Moisturiser,Nivea Q10 Power Anti-Wrinkle + Firming Face Cream 50ml,50ml,£329.00/L,16.45,,
Boots Borehamwood,Skincare,Moisturiser,Nivea Soft Moisturiser For Face Hand & Body  500ml,500ml,£30.20/L,15.10,,
Boots Borehamwood,Skincare,Moisturiser,No7 Essential Moisture Day Fluid Moisturiser 100ml,100ml,£131.00/L,13.10,,
Boots Borehamwood,Skincare,Moisturiser,No7 Good Intent Dew Bank Water Cream 100ml,100ml,£164.00/L,16.40,,
Boots Borehamwood,Skincare,Moisturiser,No7 Good Intent Pore Buff Clarifying Acid Pads 80 Pack,80pk,£0.21 each,16.40,,
Boots Borehamwood,Skincare,Moisturiser,No7 Hydraluminous+ Night Cream 50ml,50ml,£438.00/L,21.90,,
Boots Borehamwood,Skincare,Moisturiser,No7 Lift & Luminate Triple Action Night Cream 50ml,50ml,£629.00/L,31.45,,
Boots Borehamwood,Skincare,Moisturiser,No7 Protect & Perfect Intense Advanced Day Cream 50ml,50ml,£587.00/L,29.35,,
Boots Borehamwood,Skincare,Moisturiser,No7 Pure Retinol Night Repair Cream 50ml,50ml,£797.00/L,39.85,,
Boots Borehamwood,Skincare,Moisturiser,No7 Radiance+ Vitamin C Daily Brightening Moisturiser 50ml,50ml,£438.00/L,21.90,,
Boots Borehamwood,Skincare,Moisturiser,Olay Total Effects Featherweight 7in1 Day Face Cream with SPF15 50ml,50ml,£420.00/L,21.00,,
Boots Borehamwood,Skincare,Moisturiser,Purifide Clearing Gel Moisturiser 50ml,50ml,£363.00/L,18.15,,
Boots Borehamwood,Skincare,Moisturiser,Sheamoisture Raw Shea Butter Deep Treatment Masque 355ml,355ml,£43.38/L,15.40,,
Boots Borehamwood,Skincare,Moisturiser,Simple Age Resist+ Night Cream 50ml,50ml,£239.00/L,11.95,,
Boots Borehamwood,Skincare,Moisturiser,Simple Kind To Skin Hydrating Light Moisturiser 125ml,125ml,£23.60/L,2.95,4.40,33% off
Boots Borehamwood,Skincare,Moisturiser,Simple Soothing Water Cream Face Moisturiser With 15% Skin Conditioners And Ceramide Boosters 50ml,50ml,£239.00/L,11.95,,
Boots Borehamwood,Skincare,Moisturiser,The Inkey List Omega Water Cream Moisturiser 50ml,50ml,£308.00/L,15.40,,
Boots Borehamwood,Skincare,Moisturiser,Vichy Mineral 89 Hyaluronic Acid Cream 50ml,50ml,£525.00/L,26.25,,
Boots Borehamwood,Skincare,Moisturiser,Weleda Skin Food Light Face Or Body Cream 30ml,30ml,£363.33/L,10.90,,
Boots Borehamwood,Skincare,Moisturiser,"Weleda Skin Food Light, Intensive Instant Moisturising Skin Care for Face or Body, Dry Skin, 75ml",75ml,£234.00/L,17.55,,
Boots Borehamwood,Skincare,Moisturiser,Weleda Skin Food Nourishing Day Cream 40ml,40ml,£438.75/L,17.55,,
Boots Borehamwood,Skincare,Offers,Benefit The Porefessional Good Cleanup mini foam cleanser 45ml,45g,£342.22/kg,15.40,,3 for £35
Boots Borehamwood,Skincare,Offers,Benefit the Porefessional Get Unblocked Mini Oil Cleanser 45ml,45g,£391.11/kg,17.60,,3 for £35
Boots Borehamwood,Skincare,Skin Toner & Serums,Benefit the Porefessional Tight N Toned Mini Toner 60ml,60g,£330.00/kg,19.80,,3 for £35
Boots Borehamwood,Skincare,Skin Toner & Serums,Botanics 100% Organic Restoring Overnight Facial Oil 25ml,25ml,£229.20/L,5.73,11.45,50% off
Boots Borehamwood,Skincare,Skin Toner & Serums,Botanics Organic Nourishing Facial Oil 25ml,25ml,£229.20/L,5.73,11.45,50% off
Boots Borehamwood,Skincare,Skin Toner & Serums,Botanics Organic Revitalising Toning Mist 150ml,150ml,£34.33/L,5.15,10.30,50% off
Boots Borehamwood,Skincare,Offers,Cerave Blemish Control Face Cleanser With 2% Salicylic Acid & Niacinamide For Blemish-Prone Skin 473ml,473ml,£39.09/L,18.49,24.65,25% off
Boots Borehamwood,Skincare,Skin Toner & Serums,Cerave Resurfacing Retinol Serum 30ml,30ml,£616.33/L,18.49,24.65,25% off
Boots Borehamwood,Skincare,Offers,Cetraben Moisture Protect Facial Cleanser 200g,200g,£60.45/kg,12.09,,2 for 33% off
Boots Borehamwood,Skincare,Skin Toner & Serums,La Roche Posay Cicaplast B5 Serum 30ml,30ml,"£1,102.67/L",33.08,44.10,25% off
Boots Borehamwood,Skincare,Offers,La Roche Posay Effaclar Supramolecular Oil & Pores Correct Cleanser 200ml,200ml,£57.75/L,11.55,15.40,25% off
Boots Borehamwood,Skincare,Offers,La Roche Posay Effaclar Supramolecular Oil & Pores Correct Cleanser 400ml,400ml,£39.38/L,15.75,21.00,25% off
Boots Borehamwood,Skincare,Skin Toner & Serums,La Roche-Posay Cicaplast Soothing Face & Body Balm B5 100ml,100ml,£163.90/L,16.39,21.85,25% off
Boots Borehamwood,Skincare,Offers,La Roche-Posay Effaclar H Cleanser 200ml,200ml,£68.05/L,13.61,18.15,25% off
Boots Borehamwood,Skincare,Offers,La Roche-Posay Effaclar Purifying Cleansing Gel 200ml,200ml,£68.05/L,13.61,18.15,25% off
Boots Borehamwood,Skincare,Skin Toner & Serums,La Roche-Posay Effaclar Ultra Concentrated Serum for Oily Blemish-Prone Skin 30ml,30ml,"£1,102.67/L",33.08,44.10,25% off
Boots Borehamwood,Skincare,Offers,La Roche-Posay Respectissime Eye Make Up Remover For Sensitive Eyes 125ml,125ml,£99.04/L,12.38,16.50,25% off
Boots Borehamwood,Skincare,Offers,La Roche-Posay Rosaliac Make-Up Remover Gel 200ml,200ml,£70.15/L,14.03,18.70,25% off
Boots Borehamwood,Skincare,Offers,La Roche-Posay Sensitive Micellar Water 200ml,200ml,£68.05/L,13.61,18.15,25% off
Boots Borehamwood,Skincare,Offers,La Roche-Posay Thermal Spring Water Face and Body Spray 150ml,150ml,£57.73/L,8.66,11.55,25% off
Boots Borehamwood,Skincare,Skin Toner & Serums,La Roche-Posay Toleriane Dermallergo Soothing Fluid 40ml,40ml,£482.00/L,19.28,25.70,25% off
Boots Borehamwood,Skincare,Offers,La Roche-Posay Toleriane Dermo- Cleanser Sensitive Skin 400ml,400ml,£49.23/L,19.69,26.25,25% off
Boots Borehamwood,Skincare,Offers,La Roche-Posay Toleriane Dermo-Cleanser Sensitive Skin 200ml,200ml,£68.05/L,13.61,18.15,25% off
Boots Borehamwood,Skincare,Skin Toner & Serums,La Roche-Posay Toleriane Ultra Dermallergo Hydrating Serum For Sensitive Skin 30ml,30ml,"£1,050.00/L",31.50,42.00,25% off
Boots Borehamwood,Skincare,Skin Toner & Serums,La Roche-Posay Vitamin C12 Serum Anti-Wrinkle And Radiance Restoring Serum 30ml,30ml,"£1,181.33/L",35.44,47.25,25% off
Boots Borehamwood,Skincare,Skin Toner & Serums,NIVEA Cellular Expert Filler Daily UV Face Serum Fluid SPF50+ 30ml,30ml,£401.67/L,12.05,24.10,50% off
Boots Borehamwood,Skincare,Skin Toner & Serums,"NIVEA Cellular Expert Lift 3-Zone Lifting Serum with Pure Bakuchiol, 30ml",30ml,£489.33/L,14.68,29.35,50% off
Boots Borehamwood,Skincare,Offers,NIVEA Q10 Energy Fresh Look Eye Cream with Vitamin C 15ml,15ml,£585.33/L,8.78,17.55,50% off
Boots Borehamwood,Skincare,Skin Toner & Serums,"Nivea Cellular Epigenetics Age Rewind Face Serum With Epicelline, 30ml",30ml,£611.67/L,18.35,36.70,50% off
Boots Borehamwood,Skincare,Offers,Simple Gentle Cleansing Scrub 75ml,75ml,£39.33/L,2.95,4.40,33% off
Boots Borehamwood,Skincare,Offers,Simple Kind To Skin Hydrating Cleansing Oil 125ml,125ml,£35.68/L,4.46,6.65,33% off
Boots Borehamwood,Skincare,Skin Toner & Serums,Simple Kind to Skin Alcohol Free Soothing Facial Toner 200ml,200ml,£14.75/L,2.95,4.40,33% off
Boots Borehamwood,Skincare,Pimple Patches & Skin Treatment,Acnecide Face 2.5% w/w Gel   15g,15g,£763.33/kg,11.45,,
Boots Borehamwood,Skincare,Pimple Patches & Skin Treatment,Acnecide Face Gel 5% Spot Treatment 15g,15g,£763.33/kg,11.45,,
Boots Borehamwood,Skincare,Pimple Patches & Skin Treatment,Avene Cicalfate+ Restorative Protective Cream for Very Sensitive Skin 40ml,40ml,£275.00/L,11.00,,
Boots Borehamwood,Skincare,Pimple Patches & Skin Treatment,"Bio-Oil 60ml For Scars, Stretch Marks And Uneven Skin Tone",60ml,£200.83/L,12.05,,
Boots Borehamwood,Skincare,Pimple Patches & Skin Treatment,Bio-Oil Natural Skincare Oil 125ml,125ml,£175.60/L,21.95,,
Boots Borehamwood,Skincare,Pimple Patches & Skin Treatment,Boots Dermacare Eczema Treatment Cream 30ml,30ml,£498.33/L,14.95,,
Boots Borehamwood,Skincare,Pimple Patches & Skin Treatment,Boots Dermacare Kp Exfoliating Cream 200ml,200ml,£82.50/L,16.50,,
Boots Borehamwood,Skincare,Pimple Patches & Skin Treatment,Boots Dermacare Psoriasis Treatment Cream 30ml,30ml,£498.33/L,14.95,,
Boots Borehamwood,Skincare,Pimple Patches & Skin Treatment,Boots Dermacare Scar Treatment Gel 50ml,50ml,£300.00/L,15.00,,
Boots Borehamwood,Skincare,Pimple Patches & Skin Treatment,Boots Skin Clear With Salicylic Acid Exfoliating Face Pads 60 Pack,60pk,£0.08 each,5.00,,
Boots Borehamwood,Skincare,Pimple Patches & Skin Treatment,Byoma Barrier + Treatment 50ml,50ml,£373.00/L,18.65,,
Boots Borehamwood,Skincare,Pimple Patches & Skin Treatment,Cerave Advanced Repair Ointment For Very Dry And Chapped Skin 88ml,88ml,£187.50/L,16.50,,
Boots Borehamwood,Skincare,Pimple Patches & Skin Treatment,Cerave Blemish Barrier Patches 22 Pack,22pk,£0.35 each,7.76,10.35,25% off
Boots Borehamwood,Skincare,Pimple Patches & Skin Treatment,Diprobase Advanced Eczema Cream,500ml,£34.60/L,17.30,,
Boots Borehamwood,Skincare,Pimple Patches & Skin Treatment,Doublebase Diomed Flare Relief Emollient - 500g,500g,£36.90/kg,18.45,,
Boots Borehamwood,Skincare,Pimple Patches & Skin Treatment,Dr Jart+ Cicapair Soothing Color Correcting Treatment SPF 30 15ml,15ml,"£1,430.00/L",21.45,,
Boots Borehamwood,Skincare,Pimple Patches & Skin Treatment,Dr Reju-All Advanced LC-Ceramide Barrier Cream 50ml,50ml,£480.00/L,24.00,,
Boots Borehamwood,Skincare,Pimple Patches & Skin Treatment,E45 Eczema Relief Cream 60g,60g,£365.00/kg,21.90,,
Boots Borehamwood,Skincare,Pimple Patches & Skin Treatment,Epaderm Cream - 50g,50g,£85.00/kg,4.25,,
Boots Borehamwood,Skincare,Pimple Patches & Skin Treatment,Epaderm Cream 150g,150g,£63.33/kg,9.50,,
Boots Borehamwood,Skincare,Pimple Patches & Skin Treatment,"Garnier Blemish Patches, Ultra-Thin & Invisible, Reduce The Appearance Of Spots In 8H, 22 Patches",22pk,£0.42 each,9.15,,
Boots Borehamwood,Skincare,Pimple Patches & Skin Treatment,"Garnier Blemish Patches, Ultra-Thin & Invisible, Reduce The Appearance Of Spots In 8H, 44 Patches",44pk,£0.38 each,16.50,,
Boots Borehamwood,Skincare,Pimple Patches & Skin Treatment,"Hero Mighty Patch Nose Spot Patches, 10 Hydrocolloid Acne Patches",10pk,£1.65 each,16.45,,
Boots Borehamwood,Skincare,Pimple Patches & Skin Treatment,Hero Mighty Pimple Patches Invisible+ 24,24pk,£0.48 each,11.45,,
Boots Borehamwood,Skincare,Pimple Patches & Skin Treatment,Hero Mighty Pimple Patches Original 24,24pk,£0.38 each,9.15,,
Boots Borehamwood,Skincare,Pimple Patches & Skin Treatment,Hero Mighty Pimple Patches Surface 10,10pk,£1.65 each,16.45,,
Boots Borehamwood,Skincare,Pimple Patches & Skin Treatment,Kelo-Cote Scar Treatment With UV 15g,15g,"£2,203.33/kg",33.05,,
Boots Borehamwood,Skincare,Pimple Patches & Skin Treatment,La Roche Posay Cicaplast Balm 40ml,40ml,£302.50/L,12.10,,
Boots Borehamwood,Skincare,Pimple Patches & Skin Treatment,"La Roche Posay Effaclar Duo+M Multi-Action Spot Patch With Hydrocolloid Technology, 22 Patches (Available In 2 Sizes)",22pk,£0.39 each,8.51,11.35,25% off
Boots Borehamwood,Skincare,Pimple Patches & Skin Treatment,La Roche-Posay Cicaplast B5 Soothing Repair Spray For Damaged Skin 100ml,100ml,£170.50/L,17.05,,
Boots Borehamwood,Skincare,Pimple Patches & Skin Treatment,La Roche-Posay Effaclar Duo+M Unifiant Anti-Imperfection Triple Corrective Tinted Care Light 40ml,40ml,£442.50/L,17.70,23.60,25% off
Boots Borehamwood,Skincare,Pimple Patches & Skin Treatment,La Roche-Posay Effaclar Duo+M Unifiant Anti-Imperfection Triple Corrective Tinted Care Medium 40ml,40ml,£442.50/L,17.70,23.60,25% off
Boots Borehamwood,Skincare,Pimple Patches & Skin Treatment,La Roche-Posay Toleriane Dermallergo Soothing Cream 40ml,40ml,£482.00/L,19.28,25.70,25% off
Boots Borehamwood,Skincare,Pimple Patches & Skin Treatment,Liz Earle Skin Repair Light Cream 50ml,50ml,£588.00/L,29.40,,
Boots Borehamwood,Skincare,Pimple Patches & Skin Treatment,Nature Spell Authentic Jamaican Black Castor Oil With Rosemary 150ml,150ml,£63.33/L,9.50,,
Boots Borehamwood,Skincare,Pimple Patches & Skin Treatment,No7 Derm Solutions Aha Smoothing Treatment 30Ml,30ml,£803.33/L,24.10,,
Boots Borehamwood,Skincare,Pimple Patches & Skin Treatment,No7 Derm Solutions Rosacea Treatment 25ml,25ml,£656.00/L,16.40,,
Boots Borehamwood,Skincare,Pimple Patches & Skin Treatment,No7 Protect And Perfect Intense Advanced Hand Cream Treatment 75ml,75ml,£189.33/L,14.20,,
Boots Borehamwood,Skincare,Pimple Patches & Skin Treatment,No7 Pure Retinol 0.3% Retinol Night Concentrate 30ml,30ml,"£1,328.33/L",39.85,,
Boots Borehamwood,Skincare,Pimple Patches & Skin Treatment,No7 Pure Retinol Post Retinol Soother 50Ml,50ml,£328.00/L,16.40,,
Boots Borehamwood,Skincare,Pimple Patches & Skin Treatment,"Purifide By Acnecide Post-Breakout Serum With Niacinamide, 48 Hour Hydration 30ml",30ml,£548.33/L,16.45,,
Boots Borehamwood,Skincare,Pimple Patches & Skin Treatment,"Purifide By Acnecide Salicylic Acid Spot Power Patches For All Skin Types, 36 Patches",36pk,£0.32 each,11.45,,
Boots Borehamwood,Skincare,Pimple Patches & Skin Treatment,Purifide Skin Restore Power Patches 23 Pack,23pk,£0.50 each,11.45,,
Boots Borehamwood,Skincare,Pimple Patches & Skin Treatment,Starface Black Star Pimple Patches x32 Stars,32pk,£0.38 each,12.05,,
Boots Borehamwood,Skincare,Pimple Patches & Skin Treatment,Starface Hydro-Star Clear Pimple Patch 32 Pack,32pk,£0.38 each,12.05,,
Boots Borehamwood,Skincare,Pimple Patches & Skin Treatment,Starface Hydro-Stars Refill,32pk,£0.32 each,10.30,,
Boots Borehamwood,Skincare,Pimple Patches & Skin Treatment,The Everywhere Oil For Ingrown Hairs Redness Shaving Irritation And Bumps With Rosehip Oil 30ml,30ml,£840.00/L,25.20,,
Boots Borehamwood,Skincare,Pimple Patches & Skin Treatment,The Inkey List Hydrocolloid Invisible Pimple Patches 22 Patches,22pk,£0.47 each,10.35,,
Boots Borehamwood,Skincare,Pimple Patches & Skin Treatment,Truly Our Stars Prevent Scars Blemish Patches 36ct,36pk,£0.37 each,13.20,,
Boots Borehamwood,Skincare,Pimple Patches & Skin Treatment,Weleda Stretch Mark Massage Oil 100ml,100ml,£220.00/L,22.00,,
Boots Borehamwood,Skincare,Skin Toner & Serums,47 Skin Serum 15ml,15ml,"£1,173.33/L",17.60,,
Boots Borehamwood,Skincare,Skin Toner & Serums,47 Skin Serum Anti Blemish And Scar Repair Enriched With Silver Chitoderm 30ml,30ml,"£1,015.00/L",30.45,,
Boots Borehamwood,Skincare,Skin Toner & Serums,47 Skin Treatment Serum with Azelaic Acid 30ml,30ml,"£1,295.00/L",38.85,,
Boots Borehamwood,Skincare,Skin Toner & Serums,Anua 7 Rice Ceramide Hydrating Barrier Serum 50ml,50ml,£504.00/L,25.20,,
Boots Borehamwood,Skincare,Skin Toner & Serums,Anua Azelaic Acid 10 Hyaluron Redness Soothing Serum 30ml,30ml,£770.00/L,23.10,,
Boots Borehamwood,Skincare,Skin Toner & Serums,Anua Azelaic Acid Hyaluron Redness Soothing Serum Mask 28ml,28ml,£123.21/L,3.45,,
Boots Borehamwood,Skincare,Skin Toner & Serums,Anua Niacinamide 5 TXA Brightening Pads 210ml,210ml,£110.00/L,23.10,,
Boots Borehamwood,Skincare,Skin Toner & Serums,Anua Niacinamide TXA Serum Mask 28ml,28ml,£123.21/L,3.45,,
Boots Borehamwood,Skincare,Skin Toner & Serums,Anua PDRN 100 Hyaluronic Acid Glow Pads 180ml,180ml,£128.33/L,23.10,,
Boots Borehamwood,Skincare,Skin Toner & Serums,Anua PDRN Hyaluronic Acid 100 Moisturising Cream 60ml,60ml,£420.00/L,25.20,,
Boots Borehamwood,Skincare,Skin Toner & Serums,Anua PDRN Hyaluronic Acid Capsule 100 Serum 30ml,30ml,£700.00/L,21.00,,
Boots Borehamwood,Skincare,Skin Toner & Serums,Anua PDRN Hyaluronic Acid Capsule 100 Serum Mask 23ml,23ml,£150.00/L,3.45,,
Boots Borehamwood,Skincare,Skin Toner & Serums,Anua PDRN Hyaluronic Acid Hydrating Capsule Mist 100ml,100ml,£231.00/L,23.10,,
Boots Borehamwood,Skincare,Skin Toner & Serums,Anua Rice 70 Glow Milky Toner 250ml,250ml,£92.40/L,23.10,,
Boots Borehamwood,Skincare,Skin Toner & Serums,Aveeno Age Renewal Serum 30ml,30ml,£873.33/L,26.20,,
Boots Borehamwood,Skincare,Skin Toner & Serums,Aveeno Face Calm + Restore Triple Oat Serum 30ml,30ml,£621.67/L,18.65,,
Boots Borehamwood,Skincare,Skin Toner & Serums,Aveeno Skin Renewal Smoothing Cream 300ml,300ml,£58.50/L,17.55,,
Boots Borehamwood,Skincare,Skin Toner & Serums,Avene Cicalfate+ Intensive Skin Restorative Serum for Sensitive Skin 30ml,30ml,"£1,293.33/L",38.80,,
Boots Borehamwood,Skincare,Skin Toner & Serums,Avene Hyaluron Activ B3 Serum for Ageing Skin 30ml,30ml,"£1,470.00/L",44.10,,
Boots Borehamwood,Skincare,Skin Toner & Serums,Avene Hydrance Boost Serum for Dehydrated Skin 30ml,30ml,£976.67/L,29.30,,
Boots Borehamwood,Skincare,Skin Toner & Serums,Avene Soothing Toning Lotion For Sensitive Skin 200ml,200ml,£85.25/L,17.05,,
Boots Borehamwood,Skincare,Skin Toner & Serums,Biodance Collagen Gel Toner Pads 60 Pads,60pk,£0.35 each,21.00,,
Boots Borehamwood,Skincare,Skin Toner & Serums,Biodance collagen peptide jelly serum mist 50ml,50ml,£305.00/L,15.25,,
Boots Borehamwood,Skincare,Skin Toner & Serums,Boost Lab Neck Firming Serum 30ml,30ml,£873.33/L,26.20,,
Boots Borehamwood,Skincare,Skin Toner & Serums,Boots Cucumber Toner 150ml,150ml,£9.67/L,1.45,,
Boots Borehamwood,Skincare,Skin Toner & Serums,Boots Dermacare Hyperpigmentation Treatment Serum 30ml,30ml,£498.33/L,14.95,,
Boots Borehamwood,Skincare,Skin Toner & Serums,Boots Habi Barrier Boost Milky Facial Toner 130ml,130ml,£61.54/L,8.00,,
Boots Borehamwood,Skincare,Skin Toner & Serums,Boots Hydrating PDRN Serum 30ml,30ml,£266.67/L,8.00,,
Boots Borehamwood,Skincare,Skin Toner & Serums,Boots Ingredients Hyaluronic Acid Serum 30ml,30ml,£200.00/L,6.00,,
Boots Borehamwood,Skincare,Skin Toner & Serums,Boots Men Everyday Skin Hyaluronic Acid Moisturiser 50ml,50ml,£120.00/L,6.00,,
Boots Borehamwood,Skincare,Skin Toner & Serums,Boots Modern Chemistry Glow Exfoliating AHA/BHA Toner 150ml,150ml,£66.67/L,10.00,,
Boots Borehamwood,Skincare,Skin Toner & Serums,Boots Modern Chemistry Restore Essence Toner 150ml,150ml,£53.33/L,8.00,,
Boots Borehamwood,Skincare,Skin Toner & Serums,Boots Modern Chemistry Restore Hydrating Serum 28ml,28ml,£392.86/L,11.00,,
Boots Borehamwood,Skincare,Skin Toner & Serums,Boots Skin Clear with Salicylic Acid Overnight & Redness Blemish Balm with Niacinamide 50ml,50ml,£99.00/L,4.95,,
Boots Borehamwood,Skincare,Skin Toner & Serums,Boots Traditional Glycerin And Rosewater 200ml,200ml,£12.25/L,2.45,,
Boots Borehamwood,Skincare,Skin Toner & Serums,Boots Vitamin C + Hyaluronic Acid Serum 30ml,30ml,£400.00/L,12.00,,
Boots Borehamwood,Skincare,Skin Toner & Serums,Boots Vitamin C Pro Brightening Booster Serum 15ml,15ml,£400.00/L,6.00,,
Boots Borehamwood,Skincare,Skin Toner & Serums,Botanics All Bright Vitamin C Glow Serum 25ml,25ml,£412.00/L,10.30,,
Boots Borehamwood,Skincare,Skin Toner & Serums,Bubble Bounce Back Balancing Toner Mist 55ml,55ml,£280.00/L,15.40,,
Boots Borehamwood,Skincare,Skin Toner & Serums,Bubble Super Clear Serum 30ml,30g,£660.00/kg,19.80,,
Boots Borehamwood,Skincare,Skin Toner & Serums,Bubble Water Slide Hydration Boosting Serum 30ml,30ml,£660.00/L,19.80,,
Boots Borehamwood,Skincare,Skin Toner & Serums,Byoma Blemish Redness Relief Soothing Toner 100ml,100ml,£142.50/L,14.25,,
Boots Borehamwood,Skincare,Skin Toner & Serums,Byoma Body Smoothing Body Serum 200ml,200ml,£76.75/L,15.35,,
Boots Borehamwood,Skincare,Skin Toner & Serums,Byoma Brightening Serum 30ml,30ml,£475.00/L,14.25,,
Boots Borehamwood,Skincare,Skin Toner & Serums,Byoma Brightening Toner 150ml,150ml,£87.67/L,13.15,,
Boots Borehamwood,Skincare,Skin Toner & Serums,Byoma Clarifying Serum 30ml,30ml,£475.00/L,14.25,,
Boots Borehamwood,Skincare,Skin Toner & Serums,Byoma Hydrating Milky Toner 150ml,150ml,£87.67/L,13.15,,
Boots Borehamwood,Skincare,Skin Toner & Serums,Byoma Hydrating Serum 40ml,40ml,£383.75/L,15.35,,
Boots Borehamwood,Skincare,Skin Toner & Serums,Byoma Phyto Mucin Glow Serum 40ml,40ml,£411.25/L,16.45,,
Boots Borehamwood,Skincare,Skin Toner & Serums,"Caudalie Beauty Elixir Prep, Set, Glow Face Mist 30ml",30ml,£660.00/L,19.80,,
Boots Borehamwood,Skincare,Skin Toner & Serums,Cerave Hyaluronic Acid Serum 30ml,30ml,£805.00/L,24.15,,
Boots Borehamwood,Skincare,Skin Toner & Serums,Cerave Skin Renewing 10% Pure Vitamin C Serum With Ceramides For Brighter & Smoother Skin 30ml,30ml,"£1,050.00/L",31.50,,
Boots Borehamwood,Skincare,Skin Toner & Serums,Cerave Skin Renewing Retinol Serum 30ml,30ml,"£1,050.00/L",31.50,,
Boots Borehamwood,Skincare,Skin Toner & Serums,CosRX the 6 Peptide Skin Booster Serum 150ml,150g,£161.00/kg,24.15,,
Boots Borehamwood,Skincare,Skin Toner & Serums,Dove Damage Rescue Bi-Phase Serum-in-Oil 100ml,100ml,£110.00/L,11.00,,
Boots Borehamwood,Skincare,Skin Toner & Serums,Dr Reju-All Advanced Retino-Mela Serum 30ml,30ml,£976.67/L,29.30,,
Boots Borehamwood,Skincare,Skin Toner & Serums,Dr.Melaxin Cemenrete Cyano Pink Spicule Serum 30ml,30ml,£655.00/L,19.65,,
Boots Borehamwood,Skincare,Skin Toner & Serums,Dr.Melaxin Peel Shot Exfoliating Black Rice Ampoule 80ml,80ml,£259.38/L,20.75,,
Boots Borehamwood,Skincare,Skin Toner & Serums,Dr.Melaxin Peel Shot Exfoliating White Rice Ampoule 80ml,80ml,£259.38/L,20.75,,
Boots Borehamwood,Skincare,Skin Toner & Serums,E.L.F. Skin Holy Hydration! Thirst Burst Drops 30ml,30ml,£476.67/L,14.30,,
Boots Borehamwood,Skincare,Skin Toner & Serums,E45 Dry Scalp Serum 150ml,150ml,£109.67/L,16.45,,
Boots Borehamwood,Skincare,Skin Toner & Serums,E45 Face Hydrating Serum 30ml,30ml,£658.33/L,19.75,,
Boots Borehamwood,Skincare,Skin Toner & Serums,Essence Lash Princess False Lash Effect Mascara 12ml,12ml,£379.17/L,4.55,,
Boots Borehamwood,Skincare,Skin Toner & Serums,Eucerin Anti-Pigment Dual Face Serum For Pigmentation & Dark Spots With Thiamidol & Hyaluronic Acid 30ml,30ml,"£1,680.00/L",50.40,,
Boots Borehamwood,Skincare,Skin Toner & Serums,"Eucerin Dermopure Clinical Purifying Toner, 200ml",200ml,£88.00/L,17.60,,
Boots Borehamwood,Skincare,Skin Toner & Serums,Eucerin Hyaluron Elasticity 3D Serum 30ml,30ml,"£1,575.00/L",47.25,,
Boots Borehamwood,Skincare,Skin Toner & Serums,Eucerin Hyaluron-Filler Epigenetic Serum 30ml,30ml,"£1,715.00/L",51.45,,
Boots Borehamwood,Skincare,Skin Toner & Serums,Garnier Hyaluron Barrier Repair Liquid Care 12% Glycerin and Panthenol Aloe Vera and Hyaluronic Acid,120ml,£95.42/L,11.45,,
Boots Borehamwood,Skincare,Skin Toner & Serums,Garnier Hyaluron Barrier Repair Water Gel Enriched with Glycerin Aloe Vera and Hyaluronic Acid 50ml,50ml,£172.00/L,8.60,,
Boots Borehamwood,Skincare,Skin Toner & Serums,Garnier Hyaluron+ Barrier Repair Replumping Serum,30ml,£511.67/L,15.35,,
Boots Borehamwood,Skincare,Skin Toner & Serums,Garnier Natural Rose Water Toner Sensitive Skin 200ml,200ml,£20.00/L,4.00,,
Boots Borehamwood,Skincare,Skin Toner & Serums,Garnier Pure Active Salicylic 7 Day Clinical Anti Blemish Serum 28ml,30ml,£511.67/L,15.35,,
Boots Borehamwood,Skincare,Skin Toner & Serums,Garnier Salicylic Anti Imperfection Face Mask 3% Niacinamide Salicylic AHA Centella Asiatica,20ml,£200.00/L,4.00,,
Boots Borehamwood,Skincare,Skin Toner & Serums,Garnier Salicylic Fresh and Matte Hydrating Sorbet Cream Salicylic Niacinamide Centella Asiatica,85ml,£101.18/L,8.60,,
Boots Borehamwood,Skincare,Skin Toner & Serums,Garnier Salicylic Purifying Gentle Face Cleanser with Salicylic Acid Niacinamide & Ceramides 250ml,250ml,£45.80/L,11.45,,
Boots Borehamwood,Skincare,Skin Toner & Serums,"Garnier Salicylic Skin Perfecting Liquid Care, 7% Niacinamide, Squalane, AHA & Salicylic Acid 120ml",120ml,£95.42/L,11.45,,
Boots Borehamwood,Skincare,Skin Toner & Serums,Garnier Skin Active Vitamin C Serum 30ml,30ml,£511.67/L,15.35,,
Boots Borehamwood,Skincare,Skin Toner & Serums,Garnier SkinActive Vitamin C 2in1 Brightening Serum Cream SPF 25 50ml,50ml,£285.00/L,14.25,,
Boots Borehamwood,Skincare,Skin Toner & Serums,Garnier Targeted Vitamin C Anti Dark Spot Night Serum For Face 30ml,30ml,£548.33/L,16.45,,
Boots Borehamwood,Skincare,Skin Toner & Serums,"Garnier Vitamin C Brightening Liquid Care, 10% Glycerin, Niacinamide, Vitamin C & Salicylic Acid 120ml",120ml,£95.42/L,11.45,,
Boots Borehamwood,Skincare,Skin Toner & Serums,Groa Lash Serum 3ml,,,21.00,,
Boots Borehamwood,Skincare,Skin Toner & Serums,Habi Hydra Glow Hydrating Serum 28ml,28ml,£266.07/L,7.45,,
Boots Borehamwood,Skincare,Skin Toner & Serums,Habi Spritz Saviour Face Mist 95ml,95ml,£60.53/L,5.75,,
Boots Borehamwood,Skincare,Skin Toner & Serums,Haruharu Wonder Black Rice Probiotics Barrier Essence 120ml,120ml,£183.75/L,22.05,,
Boots Borehamwood,Skincare,Skin Toner & Serums,John Frieda Frizz Ease The Controller Extra Strength Serum 50ml,50ml,£229.00/L,11.45,,
Boots Borehamwood,Skincare,Skin Toner & Serums,John Frieda Frizz Ease The Hydro Sealer Moisture Protect Serum 50ml,50ml,£229.00/L,11.45,,
Boots Borehamwood,Skincare,Skin Toner & Serums,John Frieda Frizz Ease The Rescuer Lightweight Serum 50ml,50ml,£229.00/L,11.45,,
Boots Borehamwood,Skincare,Skin Toner & Serums,John Frieda Profiller+ Hair Growth Scalp Serum 50ml,50ml,£329.00/L,16.45,,
Boots Borehamwood,Skincare,Skin Toner & Serums,"L'Oreal Men Expert Derma Control Anti-Blemish Serum, for Oily & Blemish-Prone Skin, 30ml",30ml,£731.67/L,21.95,,
Boots Borehamwood,Skincare,Skin Toner & Serums,L'Oreal Paris Age Defying Serum Le Duo Formulated Collagen Peptide Booster And Vitamins B3 & C 30ml,30ml,"£1,118.33/L",33.55,,
Boots Borehamwood,Skincare,Skin Toner & Serums,L'Oreal Paris Age Perfect Micro-Collagen Firming Serum Micro-Collagen Peptides and Niacinamide 30ml,30ml,£658.33/L,19.75,,
Boots Borehamwood,Skincare,Skin Toner & Serums,L'Oreal Paris Bright Reveal Niacinamide Serum 30ml,30ml,"£1,118.33/L",33.55,,
Boots Borehamwood,Skincare,Skin Toner & Serums,L'Oreal Paris Hyaluronic Acid Serum Revitalift Filler Plus Hyaluronic Acid Anti Wrinkle Dropper Serum 30ml,30ml,"£1,118.33/L",33.55,,
Boots Borehamwood,Skincare,Skin Toner & Serums,"L'Oreal Paris Revitalift Clinical 12% Pure Vitamin C Brightening Serum for Face, 30ml",30ml,"£1,118.33/L",33.55,,
Boots Borehamwood,Skincare,Skin Toner & Serums,L'Oreal Paris Revitalift Hydrating Smoothing Serum with Pro Retinol Anti-Wrinkle & Firming 30ml,30ml,£585.00/L,17.55,,
Boots Borehamwood,Skincare,Skin Toner & Serums,L'Oreal Paris Revitalift Laser Tri-Peptides Age-Correcting Serum Hyaluronic Acid And Vitamin C 30ml,30ml,"£1,118.33/L",33.55,,
Boots Borehamwood,Skincare,Skin Toner & Serums,La Roche Posay Anthelios UVAIR Serum Sunscreen SPF50 50ml,50ml,£546.00/L,27.30,,
Boots Borehamwood,Skincare,Skin Toner & Serums,La Roche-Posay Hyalu B5 Suractivated Serum 30ml,30ml,"£1,575.00/L",47.25,,
Boots Borehamwood,Skincare,Skin Toner & Serums,La Roche-Posay Mela B3 Eyes Intensive Dark Circles Corrector 15ml,15ml,"£2,030.00/L",30.45,,
Boots Borehamwood,Skincare,Skin Toner & Serums,La Roche-Posay Retinol B3 serum 30ml,30ml,"£1,680.00/L",50.40,,
Boots Borehamwood,Skincare,Skin Toner & Serums,Liz Earle Instant Boost Skin Tonic 200ml,200ml,£99.00/L,19.80,,
Boots Borehamwood,Skincare,Skin Toner & Serums,Liz Earle Restore & Glow Instant Radiance Serum 30ml,30ml,"£1,120.00/L",33.60,,
Boots Borehamwood,Skincare,Skin Toner & Serums,Medicube Collagen Glow Booster Serum 15ml,15ml,"£1,310.00/L",19.65,,
Boots Borehamwood,Skincare,Skin Toner & Serums,Medicube PDRN Pink Peptide Serum 30ml,30ml,£655.00/L,19.65,,
Boots Borehamwood,Skincare,Skin Toner & Serums,Mediheal Madecassoside Blemish Pad (100 Pads),170ml,£135.88/L,23.10,,
Boots Borehamwood,Skincare,Skin Toner & Serums,Men Protect & Perfect Intense Advanced Serum 30ml,30ml,£978.33/L,29.35,,
Boots Borehamwood,Skincare,Skin Toner & Serums,NIVEA Luminous 630 Even Glow Face Serum with Thiamidol 30ml,30ml,£621.67/L,18.65,,
Boots Borehamwood,Skincare,Skin Toner & Serums,NIVEA Luminous 630 Even Glow Liquid Exfoliant 100ml,100ml,£186.50/L,18.65,,
Boots Borehamwood,Skincare,Skin Toner & Serums,Naturium Multi Peptide Advanced Serum 30ml,30ml,£945.00/L,28.35,,
Boots Borehamwood,Skincare,Skin Toner & Serums,Naturium Niacinamide Cleansing Gelee 3% 210ml,210ml,£96.90/L,20.35,,
Boots Borehamwood,Skincare,Skin Toner & Serums,Naturium Retinaldehyde Cream Serum 0.05% 50ml,50ml,£672.00/L,33.60,,
Boots Borehamwood,Skincare,Skin Toner & Serums,Naturium The Booster Hyaluronic Acid Body Wash 500ml,500ml,£41.80/L,20.90,,
Boots Borehamwood,Skincare,Skin Toner & Serums,Naturium Vitamin C Super Serum Plus 30ml,30ml,£945.00/L,28.35,,
Boots Borehamwood,Skincare,Skin Toner & Serums,Neutrogena Hydro Boost Ultra Light Hydrating Serum with Hyaluronic Acid 30ml,30ml,£621.67/L,18.65,,
Boots Borehamwood,Skincare,Skin Toner & Serums,Nip + Fab Vitamin C Fix Concentrate Extreme 15% 30ml,30ml,£873.33/L,26.20,,
Boots Borehamwood,Skincare,Skin Toner & Serums,Nip+Fab Ceramide Fix Base Build Moisture Milk 8% 125ml,125ml,£251.60/L,31.45,,
Boots Borehamwood,Skincare,Skin Toner & Serums,Nip+Fab Ceramide Fix Serum 12% 50ml,50ml,£629.00/L,31.45,,
Boots Borehamwood,Skincare,Skin Toner & Serums,Nip+Fab Peptide Fix 2In1 Tone & Top Up Mist 4% SPF50 75ml,75ml,£419.33/L,31.45,,
Boots Borehamwood,Skincare,Skin Toner & Serums,Nip+Fab Peptide Fix Finishing Oil 2% 30ml,30ml,"£1,048.33/L",31.45,,
Boots Borehamwood,Skincare,Skin Toner & Serums,Nivea Q10 Anti-Wrinkle Expert Dual Action Anti-Glycation Serum 30ml,30ml,£658.33/L,19.75,,
Boots Borehamwood,Skincare,Skin Toner & Serums,"Nivea Refreshing 2In1 Milk & Toner With Vitamin E For Normal & Combination Skin, 200ml",200ml,£26.25/L,5.25,,
Boots Borehamwood,Skincare,Skin Toner & Serums,No.9 NAD Bio Lifting Essence 50ml,50ml,£546.00/L,27.30,,
Boots Borehamwood,Skincare,Skin Toner & Serums,No.9 NAD PDRN Glow Boosting Toner 150ml,150ml,£124.67/L,18.70,,
Boots Borehamwood,Skincare,Skin Toner & Serums,No7 Cleansing Toning Water 200ml,200ml,£57.00/L,11.40,,
Boots Borehamwood,Skincare,Skin Toner & Serums,No7 Cleansing Toning Water Oily 200Ml,200ml,£57.00/L,11.40,,
Boots Borehamwood,Skincare,Skin Toner & Serums,No7 Derm Solutions Skin Balancing Serum Suitable for All Skin Types 30ml,30ml,£978.33/L,29.35,,
Boots Borehamwood,Skincare,Skin Toner & Serums,No7 Future Renew Night Serum 50ml,50ml,"£1,049.00/L",52.45,,
Boots Borehamwood,Skincare,Skin Toner & Serums,No7 Future Renew Serum 50ml,50ml,"£1,007.00/L",50.35,,
Boots Borehamwood,Skincare,Skin Toner & Serums,No7 Future Renew Serum 75ml,75ml,£769.33/L,57.70,,
Boots Borehamwood,Skincare,Skin Toner & Serums,No7 Good Intent Dew Bank Water Serum with PDRN and Hyaluronic Acid 30ml,30ml,£730.00/L,21.90,,
Boots Borehamwood,Skincare,Skin Toner & Serums,No7 Good Intent Micro Shot Spicule Glow Serum 48ml,48ml,£456.25/L,21.90,,
Boots Borehamwood,Skincare,Skin Toner & Serums,No7 Good Intent Pore Buff Moisture Melt Body Serum 200ml,200ml,£82.00/L,16.40,,
Boots Borehamwood,Skincare,Skin Toner & Serums,No7 Good Intent Radiance Reflect Spray Serum 90ml,90ml,£182.22/L,16.40,,
Boots Borehamwood,Skincare,Skin Toner & Serums,No7 Hydraluminous+ 2% Hyaluronic Acid Serum 30ml,30ml,£730.00/L,21.90,,
Boots Borehamwood,Skincare,Skin Toner & Serums,No7 Laboratories Line Correcting Booster Serum 25ml,25ml,"£1,888.00/L",47.20,,
Boots Borehamwood,Skincare,Skin Toner & Serums,No7 Lift & Luminate Triple Action Serum 75ml,75ml,£671.33/L,50.35,,
Boots Borehamwood,Skincare,Skin Toner & Serums,No7 Lift And Luminate Triple Action Serum 50ml,50ml,£839.00/L,41.95,,
Boots Borehamwood,Skincare,Skin Toner & Serums,No7 Menopause Skincare Instant Radiance Serum 30ml,30ml,"£1,223.33/L",36.70,,
Boots Borehamwood,Skincare,Skin Toner & Serums,No7 Prime Forever Serum 30ml,30g,"£1,328.33/kg",39.85,,
Boots Borehamwood,Skincare,Skin Toner & Serums,No7 Prime Forever Serum 50ml,50g,"£1,007.00/kg",50.35,,
Boots Borehamwood,Skincare,Skin Toner & Serums,No7 Protect & Perfect Intense Advanced Serum 30ml,30ml,£978.33/L,29.35,,
Boots Borehamwood,Skincare,Skin Toner & Serums,No7 Protect & Perfect Intense Advanced Serum 75ml,75ml,£629.33/L,47.20,,
Boots Borehamwood,Skincare,Skin Toner & Serums,No7 Protect And Perfect Intense Advanced Serum 50ml,50ml,£797.00/L,39.85,,
Boots Borehamwood,Skincare,Skin Toner & Serums,No7 Radiance+ 15% Vitamin C Serum 25ml,25g,£876.00/kg,21.90,,
Boots Borehamwood,Skincare,Skin Toner & Serums,No7 Radiance+ Vitamin C Glow Toner 200ml,200ml,£82.00/L,16.40,,
Boots Borehamwood,Skincare,Skin Toner & Serums,No7 Restore And Renew Face & Neck Multi Action Serum 50ml,50ml,£902.00/L,45.10,,
Boots Borehamwood,Skincare,Skin Toner & Serums,"Nyx Professional Makeup Primer, Plump Right Back Primer & Serum, Enriched with Hyaluronic Acid, 30ml",30ml,£511.67/L,15.35,,
Boots Borehamwood,Skincare,Skin Toner & Serums,OGX ProGrowth + Peptide Hair Strengthening Scalp Serum Pen10ml,10ml,"£1,870.00/L",18.70,,
Boots Borehamwood,Skincare,Skin Toner & Serums,OGX ProGrowth + Peptide Serum Mist Thicken & Protect Hair 193ml,193ml,£85.49/L,16.50,,
Boots Borehamwood,Skincare,Skin Toner & Serums,Olay Collagen Peptide MAX Serum 40ml,40ml,"£1,155.00/L",46.20,,
Boots Borehamwood,Skincare,Skin Toner & Serums,Olay Regenerist Active Firming Serum with Collagen Peptides Niacinamide and Vitamin E,30ml,"£1,120.00/L",33.60,,
Boots Borehamwood,Skincare,Skin Toner & Serums,Olay Regenerist Day Face Cream & Serum 2in1 Anti-Wrinkle + Active Firming Moisturiser 50ml,50ml,£630.00/L,31.50,,
Boots Borehamwood,Skincare,Skin Toner & Serums,Olay Regenerist Retinol 24 MAX Night Serum Without Fragrance 40ml,40ml,£996.25/L,39.85,,
Boots Borehamwood,Skincare,Skin Toner & Serums,Olay Super Eyes Daily Eye Serum for Dark Circles and Puffy Eyes 13.5ml Super Depuff Eye Roller,13ml,"£3,230.77/L",42.00,,
Boots Borehamwood,Skincare,Skin Toner & Serums,Olay Super Serum 14ml,14ml,"£1,650.00/L",23.10,,
Boots Borehamwood,Skincare,Skin Toner & Serums,"Olay Super Serum 5-In-1 Benefits, Hydrating Face Serum 50ml",50ml,"£1,112.00/L",55.60,,
Boots Borehamwood,Skincare,Skin Toner & Serums,"Olay Super Serum Night Repair 5-In-1 Benefits, Hydrating Face Serum 30ml. Pro-Vitamin B5",30ml,"£1,398.33/L",41.95,,
Boots Borehamwood,Skincare,Skin Toner & Serums,"Olay Super Serum, Vitamin C Serum for Face, with Niacinamide, 30ml",30ml,"£1,398.33/L",41.95,,
Boots Borehamwood,Skincare,Skin Toner & Serums,Olay Total Effects 7in1 Firming Youth Serum with Niacinamide and Collagen Peptide 50ml,50ml,£420.00/L,21.00,,
Boots Borehamwood,Skincare,Skin Toner & Serums,Opi Repair Mode Bond Building Nail Serum,9ml,"£3,488.89/L",31.40,,
Boots Borehamwood,Skincare,Skin Toner & Serums,Palmer'scocoa Butter Formulaskin Therapy Oil Face 30ml,30ml,£381.67/L,11.45,,
Boots Borehamwood,Skincare,Skin Toner & Serums,Pixi Glow Tonic 250ml,250ml,£79.20/L,19.80,,
Boots Borehamwood,Skincare,Skin Toner & Serums,Pixi Hydrating Milky Mist,80ml,£247.50/L,19.80,,
Boots Borehamwood,Skincare,Skin Toner & Serums,Plantur Dmg Clinical Serum 125ml,125ml,£184.40/L,23.05,,
Boots Borehamwood,Skincare,Skin Toner & Serums,Purito Wonder Releaf Centella Serum Unscented 60ml,60ml,£350.00/L,21.00,,
Boots Borehamwood,Skincare,Skin Toner & Serums,Rimmel Wonder Bond Bonding Serum Mascara 11ml,11ml,"£1,195.45/L",13.15,,
Boots Borehamwood,Skincare,Skin Toner & Serums,RoC Multi Correxion revive + glow daily serum 30ml,30ml,"£1,188.33/L",35.65,,
Boots Borehamwood,Skincare,Skin Toner & Serums,Roc Hydra+ Hyaluronic Serum Stick with Peptides and Hyaluronic Acid for Deeply Hydrated and Plumped Skin 30g,30g,"£1,223.33/kg",36.70,,
Boots Borehamwood,Skincare,Skin Toner & Serums,Roc RETINOL Derm Correxion Fill+treat Serum 15ml,15ml,"£2,796.67/L",41.95,,
Boots Borehamwood,Skincare,Skin Toner & Serums,Schwarzkopf Live Blonde Perfector T1 Ice White Post Bleach Hair Toner,,,9.20,,
Boots Borehamwood,Skincare,Skin Toner & Serums,Simple Booster Serum 3% Hyaluronic Acid & B5 30 ml,30ml,£381.67/L,11.45,,
Boots Borehamwood,Skincare,Skin Toner & Serums,Simple Ceramide & Omega Complex Face Serum For Nourished Skin 30ml,30ml,£381.67/L,11.45,,
Boots Borehamwood,Skincare,Skin Toner & Serums,Skin1004 Madagascar Centella Probio-Cica Intensive Ampoule 50ml,50ml,£396.00/L,19.80,,
Boots Borehamwood,Skincare,Skin Toner & Serums,The INKEY List Niacinamide Serum 30ml,30ml,£440.00/L,13.20,,
Boots Borehamwood,Skincare,Skin Toner & Serums,The INKEY List SuperSolutions 10% Azelaic Acid Serum 30ml,30ml,£586.67/L,17.60,,
Boots Borehamwood,Skincare,Skin Toner & Serums,The Inkey List 15% Vitamin C And Egf Serum 30ml,30ml,£586.67/L,17.60,,
Boots Borehamwood,Skincare,Skin Toner & Serums,The Inkey List Advanced Retinal Serum 15ml,15ml,"£1,320.00/L",19.80,,
Boots Borehamwood,Skincare,Skin Toner & Serums,The Inkey List Ectoin Hydro-Barrier Serum 30ml,30ml,£586.67/L,17.60,,
Boots Borehamwood,Skincare,Skin Toner & Serums,The Inkey List Glycolic Acid Exfoliating Body Stick,45g,£366.67/kg,16.50,,
Boots Borehamwood,Skincare,Skin Toner & Serums,The Inkey List Hyaluronic Acid Serum 30ml,30ml,£440.00/L,13.20,,
Boots Borehamwood,Skincare,Skin Toner & Serums,The Inkey List Hyaluronic Acid Serum 60ml,60ml,£367.50/L,22.05,,
Boots Borehamwood,Skincare,Skin Toner & Serums,The Inkey List Hydro-Surge Dewy Face Mist 75ml,75ml,£176.00/L,13.20,,
Boots Borehamwood,Skincare,Skin Toner & Serums,The Inkey List Starter RETINOL Serum 30ml,30ml,£476.67/L,14.30,,
Boots Borehamwood,Skincare,Skin Toner & Serums,The Ordinary Glycolic Acid 7% Exfoliating Toner - 100ml,100ml,£92.00/L,9.20,,
Boots Borehamwood,Skincare,Skin Toner & Serums,The Ordinary Hyaluronic Acid 2% + B5 30ml,30ml,£336.67/L,10.10,,
Boots Borehamwood,Skincare,Skin Toner & Serums,The Ordinary Niacinamide 10% + Zinc 1% Serum 30ml,30ml,£191.67/L,5.75,,
Boots Borehamwood,Skincare,Skin Toner & Serums,Ukbrow Eyebrow Serum - 3ml,,,40.95,,
Boots Borehamwood,Skincare,Skin Toner & Serums,Umberto Giannini Glazed Waves Shine Serum 75ml,75ml,£152.00/L,11.40,,
Boots Borehamwood,Skincare,Skin Toner & Serums,Vichy Liftactiv 16% Pure Vitamin C Brightening Serum 20ml,20ml,"£2,230.00/L",44.60,,
Boots Borehamwood,Skincare,Skin Toner & Serums,Vichy Liftactiv Collagen Specialist 16 Bonding Serum 30ml,30ml,"£1,505.00/L",45.15,,
Boots Borehamwood,Skincare,Skin Toner & Serums,Vichy Mineral 89 Face Serum 75ml,75ml,£504.00/L,37.80,,
Boots Borehamwood,Skincare,Skin Toner & Serums,Vichy Mineral 89 eyes serum 15ml,15ml,"£1,610.00/L",24.15,,
Boots Borehamwood,Skincare,Skin Toner & Serums,Vita Liberata Body Glaze Serum 150ml,100ml,£304.50/L,30.45,,
Boots Borehamwood,Skincare,Skin Toner & Serums,Vt Reedle Shot 100 Serum 50ml,50ml,£567.00/L,28.35,,
Boots Borehamwood,Skincare,Skin Toner & Serums,Vt Reedle Shot 300 Serum 50ml,50ml,£777.00/L,38.85,,
Boots Borehamwood,Skincare,Skin Toner & Serums,Weleda 5In1 Age Protect Multi-Action Facial Serum For Men 30ml,30ml,£585.00/L,17.55,,
Boots Borehamwood,Skincare,Skin Toner & Serums,Youthful Replenishing Facial Oil 30ml,30ml,£978.33/L,29.35,,
Boots Borehamwood,Suncare,Aftersun,Ambre Solaire After Sun Tan Maintainer with Self Tan 200ml,200ml,£55.00/L,11.00,,
Boots Borehamwood,Suncare,Aftersun,Ambre Solaire Hydrating Soothing After Sun Lotion 400ml,400ml,£27.50/L,11.00,,
Boots Borehamwood,Suncare,Aftersun,Ambre Solaire Hydrating Soothing After Sun Lotion Travel 100ml,100ml,£57.50/L,5.75,,
Boots Borehamwood,Suncare,Aftersun,Banana Boat Aloe Vera Gel - 1 x 230g,230g,£40.00/kg,9.20,,
Boots Borehamwood,Suncare,Aftersun,Banana Boat aloe vera gel 400ml,400ml,£33.00/L,13.20,,
Boots Borehamwood,Suncare,Aftersun,Eucerin Sun Sensitive Relief After Sun Gel for Face & Body 200ml,200ml,£93.50/L,18.70,,
Boots Borehamwood,Suncare,Aftersun,Garnier Ambre Solaire Soothing After Sun Lotion 175ml,175ml,£62.86/L,11.00,,
Boots Borehamwood,Suncare,Aftersun,Hawaiian Tropic Enriching After Sun body butter coconut 250ml,250ml,£50.40/L,12.60,,
Boots Borehamwood,Suncare,Aftersun,Hawaiian Tropic Hydrating After Sun Lotion 180ml,180ml,£83.06/L,14.95,,
Boots Borehamwood,Suncare,Aftersun,Hawaiian Tropic Hydrating After Sun nourishing oil 150ml,150ml,£102.67/L,15.40,,
Boots Borehamwood,Suncare,Aftersun,La Roche-Posay Anthelios Post-UV Exposure After-Sun Lotion 200ml,200ml,£104.50/L,20.90,,
Boots Borehamwood,Suncare,Aftersun,Lancaster Golden Tan Maximizer - After Sun Lotion 250ml,250ml,£138.60/L,34.65,,
Boots Borehamwood,Suncare,Aftersun,Lancaster Golden Tan Maximizer - After Sun Lotion 400ml,400ml,£107.63/L,43.05,,
Boots Borehamwood,Suncare,Aftersun,Lancaster Tan Maximiser After Sun Body Lotion 125ml,125ml,£243.60/L,30.45,,
Boots Borehamwood,Suncare,Aftersun,Nivea Sun Moisturising After Sun Lotion With Aloe Vera 400ml,400ml,£20.88/L,8.35,,
Boots Borehamwood,Suncare,Aftersun,Nivea Sun Moisturising After Sun Lotion with Aloe Vera 200ml,200ml,£35.00/L,7.00,,
Boots Borehamwood,Suncare,Aftersun,Nivea Sun Moisturising After Sun Spray With Aloe Vera 200ml,200ml,£35.00/L,7.00,,
Boots Borehamwood,Suncare,Aftersun,Soltan Moisturise & Repel Aftersun 400ml,400ml,£44.00/L,17.60,,
Boots Borehamwood,Suncare,Aftersun,Soltan Soothe & Cool Aftersun Mist 200ml,200ml,£33.00/L,6.60,,
Boots Borehamwood,Suncare,Aftersun,Soltan Soothe & Moisturise Aftersun Body Butter 300g,300g,£24.83/kg,7.45,,
Boots Borehamwood,Suncare,Aftersun,Soltan Soothe & Moisturise Aftersun Gel with Aloe Vera 400ml,400ml,£24.38/L,9.75,,
Boots Borehamwood,Suncare,Aftersun,Soltan Soothe & Moisturise Aftersun Lotion 200ml,200ml,£30.00/L,6.00,,
Boots Borehamwood,Suncare,Aftersun,Soltan Soothe & Moisturise Aftersun Lotion 400ml,400ml,£24.38/L,9.75,,
Boots Borehamwood,Suncare,Aftersun,Soltan Soothe & Moisturise Aftersun Lotion Mini 50ml,50ml,£110.00/L,5.50,,
Boots Borehamwood,Suncare,Aftersun,Soltan Soothe & Moisturise Aftersun Lotion with Insect Repellent 200ml,200ml,£60.50/L,12.10,,
Boots Borehamwood,Suncare,Aftersun,Soltan Soothe & Moisturise Aftersun Spray 200ml,200ml,£30.00/L,6.00,,
Boots Borehamwood,Suncare,Aftersun,Sun Bum Cool Down Hydrating After Sun Spray Aloe Vera and Cocoa Butter 237ml,200ml,£98.75/L,19.75,,
Boots Borehamwood,Suncare,Cooling,Boots Cooling Ice Maxi Pads,5pk,£2.20 each,10.99,,
Boots Borehamwood,Suncare,Fake Tan,Bondi Sands Aero Self Tanning Foam Liquid Gold Colour 225ml,225ml,£84.40/L,18.99,,
Boots Borehamwood,Suncare,Fake Tan,Bondi Sands Self Tan Liquid Gold Oil 150ml,150ml,£106.60/L,15.99,,
Boots Borehamwood,Suncare,Fake Tan,Boots Glow Double Sided Mitt,,,3.99,,
Boots Borehamwood,Suncare,Fake Tan,Dove Summer Revived Light to Medium Gradual Tanning Lotion for Face and Body All Skin Types 75ml,75ml,£55.87/L,4.19,,
Boots Borehamwood,Suncare,Fake Tan,Filter By Molly-Mae Tanning Mousse Dark 200ml,200ml,£110.00/L,22.00,,
Boots Borehamwood,Suncare,Fake Tan,Isle Of Paradise Liquid Instant Face Bronzer 30ml,30ml,£531.67/L,15.95,,
Boots Borehamwood,Suncare,Fake Tan,St. Tropez Self Tan Classic Bronzing Mousse 240ml,240ml,£140.00/L,33.60,,
Boots Borehamwood,Suncare,Fake Tan,St. Tropez instant body bronzing mousse 200ml,200ml,£131.25/L,26.25,,
Boots Borehamwood,Suncare,Suncare SPF50+,La Roche-Posay Cicaplast Balm B5+ Multi-Purpose Repairing Balm SPF50 40ml,40ml,£247.50/L,9.90,13.20,25% off
Boots Borehamwood,Suncare,Suncare SPF20 - SPF30,La Roche-Posay Effaclar Duo+ Cream SPF30 40ml,40ml,£442.50/L,17.70,23.60,25% off
Boots Borehamwood,Suncare,Suncare SPF20 - SPF30,La Roche-Posay Toleriane Rosaliac Ar SPF 30 50ml,50ml,£432.80/L,21.64,28.85,25% off
Boots Borehamwood,Suncare,Suncare SPF20 - SPF30,Nivea Face Cellular Filler Elasticity Day Cream SPF30 50ml,50ml,£236.00/L,11.80,23.60,50% off
Boots Borehamwood,Suncare,Suncare SPF50+,Ambre Solaire Super Uv Anti Dark Spots And Anti Pollution Face Fluid SPF50 Plus 40ml,40ml,£275.00/L,11.00,,
Boots Borehamwood,Suncare,Suncare SPF50+,Anua Heartleaf Silky Moisture SPF50 50ml,50ml,£330.00/L,16.50,,
Boots Borehamwood,Suncare,Suncare SPF20 - SPF30,Avene sun care oil SPF30 200ml,200ml,£157.00/L,31.40,,
Boots Borehamwood,Suncare,Suncare SPF50+,Biore UV aqua rich water essence sunscreen SPF50 50ml,50ml,£351.00/L,17.55,,
Boots Borehamwood,Suncare,Suncare SPF50+,Bondi Sands SPF50+ everyday body lotion 150ml,150ml,£80.33/L,12.05,,
Boots Borehamwood,Suncare,Sunglasses,Boots Fashion Sunglasses,,,15.00,,
Boots Borehamwood,Suncare,Sunglasses,Boots Fashion Sunglasses Milky Demi Gold BFA150G,,,15.00,,
Boots Borehamwood,Suncare,Sunglasses,Boots Fashion Sunglasses Square Frame Brown Leopard Print Q26bfa133j,,,20.00,,
Boots Borehamwood,Suncare,Sunglasses,Boots Kids Boys Sunglasses,,,10.00,,
Boots Borehamwood,Suncare,Sunglasses,"Boots Kids Girls Sunglasses, Round Crystal Purple Preppy",,,10.00,,
Boots Borehamwood,Suncare,Sunglasses,Boots Kids Graffiti Print Wayfarer Sunglasses,,,10.00,,
Boots Borehamwood,Suncare,Sunglasses,Boots Kids Sunglasses - Blue and Red Frame,,,10.00,,
Boots Borehamwood,Suncare,Sunglasses,Boots Kids Sunglasses - Matt Black and Green Frame,,,10.00,,
Boots Borehamwood,Suncare,Sunglasses,Boots Kids Sunglasses - Mint Coloured Soft Touch Frame,,,10.00,,
Boots Borehamwood,Suncare,Sunglasses,Boots Kids Sunglasses - Pink Rose Print Frame,,,10.00,,
Boots Borehamwood,Suncare,Sunglasses,Boots Ladies Fashion Sunglasses - Black and Silver Frame,,,15.00,,
Boots Borehamwood,Suncare,Sunglasses,Boots Ladies Fashion Sunglasses - Crytstal Pink and Rose Gold Frame,,,15.00,,
Boots Borehamwood,Suncare,Sunglasses,Boots Ladies Fashion Sunglasses - Milky Brown Tortoiseshell and Gold Frame,,,15.00,,
Boots Borehamwood,Suncare,Sunglasses,Boots Ladies Polarised Sunglasses - Dark Brown Tortoiseshell Frame,,,33.00,,
Boots Borehamwood,Suncare,Sunglasses,Boots Ladies Polarised Sunglasses - Honey Tortoiseshell Frame,,,28.00,,
Boots Borehamwood,Suncare,Sunglasses,Boots Ladies Polarised Sunglasses - Inky Pink Tortoiseshell and Gold Frame,,,33.00,,
Boots Borehamwood,Suncare,Sunglasses,Boots Ladies Polarised Sunglasses - Milky Brown Tortoiseshell Frame,,,28.00,,
Boots Borehamwood,Suncare,Sunglasses,Boots Ladies Polarised Sunglasses - Purple Tortoiseshell Frame,,,28.00,,
Boots Borehamwood,Suncare,Sunglasses,Boots Ladies Polarised Sunglasses Q26bpl07,,,33.00,,
Boots Borehamwood,Suncare,Sunglasses,Boots Ladies Polarised Sunglasses Q26bpl081k,,,33.00,,
Boots Borehamwood,Suncare,Sunglasses,Boots Ladies Polarised Sunglasses Q26bpl082k,,,28.00,,
Boots Borehamwood,Suncare,Sunglasses,Boots Ladies Polarised Sunglasses Q26bpl086k,,,33.00,,
Boots Borehamwood,Suncare,Sunglasses,Boots Ladies Sunglass Elegant Fine Frame with Metal Temple Q26bas039i,,,20.00,,
Boots Borehamwood,Suncare,Sunglasses,Boots Ladies Sunglasses - Brown Tortoiseshell Frame,,,10.00,,
Boots Borehamwood,Suncare,Sunglasses,Boots Ladies Sunglasses - Crystal Teal Frame,,,15.00,,
Boots Borehamwood,Suncare,Sunglasses,Boots Ladies Sunglasses - Honey Brown Tortoiseshell Frame,,,15.00,,
Boots Borehamwood,Suncare,Sunglasses,Boots Ladies Sunglasses - Pink Tortoiseshell Frame,,,20.00,,
Boots Borehamwood,Suncare,Sunglasses,Boots Ladies Sunglasses - Purple Tortoiseshell Frame,,,20.00,,
Boots Borehamwood,Suncare,Sunglasses,Boots Ladies Sunglasses - Rimless Frame,,,15.00,,
Boots Borehamwood,Suncare,Sunglasses,Boots Ladies Sunglasses Metal Trim Detail- Black,,,20.00,,
Boots Borehamwood,Suncare,Sunglasses,Boots Ladies Sunglasses Q26bas026k,,,20.00,,
Boots Borehamwood,Suncare,Sunglasses,Boots Ladies Sunglasses Tort Rectangle with Black Contrast Temple,,,35.00,,
Boots Borehamwood,Suncare,Sunglasses,Boots Ladies Sunglasses in Berry Red,,,15.00,,
Boots Borehamwood,Suncare,Sunglasses,Boots Ladies Sunglasses in Dusty Pink Marble,,,15.00,,
Boots Borehamwood,Suncare,Sunglasses,Boots Men's Sunglasses,,,33.00,,
Boots Borehamwood,Suncare,Sunglasses,Boots Mens Polarised Sunglasses - Black Frame,,,28.00,,
Boots Borehamwood,Suncare,Sunglasses,Boots Mens Polarised Sunglasses - Gunmetal Frame,,,33.00,,
Boots Borehamwood,Suncare,Sunglasses,Boots Mens Polarised Sunglasses - Gunmetal and Crystal Navy Frame,,,33.00,,
Boots Borehamwood,Suncare,Sunglasses,Boots Mens Polarised Sunglasses - Matt Black Frame,,,28.00,,
Boots Borehamwood,Suncare,Sunglasses,Boots Mens Polarised Sunglasses - Rubberised Black Frame,,,33.00,,
Boots Borehamwood,Suncare,Sunglasses,Boots Mens Sunglasses - Black Frame,,,10.00,,
Boots Borehamwood,Suncare,Sunglasses,Boots Mens Sunglasses - Crystal Grey Frame,,,10.00,,
Boots Borehamwood,Suncare,Sunglasses,Boots Mens Sunglasses - Matt Black Frame,,,20.00,,
Boots Borehamwood,Suncare,Sunglasses,Boots Mens Sunglasses - Shiny Gunmetal and Pewter Frame,,,20.00,,
Boots Borehamwood,Suncare,Sunglasses,Boots Polarised Ladies Sunglasses Brown Tortoise Gold Trim BPL079G,,,28.00,,
Boots Borehamwood,Suncare,Sunglasses,Boots Polarised Womens Sunglass Oval with Etched Temple Detail Q26bpl074i,,,33.00,,
Boots Borehamwood,Suncare,Suncare SPF50+,Boots SPF+ Hyaluronic Acid Moisturising Lotion SPF50 50ml,50ml,£160.00/L,8.00,,
Boots Borehamwood,Suncare,Suncare SPF10 - SPF15,Boots SPF+ Lip Balm 15ml,15ml,£266.67/L,4.00,,
Boots Borehamwood,Suncare,Suncare SPF50+,Boots SPF+ Vitamin C Moisturising Lotion SPF50 50ml,50ml,£176.00/L,8.80,,
Boots Borehamwood,Suncare,Sunglasses,Boots Sunglasses 70s Sqaure,,,15.00,,
Boots Borehamwood,Suncare,Suncare SPF10 - SPF15,Carmex Strawberry Lip Balm SPF15 Tube 10g,10g,£410.00/kg,4.10,,
Boots Borehamwood,Suncare,Suncare SPF20 - SPF30,CeraVe sun hydrating sunscreen SP30 177ml,177ml,£124.29/L,22.00,,
Boots Borehamwood,Suncare,Suncare SPF20 - SPF30,Cerave Am Facial Moisturising Lotion SPF30 52ml,52ml,£359.62/L,18.70,,
Boots Borehamwood,Suncare,Suncare SPF50+,Cerave Am Facial Moisturising Lotion SPF50 Normal/Dry Skin 50ml,50ml,£374.00/L,18.70,,
Boots Borehamwood,Suncare,Suncare SPF20 - SPF30,Cerave sun hydra sunscreen SPF30 75ml,75ml,£204.67/L,15.35,,
Boots Borehamwood,Suncare,Suncare SPF50+,Cetaphil Daily Defence Moisturiser SPF50+ 50g,50g,£363.00/kg,18.15,,
Boots Borehamwood,Suncare,Suncare SPF20 - SPF30,E45 Sun Body Cream Spray for Sensitive Skin Hydrating Sun Spray with Very High UVA and UVB Protection and SPF 30 180ml,180ml,£85.28/L,15.35,,
Boots Borehamwood,Suncare,Suncare SPF50+,E45 Sun Body Lotion For Sensitive Skin. Hydrating Sun Cream With Very High Uva And Uvb Protection And SPF 50+ 180ml,180ml,£85.28/L,15.35,,
Boots Borehamwood,Suncare,Suncare SPF20 - SPF30,Eucerin Anti-Pigment Face Cream With SPF 30 For Pigmentation & Dark Spots With Thiamidol 50ml,50ml,£798.00/L,39.90,,
Boots Borehamwood,Suncare,Suncare SPF20 - SPF30,Eucerin Hyaluron-Filler Anti-Ageing Day Cream SPF30 50ml,50ml,£735.00/L,36.75,,
Boots Borehamwood,Suncare,Suncare SPF20 - SPF30,Eucerin Hyaluron-Filler Elasticity Day Cream SPF30 50ml,50ml,£756.00/L,37.80,,
Boots Borehamwood,Suncare,Suncare SPF10 - SPF15,Eucerin Hyaluron-Filler Eye Cream SPF15 15ml,15ml,"£2,030.00/L",30.45,,
Boots Borehamwood,Suncare,Suncare SPF50+,Eucerin Sun Actinic Control Md Sun Cream For Face & Body SPF100 80ml,80ml,£393.75/L,31.50,,
Boots Borehamwood,Suncare,Suncare SPF50+,Eucerin Sun Oil Control Dry Touch Facial Sun Cream For Oily Acne Prone Skin SPF50+ 50ml,50ml,£352.00/L,17.60,,
Boots Borehamwood,Suncare,Suncare SPF50+,"Eucerin Sun Sensitive Protect Face Sun Cream For Sensitive Skin SPF 50+, 50ml",50ml,£418.00/L,20.90,,
Boots Borehamwood,Suncare,Suncare SPF50+,Eucerin Sun dry touch spray SPF50 200ml,200ml,£115.50/L,23.10,,
Boots Borehamwood,Suncare,Suncare SPF50+,Eucerin Sun gel cream sensitive SPF50+ 200ml,200ml,£123.25/L,24.65,,
Boots Borehamwood,Suncare,Suncare SPF50+,Eucerin Sun pigment control tinted lotion SPF50+ 50ml,50ml,£525.00/L,26.25,,
Boots Borehamwood,Suncare,Suncare SPF50+,Eucerin sun allergy protection gel SPF50 200ml,200ml,£129.25/L,25.85,,
Boots Borehamwood,Suncare,Suncare SPF10 - SPF15,Garnier Ambre Solaire SPF15 Ideal Bronze Protective Oil Spray 150ml,150ml,£73.33/L,11.00,,
Boots Borehamwood,Suncare,Suncare SPF50+,Garnier Ambre Solaire Sensitive Advanced Kids Mist SPF50 150ml,150ml,£88.00/L,13.20,,
Boots Borehamwood,Suncare,Suncare SPF50+,Garnier Ambre Solaire Super Uv Daily Face Mist SPF50 75ml,75ml,£146.67/L,11.00,,
Boots Borehamwood,Suncare,Suncare SPF50+,Garnier Ambre Solaire Super Uv Vitamin Cg Facial SPF50+ Fluid 40ml,40ml,£275.00/L,11.00,,
Boots Borehamwood,Suncare,Suncare SPF10 - SPF15,Garnier Classic Perfecting Care All-In-1 Bb Cream SPF15 Light Shade 50ml,50ml,£229.00/L,11.45,,
Boots Borehamwood,Suncare,Suncare SPF10 - SPF15,Garnier Classic Perfecting Care All-In-1 Bb Cream SPF15 Medium Shade 50ml,50ml,£229.00/L,11.45,,
Boots Borehamwood,Suncare,Suncare SPF50+,Garnier Hyaluron Barrier Protect Daily UV Fluid with SPF50+ Approved Cruelty Free Vegan 40ml,40ml,£383.75/L,15.35,,
Boots Borehamwood,Suncare,Suncare SPF20 - SPF30,Garnier Oil-Free Perfecting Care All-In-1 Bb Cream SPF25 Light Shade 50ml,50ml,£229.00/L,11.45,,
Boots Borehamwood,Suncare,Suncare SPF50+,"Garnier Vitamin C Daily UV Brightening Fluid Sheer Glow, SPF50+",40ml,£383.75/L,15.35,,
Boots Borehamwood,Suncare,Suncare SPF50+,"Garnier Vitamin C Daily UV, Invisible Brightening Fluid, SPF50+, Prevents & Corrects Damage, 40ml",40ml,£383.75/L,15.35,,
Boots Borehamwood,Suncare,Suncare SPF50+,Haruharu Wonder Black Rice Moisture Airyfit Daily Sunscreen Spf50+/Pa+ 50ml,50ml,£352.00/L,17.60,,
Boots Borehamwood,Suncare,Suncare SPF20 - SPF30,Hawaiian Tropic Glowing Protection Sunscreen Dry Oil SPF 30 200ml,200ml,£51.25/L,10.25,,
Boots Borehamwood,Suncare,Suncare SPF20 - SPF30,Hawaiian Tropic Glowing Protection Sunscreen Spray SPF 30 180ml,180ml,£116.11/L,20.90,,
Boots Borehamwood,Suncare,Suncare SPF10 - SPF15,Hawaiian Tropic Glowing Protection dry oil continuous spray SPF15 177ml,177ml,£118.08/L,20.90,,
Boots Borehamwood,Suncare,Suncare SPF10 - SPF15,Hawaiian Tropic Glowing Protection tanning spray SPF15 200ml,200ml,£51.25/L,10.25,,
Boots Borehamwood,Suncare,Suncare SPF20 - SPF30,Hawaiian Tropic Hydrating Protection Face Sunscreen Lotion SPF 30 50ml,50ml,£330.00/L,16.50,,
Boots Borehamwood,Suncare,Suncare SPF20 - SPF30,Hawaiian Tropic Hydrating Protection Sunscreen Lotion SPF 30 180ml,180ml,£110.00/L,19.80,,
Boots Borehamwood,Suncare,Suncare SPF10 - SPF15,Hawaiian Tropic Silk Hydration SPF15 180ml,180ml,£110.00/L,19.80,,
Boots Borehamwood,Suncare,Suncare SPF20 - SPF30,Hawaiian Tropic hydrating protection sunscreen spray SPF30 UVA + UVB protection 177ml,177ml,£118.08/L,20.90,,
Boots Borehamwood,Suncare,Suncare SPF20 - SPF30,Hello Sunday the retouch one reapplication mist SPF30 with niacinamide PA+ 75ml,75ml,£280.00/L,21.00,,
Boots Borehamwood,Suncare,Suncare SPF50+,Isle of Paradise sunscreen SPF50 daily defense face mist 59ml,59ml,£462.71/L,27.30,,
Boots Borehamwood,Suncare,Suncare SPF20 - SPF30,L'Oreal Paris Revitalift Filler Glass Skin Hyaluronic Plumping Aqua Fluid SPF30 40ml,40ml,£438.75/L,17.55,,
Boots Borehamwood,Suncare,Suncare SPF50+,La Roche-Posay Anthelios UV sport stick 10g,10g,"£2,100.00/kg",21.00,,
Boots Borehamwood,Suncare,Suncare SPF50+,La Roche-Posay Anthelios UVMUNE 400 Hydrating Cream SPF50+ 50ml,50ml,£472.00/L,23.60,,
Boots Borehamwood,Suncare,Suncare SPF50+,La Roche-Posay Anthelios UVMune 400 Invisible Fluid Non-Perfumed Suncream SPF50+ 50ml,50ml,£441.00/L,22.05,,
Boots Borehamwood,Suncare,Suncare SPF50+,La Roche-Posay Anthelios UVMune 400 Oil Control Invisible Fluid SPF50+ 50ml,50ml,£462.00/L,23.10,,
Boots Borehamwood,Suncare,Suncare SPF50+,La Roche-Posay Anthelios Uvmune 400 Dermo-Pediatric Hydrating Lotion SPF50+ 250ml,250ml,£115.40/L,28.85,,
Boots Borehamwood,Suncare,Suncare SPF50+,La Roche-Posay Anthelios Uvmune 400 Invisible Fluid Tinted SPF50 50ml,50ml,£462.00/L,23.10,,
Boots Borehamwood,Suncare,Suncare SPF20 - SPF30,La Roche-Posay Melamedic Moisturiser SPF30 40ml,40ml,£866.25/L,34.65,,
Boots Borehamwood,Suncare,Suncare SPF50+,Lancaster daily invisible fluid SPF50 glow perfection 40ml,40ml,£971.25/L,38.85,,
Boots Borehamwood,Suncare,Suncare SPF20 - SPF30,Max Factor Miracle Prep 3In1 Beauty Protect Primer SPF30 30ml,30ml,£475.00/L,14.25,,
Boots Borehamwood,Suncare,Suncare SPF50+,Naked Sundays SPF50+ hydrating glow mist and setting spray sunscreen 30ml,30ml,£403.33/L,12.10,,
Boots Borehamwood,Suncare,Suncare SPF50+,Naked Sundays poutscreen SPF50 lip treatment 15ml,15ml,"£1,540.00/L",23.10,,
Boots Borehamwood,Suncare,Suncare SPF50+,Neutrogena Hydro Boost Hydrating Fluid SPF50 Moisturiser With Hyaluronic Acid & Pro-Vitamin B5 & Niacinamide 50ml,50ml,£373.00/L,18.65,,
Boots Borehamwood,Suncare,Suncare SPF10 - SPF15,Nivea 24H Moisture Nourishing Day Cream For Dry & Sensitive Skin SPF15 50ml,50ml,£115.00/L,5.75,,
Boots Borehamwood,Suncare,Suncare SPF10 - SPF15,Nivea 24H Moisture Refreshing Day Cream With Vitamin E For Normal Skin SPF15 50ml,50ml,£105.00/L,5.25,,
Boots Borehamwood,Suncare,Suncare SPF10 - SPF15,Nivea 24H Moisture Tinted Day Cream With Vitamin E Light Skin Tone SPF15 50ml,50ml,£126.00/L,6.30,,
Boots Borehamwood,Suncare,Suncare SPF10 - SPF15,"Nivea Hydro Care Lip Balm SPF15, 4.8g",,,3.40,,
Boots Borehamwood,Suncare,Suncare SPF10 - SPF15,Nivea Lip Balm Soothe & Protect SPF15 For Dry Lips 4.8g,,,4.20,,
Boots Borehamwood,Suncare,Suncare SPF20 - SPF30,Nivea Q10 Power Age Spot Face Cream SPF30 50ml,50ml,£329.00/L,16.45,,
Boots Borehamwood,Suncare,Suncare SPF50+,Nivea Sun Kids Caring Roll-On SPF 50+ 50ml,50ml,£139.00/L,6.95,,
Boots Borehamwood,Suncare,Suncare SPF20 - SPF30,"Nivea Sun Lip Balm With SPF 30, 4.8g",,,5.25,,
Boots Borehamwood,Suncare,Suncare SPF50+,Nivea Sun Protect & Dry Touch Refreshing Sun Cream Mist SPF50 200ml,200ml,£72.50/L,14.50,,
Boots Borehamwood,Suncare,Suncare SPF20 - SPF30,Nivea Sun Protect & Dry Touch Sunscreen Spray SPF30 200ml,200ml,£66.50/L,13.30,,
Boots Borehamwood,Suncare,Suncare SPF20 - SPF30,Nivea Sun Protect & Moisture Suncream Lotion SPF 30 200ml,200ml,£50.00/L,10.00,,
Boots Borehamwood,Suncare,Suncare SPF10 - SPF15,Nivea Sun Protect & Moisture Suncream Spray SPF 15 200ml,200ml,£50.00/L,10.00,,
Boots Borehamwood,Suncare,Suncare SPF20 - SPF30,Nivea Sun Protect & Moisture Suncream Spray SPF 30 200ml,200ml,£50.00/L,10.00,,
Boots Borehamwood,Suncare,Suncare SPF50+,Nivea Sun lotion daily UV face and body kids sensitive SPF50+ 100ml,100ml,£100.00/L,10.00,,
Boots Borehamwood,Suncare,Suncare SPF20 - SPF30,Nivea Sun oil protect and bronze sunscreen SPF30 200ml,200ml,£66.50/L,13.30,,
Boots Borehamwood,Suncare,Suncare SPF50+,Nivea Sun spray sensitive SPF50 200ml,200ml,£59.75/L,11.95,,
Boots Borehamwood,Suncare,Suncare SPF20 - SPF30,No7 Future Renew Day Cream SPF40 50ml,50ml,£797.00/L,39.85,,
Boots Borehamwood,Suncare,Suncare SPF20 - SPF30,No7 Good Intent Glow Guard SPF 30 50ml,50ml,£182.00/L,9.10,,
Boots Borehamwood,Suncare,Suncare SPF10 - SPF15,No7 Hydraluminous+ SPF15 Day Lotion 50ml,50ml,£438.00/L,21.90,,
Boots Borehamwood,Suncare,Suncare SPF10 - SPF15,No7 Lift & Luminate Triple Action Day Cream SPF 15 50ml,50ml,£629.00/L,31.45,,
Boots Borehamwood,Suncare,Suncare SPF10 - SPF15,No7 Men Protect And Perfect Intense Advanced Day Moisturiser SPF15 50ml,50ml,£587.00/L,29.35,,
Boots Borehamwood,Suncare,Suncare SPF10 - SPF15,No7 Protect & Perfect Intense ADVANCED Anti-Ageing Sun Protection Spray SPF 15 200ml,200ml,£82.00/L,16.40,,
Boots Borehamwood,Suncare,Suncare SPF20 - SPF30,No7 Protect & Perfect Intense ADVANCED Anti-Ageing Sun Protection Spray SPF 30 200ml,200ml,£82.00/L,16.40,,
Boots Borehamwood,Suncare,Suncare SPF10 - SPF15,No7 Protect & Perfect Intense ADVANCED Facial Suncare SPF15 50ml,50ml,£328.00/L,16.40,,
Boots Borehamwood,Suncare,Suncare SPF20 - SPF30,No7 Protect & Perfect Intenseadvanced Facial Sun Protection SPF30 50ml,50ml,£328.00/L,16.40,,
Boots Borehamwood,Suncare,Suncare SPF10 - SPF15,No7 Protect And Perfect Hand Cream SPF15 75ml,75ml,£189.33/L,14.20,,
Boots Borehamwood,Suncare,Suncare SPF20 - SPF30,"No7 Pure Retinol, Vitamin C & SPF 30 Day Cream Duo 2x50ml",100ml,£419.50/L,41.95,,
Boots Borehamwood,Suncare,Suncare SPF10 - SPF15,No7 Restore & Renew Face & Neck Multi Action Day Cream SPF15 50ml,50ml,£692.00/L,34.60,,
Boots Borehamwood,Suncare,Suncare SPF10 - SPF15,No7 Shield & Defend City Light Tinted Moisturiser with 5* UVA + SPF 15 50ml,50ml,£328.00/L,16.40,,
Boots Borehamwood,Suncare,Sunglasses,O'neill Sunglasses Sultans - Matte Blue Frame,,,52.50,,
Boots Borehamwood,Suncare,Suncare SPF20 - SPF30,Olay Collagen Peptide SPF30 Day Cream 50ml,50ml,£797.00/L,39.85,,
Boots Borehamwood,Suncare,Suncare SPF10 - SPF15,Olay Complete Moisturise & Glow Day Cream SPF15 50ml,50ml,£308.00/L,15.40,,
Boots Borehamwood,Suncare,Suncare SPF20 - SPF30,Olay Total Effects SPF 30 7 in 1 Anti-Ageing Moisturiser 50ml Our Strongest SPF Protection,50ml,£420.00/L,21.00,,
Boots Borehamwood,Suncare,Suncare SPF20 - SPF30,Olay Vitamin C Anti-Dark Spot SPF30 Day Cream 50ml,50ml,£629.00/L,31.45,,
Boots Borehamwood,Suncare,Suncare SPF10 - SPF15,Piz Buin Allergy Lotion SPF15 200ml,200ml,£54.50/L,10.90,,
Boots Borehamwood,Suncare,Suncare SPF20 - SPF30,Piz Buin Allergy Lotion SPF30 200ml,200ml,£54.50/L,10.90,,
Boots Borehamwood,Suncare,Suncare SPF10 - SPF15,Piz Buin In Sun Moisturising Sun Lotion SPF 15 Medium 200ml,200ml,£43.00/L,8.60,,
Boots Borehamwood,Suncare,Suncare SPF20 - SPF30,Piz Buin In Sun Moisturising Sun Lotion SPF 30 High 200ml,200ml,£40.25/L,8.05,,
Boots Borehamwood,Suncare,Suncare SPF20 - SPF30,Piz Buin Moisturising Aloe Vera Lipstick SPF30 4.9g,,,5.70,,
Boots Borehamwood,Suncare,Suncare SPF10 - SPF15,Piz Buin Protect And Intensify SPF 15,150ml,£72.67/L,10.90,,
Boots Borehamwood,Suncare,Suncare SPF20 - SPF30,Piz Buin Protect And Intensify SPF30,150ml,£72.67/L,10.90,,
Boots Borehamwood,Suncare,Suncare SPF10 - SPF15,Piz Buin Tan & Protect Intensifying Sun Lotion SPF 15 150ml,150ml,£72.67/L,10.90,,
Boots Borehamwood,Suncare,Suncare SPF10 - SPF15,Piz Buin Tan & Protect Oil Spray Medium SPF15 150ml,150ml,£72.67/L,10.90,,
Boots Borehamwood,Suncare,Suncare SPF20 - SPF30,Piz Buin Tan & Protect Tan Accelerating Oil Spray SPF30 High 150ml,150ml,£72.67/L,10.90,,
Boots Borehamwood,Suncare,Suncare SPF20 - SPF30,Riemann P20 Original Sun Cream SPF30 200ml,200ml,£157.25/L,31.45,,
Boots Borehamwood,Suncare,Suncare SPF20 - SPF30,Riemann P20 SPF30 Sensitive Sun Cream 200ml,200ml,£157.25/L,31.45,,
Boots Borehamwood,Suncare,Suncare SPF50+,Riemann P20 SPF50+ Sensitive Sun Cream 200ml,200ml,£157.25/L,31.45,,
Boots Borehamwood,Suncare,Suncare SPF50+,Round Lab Birch Juice Sunscreen SPF50+ PA+ 50ml,50ml,£441.00/L,22.05,,
Boots Borehamwood,Suncare,Suncare SPF50+,Skin1004 Madagascar Centella Hyalu-Cica Water-Fit Sun Serum SPF50+ PA+50ml,50ml,£352.00/L,17.60,,
Boots Borehamwood,Suncare,Suncare SPF50+,Soltan Active Stick SPF50+ 25g,25g,£344.00/kg,8.60,,
Boots Borehamwood,Suncare,Suncare SPF20 - SPF30,Soltan Protect & Moisturise Lotion SPF30 200ml,200ml,£33.00/L,6.60,,
Boots Borehamwood,Suncare,Suncare SPF50+,Soltan Protect & Moisturise Mini Suncare Lotion SPF50+ 50ml,50ml,£110.00/L,5.50,,
Boots Borehamwood,Suncare,Suncare SPF20 - SPF30,Soltan Protect & Moisturise Mini Suncare Spray SPF30 75ml,75ml,£73.33/L,5.50,,
Boots Borehamwood,Suncare,Suncare SPF50+,Soltan Protect & Moisturise Mini Suncare Spray SPF50+ 75ml,75ml,£73.33/L,5.50,,
Boots Borehamwood,Suncare,Suncare SPF50+,Soltan Protect & Moisturise Sun Care Stick SPF50+ 25g,5g,"£1,430.00/kg",7.15,,
Boots Borehamwood,Suncare,Suncare SPF10 - SPF15,Soltan Protect & Moisturise Suncare Lotion SPF15 200ml,200ml,£33.00/L,6.60,,
Boots Borehamwood,Suncare,Suncare SPF10 - SPF15,Soltan Protect & Moisturise Suncare Spray SPF15 200ml,200ml,£33.00/L,6.60,,
Boots Borehamwood,Suncare,Suncare SPF20 - SPF30,Soltan Protect & Moisturise Suncare Spray SPF30 200ml,200ml,£33.00/L,6.60,,
Boots Borehamwood,Suncare,Suncare SPF10 - SPF15,Soltan Protect & Repel Suncare Lotion SPF15 200ml,200ml,£60.50/L,12.10,,
Boots Borehamwood,Suncare,Suncare SPF10 - SPF15,Soltan Protect & Tan Suncare Lotion SPF15 200ml,200ml,£54.50/L,10.90,,
Boots Borehamwood,Suncare,Suncare SPF20 - SPF30,St Moriz suncare SPF30 tinted face sunscreen 50ml,50ml,£183.00/L,9.15,,
Boots Borehamwood,Suncare,Suncare SPF20 - SPF30,Sun Bum Original Broad Spectrum Moisturizing Sun Cream-SPF30 177ml,177ml,£114.69/L,20.30,,
Boots Borehamwood,Suncare,Suncare SPF20 - SPF30,Sun Bum Original Moisturizing Sun Cream Spray SPF30 Vegan Cruelty Free 170g,170g,£129.12/kg,21.95,,
Boots Borehamwood,Suncare,Suncare SPF50+,Sun Bum Original Moisturizing Sun Cream Spray SPF50 Vegan Cruelty Free 170g,170g,£129.12/kg,21.95,,
Boots Borehamwood,Suncare,Suncare SPF20 - SPF30,Sun Bum Original Sun Screen Face Stick SPF 30 Vegan Cruelty Free 13g,13g,"£1,307.69/kg",17.00,,
Boots Borehamwood,Suncare,Suncare SPF20 - SPF30,The Inkey List Polyglutamic Acid Serum SPF30 50ml,50ml,£330.00/L,16.50,,
Boots Borehamwood,Suncare,Suncare SPF50+,Ultrasun UV face and scalp mist SPF50 150ml,150ml,£224.00/L,33.60,,
Boots Borehamwood,Suncare,Suncare SPF50+,Avene Intense Protect Spf50+ for Very Sensitive Skin 150ml,150ml,£168.00/L,25.20,,
Boots Borehamwood,Suncare,Suncare SPF50+,Avene Kids Sun Protection Spray Spf50+ 200ml,200ml,£120.75/L,24.15,,
Boots Borehamwood,Suncare,Suncare SPF50+,Avene Mineral Fluid Spf50 40ml,40g,£630.00/kg,25.20,,
Boots Borehamwood,Suncare,Suncare SPF50+,Avene Sun Protection Spray Spf50 200ml,200ml,£126.00/L,25.20,,
Boots Borehamwood,Suncare,Suncare SPF50+,Avene Ultra Fluid Oil Control Facial SPF50+ 50ml,50ml,£451.00/L,22.55,,
Boots Borehamwood,Suncare,Suncare SPF50+,Avene Ultra Fluid Sun Protection Spf50 50ml,50g,£451.00/kg,22.55,,
Boots Borehamwood,Suncare,Suncare SPF50+,Avene Ultra Fluid Tinted SPF50+ for Normal to Combination Skin 50ml,50ml,£462.00/L,23.10,,
Boots Borehamwood,Suncare,Suncare SPF50+,Avene Very High Protection Spf50+ Cream 50ml,50g,£451.00/kg,22.55,,
Boots Borehamwood,Suncare,Suncare SPF50+,Avene Very High Protection Tinted Mineral Fluid SPF50+ Sun Cream for Intolerant Skin 40ml,40ml,£630.00/L,25.20,,
Boots Borehamwood,Suncare,Suncare SPF50+,Biore UV aqua rich face mist SPF50 60ml,60ml,£329.17/L,19.75,,
Boots Borehamwood,Suncare,Suncare SPF50+,Biore UV aqua rich glowy weightless moisturiser SPF50 50ml,50ml,£395.00/L,19.75,,
Boots Borehamwood,Suncare,Suncare SPF50+,Bondi Sands Everyday Non Tinted Face Fluid SPF50+ 50ml,50ml,£183.00/L,9.15,,
Boots Borehamwood,Suncare,Suncare SPF50+,Bondi Sands Everyday SPF50+ Face Sunscreen Mist 60g,60g,£190.83/kg,11.45,,
Boots Borehamwood,Suncare,Suncare SPF50+,Bondi Sands Everyday SPF50+ Sunscreen Aerosol Mist 160g,160g,£75.31/kg,12.05,,
Boots Borehamwood,Suncare,Suncare SPF50+,Bondi Sands SPF50+ Everyday Tinted Matte Face Lotion 75ml,75ml,£152.67/L,11.45,,
Boots Borehamwood,Suncare,Suncare SPF50+,Bondi Sands SPF50+ Lip Balm Toasted Coconut,10g,£570.00/kg,5.70,,
Boots Borehamwood,Suncare,Suncare SPF50+,Bondi Sands SPF50+ everyday face lotion 75ml,75ml,£152.67/L,11.45,,
Boots Borehamwood,Suncare,Suncare SPF50+,Bondi Sands SPF50+ everyday lotion value pump pack 500ml,500ml,£43.90/L,21.95,,
Boots Borehamwood,Suncare,Suncare SPF50+,Bondi Sands SPF50+ fragrance free face hydrating tinted lotion 75ml,75ml,£152.67/L,11.45,,
Boots Borehamwood,Suncare,Suncare SPF50+,Bondi Sands SPF50+ mango lip balm 10g,10g,£570.00/kg,5.70,,
Boots Borehamwood,Suncare,Suncare SPF50+,Bulldog Anytime Daily moisturiser SPF50 75ml,75ml,£264.00/L,19.80,,
Boots Borehamwood,Suncare,Suncare SPF50+,Byoma Ultralight Face Fluid SPF50 50ml,50ml,£329.00/L,16.45,,
Boots Borehamwood,Suncare,Suncare SPF50+,CeraVe sun hydra sunscreen face fluid SPF50 50ml,50ml,£393.00/L,19.65,,
Boots Borehamwood,Suncare,Suncare SPF50+,CeraVe sun hydrating sunscreen SP50 177ml,177ml,£124.29/L,22.00,,
Boots Borehamwood,Suncare,Suncare SPF50+,Cerave Invisible Dry Touch Fluid Sunscreen SPF50 for Normal to Oily Skin with 3 Essential Ceramides 50ml,50ml,£393.00/L,19.65,,
Boots Borehamwood,Suncare,Suncare SPF50+,Cerave sun hydra sunscreen SPF50 75ml,75ml,£204.67/L,15.35,,
Boots Borehamwood,Suncare,Suncare SPF50+,E45 Sun Body Cream Spray for Sensitive Skin Hydrating Sun Spray with Very High UVA and UVB Protection and SPF 50+ 180ml,180ml,£85.28/L,15.35,,
Boots Borehamwood,Suncare,Suncare SPF50+,"E45 Sun Face Cream For Sensitive Skin, Hydrating Sun Cream With Very High Uva And Uvb Protection And SPF 50+",50ml,£285.00/L,14.25,,
Boots Borehamwood,Suncare,Suncare SPF50+,"Eucerin Sun Anti-Ageing Sun Cream for Face with Hyaluronic Acid SPF50+, 50ml",50ml,£420.00/L,21.00,,
Boots Borehamwood,Suncare,Suncare SPF50+,Eucerin Sun Oil Control Ultra-Light Daily Face Serum SPF50+ 30ml,30ml,"£1,015.00/L",30.45,,
Boots Borehamwood,Suncare,Suncare SPF50+,Eucerin Sun Pigment Control SPF50 50ml,50ml,£373.00/L,18.65,,
Boots Borehamwood,Suncare,Suncare SPF50+,Eucerin Sun fluid ultra light SPF50+ 50ml,50ml,£420.00/L,21.00,,
Boots Borehamwood,Suncare,Suncare SPF50+,Garnier Ambre Solaire Hydra 24H Protect Lotion SPF 50+ 400ml,400ml,£31.63/L,12.65,,
Boots Borehamwood,Suncare,Suncare SPF50+,Garnier Ambre Solaire Hydra 24H Protect SPF50 Sun Cream Lotion 175ml,175ml,£62.86/L,11.00,,
Boots Borehamwood,Suncare,Suncare SPF50+,Garnier Ambre Solaire Hydra 24H Protect SPF50 Sun Cream Spray 150ml,150ml,£73.33/L,11.00,,
Boots Borehamwood,Suncare,Suncare SPF50+,Garnier Ambre Solaire Ideal Bronze Sun Cream Milk-in Spray SPF50 150ml,150ml,£73.33/L,11.00,,
Boots Borehamwood,Suncare,Suncare SPF50+,Garnier Ambre Solaire Ideal Bronze Sun Cream Tanning Mist SPF 50 150ml,150ml,£73.33/L,11.00,,
Boots Borehamwood,Suncare,Suncare SPF50+,Garnier Ambre Solaire Kids Sensitive Advanced Sun Cream Travel Mini SPF50+ 50ml,50ml,£172.00/L,8.60,,
Boots Borehamwood,Suncare,Suncare SPF50+,Garnier Ambre Solaire SPF 50 Super UV Anti-Age Face Sun Cream 50ml,50ml,£220.00/L,11.00,,
Boots Borehamwood,Suncare,Suncare SPF50+,Garnier Ambre Solaire SPF 50+ Kids Sensitive Advanced Sun Cream 175ml,175ml,£75.43/L,13.20,,
Boots Borehamwood,Suncare,Suncare SPF50+,Garnier Ambre Solaire SPF 50+ Kids Sensitive Advanced Sun Cream Spray 150ml,150ml,£88.00/L,13.20,,
Boots Borehamwood,Suncare,Suncare SPF50+,Garnier Ambre Solaire SPF 50+ Sensitive Advanced Dry Mist Sun Spray 150ml,150ml,£88.00/L,13.20,,
Boots Borehamwood,Suncare,Suncare SPF50+,Garnier Ambre Solaire SPF 50+ Sensitive Advanced Sun Cream Face & Body Serum 125ml,125ml,£168.00/L,21.00,,
Boots Borehamwood,Suncare,Suncare SPF50+,Garnier Ambre Solaire SPF 50+ Sensitive Advanced Sun Cream Spray 150ml,150ml,£88.00/L,13.20,,
Boots Borehamwood,Suncare,Suncare SPF50+,Garnier Ambre Solaire SPF 50+ Sensitive Advanced Sun Protection Cream 175ml,175ml,£75.43/L,13.20,,
Boots Borehamwood,Suncare,Suncare SPF50+,Garnier Ambre Solaire SPF 50+ Super Uv Invisible Face Serum 30ml,30ml,£366.67/L,11.00,,
Boots Borehamwood,Suncare,Suncare SPF50+,Garnier Ambre Solaire Sensitive Advanced Kids Colored Roll-on SPF50 50ml?,50ml,£220.00/L,11.00,,
Boots Borehamwood,Suncare,Suncare SPF50+,Garnier Ambre Solaire Sensitive Advanced SPF50 Hydrating Sun Protection Water 150ml,150ml,£88.00/L,13.20,,
Boots Borehamwood,Suncare,Suncare SPF50+,Garnier Ambre Solaire Super UV Face SPF50 Refreshing Water Sun Protection Fluid Glow? 40ml,40ml,£275.00/L,11.00,,
Boots Borehamwood,Suncare,Suncare SPF50+,Garnier Ambre Solaire Super UV Face SPF50 Refreshing Water Sun Protection Fluid Invisible 40ml,40ml,£275.00/L,11.00,,
Boots Borehamwood,Suncare,Suncare SPF50+,Garnier Ambre Solaire Super UV SPF50+ Niacinamide Sun Protection Face Fluid 40ml,40ml,£275.00/L,11.00,,
Boots Borehamwood,Suncare,Suncare SPF50+,Garnier Ambre Solaire super UV face stick SPF50 51g,51g,£215.69/kg,11.00,,
Boots Borehamwood,Suncare,Suncare SPF50+,"Garnier Daily UV Niacinamide, BHA & AHA, Invisible + Matte - Anti-Imperfection Fluid SPF50+, 40ml",40ml,£383.75/L,15.35,,
Boots Borehamwood,Suncare,Suncare SPF50+,Garnier Vitamin C Brightening Over Make-Up UV Sun Cream Mist Invisible Protection SPF50+ 75ml,75ml,£204.67/L,15.35,,
Boots Borehamwood,Suncare,Suncare SPF50+,Habi Sunny Shield SPF40 Lotion 50ml,50ml,£161.00/L,8.05,,
Boots Borehamwood,Suncare,Suncare SPF50+,Hawaiian Tropic Glowing Protection face SPF50 50ml,50ml,£172.00/L,8.60,,
Boots Borehamwood,Suncare,Suncare SPF50+,Hawaiian Tropic Hydrating Protection Sunscreen Lotion SPF 50 180ml,180ml,£110.00/L,19.80,,
Boots Borehamwood,Suncare,Suncare SPF50+,Hawaiian Tropic Hydrating Protection sunscreen spray SPF50 UVA and UVB protection 220ml,220ml,£95.00/L,20.90,,
Boots Borehamwood,Suncare,Suncare SPF50+,Hawaiian tropic mini trio classic travel set,,,25.20,,
Boots Borehamwood,Suncare,Suncare SPF50+,Hello Sunday Mauve SPF50 Tinted Balm,15ml,£806.67/L,12.10,,
Boots Borehamwood,Suncare,Suncare SPF50+,Hello Sunday The Everyday One Face Moisturiser Sunscreen SPF50 50ml,50ml,£396.00/L,19.80,,
Boots Borehamwood,Suncare,Suncare SPF50+,Hello Sunday The Everyday One Mineral SPF50 Non-Comedogenic Moisturiser 70ml,70ml,£360.00/L,25.20,,
Boots Borehamwood,Suncare,Suncare SPF50+,Hello Sunday The Illuminating One Glow Primer SPF50 50ml,50ml,£504.00/L,25.20,,
Boots Borehamwood,Suncare,Suncare SPF50+,Hello Sunday The One for Your Lips Lipbalm SPF50 15m,15ml,£690.00/L,10.35,,
Boots Borehamwood,Suncare,Suncare SPF50+,Hello Sunday The Rose One - Tinted Lip Balm SPF50 - 15ml,15ml,£806.67/L,12.10,,
Boots Borehamwood,Suncare,Suncare SPF50+,Isle Of Paradise Sunscreen spf50 Daily Defense Body Mist 177ml,177ml,£160.17/L,28.35,,
Boots Borehamwood,Suncare,Suncare SPF50+,Isle Of Paradise Sunscreen spf50 Daily Defense Face Fluid 50ml,50ml,£546.00/L,27.30,,
Boots Borehamwood,Suncare,Suncare SPF50+,L'Oreal Men Expert Hydra Energetic Daily SPF50+ Invisible Fluid 50ml,50ml,£439.00/L,21.95,,
Boots Borehamwood,Suncare,Suncare SPF50+,L'Oreal Paris Bright Reveal Dark Spot UV Fluid SPF 50+ Niacinamide 50ml,50ml,£439.00/L,21.95,,
Boots Borehamwood,Suncare,Suncare SPF50+,L'Oreal Paris Bright Reveal UV Fluid Tinted Glow Bronze SPF50+ 50ml,50ml,£461.00/L,23.05,,
Boots Borehamwood,Suncare,Suncare SPF50+,L'Oreal Paris Bright Reveal UV Fluid Tinted Glow Pearl SPF50+ 50ml,50ml,£461.00/L,23.05,,
Boots Borehamwood,Suncare,Suncare SPF50+,La Roche Posay Anthelios Hydrating Body Lotion SPF50+ 250ml,250ml,£113.40/L,28.35,,
Boots Borehamwood,Suncare,Suncare SPF50+,La Roche-Posay Anthelios Age Correct SPF50+,50ml,£714.00/L,35.70,,
Boots Borehamwood,Suncare,Suncare SPF50+,La Roche-Posay Anthelios Anti-Shine Sun Cream Gel SPF50 50ml,50ml,£472.00/L,23.60,,
Boots Borehamwood,Suncare,Suncare SPF50+,La Roche-Posay Anthelios Invisible Sun Protection Spray SPF 50+ 200ml,200ml,£125.50/L,25.10,,
Boots Borehamwood,Suncare,Suncare SPF50+,La Roche-Posay Anthelios Sun Protection Face Mist 75ml,75ml,£278.67/L,20.90,,
Boots Borehamwood,Suncare,Suncare SPF50+,La Roche-Posay Anthelios Suncare Ultra-Light Body Mist Spray SPF50+ 200ml,200ml,£144.25/L,28.85,,
Boots Borehamwood,Suncare,Suncare SPF50+,La Roche-Posay Anthelios UVAir SPF50 Tinted Deep 50ml,50ml,£567.00/L,28.35,,
Boots Borehamwood,Suncare,Suncare SPF50+,La Roche-Posay Anthelios UVAir SPF50 Tinted Light 50ml,50ml,£567.00/L,28.35,,
Boots Borehamwood,Suncare,Suncare SPF50+,La Roche-Posay Anthelios UVAir SPF50 Tinted Medium 50ml,50ml,£567.00/L,28.35,,
Boots Borehamwood,Suncare,Suncare SPF50+,La Roche-Posay Anthelios UVAir SPF50+ Vitamin Sun Stick 10ml,10g,"£2,090.00/kg",20.90,,
Boots Borehamwood,Suncare,Suncare SPF50+,La Roche-Posay Anthelios UVMUNE 400 Dermo-Pediatrics Ultra Light Invisible Fluid SPF50+ 50ml,50ml,£462.00/L,23.10,,
Boots Borehamwood,Suncare,Suncare SPF50+,La Roche-Posay Anthelios UVMUNE 400 Face & Body Hydrating Milk SPF50+150ml,150ml,£168.00/L,25.20,,
Boots Borehamwood,Suncare,Suncare SPF50+,La Roche-Posay Anthelios Uvmone 400 Dermo-Pediatrics Invisible Spray SPF50+ 200ml,200ml,£133.75/L,26.75,,
Boots Borehamwood,Suncare,Suncare SPF50+,La Roche-Posay Anthelios Uvmune Anti Pigmentation Fluid SPF50+ 50ml,50ml,£462.00/L,23.10,,
Boots Borehamwood,Suncare,Suncare SPF50+,La Roche-Posay Anthelios pro sport mist SPF50+ 200ml,200ml,£147.00/L,29.40,,
Boots Borehamwood,Suncare,Suncare SPF50+,La Roche-Posay anthelios UV air vitamin sun mist SPF50+ 200ml,200ml,£147.00/L,29.40,,
Boots Borehamwood,Suncare,Suncare SPF50+,Lancaster Sun Beauty Body Milk SPF50 175ml,175ml,£204.00/L,35.70,,
Boots Borehamwood,Suncare,Suncare SPF50+,Lancaster Sun Beauty Dry Body Oil SPF50 150ml,150ml,£238.00/L,35.70,,
Boots Borehamwood,Suncare,Suncare SPF50+,Lancaster Sun Beauty Face Cream SPF50 50ml,50ml,£630.00/L,31.50,,
Boots Borehamwood,Suncare,Suncare SPF50+,Lancaster Sun Beauty sun protective water SPF50 150ml,150ml,£238.00/L,35.70,,
Boots Borehamwood,Suncare,Suncare SPF50+,Lancaster Sun Perfect Sun Illuminating Cream SPF50,50ml,£882.00/L,44.10,,
Boots Borehamwood,Suncare,Suncare SPF50+,Lancaster Sun Perfect unifying serum spf50 30ml,30ml,"£1,400.00/L",42.00,,
Boots Borehamwood,Suncare,Suncare SPF50+,Lancaster daily invisible fluid SPF50 hydra perfection 40ml,40ml,£971.25/L,38.85,,
Boots Borehamwood,Suncare,Suncare SPF50+,Naked Sundays CabanaClear Water Gel Serum SPF50 30ml,30ml,£875.00/L,26.25,,
Boots Borehamwood,Suncare,Suncare SPF50+,Naked Sundays Hydrating Glow Face Mist Top Up SPF50+ 75ml,75ml,£392.00/L,29.40,,
Boots Borehamwood,Suncare,Suncare SPF50+,Naked Sundays SPF50 glow getter mini kit,,,29.40,,
Boots Borehamwood,Suncare,Suncare SPF50+,Naked Sundays beautybarrier priming lotion SPF50 50ml,50ml,£630.00/L,31.50,,
Boots Borehamwood,Suncare,Suncare SPF50+,Naked Sundays cabanaglow mineral glow drops SPF50 sunscreen in Illuminating 40ml,40ml,£735.00/L,29.40,,
Boots Borehamwood,Suncare,Suncare SPF50+,Neutrogena Ultra Sheer Invisible Cream Sunscreen Hydration SPF50 50ml,50ml,£373.00/L,18.65,,
Boots Borehamwood,Suncare,Suncare SPF50+,Neutrogena Ultra Sheer Invisible Fluid Sunscreen Hydration SPF50 50ml,50ml,£373.00/L,18.65,,
Boots Borehamwood,Suncare,Suncare SPF50+,Neutrogena Ultra Sheer Invisible Fluid Sunscreen Oil Control SPF50+ 50ml,50ml,£373.00/L,18.65,,
Boots Borehamwood,Suncare,Suncare SPF50+,Neutrogena Ultra Sheer Invisible Hydrating Body Lotion Sunscreen SPF50 200ml,200ml,£109.75/L,21.95,,
Boots Borehamwood,Suncare,Suncare SPF50+,Nip+Fab vitamin C fix SPF50 glow moisturiser 50ml,50ml,£629.00/L,31.45,,
Boots Borehamwood,Suncare,Suncare SPF50+,Nivea Sun Babies & Kids Protect & Sensitive Sun Cream Lotion SPF50+ 200ml,200ml,£59.25/L,11.85,,
Boots Borehamwood,Suncare,Suncare SPF50+,Nivea Sun Kids Coloured Suncream Spray SPF50+ 200ml,200ml,£50.00/L,10.00,,
Boots Borehamwood,Suncare,Suncare SPF50+,Nivea Sun Kids Protect & Care Sun Cream to Go SPF50+ 50ml Travel Size,50ml,£115.00/L,5.75,,
Boots Borehamwood,Suncare,Suncare SPF50+,Nivea Sun Kids Protect & Care Suncream Lotion SPF 50+ 200ml,200ml,£50.00/L,10.00,,
Boots Borehamwood,Suncare,Suncare SPF50+,Nivea Sun Kids Protect & Care Trigger Sun Spray SPF 50+ 250ml,250ml,£59.40/L,14.85,,
Boots Borehamwood,Suncare,Suncare SPF50+,Nivea Sun Kids Sensitive Sun Cream Roll-on SPF50+ 50ml,50ml,£153.00/L,7.65,,
Boots Borehamwood,Suncare,Suncare SPF50+,Nivea Sun Luminous 630 Sun Fluid SPF50 40ml,40ml,£308.75/L,12.35,,
Boots Borehamwood,Suncare,Suncare SPF50+,Nivea Sun Protect & Dry Touch Sunscreen Spray SPF50 200ml,200ml,£66.50/L,13.30,,
Boots Borehamwood,Suncare,Suncare SPF50+,Nivea Sun Protect & Moisture Invisible Finish Sun Cream Lotion SPF50+ 150ml,150ml,£66.67/L,10.00,,
Boots Borehamwood,Suncare,Suncare SPF50+,Nivea Sun Protect & Moisture Sun Cream Spray SPF50+ 200ml,200ml,£50.00/L,10.00,,
Boots Borehamwood,Suncare,Suncare SPF50+,Nivea Sun Protect & Moisture Suncream Lotion SPF 50+ 200ml,200ml,£50.00/L,10.00,,
Boots Borehamwood,Suncare,Suncare SPF50+,Nivea Sun Sensitive Immediate Protect Allergy Sun Spray SPF50+ 200ml,200ml,£59.75/L,11.95,,
Boots Borehamwood,Suncare,Suncare SPF50+,Nivea Sun UV Face 2in1 Daily Primer Face Serum SPF50+ 30ml,30ml,£366.67/L,11.00,,
Boots Borehamwood,Suncare,Suncare SPF50+,Nivea Sun UV Face Soothing Sensitive Sun Cream SPF50 40ml,40ml,£243.75/L,9.75,,
Boots Borehamwood,Suncare,Suncare SPF50+,Nivea Sun UV Face Specialist Triple Protect Sun Cream Fluid SPF50+ 40ml,40ml,£275.00/L,11.00,,
Boots Borehamwood,Suncare,Suncare SPF50+,Nivea Sun UV Invisible Daily Face Sun Fluid + Anti-Oxidants SPF50+ 40ml,40ml,£275.00/L,11.00,,
Boots Borehamwood,Suncare,Suncare SPF50+,"Nivea Sun UV Ultra Light SPF50+ Tinted Daily Face Fluid, Light, 40ml",40ml,£275.00/L,11.00,,
Boots Borehamwood,Suncare,Suncare SPF50+,"Nivea Sun UV Ultra Light SPF50+ Tinted Daily Face Fluid, Medium, 40ml",40ml,£275.00/L,11.00,,
Boots Borehamwood,Suncare,Suncare SPF50+,Nivea Sun UV face satin UV stick SPF 50 15g,15g,£690.00/kg,10.35,,
Boots Borehamwood,Suncare,Suncare SPF50+,Nivea Sun Uv Face Derma Blemish Control Anti-Blemish Complex Sun Fluid SPF50+ 40ml,40ml,£275.00/L,11.00,,
Boots Borehamwood,Suncare,Suncare SPF50+,No7 Future Renew Uv Defence Shield SPF 50 50ml,50ml,£524.00/L,26.20,,
Boots Borehamwood,Suncare,Suncare SPF50+,No7 Protect & Perfect Intense Advanced Facial Sun Protection SPF50 50ml,50ml,£328.00/L,16.40,,
Boots Borehamwood,Suncare,Suncare SPF50+,P20 Original Sunscreen Spf50+ Spray 85ml,85ml,£219.41/L,18.65,,
Boots Borehamwood,Suncare,Suncare SPF50+,Piz Buin Allergy Lotion SPF50+ 200ml,200ml,£51.75/L,10.35,,
Boots Borehamwood,Suncare,Suncare SPF50+,Piz Buin Allergy Sun Sensitive Face Cream SPF50+ 50ml,50ml,£229.00/L,11.45,,
Boots Borehamwood,Suncare,Suncare SPF50+,Piz Buin Allergy Sun Sensitive Skin Lotion SPF50+ 400ml,400ml,£46.63/L,18.65,,
Boots Borehamwood,Suncare,Suncare SPF50+,Piz Buin Moisturising Sun Lotion SPF 50+ 200ml,200ml,£40.25/L,8.05,,
Boots Borehamwood,Suncare,Suncare SPF50+,Riemann P20 Hyperpigmentation Face SPF50+ Sun Cream 50g,50g,£609.00/kg,30.45,,
Boots Borehamwood,Suncare,Suncare SPF50+,Riemann P20 Original SPF50+ Sun Cream Spray 100ml,100ml,£219.50/L,21.95,,
Boots Borehamwood,Suncare,Suncare SPF50+,Riemann P20 Original Sun Cream SPF50+ 200ml,200ml,£157.25/L,31.45,,
Boots Borehamwood,Suncare,Suncare SPF50+,Riemann P20 SPF50+ Suncream For Kids 200ml,200ml,£157.25/L,31.45,,
Boots Borehamwood,Suncare,Suncare SPF50+,Riemann P20 Sensitive Face SPF50+ Sun Cream 50g,50g,£524.00/kg,26.20,,
Boots Borehamwood,Suncare,Suncare SPF50+,Riemann P20 Sensitive SPF50+ Sun Cream 100ml,100ml,£219.50/L,21.95,,
Boots Borehamwood,Suncare,Suncare SPF50+,Riemann P20 Urban Shield Face SPF50+ Sun Cream 50g,50g,£609.00/kg,30.45,,
Boots Borehamwood,Suncare,Suncare SPF50+,Solar Buddies Sun Cream Applicator Blue,,,9.15,,
Boots Borehamwood,Suncare,Suncare SPF50+,Solar Buddies Sun Cream Applicator Pink,,,9.15,,
Boots Borehamwood,Suncare,Suncare SPF50+,Soltan Active 8 Hour Protect 2-in-1 Suncare Lotion & Balm SPF50+ 20ml,20ml,£430.00/L,8.60,,
Boots Borehamwood,Suncare,Suncare SPF50+,Soltan Active Mini Spray SPF50 50ml,50ml,£172.00/L,8.60,,
Boots Borehamwood,Suncare,Suncare SPF50+,Soltan Family Essentials Mini Travel Pack,,,14.30,,
Boots Borehamwood,Suncare,Suncare SPF50+,Soltan Hydrating Sensitive Protect Facial Suncare with Niacinamide SPF50 50ml,50ml,£242.00/L,12.10,,
Boots Borehamwood,Suncare,Suncare SPF50+,Soltan Kids Once 8hr Protect & Play Suncare Lotion SPF50+ 200ml,200ml,£77.00/L,15.40,,
Boots Borehamwood,Suncare,Suncare SPF50+,Soltan Kids Protect & Moisturise Roll on Lotion Spf50+ 50ml,50ml,£115.00/L,5.75,,
Boots Borehamwood,Suncare,Suncare SPF50+,Soltan Kids Protect & Moisturise Suncare Lotion SPF50+ 200ml,200ml,£33.00/L,6.60,,
Boots Borehamwood,Suncare,Suncare SPF50+,Soltan Kids Sensitive & Sun Allergy Protect Suncare Spray SPF50+ 200ml,200ml,£48.75/L,9.75,,
Boots Borehamwood,Suncare,Suncare SPF50+,Soltan Once Advanced 8 Hour Protect Suncare Lotion SPF50+ 200ml,200ml,£77.00/L,15.40,,
Boots Borehamwood,Suncare,Suncare SPF50+,Soltan Once Advanced 8 Hour Protect Suncare Spray SPF50+ 200ml,200ml,£77.00/L,15.40,,
Boots Borehamwood,Suncare,Suncare SPF50+,Soltan Once Age Defence 8hr Protect Facial Suncare with Hyaluronic Acid SPF50 50ml,50ml,£286.00/L,14.30,,
Boots Borehamwood,Suncare,Suncare SPF50+,Soltan Protect & Moisturise Brightening Facial Suncare Lotion with Vitamin C SPF50 50ml,50ml,£195.00/L,9.75,,
Boots Borehamwood,Suncare,Suncare SPF50+,Soltan Protect & Moisturise Lotion SPF50+ 200ml,200ml,£33.00/L,6.60,,
Boots Borehamwood,Suncare,Suncare SPF50+,Soltan Protect & Moisturise Suncare Spray SPF50+ 200ml,200ml,£33.00/L,6.60,,
Boots Borehamwood,Suncare,Suncare SPF50+,Soltan Protect & Repel Suncare Lotion SPF50+ 200ml,200ml,£60.50/L,12.10,,
Boots Borehamwood,Suncare,Suncare SPF50+,Soltan Sensitive & Sun Allergy Protect Suncare Lotion SPF50+ 200ml,200ml,£48.75/L,9.75,,
Boots Borehamwood,Suncare,Suncare SPF50+,St Moriz suncare SPF50 sunscreen face spray 100ml,100ml,£114.50/L,11.45,,
Boots Borehamwood,Suncare,Suncare SPF50+,St Moriz suncare SPF50 tinted face sunscreen 50ml,50ml,£183.00/L,9.15,,
Boots Borehamwood,Suncare,Suncare SPF50+,St.Moriz Suncare SPF50 Face Sunscreen 100ml,100ml,£114.50/L,11.45,,
Boots Borehamwood,Suncare,Suncare SPF50+,Sun Bum Face Mist SPF50 100ml,100ml,£241.00/L,24.10,,
Boots Borehamwood,Suncare,Suncare SPF50+,Sun Bum Original Broad Spectrum Moisturizing Facial Sun Cream-SPF50 88ml,88ml,£236.93/L,20.85,,
Boots Borehamwood,Suncare,Suncare SPF50+,Sun Bum Original Broad Spectrum Moisturizing Sun Cream SPF50 177ml,177ml,£114.69/L,20.30,,
Boots Borehamwood,Suncare,Suncare SPF50+,Sun Bum Original SPF50 Roll-On Lotion 88ml,88ml,£250.00/L,22.00,,
Boots Borehamwood,Suncare,Suncare SPF50+,Thank You Farmer Sun Project Skin Relief Sun Cream SPF50+ PA++++ 50ml,50ml,£396.00/L,19.80,,
Boots Borehamwood,Suncare,Suncare SPF50+,The Ordinary Uv Filters SPF 45 Serum 60ml,60ml,£289.17/L,17.35,,
Boots Borehamwood,Suncare,Suncare SPF50+,Ultrasun 50+spf Face Sun Protection 50ml,50ml,£567.00/L,28.35,,
Boots Borehamwood,Suncare,Suncare SPF50+,Ultrasun Extreme 50+spf Sun Protection 150ml,150ml,£231.00/L,34.65,,
Boots Borehamwood,Suncare,Suncare SPF50+,Ultrasun Face Fluid Sun Protection Anti Pigmentation SPF50+ 40ml,40ml,£761.25/L,30.45,,
Boots Borehamwood,Suncare,Suncare SPF50+,Ultrasun Face Sun Protection SPF50 UV Face & Scalp Mist 75ml,75ml,£308.00/L,23.10,,
Boots Borehamwood,Suncare,Suncare SPF50+,Ultrasun Face Sun Protection SPF50+ 25ml,25ml,£594.00/L,14.85,,
Boots Borehamwood,Suncare,Suncare SPF50+,Ultrasun Family Sun Protection Wet Skin Spray SPF50 200ml,200ml,£168.00/L,33.60,,
Boots Borehamwood,Suncare,Suncare SPF50+,Ultrasun SPF50 Lip Protection 4.8g,,,12.10,,
Boots Borehamwood,Suncare,Suncare SPF50+,Ultrasun SPF50+ Tinted Face Fluid 50ml,50ml,£609.00/L,30.45,,
Boots Borehamwood,Suncare,Suncare SPF50+,Ultrasun Sun Stick Sun Protection SPF50+ 10g,10g,"£1,650.00/kg",16.50,,
Boots Borehamwood,Suncare,Suncare SPF50+,Ultrasun sports gel SPF50 200ml,200ml,£157.50/L,31.50,,
Boots Borehamwood,Suncare,Suncare SPF50+,Uvistat Lipscreen SPF 50 5g,5g,"£1,270.00/kg",6.35,,
Boots Borehamwood,Suncare,Suncare SPF50+,Vichy Capital Soleil Anti-Ageing 3-In-1 Daily Sun Protection Cream SPF50 50ml,50ml,£429.00/L,21.45,,
Boots Borehamwood,Suncare,Suncare SPF50+,Vichy Capital Soleil CELL Protect Oil SPF50+,200ml,£144.25/L,28.85,,
Boots Borehamwood,Suncare,Suncare SPF50+,Vichy Capital Soleil Hydrating Fresh Sun Protection Milk SPF50+ for Face & Body 300ml,300ml,£75.17/L,22.55,,
Boots Borehamwood,Suncare,Suncare SPF50+,Vichy Capital Soleil Hydrating Sun Protection Water Spray SPF50 with Hyaluronic Acid 200ml,200ml,£115.50/L,23.10,,
Boots Borehamwood,Suncare,Suncare SPF50+,Vichy Capital Soleil Tan Illuminating Sun Protection Water Spray SPF50 200ml,200ml,£115.50/L,23.10,,
Boots Borehamwood,Suncare,Suncare SPF50+,Vichy Ideal Soleil Mattifying Face Dry Touch Sun Cream SPF50 50ml,50ml,£429.00/L,21.45,,
Boots Borehamwood,Suncare,Suncare SPF50+,Vichy capital soleil UV aqua hydrating invisible body spray SPF50 200ml,200ml,£147.00/L,29.40,,
Boots Borehamwood,Tissues & Wipes,Tissues,Boots Balsam Single Pocket Tissues 10 Pack,10pk,£0.05 each,0.50,,
Boots Borehamwood,Tissues & Wipes,Tissues,Boots Balsam Tissues Multi Pack 4Ply,60pk,£0.02 each,1.10,,
Boots Borehamwood,Tissues & Wipes,Tissues,Boots Everyday White Tissues 2Ply,100pk,£0.01 each,1.10,,
Boots Borehamwood,Tissues & Wipes,Tissues,Boots Multi Pocket Tissues 6 Pack,6pk,£0.18 each,1.10,,
Boots Borehamwood,Tissues & Wipes,Tissues,Boots Soft Tissues 4 Ply Pocket Pack Single,10pk,£0.05 each,0.50,,
Boots Borehamwood,Tissues & Wipes,Tissues,Boots Ultra Soft Tissues 3Ply Brush Cube 55 Pack,55pk,£0.02 each,0.90,,
Boots Borehamwood,Tissues & Wipes,Tissues,Kleenex Balsam Regular Tissues 64 Pack,64pk,£0.04 each,2.30,,
Boots Borehamwood,Tissues & Wipes,Tissues,Kleenex Balsam Single Pocket Pack Tissues 9s,9pk,£0.02 each,0.15,,
Boots Borehamwood,Tissues & Wipes,Tissues,Kleenex Balsam Tissues - 2 Pocket Tissues,,,1.35,,
Boots Borehamwood,Tissues & Wipes,Tissues,Kleenex Balsam Tissues 8 Pocket Tissues,8pk,£0.30 each,2.40,,
Boots Borehamwood,Tissues & Wipes,Tissues,Kleenex Easy Breathe Pocket Pack Tissues 9 Pack 6 Pack,54pk,£0.04 each,2.30,,
Boots Borehamwood,Tissues & Wipes,Tissues,Kleenex Easy Breathe Tissues Single Standard Box 56 Pack,56pk,£0.05 each,2.55,,
Boots Borehamwood,Tissues & Wipes,Tissues,Kleenex Extra Large Tissues - 2 Compact Boxes,44pk,£0.07 each,3.15,,
Boots Borehamwood,Tissues & Wipes,Tissues,Kleenex Mr Doodle Design Cube Tissues 48s,48pk,£0.02 each,1.15,,
Boots Borehamwood,Tissues & Wipes,Tissues,Milton Anti-Bacterial Surface Wipes x30,30pk,£0.11 each,3.30,,
Boots Borehamwood,Tissues & Wipes,Tissues,Wet Ones Be Fresh Biodegradable Antibacterial Wipes 12 Packs,12pk,£0.13 each,1.50,,
Boots Borehamwood,Tissues & Wipes,Toilet Wipes,Andrex Classic Clean Washlets 36 Pack,36pk,£0.05 each,1.70,,
Boots Borehamwood,Tissues & Wipes,Wipes,Boots Biodegradable Antibacterial Handy Wipes 40 Pack,40pk,£0.05 each,1.80,,
Boots Borehamwood,Tissues & Wipes,Wipes,Mylee 2-in-1 Nail Prep & Wipe for Gel Polish 250ml,250ml,£34.40/L,8.60,,
Boots Borehamwood,Tissues & Wipes,Wipes,Waterwipes On The Go Wipes (10 Wipes),10pk,£0.17 each,1.70,,
Boots Borehamwood,Tissues & Wipes,Wipes,"Wet Ones 'Be Gentle' Biodegradable Antibacterial Hand Wipes, 12 Pack",12pk,£0.13 each,1.60,,
Boots Borehamwood,Tissues & Wipes,Wipes,Wet Ones Be Fresh Biodegradable Antibacterial Hand & Body Wipes 40 Pack,40pk,£0.06 each,2.30,,
Boots Borehamwood,Tissues & Wipes,Wipes,Wet Ones Be Gentle Biodegradable Antibacterial Hand Wipes 40 Pack,40pk,£0.06 each,2.30,,
Boots Borehamwood,Tissues & Wipes,Wipes,Wet Ones Be Zingy Biodegradable Antibacterial Wipes 12 Packs,12pk,£0.13 each,1.50,,
Boots Borehamwood,Travel,Earplugs,Alpine Partyplug Transparent Earplugs 1 Pair,,,14.20,,
Boots Borehamwood,Travel,Earplugs,Alpine Sleep Deep Medium Sleeping Earplugs Pair,1pk,£14.20 each,14.20,,
Boots Borehamwood,Travel,Earplugs,Alpine Sleep Deep Multi Size Sleeping Earplugs Pairs 3s,3pk,£6.57 each,19.70,,
Boots Borehamwood,Travel,Earplugs,Alpine SleepDeep Multi Size Sleeping Earplugs,2pk,£9.85 each,19.70,,
Boots Borehamwood,Travel,Earplugs,Alpine Sleepdeep Sleeping Earplugs 1 Pair,,,14.20,,
Boots Borehamwood,Travel,Earplugs,Bioears Soft Silicone Earplugs With Activ Aloe - 3 Pairs,3pk,£2.12 each,6.35,,
Boots Borehamwood,Travel,Earplugs,Boots Earplugs Flight 2 Pack,,,4.50,,
Boots Borehamwood,Travel,Earplugs,Boots Foam Earplugs - 3 Pairs,3pk,£0.93 each,2.80,,
Boots Borehamwood,Travel,Earplugs,Boots Mouldable Wax Earplugs - 30 Pairs,30pk,£0.33 each,9.75,,
Boots Borehamwood,Travel,Earplugs,Boots Silicone Ear Plugs 6s,,,3.50,,
Boots Borehamwood,Travel,Earplugs,Boots Soft Disposable Foam Earplugs - 20 Pairs,20pk,£0.35 each,7.00,,
Boots Borehamwood,Travel,Earplugs,Boots Soft Silicone Earplugs 3 Pack,3pk,£1.50 each,4.50,,
Boots Borehamwood,Travel,Earplugs,Wellthy by Boots Sleep Earplugs Pair,,,15.00,,
Boots Borehamwood,Travel,Insect Repellent,Boots Repel Holiday & Home 50% Icaridin & Pmd Aerosol 125ml,125ml,£67.92/L,8.49,,2 for 25% off
Boots Borehamwood,Travel,Insect Repellent,Boots Repel Holiday And Home Aerosol 50ml,50ml,£89.80/L,4.49,,2 for 25% off
Boots Borehamwood,Travel,Insect Repellent,Boots Repel Maximum 50% Deet & Pmd Roll-on 50ml,50ml,£126.00/L,6.30,,2 for 25% off
Boots Borehamwood,Travel,Insect Repellent,Boots Repel Maximum Deet & Pmd Aerosol 50ml,50ml,£119.80/L,5.99,,2 for 25% off
Boots Borehamwood,Travel,Insect Repellent,Boots Repel Maximum Deet & Pmd Pump Spray 100ml,100ml,£86.50/L,8.65,,2 for 25% off
Boots Borehamwood,Travel,Insect Repellent,Boots Repel Mosquito Killer Liquid Plug-in Refill 35ml,35ml,£181.43/L,6.35,,2 for 25% off
Boots Borehamwood,Travel,Insect Repellent,Incognito Insect Repellent Pump Spray 100ml,100ml,£153.50/L,15.35,,2 for 25% off
Boots Borehamwood,Travel,Insect Repellent,Incognito Insect Repellent Roll-On 50ml,50ml,£241.00/L,12.05,,2 for 25% off
Boots Borehamwood,Travel,Insect Repellent,Jungle Formula Family Protect Insect Repellent Spray 100ml,100ml,£126.50/L,12.65,,2 for 25% off
Boots Borehamwood,Travel,Insect Repellent,Jungle Formula Maximum Pump Spray 90ml,90ml,£132.78/L,11.95,,2 for 25% off
Boots Borehamwood,Travel,Insect Repellent,Jungle Formula Maximum Roll-On 50ml,50ml,£184.00/L,9.20,,2 for 25% off
Boots Borehamwood,Travel,Insect Repellent,Repel Max 50% Deet Pmd Lotion 100ml,100ml,£86.00/L,8.60,,2 for 25% off
Boots Borehamwood,Travel,Travel Accessories,Boots Adult Travel Bands (1 Pair) 12 Years +,,,8.49,,2 for 25% off
Boots Borehamwood,Travel,Travel Accessories,Boots Children's Travel Bands- 1 Pair (2-12 Years),,,8.00,,2 for 25% off
Boots Borehamwood,Travel,Travel Accessories,Boots Flight Socks (14-17mmHg) Size 3-6- 1 Pair,1pk,£13.00 each,13.00,,2 for 25% off
Boots Borehamwood,Travel,Travel Accessories,Boots Flight Socks (14-17mmHg) Size 9-12- 1 Pair,1pk,£13.00 each,13.00,,2 for 25% off
Boots Borehamwood,Travel,Travel Accessories,Boots Flight Socks Compression Level 14-17mmHg Size 6-9- 1 Pair,1pk,£13.00 each,13.00,,2 for 25% off
Boots Borehamwood,Travel,Travel Accessories,Boots Knee Highs Flight Socks 14-17mmHg Natural Size 4-6 (2 Pairs),2pk,£9.00 each,18.00,,2 for 25% off
Boots Borehamwood,Travel,Travel Accessories,Boots Knee Highs Flight Socks 14-17mmHg Size 6-8 (2 Pairs),2pk,£9.00 each,18.00,,2 for 25% off
Boots Borehamwood,Travel,Travel Accessories,Boots Pharmaceuticals Travel Fresh Flight Socks - Black Uk Size 3.5-7.5,,,15.20,,2 for 25% off
Boots Borehamwood,Travel,Travel Accessories,Boots Pharmaceuticals Travel Fresh Flight Socks - Black Uk Size 8-12,,,15.20,,2 for 25% off
Boots Borehamwood,Travel,Travel Accessories,Sea-Band - Nausea Relief Wristband,,,11.45,,2 for 25% off
Boots Borehamwood,Travel,Travel Accessories,Sea-Band Nausea Relief Ginger Capsules 20 Pack,20pk,£0.39 each,7.75,,2 for 25% off
Boots Borehamwood,Travel,Travel Accessories,Biotruemulti Purpose Solution Flight Pack - 100ml,100ml,£79.90/L,7.99,,
Boots Borehamwood,Travel,Travel Accessories,Boots Advanced Multi-Purpose Contact Lens Care Solution For Soft & Hard Lenses - 100ml Travel Pack,100ml,£54.90/L,5.49,,
Boots Borehamwood,Travel,Travel Containers,Boots Airless Pump Bottle,,,2.00,,
Boots Borehamwood,Travel,Travel Containers,Boots Clear Multi Set,,,10.00,,
Boots Borehamwood,Travel,Travel Accessories,Boots Deluxe Pillow,,,25.00,,
Boots Borehamwood,Travel,Travel Accessories,Boots Horizontal Pink Stripe Hanging Bag,,,10.00,,
Boots Borehamwood,Travel,Travel Accessories,Boots Luggage Tag,,,4.00,,
Boots Borehamwood,Travel,Travel Accessories,Boots Pharmaceuticals Ear Plugs Muffles 5 Pack,5pk,£0.54 each,2.70,,
Boots Borehamwood,Travel,Travel Containers,Boots Shower Bag,,,2.00,,
Boots Borehamwood,Travel,Travel Accessories,Boots Silk Eye Mask and Earplugs Set,,,10.00,,
Boots Borehamwood,Travel,Travel Accessories,Boots Single Travel Lock,,,7.00,,
Boots Borehamwood,Travel,Travel Containers,Boots Spray Bottle 50ml,,,1.50,,
Boots Borehamwood,Travel,Travel Containers,Boots Squeezy Bottle 90ml,,,2.50,,
Boots Borehamwood,Travel,Travel Containers,Boots Squeezy Bottle Set 7 Pack,,,9.00,,
Boots Borehamwood,Travel,Travel Containers,Boots Squeezy Bottle Trio 3s,,,6.00,,
Boots Borehamwood,Travel,Travel Accessories,Boots TSA Key Twin Locks,2pk,£3.00 each,6.00,,
Boots Borehamwood,Travel,Travel Containers,Boots Travel Bottle Set 7s,,,7.00,,
Boots Borehamwood,Travel,Travel Containers,Boots Travel Bottles 4in1 Set,,,4.00,,
Boots Borehamwood,Travel,Travel Accessories,Boots Travel Pillow,,,10.00,,
Boots Borehamwood,Travel,Travel Containers,Boots Travel Pot Single 20ml,,,1.50,,
Boots Borehamwood,Travel,Travel Accessories,Boots Travel Pouch Set 100ml,4pk,£0.88 each,3.50,,
Boots Borehamwood,Travel,Travel Containers,Boots Travel Skincare Bottle Set 6s,,,6.00,,
Boots Borehamwood,Travel,Travel Containers,Boots Travel Soapbox,,,2.00,,
Boots Borehamwood,Travel,Travel Accessories,Boots Travel Toothbrush,,,2.00,,
Boots Borehamwood,Travel,Travel Accessories,Earol Swim Tea Tree Oil Spray 10ml,10ml,"£1,050.00/L",10.50,,
Boots Borehamwood,Travel,Travel Minis,Garnier Micellar Water Facial Cleanser For Sensitive Skin Travel Size 100ml,100ml,£34.90/L,3.49,,
Boots Borehamwood,Travel,Travel Accessories,Go Travel Memory Dreamer Neck Pillow,,,20.00,,
Boots Borehamwood,Travel,Travel Accessories,Go Travel The Dreamer Eye Mask Dark Blue,,,9.99,,
Boots Borehamwood,Travel,Travel Accessories,Go Travel UK Shaver + Adaptor,,,5.00,,
Boots Borehamwood,Travel,Travel Containers,Kitsch 11 Piece Travel Bottle Set - Black,,,10.00,,
Boots Borehamwood,Travel,Travel Accessories,Korbond Mini Lint Roller 2.8m,,,1.99,,
Boots Borehamwood,Travel,Travel Accessories,Korbond Sewing Kit C/s,77g,£45.45/kg,3.50,,
Boots Borehamwood,Travel,Travel Minis,Lanolips Lip Heroes Day and Night Minis 4g Set,,,9.99,,
Boots Borehamwood,Travel,Travel Minis,Original Source Shower Gel Mint & Tea Tree Mini 50ml,50ml,£30.00/L,1.50,,
Boots Borehamwood,Travel,Travel Minis,Original Source Shower Gel Zesty Lemon Mini 50ml,50ml,£30.00/L,1.50,,
Boots Borehamwood,Travel,Travel Accessories,Renu Multi-Purpose Solution - Flight Pack 60ml,60ml,£83.17/L,4.99,,
Boots Borehamwood,Travel,Travel Minis,Satin Care Women's Travel Size Shave Gel Aloe Vera Glide 75ml,75ml,£25.33/L,1.90,,
Boots Borehamwood,Travel,Travel Minis,Simple Kind To Skin Refreshing Facial Wash 50ml,50ml,£52.00/L,2.60,,
Boots Borehamwood,Travel,Travel Minis,Soap & Glory Lets Get Tropical Travel Set,,,16.00,,
Boots Borehamwood,Travel,Travel Accessories,Tib Eco 5 Sct Flat Umbrella Ast Prts,,,18.00,,
Boots Borehamwood,Travel,Travel Accessories,Tib Eco Compact Round Umbrella Ast Prt,,,20.00,,
Boots Borehamwood,Travel,Travel Accessories,Tib Slim Round Umbrella Asort Prints,,,13.00,,
Boots Borehamwood,Travel,Travel Accessories,Totes Auto Open Umbrella Plain Black,,,15.00,,
Boots Borehamwood,Travel,Travel Accessories,Totes Compact Umbrella - Plain Black,,,20.00,,
Boots Borehamwood,Travel,Travel Accessories,Totes Eco-Brella Slim Round Umbrella Plain Black,,,13.00,,
Boots Borehamwood,Travel,Travel Accessories,Totes Eco-Brella Slim Round Umbrlla Prnt,,,14.00,,
Boots Borehamwood,Travel,Travel Accessories,Totes Eco-brella Auto/open Close Umbrella Crook Plain Black,,,21.00,,
Boots Borehamwood,Travel,Travel Accessories,Totes Slim Round Umbrella Plain Black,,,10.00,,
Boots Borehamwood,Travel,Travel Accessories,Totes Slim Round Umbrellas Plain Black,,,10.00,,
Boots Borehamwood,Travel,Travel Accessories,Totes X-Tr Strong Auto Open Umbrella Black,,,28.00,,
Boots Borehamwood,Travel,Travel Accessories,Totes X-Tra Strong Mini Round Umbrella,,,25.00,,
Boots Borehamwood,Travel,Travel Minis,Umberto Giannini Curl Jelly Mini Travel Size 50ml,50ml,£75.00/L,3.75,,
Boots Borehamwood,Travel,Travel Minis,Weleda Skin Food 30ml,30ml,£316.67/L,9.50,,
Boots Borehamwood,Vitamins & Wellness,Alternative Medicines,A. Vogel Echinaforce Echinacea Tablets x42,42pk,£0.16 each,6.60,,
Boots Borehamwood,Vitamins & Wellness,Alternative Medicines,A. Vogel Prostasan Saw Palmetto Soft Capsules - 30,30pk,£0.81 each,24.25,,
Boots Borehamwood,Vitamins & Wellness,Alternative Medicines,A.Vogel Echinaforce Echinacea Tablets 120 Tablets,120pk,£0.12 each,14.80,,
Boots Borehamwood,Vitamins & Wellness,Alternative Medicines,A.Vogel Echinaforce Echincea Drops 50ml,50ml,£277.00/L,13.85,,
Boots Borehamwood,Vitamins & Wellness,Alternative Medicines,A.Vogel Menoforce Sage Tablets x30,30pk,£0.62 each,18.70,,
Boots Borehamwood,Vitamins & Wellness,Alternative Medicines,Allicinmax 90 Pack 80grams,90pk,£0.28 each,25.40,,
Boots Borehamwood,Vitamins & Wellness,Alternative Medicines,Bach Rescue Remedy Dropper 20ml - Comfort & Reassure Flower Essences,20ml,£715.00/L,14.30,,
Boots Borehamwood,Vitamins & Wellness,Alternative Medicines,Bach Rescue Remedy Night Liquid Melts 28 Capsules,28pk,£0.43 each,12.05,,
Boots Borehamwood,Vitamins & Wellness,Alternative Medicines,Bach Rescue Remedy Night Spray 20ml Flower Essences for Natural Night's Sleep,20ml,£692.50/L,13.85,,
Boots Borehamwood,Vitamins & Wellness,Alternative Medicines,Bach Rescue Remedy Spray 20ml - Comfort & Reassure Flower Essences,20ml,£715.00/L,14.30,,
Boots Borehamwood,Vitamins & Wellness,Alternative Medicines,Bells Clove Oil 10ml,10ml,£340.00/L,3.40,,
Boots Borehamwood,Vitamins & Wellness,Alternative Medicines,Boots Bruise Relief Arnica Cream,30g,£150.00/kg,4.50,,
Boots Borehamwood,Vitamins & Wellness,Alternative Medicines,Boots Echinacea Tablets x60,60pk,£0.10 each,6.20,,
Boots Borehamwood,Vitamins & Wellness,Alternative Medicines,Boots Max Strength St John's Wort Mood Lift Tablets - 30 Tablets,30pk,£0.47 each,14.00,,
Boots Borehamwood,Vitamins & Wellness,Alternative Medicines,Boots Mood Lift Max Strength St John's Wort Tablets - 90 Tablets,90pk,£0.33 each,29.40,,
Boots Borehamwood,Vitamins & Wellness,Alternative Medicines,Boots Sleepeaze Lavender Pillow Mist 100ml,100ml,£60.00/L,6.00,,
Boots Borehamwood,Vitamins & Wellness,Alternative Medicines,Boots Sleepeaze Snoring Relief Throat Spray - 14ml,14ml,£353.57/L,4.95,,
Boots Borehamwood,Vitamins & Wellness,Alternative Medicines,Boots Tea Tree Oil - 10ml,10ml,£500.00/L,5.00,,
Boots Borehamwood,Vitamins & Wellness,Alternative Medicines,Boots Tea Tree Oil 20ml,20ml,£450.00/L,9.00,,
Boots Borehamwood,Vitamins & Wellness,Alternative Medicines,Botanics Pillow Mist Lavender & Sweet Marjoram 100ml,100ml,£86.00/L,8.60,,
Boots Borehamwood,Vitamins & Wellness,Alternative Medicines,Botanics Unfragranced Massage Oil For Personalised Blends Sweet Almond & Wheatgerm 100ml,100ml,£74.50/L,7.45,,
Boots Borehamwood,Vitamins & Wellness,Alternative Medicines,Kalms Day - 168 Tablets,168pk,£0.07 each,11.50,,
Boots Borehamwood,Vitamins & Wellness,Alternative Medicines,Kalms Day - 96 Tablets,96pk,£0.09 each,8.60,,
Boots Borehamwood,Vitamins & Wellness,Alternative Medicines,Kalms Night - 56 Tablets,56pk,£0.12 each,6.90,,
Boots Borehamwood,Vitamins & Wellness,Alternative Medicines,Kalms Night One-A-Night - 28 Tablets,28pk,£0.41 each,11.55,,
Boots Borehamwood,Vitamins & Wellness,Alternative Medicines,Klearvol Essential Oils For Inhalation,10pk,£0.57 each,5.70,,
Boots Borehamwood,Vitamins & Wellness,Alternative Medicines,"Optase Tea Tree Oil Eyelid Wipes   Cleanses, Purifies, and Refreshes Eyelids   Now With 30 Biodegradable Wipes",30pk,£0.44 each,13.10,,
Boots Borehamwood,Vitamins & Wellness,Alternative Medicines,Snoreeze Snoring Relief Oral Strips - 14 Applications,14pk,£0.66 each,9.20,,
Boots Borehamwood,Vitamins & Wellness,Alternative Medicines,Tisserand Aromatherapy Essential Oil Eucalyptus 9ml,9ml,£955.56/L,8.60,,
Boots Borehamwood,Vitamins & Wellness,Alternative Medicines,Tisserand Aromatherapy Tea Tree Organic Essential Oil 9ml,9ml,"£1,211.11/L",10.90,,
Boots Borehamwood,Vitamins & Wellness,Alternative Medicines,Weleda Arnica Tablets - 125 x 30C,125pk,£0.08 each,9.45,,
Boots Borehamwood,Vitamins & Wellness,Collagen,"Absolute Collagen Crystal Clarity Marine Collagen Powder Supplement, 10x8g Sachets",81g,£388.89/kg,31.50,,
Boots Borehamwood,Vitamins & Wellness,Collagen,Absolute Collagen Liquid Supplement Mango and Pineapple Sachets 11.4ml 10s,114ml,£276.32/L,31.50,,
Boots Borehamwood,Vitamins & Wellness,Collagen,Absolute Collagen Liquid Supplement Raspberry 10x12ml Sachets,120ml,£262.50/L,31.50,,
Boots Borehamwood,Vitamins & Wellness,Collagen,Biodance Bio Collagen-Real Deep Mask 4 Sheets x 1.19 oz (34g),4pk,£4.09 each,16.35,,
Boots Borehamwood,Vitamins & Wellness,Collagen,Boots Collagen Eye Serum 15ml,15ml,£733.33/L,11.00,,
Boots Borehamwood,Vitamins & Wellness,Collagen,Boots Collagen Sleep Mask 50ml,50ml,£264.00/L,13.20,,
Boots Borehamwood,Vitamins & Wellness,Collagen,Boots Marine Collagen Powder 210g 30 Servings,210g,£123.81/kg,26.00,,
Boots Borehamwood,Vitamins & Wellness,Collagen,Dose & Co Marine Collagen Unflavoured 221g,221g,£156.56/kg,34.60,,
Boots Borehamwood,Vitamins & Wellness,Collagen,Gold Collagen Forte Plus 50ml 10 Pack,500ml,£109.20/L,54.60,,£36.58 loyalty card (£73.16/L)
Boots Borehamwood,Vitamins & Wellness,Collagen,Medicube Collagen Jelly Cream 110ml,110ml,£188.64/L,20.75,,
Boots Borehamwood,Vitamins & Wellness,Collagen,Medicube Collagen Night Wrapping Mask 75ml,75ml,£262.00/L,19.65,,
Boots Borehamwood,Vitamins & Wellness,Collagen,Myprotein Collagen Powder Vimto 480g,480g,£43.75/kg,21.00,,
Boots Borehamwood,Vitamins & Wellness,Collagen,Ogx Thick & Full+ Biotin & Collagen Ph Balanced Conditioner 385ml,385ml,£23.90/L,9.20,,
Boots Borehamwood,Vitamins & Wellness,Collagen,Ogx Thick & Full+ Biotin & Collagen Shampoo 385ml,385ml,£23.90/L,9.20,,
Boots Borehamwood,Vitamins & Wellness,Collagen,Revive Active Joint Complex Marine Collagen Msm & Glucosamine 1 Months Supply Sachets 30 Pack,30pk,£1.40 each,41.95,,
Boots Borehamwood,Vitamins & Wellness,Collagen,Unfabled Collagen Gummies 60 Pack,60pk,£0.26 each,15.35,,
Boots Borehamwood,Vitamins & Wellness,Collagen,Vida Glow Natural Marine Collagen Original,90g,£455.00/kg,40.95,,
Boots Borehamwood,Vitamins & Wellness,Collagen,Vitabiotics Perfectil Platinum Collagen Skin - 10 Advanced Beauty Drinks,500ml,£86.10/L,43.05,,
Boots Borehamwood,Vitamins & Wellness,Collagen,Wellthy by Boots Skin Glow Creatine & Collagen Powder Blend 30 Sachets,30pk,£0.60 each,18.00,,
Boots Borehamwood,Vitamins & Wellness,Collagen,Wellthy by Boots Skin Glow Hyaluronic Acid 50mg 30 Capsules,30pk,£0.67 each,20.00,,
Boots Borehamwood,Vitamins & Wellness,Collagen,Zooki Marine Collagen 5000mg Liquid Sachet Mango Peach Flavour 15ml,15ml,£190.00/L,2.85,,
Boots Borehamwood,Vitamins & Wellness,Collagen,Zooki Marine Collagen 5000mg Liquid Sachets Mango Peach Flavour - 5 x 15ml Sachets,5pk,£2.63 each,13.15,,
Boots Borehamwood,Vitamins & Wellness,Collagen,Zooki Super Strength Marine Collagen 11000mg Liquid Sachet Sour Cherry Flavour 18.5ml,18ml,£222.22/L,4.00,,
Boots Borehamwood,Vitamins & Wellness,Collagen,Zooki Super Strength Marine Collagen 11000mg Liquid Sachets Sour Cherry Flavour - 14 x 18.5ml Sachets,14pk,£3.00 each,41.95,,
Boots Borehamwood,Vitamins & Wellness,Fitness & Diet Nutrition,"Almased Original Meal Replacement Shake - Protein Powder for Weight Loss, 500g",500g,£54.50/kg,27.25,,
Boots Borehamwood,Vitamins & Wellness,Fitness & Diet Nutrition,Boots Dual Action Carb & Fat Control 60s,60pk,£0.43 each,25.99,,
Boots Borehamwood,Vitamins & Wellness,Fitness & Diet Nutrition,Complan Chocolate Nutritional Drink Sachet 4x55g,220g,£30.23/kg,6.65,,
Boots Borehamwood,Vitamins & Wellness,Fitness & Diet Nutrition,Complan Strawberry Nutritional Drink Sachet 4x55g,220g,£30.23/kg,6.65,,
Boots Borehamwood,Vitamins & Wellness,Fitness & Diet Nutrition,Complan Vanilla Nutritional Drink Sachet 4x55g,220g,£30.23/kg,6.65,,
Boots Borehamwood,Vitamins & Wellness,Fitness & Diet Nutrition,Liquid I.V. Hydration Multiplier Electrolyte Powder Mix Lemon Lime 3 Sachets,48g,£119.79/kg,5.75,,£4.60 loyalty card (£95.83/kg)
Boots Borehamwood,Vitamins & Wellness,Fitness & Diet Nutrition,Liquid I.V. Hydration Multiplier Electrolyte Powder Mix Passion Fruit (3 Sachets),48g,£119.79/kg,5.75,,£4.60 loyalty card (£95.83/kg)
Boots Borehamwood,Vitamins & Wellness,Fitness & Diet Nutrition,Myprotein Clear Whey Isolate Protein Powder Vimto Original 261g,261g,£70.69/kg,18.45,,
Boots Borehamwood,Vitamins & Wellness,Fitness & Diet Nutrition,"Myprotein Clear Whey Protein, Vimto Raspberry, Orange and Passionfruit, 250g",250g,£73.80/kg,18.45,,
Boots Borehamwood,Vitamins & Wellness,Fitness & Diet Nutrition,Myprotein Clearwhey Islt Prtn Pwdr Orng&mgno,261g,£69.92/kg,18.25,,
Boots Borehamwood,Vitamins & Wellness,Fitness & Diet Nutrition,Myprotein Creatine Gummies Peach 21s,21pk,£0.49 each,10.35,,
Boots Borehamwood,Vitamins & Wellness,Fitness & Diet Nutrition,Myprotein Creatine Monohydrate Unflavoured Tablets 250 Pack,250pk,£0.09 each,22.00,,
Boots Borehamwood,Vitamins & Wellness,Fitness & Diet Nutrition,"Myprotein Essential Whey Protein, Chocolate Smooth 600g",600g,£33.00/kg,19.80,,
Boots Borehamwood,Vitamins & Wellness,Fitness & Diet Nutrition,"Myprotein Impact Creatine, Vimto, 30 Servings",153g,£86.27/kg,13.20,,
Boots Borehamwood,Vitamins & Wellness,Fitness & Diet Nutrition,"Myprotein Impact Hydrate Raspberry Lemonade, 25 Servings",170g,£77.65/kg,13.20,,
Boots Borehamwood,Vitamins & Wellness,Fitness & Diet Nutrition,"Myprotein Impact Whey Isolate, Salted Caramel 480g",480g,£51.35/kg,24.65,,
Boots Borehamwood,Vitamins & Wellness,Fitness & Diet Nutrition,"Myprotein Impact Whey Isolate, White Chocolate, 480g",480g,£51.35/kg,24.65,,
Boots Borehamwood,Vitamins & Wellness,Fitness & Diet Nutrition,Optimum Nutrition 100% Gold Standard Whey Extreme Milk Chocolate 768g,768g,£65.63/kg,50.40,,
Boots Borehamwood,Vitamins & Wellness,Fitness & Diet Nutrition,Optimum Nutrition 100% Gold Standard Whey Vanilla Ice Cream 780g,780g,£64.62/kg,50.40,,
Boots Borehamwood,Vitamins & Wellness,Fitness & Diet Nutrition,Optimum Nutrition Gold Standard 100% Plant-Based Vanilla 684g,684g,£42.98/kg,29.40,,
Boots Borehamwood,Vitamins & Wellness,Fitness & Diet Nutrition,Optimum Nutrition Gold Standard 100% Whey Delicious Strawberry 450g,450g,£74.67/kg,33.60,,
Boots Borehamwood,Vitamins & Wellness,Fitness & Diet Nutrition,Optimum Nutrition Gold Standard 100% Whey Double Rich Chocolate 465g,450g,£74.67/kg,33.60,,
Boots Borehamwood,Vitamins & Wellness,Fitness & Diet Nutrition,Optimum Nutrition Gold Standard 100% Whey Vanilla Ice Cream 450g,450g,£74.67/kg,33.60,,
Boots Borehamwood,Vitamins & Wellness,Fitness & Diet Nutrition,Optimum Nutrition Micronised Creatine - 317g,317g,£72.87/kg,23.10,,
Boots Borehamwood,Vitamins & Wellness,Fitness & Diet Nutrition,Optimum Nutrition Platinum Pre-Workout Fruit Punch 420g,420g,£77.38/kg,32.50,,
Boots Borehamwood,Vitamins & Wellness,Fitness & Diet Nutrition,Optimum Nutrition Shaker,,,6.30,,
Boots Borehamwood,Vitamins & Wellness,Fitness & Diet Nutrition,Paediasure Shake Teen Balance Protein Powder Chocolate 400g,400g,£41.00/kg,16.40,,
Boots Borehamwood,Vitamins & Wellness,Fitness & Diet Nutrition,Paediasure Shake Teen Balance Protein Powder Vanilla 400g,400g,£41.00/kg,16.40,,
Boots Borehamwood,Vitamins & Wellness,Fitness & Diet Nutrition,Slimfast Chocolate Caramel Bar 26g 6 Pack,156g,£26.28/kg,4.10,,
Boots Borehamwood,Vitamins & Wellness,Fitness & Diet Nutrition,Slimfast Strawberry Chocolate Snack Bar Multipack - 6 x 25g,150g,£27.00/kg,4.05,,
Boots Borehamwood,Vitamins & Wellness,Fitness & Diet Nutrition,Usn Pure Creatine Monohydrate Powder 230g,230g,£66.96/kg,15.40,,
Boots Borehamwood,Vitamins & Wellness,Hydration & Electrolytes,Air Up Water Bottle Flavour Pods Candy Variety Pack 3s,,,8.00,,
Boots Borehamwood,Vitamins & Wellness,Hydration & Electrolytes,Air Up Water Bottle Flavour Pods Cherry-Kola 3s,3pk,£2.67 each,8.00,,
Boots Borehamwood,Vitamins & Wellness,Hydration & Electrolytes,Boots Wellthy Hydration Immunity Single Sachet 4g,,,0.80,,
Boots Borehamwood,Vitamins & Wellness,Hydration & Electrolytes,Humantra Berry Pomegranate Electrolyte Powder 15 x 3.6g Sachets,15pk,£1.39 each,20.90,,£16.72 loyalty card (£1.11 each)
Boots Borehamwood,Vitamins & Wellness,Hydration & Electrolytes,Humantra Berry Pomegranate Electrolyte Powder 3 x 3.6g Sachets,3pk,£1.92 each,5.75,,£4.60 loyalty card (£1.53 each)
Boots Borehamwood,Vitamins & Wellness,Hydration & Electrolytes,Humantra Berry Pomegranate Electrolyte Powder 6 x 3.6g Sachets,6pk,£1.73 each,10.35,,
Boots Borehamwood,Vitamins & Wellness,Hydration & Electrolytes,Humantra Himalayan Lime Electrolyte Powder 15 x 3.7g Sachets,15pk,£1.39 each,20.90,,£16.72 loyalty card (£1.11 each)
Boots Borehamwood,Vitamins & Wellness,Hydration & Electrolytes,Humantra Himalayan Lime Electrolyte Powder 3 x 3.7g Sachets,3pk,£1.92 each,5.75,,£4.60 loyalty card (£1.53 each)
Boots Borehamwood,Vitamins & Wellness,Hydration & Electrolytes,Humantra Himalayan Lime Electrolyte Powder 6 x 3.7g Sachets,6pk,£1.73 each,10.35,,
Boots Borehamwood,Vitamins & Wellness,Hydration & Electrolytes,Humantra Lychee Electrolyte Powder 15 x 4g Sachets,15pk,£1.39 each,20.90,,£16.72 loyalty card (£1.11 each)
Boots Borehamwood,Vitamins & Wellness,Hydration & Electrolytes,Humantra Lychee Electrolyte Powder 6 x 4g Sachets,6pk,£1.73 each,10.35,,
Boots Borehamwood,Vitamins & Wellness,Hydration & Electrolytes,Humantra Lychee Electrolyte Powder Sachets 3 Sachets,3pk,£1.92 each,5.75,,£4.60 loyalty card (£1.53 each)
Boots Borehamwood,Vitamins & Wellness,Hydration & Electrolytes,Liquid I.V. Hydration Multiplier Electrolyte Powder Mix Lemon Lime (15 Sachets),240g,£87.08/kg,20.90,,£14.00 loyalty card (£58.33/kg)
Boots Borehamwood,Vitamins & Wellness,Hydration & Electrolytes,Liquid I.V. Hydration Multiplier Electrolyte Powder Mix Lemon Lime (6 Sachets),96g,£107.81/kg,10.35,,
Boots Borehamwood,Vitamins & Wellness,Hydration & Electrolytes,Liquid I.V. Hydration Multiplier Electrolyte Powder Mix Passion Fruit (15 Sachets),240g,£87.08/kg,20.90,,£14.00 loyalty card (£58.33/kg)
Boots Borehamwood,Vitamins & Wellness,Hydration & Electrolytes,Liquid I.V. Hydration Multiplier Electrolyte Powder Mix Passion Fruit (6 Sachets),96g,£107.81/kg,10.35,,
Boots Borehamwood,Vitamins & Wellness,Hydration & Electrolytes,Liquid I.V. Hydration Multiplier Electrolyte Powder Mix Raspberry Lemonade 6 Sachets,96g,£107.81/kg,10.35,,
Boots Borehamwood,Vitamins & Wellness,Hydration & Electrolytes,Liquid I.V. Hydration Multiplier Electrolyte Powder Mix Strawberry (15 Sachets),240g,£87.08/kg,20.90,,£14.00 loyalty card (£58.33/kg)
Boots Borehamwood,Vitamins & Wellness,Hydration & Electrolytes,Liquid I.V. Hydration Multiplier Electrolyte Powder Mix Strawberry 3 Sachets,48g,£119.79/kg,5.75,,£4.60 loyalty card (£95.83/kg)
Boots Borehamwood,Vitamins & Wellness,Hydration & Electrolytes,Liquid I.V. Hydration Multiplier Electrolyte Powder Mix Tropical Punch 3 Sachets,48g,£119.79/kg,5.75,,£4.60 loyalty card (£95.83/kg)
Boots Borehamwood,Vitamins & Wellness,Hydration & Electrolytes,Liquid I.V. Sugar Free Mango Pineapple Electrolyte Powder Mix 6 Sachets,60g,£172.50/kg,10.35,,
Boots Borehamwood,Vitamins & Wellness,Hydration & Electrolytes,Liquid I.V. Sugar Free White Peach Electrolyte Powder Mix 6 Sachets,60g,£172.50/kg,10.35,,
Boots Borehamwood,Vitamins & Wellness,Hydration & Electrolytes,Liquid IV sugar free electrolyte mix powder white peach sachet 10g 15s,150g,£139.33/kg,20.90,,£14.00 loyalty card (£93.33/kg)
Boots Borehamwood,Vitamins & Wellness,Hydration & Electrolytes,Liquid IV sugar free mango pineapple powder sachets 10g 3s,30g,£191.67/kg,5.75,,£4.60 loyalty card (£153.33/kg)
Boots Borehamwood,Vitamins & Wellness,Hydration & Electrolytes,Liquid IV sugar free white peach powder sachets 10g 3s,30g,£191.67/kg,5.75,,£4.60 loyalty card (£153.33/kg)
Boots Borehamwood,Vitamins & Wellness,Hydration & Electrolytes,"Myprotein Electrolyte Gummies, Lemon Sherbet, 60 Gummies",60pk,£0.28 each,16.50,,
Boots Borehamwood,Vitamins & Wellness,Hydration & Electrolytes,O.R.S. Immune Hydration Tablets Orange 20 Pack,20pk,£0.52 each,10.30,,
Boots Borehamwood,Vitamins & Wellness,Hydration & Electrolytes,O.R.S. Sports Hydration Tablets Berry 20 Pack,20pk,£0.52 each,10.30,,
Boots Borehamwood,Vitamins & Wellness,Hydration & Electrolytes,Ors Oral Rehydration Salts Bcrnt 24 Pack,24pk,£0.38 each,9.15,,
Boots Borehamwood,Vitamins & Wellness,Hydration & Electrolytes,Ors Oral Rehydration Salts Lemon 24 Pack,24pk,£0.38 each,9.15,,
Boots Borehamwood,Vitamins & Wellness,Hydration & Electrolytes,"Phizz Cherry + Caffeine Boost 3-In-1 Hydration, Electrolytes And Vitamins Effervescent Tablets - 20 Tablets",20pk,£0.46 each,9.20,,
Boots Borehamwood,Vitamins & Wellness,Hydration & Electrolytes,"Phizz Daily Mixed Berry 3-in-1 Hydration, Electrolytes and Vitamins Effervescent (20 Tablets)",20pk,£0.46 each,9.20,,
Boots Borehamwood,Vitamins & Wellness,Hydration & Electrolytes,Phizz Effervescent Tablets Apple And Blackcurrant 20 Pack,20pk,£0.46 each,9.20,,
Boots Borehamwood,Vitamins & Wellness,Hydration & Electrolytes,"Phizz Mango 3-In-1 Hydration, Electrolytes And Vitamins Effervescent Tablets - 20 Tablets",20pk,£0.46 each,9.20,,
Boots Borehamwood,Vitamins & Wellness,Hydration & Electrolytes,"Phizz Orange 3-In-1 Hydration, Electrolytes And Vitamins Effervescent Tablets - 20 Tablets",20pk,£0.46 each,9.20,,
Boots Borehamwood,Vitamins & Wellness,Hydration & Electrolytes,SULT Electrolyte Peach Citrus 26 pack,26pk,£1.25 each,32.55,,
Boots Borehamwood,Vitamins & Wellness,Hydration & Electrolytes,SULT Electrolyte Variety Pack 15,,,21.95,,
Boots Borehamwood,Vitamins & Wellness,Hydration & Electrolytes,SULT Electrolyte Watermelon Berry 26 pack,26pk,£1.25 each,32.55,,
Boots Borehamwood,Vitamins & Wellness,Hydration & Electrolytes,Trip Calm Magnesium Drink Wild Strawberry 330ml,330ml,£7.88/L,2.60,,
Boots Borehamwood,Vitamins & Wellness,Hydration & Electrolytes,Vidrate Hydration Mixed Berry - 12 Sachets,12pk,£0.72 each,8.60,,
Boots Borehamwood,Vitamins & Wellness,Hydration & Electrolytes,Vidrate Hydration Sachets Orange & Peach - 12 Sachets,12pk,£0.72 each,8.60,,
Boots Borehamwood,Vitamins & Wellness,Hydration & Electrolytes,"Vidrate Hydration Sachets, Variety Pack 12 Pack",12pk,£0.72 each,8.60,,
Boots Borehamwood,Vitamins & Wellness,Hydration & Electrolytes,"Vidrate Natural Electrolyte Hydration, Strawberry & Lime Flavour 12 X 3g Sugar-Free Sachets",12pk,£0.72 each,8.60,,
Boots Borehamwood,Vitamins & Wellness,Hydration & Electrolytes,Wellthy By Boots Daily Hydration+ Energy & Focus 12 Sachets 4G,12pk,£0.58 each,7.00,,
Boots Borehamwood,Vitamins & Wellness,Hydration & Electrolytes,Wellthy By Boots Daily Hydration+ Immune Support 12 Sachets 4G,12pk,£0.58 each,7.00,,
Boots Borehamwood,Vitamins & Wellness,Hydration & Electrolytes,Wellthy By Boots Daily Hydration+ Radiant Skin 12 Sachets 5G,12pk,£0.58 each,7.00,,
Boots Borehamwood,Vitamins & Wellness,Hydration & Electrolytes,Wellthy By Boots Daily Hydration+ Rest & Restore 12 Sachets 4.4G,12pk,£0.58 each,7.00,,
Boots Borehamwood,Vitamins & Wellness,Hydration & Electrolytes,Wellthy Daily Hydration+ Electrolyte Powder Lime & Mint Flavour - Energy and Focus 1 x 4g,,,0.90,,
Boots Borehamwood,Vitamins & Wellness,Hydration & Electrolytes,Wellthy Daily Hydration+ Electrolyte Powder Smooth Blueberry Flavour - Rest & Restore 1 x 4.4g,,,0.90,,
Boots Borehamwood,Vitamins & Wellness,Hydration & Electrolytes,Wellthy Daily Hydration+ Electrolyte Powder Sour Cherry & Pomegranate Flavour - Radiant Skin 1 x 5g,5g,£180.00/kg,0.90,,
Boots Borehamwood,Vitamins & Wellness,Sleep Aids,Bach Rescue Remedy Night Dropper 10ml - Flower Essences For Natural Night's Sleep,10ml,£860.00/L,8.60,,
Boots Borehamwood,Vitamins & Wellness,Sleep Aids,Boots Sleepeaze Snoring Relief Congestion Nasal Strips - 20 Strips,20pk,£0.48 each,9.50,,
Boots Borehamwood,Vitamins & Wellness,Sleep Aids,Nytol Herbal Simply Sleep & Calm Elixir - 100ml,100ml,£90.50/L,9.05,,
Boots Borehamwood,Vitamins & Wellness,Sleep Aids,Nytol Herbal Simply Sleep One-A-Night Tablets,21pk,£0.43 each,9.05,,
Boots Borehamwood,Vitamins & Wellness,Sleep Aids,Nytol Herbal Tablets 30 Tablets,30pk,£0.24 each,7.10,,
Boots Borehamwood,Vitamins & Wellness,Sleep Aids,Snoreeze Nasal Strips Large 20 Pack,20pk,£0.57 each,11.35,,
Boots Borehamwood,Vitamins & Wellness,Sleep Aids,Snoreeze Nasal Strips Small/Medium 20 Pack,20pk,£0.57 each,11.35,,
Boots Borehamwood,Vitamins & Wellness,Sleep Aids,Snoreeze Snoring Relief Oral Device,,,38.85,,
Boots Borehamwood,Vitamins & Wellness,Sleep Aids,Wellthy by Boots Night-Time Rituals Bedtime Powder Blend 14 Sachets,14pk,£0.68 each,9.50,,
Boots Borehamwood,Vitamins & Wellness,Vitamins & Gummies,A Passion For Natural Aloe Vera Gel - 200ml,200ml,£48.75/L,9.75,,
Boots Borehamwood,Vitamins & Wellness,Vitamins & Gummies,Active Iron - 30 Capsules,30pk,£0.61 each,18.15,,
Boots Borehamwood,Vitamins & Wellness,Vitamins & Gummies,Active Iron For Women - 30 Daily Capsules & 30 Daily Tablets,60pk,£0.36 each,21.50,,
Boots Borehamwood,Vitamins & Wellness,Vitamins & Gummies,"Alflorex Original Daily Gut Health Supplement, 30 Capsules",30pk,£0.89 each,26.75,,
Boots Borehamwood,Vitamins & Wellness,Vitamins & Gummies,Avene Vitamin Activ Cg Radiance Concentrated Serum for Radiant Skin 30ml,30ml,"£1,120.00/L",33.60,,
Boots Borehamwood,Vitamins & Wellness,Vitamins & Gummies,Bach Rescue Remedy 10ml,10ml,£860.00/L,8.60,,
Boots Borehamwood,Vitamins & Wellness,Vitamins & Gummies,Bach Rescue Remedy Night Dropper 20ml,20ml,£712.50/L,14.25,,
Boots Borehamwood,Vitamins & Wellness,Vitamins & Gummies,Bach Rescue Remedy Pastilles 50g,50g,£193.00/kg,9.65,,
Boots Borehamwood,Vitamins & Wellness,Vitamins & Gummies,Bach Rescue Remedy Pastilles Blackcurrant 50g Soothing Flower Essences,50g,£193.00/kg,9.65,,
Boots Borehamwood,Vitamins & Wellness,Vitamins & Gummies,Bach Rescue Remedy Plus - 10 Natural Orange & Elderflower Sugar-Free Lozenges,10pk,£0.52 each,5.15,,
Boots Borehamwood,Vitamins & Wellness,Vitamins & Gummies,Bach Rescue Remedy Sleep Pastilles Blackcurrant 50g,50g,£193.00/kg,9.65,,
Boots Borehamwood,Vitamins & Wellness,Vitamins & Gummies,Bassetts Adult Multivitamins Raspberry & Pomegranate Flavour 30 Pastilles,30pk,£0.32 each,9.65,,
Boots Borehamwood,Vitamins & Wellness,Vitamins & Gummies,Bassetts Kids Multivitamins 7-11 Years Omega-3 Tropical Gummies 30s,30pk,£0.27 each,8.05,,
Boots Borehamwood,Vitamins & Wellness,Vitamins & Gummies,Bassetts Multivitamins Citrus Flavour Soft & Chewies 12-18 Years - 30.,30pk,£0.30 each,9.05,,
Boots Borehamwood,Vitamins & Wellness,Vitamins & Gummies,Bassetts Multivitamins Orange & Passionfruit Flavour Soft & Chewies 12-18 Years - 30,30pk,£0.32 each,9.65,,
Boots Borehamwood,Vitamins & Wellness,Vitamins & Gummies,Bassetts Multivitamins Raspberry & Pomegranate Flavour Soft & Chewies Adult - 60,60pk,£0.25 each,15.00,,
Boots Borehamwood,Vitamins & Wellness,Vitamins & Gummies,Bassetts Vitamins Woman Raspberry Flavour 30 Pastilles,30pk,£0.50 each,15.00,,
Boots Borehamwood,Vitamins & Wellness,Vitamins & Gummies,Bausch + Lomb Ocuvite Complete Vision Support - 30 Capsules,30pk,£0.73 each,21.95,,
Boots Borehamwood,Vitamins & Wellness,Vitamins & Gummies,Bausch and Lomb Ocuvite Lutein - 30 Capsules,30pk,£0.48 each,14.50,,
Boots Borehamwood,Vitamins & Wellness,Vitamins & Gummies,Berocca Blackcurrant Effervescent Tablets 15,15pk,£0.45 each,6.75,,
Boots Borehamwood,Vitamins & Wellness,Vitamins & Gummies,Berocca Boost Energy Effervescent 20s,20pk,£0.65 each,13.05,,
Boots Borehamwood,Vitamins & Wellness,Vitamins & Gummies,Berocca Immuno Gummies 60 Pack,60pk,£0.27 each,16.15,,
Boots Borehamwood,Vitamins & Wellness,Vitamins & Gummies,Berocca Immuno Orange Effervescent Tablets 15 Pack,15pk,£0.72 each,10.80,,
Boots Borehamwood,Vitamins & Wellness,Vitamins & Gummies,Berocca Immuno Orange Effervescent Tablets 30 Pack,30pk,£0.55 each,16.50,,
Boots Borehamwood,Vitamins & Wellness,Vitamins & Gummies,Berocca Mango & Acerola Effervescent Tablets 15 Pack,15pk,£0.45 each,6.75,,
Boots Borehamwood,Vitamins & Wellness,Vitamins & Gummies,Berocca Mixed Berries Effervescent Tablets 15 Pack,15pk,£0.45 each,6.75,,
Boots Borehamwood,Vitamins & Wellness,Vitamins & Gummies,Berocca Multi Action Gummies 60 Pack,60pk,£0.27 each,16.15,,
Boots Borehamwood,Vitamins & Wellness,Vitamins & Gummies,Berocca Orange Effervescent Tablets 15 Pack,15pk,£0.45 each,6.75,,
Boots Borehamwood,Vitamins & Wellness,Vitamins & Gummies,Berocca Orange Energy Vitamin - 45 Tablets,45pk,£0.41 each,18.65,,
Boots Borehamwood,Vitamins & Wellness,Vitamins & Gummies,Berocca Strawberry Effervescent Tablets 15s,15pk,£0.48 each,7.15,,
Boots Borehamwood,Vitamins & Wellness,Vitamins & Gummies,Betteryou Boost Vitamin B12 Daily Oral Spray - 25ml,25ml,£548.00/L,13.70,,
Boots Borehamwood,Vitamins & Wellness,Vitamins & Gummies,Betteryou Vitamin D 1000Iu Daily Oral Spray 15ml,15ml,£610.00/L,9.15,,
Boots Borehamwood,Vitamins & Wellness,Vitamins & Gummies,Betteryou Vitamin D 3000Iu + K2 Daily Oral Spray 12ml,12ml,"£1,050.00/L",12.60,,
Boots Borehamwood,Vitamins & Wellness,Vitamins & Gummies,Betteryou Vitamin D 3000Iu Daily Oral Spray 15ml,15ml,£726.67/L,10.90,,
Boots Borehamwood,Vitamins & Wellness,Vitamins & Gummies,Betteryou Vitamin D 4000Iu Daily Oral Spray 15ml,15ml,£763.33/L,11.45,,
Boots Borehamwood,Vitamins & Wellness,Vitamins & Gummies,"Bio-Kult 3-In-1 Biotic Blend Multivitamin Gummies For Adults, Orange Flavoured 30 Gummies",105g,£177.62/kg,18.65,,
Boots Borehamwood,Vitamins & Wellness,Vitamins & Gummies,Bio-Kult Boosted Extra Strength Gut Supplement - 30 Capsules,30pk,£0.91 each,27.30,,
Boots Borehamwood,Vitamins & Wellness,Vitamins & Gummies,Bio-Kult Brighten Brain And Gut Health Supplement With Multivitamins And Zinc Capsules 60 Pack,60pk,£0.37 each,22.00,,
Boots Borehamwood,Vitamins & Wellness,Vitamins & Gummies,Bio-Kult Everyday Gut Supplement - 30 Capsules,30pk,£0.40 each,11.95,,
Boots Borehamwood,Vitamins & Wellness,Vitamins & Gummies,Bio-Kult Everyday Gut Supplement - 60 Capsules,60pk,£0.35 each,21.00,,
Boots Borehamwood,Vitamins & Wellness,Vitamins & Gummies,"Bio-Kult Powder Sticks, Peach Flavour, 30 Sticks",30pk,£0.55 each,16.45,,
Boots Borehamwood,Vitamins & Wellness,Vitamins & Gummies,Biodance Radiant Vita Niacinamide Real Deep Mask 34g 4s,136g,£120.22/kg,16.35,,
Boots Borehamwood,Vitamins & Wellness,Vitamins & Gummies,Bioglan Biotic Balance Ultimate Flora - 30 Capsules,30pk,£0.79 each,23.75,,
Boots Borehamwood,Vitamins & Wellness,Vitamins & Gummies,Bioglan Super Fish Oil -100 Capsules,100pk,£0.17 each,16.50,,
Boots Borehamwood,Vitamins & Wellness,Vitamins & Gummies,Boots 3 Years Plus A-Z Multivitamin + Minerals - 30 Chewable Tablets,30pk,£0.17 each,5.00,,
Boots Borehamwood,Vitamins & Wellness,Vitamins & Gummies,Boots 3 Years Plus Multivitamin Gummies 30s,30pk,£0.17 each,5.00,,
Boots Borehamwood,Vitamins & Wellness,Vitamins & Gummies,Boots 3 Years Plus Multivitamins + Omega 3 Gummies 30s,30pk,£0.18 each,5.50,,
Boots Borehamwood,Vitamins & Wellness,Vitamins & Gummies,Boots 3 Years Plus Multivitamins + Omega 3 Gummies 60s,60pk,£0.17 each,10.00,,
Boots Borehamwood,Vitamins & Wellness,Vitamins & Gummies,Boots 3 Years Plus Vitamin D Gummies 30s?,30pk,£0.17 each,5.00,,
Boots Borehamwood,Vitamins & Wellness,Vitamins & Gummies,"Boots 6 Months Plus Multivitamin & Immunity Liquid, 150ml",150ml,£31.67/L,4.75,,
Boots Borehamwood,Vitamins & Wellness,Vitamins & Gummies,Boots A-Z + Ginseng 60 Tablets (2 Month Supply),60pk,£0.11 each,6.30,,
Boots Borehamwood,Vitamins & Wellness,Vitamins & Gummies,Boots A-Z 180 Tablets (6 Month Supply),180pk,£0.06 each,9.90,,
Boots Borehamwood,Vitamins & Wellness,Vitamins & Gummies,Boots A-Z 30 Tablets (1 Month Supply),30pk,£0.08 each,2.50,,
Boots Borehamwood,Vitamins & Wellness,Vitamins & Gummies,Boots A-Z 50+ 180 Tablets (6 Month Supply),180pk,£0.06 each,9.90,,
Boots Borehamwood,Vitamins & Wellness,Vitamins & Gummies,Boots A-Z 50+ 30 Tablets,30pk,£0.08 each,2.50,,
Boots Borehamwood,Vitamins & Wellness,Vitamins & Gummies,Boots A-Z 50+ 90 Tablets (3 Months Supply),90pk,£0.07 each,6.00,,
Boots Borehamwood,Vitamins & Wellness,Vitamins & Gummies,Boots A-Z 90 Tablets (3 Months Supply),90pk,£0.07 each,6.00,,
Boots Borehamwood,Vitamins & Wellness,Vitamins & Gummies,Boots A-Z Multivitamin + Live Friendly Bacteria 30 Capsules,30pk,£0.13 each,4.00,,
Boots Borehamwood,Vitamins & Wellness,Vitamins & Gummies,"Boots Beauty Formula Skin Hair & Nails, 30 Tablets",30pk,£0.17 each,4.95,,
Boots Borehamwood,Vitamins & Wellness,Vitamins & Gummies,Boots Calcium & Vit D & Vit K 60 Pack,60pk,£0.09 each,5.50,,
Boots Borehamwood,Vitamins & Wellness,Vitamins & Gummies,Boots Calcium + Magnesium 180 Tablets (3 Month Supply),180pk,£0.06 each,10.00,,
Boots Borehamwood,Vitamins & Wellness,Vitamins & Gummies,"Boots Calcium + Vitamins D & K Chewable, 60 Tablets (1 Month Supply)",60pk,£0.08 each,4.50,,
Boots Borehamwood,Vitamins & Wellness,Vitamins & Gummies,Boots Calcium And Magnesium Tablets 60 Pack,60pk,£0.07 each,3.95,,
Boots Borehamwood,Vitamins & Wellness,Vitamins & Gummies,Boots Chewable Calcium + Vitamin D Vanilla 60 Tablets,60pk,£0.07 each,4.00,,
Boots Borehamwood,Vitamins & Wellness,Vitamins & Gummies,Boots Chewable Vitamin C Blackcurrant 60 Tablets,60pk,£0.08 each,4.50,,
Boots Borehamwood,Vitamins & Wellness,Vitamins & Gummies,Boots Co-Q10 50mg 30 Capsules (1 Month Supply),30pk,£0.28 each,8.50,,
Boots Borehamwood,Vitamins & Wellness,Vitamins & Gummies,Boots Cod Liver Oil & Glucosamine 60 Capsules (2 Month Supply),60pk,£0.19 each,11.50,,
Boots Borehamwood,Vitamins & Wellness,Vitamins & Gummies,Boots Cod Liver Oil + Evening Primrose Oil 60 Capsules (2 Month Supply),60pk,£0.13 each,7.50,,
Boots Borehamwood,Vitamins & Wellness,Vitamins & Gummies,Boots Cod Liver Oil + Garlic 60 Capsules (2 month supply),60pk,£0.13 each,8.00,,
Boots Borehamwood,Vitamins & Wellness,Vitamins & Gummies,Boots Cod Liver Oil + Glucosamine - 180 Capsules (6 Month Supply),180pk,£0.15 each,27.20,,
Boots Borehamwood,Vitamins & Wellness,Vitamins & Gummies,Boots Cod Liver Oil + Multivitamins 60 Capsules (2 Month Supply),60pk,£0.10 each,6.25,,
Boots Borehamwood,Vitamins & Wellness,Vitamins & Gummies,Boots Cod Liver Oil and Calcium Capsules 60s,60pk,£0.10 each,5.75,,
Boots Borehamwood,Vitamins & Wellness,Vitamins & Gummies,Boots Collagen High Strength Skin Formula 5000 mg Powder 5g x 30 Sachets,150g,£146.67/kg,22.00,,
Boots Borehamwood,Vitamins & Wellness,Vitamins & Gummies,Boots Complete Man Multivitamins - 30 Tablets,30pk,£0.20 each,6.00,,
Boots Borehamwood,Vitamins & Wellness,Vitamins & Gummies,Boots Cranberry Extract 400mg 30 Tablets (1 Month Supply),30pk,£0.13 each,4.00,,
Boots Borehamwood,Vitamins & Wellness,Vitamins & Gummies,Boots Evening Primrose Oil 1000 mg 30 Capsules,30pk,£0.12 each,3.45,,
Boots Borehamwood,Vitamins & Wellness,Vitamins & Gummies,Boots Evening Primrose Oil 1000 mg 60 Capsules (2 Month Supply),60pk,£0.11 each,6.30,,
Boots Borehamwood,Vitamins & Wellness,Vitamins & Gummies,Boots Everyday Calcium + Vitamin D - 30 Tablets,30pk,£0.05 each,1.49,,
Boots Borehamwood,Vitamins & Wellness,Vitamins & Gummies,Boots Everyday Cod Liver Oil 240 Capsules,240pk,£0.02 each,4.50,,
Boots Borehamwood,Vitamins & Wellness,Vitamins & Gummies,Boots Everyday Cod Liver Oil 500mg - 30 Capsules,30pk,£0.05 each,1.49,,
Boots Borehamwood,Vitamins & Wellness,Vitamins & Gummies,Boots Everyday Glucosamine Sulphate - 30 Tablets,30pk,£0.05 each,1.49,,
Boots Borehamwood,Vitamins & Wellness,Vitamins & Gummies,Boots Everyday Omega 3 Fish Oil 1000mg - 30 Capsules,30pk,£0.13 each,4.00,,
Boots Borehamwood,Vitamins & Wellness,Vitamins & Gummies,Boots Everyday Vitamin D 240 Tablets,240pk,£0.02 each,4.50,,
Boots Borehamwood,Vitamins & Wellness,Vitamins & Gummies,Boots Expert Vitamin Blends Immune Defence Plus 30 Tablets,30pk,£0.37 each,11.00,,
Boots Borehamwood,Vitamins & Wellness,Vitamins & Gummies,Boots Folic Acid + Vitamin D 60 Tablets (2 Month Supply),60pk,£0.07 each,4.00,,
Boots Borehamwood,Vitamins & Wellness,Vitamins & Gummies,Boots Folic Acid + Vitamin D Tablets - 180 Tablets,180pk,£0.04 each,8.00,,
Boots Borehamwood,Vitamins & Wellness,Vitamins & Gummies,Boots Folic Acid 400ug 60 Tablets (2 Month Supply),60pk,£0.03 each,2.00,,
Boots Borehamwood,Vitamins & Wellness,Vitamins & Gummies,Boots Garlic 90 Tablets (3 Months Supply),90pk,£0.08 each,7.50,,
Boots Borehamwood,Vitamins & Wellness,Vitamins & Gummies,Boots Ginkgo Biloba 120mg 90 Tablets (3 Month Supply),90pk,£0.27 each,24.00,,
Boots Borehamwood,Vitamins & Wellness,Vitamins & Gummies,"Boots Ginseng, Ginkgo & Guarana - 30 One A Day Tablets",30pk,£0.25 each,7.50,,
Boots Borehamwood,Vitamins & Wellness,Vitamins & Gummies,Boots Glucosamine & Chondroitin Duo 30s,60pk,£0.37 each,22.00,,
Boots Borehamwood,Vitamins & Wellness,Vitamins & Gummies,Boots Glucosamine + Chondroitin & MSM 60 Tablets (2 Month Supply),60pk,£0.24 each,14.50,,
Boots Borehamwood,Vitamins & Wellness,Vitamins & Gummies,Boots Glucosamine + Chondroitin - 60 Tablets (2 Month Supply),60pk,£0.24 each,14.50,,
Boots Borehamwood,Vitamins & Wellness,Vitamins & Gummies,Boots Glucosamine 30 Tablets (1 Month Supply),30pk,£0.10 each,2.99,,
Boots Borehamwood,Vitamins & Wellness,Vitamins & Gummies,Boots Glucosamine And Chondroitin Tablets 180 Pack - 6 Month Supply,180pk,£0.19 each,35.00,,
Boots Borehamwood,Vitamins & Wellness,Vitamins & Gummies,Boots Good Gut + Live Friendly Bacteria - 60 Capsules,60pk,£0.33 each,19.50,,
Boots Borehamwood,Vitamins & Wellness,Vitamins & Gummies,Boots Good Gut Lactase 60 Pack,60pk,£0.12 each,6.90,,
Boots Borehamwood,Vitamins & Wellness,Vitamins & Gummies,Boots Good Gut Live Friendly + Womens Health Support Capsules 30 Pack,30pk,£0.43 each,12.75,,
Boots Borehamwood,Vitamins & Wellness,Vitamins & Gummies,"Boots Good Gut Live Friendly Bacteria + Immunity Support Extra Strength, 30 Capsules",30pk,£0.75 each,22.50,,
Boots Borehamwood,Vitamins & Wellness,Vitamins & Gummies,"Boots Good Gut Live Friendly Bacteria +Immunity Support, 30 Capsules",30pk,£0.43 each,12.75,,
Boots Borehamwood,Vitamins & Wellness,Vitamins & Gummies,Boots Good Gut Live Friendly Bacteria Capsules 30 Pack,30pk,£0.36 each,10.75,,
Boots Borehamwood,Vitamins & Wellness,Vitamins & Gummies,Boots Good Gut Live Friendly Bacteria Max Strength Capsules 14 Pack,14pk,£1.28 each,17.85,,
Boots Borehamwood,Vitamins & Wellness,Vitamins & Gummies,Boots High Strength CO-Q10 100 mg 90 Capsules (3 month supply),90pk,£0.43 each,38.50,,
Boots Borehamwood,Vitamins & Wellness,Vitamins & Gummies,Boots High Strength Co-Q10 100mg 30 Capsules (1 Month Supply),30pk,£0.50 each,15.00,,
Boots Borehamwood,Vitamins & Wellness,Vitamins & Gummies,Boots High Strength Glucosamine - 90 Tablets (3 Month Supply),90pk,£0.13 each,12.00,,
Boots Borehamwood,Vitamins & Wellness,Vitamins & Gummies,Boots High Strength Omega 3 Fish Oil 1000 mg 60 Capsules,60pk,£0.23 each,14.00,,
Boots Borehamwood,Vitamins & Wellness,Vitamins & Gummies,Boots High Strength Vitamin B Complex 60 Tablets (2 Month Supply),60pk,£0.13 each,8.00,,
Boots Borehamwood,Vitamins & Wellness,Vitamins & Gummies,Boots High Strength Vitamin B12 250g 180 Pack,180pk,£0.07 each,12.85,,
Boots Borehamwood,Vitamins & Wellness,Vitamins & Gummies,"Boots High Strength Vitamin B12, 60 Tablets",60pk,£0.11 each,6.50,,
Boots Borehamwood,Vitamins & Wellness,Vitamins & Gummies,"Boots High Strength Vitamin C + Vitamin D, 60 Tablets",60pk,£0.18 each,11.00,,
Boots Borehamwood,Vitamins & Wellness,Vitamins & Gummies,Boots High Strength Vitamin C Plus Vitamin D 20 Effervescent Tablets,20pk,£0.11 each,2.25,,
Boots Borehamwood,Vitamins & Wellness,Vitamins & Gummies,Boots High Strength Vitamin D 25 G Food Supplement 90 Tablets,90pk,£0.04 each,4.00,,
Boots Borehamwood,Vitamins & Wellness,Vitamins & Gummies,Boots Immune Defence 30 Tablets 30 Pack,30pk,£0.22 each,6.50,,
Boots Borehamwood,Vitamins & Wellness,Vitamins & Gummies,Boots Immunity Gummies Raspberry 60 Pack,60pk,£0.17 each,10.00,,
Boots Borehamwood,Vitamins & Wellness,Vitamins & Gummies,Boots Iron & Vitamin C 60 Tablets (2 Month Supply),60pk,£0.08 each,4.50,,
Boots Borehamwood,Vitamins & Wellness,Vitamins & Gummies,"Boots Iron + Vitamin Liquid Formula, 250ml",250ml,£46.00/L,11.50,,
Boots Borehamwood,Vitamins & Wellness,Vitamins & Gummies,Boots Iron 14mg 180 Tablets,180pk,£0.04 each,8.00,,
Boots Borehamwood,Vitamins & Wellness,Vitamins & Gummies,Boots Iron 14mg 60 Tablets,60pk,£0.05 each,3.15,,
Boots Borehamwood,Vitamins & Wellness,Vitamins & Gummies,Boots Joint Assure 50+ Tablets 30s,30pk,£0.45 each,13.50,,
Boots Borehamwood,Vitamins & Wellness,Vitamins & Gummies,"Boots Joint Assure Plus, 30 Capsules",30pk,£0.38 each,11.50,,
Boots Borehamwood,Vitamins & Wellness,Vitamins & Gummies,"Boots Joint Assure Turmeric, 30 Capsules + 30 Tablets",,,16.50,,
Boots Borehamwood,Vitamins & Wellness,Vitamins & Gummies,Boots Magnesium 375 mg 60 Tablets (1 Month Supply),60pk,£0.11 each,6.50,,
Boots Borehamwood,Vitamins & Wellness,Vitamins & Gummies,Boots Magnesium 375mg 180 Tablets (3 Month Supply),180pk,£0.07 each,12.85,,
Boots Borehamwood,Vitamins & Wellness,Vitamins & Gummies,Boots Marine Collagen - 30 Tablets,30pk,£0.67 each,20.00,,
Boots Borehamwood,Vitamins & Wellness,Vitamins & Gummies,Boots Marine Collagen - 90 Tablets,90pk,£0.37 each,33.00,,
Boots Borehamwood,Vitamins & Wellness,Vitamins & Gummies,Boots Marine Collagen Liquid Drink 14 Sachets,490g,£57.14/kg,28.00,,
Boots Borehamwood,Vitamins & Wellness,Vitamins & Gummies,Boots Max Strength Co-Q10 30 Capsules,30pk,£0.77 each,23.00,,
Boots Borehamwood,Vitamins & Wellness,Vitamins & Gummies,Boots Max Strength Cod Liver Oil 1000mg - 180 Capsules (6 month supply),180pk,£0.06 each,11.00,,
Boots Borehamwood,Vitamins & Wellness,Vitamins & Gummies,Boots Max Strength Cod Liver Oil 1000mg 60 Capsules (2 Month Supply),60pk,£0.07 each,4.25,,
Boots Borehamwood,Vitamins & Wellness,Vitamins & Gummies,Boots Max Strength Cod Liver Oil 30 Capsules (1 Month Supply),30pk,£0.08 each,2.45,,
Boots Borehamwood,Vitamins & Wellness,Vitamins & Gummies,Boots Max Strength Digestion Relief Milk Thistle 30 Capsules,30pk,£0.33 each,10.00,,
Boots Borehamwood,Vitamins & Wellness,Vitamins & Gummies,"Boots Max Strength Gentle Iron 20 mg, 60 Capsules",60pk,£0.10 each,6.00,,
Boots Borehamwood,Vitamins & Wellness,Vitamins & Gummies,Boots Max Strength Glucosamine - 180 Tablets (6 month supply),180pk,£0.22 each,38.75,,
Boots Borehamwood,Vitamins & Wellness,Vitamins & Gummies,Boots Max Strength Glucosamine 30 Tablets (1 Month Supply),30pk,£0.27 each,8.00,,
Boots Borehamwood,Vitamins & Wellness,Vitamins & Gummies,Boots Max Strength Omega 3 Fish Oil 1000 mg 60 Capsules (2 Month Supply),60pk,£0.24 each,14.50,,
Boots Borehamwood,Vitamins & Wellness,Vitamins & Gummies,Boots Max Strength Plant Sterols 1000 mg Capsules 60s,60pk,£0.32 each,19.00,,
Boots Borehamwood,Vitamins & Wellness,Vitamins & Gummies,Boots Max Strength Vitamin D 100g 90 Tablets,90pk,£0.14 each,13.00,,
Boots Borehamwood,Vitamins & Wellness,Vitamins & Gummies,Boots Max Strength Vitamin D 75 Food Supplement 90 Tablets,90pk,£0.13 each,12.00,,
Boots Borehamwood,Vitamins & Wellness,Vitamins & Gummies,Boots Max Strength Zinc 25mg Tablets 180 Pack,180pk,£0.06 each,10.50,,
Boots Borehamwood,Vitamins & Wellness,Vitamins & Gummies,Boots Modern Chemistry Glow 10% Vitamin C Serum with Ferulic Acid 30ml,30ml,£366.67/L,11.00,,
Boots Borehamwood,Vitamins & Wellness,Vitamins & Gummies,Boots Multivitamin 30 Gummies,30pk,£0.15 each,4.50,,
Boots Borehamwood,Vitamins & Wellness,Vitamins & Gummies,Boots Multivitamin Effervescent Orange Tablets x 20,20pk,£0.11 each,2.25,,
Boots Borehamwood,Vitamins & Wellness,Vitamins & Gummies,Boots Multivitamins For Women - 30 Tablets,30pk,£0.20 each,6.00,,
Boots Borehamwood,Vitamins & Wellness,Vitamins & Gummies,Boots Multivitamins With Iron 180 Tablets (6 Month Supply),180pk,£0.04 each,6.50,,
Boots Borehamwood,Vitamins & Wellness,Vitamins & Gummies,Boots Multivitamins With Iron 30 Tablets (1 Month Supply),30pk,£0.07 each,1.99,,
Boots Borehamwood,Vitamins & Wellness,Vitamins & Gummies,Boots Multivitamins with Iron 90 Tablets (3 Month Supply),90pk,£0.04 each,3.99,,
Boots Borehamwood,Vitamins & Wellness,Vitamins & Gummies,Boots Naturals Peppermint 60 Capsules,60pk,£0.11 each,6.50,,
Boots Borehamwood,Vitamins & Wellness,Vitamins & Gummies,Boots Naturals Turmeric + Black Pepper 60 Tablets,60pk,£0.18 each,11.00,,
Boots Borehamwood,Vitamins & Wellness,Vitamins & Gummies,Boots Omega 3 Fish Oil 1000 mg 180 Capsules (6 Month Supply),180pk,£0.09 each,15.50,,
Boots Borehamwood,Vitamins & Wellness,Vitamins & Gummies,Boots Omega Oils 3 6 & 9 180 Capsules (6 Month Supply),180pk,£0.10 each,18.00,,
Boots Borehamwood,Vitamins & Wellness,Vitamins & Gummies,"Boots Omega Oils 3, 6 And 9 60 Capsules (2 Month Supply)",60pk,£0.12 each,7.00,,
Boots Borehamwood,Vitamins & Wellness,Vitamins & Gummies,Boots Opti- Health - 30 Days Supply,60pk,£0.26 each,15.75,,
Boots Borehamwood,Vitamins & Wellness,Vitamins & Gummies,Boots Plant Sterols Capsules 60s,60pk,£0.18 each,11.00,,
Boots Borehamwood,Vitamins & Wellness,Vitamins & Gummies,Boots Re-Energise Berry 20 Effervescent Tablets,20pk,£0.23 each,4.50,,
Boots Borehamwood,Vitamins & Wellness,Vitamins & Gummies,Boots Re-Energise Mango 20 Effervescent Tablets,20pk,£0.23 each,4.50,,
Boots Borehamwood,Vitamins & Wellness,Vitamins & Gummies,Boots Re-Energise Orange 20 Effervescent Tablets,20pk,£0.23 each,4.50,,
Boots Borehamwood,Vitamins & Wellness,Vitamins & Gummies,Boots Re-Energise Orange 60 Effervescent Tablets,60pk,£0.20 each,12.00,,
Boots Borehamwood,Vitamins & Wellness,Vitamins & Gummies,Boots Red Vine Leaf Leg Vein Support 60 Tablets,60pk,£0.13 each,8.00,,
Boots Borehamwood,Vitamins & Wellness,Vitamins & Gummies,"Boots Selenium With Vitamins A, C And E 60 Tablets (2 Month Supply)",60pk,£0.12 each,7.00,,
Boots Borehamwood,Vitamins & Wellness,Vitamins & Gummies,"Boots Skin Formula Vitamin E, 90 Capsules",90pk,£0.09 each,8.00,,
Boots Borehamwood,Vitamins & Wellness,Vitamins & Gummies,Boots Sleepeaze Herbal Tablets 30 Pack,30pk,£0.20 each,6.00,,
Boots Borehamwood,Vitamins & Wellness,Vitamins & Gummies,Boots Sleepeaze Snoring Relief Oral Strips 21 Pack,21pk,£0.32 each,6.75,,
Boots Borehamwood,Vitamins & Wellness,Vitamins & Gummies,Boots Starflower Oil 1000mg Capsules 30 Pack,30pk,£0.27 each,8.00,,
Boots Borehamwood,Vitamins & Wellness,Vitamins & Gummies,Boots Teens Multivitamins + Omega 3 Gummies 30 Pack,30pk,£0.18 each,5.50,,
Boots Borehamwood,Vitamins & Wellness,Vitamins & Gummies,Boots Value Multivitamin 30,30pk,£0.05 each,1.49,,
Boots Borehamwood,Vitamins & Wellness,Vitamins & Gummies,Boots Value Vitamin C 30 Pack,30pk,£0.05 each,1.49,,
Boots Borehamwood,Vitamins & Wellness,Vitamins & Gummies,Boots Vegan A-Z Wellness Formula - 60 Tablets,60pk,£0.13 each,8.00,,
Boots Borehamwood,Vitamins & Wellness,Vitamins & Gummies,Boots Vegan Glucosamine 90 Tablets (3 Months Supply),90pk,£0.12 each,10.50,,
Boots Borehamwood,Vitamins & Wellness,Vitamins & Gummies,Boots Vegan Omega 3 Oil 60 Capsules,60pk,£0.13 each,8.00,,
Boots Borehamwood,Vitamins & Wellness,Vitamins & Gummies,Boots Vegan Vitamin D3 25?G 90 Tablets (3 Month Supply),90pk,£0.06 each,5.00,,
Boots Borehamwood,Vitamins & Wellness,Vitamins & Gummies,Boots Vit B Complex Tablets 90 Pack,90pk,£0.02 each,1.99,,
Boots Borehamwood,Vitamins & Wellness,Vitamins & Gummies,Boots Vitamin B Complex 180 Tablets (6 Month Supply),180pk,£0.02 each,3.50,,
Boots Borehamwood,Vitamins & Wellness,Vitamins & Gummies,Boots Vitamin B Complex Slow Release Tablets 90 Pack,90pk,£0.06 each,5.00,,
Boots Borehamwood,Vitamins & Wellness,Vitamins & Gummies,Boots Vitamin B12 180 Tablets,180pk,£0.04 each,7.50,,
Boots Borehamwood,Vitamins & Wellness,Vitamins & Gummies,Boots Vitamin B12 Food Supplement 60 Tablets,60pk,£0.05 each,2.90,,
Boots Borehamwood,Vitamins & Wellness,Vitamins & Gummies,Boots Vitamin C & D Tablets 60 Pack,60pk,£0.12 each,7.00,,
Boots Borehamwood,Vitamins & Wellness,Vitamins & Gummies,Boots Vitamin C & Zinc 90 Tablets (3 Months Supply),90pk,£0.06 each,5.00,,
Boots Borehamwood,Vitamins & Wellness,Vitamins & Gummies,Boots Vitamin C + Hyaluronic Acid Night Crerm 50ml,50ml,£240.00/L,12.00,,
Boots Borehamwood,Vitamins & Wellness,Vitamins & Gummies,Boots Vitamin C 1000mg 180 Orange Flavour Chewable Tablets (6 Month Supply),180pk,£0.07 each,13.00,,
Boots Borehamwood,Vitamins & Wellness,Vitamins & Gummies,Boots Vitamin C 1000mg Chewable Tablets Orange 60 Pack,60pk,£0.10 each,5.75,,
Boots Borehamwood,Vitamins & Wellness,Vitamins & Gummies,Boots Vitamin C 1500mg Tablets 60 Pack,60pk,£0.18 each,10.50,,
Boots Borehamwood,Vitamins & Wellness,Vitamins & Gummies,Boots Vitamin C And Zinc 60 Tablets,60pk,£0.06 each,3.50,,
Boots Borehamwood,Vitamins & Wellness,Vitamins & Gummies,Boots Vitamin C And Zinc Effervescent Tablets Orange 20 Pack,20pk,£0.11 each,2.25,,
Boots Borehamwood,Vitamins & Wellness,Vitamins & Gummies,Boots Vitamin C And Zinc Tablets 180 Pack,180pk,£0.04 each,7.50,,
Boots Borehamwood,Vitamins & Wellness,Vitamins & Gummies,Boots Vitamin C Brightening Body Serum 180ml,180ml,£22.22/L,4.00,,
Boots Borehamwood,Vitamins & Wellness,Vitamins & Gummies,Boots Vitamin C Brightening Cleansing Gel 200ml,200ml,£27.50/L,5.50,,
Boots Borehamwood,Vitamins & Wellness,Vitamins & Gummies,Boots Vitamin C Brightening Hand & Nail Serum 85ml,85ml,£35.29/L,3.00,,
Boots Borehamwood,Vitamins & Wellness,Vitamins & Gummies,Boots Vitamin C Effervescent Tablets Blackcurrant 1000mg 20 Pack,20pk,£0.09 each,1.75,,
Boots Borehamwood,Vitamins & Wellness,Vitamins & Gummies,Boots Vitamin C Effervescent Tablets Lemon And Lime 100mg 20 Pack,20pk,£0.09 each,1.75,,
Boots Borehamwood,Vitamins & Wellness,Vitamins & Gummies,Boots Vitamin C Effervescent Tablets Orange 1000mg 20 Pack,20pk,£0.09 each,1.75,,
Boots Borehamwood,Vitamins & Wellness,Vitamins & Gummies,Boots Vitamin C Sheet Mask with Added Vitamin C,23g,£86.96/kg,2.00,,
Boots Borehamwood,Vitamins & Wellness,Vitamins & Gummies,Boots Vitamin C Sustained Release Tablets 90 Pack,90pk,£0.06 each,5.50,,
Boots Borehamwood,Vitamins & Wellness,Vitamins & Gummies,Boots Vitamin C Toner 100ml,100ml,£50.00/L,5.00,,
Boots Borehamwood,Vitamins & Wellness,Vitamins & Gummies,Boots Vitamin D 30 Gummies,30pk,£0.17 each,5.20,,
Boots Borehamwood,Vitamins & Wellness,Vitamins & Gummies,Boots Vitamin D Rapid Test,,,7.99,,
Boots Borehamwood,Vitamins & Wellness,Vitamins & Gummies,Boots Vitamin D Tablets 10ug 90 Pack,90pk,£0.03 each,2.75,,
Boots Borehamwood,Vitamins & Wellness,Vitamins & Gummies,Boots Vitamin D Tablets 25ug 180 Pack,180pk,£0.04 each,7.50,,
Boots Borehamwood,Vitamins & Wellness,Vitamins & Gummies,Boots Vitamin Gummies Beauty - 60 Blueberry Gummies,60pk,£0.17 each,10.00,,
Boots Borehamwood,Vitamins & Wellness,Vitamins & Gummies,Boots Vitamin Gummies Multivit - 60 Mixed Berry Gummies,60pk,£0.17 each,10.00,,
Boots Borehamwood,Vitamins & Wellness,Vitamins & Gummies,Boots Zinc 15mg 180 Tablets (6 Month Supply),180pk,£0.04 each,7.75,,
Boots Borehamwood,Vitamins & Wellness,Vitamins & Gummies,Bubble Day Dream Vitamin C + Niacinamide Serum 30ml,30ml,£660.00/L,19.80,,
Boots Borehamwood,Vitamins & Wellness,Vitamins & Gummies,Cardioace Tablets 30 Pack,30pk,£0.35 each,10.35,,
Boots Borehamwood,Vitamins & Wellness,Vitamins & Gummies,Centrum Advance 50+ Multivitamins & Minerals - 30 Tablets,30pk,£0.20 each,6.00,,
Boots Borehamwood,Vitamins & Wellness,Vitamins & Gummies,"Centrum Advance 50+ Multivitamins & Minerals, 100 Tablets",100pk,£0.18 each,17.95,,
Boots Borehamwood,Vitamins & Wellness,Vitamins & Gummies,"Centrum Advance 50+ Multivitamins & Minerals, 180 Tablets",180pk,£0.16 each,29.40,,
Boots Borehamwood,Vitamins & Wellness,Vitamins & Gummies,Centrum Advance Multivitamins & Minerals Supplement - 180 Tablets,180pk,£0.16 each,29.40,,
Boots Borehamwood,Vitamins & Wellness,Vitamins & Gummies,Centrum Advance Multivitamins And Minerals 100 Tablets,100pk,£0.17 each,17.45,,
Boots Borehamwood,Vitamins & Wellness,Vitamins & Gummies,Centrum Advancetablets 30 Pack,30pk,£0.20 each,6.00,,
Boots Borehamwood,Vitamins & Wellness,Vitamins & Gummies,Centrum Conception Vitamins 400mg Folic Acid 30 Tablets,30pk,£0.35 each,10.35,,
Boots Borehamwood,Vitamins & Wellness,Vitamins & Gummies,Centrum For Men 50+ 30 Pack,30pk,£0.29 each,8.70,,
Boots Borehamwood,Vitamins & Wellness,Vitamins & Gummies,"Centrum Fruity Chewables Multivitamins, 30 Tablets",30pk,£0.33 each,9.75,,
Boots Borehamwood,Vitamins & Wellness,Vitamins & Gummies,Centrum Men 50+ Multivitamins & Minerals 60 Tablets,60pk,£0.31 each,18.65,,
Boots Borehamwood,Vitamins & Wellness,Vitamins & Gummies,Centrum Men Multivitamins & Minerals - 30 Tablets,30pk,£0.29 each,8.70,,
Boots Borehamwood,Vitamins & Wellness,Vitamins & Gummies,Centrum Men Multivitamins & Vitamin 60 Tablets,60pk,£0.24 each,14.30,,
Boots Borehamwood,Vitamins & Wellness,Vitamins & Gummies,Centrum Multi Gummies Mixed Fruit 30 Gummies,30pk,£0.30 each,9.05,,
Boots Borehamwood,Vitamins & Wellness,Vitamins & Gummies,Centrum Multigummies Multivitamins Mixed Fruit - 60 Gummies,60pk,£0.27 each,16.15,,
Boots Borehamwood,Vitamins & Wellness,Vitamins & Gummies,Centrum Vitamin D Boost Multivitamin Capsules 30 Pack,30pk,£0.31 each,9.20,,
Boots Borehamwood,Vitamins & Wellness,Vitamins & Gummies,Centrum Women 50+ Multivitamins & Minerals 30 Tablets,30pk,£0.29 each,8.70,,
Boots Borehamwood,Vitamins & Wellness,Vitamins & Gummies,Centrum Women 50+ Multivitamins & Minerals 60 Tablets,60pk,£0.31 each,18.65,,
Boots Borehamwood,Vitamins & Wellness,Vitamins & Gummies,Centrum Women Multivitamins & Minerals - 30 Tablets,30pk,£0.28 each,8.45,,
Boots Borehamwood,Vitamins & Wellness,Vitamins & Gummies,"Cetaphil Advanced Defence (AM) Morning Serum with Gallic-AOX Power, Vitamin C Serum Alternative, 30ml",30ml,£928.33/L,27.85,,
Boots Borehamwood,Vitamins & Wellness,Vitamins & Gummies,"Cetaphil Repair & Renew (PM) Evening Serum with Gallic-AOX Power, Vitamin C Serum Alternative, 30ml",30ml,£928.33/L,27.85,,
Boots Borehamwood,Vitamins & Wellness,Vitamins & Gummies,"Conceive Plus Men's Fertility Support, Male Fertility Vitamins, 60 Capsules",60pk,£0.40 each,24.10,,
Boots Borehamwood,Vitamins & Wellness,Vitamins & Gummies,"Conceive Plus Womens Fertility Support, Conception Vitamins, 60 Capsules",60pk,£0.40 each,24.10,,
Boots Borehamwood,Vitamins & Wellness,Vitamins & Gummies,Dove Fresh Cotton & Sea Mineral Anti-Perspirant Roll on 50ml,50ml,£69.00/L,3.45,,
Boots Borehamwood,Vitamins & Wellness,Vitamins & Gummies,Efamol High Strength Pure Evening Primrose Oil 90 X 500mg Capsules,90pk,£0.17 each,15.05,,
Boots Borehamwood,Vitamins & Wellness,Vitamins & Gummies,"Ensure Nutrivigor, 400g, Chocolate Flavour Nutritional Shake, with Protein & 27 Vitamins & Minerals",400g,£49.38/kg,19.75,,
Boots Borehamwood,Vitamins & Wellness,Vitamins & Gummies,"Ensure Nutrivigor, 400g, Strawberry Flavour Nutritional Shake, with Protein & 27 Vitamins & Minerals",400g,£49.38/kg,19.75,,
Boots Borehamwood,Vitamins & Wellness,Vitamins & Gummies,"Ensure Nutrivigor, 850g, Vanilla Flavour Nutritional Shake, with Protein & 27 Vitamins & Minerals",850g,£43.18/kg,36.70,,
Boots Borehamwood,Vitamins & Wellness,Vitamins & Gummies,Equazen Capsules - Omega 3 & Omega 6 Supplement - 180 Capsules,180pk,£0.17 each,30.30,,
Boots Borehamwood,Vitamins & Wellness,Vitamins & Gummies,Floradix Iron Tablets 84 Pack,84pk,£0.18 each,15.40,,
Boots Borehamwood,Vitamins & Wellness,Vitamins & Gummies,Floradix Liquid Iron And Vitamin Formula 250ml,250ml,£69.20/L,17.30,,
Boots Borehamwood,Vitamins & Wellness,Vitamins & Gummies,Floradix Liquidiron And Vtmn Formula 500ml,500ml,£50.40/L,25.20,,
Boots Borehamwood,Vitamins & Wellness,Vitamins & Gummies,Floradix Magnesium Liquid Formula - 250 ml,250ml,£57.20/L,14.30,,
Boots Borehamwood,Vitamins & Wellness,Vitamins & Gummies,Floravital Liquid Iron And Vitamin Formula - 500 ml,500ml,£48.30/L,24.15,,
Boots Borehamwood,Vitamins & Wellness,Vitamins & Gummies,Garnier Probiotic Fractions Repairing & Illuminating Eye Sheet Mask 6g,6g,£666.67/kg,4.00,,
Boots Borehamwood,Vitamins & Wellness,Vitamins & Gummies,Gold Collagen Forte 10 Day Programme,500ml,£96.60/L,48.30,,
Boots Borehamwood,Vitamins & Wellness,Vitamins & Gummies,Gold Collagen Forte Ageless 50ml 10 Pack,500ml,£124.90/L,62.45,,
Boots Borehamwood,Vitamins & Wellness,Vitamins & Gummies,Gold Collagen Pure Plus 50ml 10 Pack,500ml,£94.50/L,47.25,,£31.66 loyalty card (£63.32/L)
Boots Borehamwood,Vitamins & Wellness,Vitamins & Gummies,"Grass & Co. Focus Lion's Mane Mushrooms With Ginseng + Omega3, 60 Vegan Capsules",60pk,£0.46 each,27.80,,
Boots Borehamwood,Vitamins & Wellness,Vitamins & Gummies,HRI Water Balance Tablets 100s,100pk,£0.17 each,17.05,,
Boots Borehamwood,Vitamins & Wellness,Vitamins & Gummies,Habi A Good Hair Day Biotin Gummies - 60 Pack,60pk,£0.18 each,11.00,,
Boots Borehamwood,Vitamins & Wellness,Vitamins & Gummies,Habi All Set Multivitamin Gummies 60 Pack,60pk,£0.18 each,11.00,,
Boots Borehamwood,Vitamins & Wellness,Vitamins & Gummies,Habi Apple Burst Apple Cider Vinegar Gummies 30 Pack,30pk,£0.37 each,11.00,,
Boots Borehamwood,Vitamins & Wellness,Vitamins & Gummies,Habi Bedtime Sleep Gummies 60 Pack,60pk,£0.18 each,11.00,,
Boots Borehamwood,Vitamins & Wellness,Vitamins & Gummies,Habi Downtime Magnesium Citrate Gummies - 60 Pack,60pk,£0.18 each,11.00,,
Boots Borehamwood,Vitamins & Wellness,Vitamins & Gummies,Habi Get The Glow Beauty Gummies 60 Pack,60pk,£0.18 each,11.00,,
Boots Borehamwood,Vitamins & Wellness,Vitamins & Gummies,Habi In The Zone Lions Mane Gummies - 60 Pack,60pk,£0.18 each,11.00,,
Boots Borehamwood,Vitamins & Wellness,Vitamins & Gummies,Habi Zen Ashwagandha Gummies 60 Pack,60pk,£0.18 each,11.00,,
Boots Borehamwood,Vitamins & Wellness,Vitamins & Gummies,Hair Gain Hair Capsules - 60 Pack,60pk,£0.65 each,38.80,,
Boots Borehamwood,Vitamins & Wellness,Vitamins & Gummies,Hair Gain Vegan Hair Gummies - 60 Pack,60pk,£0.52 each,31.45,,
Boots Borehamwood,Vitamins & Wellness,Vitamins & Gummies,Hairburst Healthy Hair Vitamins 60 Capsules (1 Month Supply),60pk,£0.47 each,28.35,,
Boots Borehamwood,Vitamins & Wellness,Vitamins & Gummies,Hairburst Strawberry & Blackcurrant Chewable Vitamins 60 Pastilles,60pk,£0.39 each,23.10,,
Boots Borehamwood,Vitamins & Wellness,Vitamins & Gummies,Haliborange 3-12 Years Multivitamins Everyday Health - 30 Strawberry Flavour Softies,30pk,£0.25 each,7.45,,
Boots Borehamwood,Vitamins & Wellness,Vitamins & Gummies,Haliborange 3-12 Years Omega-3 & Multivitamins - 30 Orange Softies,30pk,£0.25 each,7.55,,
Boots Borehamwood,Vitamins & Wellness,Vitamins & Gummies,Haliborange 3-12 Years Omega-3 & Multivitamins - 60 Orange Softies,60pk,£0.21 each,12.70,,
Boots Borehamwood,Vitamins & Wellness,Vitamins & Gummies,Haliborange Disney Frozen Multivitamins 60 Strawberry Softies,60pk,£0.24 each,14.40,,
Boots Borehamwood,Vitamins & Wellness,Vitamins & Gummies,"Haliborange Disney Toy Story Calcium & Vit D, 60 Strawberry Flavour Softies",60pk,£0.24 each,14.40,,
Boots Borehamwood,Vitamins & Wellness,Vitamins & Gummies,"Haliborange Disney Toy Story Multivitamins With Omega 3, 60 Orange Flavour Gummies",60pk,£0.24 each,14.40,,
Boots Borehamwood,Vitamins & Wellness,Vitamins & Gummies,Haliborange Iron & Energy Support - 30 Gummies,30pk,£0.32 each,9.65,,
Boots Borehamwood,Vitamins & Wellness,Vitamins & Gummies,Haliborange Iron Softies 30 Pack,30pk,£0.24 each,7.20,,
Boots Borehamwood,Vitamins & Wellness,Vitamins & Gummies,Haliborange Kids Vitamin D Calcium Softies 30 Strawberry Shapes,30pk,£0.25 each,7.45,,
Boots Borehamwood,Vitamins & Wellness,Vitamins & Gummies,Haliborange Multivitamins and Minerals Liquid 250ml,294g,£23.30/kg,6.85,,
Boots Borehamwood,Vitamins & Wellness,Vitamins & Gummies,Haliborange Softies Calcium & Vitamin D 60 Pack,60pk,£0.19 each,11.55,,
Boots Borehamwood,Vitamins & Wellness,Vitamins & Gummies,Haliborange Vitamin C Tablets Effervescent 20 Pack,20pk,£0.28 each,5.60,,
Boots Borehamwood,Vitamins & Wellness,Vitamins & Gummies,Health & Her Intimacy+ Multi Nutrient Support - 60 Capsules,60pk,£0.53 each,31.95,,
Boots Borehamwood,Vitamins & Wellness,Vitamins & Gummies,Heights Biotic Food Supplement 30 Capsules,30pk,£1.40 each,42.00,,
Boots Borehamwood,Vitamins & Wellness,Vitamins & Gummies,Heights Magnesium Food Supplement 60 Capsules,60pk,£0.35 each,21.00,,
Boots Borehamwood,Vitamins & Wellness,Vitamins & Gummies,Heights Vitals Multivitamin 60 Capsules,60pk,£0.70 each,42.00,,
Boots Borehamwood,Vitamins & Wellness,Vitamins & Gummies,ICaps Tablets 30s,30pk,£0.67 each,20.05,,
Boots Borehamwood,Vitamins & Wellness,Vitamins & Gummies,Jml Mineral Magic Powder Almond,,,16.45,,
Boots Borehamwood,Vitamins & Wellness,Vitamins & Gummies,Jml Mineral Magic Powder Almond 6.5g,6g,"£2,741.67/kg",16.45,,
Boots Borehamwood,Vitamins & Wellness,Vitamins & Gummies,Jshealth Vitamins Advanced Magnesium+ Formula - 60 Tablets,60pk,£0.33 each,19.75,,
Boots Borehamwood,Vitamins & Wellness,Vitamins & Gummies,Jude Bladder Health Supplements 60 Capsules,60pk,£0.63 each,37.80,,
Boots Borehamwood,Vitamins & Wellness,Vitamins & Gummies,Jude Night Bladder Supplements x60 Capsules,60pk,£0.53 each,31.50,,
Boots Borehamwood,Vitamins & Wellness,Vitamins & Gummies,Jude Trial Pack Night Bladder Supplements Capsules 42s,42pk,£0.50 each,21.00,,
Boots Borehamwood,Vitamins & Wellness,Vitamins & Gummies,Kalms Lavender One-A-Day - 14 Capsules,14pk,£0.57 each,8.00,,
Boots Borehamwood,Vitamins & Wellness,Vitamins & Gummies,King of Shaves Refillable Sensitive Advanced Shave Oil with Vitamin E 30ml,30ml,£228.33/L,6.85,,
Boots Borehamwood,Vitamins & Wellness,Vitamins & Gummies,Kwai Heart Care Garlic 300mg Plus Vitamin B1 100 Tablets,100pk,£0.18 each,17.60,,
Boots Borehamwood,Vitamins & Wellness,Vitamins & Gummies,Lift Glucose Juice Shot Berry Burst Flavour - 60ml,60ml,£30.00/L,1.80,,
Boots Borehamwood,Vitamins & Wellness,Vitamins & Gummies,MacuShield GOLD 30 Day Pack 90 Capsules,90pk,£0.37 each,33.60,,
Boots Borehamwood,Vitamins & Wellness,Vitamins & Gummies,MacuShield Original+ Capsules 30 Pack,30pk,£0.74 each,22.05,,
Boots Borehamwood,Vitamins & Wellness,Vitamins & Gummies,MacuShield Original+ Capsules 90 Pack,90pk,£0.56 each,50.70,,
Boots Borehamwood,Vitamins & Wellness,Vitamins & Gummies,Macushield Original Chewable 30 Tablets,30pk,£0.74 each,22.05,,
Boots Borehamwood,Vitamins & Wellness,Vitamins & Gummies,Macushield Original+ Omega 3 Capsules - 30 Day Pack,30pk,£1.01 each,30.40,,
Boots Borehamwood,Vitamins & Wellness,Vitamins & Gummies,Maybelline New York Lash Sensational Sky High Boosting Tinted Primer with Vitamin B5 & Ceramides,7ml,"£2,035.71/L",14.25,,
Boots Borehamwood,Vitamins & Wellness,Vitamins & Gummies,Milkaid Lactase Enzyme Supplement - 120 Tablets(now Sorbitol Free),120pk,£0.12 each,14.25,,
Boots Borehamwood,Vitamins & Wellness,Vitamins & Gummies,Modern Chemistry Ashwagandha Ksm-66 Capsules 30 Pack,30pk,£0.44 each,13.20,,
Boots Borehamwood,Vitamins & Wellness,Vitamins & Gummies,Modern Chemistry Iron Bisglycinate + Vitamin C Capsules 60 Pack,60pk,£0.15 each,9.20,,
Boots Borehamwood,Vitamins & Wellness,Vitamins & Gummies,Modern Chemistry Lion's Mane Capsules 60 Pack,60pk,£0.22 each,13.20,,
Boots Borehamwood,Vitamins & Wellness,Vitamins & Gummies,Modern Chemistry Liposomal Vitamin B12 Drops 60ml,60ml,£231.67/L,13.90,,
Boots Borehamwood,Vitamins & Wellness,Vitamins & Gummies,Modern Chemistry Liposomal Vitamin D3 & K2 Drops 60ml,60ml,£231.67/L,13.90,,
Boots Borehamwood,Vitamins & Wellness,Vitamins & Gummies,Modern Chemistry Magnesium Bisglycinate 1692mg Capsules 60 Pack,60pk,£0.18 each,11.00,,
Boots Borehamwood,Vitamins & Wellness,Vitamins & Gummies,Modern Chemistry Magnesium Citrate Tablets 60 Pack,60pk,£0.18 each,11.00,,
Boots Borehamwood,Vitamins & Wellness,Vitamins & Gummies,Nails.INC Vit C Please Cuticle Oil,14ml,£739.29/L,10.35,,
Boots Borehamwood,Vitamins & Wellness,Vitamins & Gummies,Nature Bounty Turmeric 500mg 60 Capsules,60pk,£0.22 each,13.20,,
Boots Borehamwood,Vitamins & Wellness,Vitamins & Gummies,Natures Aid Bluey Gummies Multivitamin Strawberry 30 Pack,30pk,£0.34 each,10.25,,
Boots Borehamwood,Vitamins & Wellness,Vitamins & Gummies,Naturium Vitamin C Complex Serum 30ml,30ml,£770.00/L,23.10,,
Boots Borehamwood,Vitamins & Wellness,Vitamins & Gummies,New Nordic Magic Magnesium Glycinate 600mg Tablets 60 Tablets,60pk,£0.36 each,21.60,,
Boots Borehamwood,Vitamins & Wellness,Vitamins & Gummies,Novomins Cranberry And D Mannose Gummy Vitamins Strawberry Flavour - 60 Gummies,60pk,£0.37 each,21.95,,
Boots Borehamwood,Vitamins & Wellness,Vitamins & Gummies,Novomins Womens Bio Balance Gummy Vitamins Strawberry Flavour - 60 Gummies,60pk,£0.37 each,21.95,,
Boots Borehamwood,Vitamins & Wellness,Vitamins & Gummies,Olay RETINOL 24 Night Eye Cream with RETINOL & Vitamin B3 15ml,15ml,"£2,096.67/L",31.45,,
Boots Borehamwood,Vitamins & Wellness,Vitamins & Gummies,Olay RETINOL 24 Night Serum with RETINOL & Vitamin B3 40ml,40ml,£786.25/L,31.45,,
Boots Borehamwood,Vitamins & Wellness,Vitamins & Gummies,Optibac Adult Gummies - 30 Gummies,30pk,£0.51 each,15.35,,
Boots Borehamwood,Vitamins & Wellness,Vitamins & Gummies,Optibac Every Day - 30 Capsules,30pk,£0.55 each,16.45,,
Boots Borehamwood,Vitamins & Wellness,Vitamins & Gummies,Optibac Every Day Extra - 30 Capsules,30pk,£0.98 each,29.35,,
Boots Borehamwood,Vitamins & Wellness,Vitamins & Gummies,Optibac For Those On Antibiotics - 10 Capsules,10pk,£1.27 each,12.65,,
Boots Borehamwood,Vitamins & Wellness,Vitamins & Gummies,Optibac Intimate Flora For Women - 30 Capsules,30pk,£0.73 each,22.00,,
Boots Borehamwood,Vitamins & Wellness,Vitamins & Gummies,Ova Ovahim Advanced Sperm Support 56 Capsules,56pk,£0.45 each,25.15,,
Boots Borehamwood,Vitamins & Wellness,Vitamins & Gummies,Pernaton Gel for Joint Massage 125ml,125ml,£105.20/L,13.15,,
Boots Borehamwood,Vitamins & Wellness,Vitamins & Gummies,Pixi Vitamin-C Tonic 250ml,250ml,£79.20/L,19.80,,
Boots Borehamwood,Vitamins & Wellness,Vitamins & Gummies,Proceive Myo Inositol Powder Sachets 30 Pack,120g,£262.08/kg,31.45,,
Boots Borehamwood,Vitamins & Wellness,Vitamins & Gummies,Radox Mineral Therapy Bath Soak Muscle Soak 1l,1L,£3.15/L,3.15,,
Boots Borehamwood,Vitamins & Wellness,Vitamins & Gummies,Radox Mineral Therapy Feel Awake Shower Gel 225ml,225ml,£5.11/L,1.15,,
Boots Borehamwood,Vitamins & Wellness,Vitamins & Gummies,Radox Mineral Therapy Feel Indulged Shower Cream 225ml,225ml,£5.11/L,1.15,,
Boots Borehamwood,Vitamins & Wellness,Vitamins & Gummies,Radox Mineral Therapy Feel Radiant Bath Soak 500ml,500ml,£4.00/L,2.00,,
Boots Borehamwood,Vitamins & Wellness,Vitamins & Gummies,Radox Mineral Therapy Feel Radiant Shower Gel 675ml,675ml,£3.78/L,2.55,,
Boots Borehamwood,Vitamins & Wellness,Vitamins & Gummies,Radox Mineral Therapy Feel Renewed Shower Cream 225ml,225ml,£5.11/L,1.15,,
Boots Borehamwood,Vitamins & Wellness,Vitamins & Gummies,Red Clover Isoflavones 30 Tablets,30pk,£0.51 each,15.40,,
Boots Borehamwood,Vitamins & Wellness,Vitamins & Gummies,Rescue Remedy Dropper Orange & Mango 20ml,20ml,£767.50/L,15.35,,
Boots Borehamwood,Vitamins & Wellness,Vitamins & Gummies,Rescue Remedy Gummies Day 60 Pack,60pk,£0.26 each,15.40,,
Boots Borehamwood,Vitamins & Wellness,Vitamins & Gummies,Rescue Remedy Gummies Night 60 Pack,60pk,£0.26 each,15.40,,
Boots Borehamwood,Vitamins & Wellness,Vitamins & Gummies,"Revive Collagen Citrus Flavoured Drink Supplement 8,500mg 14 x 22g Sachets",14pk,£2.77 each,38.80,,
Boots Borehamwood,Vitamins & Wellness,Vitamins & Gummies,"Revive Collagen Citrus Flavoured Drink Supplement 8,500mg 28 x 22g Sachets",28pk,£2.51 each,70.30,,
Boots Borehamwood,Vitamins & Wellness,Vitamins & Gummies,"Revive Collagen Tropical Flavoured Drink Supplement 10,000mg 14 x 22g Sachets",14pk,£3.37 each,47.20,,
Boots Borehamwood,Vitamins & Wellness,Vitamins & Gummies,Sambucol Gummies For Kids - 30 Gummies,30pk,£0.43 each,12.95,,
Boots Borehamwood,Vitamins & Wellness,Vitamins & Gummies,Sambucol Gummies Immuno Forte - 30 Gummies,30pk,£0.48 each,14.30,,
Boots Borehamwood,Vitamins & Wellness,Vitamins & Gummies,Sambucol Liquid Extra Defence - 120ml,120ml,£130.00/L,15.60,,
Boots Borehamwood,Vitamins & Wellness,Vitamins & Gummies,Sambucol Liquid Extract Immuno Forte Formula - 120 ml,120ml,£107.08/L,12.85,,
Boots Borehamwood,Vitamins & Wellness,Vitamins & Gummies,Sea Band nausea relief ginger gummies 60s,,,14.25,,
Boots Borehamwood,Vitamins & Wellness,Vitamins & Gummies,Selenium - Ace 90Tablets Tablets 90 Pack,90pk,£0.15 each,13.55,,
Boots Borehamwood,Vitamins & Wellness,Vitamins & Gummies,Seven Seas 1 A Day Cod Liver Oil 60 Pack,60pk,£0.14 each,8.15,,
Boots Borehamwood,Vitamins & Wellness,Vitamins & Gummies,Seven Seas Cod Liver Oil And Multivitamins Capsules 90 Pack,90pk,£0.18 each,16.15,,
Boots Borehamwood,Vitamins & Wellness,Vitamins & Gummies,"Seven Seas Cod Liver Oil Max Strength Omega-3 Fish Oil & Vitamin D, 60 Capsules, 2 Months Supply",60pk,£0.24 each,14.40,,
Boots Borehamwood,Vitamins & Wellness,Vitamins & Gummies,Seven Seas Cod Liver Oil Omega-3 Maximum Strength Liquid 450ml,450ml,£58.22/L,26.20,,
Boots Borehamwood,Vitamins & Wellness,Vitamins & Gummies,Seven Seas Evening Primrseoil 1000mg 30 Pack,30pk,£0.39 each,11.55,,
Boots Borehamwood,Vitamins & Wellness,Vitamins & Gummies,Seven Seas Jointcare Collagen 30 Capsules And 30 Tablets,,,22.00,,
Boots Borehamwood,Vitamins & Wellness,Vitamins & Gummies,Seven Seas Jointcare Essential Capsules 60 Pack,60pk,£0.37 each,21.95,,
Boots Borehamwood,Vitamins & Wellness,Vitamins & Gummies,Seven Seas Jointcare Essential Food Supplements,30pk,£0.39 each,11.55,,
Boots Borehamwood,Vitamins & Wellness,Vitamins & Gummies,Seven Seas Jointcare Max Glucosamine 30 Capsules And 30 Tablets,,,27.55,,
Boots Borehamwood,Vitamins & Wellness,Vitamins & Gummies,Seven Seas Jointcare Turmeric 30 Capsules And 30 Tablets,,,22.00,,
Boots Borehamwood,Vitamins & Wellness,Vitamins & Gummies,"Seven Seas Omega 3 & Multivitamins Man 50+, 30 Day Duo Pack",,,22.05,,
Boots Borehamwood,Vitamins & Wellness,Vitamins & Gummies,"Seven Seas Omega-3 & Gut Friendly Bacteria: With Vitamin D, Omega-3 And Bacillus Subtilis, Food Supplements, 30-Day Pack",30pk,£0.66 each,19.80,,
Boots Borehamwood,Vitamins & Wellness,Vitamins & Gummies,Seven Seas Omega-3 & Multivitamins Man 30 Day Duo Pack,,,22.05,,
Boots Borehamwood,Vitamins & Wellness,Vitamins & Gummies,Seven Seas Omega-3 & Multivitamins Woman Duopack 30 Pack,,,22.05,,
Boots Borehamwood,Vitamins & Wellness,Vitamins & Gummies,"Seven Seas Omega-3 Fish Oil & Immunity, with Vitamin C, Vitamin D, Duo Pack: 30 Capsules+30 Tablets",,,22.05,,
Boots Borehamwood,Vitamins & Wellness,Vitamins & Gummies,Seven Seas Omega-3 Fish Oil & Turmeric With Vitamin D 30 Day Duo Pack,,,22.55,,
Boots Borehamwood,Vitamins & Wellness,Vitamins & Gummies,Seven Seas Omega-3 Fish Oil Extra Strength With Vitamin D 30 Capsules,30pk,£0.50 each,15.00,,
Boots Borehamwood,Vitamins & Wellness,Vitamins & Gummies,"Seven Seas Omega-3 Fish Oil High Strength Plus Cod Liver Oil & Vitamin D, 120 Capsules, 4 Months Supply",120pk,£0.14 each,16.50,,
Boots Borehamwood,Vitamins & Wellness,Vitamins & Gummies,"Seven Seas Omega-3 Fish Oil High Strength Plus Cod Liver Oil & Vitamin D, 60 Capsules, 2 Months Supply",60pk,£0.17 each,10.35,,
Boots Borehamwood,Vitamins & Wellness,Vitamins & Gummies,Seven Seas Omega-3 Fish Oil Max Strength With Vitamin D 30 Capsules,30pk,£0.74 each,22.05,,
Boots Borehamwood,Vitamins & Wellness,Vitamins & Gummies,Seven Seas Omega-3 Fish Oil Plus Cod Liver Oil MAX STRENGTH With Vitamins D And Vitamin E,300ml,£69.17/L,20.75,,
Boots Borehamwood,Vitamins & Wellness,Vitamins & Gummies,Seven Seas Omega-3 Fish Oil With Vitamin D 30 Capsules,30pk,£0.37 each,11.00,,
Boots Borehamwood,Vitamins & Wellness,Vitamins & Gummies,Seven Seas Simply Timeless Cod Liver Oil One-A-Day - 120 Capsules,120pk,£0.12 each,14.30,,
Boots Borehamwood,Vitamins & Wellness,Vitamins & Gummies,Seven Seas Woman 50+ Omega 3 & Multivitamins 30 Day Duo Pack,,,22.05,,
Boots Borehamwood,Vitamins & Wellness,Vitamins & Gummies,Simple Booster Serum 10% Niacinamide (Vitamin B3) 30ml,30ml,£381.67/L,11.45,,
Boots Borehamwood,Vitamins & Wellness,Vitamins & Gummies,Simple Glow+ 10% Vitamins C + E + F Serum 30 ml,30ml,£381.67/L,11.45,,
Boots Borehamwood,Vitamins & Wellness,Vitamins & Gummies,Smart Strains For Antibiotics Capsules 20 Pack,20pk,£0.91 each,18.10,,
Boots Borehamwood,Vitamins & Wellness,Vitamins & Gummies,Smart Strains Womens Health Capsules 30 Pack,30pk,£0.77 each,23.05,,
Boots Borehamwood,Vitamins & Wellness,Vitamins & Gummies,Solpadeine Headache Soluble Tablets - 16 Tablets,16pk,£0.17 each,2.75,,
Boots Borehamwood,Vitamins & Wellness,Vitamins & Gummies,Spatone + 28 x 20ml Sachets,28pk,£0.63 each,17.60,,
Boots Borehamwood,Vitamins & Wellness,Vitamins & Gummies,Spatone Apple Daily Iron Shots + Vitamin C 14 Sachets,14pk,£0.91 each,12.70,,
Boots Borehamwood,Vitamins & Wellness,Vitamins & Gummies,Spatone Apple Daily Iron Shots + Vitamin C 28 Sachets,28pk,£0.70 each,19.60,,
Boots Borehamwood,Vitamins & Wellness,Vitamins & Gummies,Strepsils Orange with Vitamin C (100mg) Sore Throat Lozenges 36s,36pk,£0.19 each,6.85,,
Boots Borehamwood,Vitamins & Wellness,Vitamins & Gummies,Symprove Gut Solution Mango And Passionfruit,500ml,£48.20/L,24.10,,
Boots Borehamwood,Vitamins & Wellness,Vitamins & Gummies,Symprove Gut Solution Original 500ml,500ml,£48.20/L,24.10,,
Boots Borehamwood,Vitamins & Wellness,Vitamins & Gummies,Symprove Gut Solution Strawberry And Raspberry,500ml,£48.20/L,24.10,,
Boots Borehamwood,Vitamins & Wellness,Vitamins & Gummies,Tonic Kids Multivitamin Gummies Strawberry X 30,30pk,£0.37 each,11.00,,
Boots Borehamwood,Vitamins & Wellness,Vitamins & Gummies,Trip Cbd Oil 1000mg Orange Blossom & Chamomile 15ml,15ml,"£1,750.00/L",26.25,,
Boots Borehamwood,Vitamins & Wellness,Vitamins & Gummies,Trip Cbd Oil 1000mg Wild Mint & Chamomile 15ml,15ml,"£1,750.00/L",26.25,,
Boots Borehamwood,Vitamins & Wellness,Vitamins & Gummies,Trip Cbd Oil 300mg Orange Blossom & Chamomile 15ml,15ml,"£1,100.00/L",16.50,,
Boots Borehamwood,Vitamins & Wellness,Vitamins & Gummies,Trip Cbd Oil 300mg Wild Mint & Chamomile 15ml,15ml,"£1,100.00/L",16.50,,
Boots Borehamwood,Vitamins & Wellness,Vitamins & Gummies,Trip Cbd Oil Dream Drops 3000mg 30ml,30ml,"£1,365.00/L",40.95,,
Boots Borehamwood,Vitamins & Wellness,Vitamins & Gummies,Trip Wild Strawberry Cbd Gummies x30,30pk,£0.51 each,15.35,,
Boots Borehamwood,Vitamins & Wellness,Vitamins & Gummies,Unfabled Apple Cider Vinegar Gummies 60 Pack,60pk,£0.24 each,14.25,,
Boots Borehamwood,Vitamins & Wellness,Vitamins & Gummies,Unfabled Ashwagandha Gummies 60 Pack,60pk,£0.26 each,15.35,,
Boots Borehamwood,Vitamins & Wellness,Vitamins & Gummies,Visionace Tablets 30 Pack,30pk,£0.30 each,8.95,,
Boots Borehamwood,Vitamins & Wellness,Vitamins & Gummies,Vitabiotics Brains Cbd Oil 1000mg 30ml,30ml,"£1,855.00/L",55.65,,
Boots Borehamwood,Vitamins & Wellness,Vitamins & Gummies,Vitabiotics Cardioace Plus - 60 capsules,60pk,£0.34 each,20.35,,
Boots Borehamwood,Vitamins & Wellness,Vitamins & Gummies,Vitabiotics Diabetone - 30 Tablets,30pk,£0.40 each,11.95,,
Boots Borehamwood,Vitamins & Wellness,Vitamins & Gummies,Vitabiotics Diabetone Plus Omega Capsules 28,56pk,£0.34 each,19.25,,
Boots Borehamwood,Vitamins & Wellness,Vitamins & Gummies,Vitabiotics Feroglobin - 30 Capsules,30pk,£0.21 each,6.30,,
Boots Borehamwood,Vitamins & Wellness,Vitamins & Gummies,Vitabiotics Feroglobin Liquid - 500ml,500ml,£26.60/L,13.30,,
Boots Borehamwood,Vitamins & Wellness,Vitamins & Gummies,Vitabiotics Feroglobin Liquid 200ml,200ml,£26.25/L,5.25,,
Boots Borehamwood,Vitamins & Wellness,Vitamins & Gummies,Vitabiotics Feroglobin Liquid Plus - 200ml,200ml,£56.25/L,11.25,,
Boots Borehamwood,Vitamins & Wellness,Vitamins & Gummies,Vitabiotics Immunace Extra Protection - 30 Tablets,30pk,£0.55 each,16.50,,
Boots Borehamwood,Vitamins & Wellness,Vitamins & Gummies,Vitabiotics Immunace Original - 30 Tablets,30pk,£0.30 each,9.05,,
Boots Borehamwood,Vitamins & Wellness,Vitamins & Gummies,Vitabiotics Jointace Collagen - 30 Tablets,30pk,£0.57 each,17.10,,
Boots Borehamwood,Vitamins & Wellness,Vitamins & Gummies,Vitabiotics Jointace Original - 30 Tablets,30pk,£0.44 each,13.30,,
Boots Borehamwood,Vitamins & Wellness,Vitamins & Gummies,Vitabiotics Jointace Original - 90 Tablets,90pk,£0.36 each,32.00,,
Boots Borehamwood,Vitamins & Wellness,Vitamins & Gummies,Vitabiotics Neuromind Original 30 Tablets,30pk,£0.39 each,11.55,,
Boots Borehamwood,Vitamins & Wellness,Vitamins & Gummies,Vitabiotics Osteocare Advanced Tablets 30 Pack,30pk,£0.23 each,6.90,,
Boots Borehamwood,Vitamins & Wellness,Vitamins & Gummies,Vitabiotics Osteocare Glucosamine & Chondroitin Tablets - 60,60pk,£0.28 each,17.05,,
Boots Borehamwood,Vitamins & Wellness,Vitamins & Gummies,Vitabiotics Osteocare Liquid Original - 500ml,500ml,£24.20/L,12.10,,
Boots Borehamwood,Vitamins & Wellness,Vitamins & Gummies,Vitabiotics Osteocare Original - 90 Tablets,90pk,£0.17 each,15.40,,
Boots Borehamwood,Vitamins & Wellness,Vitamins & Gummies,Vitabiotics Perfectil Max - 84 Tablets,,,25.20,,
Boots Borehamwood,Vitamins & Wellness,Vitamins & Gummies,Vitabiotics Perfectil Original Triple Active - 30 Tablets,30pk,£0.24 each,7.20,,
Boots Borehamwood,Vitamins & Wellness,Vitamins & Gummies,Vitabiotics Perfectil Original Triple Active - 90 Tablets,90pk,£0.23 each,20.75,,
Boots Borehamwood,Vitamins & Wellness,Vitamins & Gummies,Vitabiotics Perfectil Platinum - 60 Tablets,60pk,£0.77 each,46.30,,
Boots Borehamwood,Vitamins & Wellness,Vitamins & Gummies,Vitabiotics Perfectil Plus Hair - 60 Tablets,60pk,£0.35 each,21.00,,
Boots Borehamwood,Vitamins & Wellness,Vitamins & Gummies,Vitabiotics Perfectil Plus Skin - 56 Tablets,56pk,£0.37 each,20.90,,
Boots Borehamwood,Vitamins & Wellness,Vitamins & Gummies,Vitabiotics Pregnacare Plus Omega-3 - 56 Tablets,56pk,£0.27 each,15.20,,
Boots Borehamwood,Vitamins & Wellness,Vitamins & Gummies,"Vitabiotics Ultra Bilberry, Lutein & Zeaxanthin - 30 Tablets",30pk,£0.39 each,11.55,,
Boots Borehamwood,Vitamins & Wellness,Vitamins & Gummies,Vitabiotics Ultra D3 25 ug - 96 Tablets,96pk,£0.06 each,6.20,,
Boots Borehamwood,Vitamins & Wellness,Vitamins & Gummies,Vitabiotics Ultra Krill Oil - 30 Capsules,30pk,£0.72 each,21.45,,
Boots Borehamwood,Vitamins & Wellness,Vitamins & Gummies,Vitabiotics Ultra Magnesium - 60 Tablets,60pk,£0.11 each,6.65,,
Boots Borehamwood,Vitamins & Wellness,Vitamins & Gummies,Vitabiotics Ultra Turmeric With Black Pepper & Vitamin D - 60 Tablets,60pk,£0.32 each,19.00,,
Boots Borehamwood,Vitamins & Wellness,Vitamins & Gummies,Vitabiotics Ultra Vitamin D 2000 Iu Extra Strength 96 Tablets,96pk,£0.10 each,9.85,,
Boots Borehamwood,Vitamins & Wellness,Vitamins & Gummies,Vitabiotics Ultra Vitamin D D3 3000 96 Pack,96pk,£0.14 each,13.85,,
Boots Borehamwood,Vitamins & Wellness,Vitamins & Gummies,Vitabiotics Visionace Max - 56 Tablets,,,26.45,,
Boots Borehamwood,Vitamins & Wellness,Vitamins & Gummies,Vitabiotics Wellkid Calcium Liquid 150ml,150ml,£40.00/L,6.00,,
Boots Borehamwood,Vitamins & Wellness,Vitamins & Gummies,Vitabiotics Wellkid Multi-Vitamin Liquid 150ml,150ml,£57.33/L,8.60,,
Boots Borehamwood,Vitamins & Wellness,Vitamins & Gummies,Vitabiotics Wellkid Multi-Vitamin Smart Chewable 4-12 Years - 30 Chewable Tablets,30pk,£0.27 each,8.05,,
Boots Borehamwood,Vitamins & Wellness,Vitamins & Gummies,Vitabiotics Wellkid Peppa Pig Multi-Vits - 30 Jellies,30pk,£0.33 each,10.00,,
Boots Borehamwood,Vitamins & Wellness,Vitamins & Gummies,Vitabiotics Wellkid Peppa Pig Vitamin D - 30 Jellies,30pk,£0.29 each,8.60,,
Boots Borehamwood,Vitamins & Wellness,Vitamins & Gummies,Vitabiotics Wellkid the Mandalorian Multivitamin Gummies 50s,50pk,£0.28 each,13.80,,
Boots Borehamwood,Vitamins & Wellness,Vitamins & Gummies,Vitabiotics Wellman 50+ 30 Tablets,30pk,£0.39 each,11.55,,
Boots Borehamwood,Vitamins & Wellness,Vitamins & Gummies,Vitabiotics Wellman 70+ - 30 Tablets,30pk,£0.37 each,11.00,,
Boots Borehamwood,Vitamins & Wellness,Vitamins & Gummies,Vitabiotics Wellman Conception - 30 Tablets,30pk,£0.46 each,13.85,,
Boots Borehamwood,Vitamins & Wellness,Vitamins & Gummies,Vitabiotics Wellman Conception Max - 56 Tablets + 28 Capsules,84pk,£0.32 each,26.75,,
Boots Borehamwood,Vitamins & Wellness,Vitamins & Gummies,Vitabiotics Wellman Max - 84 Tablets,84pk,£0.28 each,23.10,,
Boots Borehamwood,Vitamins & Wellness,Vitamins & Gummies,Vitabiotics Wellman Original - 30 Tablets,30pk,£0.25 each,7.50,,
Boots Borehamwood,Vitamins & Wellness,Vitamins & Gummies,"Vitabiotics Wellman Plus Omega 3, 6 & 9 - 56 Tablets",56pk,£0.34 each,19.00,,
Boots Borehamwood,Vitamins & Wellness,Vitamins & Gummies,Vitabiotics Wellman Prostace - 60 Tablets,60pk,£0.35 each,21.00,,
Boots Borehamwood,Vitamins & Wellness,Vitamins & Gummies,Vitabiotics Wellman Sport - 30 Tablets,30pk,£0.46 each,13.75,,
Boots Borehamwood,Vitamins & Wellness,Vitamins & Gummies,Vitabiotics Wellteen Her - 30 Tablets,30pk,£0.36 each,10.90,,
Boots Borehamwood,Vitamins & Wellness,Vitamins & Gummies,Vitabiotics Wellteen Her Plus - 56 Pack,28pk,£0.57 each,16.00,,
Boots Borehamwood,Vitamins & Wellness,Vitamins & Gummies,Vitabiotics Wellteen Him - 30 Tablets,30pk,£0.36 each,10.90,,
Boots Borehamwood,Vitamins & Wellness,Vitamins & Gummies,Vitabiotics Wellteen Him Plus - 56 Tablets,28pk,£0.57 each,16.00,,
Boots Borehamwood,Vitamins & Wellness,Vitamins & Gummies,Vitabiotics Wellwoman Health And Vitality Tablets 70+ 30 Pack,30pk,£0.37 each,11.00,,
Boots Borehamwood,Vitamins & Wellness,Vitamins & Gummies,Vitabiotics Wellwoman Original - 30 Capsules,30pk,£0.25 each,7.50,,
Boots Borehamwood,Vitamins & Wellness,Vitamins & Gummies,Vitabiotics Wellwoman Plus Omega 3.6.9 - 56 Tablets,56pk,£0.34 each,19.00,,
Boots Borehamwood,Vitamins & Wellness,Vitamins & Gummies,Vitabiotics Wellwoman Vegan 60 Tablets,60pk,£0.22 each,13.20,,
Boots Borehamwood,Vitamins & Wellness,Vitamins & Gummies,"Vitamin D 10 ug Food Supplement, 180 Tablets",180pk,£0.03 each,4.60,,
Boots Borehamwood,Vitamins & Wellness,Vitamins & Gummies,Viviscal Women's Max Strength Supplement 30 Tablets,30pk,£1.05 each,31.50,,
Boots Borehamwood,Vitamins & Wellness,Vitamins & Gummies,Wellkid Immune Chewable - 30 Tablets,30pk,£0.36 each,10.90,,
Boots Borehamwood,Vitamins & Wellness,Vitamins & Gummies,Wellteen Him 60 Gummies Mixed Ber&Cher,60pk,£0.27 each,15.95,,
Boots Borehamwood,Vitamins & Wellness,Vitamins & Gummies,Wellthy By Boots Hair Grow Chewable Hair Formula Gummies 60S,60pk,£0.23 each,14.00,,
Boots Borehamwood,Vitamins & Wellness,Vitamins & Gummies,Wellthy by Boots Daily Fibre High Strength Fibre Capsules 90s,90pk,£0.14 each,12.49,,
Boots Borehamwood,Vitamins & Wellness,Vitamins & Gummies,Wellthy by Boots Daily Gut Keep it Moving Blend Capsules - 60 Capsules,60pk,£0.17 each,10.00,,
Boots Borehamwood,Vitamins & Wellness,Vitamins & Gummies,Wellthy by Boots Daily Gut Support Live Bacteria 30 Capsules,30pk,£0.29 each,8.75,,
Boots Borehamwood,Vitamins & Wellness,Vitamins & Gummies,Wellthy by Boots Daily Nutrition Magnesium Glycinate 1800mg 4-in-1 90 Capsules,90pk,£0.16 each,14.00,,
Boots Borehamwood,Vitamins & Wellness,Vitamins & Gummies,Wellthy by Boots Daily Nutrition Turmeric 2000mg Tablets - 120 Capsules,120pk,£0.08 each,9.00,,
Boots Borehamwood,Vitamins & Wellness,Vitamins & Gummies,Wellthy by Boots Daily Nutrition Vitamin D3 & K2 365 Capsules,365pk,£0.04 each,15.00,,
Boots Borehamwood,Vitamins & Wellness,Vitamins & Gummies,Wellthy by Boots Deflate Blend Capsules - 30 Capsules,30pk,£0.33 each,10.00,,
Boots Borehamwood,Vitamins & Wellness,Vitamins & Gummies,Wellthy by Boots Fibre Gummies - 90 Gummies,90pk,£0.16 each,14.49,,
Boots Borehamwood,Vitamins & Wellness,Vitamins & Gummies,Wellthy by Boots Hair Grow Advanced Hair Formula 90 Tablets,90pk,£0.18 each,16.00,,
Boots Borehamwood,Vitamins & Wellness,Vitamins & Gummies,Wellthy by Boots Hair Grow Biotin 1000UG Tablets - 90 Tablets,90pk,£0.16 each,14.00,,
Boots Borehamwood,Vitamins & Wellness,Vitamins & Gummies,Wellthy by Boots Weight Support Berberine 60 Capsules,60pk,£0.25 each,15.00,,
Boots Borehamwood,Vitamins & Wellness,Vitamins & Gummies,Wellwoman 50+ - 30 Tablets,30pk,£0.39 each,11.55,,
Boots Borehamwood,Vitamins & Wellness,Vitamins & Gummies,Wellwoman Capsules 90 Pack,90pk,£0.22 each,20.20,,
Boots Borehamwood,Vitamins & Wellness,Vitamins & Gummies,Zooki Liposomal Magnesium Bisglycinate 1500mg Liquid Sachet Pineapple Guava Flavour 15ml,15ml,£190.00/L,2.85,,
Boots Borehamwood,Vitamins & Wellness,Vitamins & Gummies,Zooki Liposomal Magnesium Bisglycinate 1500mg Liquid Sachets Pineapple Guava Flavour - 5 x 15ml Sachets,75ml,£175.33/L,13.15,,
Boots Borehamwood,Winter Warmth,Hand Warmers,Hothands Hand Warmer - 2 Pack,,,1.15,,2 for 25% off
Boots Borehamwood,Winter Warmth,Heat Wrap,Optase Moist Heat Mask,,,12.05,,
Boots Borehamwood,Winter Warmth,Hot Water Bottles,Boots Hot Water Bottle - Cable Knit Cream,,,11.99,,
Boots Borehamwood,Winter Warmth,Hot Water Bottles,Boots Hot Water Bottle - Fur Mocha,,,13.99,,
Boots Borehamwood,Winter Warmth,Hot Water Bottles,Boots Hot Water Bottle Uncovered,,,8.40,,
Boots Borehamwood,Winter Warmth,Hot Water Bottles,Boots Long Hot Water Bottle With Cosy Cover,,,16.99,,
Boots Borehamwood,Winter Warmth,Tights,Boots Glossy Tights Natural Tan Medium 3 Pack,3pk,£2.00 each,6.00,,
Boots Borehamwood,Winter Warmth,Tights,Boots Very Fine Cotton Trainer Liners Black Size 4-8,3pk,£1.67 each,5.00,,
Boots Borehamwood,Winter Warmth,Tights,Boots Very Fine Cotton Trainer Liners White Size 4-7,3pk,£1.67 each,5.00,,
Boots Borehamwood,Winter Warmth,Tights,Bts 15 Denier Kn Hgh Tght Ntrl One Sz 4s,4pk,£1.00 each,4.00,,
Boots Borehamwood,Winter Warmth,Tights,Jml Belvia Seamless Comfort Bra Nude Large,,,21.95,,
Boots Borehamwood,Winter Warmth,Tights,Jml Belvia Seamless Comfort Bra Nude XL,,,21.95,,
Boots Borehamwood,Winter Warmth,Tights,Jml Belvia Seamless Comfort Bra White Large,,,21.95,,
Boots Borehamwood,Winter Warmth,Tights,Jml Comfortisse Posture Pro Black L/xl,,,21.95,,
Boots Borehamwood,Winter Warmth,Tights,Jml Comfortisse Posture Pro Black S/m,,,21.95,,
