store,category,subcategory,product_name,pack_size,unit_price,price_gbp,was_price_gbp,offer
Co-op,Baby,Baby Milk,Aptamil 1 First Infant Milk from Birth 200ml,200ml,£7.75/L,1.55,,
Co-op,Baby,Baby Milk,Aptamil 1 First Infant Milk from Birth 800g,800g,£18.75/kg,15.00,,
Co-op,Baby,Baby Milk,Aptamil 1 From Birth First Infant Milk 500ml,500ml,£5.90/L,2.95,,
Co-op,Baby,Baby Milk,Aptamil 2 Follow On Baby Milk Formula 6-12 Months 800g,800g,£18.75/kg,15.00,,
Co-op,Baby,Baby Milk,Aptamil 2 Follow On Milk 6-12 Months 200ml,200ml,£7.75/L,1.55,,
Co-op,Baby,Baby Milk,Aptamil 2 Follow On Milk 6-12 Months 4 x 200ml (800ml),4pk,£7.50/L,6.00,,
Co-op,Baby,Baby Milk,Aptamil 3 Toddler Milk 1-2 Years 800g,800g,£18.75/kg,15.00,,
Co-op,Baby,Baby Milk,Aptamil Breastmilk Substitute 1 From Birth First Infant Milk 6 x 200ml (1.2L),6pk,£6.04/L,7.25,,
Co-op,Baby,Baby Milk,Aptamil Comfort from Birth to 12 months 800g,800g,£26.88/kg,21.50,,
Co-op,Baby,Baby Milk,Aptamil Growing Up Milk Drink 200ML,200ml,£7.75/L,1.55,,
Co-op,Baby,Baby Toiletries,"Aveeno Baby Daily Care Hair & Body Wash with Natural Oat Extract, For Sensitive Skin, 250ml",250ml,£30.00/L,7.50,,
Co-op,Baby,Baby Toiletries,"Aveeno Baby Daily Care Moisturising Lotion with Colloidal Oatmeal, For Sensitive Skin, 150ml",150ml,£50.00/L,7.50,,
Co-op,Baby,Baby Toiletries,Bepanthen Nappy Care Ointment 30g,30g,£153.33/kg,4.60,,
Co-op,Baby,Health,Bonjela Soothing Teething Gel 15ml,15g,£316.67/kg,4.75,,
Co-op,Baby,Health,Calpol SixPlus Fast Melts Paracetamol Strawberry Flavour 6+ Years 12s,12pk,£0.55 each,6.55,,
Co-op,Baby,Health,"Calpol SixPlus Sugar Free Suspension, Paracetamol Medication, 6+ Years, Strawberry Flavour, 80ml",80ml,£50.00/L,4.00,,
Co-op,Baby,Health,"Calpol Sugar Free Infant Suspension, Paracetamol Medication, 2+ Months, Strawberry Flavour, 100ml",100ml,£42.50/L,4.25,,
Co-op,Baby,Nappies & Wipes,Co-op 64 Sensitive Fragrance Free Baby Wipes,1pk,£0.70 each,0.70,,
Co-op,Baby,Nappies & Wipes,Co-op 75 Unfragranced Nappy Bags,75pk,£0.01 each,1.05,,
Co-op,Baby,Baby Toiletries,Co-op Fairtrade 100 Round Cotton Pads,100pk,£0.02 each,2.35,,
Co-op,Baby,Baby Toiletries,Co-op Fairtrade 200 Cotton Wool Buds,200pk,0.375p each,0.75,,
Co-op,Baby,Baby Toiletries,Co-op Fairtrade Baby Cotton Wool Pads Square 50S,50pk,£0.03 each,1.70,,
Co-op,Baby,Baby Milk,Cow & Gate 1 First Baby Milk Formula From Birth 800g,800g,£14.06/kg,11.25,,
Co-op,Baby,Baby Milk,Cow & Gate 1 First Infant Milk from Birth Multipack 6 x 200ml (1.2L),6pk,£5.21/L,6.25,,
Co-op,Baby,Baby Milk,Cow & Gate 2 Follow-On Milk from 6 Months 200ml,200ml,£5.75/L,1.15,,
Co-op,Baby,Baby Milk,Cow & Gate 2 Follow-On Milk from 6-12 Months 800g,800g,£14.06/kg,11.25,,
Co-op,Baby,Baby Milk,Cow & Gate 3 Growing Up Milk Formula 800g,800g,£14.06/kg,11.25,,
Co-op,Baby,Baby Milk,Cow & Gate 3 Toddler Milk from 1 Year 200ml,200ml,£5.75/L,1.15,,
Co-op,Baby,"Food, Snacks & Drinks",Cow & Gate Creamy Porridge Baby Cereal 125g,125g,£19.20/kg,2.40,,
Co-op,Baby,Baby Milk,Cow & Gate First Infant Milk From Birth 500ml Ready to Use,500ml,£5.00/L,2.50,,
Co-op,Baby,Baby Milk,Cow & Gate First Infant Milk From Newborn 200ML,200ml,£5.75/L,1.15,,
Co-op,Baby,Baby Milk,Cow & Gate Hungry Baby Milk Formula From Birth 800g,800g,£14.06/kg,11.25,,
Co-op,Baby,Nappies & Wipes,DryNites 10 Pyjama Pants Age 4-7 17-30kg,10pk,£0.60 each,5.95,,
Co-op,Baby,"Food, Snacks & Drinks",Ella's Kitchen Banana + Vanilla Bread Pudding 7+ Months 4 x 80g,4pk,£7.03/kg,2.25,,
Co-op,Baby,"Food, Snacks & Drinks",Ella's Kitchen Beefy Stew with Spuds from 10 Months 190g,190g,£11.84/kg,2.25,,
Co-op,Baby,"Food, Snacks & Drinks",Ella's Kitchen Chicken Casserole with Thyme 10+ Months 190g,190g,£11.84/kg,2.25,,
Co-op,Baby,"Food, Snacks & Drinks",Ella's Kitchen Mangoes 4+ Months 70g,70g,£15.00/kg,1.05,,
Co-op,Baby,"Food, Snacks & Drinks",Ella's Kitchen Organic Apples First Tastes Baby Food Pouch 4+ Months 70g,70g,£15.00/kg,1.05,,
Co-op,Baby,"Food, Snacks & Drinks","Ella's Kitchen Organic Apples, Carrots and Parsnips Baby Food Pouch 4+ Months 120g",120g,£12.08/kg,1.45,,
Co-op,Baby,"Food, Snacks & Drinks",Ella's Kitchen Organic Banana Baby Brekkie Pouch 6+ Months 100g,100g,£16.00/kg,1.60,,
Co-op,Baby,"Food, Snacks & Drinks",Ella's Kitchen Organic Bananas and Apples Baby Food Pouch 4+ Months 120g,120g,£12.08/kg,1.45,,
Co-op,Baby,"Food, Snacks & Drinks",Ella's Kitchen Organic Beef Stew with Spuds 7+ Months 130g,130g,£15.38/kg,2.00,,
Co-op,Baby,"Food, Snacks & Drinks",Ella's Kitchen Organic Cheesy Pie Baby Food Pouch 7+ Months 130g,130g,£15.38/kg,2.00,,
Co-op,Baby,"Food, Snacks & Drinks",Ella's Kitchen Organic Peaches and Bananas Baby Pouch 4+ Months 120g,120g,£12.08/kg,1.45,,
Co-op,Baby,"Food, Snacks & Drinks",Ella's Kitchen Organic Prunes First Tastes Baby Food Pouch 4+ Months 70g,70g,£15.00/kg,1.05,,
Co-op,Baby,"Food, Snacks & Drinks",Ella's Kitchen Organic Spag Bol Baby Food Pouch 7+ Months 130g,130g,£15.38/kg,2.00,,
Co-op,Baby,"Food, Snacks & Drinks",Ella's Kitchen Organic Strawberries and Apples Baby Food Pouch 4+ Months 120g,120g,£12.08/kg,1.45,,
Co-op,Baby,"Food, Snacks & Drinks",Ella's Kitchen Organic Strawberry Greek Style Yoghurt Baby Pouch 6+ Months 90g,90g,£15.00/kg,1.35,,
Co-op,Baby,"Food, Snacks & Drinks",Ella's Kitchen Organic Sweetcorn and Carrot Melty Sticks Baby Snack 7+ Months 16g,17g,£91.18/kg,1.55,,
Co-op,Baby,"Food, Snacks & Drinks",Ella's Kitchen Organic The Red One Squished Smoothie Fruits 5 x 90g,5pk,£11.44/kg,5.15,,
Co-op,Baby,"Food, Snacks & Drinks",Ella's Kitchen Organic Tomato and Basil Melty Sticks Baby Snack 7+ Months 16g,17g,£91.18/kg,1.55,,
Co-op,Baby,"Food, Snacks & Drinks",Ella's Kitchen Vegetable + Lentil Bake with Cumin 130g,130g,£15.38/kg,2.00,,
Co-op,Baby,"Food, Snacks & Drinks",Ella's kitchen Mild Chilli Con Carne with a Pinch of Paprika 7+ Months 130g,130g,£15.38/kg,2.00,,
Co-op,Baby,"Food, Snacks & Drinks",Ellas Kitchen Chicken Casserole with Rice 7+ Months 130G,130g,£15.38/kg,2.00,,
Co-op,Baby,"Food, Snacks & Drinks",Farley's Rusks Original All Ages 6 months onwards 150g,150g,£12.00/kg,1.80,,
Co-op,Baby,Health,Galpharm Six Plus Pain Relief Paracetamol Strawberry Flavour 80ml 6+ Years,80ml,£39.38/L,3.15,,
Co-op,Baby,Health,Galpharm Strawberry Flavour Childrens Paracetamol 120mg/5ml Oral Suspension 3+ Months 100ml,120ml,£27.92/L,3.35,,
Co-op,Baby,"Food, Snacks & Drinks",Heinz Apple Biscotti Snack 7+ Months 60g,60g,£20.83/kg,1.25,,
Co-op,Baby,"Food, Snacks & Drinks",Heinz By Nature Apple & Blueberries 4+ Months 100g,100g,£14.50/kg,1.45,,
Co-op,Baby,"Food, Snacks & Drinks","Heinz By Nature Apple, Pear & Banana 4+ Months 100g",100g,£14.50/kg,1.45,,
Co-op,Baby,"Food, Snacks & Drinks",Heinz By Nature Beef & Sweet Potato Mash Baby Food Jar 6+ Months 120g,120g,£9.58/kg,1.15,,
Co-op,Baby,"Food, Snacks & Drinks",Heinz By Nature Cheese and Tomato Pasta Stars Baby Food Jar 7+ months 200g,200g,£7.50/kg,1.50,,
Co-op,Baby,"Food, Snacks & Drinks",Heinz By Nature Cottage Pie 12+ Months 200g,200g,£12.00/kg,2.40,,
Co-op,Baby,"Food, Snacks & Drinks",Heinz By Nature Egg Custard 4+ Months 120g,120g,£9.58/kg,1.15,,
Co-op,Baby,"Food, Snacks & Drinks",Heinz By Nature Spaghetti Bolognese 7+ Months 200g,200g,£7.50/kg,1.50,,
Co-op,Baby,"Food, Snacks & Drinks",Heinz By Nature Sweet & Sour Chicken Baby Food Tray 12+ Months 200g,200g,£12.00/kg,2.40,,
Co-op,Baby,"Food, Snacks & Drinks",Heinz By Nature Sweet Potato & Lean Beef Hotpot Baby Food Tray 12+ Months 200g,200g,£12.00/kg,2.40,,
Co-op,Baby,"Food, Snacks & Drinks",Heinz Nature Cheesy Tomato Pasta 120G,120g,£9.58/kg,1.15,,
Co-op,Baby,"Food, Snacks & Drinks",Heinz Nature Creamed Porridge 120G,120g,£9.58/kg,1.15,,
Co-op,Baby,"Food, Snacks & Drinks","Heinz Strawberry, Banana, Raspberry & Apple Smooth Puree 6+ Months 100g",100g,£14.50/kg,1.45,,
Co-op,Baby,"Food, Snacks & Drinks",Heinz Sweet & Sour Chicken 10+ Months 180g,180g,£13.06/kg,2.35,,
Co-op,Baby,Nappies & Wipes,Huggies 48 Pure Baby Wipes,48pk,£0.02 each,1.15,,
Co-op,Baby,Nappies & Wipes,Huggies Diapers Little Swimmers 11 Swim Pants 5-6 12-18kg,11pk,£0.52 each,5.75,,
Co-op,Baby,Nappies & Wipes,Huggies Pure Baby Wipes 4 x 48 (192),3pk,£1.17 each,3.50,,
Co-op,Baby,Baby Toiletries,JOHNSON'S® Baby Bath 300ml,300ml,£7.17/L,2.15,,
Co-op,Baby,Baby Toiletries,Johnson's Baby Oil 200ml,200ml,£9.00/L,1.80,,
Co-op,Baby,Baby Toiletries,Johnson's Baby Regular Natural Powder 200g,200g,£12.25/kg,2.45,,
Co-op,Baby,Baby Toiletries,Johnson's Baby Shampoo 300ml,300ml,£7.17/L,2.15,,
Co-op,Baby,Baby Milk,Kendamil First Infant Milk 1 From Birth 800g,800g,£16.25/kg,13.00,,
Co-op,Baby,Baby Milk,Kendamil First Infant Milk 1 from Birth 250ml,250ml,£6.20/L,1.55,,
Co-op,Baby,Baby Milk,Kendamil Follow-On Milk 2 6-12 Months 800g,800g,£16.25/kg,13.00,,
Co-op,Baby,"Food, Snacks & Drinks",Kiddylicious Apple Soft Biscotti 7+ Months 6 x 20g (120g),6pk,£23.75/kg,2.85,,
Co-op,Baby,"Food, Snacks & Drinks",Kiddylicious Strawberry Fruity Bakes 12 Months+ 6 x 22g (132g),6pk,£17.42/kg,2.30,2.85,£0.55 off
Co-op,Baby,"Food, Snacks & Drinks",Kiddylicious Strawberry and Banana Smoothie Melts 6G,6g,£166.67/kg,1.00,,
Co-op,Baby,"Food, Snacks & Drinks",Kiddylicious Veggie Straws Baby Snack 9 Months+ Multipack 4 x 12g,4pk,£47.92/kg,2.30,3.15,£0.85 off
Co-op,Baby,"Food, Snacks & Drinks","Kiddylicious Wafers, Strawberry, Baby Snack, 6 Months+, Multipack, 10x4g",10pk,£66.25/kg,2.65,,
Co-op,Baby,"Food, Snacks & Drinks",Little Freddie Organic Banana Greek Style Yoghurt Stage 1 +6m Smooth 100g,100g,£14.00/kg,1.40,,
Co-op,Baby,"Food, Snacks & Drinks",Little Freddie Organic Blueberry & Banana Yoghurt Stage 1 +6m Smooth 100g,100g,£17.00/kg,1.70,,
Co-op,Baby,"Food, Snacks & Drinks","Little Freddie Organic Strawberries, Blueberries & Oats Smooth Stage 1 +6m 100g",100g,£17.00/kg,1.70,,
Co-op,Baby,"Food, Snacks & Drinks",Little Freddie Organic Strawberry Coconut Yogurt Stage 1 +6 Months Smooth 90g,90g,£18.89/kg,1.70,,
Co-op,Baby,Baby Milk,Little Steps from Birth First Infant Milk 200ml,200ml,£5.00/L,1.00,,
Co-op,Baby,Feeding & Accessories,MAM Anti-Colic 2+ Months,260ml,£36.92/L,9.60,,
Co-op,Baby,Feeding & Accessories,MAM Fast Flow Teat 4+ Months,2pk,£3.50 each,7.00,,
Co-op,Baby,Feeding & Accessories,MAM Original Pure 6+ Months,2pk,£4.33 each,8.65,,
Co-op,Baby,Feeding & Accessories,MAM Original Silicone 16+ Months,2pk,£4.33 each,8.65,,
Co-op,Baby,Feeding & Accessories,MAM Silicone Original Night 2-6 Months,2pk,£4.75 each,9.50,,
Co-op,Baby,Feeding & Accessories,Milton Sterilising Fluid 500ML,500ml,£6.40/L,3.20,,
Co-op,Baby,Baby Toiletries,NIVEA Kids Protect & Care Lotion  200ML,200ml,£46.75/L,9.35,,
Co-op,Baby,Health,Nurofen for Children Orange 100mg/5ml Oral Suspension Ibuprofen 3 Months to 9 Years 100ml,100ml,£47.50/L,4.75,,
Co-op,Baby,Health,Nurofen for Children Strawberry Oral Suspension 3mths to 9yrs Ibuprofen 100ml,100ml,£52.50/L,5.25,,
Co-op,Baby,"Food, Snacks & Drinks",Organix Apple Rice Cake Clouds 7+ Months 4 x 18g (72g),72g,£40.97/kg,2.95,,
Co-op,Baby,"Food, Snacks & Drinks",Organix Melty Carrot Puffs Organic Baby Finger Food Snack 20g,20g,£37.50/kg,0.75,,
Co-op,Baby,"Food, Snacks & Drinks",Organix Raspberry & Apple Soft Oaty Bars 12+ Months 6 x 23g,6pk,£23.55/kg,3.25,,
Co-op,Baby,"Food, Snacks & Drinks",Organix Summer Fruits Rice Cake Clouds 7+ Months 40g,40g,£38.75/kg,1.55,,
Co-op,Baby,Nappies & Wipes,"Pampers 99% Water Baby Wipes Plastic Free, 1 Pack of 60 Wipes = 60 Baby Wet Wipes",60pk,£0.03 each,2.00,3.00,£1 off
Co-op,Baby,Nappies & Wipes,Pampers Baby Dry Pants Carry Pack Size 4 Maxi 22S,23pk,£0.26 each,6.00,,
Co-op,Baby,Nappies & Wipes,Pampers Baby-Dry 27 Dry Nights Nappies 8 17+kg 37+ lbs,1pk,£11.00 each,11.00,,2 for £12
Co-op,Baby,Nappies & Wipes,"Pampers Baby-Dry Nappy Pants Size 5, 21 Nappies, 12kg-17kg, Carry Pack",21pk,£0.29 each,6.00,,
Co-op,Baby,Nappies & Wipes,"Pampers Baby-Dry Nappy Pants Size 6, 28 Nappies, 14kg-19kg, Essential Pack",28pk,£0.39 each,11.00,,
Co-op,Baby,Nappies & Wipes,"Pampers Baby-Dry Nappy Pants Size 7, 18 Nappies, 15kg+",1pk,£6.00 each,6.00,,
Co-op,Baby,Nappies & Wipes,"Pampers Baby-Dry Nappy Pants Size 8, 14 Nappies, 19kg+, Carry Pack",14pk,£0.43 each,6.00,,
Co-op,Baby,Nappies & Wipes,"Pampers Baby-Dry Nappy Pants Size 9, 12 Nappies, 19kg+, Carry Pack",1pk,£6.00 each,6.00,,
Co-op,Baby,Nappies & Wipes,"Pampers Baby-Dry Pants Size 6, 19 Nappies",19pk,£0.32 each,6.00,,
Co-op,Baby,Nappies & Wipes,"Pampers Baby-Dry Size 4, 25 Nappies, 9kg-14kg",25pk,£0.24 each,6.00,,
Co-op,Baby,Nappies & Wipes,"Pampers Baby-Dry Size 5, 23 Nappies, 11kg-16kg, Carry Pack",23pk,£0.26 each,6.00,,
Co-op,Baby,Nappies & Wipes,"Pampers Baby-Dry Size 6, 19 Nappies, 13kg-18kg",19pk,£0.32 each,6.00,,
Co-op,Baby,Nappies & Wipes,"Pampers Baby-Dry Size 7, 17 Nappies, 15kg+",17pk,£0.35 each,6.00,,
Co-op,Baby,Nappies & Wipes,"Pampers Premium Protection New Baby Size 3, 29 Nappies, Carry Pack",29pk,£0.20 each,5.75,,
Co-op,Baby,Nappies & Wipes,"Pampers Premium Protection New Baby Wipes Plastic Free, 1 Pack of 60 Wipes = 60 Baby Wet Wipes",60pk,£0.06 each,3.50,,
Co-op,Baby,Nappies & Wipes,"Pampers Sensitive Baby Wipes Plastic Free, 1 Pack of 52 Wipes = 52 Baby Wet Wipes",1pk,£1.00 each,1.00,,
Co-op,Baby,Nappies & Wipes,"Pampers Sensitive Baby Wipes Plastic Free, 4 Packs of 52 Wipes = 208 Baby Wet Wipes",208pk,£0.02 each,3.90,,
Co-op,Baby,Baby Milk,SMA Pro 1 From Birth First Infant Milk 800g,800g,£17.50/kg,14.00,,
Co-op,Baby,Baby Milk,SMA Pro 3 Growing Up Milk 1-3 Years 800g,800g,£17.50/kg,14.00,,
Co-op,Baby,Baby Milk,SMA Pro Follow-on Milk 6 Month+ Ready to Drink 200ml,200ml,£5.75/L,1.15,,
Co-op,Baby,Baby Milk,SMA® PRO First Infant Milk from Birth Ready to Drink 200 ml,200ml,£5.75/L,1.15,,
Co-op,Baby,Baby Milk,SMA® PRO Follow-on Milk 6 mth+ 800 g,800g,£17.50/kg,14.00,,
Co-op,Baby,Baby Milk,SMA® PRO Follow-on Milk 6 mth+ Ready to Feed Multipack 6 x 200 ml,6pk,£5.00/L,6.00,,
Co-op,Baby,Baby Toiletries,Sudocrem Antiseptic Healing Nappy Cream 125g,125g,£64.00/kg,8.00,,
Co-op,Baby,Nappies & Wipes,WaterWipes 60 Baby Wipes,60pk,£0.06 each,3.50,,
Co-op,Baby,"Food, Snacks & Drinks",Heinz By Nature Spaghetti Bolognese Baby Food Tray 12+ Months 200g,200g,£12.00/kg,2.40,,
Co-op,Baby,"Food, Snacks & Drinks",Heinz Tomato Mozzarella Pasta 7+ Months 130g,200g,£12.00/kg,2.40,,
Co-op,Baby,"Food, Snacks & Drinks",Organix Melty Tomato Slices Organic Baby Finger Food Snack 20g,20g,£37.50/kg,0.75,,
Co-op,Bakery,Back to Routine ⏰☕,Co-op 6 White Rolls,6pk,£0.13 each,0.75,,
Co-op,Bakery,Back to Routine ⏰☕,Co-op 8 Plain Tortilla Wraps,8pk,£0.21 each,1.65,,
Co-op,Bakery,Back to Routine ⏰☕,New York Bakery Co. 5 Original Bagels Fresher for Longer 425g,5pk,£0.45 each,2.25,,
Co-op,Bakery,Back to Routine ⏰☕,Warburtons 8 Crumpet Thins,8pk,£0.13 each,1.05,1.55,£0.50 off
Co-op,Bakery,Back to Routine ⏰☕,Warburtons Toastie Thick Sliced Soft White Bread 800g,800g,£1.94/kg,1.55,,£1.40 loyalty card (£1.75/kg)
Co-op,Bakery,"Wraps, Pittas & Naans",Al'Fez Lebanese Style Flatbreads with Herby Za'atar 180g,180g,£13.61/kg,2.45,,
Co-op,Bakery,Buns & Rolls,BFree 3 Gluten Free Tiger Rolls 165g,3pk,£20.30/kg,3.35,,
Co-op,Bakery,"Wraps, Pittas & Naans",BFree High Protein Wraps 4 x 42g (168g),168g,£23.51/kg,3.95,,
Co-op,Bakery,"Wraps, Pittas & Naans",BFree Naan Breads Stone Baked Original 240g,240g,£16.67/kg,4.00,,
Co-op,Bakery,Bread,Baker Street Seeded Rye Bread 500g,500g,£4.60/kg,2.30,,
Co-op,Bakery,Small Cakes & Treats,Barny 5 pack Chocolate Soft Baked Bears 125g (5 X 25g),125g,£13.20/kg,1.65,,
Co-op,Bakery,Small Cakes & Treats,Bonne Maman Madeleine 175G,175g,£20.86/kg,3.65,,
Co-op,Bakery,Croissants & Breakfast,Boromir Cocoa Cream Croissant 60g,60g,£10.83/kg,0.65,,
Co-op,Bakery,Croissants & Breakfast,Boromir Croissant Cream with Milk 60g,60g,£10.83/kg,0.65,,
Co-op,Bakery,Croissants & Breakfast,Brioche Pasquier 6 Brioche Rolls,6pk,£0.33 each,2.00,,
Co-op,Bakery,Croissants & Breakfast,Brioche Pasquier 6 Brioche Rolls Chocolate Chips,6pk,£0.27 each,1.60,2.45,£0.85 off
Co-op,Bakery,Croissants & Breakfast,Brioche Pasquier Pitch Chocolate Flavour Filled Brioche 4 x 38.75g (155g),4pk,£0.45 each,1.80,,
Co-op,Bakery,Small Cakes & Treats,Cadbury 10 Mini Rolls Milk Chocolate Family Size,10pk,£0.33 each,3.30,,
Co-op,Bakery,Small Cakes & Treats,Cadbury 10 Mini Rolls Raspberry Family Size,10pk,£0.33 each,3.30,,
Co-op,Bakery,Small Cakes & Treats,Cadbury 5 Caramel Cake Bars,5pk,£0.33 each,1.65,,
Co-op,Bakery,Small Cakes & Treats,Cadbury Dairy Milk Caramel Doughnuts 6 x 67g (402g),6pk,£0.78 each,4.65,,
Co-op,Bakery,"Wraps, Pittas & Naans",Clay Oven Bakery 2 Garlic & Coriander Naan Breads 240G,2pk,£8.75/kg,2.10,,
Co-op,Bakery,"Wraps, Pittas & Naans",Clay Oven Bakery Plain Naan Breads 240g,240g,£8.75/kg,2.10,,
Co-op,Bakery,Small Cakes & Treats,Co-op 12 Iced Fairy Cakes,12pk,£0.17 each,2.05,,
Co-op,Bakery,"Wraps, Pittas & Naans",Co-op 2 Garlic & Coriander Naan Breads,260g,£3.27/kg,0.85,,
Co-op,Bakery,Savoury Pies,Co-op 2 Mini Melton Mowbray Pork Pies 100g,100g,£15.00/kg,1.50,,
Co-op,Bakery,Croissants & Breakfast,Co-op 2 Snack Cheese & Sweet Chilli Muffins 50g,50g,£33.00/kg,1.65,,
Co-op,Bakery,Savoury Pies,Co-op 2 Snack Pork Pies 150g,150g,£14.67/kg,2.20,,3 for £4
Co-op,Bakery,Savoury Pies,Co-op 2 Steak & Ale Pies 400g,2pk,£8.88/kg,3.55,,
Co-op,Bakery,Bread,Co-op 2 White Baguettes 300g,2pk,£0.73 each,1.45,,
Co-op,Bakery,Scones & Teacakes,Co-op 4 All Butter Scones,4pk,£0.34 each,1.35,,
Co-op,Bakery,"Crumbles, Sweet Pies & Tarts",Co-op 4 Blackcurrant Sundae Tarts,4pk,£0.64 each,2.55,,
Co-op,Bakery,Small Cakes & Treats,Co-op 4 Caramel Shortcake Slices,4pk,£0.41 each,1.65,,
Co-op,Bakery,Small Cakes & Treats,Co-op 4 Chocolate Brownies,4pk,£0.41 each,1.65,,
Co-op,Bakery,Small Cakes & Treats,Co-op 4 Cinnamon Swirls 354g,4pk,£1.09 each,4.35,,
Co-op,Bakery,Small Cakes & Treats,Co-op 4 Custard Ball Doughnuts,4pk,£0.34 each,1.35,,2 for £2
Co-op,Bakery,Small Cakes & Treats,Co-op 4 Jam Ball Doughnut,4pk,£0.34 each,1.35,,2 for £2
Co-op,Bakery,Savoury Pies,Co-op 4 Mini Crispy Bake Pork Pies 200G,200g,£12.75/kg,2.55,,3 for £7
Co-op,Bakery,Savoury Pies,"Co-op 4 Mini Pork, Pickle & Cheese Pies 200g",200g,£14.00/kg,2.80,,3 for £7
Co-op,Bakery,Croissants & Breakfast,Co-op 4 Protein Maple Pancakes,4pk,£0.53 each,2.10,,
Co-op,Bakery,Buns & Rolls,Co-op 4 Protein White Rolls,4pk,£0.48 each,1.90,,
Co-op,Bakery,Small Cakes & Treats,Co-op 4 Retro Sprinkle Sponge Cakes,4pk,£0.55 each,2.20,,
Co-op,Bakery,Buns & Rolls,Co-op 4 White Scotch Rolls,4pk,£0.48 each,1.90,,
Co-op,Bakery,"Wraps, Pittas & Naans",Co-op 6 Protein Tortilla Wraps,6pk,£0.33 each,2.00,,
Co-op,Bakery,Scones & Teacakes,Co-op 6 Tea Time Fairy Cakes,6pk,£0.39 each,2.35,,
Co-op,Bakery,Buns & Rolls,Co-op 6 White Finger Rolls,6pk,£0.19 each,1.15,,
Co-op,Bakery,"Wraps, Pittas & Naans",Co-op 6 White Pittas,6pk,£0.11 each,0.65,,
Co-op,Bakery,"Wraps, Pittas & Naans",Co-op 6 Wholemeal Pittas,6pk,£0.11 each,0.65,,
Co-op,Bakery,Buns & Rolls,Co-op 6 Wholemeal Rolls,6pk,£0.13 each,0.75,,
Co-op,Bakery,"Wraps, Pittas & Naans",Co-op 8 Mexican Menu Soft Tortilla Wraps,320g,£5.16/kg,1.65,,
Co-op,Bakery,Croissants & Breakfast,Co-op 8 Sweet Pancakes,8pk,£0.47 each,3.75,,
Co-op,Bakery,Croissants & Breakfast,Co-op All Butter Curved Croissants 194G,194g,£8.51/kg,1.65,,
Co-op,Bakery,Croissants & Breakfast,Co-op All-Butter Croissant,4pk,£1.08 each,4.30,,
Co-op,Bakery,Whole Cakes,Co-op Angel Layer Slab Cake,1pk,£2.20 each,2.20,,
Co-op,Bakery,"Crumbles, Sweet Pies & Tarts",Co-op Apple Lidded Pie,1pk,£2.40 each,2.40,,
Co-op,Bakery,"Crumbles, Sweet Pies & Tarts",Co-op Apple Pies 6 Pack,6pk,£0.28 each,1.70,,
Co-op,Bakery,Seasonal Bakery,Co-op Bakery 10 Mini Gingerbreads,10pk,£0.15 each,1.45,,
Co-op,Bakery,Croissants & Breakfast,Co-op Bakery 2 Belgian Buns,2pk,£1.15 each,2.30,,
Co-op,Bakery,Croissants & Breakfast,Co-op Bakery 2 Cinnamon Buns,2pk,£1.15 each,2.30,,
Co-op,Bakery,"Wraps, Pittas & Naans",Co-op Bakery 2 Plain Naan Breads,2pk,£0.83 each,1.65,,
Co-op,Bakery,"Wraps, Pittas & Naans",Co-op Bakery 4 Greek Style Folded Flatbreads 340g,4pk,£0.43 each,1.70,,
Co-op,Bakery,Buns & Rolls,Co-op Bakery 4 Large White Baps,4pk,£0.28 each,1.10,,
Co-op,Bakery,Croissants & Breakfast,Co-op Bakery 4 Pains Au Chocolat Croissants,250g,£9.20/kg,2.30,,
Co-op,Bakery,Small Cakes & Treats,Co-op Bakery 4 White Iced Finger Buns,4pk,£0.34 each,1.35,,
Co-op,Bakery,Small Cakes & Treats,Co-op Bakery Chocolate Caramel Shortcake Bites,18pk,£0.14 each,2.55,3.40,£0.85 off
Co-op,Bakery,Seasonal Bakery,Co-op Bakery Decorated Gingerbread Person,1pk,£0.95 each,0.95,,
Co-op,Bakery,Small Cakes & Treats,Co-op Bakery Fairtrade Cornflake Cluster Bites,18pk,£0.14 each,2.55,3.40,£0.85 off
Co-op,Bakery,Bread,Co-op Bakery Farmhouse White Bread 800G,800g,£1.63/kg,1.30,,
Co-op,Bakery,Small Cakes & Treats,Co-op Bakery Mini Flapjack Bites,8pk,£0.21 each,1.65,,
Co-op,Bakery,Bread,Co-op Bakery Sliced Tiger Bloomer 400g,400g,£3.50/kg,1.40,,
Co-op,Bakery,Small Cakes & Treats,Co-op Bakery Sugared Ring Doughnut 4 Pack,4pk,£0.33 each,1.30,,2 for £2
Co-op,Bakery,Bread,Co-op Bakery Toastie Wholemeal Bread 800g,800g,£1.13/kg,0.90,,
Co-op,Bakery,Croissants & Breakfast,Co-op Bakery Yum Yums 4 Pack,4pk,£0.49 each,1.95,,
Co-op,Bakery,Small Cakes & Treats,Co-op Bakewell Blondie FTG EACH,1pk,£1.35 each,1.35,,
Co-op,Bakery,Bread,Co-op Baton EACH,1pk,£0.95 each,0.95,,
Co-op,Bakery,Small Cakes & Treats,Co-op British Cream Cream Slices,2pk,£1.20 each,2.40,,
Co-op,Bakery,Small Cakes & Treats,Co-op British Milk Egg Custard Tarts,2pk,£0.68 each,1.35,,
Co-op,Bakery,Buns & Rolls,Co-op Brown Scotch Rolls 4 Pack,4pk,£0.48 each,1.90,,
Co-op,Bakery,Whole Cakes,Co-op Charlie's Chocolate Cake,1pk,£9.90 each,9.90,,
Co-op,Bakery,Buns & Rolls,Co-op Cheese Baps 4 Pack,4pk,£0.48 each,1.90,,
Co-op,Bakery,Savoury Pies,Co-op Chicken & Gravy Pie 180g,180g,£15.56/kg,2.80,,
Co-op,Bakery,Savoury Pies,Co-op Chicken & Gravy Pie 500G,500g,£10.30/kg,5.15,,
Co-op,Bakery,Whole Cakes,Co-op Chocolate Sponge FTG Cake EACH,1pk,£1.55 each,1.55,,
Co-op,Bakery,Croissants & Breakfast,Co-op Chocolate Twist,4pk,£1.08 each,4.30,,
Co-op,Bakery,Croissants & Breakfast,Co-op Cinnamon Swirl 2 Pack,2pk,£1.10 each,2.20,,
Co-op,Bakery,"Crumbles, Sweet Pies & Tarts",Co-op Classic Bramley Apple Crumbles 2 x 125g (250g),2pk,£13.00/kg,3.25,,
Co-op,Bakery,Small Cakes & Treats,Co-op Flapjack Bars,5pk,£0.30 each,1.50,,
Co-op,Bakery,Gluten Free,Co-op Free From 4 Bakewell Tarts 205g,4pk,£0.75 each,3.00,,
Co-op,Bakery,Small Cakes & Treats,Co-op Free From 4 Belgian Chocolate Cake Bars 120g,120g,£35.00/kg,4.20,,
Co-op,Bakery,Buns & Rolls,Co-op Free From 4 White Rolls,4pk,£0.53 each,2.10,,
Co-op,Bakery,Bread,Co-op Free From Brown Seeded Loaf 500g,500g,£4.90/kg,2.45,,
Co-op,Bakery,Whole Cakes,Co-op Free From Lemon Drizzle,1pk,£3.40 each,3.40,,
Co-op,Bakery,"Wraps, Pittas & Naans",Co-op Indian Style 2 Plain Naan Breads,260g,£3.46/kg,0.90,,
Co-op,Bakery,Scones & Teacakes,Co-op Irresistible 2 All Butter Fruit Scones,2pk,£1.48 each,2.95,,
Co-op,Bakery,Bread,Co-op Irresistible 2 Bake at Home White Baguettes with Sourdough,250pk,0.94p each,2.35,,
Co-op,Bakery,Buns & Rolls,Co-op Irresistible 4 Brioche Buns,4pk,£0.50 each,2.00,,
Co-op,Bakery,Croissants & Breakfast,Co-op Irresistible 4 Buttermilk Pancakes,4pk,£0.56 each,2.25,,
Co-op,Bakery,Make your Weekend Irresistible 🍞🥞🍝,Co-op Irresistible 4 Mini Melton Mowbray Pork Pies 200g,200g,£16.50/kg,3.30,,3 for £7
Co-op,Bakery,Make your Weekend Irresistible 🍞🥞🍝,Co-op Irresistible 4 Sultana Scones,4pk,£0.59 each,2.35,,
Co-op,Bakery,Croissants & Breakfast,Co-op Irresistible All Butter Croissants 4 Pack,280g,£9.46/kg,2.65,,
Co-op,Bakery,Savoury Pies,"Co-op Irresistible All Butter Pastry Chicken, Leek & Smoked Ham Hock Pie 500g",500g,£15.40/kg,7.70,,
Co-op,Bakery,Savoury Pies,Co-op Irresistible All Butter Pastry Steak & Ale Pie 500g,500g,£17.60/kg,8.80,,
Co-op,Bakery,Bread,Co-op Irresistible Ancient Grains Sourdough Bloomer,360g,£7.22/kg,2.60,,
Co-op,Bakery,Small Cakes & Treats,Co-op Irresistible Belgium Chocolate Millionaire Flapjacks 180g,1pk,£3.30 each,3.30,,
Co-op,Bakery,Bread,Co-op Irresistible Brown Sourdough Bloomer,360g,£7.22/kg,2.60,,
Co-op,Bakery,Savoury Pies,"Co-op Irresistible Calabrian 'Nduja, Roasted Tomato & Mozzarella Frittata 340g",340g,£13.53/kg,4.60,,
Co-op,Bakery,Savoury Pies,Co-op Irresistible Chicken & Portobello Mushroom Pie 250g,250g,£20.40/kg,5.10,,
Co-op,Bakery,Whole Cakes,Co-op Irresistible Coffee & Walnut Cake,1pk,£4.30 each,4.30,,
Co-op,Bakery,Savoury Pies,Co-op Irresistible Cottage Pie 400g,400g,£14.75/kg,5.90,,2 for £9.30
Co-op,Bakery,Savoury Pies,Co-op Irresistible Creamy Peppered Steak Pie 250g,250g,£20.40/kg,5.10,,
Co-op,Bakery,Buns & Rolls,Co-op Irresistible Hand Finished 4 White Sourdough Rolls,4pk,£0.43 each,1.70,,
Co-op,Bakery,Whole Cakes,Co-op Irresistible Hand Finished Carrot Cake,1pk,£4.30 each,4.30,,
Co-op,Bakery,Whole Cakes,Co-op Irresistible Hand Finished Chocolate Cake,1pk,£4.30 each,4.30,,
Co-op,Bakery,Whole Cakes,Co-op Irresistible Hand Finished Lemon Cake,1pk,£4.30 each,4.30,,
Co-op,Bakery,Bread,Co-op Irresistible Hand Finished Seeded Sourdough 500g,500g,£5.80/kg,2.90,,
Co-op,Bakery,Whole Cakes,Co-op Irresistible Hand Finished Victoria Sponge Cake,1pk,£4.30 each,4.30,,
Co-op,Bakery,"Wraps, Pittas & Naans",Co-op Irresistible Limited Edition 2 Lemon & Thyme Flatbread,2pk,£1.05 each,2.10,,
Co-op,Bakery,Whole Cakes,Co-op Irresistible Limited Edition Hand Finished Sticky Toffee Cake,1pk,£4.25 each,4.25,,
Co-op,Bakery,Savoury Pies,Co-op Irresistible Luxury Fish Pie 400g,400g,£14.75/kg,5.90,,2 for £9.30
Co-op,Bakery,Savoury Pies,Co-op Irresistible Pork & Apple Dinky Pork Pies 200g,200g,£21.50/kg,4.30,,3 for £7
Co-op,Bakery,Croissants & Breakfast,Co-op Irresistible Richly Fruited Hot Cross Buns,4pk,£0.58 each,2.30,,
Co-op,Bakery,Bread,Co-op Irresistible Rosemary & Rock Salt Focaccia,1pk,£2.55 each,2.55,,
Co-op,Bakery,Small Cakes & Treats,Co-op Irresistible Salted Caramel Chocolate Brownie,1pk,£1.65 each,1.65,,
Co-op,Bakery,Bread,Co-op Irresistible Spelt & Rye Ancient Grains Farmhouse Loaf 800g,800g,£2.88/kg,2.30,,
Co-op,Bakery,Bread,Co-op Irresistible Stone Baked Ciabatta,360g,£6.94/kg,2.50,,
Co-op,Bakery,Bread,Co-op Irresistible Stone Baked Mature Cheddar & Jalapeño Bloomer 360g,360g,£6.94/kg,2.50,,
Co-op,Bakery,Bread,Co-op Irresistible Super Seeded Farmhouse Bread 800g,800g,£2.50/kg,2.00,,
Co-op,Bakery,Bread,Co-op Irresistible Wheat & Rye Sourdough 500g,500g,£5.80/kg,2.90,,
Co-op,Bakery,Bread,Co-op Irresistible White Sourdough Baguette,360g,£5.69/kg,2.05,,
Co-op,Bakery,Bread,Co-op Irresistible White Sourdough Bloomer,360g,£6.94/kg,2.50,,
Co-op,Bakery,"Crumbles, Sweet Pies & Tarts",Co-op Jam Tarts 6Pk,6pk,£0.19 each,1.15,,
Co-op,Bakery,Buns & Rolls,Co-op Large White Baps 4S,4pk,£0.30 each,1.20,,
Co-op,Bakery,Small Cakes & Treats,Co-op Limited Edition 2 Treat Alphabet Cupcakes,2pk,£0.70 each,1.40,1.65,£0.25 off
Co-op,Bakery,Whole Cakes,Co-op Madeira Cake,1pk,£2.20 each,2.20,,
Co-op,Bakery,Croissants & Breakfast,Co-op Maple Pecan Plait 2 Pack,2pk,£1.10 each,2.20,,
Co-op,Bakery,Savoury Pies,Co-op Melton Mowbray Pork Pie 140g,145g,£15.17/kg,2.20,,3 for £4
Co-op,Bakery,Small Cakes & Treats,Co-op Millionaire's Shortbread Bar,1pk,£1.40 each,1.40,,
Co-op,Bakery,Croissants & Breakfast,Co-op Mini Danish Pastry Selection,42g,£45.24/kg,1.90,,
Co-op,Bakery,Croissants & Breakfast,Co-op Pain au Chocolat 4 Pack,4pk,£1.08 each,4.30,,
Co-op,Bakery,Small Cakes & Treats,Co-op Party Time 9 Rainbow Cupcakes,9pk,£0.32 each,2.90,,
Co-op,Bakery,Small Cakes & Treats,Co-op Party Time Celebration Cupcakes,9pk,£0.98 each,8.80,,
Co-op,Bakery,Savoury Pies,Co-op Pork  Cheddar & Onion Chutney Pies,2pk,£14.00/kg,1.40,,
Co-op,Bakery,Whole Cakes,Co-op Raspberry & Vanilla Swiss Roll Each,1pk,£2.65 each,2.65,,
Co-op,Bakery,Croissants & Breakfast,Co-op Scotch Pancakes 6 Pack,6pk,£0.11 each,0.65,,
Co-op,Bakery,Bread,Co-op Seeded Bread Loaf 800G,800g,£1.75/kg,1.40,,
Co-op,Bakery,"Wraps, Pittas & Naans",Co-op Served 12 Crunchy Taco Shells 158g,158g,£13.61/kg,2.15,,
Co-op,Bakery,"Wraps, Pittas & Naans",Co-op Served 6 Plain Tortilla Wraps,,,0.80,,
Co-op,Bakery,"Wraps, Pittas & Naans",Co-op Served 8 Soft Wheat & Corn Tacos,8pk,£0.13 each,1.05,,
Co-op,Bakery,Bread,Co-op Sliced Tiger Bloomer 800g,800g,£2.06/kg,1.65,,£1.49 loyalty card (£1.86/kg)
Co-op,Bakery,Savoury Pies,Co-op Steak & Gravy Pie 500G,500g,£10.30/kg,5.15,,
Co-op,Bakery,Savoury Pies,Co-op Steak Pie 180g,180g,£15.56/kg,2.80,,
Co-op,Bakery,"Crumbles, Sweet Pies & Tarts",Co-op Teatime Treat 4 Raspberry Frangipane Tarts,4pk,£0.55 each,2.20,,
Co-op,Bakery,Bread,Co-op Tiger Baguette,400g,£3.88/kg,1.55,,
Co-op,Bakery,Bread,Co-op Tiger Baton 200G,200g,£5.00/kg,1.00,,
Co-op,Bakery,Bread,Co-op Tiger Bread 400g,400g,£4.50/kg,1.80,,
Co-op,Bakery,"Wraps, Pittas & Naans",Co-op Tortilla 250G,250g,£13.80/kg,3.45,,3 for £7
Co-op,Bakery,Small Cakes & Treats,Co-op Treat 2 Vegan Cupcakes,2pk,£1.28 each,2.55,,
Co-op,Bakery,Small Cakes & Treats,Co-op Treat Blondie,1pk,£1.40 each,1.40,,
Co-op,Bakery,Small Cakes & Treats,Co-op Treat Chocolate & Caramel Crispy Bites,1pk,£4.10 each,4.10,,
Co-op,Bakery,Small Cakes & Treats,Co-op Treat Chocolate & Vanilla Cupcakes,4pk,£0.83 each,3.30,,
Co-op,Bakery,Small Cakes & Treats,Co-op Treat Chocolate Mini Rolls,1pk,£4.10 each,4.10,,
Co-op,Bakery,Whole Cakes,Co-op Victoria Sponge FTG Cake EACH,1pk,£1.55 each,1.55,,
Co-op,Bakery,Bread,Co-op White Farmhouse Loaf 800G,800g,£2.75/kg,2.20,,
Co-op,Bakery,Bread,Co-op White Parisian 360g,1kg,£1.45/kg,1.45,,
Co-op,Bakery,Bread,Co-op White Toastie Bread Loaf 800G,800g,£1.13/kg,0.90,,
Co-op,Bakery,Bread,Co-op Wholemeal Farmhouse Bread 400G,400g,£2.50/kg,1.00,,
Co-op,Bakery,Small Cakes & Treats,Co-ор Bakery Flapjack Bites,18pk,£0.14 each,2.55,3.40,£0.85 off
Co-op,Bakery,Whole Cakes,Co-ор Irresistible Gluten Free Chocolate Cake,1pk,£5.50 each,5.50,,
Co-op,Bakery,Small Cakes & Treats,Coop White Iced Sprinkle Doughnuts 4 Pack,4pk,£0.33 each,1.30,,
Co-op,Bakery,Croissants & Breakfast,Daelmans 8 Stroopwafels Caramel 230g,230g,£11.96/kg,2.75,,
Co-op,Bakery,Savoury Pies,Fray Bentos Steak & Gravy 425g,425g,£9.88/kg,4.20,,
Co-op,Bakery,Small Cakes & Treats,Kinder Milk Slice Chilled Treat Single 28g,28g,£28.57/kg,0.80,,
Co-op,Bakery,Small Cakes & Treats,McVitie's 10 Jaffa Cakes Mango Flavour,120g,£11.67/kg,1.40,1.65,£0.25 off
Co-op,Bakery,Small Cakes & Treats,McVitie's Digestive Caramel Slices Cake Snack Bars 5 Slices 109.9g,5pk,£0.37 each,1.85,,
Co-op,Bakery,Small Cakes & Treats,McVitie's Hobnobs 5 Oaty Flapjacks Milk Chocolate 131.8g,5pk,£0.37 each,1.85,,
Co-op,Bakery,Whole Cakes,McVitie's Jamaica Ginger Sticky Pudding Cake 232g,1pk,£2.20 each,2.20,,
Co-op,Bakery,Small Cakes & Treats,McVitie's Mini Muffins Carrot Cake 100g,10pk,£1.10/kg,1.10,,
Co-op,Bakery,Small Cakes & Treats,McVities Galaxy Cake Bars 5S,5pk,£0.61 each,3.05,,
Co-op,Bakery,Bread,Menissez 6 Mini Pains 300g,6pk,£0.39 each,2.35,,
Co-op,Bakery,"Wraps, Pittas & Naans",Mission 6 Mini Wraps Original 186g,6pk,£0.18 each,1.10,1.50,£0.40 off
Co-op,Bakery,"Crumbles, Sweet Pies & Tarts",Mr Kipling 4 Birthday Cake Tarts,4pk,£0.55 each,2.20,,
Co-op,Bakery,Small Cakes & Treats,Mr Kipling 4 Cookies & Cream Whirls,4pk,£0.55 each,2.20,,
Co-op,Bakery,Small Cakes & Treats,Mr Kipling 4 Custard Cream Whirls,4pk,£0.49 each,1.95,,
Co-op,Bakery,Small Cakes & Treats,Mr Kipling 4 Lemon & Raspberry Whirls,1pk,£1.35 each,1.35,,
Co-op,Bakery,Offers,Mr Kipling 6 Almond Slices,6pk,£0.30 each,1.80,3.50,£1.70 off
Co-op,Bakery,Small Cakes & Treats,Mr Kipling 6 Angel Slices,6pk,£0.30 each,1.80,3.50,£1.70 off
Co-op,Bakery,"Crumbles, Sweet Pies & Tarts",Mr Kipling 6 Bramley Apple & Blackcurrant Pies,6pk,£0.55 each,3.30,,
Co-op,Bakery,Small Cakes & Treats,Mr Kipling 6 Country Slices,6pk,£0.58 each,3.50,,
Co-op,Bakery,Whole Cakes,Mr Kipling Battenberg 225g,225g,£10.00/kg,2.25,3.05,£0.80 off
Co-op,Bakery,"Crumbles, Sweet Pies & Tarts",Mr Kipling Cherry Bakewells 6 Pack,6pk,£0.37 each,2.20,,
Co-op,Bakery,Small Cakes & Treats,Mr Kipling Lemon Slices 6 Pack,6pk,£0.30 each,1.80,3.50,£1.70 off
Co-op,Bakery,Offers,Mr Kipling Viennese Whirls 6 Pack,6pk,£0.30 each,1.80,3.30,£1.50 off
Co-op,Bakery,Offers,Mrs Crimble's 6 Big Jam Coconut Rings 240g,240g,£7.08/kg,1.70,2.55,£0.85 off
Co-op,Bakery,Small Cakes & Treats,Mrs Crimble's 6 Double Choc Macaroons 195g,195g,£11.28/kg,2.20,,
Co-op,Bakery,Buns & Rolls,New York Bakery Co. 5 Sesame Bagels Fresher for Longer 425g,5pk,£0.45 each,2.25,,
Co-op,Bakery,Buns & Rolls,New York Bakery Co. Everything Bagels 425g,5pk,£0.44 each,2.20,,
Co-op,Bakery,"Wraps, Pittas & Naans",Nishaan Traditional Roti 6 Indian Chapattis 350g,350g,£4.00/kg,1.40,,
Co-op,Bakery,"Wraps, Pittas & Naans",Old El Paso 12 Crunchy Taco Shells 156g,156g,£16.99/kg,2.65,,
Co-op,Bakery,"Wraps, Pittas & Naans",Old El Paso 8 Regular Tortillas Flour 326G,326g,£7.06/kg,2.30,,
Co-op,Bakery,"Wraps, Pittas & Naans",Old El Paso 8 Tortilla Pockets 223g,231g,£13.64/kg,3.15,,
Co-op,Bakery,Savoury Pies,PIEMINISTER MOO PIE 270G,255g,£20.78/kg,5.30,,
Co-op,Bakery,"Wraps, Pittas & Naans",Patak's The Original 2 Flame Baked Plain Naans,220g,£11.59/kg,2.55,,
Co-op,Bakery,"Wraps, Pittas & Naans",Pataks Garlic & Coriander Naan Breads x 2 220G,220g,£11.59/kg,2.55,,
Co-op,Bakery,"Wraps, Pittas & Naans",Pataks Peshwari Naan Breads x 2 220G,220g,£11.59/kg,2.55,,
Co-op,Bakery,Savoury Pies,Pieminister Big Cheese Classic Pie,250g,£21.20/kg,5.30,,
Co-op,Bakery,Savoury Pies,Pieminister Free Ranger Pie 270G,255g,£20.78/kg,5.30,,
Co-op,Bakery,Small Cakes & Treats,Popdots 5 Stracciatella Bomb 124g,5pk,£0.33 each,1.65,,
Co-op,Bakery,Savoury Pies,Pukka All Steak Pie 209g,209g,£14.83/kg,3.10,,
Co-op,Bakery,Savoury Pies,Pukka Chicken and Mushroom Pie 212g,212g,£14.62/kg,3.10,,
Co-op,Bakery,Savoury Pies,Pukka Creamy Pepper Steak Pie,205pk,£0.02 each,3.10,,
Co-op,Bakery,Savoury Pies,Pukka Minced Beef & Onion Pie,215g,£14.42/kg,3.10,,
Co-op,Bakery,Scones & Teacakes,Real Lancashire Eccles Cakes,4pk,£0.79 each,3.15,,
Co-op,Bakery,Buns & Rolls,Schär Gluten-Free Brown Ciabatta Rolls 200g,200g,£15.75/kg,3.15,,
Co-op,Bakery,Bread,Schär Gluten-Free White Ciabatta Rolls 200g,200g,£15.75/kg,3.15,,
Co-op,Bakery,Bread,Schär Gluten-Free Wholesome Seeded Loaf 300g,300g,£12.00/kg,3.60,,
Co-op,Bakery,Bread,Schär Gluten-Free Wholesome White Loaf 300g,300g,£12.00/kg,3.60,,
Co-op,Bakery,Savoury Pies,Seriously Tasty Classic Steak Pie,1pk,£2.30 each,2.30,,
Co-op,Bakery,"Wraps, Pittas & Naans",Sharwood's 4 Plain Mini Naans,4pk,£0.54 each,2.15,2.50,£0.35 off
Co-op,Bakery,Buns & Rolls,Sheldon's 4 Soft Large Brown Baps,4pk,£0.40 each,1.60,,
Co-op,Bakery,Buns & Rolls,Sheldon's 6 Lancashire Oven Bottom Muffins,6pk,£0.33 each,2.00,,
Co-op,Bakery,Whole Cakes,Soreen Banana Loaf 260g,260g,£7.31/kg,1.90,,
Co-op,Bakery,Offers,Soreen Lift Bars Blueberry 4 x 42g (168g),4pk,£10.42/kg,1.75,2.85,£1.10 off
Co-op,Bakery,Scones & Teacakes,Soreen The Original Malt Loaf 260g,260g,£7.31/kg,1.90,,
Co-op,Bakery,Croissants & Breakfast,St Pierre 6 Chocolate Filled Crêpes,6pk,£0.33 each,1.95,2.60,£0.65 off
Co-op,Bakery,Croissants & Breakfast,St Pierre 6 Croissants,6pk,£0.33 each,1.95,2.65,£0.70 off
Co-op,Bakery,Croissants & Breakfast,St Pierre 6 Pains Au Chocolat,6pk,£0.44 each,2.65,,
Co-op,Bakery,Buns & Rolls,St Pierre Brioche Burger Buns 4PACK,4pk,£0.66 each,2.65,,
Co-op,Bakery,Buns & Rolls,St Pierre Brioche Hot Dog Rolls 4PACK,4pk,£0.61 each,2.45,,
Co-op,Bakery,Buns & Rolls,St Pierre Seeded Brioche Burger Buns 4S,4pk,£0.88 each,3.50,,
Co-op,Bakery,Offers,Thorntons Caramel Shortcake Bites 10PK,10pk,£0.15 each,1.45,2.55,£1.10 off
Co-op,Bakery,Offers,Thorntons Chocolocate Fudge Brownie Bites 10 Pack,10pk,£0.15 each,1.45,2.55,£1.10 off
Co-op,Bakery,Scones & Teacakes,Tunnock's Milk Chocolate Tea Cakes 6 x 24g,6pk,£9.72/kg,1.40,,
Co-op,Bakery,Bread,"Warburtons 12 Pulses, Seeds & Grains Protein Power 500g",500g,£4.00/kg,2.00,,
Co-op,Bakery,Croissants & Breakfast,Warburtons 4 English Breakfast Muffins,4pk,£0.38 each,1.50,,
Co-op,Bakery,Scones & Teacakes,Warburtons 4 Fruity Teacakes,4pk,£0.41 each,1.65,,
Co-op,Bakery,"Wraps, Pittas & Naans",Warburtons 4 Gluten Free White Wraps,4pk,£0.86 each,3.45,,
Co-op,Bakery,Buns & Rolls,Warburtons 4 Large Sandwich Rolls,4pk,£0.46 each,1.85,,
Co-op,Bakery,"Wraps, Pittas & Naans",Warburtons 4 Protein Flatbreads,4pk,£0.53 each,2.10,,
Co-op,Bakery,"Wraps, Pittas & Naans",Warburtons 4 Protein Soft Pittas,4pk,£0.50 each,2.00,,
Co-op,Bakery,Buns & Rolls,Warburtons 4 Sliced Brioche Burger Buns,4pk,£0.74 each,2.95,,
Co-op,Bakery,Buns & Rolls,Warburtons 4 Sliced Sandwich Rolls,4pk,£0.48 each,1.90,,
Co-op,Bakery,"Wraps, Pittas & Naans",Warburtons 4 White Soft Pittas,1pk,£1.45 each,1.45,,
Co-op,Bakery,"Wraps, Pittas & Naans",Warburtons 4 Wholemeal Soft Pittas,1pk,£1.45 each,1.45,,
Co-op,Bakery,Buns & Rolls,Warburtons 5 Cinnamon & Raisin Soft & Sliced Bagels,5pk,£0.29 each,1.45,2.10,£0.65 off
Co-op,Bakery,Buns & Rolls,Warburtons 6 Brioche Hotdog Rolls,270g,£10.19/kg,2.75,,
Co-op,Bakery,Croissants & Breakfast,Warburtons 6 Choc Chip Pancakes,1pk,£1.80 each,1.80,,
Co-op,Bakery,Croissants & Breakfast,Warburtons 6 Crumpets,6pk,£0.18 each,1.05,,
Co-op,Bakery,Bread,Warburtons 6 Potato Cakes,6pk,£0.22 each,1.30,,
Co-op,Bakery,Croissants & Breakfast,Warburtons 6 Scotch Pancakes,6pk,£0.25 each,1.50,,
Co-op,Bakery,Buns & Rolls,Warburtons 6 Sliced Hotdog Rolls,6pk,£0.26 each,1.55,,
Co-op,Bakery,Buns & Rolls,Warburtons 6 Sliced Wholemeal Rolls,6pk,£0.25 each,1.50,,
Co-op,Bakery,Buns & Rolls,Warburtons 6 Thin Bagels Plain Sliced,6pk,£0.38 each,2.25,,
Co-op,Bakery,Croissants & Breakfast,Warburtons 9 Crumpets,9pk,£0.16 each,1.45,,
Co-op,Bakery,Buns & Rolls,Warburtons Bagels 5 Original Soft & Sliced,5pk,£0.29 each,1.45,2.35,£0.90 off
Co-op,Bakery,Bread,Warburtons Batch Original Seeded Bread 800g,800g,£2.75/kg,2.20,,
Co-op,Bakery,Croissants & Breakfast,Warburtons Choc Chip Belgian Waffle 70g,1pk,£0.80 each,0.80,1.30,£0.50 off
Co-op,Bakery,Bread,Warburtons Danish Lighter White Bread 400g,400g,£3.63/kg,1.45,,
Co-op,Bakery,Bread,Warburtons Farmhouse Soft Bread 400g,400g,£3.63/kg,1.45,,
Co-op,Bakery,Bread,Warburtons Farmhouse Soft Bread 800g,800g,£2.50/kg,2.00,,
Co-op,Bakery,"Wraps, Pittas & Naans",Warburtons Gluten Free 4 Brown Soft Pittas,4pk,£0.90 each,3.60,,
Co-op,Bakery,Croissants & Breakfast,Warburtons Gluten Free 4 Crumpets,4pk,£11.30/kg,3.30,,
Co-op,Bakery,Scones & Teacakes,Warburtons Gluten Free 4 Sliced Fruity Buns with Cinnamon & Raisin,4pk,£15.00/kg,3.60,,
Co-op,Bakery,Buns & Rolls,Warburtons Gluten Free 4 Soft Sliced Brioche Rolls,4pk,£0.85 each,3.40,,
Co-op,Bakery,Buns & Rolls,Warburtons Gluten Free 4 Super Soft Sliced Square Rolls,4pk,£0.85 each,3.40,,
Co-op,Bakery,"Wraps, Pittas & Naans",Warburtons Gluten Free 4 White Soft Pittas,4pk,£0.90 each,3.60,,
Co-op,Bakery,Bread,Warburtons Gluten Free Seeded 300g,300g,£8.33/kg,2.50,,
Co-op,Bakery,Bread,Warburtons Gluten Free Tiger Bloomer 400g,400g,£9.50/kg,3.80,,
Co-op,Bakery,Bread,Warburtons Half White Half Wholemeal Medium Bread 800g,800g,£1.94/kg,1.55,,
Co-op,Bakery,Bread,Warburtons Half White Half Wholemeal Thick Bread 800g,800g,£1.94/kg,1.55,,
Co-op,Bakery,Bread,Warburtons Medium Sliced Soft White Bread 800g,800g,£1.94/kg,1.55,,
Co-op,Bakery,Bread,Warburtons Original Seeded Batch Bread 400g,400g,£3.50/kg,1.40,,
Co-op,Bakery,Croissants & Breakfast,Warburtons Pearl Sugar Belgian Waffle 70g,1pk,£0.80 each,0.80,1.30,£0.50 off
Co-op,Bakery,Croissants & Breakfast,Warburtons Pearl Sugar Belgian Waffles 4 x 50g,4pk,£0.74 each,2.95,,
Co-op,Bakery,Bread,Warburtons Premium Old English White Bread 400g,400g,£5.50/kg,2.20,,
Co-op,Bakery,Buns & Rolls,Warburtons Protein Thin Bagel 4 Pack,4pk,£0.56 each,2.25,,
Co-op,Bakery,Buns & Rolls,Warburtons Sliced Sandwich Rolls 6S,6pk,£0.25 each,1.50,,
Co-op,Bakery,Bread,Warburtons Soft Round White Bread Milk Roll 400g,400g,£4.13/kg,1.65,,
Co-op,Bakery,Bread,Warburtons Soft Tiger Bloomer 600g,600g,£3.25/kg,1.95,,
Co-op,Bakery,Bread,Warburtons Toastie Thick Sliced Soft White Bread 400g,400g,£3.00/kg,1.20,,
Co-op,Bakery,Bread,Warburtons Wholemeal Bread 800g,800g,£1.94/kg,1.55,,£1.35 loyalty card (£1.69/kg)
Co-op,Bakery,Whole Cakes,Yorkshire Baking Company Jam & Coconut Mega Loaf Cake,1pk,£3.10 each,3.10,,
Co-op,Bakery,Whole Cakes,Yorkshire Baking Company Lemon Crunch Loaf Cake,1pk,£1.65 each,1.65,,
Co-op,Bakery,Whole Cakes,Yorkshire Baking Company Lemon Crunch Mega Loaf Cake,1pk,£3.10 each,3.10,,
Co-op,Bakery,Whole Cakes,Yorkshire Baking Company Mega Loaf Cherry,1pk,£3.10 each,3.10,,
Co-op,Bakery,Whole Cakes,Yorkshire Baking Company Mega Loaf Madeira,1pk,£3.10 each,3.10,,
Co-op,Bakery,"Wraps, Pittas & Naans",mission 6 Wraps Wheat & White 367g,6pk,£0.35 each,2.10,,
Co-op,Bakery,Bread,Co-op Bakery Farmhouse Wholemeal Bread 800g,800g,£1.63/kg,1.30,,
Co-op,Bakery,Bread,Co-op Crusty White Cob 400G,400g,£4.50/kg,1.80,,
Co-op,Bakery,Bread,Co-op Free From White Sliced Loaf 500g,500g,£4.70/kg,2.35,,
Co-op,Bakery,Bread,Co-op Irresistible Hand Finished White Sourdough 500g,500g,£5.80/kg,2.90,,
Co-op,Bakery,Bread,"Co-op Irresistible Pumpkin, Sunflower & Oat Sourdough Toastie Loaf 500g",500g,£5.80/kg,2.90,,
Co-op,Bakery,Bread,Co-op Irresistible White Sourdough Toastie Loaf 500g,500g,£5.80/kg,2.90,,
Co-op,Bakery,Bread,Warburtons Seeded Tiger Bloomer 400g,417g,£10.07/kg,4.20,,
Co-op,Bakery,Bread,Warburtons Soft White Our Dough 400g,400g,£3.88/kg,1.55,,
Co-op,Bakery,Bread,Warburtons Super Toastie Extra Thick Sliced Soft White Bread 800g,800g,£1.94/kg,1.55,,
Co-op,Bakery,Bread,Warburtons White Bakers Bloomer 800g,800g,£2.50/kg,2.00,,
Co-op,Bakery,Bread,Warburtons Wholegrain & Rye Our Dough 400g,400g,£3.88/kg,1.55,,
Co-op,Bakery,Bread,Warburtons Wholemeal Medium Sliced Bread Loaf 400G,400g,£3.00/kg,1.20,,
Co-op,Beauty & Toiletries,Bath & Shower,Co-op Soap Pure Twin Pack 2x100G,2pk,£7.50/kg,1.50,,
Co-op,Beauty & Toiletries,Bath & Shower,Dove Bath Soak Purely Pampering Shea Butter and Warm Vanilla 450 ml,450ml,£9.11/L,4.10,,
Co-op,Beauty & Toiletries,Bath & Shower,Dove Beauty Bar Original 4x 90 g,4pk,£11.67/kg,4.20,,
Co-op,Beauty & Toiletries,Bath & Shower,Dove Body Wash Hydrate 450 ml,450ml,£9.11/L,4.10,,
Co-op,Beauty & Toiletries,Bath & Shower,Dove Men+Care Clean Comfort Body Wash 250Ml,250ml,£13.80/L,3.45,,
Co-op,Beauty & Toiletries,Bath & Shower,Dove Original Beauty Bar 2 x 90 g,2pk,£13.33/kg,2.40,,
Co-op,Beauty & Toiletries,Bath & Shower,Imperial Leather Original Bar Soap 2 x 90g,2pk,£10.00/kg,1.80,,
Co-op,Beauty & Toiletries,Bath & Shower,Lynx Ice Chill Shower Gel Ice Chill 225 ML,225ml,£7.33/L,1.65,,
Co-op,Beauty & Toiletries,Bath & Shower,Lynx Shower Gel Africa 225 ml,225ml,£7.33/L,1.65,,
Co-op,Beauty & Toiletries,Bath & Shower,Original Source Coconut & Shea Butter Shower Gel 250Ml,250ml,£7.80/L,1.95,,
Co-op,Beauty & Toiletries,Bath & Shower,Original Source Mint & Tea Tree Shower Gel 250ml,250ml,£7.80/L,1.95,,
Co-op,Beauty & Toiletries,Bath & Shower,Radox Feel Relaxed Bath Soak 500 Ml,500ml,£4.60/L,2.30,,
Co-op,Beauty & Toiletries,Bath & Shower,Radox Mineral Therapy Body Wash Feel Awake 225 ml,225ml,£5.56/L,1.25,,
Co-op,Beauty & Toiletries,Bath & Shower,Radox Mineral Therapy Shower Gel Feel Radiant 225 ml,225ml,£5.56/L,1.25,,
Co-op,Beauty & Toiletries,Bath & Shower,Radox Mineral Therapy body wash Feel Moisturised 225 ml,225ml,£5.78/L,1.30,,
Co-op,Beauty & Toiletries,Bath & Shower,Radox Mineral Therapy body wash Feel Revived 225 ml,225ml,£5.56/L,1.25,,
Co-op,Beauty & Toiletries,Bath & Shower,Radox Muscle Soak Bath Soak 500 ml,500ml,£4.60/L,2.30,,
Co-op,Beauty & Toiletries,Bath & Shower,Sanex Dermo Moisturising Shower Gel 500ml,450ml,£6.33/L,2.85,4.10,£1.25 off
Co-op,Beauty & Toiletries,Bath & Shower,Sanex Zero% Hypoallergenic Sensitive Shower Gel 450ml,450ml,£6.33/L,2.85,4.10,£1.25 off
Co-op,Beauty & Toiletries,Bath & Shower,Treaclemoon Sweet Marsh Mallow Hearts Shower and Bath Gel 500ml,500ml,£4.90/L,2.45,,
Co-op,Beauty & Toiletries,Period Products,Always Daily Protect Extra Long Liners Odour Lock x 24,24pk,£0.10 each,2.30,,
Co-op,Beauty & Toiletries,Incontinence,"Always Discreet Boutique Incontinence Pants Women Black Plus, L, 8 Pants",8pk,£1.13 each,9.00,,
Co-op,Beauty & Toiletries,Incontinence,"Always Discreet Boutique Incontinence Pants Women Black Plus, M, 9 Pants",9pk,£1.00 each,9.00,,
Co-op,Beauty & Toiletries,Incontinence,Always Discreet Incontinence Pads Long 10 Pack,10pk,£0.28 each,2.75,,
Co-op,Beauty & Toiletries,Incontinence,Always Discreet Pads Normal 12 Pads,12pk,£0.23 each,2.75,,
Co-op,Beauty & Toiletries,Period Products,"Always FlexProtect Sanitary Towels Long (Size 2) with Wings 11 Pads, Unscented",11pk,£0.31 each,3.40,,
Co-op,Beauty & Toiletries,Period Products,"Always FlexProtect Sanitary Towels Night (Size 3) with Wings 10 Pads, Unscented",10pk,£0.34 each,3.40,,
Co-op,Beauty & Toiletries,Period Products,"Always FlexProtect Sanitary Towels Normal (Size 1) with Wings 12 Pads, Unscented",12pk,£0.28 each,3.40,,
Co-op,Beauty & Toiletries,Period Products,Always Maxi Profresh Night Sanitary Towels Without Wings 9 Pads,9pk,£0.26 each,2.30,,
Co-op,Beauty & Toiletries,Period Products,Always Ultra Day Pads Normal Wings x13,13pk,£0.17 each,2.25,,
Co-op,Beauty & Toiletries,Period Products,Always Ultra Day Sanitary Towels Long (Size 2) Wings 11 Pads,11pk,£0.20 each,2.25,,
Co-op,Beauty & Toiletries,Period Products,Always Ultra Sanitary Towels Day & Night (Size 3) With Wings X 9 Pads,9pk,£0.25 each,2.25,,
Co-op,Beauty & Toiletries,Period Products,Always Ultra Sanitary Towels Secure Night (Size 4) Wings X8 Pads,8pk,£0.28 each,2.25,,
Co-op,Beauty & Toiletries,Tissues & Wipes,Andrex Classic Clean Flushable Toilet Wipes Single Pack,36pk,£0.04 each,1.40,1.90,£0.50 off
Co-op,Beauty & Toiletries,Dental,"Aquafresh Kids Fluoride Toothpaste, Little Teeth Toothpaste, For Ages 3-5, 75ml",75ml,£34.67/L,2.60,,
Co-op,Beauty & Toiletries,Dental,Aquafresh Little Teeth 3-5 years Soft Bristles Kids Toothbrush,1pk,£2.60 each,2.60,,
Co-op,Beauty & Toiletries,Hair Care,Astonish Coconut Bliss Conditioner 375ml,375ml,£3.47/L,1.30,,
Co-op,Beauty & Toiletries,Hair Care,Astonish Coconut Bliss Shampoo 400ml,400ml,£3.25/L,1.30,,
Co-op,Beauty & Toiletries,Hand Soap & Sanitiser,Astonish Protect + Care Anti-Bacterial Handwash Aloe Vera 600ml,600ml,£2.00/L,1.20,,
Co-op,Beauty & Toiletries,Hand Soap & Sanitiser,Astonish Protect + Care Anti-Bacterial Handwash Vitamin E 600ml,600ml,£2.58/L,1.55,,
Co-op,Beauty & Toiletries,Hair Care,Astonish Tropical Oasis Conditioner 375ml,375ml,£3.47/L,1.30,,
Co-op,Beauty & Toiletries,Hair Care,Astonish Tropical Oasis Shampoo 400ml,400ml,£3.25/L,1.30,,
Co-op,Beauty & Toiletries,Hair Care,Aussie 3 Minute Miracle Reconstructor Deep Conditioner 250ml. Hair Treatment for Dry Hair,250ml,£22.00/L,5.50,,2 for £7.70
Co-op,Beauty & Toiletries,Hair Care,Aussie Mega Shampoo 300ml,300ml,£18.33/L,5.50,,2 for £7.70
Co-op,Beauty & Toiletries,Hair Care,"Aussie Mighty Mega Conditioner - Vegan - Lightweight & Gentle - For Soft & Shiny Hair, 200ml",200ml,£27.50/L,5.50,,2 for £7.70
Co-op,Beauty & Toiletries,Hair Care,"Aussie Miracle Moist Conditioner - Vegan - Moisture-Quenching For Dry, Damaged Hair, 200ml",200ml,£27.50/L,5.50,,2 for £7.70
Co-op,Beauty & Toiletries,Hair Care,"Aussie Miracle Moist Shampoo - Moisture-Quenching For Dry, Damaged Hair, 300ml",300ml,£18.33/L,5.50,,2 for £7.70
Co-op,Beauty & Toiletries,Skin & Body Care,Aveeno Daily Moisturising Body Lotion 200ml,200ml,£40.25/L,8.05,,
Co-op,Beauty & Toiletries,Hair Care,Batiste Dry Shampoo Floral & Flirty Blush 200ml,200ml,£20.75/L,4.15,,
Co-op,Beauty & Toiletries,Hair Care,Batiste Wonder Woman Dry Shampoo 200Ml,200ml,£20.75/L,4.15,,
Co-op,Beauty & Toiletries,Skin & Body Care,Blistex Blistexrelief Cream 5g,5g,£790.00/kg,3.95,,
Co-op,Beauty & Toiletries,Period Products,Bodyform Cour-V Ultra Night Sanitary Towels Wings 8 pack,8pk,£0.23 each,1.80,,
Co-op,Beauty & Toiletries,Period Products,Bodyform Cour-V Ultra Normal Sanitary Towels Wings 12 pack,12pk,£0.15 each,1.80,,
Co-op,Beauty & Toiletries,Period Products,Bodyform Cour-V Ultra Normal Sanitary Towels Wings 24 pack,24pk,£0.11 each,2.75,,
Co-op,Beauty & Toiletries,Period Products,Bodyform Dailies So Slim Panty Liners 30 pack,30pk,£0.06 each,1.80,,
Co-op,Beauty & Toiletries,Hand Soap & Sanitiser,Carex Aloe Vera Antibacterial Hand Wash 250ml,250ml,£7.60/L,1.90,,
Co-op,Beauty & Toiletries,Hand Soap & Sanitiser,Carex Anti-bacterial Hand Sanitiser Gel Aloe Vera 300ml,300ml,£15.50/L,4.65,,
Co-op,Beauty & Toiletries,Hand Soap & Sanitiser,Carex Antibacterial Hand Sanitiser Gel Aloe Vera 50ml,50ml,£36.00/L,1.80,,
Co-op,Beauty & Toiletries,Hand Soap & Sanitiser,Carex Dermacare Original Antibacterial Hand Wash Eco 250ml,250ml,£7.60/L,1.90,,
Co-op,Beauty & Toiletries,Hand Soap & Sanitiser,Carex Edition Cherry on Top Antibacterial Cherry & Vanilla Fragranced Hand Wash 250ml,250ml,£7.00/L,1.75,,
Co-op,Beauty & Toiletries,Hand Soap & Sanitiser,Carex Moisture Antibacterial Hand Wash 250ml,250ml,£7.60/L,1.90,,
Co-op,Beauty & Toiletries,Skin & Body Care,Carmex Classic Moisturising Lip Balm 10g,10g,£345.00/kg,3.45,,
Co-op,Beauty & Toiletries,Skin & Body Care,Carmex SPF 15 Strawberry Moisturising Lip Balm 4.25g,4.25g,£847.06/kg,3.60,,
Co-op,Beauty & Toiletries,Period Products,Co-op 10 Ultra Towels with Wings Night,10pk,£0.07 each,0.70,,
Co-op,Beauty & Toiletries,Period Products,Co-op 12 Ultra Towels with Wings Super,12pk,£0.06 each,0.71,,
Co-op,Beauty & Toiletries,Period Products,Co-op 14 Ultra Towels with Wings Normal,14pk,£0.05 each,0.71,,
Co-op,Beauty & Toiletries,Tissues & Wipes,Co-op 2 Super Soft Large Tissues,2pk,£1.23 each,2.45,,
Co-op,Beauty & Toiletries,Period Products,Co-op 32 Liners Pantyliners Normal,32pk,£0.04 each,1.15,,
Co-op,Beauty & Toiletries,Tissues & Wipes,Co-op 6 Ultra Soft Pocket Tissues,60pk,£0.02 each,1.25,,
Co-op,Beauty & Toiletries,Dental,Co-op 6 in 1 Mouthwash 500ML,500ml,£3.20/L,1.60,,
Co-op,Beauty & Toiletries,Dental,Co-op Dental Care Total Clean Medium Texture Toothbrush,1pk,£1.30 each,1.30,,
Co-op,Beauty & Toiletries,Shaving & Hair Removal,Co-op For Men 4 Triple Blade Disposable Razors,4pk,£0.75 each,3.00,,
Co-op,Beauty & Toiletries,Shaving & Hair Removal,Co-op For Men Sensitive Shave Foam 250ml,250ml,£8.80/L,2.20,,
Co-op,Beauty & Toiletries,Hair Care,Co-op Hair Care 2 in 1 Anti Dandruff Shampoo & Conditioner 300ml,300ml,£5.00/L,1.50,,
Co-op,Beauty & Toiletries,Skin & Body Care,Co-op Moisturising Hand Cream 75Ml,75ml,£25.33/L,1.90,,
Co-op,Beauty & Toiletries,Tissues & Wipes,Co-op Responsibly Sourced Recycled Soft Tissues,72pk,£0.02 each,1.70,,
Co-op,Beauty & Toiletries,Shaving & Hair Removal,Co-op Shave Gel Sensitive 200ML,200ml,£11.50/L,2.30,,
Co-op,Beauty & Toiletries,Tissues & Wipes,Co-op Ultra Soft Balm Tissues 3-Ply 72 Sheets,72pk,£0.02 each,1.70,,
Co-op,Beauty & Toiletries,Tissues & Wipes,Co-op Ultra Soft Tissues 56 Sheets,56pk,£0.01 each,0.80,,
Co-op,Beauty & Toiletries,Tissues & Wipes,Co-op Ultra Soft Tissues 72 Sheets,72pk,£0.02 each,1.70,,
Co-op,Beauty & Toiletries,Incontinence,Co-op Vivacity Extra 10 Individually Wrapped,10pk,£0.17 each,1.70,,£1.09 loyalty card (£0.11 each)
Co-op,Beauty & Toiletries,Hand Soap & Sanitiser,Co-oр Hand Care Hand Sanitiser 50Ml,50ml,£26.00/L,1.30,,
Co-op,Beauty & Toiletries,Dental,Colgate Cavity Protect Toothpaste 75ML,75ml,£27.33/L,2.05,,
Co-op,Beauty & Toiletries,Dental,Colgate Max White Luminous Teeth Whitening Toothpaste 75ml,75ml,£64.00/L,4.80,,
Co-op,Beauty & Toiletries,Dental,Colgate Max White Medium Toothbrush Single,1pk,£3.20 each,3.20,,
Co-op,Beauty & Toiletries,Dental,Colgate Total Active Prevention Original Toothpaste 125ml,125ml,£33.20/L,4.15,7.65,£3.50 off
Co-op,Beauty & Toiletries,Dental,Colgate Total Active Prevention Teeth Whitening Toothpaste 125ml,125ml,£33.20/L,4.15,7.65,£3.50 off
Co-op,Beauty & Toiletries,Dental,Colgate Triple Action Toothpaste 75ML,75ml,£18.67/L,1.40,,
Co-op,Beauty & Toiletries,Dental,Colgate White Teeth Whitening Toothpaste 75ml,75ml,£14.00/L,1.05,,
Co-op,Beauty & Toiletries,Dental,Colgate Whitening Toothpaste 75ML,75ml,£49.33/L,3.70,,
Co-op,Beauty & Toiletries,Dental,Corsodyl Complete Protection Gum Care Toothpaste Extra Fresh 75ml,75ml,£70.67/L,5.30,,
Co-op,Beauty & Toiletries,Dental,"Corsodyl Medicated, Antibacterial Mouthwash, Alcohol Free, 300ml",300ml,£23.67/L,7.10,,
Co-op,Beauty & Toiletries,Deodorant,Dove Anti-Perspirant Roll On Classic 50 ml,50ml,£38.00/L,1.90,,
Co-op,Beauty & Toiletries,Deodorant,Dove Anti-perspirant Deodorant Spray Powder 200 ml,200ml,£15.75/L,3.15,,
Co-op,Beauty & Toiletries,Skin & Body Care,Dove Body Lotion Replenishing 250ml,250ml,£15.40/L,3.85,,
Co-op,Beauty & Toiletries,Skin & Body Care,Dove Medium to Dark Visible Glow 250ml,250ml,£15.40/L,3.85,,
Co-op,Beauty & Toiletries,Deodorant,Dove Men+Care Antiperspirant Aerosol Classic 200 ml,200ml,£15.75/L,3.15,,
Co-op,Beauty & Toiletries,Skin & Body Care,E45 Cream 125g,125g,£60.80/kg,7.60,,
Co-op,Beauty & Toiletries,Skin & Body Care,E45 Cream 50g,50g,£90.00/kg,4.50,,
Co-op,Beauty & Toiletries,Skin & Body Care,Enliven Essentials Nail Polish Remover 250ml,250ml,£10.20/L,2.55,,
Co-op,Beauty & Toiletries,Deodorant,"Enliven Tropical Bliss Vanilla, Coconut & Frangipani Fragrance Mist 150ml",150ml,£18.33/L,2.75,,
Co-op,Beauty & Toiletries,Dental,Fixodent Complete Denture Adhesive Fresh Flavour 47g,47g,£80.85/kg,3.80,,
Co-op,Beauty & Toiletries,Skin & Body Care,Garnier Micellar Water Facial Cleanser Sensitive Skin 400ml,400ml,£25.38/L,10.15,,
Co-op,Beauty & Toiletries,Skin & Body Care,Garnier Micellar Water Facial Cleanser for Sensitive Skin 200ml,200ml,£30.25/L,6.05,,
Co-op,Beauty & Toiletries,Hair Care,Garnier Ultimate Blends Coconut Oil & Cocoa Butter Smoothing and Nourishing Shampoo 400ml,400ml,£7.75/L,3.10,,
Co-op,Beauty & Toiletries,Hair Care,Garnier Ultimate Blends Coconut Oil & Cocoa Butter Smoothing and Nourishing Vegan Conditioner 400ml,400ml,£7.75/L,3.10,,
Co-op,Beauty & Toiletries,Hair Care,Garnier Ultimate Blends Honey Treasures Conditioner,400ml,£7.75/L,3.10,,
Co-op,Beauty & Toiletries,Hair Care,Garnier Ultimate Blends Honey Treasures Shampoo,400ml,£7.75/L,3.10,,
Co-op,Beauty & Toiletries,Skin & Body Care,"Garnier Vitamin C Clarifying Wash for Dull, Uneven Skin",200ml,£23.00/L,4.60,,
Co-op,Beauty & Toiletries,Shaving & Hair Removal,Gillette BlueII Plus Slalom Men's Disposable Razors x8,8pk,£0.57 each,4.55,,
Co-op,Beauty & Toiletries,Shaving & Hair Removal,Gillette Fusion 5 Ultra Sensitive Shave Gel 200ml,200ml,£22.00/L,4.40,,
Co-op,Beauty & Toiletries,Shaving & Hair Removal,Gillette Fusion5 4 Blades,4pk,£3.85 each,15.40,,
Co-op,Beauty & Toiletries,Shaving & Hair Removal,Gillette Fusion5 ProGlide 4 Blade Refills,4pk,£4.81 each,19.25,,
Co-op,Beauty & Toiletries,Shaving & Hair Removal,"Gillette Mach3 Razor For Men, 1 Gillette Razor, 1 Razor Blade Refill",1pk,£6.40 each,6.40,,
Co-op,Beauty & Toiletries,Shaving & Hair Removal,"Gillette Mach3 Razor Refills for Men, 4 Razor Blade Refills",4pk,£2.81 each,11.25,,
Co-op,Beauty & Toiletries,Shaving & Hair Removal,Gillette ProGlide Razor For Men,1pk,£18.70 each,18.70,,
Co-op,Beauty & Toiletries,Shaving & Hair Removal,"Gillette Satin Care Women's Shave Gel, Aloe Vera Glide, 200ml",200ml,£15.00/L,3.00,,
Co-op,Beauty & Toiletries,Shaving & Hair Removal,"Gillette Sensor3 Comfort, Disposable Razors For Men, 6-Pack Razors",6pk,£0.87 each,5.20,,
Co-op,Beauty & Toiletries,Shaving & Hair Removal,Gillette Series Sensitive Shaving Foam 250ML,250ml,£12.40/L,3.10,,
Co-op,Beauty & Toiletries,Shaving & Hair Removal,Gillette Simply Venus 2 Disposable Razors 4PK,4pk,£0.58 each,2.30,,
Co-op,Beauty & Toiletries,Shaving & Hair Removal,Gillette Venus ComfortGlide Women’s Razor Spa Breeze,1pk,£8.70 each,8.70,,
Co-op,Beauty & Toiletries,Hair Care,Head & Shoulders Citrus Fresh 2in1 Anti Dandruff Shampoo for Greasy Hair 330ml,330ml,£16.67/L,5.50,,
Co-op,Beauty & Toiletries,Hair Care,"Head & Shoulders Citrus Fresh Anti-Dandruff Shampoo, Up To 100% Dandruff Protection, 400ml",400ml,£13.75/L,5.50,,
Co-op,Beauty & Toiletries,Hair Care,"Head & Shoulders Classic Clean 2in1 Anti Dandruff Shampoo 250ml, Refreshing Clean Scent",250ml,£13.20/L,3.30,,
Co-op,Beauty & Toiletries,Hair Care,Head & Shoulders Classic Clean 2in1 Anti Dandruff Shampoo 330ml Refreshing Clean Scent,330ml,£16.67/L,5.50,,
Co-op,Beauty & Toiletries,Hair Care,Head & Shoulders Classic Clean Anti Dandruff Shampoo 400ml for Daily Use. Cleen Feeling,400ml,£13.75/L,5.50,,
Co-op,Beauty & Toiletries,Hair Care,Head & Shoulders Classic Clean Shampoo 250ml,250ml,£13.80/L,3.45,,
Co-op,Beauty & Toiletries,Hair Care,Head & Shoulders DERMAXPRO Soothe Anti-Dandruff Shampoo 300ml,300ml,£22.00/L,6.60,,
Co-op,Beauty & Toiletries,Hair Care,Head & Shoulders DermaXPro Soothing Comfort Conditioner 220ml with Aloe Vera Extract,220ml,£30.00/L,6.60,,
Co-op,Beauty & Toiletries,Hair Care,Herbal Essences Argan Oil Repair Conditioner 200ml to Nourish Damaged Hair,200ml,£13.75/L,2.75,,
Co-op,Beauty & Toiletries,Hair Care,Herbal Essences Argan Oil Repair Shampoo 250ml,250ml,£11.00/L,2.75,,
Co-op,Beauty & Toiletries,Hair Care,Herbal Essences Rose Scent Petal Soft Conditioner 200ml to Nourish Dry Hair,200ml,£13.75/L,2.75,,
Co-op,Beauty & Toiletries,Hair Care,"Herbal Essences Rose Scent Petal Soft Shampoo 250ml to Nourish Dry Hair, Silicone Free",250ml,£11.00/L,2.75,,
Co-op,Beauty & Toiletries,Skin & Body Care,Imagination 3 Mini Nail Boards,3pk,£0.47 each,1.40,,
Co-op,Beauty & Toiletries,Hand Soap & Sanitiser,Imperial Leather Moisturing Antibacterial Hand Wash Cotton Flower & Vanilla Orchid 500ml,500ml,£4.60/L,2.30,,
Co-op,Beauty & Toiletries,Tissues & Wipes,Kleenex Balsam Extra Large Tissues - Single Compact Box,40pk,£0.07 each,2.90,,
Co-op,Beauty & Toiletries,Tissues & Wipes,Kleenex Balsam Pocket Tissues Single Pack,1pk,£0.90 each,0.90,,
Co-op,Beauty & Toiletries,Tissues & Wipes,Kleenex Balsam Tissues,18pk,£0.08 each,1.50,,
Co-op,Beauty & Toiletries,Tissues & Wipes,Kleenex Extra Large Compact Twin 44sc x 2,88pk,£0.04 each,3.50,,
Co-op,Beauty & Toiletries,Tissues & Wipes,Kleenex Mr Doodle!,48pk,£0.02 each,0.85,1.30,£0.45 off
Co-op,Beauty & Toiletries,Tissues & Wipes,Kleenex The Original,112pk,£0.02 each,2.30,3.30,£1 off
Co-op,Beauty & Toiletries,Tissues & Wipes,Kleenex® Balsam Tissues Single Box,64pk,£0.03 each,1.95,2.65,£0.70 off
Co-op,Beauty & Toiletries,Hair Care,L'Oreal Elnett Normal Hold Shine Hairspray 75ml,75ml,£54.00/L,4.05,,
Co-op,Beauty & Toiletries,Hair Care,L'Oreal Elvive Dream Lengths Long Hair Mask 300ml,300ml,£29.33/L,8.80,,
Co-op,Beauty & Toiletries,Deodorant,L'Oreal Men Expert Carbon Protect 48H Roll On Anti-Perspirant Deodorant 50ml,50ml,£66.00/L,3.30,,
Co-op,Beauty & Toiletries,Hair Care,L'Oreal Paris Elvive Colour Protect Masque Serum 300ml,300ml,£29.33/L,8.80,,
Co-op,Beauty & Toiletries,Hair Care,"L'Oréal Paris Elvive Colour Protect Shampoo, for Coloured & Highlighted Hair, 250ml",250ml,£16.40/L,4.10,,
Co-op,Beauty & Toiletries,Period Products,Lil-Lets Maternity 10 Maxi Pads with Wings,10pk,£0.23 each,2.25,,
Co-op,Beauty & Toiletries,Period Products,Lil-Lets Smartfit 14 Non-Applicator Tampons Super Plus Extra,14pk,£0.16 each,2.20,,
Co-op,Beauty & Toiletries,Period Products,Lil-Lets Smartfit 16 Non-Applicator Tampons Regular,16pk,£0.14 each,2.20,,
Co-op,Beauty & Toiletries,Period Products,Lil-lets Super Tampons 16S,16pk,£0.14 each,2.20,,
Co-op,Beauty & Toiletries,Dental,Listerine Essentials Cool Mint Mouthwash 500ml,500ml,£7.50/L,3.75,4.75,£1 off
Co-op,Beauty & Toiletries,Dental,Listerine Total Care 10 In 1 Teeth & Gum Mouthwash 600Ml,500ml,£12.00/L,6.00,,
Co-op,Beauty & Toiletries,Dental,Listerine Total Care 10 in 1 Mouthwash 500ml,500ml,£12.00/L,6.00,,
Co-op,Beauty & Toiletries,Deodorant,Lynx Aerosol Bodyspray Africa 250 ml,250ml,£26.00/L,6.50,,
Co-op,Beauty & Toiletries,Deodorant,Lynx Aerosol Bodyspray Black 150ml,150ml,£32.33/L,4.85,,
Co-op,Beauty & Toiletries,Deodorant,Lynx Africa Aerosol Bodyspray 150 ml,150ml,£32.33/L,4.85,,
Co-op,Beauty & Toiletries,Deodorant,Lynx Epic Fresh Body Spray For Men Grapefruit & Pineapple Scent 150 ML,150ml,£32.33/L,4.85,,
Co-op,Beauty & Toiletries,Hair Care,"L’Oréal Paris Elvive Hydra Hyaluronic Moisture Boosting Shampoo, for Dry & Dehydrated Hair, 250ml",250ml,£16.40/L,4.10,,
Co-op,Beauty & Toiletries,Hair Care,"L’Oréal Paris Elvive Hydra Hyaluronic Moisture Locking Conditioner, for Dry & Dehydrated Hair, 200ml",200ml,£20.50/L,4.10,,
Co-op,Beauty & Toiletries,Hair Care,"L’Oréal Paris Elvive Hydra Pure 72H Purifying Shampoo, for Oily Scalp & Dehydrated Lengths, 250ml",250ml,£16.40/L,4.10,,
Co-op,Beauty & Toiletries,Hair Care,"L’Oréal Paris Elvive Hydra Pure 72H Rehydrating Conditioner, 200ml",200ml,£20.50/L,4.10,,
Co-op,Beauty & Toiletries,Deodorant,Mitchum Men 48HR Protection Ice Fresh Antiperspirant & Deodorant Roll-On 100ml,100ml,£38.50/L,3.85,,
Co-op,Beauty & Toiletries,Deodorant,Mitchum Men Triple Odor Defense 48HR Protection Ice Fresh Antiperspirant & Deodorant 200ml,200ml,£20.25/L,4.05,,
Co-op,Beauty & Toiletries,Deodorant,Mitchum Men Ultimate Active Ocean Antiperspirant & Deodorant 250ml,250ml,£13.40/L,3.35,4.45,£1.10 off
Co-op,Beauty & Toiletries,Deodorant,Mitchum Women 48HR Protection Shower Fresh Antiperspirant & Deodorant Roll-On 100ml,100ml,£38.50/L,3.85,,
Co-op,Beauty & Toiletries,Deodorant,Mitchum Women Powder Fresh Roll-On Antiperspirant & Deodorant 100ml,100ml,£38.50/L,3.85,,
Co-op,Beauty & Toiletries,Deodorant,Mitchum Women Triple Odor Defense 48HR Protection Powder Fresh Antiperspirant & Deodorant 200ml,200ml,£20.25/L,4.05,,
Co-op,Beauty & Toiletries,Deodorant,Mitchum Women Triple Odor Defense 48HR Protection Powder Fresh Antiperspirant & Deodorant 41g,41g,£101.22/kg,4.15,,
Co-op,Beauty & Toiletries,Hand Soap & Sanitiser,"Moss & Adams Calming Cedarwood, Lemon and Spearmint Hand Wash 400ml",400ml,£5.75/L,2.30,,2 for £3.30
Co-op,Beauty & Toiletries,Skin & Body Care,NEUTROGENA® Norwegian Formula Concentrated Scented Hand Cream 50ml,50ml,£103.00/L,5.15,,
Co-op,Beauty & Toiletries,Deodorant,NIVEA Black & White Original Anti-perspirant Deodorant Spray 250ml,250ml,£13.60/L,3.40,,
Co-op,Beauty & Toiletries,Skin & Body Care,NIVEA Cherry Shine Lip Balm 4G,4.8g,£427.08/kg,2.05,3.70,£1.65 off
Co-op,Beauty & Toiletries,Deodorant,NIVEA Cool Kick Anti-Perspirant  250ML,250ml,£13.60/L,3.40,,
Co-op,Beauty & Toiletries,Skin & Body Care,NIVEA Double Effect Waterproof Eye Make-Up Remover 125ml,125ml,£41.20/L,5.15,,
Co-op,Beauty & Toiletries,Skin & Body Care,NIVEA MEN® Sensitive Face Moisturiser 75ml,75ml,£110.00/L,8.25,,
Co-op,Beauty & Toiletries,Shaving & Hair Removal,NIVEA Men Sensitive Post Shave Balm 100ml,100ml,£96.00/L,9.60,,
Co-op,Beauty & Toiletries,Skin & Body Care,NIVEA Nourishing Day Cream  50ML,50ml,£96.00/L,4.80,,
Co-op,Beauty & Toiletries,Skin & Body Care,NIVEA Original Care Lip Balm 4G,4.8g,£510.42/kg,2.45,,
Co-op,Beauty & Toiletries,Skin & Body Care,NIVEA Protect & Dry Touch Refreshing Mist SPF 30 200ml,200ml,£53.00/L,10.60,,
Co-op,Beauty & Toiletries,Skin & Body Care,NIVEA Refreshing Day Cream  50ML,50ml,£96.00/L,4.80,,
Co-op,Beauty & Toiletries,Skin & Body Care,NIVEA Rich Nourishing Body Lotion Dry Skin 250ML,250ml,£13.80/L,3.45,,
Co-op,Beauty & Toiletries,Skin & Body Care,NIVEA SUN® After Sun Moisture Moisturising Soothing Lotion 200ml,200ml,£37.00/L,7.40,,
Co-op,Beauty & Toiletries,Skin & Body Care,NIVEA SUN® Protect & Moisture Moisturising Sun Spray 30 High 200ml,200ml,£46.75/L,9.35,,
Co-op,Beauty & Toiletries,Skin & Body Care,NIVEA® Soft Refreshingly Soft Moisturising Cream 75ml,75ml,£40.00/L,3.00,,
Co-op,Beauty & Toiletries,Skin & Body Care,Nivea Face Q10 Power Day Cream 50Ml,50ml,£187.00/L,9.35,,
Co-op,Beauty & Toiletries,Skin & Body Care,Nivea Face Q10 Power Night Cream 50Ml,50ml,£187.00/L,9.35,,
Co-op,Beauty & Toiletries,Skin & Body Care,Nivea Sun Prot & Mst Ltn F50+ 200Ml,200ml,£46.75/L,9.35,,
Co-op,Beauty & Toiletries,Dental,"ORAL-B PRO-CLEAN Manual Toothbrush – Removes Plaque & Fights Bad Breath – Medium Bristles, 1",1pk,£3.70 each,3.70,,
Co-op,Beauty & Toiletries,Dental,Oral-B 3D White Arctic Fresh Toothpaste 75ml,75ml,£45.33/L,3.40,,
Co-op,Beauty & Toiletries,Dental,Oral-B 3DWhite Advanced Luxe Perfection Toothpaste 75ml,75ml,£87.33/L,6.55,,
Co-op,Beauty & Toiletries,Dental,Oral-B Complete 5 Way Clean Medium Manual Toothbrush,1pk,£2.40 each,2.40,,
Co-op,Beauty & Toiletries,Dental,"Oral-B Pro Cross Action Black Toothbrush Heads, 2 Counts",2pk,£6.00 each,12.00,,
Co-op,Beauty & Toiletries,Dental,Oral-B Pro-Expert Healthy Whitening Toothpaste 75Ml,75ml,£63.33/L,4.75,,
Co-op,Beauty & Toiletries,Dental,Oral-B Pro-Expert Professional Protection Toothpaste 75ml,75ml,£38.67/L,2.90,4.75,£1.85 off
Co-op,Beauty & Toiletries,Hair Care,Pantene Pro-V Active Nutri-Plex Repair & Protect Shampoo 500ml for Dry Damaged Hair,500ml,£15.90/L,7.95,,
Co-op,Beauty & Toiletries,Hair Care,Pantene Pro-V Repair & Protect Conditioner 350ml. Lightweight feel. Active Nutri-Plex,350ml,£22.71/L,7.95,,
Co-op,Beauty & Toiletries,Dental,"Poligrip Denture Adhesive Fixative Cream, 40g",40g,£103.75/kg,4.15,,
Co-op,Beauty & Toiletries,Hair Care,Schwarzkopf Got2B Beach Matt Paste 100Ml,100ml,£50.50/L,5.05,6.05,£1 off
Co-op,Beauty & Toiletries,Hair Care,Schwarzkopf got2b Glued Blasting Freeze Hair Spray 300ml,300ml,£17.33/L,5.20,6.20,£1 off
Co-op,Beauty & Toiletries,Hair Care,Schwarzkopf got2b Glued Water Resistant Spiking Glue 150ml,150ml,£40.33/L,6.05,,
Co-op,Beauty & Toiletries,Dental,Sensodyne Daily Care Gentle Whitening Sensitive Toothpaste 75Ml,75ml,£40.00/L,3.00,,
Co-op,Beauty & Toiletries,Dental,Sensodyne Pronamel Intensive Enamel Repair Extra Fresh Toothpaste 75ml,75ml,£60.67/L,4.55,6.55,£2 off
Co-op,Beauty & Toiletries,Dental,Sensodyne Repair & Protect Original Sensitive Toothpaste 75ml,75ml,£104.00/L,7.80,,
Co-op,Beauty & Toiletries,Dental,Sensodyne Repair and Protect Whitening Toothpaste 75ml,75ml,£104.00/L,7.80,,
Co-op,Beauty & Toiletries,Dental,Sensodyne Sensitive Teeth Toothpaste Sensitivity & Gum Original 75 Ml,75ml,£83.33/L,6.25,,
Co-op,Beauty & Toiletries,Skin & Body Care,Simple Hydrating Light Moisture 125ML,125ml,£33.60/L,4.20,,
Co-op,Beauty & Toiletries,Skin & Body Care,Simple Kind to Skin Cleansing Wipes Biodegradable 25 PC,25pk,£0.11 each,2.85,,
Co-op,Beauty & Toiletries,Skin & Body Care,Simple Moisturising Facial Wash 150 Ml,150ml,£28.00/L,4.20,,
Co-op,Beauty & Toiletries,Skin & Body Care,St Moriz ProfessionalMedium Mousse 200ML,200ml,£43.50/L,8.70,,
Co-op,Beauty & Toiletries,Dental,Steradent Active Plus 30 Tablets,30pk,£0.05 each,1.50,,
Co-op,Beauty & Toiletries,Deodorant,Sure Anti-Perspirant Aerosol Bright Bouquet 200ml,200ml,£12.25/L,2.45,,
Co-op,Beauty & Toiletries,Deodorant,Sure Anti-Perspirant Aerosol Cotton Dry 200 ml,200ml,£12.25/L,2.45,,
Co-op,Beauty & Toiletries,Deodorant,Sure Anti-Perspirant Deodorant Roll On Cotton Dry 50 ml,50ml,£33.00/L,1.65,,
Co-op,Beauty & Toiletries,Deodorant,Sure Anti-perspirant Aerosol Invisible Ice Fresh 150 ml,150ml,£12.67/L,1.90,,
Co-op,Beauty & Toiletries,Deodorant,Sure Anti-perspirant Deodorant Aerosol Bright Bouquet Nonstop Protection 250 ml,250ml,£18.80/L,4.70,,
Co-op,Beauty & Toiletries,Deodorant,Sure Antiperspirant Roll On Original 50 ml,50ml,£30.00/L,1.50,,
Co-op,Beauty & Toiletries,Deodorant,Sure Bright Bouquet Anti-Perspirant Aerosol 150 Ml,150ml,£12.67/L,1.90,,
Co-op,Beauty & Toiletries,Deodorant,Sure Men Anti-Perspirant Aerosol Invisible Ice Fresh 200ml,200ml,£12.25/L,2.45,,
Co-op,Beauty & Toiletries,Deodorant,Sure Men Anti-perspirant Deodorant Aerosol Quantum Dry Nonstop Protection 250 ml,250ml,£18.80/L,4.70,,
Co-op,Beauty & Toiletries,Incontinence,TENA Discreet Normal Incontinence Pads x 12,12pk,£0.25 each,2.95,,
Co-op,Beauty & Toiletries,Hair Care,TRESemme Colour Chroma Vibrance Conditioner 180 ml,180ml,£14.44/L,2.60,,
Co-op,Beauty & Toiletries,Hair Care,TRESemme Colour Chroma Vibrance Shampoo 180 ml,180ml,£14.44/L,2.60,,
Co-op,Beauty & Toiletries,Hair Care,TRESemme Hydra Molecular Moisture Conditioner delivers a salon-sculpted look 180 ml,180ml,£14.44/L,2.60,,
Co-op,Beauty & Toiletries,Hair Care,TRESemme Hydra Molecular Moisture Conditioner delivers a salon-sculpted look 300 ml,300ml,£13.33/L,4.00,5.75,£1.75 off
Co-op,Beauty & Toiletries,Hair Care,TRESemme Hydra Molecular Moisture Shampoo delivering a salon-sculpted look 180 ml,180ml,£14.44/L,2.60,,
Co-op,Beauty & Toiletries,Hair Care,TRESemme Hydra Molecular Moisture Shampoo delivering a salon-sculpted look 400 ml,400ml,£10.00/L,4.00,5.75,£1.75 off
Co-op,Beauty & Toiletries,Hair Care,TRESemme Thermo Sculpt Memory Conditioner enhances the ability 300 ml,300ml,£13.33/L,4.00,5.75,£1.75 off
Co-op,Beauty & Toiletries,Hair Care,"TRESemme Thermo Sculpt Memory Shampoo more resilient strands, 400 ml",400ml,£10.00/L,4.00,5.75,£1.75 off
Co-op,Beauty & Toiletries,Period Products,Tampax Pearl Compak Regular Tampons With Applicator x20,20pk,£0.19 each,3.75,,
Co-op,Beauty & Toiletries,Period Products,Tampax Pearl Compak Super Plus Tampons With Applicator x20,20pk,£0.19 each,3.75,,
Co-op,Beauty & Toiletries,Period Products,Tampax Pearl Compak Super Tampons With Applicator x20,20pk,£0.19 each,3.75,,
Co-op,Beauty & Toiletries,Incontinence,Tena Discreet Extra incontinence Pads 10 pack,10pk,£0.30 each,2.95,,
Co-op,Beauty & Toiletries,Incontinence,Tena Lady Tena Incontinence Pants Super Large Size 12PACK,12pk,£1.17 each,14.00,,
Co-op,Beauty & Toiletries,Shaving & Hair Removal,The Co-operative 5 Ladies Twin Blade Disposable Razors,5pk,£0.23 each,1.15,,
Co-op,Beauty & Toiletries,Makeup,Truyu Easy View Tweezers,1pk,£5.80 each,5.80,,
Co-op,Beauty & Toiletries,Skin & Body Care,Vaseline Intensive Care Body Lotion Cocoa Radiant 200 ml,200ml,£14.75/L,2.95,,
Co-op,Beauty & Toiletries,Skin & Body Care,Vaseline Intensive Care Body Lotion Essential Healing 400 ml,400ml,£11.75/L,4.70,,
Co-op,Beauty & Toiletries,Skin & Body Care,Vaseline Lip Therapy Lip Balm Tin Cocoa Butter 20 g,20g,£75.00/kg,1.50,,
Co-op,Beauty & Toiletries,Skin & Body Care,Vaseline Lip Therapy Lip Tin Aloe Vera 20g,20g,£75.00/kg,1.50,,
Co-op,Beauty & Toiletries,Skin & Body Care,Vaseline Original Lip Balm Tube 10 G,10g,£300.00/kg,3.00,,
Co-op,Beauty & Toiletries,Skin & Body Care,Vaseline Original Tin 20g,20g,£75.00/kg,1.50,,
Co-op,Beauty & Toiletries,Shaving & Hair Removal,Veet Pure Inspirations Hair Removal Cream 200ml,200ml,£52.25/L,10.45,,
Co-op,Beauty & Toiletries,Shaving & Hair Removal,Venus3 Sensitive Women's Disposable Razors - 4 Pack,4pk,£1.38 each,5.50,,
Co-op,Beauty & Toiletries,Tissues & Wipes,WaterWipes 10 on the Go Wipes,10pk,£0.17 each,1.65,,
Co-op,Beauty & Toiletries,Hair Care,Wella Silvikrin Firm Hold Hairspray 400ml,400ml,£16.25/L,6.50,,
Co-op,Beauty & Toiletries,Hair Care,"Wella Silvikrin Firm Hold Hairspray, 250ml",250ml,£20.20/L,5.05,,
Co-op,Beauty & Toiletries,Hair Care,"Wella Silvikrin Maximum Hold Hairspray, 400ml",400ml,£16.25/L,6.50,,
Co-op,Beauty & Toiletries,Shaving & Hair Removal,Wilkinson Sword Hydro 5 Sensitive Men's Blade Refills 4 Pack,4pk,£2.81 each,11.25,13.75,£2.50 off
Co-op,Beauty & Toiletries,Shaving & Hair Removal,Wilkinson Sword Quattro Blades Female 3 Pack,3pk,£2.47 each,7.40,,
Co-op,Beauty & Toiletries,Shaving & Hair Removal,Wilkinson Sword Quattro Titanium Sensitive 4 Blades,4pk,£2.26 each,9.05,,
Co-op,Beauty & Toiletries,Shaving & Hair Removal,Wilkinson Sword Xtreme 3 My Intuition Comfort Women's Disposable Razors x4,4pk,£1.48 each,5.90,,
Co-op,Beauty & Toiletries,Dental,Wisdom 5 Proflex Interdental Brushes Orange 0.45mm,5pk,£0.65 each,3.25,,
Co-op,Beauty & Toiletries,Dental,Wisdom Clean Between Pro 30 Interdental Brushes Fine,1pk,£4.15 each,4.15,,
Co-op,Beauty & Toiletries,Dental,Wisdom Dental Floss Mint Waxed 100m,1pk,£1.60 each,1.60,,
Co-op,Beauty & Toiletries,Skin & Body Care,Со-ор Skin Care 25 Biodegradable 3 in 1 Cleansing Wipes,25pk,£0.05 each,1.15,,
Co-op,Beauty & Toiletries,Hair Care,Got2b I Styler Texture Clay 75ml,75ml,£80.67/L,6.05,,
Co-op,Beauty & Toiletries,Hair Care,L'Oreal Elnett Normal Hold Shine Hairspray 200Ml,200ml,£31.00/L,6.20,,
Co-op,Beauty & Toiletries,Hair Care,L'Oréal Elvive Styliste Mousse Full Restore 200ml,200ml,£28.75/L,5.75,,
Co-op,Beauty & Toiletries,Hair Care,"L'Oréal Paris Elvive Colour Protect Conditioner, for Coloured & Highlighted Hair, 200ml",200ml,£20.50/L,4.10,,
Co-op,Beauty & Toiletries,Hair Care,SRP Glow Headbands x 2,2pk,£1.65 each,3.30,,
Co-op,Beauty & Toiletries,Hair Care,SRP Glow Large Black Flat Elastics x 12,12pk,£0.18 each,2.20,,
Co-op,Beauty & Toiletries,Hair Care,SRP Glow Large Claw Grip,1pk,£2.75 each,2.75,,
Co-op,Beauty & Toiletries,Hair Care,SRP Glow Travel Pad Brush,1pk,£3.85 each,3.85,,
Co-op,Beauty & Toiletries,Hair Care,Schwarzkopf got2b Guardian Angel Heat Protection Spray 200ml,200ml,£30.25/L,6.05,,
Co-op,Beauty & Toiletries,Hair Care,Schwarzkopf got2b Phenomenal Molding Paste 100ml,100ml,£60.50/L,6.05,,
Co-op,Beer & Cider,Ales,Adnams Southwold Ghost Ship Pale Ale 500ml,500ml,£6.10/L,3.05,,
Co-op,Beer & Cider,Ales,Beavertown Gamma Ray American Pale Ale 4 x 330ml,4pk,£6.06/L,8.00,,
Co-op,Beer & Cider,Ales,Beavertown Neck Oil Session IPA 4 x 330ml,4pk,£7.80/L,10.30,,
Co-op,Beer & Cider,Ales,Beavertown Rumble West Coast DIPA 440ml,440ml,£14.32/L,6.30,,
Co-op,Beer & Cider,Ales,BrewDog Double Hazy New England IPA 440ml,440ml,£12.05/L,5.30,,
Co-op,Beer & Cider,Ales,BrewDog Hazy Jane New England IPA Bottles 4 x 330ml,4pk,£6.55/L,8.65,,
Co-op,Beer & Cider,Ales,BrewDog Mix Pack Cans 8 x 330ml,8pk,£5.30/L,14.00,,
Co-op,Beer & Cider,Ales,BrewDog Punk IPA Post Modern Classic Can 440ml,440ml,£9.55/L,4.20,,3 for £9
Co-op,Beer & Cider,Ales,BrewDog Punk Post Modern Classic IPA Cans 4 x 330ml,4pk,£6.55/L,8.65,,
Co-op,Beer & Cider,Ales,BrewDog Wingman Session IPA Cans 4 x 330ml,4pk,£6.55/L,8.65,,
Co-op,Beer & Cider,Ales,Brewgooder Off-Line West Coast IPA 440ml,440ml,£9.09/L,4.00,,
Co-op,Beer & Cider,Ales,Camden Pale Ale Cans 4 x 330ml,4pk,£6.06/L,8.00,,
Co-op,Beer & Cider,Ales,Co-op India Pale Ale 500ml,500ml,£7.00/L,3.50,,
Co-op,Beer & Cider,Ales,Doom Bar Amber Ale Cans 4 x 500ml,4pk,£4.50/L,9.00,,
Co-op,Beer & Cider,Ales,Fuller's Extra Special Bitter Legendary Ale 500ml,500ml,£7.80/L,3.90,,3 for £9
Co-op,Beer & Cider,Ales,Fuller's London Pride Outstanding Amber Ale Bottle 500ml,500ml,£7.30/L,3.65,,3 for £9
Co-op,Beer & Cider,Ales,Greene King Abbot Reserve 500ml,500ml,£8.60/L,4.30,,
Co-op,Beer & Cider,Ales,Hobgoblin Gold Beer 500ml,500ml,£5.60/L,2.80,,
Co-op,Beer & Cider,Ales,Hobgoblin IPA 500ml,500ml,£6.40/L,3.20,,
Co-op,Beer & Cider,Ales,John Smith's Extra Smooth 440ml,4pk,£4.35/L,7.65,,
Co-op,Beer & Cider,Ales,Leffe Blonde 500ml,500ml,£8.00/L,4.00,,
Co-op,Beer & Cider,Ales,McEwan's Champion Premium Beer 500ml Bottle,500ml,£7.60/L,3.80,,
Co-op,Beer & Cider,Ales,Northern Monk Eternal Session IPA 4 x 330ml,4pk,£6.55/L,8.65,,
Co-op,Beer & Cider,Ales,Northern Monk Faith Hazy Pale Ale 440ml,440ml,£9.66/L,4.25,,
Co-op,Beer & Cider,Ales,Northern Monk Far Out Cosmic Hazy Pale 4 x 330ml,4pk,£6.06/L,8.00,,
Co-op,Beer & Cider,Ales,Northern Monk Heathen Hazy IPA 440ml,440ml,£12.05/L,5.30,,3 for £9
Co-op,Beer & Cider,Ales,Old Crafty Hen Bottle 500ML,500ml,£7.30/L,3.65,,
Co-op,Beer & Cider,Ales,Old Speckled Hen 4.8% Cans 4X440ML,4pk,£5.03/L,8.85,,
Co-op,Beer & Cider,Ales,Old Speckled Hen English Pale Ale 500ml,500ml,£7.20/L,3.60,,
Co-op,Beer & Cider,Ales,Old Speckled Hen Gluten Free 500ml,500ml,£6.60/L,3.30,,
Co-op,Beer & Cider,Ales,Proper Job Cornish IPA 500ml,500ml,£7.20/L,3.60,,
Co-op,Beer & Cider,Ales,Sharp's Brewing Co Doom Bar Amber Ale 4 x 500ml,4pk,£4.50/L,9.00,,
Co-op,Beer & Cider,Ales,Shepherd Neame & Co India Pale Ale 500ml,500ml,£8.50/L,4.25,,
Co-op,Beer & Cider,Ales,Sierra Nevada Pale Ale Draught-Style 473ml,473ml,£10.15/L,4.80,,
Co-op,Beer & Cider,Ales,The Five Points Brewing Co Best 500ml,500ml,£6.60/L,3.30,,3 for £9
Co-op,Beer & Cider,Ales,Vocation Brewery Crush Hour Everyday Hazy Pale 4 x 330ml,4pk,£6.06/L,8.00,,
Co-op,Beer & Cider,Ales,Vocation Brewery Life & Death Classic IPA 440ml,440ml,£11.36/L,5.00,,
Co-op,Beer & Cider,Ales,Vocation Brewery Love & Hate New England IPA 440ml,440ml,£12.05/L,5.30,,3 for £9
Co-op,Beer & Cider,Ales,Whitstable Bay Pale Ale Bottle 500Ml,500ml,£7.00/L,3.50,,
Co-op,Beer & Cider,Lagers,Asahi Super Dry Lager Beer Bottle 620ml,620ml,£7.82/L,4.85,,3 for £9
Co-op,Beer & Cider,Cider,Aspall Crisp Apple Cyder 4 x 330ml,4pk,£6.29/L,8.30,,
Co-op,Beer & Cider,Lagers,Beavertown Cosmic Drop Lager with Tropical Fruit 4 x 330ml,4pk,£7.35/L,9.70,,
Co-op,Beer & Cider,Lagers,Birra Moretti Lager Beer Single Bottle 660ml,660ml,£6.52/L,4.30,,3 for £9
Co-op,Beer & Cider,Lagers,Birrificio Angelo Poretti 4 x 568ml,4pk,£3.52/L,8.00,,
Co-op,Beer & Cider,Stouts,BrewDog Black Heart Draught Stout 4 x 440ml,4pk,£4.91/L,8.65,,
Co-op,Beer & Cider,Lagers,BrewDog Cold Beer Lager 10 x 440ml,10pk,£3.03/L,13.35,,
Co-op,Beer & Cider,Other Beers,BrewDog Day Cruizer Limited Edition American Wheat Beer 4 x 330ml,4pk,£6.55/L,8.65,,
Co-op,Beer & Cider,Lagers,BrewDog Lost Lager 4 x 568ml,4pk,£3.81/L,8.65,,
Co-op,Beer & Cider,Non & Low Alcohol,BrewDog Punk Alcohol Free IPA 4 x 330ml,4pk,£5.53/L,7.30,,
Co-op,Beer & Cider,Lagers,Brewgooder Goood Beer Pale 4 x 330ml,4pk,£5.04/L,6.65,,
Co-op,Beer & Cider,Other Beers,Brewgooder Peach Fruit Beer 4 x 330ml,4pk,£6.55/L,8.65,,
Co-op,Beer & Cider,Lagers,Bud Light Beer Cans 4 x 568ml,4pk,£3.21/L,7.30,,
Co-op,Beer & Cider,Non & Low Alcohol,Bud Zero 4x300ml,4pk,£4.55/L,6.00,,
Co-op,Beer & Cider,Lagers,Budweiser Lager Beer Bottle 660ml,660ml,£6.74/L,4.45,,3 for £9
Co-op,Beer & Cider,Lagers,Budweiser Lager Beer Bottles 4 x 300ml,4pk,£6.50/L,7.80,,
Co-op,Beer & Cider,Lagers,Carling Black Label 4 x 568ml,4pk,£3.96/L,9.00,,
Co-op,Beer & Cider,Lagers,Carling Original Lager Beer Cans 10 x 440ml,10pk,£2.80/L,12.30,,
Co-op,Beer & Cider,Lagers,Carling Original Lager Beer Cans 4 x 440ml,4pk,£3.58/L,6.30,,
Co-op,Beer & Cider,Lagers,Carlsberg Danish Pilsner 12 x 440ml,12pk,£2.27/L,12.00,,
Co-op,Beer & Cider,Lagers,Carlsberg Export Lager Beer Cans 4 x 568ml,4pk,£3.90/L,8.85,,
Co-op,Beer & Cider,Other Beers,Cherry Chouffe 330ml,330ml,£12.42/L,4.10,,
Co-op,Beer & Cider,Other Beers,Chu Lo Cherry Sour 330ml,330ml,£7.27/L,2.40,,
Co-op,Beer & Cider,Cider,Co-op British Apple Cider 2L,2L,£2.95/L,5.90,,
Co-op,Beer & Cider,Lagers,Co-op British Lager 4 x 440ml,4pk,£3.21/L,5.65,,
Co-op,Beer & Cider,Cider,Co-op Irresistible Tillington Hills Premium British Cider Can 500ml,500ml,£5.80/L,2.90,,
Co-op,Beer & Cider,Lagers,Cobra Premium Beer Single Bottle 620ml,620ml,£7.74/L,4.80,,
Co-op,Beer & Cider,Lagers,Coors 10 x 440ml,10pk,£2.42/L,10.65,,
Co-op,Beer & Cider,Lagers,Coors 4 x 440ml,4pk,£3.52/L,6.20,,
Co-op,Beer & Cider,Non & Low Alcohol,Corona Cero 0.0% Alcohol Free Bottles 4 x 330ml,4pk,£5.19/L,6.85,,
Co-op,Beer & Cider,Lagers,Corona Extra Bottles 10 x 330ml,10pk,£4.05/L,13.35,,
Co-op,Beer & Cider,Lagers,Corona Extra Bottles 4 x 330ml,4pk,£6.70/L,8.85,,
Co-op,Beer & Cider,Lagers,Cruzcampo Sevilla 660ml,660ml,£6.44/L,4.25,,3 for £9
Co-op,Beer & Cider,Lagers,Cruzcampo Sevilla Beer Cans 10 x 440ml,10pk,£3.33/L,14.65,,
Co-op,Beer & Cider,Other Beers,Cruzcampo Sevilla Orange Flavoured Beer 6 x 4 x 440ml Cans,4pk,£2.90/L,5.10,,
Co-op,Beer & Cider,Other Beers,Damm Lemon Lemon Flavoured Beer 4 x 330ml,4pk,£5.30/L,7.00,,
Co-op,Beer & Cider,Lagers,Desperados Original Beer Can 440ml,4pk,£6.05/L,10.65,,
Co-op,Beer & Cider,Lagers,Desperados Tequila Lager Beer Bottle 650ml,650ml,£8.00/L,5.20,,3 for £9
Co-op,Beer & Cider,Lagers,Desperados Tequila Lager Beer Bottles 3 x 330ml,3pk,£8.94/L,8.85,,
Co-op,Beer & Cider,Other Beers,Erdinger Weissbier Wheat Beer Bottle 500ml,500ml,£8.00/L,4.00,,3 for £9
Co-op,Beer & Cider,Lagers,Estrella Damm 440ml,4pk,£4.15/L,7.30,,
Co-op,Beer & Cider,Lagers,Estrella Damm Barcelona 10 x 44cl,10pk,£3.64/L,16.00,,
Co-op,Beer & Cider,Lagers,Estrella Damm Premium Lager Beer Bottle 660ml,660ml,£7.35/L,4.85,,3 for £9
Co-op,Beer & Cider,Lagers,Fosters 4x440ml 3.4%,4pk,£3.21/L,5.65,,
Co-op,Beer & Cider,Stouts,Guinness Draught 0.0% Non-Alcoholic Beer Cans 4 x 440ml,4pk,£4.35/L,7.65,,
Co-op,Beer & Cider,Stouts,Guinness Draught In Can 4x440ml,4pk,£4.94/L,8.70,,
Co-op,Beer & Cider,Non & Low Alcohol,Heineken 0.0 Alcohol Free Lager Beer Bottles 4 x 330ml,4pk,£5.53/L,7.30,,
Co-op,Beer & Cider,Lagers,Heineken Lager Beer Single Bottle 650ml,650ml,£6.15/L,4.00,,3 for £9
Co-op,Beer & Cider,Lagers,Heineken Pure Malt Lager Cans 10 x 440ml,10pk,£3.18/L,14.00,,
Co-op,Beer & Cider,Cider,Henry Westons Medium Cider 500ml,500ml,£8.60/L,4.30,,3 for £9
Co-op,Beer & Cider,Cider,Henry Westons Vintage Cider Single Bottle 500ml,500ml,£6.50/L,3.25,,3 for £9
Co-op,Beer & Cider,Cider,Inch's Cloudy Apple Cider 440ml,4pk,£3.78/L,6.65,,
Co-op,Beer & Cider,Cider,Inch's Medium Apple Cider 440ml,4pk,£3.78/L,6.65,,
Co-op,Beer & Cider,Other Beers,Jubel Beer Cut with Mango 4 x 330ml,4pk,£7.05/L,9.30,,
Co-op,Beer & Cider,Lagers,Jubel Beer Cut with Peach 4 x 330ml,4pk,£7.05/L,9.30,,
Co-op,Beer & Cider,Cider,Kopparberg Premium Cider With Strawberry & Lime 500ml,500ml,£8.20/L,4.10,,3 for £9
Co-op,Beer & Cider,Cider,Kopparberg Premium Cider with Cherry 4 x 330ml,4pk,£6.06/L,8.00,,
Co-op,Beer & Cider,Cider,Kopparberg Premium Cider with Mixed Fruit 500ml,500ml,£8.20/L,4.10,,3 for £9
Co-op,Beer & Cider,Cider,Kopparberg Premium Cider with Strawberry & Lime Cans 4 x 330ml,4pk,£6.40/L,8.45,,
Co-op,Beer & Cider,Cider,Kopparberg Sweet Vintage Pear Premium Cider 500ml,500ml,£8.00/L,4.00,,
Co-op,Beer & Cider,Non & Low Alcohol,Lucky Saint Hazy IPA 330ml,330ml,£10.45/L,3.45,,
Co-op,Beer & Cider,Non & Low Alcohol,Lucky Saint Unfiltered Lager 330ml,330ml,£10.45/L,3.45,,
Co-op,Beer & Cider,Lagers,Madri Excepcional Lager Beer Cans 4 x 440ml,4pk,£5.17/L,9.10,,
Co-op,Beer & Cider,Lagers,Madrí Excepcional Cans 10 x 440ml,10pk,£3.33/L,14.65,,
Co-op,Beer & Cider,Lagers,Madrí Excepcional Lager Single Bottle 660ml,660ml,£6.74/L,4.45,,3 for £9
Co-op,Beer & Cider,Lagers,Mahou Beer 4 x 440ml,4pk,£4.55/L,8.00,,
Co-op,Beer & Cider,Lagers,Menabrea Birra Bionda Premium Lager Beer Bottle 660ml,660ml,£6.74/L,4.45,,3 for £9
Co-op,Beer & Cider,Lagers,Modelo Especial 620ml,620ml,£7.74/L,4.80,,
Co-op,Beer & Cider,Lagers,Modelo Especial Beer 4 x 355ml,4pk,£6.34/L,9.00,,
Co-op,Beer & Cider,Stouts,Murphy's Draught Irish Stout Cans 4 x 440ml,4pk,£4.15/L,7.30,,
Co-op,Beer & Cider,Cider,Old Mout Cider Berries & Cherries 330ml,4pk,£5.53/L,7.30,,
Co-op,Beer & Cider,Cider,Old Mout Cider Pineapple & Raspberry Single Bottle 500ml,500ml,£8.20/L,4.10,,3 for £9
Co-op,Beer & Cider,Non & Low Alcohol,Paulaner München 0.5L,500ml,£5.80/L,2.90,,
Co-op,Beer & Cider,Lagers,Paulaner Münchner Hell Munich Lager 0.5L,500ml,£8.00/L,4.00,,
Co-op,Beer & Cider,Non & Low Alcohol,Peroni Nastro Azzurro Alcohol Free Lager Bottles 4x330ml,4pk,£5.53/L,7.30,,
Co-op,Beer & Cider,Lagers,Peroni Nastro Azzurro Gluten Free Lager Beer Bottles 4x330ml,4pk,£8.71/L,11.50,,
Co-op,Beer & Cider,Lagers,Peroni Nastro Azzurro Lager Beer Bottle 620ml,620ml,£7.82/L,4.85,,
Co-op,Beer & Cider,Lagers,Red Stripe Jamaica Lager Beer Cans 4 x 440ml,4pk,£4.55/L,8.00,,
Co-op,Beer & Cider,Lagers,San Miguel Especial 620ml,620ml,£7.18/L,4.45,,3 for £9
Co-op,Beer & Cider,Lagers,San Miguel Especial Premium Lager 10 x 440ml,10pk,£4.09/L,18.00,,
Co-op,Beer & Cider,Lagers,San Miguel Especial Premium Lager 4 x 330ml,4pk,£5.98/L,7.90,,
Co-op,Beer & Cider,Lagers,San Miguel Especial Premium Lager 4 x 440ml,4pk,£4.72/L,8.30,,
Co-op,Beer & Cider,Lagers,San Miguel Especial Premium Lager 4 x 568ml,4pk,£4.40/L,10.00,,
Co-op,Beer & Cider,Lagers,Spaten Premium Helles Craft Lager Beer Bottle 500ml,500ml,£8.00/L,4.00,,
Co-op,Beer & Cider,Lagers,Staropramen 4 x 440ml,4pk,£4.72/L,8.30,,
Co-op,Beer & Cider,Lagers,Staropramen Premium Czech Lager Bottle 660ml,660ml,£6.82/L,4.50,,3 for £9
Co-op,Beer & Cider,Non & Low Alcohol,Stella Artois Alcohol Free Premium Lager 4 x 440ml,4pk,£3.41/L,6.00,,
Co-op,Beer & Cider,Lagers,Stella Artois Belgium Premium Lager Beer Bottle 660ml,660ml,£6.74/L,4.45,,3 for £9
Co-op,Beer & Cider,Other Beers,Stiegl Radler Grapefruit 12 x 50cl,500ml,£6.60/L,3.30,,
Co-op,Beer & Cider,Cider,Strongbow Dark Fruit Cider Cans 4 x 440ml,4pk,£4.80/L,8.45,,
Co-op,Beer & Cider,Cider,Thatchers Gold Cider Cans 4 x 440ml,4pk,£4.15/L,7.30,,
Co-op,Beer & Cider,Cider,Thatchers Gold Somerset Cider Cans 10 x 440ml,10pk,£3.13/L,13.75,,
Co-op,Beer & Cider,Cider,Thatchers Haze Cider 4 x 440ml,4pk,£4.15/L,7.30,,
Co-op,Beer & Cider,Cider,Thatchers Juicy Apple Cider 4 x 440ml,4pk,£3.41/L,6.00,,
Co-op,Beer & Cider,Cider,Thatchers Katy Cider Single Bottle 500ml,500ml,£8.60/L,4.30,,3 for £9
Co-op,Beer & Cider,Cider,Thatchers Vintage Founder's Cider 500ml,500ml,£8.60/L,4.30,,3 for £9
Co-op,Beer & Cider,Non & Low Alcohol,Thatchers Zero% 4 x 440ml,4pk,£3.41/L,6.00,,
Co-op,Beer & Cider,Stouts,The Five Points Brewing Co Railway Porter 500ml,500ml,£7.30/L,3.65,,
Co-op,Beer & Cider,Lagers,Tyskie Beer Single Bottle 650ml,650ml,£7.23/L,4.70,,3 for £9
Co-op,Beer & Cider,Lagers,Tyskie Gronie Beer 4 x 500ml,4pk,£4.00/L,8.00,,
Co-op,Beer & Cider,Lagers,Asahi Super Dry Beer 4 x 440ml,4pk,£5.85/L,10.30,,
Co-op,Beer & Cider,Lagers,Birra Moretti Lager Beer Bottles 4 x 330ml,4pk,£6.70/L,8.85,,
Co-op,Beer & Cider,Lagers,Birra Moretti Lager Beer Cans 4 x 440ml,4pk,£4.55/L,8.00,,
Co-op,Beer & Cider,Lagers,Budweiser Lager Beer Cans 10 x 440ml,10pk,£3.78/L,16.65,,
Co-op,Beer & Cider,Lagers,Budweiser Lager Beer Cans 4 x 440ml,4pk,£4.26/L,7.50,,
Co-op,Beer & Cider,Lagers,Budweiser Lager Beer Cans 4 x 568ml,4pk,£3.96/L,9.00,,
Co-op,Beer & Cider,Lagers,Camden Hells Lager Cans 4 x 330ml,4pk,£6.06/L,8.00,,
Co-op,Beer & Cider,Lagers,Carlsberg Danish Pilsner Lager Beer Cans 4x568ML,4pk,£3.37/L,7.65,,
Co-op,Beer & Cider,Lagers,Corona Extra 4 x 440ml,4pk,£5.11/L,9.00,,
Co-op,Beer & Cider,Lagers,Corona Extra bottle 620ML,620ml,£7.50/L,4.65,,
Co-op,Beer & Cider,Lagers,Cruzcampo Pint Cans 4x568ml,4pk,£4.09/L,9.30,,
Co-op,Beer & Cider,Lagers,Cruzcampo Sevilla 4 x 440ml,4pk,£4.66/L,8.20,,
Co-op,Beer & Cider,Lagers,Heineken Lager Beer Cans 4 x 440ml,4pk,£4.66/L,8.20,,
Co-op,Beer & Cider,Lagers,Heineken Premium Lager Cans 4 x 568ml,4pk,£4.31/L,9.80,,
Co-op,Beer & Cider,Lagers,Holsten Pils Lager Beer 4 x 440ml Cans,4pk,£4.35/L,7.65,,
Co-op,Beer & Cider,Lagers,Kronenbourg 1664 Biere Beer Lager 4x440ml Cans,4pk,£4.35/L,7.65,,
Co-op,Beer & Cider,Lagers,Kronenbourg 1664 Biere Beer Lager 4x568ml Pint Can,4pk,£3.96/L,9.00,,
Co-op,Beer & Cider,Lagers,Modelo Especial Beer 12 x 355ml,12pk,£4.69/L,20.00,,
Co-op,Beer & Cider,Lagers,Peroni Nastro Azzurro 10 x 330ml,10pk,£5.05/L,16.65,,
Co-op,Beer & Cider,Lagers,Peroni Nastro Azzurro Lager Beer Bottles 4 x 330ml,4pk,£7.80/L,10.30,,
Co-op,Beer & Cider,Lagers,Peroni Nastro Azzurro Lager Beer Cans 4x440ml,4pk,£5.68/L,10.00,,
Co-op,Beer & Cider,Lagers,San Miguel Premium Lager 15 x 440ml,15pk,£3.03/L,20.00,,
Co-op,Beer & Cider,Lagers,Stella Artois Belgium 4 x 330ml,4pk,£5.95/L,7.85,,
Co-op,Beer & Cider,Lagers,Stella Artois Belgium Premium Lager Beer Cans 10 x 440ml,10pk,£3.94/L,17.35,,
Co-op,Beer & Cider,Lagers,Stella Artois Belgium Premium Lager Beer Cans 4 x 440ml,4pk,£4.15/L,7.30,,
Co-op,Beer & Cider,Lagers,Stella Artois Belgium Premium Lager Cans 4 x 568ml,4pk,£4.25/L,9.65,,
Co-op,Cereal & Cereal Bars,Back to Routine ⏰☕,Bio&Me Fibre + Protein Blueberry Bar 40g,40g,£43.75/kg,1.75,,
Co-op,Cereal & Cereal Bars,Back to Routine ⏰☕,Cheerios Honey 370g,370g,£11.08/kg,4.10,,
Co-op,Cereal & Cereal Bars,Back to Routine ⏰☕,Co-op Honey Raisin & Almond Granola 500g,500g,£4.34/kg,2.17,3.10,30% off
Co-op,Cereal & Cereal Bars,Back to Routine ⏰☕,Co-op Mixed Berry Granola 500g,500g,£4.34/kg,2.17,3.10,30% off
Co-op,Cereal & Cereal Bars,Back to Routine ⏰☕,Co-op Mixed Fruit Muesli 500g,500g,£3.22/kg,1.61,2.30,30% off
Co-op,Cereal & Cereal Bars,Back to Routine ⏰☕,Co-op Porridge Oats 1kg,1kg,£1.70/kg,1.70,,
Co-op,Cereal & Cereal Bars,Back to Routine ⏰☕,Co-op Porridge Oats 500g,500g,£1.34/kg,0.67,0.95,30% off
Co-op,Cereal & Cereal Bars,Back to Routine ⏰☕,Co-op Protein Cookie Dough Bar 60g,60g,£34.17/kg,2.05,,
Co-op,Cereal & Cereal Bars,Back to Routine ⏰☕,Kellogg's Crunchy Nut Hazelnut & Chocolate Granola 380g,380g,£7.92/kg,3.01,4.30,30% off
Co-op,Cereal & Cereal Bars,Back to Routine ⏰☕,Kelloggs Krave Choc Nut 410G,410g,£7.51/kg,3.08,4.40,30% off
Co-op,Cereal & Cereal Bars,Back to Routine ⏰☕,Nature Valley Crunchy Oats & Honey 10 Bars 5 x 42g (210g),5pk,£14.52/kg,3.05,,
Co-op,Cereal & Cereal Bars,Back to Routine ⏰☕,Quaker Oat So Simple Original Big Pack Porridge Sachets 12x27g,12pk,£9.51/kg,3.08,4.40,30% off
Co-op,Cereal & Cereal Bars,Back to Routine ⏰☕,Weetabix Cereal 24 Pack,24pk,£0.18 each,4.40,,
Co-op,Cereal & Cereal Bars,Cereal,Co-op Bran Flakes 500g,500g,£4.40/kg,2.20,,
Co-op,Cereal & Cereal Bars,Cereal,Co-op Chocolate Hazelnut Pillows 375g,375g,£3.20/kg,1.20,,
Co-op,Cereal & Cereal Bars,Cereal,Co-op Corn Flakes 500G,500g,£2.80/kg,1.40,,
Co-op,Cereal & Cereal Bars,Cereal,Co-op Free From Coco Hoops 300g,300g,£7.33/kg,2.20,,
Co-op,Cereal & Cereal Bars,Cereal,Co-op Golden Syrup Flavour Porridge 60g,60g,£9.17/kg,0.55,,
Co-op,Cereal & Cereal Bars,Cereal,Curiously Cinnamon 375g,375g,£7.60/kg,2.85,4.10,£1.25 off
Co-op,Cereal & Cereal Bars,Cereal,Fuel10K Chocolate Porridge 210g,210g,£9.05/kg,1.90,,
Co-op,Cereal & Cereal Bars,Cereal,Go Free Gluten Free Honey Nut Flakes 350g,350g,£8.57/kg,3.00,,
Co-op,Cereal & Cereal Bars,Cereal,Kellogg's 8 Variety Packs 196g,8pk,£0.48 each,3.85,,
Co-op,Cereal & Cereal Bars,Cereal,Kellogg's All-Bran Original Cereal 500g,500g,£6.40/kg,3.20,,
Co-op,Cereal & Cereal Bars,Cereal,Kellogg's Choco Hazelnut Flavour High Protein Bites 400g,400g,£10.50/kg,4.20,,
Co-op,Cereal & Cereal Bars,Cereal,Kellogg's Coco Pops 420g,420g,£8.10/kg,3.40,4.40,£1 off
Co-op,Cereal & Cereal Bars,Cereal,Kellogg's Coco Pops Chocos Mix 430g,430g,£10.23/kg,4.40,,
Co-op,Cereal & Cereal Bars,Cereal,Kellogg's Coco Pops Oat Bites 500g,500g,£8.80/kg,4.40,,
Co-op,Cereal & Cereal Bars,Cereal,Kellogg's Corn Flakes 450g,450g,£6.44/kg,2.90,,
Co-op,Cereal & Cereal Bars,Cereal,Kellogg's Crunchy Nut 460g,460g,£7.39/kg,3.40,4.40,£1 off
Co-op,Cereal & Cereal Bars,Cereal,Kellogg's Frosties Breakfast Cereal 470g,470g,£9.36/kg,4.40,,
Co-op,Cereal & Cereal Bars,Cereal,Kellogg's Krave Milk Chocolate 410g,410g,£8.29/kg,3.40,4.40,£1 off
Co-op,Cereal & Cereal Bars,Cereal,Kellogg's Oat Krispies 500g,500g,£9.10/kg,4.55,,
Co-op,Cereal & Cereal Bars,Cereal,Kellogg's Rice Krispies 430g,430g,£7.91/kg,3.40,4.50,£1.10 off
Co-op,Cereal & Cereal Bars,Cereal,Kellogg's Special K Original Breakfast Cereal 440g,440g,£10.00/kg,4.40,,
Co-op,Cereal & Cereal Bars,Cereal,Lion Caramel & Chocolate 400g,400g,£8.88/kg,3.55,,
Co-op,Cereal & Cereal Bars,Cereal,Mornflake Pixels Chocolate & Hazelnut 750g,750g,£5.13/kg,3.85,,
Co-op,Cereal & Cereal Bars,Cereal,Nestlé Shredded Wheat Original Breakfast Cereal 16 Biscuits 360g,16pk,£0.21 each,3.30,,
Co-op,Cereal & Cereal Bars,Cereal,Shreddies The Original 460g,460g,£8.37/kg,3.85,,
Co-op,Cereal & Cereal Bars,Cereal,Surreal Chocolate 240g,240g,£22.50/kg,5.40,,
Co-op,Cereal & Cereal Bars,Cereal,Surreal Granola Chocolate & Hazelnut 300g,300g,£14.33/kg,4.30,,
Co-op,Cereal & Cereal Bars,Cereal,Weetabix Crispy Minis Chocolate Chip 500g,500g,£9.70/kg,4.85,,
Co-op,Cereal & Cereal Bars,Cereal,Weetabix Marvel Chocolate Stars 500g,500g,£8.20/kg,4.10,,
Co-op,Cereal & Cereal Bars,"Granola, Muesli & Oats",Alpen Muesli No Added Sugar 550g,550g,£5.18/kg,2.85,3.95,£1.10 off
Co-op,Cereal & Cereal Bars,"Granola, Muesli & Oats",Alpen The Original Swiss Style Muesli 550g,550g,£5.18/kg,2.85,3.95,£1.10 off
Co-op,Cereal & Cereal Bars,"Granola, Muesli & Oats",Ambrosia Porridge with Apple & Blueberry Layer 210g,210g,£5.48/kg,1.15,1.75,£0.60 off
Co-op,Cereal & Cereal Bars,"Granola, Muesli & Oats",Ambrosia Ready to Eat Porridge Golden Syrup Flavour 210g,210g,£5.48/kg,1.15,1.75,£0.60 off
Co-op,Cereal & Cereal Bars,Cereal Bars,Barebells Peanut Butter Protein Bar 55g,55g,£57.27/kg,3.15,,
Co-op,Cereal & Cereal Bars,Cereal Bars,Barebells Protein Bar Cookies & Cream 55g,55g,£57.27/kg,3.15,,
Co-op,Cereal & Cereal Bars,Cereal Bars,Belvita Breakfast Biscuits  Honey & Nut with Choc Chips Multipack 225g (5 x 45g),225g,£7.33/kg,1.65,,
Co-op,Cereal & Cereal Bars,Cereal Bars,Belvita Breakfast Milk & Cereal Biscuit Snack Bars Multipack 225g (5 x 45g),225g,£7.33/kg,1.65,,
Co-op,Cereal & Cereal Bars,Cereal Bars,Belvita Chocolate Chip Soft Bakes Cereal Snack Bars Multipack 250g (5 x 50g),250g,£8.20/kg,2.05,3.55,£1.50 off
Co-op,Cereal & Cereal Bars,Offers,Bio & Me Cocoa & Hazelnut Granola 360g,360g,£9.31/kg,3.35,4.40,£1.05 off
Co-op,Cereal & Cereal Bars,"Granola, Muesli & Oats",Bio & Me Granola Super Seedy & Nutty 360g,360g,£9.31/kg,3.35,4.40,£1.05 off
Co-op,Cereal & Cereal Bars,Cereal Bars,Cadbury Brunch Light Orange Chocolate Cereal Bars 4 Pack Multipack 104g (4 x 26g),104g,£17.31/kg,1.80,,
Co-op,Cereal & Cereal Bars,Cereal Bars,"Cadbury Brunch Oats Chocolate Chip Cereal Bars, 4 Pack Multipack 112g (4 x 28g)",112g,£16.07/kg,1.80,,
Co-op,Cereal & Cereal Bars,Cereal Bars,"Cadbury Brunch Oats Raisin Chocolate Cereal Bars, 4 Pack Multipack 112g (4 x 28g)",112g,£16.07/kg,1.80,,
Co-op,Cereal & Cereal Bars,"Granola, Muesli & Oats",Cheerios Multigrain 390g,390g,£10.51/kg,4.10,,
Co-op,Cereal & Cereal Bars,"Granola, Muesli & Oats",Cheerios Very Berry 435g,435g,£9.43/kg,4.10,,
Co-op,Cereal & Cereal Bars,"Granola, Muesli & Oats",Co-op Crunchy Triple Chocolate Crisp 500g,500g,£5.60/kg,2.80,,
Co-op,Cereal & Cereal Bars,"Granola, Muesli & Oats",Co-op Free From Berry Granola 350g,350g,£10.71/kg,3.75,,
Co-op,Cereal & Cereal Bars,"Granola, Muesli & Oats",Co-op Free From Porridge Oats 450g,450g,£4.89/kg,2.20,,
Co-op,Cereal & Cereal Bars,"Granola, Muesli & Oats",Co-op Fruit & Fibre 500g,500g,£4.40/kg,2.20,,
Co-op,Cereal & Cereal Bars,"Granola, Muesli & Oats",Co-op Irresistible Scottish Jumbo Rolled Oats 750g,750g,£3.40/kg,2.55,,
Co-op,Cereal & Cereal Bars,Cereal Bars,Co-op Protein Salted Caramel Bar 60g,60g,£34.17/kg,2.05,,
Co-op,Cereal & Cereal Bars,"Granola, Muesli & Oats",Co-op Strawberry Crisp 500g,500g,£5.60/kg,2.80,,
Co-op,Cereal & Cereal Bars,"Granola, Muesli & Oats",Co-op Swiss Style Muesli 500g,500g,£4.60/kg,2.30,,
Co-op,Cereal & Cereal Bars,"Granola, Muesli & Oats",Cookie Crisp 500g,500g,£5.70/kg,2.85,3.85,£1 off
Co-op,Cereal & Cereal Bars,Cereal Bars,Deliciously Ella Apple & Raisin Oat Bars 3 x 50g,150g,£23.00/kg,3.45,,
Co-op,Cereal & Cereal Bars,Cereal Bars,Deliciously Ella Peanut Butter Oat Bars 3 x 50g,150g,£23.00/kg,3.45,,
Co-op,Cereal & Cereal Bars,"Granola, Muesli & Oats",Dorset Muesli Fantastically Fruity 500g,500g,£10.40/kg,5.20,,
Co-op,Cereal & Cereal Bars,"Granola, Muesli & Oats",Dorset Muesli Gloriously Nutty 500g,500g,£10.40/kg,5.20,,
Co-op,Cereal & Cereal Bars,Cereal Bars,Eat Natural Protein Peanuts & Dark Chocolate Fruit & Nut Bars 3 x 40g,3pk,£30.83/kg,3.70,,
Co-op,Cereal & Cereal Bars,"Granola, Muesli & Oats",FUEL10K Multigrain Flakes Chocolate Crunch 350g,350g,£8.29/kg,2.90,4.40,£1.50 off
Co-op,Cereal & Cereal Bars,"Granola, Muesli & Oats",FUEL10K Multigrain Hoops Cocoa Crunch 350g,350g,£8.29/kg,2.90,4.40,£1.50 off
Co-op,Cereal & Cereal Bars,Cereal Bars,FULFIL Chocolate Hazelnut Whip Flavour Vitamin & Protein Bar 40g,40g,£61.25/kg,2.45,,
Co-op,Cereal & Cereal Bars,Cereal Bars,Fibre One 90 Calorie Chocolate Fudge Brownies 4 x 24g (96g),4pk,£30.21/kg,2.90,,
Co-op,Cereal & Cereal Bars,"Granola, Muesli & Oats",Fuel10K Chocolate Fudge Porridge 80g,80g,£25.00/kg,2.00,,
Co-op,Cereal & Cereal Bars,"Granola, Muesli & Oats",Fuel10K Golden Syrup Flavour Porridge 210g,210g,£9.05/kg,1.90,,
Co-op,Cereal & Cereal Bars,"Granola, Muesli & Oats",Fuel10K Golden Syrup Flavour Porridge 80g,80g,£25.00/kg,2.00,,
Co-op,Cereal & Cereal Bars,"Granola, Muesli & Oats",Fuel10K Super Berry Granola 400g,400g,£11.25/kg,4.50,,
Co-op,Cereal & Cereal Bars,Cereal Bars,Fulfil Chocolate Brownie Flavour Vitamin & Protein Bar 40g,40g,£61.25/kg,2.45,,
Co-op,Cereal & Cereal Bars,Cereal Bars,Go Ahead Fruit Slices Apple 174g,4pk,£0.41 each,1.65,,
Co-op,Cereal & Cereal Bars,Cereal Bars,Go Ahead Fruit Slices Forest Fruit 174g,132g,£12.50/kg,1.65,,
Co-op,Cereal & Cereal Bars,Cereal Bars,Go Ahead Yogurt Breaks Forest Fruit 142g,4pk,£0.60 each,2.40,,
Co-op,Cereal & Cereal Bars,"Granola, Muesli & Oats",Good4U Vitamin Milled Seed Breakfast,130g,£18.85/kg,2.45,,
Co-op,Cereal & Cereal Bars,Cereal Bars,Graze Cocoa Vanilla Protein Flapjack 50g,50g,£30.00/kg,1.50,,
Co-op,Cereal & Cereal Bars,Cereal Bars,Grenade Carb Killa High Protein Bar Peanut Nutter 60g,60g,£55.00/kg,3.30,,
Co-op,Cereal & Cereal Bars,Cereal Bars,Grenade Chocolate Chip Cookie Dough Flavour 60g,60g,£55.00/kg,3.30,,
Co-op,Cereal & Cereal Bars,Cereal Bars,Grenade White Chocolate Cookie Flavour 60g,60g,£55.00/kg,3.30,,
Co-op,Cereal & Cereal Bars,Cereal Bars,Huel Chocolate Fudge Brownie Complete Nutrition Bar 55g,55g,£40.91/kg,2.25,3.00,£0.75 off
Co-op,Cereal & Cereal Bars,Cereal Bars,Jordans Frusli Raisin & Hazelnut Chewy Oat Bars 6 x 25g (150g),6pk,£2.83/kg,2.55,,
Co-op,Cereal & Cereal Bars,"Granola, Muesli & Oats",Jordans Protein Boost Granola Chocolate & Hazelnut 400g,400g,£10.63/kg,4.25,,
Co-op,Cereal & Cereal Bars,"Granola, Muesli & Oats",Jordans Strawberries Country Crisp 450g,450g,£10.22/kg,4.60,,
Co-op,Cereal & Cereal Bars,Offers,"Jordans Super Berry Granola Redcurrants, Blackcurrants, Blueberries, Cranberries, Almonds 370g",370g,£7.70/kg,2.85,4.25,£1.40 off
Co-op,Cereal & Cereal Bars,Offers,Jordans Super Nutty Granola 400G.,400g,£7.13/kg,2.85,4.25,£1.40 off
Co-op,Cereal & Cereal Bars,Cereal Bars,KIND Chocolate Chip Cashew Bars 40g,40g,£48.75/kg,1.95,,
Co-op,Cereal & Cereal Bars,"Granola, Muesli & Oats",Kellogg's Bluey Multigrain Cereal 350g,350g,£11.71/kg,4.10,,
Co-op,Cereal & Cereal Bars,"Granola, Muesli & Oats",Kellogg's Bran Flakes 500g,500g,£5.70/kg,2.85,,
Co-op,Cereal & Cereal Bars,Cereal Bars,Kellogg's Coco Pops 4 x 20g (80g),4pk,£16.88/kg,1.35,,
Co-op,Cereal & Cereal Bars,Offers,Kellogg's Crunchy Nut Fruit & Nut Breakfast Granola 380g,380g,£8.82/kg,3.35,4.30,£0.95 off
Co-op,Cereal & Cereal Bars,"Granola, Muesli & Oats",Kellogg's Fruit 'n Fibre Cereal 500g,500g,£7.00/kg,3.50,,
Co-op,Cereal & Cereal Bars,Cereal Bars,Kellogg's Rice Krispies Squares Gooey Marshmallow Bars 4 x 28g (112g),4pk,£25.89/kg,2.90,,
Co-op,Cereal & Cereal Bars,Cereal Bars,Kellogg's Rice Krispies Squares Totally Chocolatey Bars 4 x 36g (144g),4pk,£20.14/kg,2.90,,
Co-op,Cereal & Cereal Bars,"Granola, Muesli & Oats",Kellogg's Special K Crunchy Golden Clusters 360g,360g,£8.06/kg,2.90,4.40,£1.50 off
Co-op,Cereal & Cereal Bars,Offers,Kellogg's Special K Red Berries Cereal 330g,330g,£10.30/kg,3.40,4.40,£1 off
Co-op,Cereal & Cereal Bars,Cereal Bars,Kind Protein Caramel Nut 50g,50g,£42.00/kg,2.10,,
Co-op,Cereal & Cereal Bars,"Granola, Muesli & Oats",Lizi's High Protein Chocolate & Peanut Granola 350g,350g,£14.14/kg,4.95,,
Co-op,Cereal & Cereal Bars,"Granola, Muesli & Oats",Lizi's Low Sugar Nuts & Seeds Granola 400g,400g,£8.00/kg,3.20,4.95,£1.75 off
Co-op,Cereal & Cereal Bars,Offers,Mornflake Mighty Oats Organic Porridge Oats 1kg,1kg,£2.60/kg,2.60,4.10,£1.50 off
Co-op,Cereal & Cereal Bars,Cereal Bars,Nakd Blueberry Muffin 4x35G,4pk,£26.43/kg,3.70,,
Co-op,Cereal & Cereal Bars,Cereal Bars,Nakd Cocoa Orange Fruit & Nut Bars 4 x 35g,4pk,£26.43/kg,3.70,,
Co-op,Cereal & Cereal Bars,Cereal Bars,Nalya Energy Bites 45g,45g,£31.11/kg,1.40,,
Co-op,Cereal & Cereal Bars,Cereal Bars,Nature Valley Crunchy Canadian Maple Syrup 5 x 42g (210g),5pk,£14.52/kg,3.05,,
Co-op,Cereal & Cereal Bars,Cereal Bars,Nature Valley Crunchy Variety Pack Cereal Bars 5 x 42g (210g),5pk,£14.52/kg,3.05,,
Co-op,Cereal & Cereal Bars,Cereal Bars,Nature Valley Protein Peanut & Chocolate Bars 4 x 40g,4pk,£17.50/kg,2.80,3.70,£0.90 off
Co-op,Cereal & Cereal Bars,Cereal Bars,Nature Valley Protein Salted Caramel Nut Cereal Bars 4 X 40G,4pk,£17.50/kg,2.80,3.70,£0.90 off
Co-op,Cereal & Cereal Bars,"Granola, Muesli & Oats",Nestle Kit Kat Cereal 330G,330g,£7.12/kg,2.35,4.10,£1.75 off
Co-op,Cereal & Cereal Bars,Cereal Bars,Nākd Cherry Protein Bar 45g,45g,£42.22/kg,1.90,,
Co-op,Cereal & Cereal Bars,Cereal Bars,Nākd Cocoa Hazelnut Protein Bar 45g,45g,£42.22/kg,1.90,,
Co-op,Cereal & Cereal Bars,Cereal Bars,Nākd Peanut Butter Protein Bars 3 x 45g,3pk,£28.89/kg,3.90,,
Co-op,Cereal & Cereal Bars,Cereal Bars,Nākd Raw Fruit & Nut Bars Peanut Delight 4 x 35g,4pk,£26.43/kg,3.70,,
Co-op,Cereal & Cereal Bars,"Granola, Muesli & Oats",Quaker High in Protein Peanut Butter Porridge Sachets 8x43g,8pk,£12.73/kg,4.40,,2 for £5.25
Co-op,Cereal & Cereal Bars,Cereal Bars,Quaker Oat Cereal Bar with Chocolate & Hazelnuts 40g,40g,£43.75/kg,1.75,,
Co-op,Cereal & Cereal Bars,Cereal Bars,Quaker Oat Cereal Bar with Raspberry & Almonds 40g,40g,£43.75/kg,1.75,,
Co-op,Cereal & Cereal Bars,"Granola, Muesli & Oats",Quaker Oat So Simple Golden Syrup Porridge Pot 57g,57g,£25.44/kg,1.45,,2 for £2.50
Co-op,Cereal & Cereal Bars,"Granola, Muesli & Oats",Quaker Oat So Simple Golden Syrup Porridge Sachets 10x36g,10pk,£12.92/kg,4.65,,2 for £5.25
Co-op,Cereal & Cereal Bars,"Granola, Muesli & Oats",Quaker Oat So Simple Original Porridge Pot 45g,45g,£32.22/kg,1.45,,2 for £2.50
Co-op,Cereal & Cereal Bars,"Granola, Muesli & Oats",Quaker Oats High Protein Chocolate Brownie Porridge Pot 61g,52.3g,£31.55/kg,1.65,,2 for £2.50
Co-op,Cereal & Cereal Bars,"Granola, Muesli & Oats",Quaker Oats High Protein Chocolate Brownie Porridge Sachets 8x44g,8pk,£12.50/kg,4.40,,2 for £5.25
Co-op,Cereal & Cereal Bars,"Granola, Muesli & Oats",Quaker Oats High Protein Peanut Butter Porridge Pot 59g,58.2g,£28.35/kg,1.65,,2 for £2.50
Co-op,Cereal & Cereal Bars,"Granola, Muesli & Oats",Quaker Rolled Porridge Oats 1kg,1kg,£3.70/kg,3.70,,
Co-op,Cereal & Cereal Bars,Cereal Bars,TREK Cocoa Oat Protein Flapjacks Chocolate Flavour Topped 3 x 50g,3pk,£28.67/kg,4.30,,
Co-op,Cereal & Cereal Bars,Cereal Bars,Trek Protein Flapjacks Salted Caramel 3 x 50g,3pk,£28.67/kg,4.30,,
Co-op,Cereal & Cereal Bars,Cereal Bars,Tribe Protein Energy White Choc Flapjacks 3 x 38g,3pk,£21.93/kg,2.50,3.75,£1.25 off
Co-op,Cereal & Cereal Bars,Cereal Bars,Tribe Protein Flapjack Banoffee Choc Chip 3 x 38g,3pk,£21.93/kg,2.50,3.60,£1.10 off
Co-op,Cereal & Cereal Bars,Cereal Bars,Weetabix Cereal 12 Pack,12pk,£0.21 each,2.50,,
Co-op,Cereal & Cereal Bars,"Granola, Muesli & Oats",Weetabix Crispy Minis Caramelised Biscuit 500g,500g,£9.70/kg,4.85,,
Co-op,Cereal & Cereal Bars,"Granola, Muesli & Oats",ÜFIT Protein Porridge Caramelised Biscuit Flavour 70g,72g,£22.92/kg,1.65,,
Co-op,Cereal & Cereal Bars,"Granola, Muesli & Oats",ÜFIT Protein Porridge Chocolate 72g,70pk,£0.02 each,1.65,,
Co-op,Cereal & Cereal Bars,Cereal Bars,Eat Natural Almond & Apricot with a Yoghurt Coating Fruit & Nut Bars 3 x 40g,3pk,£1.23 each,3.70,,
Co-op,Cereal & Cereal Bars,Cereal Bars,Jordans Frusli Red Berry Chewy Oat Bars 6 x 25g (150g),6pk,£0.46 each,2.75,,
Co-op,Cereal & Cereal Bars,Cereal Bars,Mr Kipling 4 Honey & Nut Breakfast Bakes,4pk,£0.41 each,1.65,,
Co-op,Cereal & Cereal Bars,Cereal Bars,Myprotein Brownie Chocolate Chunk 75g,75g,£31.33/kg,2.35,,
Co-op,Cereal & Cereal Bars,Cereal Bars,Nākd Protein Bars Cocoa Hazelnut 3 x 45g,3pk,£28.89/kg,3.90,,
Co-op,Cheese,Back to Routine ⏰☕,Babybel Mini Original Cheese 6 x 20g,120g,£16.67/kg,2.00,3.00,£1 off
Co-op,Cheese,Back to Routine ⏰☕,Co-op British Mature White Cheddar 240G,240g,£14.17/kg,3.40,,
Co-op,Cheese,Back to Routine ⏰☕,Co-op British Red Leicester Cheese 240g,240g,£10.08/kg,2.42,3.45,30% off
Co-op,Cheese,Back to Routine ⏰☕,Co-op High Protein Cottage Cheese 300g,300g,£4.90/kg,1.47,2.10,30% off
Co-op,Cheese,Back to Routine ⏰☕,Dairylea Dunkers Jumbo Tubes Cheese Snacks 3 Pack Multipack 123g (3 x 41g),123g,£14.23/kg,1.75,3.00,£1.25 off
Co-op,Cheese,Back to Routine ⏰☕,Dairylea Lunchers Ham 'N' Cheese Cheese Snack 65g,65g,£28.46/kg,1.85,,
Co-op,Cheese,Back to Routine ⏰☕,Strings & Things Cheestrings 4 x 20g (80g),80g,£19.25/kg,1.54,2.20,30% off
Co-op,Cheese,Back to Routine ⏰☕,Strings & Things Cheestrings Twisted 4 X 20G (80G),80g,£27.50/kg,2.20,,
Co-op,Cheese,"Brie, Camembert & Soft Cheese",Co-op French Camembert Cheese 250g,250g,£15.40/kg,3.85,,
Co-op,Cheese,"Brie, Camembert & Soft Cheese",Co-op Irresistible Brie de Pays 170g,170g,£22.65/kg,3.85,,
Co-op,Cheese,"Brie, Camembert & Soft Cheese",Co-op Mellow & Smoky Smoked Cheese 150g,150g,£20.00/kg,3.00,,
Co-op,Cheese,"Brie, Camembert & Soft Cheese",Co-op Somerset Brie 160G,160g,£17.50/kg,2.80,,
Co-op,Cheese,"Brie, Camembert & Soft Cheese",Le Rustique Jean Verrier Fromager Camembert 250g,250g,£14.80/kg,3.70,,
Co-op,Cheese,"Brie, Camembert & Soft Cheese",Président French Brie Cheese 200g,200g,£18.00/kg,3.60,,
Co-op,Cheese,Cheddar,Cathedral City Mature Cheddar Cheese 350g,350g,£13.71/kg,4.80,,
Co-op,Cheese,Cheddar,Cathedral City Mature Cheese 200g,200g,£17.00/kg,3.40,,
Co-op,Cheese,Cheddar,Cathedral City Mature Lighter Cheese 350g,350g,£13.71/kg,4.80,,
Co-op,Cheese,Cheddar,Cathedral City Our Extra Mature Cheddar 350g,350g,£13.71/kg,4.80,,
Co-op,Cheese,Cheddar,Cathedral City Our Mature Cheddar 550g,550g,£12.45/kg,6.85,,
Co-op,Cheese,Cheddar,Cathedral City Our Strongest Cheddar 350g,350g,£13.71/kg,4.80,,
Co-op,Cheese,Cheddar,Co-op British Mature Cheddar Cheese 700g,700g,£8.64/kg,6.05,,
Co-op,Cheese,Cheddar,Co-op British Mature Lighter Cheese 240g,240g,£13.75/kg,3.30,,
Co-op,Cheese,Cheddar,Co-op British Mature White Cheddar 400g,400g,£9.63/kg,3.85,,£2.49 loyalty card (£6.23/kg)
Co-op,Cheese,Cheddar,Co-op British Mild White Cheddar 400g,400g,£10.13/kg,4.05,,
Co-op,Cheese,Cheddar,Co-op British Mild White Cheddar 700g,700g,£8.36/kg,5.85,,
Co-op,Cheese,Cheddar,Co-op Extra Mature Cheddar 400g,400g,£9.63/kg,3.85,,
Co-op,Cheese,Cheddar,Co-op Hot and Spicy Cheddar Wedge 200G,200g,£17.25/kg,3.45,,
Co-op,Cheese,Cheddar,Co-op Irresistible 6 Month Matured Somerset Mature Cheddar 340g,340g,£14.56/kg,4.95,,
Co-op,Cheese,Cheddar,Co-op Irresistible 9 Month Matured Somerset Extra Mature Cheddar 320g,320g,£14.38/kg,4.60,,
Co-op,Cheese,Cheddar,Co-op Irresistible Pioneers Crunch Vintage Cheddar 300g,300g,£14.67/kg,4.40,,
Co-op,Cheese,Cheddar,Co-op Irresistible West Country Cheddar & Chive Sourdough 500g,500g,£5.80/kg,2.90,,
Co-op,Cheese,Cheddar,Co-op Mature Cheddar 330g,330g,£6.06/kg,2.00,,
Co-op,Cheese,Cheddar,Pilgrims Choice Extra Mature Cheddar 350g,350g,£15.14/kg,5.30,,
Co-op,Cheese,Cheddar,Pilgrims Choice Mature Cheddar 350g,350g,£9.86/kg,3.45,5.30,£1.85 off
Co-op,Cheese,Cheddar,Snowdonia Cheese Company Black Bomber Extra Mature Cheddar 200g,200g,£32.00/kg,6.40,,
Co-op,Cheese,Cheddar,Worthy Farm Reserve Cheddar Cheese 320g,320g,£12.34/kg,3.95,,
Co-op,Cheese,Speciality & Other Cheese,1912 Golden Blue Artisan Cheese 150g,150g,£17.00/kg,2.55,3.55,£1 off
Co-op,Cheese,Spreadable Cheese,Almette Original Whipped Cream Cheese 150g,150g,£11.67/kg,1.75,,
Co-op,Cheese,Spreadable Cheese,BOURSIN Garlic & Herbs Soft French Cream Cheese 150g,150g,£25.00/kg,3.75,,
Co-op,Cheese,Cheese Snacks,Babybel Mini Original Cheese 12 x 20g,240g,£19.79/kg,4.75,,
Co-op,Cheese,Grated & Sliced Cheese,CATHEDRAL CITY Our Mature Cheddar Grated 180g,180g,£17.22/kg,3.10,,
Co-op,Cheese,Speciality & Other Cheese,Castello Creamy Blue Cheese 150g,150g,£24.67/kg,3.70,,
Co-op,Cheese,Cheese Snacks,Cathedral City Mature Minis 6 x 20g,6pk,£21.25/kg,2.55,,
Co-op,Cheese,Grated & Sliced Cheese,Cathedral City Sandwich Slices Mature Cheddar 150g,150g,£22.00/kg,3.30,,
Co-op,Cheese,Grated & Sliced Cheese,Co-op 10 British Sliced Mature Cheddar Cheese 200g,200g,£16.50/kg,3.30,,
Co-op,Cheese,Grated & Sliced Cheese,Co-op 10 Cheese Singles 200g,200g,£7.50/kg,1.50,,
Co-op,Cheese,Grated & Sliced Cheese,Co-op Big on BBQ Three Cheese Burger Melts 100g,100g,£19.00/kg,1.90,,
Co-op,Cheese,Speciality & Other Cheese,Co-op Blue Stilton Cheese 200g,200g,£16.50/kg,3.30,,
Co-op,Cheese,Grated & Sliced Cheese,Co-op British Cheddar with Sweetfire Chilli Slices 150g,150g,£23.00/kg,3.45,,
Co-op,Cheese,Speciality & Other Cheese,Co-op British Cheshire Cheese 240g,240g,£14.79/kg,3.55,,
Co-op,Cheese,Speciality & Other Cheese,Co-op British Double Gloucester 240g,240g,£14.79/kg,3.55,,
Co-op,Cheese,Feta & Goats Cheese,Co-op British Goats Cheese 85G,85g,£25.88/kg,2.20,,
Co-op,Cheese,Grated & Sliced Cheese,Co-op British Grated Extra Mature Cheddar Cheese 250g,250g,£14.20/kg,3.55,,
Co-op,Cheese,Grated & Sliced Cheese,Co-op British Grated Mature Cheddar Cheese 250g,250g,£14.20/kg,3.55,,
Co-op,Cheese,Grated & Sliced Cheese,Co-op British Grated Mild Cheddar Cheese 250g,250g,£14.20/kg,3.55,,
Co-op,Cheese,Speciality & Other Cheese,Co-op British Lancashire Cheese 240g,240g,£14.79/kg,3.55,,
Co-op,Cheese,Grated & Sliced Cheese,Co-op British Lighter Grated Mature Cheese 250g,250g,£14.20/kg,3.55,,
Co-op,Cheese,Grated & Sliced Cheese,Co-op British Red Leicester Grated 250G,250g,£14.20/kg,3.55,,
Co-op,Cheese,Grated & Sliced Cheese,Co-op British Sliced Mild Cheddar Cheese 10 Slices 200g,200g,£16.50/kg,3.30,,
Co-op,Cheese,Speciality & Other Cheese,Co-op British Wensleydale Cheese with Apricots 200g,200g,£17.25/kg,3.45,,
Co-op,Cheese,Speciality & Other Cheese,Co-op British Wensleydale Cheese with Cranberry 200g,200g,£17.25/kg,3.45,,
Co-op,Cheese,Speciality & Other Cheese,Co-op Cambozola Cheese 170g,170g,£20.29/kg,3.45,,
Co-op,Cheese,Speciality & Other Cheese,Co-op Cypriot Halloumi 200g,200g,£12.25/kg,2.45,,
Co-op,Cheese,Speciality & Other Cheese,Co-op Cypriot Lighter Grilling Cheese 200g,200g,£12.25/kg,2.45,,
Co-op,Cheese,Speciality & Other Cheese,Co-op Double Gloucester Onion & Chive Wedge 200G,200g,£17.25/kg,3.45,,
Co-op,Cheese,Grated & Sliced Cheese,Co-op Edam Slices 200G,200g,£16.50/kg,3.30,,
Co-op,Cheese,Speciality & Other Cheese,Co-op Edam Wedge 300g,300g,£12.83/kg,3.85,,
Co-op,Cheese,Spreadable Cheese,Co-op French Garlic & Herb Roulé 125g,125g,£20.80/kg,2.60,,
Co-op,Cheese,Grated & Sliced Cheese,Co-op German Smoked Cheese Slices 180G,180g,£20.00/kg,3.60,,
Co-op,Cheese,Speciality & Other Cheese,Co-op German Style Meat & Cheese Platter 120g,120g,£32.50/kg,3.90,,2 for £6.70
Co-op,Cheese,Feta & Goats Cheese,Co-op Goats Cheese 125G,125g,£24.40/kg,3.05,,
Co-op,Cheese,Grated & Sliced Cheese,Co-op Grated Mozzarella Cheese 250g,250g,£14.20/kg,3.55,,
Co-op,Cheese,Feta & Goats Cheese,Co-op Greek Feta Cheese 200g,200g,£13.75/kg,2.75,,
Co-op,Cheese,Spreadable Cheese,Co-op Honest Value Soft Cheese 200g,200g,£6.25/kg,1.25,,
Co-op,Cheese,Speciality & Other Cheese,Co-op Irresistible 12 Month Matured Comté AOP 200g,200g,£25.00/kg,5.00,,
Co-op,Cheese,Speciality & Other Cheese,Co-op Irresistible 16 Month Matured Belton Farm Vintage Red Fox Cheese 200g,200g,£23.25/kg,4.65,,
Co-op,Cheese,Parmesan,Co-op Irresistible 30 Months Matured Parmigiano Reggiano Cheese 170g,170g,£27.94/kg,4.75,,
Co-op,Cheese,Speciality & Other Cheese,Co-op Irresistible 9 Month Matured Queso Manchego Cheese P.D.O. 175g,175g,£29.71/kg,5.20,,
Co-op,Cheese,Grated & Sliced Cheese,Co-op Irresistible Extra Mature Cheddar Slices 160G,160g,£21.25/kg,3.40,,
Co-op,Cheese,Mozzarella & Burrata,Co-op Irresistible Mozzarella Pearls 140g,140g,£27.50/kg,3.85,,
Co-op,Cheese,Speciality & Other Cheese,Co-op Irresistible Roquefort Cheese 100g,100g,£35.50/kg,3.55,,
Co-op,Cheese,Speciality & Other Cheese,Co-op Irresistible Whipped Ricotta with Chargrilled Courgettes 160g,160g,£25.63/kg,4.10,,3 for £7
Co-op,Cheese,Parmesan,Co-op Italian Grana Padano 170g,170g,£21.18/kg,3.60,,
Co-op,Cheese,Grated & Sliced Cheese,Co-op Italian Grated Parmesan Cheese 50g,50g,£38.00/kg,1.90,,
Co-op,Cheese,Mozzarella & Burrata,Co-op Italian Lighter Mozzarella Cheese 210g,125g,£11.20/kg,1.40,,
Co-op,Cheese,Speciality & Other Cheese,Co-op Italian Mascarpone Cheese 250g,250g,£11.60/kg,2.90,,
Co-op,Cheese,Mozzarella & Burrata,Co-op Italian Mozzarella Cheese 225g,125g,£11.20/kg,1.40,,
Co-op,Cheese,Parmesan,Co-op Italian Parmesan Cheese Wedge 170g,170g,£24.71/kg,4.20,,
Co-op,Cheese,Speciality & Other Cheese,Co-op Low Fat Cottage Cheese 300g,300g,£7.00/kg,2.10,,
Co-op,Cheese,Grated & Sliced Cheese,Co-op Mild & Melting Mozzarella Slices 200g,200g,£16.50/kg,3.30,,
Co-op,Cheese,Grated & Sliced Cheese,Co-op Mozzarella & Cheddar Mix Grated 250g,250g,£14.20/kg,3.55,,
Co-op,Cheese,Speciality & Other Cheese,Co-op Red Leicester 680g,680g,£8.46/kg,5.75,,
Co-op,Cheese,Speciality & Other Cheese,Co-op Ricotta 250G,250g,£7.80/kg,1.95,,
Co-op,Cheese,Spreadable Cheese,Co-op Soft Cheese 200g,200g,£9.50/kg,1.90,,
Co-op,Cheese,Speciality & Other Cheese,Co-op Wensleydale Cheese 240G,240g,£14.79/kg,3.55,,
Co-op,Cheese,Grated & Sliced Cheese,Dairylea Cheese Slices 8 Pack Multipack 150g (8 x 18.75g),150g,£14.67/kg,2.20,,
Co-op,Cheese,Cheese Snacks,Dairylea Dunkers Jumbo Tubes Cheese Snack 41g,41g,£46.34/kg,1.90,,
Co-op,Cheese,Cheese Snacks,Dairylea Lunchers Chicken 'N' Cheese Cheese Snack 60g,60g,£30.83/kg,1.85,,
Co-op,Cheese,Cheese Snacks,Dairylea Snackers Cheese & Crackers with Cadbury Dairy Milk Buttons Cheese Snack 57.5g,57.5g,£33.04/kg,1.90,,
Co-op,Cheese,Cheese Snacks,Dairylea Snackers Cheese & Crackers with Mini OREO Cheese Snack 56.5 g,56.5g,£33.63/kg,1.90,,
Co-op,Cheese,Cheese Snacks,Dairylea Soft Cheese Triangles 8 Pack 125g,125g,£18.40/kg,2.30,,
Co-op,Cheese,Mozzarella & Burrata,Galbani Mini Italian Mozzarella Cheese 150g,150g,£14.67/kg,2.20,,
Co-op,Cheese,Grated & Sliced Cheese,LEERDAMMER Original 8 Slices 160g,160g,£19.06/kg,3.05,,
Co-op,Cheese,Grated & Sliced Cheese,Loyd Grossman Italian Grated Cheese 80g,80g,£36.25/kg,2.90,,
Co-op,Cheese,Grated & Sliced Cheese,MLEKOVITA Gouda Cheese Slices 150g,150g,£14.67/kg,2.20,,
Co-op,Cheese,Grated & Sliced Cheese,MLEKOVITA Mazdamer Cheese Slices 150g,150g,£14.67/kg,2.20,,
Co-op,Cheese,Cheese Snacks,Mini Babybel Light Cheese Snacks 6 x 20g,120g,£16.67/kg,2.00,3.00,£1 off
Co-op,Cheese,Speciality & Other Cheese,Param Paneer 200g,200g,£11.00/kg,2.20,,
Co-op,Cheese,Speciality & Other Cheese,"Philadelphia Active 2,5% Fat Cottage Cheese 200g",200g,£9.00/kg,1.80,,
Co-op,Cheese,Spreadable Cheese,Philadelphia Garlic & Herbs Soft Cream Cheese 165g,165g,£16.67/kg,2.75,,
Co-op,Cheese,Spreadable Cheese,Philadelphia Light Soft Cheese Mini Tubs 140g (4 x 35g),140g,£17.86/kg,2.50,,
Co-op,Cheese,Spreadable Cheese,Philadelphia Light Soft Cream Cheese The same great taste with 40% Less Fat Tub 165g,165g,£16.67/kg,2.75,,
Co-op,Cheese,Spreadable Cheese,Philadelphia Lightest Soft Cheese 165g,165g,£16.67/kg,2.75,,
Co-op,Cheese,Spreadable Cheese,Philadelphia Original Soft Cheese Family Pack 280g,280g,£13.75/kg,3.85,,
Co-op,Cheese,Spreadable Cheese,Philadelphia Original Soft Cream Cheese 165g,165g,£16.67/kg,2.75,,
Co-op,Cheese,Speciality & Other Cheese,Port Salut® Traditional French Cheese 185g,185g,£19.46/kg,3.60,,
Co-op,Cheese,Spreadable Cheese,Primula Cheese With Chives e 140G,140g,£16.43/kg,2.30,,
Co-op,Cheese,Spreadable Cheese,Primula Original Cheese Spread 140G,140g,£16.43/kg,2.30,,
Co-op,Cheese,Speciality & Other Cheese,Saint Agur Blue 125g,125g,£26.40/kg,3.30,,
Co-op,Cheese,Speciality & Other Cheese,Saint Agur Blue Crème 150g,150g,£20.67/kg,3.10,3.85,£0.75 off
Co-op,Cheese,Spreadable Cheese,Seriously Strong Spreadable Cheese 125g,125g,£16.80/kg,2.10,,
Co-op,Cheese,Spreadable Cheese,Seriously Strong Vintage Spreadable 125G,125g,£16.80/kg,2.10,,
Co-op,Cheese,Cheese Snacks,Strings & Things Cheestrings 8 x 20g (160g),160g,£22.19/kg,3.55,,
Co-op,Cheese,Cheese Snacks,The Laughing Cow Light 8 Portions,120g,£14.17/kg,1.70,2.20,£0.50 off
Co-op,Cheese,Speciality & Other Cheese,Violife 10 Original Slices 175g,175g,£19.71/kg,3.45,,
Co-op,Cheese,Speciality & Other Cheese,Violife Creamy Cheese,200g,£16.00/kg,3.20,,
Co-op,Cheese,Speciality & Other Cheese,Violife Original Grated 175g,175g,£19.71/kg,3.45,,
Co-op,Cheese,Feta & Goats Cheese,Yamas! Reduced Fat Greek Salad Cheese 200G,200g,£13.75/kg,2.75,,
Co-op,Cheese,Speciality & Other Cheese,Łowicz Half Fat Curd Cheese 250G,250g,£7.20/kg,1.80,,
Co-op,Chocolate & Sweets,Back to Routine ⏰☕,McVitie's Club Orange Chocolate Biscuit Bars 7pk,7pk,£0.20 each,1.40,1.85,£0.45 off
Co-op,Chocolate & Sweets,Chewing Gum & Mints,Airwaves Menthol & Eucalyptus Sugarfree Chewing Gum 10 piece,14g,£64.29/kg,0.90,,
Co-op,Chocolate & Sweets,Chewing Gum & Mints,Chupa Chups 16 Big Babol Sugar Free 64g,64g,£25.78/kg,1.65,,
Co-op,Chocolate & Sweets,Chewing Gum & Mints,Co-op Mint Imperials 175G,175g,£7.14/kg,1.25,,
Co-op,Chocolate & Sweets,Chewing Gum & Mints,Co-op Sugar Free Mint Drops with Menthol 42g,14pk,£1.87/kg,1.10,,
Co-op,Chocolate & Sweets,Chewing Gum & Mints,Extra Blueberry Flavour Sugarfree Chewing Gum 10 Pieces,14g,£64.29/kg,0.90,,
Co-op,Chocolate & Sweets,Chewing Gum & Mints,Extra Bubblemint Chewing Gum Bottle 46pc,64g,£42.97/kg,2.75,,
Co-op,Chocolate & Sweets,Chewing Gum & Mints,Extra Bubblemint Sugarfree Chewing Gum x10 pieces,14g,£53.57/kg,0.75,,
Co-op,Chocolate & Sweets,Chewing Gum & Mints,Extra Cool Breeze Sugarfree Chewing Gum 10 piece,14g,£64.29/kg,0.90,,
Co-op,Chocolate & Sweets,Chewing Gum & Mints,Extra Cool Breeze Sugarfree Chewing Gum Bottle 46 Pieces,64g,£51.56/kg,3.30,,
Co-op,Chocolate & Sweets,Chewing Gum & Mints,Extra Peppermint Chewing Gum Sugar Free 10 piece,14g,£60.71/kg,0.85,,
Co-op,Chocolate & Sweets,Chewing Gum & Mints,Extra Peppermint Sugarfree Chewing Gum Bottle 46 Pieces,64g,£51.56/kg,3.30,,
Co-op,Chocolate & Sweets,Chewing Gum & Mints,Extra Peppermint Sugarfree Mints Bottle 70 Pieces,70pk,£0.05 each,3.30,,
Co-op,Chocolate & Sweets,Chewing Gum & Mints,Extra Plus Chill Watermelon Flavour Chewing Gum 7 Pieces,7pk,£0.11 each,0.75,0.85,£0.10 off
Co-op,Chocolate & Sweets,Chewing Gum & Mints,Extra Plus Deep Clean Sugarfree Chewing Gum 7 Pieces,7pk,£0.11 each,0.75,0.85,£0.10 off
Co-op,Chocolate & Sweets,Chewing Gum & Mints,Extra Plus Hydro Peppermint Chewing Gum 7 pieces,7pk,£0.11 each,0.75,0.85,£0.10 off
Co-op,Chocolate & Sweets,Chewing Gum & Mints,Extra Refreshers Tropical Flavour Sugar Free Chewing Gum Handy Box 7pcs,15.6g,£54.49/kg,0.85,,
Co-op,Chocolate & Sweets,Chewing Gum & Mints,Extra Refreshers Watermelon Raspberry Flavour Sugarfree Chewing Gum Handy Box 7 Pieces,15.6g,£54.49/kg,0.85,,
Co-op,Chocolate & Sweets,Chewing Gum & Mints,Extra Spearmint Sugarfree Chewing Gum Bottle 46 Pieces,64g,£51.56/kg,3.30,,
Co-op,Chocolate & Sweets,Chewing Gum & Mints,Extra Spearmint Sugarfree Chewing Gum Multipack 3 x 9 Pieces,42g,£45.24/kg,1.90,,
Co-op,Chocolate & Sweets,Chewing Gum & Mints,Extra Strawberry Flavour Sugarfree Chewing Gum Bottle 46 Pieces,64g,£51.56/kg,3.30,,
Co-op,Chocolate & Sweets,Chewing Gum & Mints,Extra White Sugarfree Chewing Gum 10 Pieces,14g,£64.29/kg,0.90,,
Co-op,Chocolate & Sweets,Chewing Gum & Mints,Get More Vits 10 Multi Vitamin Chewing Gum Peppermint 14.2g,10pk,£0.13 each,1.30,,
Co-op,Chocolate & Sweets,Chewing Gum & Mints,Hubba Bubba Snappy Strawberry Bubblegum Mega Long Tape 56G,56g,£37.50/kg,2.10,,
Co-op,Chocolate & Sweets,Chewing Gum & Mints,Mentos Mint Chewy Dragees 38G,38g,£28.95/kg,1.10,,
Co-op,Chocolate & Sweets,Chewing Gum & Mints,Polo Original Mint Tube 34g,34g,£35.29/kg,1.20,,
Co-op,Chocolate & Sweets,Chewing Gum & Mints,Polo Sugar Free Mint Tube 33.4g,34g,£35.29/kg,1.20,,
Co-op,Chocolate & Sweets,Chewing Gum & Mints,Smint 30 Peppermint Cleanbreath 21g,21g,£57.14/kg,1.20,,
Co-op,Chocolate & Sweets,Chewing Gum & Mints,Smint Peppermint Sugar Free Mints 8g,8g,£162.50/kg,1.30,,
Co-op,Chocolate & Sweets,Chewing Gum & Mints,Smint Peppermint XXL 36 Mints 25g,25g,£48.00/kg,1.20,,
Co-op,Chocolate & Sweets,Chewing Gum & Mints,Smint Spearmint XXL 36 Mints 25g,25g,£48.00/kg,1.20,,
Co-op,Chocolate & Sweets,Chewing Gum & Mints,Smint Strawberry XXL 36 Mints 25g,20g,£60.00/kg,1.20,,
Co-op,Chocolate & Sweets,Chewing Gum & Mints,Smint Sweet Mint XXL 36 Mints 25g,25g,£48.00/kg,1.20,,
Co-op,Chocolate & Sweets,Chewing Gum & Mints,Tic Tac Fresh Mint 49g,49g,£39.80/kg,1.95,,
Co-op,Chocolate & Sweets,Chewing Gum & Mints,Tic Tac Fruit Adventure 49g,49g,£39.80/kg,1.95,,
Co-op,Chocolate & Sweets,Chewing Gum & Mints,Tic Tac Lime & Orange 49g,49g,£39.80/kg,1.95,,
Co-op,Chocolate & Sweets,Chewing Gum & Mints,Tic Tac Limited Edition Fruit Fusion Mixed Fruit Flavour 49g,49g,£37.76/kg,1.85,,
Co-op,Chocolate & Sweets,Chewing Gum & Mints,Tic Tac Mixers Cherry Cola 49g,49g,£39.80/kg,1.95,,
Co-op,Chocolate & Sweets,Chewing Gum & Mints,Tic Tac Two Lemon Raspberry Flavours 38.5g,38.5g,£53.25/kg,2.05,,
Co-op,Chocolate & Sweets,Chewing Gum & Mints,Tic Tac Two Spearmint Flavour 38.5g,38.5g,£53.25/kg,2.05,,
Co-op,Chocolate & Sweets,Chewing Gum & Mints,Trebor Extra Strong Peppermint Mints Roll 41.3g,41.3g,£20.58/kg,0.85,,
Co-op,Chocolate & Sweets,Chewing Gum & Mints,Trebor Extra Strong Peppermint Mints Rolls 4 Pack 145g (4 x 36.4g),146g,£13.36/kg,1.95,,
Co-op,Chocolate & Sweets,Chewing Gum & Mints,Trebor Softmints Spearmint Mints Roll 44.9g,45g,£18.89/kg,0.85,,
Co-op,Chocolate & Sweets,Chewing Gum & Mints,Wrigley's Extra Peppermint 3 x 12.6g (37.8g),42g,£45.24/kg,1.90,,
Co-op,Chocolate & Sweets,Chewing Gum & Mints,Wrigley's Extra Watermelon Flavour 14g,14g,£64.29/kg,0.90,,
Co-op,Chocolate & Sweets,Chewing Gum & Mints,Wrigleys Airwaves Menthol & Eucalyptus Chewing Gum Bottle 46 piece,64g,£51.56/kg,3.30,,
Co-op,Chocolate & Sweets,Chewing Gum & Mints,Wrigleys Extra Peppermint Sugarfree Mints Roll PACK,1pk,£0.80 each,0.80,,
Co-op,Chocolate & Sweets,Chewing Gum & Mints,Wrigleys Extra Spearmint Sugarfree Chewing Gum 10 piece,14g,£60.71/kg,0.85,,
Co-op,Chocolate & Sweets,Chewing Gum & Mints,Wrigleys Extra Strawberry Chewing Gum 10PCE,14g,£64.29/kg,0.90,,
Co-op,Chocolate & Sweets,Chewing Gum & Mints,Wrigleys Extra White Sugarfree Chewing Gum Bottle 46 Piece,64g,£51.56/kg,3.30,,
Co-op,Chocolate & Sweets,Chocolate Pouches & Bags,Aero Bubbles Peppermint Mint Chocolate Sharing Bag 92g,92g,£26.09/kg,2.40,,
Co-op,Chocolate & Sweets,Chocolate Bars,Aero Bubbly Peppermint Mint Chocolate Bar Multipack 4 Pack (4 x 27g),108g,£15.74/kg,1.70,2.45,£0.75 off
Co-op,Chocolate & Sweets,Chocolate Bars,Aero Milk Chocolate Sharing Bar 90g,90g,£15.00/kg,1.35,,
Co-op,Chocolate & Sweets,Chocolate Boxes & Gifts,After Eight Dark Mint Chocolate Box 300g,300g,£15.50/kg,4.65,,
Co-op,Chocolate & Sweets,Chocolate Bars,Bounty Coconut Multipack Chocolate Bars 4x57g,228g,£8.55/kg,1.95,2.45,£0.50 off
Co-op,Chocolate & Sweets,Chocolate Bars,Bounty Milk 57G,57g,£22.81/kg,1.30,,
Co-op,Chocolate & Sweets,Chocolate Bars,Buttermilk Caramel Nougat Choccy Bar 50g,50g,£37.00/kg,1.85,,
Co-op,Chocolate & Sweets,Chocolate Pouches & Bags,Cadbury Bitsa Wispa Chocolate Bag 100g,100g,£17.00/kg,1.70,2.65,£0.95 off
Co-op,Chocolate & Sweets,Chocolate Bars,Cadbury Bournville Classic Dark Chocolate Bar 180g,180g,£14.17/kg,2.55,3.30,£0.75 off
Co-op,Chocolate & Sweets,Chocolate Pouches & Bags,Cadbury Buttons Twin Pot 75G,75g,£14.00/kg,1.05,,
Co-op,Chocolate & Sweets,Chocolate Pouches & Bags,Cadbury Caramilk Golden Caramel Chocolate Buttons Bag 100g,100g,£26.50/kg,2.65,,
Co-op,Chocolate & Sweets,Chocolate Boxes & Gifts,Cadbury Christmas Mini Snowballs Bag 74 g,74g,£24.32/kg,1.80,,
Co-op,Chocolate & Sweets,Chocolate Boxes & Gifts,Cadbury Christmas Mini Snowballs Clipstrip Bag 74 g,74g,£24.32/kg,1.80,,
Co-op,Chocolate & Sweets,Chocolate Bars,Cadbury Crunchie Chocolate Bar 4 Pack Multipack 128g (4 x 32g),128g,£13.67/kg,1.75,2.90,£1.15 off
Co-op,Chocolate & Sweets,Chocolate Bars,Cadbury Crunchie Chocolate Bar 40g,40g,£30.00/kg,1.20,,
Co-op,Chocolate & Sweets,Chocolate Pouches & Bags,Cadbury Crunchie Rocks Chocolate Bag 100g,100g,£17.00/kg,1.70,2.65,£0.95 off
Co-op,Chocolate & Sweets,Chocolate Pouches & Bags,Cadbury Curly Wurly Squirlies Chocolate Bag 100g,100g,£17.00/kg,1.70,2.65,£0.95 off
Co-op,Chocolate & Sweets,Chocolate Bars,Cadbury Dairy Milk &More Caramel Nut Crunch Chocolate Bar 200g,200g,£12.75/kg,2.55,3.65,£1.10 off
Co-op,Chocolate & Sweets,Chocolate Bars,Cadbury Dairy Milk &More Nutty Praline Crisp Chocolate Bar 180g,180g,£14.17/kg,2.55,3.65,£1.10 off
Co-op,Chocolate & Sweets,Chocolate Bars,Cadbury Dairy Milk Biscoff Biscuit Chocolate Bar 105 g,105g,£22.86/kg,2.40,,
Co-op,Chocolate & Sweets,Chocolate Pouches & Bags,Cadbury Dairy Milk Buttons Chocolate 175g,175g,£15.71/kg,2.75,,
Co-op,Chocolate & Sweets,Chocolate Bars,Cadbury Dairy Milk Caramel Chocolate Bar 180 g,180g,£14.17/kg,2.55,3.30,£0.75 off
Co-op,Chocolate & Sweets,Chocolate Bars,Cadbury Dairy Milk Caramel Chocolate Bar 45g,45g,£26.67/kg,1.20,,
Co-op,Chocolate & Sweets,Chocolate Bars,Cadbury Dairy Milk Chocolate Bar 180 g,180g,£14.17/kg,2.55,3.30,£0.75 off
Co-op,Chocolate & Sweets,Chocolate Bars,Cadbury Dairy Milk Chocolate Bar 4 Pack Multipack 134g (4 x 33.5g),134g,£13.06/kg,1.75,2.90,£1.15 off
Co-op,Chocolate & Sweets,Chocolate Pouches & Bags,Cadbury Dairy Milk Chocolate Buttons Bag 100g,100g,£17.00/kg,1.70,2.65,£0.95 off
Co-op,Chocolate & Sweets,Chocolate Pouches & Bags,Cadbury Dairy Milk Chocolate Caramel Nibbles Bag 100g,100g,£17.00/kg,1.70,2.65,£0.95 off
Co-op,Chocolate & Sweets,Chocolate Bars,Cadbury Dairy Milk Chocolate Gift Bar 345 g,1pk,£6.60 each,6.60,,
Co-op,Chocolate & Sweets,Chocolate Pouches & Bags,Cadbury Dairy Milk Chocolate Orange Buttons Bag 100g,100g,£26.50/kg,2.65,,
Co-op,Chocolate & Sweets,Chocolate Boxes & Gifts,Cadbury Dairy Milk Chocolate Puds 5 Pack Multipack 175 g,175g,£22.00/kg,3.85,,
Co-op,Chocolate & Sweets,Chocolate Bars,Cadbury Dairy Milk Classic Chocolate Bar 110g,110g,£21.82/kg,2.40,,
Co-op,Chocolate & Sweets,Chocolate Bars,Cadbury Dairy Milk Daim Chocolate Bar 120g,120g,£20.00/kg,2.40,,
Co-op,Chocolate & Sweets,Chocolate Bars,Cadbury Dairy Milk Freddo Chocolate Bar 18g,18g,£22.22/kg,0.40,,
Co-op,Chocolate & Sweets,Chocolate Bars,Cadbury Dairy Milk Fruit and Nut Chocolate Bar 180 g,180g,£14.17/kg,2.55,3.30,£0.75 off
Co-op,Chocolate & Sweets,Chocolate Bars,Cadbury Dairy Milk Marvellous Creations Jelly Popping Candy Chocolate Bar 160g,160g,£15.94/kg,2.55,3.30,£0.75 off
Co-op,Chocolate & Sweets,Chocolate Bars,Cadbury Dairy Milk Wholenut Chocolate Bar 120g,120g,£20.00/kg,2.40,,
Co-op,Chocolate & Sweets,Chocolate Bars,Cadbury Dairy Milk Wholenut Chocolate Bar 180 g,180g,£14.17/kg,2.55,3.30,£0.75 off
Co-op,Chocolate & Sweets,Chocolate Bars,Cadbury Double Decker Chocolate Bar 4 Pack Multipack 174.8g (4 x 44.6g),174.8g,£10.01/kg,1.75,2.90,£1.15 off
Co-op,Chocolate & Sweets,Chocolate Bars,Cadbury Flake Chocolate Bar 32g,32g,£37.50/kg,1.20,,
Co-op,Chocolate & Sweets,Chocolate Bars,Cadbury Flake Chocolate Bar 4 Pack Multipack 102g (4 x 25.5g),102g,£17.16/kg,1.75,2.90,£1.15 off
Co-op,Chocolate & Sweets,Chocolate Pouches & Bags,Cadbury Fudge Minis Chocolate Bag 100g,100g,£17.00/kg,1.70,2.65,£0.95 off
Co-op,Chocolate & Sweets,Chocolate Boxes & Gifts,Cadbury Heroes Pralines 240 g,240g,£27.50/kg,6.60,,
Co-op,Chocolate & Sweets,Chocolate Boxes & Gifts,Cadbury Milk Tray Chocolate Chocolate 312g,312g,£24.68/kg,7.70,,
Co-op,Chocolate & Sweets,Chocolate Pouches & Bags,Cadbury Oreo Bites Chocolate Bag 100g,100g,£17.00/kg,1.70,2.65,£0.95 off
Co-op,Chocolate & Sweets,Chocolate Bars,Cadbury Picnic Chocolate Bar 4 Pack Multipack 152g (4 x 38g),152g,£11.51/kg,1.75,2.90,£1.15 off
Co-op,Chocolate & Sweets,Chocolate Boxes & Gifts,Cadbury Roses Pralines 240 g,240g,£27.50/kg,6.60,,
Co-op,Chocolate & Sweets,Chocolate Bars,Cadbury Starbar Bars 4 x 37g (148g),148g,£11.82/kg,1.75,2.90,£1.15 off
Co-op,Chocolate & Sweets,Chocolate Pouches & Bags,Cadbury Twirl Bites Chocolate Bag 100g,100g,£17.00/kg,1.70,2.65,£0.95 off
Co-op,Chocolate & Sweets,Chocolate Bars,Cadbury Twirl Chocolate Bar 3 Bar Multipack 129g (3x43g),129g,£13.57/kg,1.75,2.90,£1.15 off
Co-op,Chocolate & Sweets,Chocolate Bars,Cadbury Twirl Chocolate Bar 43g,43g,£27.91/kg,1.20,,
Co-op,Chocolate & Sweets,Chocolate Pouches & Bags,Cadbury White Chocolate Buttons Bag 100g,100g,£17.00/kg,1.70,2.65,£0.95 off
Co-op,Chocolate & Sweets,Chocolate Bars,Cadbury Wispa Chocolate Bar 4 Pack Multipack 111g (4 x 27.75g),111.6g,£15.68/kg,1.75,2.90,£1.15 off
Co-op,Chocolate & Sweets,Chocolate Bars,Cadbury Wispa Gold Chocolate Bar 4 Pack Multipack 153.2g (4 x 38.3g),153.2g,£11.42/kg,1.75,2.90,£1.15 off
Co-op,Chocolate & Sweets,Sweets,Candy Kittens Sour Watermelon Gourmet Sweets 54g,54g,£26.85/kg,1.45,,
Co-op,Chocolate & Sweets,Sweets,Candy Kittens Treets Pretzel Bites 120g,120g,£22.08/kg,2.65,,
Co-op,Chocolate & Sweets,Sweets,Candy Kittens Wild Strawberry Gourmet Sweets 140g,140g,£21.07/kg,2.95,,
Co-op,Chocolate & Sweets,Chocolate Boxes & Gifts,Celebrations Milk Chocolate Box 300g,300g,£20.67/kg,6.20,,
Co-op,Chocolate & Sweets,Chocolate Boxes & Gifts,Celebrations Milk Chocolate Mini Box of Chocolates & Biscuit Bars 69g,69g,£19.57/kg,1.35,,
Co-op,Chocolate & Sweets,Sweets,Co-op Buttermintoes 175G,175g,£7.71/kg,1.35,,
Co-op,Chocolate & Sweets,Chocolate Pouches & Bags,Co-op Chocolate Coated Peanuts 150G,150g,£14.67/kg,2.20,,
Co-op,Chocolate & Sweets,Chocolate Pouches & Bags,Co-op Chocolate Coated Raisins with Milk Chocolate 150g,150g,£14.67/kg,2.20,,
Co-op,Chocolate & Sweets,Chocolate Bars,Co-op Chunky Salted Caramel & Pretzel Chocolate Bar 150g,150g,£22.00/kg,3.30,,
Co-op,Chocolate & Sweets,Sweets,Co-op Fizzy Cola Bottles 65G,65g,£11.54/kg,0.75,,
Co-op,Chocolate & Sweets,Sweets,Co-op Fizzy Favourite Pencils 160g,160g,£8.44/kg,1.35,,
Co-op,Chocolate & Sweets,Sweets,Co-op Fizzy Rainbow Belts 65g,65g,£11.54/kg,0.75,,
Co-op,Chocolate & Sweets,Chocolate Pouches & Bags,Co-op Free From Buttons 25g,25g,£30.00/kg,0.75,,
Co-op,Chocolate & Sweets,Sweets,Co-op Fruit Pastilles 175G,175g,£7.14/kg,1.25,,
Co-op,Chocolate & Sweets,Chocolate Boxes & Gifts,Co-op Irresistible Belgian Milk Chocolate Flaked Truffles 160g,160g,£30.94/kg,4.95,,
Co-op,Chocolate & Sweets,Chocolate Bars,Co-op Irresistible Chocolate for Change 45% Cocoa Dark Milk Chocolate 100g,100g,£30.50/kg,3.05,,
Co-op,Chocolate & Sweets,Chocolate Bars,Co-op Irresistible Fairtrade Single Origin 70% Cocoa Dark Chocolate Bar 100g,100g,£30.50/kg,3.05,,
Co-op,Chocolate & Sweets,Chocolate Bars,Co-op Irresistible Fairtrade Single Origin 85% Cocoa Dark Chocolate Bar 100g,100g,£30.50/kg,3.05,,
Co-op,Chocolate & Sweets,Chocolate Bars,Co-op Irresistible Fairtrade Single Origin Dark Chocolate with Orange Bar 100g,100g,£30.50/kg,3.05,,
Co-op,Chocolate & Sweets,Chocolate Bars,Co-op Irresistible Fairtrade Single Origin Dark Chocolate with Raspberries 100g,100g,£30.50/kg,3.05,,
Co-op,Chocolate & Sweets,Chocolate Bars,Co-op Irresistible Single Origin Gianduja Chocolate Bar 100g,100g,£30.50/kg,3.05,,
Co-op,Chocolate & Sweets,Sweets,Co-op Jelly Babies 175G,175g,£7.71/kg,1.35,,
Co-op,Chocolate & Sweets,Sweets,Co-op Jelly Beans 175G,175g,£7.71/kg,1.35,,
Co-op,Chocolate & Sweets,Sweets,Co-op Jelly Cherries 65G,65g,£11.54/kg,0.75,,
Co-op,Chocolate & Sweets,Sweets,Co-op Jelly Mix 65G,65g,£11.54/kg,0.75,,
Co-op,Chocolate & Sweets,Sweets,Co-op Marshmallows 150g,150g,£9.33/kg,1.40,2.00,£0.60 off
Co-op,Chocolate & Sweets,Sweets,Co-op Marshmallows 160g,160g,£7.81/kg,1.25,,
Co-op,Chocolate & Sweets,Sweets,Co-op Midget Gems 175G,175g,£7.71/kg,1.35,,
Co-op,Chocolate & Sweets,Chocolate Boxes & Gifts,Co-op Milk Chocolate Coins 70g,70g,£15.71/kg,1.10,,
Co-op,Chocolate & Sweets,Sweets,Co-op Milk Chocolate Eclairs 175g,175g,£7.71/kg,1.35,,
Co-op,Chocolate & Sweets,Sweets,Co-op Natural Flavourings Dolly Mixtures 65g,65g,£11.54/kg,0.75,,
Co-op,Chocolate & Sweets,Sweets,Co-op Shrimps & Bananas 65g,65g,£11.54/kg,0.75,,
Co-op,Chocolate & Sweets,Sweets,Co-op Sour Lightning Bolts 170g,170g,£6.47/kg,1.10,,
Co-op,Chocolate & Sweets,Sweets,Co-op Sweet Cup 160G,160g,£12.81/kg,2.05,,
Co-op,Chocolate & Sweets,Sweets,Co-op Teeth And Lips 65G,65g,£11.54/kg,0.75,,
Co-op,Chocolate & Sweets,Sweets,Co-op Watermelon Slices 65G,65g,£11.54/kg,0.75,,
Co-op,Chocolate & Sweets,Sweets,Co-op Wine Gums 175G,175g,£7.71/kg,1.35,,
Co-op,Chocolate & Sweets,Sweets,Cofresh Sesame Coated Caramel Peanuts 150g,150g,£12.33/kg,1.85,,
Co-op,Chocolate & Sweets,Chocolate Pouches & Bags,Deliciously Ella Chocolate Orange Dipped Almonds 27g,27g,£70.37/kg,1.90,,
Co-op,Chocolate & Sweets,Sweets,E. Wedel Sezamki Sesame Snacks 27.2g,27.2g,£20.22/kg,0.55,,
Co-op,Chocolate & Sweets,Chocolate Boxes & Gifts,Ferrero Collection Gift Box of Chocolates 15 Pieces (172g),172g,£47.97/kg,8.25,,
Co-op,Chocolate & Sweets,Chocolate Boxes & Gifts,Ferrero Rocher Chocolate Pralines Gift Box of Chocolate 16 Pieces (200g),200g,£41.25/kg,8.25,,
Co-op,Chocolate & Sweets,Chocolate Boxes & Gifts,Ferrero Rocher Chocolate Pralines Treat Pack 3 Pieces (37.5G),37.5g,£40.00/kg,1.50,,
Co-op,Chocolate & Sweets,Chocolate Boxes & Gifts,Ferrero Rocher Gift Box of Chocolate 24 Pieces (300g),300g,£42.17/kg,12.65,,
Co-op,Chocolate & Sweets,Chocolate Pouches & Bags,Flipz Limited Edition Cinnamon Bun Flavour Coated Pretzels 90g,90g,£18.89/kg,1.70,2.20,£0.50 off
Co-op,Chocolate & Sweets,Chocolate Pouches & Bags,Flipz Milk Chocolate Coated Pretzels 90g,90g,£18.89/kg,1.70,2.20,£0.50 off
Co-op,Chocolate & Sweets,Chocolate Pouches & Bags,Flipz Salted Caramel Coated Pretzels 90g,90g,£18.89/kg,1.70,2.20,£0.50 off
Co-op,Chocolate & Sweets,Chocolate Pouches & Bags,Forest Feast Salted Dark Chocolate Almonds 40g,40g,£46.25/kg,1.85,,
Co-op,Chocolate & Sweets,Sweets,Fruit Bowl Strawberry Yogurt Flakes 5 x 18g,5pk,£33.33/kg,3.00,,
Co-op,Chocolate & Sweets,Sweets,Fruit-tella Juicy Chews 135g,135g,£10.74/kg,1.45,,
Co-op,Chocolate & Sweets,Sweets,Fruit-tella Simply Strawberry 135g,135g,£10.74/kg,1.45,,
Co-op,Chocolate & Sweets,Chocolate Bars,Fry's Turkish Delight Chocolate Bar 51g,51g,£23.53/kg,1.20,,
Co-op,Chocolate & Sweets,Chocolate Pouches & Bags,Galaxy Counters Milk Chocolate Buttons Pouch Bag 112g,112g,£21.43/kg,2.40,,
Co-op,Chocolate & Sweets,Chocolate Bars,Galaxy Gift Milk Chocolate Bar 360g,360g,£17.50/kg,6.30,,
Co-op,Chocolate & Sweets,Chocolate Pouches & Bags,Galaxy Minstrels Large Milk Chocolate Bag 195g,195g,£14.62/kg,2.85,3.85,£1 off
Co-op,Chocolate & Sweets,Chocolate Pouches & Bags,Galaxy Minstrels Milk Chocolate Bag 118g,118g,£20.34/kg,2.40,,
Co-op,Chocolate & Sweets,Chocolate Bars,Galaxy Ripple Milk Chocolate Bar 30g,30g,£43.33/kg,1.30,,
Co-op,Chocolate & Sweets,Chocolate Bars,Galaxy Ripple Multipack Chocolate Bars 4x30g,120g,£16.25/kg,1.95,2.45,£0.50 off
Co-op,Chocolate & Sweets,Chocolate Bars,Galaxy Smooth Cookie Crumble Milk Chocolate Bar 114g,114g,£16.67/kg,1.90,2.75,£0.85 off
Co-op,Chocolate & Sweets,Chocolate Bars,Galaxy Smooth Milk Chocolate Bar 100g,100g,£19.00/kg,1.90,2.75,£0.85 off
Co-op,Chocolate & Sweets,Chocolate Bars,Galaxy Smooth Milk Chocolate Bar 180g,180g,£14.17/kg,2.55,3.60,£1.05 off
Co-op,Chocolate & Sweets,Chocolate Bars,Galaxy Smooth Milk Chocolate Bar 42g,42g,£30.95/kg,1.30,,
Co-op,Chocolate & Sweets,Chocolate Boxes & Gifts,Guylian Sea Shells 250G,250g,£33.60/kg,8.40,,
Co-op,Chocolate & Sweets,Sweets,HARIBO Happy Cherries Z!NG Bag 160g,160g,£9.06/kg,1.45,,
Co-op,Chocolate & Sweets,Sweets,Haribo Giant Strawbs Sharing Bag 175g,175g,£8.29/kg,1.45,,
Co-op,Chocolate & Sweets,Sweets,Haribo Starmix Sweets Sharing Bag 175g,175g,£8.29/kg,1.45,,
Co-op,Chocolate & Sweets,Sweets,Haribo Supermix Sharing Bag 175g,175g,£8.29/kg,1.45,,
Co-op,Chocolate & Sweets,Sweets,KP Honey Roast Peanuts 225g,225g,£13.78/kg,3.10,3.85,£0.75 off
Co-op,Chocolate & Sweets,Chocolate Bars,Kind Milk & White Chocolate Nut 40g,40g,£48.75/kg,1.95,,
Co-op,Chocolate & Sweets,Chocolate Boxes & Gifts,Kinder Bueno Eggs 80g,80g,£34.38/kg,2.75,,
Co-op,Chocolate & Sweets,Chocolate Boxes & Gifts,Kinder Chocolate Hollow Santa Figure 55g,55g,£26.36/kg,1.45,,
Co-op,Chocolate & Sweets,Chocolate Bars,Kinder Chocolate Single Medium Bar 21G,21g,£28.57/kg,0.60,,
Co-op,Chocolate & Sweets,Chocolate Boxes & Gifts,Kinder Joy Funko 20g,20g,£55.00/kg,1.10,,
Co-op,Chocolate & Sweets,Chocolate Bars,Kinder Medium Chocolate Multipack Bars 2 X 21G (42G),42g,£23.81/kg,1.00,,
Co-op,Chocolate & Sweets,Chocolate Boxes & Gifts,Kinder Surprise 20G,20g,£75.00/kg,1.50,,
Co-op,Chocolate & Sweets,Chocolate Bars,Kit Kat 4 Finger Milk Chocolate Bar Multipack 41.5g 4 Pack,166g,£10.24/kg,1.70,2.45,£0.75 off
Co-op,Chocolate & Sweets,Chocolate Bars,Kit Kat Chunky Milk Chocolate Bar Multipack 4 Pack (160g),160g,£10.63/kg,1.70,2.45,£0.75 off
Co-op,Chocolate & Sweets,Chocolate Bars,Lindt Excellence 70% Cocoa Intense Dark 100g,100g,£33.50/kg,3.35,4.20,£0.85 off
Co-op,Chocolate & Sweets,Chocolate Bars,Lindt Excellence Dark Sea Salt Chocolate Bar 100g,100g,£33.50/kg,3.35,4.20,£0.85 off
Co-op,Chocolate & Sweets,Chocolate Bars,Lindt Excellence Milk Extra Creamy Chocolate Bar 100G,100g,£33.50/kg,3.35,4.20,£0.85 off
Co-op,Chocolate & Sweets,Chocolate Boxes & Gifts,Lindt Lindor Assorted Chocolate Truffles Box 137g,137g,£44.16/kg,6.05,,
Co-op,Chocolate & Sweets,Chocolate Boxes & Gifts,Lindt Lindor Assorted Chocolate Truffles Box 200g,200g,£31.25/kg,6.25,8.25,£2 off
Co-op,Chocolate & Sweets,Chocolate Bars,Lindt Lindor Milk Chocolate Bar 38G,38g,£38.16/kg,1.45,,
Co-op,Chocolate & Sweets,Chocolate Boxes & Gifts,Lindt Lindor Milk Chocolate Truffles Box 137g,137g,£44.16/kg,6.05,,
Co-op,Chocolate & Sweets,Chocolate Boxes & Gifts,Lindt Lindor Milk Chocolate Truffles Box 200g,200g,£31.25/kg,6.25,8.25,£2 off
Co-op,Chocolate & Sweets,Chocolate Bars,Lindt Nocciolatte Milk Hazelnut Bar 35G,35g,£47.14/kg,1.65,,
Co-op,Chocolate & Sweets,Chocolate Pouches & Bags,M&M'S Cookie Dough Milk Chocolate Bag 102g,102g,£23.53/kg,2.40,,
Co-op,Chocolate & Sweets,Chocolate Boxes & Gifts,M&M's Christmas Mini Santa Chocolate Bag 55g,55g,£30.00/kg,1.65,,
Co-op,Chocolate & Sweets,Chocolate Boxes & Gifts,M&M's Crispy Milk Chocolate Christmas Santa Treat 29g,29g,£27.59/kg,0.80,,
Co-op,Chocolate & Sweets,Chocolate Pouches & Bags,M&M's Minis Milk Chocolate Bag 115g,115g,£20.87/kg,2.40,,
Co-op,Chocolate & Sweets,Chocolate Pouches & Bags,M&M's Peanut Large Milk Chocolate Bag 200g,200g,£14.25/kg,2.85,3.85,£1 off
Co-op,Chocolate & Sweets,Chocolate Pouches & Bags,M&M’s Crispy Pouch 107g,107g,£22.43/kg,2.40,,
Co-op,Chocolate & Sweets,Chocolate Pouches & Bags,Maltesers Chocolate Treat Bag 68g,68g,£26.47/kg,1.80,,
Co-op,Chocolate & Sweets,Chocolate Pouches & Bags,Maltesers Large Milk Chocolate Bag 158g,158g,£18.04/kg,2.85,3.85,£1 off
Co-op,Chocolate & Sweets,Chocolate Pouches & Bags,Maltesers Milk Chocolate Bag 37g,37g,£35.14/kg,1.30,,
Co-op,Chocolate & Sweets,Chocolate Pouches & Bags,Maltesers Milk Chocolate Bag 93g,93g,£25.81/kg,2.40,,
Co-op,Chocolate & Sweets,Chocolate Boxes & Gifts,Maltesers Milk Chocolate Box 110g,110g,£32.73/kg,3.60,,
Co-op,Chocolate & Sweets,Chocolate Pouches & Bags,Maltesers Milk Chocolate Box 310g,310g,£24.84/kg,7.70,,
Co-op,Chocolate & Sweets,Chocolate Boxes & Gifts,Maltesers Mini Reindeer Gingerbread Chocolate Christmas Treats Bag 59g,59g,£27.97/kg,1.65,,
Co-op,Chocolate & Sweets,Chocolate Boxes & Gifts,Maltesers Mini Reindeers 59g,59g,£27.97/kg,1.65,,
Co-op,Chocolate & Sweets,Chocolate Boxes & Gifts,Maltesers Reindeer 29g,29g,£27.59/kg,0.80,,
Co-op,Chocolate & Sweets,Chocolate Boxes & Gifts,Maltesers Reindeer Chocolate Christmas Mini Treats Bag Clip Strip 59g,59g,£31.36/kg,1.85,,
Co-op,Chocolate & Sweets,Chocolate Boxes & Gifts,Maltesers Reindeer Gingerbread Chocolate Christmas Treat 29g,29g,£27.59/kg,0.80,,
Co-op,Chocolate & Sweets,Chocolate Pouches & Bags,Maltesers Whilte Chocolate & Honeycomb Pouch 74g,74g,£32.43/kg,2.40,,
Co-op,Chocolate & Sweets,Sweets,Maoam Stripes Sweets Sharing Bag 140g,140g,£8.57/kg,1.20,1.45,£0.25 off
Co-op,Chocolate & Sweets,Chocolate Bars,Mars Caramel & Milk Chocolate Bar 40g,40g,£23.75/kg,0.95,,
Co-op,Chocolate & Sweets,Chocolate Bars,Mars Caramel Multipack Chocolate Bars 4 x 40g,160g,£12.19/kg,1.95,2.45,£0.50 off
Co-op,Chocolate & Sweets,Chocolate Bars,Mars Duo Caramel & Milk Chocolate Bar 69g,69g,£23.91/kg,1.65,,
Co-op,Chocolate & Sweets,Sweets,Maynards Bassetts Fizzy Fish Jelly 110g,110g,£10.00/kg,1.10,,
Co-op,Chocolate & Sweets,Sweets,Maynards Bassetts Sports Mix Candy 130g,130g,£11.15/kg,1.45,,
Co-op,Chocolate & Sweets,Sweets,Maynards Bassetts Wine Gums Jelly 115g,115g,£9.57/kg,1.10,1.45,£0.35 off
Co-op,Chocolate & Sweets,Chocolate Bars,McVitie's Club Mint Chocolate Biscuit bar 7pk,7pk,£0.20 each,1.40,1.85,£0.45 off
Co-op,Chocolate & Sweets,Chocolate Bars,Milka Hazelnut 90g,90g,£21.11/kg,1.90,,
Co-op,Chocolate & Sweets,Chocolate Pouches & Bags,Milky Way Magic Stars Milk Chocolate Bag 100g,100g,£24.00/kg,2.40,,
Co-op,Chocolate & Sweets,Chocolate Bars,Milkybar 25g,25g,£38.00/kg,0.95,,
Co-op,Chocolate & Sweets,Chocolate Bars,Milkybar 90g,90g,£15.00/kg,1.35,,
Co-op,Chocolate & Sweets,Chocolate Pouches & Bags,Milkybar White Chocolate Buttons Bag 30G,30g,£33.33/kg,1.00,,
Co-op,Chocolate & Sweets,Chocolate Pouches & Bags,Milkybar White Chocolate Giant Buttons Sharing Bag 94g,94g,£25.53/kg,2.40,,
Co-op,Chocolate & Sweets,Chocolate Pouches & Bags,Munchies Milk Chocolate & Caramel Tube 52g,52g,£21.15/kg,1.10,,
Co-op,Chocolate & Sweets,Chocolate Pouches & Bags,Munchies Milk Chocolate Sharing Bag 104g,104g,£23.08/kg,2.40,,
Co-op,Chocolate & Sweets,Chocolate Bars,NOMO Vegan & Free From Caramel Choc Bar 38g,38g,£52.63/kg,2.00,,
Co-op,Chocolate & Sweets,Chocolate Bars,NUTELLA® B-ready Chocolate Biscuit Bars Multipack 6 x 22g,132g,£15.15/kg,2.00,3.15,£1.15 off
Co-op,Chocolate & Sweets,Sweets,Nerds Gummy Clusters Fruit-Flavour Candy 113g,113g,£21.24/kg,2.40,,
Co-op,Chocolate & Sweets,Chocolate Boxes & Gifts,North Pole Santa Coin 50g,50g,£33.00/kg,1.65,,
Co-op,Chocolate & Sweets,Chocolate Boxes & Gifts,Quality Street Matchmakers Cool Mint 110g,110g,£22.27/kg,2.45,,
Co-op,Chocolate & Sweets,Chocolate Pouches & Bags,Reese's Dipped Pretzels 120g,24pk,£1.15/kg,3.30,,
Co-op,Chocolate & Sweets,Chocolate Pouches & Bags,"Reese's Milk Chocolate and Peanut Butter Cups, 2 Pack, 42g",42g,£30.95/kg,1.30,,
Co-op,Chocolate & Sweets,Chocolate Bars,"Reese's Milk Chocolate, Peanut Butter & Nougat Fast Break 51g",51g,£21.57/kg,1.10,,
Co-op,Chocolate & Sweets,Chocolate Pouches & Bags,Reese's Minis Unwrapped Peanut Butter Cups 90G,90g,£18.89/kg,1.70,2.50,£0.80 off
Co-op,Chocolate & Sweets,Chocolate Bars,Reese's Peanut Butter Bar 90g,90g,£24.44/kg,2.20,,
Co-op,Chocolate & Sweets,Chocolate Boxes & Gifts,Reese's Peanut Butter Filled Santas Treat Bag 55g Clipstrip,55g,£30.00/kg,1.65,,
Co-op,Chocolate & Sweets,Chocolate Boxes & Gifts,Reese's Peanut Butter Trees Milk Chocolate & Peanut Butter 34g,34g,£23.53/kg,0.80,,
Co-op,Chocolate & Sweets,Chocolate Pouches & Bags,Reese's Pieces Peanut Butter In a Crunchy Shell 90g,1pk,£2.50 each,2.50,,
Co-op,Chocolate & Sweets,Chocolate Pouches & Bags,Revels Large Milk Chocolate Bag 185g,185g,£15.41/kg,2.85,3.85,£1 off
Co-op,Chocolate & Sweets,Chocolate Pouches & Bags,Revels Milk Chocolate Bag 101g,101g,£23.76/kg,2.40,,
Co-op,Chocolate & Sweets,Sweets,Rowntree's Lollies Sour Watermelon Flavour Sweets Sharing Bag 130g,130g,£13.46/kg,1.75,,
Co-op,Chocolate & Sweets,Sweets,Rowntrees Randoms Juicers Pouch 140G,140g,£12.50/kg,1.75,,
Co-op,Chocolate & Sweets,Sweets,Royal Gulabjam 500EACH,500pk,£0.01 each,5.00,,
Co-op,Chocolate & Sweets,Sweets,Royal Rassomalai 500g,500g,£9.90/kg,4.95,,
Co-op,Chocolate & Sweets,Sweets,Shades by Niko Straight Up Strawberry Flavour Sweets 150g,150g,£12.33/kg,1.85,,
Co-op,Chocolate & Sweets,Sweets,Shades by Niko The Originals 150g,150g,£12.33/kg,1.85,,
Co-op,Chocolate & Sweets,Sweets,Skittles Giants Gooeys Fruit Sweets Bag 125g,125g,£9.60/kg,1.20,,
Co-op,Chocolate & Sweets,Chocolate Pouches & Bags,Smarties Milk Chocolate Tube 38g,38g,£28.95/kg,1.10,,
Co-op,Chocolate & Sweets,Chocolate Bars,Snickers Duo Peanut & Caramel Chocolate Bar 69g,69g,£23.91/kg,1.65,,
Co-op,Chocolate & Sweets,Chocolate Bars,Snickers Peanut & Caramel Chocolate Bar 40g,40g,£23.75/kg,0.95,,
Co-op,Chocolate & Sweets,Chocolate Bars,Snickers Peanut Multipack Chocolate Bars 4 x 40g,160g,£12.19/kg,1.95,2.45,£0.50 off
Co-op,Chocolate & Sweets,Sweets,Sour Patch Kids Strawberry Candy 120g,120g,£13.75/kg,1.65,,
Co-op,Chocolate & Sweets,Sweets,Sour Patch Kids Watermelon Candy 120g,120g,£11.67/kg,1.40,1.65,£0.25 off
Co-op,Chocolate & Sweets,Chocolate Pouches & Bags,Superfoodio the Original Peanut Butter Better Cups 30g,30g,£73.33/kg,2.20,,
Co-op,Chocolate & Sweets,Sweets,Sweetzone Mallow Twists 160g,160g,£8.44/kg,1.35,,
Co-op,Chocolate & Sweets,Sweets,Swizzels Tropical Fruit Flavours Squashies 100g,100g,£15.00/kg,1.50,,
Co-op,Chocolate & Sweets,Chocolate Boxes & Gifts,Terry's Chocolate Orange 145g,145g,£15.17/kg,2.20,,
Co-op,Chocolate & Sweets,Chocolate Bars,Terry's Chocolate Orange Milk Bar 90g,90g,£18.33/kg,1.65,,
Co-op,Chocolate & Sweets,Chocolate Pouches & Bags,Terry's Chocolate Orange Minis 104g,104g,£13.46/kg,1.40,1.75,£0.35 off
Co-op,Chocolate & Sweets,Chocolate Boxes & Gifts,"Thorntons Classic Milk, Dark, White Chocolates 262g",262g,£41.98/kg,11.00,,
Co-op,Chocolate & Sweets,Chocolate Boxes & Gifts,Thorntons Continental 131g,131g,£67.18/kg,8.80,,
Co-op,Chocolate & Sweets,Chocolate Bars,Toblerone Milk Chocolate Bar 100g,100g,£25.00/kg,2.50,,
Co-op,Chocolate & Sweets,Chocolate Bars,Toblerone Milk Chocolate Bar 340g,340g,£22.65/kg,7.70,,
Co-op,Chocolate & Sweets,Chocolate Bars,Toffee Crisp Milk Chocolate Bar Multipack 38g 4 Pack,4pk,£11.18/kg,1.70,2.45,£0.75 off
Co-op,Chocolate & Sweets,Chocolate Bars,Tony's Chocolonely Fairtrade Milk Chocolate 180G,180g,£19.17/kg,3.45,4.95,£1.50 off
Co-op,Chocolate & Sweets,Chocolate Bars,Tony's Chocolonely Fairtrade Milk Chocolate Caramel Sea Salt 180G,180g,£19.17/kg,3.45,4.95,£1.50 off
Co-op,Chocolate & Sweets,Chocolate Bars,"Tony's Chocolonely Milk Chocolate with Caramel, Pretzel, Almond, Nougat and Sea Salt 180g",180g,£19.17/kg,3.45,4.95,£1.50 off
Co-op,Chocolate & Sweets,Chocolate Bars,Twix Caramel & Milk Chocolate Fingers Biscuit Snack Bars Multipack 9 x 20g,9pk,£0.23 each,2.10,3.15,£1.05 off
Co-op,Chocolate & Sweets,Chocolate Bars,Twix White Multipack Chocolate Bar 9 x 20g,180g,£11.67/kg,2.10,2.95,£0.85 off
Co-op,Chocolate & Sweets,Chocolate Pouches & Bags,Wawel Michalki z Wawelu Chocolate Coated Peanut Candies 245g,245g,£14.49/kg,3.55,,
Co-op,Chocolate & Sweets,Sweets,Werther's Original Sugar Free Caramel Butter Candies 42g,42g,£22.62/kg,0.95,,
Co-op,Chocolate & Sweets,Chocolate Bars,Yorkie Raisin & Biscuit Chocolate Duo Bar 66G,66g,£17.42/kg,1.15,1.65,£0.50 off
Co-op,Chocolate & Sweets,Chocolate Bars,Aero Delightful Peppermint 36g,36g,£30.56/kg,1.10,,
Co-op,Chocolate & Sweets,Chocolate Bars,Aero Milk Chocolate 90g,90g,£15.00/kg,1.35,,
Co-op,Chocolate & Sweets,Chocolate Bars,Aero Peppermint Mint Chocolate Sharing Bar 90g,90g,£15.00/kg,1.35,,
Co-op,Chocolate & Sweets,Chocolate Bars,Biscoff Milk Chocolate with Biscoff cream 180g,180g,£21.39/kg,3.85,,
Co-op,Chocolate & Sweets,Chocolate Bars,Cadbury Boost Chocolate Bar 48.5g,48.5g,£24.74/kg,1.20,,
Co-op,Chocolate & Sweets,Chocolate Bars,Cadbury Dairy Milk Caramel Chocolate Bar 120 g,120g,£20.00/kg,2.40,,
Co-op,Chocolate & Sweets,Chocolate Bars,Cadbury Dairy Milk Chocolate 56g,56g,£25.89/kg,1.45,,
Co-op,Chocolate & Sweets,Chocolate Bars,Cadbury Dairy Milk Chocolate Bar 45g,45g,£26.67/kg,1.20,,
Co-op,Chocolate & Sweets,Chocolate Bars,Cadbury Dairy Milk Chocolate Marvellous Creations Jelly Popping Candy Bar 47g,47g,£25.53/kg,1.20,,
Co-op,Chocolate & Sweets,Chocolate Bars,Cadbury Dairy Milk Freddo Chocolate Bar 4 Pack Multipack 72g (4 x 18g),72g,£25.00/kg,1.80,,
Co-op,Chocolate & Sweets,Chocolate Bars,Cadbury Dairy Milk Fruit & Nut Chocolate Bar 110g,110g,£21.82/kg,2.40,,
Co-op,Chocolate & Sweets,Chocolate Bars,Cadbury Dairy Milk Fruitier & Nuttier Orange Boost Chocolate Bar 4 Pack Multipack 120g,4pk,£25.00/kg,3.00,,
Co-op,Chocolate & Sweets,Chocolate Bars,Cadbury Dairy Milk Marvellous Creations Jelly Popping Candy Chocolate 56 g,56g,£25.89/kg,1.45,,
Co-op,Chocolate & Sweets,Chocolate Bars,Cadbury Dairy Milk Oreo Chocolate Bar 120g,120g,£20.00/kg,2.40,,
Co-op,Chocolate & Sweets,Chocolate Bars,Cadbury Dairy Milk Wholenut Chocolate Bar 45g,45g,£26.67/kg,1.20,,
Co-op,Chocolate & Sweets,Chocolate Bars,Cadbury Delights Chocolate Salted Caramel 5 Pack Multipack 110g (5 x 22g),110g,£20.91/kg,2.30,,
Co-op,Chocolate & Sweets,Chocolate Bars,Cadbury Double Decker Chocolate Bar 54.5g,54.5g,£22.02/kg,1.20,,
Co-op,Chocolate & Sweets,Chocolate Bars,Cadbury Flake 99 Chocolate Bars 14 Pack 114g,14pk,£25.11/kg,2.90,,
Co-op,Chocolate & Sweets,Chocolate Bars,Cadbury Starbar Chocolate Bar 49g,49g,£24.49/kg,1.20,,
Co-op,Chocolate & Sweets,Chocolate Bars,Cadbury Timeout 5-pack Milk Chocolate Wafer Biscuit Bars Multipack (5x 18g bars) 90 g,90g,£21.67/kg,1.95,,
Co-op,Chocolate & Sweets,Chocolate Bars,Cadbury Twirl Xtra Duo Chocolate Bar 54g,1pk,£1.65 each,1.65,,
Co-op,Chocolate & Sweets,Chocolate Bars,Cadbury Wispa Chocolate Bar 36g,36g,£33.33/kg,1.20,,
Co-op,Chocolate & Sweets,Chocolate Bars,Cadbury Wispa Gold Chocolate Bar 48g,48g,£25.00/kg,1.20,,
Co-op,Chocolate & Sweets,Chocolate Bars,Co-op Crispy 48 Ice Cream Wafers,48pk,£0.03 each,1.65,,
Co-op,Chocolate & Sweets,Chocolate Bars,Co-op Delightfully Dunkable Chocky Bars 6 x 19g (114g),114g,£11.84/kg,1.35,,
Co-op,Chocolate & Sweets,Chocolate Bars,Co-op Free From Millionaire's Crispy Stackers 150G,150g,£22.00/kg,3.30,,
Co-op,Chocolate & Sweets,Chocolate Bars,Daim Chocolate Bar 28g,28g,£42.86/kg,1.20,,
Co-op,Chocolate & Sweets,Chocolate Bars,Ferrero Rocher Original Chocolate Tablet 90g,1pk,£3.20 each,3.20,,
Co-op,Chocolate & Sweets,Chocolate Bars,Galaxy Caramel Chocolate Bar 48G,48g,£27.08/kg,1.30,,
Co-op,Chocolate & Sweets,Chocolate Bars,Galaxy Cinnamon Swirl Chocolate Bar 160g,160g,£15.31/kg,2.45,,
Co-op,Chocolate & Sweets,Chocolate Bars,Galaxy Millionaire Crumble 160g,160g,£15.31/kg,2.45,,
Co-op,Chocolate & Sweets,Chocolate Bars,Galaxy Smooth Caramel Chocolate Bar 135g,135g,£20.37/kg,2.75,,
Co-op,Chocolate & Sweets,Chocolate Bars,Galaxy Vegan Salted Caramel 100g,100g,£39.00/kg,3.90,,
Co-op,Chocolate & Sweets,Chocolate Bars,Hershey's Cookies 'n' Crème Bar 40g,40g,£27.50/kg,1.10,,
Co-op,Chocolate & Sweets,Chocolate Bars,Kinder Bueno Milk Chocolate and Hazelnuts Single Bar 2 Finger x 21.5g (43g),43g,£22.09/kg,0.95,,
Co-op,Chocolate & Sweets,Chocolate Bars,Kinder Bueno White Milk and Hazelnuts 39g,39g,£24.36/kg,0.95,,
Co-op,Chocolate & Sweets,Chocolate Bars,Kinder Milk & Hazelnuts Bueno Bars 3 x 43g,3pk,£19.77/kg,2.55,,
Co-op,Chocolate & Sweets,Chocolate Bars,Kinder Small Chocolate Bars Multipack 8 x 12.5g (100g),100g,£20.50/kg,2.05,,
Co-op,Chocolate & Sweets,Chocolate Bars,Kit Kat 4 Finger Milk Chocolate Bar 41.5g,41.5g,£26.51/kg,1.10,,
Co-op,Chocolate & Sweets,Chocolate Bars,Kit Kat Chunky Milk Chocolate Bar 40G,40g,£27.50/kg,1.10,,
Co-op,Chocolate & Sweets,Chocolate Bars,Kit Kat Chunky Peanut Butter Milk Chocolate Bar 42G,42g,£26.19/kg,1.10,,
Co-op,Chocolate & Sweets,Chocolate Bars,KitKat 2 Finger Dark Bars 8 x 20.7g (165.6g),8pk,£16.91/kg,2.80,,
Co-op,Chocolate & Sweets,Chocolate Bars,KitKat Chunky Cookie Dough Flavour Chocolate Bar 42g,42g,£26.19/kg,1.10,,
Co-op,Chocolate & Sweets,Chocolate Bars,KitKat Cookie Dough Flavour 99g,99g,£13.64/kg,1.35,,
Co-op,Chocolate & Sweets,Chocolate Bars,KitKat Double Chocolate 99g,99g,£13.64/kg,1.35,,
Co-op,Chocolate & Sweets,Chocolate Bars,KitKat Finger Original Bars 8 x 20.7g (165.6g),8pk,£16.91/kg,2.80,,
Co-op,Chocolate & Sweets,Chocolate Bars,KitKat Milk Chocolate 99g,99g,£13.64/kg,1.35,,
Co-op,Chocolate & Sweets,Chocolate Bars,KitKat Salted Caramel 99g,99g,£13.64/kg,1.35,,
Co-op,Chocolate & Sweets,Chocolate Bars,KitKat® 4 Finger Cookie Dough Flavour Chocolate Bar 41.5g,41.5g,£26.51/kg,1.10,,
Co-op,Chocolate & Sweets,Chocolate Bars,Knoppers 3 x 25g (75g),75g,£22.67/kg,1.70,,
Co-op,Chocolate & Sweets,Chocolate Bars,Lindt Les Grandes Dark Chocolate Hazelnut Bar 150g,150g,£34.67/kg,5.20,,
Co-op,Chocolate & Sweets,Chocolate Bars,Mars Caramel Multipack Chocolate Bars 8 x 34.5g,276g,£13.95/kg,3.85,,
Co-op,Chocolate & Sweets,Chocolate Bars,Mars Fruit & Nut Chocolate Bar 40g,40g,£32.50/kg,1.30,,
Co-op,Chocolate & Sweets,Chocolate Bars,Mars Fruit & Nut Multipack Chocolate Bars 4x32g,4pk,£0.69 each,2.75,,
Co-op,Chocolate & Sweets,Chocolate Bars,McVitie's 7 Gold Bars 124g,7pk,£0.34 each,2.35,,
Co-op,Chocolate & Sweets,Chocolate Bars,McVitie's Penguin Milk Chocolate Biscuit bar 7pk,7pk,£0.36 each,2.50,,
Co-op,Chocolate & Sweets,Chocolate Bars,McVitie's Signature Chocolate Truffle Bar 35g,24pk,£1.31/kg,1.10,,
Co-op,Chocolate & Sweets,Chocolate Bars,Nomo Cookie Dough 127g,127g,£38.19/kg,4.85,,
Co-op,Chocolate & Sweets,Chocolate Bars,Ombar Oat Milk Hazelnut Brownie 42g,42g,£52.38/kg,2.20,,
Co-op,Chocolate & Sweets,Chocolate Bars,Reese's Nutrageous 47G,47g,£23.40/kg,1.10,,
Co-op,Chocolate & Sweets,Chocolate Bars,Schär Melto 30G,30g,£46.67/kg,1.40,,
Co-op,Chocolate & Sweets,Chocolate Bars,Snickers Fruit & Nut Chocolate Bar 40g,40g,£32.50/kg,1.30,,
Co-op,Chocolate & Sweets,Chocolate Bars,Snickers Fruit & Nut Multipack Chocolate Bars 4x32g,4pk,£0.69 each,2.75,,
Co-op,Chocolate & Sweets,Chocolate Bars,Snickers Peanut Multipack Chocolate Bars 8 x 34.5g,276g,£13.95/kg,3.85,,
Co-op,Chocolate & Sweets,Chocolate Bars,Tony's Chocolonely Milk Chocolate 35g,35g,£37.14/kg,1.30,,
Co-op,Chocolate & Sweets,Chocolate Bars,Tony's Chocolonely Milk Chocolate Caramel Sea Salt 35g,35g,£37.14/kg,1.30,,
Co-op,Chocolate & Sweets,Chocolate Bars,Tunnock's Milk Chocolate Caramel Wafer Biscuits Multipack 8 x 30g,8pk,£12.08/kg,2.90,,
Co-op,Chocolate & Sweets,Chocolate Bars,Twix Caramel & Milk Chocolate Fingers Biscuit Snack Bar 50g,50g,£26.00/kg,1.30,,
Co-op,Chocolate & Sweets,Chocolate Bars,Twix Xtra Biscuit & Milk Chocolate Bars 75g,75g,£22.00/kg,1.65,,
Co-op,Chocolate & Sweets,Chocolate Bars,Twix Xtra White Chocolate Bar 75g,75g,£22.00/kg,1.65,,
Co-op,Chocolate & Sweets,Chocolate Bars,Yorkie Milk Chocolate Bar 46G,46g,£23.91/kg,1.10,,
Co-op,Chocolate & Sweets,Chocolate Bars,Yorkie Original Duo 72g,72g,£16.67/kg,1.20,,
Co-op,Chocolate & Sweets,Chocolate Bars,Yorkie Raisin & Biscuit Chocolate Bar 44G,44g,£25.00/kg,1.10,,
Co-op,Cooking Sauces & Ingredients,Back to Routine ⏰☕,Bisto Gravy Granules Beef 300G,300g,£16.67/kg,5.00,,
Co-op,Cooking Sauces & Ingredients,Back to Routine ⏰☕,Co-op Mexican Menu Fajita Kit 475g,475g,£5.16/kg,2.45,,
Co-op,Cooking Sauces & Ingredients,Back to Routine ⏰☕,Co-op Oriental Teriyaki Stir Fry Sauce 120g,120g,£7.08/kg,0.85,,
Co-op,Cooking Sauces & Ingredients,Other Cooking Ingredients,Ajumma Republic Gochujang 500g,500g,£7.70/kg,3.85,,
Co-op,Cooking Sauces & Ingredients,Oil & Vinegar,Aspall Classic White Wine Vinegar 350ml,350ml,£7.29/L,2.55,,
Co-op,Cooking Sauces & Ingredients,Oil & Vinegar,Aspall Raw Organic Apple Cyder Vinegar 500ml,500ml,£9.30/L,4.65,,
Co-op,Cooking Sauces & Ingredients,"Pastes, Purees & Mixes",Attack a Snak Ham 'n Cheese Wrap Kit with Tomato Ketchup 86g,86g,£23.26/kg,2.00,,
Co-op,Cooking Sauces & Ingredients,Other Cooking Ingredients,Ben's Original Cantonese Sauce 450g,450g,£6.89/kg,3.10,,
Co-op,Cooking Sauces & Ingredients,Other Cooking Ingredients,Ben's Original Sweet & Sour Extra Pineapple 450g,450g,£6.89/kg,3.10,,
Co-op,Cooking Sauces & Ingredients,Other Cooking Ingredients,Bens Original Sweet And Sour Extra Pineapple Sauce 450G,450g,£6.89/kg,3.10,,
Co-op,Cooking Sauces & Ingredients,Gravy & Stocks,Bisto Best Beef Gravy 230g,230g,£22.39/kg,5.15,,
Co-op,Cooking Sauces & Ingredients,Gravy & Stocks,Bisto Best Beef Gravy with a Rich Flavour 230g,230g,£22.39/kg,5.15,,
Co-op,Cooking Sauces & Ingredients,Gravy & Stocks,Bisto Best Chicken Gravy 230g,230g,£22.39/kg,5.15,,
Co-op,Cooking Sauces & Ingredients,Gravy & Stocks,Bisto Best Onion Gravy 230g,230g,£22.39/kg,5.15,,
Co-op,Cooking Sauces & Ingredients,Gravy & Stocks,Bisto Gravy Granules 190g,190g,£14.47/kg,2.75,3.70,£0.95 off
Co-op,Cooking Sauces & Ingredients,Gravy & Stocks,Bisto Gravy Granules Beef  Reduced Salt 300g,300g,£16.67/kg,5.00,,
Co-op,Cooking Sauces & Ingredients,Gravy & Stocks,Bisto Reduced Salt Gravy Granules 190g,190g,£14.47/kg,2.75,3.70,£0.95 off
Co-op,Cooking Sauces & Ingredients,Gravy & Stocks,Bisto The Original Gravy Powder 200g,200g,£17.50/kg,3.50,,
Co-op,Cooking Sauces & Ingredients,Gravy & Stocks,Bisto Vegetable Gravy Granules 190g,190g,£14.47/kg,2.75,3.70,£0.95 off
Co-op,Cooking Sauces & Ingredients,Gravy & Stocks,Bisto for Chicken Gravy Granules 190g,190g,£14.47/kg,2.75,3.70,£0.95 off
Co-op,Cooking Sauces & Ingredients,Gravy & Stocks,Bisto for Chicken Gravy Granules 300g,300g,£16.67/kg,5.00,,
Co-op,Cooking Sauces & Ingredients,Other Cooking Ingredients,Blue Dragon Black Bean Stir Fry Sauce 120g,120g,£11.67/kg,1.40,,
Co-op,Cooking Sauces & Ingredients,Other Cooking Ingredients,Blue Dragon Chow Mein Stir Fry Sauce 120g,120g,£11.67/kg,1.40,,
Co-op,Cooking Sauces & Ingredients,Other Cooking Ingredients,Blue Dragon Dark Soy Sauce 150ml,150ml,£17.33/L,2.60,,
Co-op,Cooking Sauces & Ingredients,Other Cooking Ingredients,Blue Dragon Hoisin & Garlic Stir Fry Sauce 120G,120g,£11.67/kg,1.40,,
Co-op,Cooking Sauces & Ingredients,Other Cooking Ingredients,Blue Dragon Light Soy Sauce 150ml,150ml,£17.33/L,2.60,,
Co-op,Cooking Sauces & Ingredients,Other Cooking Ingredients,Blue Dragon Oyster & Spring Onion Stir Fry Sauce 120g,120g,£11.67/kg,1.40,,
Co-op,Cooking Sauces & Ingredients,"Pastes, Purees & Mixes",Blue Dragon Pad Thai Kit 265g,265g,£12.45/kg,3.30,4.15,£0.85 off
Co-op,Cooking Sauces & Ingredients,Other Cooking Ingredients,Blue Dragon Rich Hoisin Sauce 250ml,250ml,£12.40/L,3.10,,
Co-op,Cooking Sauces & Ingredients,Other Cooking Ingredients,Blue Dragon Satay Stir Fry Sauce 120G,120g,£11.67/kg,1.40,,
Co-op,Cooking Sauces & Ingredients,"Pastes, Purees & Mixes",Blue Dragon Sticky Korean BBQ 222g,222g,£14.86/kg,3.30,4.05,£0.75 off
Co-op,Cooking Sauces & Ingredients,Other Cooking Ingredients,Blue Dragon Sweet & Sour Stir Fry Sauce 120G,120g,£11.67/kg,1.40,,
Co-op,Cooking Sauces & Ingredients,Other Cooking Ingredients,Blue Dragon Sweet Chilli & Garlic Stir Fry Sauce 120g,120g,£11.67/kg,1.40,,
Co-op,Cooking Sauces & Ingredients,"Pastes, Purees & Mixes",Blue Dragon Thai Green Curry Kit 253g,253g,£13.04/kg,3.30,4.15,£0.85 off
Co-op,Cooking Sauces & Ingredients,Other Cooking Ingredients,Blue Dragon Thai Green Curry Paste 170G,170g,£17.06/kg,2.90,,
Co-op,Cooking Sauces & Ingredients,"Pastes, Purees & Mixes",Blue Dragon Thai Red Curry Kit 253g,253g,£13.04/kg,3.30,4.15,£0.85 off
Co-op,Cooking Sauces & Ingredients,Other Cooking Ingredients,Blue Dragon Thai Red Curry Paste 170g,170g,£17.06/kg,2.90,,
Co-op,Cooking Sauces & Ingredients,Gravy & Stocks,Bovril Beef Paste Yeast Extract 250 g,250g,£24.20/kg,6.05,,
Co-op,Cooking Sauces & Ingredients,Herbs & Spices,Co-op A Pinch of Chilli Powder 45g,45g,£30.00/kg,1.35,,
Co-op,Cooking Sauces & Ingredients,Herbs & Spices,Co-op A Pinch of Dried Oregano 10g,10g,£135.00/kg,1.35,,
Co-op,Cooking Sauces & Ingredients,Herbs & Spices,Co-op A Pinch of Garlic Granules 60g,60g,£22.50/kg,1.35,,
Co-op,Cooking Sauces & Ingredients,Herbs & Spices,Co-op A Pinch of Ground Cumin 45g,45g,£30.00/kg,1.35,,
Co-op,Cooking Sauces & Ingredients,Herbs & Spices,Co-op A Pinch of Ground Ginger 35g,35g,£38.57/kg,1.35,,
Co-op,Cooking Sauces & Ingredients,Herbs & Spices,Co-op A Pinch of Ground Turmeric 45g,45g,£30.00/kg,1.35,,
Co-op,Cooking Sauces & Ingredients,Oil & Vinegar,Co-op Balsamic Vinegar of Modena 250ml,250ml,£8.20/L,2.05,,
Co-op,Cooking Sauces & Ingredients,"Pastes, Purees & Mixes",Co-op Carbonara Pasta Sauce 300g,300g,£8.83/kg,2.65,,
Co-op,Cooking Sauces & Ingredients,Other Cooking Ingredients,Co-op Chinese Menu Dark Soy Sauce 150ml,150ml,£5.00/L,0.75,,
Co-op,Cooking Sauces & Ingredients,Other Cooking Ingredients,Co-op Chinese Menu Light Soy Sauce 150ml,150ml,£5.00/L,0.75,,
Co-op,Cooking Sauces & Ingredients,Herbs & Spices,Co-op Cinnamon 38g,38g,£34.21/kg,1.30,,
Co-op,Cooking Sauces & Ingredients,Cooking Sauces & Ingredients,Co-op Corn Bites 280g,,,0.00,,
Co-op,Cooking Sauces & Ingredients,Herbs & Spices,Co-op Dried Whole Bay Leaves 6g,6g,£225.00/kg,1.35,,
Co-op,Cooking Sauces & Ingredients,Oil & Vinegar,Co-op Extra Virgin Olive Oil 1l,1L,£9.15/L,9.15,,
Co-op,Cooking Sauces & Ingredients,Oil & Vinegar,Co-op Extra Virgin Olive Oil 500ml,500ml,£14.60/L,7.30,,
Co-op,Cooking Sauces & Ingredients,Cooking Sauces & Ingredients,Co-op Fish Goujons 380g,,,0.00,,
Co-op,Cooking Sauces & Ingredients,"Pastes, Purees & Mixes",Co-op Fresh Tomato And Basil Pasta Sauce 300G,300g,£8.83/kg,2.65,,
Co-op,Cooking Sauces & Ingredients,Other Cooking Ingredients,Co-op Golden Breadcrumbs 175g,175g,£8.00/kg,1.40,,
Co-op,Cooking Sauces & Ingredients,Gravy & Stocks,Co-op Gravy Granules For Chicken 170G,170g,£4.41/kg,0.75,,
Co-op,Cooking Sauces & Ingredients,Gravy & Stocks,Co-op Gravy Granules for Meat 170g,170g,£4.41/kg,0.75,,
Co-op,Cooking Sauces & Ingredients,Other Cooking Ingredients,Co-op Hot & Smoky BBQ Marinade 270g,270g,£8.15/kg,2.20,,
Co-op,Cooking Sauces & Ingredients,Gravy & Stocks,Co-op Irresistible Beef Gravy Granules 200g,200g,£12.50/kg,2.50,,
Co-op,Cooking Sauces & Ingredients,Gravy & Stocks,Co-op Irresistible Chicken Gravy Granules 200g,200g,£12.50/kg,2.50,,
Co-op,Cooking Sauces & Ingredients,Oil & Vinegar,Co-op Irresistible Cold Pressed Rapeseed Oil 500ML,500ml,£10.20/L,5.10,,
Co-op,Cooking Sauces & Ingredients,Oil & Vinegar,Co-op Irresistible Organic Extra Virgin Fairtrade Olive Oil 500ml,500ml,£16.80/L,8.40,,
Co-op,Cooking Sauces & Ingredients,"Pastes, Purees & Mixes",Co-op Irresistible Porcini Mushroom Sauce 300g,300g,£9.83/kg,2.95,,
Co-op,Cooking Sauces & Ingredients,"Pastes, Purees & Mixes","Co-op Irresistible Sun-Dried Tomato, Garlic & Basil Pasta Sauce 340g",340g,£7.21/kg,2.45,,
Co-op,Cooking Sauces & Ingredients,"Pastes, Purees & Mixes",Co-op Irresistible Tomato & Vodka Sauce 300g,300g,£9.83/kg,2.95,,
Co-op,Cooking Sauces & Ingredients,"Pastes, Purees & Mixes",Co-op Italian Menu Creamy Tomato Pasta Bake Sauce 480g,480g,£2.92/kg,1.40,,
Co-op,Cooking Sauces & Ingredients,"Pastes, Purees & Mixes",Co-op Italian Menu White Sauce 460g,460g,£4.35/kg,2.00,,
Co-op,Cooking Sauces & Ingredients,"Pastes, Purees & Mixes",Co-op Italian Red Pesto Sauce 190G,190g,£6.05/kg,1.15,,
Co-op,Cooking Sauces & Ingredients,"Pastes, Purees & Mixes",Co-op Italian Tomato & Basil Stir in Pasta Sauce 190g,190g,£7.11/kg,1.35,,
Co-op,Cooking Sauces & Ingredients,Other Cooking Ingredients,Co-op Katsu Curry Sauce 340g,340g,£4.41/kg,1.50,,
Co-op,Cooking Sauces & Ingredients,Other Cooking Ingredients,Co-op Korean Style BBQ Marinade 265g,280g,£6.25/kg,1.75,,
Co-op,Cooking Sauces & Ingredients,Other Cooking Ingredients,Co-op Lemon Juice 250ml,250ml,£5.00/L,1.25,,
Co-op,Cooking Sauces & Ingredients,Other Cooking Ingredients,Co-op Lime Juice 250ml,250ml,£5.80/L,1.45,,
Co-op,Cooking Sauces & Ingredients,"Pastes, Purees & Mixes",Co-op Mexican Menu Smoky BBQ Fajita Kit 475g,475g,£5.16/kg,2.45,,
Co-op,Cooking Sauces & Ingredients,Herbs & Spices,Co-op Mixed Spice 35g,35g,£37.14/kg,1.30,,
Co-op,Cooking Sauces & Ingredients,Oil & Vinegar,Co-op Olive Oil 1L,1L,£8.25/L,8.25,,
Co-op,Cooking Sauces & Ingredients,Oil & Vinegar,Co-op Olive Oil 500ml,500ml,£12.80/L,6.40,,
Co-op,Cooking Sauces & Ingredients,Oil & Vinegar,Co-op Organic 100% Virgin Coconut Oil 300ml,300ml,£15.83/L,4.75,,
Co-op,Cooking Sauces & Ingredients,Other Cooking Ingredients,Co-op Oriental Sweet Chilli & Garlic Stir Fry Sauce 120g,120g,£7.08/kg,0.85,,
Co-op,Cooking Sauces & Ingredients,Herbs & Spices,Co-op Paprika 46G,46g,£29.35/kg,1.35,,
Co-op,Cooking Sauces & Ingredients,Oil & Vinegar,Co-op Pure Vegetable Oil 1 Litre,1L,£2.35/L,2.35,,£1.45 loyalty card (£1.45/L)
Co-op,Cooking Sauces & Ingredients,Gravy & Stocks,Co-op Scotch Broth 400g,400g,£2.00/kg,0.80,,
Co-op,Cooking Sauces & Ingredients,Other Cooking Ingredients,Co-op Sea Salt & Black Pepper Croutons 40g,40g,£16.25/kg,0.65,,
Co-op,Cooking Sauces & Ingredients,Cooking Sauces & Ingredients,Co-op Served 12 Crunchy Taco Shells 158g,,,0.00,,
Co-op,Cooking Sauces & Ingredients,Cooking Sauces & Ingredients,Co-op Served 4 Chicken Empanadas 100g,,,0.00,,
Co-op,Cooking Sauces & Ingredients,Cooking Sauces & Ingredients,Co-op Served 6 Plain Tortilla Wraps,,,0.00,,
Co-op,Cooking Sauces & Ingredients,Cooking Sauces & Ingredients,Co-op Served 8 Soft Wheat & Corn Tacos,,,0.00,,
Co-op,Cooking Sauces & Ingredients,Cooking Sauces & Ingredients,Co-op Served Fiesta Salad with a Zesty Lime Dressing 245g,,,0.00,,
Co-op,Cooking Sauces & Ingredients,Cooking Sauces & Ingredients,Co-op Served Garlic & Chilli Potato Wedges 320g,,,0.00,,
Co-op,Cooking Sauces & Ingredients,Cooking Sauces & Ingredients,Co-op Served Nacho Topped Chicken Bake 390g,,,0.00,,
Co-op,Cooking Sauces & Ingredients,Cooking Sauces & Ingredients,Co-op Served Onion & Pepper Fajita Mix 400g,,,0.00,,
Co-op,Cooking Sauces & Ingredients,Cooking Sauces & Ingredients,Co-op Served Slow Cooked Chunky Beef Chilli 550g,,,0.00,,
Co-op,Cooking Sauces & Ingredients,Cooking Sauces & Ingredients,Co-op Served Slow Cooked Fajita Spiced Chicken 435g,,,0.00,,
Co-op,Cooking Sauces & Ingredients,Cooking Sauces & Ingredients,Co-op Served Slow Cooked Pulled Pork with Beans 433g,,,0.00,,
Co-op,Cooking Sauces & Ingredients,Cooking Sauces & Ingredients,Co-op Served Spicy Rice 300g,,,0.00,,
Co-op,Cooking Sauces & Ingredients,Cooking Sauces & Ingredients,Co-op Served Three Bean Loaded Chilli 500g,,,0.00,,
Co-op,Cooking Sauces & Ingredients,Herbs & Spices,Co-op Smoked Paprika 46g,46g,£29.35/kg,1.35,,
Co-op,Cooking Sauces & Ingredients,Oil & Vinegar,Co-op Sunflower Oil 1 Litre,1L,£2.10/L,2.10,,
Co-op,Cooking Sauces & Ingredients,Other Cooking Ingredients,Co-op Sweet Chilli Stir Fry Sauce 150g,150g,£7.33/kg,1.10,,
Co-op,Cooking Sauces & Ingredients,Cooking Sauces & Ingredients,Co-op Sweet Potato Fries 250g,,,0.00,,
Co-op,Cooking Sauces & Ingredients,Other Cooking Ingredients,Co-op Teriyaki Marinade 285g,285g,£6.14/kg,1.75,,
Co-op,Cooking Sauces & Ingredients,Cooking Sauces & Ingredients,Co-op Tex Mex Style Dip Selection 4 x 90g (360g),,,0.00,,
Co-op,Cooking Sauces & Ingredients,Other Cooking Ingredients,Co-op Thai Green Curry Sauce 340g,340g,£4.41/kg,1.50,,
Co-op,Cooking Sauces & Ingredients,Other Cooking Ingredients,Co-op Thai Red Curry Sauce 340g,340g,£4.41/kg,1.50,,
Co-op,Cooking Sauces & Ingredients,Herbs & Spices,Co-op Thyme 17g,17g,£76.47/kg,1.30,,
Co-op,Cooking Sauces & Ingredients,Oil & Vinegar,Co-op Toasted Sesame Oil 250Ml,250ml,£14.00/L,3.50,,
Co-op,Cooking Sauces & Ingredients,Oil & Vinegar,Cooks & Co Duck Fat 200g,200g,£17.00/kg,3.40,,
Co-op,Cooking Sauces & Ingredients,Oil & Vinegar,Cypressa Greek Extra Virgin Olive Oil 500ml,500ml,£16.50/L,8.25,,
Co-op,Cooking Sauces & Ingredients,Other Cooking Ingredients,Cypressa Greek Style Marinade 190g,190g,£17.37/kg,3.30,,
Co-op,Cooking Sauces & Ingredients,Other Cooking Ingredients,Cypressa Spanish Style Marinade 190g,190g,£17.37/kg,3.30,,
Co-op,Cooking Sauces & Ingredients,Other Cooking Ingredients,Cypressa Tahini 300G,300g,£13.17/kg,3.95,,
Co-op,Cooking Sauces & Ingredients,"Pastes, Purees & Mixes","Dolmio Intensify Spicy Red Pepper, Smoked Paprika & Chilli Pasta Sauce 400g",400g,£7.50/kg,3.00,,
Co-op,Cooking Sauces & Ingredients,"Pastes, Purees & Mixes",Dolmio Onion & Garlic Sauce for Bolognese 675g,675g,£4.89/kg,3.30,,
Co-op,Cooking Sauces & Ingredients,"Pastes, Purees & Mixes",Dolmio Stir-In Carbonara Pasta Sauce 150G,150g,£16.33/kg,2.45,,
Co-op,Cooking Sauces & Ingredients,"Pastes, Purees & Mixes",Dolmio Stir-In Roasted Garlic And Tomato Pasta Sauce 150G,150g,£16.33/kg,2.45,,
Co-op,Cooking Sauces & Ingredients,"Pastes, Purees & Mixes",Dolmio Stir-In Smoked Bacon & Tomato Pasta Sauce 150G,150g,£16.33/kg,2.45,,
Co-op,Cooking Sauces & Ingredients,"Pastes, Purees & Mixes",Dolmio Stir-In Sun Dried Tomato Pasta Sauce 150g,150g,£16.33/kg,2.45,,
Co-op,Cooking Sauces & Ingredients,"Pastes, Purees & Mixes",Dolmio Tomato Sauce for Lasagne 675g,675g,£4.89/kg,3.30,,
Co-op,Cooking Sauces & Ingredients,Oil & Vinegar,Filippo Berio Chilli Flavoured Olive Oil 250ml,250ml,£23.00/L,5.75,,
Co-op,Cooking Sauces & Ingredients,Oil & Vinegar,Filippo Berio Classic Olive Oil 500ml,500ml,£12.70/L,6.35,9.50,£3.15 off
Co-op,Cooking Sauces & Ingredients,Oil & Vinegar,Filippo Berio Classico 250ml,250ml,£19.80/L,4.95,,
Co-op,Cooking Sauces & Ingredients,Oil & Vinegar,Filippo Berio Extra Virgin Olive Oil 1Litre,1L,£11.40/L,11.40,15.65,£4.25 off
Co-op,Cooking Sauces & Ingredients,Oil & Vinegar,Filippo Berio Extra Virgin Olive Oil 250ml,250ml,£19.80/L,4.95,,
Co-op,Cooking Sauces & Ingredients,Oil & Vinegar,Filippo Berio Extra Virgin Olive Oil 500ml,500ml,£12.70/L,6.35,9.50,£3.15 off
Co-op,Cooking Sauces & Ingredients,Oil & Vinegar,Filippo Berio Mild & Light in Colour Olive Oil 500ml,500ml,£12.70/L,6.35,9.50,£3.15 off
Co-op,Cooking Sauces & Ingredients,Oil & Vinegar,Frylight 1 Cal Extra Virgin Olive Oil Cooking Spray 190Ml,190ml,£12.11/L,2.30,3.30,£1 off
Co-op,Cooking Sauces & Ingredients,Oil & Vinegar,Frylight 1 Cal Sunflower Oil Cooking Spray 190ml,190ml,£12.11/L,2.30,3.30,£1 off
Co-op,Cooking Sauces & Ingredients,"Pastes, Purees & Mixes",Homepride Pasta Bake Sauce Creamy Tomato and Herb 485g,485g,£6.60/kg,3.20,,
Co-op,Cooking Sauces & Ingredients,"Pastes, Purees & Mixes",Homepride Tomato & Bacon Pasta Bake 485g,485g,£6.60/kg,3.20,,
Co-op,Cooking Sauces & Ingredients,Gravy & Stocks,Kallo Organic Chicken Stock Cubes 8 x 11g,88g,£19.32/kg,1.70,2.20,£0.50 off
Co-op,Cooking Sauces & Ingredients,Gravy & Stocks,Kallo Organic Vegetable Stock Cubes 8 x 11g,88g,£19.32/kg,1.70,2.20,£0.50 off
Co-op,Cooking Sauces & Ingredients,Gravy & Stocks,Kallo Organic Very Low Salt Chicken Stock Cubes 6 x 8g,48g,£36.46/kg,1.75,,
Co-op,Cooking Sauces & Ingredients,Gravy & Stocks,Kallo Organic Very Low Salt Vegetable Stock Cubes 6 x 10g,60g,£29.17/kg,1.75,,
Co-op,Cooking Sauces & Ingredients,Other Cooking Ingredients,Kikkoman Soy Sauce 150ml,150ml,£26.33/L,3.95,,
Co-op,Cooking Sauces & Ingredients,Other Cooking Ingredients,Kikkoman Teriyaki Marinade 250ml,250ml,£17.60/L,4.40,,
Co-op,Cooking Sauces & Ingredients,Gravy & Stocks,Knorr  Stock Pot Vegetable 4 x 28 g,4pk,£22.32/kg,2.50,,
Co-op,Cooking Sauces & Ingredients,Herbs & Spices,Knorr All Purpose Savoury Seasoning Aromat 90g,90g,£27.78/kg,2.50,,
Co-op,Cooking Sauces & Ingredients,Gravy & Stocks,Knorr Chicken Stock Cubes 8x 10 g,8pk,£30.00/kg,2.40,,
Co-op,Cooking Sauces & Ingredients,Gravy & Stocks,Knorr Rich Beef Stock Pot 4 x 28g (112g),112g,£15.18/kg,1.70,2.50,£0.80 off
Co-op,Cooking Sauces & Ingredients,Gravy & Stocks,Knorr Stock Pot Chicken 4x28 g,4pk,£15.18/kg,1.70,2.50,£0.80 off
Co-op,Cooking Sauces & Ingredients,Gravy & Stocks,Knorr Stock Pots Red Wine 4 x 26g,4pk,£16.35/kg,1.70,2.50,£0.80 off
Co-op,Cooking Sauces & Ingredients,Gravy & Stocks,Knorr Vegetable Stock Cubes 8x 10 g,8pk,£30.00/kg,2.40,,
Co-op,Cooking Sauces & Ingredients,Gravy & Stocks,"Knorr infuse a rich garlic flavour into your dishes, Roasted Garlic 4x 26 g",110g,£15.45/kg,1.70,2.50,£0.80 off
Co-op,Cooking Sauces & Ingredients,Other Cooking Ingredients,Lee Kum Kee Premium Light Soy Sauce 250Ml,250ml,£11.00/L,2.75,,
Co-op,Cooking Sauces & Ingredients,"Pastes, Purees & Mixes",Loyd Grossman Bolognese Original Pasta Sauce 350g,350g,£11.00/kg,3.85,,
Co-op,Cooking Sauces & Ingredients,"Pastes, Purees & Mixes",Loyd Grossman No Added Sugar Pizza Sauce 350g,350g,£11.00/kg,3.85,,
Co-op,Cooking Sauces & Ingredients,"Pastes, Purees & Mixes",Loyd Grossman Tomato & Basil Sauce 350g,350g,£11.00/kg,3.85,,
Co-op,Cooking Sauces & Ingredients,"Pastes, Purees & Mixes",Loyd Grossman Tomato & Chilli Sauce 350g,350g,£11.00/kg,3.85,,
Co-op,Cooking Sauces & Ingredients,"Pastes, Purees & Mixes",Loyd Grossman Tomato & Mascarpone 350g,350g,£11.00/kg,3.85,,
Co-op,Cooking Sauces & Ingredients,"Pastes, Purees & Mixes",Loyd Grossman Tomato & Roasted Garlic Pasta Sauce 350G,350g,£11.00/kg,3.85,,
Co-op,Cooking Sauces & Ingredients,Other Cooking Ingredients,Maggi Hot Liquid Seasoning 100ml,119g,£11.76/kg,1.40,,
Co-op,Cooking Sauces & Ingredients,Oil & Vinegar,Mellow Yellow Rapeseed Oil 500ml,500ml,£10.70/L,5.35,,
Co-op,Cooking Sauces & Ingredients,Oil & Vinegar,Napolina Extra Virgin Olive Oil 500Ml,500ml,£10.40/L,5.20,7.70,£2.50 off
Co-op,Cooking Sauces & Ingredients,Oil & Vinegar,Napolina Olive Oil 500Ml,500ml,£10.40/L,5.20,7.70,£2.50 off
Co-op,Cooking Sauces & Ingredients,Other Cooking Ingredients,Natco Crispy Fried Onions 150g,150g,£8.67/kg,1.30,,
Co-op,Cooking Sauces & Ingredients,Other Cooking Ingredients,Nestle Seasoning Liquid 125G,125g,£14.00/kg,1.75,,
Co-op,Cooking Sauces & Ingredients,Gravy & Stocks,OXO 12 Beef Stock Cubes 71g,71g,£38.73/kg,2.75,3.40,£0.65 off
Co-op,Cooking Sauces & Ingredients,Gravy & Stocks,OXO 12 Vegetable Stock Cubes 71g,71g,£38.73/kg,2.75,3.40,£0.65 off
Co-op,Cooking Sauces & Ingredients,Gravy & Stocks,OXO Chicken Stock Cubes 12,71g,£38.73/kg,2.75,3.40,£0.65 off
Co-op,Cooking Sauces & Ingredients,Gravy & Stocks,OXO Reduced Salt Beef Stock Cubes 12,71g,£38.73/kg,2.75,3.40,£0.65 off
Co-op,Cooking Sauces & Ingredients,"Pastes, Purees & Mixes",Old El Paso Cheesy Baked Enchilada Kit 663g,663g,£5.13/kg,3.40,4.55,£1.15 off
Co-op,Cooking Sauces & Ingredients,"Pastes, Purees & Mixes",Old El Paso Extra Mild Fajita Kit 476G,476g,£9.56/kg,4.55,,
Co-op,Cooking Sauces & Ingredients,Herbs & Spices,Old El Paso Fajita Seasoning Mix Smoky Bbq 35G,35g,£34.29/kg,1.20,1.50,£0.30 off
Co-op,Cooking Sauces & Ingredients,"Pastes, Purees & Mixes",Old El Paso Gluten Free Smoky BBQ Fajita Kit 462G,462g,£12.88/kg,5.95,,
Co-op,Cooking Sauces & Ingredients,"Pastes, Purees & Mixes",Old El Paso Roasted Tomato & Pepper Fajita Kit 500g,500g,£9.10/kg,4.55,,
Co-op,Cooking Sauces & Ingredients,"Pastes, Purees & Mixes",Old El Paso Smoky BBQ Fajita Kit 500g,500g,£6.80/kg,3.40,4.55,£1.15 off
Co-op,Cooking Sauces & Ingredients,"Pastes, Purees & Mixes",Old El Paso Smoky BBQ Fajita Kit Family Pack 750g,750g,£7.33/kg,5.50,,
Co-op,Cooking Sauces & Ingredients,"Pastes, Purees & Mixes",Old El Paso Street Vibes Soft Taco Kit 255g,255g,£16.27/kg,4.15,,
Co-op,Cooking Sauces & Ingredients,Herbs & Spices,Old El Paso Taco Seasoning Mix 25g,25g,£48.00/kg,1.20,1.50,£0.30 off
Co-op,Cooking Sauces & Ingredients,Oil & Vinegar,Olivio Blend of Vegetable & Olive Oil 1L,8pk,£0.69/L,5.50,,
Co-op,Cooking Sauces & Ingredients,Oil & Vinegar,Olivio Oil 500Ml,500ml,£5.50/L,2.75,,
Co-op,Cooking Sauces & Ingredients,Gravy & Stocks,Oxo Chicken Bone Broth 500ml,500ml,£7.70/L,3.85,,
Co-op,Cooking Sauces & Ingredients,Gravy & Stocks,Oxo Ready to Use Stock Signature Rich Beef 500ml,500ml,£4.50/L,2.25,2.75,£0.50 off
Co-op,Cooking Sauces & Ingredients,Gravy & Stocks,Oxo Ready to Use Stock Signature Succulent Chicken 500ml,500ml,£4.50/L,2.25,2.75,£0.50 off
Co-op,Cooking Sauces & Ingredients,"Pastes, Purees & Mixes",Patak's Old Delhi Style Butter Chicken Curry Kit 270g,270g,£14.26/kg,3.85,,
Co-op,Cooking Sauces & Ingredients,"Pastes, Purees & Mixes",Patak's Punjabi Style Tikka Masala Curry Kit 270g,270g,£14.26/kg,3.85,,
Co-op,Cooking Sauces & Ingredients,"Pastes, Purees & Mixes",Patak's South Indian Style Madras Curry Kit 270g,270g,£14.26/kg,3.85,,
Co-op,Cooking Sauces & Ingredients,"Pastes, Purees & Mixes",Sacla Fiery Chilli Pesto 190G,190g,£21.05/kg,4.00,,
Co-op,Cooking Sauces & Ingredients,"Pastes, Purees & Mixes",Sacla' Classic Basil Pesto 190g,190g,£21.05/kg,4.00,,
Co-op,Cooking Sauces & Ingredients,Oil & Vinegar,Sarson's Distilled Malt Vinegar 568ml,568ml,£3.87/L,2.20,,
Co-op,Cooking Sauces & Ingredients,Oil & Vinegar,Sarson's Malt Vinegar 250ml,250ml,£6.00/L,1.50,,
Co-op,Cooking Sauces & Ingredients,Herbs & Spices,Schwartz Air-Fry Bangin' Chicken Seasoning 120g,120g,£25.42/kg,3.05,,
Co-op,Cooking Sauces & Ingredients,"Pastes, Purees & Mixes",Schwartz Air-Fry Chicken & Chorizo Recipe Mix 30g,30g,£43.33/kg,1.30,,
Co-op,Cooking Sauces & Ingredients,Herbs & Spices,Schwartz Allspice Ground 37g,37g,£66.22/kg,2.45,,2 for £3.85
Co-op,Cooking Sauces & Ingredients,Herbs & Spices,Schwartz Basil 10G,10g,£245.00/kg,2.45,,2 for £3.85
Co-op,Cooking Sauces & Ingredients,Herbs & Spices,Schwartz Bay Leaves 3G,3g,£816.67/kg,2.45,,2 for £3.85
Co-op,Cooking Sauces & Ingredients,Herbs & Spices,Schwartz Cajun Seasoning 44g,44g,£55.68/kg,2.45,,2 for £3.85
Co-op,Cooking Sauces & Ingredients,Herbs & Spices,Schwartz Cardamom Pods 26g,26g,£94.23/kg,2.45,,2 for £3.85
Co-op,Cooking Sauces & Ingredients,Herbs & Spices,Schwartz Cayenne Chilli Pepper 26g,26g,£94.23/kg,2.45,,2 for £3.85
Co-op,Cooking Sauces & Ingredients,Herbs & Spices,Schwartz Chinese 5 Spice Seasoning 58g,58g,£42.24/kg,2.45,,2 for £3.85
Co-op,Cooking Sauces & Ingredients,Herbs & Spices,Schwartz Chives 1g,1g,"£2,450.00/kg",2.45,,2 for £3.85
Co-op,Cooking Sauces & Ingredients,Herbs & Spices,Schwartz Cinnamon Sticks 13G,13g,£188.46/kg,2.45,,2 for £3.85
Co-op,Cooking Sauces & Ingredients,Herbs & Spices,Schwartz Classic BBQ Seasoning 44g,44g,£55.68/kg,2.45,,2 for £3.85
Co-op,Cooking Sauces & Ingredients,Herbs & Spices,Schwartz Coriander Leaf 7g,7g,£350.00/kg,2.45,,2 for £3.85
Co-op,Cooking Sauces & Ingredients,Herbs & Spices,Schwartz Crushed Chilli Flakes 29g,29g,£84.48/kg,2.45,,2 for £3.85
Co-op,Cooking Sauces & Ingredients,Herbs & Spices,Schwartz Cumin Ground 37g,37g,£66.22/kg,2.45,,2 for £3.85
Co-op,Cooking Sauces & Ingredients,Herbs & Spices,Schwartz Cumin Seeds 35g,35g,£70.00/kg,2.45,,2 for £3.85
Co-op,Cooking Sauces & Ingredients,Herbs & Spices,Schwartz Dill 10g,10g,£245.00/kg,2.45,,2 for £3.85
Co-op,Cooking Sauces & Ingredients,Herbs & Spices,Schwartz Fennel Seeds 28g,28g,£87.50/kg,2.45,,2 for £3.85
Co-op,Cooking Sauces & Ingredients,Herbs & Spices,Schwartz Garam Masala 30g,30g,£81.67/kg,2.45,,2 for £3.85
Co-op,Cooking Sauces & Ingredients,Herbs & Spices,Schwartz Garlic Granules 50g,50g,£49.00/kg,2.45,,2 for £3.85
Co-op,Cooking Sauces & Ingredients,Herbs & Spices,Schwartz Garlic Italian Seasoning 43g,43g,£56.98/kg,2.45,,2 for £3.85
Co-op,Cooking Sauces & Ingredients,Herbs & Spices,Schwartz Ginger Ground 26g,26g,£94.23/kg,2.45,,2 for £3.85
Co-op,Cooking Sauces & Ingredients,Herbs & Spices,Schwartz Ground Cinnamon 39g,39g,£62.82/kg,2.45,,2 for £3.85
Co-op,Cooking Sauces & Ingredients,Herbs & Spices,Schwartz Ground Coriander 24g,24g,£102.08/kg,2.45,,2 for £3.85
Co-op,Cooking Sauces & Ingredients,Herbs & Spices,Schwartz Ground Nutmeg 32g,32g,£76.56/kg,2.45,,2 for £3.85
Co-op,Cooking Sauces & Ingredients,Herbs & Spices,Schwartz Herbes De Provence 11G,11g,£222.73/kg,2.45,,2 for £3.85
Co-op,Cooking Sauces & Ingredients,Herbs & Spices,Schwartz Hot Chilli Powder 38g,38g,£64.47/kg,2.45,,2 for £3.85
Co-op,Cooking Sauces & Ingredients,Herbs & Spices,Schwartz Italian Herb Seasoning 11g,11g,£222.73/kg,2.45,,2 for £3.85
Co-op,Cooking Sauces & Ingredients,Herbs & Spices,Schwartz Jamaican Jerk Seasoning 51g,51g,£48.04/kg,2.45,,2 for £3.85
Co-op,Cooking Sauces & Ingredients,Herbs & Spices,Schwartz Mint 9g,9g,£272.22/kg,2.45,,2 for £3.85
Co-op,Cooking Sauces & Ingredients,Herbs & Spices,Schwartz Mixed Herbs 11g Jar,11g,£222.73/kg,2.45,,2 for £3.85
Co-op,Cooking Sauces & Ingredients,Herbs & Spices,Schwartz Mixed Spice 28g,28g,£87.50/kg,2.45,,2 for £3.85
Co-op,Cooking Sauces & Ingredients,Herbs & Spices,Schwartz Mustard Seeds 48G,48g,£51.04/kg,2.45,,2 for £3.85
Co-op,Cooking Sauces & Ingredients,Herbs & Spices,Schwartz Oregano 7g,7g,£350.00/kg,2.45,,2 for £3.85
Co-op,Cooking Sauces & Ingredients,Herbs & Spices,Schwartz Paprika & Onion Chicken Seasoning 50g,50g,£49.00/kg,2.45,,2 for £3.85
Co-op,Cooking Sauces & Ingredients,Herbs & Spices,Schwartz Paprika & Onion Classic Chip Seasoning 55g,55g,£44.55/kg,2.45,,2 for £3.85
Co-op,Cooking Sauces & Ingredients,Herbs & Spices,Schwartz Paprika 40g,40g,£61.25/kg,2.45,,2 for £3.85
Co-op,Cooking Sauces & Ingredients,Herbs & Spices,Schwartz Paprika Hot 34g,34g,£72.06/kg,2.45,,2 for £3.85
Co-op,Cooking Sauces & Ingredients,Herbs & Spices,Schwartz Parsley Flat Leaf 3g,3g,£816.67/kg,2.45,,2 for £3.85
Co-op,Cooking Sauces & Ingredients,Herbs & Spices,Schwartz Piri Piri Seasoning 39g,39g,£62.82/kg,2.45,,2 for £3.85
Co-op,Cooking Sauces & Ingredients,Herbs & Spices,Schwartz Roast Potato Seasoning 60g,60g,£41.67/kg,2.50,,2 for £3.85
Co-op,Cooking Sauces & Ingredients,Herbs & Spices,Schwartz Rosemary 18G,18g,£136.11/kg,2.45,,2 for £3.85
Co-op,Cooking Sauces & Ingredients,Herbs & Spices,Schwartz Sage 10g,10g,£245.00/kg,2.45,,2 for £3.85
Co-op,Cooking Sauces & Ingredients,Herbs & Spices,"Schwartz Season All Salt, Paprika & Pepper 70g",70g,£35.00/kg,2.45,,2 for £3.85
Co-op,Cooking Sauces & Ingredients,Herbs & Spices,Schwartz Spicy Italian Seasoning 42G,42g,£58.33/kg,2.45,,2 for £3.85
Co-op,Cooking Sauces & Ingredients,Herbs & Spices,Schwartz Star Anise Whole 10G,10g,£245.00/kg,2.45,,2 for £3.85
Co-op,Cooking Sauces & Ingredients,Herbs & Spices,Schwartz Tarragon 5g,5g,£490.00/kg,2.45,,2 for £3.85
Co-op,Cooking Sauces & Ingredients,Herbs & Spices,Schwartz Thyme 11G,11g,£222.73/kg,2.45,,2 for £3.85
Co-op,Cooking Sauces & Ingredients,Herbs & Spices,Schwartz Turmeric Ground 37g,37g,£66.22/kg,2.45,,2 for £3.85
Co-op,Cooking Sauces & Ingredients,Herbs & Spices,Schwartz Whole Nutmeg 25G,25g,£98.00/kg,2.45,,2 for £3.85
Co-op,Cooking Sauces & Ingredients,"Pastes, Purees & Mixes",Served - Mexican Flavours: 1 Main + 2 Sides,,,11.00,,
Co-op,Cooking Sauces & Ingredients,Other Cooking Ingredients,Sharwood's Chinese Curry Sauce 425g,425g,£5.18/kg,2.20,2.90,£0.70 off
Co-op,Cooking Sauces & Ingredients,Other Cooking Ingredients,Sharwood's East Asian Japanese Teriyaki 420g,420g,£5.24/kg,2.20,2.90,£0.70 off
Co-op,Cooking Sauces & Ingredients,Other Cooking Ingredients,Sharwood's Kung Po Chinese Cooking Sauce 425g,425g,£5.18/kg,2.20,2.90,£0.70 off
Co-op,Cooking Sauces & Ingredients,Other Cooking Ingredients,Sharwood's Sweet & Sour Cooking Sauce 425g,425g,£5.18/kg,2.20,2.90,£0.70 off
Co-op,Cooking Sauces & Ingredients,"Pastes, Purees & Mixes",Street Kitchen Asian Curry Kit Yellow Thai Curry 285g,285g,£12.63/kg,3.60,,
Co-op,Cooking Sauces & Ingredients,"Pastes, Purees & Mixes",Street Kitchen Jamaican Scratch Kit Jamaican Jerk Chicken 255g,255g,£14.12/kg,3.60,,
Co-op,Cooking Sauces & Ingredients,Oil & Vinegar,The Co-operative Love by Us Olive Oil Light in Colour 500ml,500ml,£12.80/L,6.40,,
Co-op,Cooking Sauces & Ingredients,"Pastes, Purees & Mixes",The Spice Tailor Classic Butter Chicken 300g,300g,£14.33/kg,4.30,,
Co-op,Cooking Sauces & Ingredients,"Pastes, Purees & Mixes",The Spice Tailor Keralan Coconut Curry 225g,225g,£19.11/kg,4.30,,
Co-op,Cooking Sauces & Ingredients,"Pastes, Purees & Mixes",The Spice Tailor Original Tikka Masala 300g,300g,£14.33/kg,4.30,,
Co-op,Cooking Sauces & Ingredients,Oil & Vinegar,Tiger Tiger Pure Sesame Oil 150ml,150ml,£11.67/L,1.75,,
Co-op,Cooking Sauces & Ingredients,Other Cooking Ingredients,YO! Katsu Curry Sauce 100g,100g,£14.00/kg,1.40,,
Co-op,Cooking Sauces & Ingredients,Other Cooking Ingredients,YO! Sweet & Sticky Teriyaki 100g,100g,£14.00/kg,1.40,,
Co-op,Cooking Sauces & Ingredients,Gravy & Stocks,itsu Brilliant' Broth Chicken Ramen 500ml,500ml,£6.80/L,3.40,,
Co-op,Cooking Sauces & Ingredients,Gravy & Stocks,itsu Brilliant' Broth Classic Ramen 500ml,500ml,£6.80/L,3.40,,
Co-op,Cooking Sauces & Ingredients,Herbs & Spices,Al'Fez Harissa Paste 180g,180g,£21.67/kg,3.90,,
Co-op,Cooking Sauces & Ingredients,Herbs & Spices,Al'Fez Shawarma Spice Mix 25g,25g,£46.00/kg,1.15,1.75,£0.60 off
Co-op,Cooking Sauces & Ingredients,Herbs & Spices,Belazu Rose Harissa Paste 130g,130g,£44.23/kg,5.75,,
Co-op,Cooking Sauces & Ingredients,Herbs & Spices,Bevelini All Star Pepper Mix in Sweet Brine 315g,315g,£8.73/kg,2.75,,
Co-op,Cooking Sauces & Ingredients,Herbs & Spices,BrewDog Dragon Spice Seasoning 25g,25g,£50.00/kg,1.25,,
Co-op,Cooking Sauces & Ingredients,Herbs & Spices,BrewDog Punk IPA BBQ Rub 25g,25g,£50.00/kg,1.25,,
Co-op,Cooking Sauces & Ingredients,Herbs & Spices,Capsicana Latin Flavour Mexican Style Tasty Taco Seasoning Mix 28g,28g,£58.93/kg,1.65,,
Co-op,Cooking Sauces & Ingredients,Herbs & Spices,Capsicana Mexican Chipotle Fajita 28g,28g,£58.93/kg,1.65,,
Co-op,Cooking Sauces & Ingredients,Herbs & Spices,Co-op Black Peppercorns Mill 50g,50g,£72.00/kg,3.60,,
Co-op,Cooking Sauces & Ingredients,Herbs & Spices,Co-op British Table Salt 750g,750g,£1.20/kg,0.90,,
Co-op,Cooking Sauces & Ingredients,Herbs & Spices,Co-op Chopped Ginger 75g,75g,£24.67/kg,1.85,,
Co-op,Cooking Sauces & Ingredients,Herbs & Spices,Co-op Dried Crushed Chillies 29G,29g,£46.55/kg,1.35,,
Co-op,Cooking Sauces & Ingredients,Herbs & Spices,Co-op Dried Mixed Herbs 14g,14g,£82.14/kg,1.15,,
Co-op,Cooking Sauces & Ingredients,Herbs & Spices,Co-op Ground Black Pepper 25G,25g,£58.00/kg,1.45,,
Co-op,Cooking Sauces & Ingredients,Herbs & Spices,Co-op Ground White Pepper 25G,25g,£58.00/kg,1.45,,
Co-op,Cooking Sauces & Ingredients,Herbs & Spices,Co-op Mexican Taco Seasoning Spice Mix 30G,30g,£41.67/kg,1.25,,
Co-op,Cooking Sauces & Ingredients,Herbs & Spices,Co-op Sea Salt Mill 110g,110g,£35.00/kg,3.85,,
Co-op,Cooking Sauces & Ingredients,Herbs & Spices,Gia Garlic Puree in Vegetable Oil 90g,90g,£15.56/kg,1.40,,
Co-op,Cooking Sauces & Ingredients,Herbs & Spices,KTC Minced Garlic Paste 210G,210g,£8.33/kg,1.75,,
Co-op,Cooking Sauces & Ingredients,Herbs & Spices,KTC Minced Ginger Paste 210g,210g,£8.81/kg,1.85,,
Co-op,Cooking Sauces & Ingredients,Herbs & Spices,LoSalt® Original Reduced Sodium Salt 350g,350g,£6.71/kg,2.35,2.75,£0.40 off
Co-op,Cooking Sauces & Ingredients,Herbs & Spices,Maggi Air Fryer Fajita 27g,29g,£31.03/kg,0.90,,
Co-op,Cooking Sauces & Ingredients,Herbs & Spices,Maldon Himalayan Pink Salt 250g,250g,£11.60/kg,2.90,,
Co-op,Cooking Sauces & Ingredients,Herbs & Spices,Maldon Pepper Sea Salt 50g,50g,£44.00/kg,2.20,,
Co-op,Cooking Sauces & Ingredients,Herbs & Spices,Maldon Sea Salt Flakes 250g,250g,£13.60/kg,3.40,,
Co-op,Cooking Sauces & Ingredients,Herbs & Spices,Nando's Peri-Peri Rub Garlic Medium 25g,25g,£58.00/kg,1.45,,
Co-op,Cooking Sauces & Ingredients,Herbs & Spices,Nando's Peri-Peri Rub Medium 25g,25g,£58.00/kg,1.45,,
Co-op,Cooking Sauces & Ingredients,Herbs & Spices,Nando's Peri-Peri Salt 70g,70g,£33.57/kg,2.35,,
Co-op,Cooking Sauces & Ingredients,Herbs & Spices,Natco Haldi Turmeric Powder 100g,100g,£11.00/kg,1.10,,
Co-op,Cooking Sauces & Ingredients,Herbs & Spices,Natco Madras Curry Powder 100g,100g,£11.00/kg,1.10,,
Co-op,Cooking Sauces & Ingredients,Herbs & Spices,Natco Paprika Powder 100g,100g,£11.00/kg,1.10,,
Co-op,Cooking Sauces & Ingredients,Herbs & Spices,Natco Tandoori Masala 100g,100g,£11.00/kg,1.10,,
Co-op,Cooking Sauces & Ingredients,Herbs & Spices,Schwartz Garlic 40G,40g,£72.50/kg,2.90,,
Co-op,Cooking Sauces & Ingredients,Herbs & Spices,Schwartz Medium Curry Powder 90g,90g,£27.22/kg,2.45,,
Co-op,Cooking Sauces & Ingredients,Herbs & Spices,Schwartz Paprika Smoked 40g,40g,£61.25/kg,2.45,,2 for £3.85
Co-op,Cooking Sauces & Ingredients,Herbs & Spices,Schwartz Pepper & Garlic Steak Seasoning 46g,46g,£53.26/kg,2.45,,2 for £3.85
Co-op,Cooking Sauces & Ingredients,Herbs & Spices,Schwartz Thai 7 Spice Seasoning 52G,52g,£47.12/kg,2.45,,
Co-op,Cooking Sauces & Ingredients,Herbs & Spices,Schwartz Whole Cloves 22g,22g,£111.36/kg,2.45,,2 for £3.85
Co-op,Cooking Sauces & Ingredients,Herbs & Spices,Tidman's Coarse Rock Salt 500g,500g,£4.80/kg,2.40,,
Co-op,Cooking Sauces & Ingredients,Herbs & Spices,Very Lazy Chopped Garlic 200g,200g,£11.50/kg,2.30,,
Co-op,Cooking Sauces & Ingredients,Herbs & Spices,Very Lazy Chopped Ginger 190g,190g,£12.11/kg,2.30,,
Co-op,Cooking Sauces & Ingredients,Herbs & Spices,Very Lazy Chopped Red Chillies 190g,190g,£12.11/kg,2.30,,
Co-op,Cooking Sauces & Ingredients,Herbs & Spices,Very Lazy Garlic Paste 75g,75g,£29.33/kg,2.20,,
Co-op,Cooking Sauces & Ingredients,Herbs & Spices,Very Lazy Ginger Paste 75g,75g,£29.33/kg,2.20,,
Co-op,Cooking Sauces & Ingredients,Herbs & Spices,YO! Salt & Pepper Chicken Seasoning 35g,35g,£34.29/kg,1.20,,
Co-op,"Crisps, Snacks, Biscuits",Back to Routine ⏰☕,Co-op 24 Wholewheat Biscuits,24pk,£0.06 each,1.54,2.20,30% off
Co-op,"Crisps, Snacks, Biscuits",Back to Routine ⏰☕,Co-op Good Fuel Dried Mango 40g,1pk,£1.30 each,1.30,,
Co-op,"Crisps, Snacks, Biscuits",Back to Routine ⏰☕,Co-op Yogurt Coated Cranberries 30g,30g,£33.33/kg,1.00,,
Co-op,"Crisps, Snacks, Biscuits",Back to Routine ⏰☕,Hula Hoops Family Pack Crisps 6 x 24g,6pk,£13.89/kg,2.00,2.90,£0.90 off
Co-op,"Crisps, Snacks, Biscuits",Back to Routine ⏰☕,Jacobs Mini Cheddars Original 6X23G,6pk,£12.17/kg,1.68,2.40,30% off
Co-op,"Crisps, Snacks, Biscuits",Back to Routine ⏰☕,Peperami The Original 5 x 20g (100g),5pk,£33.00/kg,3.30,,
Co-op,"Crisps, Snacks, Biscuits",Back to Routine ⏰☕,Walkers Ready Salted Multipack Crisps 6x25g,6pk,£11.93/kg,1.79,2.55,30% off
Co-op,"Crisps, Snacks, Biscuits",Back to Routine ⏰☕,Walkers Salt & Vinegar Multipack Crisps 6x25g,6pk,£11.33/kg,1.70,2.55,£0.85 off
Co-op,"Crisps, Snacks, Biscuits",Back to Routine ⏰☕,Walkers Squares Variety 6X22G,6pk,£14.62/kg,1.93,2.75,30% off
Co-op,"Crisps, Snacks, Biscuits",Biscuits,Africa's Finest Chin Chin 250g,250g,£9.60/kg,2.40,,
Co-op,"Crisps, Snacks, Biscuits",Biscuits,Britannia Classic Little Hearts 75g,75g,£14.67/kg,1.10,,
Co-op,"Crisps, Snacks, Biscuits",Biscuits,Britannia Good Day Cashew Cookies 216g,216g,£6.94/kg,1.50,,
Co-op,"Crisps, Snacks, Biscuits",Biscuits,Cadbury Dairy Milk 4 Caramel Cookies,4pk,£0.45 each,1.80,,
Co-op,"Crisps, Snacks, Biscuits",Biscuits,Co-op Bakery White Chocolate Chunk Cookies 5 Pack,5pk,£0.38 each,1.90,,£1.38 loyalty card (£0.28 each)
Co-op,"Crisps, Snacks, Biscuits",Biscuits,Co-op Custard Creams 300g,300g,£2.33/kg,0.70,,
Co-op,"Crisps, Snacks, Biscuits",Biscuits,Co-op Delightfully Dunkable Digestives 400g,400g,£2.00/kg,0.80,,
Co-op,"Crisps, Snacks, Biscuits",Biscuits,Co-op Free From Choc Chip Cookies 145g,145g,£13.79/kg,2.00,,
Co-op,"Crisps, Snacks, Biscuits",Biscuits,Co-op Free From Oat Cookies 150g,150g,£12.67/kg,1.90,,
Co-op,"Crisps, Snacks, Biscuits",Biscuits,Co-op Free From Stem Ginger Cookies 150g,150g,£14.67/kg,2.20,,
Co-op,"Crisps, Snacks, Biscuits",Biscuits,Co-op Freshly Baked 5 Double Chocolate Chunk Cookies,5pk,£0.38 each,1.90,,£1.38 loyalty card (£0.28 each)
Co-op,"Crisps, Snacks, Biscuits",Biscuits,Co-op Freshly Baked 5 Oat & Raisin Cookies,5pk,£0.38 each,1.90,,
Co-op,"Crisps, Snacks, Biscuits",Biscuits,Co-op GRO 4 Dark Choc Chunk Cookies,4pk,£0.55 each,2.20,,
Co-op,"Crisps, Snacks, Biscuits",Biscuits,Co-op Ginger Nut Biscuits 200g,200g,£3.50/kg,0.70,,
Co-op,"Crisps, Snacks, Biscuits",Biscuits,Co-op Irresistible All Butter Fruity Flapjack Cookies 200g,200g,£17.00/kg,3.40,,
Co-op,"Crisps, Snacks, Biscuits",Biscuits,Co-op Irresistible All Butter Salted Caramel & Blonde Chocolate Cookies 200g,200g,£17.00/kg,3.40,,
Co-op,"Crisps, Snacks, Biscuits",Biscuits,Co-op Irresistible All Butter Triple Chocolate Cookies 200g,200g,£17.00/kg,3.40,,
Co-op,"Crisps, Snacks, Biscuits",Biscuits,Co-op Irresistible Belgian Chocolate Chunk Shortbreads 4 Pack,4pk,£0.61 each,2.45,,
Co-op,"Crisps, Snacks, Biscuits",Biscuits,Co-op Irresistible Free From Triple Choc,150g,£22.67/kg,3.40,,
Co-op,"Crisps, Snacks, Biscuits",Biscuits,Co-op Irresistible Shortbread Rounds 180G,180g,£18.33/kg,3.30,,
Co-op,"Crisps, Snacks, Biscuits",Biscuits,Co-op Irresistible Stem Ginger Cookie 200G,200g,£17.00/kg,3.40,,
Co-op,"Crisps, Snacks, Biscuits",Biscuits,Co-op Malted Milk Biscuits 200g,200g,£3.50/kg,0.70,,
Co-op,"Crisps, Snacks, Biscuits",Biscuits,Co-op Milk Chocolate Digestives 300g,300g,£4.67/kg,1.40,,
Co-op,"Crisps, Snacks, Biscuits",Biscuits,Co-op Rich Tea Biscuits 300g,300g,£3.00/kg,0.90,,
Co-op,"Crisps, Snacks, Biscuits",Biscuits,Co-op Shortbread Finger Biscuits 380g,380g,£4.47/kg,1.70,,
Co-op,"Crisps, Snacks, Biscuits",Biscuits,Doh! Double Choc Chunk Cookie 275g,275g,£12.91/kg,3.55,,
Co-op,"Crisps, Snacks, Biscuits",Biscuits,Fox'S Party Rings Minis 6 X 21G,6pk,£11.11/kg,1.40,1.80,£0.40 off
Co-op,"Crisps, Snacks, Biscuits",Biscuits,Jacobs Biscuits For Cheese Crackers 300g,300g,£15.67/kg,4.70,,
Co-op,"Crisps, Snacks, Biscuits",Biscuits,Jammie Dodgers 8 Biscuits Raspberry Flavour 140G,140g,£8.57/kg,1.20,,
Co-op,"Crisps, Snacks, Biscuits",Biscuits,KP Real Mccoys Meaty Variety Potato Chips 6x25g,6pk,£19.33/kg,2.90,,
Co-op,"Crisps, Snacks, Biscuits",Biscuits,LU Le Petit Beurre Butter biscuits with a sprinkle of Salt 167g,167g,£8.98/kg,1.50,2.80,£1.30 off
Co-op,"Crisps, Snacks, Biscuits",Biscuits,LU Le Petit Citron Lemon Flavoured Soft Bake Biscuits 5 Pack Multipack 140g (5 x 28g),140g,£20.00/kg,2.80,,
Co-op,"Crisps, Snacks, Biscuits",Biscuits,LU Le Petit Cookie with rich Chocolate Chunks 184g,184g,£8.15/kg,1.50,2.80,£1.30 off
Co-op,"Crisps, Snacks, Biscuits",Biscuits,Lotus Biscoff Biscuits 250g,250g,£8.40/kg,2.10,,
Co-op,"Crisps, Snacks, Biscuits",Biscuits,Maryland Chocolate Chip Cookies 200G,200g,£10.00/kg,2.00,,
Co-op,"Crisps, Snacks, Biscuits",Biscuits,Maryland Double Choc Cookies 200g,200g,£10.00/kg,2.00,,
Co-op,"Crisps, Snacks, Biscuits",Biscuits,Maryland Minis Choc Chip Cookies 6 Mini Bags 118.8G,119g,£15.55/kg,1.85,,
Co-op,"Crisps, Snacks, Biscuits",Biscuits,McVitie's Dark Chocolate Digestive Biscuits 266g,266g,£7.89/kg,2.10,2.90,£0.80 off
Co-op,"Crisps, Snacks, Biscuits",Biscuits,McVitie's Digestives the Original 315g,12pk,£0.62/kg,2.35,,
Co-op,"Crisps, Snacks, Biscuits",Biscuits,McVitie's Fruit Shortcake Biscuits 200g,200g,£9.75/kg,1.95,,
Co-op,"Crisps, Snacks, Biscuits",Biscuits,McVitie's Ginger Nuts Biscuits 250g,250g,£8.00/kg,2.00,,
Co-op,"Crisps, Snacks, Biscuits",Biscuits,McVitie's Hobnobs The Oaty One 255g,255g,£7.45/kg,1.90,,
Co-op,"Crisps, Snacks, Biscuits",Biscuits,McVitie's Rich Tea Biscuits 300G,300g,£7.83/kg,2.35,,
Co-op,"Crisps, Snacks, Biscuits",Biscuits,Mikado Milk Chocolate Biscuits 75g,75g,£22.67/kg,1.70,,
Co-op,"Crisps, Snacks, Biscuits",Biscuits,Milky Way Milk Chocolate Crispy Rolls 22.5g,22.5g,£40.00/kg,0.90,,
Co-op,"Crisps, Snacks, Biscuits",Biscuits,Nairns Biscuit Breaks Chocolate Chip Gluten Free Biscuit 160G,160g,£17.19/kg,2.75,,
Co-op,"Crisps, Snacks, Biscuits",Biscuits,OREO Original Cocoa Sandwich Cookies with Vanilla Flavour Filling 14-cookies pack 154 g,154g,£6.82/kg,1.05,1.90,£0.85 off
Co-op,"Crisps, Snacks, Biscuits",Biscuits,Petit Ecolier Milk Chocolate Topping Biscuits 100g,100g,£28.00/kg,2.80,,
Co-op,"Crisps, Snacks, Biscuits",Biscuits,Schär Notes 2 Gluten-Free Wafer Biscuits 27g,27g,£46.30/kg,1.25,,
Co-op,"Crisps, Snacks, Biscuits",Breadsticks & Savoury Snacks,Abakus Foods Seaweed Crisps - Sea Salted 18G,18g,£50.00/kg,0.90,1.25,£0.35 off
Co-op,"Crisps, Snacks, Biscuits",Breadsticks & Savoury Snacks,Co-op Cheese Twists 125g,125g,£10.00/kg,1.25,,
Co-op,"Crisps, Snacks, Biscuits",Breadsticks & Savoury Snacks,Co-op Indian Menu Mini Poppadums 60G,60g,£20.00/kg,1.20,,
Co-op,"Crisps, Snacks, Biscuits",Breadsticks & Savoury Snacks,Co-op Indian Style 8 Plain Poppadoms 64g,8pk,£0.21 each,1.70,,
Co-op,"Crisps, Snacks, Biscuits",Breadsticks & Savoury Snacks,Co-op Salted Caramel Pretzel Mini Bites 220g (10 x 22g),10pk,£15.40/L,3.85,,
Co-op,"Crisps, Snacks, Biscuits",Breadsticks & Savoury Snacks,Co-op Scottish Oatcakes 250g,250g,£6.60/kg,1.65,,
Co-op,"Crisps, Snacks, Biscuits",Breadsticks & Savoury Snacks,Cofresh Snack Foods Poppadum Curls Mango Chutney 80G,80g,£17.50/kg,1.40,,
Co-op,"Crisps, Snacks, Biscuits",Breadsticks & Savoury Snacks,Crosta & Mollica Black Olive Grissini Breadsticks 140g,140g,£18.93/kg,2.65,,
Co-op,"Crisps, Snacks, Biscuits",Breadsticks & Savoury Snacks,Crosta & Mollica Classic Torinesi Breadsticks 120G,120g,£16.67/kg,2.00,,
Co-op,"Crisps, Snacks, Biscuits",Breadsticks & Savoury Snacks,Cypressa Grissini Sticks With Olive Oil 250G,250g,£15.40/kg,3.85,,
Co-op,"Crisps, Snacks, Biscuits",Breadsticks & Savoury Snacks,Emily Sea Salt Seaweed Crisps 50g,50g,£44.00/kg,2.20,,
Co-op,"Crisps, Snacks, Biscuits",Breadsticks & Savoury Snacks,Emily Sriracha Seaweed Crisps 18g,18g,£69.44/kg,1.25,,
Co-op,"Crisps, Snacks, Biscuits",Breadsticks & Savoury Snacks,Flipz Peanut Butter Coated Pretzels 90g,90g,£18.89/kg,1.70,2.20,£0.50 off
Co-op,"Crisps, Snacks, Biscuits",Breadsticks & Savoury Snacks,Il Buon Pane Grissini Breadsticks 125g,125g,£7.60/kg,0.95,,
Co-op,"Crisps, Snacks, Biscuits",Breadsticks & Savoury Snacks,Lajkonik Salty Sticks 200g,200g,£8.25/kg,1.65,,
Co-op,"Crisps, Snacks, Biscuits",Breadsticks & Savoury Snacks,Nairn's Cheese Oatcakes 180g,180g,£15.28/kg,2.75,,
Co-op,"Crisps, Snacks, Biscuits",Breadsticks & Savoury Snacks,Nairn's Cheese Oatcakes 200G,200g,£10.50/kg,2.10,,
Co-op,"Crisps, Snacks, Biscuits",Breadsticks & Savoury Snacks,Nairn's Fine Milled Oatcakes 218G,218g,£8.26/kg,1.80,,
Co-op,"Crisps, Snacks, Biscuits",Breadsticks & Savoury Snacks,Nairn's Gluten Free Original Oatcakes 213g,213g,£12.91/kg,2.75,,
Co-op,"Crisps, Snacks, Biscuits",Breadsticks & Savoury Snacks,Nairn's Rough Oatcakes 291G,291g,£7.22/kg,2.10,,
Co-op,"Crisps, Snacks, Biscuits",Breadsticks & Savoury Snacks,Natco Madras Plain Pappadoms 200G,200g,£8.25/kg,1.65,,
Co-op,"Crisps, Snacks, Biscuits",Breadsticks & Savoury Snacks,Patak's 8 Plain Pappadums 64g,64g,£46.88/kg,3.00,,
Co-op,"Crisps, Snacks, Biscuits",Breadsticks & Savoury Snacks,Penn State Sour Cream & Chive Sharing Pretzels 175g,175g,£10.86/kg,1.90,,
Co-op,"Crisps, Snacks, Biscuits",Breadsticks & Savoury Snacks,Ryvita Dark Rye Crispbread 250g,250g,£8.00/kg,2.00,,
Co-op,"Crisps, Snacks, Biscuits",Breadsticks & Savoury Snacks,Ryvita Original Crackerbread 125G,125g,£20.00/kg,2.50,,
Co-op,"Crisps, Snacks, Biscuits",Breadsticks & Savoury Snacks,Ryvita Thins Sea Salt & Cider Vinegar Flavour 125g,6pk,£3.73/kg,2.80,,
Co-op,"Crisps, Snacks, Biscuits",Breadsticks & Savoury Snacks,Schär Crispbread 150g,150g,£13.00/kg,1.95,,
Co-op,"Crisps, Snacks, Biscuits",Breadsticks & Savoury Snacks,Schär Pretzels 60g,60g,£22.50/kg,1.35,,
Co-op,"Crisps, Snacks, Biscuits",Breadsticks & Savoury Snacks,Walkers Sensations Mango & Chilli Chutney Sharing Poppadoms 82.5g,82.5g,£25.45/kg,2.10,3.05,£0.95 off
Co-op,"Crisps, Snacks, Biscuits",Breadsticks & Savoury Snacks,Warburtons 6 Thins Soft Brown Sliced,6pk,£0.28 each,1.65,,
Co-op,"Crisps, Snacks, Biscuits",Crackers,Carrs Cheese Melts 150G,150g,£17.00/kg,2.55,,
Co-op,"Crisps, Snacks, Biscuits",Crackers,Carrs Table Water Biscuits 125G,125g,£16.40/kg,2.05,,
Co-op,"Crisps, Snacks, Biscuits",Crackers,Cheez-It Snap'd Cheese Sour Cream & Onion Baked Snacks 120g,120g,£13.75/kg,1.65,1.85,£0.20 off
Co-op,"Crisps, Snacks, Biscuits",Crackers,Cheez-It Snap'd Double Cheese Baked Snacks 120g,120g,£13.75/kg,1.65,1.85,£0.20 off
Co-op,"Crisps, Snacks, Biscuits",Crackers,Co-op Cream Crackers 300g,300g,£2.33/kg,0.70,,
Co-op,"Crisps, Snacks, Biscuits",Crackers,Co-op Free From Mini Crackers 125g,125g,£17.60/kg,2.20,,
Co-op,"Crisps, Snacks, Biscuits",Crackers,Co-op Free From Sea Salt & Black Pepper Crackers 175g,175g,£18.00/kg,3.15,,
Co-op,"Crisps, Snacks, Biscuits",Crackers,Co-op Rosemary Crackers 185g,185g,£8.92/kg,1.65,,
Co-op,"Crisps, Snacks, Biscuits",Crackers,Co-op Sea Salt & Black Pepper Crackers 185g,185g,£8.92/kg,1.65,,
Co-op,"Crisps, Snacks, Biscuits",Crackers,Co-op Sea Salt Crackers 185G,185g,£8.92/kg,1.65,,
Co-op,"Crisps, Snacks, Biscuits",Crackers,Co-op Thai Inspired Spicy Crackers 80G,80g,£21.88/kg,1.75,,
Co-op,"Crisps, Snacks, Biscuits",Crackers,Jacob's Baked Cheddars Cheese Crackers 150g,150g,£9.33/kg,1.40,1.90,£0.50 off
Co-op,"Crisps, Snacks, Biscuits",Crackers,Jacob's Cream Crackers 300g,300g,£6.67/kg,2.00,,
Co-op,"Crisps, Snacks, Biscuits",Crackers,Jacob's Limited Edition Bites Frank's Red Hot Original 125g,125g,£20.00/kg,2.50,,
Co-op,"Crisps, Snacks, Biscuits",Crackers,Jacob's Limited Edition Mini Cheddars Frank's Red Hot Original Cayenne Pepper Sauce 150g,150g,£15.67/kg,2.35,,
Co-op,"Crisps, Snacks, Biscuits",Crackers,Jacob's Mature Cheddar & Caramelised Onion Flavour Bites 125g,125g,£11.60/kg,1.45,2.50,£1.05 off
Co-op,"Crisps, Snacks, Biscuits",Crackers,Jacob's Smoked Paprika Flavour Bites 125g,125g,£11.60/kg,1.45,2.50,£1.05 off
Co-op,"Crisps, Snacks, Biscuits",Crackers,Jacobs Tuc Sandwich Crackers 150G,150g,£13.00/kg,1.95,,
Co-op,"Crisps, Snacks, Biscuits",Crackers,Kelly Loves Rice & Peanut Crackers 80g,80g,£30.63/kg,2.45,,
Co-op,"Crisps, Snacks, Biscuits",Crackers,Ritz The Original Baked Cracker Box 150g,150g,£9.67/kg,1.45,,
Co-op,"Crisps, Snacks, Biscuits",Crackers,TUC Original Snack Crackers 150g,150g,£9.33/kg,1.40,1.90,£0.50 off
Co-op,"Crisps, Snacks, Biscuits",Dried Fruit,BEAR Yoyos Strawberry 20g,20g,£40.00/kg,0.80,,
Co-op,"Crisps, Snacks, Biscuits",Dried Fruit,Bear Fruit Gently Baked Strawberries 90g,90g,£38.89/kg,3.50,,
Co-op,"Crisps, Snacks, Biscuits",Dried Fruit,Bear Fruit Yoyos Mango 4 x 20g,4pk,£25.00/kg,2.00,2.75,£0.75 off
Co-op,"Crisps, Snacks, Biscuits",Dried Fruit,Bear Refreshing Raspberry Yoyos 4 x 20g,4pk,£25.00/kg,2.00,2.75,£0.75 off
Co-op,"Crisps, Snacks, Biscuits",Dried Fruit,Bear Scrumptious Strawberry Yoyos 4 x 20g,4pk,£25.00/kg,2.00,2.75,£0.75 off
Co-op,"Crisps, Snacks, Biscuits",Tortilla Chips,Blanco Nino Creamy Jalapeno 170g,170g,£18.82/kg,3.20,,
Co-op,"Crisps, Snacks, Biscuits",Tortilla Chips,Blanco Niño Smoky Chipotle 170g,170g,£18.82/kg,3.20,,
Co-op,"Crisps, Snacks, Biscuits",Popcorn,Butterkist Crunchy Toffee Popcorn 140g,140g,£14.64/kg,2.05,,
Co-op,"Crisps, Snacks, Biscuits",Popcorn,Butterkist Delicious Sweet & Salted Popcorn 100G,100g,£17.50/kg,1.75,,
Co-op,"Crisps, Snacks, Biscuits",Offers,Cadbury Biscuits 125g,125g,£13.60/kg,1.70,2.20,£0.50 off
Co-op,"Crisps, Snacks, Biscuits",Student Shop 🍜🎓🥫,Cadbury Dairy Milk Fingers Milk Chocolate Covered Biscuits 114g,114g,£13.16/kg,1.50,2.80,£1.30 off
Co-op,"Crisps, Snacks, Biscuits",Sharing Crisps,Cheetos Cheese Flavoured 85G,85g,£25.88/kg,2.20,,
Co-op,"Crisps, Snacks, Biscuits",Nuts & Seeds,Co Op Chopped Mixed Nuts 200G,200g,£11.75/kg,2.35,,
Co-op,"Crisps, Snacks, Biscuits",Dried Fruit,Co Op Soft Figs 250g,250g,£13.20/kg,3.30,,
Co-op,"Crisps, Snacks, Biscuits",Dried Fruit,Co Op Sweetened Dried Cranberries 170G,170g,£21.18/kg,3.60,,
Co-op,"Crisps, Snacks, Biscuits",Sharing Crisps,Co-op Bacon Rasher Crisps 150g,150g,£8.67/kg,1.30,,
Co-op,"Crisps, Snacks, Biscuits",Single Crisps,Co-op Baked Mature Cheddar Crunchies 20g,20g,£70.00/kg,1.40,,
Co-op,"Crisps, Snacks, Biscuits",Nuts & Seeds,Co-op Cashew Nuts 100g,100g,£36.50/kg,3.65,,
Co-op,"Crisps, Snacks, Biscuits",Sharing Crisps,Co-op Cheese Puffs Maize Crisp Snacks 150g,150g,£8.67/kg,1.30,,
Co-op,"Crisps, Snacks, Biscuits",Single Crisps,Co-op Chinese Menu Prawn Crackers 60g,60g,£22.50/kg,1.35,,
Co-op,"Crisps, Snacks, Biscuits",Dried Fruit,Co-op Currants 500G,500g,£6.80/kg,3.40,,
Co-op,"Crisps, Snacks, Biscuits",Dried Fruit,Co-op Dried Mixed Fruit 500g,500g,£4.70/kg,2.35,,
Co-op,"Crisps, Snacks, Biscuits",Nuts & Seeds,Co-op Dry Roasted Peanuts 200g,200g,£9.25/kg,1.85,,
Co-op,"Crisps, Snacks, Biscuits",Nuts & Seeds,Co-op Flaked Almonds 150G,150g,£23.00/kg,3.45,,
Co-op,"Crisps, Snacks, Biscuits",Nuts & Seeds,Co-op Fruit & Nut Mix 60g,60g,£23.33/kg,1.40,,
Co-op,"Crisps, Snacks, Biscuits",Nuts & Seeds,Co-op Good Fuel Cashews 150g,150pk,£0.02 each,2.75,,
Co-op,"Crisps, Snacks, Biscuits",Nuts & Seeds,Co-op Good Fuel Cashews 60g,60pk,£0.02 each,1.40,,
Co-op,"Crisps, Snacks, Biscuits",Nuts & Seeds,Co-op Ground Almonds 150G,150g,£20.33/kg,3.05,,
Co-op,"Crisps, Snacks, Biscuits",Nuts & Seeds,Co-op Harissa Nut Mix 30g,1pk,£1.00 each,1.00,,
Co-op,"Crisps, Snacks, Biscuits",Nuts & Seeds,Co-op Honey Roast Peanut & Cashews 175G,175g,£17.14/kg,3.00,,
Co-op,"Crisps, Snacks, Biscuits",Sharing Crisps,Co-op Irresistible Hand Cooked Lightly Sea Salted Crisps 150g,150g,£11.00/kg,1.65,1.90,£0.25 off
Co-op,"Crisps, Snacks, Biscuits",Sharing Crisps,Co-op Irresistible Hand Cooked Posh Prawn Cocktail Crisps 150g,150g,£12.67/kg,1.90,,
Co-op,"Crisps, Snacks, Biscuits",Sharing Crisps,Co-op Irresistible Hand Cooked Sea Salt & Chardonnay Wine Vinegar Crisps 150g,150g,£11.00/kg,1.65,1.90,£0.25 off
Co-op,"Crisps, Snacks, Biscuits",Sharing Crisps,Co-op Irresistible Limited Edition 'Nduja & Hot Honey Flavoured Crisps 150g,150g,£12.67/kg,1.90,,
Co-op,"Crisps, Snacks, Biscuits",Sharing Crisps,Co-op Irresistible Limited Edition Ultimate Roast Potato Crinkle Cut Crisps 150g,150g,£12.67/kg,1.90,,
Co-op,"Crisps, Snacks, Biscuits",Dried Fruit,Co-op Irresistible Medjool Dates with Stones 200g,200g,£15.00/kg,3.00,,
Co-op,"Crisps, Snacks, Biscuits",Single Crisps,Co-op Irresistible Sea Salt & Chardonnay Wine Vinegar Crisps 40g,40g,£27.50/kg,1.10,,
Co-op,"Crisps, Snacks, Biscuits",Sharing Crisps,Co-op Irresistible West Country Cheddar & Spring Onion Crisps 150g,150g,£11.00/kg,1.65,1.90,£0.25 off
Co-op,"Crisps, Snacks, Biscuits",Nuts & Seeds,Co-op Lightly Salted Nut Mix 50g,50pk,£0.03 each,1.40,,
Co-op,"Crisps, Snacks, Biscuits",Student Shop 🍜🎓🥫,Co-op Lightly Salted Tortilla Chips 180g,180g,£6.11/kg,1.10,,
Co-op,"Crisps, Snacks, Biscuits",Tortilla Chips,Co-op Limited Edition Chipotle Mayo & Sweetcorn Flavour Tortilla Chips 180g,180g,£9.17/kg,1.65,,
Co-op,"Crisps, Snacks, Biscuits",Nuts & Seeds,Co-op Maple Nut Mix 30g,30pk,£0.03 each,1.00,,
Co-op,"Crisps, Snacks, Biscuits",Rice & Corn Cakes,Co-op Milk Chocolate Coated Rice Cakes 100G,100g,£20.00/kg,2.00,,
Co-op,"Crisps, Snacks, Biscuits",Tortilla Chips,Co-op Multiseed Sour Cream Tortillas 40g,40g,£23.75/kg,0.95,,
Co-op,"Crisps, Snacks, Biscuits",Sharing Crisps,Co-op Onion Ring Crisps 125g,125g,£10.00/kg,1.25,,
Co-op,"Crisps, Snacks, Biscuits",Nuts & Seeds,Co-op Pecan Nut Halves 100g,100g,£33.00/kg,3.30,,
Co-op,"Crisps, Snacks, Biscuits",Nuts & Seeds,Co-op Pine Nuts 100G,100g,£53.00/kg,5.30,,
Co-op,"Crisps, Snacks, Biscuits",Nuts & Seeds,Co-op Pistachio Nut Kernels 100g,100g,£38.50/kg,3.85,,
Co-op,"Crisps, Snacks, Biscuits",Sharing Crisps,Co-op Ready Salted Potato Sticks 150g,150g,£9.33/kg,1.40,,
Co-op,"Crisps, Snacks, Biscuits",Dried Fruit,Co-op Ready To Eat Soft Apricots 250G,250g,£14.40/kg,3.60,,
Co-op,"Crisps, Snacks, Biscuits",Nuts & Seeds,Co-op Roasted & Salted Cashews 150g,150g,£22.67/kg,3.40,,
Co-op,"Crisps, Snacks, Biscuits",Nuts & Seeds,Co-op Roasted & Salted Peanuts 200g,200g,£9.25/kg,1.85,,
Co-op,"Crisps, Snacks, Biscuits",Nuts & Seeds,Co-op Roasted & Salted Pistachios 150g,150g,£19.33/kg,2.90,,
Co-op,"Crisps, Snacks, Biscuits",Sharing Crisps,Co-op Salt & Vinegar Sticks 150g,150g,£9.33/kg,1.40,,
Co-op,"Crisps, Snacks, Biscuits",Popcorn,Co-op Salted Popcorn 90g,90g,£13.89/kg,1.25,,
Co-op,"Crisps, Snacks, Biscuits",Dried Fruit,Co-op Seedless Raisins 500g,500g,£5.50/kg,2.75,,
Co-op,"Crisps, Snacks, Biscuits",Dried Fruit,Co-op Soft Pitted Prunes 250g,250g,£11.60/kg,2.90,,
Co-op,"Crisps, Snacks, Biscuits",Sharing Crisps,Co-op Sour Cream & Chive Party Mix 150g,150g,£12.00/kg,1.80,,
Co-op,"Crisps, Snacks, Biscuits",Dried Fruit,Co-op Sultanas 500g,500g,£5.50/kg,2.75,,
Co-op,"Crisps, Snacks, Biscuits",Nuts & Seeds,Co-op Sunflower Seeds 100g,100g,£15.00/kg,1.50,,
Co-op,"Crisps, Snacks, Biscuits",Popcorn,Co-op Sweet & Salted Popcorn 100g,100g,£12.50/kg,1.25,,
Co-op,"Crisps, Snacks, Biscuits",Popcorn,Co-op Sweet & Salted Popcorn 25g,25g,£28.00/kg,0.70,,
Co-op,"Crisps, Snacks, Biscuits",Popcorn,Co-op Sweet Popcorn 100g,100g,£12.50/kg,1.25,,
Co-op,"Crisps, Snacks, Biscuits",Rice & Corn Cakes,Co-op Unsalted Rice Cakes 100g,100g,£7.00/kg,0.70,,
Co-op,"Crisps, Snacks, Biscuits",Sharing Crisps,Co-op Vegetarian Patatas Bravas Bites 180g,180g,£22.22/kg,4.00,,
Co-op,"Crisps, Snacks, Biscuits",Sharing Crisps,Co-op Wagyu Beef & Caramelised Onion Flavour Crisps,150g,£12.67/kg,1.90,,
Co-op,"Crisps, Snacks, Biscuits",Nuts & Seeds,Co-op Wasabi Peas 50g,50g,£25.00/kg,1.25,,
Co-op,"Crisps, Snacks, Biscuits",Sharing Crisps,Cofresh Balti Mix 200G,200g,£8.25/kg,1.65,,
Co-op,"Crisps, Snacks, Biscuits",Sharing Crisps,Cofresh Bombay Mix 200G,200g,£9.25/kg,1.85,,
Co-op,"Crisps, Snacks, Biscuits",Nuts & Seeds,Cofresh Cashews Nuts Roasted & Salted 60g,60g,£30.83/kg,1.85,,
Co-op,"Crisps, Snacks, Biscuits",Sharing Crisps,Cofresh Chilli and Lemon Grills 80G,80g,£18.75/kg,1.50,,
Co-op,"Crisps, Snacks, Biscuits",Sharing Crisps,Cofresh Hot Bombay Mix 200G,200g,£8.25/kg,1.65,,
Co-op,"Crisps, Snacks, Biscuits",Nuts & Seeds,Cofresh Roasted & Salted Corn Nuts 175g,175g,£10.57/kg,1.85,,
Co-op,"Crisps, Snacks, Biscuits",Nuts & Seeds,Cypressa Almonds Roasted & Salted 200G,200g,£22.00/kg,4.40,,
Co-op,"Crisps, Snacks, Biscuits",Nuts & Seeds,Cypressa Bites Salted Chocolate Trail Mix 4 x 25g,100g,£37.00/kg,3.70,,
Co-op,"Crisps, Snacks, Biscuits",Nuts & Seeds,Cypressa Bites Sweet & Salty Peanuts 4 x 25g,100g,£37.00/kg,3.70,,
Co-op,"Crisps, Snacks, Biscuits",Nuts & Seeds,Cypressa Cashew Nuts 200g,200g,£19.50/kg,3.90,,
Co-op,"Crisps, Snacks, Biscuits",Nuts & Seeds,Cypressa Cashews Roasted & Salted 200g,200g,£23.00/kg,4.60,,
Co-op,"Crisps, Snacks, Biscuits",Nuts & Seeds,Cypressa Classic Nut Mix 160g,160g,£14.38/kg,2.30,,
Co-op,"Crisps, Snacks, Biscuits",Dried Fruit,Cypressa Fruit Mix 160g,160g,£12.81/kg,2.05,,
Co-op,"Crisps, Snacks, Biscuits",Nuts & Seeds,Cypressa Mixed Nuts & Raisins 200g,200g,£13.75/kg,2.75,,
Co-op,"Crisps, Snacks, Biscuits",Nuts & Seeds,Cypressa Monkey Nuts 400G,400g,£8.25/kg,3.30,,
Co-op,"Crisps, Snacks, Biscuits",Nuts & Seeds,Cypressa Nuts & Fruit Mix 170G,170g,£19.41/kg,3.30,,
Co-op,"Crisps, Snacks, Biscuits",Nuts & Seeds,Cypressa Plain Almonds 200G,200g,£18.00/kg,3.60,,
Co-op,"Crisps, Snacks, Biscuits",Nuts & Seeds,Cypressa Roasted & Salted Pistachio Nuts 200g,200g,£23.00/kg,4.60,,
Co-op,"Crisps, Snacks, Biscuits",Nuts & Seeds,Cypressa Roasted & Salted Pumpkin Seeds 100G,100g,£17.50/kg,1.75,,
Co-op,"Crisps, Snacks, Biscuits",Nuts & Seeds,Cypressa Roasted & Salted Sunflower Seeds 100G,100g,£13.00/kg,1.30,,
Co-op,"Crisps, Snacks, Biscuits",Single Crisps,Discos Salt & Vinegar Grab Bag Crisps 50g,50g,£27.00/kg,1.35,,
Co-op,"Crisps, Snacks, Biscuits",Student Shop 🍜🎓🥫,Doritos Chilli Heatwave 140G,140g,£17.14/kg,2.40,,
Co-op,"Crisps, Snacks, Biscuits",Tortilla Chips,Doritos Chilli Heatwave Crisps Grab Bag Tortilla Chips 44g,44g,£34.09/kg,1.50,,
Co-op,"Crisps, Snacks, Biscuits",Tortilla Chips,Doritos Chilli Heatwave Tortilla Chips Multipack Crisps 5x30g,5pk,£18.33/kg,2.75,,
Co-op,"Crisps, Snacks, Biscuits",Tortilla Chips,Doritos Cool Original 140G,140g,£17.14/kg,2.40,,
Co-op,"Crisps, Snacks, Biscuits",Single Crisps,Doritos Cool Original Crisps Grab Bag Tortilla Chips 44g,44g,£34.09/kg,1.50,,
Co-op,"Crisps, Snacks, Biscuits",Tortilla Chips,Doritos Extra Flamin' Hot Sharing Bag Crisps 163g,163g,£11.96/kg,1.95,2.40,£0.45 off
Co-op,"Crisps, Snacks, Biscuits",Student Shop 🍜🎓🥫,Doritos Tangy Cheese 140G,140g,£17.14/kg,2.40,,
Co-op,"Crisps, Snacks, Biscuits",Tortilla Chips,Doritos Tangy Cheese Crisps Grab Bag Tortilla Chips 44g,44g,£34.09/kg,1.50,,
Co-op,"Crisps, Snacks, Biscuits",Nuts & Seeds,East End Jumbo Pistachio Nuts 250G,250g,£16.40/kg,4.10,,
Co-op,"Crisps, Snacks, Biscuits",Single Crisps,Eat Real Hummus Chips Tomato + Basil Flavour 45g,45g,£31.11/kg,1.40,,
Co-op,"Crisps, Snacks, Biscuits",Sharing Crisps,Eat Real Lentil Chips Salted 95g,95g,£26.84/kg,2.55,,
Co-op,"Crisps, Snacks, Biscuits",Meat Snacks,Ember Original Biltong 40g,40g,£96.25/kg,3.85,,
Co-op,"Crisps, Snacks, Biscuits",Meat Snacks,Ember Original Recipe Biltong 45g,45g,£95.56/kg,4.30,,2 for £6.70
Co-op,"Crisps, Snacks, Biscuits",Dried Fruit,Fruit Bowl Peelers Raspberry 5 x 10g,5pk,£75.00/kg,3.75,,
Co-op,"Crisps, Snacks, Biscuits",Dried Fruit,Fruit Bowl Strawberry & Vanilla Flavour Fruit Twists 5 x 16g,5pk,£46.88/kg,3.75,,
Co-op,"Crisps, Snacks, Biscuits",Nuts & Seeds,Graze Chorizo & Honey Flavoured Nut Medley 45g,45g,£41.11/kg,1.85,,
Co-op,"Crisps, Snacks, Biscuits",Nuts & Seeds,Graze Sweet & Aromatic Teriyaki Crunch,100g,£33.00/kg,3.30,,
Co-op,"Crisps, Snacks, Biscuits",Multipack Crisps,Hula Hoops BBQ Beef Multipack Crisps 6 Pack,6pk,£13.89/kg,2.00,2.90,£0.90 off
Co-op,"Crisps, Snacks, Biscuits",Single Crisps,Hula Hoops Big Hoops BBQ Beef Grab Bag Crisps 45g,45g,£30.00/kg,1.35,,
Co-op,"Crisps, Snacks, Biscuits",Single Crisps,Hula Hoops Big Hoops Salted Grab Bag Crisps 45g,45g,£30.00/kg,1.35,,
Co-op,"Crisps, Snacks, Biscuits",Single Crisps,Hula Hoops Big Hoops Sharp Salt & Vinegar Flavour 45g,45g,£30.00/kg,1.35,,
Co-op,"Crisps, Snacks, Biscuits",Multipack Crisps,Jacobs Mini Ched Red Leicester 6X23G,6pk,£11.23/kg,1.55,2.40,£0.85 off
Co-op,"Crisps, Snacks, Biscuits",Nuts & Seeds,KP Dry Roasted Peanuts 250g,250g,£15.40/kg,3.85,,
Co-op,"Crisps, Snacks, Biscuits",Nuts & Seeds,KP Dry Roasted Peanuts 80g,80g,£22.50/kg,1.80,,
Co-op,"Crisps, Snacks, Biscuits",Nuts & Seeds,KP Original Salted Peanuts 250g,250g,£15.40/kg,3.85,,
Co-op,"Crisps, Snacks, Biscuits",Multipack Crisps,KP Real Mccoys Classic Variety Potato Chips 6x25g,6pk,£19.33/kg,2.90,,
Co-op,"Crisps, Snacks, Biscuits",Nuts & Seeds,KP Salt & Vinegar Peanuts 225g,225g,£13.78/kg,3.10,3.85,£0.75 off
Co-op,"Crisps, Snacks, Biscuits",Nuts & Seeds,KP Signature Sea Salt & Rosemary Flavour Jumbo Cashews 90g,90g,£45.56/kg,4.10,,
Co-op,"Crisps, Snacks, Biscuits",Nuts & Seeds,KP Signature Smoked Chilli & Red Pepper Flavour Jumbo Cashews 90g,90g,£45.56/kg,4.10,,
Co-op,"Crisps, Snacks, Biscuits",Rice & Corn Cakes,Kallo Lightly Salted Corn Cakes 130g,130g,£13.08/kg,1.70,,
Co-op,"Crisps, Snacks, Biscuits",Dried Fruit,Kellogg's Fruit Winders Blackcurrant & Strawberry Flavour 5 x 17g,5pk,£31.18/kg,2.65,,
Co-op,"Crisps, Snacks, Biscuits",Dried Fruit,Kellogg's Fruit Winders Strawberry Flavour 5 x 17g,5pk,£31.18/kg,2.65,,
Co-op,"Crisps, Snacks, Biscuits",Meat Snacks,Kings Platinum Edition Jerky Wagyu 45g,45g,£92.22/kg,4.15,,
Co-op,"Crisps, Snacks, Biscuits",Single Crisps,Koikeya Corn Snacks Hot Chilli 65g,65g,£32.31/kg,2.10,,
Co-op,"Crisps, Snacks, Biscuits",Sharing Crisps,Lorenz Crunchips Green Onion Flavour 130g,130g,£19.23/kg,2.50,,
Co-op,"Crisps, Snacks, Biscuits",Sharing Crisps,Lorenz Crunchips Paprika Flavour 130g,130g,£19.23/kg,2.50,,
Co-op,"Crisps, Snacks, Biscuits",Sharing Crisps,Love Corn BBQ Delicious Crunchy Corn 115g,115g,£18.26/kg,2.10,2.75,£0.65 off
Co-op,"Crisps, Snacks, Biscuits",Single Crisps,McCoy's Flame Grilled Steak Flavour Potato Crisps 45g,45g,£30.00/kg,1.35,,
Co-op,"Crisps, Snacks, Biscuits",Single Crisps,McCoy's Ridge Cut Cheddar & Onion Flavour Potato Crisps 45g,45g,£30.00/kg,1.35,,
Co-op,"Crisps, Snacks, Biscuits",Single Crisps,McCoy's Ridge Cut Salt & Malt Vinegar Flavour Potato Crisps 45g,45g,£30.00/kg,1.35,,
Co-op,"Crisps, Snacks, Biscuits",Offers,McVitie's 18 Jaffa Cakes The Original Twin Pack,18pk,£0.12 each,2.10,2.90,£0.80 off
Co-op,"Crisps, Snacks, Biscuits",Offers,McVitie's Digestives White Chocolate 232g,232g,£9.05/kg,2.10,2.90,£0.80 off
Co-op,"Crisps, Snacks, Biscuits",Offers,McVitie's Hobnob's The Oaty One Dark Chocolate 262g,262g,£8.02/kg,2.10,2.90,£0.80 off
Co-op,"Crisps, Snacks, Biscuits",Offers,McVitie's Hobnobs Milk Chocolate Biscuits 262g,262g,£8.02/kg,2.10,2.90,£0.80 off
Co-op,"Crisps, Snacks, Biscuits",Student Shop 🍜🎓🥫,McVitie's Milk Chocolate Digestive Biscuits 266g,266g,£7.89/kg,2.10,2.90,£0.80 off
Co-op,"Crisps, Snacks, Biscuits",Offers,McVitie's Signature Caramel Chocolate Rounds 109g,109g,£14.68/kg,1.60,2.80,£1.20 off
Co-op,"Crisps, Snacks, Biscuits",Offers,McVitie's Signature Chocolate Cream Swirls 142g,142g,£11.27/kg,1.60,2.80,£1.20 off
Co-op,"Crisps, Snacks, Biscuits",Multipack Crisps,Mccoys Flame Grilled Steak 6X25G,6pk,£19.33/kg,2.90,,
Co-op,"Crisps, Snacks, Biscuits",Single Crisps,Mccoys Sizzling King Prawn Grab Bag 45G,45g,£30.00/kg,1.35,,
Co-op,"Crisps, Snacks, Biscuits",Single Crisps,Mccoys Thai Sweet Chicken Grab Bag 45G,45g,£30.00/kg,1.35,,
Co-op,"Crisps, Snacks, Biscuits",Meat Snacks,Midland Snacks Traditional Pork Scratchings 40g,1pk,£2.00 each,2.00,,
Co-op,"Crisps, Snacks, Biscuits",Meat Snacks,Mr. Porky Crispy Strips 35g,1pk,£1.80 each,1.80,,
Co-op,"Crisps, Snacks, Biscuits",Dried Fruit,Natural Selection Banana Chips 200g,200g,£13.75/kg,2.75,,
Co-op,"Crisps, Snacks, Biscuits",Dried Fruit,Natural Selection Berry Mix 300G,300g,£7.33/kg,2.20,,
Co-op,"Crisps, Snacks, Biscuits",Dried Fruit,Natural Selection Cranberries 250G,250g,£8.80/kg,2.20,,
Co-op,"Crisps, Snacks, Biscuits",Dried Fruit,Natural Selection Mango 150g,150g,£15.33/kg,2.30,,
Co-op,"Crisps, Snacks, Biscuits",Nuts & Seeds,Natural Selection Pecan Halves 300g,300g,£25.67/kg,7.70,,
Co-op,"Crisps, Snacks, Biscuits",Nuts & Seeds,Natural Selection Roasted Pistachio Nuts 300g,300g,£14.67/kg,4.40,,
Co-op,"Crisps, Snacks, Biscuits",Sharing Crisps,Nik Naks Nice 'N' Spicy Flavour 130g,130g,£13.46/kg,1.75,,
Co-op,"Crisps, Snacks, Biscuits",Single Crisps,Nik Naks Nice 'N' Spicy Grab Bag 45G,45g,£30.00/kg,1.35,,
Co-op,"Crisps, Snacks, Biscuits",Offers,OREO Double Creme Cocoa Sandwich Cookies with Vanilla Flavour Filling 14-cookies pack 157 g,157g,£6.69/kg,1.05,1.90,£0.85 off
Co-op,"Crisps, Snacks, Biscuits",Tortilla Chips,Old El Paso Crunchy Original Tortilla Nachips 185g,185g,£13.78/kg,2.55,,
Co-op,"Crisps, Snacks, Biscuits",Offers,Oreo Crunchy Sandwich Cookies 110g,110g,£10.00/kg,1.10,1.35,£0.25 off
Co-op,"Crisps, Snacks, Biscuits",Meat Snacks,Peperami Hot Salami 22.5g,22.5g,£68.89/kg,1.55,,
Co-op,"Crisps, Snacks, Biscuits",Meat Snacks,Peperami Original Lunchbox Mini Salami 10 x 10g,100g,£26.50/kg,2.65,3.90,£1.25 off
Co-op,"Crisps, Snacks, Biscuits",Meat Snacks,Peperami Original Salami 22.5g,22.5g,£68.89/kg,1.55,,
Co-op,"Crisps, Snacks, Biscuits",Meat Snacks,Peperami Tikka Flavour Chicken Skewers 100g,100g,£24.00/kg,2.40,,
Co-op,"Crisps, Snacks, Biscuits",Offers,Pick Up! Original 4 x 28g (112g),4pk,£12.50/kg,1.40,1.90,£0.50 off
Co-op,"Crisps, Snacks, Biscuits",Multipack Crisps,Pom-Bear Original Multipack Crisps 6x13g,6pk,£0.46 each,2.75,,
Co-op,"Crisps, Snacks, Biscuits",Sharing Crisps,Popchips Barbeque Sharing Crisps 85g,85g,£20.59/kg,1.75,2.90,£1.15 off
Co-op,"Crisps, Snacks, Biscuits",Sharing Crisps,Popchips Sour Cream & Onion Flavour Potato Snacks 85g,85g,£20.59/kg,1.75,2.90,£1.15 off
Co-op,"Crisps, Snacks, Biscuits",Sharing Crisps,Pringles Hot Kickin Sour Cream Flavour 160g,160g,£12.50/kg,2.00,2.75,£0.75 off
Co-op,"Crisps, Snacks, Biscuits",Sharing Crisps,Pringles Hot Smokin BBQ Ribs Flavour 160g,160g,£12.50/kg,2.00,2.75,£0.75 off
Co-op,"Crisps, Snacks, Biscuits",Single Crisps,Pringles Original Crisps Can 40g,40g,£32.50/kg,1.30,,
Co-op,"Crisps, Snacks, Biscuits",Sharing Crisps,Pringles Salt & Vinegar 165g,165g,£16.67/kg,2.75,,
Co-op,"Crisps, Snacks, Biscuits",Sharing Crisps,Pringles Sour Cream & Onion 165g,165g,£16.67/kg,2.75,,
Co-op,"Crisps, Snacks, Biscuits",Single Crisps,Pringles Sour Cream & Onion 40g,40g,£32.50/kg,1.30,,
Co-op,"Crisps, Snacks, Biscuits",Sharing Crisps,Pringles Texas BBQ Sauce 165g,165g,£16.67/kg,2.75,,
Co-op,"Crisps, Snacks, Biscuits",Single Crisps,Proper Barbecue Lentil Chips 31g,31g,£43.55/kg,1.35,,
Co-op,"Crisps, Snacks, Biscuits",Sharing Crisps,Proper Chips Barbecue Lentil Chips 85g,85g,£20.00/kg,1.70,2.65,£0.95 off
Co-op,"Crisps, Snacks, Biscuits",Sharing Crisps,Properchips Sea Salt Lentil Chips 85g,85g,£20.00/kg,1.70,2.65,£0.95 off
Co-op,"Crisps, Snacks, Biscuits",Popcorn,Propercorn  Sea Salted Popcorn 70g,70g,£35.71/kg,2.50,,
Co-op,"Crisps, Snacks, Biscuits",Popcorn,Propercorn Sweet & Salty Popcorn 6 x 14g (84g),6pk,£0.28 each,1.70,2.45,£0.75 off
Co-op,"Crisps, Snacks, Biscuits",Popcorn,Propercorn Sweet & Salty Popcorn 90g,90g,£27.78/kg,2.50,,
Co-op,"Crisps, Snacks, Biscuits",Single Crisps,Pub Originals Scampi & Lemon Flavour Bites 40g,40g,£22.50/kg,0.90,,
Co-op,"Crisps, Snacks, Biscuits",Multipack Crisps,Scrapples Crunchy Apple Crisps 5 x 12g,5pk,£62.50/kg,3.75,,
Co-op,"Crisps, Snacks, Biscuits",Nuts & Seeds,Sensations Californian Honey & Salt Roasted Peanuts Sharing Bag 170g,12pk,£1.57/kg,3.20,,
Co-op,"Crisps, Snacks, Biscuits",Single Crisps,Sharwood's Prawn Crackers 60g,60g,£32.50/kg,1.95,2.40,£0.45 off
Co-op,"Crisps, Snacks, Biscuits",Single Crisps,Skips Prawn Cocktail Grab Bag 35G,35g,£38.57/kg,1.35,,
Co-op,"Crisps, Snacks, Biscuits",Multipack Crisps,Skips Prawn Cocktail Multipack Crisps 6x13.1g,6pk,£25.45/kg,2.00,,
Co-op,"Crisps, Snacks, Biscuits",Single Crisps,Smiths Fries Bacon  Snacks Crisps 24g,24g,£45.83/kg,1.10,,
Co-op,"Crisps, Snacks, Biscuits",Single Crisps,Smiths Fries Scampi & Lemon 27g,27g,£40.74/kg,1.10,,
Co-op,"Crisps, Snacks, Biscuits",Rice & Corn Cakes,Snack A Jacks Jumbo Caramel Sharing Rice Cake Crisps 159g,159g,£19.50/kg,3.10,,
Co-op,"Crisps, Snacks, Biscuits",Tortilla Chips,Takis Fuego Seasoned Chilli and Lime Flavour Fried Maize Snack 100g,100g,£22.00/kg,2.20,,
Co-op,"Crisps, Snacks, Biscuits",Tortilla Chips,Takis Intense Nacho Seasoned Cheese Flavour Fried Maize Snack 100g,100g,£17.00/kg,1.70,2.20,£0.50 off
Co-op,"Crisps, Snacks, Biscuits",Meat Snacks,The Curators Original Salted Pork Puffs 25g,25g,£66.00/kg,1.65,,
Co-op,"Crisps, Snacks, Biscuits",Single Crisps,Tropical Sun Cassava Chips Lightly Salted 80g,80g,£23.75/kg,1.90,,
Co-op,"Crisps, Snacks, Biscuits",Single Crisps,Tropical Sun Super Hot Carolina Reaper Flavour Cassava Chips 80g,80g,£23.75/kg,1.90,,
Co-op,"Crisps, Snacks, Biscuits",Sharing Crisps,Tyrrell's Furrows Sea Salted 150g,150g,£15.00/kg,2.25,3.00,£0.75 off
Co-op,"Crisps, Snacks, Biscuits",Sharing Crisps,Tyrrells Furrows Beef Brisket & Black Peppercorn Flavour 150g,150g,£15.00/kg,2.25,3.00,£0.75 off
Co-op,"Crisps, Snacks, Biscuits",Single Crisps,Tyrrells Lightly Sea Salted Crisps 40G,40g,£35.00/kg,1.40,,
Co-op,"Crisps, Snacks, Biscuits",Sharing Crisps,Tyrrells Lightly Sea Salted Sharing Crisps 150g,150g,£20.00/kg,3.00,,
Co-op,"Crisps, Snacks, Biscuits",Sharing Crisps,Tyrrells Mature Cheddar & Chive Sharing Crisps 150g,150g,£20.00/kg,3.00,,
Co-op,"Crisps, Snacks, Biscuits",Sharing Crisps,Tyrrells Sea Salt & Cider Vinegar Sharing Crisps 150g,150g,£20.00/kg,3.00,,
Co-op,"Crisps, Snacks, Biscuits",Sharing Crisps,Tyrrells Sweet Chilli & Red Pepper Sharing Crisps 150G,150g,£20.00/kg,3.00,,
Co-op,"Crisps, Snacks, Biscuits",Multipack Crisps,Walkers  14 x 25g,14pk,£10.14/kg,3.55,,
Co-op,"Crisps, Snacks, Biscuits",Single Crisps,Walkers Baked Cheese & Onion Crisp Snack 37.5g,37.5g,£37.33/kg,1.40,,
Co-op,"Crisps, Snacks, Biscuits",Single Crisps,Walkers Baked Ready Salted 37.5G,37.5g,£37.33/kg,1.40,,
Co-op,"Crisps, Snacks, Biscuits",Sharing Crisps,Walkers Bugles Southern Style BBQ Sharing Snacks 110g,110g,£15.91/kg,1.75,,
Co-op,"Crisps, Snacks, Biscuits",Single Crisps,Walkers Cheese & Onion Crisps 45g,45g,£33.33/kg,1.50,,
Co-op,"Crisps, Snacks, Biscuits",Multipack Crisps,Walkers Cheese & Onion Multipack Crisps 6x25g,6pk,£11.33/kg,1.70,2.55,£0.85 off
Co-op,"Crisps, Snacks, Biscuits",Multipack Crisps,Walkers Classic 12 x 25g,12pk,£12.83/kg,3.85,,
Co-op,"Crisps, Snacks, Biscuits",Multipack Crisps,Walkers Classic Variety Multipack Crisps 6x25g,6pk,£18.33/kg,2.75,,
Co-op,"Crisps, Snacks, Biscuits",Single Crisps,Walkers Crisps Prawn Cocktail 45g,45g,£33.33/kg,1.50,,
Co-op,"Crisps, Snacks, Biscuits",Single Crisps,Walkers Crisps Salt & Vinegar 45g,45g,£33.33/kg,1.50,,
Co-op,"Crisps, Snacks, Biscuits",Single Crisps,"Walkers Crisps Smoky Bacon, 45g",45g,£33.33/kg,1.50,,
Co-op,"Crisps, Snacks, Biscuits",Multipack Crisps,Walkers French Fries Variety Multipack Snacks 6x18g,6pk,£27.31/kg,2.95,,
Co-op,"Crisps, Snacks, Biscuits",Single Crisps,Walkers Grab Bag Roast Chicken 45G,45g,£33.33/kg,1.50,,
Co-op,"Crisps, Snacks, Biscuits",Single Crisps,Walkers MAX Jalapeno & Cheese Sharing Crisps 50g,50g,£30.00/kg,1.50,,
Co-op,"Crisps, Snacks, Biscuits",Sharing Crisps,Walkers MAX Paprika 140G,140g,£20.36/kg,2.85,,
Co-op,"Crisps, Snacks, Biscuits",Single Crisps,Walkers Max Punchy Paprika Grab Bag Crisps 50g,50g,£30.00/kg,1.50,,
Co-op,"Crisps, Snacks, Biscuits",Single Crisps,Walkers Max Sizzling Flame Grilled Steak Grab Bag Crisps 50g,50g,£30.00/kg,1.50,,
Co-op,"Crisps, Snacks, Biscuits",Sharing Crisps,Walkers Max Strong Jalapeño & Cheese Sharing Crisps 140g,140g,£20.36/kg,2.85,,
Co-op,"Crisps, Snacks, Biscuits",Multipack Crisps,Walkers Meaty Pack 12 x 25g,12pk,£12.83/kg,3.85,,
Co-op,"Crisps, Snacks, Biscuits",Single Crisps,Walkers Mega Monster Munch Roast Beef 40G,40g,£33.75/kg,1.35,,
Co-op,"Crisps, Snacks, Biscuits",Single Crisps,Walkers Monster Munch Flamin' Hot Snacks 40G,40g,£33.75/kg,1.35,,
Co-op,"Crisps, Snacks, Biscuits",Multipack Crisps,Walkers Monster Munch Pickled Onion Multipack Snacks 6x20g,6pk,£24.58/kg,2.95,,
Co-op,"Crisps, Snacks, Biscuits",Single Crisps,Walkers Monster Munch Pickled Onion Snacks 40g,40g,£33.75/kg,1.35,,
Co-op,"Crisps, Snacks, Biscuits",Single Crisps,Walkers Prawn Cocktail Crisps 45g,45g,£33.33/kg,1.50,,
Co-op,"Crisps, Snacks, Biscuits",Multipack Crisps,Walkers Prawn Cocktail Multipack Crisps 6 x 25g,6pk,£11.33/kg,1.70,2.55,£0.85 off
Co-op,"Crisps, Snacks, Biscuits",Multipack Crisps,Walkers Prawn Cocktail Multipack Crisps 6 x 25g,6pk,£18.33/kg,2.75,,
Co-op,"Crisps, Snacks, Biscuits",Multipack Crisps,Walkers Quavers Cheese 6X16G,6pk,£30.73/kg,2.95,,
Co-op,"Crisps, Snacks, Biscuits",Single Crisps,Walkers Quavers Cheese Crisp Snack 34g,34g,£39.71/kg,1.35,,
Co-op,"Crisps, Snacks, Biscuits",Multipack Crisps,Walkers Quavers Cheese Multipack Snacks 12x16g,12pk,£20.05/kg,3.85,,
Co-op,"Crisps, Snacks, Biscuits",Single Crisps,Walkers Ready Salted Crisps 45g,45g,£33.33/kg,1.50,,
Co-op,"Crisps, Snacks, Biscuits",Single Crisps,Walkers Roast Chicken Crisps 45g,45g,£33.33/kg,1.50,,
Co-op,"Crisps, Snacks, Biscuits",Multipack Crisps,Walkers Roast Chicken Multipack Crisps 6x25g,6pk,£11.33/kg,1.70,2.55,£0.85 off
Co-op,"Crisps, Snacks, Biscuits",Multipack Crisps,Walkers Roast Chicken Multipack Crisps 6x25g,6pk,£18.33/kg,2.75,,
Co-op,"Crisps, Snacks, Biscuits",Single Crisps,Walkers Salt & Vinegar Crisps 45g,45g,£33.33/kg,1.50,,
Co-op,"Crisps, Snacks, Biscuits",Multipack Crisps,Walkers Salt & Vinegar Multipack Crisps 6x25g,6pk,£18.33/kg,2.75,,
Co-op,"Crisps, Snacks, Biscuits",Sharing Crisps,Walkers Sensations Mature Cheddar Cheese & Chilli Crisps 150g,150g,£18.33/kg,2.75,,
Co-op,"Crisps, Snacks, Biscuits",Sharing Crisps,Walkers Sensations Roasted Chicken & Thyme Sharing Crisps 150g,150g,£14.00/kg,2.10,2.75,£0.65 off
Co-op,"Crisps, Snacks, Biscuits",Sharing Crisps,Walkers Sensations Thai Sweet Chilli Crisps 150G,150g,£14.00/kg,2.10,2.75,£0.65 off
Co-op,"Crisps, Snacks, Biscuits",Single Crisps,Walkers Sensations Thai Sweet Chilli Grab Bag Crisps 40g,40g,£33.75/kg,1.35,,
Co-op,"Crisps, Snacks, Biscuits",Multipack Crisps,Walkers Sensations Thai Sweet Chilli Multipack Crisps 5x25g,90pk,£0.03 each,2.85,,
Co-op,"Crisps, Snacks, Biscuits",Single Crisps,Walkers Smoky Bacon Crisps 45G,45g,£33.33/kg,1.50,,
Co-op,"Crisps, Snacks, Biscuits",Single Crisps,Walkers Squares Salt & Vinegar Crisp Snacks 40g,40g,£33.75/kg,1.35,,
Co-op,"Crisps, Snacks, Biscuits",Sharing Crisps,Walkers Squares Salt & Vinegar Sharing Snacks Crisps 104g,104g,£17.79/kg,1.85,,
Co-op,"Crisps, Snacks, Biscuits",Sharing Crisps,Walkers Wotsits Crunchy Really Cheesy Snacks Crisps 140g,140g,£21.07/kg,2.95,,
Co-op,"Crisps, Snacks, Biscuits",Sharing Crisps,Walkers Wotsits Crunchy Sweet & Spicy Sharing Snacks Crisps 140g,140g,£21.07/kg,2.95,,
Co-op,"Crisps, Snacks, Biscuits",Sharing Crisps,Walkers Wotsits Giants Flamin' Hot Crisp Snacks 130g,130g,£15.38/kg,2.00,2.95,£0.95 off
Co-op,"Crisps, Snacks, Biscuits",Sharing Crisps,Walkers Wotsits Giants Really Cheesy Crisp Snacks 130g,130g,£15.38/kg,2.00,2.95,£0.95 off
Co-op,"Crisps, Snacks, Biscuits",Multipack Crisps,Walkers Wotsits Really Cheesy Multipack Crisp Snacks 6x16.5g,6pk,£29.80/kg,2.95,,
Co-op,"Crisps, Snacks, Biscuits",Single Crisps,Walkers Wotsits Really Cheesy Snacks 36G,36g,£37.50/kg,1.35,,
Co-op,"Crisps, Snacks, Biscuits",Single Crisps,Wheat Crunchies Bacon Grab Bag 45G,45g,£30.00/kg,1.35,,
Co-op,"Crisps, Snacks, Biscuits",Dried Fruit,Whitworths Amazing Apricots 140g,140g,£21.43/kg,3.00,,2 for £3.75
Co-op,"Crisps, Snacks, Biscuits",Dried Fruit,Whitworths Bake With Crystallised Fiery Ginger 175G,175g,£17.43/kg,3.05,,2 for £3.75
Co-op,"Crisps, Snacks, Biscuits",Dried Fruit,Whitworths Chopped Apricots 140G,140g,£21.43/kg,3.00,,2 for £3.75
Co-op,"Crisps, Snacks, Biscuits",Dried Fruit,Whitworths Dazzling Dates 300g,300g,£10.00/kg,3.00,,2 for £3.75
Co-op,"Crisps, Snacks, Biscuits",Dried Fruit,Whitworths Marvellous Mango 60g,60g,£50.00/kg,3.00,,2 for £3.75
Co-op,"Crisps, Snacks, Biscuits",Dried Fruit,Whitworths Our Juiciest Raisins 325G,325g,£9.23/kg,3.00,,2 for £3.75
Co-op,"Crisps, Snacks, Biscuits",Dried Fruit,Whitworths Phenomenal Prunes 190g,190g,£15.79/kg,3.00,,2 for £3.75
Co-op,"Crisps, Snacks, Biscuits",Dried Fruit,Whitworths Sunny Raisin 112g,8pk,£14.73/kg,1.65,,
Co-op,"Crisps, Snacks, Biscuits",Dried Fruit,Whitworths Sunny Raisin 6 x 30g,180g,£14.44/kg,2.60,,
Co-op,"Crisps, Snacks, Biscuits",Dried Fruit,Whitworths Sunshine Sultanas 325G,325g,£9.38/kg,3.05,,2 for £3.75
Co-op,"Crisps, Snacks, Biscuits",Dried Fruit,Whitworths Sweet Figs 175G,175g,£18.00/kg,3.15,,2 for £3.75
Co-op,"Crisps, Snacks, Biscuits",Nuts & Seeds,Whitworths Wonder Mix Immunity Boosting Nut Mix 110g,110g,£25.00/kg,2.75,,2 for £3.75
Co-op,"Crisps, Snacks, Biscuits",Nuts & Seeds,Whitworths Wonder Mix Nutrient-Rich Seed Mix 150g,150g,£17.00/kg,2.55,,2 for £3.75
Co-op,"Crisps, Snacks, Biscuits",Nuts & Seeds,Whitworths Wonder Mix Nutritious Roasted Nut Mix 50g,50g,£30.00/kg,1.50,,
Co-op,"Crisps, Snacks, Biscuits",Dried Fruit,Zaytoun Dates 250g,250g,£21.80/kg,5.45,,
Co-op,"Crisps, Snacks, Biscuits",Sharing Crisps,Grace Green Plantain Chips Salted 85g,85g,£14.71/kg,1.25,,
Co-op,"Crisps, Snacks, Biscuits",Sharing Crisps,Grace Sweet Plantain Chips Unsalted 85g,85g,£14.71/kg,1.25,,
Co-op,"Crisps, Snacks, Biscuits",Sharing Crisps,Pringles Original 165g,165g,£16.67/kg,2.75,,
Co-op,"Crisps, Snacks, Biscuits",Sharing Crisps,Pringles Prawn Cocktail Flavour Sharing Crisps 165g,165g,£16.67/kg,2.75,,
Co-op,"Deli, Dips, Food To Go",Antipasti & Dips,Capsicana Easy-Going Salsa 285g,285g,£12.28/kg,3.50,,
Co-op,"Deli, Dips, Food To Go",Antipasti & Dips,Cauldron Middle Eastern Falafels 200G,200g,£15.25/kg,3.05,,3 for £7
Co-op,"Deli, Dips, Food To Go",Antipasti & Dips,Chovi Allioli Creamy and Versatile Garlic Dip 180ml,180ml,£10.56/L,1.90,,3 for £4
Co-op,"Deli, Dips, Food To Go",Antipasti & Dips,Co-op Artichokes 120G,120g,£28.75/kg,3.45,,3 for £7
Co-op,"Deli, Dips, Food To Go",Antipasti & Dips,Co-op Carrots & Houmous Dip 100g,100g,£15.50/kg,1.55,,
Co-op,"Deli, Dips, Food To Go",Antipasti & Dips,Co-op Cream Cheese Stuffed Peppers 120g,120g,£28.75/kg,3.45,,3 for £7
Co-op,"Deli, Dips, Food To Go",Antipasti & Dips,Co-op Dip Selection 360G,360g,£10.14/kg,3.65,,3 for £7
Co-op,"Deli, Dips, Food To Go",Antipasti & Dips,Co-op Egg and Mustard Mayo Dip Pack 115G,115g,£13.91/kg,1.60,,
Co-op,"Deli, Dips, Food To Go",Antipasti & Dips,Co-op Greek Style Spinach & Feta Parcels 128g,4pk,£30.86/kg,3.95,,3 for £7
Co-op,"Deli, Dips, Food To Go",Antipasti & Dips,Co-op Houmous 200g,200g,£7.75/kg,1.55,,3 for £4
Co-op,"Deli, Dips, Food To Go",Antipasti & Dips,Co-op Irresistible Garlic & Roasted Red Pepper Tortilla 250g,250g,£16.40/kg,4.10,,
Co-op,"Deli, Dips, Food To Go",Antipasti & Dips,Co-op Irresistible Ibérico Cheese & Tomato Antipasti 130g,130g,£32.31/kg,4.20,,
Co-op,"Deli, Dips, Food To Go",Antipasti & Dips,Co-op Irresistible Italian Inspired Bruschetta Platter 165g,165g,£28.18/kg,4.65,,3 for £7
Co-op,"Deli, Dips, Food To Go",Antipasti & Dips,Co-op Irresistible Luxury Dip Selection 180g,180g,£19.72/kg,3.55,,
Co-op,"Deli, Dips, Food To Go",Antipasti & Dips,Co-op Irresistible Margherita Pizza Dip 170g,170g,£17.94/kg,3.05,,
Co-op,"Deli, Dips, Food To Go",Antipasti & Dips,Co-op Irresistible Pancetta Croquettes with Fondue Dip 220g,220g,£22.50/kg,4.95,,3 for £7
Co-op,"Deli, Dips, Food To Go",Antipasti & Dips,Co-op Irresistible Ricotta Stuffed Peppers 120g,120g,£36.67/kg,4.40,,
Co-op,"Deli, Dips, Food To Go",Antipasti & Dips,Co-op Irresistible Spanish Chorizo Paella Arancini with Tomato Salsa 180g,180g,£27.50/kg,4.95,,
Co-op,"Deli, Dips, Food To Go",Antipasti & Dips,"Co-op Irresistible Tomato, Mozzarella & Cheddar Croquetas 210g",210g,£23.57/kg,4.95,,3 for £7
Co-op,"Deli, Dips, Food To Go",Antipasti & Dips,Co-op Irresistible Velvety Smooth Houmous 170g,170g,£22.65/kg,3.85,,3 for £7
Co-op,"Deli, Dips, Food To Go",Antipasti & Dips,Co-op Irresistible Whipped Feta & Mint Dip 160g,160g,£22.19/kg,3.55,,3 for £7
Co-op,"Deli, Dips, Food To Go",Antipasti & Dips,Co-op Mexican Menu Mild Salsa 280g,280g,£6.43/kg,1.80,,
Co-op,"Deli, Dips, Food To Go",Antipasti & Dips,Co-op Onion & Garlic Dip 200g,200g,£7.75/kg,1.55,,3 for £4
Co-op,"Deli, Dips, Food To Go",Antipasti & Dips,Co-op Red Pepper Houmous 170g,170g,£9.12/kg,1.55,,3 for £4
Co-op,"Deli, Dips, Food To Go",Antipasti & Dips,Co-op Reduced Fat Houmous 200g,200g,£7.75/kg,1.55,,3 for £4
Co-op,"Deli, Dips, Food To Go",Antipasti & Dips,Co-op Salsa 200g,200g,£7.75/kg,1.55,,3 for £4
Co-op,"Deli, Dips, Food To Go",Antipasti & Dips,Co-op Soured Cream & Chive Dip 200g,200g,£7.75/kg,1.55,,3 for £4
Co-op,"Deli, Dips, Food To Go",Antipasti & Dips,Co-op Sundried Tomatoes in Oil 280g,280g,£14.64/kg,4.10,,
Co-op,"Deli, Dips, Food To Go",Antipasti & Dips,Co-op Sunsoaked Tomatoes 120g,120g,£28.75/kg,3.45,,3 for £7
Co-op,"Deli, Dips, Food To Go",Antipasti & Dips,Co-op Sweet Chilli Falafel 200G,200g,£19.00/kg,3.80,,3 for £7
Co-op,"Deli, Dips, Food To Go",Antipasti & Dips,Co-op Sweet Chilli Houmous 170g,170g,£9.12/kg,1.55,,3 for £4
Co-op,"Deli, Dips, Food To Go",Antipasti & Dips,Co-op Tangy Garlic & Herb Dip 90g,90g,£22.78/kg,2.05,,
Co-op,"Deli, Dips, Food To Go",Antipasti & Dips,Co-op Tex Mex Style Dip Selection 4 x 90g (360g),360g,£10.14/kg,3.65,,
Co-op,"Deli, Dips, Food To Go",Antipasti & Dips,Co-op Tzatziki 200g,200g,£7.75/kg,1.55,,3 for £4
Co-op,"Deli, Dips, Food To Go",Antipasti & Dips,Co-ор Guacamole 170g,170g,£9.12/kg,1.55,,3 for £4
Co-op,"Deli, Dips, Food To Go",Antipasti & Dips,Cuzena Classic Houmous Chip & Dip with Toasted Pretzels 117g,117g,£18.80/kg,2.20,,
Co-op,"Deli, Dips, Food To Go",Antipasti & Dips,Cypressa Kalamata Olive & Tomato Spread 190g,190g,£18.68/kg,3.55,,
Co-op,"Deli, Dips, Food To Go",Antipasti & Dips,Cypressa Marinated Artichokes 280G,280g,£11.79/kg,3.30,,
Co-op,"Deli, Dips, Food To Go",Antipasti & Dips,Cypressa Marinated Sun-Dried Tomatoes 280g,280g,£11.79/kg,3.30,,
Co-op,"Deli, Dips, Food To Go",Antipasti & Dips,Cypressa Roasted Aubergine Spread 190g,190g,£18.68/kg,3.55,,
Co-op,"Deli, Dips, Food To Go",Antipasti & Dips,Holy Moly Guacamole & Chips 77G,76g,£25.66/kg,1.95,,
Co-op,"Deli, Dips, Food To Go",Antipasti & Dips,Holy Moly Guacamole Original 150g,150g,£19.67/kg,2.95,,3 for £7
Co-op,"Deli, Dips, Food To Go",Antipasti & Dips,Holy Moly Smashed Avocado 150g,150g,£19.67/kg,2.95,,3 for £7
Co-op,"Deli, Dips, Food To Go",Antipasti & Dips,Holy Moly Smashed Avocado 3 x 57g,3pk,£16.08/kg,2.75,,3 for £7
Co-op,"Deli, Dips, Food To Go",Antipasti & Dips,Old El Paso Chunky Salsa 238g,238g,£12.61/kg,3.00,,
Co-op,"Deli, Dips, Food To Go",Antipasti & Dips,Old El Paso Soured Cream 230G,230g,£13.04/kg,3.00,,
Co-op,"Deli, Dips, Food To Go",Antipasti & Dips,Old El Paso Squeezy Chunky Guacamole 240G,240g,£12.50/kg,3.00,,
Co-op,"Deli, Dips, Food To Go",Antipasti & Dips,Old El Paso Thick 'N Chunky Mild Salsa 226G,226g,£12.61/kg,2.85,,
Co-op,"Deli, Dips, Food To Go",Antipasti & Dips,Patak's the Original Raita 170g,170g,£15.29/kg,2.60,,
Co-op,"Deli, Dips, Food To Go",Antipasti & Dips,Pelagonia Aivar 314g,314g,£14.01/kg,4.40,,
Co-op,"Deli, Dips, Food To Go",Antipasti & Dips,Pelagonia Black Olive Tapenade 300g,300g,£14.67/kg,4.40,,
Co-op,"Deli, Dips, Food To Go",Antipasti & Dips,Pelagonia Hot Aivar 314g,314g,£14.01/kg,4.40,,
Co-op,"Deli, Dips, Food To Go",Back to Routine ⏰☕,Co-op British Outdoor Bred Thin Sliced Cooked Ham 100g,100g,£14.00/kg,1.40,,
Co-op,"Deli, Dips, Food To Go",Back to Routine ⏰☕,Co-op Chunky Vegetable Soup 600G,600g,£2.80/kg,1.68,2.40,30% off
Co-op,"Deli, Dips, Food To Go",Back to Routine ⏰☕,Co-op Irresistible Cream of Tomato Soup 600G,600g,£4.20/kg,2.52,3.60,30% off
Co-op,"Deli, Dips, Food To Go",Back to Routine ⏰☕,Co-op Irresistible Finely Sliced Ham 180,180g,£19.17/kg,3.45,4.45,£1 off
Co-op,"Deli, Dips, Food To Go",Back to Routine ⏰☕,Co-op Irresistible Petits Pois & Smoked Ham Soup 600G,600g,£4.20/kg,2.52,3.60,30% off
Co-op,"Deli, Dips, Food To Go",Back to Routine ⏰☕,"Co-op Irresistible Tomato, Red Pepper & 'Nduja Soup 600g",600g,£4.20/kg,2.52,3.60,30% off
Co-op,"Deli, Dips, Food To Go",Back to Routine ⏰☕,Fridge Raiders Slow Roasted Chicken Bites 45g,45g,£23.33/kg,1.05,1.50,30% off
Co-op,"Deli, Dips, Food To Go",Back to Routine ⏰☕,Fridge Raiders Slow Roasted Chicken Bites Mini Packs 3 x 22.5g,3pk,£32.59/kg,2.20,,
Co-op,"Deli, Dips, Food To Go",Back to Routine ⏰☕,Ginsters Cornish Pasty 227g,227g,£12.78/kg,2.90,,2 for £3.85
Co-op,"Deli, Dips, Food To Go",Cooked Meats,CP Chicken Tikka Satay Mango Chutney 55G,55g,£34.55/kg,1.90,,
Co-op,"Deli, Dips, Food To Go",Cooked Meats,Co-op 2 Scotch Eggs 227g,226g,£7.52/kg,1.70,,3 for £4
Co-op,"Deli, Dips, Food To Go",Cooked Meats,Co-op 4 Salt Beef Slices 100g,100g,£31.00/kg,3.10,,2 for £4.50
Co-op,"Deli, Dips, Food To Go",Cooked Meats,Co-op Ardennes & Mushroom Paté 170G,170g,£10.29/kg,1.75,,
Co-op,"Deli, Dips, Food To Go",Cooked Meats,Co-op British BBQ Chicken Slices 130G,130g,£26.92/kg,3.50,,
Co-op,"Deli, Dips, Food To Go",Cooked Meats,Co-op British Chicken Satay Bites 156g,156g,£17.95/kg,2.80,,2 for £4.50
Co-op,"Deli, Dips, Food To Go",Cooked Meats,Co-op British Chicken Satay with a Sweet Chilli Sauce Dip 55g,55g,£35.45/kg,1.95,,
Co-op,"Deli, Dips, Food To Go",Cooked Meats,Co-op British Peppered Silverside Beef 100g,100g,£31.00/kg,3.10,,2 for £4.50
Co-op,"Deli, Dips, Food To Go",Cooked Meats,Co-op British Roast Chicken Breast 120G,120g,£23.33/kg,2.80,,2 for £4.50
Co-op,"Deli, Dips, Food To Go",Cooked Meats,Co-op British Roast Turkey 120g,120g,£30.00/kg,3.60,,2 for £4.50
Co-op,"Deli, Dips, Food To Go",Cooked Meats,Co-op British Silverside Beef 4 Slices 100g,100g,£31.00/kg,3.10,,2 for £4.50
Co-op,"Deli, Dips, Food To Go",Cooked Meats,Co-op Cajun Style Half Chicken 635g,635g,£9.45/kg,6.00,,
Co-op,"Deli, Dips, Food To Go",Cooked Meats,Co-op Chicken Liver Parfait 170g,170g,£10.59/kg,1.80,,
Co-op,"Deli, Dips, Food To Go",Cooked Meats,Co-op Chilli & Lime Chicken Breast 60G,60g,£34.17/kg,2.05,,
Co-op,"Deli, Dips, Food To Go",Cooked Meats,Co-op Corned Beef 120g,120g,£25.83/kg,3.10,,2 for £4.50
Co-op,"Deli, Dips, Food To Go",Cooked Meats,Co-op Half Roast Chicken 450g,450g,£11.11/kg,5.00,,
Co-op,"Deli, Dips, Food To Go",Cooked Meats,Co-op Irresistible Brussels Pate with Caramelised Shallot 160g,160g,£20.94/kg,3.35,,
Co-op,"Deli, Dips, Food To Go",Cooked Meats,Co-op Irresistible Butter Basted Turkey 120G,120g,£37.08/kg,4.45,,2 for £6.70
Co-op,"Deli, Dips, Food To Go",Cooked Meats,Co-op Irresistible Duck & Orange Pâté 160g,160g,£20.94/kg,3.35,,
Co-op,"Deli, Dips, Food To Go",Cooked Meats,Co-op Irresistible Limited Edition Corned Beef 120G,120g,£37.08/kg,4.45,,2 for £6.70
Co-op,"Deli, Dips, Food To Go",Cooked Meats,Co-op Irresistible Topside Of Beef 100G,100g,£44.50/kg,4.45,,2 for £6.70
Co-op,"Deli, Dips, Food To Go",Cooked Meats,Co-op Ready to Eat Kansas BBQ Chicken Drumsticks 350g,350g,£12.00/kg,4.20,,2 for £6.70
Co-op,"Deli, Dips, Food To Go",Cooked Meats,Co-op Ready to Eat Sliced Chicken Breast 170g,170g,£25.59/kg,4.35,,2 for £6.70
Co-op,"Deli, Dips, Food To Go",Cooked Meats,Co-op Roast Chicken Drumstick 450G,450g,£10.22/kg,4.60,,2 for £6.70
Co-op,"Deli, Dips, Food To Go",Cooked Meats,Co-op Roast Chicken Thighs 390g,390g,£11.15/kg,4.35,,2 for £6.70
Co-op,"Deli, Dips, Food To Go",Cooked Meats,Co-op Smooth Brussels Pâté 170g,170g,£10.29/kg,1.75,,
Co-op,"Deli, Dips, Food To Go",Cooked Meats,Co-op Smooth Brussels Pâté 175g,175g,£6.29/kg,1.10,,
Co-op,"Deli, Dips, Food To Go",Cooked Meats,Co-op Southern Fried Chicken Bites 162g,162g,£18.83/kg,3.05,,3 for £7
Co-op,"Deli, Dips, Food To Go",Cooked Meats,Co-op Space to Thrive British Cajun Chicken Mini Fillets 130g,130g,£26.15/kg,3.40,,
Co-op,"Deli, Dips, Food To Go",Cooked Meats,Co-op Space to Thrive British Chargrilled Chicken Chunks 80g,80g,£30.63/kg,2.45,,
Co-op,"Deli, Dips, Food To Go",Cooked Meats,Co-op Space to Thrive British Rotisserie Chicken Roast in the Bag 1.615kg,1.62kg,£4.64/kg,7.50,,
Co-op,"Deli, Dips, Food To Go",Cooked Meats,Co-op Space to Thrive British Tikka Chicken Chunks 80g,80g,£30.63/kg,2.45,,
Co-op,"Deli, Dips, Food To Go",Cooked Meats,Co-op Supporting British Farms Wafer Thin Cooked Chicken 300g,300g,£9.33/kg,2.80,,
Co-op,"Deli, Dips, Food To Go",Cooked Meats,Co-op Thick Cut Beef 100G,100g,£44.00/kg,4.40,,2 for £6.70
Co-op,"Deli, Dips, Food To Go",Cooked Meats,Co-op Thin Sliced Chicken 100g,100g,£12.50/kg,1.25,,
Co-op,"Deli, Dips, Food To Go",Cooked Meats,Franky's Hot Dogs 10 x 35g (350g),350g,£4.00/kg,1.40,,
Co-op,"Deli, Dips, Food To Go",Cooked Meats,Fridge Raiders Slow Roast 70g,70g,£22.86/kg,1.60,,
Co-op,"Deli, Dips, Food To Go",Cooked Meats,Fridge Raiders Southern Style 70g,70g,£22.86/kg,1.60,,
Co-op,"Deli, Dips, Food To Go",Cooked Meats,Fridge Raiders Southern Style Chicken Bites 45g,45g,£32.22/kg,1.45,,
Co-op,"Deli, Dips, Food To Go",Cooked Meats,Najma Original Chicken Slices 150g,150g,£25.67/kg,3.85,,
Co-op,"Deli, Dips, Food To Go",Cooked Meats,Najma Original Turkey Slices 150g,150g,£25.33/kg,3.80,,
Co-op,"Deli, Dips, Food To Go",Cooked Meats,Najma Sliced Chicken & Herbs 150G,150g,£23.33/kg,3.50,,
Co-op,"Deli, Dips, Food To Go",Cooked Meats,Najma Smoked Turkey Rashers 150g,150g,£23.67/kg,3.55,,
Co-op,"Deli, Dips, Food To Go",Cooked Meats,Najma Tikka Style Chicken Slices 150g,150g,£23.67/kg,3.55,,
Co-op,"Deli, Dips, Food To Go",Cooked Meats,Tahira Chicken Frankfurters Hot & Spicy 330G,330g,£7.42/kg,2.45,,
Co-op,"Deli, Dips, Food To Go",Cooked Meats,Takul Halal Kitchen Katsu Fried Chicken Bites 130g,130g,£30.38/kg,3.95,,
Co-op,"Deli, Dips, Food To Go",Cooked Meats,Takul Halal Kitchen Salt & Pepper Chicken Bites 130g,130g,£30.38/kg,3.95,,
Co-op,"Deli, Dips, Food To Go",Cooked Meats,The Gym Kitchen Chicken Tikka Bites 45g,45g,£35.56/kg,1.60,,
Co-op,"Deli, Dips, Food To Go",Soups,BOL Protein Power Soup Garden Pea & Spinach,600g,£6.33/kg,3.80,,
Co-op,"Deli, Dips, Food To Go",Soups,BOL Roasted Red Pepper & Tomato Power Soup 600G,600g,£6.33/kg,3.80,,
Co-op,"Deli, Dips, Food To Go",Ham,Billy Bear Ham Slices 90g,90g,£16.67/kg,1.50,,
Co-op,"Deli, Dips, Food To Go",Sandwiches & Wraps,"Chicken, Chips + Mayo Bundle",,,7.00,,
Co-op,"Deli, Dips, Food To Go",Salami & Continental Meats,Co-op 15 Sliced Chorizo 70g,70g,£23.57/kg,1.65,,
Co-op,"Deli, Dips, Food To Go",Salami & Continental Meats,Co-op 18 Italian Milano Salami Slices 80g,80g,£38.75/kg,3.10,,2 for £4.50
Co-op,"Deli, Dips, Food To Go",Sausage Rolls & Pasties,Co-op 2 Mature Cheddar Cheese and Onion Rolls 94g,2pk,£17.55/kg,1.65,,
Co-op,"Deli, Dips, Food To Go",Sausage Rolls & Pasties,Co-op 2 Sausage Rolls 120g,110g,£11.36/kg,1.25,,
Co-op,"Deli, Dips, Food To Go",Sausage Rolls & Pasties,Co-op 2 Smoked Sausage Rolls 2X47G,2pk,£17.55/kg,1.65,,
Co-op,"Deli, Dips, Food To Go",Ham,Co-op 5 British Outdoor Bred Cooked Ham 120g,120g,£24.17/kg,2.90,,2 for £4.50
Co-op,"Deli, Dips, Food To Go",Salami & Continental Meats,Co-op 6 Italian Style Prosciutto Crudo Slices 80g,80g,£24.38/kg,1.95,,
Co-op,"Deli, Dips, Food To Go",Sausage Rolls & Pasties,Co-op 6 Sausage Rolls 360g,330g,£7.73/kg,2.55,,3 for £7
Co-op,"Deli, Dips, Food To Go","Deli, Dips, Food To Go",Co-op 6 White Finger Rolls,,,0.00,,
Co-op,"Deli, Dips, Food To Go",Sandwiches & Wraps,Co-op All Day Breakfast Sandwich,1pk,£3.75 each,3.75,,
Co-op,"Deli, Dips, Food To Go",Salami & Continental Meats,Co-op Antipasti Misto 120G,120g,£32.50/kg,3.90,,3 for £7
Co-op,"Deli, Dips, Food To Go",Olives,Co-op Antipasti Pitted Green Hojiblanca Olives in Brine 330g,330g,£5.15/kg,1.70,,
Co-op,"Deli, Dips, Food To Go",Salami & Continental Meats,Co-op Antipasti Platter 210g,210g,£29.29/kg,6.15,,
Co-op,"Deli, Dips, Food To Go",Prepared Fruit,Co-op Apple & Grape 100g,100g,£15.00/kg,1.50,,
Co-op,"Deli, Dips, Food To Go",Prepared Fruit,Co-op Apple Grapes & Cheese 190g,190g,£15.26/kg,2.90,,
Co-op,"Deli, Dips, Food To Go",Prepared Fruit,Co-op Apple Slices 185g,185g,£9.73/kg,1.80,,
Co-op,"Deli, Dips, Food To Go",Ham,Co-op BBQ Pulled Pork,425g,£12.94/kg,5.50,,
Co-op,"Deli, Dips, Food To Go",Sandwiches & Wraps,Co-op Bacon & Egg Sub Roll,1pk,£3.45 each,3.45,,
Co-op,"Deli, Dips, Food To Go",Sandwiches & Wraps,"Co-op Bacon, Lettuce & Tomato Sandwich",1pk,£3.75 each,3.75,,
Co-op,"Deli, Dips, Food To Go",Sausage Rolls & Pasties,Co-op Bakery 5 Cheese & Onion Rolls,5pk,£0.35 each,1.75,,
Co-op,"Deli, Dips, Food To Go",Sausage Rolls & Pasties,Co-op Bakery 5 Sausage Rolls,5pk,£0.35 each,1.75,,
Co-op,"Deli, Dips, Food To Go",Prepared Fruit,Co-op Berry Medley 230g,230g,£12.61/kg,2.90,,
Co-op,"Deli, Dips, Food To Go",Sausage Rolls & Pasties,Co-op Bitesize Sausage Rolls 160G,160g,£19.38/kg,3.10,,3 for £7
Co-op,"Deli, Dips, Food To Go","Deli, Dips, Food To Go",Co-op British Breaded Chicken Goujons 230g,,,0.00,,
Co-op,"Deli, Dips, Food To Go",Ham,Co-op British Breaded Ham 120g,120g,£24.17/kg,2.90,,2 for £4.50
Co-op,"Deli, Dips, Food To Go",Ham,Co-op British Honey Roast Ham 5 Slices 120g,120g,£24.17/kg,2.90,,2 for £4.50
Co-op,"Deli, Dips, Food To Go",Ham,Co-op British Outdoor Bred Thin Sliced Honey Roast Ham 100g,100g,£14.00/kg,1.40,,
Co-op,"Deli, Dips, Food To Go",Ham,Co-op British Outdoor Bred Wafer Thin Cooked Ham 300g,300g,£9.33/kg,2.80,,
Co-op,"Deli, Dips, Food To Go",Ham,Co-op British Outdoor Bred Wafer Thin Honey Roast Ham 300g,300g,£9.33/kg,2.80,,
Co-op,"Deli, Dips, Food To Go",Sandwiches & Wraps,Co-op British Pork Smoked on White Bread,130g,£15.00/kg,1.95,,
Co-op,"Deli, Dips, Food To Go",Ham,Co-op British Smoked Ham 120g,120g,£24.17/kg,2.90,,2 for £4.50
Co-op,"Deli, Dips, Food To Go",Ham,Co-op Brunswick Smoked Ham 110G,110g,£21.82/kg,2.40,,
Co-op,"Deli, Dips, Food To Go",Salad Bowls,Co-op Caesar Salad Kit 250g,250g,£8.60/kg,2.15,,
Co-op,"Deli, Dips, Food To Go",Sandwiches & Wraps,Co-op Cajun Chicken Wrap,1pk,£3.90 each,3.90,,
Co-op,"Deli, Dips, Food To Go","Sandwiches, Wraps & Soups 🥪",Co-op Carrot & Coriander Soup 600G,600g,£4.00/kg,2.40,,
Co-op,"Deli, Dips, Food To Go",Sandwiches & Wraps,Co-op Cheddar Cheese Sandwich,1pk,£1.95 each,1.95,,
Co-op,"Deli, Dips, Food To Go","Pies, Quiche & Tarts",Co-op Cheese & Broccoli Quiche 400g,400g,£9.13/kg,3.65,,3 for £7
Co-op,"Deli, Dips, Food To Go","Pies, Quiche & Tarts",Co-op Cheese & Onion Quiche 155g,155g,£15.16/kg,2.35,,3 for £4
Co-op,"Deli, Dips, Food To Go","Pies, Quiche & Tarts",Co-op Cheese & Onion Quiche 400g,400g,£9.13/kg,3.65,,3 for £7
Co-op,"Deli, Dips, Food To Go",Sandwiches & Wraps,Co-op Cheese & Red Onion Sandwich,1pk,£1.90 each,1.90,,
Co-op,"Deli, Dips, Food To Go",Sandwiches & Wraps,Co-op Cheese Ploughman's Sub Roll,1pk,£3.45 each,3.45,,
Co-op,"Deli, Dips, Food To Go",Salad Bowls,Co-op Chicken & Bacon Caesar Pasta Salad 255g,255g,£14.51/kg,3.70,,
Co-op,"Deli, Dips, Food To Go",Sandwiches & Wraps,Co-op Chicken & Bacon Caesar Wrap,1pk,£3.90 each,3.90,,
Co-op,"Deli, Dips, Food To Go",Sandwiches & Wraps,Co-op Chicken & Bacon Sandwich,1pk,£3.75 each,3.75,,
Co-op,"Deli, Dips, Food To Go",Sandwiches & Wraps,Co-op Chicken & Stuffing Sandwich,1pk,£3.60 each,3.60,,
Co-op,"Deli, Dips, Food To Go",Sushi & Dim Sum,Co-op Chicken Gyros Parcel 150G,150g,£25.33/kg,3.80,,3 for £7
Co-op,"Deli, Dips, Food To Go",Sandwiches & Wraps,Co-op Chicken Mayo Sandwich,1pk,£2.75 each,2.75,,
Co-op,"Deli, Dips, Food To Go",Sandwiches & Wraps,"Co-op Chicken, Ham & Cheese Triple",1pk,£3.75 each,3.75,,
Co-op,"Deli, Dips, Food To Go",Salami & Continental Meats,Co-op Chorizo & Gouda Snack Pot 55G,55g,£35.45/kg,1.95,,
Co-op,"Deli, Dips, Food To Go",Sandwiches & Wraps,Co-op Classic Egg & Cress Sandwich,1pk,£1.90 each,1.90,,
Co-op,"Deli, Dips, Food To Go",Salad Bowls,Co-op Coleslaw 300g,300g,£5.17/kg,1.55,,3 for £4
Co-op,"Deli, Dips, Food To Go","Sandwiches, Wraps & Soups 🥪",Co-op Creamy Leek & Potato Soup 600g,600g,£4.00/kg,2.40,,
Co-op,"Deli, Dips, Food To Go",Salad Bowls,Co-op Deli Filler Cheese & Onion 200g,200g,£8.75/kg,1.75,,
Co-op,"Deli, Dips, Food To Go",Salad Bowls,Co-op Deli Filler Egg Mayonnaise 200g,200g,£8.75/kg,1.75,,
Co-op,"Deli, Dips, Food To Go",Salami & Continental Meats,Co-op Diced Chorizo 90g,90g,£24.44/kg,2.20,,
Co-op,"Deli, Dips, Food To Go",Prepared Fruit,Co-op Exotic Fruit Salad 300g,300g,£10.17/kg,3.05,,
Co-op,"Deli, Dips, Food To Go",Sandwiches & Wraps,Co-op Free From Cheese & Onion,1pk,£3.60 each,3.60,,
Co-op,"Deli, Dips, Food To Go",Salami & Continental Meats,Co-op German Salami 10 Slices 100g,100g,£15.50/kg,1.55,,
Co-op,"Deli, Dips, Food To Go",Sushi & Dim Sum,Co-op Global Karaage Chicken Dragon roll,1pk,£5.50 each,5.50,,
Co-op,"Deli, Dips, Food To Go",Sandwiches & Wraps,Co-op Global Menu Greek Chicken Salad,1pk,£4.70 each,4.70,,
Co-op,"Deli, Dips, Food To Go",Salad Bowls,Co-op GoodFuel Naked Bean Burrito 380g,380g,£13.16/kg,5.00,,2 for £7.10
Co-op,"Deli, Dips, Food To Go",Salad Bowls,Co-op Goodfuel Roasted Butternut with Spiced Beans & Grains 250g,250g,£15.60/kg,3.90,,
Co-op,"Deli, Dips, Food To Go",Sandwiches & Wraps,Co-op Ham & Cheese Sandwich,1pk,£3.45 each,3.45,,
Co-op,"Deli, Dips, Food To Go",Sandwiches & Wraps,Co-op Ham & Cheese Sub Roll with Mustard Mayo,1pk,£3.45 each,3.45,,
Co-op,"Deli, Dips, Food To Go",Sandwiches & Wraps,Co-op Hoisin Duck Wrap,1pk,£3.75 each,3.75,,
Co-op,"Deli, Dips, Food To Go",Ham,Co-op Honey Roast Ham Chunks 120g,120g,£25.83/kg,3.10,,2 for £4.50
Co-op,"Deli, Dips, Food To Go",Salad Bowls,Co-op House Salad Bowl,105g,£13.33/kg,1.40,,
Co-op,"Deli, Dips, Food To Go",Sandwiches & Wraps,Co-op Irresistible Aberdeen Angus Steak Grab Bag EACH,1pk,£4.95 each,4.95,,
Co-op,"Deli, Dips, Food To Go",Sausage Rolls & Pasties,Co-op Irresistible All Butter Pastry 4 Sausage Rolls 188g,188g,£21.01/kg,3.95,,3 for £7
Co-op,"Deli, Dips, Food To Go",Salami & Continental Meats,Co-op Irresistible Bresaola della Valtellina P.G.I. 50g,50g,£67.00/kg,3.35,,2 for £4.50
Co-op,"Deli, Dips, Food To Go",Salami & Continental Meats,Co-op Irresistible Calabrian Charcuterie & Parmigiano Reggiano Platter 100g,100g,£60.50/kg,6.05,,
Co-op,"Deli, Dips, Food To Go",Sandwiches & Wraps,Co-op Irresistible Chicken Caesar with Hot Honey Ranch Dip,1pk,£4.70 each,4.70,,
Co-op,"Deli, Dips, Food To Go",Salami & Continental Meats,Co-op Irresistible Chorizo Ring 225G,225g,£15.33/kg,3.45,,
Co-op,"Deli, Dips, Food To Go",Salad Bowls,Co-op Irresistible Coleslaw 300G,300g,£7.67/kg,2.30,,
Co-op,"Deli, Dips, Food To Go",Salami & Continental Meats,Co-op Irresistible Cook & Glaze Chorizo 230g,230g,£21.52/kg,4.95,,
Co-op,"Deli, Dips, Food To Go",Ham,Co-op Irresistible Finely Sliced Ham 120G,120g,£35.00/kg,4.20,,2 for £6.70
Co-op,"Deli, Dips, Food To Go",Olives,Co-op Irresistible Garlic & Chilli Olives 130g,130g,£28.08/kg,3.65,,3 for £7
Co-op,"Deli, Dips, Food To Go","Pies, Quiche & Tarts",Co-op Irresistible Greek Feta Creamy Feta & Summer Vegetable Quiche 400g,400g,£12.63/kg,5.05,,3 for £7
Co-op,"Deli, Dips, Food To Go",Sandwiches & Wraps,"Co-op Irresistible Hand Finished Roast Chicken, Avocado & Rocket",1pk,£4.70 each,4.70,,
Co-op,"Deli, Dips, Food To Go",Sandwiches & Wraps,Co-op Irresistible Handmade New York Style Deli,1pk,£4.95 each,4.95,,
Co-op,"Deli, Dips, Food To Go",Salami & Continental Meats,Co-op Irresistible Herbes de Provence Saucisson Sec 70g,70g,£47.14/kg,3.30,,2 for £4.50
Co-op,"Deli, Dips, Food To Go",Sandwiches & Wraps,Co-op Irresistible Italian Mortadella & Mascarpone Focaccia,1pk,£4.60 each,4.60,,
Co-op,"Deli, Dips, Food To Go",Salad Bowls,Co-op Irresistible Lemon & Herb Potato Salad 250g,250g,£11.20/kg,2.80,,
Co-op,"Deli, Dips, Food To Go",Sausage Rolls & Pasties,Co-op Irresistible Limited Edition 4 Pork Souvlaki Sausage Rolls 188g,188g,£20.74/kg,3.90,,
Co-op,"Deli, Dips, Food To Go",Salad Bowls,Co-op Irresistible Mature Cheddar Cheese Coleslaw 300g,300g,£9.33/kg,2.80,,3 for £7
Co-op,"Deli, Dips, Food To Go",Salad Bowls,Co-op Irresistible Mexican Style Rice Salad 230g,230g,£11.96/kg,2.75,,3 for £7
Co-op,"Deli, Dips, Food To Go",Ham,Co-op Irresistible Muscovado Ham 120G,120g,£35.00/kg,4.20,,2 for £6.70
Co-op,"Deli, Dips, Food To Go",Olives,Co-op Irresistible Nocellara Olives 130g,130g,£33.85/kg,4.40,,3 for £7
Co-op,"Deli, Dips, Food To Go",Make your Weekend Irresistible 🍞🥞🍝,Co-op Irresistible Parma Ham 5 Slices 75g,75g,£44.67/kg,3.35,,
Co-op,"Deli, Dips, Food To Go",Salad Bowls,Co-op Irresistible Pesto & Pecorino Coleslaw 250g,250g,£11.20/kg,2.80,,
Co-op,"Deli, Dips, Food To Go","Deli, Dips, Food To Go",Co-op Irresistible Pork Sausages 400G,,,0.00,,
Co-op,"Deli, Dips, Food To Go",Sandwiches & Wraps,Co-op Irresistible Posh Ploughman's Wrap,1pk,£4.70 each,4.70,,
Co-op,"Deli, Dips, Food To Go",Salami & Continental Meats,Co-op Irresistible Spicy Spianata Salami 60g,60g,£55.00/kg,3.30,,2 for £4.50
Co-op,"Deli, Dips, Food To Go",Ham,Co-op Irresistible Thick Cut Honey Roast Ham 120G,120g,£35.00/kg,4.20,,2 for £6.70
Co-op,"Deli, Dips, Food To Go",Sausage Rolls & Pasties,Co-op Irresistible Tomato Chutney & Cheese Pinwheels 88g,88g,£43.75/kg,3.85,,
Co-op,"Deli, Dips, Food To Go",Ham,Co-op Irresistible Wiltshire Breaded Ham,180g,£24.72/kg,4.45,,
Co-op,"Deli, Dips, Food To Go",Ham,Co-op Irresistible Wiltshire Cured Breaded Ham 120g,120g,£35.00/kg,4.20,,2 for £6.70
Co-op,"Deli, Dips, Food To Go",Ham,Co-op Irresistible Wiltshire Cured Cooked Ham 180g,180g,£24.72/kg,4.45,,
Co-op,"Deli, Dips, Food To Go",Ham,Co-op Irresistible Wiltshire Cured Ham 120G,120g,£35.00/kg,4.20,,2 for £6.70
Co-op,"Deli, Dips, Food To Go",Salami & Continental Meats,Co-op Italian Style Milano Salami & Cheese 90g,90g,£31.11/kg,2.80,,3 for £7
Co-op,"Deli, Dips, Food To Go",Sandwiches & Wraps,Co-op Limited Edition British Chicken Coronation Chicken with Spinach on White Bread,1pk,£3.75 each,3.75,,
Co-op,"Deli, Dips, Food To Go",Sandwiches & Wraps,Co-op Limited Edition Chicken & Chorizo Sub Roll,1pk,£3.65 each,3.65,,
Co-op,"Deli, Dips, Food To Go",Sandwiches & Wraps,Co-op Limited Edition Sweet Chilli Chicken,1pk,£3.75 each,3.75,,
Co-op,"Deli, Dips, Food To Go",Prepared Fruit,Co-op Mango Chunks 250g,250g,£12.20/kg,3.05,,
Co-op,"Deli, Dips, Food To Go",Prepared Fruit,Co-op Melon & Grapes 300g,300g,£10.17/kg,3.05,,
Co-op,"Deli, Dips, Food To Go",Prepared Fruit,Co-op Melon Medley 300g,300g,£10.17/kg,3.05,,
Co-op,"Deli, Dips, Food To Go",Olives,Co-op Mixed Olive Trio 150g,150g,£23.00/kg,3.45,,3 for £7
Co-op,"Deli, Dips, Food To Go",Olives,Co-op Mixed Olives with Feta in a Herb Dressing 150g,150g,£23.67/kg,3.55,,3 for £7
Co-op,"Deli, Dips, Food To Go",Salad Bowls,Co-op Moroccan Cous Cous 215g,215g,£12.79/kg,2.75,,3 for £7
Co-op,"Deli, Dips, Food To Go",Salad Bowls,"Co-op Mozzarella, Tomato & Pesto Pasta Salad 195g",195g,£18.97/kg,3.70,,
Co-op,"Deli, Dips, Food To Go",Prepared Fruit,Co-op Pineapple & Mango,110g,£14.55/kg,1.60,,
Co-op,"Deli, Dips, Food To Go",Prepared Fruit,Co-op Pineapple Chunks 300g,300g,£10.17/kg,3.05,,
Co-op,"Deli, Dips, Food To Go",Olives,Co-op Pitted Black Hojiblanca Olives in Brine 330g,330g,£5.15/kg,1.70,,
Co-op,"Deli, Dips, Food To Go",Olives,Co-op Pitted Queen Green Olives with Garlic 150g,150g,£23.00/kg,3.45,,3 for £7
Co-op,"Deli, Dips, Food To Go",Salami & Continental Meats,Co-op Pizza Pepperoni 27 Slices 90g,90g,£12.22/kg,1.10,,
Co-op,"Deli, Dips, Food To Go",Sandwiches & Wraps,Co-op Plant Based Onion Bhaji & Mango Chutney Sandwich,1pk,£3.60 each,3.60,,
Co-op,"Deli, Dips, Food To Go",Prepared Fruit,Co-op Pomegranate Seeds 110g,110g,£18.18/kg,2.00,,
Co-op,"Deli, Dips, Food To Go",Salad Bowls,Co-op Potato Salad 300g,300g,£5.17/kg,1.55,,3 for £4
Co-op,"Deli, Dips, Food To Go",Salad Bowls,Co-op Prawn Marie Rose Layered Salad 280g,300g,£12.33/kg,3.70,,
Co-op,"Deli, Dips, Food To Go",Sandwiches & Wraps,Co-op Prawn Mayo Sandwich,1pk,£3.45 each,3.45,,
Co-op,"Deli, Dips, Food To Go","Pies, Quiche & Tarts",Co-op Quiche Lorraine 155g,155g,£15.16/kg,2.35,,3 for £4
Co-op,"Deli, Dips, Food To Go","Pies, Quiche & Tarts",Co-op Quiche Lorraine 400g,400g,£9.13/kg,3.65,,3 for £7
Co-op,"Deli, Dips, Food To Go",Salad Bowls,Co-op Reduced Fat Coleslaw 300g,300g,£5.17/kg,1.55,,3 for £4
Co-op,"Deli, Dips, Food To Go",Sandwiches & Wraps,Co-op Roast Chicken Salad Sandwich,1pk,£3.75 each,3.75,,
Co-op,"Deli, Dips, Food To Go",Sushi & Dim Sum,Co-op Salt & Pepper Chicken Spring Rolls 100g,100g,£24.00/kg,2.40,,
Co-op,"Deli, Dips, Food To Go",Sausage Rolls & Pasties,Co-op Served 4 Chicken Empanadas 100g,100g,£30.00/kg,3.00,,
Co-op,"Deli, Dips, Food To Go",Salad Bowls,Co-op Served Fiesta Salad with a Zesty Lime Dressing 245g,245g,£13.06/kg,3.20,,
Co-op,"Deli, Dips, Food To Go",Ham,Co-op Served Slow Cooked Pulled Pork with Beans 433g,433g,£13.86/kg,6.00,,
Co-op,"Deli, Dips, Food To Go",Salad Bowls,Co-op Sharing Salad Bowl 320G,320g,£9.38/kg,3.00,,
Co-op,"Deli, Dips, Food To Go",Sandwiches & Wraps,Co-op Simply Cheese & Pickle Sandwich on Oatmeal Bread,152g,£18.09/kg,2.75,,
Co-op,"Deli, Dips, Food To Go",Salami & Continental Meats,Co-op Sliced Chorizo 32 Slices 150g,150g,£13.00/kg,1.95,,
Co-op,"Deli, Dips, Food To Go",Sandwiches & Wraps,Co-op Southern Fried Chicken & Gherkin Sub,1pk,£4.50 each,4.50,,
Co-op,"Deli, Dips, Food To Go",Sandwiches & Wraps,Co-op Southern Fried Chicken Wrap,1pk,£3.90 each,3.90,,
Co-op,"Deli, Dips, Food To Go",Salami & Continental Meats,Co-op Spanish Style Chorizo & Gouda Rollitos 80g,80g,£43.75/kg,3.50,,3 for £7
Co-op,"Deli, Dips, Food To Go",Salad Bowls,Co-op Spinach & Pine Nut Pasta 200g,200g,£11.25/kg,2.25,,3 for £4
Co-op,"Deli, Dips, Food To Go",Prepared Fruit,Co-op Strawberry & Grapes 90g,90g,£16.67/kg,1.50,,
Co-op,"Deli, Dips, Food To Go",Sushi & Dim Sum,Co-op Sushi Menu Sriracha Prawn Dragon Rolls,186g,£30.91/kg,5.75,,
Co-op,"Deli, Dips, Food To Go",Salad Bowls,Co-op Sweet And Crunchy Salad Bowl,160g,£10.00/kg,1.60,,
Co-op,"Deli, Dips, Food To Go",Salad Bowls,Co-op Tangy Tomato & Basil Pasta Salad 225g,225g,£15.33/kg,3.45,,3 for £7
Co-op,"Deli, Dips, Food To Go",Salad Bowls,Co-op Tuna & Sweetcorn Pasta 300g,300g,£12.33/kg,3.70,,
Co-op,"Deli, Dips, Food To Go",Sandwiches & Wraps,Co-op Tuna & Sweetcorn Sandwich,1pk,£3.60 each,3.60,,
Co-op,"Deli, Dips, Food To Go",Sandwiches & Wraps,Co-op Tuna Crunch Sub Roll with Lettuce & Mayo,1pk,£3.45 each,3.45,,
Co-op,"Deli, Dips, Food To Go",Sandwiches & Wraps,Co-op Tuna Mayo Sandwich,1pk,£1.95 each,1.95,,
Co-op,"Deli, Dips, Food To Go",Salad Bowls,Co-op Vegan Coleslaw 300G,300g,£5.17/kg,1.55,,3 for £4
Co-op,"Deli, Dips, Food To Go",Sushi & Dim Sum,Co-op Vegetable Spring Rolls 100g,100g,£25.00/kg,2.50,,
Co-op,"Deli, Dips, Food To Go",Prepared Fruit,Co-op Watermelon Chunks 130G,130g,£12.31/kg,1.60,,
Co-op,"Deli, Dips, Food To Go",Prepared Fruit,Co-op Watermelon Chunks 300g,300g,£10.17/kg,3.05,,
Co-op,"Deli, Dips, Food To Go",Salad Bowls,Coop Ham Hock + Potato Salad 225G,225g,£16.44/kg,3.70,,
Co-op,"Deli, Dips, Food To Go","Sandwiches, Wraps & Soups 🥪",Coop Salmon & Tuna Sushi Pack,115g,£32.17/kg,3.70,,
Co-op,"Deli, Dips, Food To Go",Soups,Cully & Sully Chicken and Vegetable Soup 400G,400g,£7.38/kg,2.95,,
Co-op,"Deli, Dips, Food To Go",Olives,Cypressa Black Pitted Olives in Brine 340g,340g,£6.47/kg,2.20,,
Co-op,"Deli, Dips, Food To Go",Olives,Cypressa Green Pitted Olives In Brine 340G,340g,£6.47/kg,2.20,,
Co-op,"Deli, Dips, Food To Go",Olives,Cypressa Green Whole Nocellara Olives 290g,290g,£11.38/kg,3.30,,
Co-op,"Deli, Dips, Food To Go",Sausage Rolls & Pasties,Exclusive: Irresistible Sausages + Finger Rolls,,,3.50,,
Co-op,"Deli, Dips, Food To Go",Sausage Rolls & Pasties,Ginsters Cheese & Onion Slice 170G,170g,£17.65/kg,3.00,,2 for £3.85
Co-op,"Deli, Dips, Food To Go",Sausage Rolls & Pasties,Ginsters Chicken & Bacon Pasty,180g,£16.67/kg,3.00,,2 for £3.85
Co-op,"Deli, Dips, Food To Go",Sausage Rolls & Pasties,Ginsters Chicken & Mushroom Slice 170g,170g,£17.65/kg,3.00,,2 for £3.85
Co-op,"Deli, Dips, Food To Go",Sausage Rolls & Pasties,Ginsters Chicken Tikka Slice 170g,170g,£17.65/kg,3.00,,2 for £3.85
Co-op,"Deli, Dips, Food To Go",Sausage Rolls & Pasties,Ginsters Cornish Pasty 130G,130g,£16.92/kg,2.20,,
Co-op,"Deli, Dips, Food To Go",Sausage Rolls & Pasties,Ginsters Large Sausage Roll 130g,130g,£13.85/kg,1.80,,
Co-op,"Deli, Dips, Food To Go",Sausage Rolls & Pasties,Ginsters Limited Edition Beanz & Cheese Slice 170g,170g,£16.76/kg,2.85,,2 for £3.85
Co-op,"Deli, Dips, Food To Go",Sausage Rolls & Pasties,Ginsters Pepper Steak Slice 105G,105g,£20.95/kg,2.20,,
Co-op,"Deli, Dips, Food To Go",Sausage Rolls & Pasties,Ginsters Peppered Steak Slice 170g,170g,£17.65/kg,3.00,,2 for £3.85
Co-op,"Deli, Dips, Food To Go",Sausage Rolls & Pasties,Ginsters Roll,2pk,£14.00/kg,2.80,,3 for £7
Co-op,"Deli, Dips, Food To Go",Sausage Rolls & Pasties,Ginsters Smoked Ham & Cheddar Pastry Toastie 130g,130g,£21.92/kg,2.85,,2 for £3.85
Co-op,"Deli, Dips, Food To Go","Deli, Dips, Food To Go",Hellmann's Roasted Garlic Mayonnaise 250 Ml,,,0.00,,
Co-op,"Deli, Dips, Food To Go",Sausage Rolls & Pasties,Island Delight Chilli Beef Jamaican Pattie 140g,140g,£12.14/kg,1.70,,
Co-op,"Deli, Dips, Food To Go",Sausage Rolls & Pasties,Island Delight Curried Lamb Jamaican Pattie Flaky Pastry 140g,140g,£12.14/kg,1.70,,
Co-op,"Deli, Dips, Food To Go","Deli, Dips, Food To Go",McCain Home Chips Straight 1kg,,,0.00,,
Co-op,"Deli, Dips, Food To Go",Olives,Odysea Greek Big Kalamata Pitted Olives 290g,290g,£12.24/kg,3.55,,
Co-op,"Deli, Dips, Food To Go",Salad Bowls,Pollen + Grace Mezze Houmous + Rainbow Veg Grain Bowl 275g,275g,£16.36/kg,4.50,,
Co-op,"Deli, Dips, Food To Go",Sandwiches & Wraps,Pollen + Grace Supergreen Avocado,1pk,£4.50 each,4.50,,
Co-op,"Deli, Dips, Food To Go",Sandwiches & Wraps,Pollen+Grace Mxcn Chptle Brto Wrp 250G,250g,£17.80/kg,4.45,,
Co-op,"Deli, Dips, Food To Go",Salami & Continental Meats,SOKOŁÓW Best Selection Copernicus Sausage 350g,350g,£9.57/kg,3.35,,
Co-op,"Deli, Dips, Food To Go",Salami & Continental Meats,SOKOŁÓW Best Selection Garlic Sausage 400g,400g,£6.88/kg,2.75,,
Co-op,"Deli, Dips, Food To Go",Ham,Sokołów Basiuni's Ham 140g,140g,£18.21/kg,2.55,,
Co-op,"Deli, Dips, Food To Go",Salami & Continental Meats,Sokołów Kabanos Sausage 250g,250g,£14.20/kg,3.55,,
Co-op,"Deli, Dips, Food To Go",Ham,Sokołów Sopocka Loin 100g,100g,£16.50/kg,1.65,,
Co-op,"Deli, Dips, Food To Go",Salami & Continental Meats,Tahira Premium Selection Beef Salami 80g,80g,£37.50/kg,3.00,,
Co-op,"Deli, Dips, Food To Go",Salami & Continental Meats,Tahira Turkey Chorizo 80G,80g,£36.25/kg,2.90,,
Co-op,"Deli, Dips, Food To Go",Salami & Continental Meats,Tahira Turkey Salami Pizza Topping 125G,125g,£21.20/kg,2.65,,
Co-op,"Deli, Dips, Food To Go",Sushi & Dim Sum,Takul Deliciously Halal 6 Chicken Sprin,180g,£18.33/kg,3.30,,
Co-op,"Deli, Dips, Food To Go",Salami & Continental Meats,Tarczyński Classic Kabanos Pork 200g,200g,£15.50/kg,3.10,,
Co-op,"Deli, Dips, Food To Go",Salami & Continental Meats,Tarczyński Kabanos Chicken with Pork & Turkey 105g,105g,£26.67/kg,2.80,,
Co-op,"Deli, Dips, Food To Go",Sandwiches & Wraps,The Gym Kitchen High Protein Chicken Tikka No Mayo,1pk,£3.90 each,3.90,,
Co-op,"Deli, Dips, Food To Go",Sandwiches & Wraps,The Gym Kitchen High Protein Katsu Chicken No Mayo,1pk,£3.90 each,3.90,,
Co-op,"Deli, Dips, Food To Go",Ham,The Jolly Hog Black Treacle Ham 100g,100g,£39.00/kg,3.90,,2 for £4.50
Co-op,"Deli, Dips, Food To Go",Ham,The Jolly Hog Dry Cure Ham 100g,100g,£39.00/kg,3.90,,2 for £4.50
Co-op,"Deli, Dips, Food To Go",Sandwiches & Wraps,Tuk In Curry In A Naan Chicken Jalfrezi 180G,1pk,£3.45 each,3.45,,
Co-op,"Deli, Dips, Food To Go",Sandwiches & Wraps,Tuk In Curry In A Naan Chicken Tikka 180G,1pk,£3.45 each,3.45,,
Co-op,"Deli, Dips, Food To Go",Sandwiches & Wraps,Tuk In Curry in a Naan Chicken Korma 180g,1pk,£3.45 each,3.45,,
Co-op,"Deli, Dips, Food To Go",Sandwiches & Wraps,Tuk In Curry in a Naan Potato Madras 180g,1pk,£3.45 each,3.45,,
Co-op,"Deli, Dips, Food To Go","Sandwiches, Wraps & Soups 🥪",Yo! Chicken Katsu Dragon Rolls 209g,209g,£26.32/kg,5.50,,
Co-op,"Deli, Dips, Food To Go","Sandwiches, Wraps & Soups 🥪",Yo! Rainbow Salmon Poke 289g,289g,£20.76/kg,6.00,,
Co-op,"Deli, Dips, Food To Go",Sushi & Dim Sum,Yo! Spicy Prawn Dragon Rolls 203g,203g,£27.09/kg,5.50,,
Co-op,"Deli, Dips, Food To Go",Sushi & Dim Sum,Yo! Sweet Chilli Tuna Onigiri 115g,115g,£16.96/kg,1.95,,
Co-op,"Deli, Dips, Food To Go","Sandwiches, Wraps & Soups 🥪",Yo! Veggie Selection 226g,226g,£20.80/kg,4.70,,
Co-op,"Deli, Dips, Food To Go",Soups,Yorkshire Provender Hearty Chicken & Lentil with Butternut Squash 560g,560g,£7.23/kg,4.05,,
Co-op,"Deli, Dips, Food To Go",Soups,Yorkshire Provender Hearty Roast Chicken and Traditional Vegetables 560g,560g,£7.23/kg,4.05,,
Co-op,"Deli, Dips, Food To Go",Soups,Yorkshire Provender Moroccan Spiced Vegetable 560g,560g,£7.23/kg,4.05,,
Co-op,"Deli, Dips, Food To Go",Sandwiches & Wraps,Zinda AirWrap Bombay Potato,4pk,£0.79 each,3.15,,
Co-op,"Deli, Dips, Food To Go",Sandwiches & Wraps,Zinda AirWrap Chicken Makhni,1pk,£3.15 each,3.15,,
Co-op,"Deli, Dips, Food To Go",Sandwiches & Wraps,Zinda AirWrap Moroccan Chicken,4pk,£0.79 each,3.15,,
Co-op,"Deli, Dips, Food To Go",Sandwiches & Wraps,Zinda Italian Chicken Salad (Halal),6pk,£0.55 each,3.30,,
Co-op,Desserts,Canned Desserts,Ambrosia Deluxe Rice 400g,400g,£6.00/kg,2.40,,
Co-op,Desserts,Canned Desserts,Ambrosia Rice Pudding Can 400g,400g,£4.88/kg,1.95,,
Co-op,Desserts,Canned Desserts,Ambrosia Rice Pudding Can Light 400G,400g,£4.88/kg,1.95,,
Co-op,Desserts,Canned Desserts,Ambrosia Semolina 400g,400g,£5.50/kg,2.20,,
Co-op,Desserts,Canned Desserts,Ambrosia Tapioca 385g,385g,£5.71/kg,2.20,,
Co-op,Desserts,Canned Desserts,Co-op Rice Pudding 400G,400g,£3.00/kg,1.20,,
Co-op,Desserts,Cheesecakes,Co-op 2 Toffee Cheesecakes 2 x 100 (200g),2pk,£10.00/kg,2.00,,
Co-op,Desserts,Cheesecakes,Co-op Blackcurrant Cheesecake 450g,450g,£7.22/kg,3.25,,
Co-op,Desserts,Cheesecakes,Co-op Irresistible 2 Alphonso Mango Cheesecake Slices 140g,140g,£29.64/kg,4.15,,
Co-op,Desserts,Cheesecakes,Co-op Irresistible Lemon Cheesecake 160g,2pk,£24.69/kg,3.95,,
Co-op,Desserts,Cheesecakes,Co-op Lemon Cheesecakes 2 x 100g (200g),2pk,£10.00/kg,2.00,,
Co-op,Desserts,Cheesecakes,Co-op New York Cheesecake 180g,2pk,£21.11/kg,3.80,,
Co-op,Desserts,Cheesecakes,Co-op New York Cheesecake 475g,475g,£11.89/kg,5.65,,
Co-op,Desserts,Cheesecakes,Co-op Strawberry Cheesecake 2 x 100g (200g),2pk,£10.00/kg,2.00,,
Co-op,Desserts,Cheesecakes,English Cheesecake Company 2 Vanilla & Biscoff Cheesecake Slices 180g,2pk,£24.17/kg,4.35,,
Co-op,Desserts,Cheesecakes,English Cheesecake Company Reese's Peanut Butter Cheesecake Slices 180g,2pk,£23.89/kg,4.30,,
Co-op,Desserts,Cheesecakes,English Cheesecake Company Vanilla & Biscoff Cheesecake 484g,484g,£13.02/kg,6.30,,
Co-op,Desserts,Cheesecakes,Gü Salted Caramel Cheesecake 1 x 82g,82g,£23.78/kg,1.95,,
Co-op,Desserts,Cheesecakes,Gü Salted Caramel Cheesecake 2 x 82g (164g),2pk,£18.90/kg,3.10,4.10,£1 off
Co-op,Desserts,Cheesecakes,Gü Salted Pistachio Cheesecake 2 x 74.5g (149g),2pk,£28.19/kg,4.20,,
Co-op,Desserts,Cheesecakes,Gü Spanish Lemon Cheesecake 2 x 85g (170g),2pk,£18.24/kg,3.10,4.10,£1 off
Co-op,Desserts,Cheesecakes,Gü Zillionaire 84.5g,84.5g,£23.08/kg,1.95,,
Co-op,Desserts,Cheesecakes,Gü Zillionaire Cheesecake 2 x 84.5g (169g),2pk,£25.74/kg,4.35,,
Co-op,Desserts,Chilled Desserts,Ambrosia Banana Flavour Devon Custard 150g,150g,£8.00/kg,1.20,,
Co-op,Desserts,Chilled Desserts,Ambrosia Deluxe Rice Madagascan Vanilla 2 x 110g (220g),2pk,£9.09/kg,2.00,,
Co-op,Desserts,Chilled Desserts,Ambrosia Light Rice Pudding 150g,150g,£8.00/kg,1.20,,
Co-op,Desserts,Chilled Desserts,Ambrosia Rice Pudding 150G,150g,£8.00/kg,1.20,,
Co-op,Desserts,Chilled Desserts,Ambrosia Rice Pudding 4 x 120g (480g),4pk,£7.40/kg,3.55,,
Co-op,Desserts,Chilled Desserts,Bonne Maman Chocolate Mousse With Whole Milk 2 X 70G,2pk,£18.21/kg,2.55,,
Co-op,Desserts,Chilled Desserts,Co-op Chocolate Mousse 6X55G,6pk,£3.79/kg,1.25,,
Co-op,Desserts,Chilled Desserts,Co-op Irresistible 6 Macaron Selection 72g,72g,£58.33/kg,4.20,,
Co-op,Desserts,Chilled Desserts,Co-op Irresistible Fresh Custard 500G,500g,£6.70/kg,3.35,,
Co-op,Desserts,Chilled Desserts,Co-op Irresistible West Country Cream Coffee Mousse 110g,110g,£14.09/kg,1.55,,
Co-op,Desserts,Chilled Desserts,Co-op Strawberry Mousse 6X60G,6pk,£3.75/kg,1.35,,
Co-op,Desserts,Chilled Desserts,GU Inspirations Choc & Honeycomb 2X86G,2pk,£24.28/kg,4.20,,
Co-op,Desserts,Chilled Desserts,Milkybar Milk Slice 4 X 26G,4pk,£14.90/kg,1.55,,
Co-op,Desserts,Chilled Desserts,Muller Rice Original Low Fat Dessert,170g,£6.76/kg,1.15,,
Co-op,Desserts,Chilled Desserts,Muller Rice Strawberry Low Fat Dessert,170g,£6.76/kg,1.15,,
Co-op,Desserts,Chilled Desserts,Muller Rice Vanilla Custard Low Fat Dessert,170g,£6.76/kg,1.15,,
Co-op,Desserts,Chilled Desserts,Nestle Aero Milk Chocolate Mousse 4X59G,4pk,£7.20/kg,1.70,2.10,£0.40 off
Co-op,Desserts,Chilled Desserts,Royal Pista Kheer 350g,350g,£12.29/kg,4.30,,
Co-op,Desserts,Chilled Desserts,Spooners Chocolate Chip Cookie Dough (2 x 75g) 150g,150g,£22.00/kg,3.30,,
Co-op,Desserts,"Custard, Cream & Jelly Desserts",Ambrosia Chocolate Flavour Devon Custard 150g,150g,£8.00/kg,1.20,,
Co-op,Desserts,"Custard, Cream & Jelly Desserts",Ambrosia Deluxe Custard 400g,400g,£6.13/kg,2.45,,
Co-op,Desserts,"Custard, Cream & Jelly Desserts",Ambrosia Deluxe Custard 750g,750g,£4.87/kg,3.65,,
Co-op,Desserts,"Custard, Cream & Jelly Desserts",Ambrosia Deluxe Custard Madagascan Vanilla 2 x 120g (240g),2pk,£8.33/kg,2.00,,
Co-op,Desserts,"Custard, Cream & Jelly Desserts",Ambrosia Devon Custard 4 x 120g (480g),4pk,£7.40/kg,3.55,,
Co-op,Desserts,"Custard, Cream & Jelly Desserts",Ambrosia Devon Custard 400g,400g,£4.88/kg,1.95,,
Co-op,Desserts,"Custard, Cream & Jelly Desserts",Ambrosia Devon Custard 500g,500g,£5.00/kg,2.50,,
Co-op,Desserts,"Custard, Cream & Jelly Desserts",Ambrosia Devon Custard Pot 150g,150g,£8.00/kg,1.20,,
Co-op,Desserts,"Custard, Cream & Jelly Desserts",Ambrosia Light Devon Custard 150G,150g,£8.00/kg,1.20,,
Co-op,Desserts,"Custard, Cream & Jelly Desserts",Ambrosia Low Fat Custard Can 400g,400g,£4.88/kg,1.95,,
Co-op,Desserts,"Custard, Cream & Jelly Desserts",Angel Delight Bubble Jelly 520g (4 x 130g),4pk,£4.23/kg,2.20,,
Co-op,Desserts,"Custard, Cream & Jelly Desserts",Bonne Maman 2 Crème Brûlée 200G,2pk,£19.50/kg,3.90,,
Co-op,Desserts,"Custard, Cream & Jelly Desserts",Bonne Maman Creme Caramel 4X100G,4pk,£10.13/kg,4.05,,
Co-op,Desserts,"Custard, Cream & Jelly Desserts",Bonne Maman Salted Caramel Crème 2 x 90g,2pk,£14.44/kg,2.60,,
Co-op,Desserts,"Custard, Cream & Jelly Desserts",Cadbury Big Pots of Joy Dairy Milk 350G,350g,£7.43/kg,2.60,,
Co-op,Desserts,"Custard, Cream & Jelly Desserts",Cadbury Caramilk Golden Caramel Chocolate Dessert Pot 350g,350g,£7.86/kg,2.75,,
Co-op,Desserts,"Custard, Cream & Jelly Desserts",Cadbury Dairy Milk 4 x 75g (300g),4pk,£12.17/kg,3.65,,
Co-op,Desserts,"Custard, Cream & Jelly Desserts",Cadbury Flake Twin Pot 75G,75g,£14.00/kg,1.05,,
Co-op,Desserts,"Custard, Cream & Jelly Desserts",Cadbury Layers of Joy Chocolate 2X90G,2pk,£11.67/kg,2.10,,
Co-op,Desserts,"Custard, Cream & Jelly Desserts",Co-op British Cream Chocolate Choux Buns,2pk,£1.20 each,2.40,,
Co-op,Desserts,"Custard, Cream & Jelly Desserts",Co-op British Cream Chocolate Éclairs,2pk,£1.20 each,2.40,,
Co-op,Desserts,"Custard, Cream & Jelly Desserts",Co-op British Cream Raspberry & Peach Flavour Trifle 600g,600g,£6.00/kg,3.60,4.10,£0.50 off
Co-op,Desserts,"Custard, Cream & Jelly Desserts",Co-op Chocolate Sundae 125g,125g,£15.60/kg,1.95,,
Co-op,Desserts,"Custard, Cream & Jelly Desserts",Co-op Chocolate Trifle 2 x 90g (180g),2pk,£10.56/kg,1.90,,
Co-op,Desserts,"Custard, Cream & Jelly Desserts",Co-op Classic Chocolate Trifle 500g,500g,£7.20/kg,3.60,4.10,£0.50 off
Co-op,Desserts,"Custard, Cream & Jelly Desserts",Co-op Custard 400g,400g,£3.00/kg,1.20,,
Co-op,Desserts,"Custard, Cream & Jelly Desserts",Co-op Lemon Dessert Pots 140g (2 x 70g),2pk,£15.71/kg,2.20,,
Co-op,Desserts,"Custard, Cream & Jelly Desserts",Co-op Profiteroles 400g,400g,£9.75/kg,3.90,,
Co-op,Desserts,"Custard, Cream & Jelly Desserts",Co-op Raspberry Trifle 2 x 125g (250g),250g,£6.80/kg,1.70,,
Co-op,Desserts,"Custard, Cream & Jelly Desserts",Co-op Rich & Creamy Tiramisù 2 x 85g (170g),2pk,£15.59/kg,2.65,,
Co-op,Desserts,"Custard, Cream & Jelly Desserts",Co-op Rich & Creamy Tiramisù 450g,450g,£8.11/kg,3.65,,
Co-op,Desserts,"Custard, Cream & Jelly Desserts",Co-op Strawberry Trifle 2 x 125g (250g),250g,£6.60/kg,1.65,,
Co-op,Desserts,"Custard, Cream & Jelly Desserts",Co-op Strawberry Trifle 600G,600g,£6.00/kg,3.60,4.10,£0.50 off
Co-op,Desserts,"Custard, Cream & Jelly Desserts",Co-op Toffee Sundae 125g,125g,£14.80/kg,1.85,,
Co-op,Desserts,"Custard, Cream & Jelly Desserts",Gü Mango & Passionfruit Fruit Crème 170g (2 x 85g),2pk,£23.24/kg,3.95,,
Co-op,Desserts,"Custard, Cream & Jelly Desserts",Hartley's 10 Cal Blueberry & Blackcurrant Flavour Jelly 175g,175g,£6.29/kg,1.10,,
Co-op,Desserts,"Custard, Cream & Jelly Desserts",Hartley's 10 Cal Mango & Passion Fruit Flavour Jelly 175g,175g,£6.29/kg,1.10,,
Co-op,Desserts,"Custard, Cream & Jelly Desserts",Hartley's 10 Cal Raspberry Flavour Jelly 175G,175g,£6.29/kg,1.10,,
Co-op,Desserts,"Custard, Cream & Jelly Desserts",Hartley's 10 Cal Strawberry Flavour Jelly 175g,175g,£6.29/kg,1.10,,
Co-op,Desserts,"Custard, Cream & Jelly Desserts",Hartley's Jelly Orange Flavour 125G,125g,£8.00/kg,1.00,,
Co-op,Desserts,"Custard, Cream & Jelly Desserts",Hartley's No Added Sugar Jelly Strawberry Flavour 115g,115g,£8.70/kg,1.00,,
Co-op,Desserts,"Custard, Cream & Jelly Desserts",Hartley's Raspberry Flavour Jelly 135g,135g,£10.37/kg,1.40,,
Co-op,Desserts,"Custard, Cream & Jelly Desserts",Hartley's Strawberry Flavour Jelly 135g,135g,£10.37/kg,1.40,,
Co-op,Desserts,"Custard, Cream & Jelly Desserts",Hartley's Strawberry Flavour Jelly 4 x 125g (500g),4pk,£4.90/kg,2.45,,
Co-op,Desserts,"Custard, Cream & Jelly Desserts",Hartley's Sugar Free Jelly Raspberry Flavour 115g,115g,£8.70/kg,1.00,,
Co-op,Desserts,"Custard, Cream & Jelly Desserts",Hartleys Ready To Eat Jelly Pots Strawberry 125G,125g,£8.00/kg,1.00,,
Co-op,Desserts,"Custard, Cream & Jelly Desserts",Pots & Co Lemon & Lime Posset 2 x 91g,2pk,£22.53/kg,4.10,,
Co-op,Desserts,"Custard, Cream & Jelly Desserts",Pots & Co Little Pots of 70% Chocolate Ganache 4 x 50g,4pk,£21.00/kg,4.20,,
Co-op,Desserts,"Custard, Cream & Jelly Desserts",Rolo Milk Chocolate & Toffee Crème Dessert 2X65G,2pk,£16.15/kg,2.10,,
Co-op,Desserts,"Custard, Cream & Jelly Desserts",Zott Monte Maxi Milk Dessert + Chocolate 4 X 100G (400G),4pk,£7.88/kg,3.15,,
Co-op,Desserts,Sponge Puddings,Aunty's Delicious Golden Syrup Steamed Puds 2 x 95g,2pk,£10.00/kg,1.90,,
Co-op,Desserts,Sponge Puddings,Aunty's Delicious Sticky Toffee Steamed Puds 2 x 95g,2pk,£10.00/kg,1.90,,
Co-op,Desserts,Sponge Puddings,Cadbury Milk Chocolate Sticky Puds 2 x 95g,2pk,£15.00/kg,2.85,,
Co-op,Desserts,Sponge Puddings,Co-op Chocolate Sponges 2 x 105g (210g),210g,£15.00/kg,3.15,,
Co-op,Desserts,Sponge Puddings,Co-op Irresistible Family Sticky Toffee Pudding 380g,380g,£14.74/kg,5.60,,
Co-op,Desserts,Sponge Puddings,Co-op Irresistible Melt in the Middle Chocolate Puddings 2 x 147g (294g),2pk,£14.80/kg,4.35,,
Co-op,Desserts,Sponge Puddings,Co-op Twin Sticky Toffee Pudding 210G,210g,£15.00/kg,3.15,,
Co-op,Desserts,Sponge Puddings,Gü Victoria Sponge Cake Pots 2 x 74g (148g),2pk,£19.67/kg,2.95,3.95,£1 off
Co-op,Desserts,Sponge Puddings,Mr Kipling Signature Collection 2 Belgian Chocolate Hot Brownie Puddings 2 x 105g,2pk,£13.26/kg,3.05,,
Co-op,Flowers,Flowers,Co-op Calle Lily,1pk,£8.80 each,8.80,,
Co-op,Flowers,Flowers,Co-op Colourful Carnations,1pk,£3.85 each,3.85,,
Co-op,Flowers,Flowers,Co-op Cyclamen Jug,1pk,£8.80 each,8.80,,
Co-op,Flowers,Flowers,Co-op Fairtrade Elegance Bouquet,1pk,£11.00 each,11.00,,
Co-op,Flowers,Flowers,Co-op Fairtrade Roses,1pk,£6.05 each,6.05,,
Co-op,Flowers,Flowers,Co-op Florist Bright & Blissful Bouquet,1pk,£8.80 each,8.80,,
Co-op,Flowers,Flowers,Co-op Florist Fairtrade Rose and Stocks,1pk,£8.25 each,8.25,,
Co-op,Flowers,Flowers,Co-op Florist Foliage,1pk,£8.80 each,8.80,,
Co-op,Flowers,Flowers,Co-op Florist Hyacinth,1pk,£3.30 each,3.30,,
Co-op,Flowers,Flowers,Co-op Florist Pot Bedding,1pk,£2.20 each,2.20,,
Co-op,Flowers,Flowers,Co-op Florist Primrose,4pk,£0.96 each,3.85,,
Co-op,Flowers,Flowers,Co-op Florist Primrose Bowl,1pk,£4.95 each,4.95,,
Co-op,Flowers,Flowers,Co-op Florist Spring Hanging Basket,1pk,£8.80 each,8.80,,
Co-op,Flowers,Flowers,Co-op Florist Sunflower,1pk,£5.50 each,5.50,,
Co-op,Flowers,Flowers,Co-op Florist Têtê - Á - Tête Bowl,1pk,£4.40 each,4.40,,
Co-op,Flowers,Flowers,Co-op Florist Têtê - Á - Têtê,1pk,£1.65 each,1.65,,
Co-op,Flowers,Flowers,Co-op Flowering Ceramic (seasonal),1pk,£5.50 each,5.50,,
Co-op,Flowers,Flowers,Co-op Gift Bouquet,1pk,£6.60 each,6.60,,
Co-op,Flowers,Flowers,Co-op Gladioli Bouquet,1pk,£3.85 each,3.85,,
Co-op,Flowers,Flowers,Co-op Irresistible British Garden Bouquet,1pk,£22.00 each,22.00,,
Co-op,Flowers,Flowers,Co-op Premium Rose & Lily Bouquet,1pk,£13.20 each,13.20,,
Co-op,Flowers,Flowers,Co-op Premium Roses,1pk,£11.00 each,11.00,,
Co-op,Flowers,Flowers,Co-op Rose Florist,1pk,£6.05 each,6.05,,
Co-op,Flowers,Flowers,Co-op Rose and Lily Bouquet,1pk,£7.15 each,7.15,,
Co-op,Flowers,Flowers,Co-op Seasonal Bouquet,1pk,£8.80 each,8.80,,
Co-op,Flowers,Flowers,Co-op Serenity Bouquet,1pk,£13.20 each,13.20,,
Co-op,Flowers,Flowers,Co-op Speciality Alstroemeria,1pk,£3.85 each,3.85,,
Co-op,Flowers,Flowers,Co-op Succulent Florist,1pk,£4.40 each,4.40,,
Co-op,Flowers,Flowers,Co-op The Victoria,1pk,£16.50 each,16.50,,
Co-op,Flowers,Flowers,Co-op Winter Tulips,1pk,£4.95 each,4.95,,
Co-op,Frozen,Back to Routine ⏰☕,Birds Eye 6 Chunky Fish Fingers 360G,360g,£12.36/kg,4.45,,3 for £7.65
Co-op,Frozen,Back to Routine ⏰☕,Birds Eye Garden Peas 800g,800g,£3.94/kg,3.15,,3 for £7.65
Co-op,Frozen,Back to Routine ⏰☕,Co-op Crinkle Cut Oven Chips 750g,750g,£3.20/kg,2.40,,
Co-op,Frozen,Back to Routine ⏰☕,McCain 4 Jacket Potatoes 800g,4pk,£0.83 each,3.30,4.30,£1 off
Co-op,Frozen,Back to Routine ⏰☕,McCain Home Chips Straight 1kg,1kg,£3.75/kg,3.75,,3 for £7.65
Co-op,Frozen,Bread & Pastry Sheets,Humza 20 Original Paratha Pieces 1.6kg,1.6kg,£2.91/kg,4.65,,
Co-op,Frozen,"Chips, Fries & Potatoes",Aunt Bessie's Crispy & Fluffy Roasties 600g,600g,£4.92/kg,2.95,,3 for £7.65
Co-op,Frozen,"Chips, Fries & Potatoes",Birds Eye 10 The Original Potato Waffles 567g,567g,£4.76/kg,2.70,,
Co-op,Frozen,"Chips, Fries & Potatoes",Co-op 7 Big Night in Halloumi Fries 200g,200g,£15.00/kg,3.00,,
Co-op,Frozen,"Chips, Fries & Potatoes",Co-op American Fries 750g,750g,£3.20/kg,2.40,,
Co-op,Frozen,"Chips, Fries & Potatoes",Co-op Curly Fries 750g,750g,£3.60/kg,2.70,,
Co-op,Frozen,"Chips, Fries & Potatoes",Co-op Freezer Favourite Skin On Fries 750g,750g,£4.00/kg,3.00,,
Co-op,Frozen,"Chips, Fries & Potatoes",Co-op Hash Browns 700g,700g,£3.43/kg,2.40,,
Co-op,Frozen,"Chips, Fries & Potatoes",Co-op Irresistible Thick Cut Chunky Chips 750G,750g,£4.67/kg,3.50,,
Co-op,Frozen,"Chips, Fries & Potatoes",Co-op Potato Wedges 750g,750g,£3.20/kg,2.40,,
Co-op,Frozen,"Chips, Fries & Potatoes",Co-op Waffle Fries 550G,550g,£4.36/kg,2.40,,
Co-op,Frozen,"Chips, Fries & Potatoes",McCain Air Fryer Crispy Dippers 600g,600g,£5.50/kg,3.30,,3 for £7.65
Co-op,Frozen,"Chips, Fries & Potatoes",McCain Air Fryer Deep Ridge Crinkle 750g,750g,£4.27/kg,3.20,,
Co-op,Frozen,"Chips, Fries & Potatoes",McCain Air Fryer French Fries 750g,750g,£2.93/kg,2.20,3.20,£1 off
Co-op,Frozen,"Chips, Fries & Potatoes",McCain Air Fryer Hash Brown Bites 600g,600g,£5.50/kg,3.30,,3 for £7.65
Co-op,Frozen,"Chips, Fries & Potatoes",McCain Crispy French Fries 900g,900g,£4.17/kg,3.75,,3 for £7.65
Co-op,Frozen,"Chips, Fries & Potatoes",McCain Gastro Triple Cooked Chips 600g,600g,£6.25/kg,3.75,,3 for £7.65
Co-op,Frozen,"Chips, Fries & Potatoes",McCain Hash Browns 625G,625g,£5.12/kg,3.20,,3 for £7.65
Co-op,Frozen,"Chips, Fries & Potatoes",McCain Home Chips Crinkle 1kg,1kg,£3.75/kg,3.75,,3 for £7.65
Co-op,Frozen,"Chips, Fries & Potatoes",McCain Home Chips Straight 1.6kg,1.6kg,£3.03/kg,4.85,,
Co-op,Frozen,"Chips, Fries & Potatoes",McCain Lightly Spiced Wedges 650g,650g,£4.92/kg,3.20,,3 for £7.65
Co-op,Frozen,"Chips, Fries & Potatoes",McCain Naked Oven Chips Straight Cut 750g,750g,£3.60/kg,2.70,,
Co-op,Frozen,"Chips, Fries & Potatoes",McCain Smiles 454g,454g,£7.05/kg,3.20,,3 for £7.65
Co-op,Frozen,Desserts & Sweet Pastries,Co-op 6 All Butter Croissants 420g,6pk,£9.76/kg,4.10,,
Co-op,Frozen,Desserts & Sweet Pastries,Co-op 6 All Butter Pain Au Chocolat 450g,6pk,£10.36/kg,4.35,,
Co-op,Frozen,Desserts & Sweet Pastries,Co-op Frozen Apple Strudel 600g,600g,£3.75/kg,2.25,,
Co-op,Frozen,Desserts & Sweet Pastries,Co-op Rhubarb Crumble 500g,500g,£7.00/kg,3.50,,
Co-op,Frozen,Desserts & Sweet Pastries,Gü Double Sea Salted Caramel A Layered Frozen Dessert 2 x 85g (170g),2pk,£24.12/kg,4.10,,
Co-op,Frozen,Desserts & Sweet Pastries,Magnum Bonbon Cherry & Milk Chocolate Ice Cream Frozen Snack 204ml 12MP,12pk,£16.91/L,3.45,5.20,£1.75 off
Co-op,Frozen,Desserts & Sweet Pastries,Trü Frü Nature's Strawberries Milk Chocolate 200g,200g,£35.75/kg,7.15,,
Co-op,Frozen,Meat & Poultry,Birds Eye 12 Chicken Dippers 220g,220g,£14.32/kg,3.15,,3 for £7.65
Co-op,Frozen,Seafood,Birds Eye 2 Battered Fish Fillets 200g,200g,£14.50/kg,2.90,,3 for £7.65
Co-op,Frozen,Meat & Poultry,Birds Eye 2 Chicken Quarter Pounders 227g,227g,£14.98/kg,3.40,,3 for £7.65
Co-op,Frozen,Meat & Poultry,Birds Eye 2 Crispy Chicken in Tempura Batter 170g,170g,£20.00/kg,3.40,,3 for £7.65
Co-op,Frozen,Meat & Poultry,Birds Eye 2 Garlic & Herb Chicken Kievs 204g,204g,£16.67/kg,3.40,,3 for £7.65
Co-op,Frozen,Meat & Poultry,Birds Eye 2 Southern Fried Chicken in Breadcrumbs 180g,180g,£18.89/kg,3.40,,3 for £7.65
Co-op,Frozen,Seafood,Birds Eye 20 Omega 3 Fish Fingers 560g,560g,£8.93/kg,5.00,,
Co-op,Frozen,Meat & Poultry,Birds Eye 22 Chicken Dippers 403g,403g,£14.39/kg,5.80,,
Co-op,Frozen,Meat & Poultry,Birds Eye 4 Chicken Burgers 200G,200g,£15.75/kg,3.15,,3 for £7.65
Co-op,Frozen,Savoury Pastries,Birds Eye 4 Shortcrust Chicken Pies 620g,620g,£7.98/kg,4.95,,
Co-op,Frozen,Seafood,Birds Eye 8 100% Crispy Fish Fingers 224G,224g,£10.49/kg,2.35,,
Co-op,Frozen,Seafood,Birds Eye 8 Delightful Haddock Breaded Fish Fingers 240g,240g,£18.54/kg,4.45,,
Co-op,Frozen,Seafood,Birds Eye 8 Wonderful Cod Breaded Fish Fingers 240g,240g,£15.42/kg,3.70,4.45,£0.75 off
Co-op,Frozen,Meat & Poultry,Birds Eye Birds Eye 2 Ultimate Chicken Fillet Burgers 227G,227g,£24.23/kg,5.50,,
Co-op,Frozen,Seafood,Birds Eye Captain's Discoveries 2 Lightly Dusted Fish Fillets with Sea Salt and Rosemary 280g,280g,£17.32/kg,4.85,,3 for £7.65
Co-op,Frozen,Seafood,Birds Eye Captain's Discoveries Crispy Lemon & Parsley Prawns Battered 220g,220g,£17.95/kg,3.95,4.70,£0.75 off
Co-op,Frozen,Meat & Poultry,Birds Eye Chicken Shop Buttermilk Chicken Tenders 300g,300g,£16.67/kg,5.00,,
Co-op,Frozen,Frozen Vegetables,Birds Eye Garden Peas 375g,375g,£4.40/kg,1.65,2.15,£0.50 off
Co-op,Frozen,Ready Meals,Birds Eye Get Real Protein Mexican Chicken Burrito Bowl 350g,350g,£11.00/kg,3.85,,3 for £7.65
Co-op,Frozen,Meat & Poultry,Birds Eye Limited Edition Chicken Shop Buffalo Hot Chicken Wings 385g,375g,£14.00/kg,5.25,,
Co-op,Frozen,Meat & Poultry,Birds Eye Limited Edition Chicken Shop Honey Chipotle BBQ Chicken Wings 385g,375g,£14.00/kg,5.25,,
Co-op,Frozen,Frozen Vegetables,Birds Eye Petits Pois 545g,545g,£6.42/kg,3.50,,3 for £7.65
Co-op,Frozen,Pizza,Chicago Town Deep Dish Pepperoni Mini Pizzas 2X155g,2pk,£6.13/kg,1.90,,
Co-op,Frozen,Pizza,Chicago Town Takeaway Stuffed Crust Pepperoni Large Pizza 645g,645g,£9.77/kg,6.30,,
Co-op,Frozen,Seafood,Co-op 10 Omega 3 Fish Fingers 300G,300g,£5.17/kg,1.55,,
Co-op,Frozen,Side Dishes,Co-op 12 Mozzarella Sticks 180g,180g,£11.94/kg,2.15,,
Co-op,Frozen,Meat Alternatives,Co-op 2 Cheese & Onion Crispbakes 240g,240g,£8.96/kg,2.15,,
Co-op,Frozen,Garlic Bread,Co-op 2 Garlic Bread Baguettes 310g,310g,£4.35/kg,1.35,,
Co-op,Frozen,Ice,Co-op 20 Self Seal Ice Cube Bags,20pk,£0.16 each,3.20,,
Co-op,Frozen,Seafood,Co-op Battered Fish Goujons 300G,300g,£13.83/kg,4.15,,
Co-op,Frozen,Side Dishes,Co-op Battered Onion Rings 454g,454g,£4.74/kg,2.15,,
Co-op,Frozen,Seafood,Co-op Breaded Wholetail Scampi 250g,250g,£15.80/kg,3.95,,3 for £7.65
Co-op,Frozen,Ready Meals,Co-op British Chicken Sweet & Sour Chicken 400g,400g,£6.88/kg,2.75,,
Co-op,Frozen,Frozen Vegetables,Co-op British Garden Peas 750g,750g,£1.93/kg,1.45,,
Co-op,Frozen,Frozen Vegetables,Co-op Carrots Cauliflower & Broccoli 800g,800g,£1.69/kg,1.35,,
Co-op,Frozen,Savoury Pastries,Co-op Classic 2 Goats Cheese & Vegetable Lattices 280G,280g,£8.57/kg,2.40,,
Co-op,Frozen,Frozen Fruit,Co-op Freshly Frozen Bluberries 300g,300g,£11.83/kg,3.55,,
Co-op,Frozen,Frozen Fruit,Co-op Freshly Frozen Summer Fruits 400g,400g,£8.88/kg,3.55,,
Co-op,Frozen,Frozen Vegetables,Co-op Frozen British Petits Pois 750g,750g,£2.13/kg,1.60,,
Co-op,Frozen,Frozen Vegetables,Co-op Frozen Diced Onions 500g,500g,£2.70/kg,1.35,,
Co-op,Frozen,Pizza,Co-op Frozen Irresistible Italian Crafted Margherita Pizza 370g,370g,£13.38/kg,4.95,,
Co-op,Frozen,Frozen Vegetables,Co-op Frozen Mixed Vegetables 750g,750g,£1.80/kg,1.35,,£0.74 loyalty card (£0.99/kg)
Co-op,Frozen,Frozen Vegetables,Co-op Frozen Sliced Carrots 750g,750g,£1.40/kg,1.05,,
Co-op,Frozen,Frozen Vegetables,Co-op Frozen Sliced Mixed Peppers 500g,500g,£2.70/kg,1.35,,
Co-op,Frozen,Pizza,Co-op Frozen Stone Baked Meat Feast 335g,335g,£6.27/kg,2.10,,
Co-op,Frozen,Pizza,Co-op Frozen Stonebaked Double Pepperoni Pizza 330g,330g,£6.36/kg,2.10,,
Co-op,Frozen,Frozen Vegetables,Co-op Frozen Whole Leaf Spinach Portions 750g,750g,£2.13/kg,1.60,,
Co-op,Frozen,Meat Alternatives,Co-op Gro Vegan Incredible Burgers 210g,210g,£11.67/kg,2.45,,
Co-op,Frozen,Ice,Co-op Ice Cubes 2kg,2kg,£0.88/kg,1.75,,
Co-op,Frozen,Pizza,Co-op Irresistible Italian Crafted Spicy Salami 390g,390pk,£0.01 each,4.95,,
Co-op,Frozen,Seafood,Co-op Irresistible Jumbo King Prawns 200g,200g,£29.00/kg,5.80,,
Co-op,Frozen,Seafood,Co-op Irresistible Raw Jumbo King Prawns 200g,200g,£29.00/kg,5.80,,
Co-op,Frozen,Seafood,Co-op Lightly Dusted Salt and Black Pepper Sole Fillets 225g,225g,£16.22/kg,3.65,,
Co-op,Frozen,Seafood,Co-op Pacific Cod Fillets 500g,500g,£20.40/kg,10.20,,
Co-op,Frozen,Frozen Fruit,Co-op Raspberries 300g,300g,£11.67/kg,3.50,,
Co-op,Frozen,Pizza,Co-op Stuffed Crust Pepperoni Pizza 468g,468g,£8.23/kg,3.85,,
Co-op,Frozen,Frozen Vegetables,Co-op Sweetcorn 750G,750g,£2.13/kg,1.60,,
Co-op,Frozen,Pizza,"Crosta & Mollica Margherita Sourdough Pizza Tomato, Mozzarella & Sicilian Oregano 436g (2x218g)",422g,£15.64/kg,6.60,,
Co-op,Frozen,Pizza,Crosta Mollica Garlic & Mozzarella Sourdough Flatbread 229g,229g,£14.41/kg,3.30,,
Co-op,Frozen,Pizza,Crosta Mollica Margherita Sourdough Pizza 403g,403g,£14.52/kg,5.85,6.85,£1 off
Co-op,Frozen,Pizza,Crosta Mollica Regina Sourdough Pizza 448g,448g,£13.06/kg,5.85,6.85,£1 off
Co-op,Frozen,Pizza,Dr. Oetker Ristorante Mozzarella Cheese Pizza 335g,335g,£12.24/kg,4.10,,3 for £7.65
Co-op,Frozen,Savoury Pastries,Genius 2 Chicken Pies 320g,2pk,£12.66/kg,4.05,,
Co-op,Frozen,Pizza,Goodfella's Margherita Stonebaked Thin 334g,334g,£10.63/kg,3.55,,3 for £7.65
Co-op,Frozen,Pizza,Goodfella's Pepperoni Stonebaked Thin 332g,332g,£10.69/kg,3.55,,3 for £7.65
Co-op,Frozen,Savoury Pastries,Holland's 4 Potato & Meat Pies,4pk,£7.34/kg,5.40,,
Co-op,Frozen,Savoury Pastries,Holland's 4 Steak & Kidney Puddings,4pk,£7.80/kg,5.40,,
Co-op,Frozen,Side Dishes,Humza Frozen Chicken Spring Rolls 650g,650g,£8.69/kg,5.65,,
Co-op,Frozen,Side Dishes,Humza Frozen Vegetable Samosas 650g,650g,£8.69/kg,5.65,,
Co-op,Frozen,Side Dishes,Humza Premium Food Products Frozen Chicken Samosas 20 Pieces 650g,650g,£8.69/kg,5.65,,
Co-op,Frozen,Savoury Pastries,Island Delight Spicy Vegetable Jamaican Pattie Flaky Pastry 140g,140g,£12.14/kg,1.70,,
Co-op,Frozen,Side Dishes,Itsu 8 Hoisin Duck Bao'buns 256g,256g,£12.30/kg,3.15,4.65,£1.50 off
Co-op,Frozen,Frozen Vegetables,Itsu Garlic & Chilli Edamame 300g,300g,£12.83/kg,3.85,,3 for £7.65
Co-op,Frozen,Savoury Pastries,Linda McCartney's 2 Vegetarian Country Pies 380g,380g,£7.89/kg,3.00,,
Co-op,Frozen,Meat Alternatives,Linda McCartney's 2 Vegetarian Mozzarella 1/4 lb Burgers 227g,227g,£13.22/kg,3.00,,3 for £7.65
Co-op,Frozen,Meat Alternatives,Linda McCartney's 6 Vegetarian Sausages 270g,270g,£11.11/kg,3.00,,3 for £7.65
Co-op,Frozen,Pizza,One Planet Pizza Plant-Based Sourdough Peppernomi 310g,310g,£14.19/kg,4.40,,
Co-op,Frozen,Savoury Pastries,Pukka 4 Sausage Rolls 360g,4pk,£0.68 each,2.70,,
Co-op,Frozen,Meat Alternatives,Quorn 2 Cheese & Broccoli Escalopes 240g,240g,£14.79/kg,3.55,,3 for £7.65
Co-op,Frozen,Meat Alternatives,Quorn Crispy Nuggets 300g,300g,£11.00/kg,3.30,,
Co-op,Frozen,Meat Alternatives,Quorn Mince 300g,300g,£11.00/kg,3.30,,
Co-op,Frozen,Meat Alternatives,Quorn Pieces 300g,300g,£11.00/kg,3.30,,
Co-op,Frozen,Meat & Poultry,Richmond 12 Thick Pork Sausages 516g,516g,£5.62/kg,2.90,,3 for £7.65
Co-op,Frozen,Meat Alternatives,Richmond Meat-Free 8 Tasty Sausages 304g,304g,£9.05/kg,2.75,,
Co-op,Frozen,Frozen Vegetables,Surya Crushed Ginger Garlic Cubes 400g,400g,£4.13/kg,1.65,,
Co-op,Frozen,Frozen Vegetables,Surya Sliced Okra Bhindi 1kg,1kg,£3.85/kg,3.85,,
Co-op,Frozen,Ready Meals,The Gym Kitchen Meat Feast Pasta 400g,400g,£7.50/kg,3.00,,
Co-op,Frozen,Ready Meals,The Gym Kitchen Salt & Pepper Chicken 550g,550g,£7.18/kg,3.95,,
Co-op,Frozen,Ice,The Ice Co Party Ice Cubes 1kg,1kg,£1.75/kg,1.75,,
Co-op,Frozen,Meat Alternatives,This™Isn't Chicken Pieces 250g,250g,£14.20/kg,3.55,,3 for £7.65
Co-op,Frozen,Seafood,Whitby Seafoods Jumbo Wholetail Scampi 200g,200g,£22.25/kg,4.45,,
Co-op,Frozen,Seafood,Whitby Seafoods Scampi Bites 190g,190g,£8.68/kg,1.65,,
Co-op,Frozen,Seafood,Young's 4 Cod Fish Cakes 200g,200g,£7.75/kg,1.55,,
Co-op,Frozen,Ready Meals,Young's Admiral's Fish Pie 300g,300g,£10.00/kg,3.00,,
Co-op,Frozen,Seafood,Young's Chip Shop 2 Extra Large Beer Batter Fish Fillet 300g,300g,£16.67/kg,5.00,,
Co-op,Frozen,Seafood,Young's Chip Shop 4 Cod Fillets 400g,400g,£19.75/kg,7.90,,
Co-op,Frozen,Seafood,Young's Chip Shop 4 Omega 3 Fish Fillets 400g,400g,£13.13/kg,5.25,,
Co-op,Frozen,Seafood,Young's Chip Shop Omega 3 2 Fish Steaks 200g,200g,£15.75/kg,3.15,,3 for £7.65
Co-op,Frozen,Seafood,Young's Extra Crispy 8 Batter Fish Fingers 240g,240g,£10.83/kg,2.60,,
Co-op,Frozen,Seafood,Young's Scampi 220g,220g,£23.86/kg,5.25,,
Co-op,Frozen,Side Dishes,itsu Chicken Gyoza 12 Dinner Dumplings 240g,12pk,£1.28/kg,3.70,4.95,£1.25 off
Co-op,Frozen,Side Dishes,itsu Chicken Soup' Dumplings 168g,168g,£22.92/kg,3.85,,
Co-op,Frozen,Meat & Poultry,itsu Korean Style Crispy Chicken 340g,340g,£12.35/kg,4.20,5.20,£1 off
Co-op,Fruit,Apples & Pears,Co-op 4 Pink Lady Apples,4pk,£0.71 each,2.85,,
Co-op,Fruit,Apples & Pears,Co-op Braeburn Apples,4pk,£0.44 each,1.75,,
Co-op,Fruit,Apples & Pears,Co-op Conference Pears,1pk,£2.20 each,2.20,,
Co-op,Fruit,Apples & Pears,Co-op Family Apples,8pk,£0.22 each,1.75,1.95,£0.20 off
Co-op,Fruit,Apples & Pears,Co-op Granny Smith Apples,4pk,£0.50 each,2.00,,
Co-op,Fruit,Apples & Pears,Co-op Organic Apples 5S,4pk,£0.68 each,2.70,,
Co-op,Fruit,Apples & Pears,Co-op Organic Pink Lady 4S,4pk,£0.94 each,3.75,,
Co-op,Fruit,Apples & Pears,Co-op Pink Lady Apple 156g,1pk,£0.70 each,0.70,,
Co-op,Fruit,Apples & Pears,Co-op Ripe and Ready Pears,4pk,£0.64 each,2.55,,
Co-op,Fruit,Apples & Pears,Co-op Royal Gala Apples 6 Pack,6pk,£0.45 each,2.70,,£1.59 loyalty card (£0.27 each)
Co-op,Fruit,Apples & Pears,Co-op Seasonal British Apples,4pk,£0.61 each,2.45,,
Co-op,Fruit,Back to Routine ⏰☕,Co-op Fairtrade Organic Bananas,5pk,£0.37 each,1.85,,
Co-op,Fruit,Back to Routine ⏰☕,Co-op Irresistible Blueberries 125g,150g,£23.00/kg,3.45,,
Co-op,Fruit,Back to Routine ⏰☕,Co-op Seedless Mixed Grapes 500g,500g,£5.60/kg,2.80,,
Co-op,Fruit,Bananas,Co-op Fairtrade Banana EACH,1pk,£0.30 each,0.30,,
Co-op,Fruit,Bananas,Co-op Fairtrade Bananas,5pk,£0.26 each,1.30,,
Co-op,Fruit,Bananas,Co-op Fairtrade Small Bananas,6pk,£0.21 each,1.25,,
Co-op,Fruit,Berries,Co-op Blackberries Punnet 150g,150g,£21.67/kg,3.25,,
Co-op,Fruit,Berries,Co-op Blueberries 150g,150g,£17.33/kg,2.60,,
Co-op,Fruit,Berries,Co-op Blueberries Large Punnet 225g,225g,£15.33/kg,3.45,,
Co-op,Fruit,Berries,Co-op British Raspberries Punnet,225g,£16.89/kg,3.80,,
Co-op,Fruit,Berries,Co-op Cherries,200g,£19.00/kg,3.80,,
Co-op,Fruit,Berries,Co-op Cherries 300g,1pk,£5.45 each,5.45,,
Co-op,Fruit,Berries,Co-op Irresistible Raspberries,140g,£27.14/kg,3.80,,2 for £6.55
Co-op,Fruit,Berries,Co-op Irresistible Strawberries,227g,£17.84/kg,4.05,,2 for £6.55
Co-op,Fruit,Berries,Co-op Raspberries 150g,150g,£18.00/kg,2.70,,
Co-op,Fruit,Berries,Co-op Strawberries,227g,£13.00/kg,2.95,,
Co-op,Fruit,Berries,Co-op Strawberries Large Punnet,400g,£10.13/kg,4.05,,
Co-op,Fruit,Citrus Fruit,Co-op 4 Hand Picked Oranges,4pk,£0.69 each,2.75,,
Co-op,Fruit,Citrus Fruit,Co-op 4 Unwaxed Lemons,4pk,£0.50 each,2.00,,
Co-op,Fruit,Citrus Fruit,Co-op Easy Peeler 600g,600g,£2.50/kg,1.50,,
Co-op,Fruit,Citrus Fruit,Co-op Easy Peelers,1kg,£2.80/kg,2.80,,
Co-op,Fruit,Citrus Fruit,Co-op Irresistible Easy Peelers 600G,500g,£4.70/kg,2.35,,
Co-op,Fruit,Citrus Fruit,Co-op Lemon EACH,1pk,£0.40 each,0.40,,
Co-op,Fruit,Citrus Fruit,Co-op Lime EACH,1pk,£0.35 each,0.35,,
Co-op,Fruit,Citrus Fruit,Co-op Oranges EACH,1pk,£0.45 each,0.45,,
Co-op,Fruit,Citrus Fruit,Co-op Ruby Red Grapefruit Large EACH,1pk,£0.75 each,0.75,,
Co-op,Fruit,Other Fruit,Co-op 2 Mangoes,2pk,£1.18 each,2.35,,
Co-op,Fruit,Other Fruit,Co-op Apricots,320g,£6.72/kg,2.15,,
Co-op,Fruit,Other Fruit,Co-op Cantaloupe Melon,1pk,£2.85 each,2.85,,
Co-op,Fruit,Other Fruit,Co-op Flat Peaches,4pk,£0.40 each,1.60,,
Co-op,Fruit,Grapes,Co-op Irresistible Limited Edition Grapes 400G,400g,£6.75/kg,2.70,,
Co-op,Fruit,Other Fruit,Co-op Irresistible Sungold Kiwi Pack,3pk,£0.82 each,2.45,,
Co-op,Fruit,Grapes,Co-op Irresistible Sweet & Aromatic Grapes 400g,400g,£7.75/kg,3.10,,
Co-op,Fruit,Other Fruit,Co-op Kiwi Fruits,4pk,£0.54 each,2.15,,
Co-op,Fruit,Other Fruit,Co-op Mini Watermelon,1pk,£3.50 each,3.50,,
Co-op,Fruit,Other Fruit,Co-op Nectarines,3pk,£0.63 each,1.90,,
Co-op,Fruit,Other Fruit,Co-op Pineapple,1pk,£1.35 each,1.35,,
Co-op,Fruit,Other Fruit,Co-op Plums Punnet,400g,£4.13/kg,1.65,1.85,£0.20 off
Co-op,Fruit,Other Fruit,Co-op Ripe & Ready Nectarines,3pk,£0.98 each,2.95,,
Co-op,Fruit,Other Fruit,Co-op Ripe & Ready Peaches,1pk,£2.95 each,2.95,,
Co-op,Fruit,Other Fruit,Co-op Ripe Mango,1pk,£1.30 each,1.30,,
Co-op,Fruit,Other Fruit,Co-op Seasonal Limited Edition Melon,1pk,£3.05 each,3.05,,
Co-op,Fruit,Grapes,Co-op Seedless Black Grapes 500g,500g,£5.50/kg,2.75,,
Co-op,Fruit,Grapes,Co-op Seedless Green Grapes 500g,500g,£5.20/kg,2.60,,
Co-op,Fruit,Grapes,Co-op Seedless Red Grapes 500g,500g,£5.50/kg,2.75,,£1.89 loyalty card (£3.78/kg)
Co-op,Fruit,Grapes,Co-op Solo Red Grape 110G,6pk,£2.42/kg,1.60,,
Co-op,Fruit,Other Fruit,Co-op Yellow Melon,1pk,£2.50 each,2.50,,
Co-op,Fruit Juice & Smoothies,Apple Juice,Cawston Press Apple & Ginger 1L,1L,£4.70/L,4.70,,
Co-op,Fruit Juice & Smoothies,Apple Juice,Co-op Apple Juice 1L,1L,£1.61/L,1.61,2.30,30% off
Co-op,Fruit Juice & Smoothies,Apple Juice,Co-op Pure Apple Juice 1L,1L,£2.10/L,2.10,,
Co-op,Fruit Juice & Smoothies,Apple Juice,Co-op Pure Apple Juice Multipack 3 x 200ml,3pk,£3.50/L,2.10,,
Co-op,Fruit Juice & Smoothies,Apple Juice,Copella Cloudy Apple 900ml,900ml,£4.17/L,3.75,,
Co-op,Fruit Juice & Smoothies,Apple Juice,Innocent Apple Juice 1.35L,1.35L,£4.15/L,5.60,,
Co-op,Fruit Juice & Smoothies,Apple Juice,Innocent Apple Juice 330ml,330ml,£6.67/L,2.20,,
Co-op,Fruit Juice & Smoothies,Apple Juice,Innocent Apple Juice 900ml,900ml,£2.61/L,2.35,4.00,£1.65 off
Co-op,Fruit Juice & Smoothies,Back to Routine ⏰☕,Co-op Smooth Orange Juice 1L,1L,£2.30/L,2.30,,£1.75 loyalty card (£1.75/L)
Co-op,Fruit Juice & Smoothies,Smoothies & Fruit Juice,Appletiser Mini Can 150ML,150ml,£6.33/L,0.95,,5 for £3
Co-op,Fruit Juice & Smoothies,Orange Juice,Capri Sun Orange 20 x 200ml (4l),20pk,£1.80/L,7.20,,
Co-op,Fruit Juice & Smoothies,Smoothies & Fruit Juice,Cawston Press Brilliant Beetroot 1L,1L,£4.00/L,4.00,,
Co-op,Fruit Juice & Smoothies,Smoothies & Fruit Juice,Co-op Apple & Mango Juice 1L,1L,£2.40/L,2.40,,
Co-op,Fruit Juice & Smoothies,Smoothies & Fruit Juice,Co-op Apple & Raspberry Juice Drink 1L,1L,£2.40/L,2.40,,
Co-op,Fruit Juice & Smoothies,Smoothies & Fruit Juice,Co-op Apple Pear & Kiwi Smoothie with Cucumber 750ml,750ml,£3.40/L,2.55,,
Co-op,Fruit Juice & Smoothies,Smoothies & Fruit Juice,Co-op Apple Pineapple Banana & Coconut Smoothie 750ml,750ml,£2.93/L,2.20,,
Co-op,Fruit Juice & Smoothies,Smoothies & Fruit Juice,Co-op Cranberry Juice Drink 1L,1L,£2.30/L,2.30,,£1.19 loyalty card (£1.19/L)
Co-op,Fruit Juice & Smoothies,Orange Juice,Co-op Irresistible Freshly Squeezed Orange Juice 1L,1L,£4.10/L,4.10,,
Co-op,Fruit Juice & Smoothies,Orange Juice,Co-op Irresistible Orange Juice with Bits 1L,1L,£4.50/L,4.50,,
Co-op,Fruit Juice & Smoothies,Smoothies & Fruit Juice,Co-op Mango & Passionfruit Smoothie 750ML,750ml,£2.93/L,2.20,,
Co-op,Fruit Juice & Smoothies,Smoothies & Fruit Juice,Co-op Orange & Mango Juice 1L,1L,£2.40/L,2.40,,
Co-op,Fruit Juice & Smoothies,Orange Juice,Co-op Orange Juice with Bits 1L,1L,£2.30/L,2.30,,£1.75 loyalty card (£1.75/L)
Co-op,Fruit Juice & Smoothies,Smoothies & Fruit Juice,Co-op Pineapple Juice 1L,1L,£2.30/L,2.30,,
Co-op,Fruit Juice & Smoothies,Orange Juice,Co-op Pure Orange Juice 1L,1L,£2.10/L,2.10,,£1.15 loyalty card (£1.15/L)
Co-op,Fruit Juice & Smoothies,Orange Juice,Co-op Pure Orange Juice 3X200ML,3pk,£3.50/L,2.10,,
Co-op,Fruit Juice & Smoothies,Smoothies & Fruit Juice,Co-op Strawberry & Banana Smoothie 750ml,750ml,£3.40/L,2.55,,
Co-op,Fruit Juice & Smoothies,Smoothies & Fruit Juice,Co-op Tomato Juice 1 Litre,1L,£2.10/L,2.10,,
Co-op,Fruit Juice & Smoothies,Smoothies & Fruit Juice,Co-op Tropical Juice 1L,1L,£2.40/L,2.40,,
Co-op,Fruit Juice & Smoothies,Smoothies & Fruit Juice,Innocent Energise Super Smoothie 750ML,750ml,£3.93/L,2.95,5.40,£2.45 off
Co-op,Fruit Juice & Smoothies,Smoothies & Fruit Juice,Innocent Invigorate Super Smoothie 300Ml,300ml,£10.00/L,3.00,,
Co-op,Fruit Juice & Smoothies,Smoothies & Fruit Juice,"Innocent Kids Smoothies Oranges, Mangoes & Pineapples 4x150ml",4pk,£4.83/L,2.90,4.40,£1.50 off
Co-op,Fruit Juice & Smoothies,Orange Juice,Innocent Orange Juice Smooth 1.35L,1.35L,£4.15/L,5.60,,
Co-op,Fruit Juice & Smoothies,Orange Juice,Innocent Orange Juice Smooth 330ml,330ml,£6.67/L,2.20,,
Co-op,Fruit Juice & Smoothies,Orange Juice,Innocent Orange Juice smooth 900ml,900ml,£2.61/L,2.35,4.00,£1.65 off
Co-op,Fruit Juice & Smoothies,Orange Juice,Innocent Orange Juice with Bits 1.35L,1.35L,£4.00/L,5.40,,
Co-op,Fruit Juice & Smoothies,Orange Juice,Innocent Orange Juice with Bits 900ml,900ml,£2.61/L,2.35,4.00,£1.65 off
Co-op,Fruit Juice & Smoothies,Smoothies & Fruit Juice,"Innocent Pineapple, Strawberry & Apple Pressed Juice 900ml",900ml,£2.56/L,2.30,3.70,£1.40 off
Co-op,Fruit Juice & Smoothies,Smoothies & Fruit Juice,"Innocent Pineapples, Bananas & Coconuts Smoothie 750ml",750ml,£5.87/L,4.40,,
Co-op,Fruit Juice & Smoothies,Smoothies & Fruit Juice,Innocent Plus Berry Set Go Raspberry & Cherry Juice 330Ml,330ml,£9.09/L,3.00,,
Co-op,Fruit Juice & Smoothies,Smoothies & Fruit Juice,Innocent Plus Berry Set Go Raspberry & Cherry Juice 750ml,750ml,£7.20/L,5.40,,
Co-op,Fruit Juice & Smoothies,Smoothies & Fruit Juice,"Innocent Plus Bolt from the Blue Guava, Lime, Apple, Coconut Water & Blue Spirulina Juice 330ml",330ml,£9.09/L,3.00,,
Co-op,Fruit Juice & Smoothies,Smoothies & Fruit Juice,Innocent Plus Citrus Shield Orange & Carrot Juice 750ml,750ml,£7.20/L,5.40,,
Co-op,Fruit Juice & Smoothies,Smoothies & Fruit Juice,Innocent Smoothie Mangoes Passion Fruits & Apples 750ml,750ml,£5.87/L,4.40,,
Co-op,Fruit Juice & Smoothies,Smoothies & Fruit Juice,Innocent Smoothie Strawberries & Bananas 750ml,750ml,£5.87/L,4.40,,
Co-op,Fruit Juice & Smoothies,Smoothies & Fruit Juice,"Innocent Smoothies Just for Kids Strawberries, Raspberries & Apples 4 x 150ml",4pk,£4.83/L,2.90,4.40,£1.50 off
Co-op,Fruit Juice & Smoothies,Smoothies & Fruit Juice,"Innocent Strawberries, Bananas & Apples 250ml",250ml,£10.40/L,2.60,,
Co-op,Fruit Juice & Smoothies,Smoothies & Fruit Juice,"Innocent Super Smoothie Invigorate, Kiwi & Cucumber Juice with Vitamins 750ml",750ml,£3.93/L,2.95,5.40,£2.45 off
Co-op,Fruit Juice & Smoothies,Smoothies & Fruit Juice,"Innocent Super Smoothie Raspberry, Cranberry & Pomegranate with Vitamins 750ml",750ml,£3.93/L,2.95,5.40,£2.45 off
Co-op,Fruit Juice & Smoothies,Smoothies & Fruit Juice,Innocent Super Smoothies Energise 300ML,300ml,£10.17/L,3.05,,
Co-op,Fruit Juice & Smoothies,Smoothies & Fruit Juice,Innocent Tropical Juice 1.35L,1.35L,£4.15/L,5.60,,
Co-op,Fruit Juice & Smoothies,Smoothies & Fruit Juice,Innocent Tropical Juice 900ml,900ml,£2.61/L,2.35,4.00,£1.65 off
Co-op,Fruit Juice & Smoothies,Smoothies & Fruit Juice,Mockingbird Raw Boost Smoothie 250Ml,250ml,£12.40/L,3.10,,
Co-op,Fruit Juice & Smoothies,Smoothies & Fruit Juice,Mockingbird Raw Greens Smoothie 250Ml,250ml,£12.40/L,3.10,,
Co-op,Fruit Juice & Smoothies,Smoothies & Fruit Juice,Mockingbird Raw Press Raw Boost Virgin Smoothie 750ml,750ml,£6.73/L,5.05,,
Co-op,Fruit Juice & Smoothies,Smoothies & Fruit Juice,Mockingbird Raw Press Raw Daily Greens+ Virgin Juice 750ml,750ml,£7.33/L,5.50,,
Co-op,Fruit Juice & Smoothies,Smoothies & Fruit Juice,Mockingbird Raw Press Raw Greens Virgin Smoothie 750ml,750ml,£6.73/L,5.05,,
Co-op,Fruit Juice & Smoothies,Smoothies & Fruit Juice,Mockingbird Raw Press Raw Shield Virgin Juice 750ml,750ml,£6.73/L,5.05,,
Co-op,Fruit Juice & Smoothies,Smoothies & Fruit Juice,Ocean Spray Cranberry Juice Drink 1 Litre,1L,£2.40/L,2.40,,
Co-op,Fruit Juice & Smoothies,Smoothies & Fruit Juice,Rubicon Mango Exotic Juice Drink 1LTR,1L,£2.80/L,2.80,,
Co-op,Fruit Juice & Smoothies,Smoothies & Fruit Juice,Rubicon Still Deluxe Mango 1 Litre,1L,£3.00/L,3.00,,
Co-op,Fruit Juice & Smoothies,Smoothies & Fruit Juice,Rubicon Still Guava Juice Drink 1 Litre,1L,£2.80/L,2.80,,
Co-op,Fruit Juice & Smoothies,Smoothies & Fruit Juice,Simplee Aloe Aloe Drink 1Ltr,1L,£3.40/L,3.40,,
Co-op,Fruit Juice & Smoothies,Orange Juice,Tropicana Original Orange with Juicy Bits 900ml,900ml,£4.17/L,3.75,,
Co-op,Fruit Juice & Smoothies,Orange Juice,Tropicana Smooth Orange with No Bits 900ml,900ml,£4.17/L,3.75,,
Co-op,Fruit Juice & Smoothies,Smoothies & Fruit Juice,"innocent Plus Green Alert, Apple, Pear, Cucumber & Matcha Juice with Vitamins 750ml",750ml,£6.40/L,4.80,,
Co-op,"Gifts, Parties, Toys",Gifts,Air Wick Candle Pink Sweet Pea 105G,1pk,£4.05 each,4.05,,
Co-op,"Gifts, Parties, Toys",Gifts,Air Wick Essential Oils White Vanilla Bean 105G,1pk,£4.05 each,4.05,,
Co-op,"Gifts, Parties, Toys",Gifts,Glade Scented Candle Honey & Chocolate 112g,112g,£26.34/kg,2.95,5.05,£2.10 off
Co-op,"Gifts, Parties, Toys",Gifts,Lindt Teddy Milk Chocolate with Gift Tag 100g,100g,£44.00/kg,4.40,,
Co-op,"Gifts, Parties, Toys",Party Supplies,Dr. Oetker 12 Metallic Birthday Candles,1pk,£2.30 each,2.30,,
Co-op,"Gifts, Parties, Toys",Party Supplies,Dr.Oetker Birthday Cake Topper,8g,£343.75/kg,2.75,,
Co-op,"Gifts, Parties, Toys",Party Supplies,Happy Birthday Candles,1pk,£2.20 each,2.20,,
Co-op,"Gifts, Parties, Toys",Party Supplies,Table Fun 10 Rainbow Balloons,10pk,£0.16 each,1.60,,
Co-op,"Gifts, Parties, Toys",Party Supplies,Table Fun 12 Blue Candles,12pk,£0.23 each,2.70,,
Co-op,"Gifts, Parties, Toys",Party Supplies,Table Fun 12 Pink Candles,12pk,£0.23 each,2.70,,
Co-op,"Gifts, Parties, Toys",Party Supplies,Table Fun 7 Number Candle,1pk,£1.05 each,1.05,,
Co-op,"Gifts, Parties, Toys",Party Supplies,Table Fun 8 Number Candle,1pk,£1.05 each,1.05,,
Co-op,"Gifts, Parties, Toys",Party Supplies,Table Fun Birthday Badge,1pk,£2.15 each,2.15,,
Co-op,"Gifts, Parties, Toys",Party Supplies,Table Fun Happy Birthday Candle,1pk,£3.25 each,3.25,,
Co-op,"Gifts, Parties, Toys",Party Supplies,Table Fun Happy Birthday Garland 2.5 Meters,1pk,£3.80 each,3.80,,
Co-op,"Gifts, Parties, Toys",Party Supplies,Table Fun Number 0 Candle,1pk,£1.05 each,1.05,,
Co-op,"Gifts, Parties, Toys",Party Supplies,Table Fun Number 1 Candle,1pk,£1.05 each,1.05,,
Co-op,"Gifts, Parties, Toys",Party Supplies,Table Fun Number 2 Candle,1pk,£1.05 each,1.05,,
Co-op,"Gifts, Parties, Toys",Party Supplies,Table Fun Number 3 Candle,1pk,£1.05 each,1.05,,
Co-op,"Gifts, Parties, Toys",Party Supplies,Table Fun Number 4 Candle,1pk,£1.05 each,1.05,,
Co-op,"Gifts, Parties, Toys",Party Supplies,Table Fun Number 5 Candle,1pk,£1.05 each,1.05,,
Co-op,"Gifts, Parties, Toys",Party Supplies,Table Fun Number 9 Candle,1pk,£1.05 each,1.05,,
Co-op,"Gifts, Parties, Toys",Party Supplies,Table Fun Number Candle 6,1pk,£1.05 each,1.05,,
Co-op,Health Care,Allergy & Hayfever,Allevia 120mg 7 Tablets,7pk,£0.60 each,4.20,,
Co-op,Health Care,Allergy & Hayfever,BENADRYL  Allergy Relief capsules gets to work in 15mins for Allergy relief. Pack of 12.,12pk,£0.67 each,8.00,,
Co-op,Health Care,Allergy & Hayfever,Beconase Hayfever Relief for Adults 0.05% Nasal Spray,100pk,£0.08 each,7.85,,
Co-op,Health Care,Allergy & Hayfever,Benadryl Allergy Relief Capsules Fast-Acting Antihistamine 24 Capsules,24pk,£0.55 each,13.10,,
Co-op,Health Care,Allergy & Hayfever,Clarityn Allergy 10mg Tablets 20 Tablets,20pk,£0.49 each,9.70,,
Co-op,Health Care,Allergy & Hayfever,"Pirilieve Hayfever Relief Fexofenadine Tablets, 10s",10pk,£0.55 each,5.50,,
Co-op,Health Care,Allergy & Hayfever,"Pirinase Hayfever Once Daily Nasal Spray, 60 Sprays",1pk,£10.50 each,10.50,,
Co-op,Health Care,Allergy & Hayfever,"Piriteze Children’s Hayfever & Allergy Syrup 2 years+, 70ml",70ml,£99.29/L,6.95,,
Co-op,Health Care,Allergy & Hayfever,"Piriteze Hayfever & Allergy Antihistamine Tablets, 14s",14pk,£0.51 each,7.15,,
Co-op,Health Care,Allergy & Hayfever,The Co-operative Hayfever & Allergy Relief 14 Tablets,14pk,£0.17 each,2.35,,
Co-op,Health Care,"Cough, Cold & Flu","Beechams All In One Tablets, Cold & Flu Relief with Paracetamol, 16s",16pk,£0.34 each,5.50,,
Co-op,Health Care,"Cough, Cold & Flu","Beechams Cold & Flu All in One Liquid, with Paracetamol, 160ml",160ml,£38.13/L,6.10,,
Co-op,Health Care,"Cough, Cold & Flu","Beechams Max Strength Capsules, Cold & Flu Relief with Paracetamol, 16s",16pk,£0.43 each,6.95,,
Co-op,Health Care,"Cough, Cold & Flu",Benylin Chesty Coughs (Non-Drowsy),150ml,£45.33/L,6.80,,
Co-op,Health Care,"Cough, Cold & Flu",Benylin Children's Dry Cough and Sore Throat Syrup 125ml,125ml,£44.80/L,5.60,,
Co-op,Health Care,"Cough, Cold & Flu",Benylin Dry & Tickly Cough Syrup,150ml,£45.33/L,6.80,,
Co-op,Health Care,"Cough, Cold & Flu",Benylin Infant's Cough Syrup,125ml,£44.80/L,5.60,,
Co-op,Health Care,"Cough, Cold & Flu",Benylin Mucus Cough Max Honey & Lemon Flavour Syrup 150ml,150ml,£43.00/L,6.45,,
Co-op,Health Care,"Cough, Cold & Flu",Co-op Dry Tickly Cough 0.75g/5ml Oral Solution Lemon & Honey Flavour 300ml,300ml,£12.00/L,3.60,,
Co-op,Health Care,"Cough, Cold & Flu",Co-op Mucus Cough 100mg/5ml Oral Solution Guaifenesin 300ml,300ml,£12.17/L,3.65,,
Co-op,Health Care,"Cough, Cold & Flu",Co-op Sugar Free Cherry Drops with Menthol 42g,14pk,£1.87/kg,1.10,,
Co-op,Health Care,"Cough, Cold & Flu",Co-op Sugar Free Pear Drops 42g,14pk,£1.87/kg,1.10,,
Co-op,Health Care,"Cough, Cold & Flu",Covonia Chesty Cough Mixture Mentholated 150ml,150ml,£40.00/L,6.00,,
Co-op,Health Care,"Cough, Cold & Flu",Halls Cherry Sugar Free Lozenges Roll 32g,32g,£28.13/kg,0.90,,
Co-op,Health Care,"Cough, Cold & Flu",Halls Soothers Blackcurrant Lozenges Roll 45g,45g,£20.00/kg,0.90,,
Co-op,Health Care,"Cough, Cold & Flu",Jakemans Throat & Chest Soothing Menthol Lozenges 160g,160g,£13.13/kg,2.10,,
Co-op,Health Care,"Cough, Cold & Flu",Lemsip Cold & Flu Lemon 10 Sachets,10pk,£0.57 each,5.70,,
Co-op,Health Care,"Cough, Cold & Flu",Lemsip Max All in One Lemon 8 Sachets,8pk,£1.03 each,8.20,,
Co-op,Health Care,"Cough, Cold & Flu",Lemsip Max Cold & Flu 16 Capsules,16pk,£0.37 each,5.85,,
Co-op,Health Care,"Cough, Cold & Flu",Lemsip Max Cold & Flu Blackcurrant 10 Sachets,10pk,£0.75 each,7.50,,
Co-op,Health Care,"Cough, Cold & Flu",Lemsip Max Cold & Flu Lemon 10 Sachets,10pk,£0.72 each,7.15,,
Co-op,Health Care,"Cough, Cold & Flu",Lemsip Max Day & Night Cold & Flu Relief Capsules 16 Capsules,16pk,£0.47 each,7.50,,
Co-op,Health Care,"Cough, Cold & Flu",Lockets Honey & Lemon 41g,1pk,£1.05 each,1.05,,
Co-op,Health Care,"Cough, Cold & Flu",Olbas Inhaler Nasal Stick 2 x 695mg,2pk,£1.80 each,3.60,,
Co-op,Health Care,"Cough, Cold & Flu",Olbas Oil Inhalant Decongestant 12ml,12ml,£450.00/L,5.40,,
Co-op,Health Care,"Cough, Cold & Flu",Otrivine Blocked Nose Relief Nasal Spray Adult Metered Dose 0.1% 10ml,10ml,£505.00/L,5.05,,
Co-op,Health Care,"Cough, Cold & Flu",Strepsils Extra Triple Action Blackcurrant Lozenges 24 Lozenges,24pk,£0.31 each,7.50,,
Co-op,Health Care,"Cough, Cold & Flu",Strepsils Honey & Lemon Lozenges x36 for Sore Throat,36pk,£0.19 each,6.80,,
Co-op,Health Care,"Cough, Cold & Flu",Strepsils Orange with Vitamin C 100mg Lozenges 36 Lozenges,36pk,£0.18 each,6.65,,
Co-op,Health Care,"Cough, Cold & Flu",Strepsils Sore Throat & Cough Lozenges 24 Lozenges,24pk,£0.31 each,7.50,,
Co-op,Health Care,"Cough, Cold & Flu",Sudafed Blocked Nose Spray 15ml,15ml,£410.00/L,6.15,,
Co-op,Health Care,"Cough, Cold & Flu","Sudafed Congestion & Headache Relief Max Strength Capsules, hard",16pk,£0.40 each,6.45,,
Co-op,Health Care,"Cough, Cold & Flu",Sudafed Sinus Max Strength 16 Capsules,16pk,£0.38 each,6.15,,
Co-op,Health Care,"Cough, Cold & Flu",The Co-operative Max Strength Cold & Flu 16 Capsules,16pk,£0.15 each,2.35,,
Co-op,Health Care,"Cough, Cold & Flu",The Co-operative Max Strength Cold & Flu Relief Powder for Oral Suspension Lemon Flavour 10 Sachets,10pk,£0.36 each,3.60,,
Co-op,Health Care,"Cough, Cold & Flu",Vicks Inhaler Nasal Stick,1ml,"£7,100.00/L",3.55,,
Co-op,Health Care,"Cough, Cold & Flu",Vicks Nasal Spray 15ml,15ml,£420.00/L,6.30,,
Co-op,Health Care,"Cough, Cold & Flu",Vicks TripleAction with Blackcurrant Flavour Syrup 42g,1pk,£1.25 each,1.25,,
Co-op,Health Care,"Cough, Cold & Flu",Vicks Vaporub 100G,100g,£70.00/kg,7.00,,
Co-op,Health Care,Digestive Health,Anusol Cream for hemorrhoids and piles treatment 23g,23g,£260.87/kg,6.00,,
Co-op,Health Care,Digestive Health,Boost Hydration Apple & Cherry Electrolyte Drink Mix 7g,7g,£150.00/kg,1.05,,
Co-op,Health Care,Digestive Health,Boost Hydration Strawberry Watermelon Electrolyte Drink Mix 7g,7g,£150.00/kg,1.05,,
Co-op,Health Care,Digestive Health,Boost Hydration Tropical Mango Electrolyte Drink Mix 7g,7g,£150.00/kg,1.05,,
Co-op,Health Care,Digestive Health,Buscopan IBS Relief 8 Tablets,8pk,£0.56 each,4.45,,
Co-op,Health Care,Digestive Health,Co-op Diarrrhoea Relief 2mg Capsules 6 Pack,6pk,£0.20 each,1.20,,
Co-op,Health Care,Digestive Health,Dulcolax Adult 8 Tablets,8pk,£0.28 each,2.20,,
Co-op,Health Care,Digestive Health,Fybogel Hi-Fibre Orange Ispaghula Husk Fibre Drink 10 Sachets,10pk,£0.68 each,6.80,,
Co-op,Health Care,Digestive Health,Galpharm Esomeprazole 20mg Gastro-Resistant Capsules 7 Capsules,7pk,£0.82 each,5.75,,
Co-op,Health Care,Digestive Health,Gaviscon Advance Double Strength Heartburn & Indigestion Aniseed Flavour 150ml,150ml,£56.00/L,8.40,,
Co-op,Health Care,Digestive Health,Gaviscon Double Action Aniseed Oral Suspension 250ml,250ml,£50.40/L,12.60,,
Co-op,Health Care,Digestive Health,Gaviscon Double Action Heartburn & Indigestion Liquid Mint Flavour 150ml,150ml,£54.67/L,8.20,,
Co-op,Health Care,Digestive Health,"Gaviscon Double Action Heartburn & Indigestion Mint Flavour Tablets, 24",24pk,£0.32 each,7.65,,
Co-op,Health Care,Digestive Health,Gaviscon Double Action Mint Flavour 48 Chewable Tablets,48pk,£0.30 each,14.30,,
Co-op,Health Care,Digestive Health,Gaviscon Double Action Mint Oral Suspension 250ml,250ml,£50.40/L,12.60,,
Co-op,Health Care,Digestive Health,Gaviscon Double Action Mixed Berries Flavour 24 Chewable Tablets,24pk,£0.33 each,8.00,,
Co-op,Health Care,Digestive Health,Gaviscon Double Action Mixed Berries Flavour 48 Chewable Tablets,48pk,£0.30 each,14.30,,
Co-op,Health Care,Digestive Health,Gaviscon Double Action Mixed Berries Flavour Oral Suspension 150ml,150ml,£54.67/L,8.20,,
Co-op,Health Care,Digestive Health,Guardium Acid Reflux Control Gastro Resistant Tablets x7,7pk,£1.05 each,7.35,,
Co-op,Health Care,Digestive Health,Imodium Instants for on the go Diarrhoea Relief 6 Tablets,6pk,£1.13 each,6.75,,
Co-op,Health Care,Digestive Health,"Nexium Control Heartburn & Indigestion Tablets, 14 Tablets",14pk,£1.13 each,15.75,,
Co-op,Health Care,Digestive Health,"Nexium Control Heartburn Relief, Indigestion and Acid Reflux 7 Tablets",7pk,£1.27 each,8.90,,
Co-op,Health Care,Digestive Health,"Pepto-Bismol For Nausea, Heartburn, Indigestion, Upset Stomach and Diarrhoea, 5 Symptom Relief 120ml",120ml,£50.83/L,6.10,,
Co-op,Health Care,Digestive Health,Rennie Peppermint 24 Chewable Tablets,24pk,£0.15 each,3.70,,
Co-op,Health Care,Digestive Health,Rennie Peppermint 72 Chewable Tablets,72pk,£0.11 each,7.70,,
Co-op,Health Care,Digestive Health,Rennie Spearmint 24 Chewable Tablets,24pk,£0.15 each,3.70,,
Co-op,Health Care,Digestive Health,Rennie Spearmint 72 Chewable Tablets,72pk,£0.11 each,7.70,,
Co-op,Health Care,Digestive Health,Senokot 7.5mg Tablets Adult Senna Fruit 20 Tablets,20pk,£0.24 each,4.70,,
Co-op,Health Care,Digestive Health,Senokot Max Strength Tablets Adult Senna Fruit 10 Tablets,10pk,£0.44 each,4.40,,
Co-op,Health Care,Eye & Ear Care,Optrex Itchy Eyes Soothing Eye Drops 10ml,10ml,£725.00/L,7.25,,
Co-op,Health Care,Eye & Ear Care,Optrex Moisturising Eye Drops 10ml,10ml,£725.00/L,7.25,,
Co-op,Health Care,Eye & Ear Care,Optrex Multi Action Eye Wash 100ml,100ml,£59.00/L,5.90,,
Co-op,Health Care,Eye & Ear Care,Vizulize All in One Contact Lens Cleaning Solution 250ml,250ml,£17.60/L,4.40,,
Co-op,Health Care,First Aid,Co-op 10 Fabric Dressing Strips,10pk,£0.20 each,1.95,,
Co-op,Health Care,First Aid,Co-op 40 Clear Washproof Plasters,40pk,£0.04 each,1.60,,
Co-op,Health Care,First Aid,Co-op 40 Fabric Plasters,40pk,£0.04 each,1.65,,
Co-op,Health Care,First Aid,Co-op 5 Footcare Blister Plasters,5pk,£0.72 each,3.60,,
Co-op,Health Care,First Aid,Co-op Original Antiseptic Disinfectant 500ml,500ml,£3.70/L,1.85,,
Co-op,Health Care,First Aid,Dettol Liquid Antiseptic 500ml,500ml,£9.80/L,4.90,,
Co-op,Health Care,First Aid,Elastoplast Fabric 40 Plasters,40pk,£0.09 each,3.45,,
Co-op,Health Care,First Aid,Elastoplast Water Resistant Plastic Plasters (40 Pcs),40pk,£0.09 each,3.45,,
Co-op,Health Care,First Aid,Savlon Antiseptic Cream 60g,60g,£78.33/kg,4.70,,
Co-op,Health Care,Pain Relief,Alka-Seltzer Original Aspirin 20 Effervescent Tablets,10pk,£0.63 each,6.30,,
Co-op,Health Care,Pain Relief,Anadin Painkiller Tablets Extra 16s,16pk,£0.19 each,3.00,,
Co-op,Health Care,Pain Relief,Anadin Paracetamol Pain Relief Tablets 16s,16pk,£0.16 each,2.60,,
Co-op,Health Care,Vitamins & Supplements,Bassetts Vitamins Multivitamins 7-11 Years 30 Gummies Raspberry Flavour,30pk,£0.23 each,6.95,,
Co-op,Health Care,Vitamins & Supplements,Berocca 15 Natural Orange Flavour Effervescent Tablets,15pk,£0.52 each,7.85,,
Co-op,Health Care,Pain Relief,"Bonjela Adult Ulcer Sugar Free Gel, 15g",15g,£443.33/kg,6.65,,
Co-op,Health Care,Pharmacy,Canesten Thrush Combi Pessary & External Cream 500g,1pk,£17.85 each,17.85,,
Co-op,Health Care,Sexual Health & Wellness,Clearblue Pregnancy Test 1 Pack,1pk,£12.35 each,12.35,,
Co-op,Health Care,Sexual Health & Wellness,"Clearblue Rapid Detection Pregnancy Test, Kit of 1 Test",1pk,£8.10 each,8.10,,
Co-op,Health Care,Vitamins & Supplements,Co-op 60 High Strength Cod Liver Oil & Fish Oil Capsules,60pk,£0.10 each,6.20,,
Co-op,Health Care,Vitamins & Supplements,Co-op 60 Total Multivitamins & Minerals Tablets,60pk,£0.07 each,4.05,,
Co-op,Health Care,Vitamins & Supplements,Co-op Orange Flavour 20 Effervescent Vitamin C 1000 mg Tablets with Sweetener Orange Flavour,20pk,£0.09 each,1.85,,
Co-op,Health Care,Pain Relief,Deep Heat 1 Pain Relief Heat Patch,1pk,£3.00 each,3.00,,
Co-op,Health Care,Vitamins & Supplements,Dextro Energy 14 Orange Vitamin C Energy Tablets 12x2x47g,56pk,£0.03 each,1.75,,
Co-op,Health Care,Sexual Health & Wellness,Durex Extra Safe 12 Condoms,12pk,£1.20 each,14.40,,
Co-op,Health Care,Sexual Health & Wellness,Durex Play Water Base Play Lube 100ml Lubricant,100ml,£103.00/L,10.30,,
Co-op,Health Care,Sexual Health & Wellness,Durex Thin Feel 12 Condoms,12pk,£1.15 each,13.75,,
Co-op,Health Care,Sexual Health & Wellness,Durex Thin Feel 6 Condoms,6pk,£1.28 each,7.65,,
Co-op,Health Care,Pharmacy,FlowFlex SARS-CoV-2 Antigen Rapid Test (Self-Testing) 1 Test,1pk,£2.40 each,2.40,,
Co-op,Health Care,Pain Relief,Nurofen 200mg Caplets 16 Caplets,16pk,£0.14 each,2.20,,
Co-op,Health Care,Pain Relief,Nurofen 200mg Tablets 16 Tablets,16pk,£0.14 each,2.20,,
Co-op,Health Care,Pain Relief,"Nurofen Express 200mg Liquid Capsules, 16",16pk,£0.29 each,4.60,,
Co-op,Health Care,Pain Relief,Nurofen Express 256mg Pain Relief Caplets x16,16pk,£0.31 each,4.95,,
Co-op,Health Care,Pain Relief,Nurofen Pain Relief 256mg Caplets 16 Caplets,16pk,£0.29 each,4.70,,
Co-op,Health Care,Pain Relief,Nuromol Dual Action Pain Relief 200mg/500mg 12 Tablets,12pk,£0.47 each,5.65,,
Co-op,Health Care,Pain Relief,Nuromol Dual Action Pain Relief 200mg/500mg 16 Tablets,16pk,£0.42 each,6.65,,
Co-op,Health Care,Pharmacy,Nytol Herbal Tablets 30 Tablets,30pk,£0.24 each,7.25,,
Co-op,Health Care,Pain Relief,Panadol Advance Paracetamol Tablets 500mg 16 Pack,16pk,£0.15 each,2.40,,
Co-op,Health Care,Pain Relief,"Panadol Extra Advance Painkillers, 500mg Paracetamol and 65mg Caffeine Tablets, 16's",16pk,£0.27 each,4.35,,
Co-op,Health Care,Pain Relief,"Panadol Paracetamol 500mg Liquid Capsules, Fast Pain Relief, 16s",16pk,£0.36 each,5.75,,
Co-op,Health Care,Pain Relief,Panadol Paracetamol Caffeine Pain Relief Tablets 500mg Extra Soluble 24s,24pk,£0.26 each,6.35,,
Co-op,Health Care,Vitamins & Supplements,Pro Plus Caffeine 48 Tablets,48pk,£0.10 each,4.70,,
Co-op,Health Care,Pain Relief,Solpadeine Headache Soluble Tablets 16 Tablets,16pk,£0.20 each,3.25,,
Co-op,Health Care,Pain Relief,Sudafed Blocked Nose & Sinus Capsules,16pk,£0.40 each,6.45,,
Co-op,Health Care,Pain Relief,The Co-operative Ibuprofen 200mg 16 Caplets,16pk,£0.04 each,0.60,,
Co-op,Health Care,Pain Relief,The Co-operative Ibuprofen 200mg 16 Tablets,16pk,£0.04 each,0.60,,
Co-op,Health Care,Pain Relief,The Co-operative Ibuprofen 200mg Liquid Capsules 16 Capsules,16pk,£0.13 each,2.00,,
Co-op,Health Care,Pain Relief,The Co-operative Ibuprofen 200mg Long Lasting Capsules 8 Capsules,8pk,£0.33 each,2.60,,
Co-op,Health Care,Pain Relief,The Co-operative Paracetamol 500mg 16 Caplets,16pk,£0.04 each,0.60,,
Co-op,Health Care,Pain Relief,The Co-operative Paracetamol 500mg Capsules 16 Capsules,16pk,£0.06 each,0.95,,
Co-op,Health Care,Pain Relief,The Co-operative Paracetamol Extra Pain Relief Tablets 16 Tablets,16pk,£0.06 each,0.90,,
Co-op,Health Care,Vitamins & Supplements,Ultra Vitamin D 1000 IU Optimum Level 96 Mini Tablets,96pk,£0.06 each,6.20,,
Co-op,Health Care,Pain Relief,Voltarol Back & Muscle Pain Relief 1.16% Gel 30g,30g,£241.67/kg,7.25,,
Co-op,Health Care,Pain Relief,Voltarol Joint Pain Relief Gel 12 Hours 2.32% 30g,30g,£350.00/kg,10.50,,
Co-op,Health Care,Vitamins & Supplements,Zooki Collagen 5000mg Mango Peach Flavour Liquid Food Supplement 15ml,15ml,£173.33/L,2.60,,
Co-op,Health Care,Pain Relief,Zovirax Cold Sore Cream 2g,2g,"£4,000.00/kg",8.00,,
Co-op,Ice Cream,Ice Cream Tubs,Ben & Jerry's  Ice Cream Tub Sweet Mango Memories 465 ML,465ml,£13.98/L,6.50,,
Co-op,Ice Cream,Ice Cream Tubs,Ben & Jerry's Chocolate Fudge Brownie Ice Cream 465 ml,465ml,£13.98/L,6.50,,
Co-op,Ice Cream,Ice Cream Tubs,Ben & Jerry's Churrifically Churros-y Ice Cream Tub 465 ML,465ml,£13.98/L,6.50,,
Co-op,Ice Cream,Ice Cream Tubs,Ben & Jerry's Cookie Vermont-ster Sundae Ice Cream 427 ML,427ml,£15.22/L,6.50,,
Co-op,Ice Cream,Ice Cream Tubs,Ben & Jerry's Ice Cream Phish Food 465 ml,465ml,£13.98/L,6.50,,
Co-op,Ice Cream,Single Serves,Ben & Jerry's Ice Cream Sandwich Cookie Dough Sandwich 120 ML,120ml,£22.92/L,2.75,,
Co-op,Ice Cream,Single Serves,Ben & Jerry's Ice Cream Sandwich Cookie Dough Sandwich 4x 68ml 4MP,4pk,£21.14/L,5.75,,
Co-op,Ice Cream,Ice Cream Tubs,Ben & Jerry's Ice Cream Tub Cookie Dough 465ml,465ml,£13.98/L,6.50,,
Co-op,Ice Cream,Ice Cream Tubs,Ben & Jerry's Karamel Sutra Core Ice Cream 465 ml,465ml,£13.98/L,6.50,,
Co-op,Ice Cream,Ice Cream Tubs,Ben & Jerry's Sundae Dulce De-Lish 427ml,427ml,£15.22/L,6.50,,
Co-op,Ice Cream,Single Serves,Cadbury Crunchie Blast Ice Cream 4 x 90ml (360ml),4pk,£11.11/L,4.00,5.50,£1.50 off
Co-op,Ice Cream,Ice Cream Tubs,Cadbury Dairy Milk 425ml,425ml,£6.94/L,2.95,4.95,£2 off
Co-op,Ice Cream,Single Serves,Cadbury Dairy Milk 90ml,90ml,£30.56/L,2.75,,
Co-op,Ice Cream,Single Serves,Cadbury Dairy Milk Buttons 4 x 100ml,4pk,£11.00/L,4.40,,
Co-op,Ice Cream,Ice Cream Tubs,Cadbury Dairy Milk Caramel 425ml,425ml,£6.94/L,2.95,4.95,£2 off
Co-op,Ice Cream,Ice Cream Tubs,Cadbury Dairy Milk Chocolate Brownie 425ml,425ml,£7.18/L,3.05,6.30,£3.25 off
Co-op,Ice Cream,Single Serves,Cadbury Dairy Milk Mint Ice Cream 4 x 90ml (360ml),4pk,£11.11/L,4.00,5.75,£1.75 off
Co-op,Ice Cream,Single Serves,Cadbury Dairy Milk with Twirl Chocolate Pieces 345g,345g,£11.16/kg,3.85,,
Co-op,Ice Cream,Single Serves,Cadbury Flake 99 Ice Cream Cones 4 x 125ml,4pk,£13.20/L,6.60,,
Co-op,Ice Cream,Ice Cream Tubs,Carte D'or Ice Cream Dessert Madagascan Vanilla 900 ml,900ml,£3.17/L,2.85,4.10,£1.25 off
Co-op,Ice Cream,Single Serves,Co-op 10 Crispy Ice Cream Cones,10pk,£0.17 each,1.65,,
Co-op,Ice Cream,Ice Cream Tubs,Co-op Berry Fruity Lemon & Blueberry Ripple 900ml,900ml,£3.67/L,3.30,,
Co-op,Ice Cream,Single Serves,Co-op Creamy & Nutty Coffee & Salted Hazelnut Cones Topped with Cocoa 292g (4 x 73g),4pk,£5.96/L,3.10,,
Co-op,Ice Cream,Single Serves,Co-op Dipped Mini Assorted Chocolate Sticks Vanilla Ice Creams 8 x 50ml (400ml),8pk,£13.00/L,5.20,,
Co-op,Ice Cream,Single Serves,Co-op Fairtrade Chocolate & Honeycomb Ice Cream Cones 4 x 140ml,4pk,£5.63/L,3.15,,
Co-op,Ice Cream,Single Serves,Co-op Fruity Creamy Strawberries & Cream Ice Lollies 292ml (4 x 73ml),4pk,£6.51/L,1.90,,
Co-op,Ice Cream,Single Serves,Co-op Fruity Juicy Swirly Pops 5 x 70ml (350ml),5pk,£4.71/L,1.65,,
Co-op,Ice Cream,Ice Cream Tubs,Co-op Irresistible Italian Amarena Cherry and Mascarpone Gelato 355g,355g,£16.48/kg,5.85,,
Co-op,Ice Cream,Ice Cream Tubs,"Co-op Irresistible Italian Pistachio, Raspberry & Mascarpone Gelato 350g",350g,£16.71/kg,5.85,,
Co-op,Ice Cream,Ice Cream Tubs,Co-op Irresistible Italian Tiramisu Gelato 380g,380g,£15.39/kg,5.85,,
Co-op,Ice Cream,Ice Cream Tubs,Co-op Irresistible Italian Vanilla & Caramel Biscuit Gelato 360g,360g,£16.81/kg,6.05,,
Co-op,Ice Cream,Ice Cream Tubs,Co-op Limited Edition Raspberry Pavlova Ice Cream 900ml,900ml,£3.67/L,3.30,,
Co-op,Ice Cream,Single Serves,Co-op Milk Chocolate Ice Cream Sticks 3x100ml,3pk,£6.33/L,1.90,,
Co-op,Ice Cream,Single Serves,Co-op Rocket Ice Lollies 8 x 58ml,464ml,£4.31/L,2.00,,
Co-op,Ice Cream,Ice Cream Tubs,Co-op Salted Caramel Ice Cream 900Ml,900ml,£3.89/L,3.50,,
Co-op,Ice Cream,Single Serves,Co-op Totally Tangy Sour Cherry & Blue Raspberry Blasters 292ml (4 x 73ml),4pk,£6.51/L,1.90,,
Co-op,Ice Cream,Ice Cream Tubs,Co-op Triple Chocolate Ice Cream Sundae 900ml,900ml,£3.89/L,3.50,,
Co-op,Ice Cream,Ice Cream Tubs,Co-op Vanilla Flavour Ice Cream 900ml,900ml,£3.67/L,3.30,,
Co-op,Ice Cream,Ice Cream Tubs,Co-op Vanilla Ice Cream 2L,2L,£1.23/L,2.45,,
Co-op,Ice Cream,Single Serves,Co-op White Chocolate Sticks 3 X 100Ml (300Ml),3pk,£6.33/L,1.90,,
Co-op,Ice Cream,Single Serves,Cornetto Classico Ice Cream Cone 6x 90 ml,6pk,£8.15/L,4.40,,
Co-op,Ice Cream,Single Serves,Cornetto Soft Cookie and Chocolate 140ml,140ml,£17.50/L,2.45,,
Co-op,Ice Cream,Single Serves,Cornetto Strawberry Ice Cream Cones 6x 90 ml,6pk,£8.15/L,4.40,,
Co-op,Ice Cream,Single Serves,Cornetto Strawberry Ice cream cone 120 ml,120ml,£18.33/L,2.20,,
Co-op,Ice Cream,Ice Cream Tubs,Guinness Jude's Chocolate Guinness Cake 460ml,460g,£8.70/kg,4.00,5.50,£1.50 off
Co-op,Ice Cream,Ice Cream Tubs,Hackney Gelato Chocolate & Roasted Hazelnut 460ml,460ml,£9.35/L,4.30,6.30,£2 off
Co-op,Ice Cream,Ice Cream Tubs,Hackney Gelato Rich Chocolate 100ml,100ml,£27.50/L,2.75,,
Co-op,Ice Cream,Ice Cream Tubs,Halo Top Ice Cream Gooey Brownie 460ml,460ml,£13.70/L,6.30,,
Co-op,Ice Cream,Single Serves,Heartbrand Haribo Push-Up Ice Cream Push-Up 85 ml,85ml,£25.88/L,2.20,,
Co-op,Ice Cream,Single Serves,Heartbrand Minecraft Ice Cream Sticks Vanilla & Chocolate 4 x 75 ml,4pk,£11.83/L,3.55,,
Co-op,Ice Cream,Single Serves,Heartbrand Twister Ice Lolly Pineapple 80 ml,80ml,£23.75/L,1.90,,
Co-op,Ice Cream,Single Serves,Heartbrand Twister Mini Pineapple Ice Lolly 6x 50 ml,6pk,£13.00/L,3.90,,3 for £7.65
Co-op,Ice Cream,Ice Cream Tubs,Heartbrand Vanilla Ice Cream Dessert 1800 ml,1.8L,£2.14/L,3.85,,
Co-op,Ice Cream,Ice Cream Tubs,Häagen-Dazs Caramel Collection Mini Cup Ice Cream 4 x 95ml,4pk,£11.97/L,4.55,6.85,£2.30 off
Co-op,Ice Cream,Ice Cream Tubs,"Häagen-Dazs Caramel, Biscuit & Cream 460ml",460ml,£14.89/L,6.85,,
Co-op,Ice Cream,Ice Cream Tubs,Häagen-Dazs Cookies & Cream Ice Cream 460ml,460ml,£14.89/L,6.85,,
Co-op,Ice Cream,Single Serves,Häagen-Dazs Creamy Strawberry Ice Cream Bars 3 x 204g,3pk,£20.63/L,4.95,,
Co-op,Ice Cream,Ice Cream Tubs,Häagen-Dazs Limited Edition Pistachio & Cream Ice Cream 347g,420ml,£16.31/L,6.85,,
Co-op,Ice Cream,Ice Cream Tubs,Häagen-Dazs Mini Cups Fruit Collection Ice Cream 4 x 95ml,4pk,£11.97/L,4.55,6.85,£2.30 off
Co-op,Ice Cream,Ice Cream Tubs,Häagen-Dazs Salted Caramel Ice Cream 460ml,460ml,£14.89/L,6.85,,
Co-op,Ice Cream,Single Serves,Häagen-Dazs Salted Caramel Ice Cream Sticks 80ml (charity pack),80ml,£39.38/L,3.15,,
Co-op,Ice Cream,Ice Cream Tubs,Häagen-Dazs Strawberry Cheesecake Ice Cream 460ml,460ml,£14.89/L,6.85,,
Co-op,Ice Cream,Ice Cream Tubs,Häagen-Dazs Tiramisu Ice Cream 346g,420ml,£15.71/L,6.60,,
Co-op,Ice Cream,Ice Cream Tubs,Häagen-Dazs Vanilla Ice Cream 460ml,460ml,£14.89/L,6.85,,
Co-op,Ice Cream,Ice Cream Tubs,Kelly's Cornish Clotted Cream 950ml,950ml,£4.89/L,4.65,,
Co-op,Ice Cream,Ice Cream Tubs,Kelly's Cornish Honeycomb Crunch Ice Cream 950ml,950ml,£4.89/L,4.65,,
Co-op,Ice Cream,Ice Cream Tubs,Kelly's Millionaires Shortbread with Cornish Clotted Cream 425ml,425ml,£8.12/L,3.45,5.20,£1.75 off
Co-op,Ice Cream,Ice Cream Tubs,Kelly's Raspberry Cheesecake with Cornish Clotted Cream 425ml,425ml,£8.12/L,3.45,5.20,£1.75 off
Co-op,Ice Cream,Single Serves,Little Moons Brown Butter Caramel Mochi Ice Cream  (6 x 30 g),6pk,£33.61/kg,6.05,,
Co-op,Ice Cream,Single Serves,Little Moons Honey Roasted Pistachio Soft Mochi & Gelato Ice Cream 6 x 32g,6pk,£21.09/kg,4.05,6.05,£2 off
Co-op,Ice Cream,Single Serves,Lotus Biscoff Sandwiches 320ml,4pk,£14.53/L,4.65,,
Co-op,Ice Cream,Ice Cream Tubs,Lotus Biscoff with Biscoff Pieces 425ml,425ml,£9.65/L,4.10,,
Co-op,Ice Cream,Ice Cream Tubs,Mackie's Of Scotland Honeycomb Real Dairy Ice Cream 1 Litre,1L,£4.40/L,4.40,,
Co-op,Ice Cream,Ice Cream Tubs,Mackie's of Scotland Mini Collection Real Dairy Ice Cream 4 x 120ml,4pk,£9.69/L,4.65,,
Co-op,Ice Cream,Ice Cream Tubs,Mackie's of Scotland Traditional Real Dairy Ice Cream 1L,1L,£4.40/L,4.40,,
Co-op,Ice Cream,Ice Cream Tubs,Mackies Of Scotland Mini Selection 4X120Ml,4pk,£9.69/L,4.65,,
Co-op,Ice Cream,Single Serves,Magnum Ice Cream Sticks Almond 3 x 100 ml,3pk,£9.50/L,2.85,4.10,£1.25 off
Co-op,Ice Cream,Single Serves,"Magnum Mini Ice Cream Sticks Classic, Almond & White Chocolate 6x 55 ml",6pk,£18.33/L,6.05,,
Co-op,Ice Cream,Single Serves,Magnum Signature Ice Cream Stick Pistachio 90 ml,90ml,£33.33/L,3.00,,
Co-op,Ice Cream,Single Serves,Magnum Signature Pistachio Ice Cream Sticks 3x 90 ml,3pk,£19.26/L,5.20,,
Co-op,Ice Cream,Single Serves,Magnum Utopia Ice Cream Sticks Double Cherry 3x 85 ml,255ml,£19.41/L,4.95,,
Co-op,Ice Cream,Single Serves,Magnum Vegan Ice Cream Sticks Classic 3x 90 ml,3pk,£19.26/L,5.20,,
Co-op,Ice Cream,Single Serves,Magnum White Chocolate Ice Cream Stick 110 ml,110ml,£25.00/L,2.75,,
Co-op,Ice Cream,Single Serves,Mars Chocolate Caramel Ice Cream Bars 4pk (4 x 40g),192g,£20.05/kg,3.85,,
Co-op,Ice Cream,Single Serves,Nuii 3 Peanut Butter & Canadian Maple Syrup 270ml,3pk,£21.30/L,5.75,,
Co-op,Ice Cream,Ice Cream Tubs,Nuii Cream & Anatolian Pistachio 90ml,90ml,£30.56/L,2.75,,
Co-op,Ice Cream,Single Serves,Nuii Dark Chocolate & Nordic Berry Ice Cream 3 x 90ml,3pk,£21.30/L,5.75,,
Co-op,Ice Cream,Single Serves,Nuii Ice Cream Adventure Salted Caramel & Australian Macadamia 90ml,90ml,£30.56/L,2.75,,
Co-op,Ice Cream,Single Serves,Nuii Salted Caramel & Australian Macadamia Ice Cream 3x90ml,3pk,£21.30/L,5.75,,
Co-op,Ice Cream,Ice Cream Tubs,Nutella Ice Cream Tub  230g,470ml,£14.04/L,6.60,,
Co-op,Ice Cream,Single Serves,Oreo Ice Cream Sandwiches 280g,4pk,£10.57/L,4.65,,
Co-op,Ice Cream,Ice Cream Tubs,Oreo Ice Cream with Oreo Cookie Pieces 425ml,425ml,£9.65/L,4.10,,
Co-op,Ice Cream,Single Serves,Oreo Mini Ice Cream 6 x 330ml,6pk,£8.79/L,2.90,4.40,£1.50 off
Co-op,Ice Cream,Single Serves,Rowntree's Mango 4 x 70ml (280ml),4pk,£11.79/L,3.30,,3 for £7.65
Co-op,Ice Cream,Single Serves,Rowntree's Watermelon 4 x 67g,4pk,£11.30/L,3.30,,3 for £7.65
Co-op,Ice Cream,Single Serves,Snickers Chocolate Peanut Ice Cream Bars 4pack (4 x 45.6g),215g,£17.91/kg,3.85,,
Co-op,Ice Cream,Single Serves,Solero Bonbon Exotic Ice Cream 12x 16 ml (192 ml),192ml,£25.78/L,4.95,,
Co-op,Ice Cream,Single Serves,Solero Mini Exotic and Berry Bliss 6 x 300ml,6pk,£11.17/L,3.35,4.10,£0.75 off
Co-op,Ice Cream,Ice Cream Tubs,Swedish Glace Smooth Vanilla Ice Cream Tub 750 ml,750ml,£5.47/L,4.10,,
Co-op,Ice Cream,Ice Cream Tubs,Viennetta Vanilla Ice Cream Dessert 650 ml,650ml,£3.77/L,2.45,,
Co-op,Ice Cream,Ice Cream Tubs,Ben & Jerry's Sundae Ice Cream Tub Brookies & Cream 427 ML,427ml,£15.22/L,6.50,,
Co-op,Ice Cream,Ice Cream Tubs,Hackney Gelato Madagascan Vanilla Gelato 100ml,100ml,£27.50/L,2.75,,
Co-op,Ice Cream,Ice Cream Tubs,Hackney Gelato Pistachio 420ml,420ml,£10.24/L,4.30,6.30,£2 off
Co-op,Ice Cream,Ice Cream Tubs,Häagen-Dazs Vanilla Caramel Brownie Ice Cream 386g,460ml,£14.89/L,6.85,,
Co-op,Ice Cream,Ice Cream Tubs,Mackie's of Scotland Indulgent Salted Caramel Real Dairy Ice Cream 1 Litre,1L,£4.40/L,4.40,,
Co-op,"Jams, Honey, Spreads",Honey,Co-op Clear Honey 454g,454g,£4.63/kg,2.10,,
Co-op,"Jams, Honey, Spreads",Honey,Co-op Set Honey 454g,454g,£4.63/kg,2.10,,
Co-op,"Jams, Honey, Spreads",Honey,Co-op Squeezy Clear Honey 340g,340g,£4.56/kg,1.55,,
Co-op,"Jams, Honey, Spreads",Honey,Rowse Authentic Manuka New Zealand Honey 100+ MGO 225g,225g,£53.78/kg,12.10,,
Co-op,"Jams, Honey, Spreads",Honey,Rowse Dark & Rich Honey 340g,340g,£11.62/kg,3.95,,
Co-op,"Jams, Honey, Spreads",Honey,Rowse Defence Honey + Manuka + Vitamin C 250g,250g,£19.80/kg,4.95,,
Co-op,"Jams, Honey, Spreads",Honey,Rowse Light & Mild Honey 340g,340g,£11.32/kg,3.85,,
Co-op,"Jams, Honey, Spreads",Honey,Rowse Organic Honey 340g,340g,£10.00/kg,3.40,4.60,£1.20 off
Co-op,"Jams, Honey, Spreads",Honey,Rowse Organic Honey 340g,340g,£11.91/kg,4.05,,
Co-op,"Jams, Honey, Spreads",Honey,Rowse Runny Honey 340g,340g,£6.91/kg,2.35,3.85,£1.50 off
Co-op,"Jams, Honey, Spreads",Honey,Rowse Runny Honey 340g,340g,£11.62/kg,3.95,,
Co-op,"Jams, Honey, Spreads",Honey,Rowse Spreadable Honey 340g,340g,£11.62/kg,3.95,,
Co-op,"Jams, Honey, Spreads",Jam,Bonne Maman Bitter Orange Fine Shred Marmalade 370g,370g,£7.16/kg,2.65,4.30,£1.65 off
Co-op,"Jams, Honey, Spreads",Jam,Bonne Maman Black Cherry Conserve 370g,370g,£12.70/kg,4.70,,
Co-op,"Jams, Honey, Spreads",Jam,Bonne Maman Raspberry Conserve 370g,370g,£11.62/kg,4.30,,
Co-op,"Jams, Honey, Spreads",Jam,Bonne Maman Strawberry Jam 370g,370g,£11.62/kg,4.30,,
Co-op,"Jams, Honey, Spreads",Jam,Bonne Maman Wild Blueberry Jam 370g,370g,£12.70/kg,4.70,,
Co-op,"Jams, Honey, Spreads",Jam,Bonne Maman® Apricot Conserve 370g,370g,£11.62/kg,4.30,,
Co-op,"Jams, Honey, Spreads",Jam,Bonne Maman® Blackcurrant Conserve 370G,370g,£11.62/kg,4.30,,
Co-op,"Jams, Honey, Spreads",Jam,Co-op Apricot Jam 420g,420g,£2.74/kg,1.15,,
Co-op,"Jams, Honey, Spreads",Jam,Co-op Blackcurrant Jam 454G,420g,£2.74/kg,1.15,,
Co-op,"Jams, Honey, Spreads",Jam,Co-op Fine Cut Orange Marmalade 420g,420g,£2.98/kg,1.25,,
Co-op,"Jams, Honey, Spreads",Jam,Co-op Fruity Seedless Raspberry Jam 420g,420g,£2.74/kg,1.15,,
Co-op,"Jams, Honey, Spreads",Jam,Co-op Irresistible Chilli Jam 220g,220g,£10.68/kg,2.35,,
Co-op,"Jams, Honey, Spreads",Jam,Co-op Irresistible Extra Fruity Strawberry Conserve 340g,340g,£9.71/kg,3.30,,
Co-op,"Jams, Honey, Spreads",Jam,Co-op Irresistible Raspberry Conserve 340g,340g,£9.71/kg,3.30,,
Co-op,"Jams, Honey, Spreads",Jam,Co-op Irresistible Seville Orange Medium Cut Marmalade 340g,340g,£6.91/kg,2.35,,
Co-op,"Jams, Honey, Spreads",Jam,Co-op Lemon Curd 411g,411g,£3.77/kg,1.55,,
Co-op,"Jams, Honey, Spreads",Jam,Co-op Strawberry Jam 420g,420g,£2.74/kg,1.15,,
Co-op,"Jams, Honey, Spreads",Jam,Duerr's Seville Orange Fine Cut Marmalade 340g,340g,£5.59/kg,1.90,,
Co-op,"Jams, Honey, Spreads",Jam,Fearne & Rosie Strawberry Jam 310g,310g,£12.42/kg,3.85,,
Co-op,"Jams, Honey, Spreads",Jam,"Frank Cooper's ""Oxford"" Fine Cut Oxford Marmalade 454g",454g,£9.25/kg,4.20,,
Co-op,"Jams, Honey, Spreads",Jam,Hartley's Strawberry Jam 300g,300g,£6.83/kg,2.05,,
Co-op,"Jams, Honey, Spreads",Jam,Hartley's Strawberry Seedless Jam 300g,300g,£6.83/kg,2.05,,
Co-op,"Jams, Honey, Spreads",Jam,Nandos Sweet Chilli Jam 265G,265g,£13.40/kg,3.55,,
Co-op,"Jams, Honey, Spreads",Jam,Robertsons Golden Shred 454g,454g,£5.73/kg,2.60,,
Co-op,"Jams, Honey, Spreads",Jam,Robertsons Golden Shredless 454g,454g,£5.73/kg,2.60,,
Co-op,"Jams, Honey, Spreads",Jam,Tracklements Recipe No. 20 Fresh Chilli Jam 210g,210g,£22.62/kg,4.75,,
Co-op,"Jams, Honey, Spreads",Jam,Wilkin & Sons Ltd Tiptree 'Old Times' Orange Fine Cut Marmalade 340g,340g,£8.24/kg,2.80,,
Co-op,"Jams, Honey, Spreads",Syrup,Askeys Treat! Strawberry Flavour Sauce 325g,325g,£6.77/kg,2.20,,
Co-op,"Jams, Honey, Spreads",Other Spreads,Black Milk Hazelnut Cream 230g,230g,£27.39/kg,6.30,,
Co-op,"Jams, Honey, Spreads",Other Spreads,Black Milk Pistachio Cream 230g,230g,£27.39/kg,6.30,,
Co-op,"Jams, Honey, Spreads",Other Spreads,Bonne Maman Crunchy Hazelnut Chocolate Spread 250g,250g,£10.80/kg,2.70,4.40,£1.70 off
Co-op,"Jams, Honey, Spreads",Other Spreads,Bonne Maman Hazelnut Chocolate Spread 250G,250g,£10.80/kg,2.70,4.40,£1.70 off
Co-op,"Jams, Honey, Spreads",Syrup,Buckwud Organic Classic Canadian Maple Syrup 250G,250g,£22.40/kg,5.60,8.05,£2.45 off
Co-op,"Jams, Honey, Spreads",Syrup,Carnation Caramel Drizzle 450g,450g,£7.78/kg,3.50,,
Co-op,"Jams, Honey, Spreads",Syrup,Clarks Original Maple Syrup Blended with Carob Fruit Syrup 180ml,180ml,£16.94/L,3.05,,
Co-op,"Jams, Honey, Spreads",Peanut Butter & Nut Butters,Co-op Crunchy Peanut Butter 340g,340g,£4.56/kg,1.55,,
Co-op,"Jams, Honey, Spreads",Peanut Butter & Nut Butters,Co-op Crunchy Peanut Butter 700g,700g,£4.57/kg,3.20,,
Co-op,"Jams, Honey, Spreads",Other Spreads,Co-op Irresistible All Butter Lemon Curd 320g,320g,£8.59/kg,2.75,,
Co-op,"Jams, Honey, Spreads",Syrup,Co-op Pure Canadian Maple Syrup 250g,250g,£21.40/kg,5.35,,
Co-op,"Jams, Honey, Spreads",Other Spreads,Co-op Smooth Chocolate Spread 400g,400g,£9.00/kg,3.60,,
Co-op,"Jams, Honey, Spreads",Peanut Butter & Nut Butters,Co-op Smooth Peanut Butter 340g,340g,£4.56/kg,1.55,,
Co-op,"Jams, Honey, Spreads",Peanut Butter & Nut Butters,Co-op Smooth Peanut Butter 700g,700g,£4.57/kg,3.20,,
Co-op,"Jams, Honey, Spreads",Other Spreads,Lotus Biscoff Crunchy Spread 380G,380g,£10.79/kg,4.10,,
Co-op,"Jams, Honey, Spreads",Other Spreads,Lotus Biscoff Spread 400g,400g,£10.25/kg,4.10,,
Co-op,"Jams, Honey, Spreads",Syrup,Lowicz Raspberry Syrup 6 x 400ml,400ml,£6.00/L,2.40,,
Co-op,"Jams, Honey, Spreads",Syrup,Lyle's Golden Syrup 325g,325g,£6.77/kg,2.20,,
Co-op,"Jams, Honey, Spreads",Syrup,Lyle's Golden Syrup 700g,700g,£5.36/kg,3.75,,
Co-op,"Jams, Honey, Spreads",Other Spreads,Marmite Yeast Extract 250g,250g,£16.00/kg,4.00,,
Co-op,"Jams, Honey, Spreads",Peanut Butter & Nut Butters,Meridian Crunchy Peanut Butter 280g,280g,£11.79/kg,3.30,,
Co-op,"Jams, Honey, Spreads",Peanut Butter & Nut Butters,Meridian Smooth Almond Butter 170g Jar,170g,£24.12/kg,4.10,,
Co-op,"Jams, Honey, Spreads",Peanut Butter & Nut Butters,Meridian Smooth Peanut Butter 280g,280g,£11.79/kg,3.30,,
Co-op,"Jams, Honey, Spreads",Other Spreads,Nutella 350g,350g,£10.29/kg,3.60,,
Co-op,"Jams, Honey, Spreads",Other Spreads,Nutella Hazelnut Chocolate Spread Jar 200g,200g,£15.00/kg,3.00,,
Co-op,"Jams, Honey, Spreads",Other Spreads,Nutella Hazelnut Spread with Cocoa 630g,630g,£9.60/kg,6.05,,
Co-op,"Jams, Honey, Spreads",Peanut Butter & Nut Butters,Pip & Nut Smooth Almond Butter 170g,170g,£18.24/kg,3.10,4.25,£1.15 off
Co-op,"Jams, Honey, Spreads",Peanut Butter & Nut Butters,Pip and Nut Crunchy Peanut Butter 300G,300g,£9.83/kg,2.95,4.10,£1.15 off
Co-op,"Jams, Honey, Spreads",Peanut Butter & Nut Butters,Pip and Nut Smooth Peanut Butter 300G,300g,£9.83/kg,2.95,4.10,£1.15 off
Co-op,"Jams, Honey, Spreads",Syrup,Tate & Lyle Caramel Coffee Syrup 250ml,250ml,£9.20/L,2.30,3.50,£1.20 off
Co-op,"Jams, Honey, Spreads",Syrup,Tate & Lyle Golden Syrup 454g,454g,£4.85/kg,2.20,,
Co-op,"Jams, Honey, Spreads",Peanut Butter & Nut Butters,Whole Earth Crunchy Peanut Butter 1kg,1kg,£8.95/kg,8.95,,
Co-op,"Jams, Honey, Spreads",Peanut Butter & Nut Butters,Whole Earth Crunchy Peanut Butter 340g,340g,£9.85/kg,3.35,4.30,£0.95 off
Co-op,"Jams, Honey, Spreads",Peanut Butter & Nut Butters,Whole Earth Drizzler Super Smooth Peanut Butter 320g,320g,£8.91/kg,2.85,4.20,£1.35 off
Co-op,"Jams, Honey, Spreads",Peanut Butter & Nut Butters,Whole Earth Smooth Peanut Butter 340g,340g,£9.85/kg,3.35,4.30,£0.95 off
Co-op,"Laundry, Cleaning, Household",Batteries & Household,BIC Cristal Original Ball Pens x4,1pk,£2.25 each,2.25,,
Co-op,"Laundry, Cleaning, Household",Batteries & Household,BIC Cristal Original Pens Black x4,1pk,£2.25 each,2.25,,
Co-op,"Laundry, Cleaning, Household",Batteries & Household,"BIC Highlighter Grip Pastel Highlighter Pens Adjustable Chisel Tip - Assorted Colours, Pack of 4",1pk,£4.65 each,4.65,,
Co-op,"Laundry, Cleaning, Household",Batteries & Household,BIC® 4 Colours Fun Ballpoint Pen x1,1pk,£2.90 each,2.90,,
Co-op,"Laundry, Cleaning, Household",Batteries & Household,BIC® 4 Colours Original Ball Pen x1,1pk,£2.90 each,2.90,,
Co-op,"Laundry, Cleaning, Household",Batteries & Household,"BIC® 4 Colours Rose Gold Ball Pen Medium Point (1.0 mm) with Black, Blue, Red and Green Ink All-in-On",1pk,£2.90 each,2.90,,
Co-op,"Laundry, Cleaning, Household",Batteries & Household,BIC® Evolution Original Pencils x4,4pk,£0.63 each,2.50,,
Co-op,"Laundry, Cleaning, Household",Batteries & Household,BIC® Intensity Fine Felt Pens x12,10pk,£0.55 each,5.45,,
Co-op,"Laundry, Cleaning, Household",Batteries & Household,BIC® Kids Colouring Pencils x12,12pk,£0.23 each,2.70,,
Co-op,"Laundry, Cleaning, Household",Batteries & Household,Bic Cristal Original 1.0mm x10,10pk,£0.39 each,3.85,,
Co-op,"Laundry, Cleaning, Household",Batteries & Household,Co-op 30 Firelighters,30pk,£0.14 each,4.25,,
Co-op,"Laundry, Cleaning, Household",Batteries & Household,ENERGIZER LITHIUM 2025 3V 2 PACK,2pk,£2.45 each,4.90,,
Co-op,"Laundry, Cleaning, Household",Batteries & Household,Energizer 2032 Lithium Coin Battery 2 Pack,2pk,£2.73 each,5.45,,
Co-op,"Laundry, Cleaning, Household",Batteries & Household,Energizer Max 9V Batteries Alkaline,1pk,£5.45 each,5.45,,
Co-op,"Laundry, Cleaning, Household",Batteries & Household,Energizer Max AA 4PACK,4pk,£1.35 each,5.40,,
Co-op,"Laundry, Cleaning, Household",Batteries & Household,"Energizer Max AA Batteries, Alkaline, 12 Pack",12pk,£0.87 each,10.40,,
Co-op,"Laundry, Cleaning, Household",Batteries & Household,"Energizer Max AA Batteries, Alkaline, 8 Pack",8pk,£0.92 each,7.35,,
Co-op,"Laundry, Cleaning, Household",Batteries & Household,Energizer Max AAA 4PACK,4pk,£1.35 each,5.40,,
Co-op,"Laundry, Cleaning, Household",Batteries & Household,"Energizer Max AAA Batteries, Alkaline, 12 Pack",12pk,£0.87 each,10.40,,
Co-op,"Laundry, Cleaning, Household",Batteries & Household,"Energizer Max AAA Batteries, Alkaline, 8 Pack",8pk,£0.92 each,7.35,,
Co-op,"Laundry, Cleaning, Household",Batteries & Household,Energizer Max Alkaline 9V Batteries 2 Pack,2pk,£4.65 each,9.30,,
Co-op,"Laundry, Cleaning, Household",Batteries & Household,Energizer Max C Batteries Alkaline 2 Pack,2pk,£2.73 each,5.45,,
Co-op,"Laundry, Cleaning, Household",Batteries & Household,Energizer Max D Batteries Alkaline 2 Pack,2pk,£2.73 each,5.45,,
Co-op,"Laundry, Cleaning, Household",Batteries & Household,"Energizer Max Plus 9V Batteries, Alkaline",1pk,£6.80 each,6.80,,
Co-op,"Laundry, Cleaning, Household",Batteries & Household,"Energizer Max Plus AA Batteries, Alkaline, 4 Pack",4pk,£1.63 each,6.50,,
Co-op,"Laundry, Cleaning, Household",Batteries & Household,"Energizer Max Plus AAA Batteries, Alkaline, 4 Pack",4pk,£1.63 each,6.50,,
Co-op,"Laundry, Cleaning, Household",Batteries & Household,"Energizer® 2016 Lithium Coin Battery, 2 Pack",2pk,£2.73 each,5.45,,
Co-op,"Laundry, Cleaning, Household",Batteries & Household,"Energizer® LR44/A76 Battery, 2 Pack",1pk,£5.45 each,5.45,,
Co-op,"Laundry, Cleaning, Household",Batteries & Household,Homefire Easy Light Supapak Kindling,1pk,£5.70 each,5.70,,
Co-op,"Laundry, Cleaning, Household",Batteries & Household,Homefire Kiln Dried Logs,1pk,£9.30 each,9.30,,
Co-op,"Laundry, Cleaning, Household",Batteries & Household,Loctite All-Purpose Extra Strong - 10ml,1pk,£2.80 each,2.80,,
Co-op,"Laundry, Cleaning, Household",Batteries & Household,Loctite Super Glue Brush On 5g,1pk,£4.10 each,4.10,,
Co-op,"Laundry, Cleaning, Household",Batteries & Household,Loctite Super Glue Original 3g,3g,"£1,266.67/kg",3.80,,
Co-op,"Laundry, Cleaning, Household",Batteries & Household,Pritt Original Stick 1 x 22g,1pk,£2.25 each,2.25,,
Co-op,"Laundry, Cleaning, Household",Batteries & Household,"Raid Rapid Action Wasp, Mosquito & Fly Killer Aerosol Spray 300ml",300ml,£16.67/L,5.00,,
Co-op,"Laundry, Cleaning, Household",Batteries & Household,Sellotape Clever Tape Sticky Tape Dispenser 18mm x 15m,1pk,£3.35 each,3.35,,
Co-op,"Laundry, Cleaning, Household",Batteries & Household,Sellotape Original Golden,1pk,£2.25 each,2.25,,
Co-op,"Laundry, Cleaning, Household",Batteries & Household,Sellotape Sticky Tack 45g,1pk,£1.90 each,1.90,,
Co-op,"Laundry, Cleaning, Household",Batteries & Household,Tipp-Ex Rapid Correction Fluid x1,1pk,£2.75 each,2.75,,
Co-op,"Laundry, Cleaning, Household",Batteries & Household,Z-Grip Max 2 Black Ink Pack,2pk,£1.35 each,2.70,,
Co-op,"Laundry, Cleaning, Household",Batteries & Household,Zebra 10 Smooth Ink Ballpoint Black Ink,10pk,£0.27 each,2.70,,
Co-op,"Laundry, Cleaning, Household",Batteries & Household,Zebra Classic Ballpoint Rose Gold Black Ink 3 Pack,3pk,£0.90 each,2.70,,
Co-op,"Laundry, Cleaning, Household",Batteries & Household,Zebra Funky Z-Grip Animal Ballpoint,3pk,£0.90 each,2.70,,
Co-op,"Laundry, Cleaning, Household",Batteries & Household,Zebra Z-Grip Smooth 3 Pack Black,3pk,£0.70 each,2.10,,
Co-op,"Laundry, Cleaning, Household",Batteries & Household,Zebra Z-Grip Smooth 3 Pack Blue,3pk,£0.70 each,2.10,,
Co-op,"Laundry, Cleaning, Household",Batteries & Household,Zip Firelog 1 Log,650g,£5.15/kg,3.35,,
Co-op,"Laundry, Cleaning, Household",Bin Bags,Co-op 10 Biodegradable Kerbside Caddy Liners 25 Litre,10pk,£0.45 each,4.45,,
Co-op,"Laundry, Cleaning, Household",Bin Bags,Co-op 10 Drawstring Large Heavy Duty Refuse Sacks 10S,10pk,£0.31 each,3.05,,
Co-op,"Laundry, Cleaning, Household",Bin Bags,Co-op 10 Garden Refuse Sacks,10pk,£0.32 each,3.20,,
Co-op,"Laundry, Cleaning, Household",Bin Bags,Co-op 15 Refuse Sacks 75 Litre,15pk,£0.21 each,3.10,,
Co-op,"Laundry, Cleaning, Household",Bin Bags,Co-op 20 Tall Kitchen Bin Liners 50 Litre,20pk,£0.22 each,4.30,,
Co-op,"Laundry, Cleaning, Household",Bin Bags,Co-op 25 Swing Bin Liners 45 Litre,25pk,£0.10 each,2.40,,
Co-op,"Laundry, Cleaning, Household",Bin Bags,Co-op 30 Litre Tall Kitchen Bin Liners 20S,20pk,£0.17 each,3.35,,
Co-op,"Laundry, Cleaning, Household",Bin Bags,Co-op Biodegradable Caddy Liners 15 Pack,15pk,£0.14 each,2.10,,
Co-op,"Laundry, Cleaning, Household",Bin Bags,Co-op Honest Value 20 Flush Top Refuse Sacks,20pk,£0.08 each,1.60,,
Co-op,"Laundry, Cleaning, Household",Bin Bags,Co-op Pedal Bin Liners 30 Pack,30pk,£0.10 each,3.00,,
Co-op,"Laundry, Cleaning, Household",Bin Bags,Polylina 20 Swing Bin Liners Medium 50 Litres,20pk,£0.11 each,2.10,,
Co-op,"Laundry, Cleaning, Household",Candles & Home Fragrance,Air Wick Crisp Linen & Lilac Freshmatic Autospray Kit 250ml,250ml,£29.20/L,7.30,9.30,£2 off
Co-op,"Laundry, Cleaning, Household",Candles & Home Fragrance,Air Wick Linen & White Orchid Plug-In Kit 19ml,19ml,£431.58/L,8.20,,
Co-op,"Laundry, Cleaning, Household",Candles & Home Fragrance,Air Wick Linen & White Orchid Plug-in Single Refill 19ml,19ml,£226.32/L,4.30,,
Co-op,"Laundry, Cleaning, Household",Candles & Home Fragrance,"Air Wick Pure Aerosol, Cherry Blossom Air Freshener, 250ml",250ml,£14.40/L,3.60,,
Co-op,"Laundry, Cleaning, Household",Candles & Home Fragrance,Air Wick Spring Delight Room Spray 250ml,250ml,£13.00/L,3.25,,
Co-op,"Laundry, Cleaning, Household",Candles & Home Fragrance,Air Wick White Vanilla Bean Freshmatic Autospray Refill 250ml,250ml,£15.40/L,3.85,4.45,£0.60 off
Co-op,"Laundry, Cleaning, Household",Candles & Home Fragrance,AirWick Aerosol Spray,250ml,£13.00/L,3.25,,
Co-op,"Laundry, Cleaning, Household",Candles & Home Fragrance,Ambi Pur 3Volution Air Freshener Plug-In Diffuser Cotton Fresh 20ml,20ml,£392.50/L,7.85,,
Co-op,"Laundry, Cleaning, Household",Candles & Home Fragrance,Ambi pur 3Volution Blossom & Breeze Plug Refill 20ml,20ml,£220.00/L,4.40,,
Co-op,"Laundry, Cleaning, Household",Candles & Home Fragrance,Co-op Cherry Blossom Air Freshener 250ml,250ml,£10.60/L,2.65,,
Co-op,"Laundry, Cleaning, Household",Candles & Home Fragrance,Co-op Cotton Fresh Air Freshener 300ml,300ml,£4.33/L,1.30,,
Co-op,"Laundry, Cleaning, Household",Candles & Home Fragrance,Co-op Lily White Flowers Air Freshener 300Ml,300ml,£4.33/L,1.30,,
Co-op,"Laundry, Cleaning, Household",Candles & Home Fragrance,Febreze 3Volution Air Freshener Plug In Refill Cotton Fresh 20ML,20ml,£217.50/L,4.35,,
Co-op,"Laundry, Cleaning, Household",Candles & Home Fragrance,Febreze 3Volution Air Freshener Plug In Refill Spring Awakening 20ML,20ml,£217.50/L,4.35,,
Co-op,"Laundry, Cleaning, Household",Candles & Home Fragrance,Febreze Air Freshener Spray Blossom & Breeze 185ML,185ml,£18.11/L,3.35,,2 for £5.45
Co-op,"Laundry, Cleaning, Household",Candles & Home Fragrance,Febreze Air Freshener Spray Cotton Fresh 185ML,185ml,£18.11/L,3.35,,2 for £5.45
Co-op,"Laundry, Cleaning, Household",Candles & Home Fragrance,Febreze Air Freshener Spray Spring Awakening 185ML,185ml,£18.11/L,3.35,,2 for £5.45
Co-op,"Laundry, Cleaning, Household",Candles & Home Fragrance,"Febreze Bathroom, Continuous Air Freshener Blossom & Breeze 1 Count",7.5ml,£453.33/L,3.40,,2 for £5.45
Co-op,"Laundry, Cleaning, Household",Candles & Home Fragrance,"Febreze Bathroom, Continuous Air Freshener Cotton Fresh 1 Count",7.5ml,£446.67/L,3.35,,2 for £5.45
Co-op,"Laundry, Cleaning, Household",Candles & Home Fragrance,"Febreze Bathroom, Continuous Air Freshener Lenor Spring Awakening 1 Count",7.5ml,£453.33/L,3.40,,2 for £5.45
Co-op,"Laundry, Cleaning, Household",Candles & Home Fragrance,Glade Solid Gel Lily of the Valley Air Freshener 150g,150g,£12.00/kg,1.80,,
Co-op,"Laundry, Cleaning, Household",Candles & Home Fragrance,Price's 30 Tealights 10g,30pk,£0.11 each,3.35,,
Co-op,"Laundry, Cleaning, Household",Cleaning,Astonish Antibacterial Surface Cleanser Pomegranate & Raspberry 750ml,750ml,£1.93/L,1.45,,
Co-op,"Laundry, Cleaning, Household",Cleaning,Astonish Bathroom Cleaner White Jasmine & Basil 750ml,750ml,£1.93/L,1.45,,
Co-op,"Laundry, Cleaning, Household",Cleaning,Astonish Specialist Carpet Care & Upholstery Cleaner 750ml,750ml,£4.07/L,3.05,,
Co-op,"Laundry, Cleaning, Household",Cleaning,Astonish Zesty Lemon Concentrated Disinfectant 300ml,300ml,£4.83/L,1.45,,
Co-op,"Laundry, Cleaning, Household",Cleaning,Astonish Zesty Lemon Ready to Use Disinfectant 550ml,550ml,£2.64/L,1.45,,
Co-op,"Laundry, Cleaning, Household",Cleaning,Bloo Power Active Lemon 50g,50g,£29.00/kg,1.45,1.85,£0.40 off
Co-op,"Laundry, Cleaning, Household",Cleaning,Bloo Toilet Block Original Blue 2 x 50g,2pk,£22.50/kg,2.25,3.35,£1.10 off
Co-op,"Laundry, Cleaning, Household",Cleaning,Cif  Floor Cleaner Ocean 950 ml,950ml,£2.21/L,2.10,,
Co-op,"Laundry, Cleaning, Household",Cleaning,Cif  Kitchen Spray Power & Shine 700 ml,700ml,£4.43/L,3.10,4.10,£1 off
Co-op,"Laundry, Cleaning, Household",Cleaning,Cif Cream Lemon with Microparticles 500ml,500ml,£3.60/L,1.80,,
Co-op,"Laundry, Cleaning, Household",Cleaning,Cif Infinite Clean All in One Cleaner Lavender & Eucalyptus 280 ml,280ml,£17.86/L,5.00,,
Co-op,"Laundry, Cleaning, Household",Cleaning,Cif Infinite Clean All in One Cleaner Reload Sensitive Lotus & Mineral Salt 280 ml,280ml,£10.00/L,2.80,3.70,£0.90 off
Co-op,"Laundry, Cleaning, Household",Cleaning,Cif Infinite Clean All in One Cleaner Spray Lime & Lemongrass 280 ml,280ml,£10.36/L,2.90,4.95,£2.05 off
Co-op,"Laundry, Cleaning, Household",Cleaning,Cif Power & Shine Bathroom Spray 700 ml,700ml,£4.43/L,3.10,4.10,£1 off
Co-op,"Laundry, Cleaning, Household",Cleaning,Cillit Bang Black Mould Remover,750ml,£6.33/L,4.75,,
Co-op,"Laundry, Cleaning, Household",Cleaning,Cillit Bang Limescale Remover,750ml,£5.80/L,4.35,,
Co-op,"Laundry, Cleaning, Household",Cleaning,Co-op 10 All Purpose Cloths,10pk,£0.11 each,1.05,,
Co-op,"Laundry, Cleaning, Household",Cleaning,Co-op 15 Antibacterial Floor Wipes,15pk,£0.10 each,1.55,,
Co-op,"Laundry, Cleaning, Household",Cleaning,Co-op 3 Cleaning Cloths,3pk,£0.65 each,1.95,,
Co-op,"Laundry, Cleaning, Household",Cleaning,Co-op 3 Sponge Wipes,3pk,£0.48 each,1.45,,
Co-op,"Laundry, Cleaning, Household",Cleaning,Co-op 3 Stainless Steel Scourers,3pk,£0.62 each,1.85,,
Co-op,"Laundry, Cleaning, Household",Cleaning,Co-op 4 Microfibre Cloths,4pk,£0.63 each,2.50,,
Co-op,"Laundry, Cleaning, Household",Cleaning,Co-op 4 Non-Scratch Sponges,4pk,£0.46 each,1.85,,
Co-op,"Laundry, Cleaning, Household",Cleaning,Co-op 4 Sponge Scourers,4pk,£0.46 each,1.85,,
Co-op,"Laundry, Cleaning, Household",Cleaning,Co-op Anti-Bacterial Microfibre Pad,1pk,£1.90 each,1.90,,
Co-op,"Laundry, Cleaning, Household",Cleaning,Co-op Antibacterial Multisurface Wipes Lemon 40S,40pk,£0.03 each,1.05,,
Co-op,"Laundry, Cleaning, Household",Cleaning,Co-op Blue Cistern Blocks 2 x 38g,1pk,£1.20 each,1.20,,
Co-op,"Laundry, Cleaning, Household",Cleaning,Co-op Everyday Cleaning Foaming Bathroom Spray 750ml,750ml,£1.67/L,1.25,,
Co-op,"Laundry, Cleaning, Household",Cleaning,Co-op Everyday Cleaning Window Cleaner 750ml,750ml,£1.67/L,1.25,,
Co-op,"Laundry, Cleaning, Household",Cleaning,Co-op Kitchen with Bleach Cleaner 750ml,750ml,£1.67/L,1.25,,
Co-op,"Laundry, Cleaning, Household",Cleaning,Co-op Lemon All Purpose Trigger Cleaner,750ml,£1.67/L,1.25,,
Co-op,"Laundry, Cleaning, Household",Cleaning,Co-op Medium Fairly Traded Household Gloves,1pk,£1.80 each,1.80,,
Co-op,"Laundry, Cleaning, Household",Cleaning,Co-op Multi Surface & Floor Cleaner Lemon 1 Litre,1L,£1.00/L,1.00,,
Co-op,"Laundry, Cleaning, Household",Cleaning,Co-op Thick Bleach Lime 750ml,750ml,£1.47/L,1.10,,
Co-op,"Laundry, Cleaning, Household",Cleaning,Co-op Thick Bleach Original 2 Litre,2L,£0.80/L,1.60,,
Co-op,"Laundry, Cleaning, Household",Cleaning,Co-op Thick Bleach Original 750ml,750ml,£1.40/L,1.05,,
Co-op,"Laundry, Cleaning, Household",Cleaning,Dettol Antibacterial Cleansing Surface Wipes 72 Large Wipes,72pk,£0.05 each,3.80,,
Co-op,"Laundry, Cleaning, Household",Cleaning,Dettol Antibacterial Mould & Mildew Remover 750ml,750ml,£6.67/L,5.00,,
Co-op,"Laundry, Cleaning, Household",Cleaning,"Dettol Antibacterial Mould & Mildew Remover, 750ml",750ml,£6.67/L,5.00,,
Co-op,"Laundry, Cleaning, Household",Cleaning,Dettol Antibacterial Surface Cleanser Spray 750ml,750ml,£4.33/L,3.25,,
Co-op,"Laundry, Cleaning, Household",Cleaning,Dettol Bathroom Cleaner 750ml,750ml,£4.33/L,3.25,,
Co-op,"Laundry, Cleaning, Household",Cleaning,"Dettol Floor Wipes Citrus, 10 Large Wipes",10pk,£0.34 each,3.40,,
Co-op,"Laundry, Cleaning, Household",Cleaning,Dettol Kitchen Cleaner 750ml,750ml,£4.33/L,3.25,,
Co-op,"Laundry, Cleaning, Household",Cleaning,Dettol Multipurpose Cleaner Sparkling Lemon 750ml,750ml,£4.40/L,3.30,,
Co-op,"Laundry, Cleaning, Household",Cleaning,Dettol Power & Pure Bathroom Cleaning Spray 750ml,750ml,£4.33/L,3.25,,
Co-op,"Laundry, Cleaning, Household",Cleaning,Dettol Power & Pure Kitchen Cleaning Spray 750ml,750ml,£4.33/L,3.25,,
Co-op,"Laundry, Cleaning, Household",Cleaning,Domestos  Bleach Foam Mint Boost 450 ml,450ml,£5.67/L,2.55,3.70,£1.15 off
Co-op,"Laundry, Cleaning, Household",Cleaning,Domestos Original Thick Bleach 750 ml,750ml,£2.13/L,1.60,,
Co-op,"Laundry, Cleaning, Household",Cleaning,Domestos Power 5 Toilet Rim Block Lime 50 g,50g,£32.00/kg,1.60,,
Co-op,"Laundry, Cleaning, Household",Cleaning,Domestos Power 5 Toilet Rim Block Ocean 50 g,50g,£32.00/kg,1.60,,
Co-op,"Laundry, Cleaning, Household",Cleaning,Domestos Power 5 Toilet Rim Blocks Ocean 2x 50 g,2pk,£30.00/kg,3.00,,
Co-op,"Laundry, Cleaning, Household",Cleaning,Domestos Power Foam Toilet & Bathroom Arctic Fresh 450ml,450ml,£5.67/L,2.55,3.60,£1.05 off
Co-op,"Laundry, Cleaning, Household",Cleaning,Domestos Thick Bleach Citrus Fresh 750ml,750ml,£2.13/L,1.60,,
Co-op,"Laundry, Cleaning, Household",Cleaning,Dr. Beckmann Original Carpet Stain Remover 650ml,650ml,£7.62/L,4.95,,
Co-op,"Laundry, Cleaning, Household",Cleaning,Duck Toilet Deep Action Gel Liquid Cleaner Marine 750Ml,750ml,£2.20/L,1.65,,
Co-op,"Laundry, Cleaning, Household",Cleaning,Duzzit Shake & Fresh Carpet Odour Neutraliser Fresh Linen 500g,500g,£3.20/kg,1.60,,
Co-op,"Laundry, Cleaning, Household",Cleaning,Elbow Grease 3 Dish Brush Refill Sponges,3pk,£0.45 each,1.35,,
Co-op,"Laundry, Cleaning, Household",Cleaning,Elbow Grease All Purpose Degreaser 500ml,500ml,£3.00/L,1.50,,
Co-op,"Laundry, Cleaning, Household",Cleaning,Elbow Grease Dish Brush,1pk,£1.35 each,1.35,,
Co-op,"Laundry, Cleaning, Household",Cleaning,Elbow Grease Lemon Fresh Fragrance Air Fryer Cleaner 500ml,500ml,£3.20/L,1.60,,
Co-op,"Laundry, Cleaning, Household",Cleaning,"Fairy Skip The Soak Power Spray Lemon 500ml, Dish & Kitchen Spray, Pre-Treatment,",500ml,£9.30/L,4.65,,
Co-op,"Laundry, Cleaning, Household",Cleaning,Flash Dust Magnet Duster Starter Kit (1 Handle + 4 Refills),1pk,£3.90 each,3.90,,
Co-op,"Laundry, Cleaning, Household",Cleaning,Flash Multi Purpose Bleach Cleaning Spray 800ML,800ml,£3.69/L,2.95,,
Co-op,"Laundry, Cleaning, Household",Cleaning,Flash Multipurpose Floor Liquid Cleaner Crisp Lemon 1L,1L,£2.70/L,2.70,,
Co-op,"Laundry, Cleaning, Household",Cleaning,Flash Spray Wipe Done Apple Blossom Cleaning Spray 800ml,800ml,£3.94/L,3.15,,
Co-op,"Laundry, Cleaning, Household",Cleaning,Flash Spray Wipe Done Bathroom Antibac Cleaning Spray White Blossom 800ML,800ml,£3.94/L,3.15,,
Co-op,"Laundry, Cleaning, Household",Cleaning,Flash Spray Wipe Done Bright Mandarin Cleaning Spray 800ml,800ml,£3.94/L,3.15,,
Co-op,"Laundry, Cleaning, Household",Cleaning,Harpic Power Plus Citrus Fresh 750ml,750ml,£2.73/L,2.05,,
Co-op,"Laundry, Cleaning, Household",Cleaning,Method Anti-Bac All Purpose Cleaner Wild Rhubarb 828Ml,828ml,£3.50/L,2.90,5.00,£2.10 off
Co-op,"Laundry, Cleaning, Household",Cleaning,Mr Muscle Oven Cleaner 300ml,300ml,£13.17/L,3.95,,
Co-op,"Laundry, Cleaning, Household",Cleaning,Mr Muscle Platinum Window & Glass Spray 750ml,750ml,£3.60/L,2.70,,
Co-op,"Laundry, Cleaning, Household",Cleaning,Mr Muscle Sink & Drain Unblocker Gel 500ml,500ml,£9.90/L,4.95,,
Co-op,"Laundry, Cleaning, Household",Cleaning,Mr Sheen Multi-Surface Polish Original,250ml,£11.00/L,2.75,,
Co-op,"Laundry, Cleaning, Household",Cleaning,Oust All Purpose Descaler 3 x 25ml,3pk,£29.33/L,2.20,,
Co-op,"Laundry, Cleaning, Household",Cleaning,Pledge Expert Wood Care Polish Aerosol Classic 250ml,250ml,£8.60/L,2.15,,
Co-op,"Laundry, Cleaning, Household",Cleaning,The Co-operative Fairly Traded Large Household Gloves,1pk,£1.80 each,1.80,,
Co-op,"Laundry, Cleaning, Household",Cleaning,Vanish Oxi Action Carpet Care Vacuum Up Foam 600ml,600ml,£14.08/L,8.45,,
Co-op,"Laundry, Cleaning, Household",Cleaning,Viakal Classic Bathroom Limescale Remover Spray 500ML,500ml,£7.20/L,3.60,,
Co-op,"Laundry, Cleaning, Household",Cleaning,Vileda 2 in 1 Dustpan Set,1pk,£7.10 each,7.10,,
Co-op,"Laundry, Cleaning, Household",Cleaning,Vileda SuperMocio Bucket & Torsion Wringer 10L,1pk,£9.85 each,9.85,,
Co-op,"Laundry, Cleaning, Household",Cleaning,Wet Ones Be Gentle 12 Antibacterial Hand & Body Wipes Fragrance Free with Aloe,12pk,£0.14 each,1.65,,
Co-op,"Laundry, Cleaning, Household",Cleaning,Zoflora All Purpose Concentrated Disinfectant Linen Fresh 250ml,250ml,£14.00/L,3.50,,
Co-op,"Laundry, Cleaning, Household",Cleaning,Zoflora All Purpose Concentrated Disinfectant Mandarin & Lime 4 in 1 Action 250ml,250ml,£14.00/L,3.50,,
Co-op,"Laundry, Cleaning, Household",Cleaning,Zoflora All Purpose Concentrated Disinfectant Midnight Blooms 250ml,250ml,£14.00/L,3.50,,
Co-op,"Laundry, Cleaning, Household",Cleaning,Zoflora Multi Purpose Disinfectant Cleaner Midnight Blooms 800ml,800ml,£3.75/L,3.00,,
Co-op,"Laundry, Cleaning, Household",Toilet Roll,Andrex 6 Complete Clean XL Mega Rolls,6pk,£0.91 each,5.45,6.70,£1.25 off
Co-op,"Laundry, Cleaning, Household",Toilet Roll,Andrex Complete Clean Toilet Tissue 4 Rolls,4pk,£0.96 each,3.85,,
Co-op,"Laundry, Cleaning, Household",Toilet Roll,"Andrex® Classic Clean Toilet Tissue, 9 Rolls",9pk,£0.77 each,6.95,,
Co-op,"Laundry, Cleaning, Household",Cleaning Event 🧼✨🧽,"Ariel Washing Liquid, 38 Washes, Original",1.25L,£6.50/L,8.15,9.90,£1.75 off
Co-op,"Laundry, Cleaning, Household",Toilet Roll,Co-op 4 Quilted Bathroom Tissue Rolls,4pk,£0.69 each,2.75,,
Co-op,"Laundry, Cleaning, Household",Dishwashing,Co-op Dishwasher Cleaner 250Ml,250ml,£13.60/L,3.40,,
Co-op,"Laundry, Cleaning, Household",Toilet Roll,Co-op Soft Toilet Roll White 9 Rolls,9pk,£0.50 each,4.50,,
Co-op,"Laundry, Cleaning, Household",Toilet Roll,Co-op Super Soft Quilted Bathroom Tissue 6 Longer Rolls,6pk,£0.83 each,4.95,,
Co-op,"Laundry, Cleaning, Household",Kitchen Roll,Co-op Ultra Absorbent Multi Purpose Towel,1pk,£2.00 each,2.00,,
Co-op,"Laundry, Cleaning, Household",Kitchen Roll,Co-op White Kitchen Towel 2 Pack,2pk,£1.68 each,3.35,,
Co-op,"Laundry, Cleaning, Household",Laundry,Comfort Creations Fabric Conditioner Strawberry & Lily 30 wash 900ml,900ml,£2.78/L,2.50,3.10,£0.60 off
Co-op,"Laundry, Cleaning, Household",Laundry,Comfort Fabric Conditioner Honeysuckle & Sandalwood 900 ml (30 washes),900ml,£2.78/L,2.50,3.10,£0.60 off
Co-op,"Laundry, Cleaning, Household",Laundry,Comfort Fresh Fabric Conditioner Blue Skies 31 washes (930 ml),930ml,£3.06/L,2.85,,
Co-op,"Laundry, Cleaning, Household",Laundry,"Fairy Fabric Softener, Voted No1 For Sensitive Skin, 29 Washes, 899ml",899ml,£2.84/L,2.55,3.30,£0.75 off
Co-op,"Laundry, Cleaning, Household",Dishwashing,Fairy Max Power Washing Up Liquid Original 545ML,545ml,£5.14/L,2.80,3.90,£1.10 off
Co-op,"Laundry, Cleaning, Household",Cleaning Event 🧼✨🧽,"Fairy Non Bio Washing Liquid Pods, For Sensitive Skin 15 Washes",15pk,£0.30 each,4.50,5.50,£1 off
Co-op,"Laundry, Cleaning, Household",Dishwashing,"Fairy Original Power Dishwasher Tablets, Lemon, 22 Capsules, 1st Time Clean, No Rewash",22pk,£0.25 each,5.55,6.55,£1 off
Co-op,"Laundry, Cleaning, Household",Dishwashing,Fairy Washing Up Liquid Original 320ml,320ml,£3.75/L,1.20,,
Co-op,"Laundry, Cleaning, Household",Dishwashing,Fairy Washing Up Liquid Pomegranate & Grapefruit 320ML,320ml,£3.75/L,1.20,,
Co-op,"Laundry, Cleaning, Household",Dishwashing,Finish Ultimate Deep Clean & Shine Dishwasher Tablets Regular - 55 Tabs,55pk,£0.21 each,11.35,15.85,£4.50 off
Co-op,"Laundry, Cleaning, Household",Laundry,"Lenor Fabric Conditioner 29 Washes, Gold Orchid",899ml,£3.62/L,3.25,,
Co-op,"Laundry, Cleaning, Household",Laundry,"Lenor Scent Booster  155g, Spring Awakening",155g,£21.61/kg,3.35,3.95,£0.60 off
Co-op,"Laundry, Cleaning, Household",Cleaning Event 🧼✨🧽,"Persil Bio 4 in 1 fast-dissolving laundry capsules, 34 washes",496g,£16.73/kg,8.30,9.30,£1 off
Co-op,"Laundry, Cleaning, Household",Cleaning Event 🧼✨🧽,Persil Laundry Washing Liquid Detergent Non Bio 53 washes (1.431 L),1.43L,£5.94/L,8.50,11.00,£2.50 off
Co-op,"Laundry, Cleaning, Household",Cleaning Event 🧼✨🧽,"Persil Non Bio 4 in 1 fast-dissolving laundry capsules, 34 washes",496g,£16.73/kg,8.30,9.30,£1 off
Co-op,"Laundry, Cleaning, Household",Kitchen Roll,Plenty Ultrasorb Kitchen Roll 1 Roll,1pk,£3.20 each,3.20,,
Co-op,"Laundry, Cleaning, Household",Dishwashing,Co-op Antibacterial Washing Up Liquid 450ml,450ml,£2.11/L,0.95,,
Co-op,"Laundry, Cleaning, Household",Dishwashing,Co-op Dishwasher Rinse Aid Lemon 400Ml,400ml,£7.25/L,2.90,,
Co-op,"Laundry, Cleaning, Household",Dishwashing,Co-op Lemon Washing up Liquid 450 ml,450ml,£1.67/L,0.75,,£0.59 loyalty card (£1.31/L)
Co-op,"Laundry, Cleaning, Household",Dishwashing,Co-op Original Washing Up Liquid 450Ml,450ml,£1.67/L,0.75,,£0.59 loyalty card (£1.31/L)
Co-op,"Laundry, Cleaning, Household",Dishwashing,Ecover Sensitive Washing-Up Liquid Lemon & Aloe Vera 450Ml,450ml,£7.00/L,3.15,,
Co-op,"Laundry, Cleaning, Household",Dishwashing,Ecover Sentive Washing-Up Liquid Camomile & Clementine 950ml,950ml,£4.16/L,3.95,5.05,£1.10 off
Co-op,"Laundry, Cleaning, Household",Dishwashing,"Fairy 30 Minute Miracle Platinum Plus Dishwasher Tablets, 26 Capsules",26pk,£0.49 each,12.65,,
Co-op,"Laundry, Cleaning, Household",Dishwashing,Fairy Lemon Washing Up Liquid with LiftAction 320 ML,320ml,£3.75/L,1.20,,
Co-op,"Laundry, Cleaning, Household",Dishwashing,Fairy Max Power Washing Up Liquid Antibacterial 545ML,545ml,£7.16/L,3.90,,
Co-op,"Laundry, Cleaning, Household",Dishwashing,Fairy Max Power Washing Up Liquid Antibacterial 660ML,660ml,£5.53/L,3.65,4.75,£1.10 off
Co-op,"Laundry, Cleaning, Household",Dishwashing,Fairy Max Power Washing Up Liquid Original 660ML,660ml,£7.20/L,4.75,,
Co-op,"Laundry, Cleaning, Household",Dishwashing,"Fairy Original Power Dishwasher Tablets, Lemon, 56 Capsules, 1st Time Clean, No Rewash",56pk,£0.19 each,10.40,,
Co-op,"Laundry, Cleaning, Household",Dishwashing,Fairy Original Washing Up Liquid Green with LiftAction 1015 ML,1.01L,£2.91/L,2.95,,
Co-op,"Laundry, Cleaning, Household",Dishwashing,Fairy Original Washing Up Liquid Green with LiftAction 654 ML,654ml,£3.44/L,2.25,,
Co-op,"Laundry, Cleaning, Household",Dishwashing,"Fairy Platinum Plus Dishwasher Tablets, Lemon,  36 Capsules,  Powerful Even In Quick Cycles",36pk,£0.35 each,12.55,,
Co-op,"Laundry, Cleaning, Household",Dishwashing,Fairy Washing Up Liquid Lemon with LiftAction 654ML,654ml,£3.44/L,2.25,,
Co-op,"Laundry, Cleaning, Household",Dishwashing,Finish Dishwasher Cleaner Lemon 250ml,250ml,£25.00/L,6.25,,
Co-op,"Laundry, Cleaning, Household",Dishwashing,Finish Quantum All In One Dishwasher Tablets  Lemon - 36 Tabs,36pk,£0.27 each,9.65,,
Co-op,"Laundry, Cleaning, Household",Dishwashing,Finish Quantum All in One Dishwasher Tablets Lemon - 24 Tabs,24pk,£0.27 each,6.55,,
Co-op,"Laundry, Cleaning, Household",Dishwashing,Finish Rinse Aid Lemon 400ml,400ml,£13.63/L,5.45,,
Co-op,"Laundry, Cleaning, Household",Dishwashing,Finish Ultimate All In One Dishwasher Tablets  Lemon - 32 Tabs,32pk,£0.30 each,9.65,,
Co-op,"Laundry, Cleaning, Household",Dishwashing,Finish Ultimate Plus All In One Dishwasher Tablets Lemon - 29 Tabs,29pk,£0.26 each,7.65,,
Co-op,"Laundry, Cleaning, Household",Dishwashing,Finish Ultimate Plus All In One Lemon Dishwasher Tablets Lemon - 48 Tabs,48pk,£0.30 each,14.55,,
Co-op,"Laundry, Cleaning, Household",Dishwashing,Ocean Saver 30 Eco Dishwasher Tablets,420g,£14.88/kg,6.25,8.75,£2.50 off
Co-op,"Laundry, Cleaning, Household",Food Storage,Bacofoil 20 Air Fryer Paper Liners 20cm,1pk,£4.95 each,4.95,,
Co-op,"Laundry, Cleaning, Household",Food Storage,Bacofoil Non-Stick Baking Paper,1pk,£2.70 each,2.70,,
Co-op,"Laundry, Cleaning, Household",Food Storage,Bacofoil PVC Free Cling Film with Easy-Cut System 32.5cm x 20m,1pk,£3.00 each,3.00,,
Co-op,"Laundry, Cleaning, Household",Food Storage,Bacofoil The Non-Stick Kitchen Foil with Easy-Cut System 30cm x 5m,1pk,£3.90 each,3.90,,
Co-op,"Laundry, Cleaning, Household",Food Storage,Bacofoil The Original Kitchen Foil with Easy-Cut System 30cm x 5m,1pk,£3.25 each,3.25,,
Co-op,"Laundry, Cleaning, Household",Food Storage,Co-op 10m Strong Kitchen Foil 300mm Wide,1pk,£2.15 each,2.15,,
Co-op,"Laundry, Cleaning, Household",Food Storage,Co-op 25 Small Resealable Dual Track Food & Freezer Bags,25pk,£0.09 each,2.25,,
Co-op,"Laundry, Cleaning, Household",Food Storage,Co-op 6 Small Foil Trays with Lids,6pk,£0.43 each,2.55,,
Co-op,"Laundry, Cleaning, Household",Food Storage,Co-op Extra Strong Kitchen Foil 7.5m,1pk,£3.80 each,3.80,,
Co-op,"Laundry, Cleaning, Household",Food Storage,Co-op Greaseproof Baking Paper 10m,20pk,£0.14 each,2.70,,
Co-op,"Laundry, Cleaning, Household",Food Storage,Co-op Medium Tie Handle Food & Freezer 40 Bags,40pk,£0.05 each,1.80,,
Co-op,"Laundry, Cleaning, Household",Food Storage,Co-op Medium Zip Seal Food & Freezer Bags 20 Bags,20pk,£0.10 each,2.05,,
Co-op,"Laundry, Cleaning, Household",Food Storage,Co-op Non PVC Cling Film,1pk,£2.70 each,2.70,,
Co-op,"Laundry, Cleaning, Household",Food Storage,Polylina 6 Medium Plastic Containers,6pk,£0.68 each,4.10,,
Co-op,"Laundry, Cleaning, Household",Food Storage,Pyrex Cook & Store 1.1L,1pk,£7.65 each,7.65,,
Co-op,"Laundry, Cleaning, Household",Food Storage,Sistema Bento Box LUNCH,1pk,£7.65 each,7.65,,
Co-op,"Laundry, Cleaning, Household",Food Storage,Sistema Rectangle Microwave Container,1pk,£6.55 each,6.55,,
Co-op,"Laundry, Cleaning, Household",Food Storage,Sistema Salad TO GO,1pk,£6.00 each,6.00,,
Co-op,"Laundry, Cleaning, Household",Food Storage,Sistema Snacks TO GO Food Storage Container,1pk,£3.55 each,3.55,,
Co-op,"Laundry, Cleaning, Household",Food Storage,Sistema Soup Mug To Go 656Ml,656ml,£9.15/L,6.00,,
Co-op,"Laundry, Cleaning, Household",Food Storage,Sistema Takealongs Food Storage Containers,1.2L,£4.54/L,5.45,,
Co-op,"Laundry, Cleaning, Household",Food Storage,Sistema Twist & Sip Bottle 460Ml,1pk,£3.55 each,3.55,,
Co-op,"Laundry, Cleaning, Household",Food Storage,Sistema Yogurt TO GO Food Storage Containers,1pk,£6.55 each,6.55,,
Co-op,"Laundry, Cleaning, Household",Homeware & Kitchenware,Co Op 12 Luxury Napkins 40 x 40cm,1pk,£3.80 each,3.80,,
Co-op,"Laundry, Cleaning, Household",Homeware & Kitchenware,Co-op 100 Wooden Cocktail Sticks,100pk,£0.01 each,1.10,,
Co-op,"Laundry, Cleaning, Household",Homeware & Kitchenware,Co-op 30 Napkins,30pk,£0.10 each,3.00,,
Co-op,"Laundry, Cleaning, Household",Homeware & Kitchenware,Co-op Blue Napkins 30 Pack EACH,30pk,£0.10 each,3.00,,
Co-op,"Laundry, Cleaning, Household",Homeware & Kitchenware,Co-op Pink Napkins 30 Pack EACH,30pk,£0.10 each,3.00,,
Co-op,"Laundry, Cleaning, Household",Homeware & Kitchenware,Co-op Table Cover,1pk,£4.30 each,4.30,,
Co-op,"Laundry, Cleaning, Household",Homeware & Kitchenware,Co-op White Napkins 30 Pack EACH,1pk,£2.40 each,2.40,,
Co-op,"Laundry, Cleaning, Household",Homeware & Kitchenware,Co-op White Paper Cup 250ml,8pk,£0.27 each,2.15,,
Co-op,"Laundry, Cleaning, Household",Homeware & Kitchenware,Co-op White Paper Cup 350ml,8pk,£0.34 each,2.70,,
Co-op,"Laundry, Cleaning, Household",Homeware & Kitchenware,Co-op White Paper Cup 450ml,8pk,£0.41 each,3.25,,
Co-op,"Laundry, Cleaning, Household",Homeware & Kitchenware,Co-op White Plates 30 Pack,30pk,£0.11 each,3.30,,
Co-op,"Laundry, Cleaning, Household",Homeware & Kitchenware,Polylina Roasting Tray Large,1pk,£1.35 each,1.35,,
Co-op,"Laundry, Cleaning, Household",Homeware & Kitchenware,Pyrex 1L,1pk,£5.45 each,5.45,,
Co-op,"Laundry, Cleaning, Household",Homeware & Kitchenware,Pyrex Classic Measuring Jug 0.5L,1pk,£6.25 each,6.25,,
Co-op,"Laundry, Cleaning, Household",Homeware & Kitchenware,Pyrex Classic Square Roaster 25x21cm,1pk,£6.80 each,6.80,,
Co-op,"Laundry, Cleaning, Household",Homeware & Kitchenware,Rombouts 10 Original Compostable One Cup Filter Coffees 70g,10pk,£69.29/kg,4.85,,
Co-op,"Laundry, Cleaning, Household",Homeware & Kitchenware,Table Fun 10 Paper Plates,10pk,£0.27 each,2.70,,
Co-op,"Laundry, Cleaning, Household",Homeware & Kitchenware,Table Fun 20 Paper Napkins,20pk,£0.14 each,2.70,,
Co-op,"Laundry, Cleaning, Household",Homeware & Kitchenware,Table Fun 6 Reusable Plastic Wine Glasses,8pk,£0.41 each,3.25,,
Co-op,"Laundry, Cleaning, Household",Homeware & Kitchenware,Table Fun 6 Wooden Cutlery,18pk,£0.12 each,2.15,,
Co-op,"Laundry, Cleaning, Household",Homeware & Kitchenware,Table Fun 8 Paper Plates,8pk,£0.34 each,2.70,,
Co-op,"Laundry, Cleaning, Household",Homeware & Kitchenware,Table Fun Paper Bowl 12 Pack,12pk,£0.23 each,2.75,,
Co-op,"Laundry, Cleaning, Household",Homeware & Kitchenware,The Essential Kitchen Lever Arm Corkscrew,1pk,£3.80 each,3.80,,
Co-op,"Laundry, Cleaning, Household",Homeware & Kitchenware,The Essential Kitchen Scissors,1pk,£3.55 each,3.55,,
Co-op,"Laundry, Cleaning, Household",Kitchen Roll,Co-op 4 Strong & Absorbent Kitchen Roll,4pk,£1.30 each,5.20,,
Co-op,"Laundry, Cleaning, Household",Kitchen Roll,Co-op Kitchen Towel,1pk,£1.80 each,1.80,,
Co-op,"Laundry, Cleaning, Household",Kitchen Roll,Plenty Ultrasorb Kitchen Roll 2 Rolls,2pk,£1.75 each,3.50,5.50,£2 off
Co-op,"Laundry, Cleaning, Household",Kitchen Roll,Regina Blitz Giant All Purpose Towel 260 Standard Sheets,1pk,£5.50 each,5.50,,
Co-op,"Laundry, Cleaning, Household",Kitchen Roll,Regina Blitz Household Towel,1pk,£4.50 each,4.50,,
Co-op,"Laundry, Cleaning, Household",Kitchen Roll,Regina XXL Absorb 2 Rolls,2pk,£1.45 each,2.90,5.40,£2.50 off
Co-op,"Laundry, Cleaning, Household",Laundry,Ariel Pods Original 15s,15pk,£0.30 each,4.55,6.05,£1.50 off
Co-op,"Laundry, Cleaning, Household",Laundry,"Ariel Washing Liquid, 50 Washes, Original",1.55L,£7.45/L,11.55,,
Co-op,"Laundry, Cleaning, Household",Laundry,Calgon 4in1 Tabs x 15,195g,£38.97/kg,7.60,,
Co-op,"Laundry, Cleaning, Household",Laundry,Calgon 4in1 Water Softener Gel 750ml,750ml,£7.73/L,5.80,8.95,£3.15 off
Co-op,"Laundry, Cleaning, Household",Laundry,Co-op Bio Laundry Gel 720ml,720ml,£4.24/L,3.05,,
Co-op,"Laundry, Cleaning, Household",Laundry,Co-op Blue Skies Fabric Conditioner 1 Litre,1L,£1.65/L,1.65,,
Co-op,"Laundry, Cleaning, Household",Laundry,Co-op Fresh Breeze Laundry Fragrance Scent Booster,275g,£13.64/kg,3.75,,
Co-op,"Laundry, Cleaning, Household",Laundry,Co-op Pure & Gentle Fabric Conditioner 1 Litre,1L,£1.65/L,1.65,,
Co-op,"Laundry, Cleaning, Household",Laundry,Comfort  Fabric Conditioner Pure 31 washes (930 ml),930ml,£3.06/L,2.85,,
Co-op,"Laundry, Cleaning, Household",Laundry,Comfort  Fabric Conditioner Pure 80 washes (2.4 L),2.4L,£3.04/L,7.30,,
Co-op,"Laundry, Cleaning, Household",Laundry,Comfort Creations Fabric Conditioner Honeysuckle & Sandalwood 48 washes (1.44 L),1.44L,£3.16/L,4.55,,
Co-op,"Laundry, Cleaning, Household",Laundry,Comfort Creations Fabric Conditioner Passion Bloom 48 washes (1.44 L),1.44L,£3.16/L,4.55,,
Co-op,"Laundry, Cleaning, Household",Laundry,Comfort Creations Fabric Conditioner Strawberry & Lily 48 washes (1.44 L),1.44L,£3.16/L,4.55,,
Co-op,"Laundry, Cleaning, Household",Laundry,Comfort Fresh Fabric Conditioner Blue Skies 80 washes (2.4 L),2.4L,£2.23/L,5.35,7.30,£1.95 off
Co-op,"Laundry, Cleaning, Household",Laundry,Comfort Fresh Fabric Conditioner Sunshiny Days 31 washes (930 ml),930ml,£3.06/L,2.85,,
Co-op,"Laundry, Cleaning, Household",Laundry,Comfort Intense Vaporesse Ironing Water Fresh Sky 1 L,1L,£1.90/L,1.90,,
Co-op,"Laundry, Cleaning, Household",Laundry,Dettol Washing Machine Cleaner Lemon Breeze 250ml,250ml,£19.80/L,4.95,,
Co-op,"Laundry, Cleaning, Household",Laundry,Dylon Colours Catcher Colour Protection Sheets,40pk,£0.11 each,4.30,,
Co-op,"Laundry, Cleaning, Household",Laundry,"Fairy Fabric Softener, Voted No1 For Sensitive Skin, 48 Washes, 1.488l",1.49L,£3.60/L,5.35,,
Co-op,"Laundry, Cleaning, Household",Laundry,"Fairy Fabric Softener, Voted No1 For Sensitive Skin, 85 Washes, 2.635l",2.64L,£2.50/L,6.60,,
Co-op,"Laundry, Cleaning, Household",Laundry,"Fairy In-Wash Scent Booster 280g, Almond Milk & Manuka Honey",280g,£25.54/kg,7.15,,
Co-op,"Laundry, Cleaning, Household",Laundry,"Fairy Outdoorable Fabric Softener, For Sensitive Skin,, 60 Washes",840ml,£5.83/L,4.90,,
Co-op,"Laundry, Cleaning, Household",Laundry,"Fairy Outdoorable Fabric Softener, For Sensitive Skin,Cherry Blossom & Nordic Cotton, 60 Washes",840ml,£5.83/L,4.90,,
Co-op,"Laundry, Cleaning, Household",Laundry,Febreze Antibacterial Fabric Freshener Spray Fresh Linen 385ML,385ml,£9.61/L,3.70,,2 for £5.45
Co-op,"Laundry, Cleaning, Household",Laundry,Febreze Fabric Freshener Spray Lenor Exotic Bloom 500ML,500ml,£9.30/L,4.65,,
Co-op,"Laundry, Cleaning, Household",Laundry,Febreze Fabric Freshener Spray Lenor Spring Awakening 500ML,500ml,£9.30/L,4.65,,
Co-op,"Laundry, Cleaning, Household",Laundry,Lenor Base Liquid Spring Awakening 29w,899ml,£2.00/L,1.80,3.30,£1.50 off
Co-op,"Laundry, Cleaning, Household",Laundry,"Lenor Fabric Conditioner 29 Washes, Wild Berries & Jasmine",899ml,£3.62/L,3.25,,
Co-op,"Laundry, Cleaning, Household",Laundry,"Lenor Fabric Conditioner 37 Washes, Spring Awakening",1.15L,£2.62/L,3.00,,
Co-op,"Laundry, Cleaning, Household",Laundry,"Lenor Fabric Conditioner 48 Washes, Gold Orchid",1.49L,£2.79/L,4.15,4.90,£0.75 off
Co-op,"Laundry, Cleaning, Household",Laundry,"Lenor Fabric Conditioner 48 Washes, Summer Breeze",1.49L,£3.33/L,4.95,,
Co-op,"Laundry, Cleaning, Household",Laundry,"Lenor Fabric Conditioner 48 Washes, Wild Berries & Jasmine",1.49L,£2.79/L,4.15,4.90,£0.75 off
Co-op,"Laundry, Cleaning, Household",Laundry,"Lenor Fabric Conditioner 85 Washes, Spring Awakening",2.64L,£2.50/L,6.60,,
Co-op,"Laundry, Cleaning, Household",Laundry,Lenor Fabric Tumble Dryer Sheets Spring Awakening 34 Sheets,34pk,£0.10 each,3.30,,
Co-op,"Laundry, Cleaning, Household",Laundry,"Lenor Outdoorable Fabric Conditioner 60 Washes, Floral Fresh",840ml,£4.70/L,3.95,5.20,£1.25 off
Co-op,"Laundry, Cleaning, Household",Laundry,"Lenor Outdoorable Fabric Conditioner 60 Washes, Seabreeze Stroll",840ml,£6.19/L,5.20,,
Co-op,"Laundry, Cleaning, Household",Laundry,"Lenor Outdoorable Fabric Conditioner 60 Washes, Spring Awakening",840ml,£4.70/L,3.95,5.20,£1.25 off
Co-op,"Laundry, Cleaning, Household",Laundry,"Lenor Outdoorable Fabric Conditioner 60 Washes, Summer Breeze",840ml,£4.70/L,3.95,5.20,£1.25 off
Co-op,"Laundry, Cleaning, Household",Laundry,"Lenor Scent Booster  280g, Spring Awakening",280g,£25.54/kg,7.15,,
Co-op,"Laundry, Cleaning, Household",Laundry,Lenor Summer Breeze 29w,899ml,£2.00/L,1.80,3.30,£1.50 off
Co-op,"Laundry, Cleaning, Household",Laundry,Lenor Unstoppables Granules 23w 280G,280g,£18.39/kg,5.15,7.15,£2 off
Co-op,"Laundry, Cleaning, Household",Laundry,Surf  Laundry Powder Tropical Lily 1.15 kg 23 washes,1.15kg,£3.83/kg,4.40,,
Co-op,"Laundry, Cleaning, Household",Laundry,"Vanish Gold Oxi Action Crystal White Chlorine Bleach Free Stain Remover Powder, For Whites, 850g",850g,£12.94/kg,11.00,,
Co-op,"Laundry, Cleaning, Household",Laundry,Vanish Oxi Action Laundry Booster Powder 850 g,850g,£12.94/kg,11.00,,
Co-op,"Laundry, Cleaning, Household",Toilet Roll,Andrex Fresh & Sensitive Hygiene Wipes Multipack (4 x 30 sheets),120pk,£0.03 each,4.10,,
Co-op,"Laundry, Cleaning, Household",Toilet Roll,Andrex® Ultra Care Washlets™ Single Pack (36 Sheets),36pk,£0.05 each,1.90,,
Co-op,"Laundry, Cleaning, Household",Offers,"Ariel 4in1 PODS®, Washing Liquid Capsules 50 Washes",50pk,£0.25 each,12.40,15.40,£3 off
Co-op,"Laundry, Cleaning, Household",Offers,"Ariel Platinum PODS®, Washing Liquid Capsules 30 Washes",30pk,£0.31 each,9.20,13.20,£4 off
Co-op,"Laundry, Cleaning, Household",Offers,"Bold PODS® Washing Liquid Capsules 33 Washes, Lavender and Camomile",33pk,£0.26 each,8.55,11.55,£3 off
Co-op,"Laundry, Cleaning, Household",Offers,"Bold PODS® Washing Liquid Capsules 33 Washes, Spring Awakening",33pk,£0.26 each,8.55,11.55,£3 off
Co-op,"Laundry, Cleaning, Household",Offers,Bold Spring Awakening Liquid Laundry Detergent 26 Washes 858 ml,858ml,£6.12/L,5.25,8.25,£3 off
Co-op,"Laundry, Cleaning, Household",Toilet Roll,Co-op 24 Super Soft White Bathroom Tissue,24pk,£0.48 each,11.55,,
Co-op,"Laundry, Cleaning, Household",Toilet Roll,Co-op 6 Super Soft White Bathroom Tissue,6pk,£0.79 each,4.75,,
Co-op,"Laundry, Cleaning, Household",Toilet Roll,Co-op Recycled White Bathroom Tissue 4 Rolls,4pk,£0.61 each,2.45,,
Co-op,"Laundry, Cleaning, Household",Toilet Roll,Co-op Soft White Bathroom Tissue 4 Rolls 2-Ply,4pk,£0.56 each,2.25,,
Co-op,"Laundry, Cleaning, Household",Toilet Roll,Co-op Super Soft Cream Bathroom Tissue 4 Rolls,4pk,£0.61 each,2.45,,
Co-op,"Laundry, Cleaning, Household",Toilet Roll,Co-op Super Soft Quilted Bathroom Tissue,4pk,£1.03 each,4.10,,
Co-op,"Laundry, Cleaning, Household",Toilet Roll,Cushelle Quilted Toilet Roll 6 Rolls 50% More Sheets,6pk,£1.22 each,7.30,,
Co-op,"Laundry, Cleaning, Household",Offers,Ecover Non Bio Laundry Concentrated Detergent Lavender & Sandalwood 28 Washes 1L,1L,£6.92/L,6.92,8.95,£2.03 off
Co-op,"Laundry, Cleaning, Household",Offers,"Fairy Non Bio Washing Liquid Pods, For Sensitive Skin 50 Washes",50pk,£0.25 each,12.40,15.40,£3 off
Co-op,Meat Alternatives,Chilled Meat Alternatives,Beyond Burger Original Plant-Based Patties 2 x 113g (226g),226g,£20.58/kg,4.65,,
Co-op,Meat Alternatives,Chilled Meat Alternatives,Co-op Gro Sizzlin' Sausages 300g,300g,£9.67/kg,2.90,,
Co-op,Meat Alternatives,Chilled Meat Alternatives,Co-op Gro Southern Fried No-Chicken Tenders 190g,190g,£16.05/kg,3.05,,
Co-op,Meat Alternatives,Chilled Meat Alternatives,Quorn 14 Cocktail Sausages 140g,140g,£18.57/kg,2.60,,3 for £4
Co-op,Meat Alternatives,Chilled Meat Alternatives,Quorn Picnic Eggs 140g,140g,£18.57/kg,2.60,,3 for £4
Co-op,Meat Alternatives,Chilled Meat Alternatives,Quorn Sausages 336g,8pk,£1.19/kg,3.20,,3 for £7.65
Co-op,Meat Alternatives,Chilled Meat Alternatives,Quorn Totally Vegan Smoky Ham Free Slices 100g,100g,£34.00/kg,3.40,,2 for £4.50
Co-op,Meat Alternatives,Chilled Meat Alternatives,Quorn Vegan Chicken Free Slices 100g,100g,£34.00/kg,3.40,,2 for £4.50
Co-op,Meat Alternatives,Chilled Meat Alternatives,Richmond 8 Meat-Free Streaky Bacon Rashers 120g,120g,£24.17/kg,2.90,,
Co-op,Meat Alternatives,Chilled Meat Alternatives,Richmond Meat-Free 6 Honey Roast Ham Style Slices 90g,90g,£33.33/kg,3.00,,
Co-op,Meat Alternatives,Chilled Meat Alternatives,Richmond Meat-Free 6 Roast Chicken Style Slices 90g,90g,£30.56/kg,2.75,,
Co-op,Meat Alternatives,Chilled Meat Alternatives,Richmond Vegan Meat-Free 8 Tasty Sausages 304g,304g,£9.87/kg,3.00,,
Co-op,Meat Alternatives,Chilled Meat Alternatives,Richmond Veggie Tasty 8 Sausages 304g,304g,£9.87/kg,3.00,,
Co-op,Meat Alternatives,Chilled Meat Alternatives,The Vegetarian Butcher  Vegan Chicken* Chunks What The Cluck 160 g,160g,£25.63/kg,4.10,,
Co-op,Meat Alternatives,Chilled Meat Alternatives,The Vegetarian Butcher Battered Fish Fillet Alternative Cod Almighty 180 g,180g,£24.44/kg,4.40,,
Co-op,Meat Alternatives,Chilled Meat Alternatives,The Vegetarian Butcher Vegan Chicken Fillet Hentastic Southern Fried 200 g,200g,£22.00/kg,4.40,,
Co-op,Meat Alternatives,Tofu,J-Basket Satonoyuki Tofu 300G,300g,£7.67/kg,2.30,,
Co-op,Meat Alternatives,Tofu,The Tofoo Co. Organic Naked 280g,280g,£9.82/kg,2.75,,
Co-op,Meat Alternatives,Tofu,The Tofoo Co. Smoked Organic Tofu 225g,225g,£16.00/kg,3.60,,
Co-op,"Meat, Poultry, Fish",Back to Routine ⏰☕,Co-op Space to Thrive British Chicken Breast Strips 250g,250g,£12.20/kg,3.05,,
Co-op,"Meat, Poultry, Fish",Back to Routine ⏰☕,Richmond 8 Thick Pork Sausages 410g,410g,£7.32/kg,3.00,,
Co-op,"Meat, Poultry, Fish",Bacon,Co-op 8 Outdoor Bred British Unsmoked Bacon Medallions 240g,240g,£11.67/kg,2.80,,
Co-op,"Meat, Poultry, Fish",Bacon,Co-op British Smoked Bacon Medallions 240g,240g,£11.67/kg,2.80,,
Co-op,"Meat, Poultry, Fish",Bacon,Co-op British Smoked Rindless Back Bacon 8 Rashers 300g,300g,£8.50/kg,2.55,,£1.49 loyalty card (£4.97/kg)
Co-op,"Meat, Poultry, Fish",Bacon,Co-op British Smoked Streaky Bacon 300g,300g,£9.33/kg,2.80,,
Co-op,"Meat, Poultry, Fish",Bacon,Co-op British Thick Cut Smoked Back Bacon 300g,300g,£8.50/kg,2.55,,
Co-op,"Meat, Poultry, Fish",Bacon,Co-op Cook's Kitchen Diced Pancetta 100g,100g,£19.50/kg,1.95,,
Co-op,"Meat, Poultry, Fish",Bacon,Co-op Irresistible 12 Air Dry Cured Smoked Streaky Bacon Rashers 230g,230g,£19.13/kg,4.40,,2 for £7.15
Co-op,"Meat, Poultry, Fish",Bacon,Co-op Irresistible 12 Air Dry Cured Unsmoked Streaky Bacon Rashers 230g,230g,£19.13/kg,4.40,,2 for £7.15
Co-op,"Meat, Poultry, Fish",Bacon,Co-op Irresistible 6 Air Dry Cured Smoked Back Bacon Rashers 230g,230g,£19.13/kg,4.40,,2 for £7.15
Co-op,"Meat, Poultry, Fish",Bacon,Co-op Irresistible Air Dry Cured 6 Unsmoked Back Bacon Rashers 230g,230g,£19.13/kg,4.40,,2 for £7.15
Co-op,"Meat, Poultry, Fish",Bacon,Co-op Outdoor Bred British Unsmoked Back Bacon Thick Cut 300g,300g,£8.50/kg,2.55,,
Co-op,"Meat, Poultry, Fish",Bacon,Co-op Outdoor Bred British Unsmoked Rindless Back Bacon 300g,300g,£8.50/kg,2.55,,£1.49 loyalty card (£4.97/kg)
Co-op,"Meat, Poultry, Fish",Bacon,Co-op Outdoor Bred British Unsmoked Streaky Bacon 300g,300g,£9.33/kg,2.80,,
Co-op,"Meat, Poultry, Fish",Bacon,Co-op Smoked Bacon Lardons 200g,200g,£17.00/kg,3.40,,
Co-op,"Meat, Poultry, Fish",Bacon,Co-op Smoked Crispy Cooked Bacon 65G,65g,£65.38/kg,4.25,,2 for £6.70
Co-op,"Meat, Poultry, Fish",Bacon,Heck 6x 97% Smoky Pork Sausage Rashers 300g,300g,£12.50/kg,3.75,,
Co-op,"Meat, Poultry, Fish",Bacon,Sokołów Best Selection Boczek Pieczony Classic Roasted Bacon 400g,400g,£9.63/kg,3.85,,
Co-op,"Meat, Poultry, Fish","Beef, Lamb & Veal",Co-op 4 British Beef Quarter Pounder 454g,454g,£10.35/kg,4.70,,
Co-op,"Meat, Poultry, Fish","Beef, Lamb & Veal",Co-op Beef & Pork Mince 500g,500g,£10.10/kg,5.05,,
Co-op,"Meat, Poultry, Fish","Beef, Lamb & Veal",Co-op Beef Fillet Steak 170g,170g,£55.00/kg,9.35,,
Co-op,"Meat, Poultry, Fish","Beef, Lamb & Veal",Co-op Big on BBQ 4 Juicy & Tender Beef Quarter Pounders 454g,454g,£10.24/kg,4.65,,2 for £7.15
Co-op,"Meat, Poultry, Fish","Beef, Lamb & Veal",Co-op Big on BBQ Sweet & Smoky Beef Sizzle Steaks 240g,240g,£22.92/kg,5.50,,2 for £8.80
Co-op,"Meat, Poultry, Fish","Beef, Lamb & Veal",Co-op British 12 Beef Meatballs 350g,350g,£15.71/kg,5.50,,2 for £8.80
Co-op,"Meat, Poultry, Fish","Beef, Lamb & Veal",Co-op British 5% Fat Beef Mince 500g,500g,£11.40/kg,5.70,,
Co-op,"Meat, Poultry, Fish","Beef, Lamb & Veal",Co-op British Beef Medallions 300G,300g,£19.17/kg,5.75,,
Co-op,"Meat, Poultry, Fish","Beef, Lamb & Veal",Co-op British Beef Rump Steak 227g,227g,£22.47/kg,5.10,,£3.96 loyalty card (£17.44/kg)
Co-op,"Meat, Poultry, Fish","Beef, Lamb & Veal",Co-op British Beef Sirloin Steak 227g,227g,£36.34/kg,8.25,,
Co-op,"Meat, Poultry, Fish","Beef, Lamb & Veal",Co-op British Lamb Chops,300g,£23.33/kg,7.00,,
Co-op,"Meat, Poultry, Fish","Beef, Lamb & Veal",Co-op British Lamb Harissa Spiced Lamb Rump Steaks 260g,260g,£24.23/kg,6.30,,
Co-op,"Meat, Poultry, Fish","Beef, Lamb & Veal",Co-op British Lamb Leg Steaks,320g,£23.13/kg,7.40,,
Co-op,"Meat, Poultry, Fish","Beef, Lamb & Veal",Co-op British Minted Lamb Kebabs 240G,240g,£20.63/kg,4.95,,2 for £7.15
Co-op,"Meat, Poultry, Fish","Beef, Lamb & Veal",Co-op British Ribeye Steak 227g,227g,£36.34/kg,8.25,,
Co-op,"Meat, Poultry, Fish","Beef, Lamb & Veal",Co-op Honest Value 4 British Beef Sizzle Steaks 300g,300g,£18.33/kg,5.50,,
Co-op,"Meat, Poultry, Fish","Beef, Lamb & Veal",Co-op Irresistible Aberdeen Angus British Beef Burgers 340g,340g,£15.29/kg,5.20,,
Co-op,"Meat, Poultry, Fish","Beef, Lamb & Veal",Co-op Irresistible Aberdeen Angus British Fillet Steak 170g,170g,£62.94/kg,10.70,,
Co-op,"Meat, Poultry, Fish","Beef, Lamb & Veal",Co-op Irresistible Aberdeen Angus British Thick Cut Ribeye Steak 300g,300g,£42.17/kg,12.65,,
Co-op,"Meat, Poultry, Fish","Beef, Lamb & Veal",Co-op Irresistible Aberdeen Angus British Thick Cut Sirloin Steak 300g,300g,£40.33/kg,12.10,,
Co-op,"Meat, Poultry, Fish","Beef, Lamb & Veal",Co-op Supporting British Farms 15% Fat Beef Mince 450g,450g,£11.56/kg,5.20,,2 for £8.80
Co-op,"Meat, Poultry, Fish","Beef, Lamb & Veal",Co-ор British Diced Beef Casserole Steak 400g,400g,£13.75/kg,5.50,,2 for £8.80
Co-op,"Meat, Poultry, Fish","Beef, Lamb & Veal",Royal Lamb Kheema 350g,4pk,£1.09 each,4.35,,
Co-op,"Meat, Poultry, Fish",Breaded Chicken,Co-op Battered Chicken Nuggets 240g,240g,£14.17/kg,3.40,,
Co-op,"Meat, Poultry, Fish",Breaded Chicken,Co-op British Breaded Chicken Goujons 230g,230g,£11.30/kg,2.60,3.10,£0.50 off
Co-op,"Meat, Poultry, Fish",Breaded Chicken,Co-op British Chicken Poppers 170g,170g,£17.65/kg,3.00,,3 for £7
Co-op,"Meat, Poultry, Fish",Breaded Chicken,Co-op British Garlic & Herb 2 Chicken Kievs,260g,£15.77/kg,4.10,,
Co-op,"Meat, Poultry, Fish",Breaded Chicken,Co-op British Tempura Chicken Mini Fillets 305g,305g,£16.39/kg,5.00,,
Co-op,"Meat, Poultry, Fish",Breaded Chicken,Co-op Chicken Poppers Seasoned Chicken in a Spicy Crumb 70g,70g,£21.43/kg,1.50,,
Co-op,"Meat, Poultry, Fish",Breaded Chicken,Co-op Chicken Steaks 250g,250g,£11.80/kg,2.95,3.55,£0.60 off
Co-op,"Meat, Poultry, Fish",Breaded Chicken,Co-op Crispy Sweet & Sour Chicken 250g,250g,£19.80/kg,4.95,,
Co-op,"Meat, Poultry, Fish",Breaded Chicken,Co-op Hot & Spicy Chicken Mini Fillets 305g,305g,£15.57/kg,4.75,,
Co-op,"Meat, Poultry, Fish",Breaded Chicken,Co-op Southern Fried Mini Fillets 305g,305g,£15.57/kg,4.75,,
Co-op,"Meat, Poultry, Fish",Breaded Chicken,Co-op Sweet Chilli Chicken Protein Bites 72g,72g,£20.14/kg,1.45,,
Co-op,"Meat, Poultry, Fish",Breaded Chicken,Wasabi Spicy Korean Chicken Pops 150g,150g,£25.67/kg,3.85,,
Co-op,"Meat, Poultry, Fish",Breaded Fish & Seafood,Co-op 6 Breaded Chunky Cod Fish Fingers 300g,300g,£15.67/kg,4.70,,
Co-op,"Meat, Poultry, Fish",Breaded Fish & Seafood,Co-op Fish Goujons 380g,380g,£15.79/kg,6.00,,
Co-op,"Meat, Poultry, Fish",Breaded Fish & Seafood,Co-op Honest Value Breaded White Fish 270g,270g,£11.30/kg,3.05,,
Co-op,"Meat, Poultry, Fish",Breaded Fish & Seafood,Co-op Irresistible Cod & Parsley Fishcakes 270g,270g,£15.37/kg,4.15,,
Co-op,"Meat, Poultry, Fish",Breaded Fish & Seafood,Co-op Irresistible Smoked Haddock & Mature Cheddar Fishcakes 270g,270g,£15.37/kg,4.15,,
Co-op,"Meat, Poultry, Fish",Burgers,Co-op Big on BBQ Smash Burgers 320g,320g,£14.69/kg,4.70,,2 for £7.15
Co-op,"Meat, Poultry, Fish",Burgers,Co-op British 4 Beef Quarter Pounder Burgers 454g,454g,£10.24/kg,4.65,,2 for £7.15
Co-op,"Meat, Poultry, Fish",Chicken & Poultry,Co-op British Chicken Breast Fillets 300g,300g,£10.00/kg,3.00,,£2.29 loyalty card (£7.63/kg)
Co-op,"Meat, Poultry, Fish",Chicken & Poultry,Co-op British Chicken Breast Fillets 580G,580g,£9.05/kg,5.25,,2 for £8.80
Co-op,"Meat, Poultry, Fish",Chicken & Poultry,Co-op British Chicken Breast Fillets 850g,850g,£8.82/kg,7.50,,
Co-op,"Meat, Poultry, Fish",Chicken & Poultry,Co-op British Chicken Mini Fillets 400g,400g,£12.25/kg,4.90,,2 for £8.80
Co-op,"Meat, Poultry, Fish",Chicken & Poultry,Co-op British Chicken Thigh Fillets 500G,500g,£10.90/kg,5.45,,2 for £8.80
Co-op,"Meat, Poultry, Fish",Chicken & Poultry,Co-op British Fresh Chicken Thighs 600G,600g,£6.00/kg,3.60,,
Co-op,"Meat, Poultry, Fish",Chicken & Poultry,Co-op British Turkey Breast Steaks 250g,250g,£16.60/kg,4.15,,
Co-op,"Meat, Poultry, Fish",Chicken & Poultry,Co-op Diced Chicken Breast,400g,£12.13/kg,4.85,,
Co-op,"Meat, Poultry, Fish",Chicken & Poultry,Co-op Honest Value Chicken Drum Fillets 400g,400g,£8.50/kg,3.40,,
Co-op,"Meat, Poultry, Fish",Chicken & Poultry,Co-op Slow Cooked Shawarma Style Chicken 400g,400g,£13.63/kg,5.45,,
Co-op,"Meat, Poultry, Fish",Chicken & Poultry,Co-op Space to Thrive British Chicken Drumsticks 750g,750g,£5.80/kg,4.35,,
Co-op,"Meat, Poultry, Fish",Chicken & Poultry,Co-op Space to Thrive British Chicken Wings 775g,775g,£3.10/kg,2.40,,
Co-op,"Meat, Poultry, Fish",Chicken & Poultry,Co-op Space to Thrive British Large Whole Chicken,1.7kg,£3.68/kg,6.25,,
Co-op,"Meat, Poultry, Fish",Chicken & Poultry,Co-op Space to Thrive Large British Whole Chicken,2.1kg,£3.64/kg,7.65,,
Co-op,"Meat, Poultry, Fish",Chicken & Poultry,Co-op Sweet Chilli Chicken Kebabs 270G,270g,£19.26/kg,5.20,,
Co-op,"Meat, Poultry, Fish",Chicken & Poultry,Shazans Chicken Breast Fillets 450g,450g,£12.56/kg,5.65,,
Co-op,"Meat, Poultry, Fish",Chicken & Poultry,Shazans Chicken Drumsticks 1kg,1kg,£5.30/kg,5.30,,
Co-op,"Meat, Poultry, Fish",Chicken & Poultry,Shazans Chicken Mini Fillets 500g,500g,£11.30/kg,5.65,,
Co-op,"Meat, Poultry, Fish",Chicken & Poultry,Shazans Chicken Thigh Fillets 600g,600g,£9.42/kg,5.65,,
Co-op,"Meat, Poultry, Fish",Chicken & Poultry,Shazans Peri Peri Chicken Thighs 650g,650g,£6.46/kg,4.20,,
Co-op,"Meat, Poultry, Fish",Fish,Co-op 2 Salmon Fillets 220g,220g,£22.50/kg,4.95,,2 for £8.80
Co-op,"Meat, Poultry, Fish",Fish,Co-op 2 Salmon Fillets with a Pesto Butter 230g,230g,£27.61/kg,6.35,,
Co-op,"Meat, Poultry, Fish",Fish,Co-op 2 Skinless Cod Fillets 240g,240g,£28.75/kg,6.90,,
Co-op,"Meat, Poultry, Fish",Fish,Co-op Salt & Pepper Dusted Basa 250g,250g,£15.20/kg,3.80,,
Co-op,"Meat, Poultry, Fish",Fish,Co-op Smoked Haddock Fillets,220g,£31.36/kg,6.90,,
Co-op,"Meat, Poultry, Fish",Sausages,Bury Black Pudding Slices 230g,230g,£7.17/kg,1.65,,
Co-op,"Meat, Poultry, Fish",Pork,Co-op 2 British Unsmoked Gammon Steaks 450g,450g,£12.78/kg,5.75,,2 for £8.80
Co-op,"Meat, Poultry, Fish",Ready to Eat Fish,Co-op 2 Kiln Roasted Salmon Fillets 180g,180g,£36.94/kg,6.65,,
Co-op,"Meat, Poultry, Fish",Ready to Eat Fish,Co-op 2 Smoked Mackerel Fillets 180g,180g,£27.50/kg,4.95,,
Co-op,"Meat, Poultry, Fish",Ready to Eat Fish,Co-op 2 Steamed Salmon Fillets with Lemon and Herb 180g,180g,£35.28/kg,6.35,,
Co-op,"Meat, Poultry, Fish",Sausages,Co-op 6 Frankfurters 300g,300g,£14.00/kg,4.20,,2 for £6.70
Co-op,"Meat, Poultry, Fish",Sausages,Co-op 6 Jumbo Pork Sausages 510G,480g,£9.17/kg,4.40,,2 for £7.15
Co-op,"Meat, Poultry, Fish",Pork,Co-op Big on BBQ 4 Pork Cumberland 454g,454g,£9.69/kg,4.40,,2 for £7.15
Co-op,"Meat, Poultry, Fish",Ready to Eat Fish,Co-op Cooked King Prawns 150g,150g,£31.33/kg,4.70,,
Co-op,"Meat, Poultry, Fish",Sausages,Co-op Irresistible 10 Pork Chipolata Sausages 340g,340g,£11.91/kg,4.05,,2 for £7.15
Co-op,"Meat, Poultry, Fish",Ready to Eat Fish,Co-op Irresistible Beech & Oak Smoked Scottish Smoked Salmon 100g,100g,£63.50/kg,6.35,,
Co-op,"Meat, Poultry, Fish",Sausages,Co-op Irresistible Cumberland Sausages 400G,400g,£10.13/kg,4.05,,2 for £7.15
Co-op,"Meat, Poultry, Fish",Sausages,Co-op Irresistible Lincolnshire Sausages 400G,400g,£10.13/kg,4.05,,2 for £7.15
Co-op,"Meat, Poultry, Fish",Sausages,Co-op Irresistible Pork Sausages 400G,400g,£10.13/kg,4.05,,2 for £7.15
Co-op,"Meat, Poultry, Fish",Sausages,Co-op Irresistible Pork and Caramelised Onion Sausages 400g,400g,£10.13/kg,4.05,,2 for £7.15
Co-op,"Meat, Poultry, Fish",Ready to Eat Fish,Co-op Jumbo Seafood Stick 50g,50g,£15.00/kg,0.75,,
Co-op,"Meat, Poultry, Fish",Pork,Co-op Outdoor Bred 2 British Pork Chops 350g,350g,£12.57/kg,4.40,,
Co-op,"Meat, Poultry, Fish",Pork,Co-op Outdoor Bred 4 Pork Loin Steaks 440g,440g,£12.50/kg,5.50,,2 for £8.80
Co-op,"Meat, Poultry, Fish",Sausages,Co-op Outdoor Bred 8 Butcher's Choice Cumberland Sausages 454g,454g,£4.85/kg,2.20,,
Co-op,"Meat, Poultry, Fish",Sausages,Co-op Outdoor Bred 8 Butchers Choice Pork Sausages 454g,454g,£4.85/kg,2.20,,
Co-op,"Meat, Poultry, Fish",Pork,Co-op Outdoor Bred British 6 Pork Loin Steaks 600g,600g,£11.58/kg,6.95,,
Co-op,"Meat, Poultry, Fish",Prawns & Seafood,Co-op Prawn Cocktail 170g,170g,£22.65/kg,3.85,,
Co-op,"Meat, Poultry, Fish",Ready to Eat Fish,Co-op Seafood Sticks,200g,£8.25/kg,1.65,,
Co-op,"Meat, Poultry, Fish",Pork,Co-op Slow Cooked BBQ Sticky Ribs 470g,470g,£11.91/kg,5.60,,
Co-op,"Meat, Poultry, Fish",Ready to Eat Fish,Co-op Smoked Salmon 100g,100g,£47.00/kg,4.70,,
Co-op,"Meat, Poultry, Fish",Sausages,Ginsters Pockets Franks Buffalo Chicken,100g,£17.00/kg,1.70,,
Co-op,"Meat, Poultry, Fish",Sausages,Heck 10 Chicken Italia Chipolatas 340g,340g,£12.06/kg,4.10,,
Co-op,"Meat, Poultry, Fish",Sausages,Richmond 12 Thin Pork Sausages 340g,340g,£8.82/kg,3.00,,
Co-op,"Meat, Poultry, Fish",Sausages,Richmond Skinless Sausages 319G,319g,£9.40/kg,3.00,,
Co-op,"Meat, Poultry, Fish",Sausages,Sokołów Best Selection Silesian Sausage 340g,340g,£13.09/kg,4.45,,
Co-op,"Meat, Poultry, Fish",Sausages,The Jolly Hog Proper Porker 6 Sausages 400g,400g,£12.38/kg,4.95,,
Co-op,"Milk, Eggs, Dairy",Back to Routine ⏰☕,Co-op British Fresh Semi-Skimmed Milk 1.13L (2 Pints),1.14L,£1.19/L,1.35,,£1.20 loyalty card (£1.06/L)
Co-op,"Milk, Eggs, Dairy",Back to Routine ⏰☕,Lurpak Slightly Salted Spreadable Blend of Butter and Rapeseed Oil 400g,400g,£12.75/kg,5.10,,
Co-op,"Milk, Eggs, Dairy",Butter & Spreads,All Things Butter Salted British Butter 200g,200g,£14.75/kg,2.95,,
Co-op,"Milk, Eggs, Dairy",Butter & Spreads,Anchor Salted Butter 200g,200g,£15.50/kg,3.10,,
Co-op,"Milk, Eggs, Dairy",Butter & Spreads,Anchor Spreadable Blend of Butter and Rapeseed Oil 400g,400g,£7.75/kg,3.10,4.85,£1.75 off
Co-op,"Milk, Eggs, Dairy",Butter & Spreads,Anchor Unsalted Butter 200g,200g,£15.50/kg,3.10,,
Co-op,"Milk, Eggs, Dairy",Butter & Spreads,Bertolli Butter & Olive Oil 400g,400g,£7.75/kg,3.10,4.85,£1.75 off
Co-op,"Milk, Eggs, Dairy",Butter & Spreads,Bertolli Olive Oil Spread 450g,450g,£7.67/kg,3.45,,
Co-op,"Milk, Eggs, Dairy",Butter & Spreads,Clover Light Spread 500g,500g,£6.40/kg,3.20,,
Co-op,"Milk, Eggs, Dairy",Butter & Spreads,Clover Spread butter 500g,500g,£6.40/kg,3.20,,
Co-op,"Milk, Eggs, Dairy",Butter & Spreads,Co-op British Milk Salted Butter 250g,250g,£8.60/kg,2.15,,
Co-op,"Milk, Eggs, Dairy",Butter & Spreads,Co-op British Milk Unsalted Butter 250g,250g,£8.60/kg,2.15,,
Co-op,"Milk, Eggs, Dairy",Butter & Spreads,Co-op Buttery 500g,500g,£3.40/kg,1.70,,£0.99 loyalty card (£1.98/kg)
Co-op,"Milk, Eggs, Dairy",Butter & Spreads,Co-op Cook's Kitchen Lard 250g,250g,£3.20/kg,0.80,,
Co-op,"Milk, Eggs, Dairy",Butter & Spreads,Co-op Irresistible Sea Salt Crystals West Country Salted Butter 250g,250g,£12.80/kg,3.20,,
Co-op,"Milk, Eggs, Dairy",Butter & Spreads,Co-op Spreadable 500G,500g,£5.50/kg,2.75,,
Co-op,"Milk, Eggs, Dairy",Butter & Spreads,Country Life Spreadable 400g,400g,£10.75/kg,4.30,,
Co-op,"Milk, Eggs, Dairy",Butter & Spreads,Flora Buttery 450g,450g,£6.00/kg,2.70,,
Co-op,"Milk, Eggs, Dairy",Butter & Spreads,Flora Lighter 450g,450g,£7.11/kg,3.20,,
Co-op,"Milk, Eggs, Dairy",Butter & Spreads,Flora Original 450g,450g,£6.00/kg,2.70,,
Co-op,"Milk, Eggs, Dairy",Butter & Spreads,Flora Plant Butter Salted 200g,200g,£10.75/kg,2.15,,
Co-op,"Milk, Eggs, Dairy",Butter & Spreads,Flora Pro Activ Light Spread 250G,250g,£12.80/kg,3.20,,
Co-op,"Milk, Eggs, Dairy",Butter & Spreads,I Can't Believe It's Not Butter! Original 450g,450g,£4.11/kg,1.85,,
Co-op,"Milk, Eggs, Dairy",Butter & Spreads,Kerrygold Salted Pure Irish Butter 200g,200g,£15.25/kg,3.05,,
Co-op,"Milk, Eggs, Dairy",Butter & Spreads,Kerrygold Spreadable 400g,400g,£8.38/kg,3.35,4.85,£1.50 off
Co-op,"Milk, Eggs, Dairy",Butter & Spreads,Lurpak Lighter Spreadable Blend of Butter and Rapeseed Oil 400g,400g,£12.75/kg,5.10,,
Co-op,"Milk, Eggs, Dairy",Butter & Spreads,Lurpak Plant Based Alternative to Spreadable or Butter 400g,400g,£9.00/kg,3.60,4.90,£1.30 off
Co-op,"Milk, Eggs, Dairy",Butter & Spreads,Lurpak Slightly Salted Butter 200g,200g,£11.25/kg,2.25,3.45,£1.20 off
Co-op,"Milk, Eggs, Dairy",Butter & Spreads,Lurpak Slightly Salted Spreadable Blend of Butter and Rapeseed Oil 250g,250g,£13.00/kg,3.25,3.75,£0.50 off
Co-op,"Milk, Eggs, Dairy",Butter & Spreads,Lurpak Slightly Salted Spreadable Blend of Butter and Rapeseed Oil 750g,750g,£8.13/kg,6.10,8.35,£2.25 off
Co-op,"Milk, Eggs, Dairy",Butter & Spreads,Lurpak Unsalted Butter 200g,200g,£17.25/kg,3.45,,
Co-op,"Milk, Eggs, Dairy",Butter & Spreads,Mlekovita Butter 200G,200g,£17.75/kg,3.55,,
Co-op,"Milk, Eggs, Dairy",Butter & Spreads,Natco Pure Butter Ghee 500g,500g,£15.40/kg,7.70,,
Co-op,"Milk, Eggs, Dairy",Butter & Spreads,ProActiv Buttery Taste 450g,450g,£12.33/kg,5.55,,
Co-op,"Milk, Eggs, Dairy",Butter & Spreads,ProActiv Light 450g,450g,£12.33/kg,5.55,,
Co-op,"Milk, Eggs, Dairy",Butter & Spreads,Président French Unsalted Butter 250g,250g,£14.20/kg,3.55,,
Co-op,"Milk, Eggs, Dairy",Butter & Spreads,Stork Spread 500g,500g,£5.60/kg,2.80,,
Co-op,"Milk, Eggs, Dairy",Butter & Spreads,Utterly Butterly Lightly 500g,500g,£3.30/kg,1.65,2.10,£0.45 off
Co-op,"Milk, Eggs, Dairy",Butter & Spreads,Utterly Butterly Spread 500g,500g,£3.00/kg,1.50,1.95,£0.45 off
Co-op,"Milk, Eggs, Dairy",Butter & Spreads,Vitalite Dairy Free Spread 500g,500g,£3.70/kg,1.85,2.45,£0.60 off
Co-op,"Milk, Eggs, Dairy",Butter & Spreads,Yeo Valley Organic Salted Butter 200g,200g,£18.75/kg,3.75,,
Co-op,"Milk, Eggs, Dairy",Cream,Bakoma Soured Cream 18% 175G,175g,£5.71/kg,1.00,,
Co-op,"Milk, Eggs, Dairy",Cream,Co-op British Extra Thick Double Cream 300ml,300ml,£8.50/L,2.55,,
Co-op,"Milk, Eggs, Dairy",Cream,Co-op British Single Cream 300ml,300ml,£5.33/L,1.60,,
Co-op,"Milk, Eggs, Dairy",Cream,Co-op British Soured Cream 300ml,300ml,£4.00/L,1.20,,
Co-op,"Milk, Eggs, Dairy",Cream,Co-op Fresh Double Cream 300ml,300ml,£6.83/L,2.05,,
Co-op,"Milk, Eggs, Dairy",Cream,Co-op Scottish Double Cream 600ml,600ml,£5.00/L,3.00,,
Co-op,"Milk, Eggs, Dairy",Cream,Co-op Scottish Extra Thick Double Cream 300ml,300ml,£8.00/L,2.40,,
Co-op,"Milk, Eggs, Dairy",Cream,Elmlea Double Alternative to Cream 270ml,270ml,£5.93/L,1.60,,
Co-op,"Milk, Eggs, Dairy",Cream,Elmlea Double Light Alternative to Cream 270ml,270ml,£6.48/L,1.75,,
Co-op,"Milk, Eggs, Dairy",Cream,Elmlea Single Alternative to Cream 284ml,270ml,£6.48/L,1.75,,
Co-op,"Milk, Eggs, Dairy",Cream,Président Crème Fraîche 194g,200ml,£9.25/L,1.85,,
Co-op,"Milk, Eggs, Dairy",Cream,Rodda's Classic Cornish Clotted Cream 227g,227g,£14.54/kg,3.30,,
Co-op,"Milk, Eggs, Dairy",Cream,Yeo Valley Organic Half Fat Crème Fraîche 200g,200g,£8.50/kg,1.70,,
Co-op,"Milk, Eggs, Dairy",Dairy Alternatives,Alpro Blueberry 500g,500g,£5.60/kg,2.80,,
Co-op,"Milk, Eggs, Dairy",Dairy Alternatives,Alpro Dairy Free Blueberry & Cherry Alternative To Yogurt 4X125G,4pk,£5.60/kg,2.80,,
Co-op,"Milk, Eggs, Dairy",Dairy Alternatives,Alpro Dark Chocolate Dairy Free Vegan Soya Dessert 4x125g,4pk,£4.90/kg,2.45,,
Co-op,"Milk, Eggs, Dairy",Dairy Alternatives,Alpro Greek Style Mango Yoghurt Alternative 150g,150g,£9.67/kg,1.45,,
Co-op,"Milk, Eggs, Dairy",Dairy Alternatives,Alpro Greek Style Plain 400g,400g,£6.75/kg,2.70,,
Co-op,"Milk, Eggs, Dairy",Dairy Alternatives,Alpro Greek Style Strawberry Raspberry Yoghurt Alternative 150g,150g,£9.67/kg,1.45,,
Co-op,"Milk, Eggs, Dairy",Dairy Alternatives,Alpro Soya Dairy Free Alternative To Cream 250ML,250ml,£6.20/L,1.55,,
Co-op,"Milk, Eggs, Dairy",Dairy Alternatives,Alpro Vanilla Custard 525G,525g,£3.14/kg,1.65,,
Co-op,"Milk, Eggs, Dairy",Dairy Alternatives,Alpro Vanilla Yoghurt Alternative 500g,500g,£5.60/kg,2.80,,
Co-op,"Milk, Eggs, Dairy",Dairy Alternatives,Alpro Velvet Vanilla Dessert 4x125g,4pk,£4.90/kg,2.45,,
Co-op,"Milk, Eggs, Dairy",Dairy Alternatives,Elmlea Plant Double Alternative to Dairy Cream 250ml,250ml,£7.00/L,1.75,,
Co-op,"Milk, Eggs, Dairy",Dairy Alternatives,Stork Vegan Baking Block 250G,250g,£7.00/kg,1.75,,
Co-op,"Milk, Eggs, Dairy",Dairy Alternatives,The Coconut Collab Gut Health 350g,350g,£9.86/kg,3.45,,
Co-op,"Milk, Eggs, Dairy",Dairy Alternatives,The Coconut Collaborative Dairy Free Natural Coconut Yoghurt 350g,350g,£8.71/kg,3.05,,
Co-op,"Milk, Eggs, Dairy",Dairy Free Drinks,Alpro Almond Long Life Drink 1L,1L,£2.75/L,2.75,,
Co-op,"Milk, Eggs, Dairy",Dairy Free Drinks,Alpro Almond No Sugars Chilled Drink 1L,1L,£2.30/L,2.30,,
Co-op,"Milk, Eggs, Dairy",Dairy Free Drinks,Alpro Almond No Sugars Roasted Long Life Drink 1L,1L,£2.75/L,2.75,,
Co-op,"Milk, Eggs, Dairy",Dairy Free Drinks,Alpro Barista Coconut with Soya 1L,1L,£2.80/L,2.80,,
Co-op,"Milk, Eggs, Dairy",Dairy Free Drinks,Alpro Barista Oat Long Life Drink 1L,1L,£2.80/L,2.80,,
Co-op,"Milk, Eggs, Dairy",Dairy Free Drinks,Alpro Coconut Original 1LTR,1L,£2.30/L,2.30,,
Co-op,"Milk, Eggs, Dairy",Dairy Free Drinks,Alpro Growing Up Oat Drink 1-3+ Years 1L,1L,£2.50/L,2.50,,
Co-op,"Milk, Eggs, Dairy",Dairy Free Drinks,Alpro Hazelnut Long Life Drink 1L,1L,£2.75/L,2.75,,
Co-op,"Milk, Eggs, Dairy",Dairy Free Drinks,Alpro Kids Oat Chocolate Long Life Dairy Free Drink 200ml,200ml,£4.50/L,0.90,,
Co-op,"Milk, Eggs, Dairy",Dairy Free Drinks,Alpro Oat Long Life Drink 1L,1L,£2.00/L,2.00,2.75,£0.75 off
Co-op,"Milk, Eggs, Dairy",Dairy Free Drinks,Alpro Oat No Sugars Chilled Drink 1L,1L,£1.75/L,1.75,2.30,£0.55 off
Co-op,"Milk, Eggs, Dairy",Dairy Free Drinks,Alpro Oat No Sugars Long Life Drink 1L,1L,£2.00/L,2.00,2.75,£0.75 off
Co-op,"Milk, Eggs, Dairy",Dairy Free Drinks,Alpro Soya Growing Up Long Life Drink 1L,1L,£2.75/L,2.75,,
Co-op,"Milk, Eggs, Dairy",Dairy Free Drinks,Alpro Soya No Sugars Chilled Drink 1L,1L,£1.90/L,1.90,,
Co-op,"Milk, Eggs, Dairy",Dairy Free Drinks,Alpro Soya No Sugars Long Life Drink 1L,1L,£2.75/L,2.75,,
Co-op,"Milk, Eggs, Dairy",Dairy Free Drinks,Alpro Soya Vanilla Long Life Drink 1L,1L,£2.75/L,2.75,,
Co-op,"Milk, Eggs, Dairy",Dairy Free Drinks,Alpro Sweetened with Calcium And Vitamins Soya Milk 1LTR,1L,£2.75/L,2.75,,
Co-op,"Milk, Eggs, Dairy",Dairy Free Drinks,Alpro Tempting and Tropical Coco 1L,1L,£2.75/L,2.75,,
Co-op,"Milk, Eggs, Dairy",Dairy Free Drinks,Califia Farms Oat Barista Blend 1L,1L,£2.40/L,2.40,,
Co-op,"Milk, Eggs, Dairy",Dairy Free Drinks,Co-op Gro The Oaty One 1L,1pk,£1.80 each,1.80,,
Co-op,"Milk, Eggs, Dairy",Dairy Free Drinks,Co-op Oat Drink 1 Litre,1L,£1.45/L,1.45,,
Co-op,"Milk, Eggs, Dairy",Dairy Free Drinks,Co-op Unsweetened Soya Drink 1 Litre,1L,£1.50/L,1.50,,
Co-op,"Milk, Eggs, Dairy",Dairy Free Drinks,Oatly Barista 1LTR Long Life Milk,1L,£2.80/L,2.80,,
Co-op,"Milk, Eggs, Dairy",Dairy Free Drinks,Oatly Chilled Barista 1Ltr,1L,£2.50/L,2.50,,
Co-op,"Milk, Eggs, Dairy",Dairy Free Drinks,Oatly Oat Drink Semi Chilled 1 Litre,1L,£1.70/L,1.70,2.50,£0.80 off
Co-op,"Milk, Eggs, Dairy",Dairy Free Drinks,Oatly Oat Drink Semi Long Life 1L,1L,£2.60/L,2.60,,
Co-op,"Milk, Eggs, Dairy",Dairy Free Drinks,Oatly Oat Drink Whole Chilled 1 Litre,1L,£1.70/L,1.70,2.50,£0.80 off
Co-op,"Milk, Eggs, Dairy",Dairy Free Drinks,Oatly Oat Drink Whole Long Life 1L,1L,£2.60/L,2.60,,
Co-op,"Milk, Eggs, Dairy",Dairy Free Drinks,Oatly! Oat Drink Barista Edition 500ml,500ml,£3.00/L,1.50,,
Co-op,"Milk, Eggs, Dairy",Dairy Free Drinks,Oatly! Oat Drink Chocolate 1L,1L,£2.80/L,2.80,,
Co-op,"Milk, Eggs, Dairy",Dairy Free Drinks,Oatly! The Original Matcha Latte Oat Drink 1L,1L,£2.20/L,2.20,,
Co-op,"Milk, Eggs, Dairy",Dairy Free Drinks,Oatly! The Original Organic Oat Drink 1L,1L,£2.80/L,2.80,,
Co-op,"Milk, Eggs, Dairy",Dairy Free Drinks,Vitasoy Soy Drink 250ml,250ml,£3.40/L,0.85,,
Co-op,"Milk, Eggs, Dairy",Dairy Free Drinks,koko Original Coconut 1L,1L,£1.95/L,1.95,,
Co-op,"Milk, Eggs, Dairy",Eggs,Co-op 6 Medium Free Range Eggs,6pk,£0.33 each,2.00,,£1.49 loyalty card (£0.25 each)
Co-op,"Milk, Eggs, Dairy",Eggs,Co-op 6 Mixed Size Organic Free Range Eggs 328g,6pk,£0.52 each,3.10,,
Co-op,"Milk, Eggs, Dairy",Eggs,Co-op British 12 Large Free Range Eggs,12pk,£0.32 each,3.80,,
Co-op,"Milk, Eggs, Dairy",Eggs,"Co-op British Free Range, 6 Large Eggs",6pk,£0.37 each,2.20,,£1.69 loyalty card (£0.28 each)
Co-op,"Milk, Eggs, Dairy",Eggs,Co-op British Very Large Free Range Eggs 6 Pack,6pk,£0.43 each,2.55,,
Co-op,"Milk, Eggs, Dairy",Eggs,Co-op Free Range Boiled Eggs 90g,90g,£17.22/kg,1.55,,
Co-op,"Milk, Eggs, Dairy",Eggs,Co-op Honest Value 10 Mixed Weight Free Range Eggs 440g,10pk,£0.15 each,1.45,1.75,£0.30 off
Co-op,"Milk, Eggs, Dairy",Eggs,Co-op Irresistible Free Range Golden Yolk Eggs 300g,6pk,£0.54 each,3.25,,
Co-op,"Milk, Eggs, Dairy",Eggs,Co-op Medium Free Range Eggs 12S,12pk,£0.26 each,3.15,,
Co-op,"Milk, Eggs, Dairy",Eggs,Purely Organic 6 Organic Free Range Eggs 328g,6pk,£0.52 each,3.10,,
Co-op,"Milk, Eggs, Dairy",Eggs,St. Ewe 6 Mixed-Weight Rich Yolk 288g,6pk,£0.59 each,3.55,,
Co-op,"Milk, Eggs, Dairy",Eggs,"The Happy Egg Co. Free Range, 10 Mixed Weight Eggs",10pk,£0.40 each,4.00,,
Co-op,"Milk, Eggs, Dairy",Eggs,"The Happy Egg Co. Free Range, 6 Large Eggs",6pk,£0.50 each,3.00,,
Co-op,"Milk, Eggs, Dairy",Eggs,Two Chicks Free Range Egg White 500g,1pk,£4.20 each,4.20,,
Co-op,"Milk, Eggs, Dairy",Milk,Arla BOB Skimmed Milk 2L Tastes like Semi Skimmed,2L,£1.50/L,3.00,,2 for £4
Co-op,"Milk, Eggs, Dairy",Milk,Arla LactoFREE Semi Skimmed Milk Drink 1L,1L,£2.30/L,2.30,,
Co-op,"Milk, Eggs, Dairy",Milk,Arla LactoFREE Semi Skimmed Milk Drink 2L,2L,£1.65/L,3.30,,
Co-op,"Milk, Eggs, Dairy",Milk,Arla LactoFREE Whole Milk Drink 1L,1L,£2.30/L,2.30,,
Co-op,"Milk, Eggs, Dairy",Milk,Big Milk Whole Milk for Big Kids Aged 1+ 2L,2L,£1.58/L,3.15,,2 for £4
Co-op,"Milk, Eggs, Dairy",Milk,Co-op 1 Pint Fresh Whole Milk 568ML,568ml,£1.76/L,1.00,,£0.90 loyalty card (£1.58/L)
Co-op,"Milk, Eggs, Dairy",Milk,Co-op British Fresh Semi-Skimmed Milk 2.27L (4 Pints),2.27L,£0.86/L,1.95,,£1.65 loyalty card (£0.73/L)
Co-op,"Milk, Eggs, Dairy",Milk,Co-op British Fresh Skimmed Milk 1.13L (2 Pints),1.14L,£1.19/L,1.35,,£1.20 loyalty card (£1.06/L)
Co-op,"Milk, Eggs, Dairy",Milk,Co-op British Fresh Skimmed Milk 2.27L (4 Pints),2.27L,£0.86/L,1.95,,£1.65 loyalty card (£0.73/L)
Co-op,"Milk, Eggs, Dairy",Milk,Co-op British Fresh Whole Milk 1.13L (2 Pints),1.14L,£1.19/L,1.35,,£1.20 loyalty card (£1.06/L)
Co-op,"Milk, Eggs, Dairy",Milk,Co-op British Fresh Whole Milk 2.27L (4 Pints),2.27L,£0.86/L,1.95,,£1.65 loyalty card (£0.73/L)
Co-op,"Milk, Eggs, Dairy",Milk,Co-op British Semi-Skimmed Longlife UHT Milk 1.76 Pints/1 Litre,1L,£1.40/L,1.40,,
Co-op,"Milk, Eggs, Dairy",Milk,Co-op British Skimmed Longlife UHT Milk 1.76 Pints/1 Litre,1L,£1.50/L,1.50,,
Co-op,"Milk, Eggs, Dairy",Milk,Co-op British Whole Longlife UHT Milk 1.76 Pints/1 Litre,1L,£1.50/L,1.50,,
Co-op,"Milk, Eggs, Dairy",Milk,Co-op Filtered Fresh Semi-Skimmed Milk 2 Litre,2L,£1.15/L,2.30,,£1.69 loyalty card (£0.85/L)
Co-op,"Milk, Eggs, Dairy",Milk,Co-op Filtered Fresh Whole Milk 2 Litre,2L,£1.15/L,2.30,,£1.69 loyalty card (£0.85/L)
Co-op,"Milk, Eggs, Dairy",Milk,Co-op Irresistible Cornish Unhomogenised Whole Milk 1LTR,1L,£2.00/L,2.00,,
Co-op,"Milk, Eggs, Dairy",Milk,Co-op Organic British Fresh Whole Milk 4 Pints/2.272L,2.27L,£1.14/L,2.60,,
Co-op,"Milk, Eggs, Dairy",Milk,Co-op Organic Fresh Skimmed Milk 2 Pints/1.136L,1.14L,£1.76/L,2.00,,
Co-op,"Milk, Eggs, Dairy",Milk,Co-op Organic Semi Skimmed Milk 1.13L (2 Pints),1.14L,£1.76/L,2.00,,
Co-op,"Milk, Eggs, Dairy",Milk,Co-op Organic Whole Milk 1.13L (2 Pints),1.14L,£1.76/L,2.00,,
Co-op,"Milk, Eggs, Dairy",Milk,Co-op Semi Skimmed Organic Milk 4PT,2.27L,£1.14/L,2.60,,
Co-op,"Milk, Eggs, Dairy",Milk,Co-op Semi-Skimmed Milk 1 Pint,568ml,£1.76/L,1.00,,£0.90 loyalty card (£1.58/L)
Co-op,"Milk, Eggs, Dairy",Milk,Cravendale Filtered Fresh Semi Skimmed Milk 1L,1L,£2.00/L,2.00,,
Co-op,"Milk, Eggs, Dairy",Milk,Cravendale Filtered Fresh Semi Skimmed Milk 2L Fresher for Longer,2L,£1.63/L,3.25,,2 for £4
Co-op,"Milk, Eggs, Dairy",Milk,Cravendale Filtered Fresh Whole Milk 1L Fresher for Longer,1L,£2.00/L,2.00,,
Co-op,"Milk, Eggs, Dairy",Milk,Cravendale Filtered Fresh Whole Milk 2L,2L,£1.63/L,3.25,,2 for £4
Co-op,"Milk, Eggs, Dairy",Milk,Delamere Dairy Semi-Skimmed Fresh Pasteurised Goats Milk 1 Litre,1L,£2.35/L,2.35,,
Co-op,"Milk, Eggs, Dairy",Milk,Delamere Dairy Skimmed Sterilised Milk 1 Litre,1L,£1.50/L,1.50,,
Co-op,"Milk, Eggs, Dairy",Milk,Delamere Dairy Whole Fresh Pasteurised Goats Milk 1 Litre,1L,£2.35/L,2.35,,
Co-op,"Milk, Eggs, Dairy",Milk,Delamere Dairy Whole Sterilised Milk 1 Litre,1L,£1.50/L,1.50,,
Co-op,"Milk, Eggs, Dairy",Ready-Made Pastry & Dough,Co-op Puff Pastry 320g,320g,£5.16/kg,1.65,,
Co-op,"Milk, Eggs, Dairy",Ready-Made Pastry & Dough,Co-op Shortcrust Pastry 320g,320g,£5.16/kg,1.65,,
Co-op,"Milk, Eggs, Dairy",Ready-Made Pastry & Dough,Edler's Sweet Pastry Case,1pk,£1.50 each,1.50,,
Co-op,"Milk, Eggs, Dairy",Ready-Made Pastry & Dough,Jus-Rol Puff Pastry Block 500g,500g,£4.40/kg,2.20,,
Co-op,"Milk, Eggs, Dairy",Ready-Made Pastry & Dough,Jus-Rol Shortcrust Pastry Block 500g,500g,£4.40/kg,2.20,,
Co-op,"Milk, Eggs, Dairy",Ready-Made Pastry & Dough,Loyd Grossman 2 Flame Baked Pizza Bases 220g,2pk,£13.18/kg,2.90,,
Co-op,"Milk, Eggs, Dairy",Ready-Made Pastry & Dough,Spooners Molten Chocolate Chip Cookie Dough 250g,250g,£21.00/kg,5.25,,
Co-op,Pet,Cat Food,Co-op Complete & Balanced Nutrition Pâte with Chicken for Adult Cats +1 Year  (8 x 100g) 0.8kg,8pk,£4.13/kg,3.30,,
Co-op,Pet,Cat Food,Co-op Meaty Selection in Jelly for Adult Cats +1 Year 12 x 100g (1.2kg),12pk,£2.83/kg,3.40,,£2.59 loyalty card (£2.16/kg)
Co-op,Pet,Cat Food,Co-op Ocean Selection in Jelly for Adult Cats +1 Year 12 x 100g (1.2kg),12pk,£2.83/kg,3.40,,£2.59 loyalty card (£2.16/kg)
Co-op,Pet,Cat Food,Co-op Poultry Selection in Gravy for Adult Cats +1 Year 12 x 100g (1.2kg),12pk,£2.83/kg,3.40,,£2.59 loyalty card (£2.16/kg)
Co-op,Pet,Cat Food,Co-op Tasty Chunks In Jelly With Salmon + 1 Year 400G,400g,£2.88/kg,1.15,,£0.71 loyalty card (£1.78/kg)
Co-op,Pet,Cat Food,Co-op Tasty Chunks in Jelly Selection +1 Year 6 x 400g,6pk,£2.29/kg,5.50,,
Co-op,Pet,Cat Food,Co-op Treats for Cats 6 Scrumptious Sticks 6 x 5g (30g),30g,£40.00/kg,1.20,,
Co-op,Pet,Cat Food,Dreamies Cat Treat Biscuits With Catnip 60G,60g,£29.17/kg,1.75,,
Co-op,Pet,Cat Food,Dreamies Cat Treat Biscuits with Chicken Mega Pack 200g,200g,£16.75/kg,3.35,4.00,£0.65 off
Co-op,Pet,Cat Food,Dreamies Cat Treats with Chicken 60g,60g,£29.17/kg,1.75,,
Co-op,Pet,Cat Food,Dreamies Creamy Adult Cat & Kitten Treats with Tasty Chicken 4 x 10g,40g,£43.75/kg,1.75,,
Co-op,Pet,Cat Food,Dreamies Mix with Tasty Chicken and Delectable Duck 60g,60g,£29.17/kg,1.75,,
Co-op,Pet,Cat Food,Dreamies Pride Cat Treat Biscuits with Cheese 60g,60g,£29.17/kg,1.75,,
Co-op,Pet,Cat Food,Dreamies Shakeups Multivitamins Rockin Rooster Cat & Kitten Treats 55g,55g,£38.18/kg,2.10,,
Co-op,Pet,Cat Food,Dreamies Shakeups Multivitamins Seafood Celebration Cat & Kitten Treats 55g,55g,£38.18/kg,2.10,,
Co-op,Pet,Cat Food,Encore Fish Selection in Gravy 5 x 50g,5pk,£22.60/kg,5.65,,
Co-op,Pet,Cat Food,FELIX As Good As it Looks Favourites Selection Wet Cat Food 12x85g,12pk,£5.39/kg,5.50,,
Co-op,Pet,Cat Food,FELIX As Good As it Looks Favourites with Veg Wet Cat Food 12x85g,12pk,£5.39/kg,5.50,,
Co-op,Pet,Cat Food,FELIX As Good As it Looks Meaty Selection in Jelly Wet Cat Food 12x85g,12pk,£5.39/kg,5.50,,
Co-op,Pet,Cat Food,FELIX As Good As it Looks Ocean Feasts Wet Cat Food 12x85g,12pk,£5.39/kg,5.50,,
Co-op,Pet,Cat Food,FELIX As Good As it Looks Senior 7+ Fish in Jelly Wet Cat Food 12x85g,12pk,£5.39/kg,5.50,,
Co-op,Pet,Cat Food,FELIX Doubly Delicious Countryside Selection Wet Cat Food 12x85g,12pk,£5.39/kg,5.50,,
Co-op,Pet,Cat Food,FELIX Doubly Delicious Fish Selection in Jelly Wet Cat Food 12x85g,12pk,£5.39/kg,5.50,,
Co-op,Pet,Cat Food,FELIX Joyables Liquid with Chicken Cat Treat 4x10g,4pk,£41.25/kg,1.65,,2 for £2.20
Co-op,Pet,Cat Food,FELIX Joyables Liquid with Duck Cat Treat 4x10g,4pk,£41.25/kg,1.65,,2 for £2.20
Co-op,Pet,Cat Food,Felix Original Farm Selection in Jelly 7+ Years 12 x 85g (1.02kg),12pk,£4.31/kg,4.40,,
Co-op,Pet,Cat Food,Felix Original Mixed Selection in Gravy 12 x 85g (1.02kg),12pk,£4.31/kg,4.40,,
Co-op,Pet,Cat Food,Felix Soup Tender Strips 6 × 48g (288g),6pk,£8.33/kg,2.40,,
Co-op,Pet,Cat Food,Felix with Tasty Salmon and with Vegetables 750g,750g,£6.47/kg,4.85,,
Co-op,Pet,Cat Food,GO-CAT Herring with Vegetables Dry Cat Food 750g,750g,£4.67/kg,3.50,,
Co-op,Pet,Cat Food,GOURMET Revelations Fine Cuts in Jelly Chicken Wet Cat Food 4x57g,4pk,£16.89/kg,3.85,,
Co-op,Pet,Cat Food,Gourmet Gold Savoury Cake Meat 8 x 85g (680g),8pk,£8.09/kg,5.50,,
Co-op,Pet,Cat Food,"Gourmet Mon Petit Adult Cat Food with Tuna, Salmon & Trout 6 x 50g (300g)",6pk,£9.33/kg,2.80,,
Co-op,Pet,Cat Food,Gourmet Mon Petit Fine Cuts 6 X 50G (300G),6pk,£9.33/kg,2.80,,
Co-op,Pet,Cat Food,Gourmet Mon Petit Fine Cuts Cat Food Pouches Poultry 6 X 50G (300G),6pk,£9.33/kg,2.80,,
Co-op,Pet,Cat Food,Gourmet Perle Cat Food Chefs Collection Mixed 12 x 85g,12pk,£6.47/kg,6.60,,
Co-op,Pet,Cat Food,Gourmet Perle Cat Food Pouches Ocean Delicacies 12 x 85g,12pk,£6.47/kg,6.60,,
Co-op,Pet,Cat Food,Gourmet Perle Connoisseurs Cat Food Mixed 12 x 85g,12pk,£6.47/kg,6.60,,
Co-op,Pet,Cat Food,PURINA ONE Hydralife Salmon Cat Supplements 6x50g,6pk,£13.33/kg,4.00,,
Co-op,Pet,Cat Food,Purina Felix Kitten As Good As It Looks Mixed Selection in Jelly 2-12 Months 12 x 85g (1.02kg),12pk,£5.39/kg,5.50,,
Co-op,Pet,Cat Food,Purina ONE Adult Cat Food with Chicken & Whole Grains 800g,800g,£7.31/kg,5.85,,
Co-op,Pet,Cat Food,Purina ONE Adult Chicken and Beef 8 x 85g,8pk,£5.88/kg,4.00,,
Co-op,Pet,Cat Food,Purina ONE Bifensis Senior 7+ 750g,750g,£7.80/kg,5.85,,
Co-op,Pet,Cat Food,Purina One Adult Cat Selective Palate 8x85g,8pk,£5.88/kg,4.00,,
Co-op,Pet,Cat Food,Purina One Adult Dry Cat Food Salmon and Wholegrain 800g,800g,£7.31/kg,5.85,,
Co-op,Pet,Cat Food,Scrumbles Adult & Seniors Chicken 750g,750g,£11.33/kg,8.50,,
Co-op,Pet,Cat Food,Scrumbles Gut Friendly Cat Food 750g,750g,£11.33/kg,8.50,,
Co-op,Pet,Cat Food,Scrumbles Krunchies Calming 60g,60g,£28.33/kg,1.70,2.30,£0.60 off
Co-op,Pet,Cat Food,Scrumbles Krunchies Chicken 60g,60g,£28.33/kg,1.70,2.30,£0.60 off
Co-op,Pet,Cat Food,Sheba Classics Adult Cat Food Tray with Chicken in Terrine 85g,85g,£12.94/kg,1.10,,3 for £2.75
Co-op,Pet,Cat Food,Sheba Fine Flakes Cat Food Pouches Fish In Jelly 12 X 85G,12pk,£6.47/kg,6.60,,
Co-op,Pet,Cat Food,Sheba Fine Flakes Cat Food Pouches Poultry in Jelly 12 x 85g,12pk,£6.47/kg,6.60,,
Co-op,Pet,Cat Food,Sheba Fresh & Fine in Gravy 6 x 50g  Chicken & Turkey,6pk,£7.33/kg,2.20,2.95,£0.75 off
Co-op,Pet,Cat Food,Sheba Fresh & Fine in Gravy 6 x 50g with Tuna & Cod,6pk,£7.33/kg,2.20,2.95,£0.75 off
Co-op,Pet,Cat Food,Sheba Fresh & Fine in Jelly 6 x 50g With Tuna & Salmon,6pk,£7.33/kg,2.20,2.95,£0.75 off
Co-op,Pet,Cat Food,Sheba Select Slices Cat Food Tray With Chicken In Gravy 85G,85g,£12.94/kg,1.10,,3 for £2.75
Co-op,Pet,Cat Food,Sheba Select Slices in Gravy Poultry Selection 12 x 85g (1.02kg),12pk,£6.47/kg,6.60,,
Co-op,Pet,Cat Food,Untamed Chicken Breast in Gravy 75g,75g,£22.00/kg,1.65,,
Co-op,Pet,Cat Food,Untamed Wild Tuna in Gravy 75g,75g,£22.00/kg,1.65,,
Co-op,Pet,Cat Food,Whiskas 1+ Country Collection Mix Adult Wet Cat Food Pouch in Gravy 12 x 85g,12pk,£5.64/kg,5.75,,
Co-op,Pet,Cat Food,Whiskas 1+ Duo Surf and Turf Adult Wet Cat Food Pouches in Jelly 12 x 85g,12pk,£5.64/kg,5.75,,
Co-op,Pet,Cat Food,Whiskas 1+ Fish Favourites Adult Wet Cat Food Pouches in Jelly 12 x 85g,12pk,£5.64/kg,5.75,,
Co-op,Pet,Cat Food,Whiskas 1+ Mixed Menu Adult Wet Cat Food Pouches in Jelly 12 x 85g,12pk,£5.64/kg,5.75,,
Co-op,Pet,Cat Food,Whiskas 1+ Poultry Feasts in Jelly 12 x 85g (1.02kg),12pk,£5.64/kg,5.75,,
Co-op,Pet,Cat Food,Whiskas 11+ Poultry Feasts Senior Wet Cat Food Pouches in Jelly 12 x 85g,12pk,£5.64/kg,5.75,,
Co-op,Pet,Cat Food,Whiskas 7+ Chicken Adult Dry Cat Food 800g,800g,£4.19/kg,3.35,3.85,£0.50 off
Co-op,Pet,Cat Food,Whiskas 7+ Fish Favourites in Jelly 12 x 85g (1.02kg),12pk,£5.64/kg,5.75,,
Co-op,Pet,Cat Food,Whiskas 7+ Poultry Feasts in Jelly 12 x 85g (1.02kg),12pk,£5.64/kg,5.75,,
Co-op,Pet,Cat Food,Whiskas Kitten Poultry Feasts in Jelly 12 x 85g (1.02kg),12pk,£5.64/kg,5.75,,
Co-op,Pet,Cat Food,Whiskas with Delicious Chicken 1+ 800g,800g,£4.19/kg,3.35,3.85,£0.50 off
Co-op,Pet,Cat Litter,Catsan Hygiene Non-Clumping Odour Control Cat Litter 10L,10L,£0.88/L,8.80,,
Co-op,Pet,Cat Litter,Co-op Super Absorbent Cat Litter 8 Litre,8L,£0.73/L,5.80,,
Co-op,Pet,Dog Food,Adventuros Sticks Buffalo Wild Flavour 120g,120g,£13.75/kg,1.65,,2 for £2.20
Co-op,Pet,Dog Food,Adventuros Strips Venison Wild Flavour 90g,90g,£18.33/kg,1.65,,2 for £2.20
Co-op,Pet,Dog Food,Bakers Adult Small Dog Beef with Vegetables Dry Dog Food 1.1kg,1.1kg,£4.00/kg,4.40,,
Co-op,Pet,Dog Food,Bakers Dog Treat Bacon and Cheese Whirlers 130g,130g,£11.92/kg,1.55,,2 for £2.20
Co-op,Pet,Dog Food,"Bakers Dog Treat Chicken, Beef and Beef Allsorts 98g",98g,£15.82/kg,1.55,,2 for £2.20
Co-op,Pet,Dog Food,Bakers Dog Treat Mixed Variety Rewards 100g,100g,£15.50/kg,1.55,,2 for £2.20
Co-op,Pet,Dog Food,Bakers Dog Treats Bacon Sizzlers 90G,90g,£17.22/kg,1.55,,2 for £2.20
Co-op,Pet,Dog Food,Bakers Meaty Meals Adult Beef Dry Dog Food 1kg,1kg,£4.40/kg,4.40,,
Co-op,Pet,Dog Food,Bakers Meaty Meals Small Dog Beef Dry Dog Food 1kg,1kg,£4.80/kg,4.80,,
Co-op,Pet,Dog Food,Bonio Dog Biscuit The Original 650g,650g,£4.31/kg,2.80,,
Co-op,Pet,Dog Food,"CESAR® Fresh Bowl Adult Dog with Chicken,Carrots,Beans,Pumpkin in Gravy 85g",85g,£12.94/kg,1.10,1.50,£0.40 off
Co-op,Pet,Dog Food,Co-op Complete & Balanced Nutrition Meaty Selection in Jelly for Adult Dogs +1 Year 12 x 100g,12pk,£3.29/kg,3.95,,£2.99 loyalty card (£2.49/kg)
Co-op,Pet,Dog Food,Co-op Dental Sticks For Dogs 180G,180g,£3.61/kg,0.65,,
Co-op,Pet,Dog Food,Co-op Meaty Chunks in Jelly Selection +1 Year 6 x 400g,6pk,£1.92/kg,4.60,,£3.29 loyalty card (£1.37/kg)
Co-op,Pet,Dog Food,Co-op Meaty Chunks in Jelly with Turkey +1 Year 400g,400g,£1.88/kg,0.75,,£0.55 loyalty card (£1.38/kg)
Co-op,Pet,Dog Food,Co-op Meaty Selection in gravy for Adult Dogs Pouch 12x100g,12pk,£3.29/kg,3.95,,£2.99 loyalty card (£2.49/kg)
Co-op,Pet,Dog Food,Co-op Meaty Terrine With Chicken & Turkey 1+ Years 300G,300g,£2.67/kg,0.80,,£0.59 loyalty card (£1.97/kg)
Co-op,Pet,Dog Food,Co-op Treats For Dogs 8 Sausages Rich In Beef & Game 60G,60g,£22.50/kg,1.35,,
Co-op,Pet,Dog Food,Co-op Treats for Dogs 20 Meaty Strips Rich in Chicken 172g,172g,£2.91/kg,0.50,,
Co-op,Pet,Dog Food,Denzel's Beef & Berries Battersea Hearts,90g,£38.89/kg,3.50,,
Co-op,Pet,Dog Food,Denzel's Mixtapes Salmon & Berry Dog Treats 90g,90g,£38.89/kg,3.50,,
Co-op,Pet,Dog Food,Denzel's Rewards Salmon & Cranberry Love Heart's 70g,70g,£50.00/kg,3.50,,
Co-op,Pet,Dog Food,Forthglade Rewards Natural Soft Bite Treats 90g,90g,£31.11/kg,2.80,,
Co-op,Pet,Dog Food,Good Boy Mega Chewy Twist with Chicken Dog Treats 70G,70g,£42.86/kg,3.00,,
Co-op,Pet,Dog Food,Good Boy Pawsley & Co Succulent Pigs in Blankets 80g,80g,£35.00/kg,2.80,,
Co-op,Pet,Dog Food,Good Boy Pawsley & Co. Chewy Chicken Dumbbells 100g,100g,£34.00/kg,3.40,,2 for £5.50
Co-op,Pet,Dog Food,Good Boy Pawsley & Co. Chewy Chicken Strips 100G,100g,£35.50/kg,3.55,,2 for £5.50
Co-op,Pet,Dog Food,Good Boy Pawsley & Co. Chewy Chicken Strips 350g,350g,£28.29/kg,9.90,,
Co-op,Pet,Dog Food,Good Boy Pawsley & Co. Chewy Twists with Chicken 90g,90g,£39.44/kg,3.55,,2 for £5.50
Co-op,Pet,Dog Food,Harringtons Adult Rich in Lamb & Rice 1.7kg,1.7kg,£3.59/kg,6.10,6.95,£0.85 off
Co-op,Pet,Dog Food,Harringtons Rich in Chicken & Rice Dry Adult Dog Food 1.7kg,1.7kg,£3.59/kg,6.10,6.95,£0.85 off
Co-op,Pet,Dog Food,Harringtons Rich in Turkey with Veg Dry Adult Dog Food 1.7kg,1.7kg,£3.59/kg,6.10,6.95,£0.85 off
Co-op,Pet,Dog Food,Harringtons Superfoods Adult Salmon with Vegetables 1.7kg,1.7kg,£4.47/kg,7.60,,
Co-op,Pet,Dog Food,Harringtons Superfoods Dry Adult Dog Food Chicken & Veg 1.7kg,1.7kg,£4.47/kg,7.60,,
Co-op,Pet,Dog Food,Pedigree Adult Wet Dog Food Tins Mixed in Jelly 6 x 385g,6pk,£3.57/kg,8.25,,
Co-op,Pet,Dog Food,Pedigree Dentastix Light 5 Sticks Dental Chews Medium Dog Treats,70g,£17.86/kg,1.25,,
Co-op,Pet,Dog Food,Pedigree Dentastix Light 7 Sticks Dental Chews Small Dog Dog Treats,58g,£21.55/kg,1.25,,
Co-op,Pet,Dog Food,Pedigree Jumbone 2 Dog Treats Chews Beef & Poultry Flavour 180g,180g,£9.17/kg,1.65,,2 for £2.55
Co-op,Pet,Dog Food,Pedigree Jumbone Mini 4 Dog Treats Chews Beef & Poultry Flavour 160g,160g,£9.38/kg,1.50,,2 for £2.55
Co-op,Pet,Dog Food,Pedigree Rodeo Adult Dog Treats with Chicken 7 Sticks 123g,123g,£13.41/kg,1.65,,2 for £2.55
Co-op,Pet,Dog Food,Pedigree Rodeo With Beef 123G,123g,£13.41/kg,1.65,,2 for £2.55
Co-op,Pet,Dog Food,Pedigree Schmackos Adult Dog Treats Meat Mix 20 Strips 144g,144g,£10.42/kg,1.50,,2 for £2.55
Co-op,Pet,Dog Food,Pedigree Tasty Minis Adult Dog Treats Chicken & Duck Chewy Cubes 130g,130g,£12.69/kg,1.65,,2 for £2.55
Co-op,Pet,Dog Food,Purina Bakers Adult Beef & Vegetable 1.2Kg,1.2kg,£3.67/kg,4.40,,
Co-op,Pet,Dog Food,Scrumbles Calming Turkey Nibbles 100g,100g,£22.50/kg,2.25,3.00,£0.75 off
Co-op,Pet,Dog Food,Scrumbles Chicken & Duck Softies 90g,90g,£25.00/kg,2.25,3.00,£0.75 off
Co-op,Pet,Dog Food,Wagg Low Fat Treats Turkey & Rice 125g,125g,£13.20/kg,1.65,,3 for £3.30
Co-op,Pet,Dog Food,Wagg Training Treats with Chicken & Beef 125g,125g,£13.20/kg,1.65,,3 for £3.30
Co-op,Pet,Dog Food,Zöon Yak Chew with Carrot 140g,140g,£74.64/kg,10.45,,
Co-op,Pet,Dog Food,Zöon Yak Chew with Turmeric 140g,140g,£74.64/kg,10.45,,
Co-op,Pet,"Grooming, Healthcare & Accessories",Safewrap 60 Poop Bags 3 x 20 Rolls,60pk,£0.04 each,2.20,,
Co-op,Pet,Offers,Harringtons Salmon with Potato & Vegetables Wet Dog Food Tray 400g,400g,£4.63/kg,1.85,,2 for £3.30
Co-op,Pet,Offers,Harringtons Turkey with Potato & Vegetables Wet Dog Food Tray 400g,400g,£4.63/kg,1.85,,2 for £3.30
Co-op,"Pizza, Pasta, Ready Meals",3 for £3 Quick Meals 🍜,Wagamama Katsu Rice 98g,98g,£20.41/kg,2.00,,3 for £3
Co-op,"Pizza, Pasta, Ready Meals",Back to Routine ⏰☕,Co-op Chicken & Bacon Pasta Bake 400g,400g,£10.88/kg,4.35,,2 for £7.10
Co-op,"Pizza, Pasta, Ready Meals",Back to Routine ⏰☕,Co-op Chicken Korma & Pilau Rice 425g,400g,£10.88/kg,4.35,,2 for £7.10
Co-op,"Pizza, Pasta, Ready Meals",Back to Routine ⏰☕,Co-op Chicken Tikka Masala with Pilau Rice 425g,400g,£10.88/kg,4.35,,2 for £7.10
Co-op,"Pizza, Pasta, Ready Meals",Back to Routine ⏰☕,Co-op Chilled Irresistible Margherita Pizza 475G,475g,£13.68/kg,6.50,,
Co-op,"Pizza, Pasta, Ready Meals",Back to Routine ⏰☕,Co-op Chilli Con Carne & Rice 400g,400g,£11.13/kg,4.45,,2 for £7.10
Co-op,"Pizza, Pasta, Ready Meals",Back to Routine ⏰☕,Co-op Hunters Chicken & Paprika Potatoes 350g,350g,£12.71/kg,4.45,,2 for £7.10
Co-op,"Pizza, Pasta, Ready Meals",Back to Routine ⏰☕,"Co-op Irresistible Wood Fired Prosciutto Cotto, Garlic Mushroom & Mascarpone 491g",491g,£13.24/kg,6.50,,
Co-op,"Pizza, Pasta, Ready Meals",Back to Routine ⏰☕,Co-op Macaroni Cheese 400g,400g,£10.00/kg,4.00,,2 for £7.10
Co-op,"Pizza, Pasta, Ready Meals",Back to Routine ⏰☕,Co-op Mashed Potato 400g,400g,£3.13/kg,1.25,,
Co-op,"Pizza, Pasta, Ready Meals",Back to Routine ⏰☕,Co-op Tomato & Mozzarella Pasta Bake 400g,400g,£10.00/kg,4.00,,2 for £7.10
Co-op,"Pizza, Pasta, Ready Meals",Burgers & Hot Dogs,Rustlers Classic 2 Cheese Burger 222g,222g,£14.19/kg,3.15,,
Co-op,"Pizza, Pasta, Ready Meals",Burgers & Hot Dogs,Rustlers Hot Dog 146g,146g,£15.41/kg,2.25,,2 for £3.85
Co-op,"Pizza, Pasta, Ready Meals",Burgers & Hot Dogs,Rustlers Quarter Pounder 190G,190g,£14.74/kg,2.80,,
Co-op,"Pizza, Pasta, Ready Meals",Burgers & Hot Dogs,Rustlers Spicy Chicken Fillet Burger with Ranch Sauce 159g,159g,£18.24/kg,2.90,,
Co-op,"Pizza, Pasta, Ready Meals",Burgers & Hot Dogs,Rustlers The Essential Cheese Burger with Our Rich Tomato Relish 166g,166g,£14.16/kg,2.35,,2 for £3.85
Co-op,"Pizza, Pasta, Ready Meals",Burgers & Hot Dogs,Rustlers The Smokey BBQ Rib 157g,157g,£19.43/kg,3.05,,2 for £3.85
Co-op,"Pizza, Pasta, Ready Meals",Burgers & Hot Dogs,Rustlers The Southern Fried Chicken Sub Sandwich 158g,158g,£19.30/kg,3.05,,2 for £3.85
Co-op,"Pizza, Pasta, Ready Meals",Filled Pasta,Co-op Cheese & Chorizo Tortelloni 300g,300g,£8.33/kg,2.50,,
Co-op,"Pizza, Pasta, Ready Meals",Filled Pasta,Co-op Cheese & Tomato Tortelloni 300G,300g,£8.33/kg,2.50,,
Co-op,"Pizza, Pasta, Ready Meals",Filled Pasta,Co-op Fresh Chicken & Pancetta Tortelloni 300G,300g,£8.33/kg,2.50,,
Co-op,"Pizza, Pasta, Ready Meals",Filled Pasta,Co-op Fresh Spinach & Ricotta Tortelloni 300G,300g,£8.33/kg,2.50,,
Co-op,"Pizza, Pasta, Ready Meals",Filled Pasta,Co-op Irresistible Butternut Squash & Sage Cappellacci 250G,250g,£17.40/kg,4.35,,
Co-op,"Pizza, Pasta, Ready Meals",Filled Pasta,Co-op Irresistible Golden Tomato & Mozzarella Ravioli 250g,250g,£17.40/kg,4.35,,
Co-op,"Pizza, Pasta, Ready Meals",Filled Pasta,Co-op Irresistible N'duja & Burrata Mezzelune 250G,250g,£17.40/kg,4.35,,
Co-op,"Pizza, Pasta, Ready Meals",Filled Pasta,Co-op Irresistible Slow Cooked Beef & Bechamel Ravioli 250G,250g,£17.40/kg,4.35,,
Co-op,"Pizza, Pasta, Ready Meals",Filled Pasta,Served Co-op Gnocchi 400g,400g,£6.00/kg,2.40,,
Co-op,"Pizza, Pasta, Ready Meals",Fresh Pasta,Co-op Irresistible Bronze Die Egg Pappardelle 500g,500g,£4.90/kg,2.45,,
Co-op,"Pizza, Pasta, Ready Meals",Fresh Pasta,Co-op Irresistible Bronze Die Pasta Golden Tomato & Mozzarella Tonnarelli 400g,400g,£14.63/kg,5.85,,2 for £9.30
Co-op,"Pizza, Pasta, Ready Meals",Fresh Pasta,Co-op Tagliatelle Pasta 300g,300g,£6.33/kg,1.90,,
Co-op,"Pizza, Pasta, Ready Meals",Fresh Pasta,De Cecco Gnocchi Di Patate 500G,500g,£6.60/kg,3.30,,
Co-op,"Pizza, Pasta, Ready Meals",Fresh Pasta,Fresh Pasta + Sauce,,,3.50,,
Co-op,"Pizza, Pasta, Ready Meals",Fresh Pizza,2 Pizzas + Ben & Jerry's,,,6.00,,
Co-op,"Pizza, Pasta, Ready Meals",Fresh Pizza,Co-op Chilled Big Cheese Feast Stuffed Crust 590g,590g,£10.93/kg,6.45,,
Co-op,"Pizza, Pasta, Ready Meals",Fresh Pizza,Co-op Chilled Irresistible Chianti Beef Pizza 476G,476g,£13.66/kg,6.50,,
Co-op,"Pizza, Pasta, Ready Meals",Fresh Pizza,Co-op Chilled Irresistible Margherita Pizza 250G,250g,£17.20/kg,4.30,,
Co-op,"Pizza, Pasta, Ready Meals",Fresh Pizza,Co-op Chilled Irresistible Salami Calabrese Pizza 478G,478g,£13.60/kg,6.50,,
Co-op,"Pizza, Pasta, Ready Meals",Fresh Pizza,Co-op Chilled Irresistible Wood Fired Pepperoni & Hot Honey Pizza 471g,471g,£13.80/kg,6.50,,
Co-op,"Pizza, Pasta, Ready Meals",Fresh Pizza,Co-op Chilled Stonebaked Double Pepperoni Pizza 327g,327g,£13.15/kg,4.30,,
Co-op,"Pizza, Pasta, Ready Meals",Fresh Pizza,Co-op Chilled Stonebaked Ham & Pineapple Pizza 352G,352g,£12.22/kg,4.30,,
Co-op,"Pizza, Pasta, Ready Meals",Fresh Pizza,Co-op Chilled Stonebaked Margherita Pizza 320g,320g,£13.44/kg,4.30,,
Co-op,"Pizza, Pasta, Ready Meals",Fresh Pizza,Co-op Chilled Stonebaked Meat Feast Pizza 356G,356g,£12.08/kg,4.30,,
Co-op,"Pizza, Pasta, Ready Meals",Fresh Pizza,Co-op Chilled Stonebaked Texan BBQ Chicken Pizza 355G,355g,£12.11/kg,4.30,,
Co-op,"Pizza, Pasta, Ready Meals",Fresh Pizza,Co-op Detroit Style Cheese Burger Deep Dish Pizza 500g,500g,£11.50/kg,5.75,,
Co-op,"Pizza, Pasta, Ready Meals",Fresh Pizza,Co-op Detroit Style Double Pepperoni Deep Dish Pizza 446g,446g,£12.89/kg,5.75,,
Co-op,"Pizza, Pasta, Ready Meals",Fresh Pizza,Co-op Irresistible Wood Fired Chorizo & Manchego 441g,441g,£14.74/kg,6.50,,
Co-op,"Pizza, Pasta, Ready Meals",Fresh Pizza,Co-op Snack Cheese & Tomato Pizza 101g,101g,£5.94/kg,0.60,,£0.51 loyalty card (£5.05/kg)
Co-op,"Pizza, Pasta, Ready Meals",Fresh Pizza,Co-op Snacking Cheese & Pepperoni 114g,114g,£5.70/kg,0.65,,
Co-op,"Pizza, Pasta, Ready Meals",Fresh Pizza,Co-op Stuffed Crust Cheese Pizza 445g,445pk,0.865p each,3.85,,
Co-op,"Pizza, Pasta, Ready Meals",Fresh Pizza,Crosta Mollica Salami Napoli 413g,413g,£14.16/kg,5.85,6.85,£1 off
Co-op,"Pizza, Pasta, Ready Meals",Garlic Bread & Dough Balls,Co-op 12 Garlic Doughballs 165G,165g,£15.76/kg,2.60,,
Co-op,"Pizza, Pasta, Ready Meals",Garlic Bread & Dough Balls,Co-op 8 Garlic Slices 220G,220g,£12.05/kg,2.65,,
Co-op,"Pizza, Pasta, Ready Meals",Garlic Bread & Dough Balls,Co-op Garlic & Cheese Flatbread 230g,230g,£11.96/kg,2.75,,
Co-op,"Pizza, Pasta, Ready Meals",Garlic Bread & Dough Balls,Co-op Garlic Baguette 205g,205g,£6.34/kg,1.30,,
Co-op,"Pizza, Pasta, Ready Meals",Garlic Bread & Dough Balls,Co-op Garlic Baguette Twin Pack 410G,410g,£5.61/kg,2.30,,
Co-op,"Pizza, Pasta, Ready Meals",Garlic Bread & Dough Balls,Co-op Irresistible Roasted Garlic & Parsley Flatbread 155g,155g,£21.94/kg,3.40,,
Co-op,"Pizza, Pasta, Ready Meals",Garlic Bread & Dough Balls,Co-op Irresistible Slow Fermented SunSoaked Tomato & Pesto Flatbread 245g,245g,£13.88/kg,3.40,,
Co-op,"Pizza, Pasta, Ready Meals",Garlic Bread & Dough Balls,Served Co-op Garlic & Herb Flatbread 225g,225g,£12.22/kg,2.75,,
Co-op,"Pizza, Pasta, Ready Meals",Garlic Bread & Dough Balls,Served Co-op Garlic Ciabatta Bread Sticks 135g,135g,£21.48/kg,2.90,,
Co-op,"Pizza, Pasta, Ready Meals",Ready Meals,Co-op Beef Lasagne 400g,400g,£10.00/kg,4.00,,2 for £7.10
Co-op,"Pizza, Pasta, Ready Meals",Ready Meals,Co-op Beef in Black Bean & Egg Rice 400G,400g,£10.88/kg,4.35,,2 for £7.10
Co-op,"Pizza, Pasta, Ready Meals",Ready Meals,Co-op British Chicken Pesto Pasta 380g,380g,£11.71/kg,4.45,,2 for £7.10
Co-op,"Pizza, Pasta, Ready Meals",Ready Meals,Co-op British Creamy Chicken & Bacon with Potatoes 400g,400g,£11.13/kg,4.45,,2 for £7.10
Co-op,"Pizza, Pasta, Ready Meals",Ready Meals,Co-op Butter Chicken with Pilau Rice 400g,400g,£10.88/kg,4.35,,2 for £7.10
Co-op,"Pizza, Pasta, Ready Meals",Ready Meals,Co-op Chicken Arrabiata 400g,400g,£10.88/kg,4.35,,2 for £7.10
Co-op,"Pizza, Pasta, Ready Meals",Ready Meals,Co-op Chicken Balti and Rice 400g,400g,£10.88/kg,4.35,,2 for £7.10
Co-op,"Pizza, Pasta, Ready Meals",Ready Meals,Co-op Chicken Biryani 425G,400g,£10.88/kg,4.35,,2 for £7.10
Co-op,"Pizza, Pasta, Ready Meals",Ready Meals,Co-op Chicken Chow Mein 350g,350g,£14.14/kg,4.95,,2 for £7.10
Co-op,"Pizza, Pasta, Ready Meals",Ready Meals,Co-op Chicken Jalfrezi & Pilau Rice 425g,380g,£11.45/kg,4.35,,2 for £7.10
Co-op,"Pizza, Pasta, Ready Meals",Ready Meals,Co-op Chicken Madras 425g,400g,£10.88/kg,4.35,,2 for £7.10
Co-op,"Pizza, Pasta, Ready Meals",Ready Meals,Co-op Chicken Pad Thai 380g,380g,£14.08/kg,5.35,,2 for £7.10
Co-op,"Pizza, Pasta, Ready Meals",Ready Meals,Co-op Chicken Satay Rice Bowl 400g,400g,£12.25/kg,4.90,,2 for £7.10
Co-op,"Pizza, Pasta, Ready Meals",Ready Meals,Co-op Chinese Chicken Curry with Egg Fried Rice 400g,400g,£10.88/kg,4.35,,2 for £7.10
Co-op,"Pizza, Pasta, Ready Meals",Ready Meals,Co-op Classic Menu Beef Hotpot 400g,400g,£11.13/kg,4.45,,2 for £7.10
Co-op,"Pizza, Pasta, Ready Meals",Ready Meals,Co-op Classic Menu Cottage Pie 400g,400g,£11.13/kg,4.45,,2 for £7.10
Co-op,"Pizza, Pasta, Ready Meals",Ready Meals,Co-op Good Fuel Chicken Tikka Masala 400g,400g,£12.50/kg,5.00,,2 for £7.10
Co-op,"Pizza, Pasta, Ready Meals",Ready Meals,Co-op Good Fuel Naked Chicken Katsu Curry 400g,400g,£11.63/kg,4.65,,2 for £7.10
Co-op,"Pizza, Pasta, Ready Meals",Ready Meals,Co-op GoodFuel Chicken Shawarma & Mixed Grains 260g,260g,£15.77/kg,4.10,,2 for £7.10
Co-op,"Pizza, Pasta, Ready Meals",Ready Meals,Co-op GoodFuel Meatball Pasta 400g,400g,£12.50/kg,5.00,,2 for £7.10
Co-op,"Pizza, Pasta, Ready Meals",Ready Meals,Co-op GoodFuel Piri Piri Chicken 380g,380g,£13.68/kg,5.20,,2 for £7.10
Co-op,"Pizza, Pasta, Ready Meals",Ready Meals,Co-op Ham & Mushroom Tagliatelle 400g,400g,£10.88/kg,4.35,,2 for £7.10
Co-op,"Pizza, Pasta, Ready Meals",Ready Meals,Co-op Irresistible Bronze Die Pasta Beef & Pancetta Ragu with Mafaldine Pasta 380g,380g,£15.39/kg,5.85,,2 for £9.30
Co-op,"Pizza, Pasta, Ready Meals",Ready Meals,Co-op Irresistible Chicken Tikka Biryani 380g,380g,£15.39/kg,5.85,,2 for £9.30
Co-op,"Pizza, Pasta, Ready Meals",Ready Meals,Co-op Irresistible Limited Edition Bronze Die Pasta Bucatini All'Amatriciana 380g,380g,£15.39/kg,5.85,,2 for £9.30
Co-op,"Pizza, Pasta, Ready Meals",Ready Meals,Co-op Irresistible Luxury Lasagne Al Forno 400g,400g,£14.75/kg,5.90,,2 for £9.30
Co-op,"Pizza, Pasta, Ready Meals",Ready Meals,Co-op Irresistible Mushroom Risotto 400G,400g,£14.75/kg,5.90,,2 for £9.30
Co-op,"Pizza, Pasta, Ready Meals",Ready Meals,Co-op Irresistible Spiced & Marinated Chicken Tikka Masala 400g,380g,£15.53/kg,5.90,,2 for £9.30
Co-op,"Pizza, Pasta, Ready Meals",Ready Meals,Co-op Irresistible Vintage Cheddar Mac & Cheese 350g,350g,£16.71/kg,5.85,,2 for £9.30
Co-op,"Pizza, Pasta, Ready Meals",Ready Meals,Co-op Italian Menu Spaghetti Carbonara 400g,400g,£10.00/kg,4.00,,2 for £7.10
Co-op,"Pizza, Pasta, Ready Meals",Ready Meals,Co-op Korean Style Beef & Rice 400g,400g,£12.25/kg,4.90,,2 for £7.10
Co-op,"Pizza, Pasta, Ready Meals",Ready Meals,Co-op Mature Cheddar Classic Vegetable Lasagne 400g,400g,£10.88/kg,4.35,,2 for £7.10
Co-op,"Pizza, Pasta, Ready Meals",Ready Meals,Co-op Sausage & Mash 400g,400g,£11.13/kg,4.45,,2 for £7.10
Co-op,"Pizza, Pasta, Ready Meals",Ready Meals,Co-op Spaghetti & Meatballs 400g,400g,£10.88/kg,4.35,,2 for £7.10
Co-op,"Pizza, Pasta, Ready Meals",Ready Meals,Co-op Spaghetti Bolognese 400g,400g,£10.00/kg,4.00,,2 for £7.10
Co-op,"Pizza, Pasta, Ready Meals",Ready Meals,Co-op Sweet & Sour Chicken with Egg Fried Rice 400g,400g,£10.88/kg,4.35,,2 for £7.10
Co-op,"Pizza, Pasta, Ready Meals",Ready Meals,Co-op Teriyaki Chicken Udon 380g,380g,£12.89/kg,4.90,,2 for £7.10
Co-op,"Pizza, Pasta, Ready Meals",Ready Meals,Co-op Thai Style Green Chicken Curry with Jasmine Rice 400g,400g,£10.88/kg,4.35,,2 for £7.10
Co-op,"Pizza, Pasta, Ready Meals",Ready Meals,Co-op Tuna Pasta Bake 400g,400g,£10.00/kg,4.00,,2 for £7.10
Co-op,"Pizza, Pasta, Ready Meals",Ready Meals,Co-op Vegetable Masala with Pilau Rice 400g,400g,£10.88/kg,4.35,,2 for £7.10
Co-op,"Pizza, Pasta, Ready Meals",Ready Meals,Wasabi Chicken Katsu Curry & Rice 450G,450g,£13.33/kg,6.00,,2 for £9.30
Co-op,"Pizza, Pasta, Ready Meals",Ready Meals,Wasabi Chicken Teriyaki & Rice 430G,430g,£13.95/kg,6.00,,2 for £9.30
Co-op,"Pizza, Pasta, Ready Meals",Ready Meals,Wasabi Spicy Korean Chicken & Fried Rice 400G,400g,£15.00/kg,6.00,,2 for £9.30
Co-op,"Pizza, Pasta, Ready Meals",Ready Meals,Wasabi Sweet Chilli Chicken Yakisoba 450G,450g,£13.33/kg,6.00,,2 for £9.30
Co-op,"Pizza, Pasta, Ready Meals",Starters & Side Dishes,Aunt Bessie's 10 Glorious Golden Yorkshire Puddings 190g,190g,£15.53/kg,2.95,,3 for £7.65
Co-op,"Pizza, Pasta, Ready Meals",Ready Meals,BOL Chickpea Jalfrezi Power Pot 450g,450g,£9.11/kg,4.10,,
Co-op,"Pizza, Pasta, Ready Meals",Ready Meals,BOL Chickpea Tikka Masala 450g,450g,£9.11/kg,4.10,,
Co-op,"Pizza, Pasta, Ready Meals",Ready Meals,BOL Thai Green Curry Power Pot 450g,450g,£9.11/kg,4.10,,
Co-op,"Pizza, Pasta, Ready Meals","Pizza, Pasta, Ready Meals",Ben & Jerry's Chocolate Fudge Brownie Ice Cream 465 ml,,,0.00,,
Co-op,"Pizza, Pasta, Ready Meals","Pizza, Pasta, Ready Meals",Ben & Jerry's Ice Cream Phish Food 465 ml,,,0.00,,
Co-op,"Pizza, Pasta, Ready Meals","Pizza, Pasta, Ready Meals",Ben & Jerry's Ice Cream Tub Cookie Dough 465ml,,,0.00,,
Co-op,"Pizza, Pasta, Ready Meals","Pizza, Pasta, Ready Meals",Ben & Jerry's Karamel Sutra Core Ice Cream 465 ml,,,0.00,,
Co-op,"Pizza, Pasta, Ready Meals",Ready Meals,Bol Terriyaki Style Rice Bowl Power Pot 450g,450g,£9.11/kg,4.10,,
Co-op,"Pizza, Pasta, Ready Meals",Ready Meals,Charlie Bigham's Thai Red Curry and Rice 835G,835g,£12.99/kg,10.85,,
Co-op,"Pizza, Pasta, Ready Meals",Starters & Side Dishes,Co-op 12 Yorkshire Puddings 220g,220g,£7.27/kg,1.60,,
Co-op,"Pizza, Pasta, Ready Meals",Starters & Side Dishes,Co-op 4 Large Yorkshire Puddings,168g,£18.15/kg,3.05,,
Co-op,"Pizza, Pasta, Ready Meals",Starters & Side Dishes,Co-op Barbecue Pulled Pork Potato Hash 380g,380g,£11.71/kg,4.45,,2 for £7.10
Co-op,"Pizza, Pasta, Ready Meals",Starters & Side Dishes,Co-op Bombay Potatoes 200G,200g,£12.00/kg,2.40,,
Co-op,"Pizza, Pasta, Ready Meals","Pizza, Pasta, Ready Meals",Co-op Carbonara Pasta Sauce 300g,,,0.00,,
Co-op,"Pizza, Pasta, Ready Meals","Pizza, Pasta, Ready Meals",Co-op Cheese & Chorizo Tortelloni 300g,,,0.00,,
Co-op,"Pizza, Pasta, Ready Meals",Ready Meals,Co-op Chicken Katsu Curry 485g,485g,£12.37/kg,6.00,,
Co-op,"Pizza, Pasta, Ready Meals",Ready Meals,Co-op Chicken Tikka Masala 400g,400g,£6.88/kg,2.75,,
Co-op,"Pizza, Pasta, Ready Meals","Pizza, Pasta, Ready Meals",Co-op Chilled Stonebaked Double Pepperoni Pizza 327g,,,0.00,,
Co-op,"Pizza, Pasta, Ready Meals","Pizza, Pasta, Ready Meals",Co-op Chilled Stonebaked Ham & Pineapple Pizza 352G,,,0.00,,
Co-op,"Pizza, Pasta, Ready Meals","Pizza, Pasta, Ready Meals",Co-op Chilled Stonebaked Margherita Pizza 320g,,,0.00,,
Co-op,"Pizza, Pasta, Ready Meals","Pizza, Pasta, Ready Meals",Co-op Chilled Stonebaked Meat Feast Pizza 356G,,,0.00,,
Co-op,"Pizza, Pasta, Ready Meals","Pizza, Pasta, Ready Meals",Co-op Chilled Stonebaked Texan BBQ Chicken Pizza 355G,,,0.00,,
Co-op,"Pizza, Pasta, Ready Meals",Starters & Side Dishes,Co-op Crispy Potato Slices 300G,300g,£7.17/kg,2.15,,
Co-op,"Pizza, Pasta, Ready Meals",Starters & Side Dishes,Co-op Dirty Fries 330g,330g,£13.48/kg,4.45,,2 for £7.10
Co-op,"Pizza, Pasta, Ready Meals","Pizza, Pasta, Ready Meals",Co-op Fresh Chicken & Pancetta Tortelloni 300G,,,0.00,,
Co-op,"Pizza, Pasta, Ready Meals","Pizza, Pasta, Ready Meals",Co-op Fresh Spinach & Ricotta Tortelloni 300G,,,0.00,,
Co-op,"Pizza, Pasta, Ready Meals","Pizza, Pasta, Ready Meals",Co-op Fresh Tomato And Basil Pasta Sauce 300G,,,0.00,,
Co-op,"Pizza, Pasta, Ready Meals",Starters & Side Dishes,Co-op Garlic & Cheese Stuffed Mushrooms 200G,200g,£14.00/kg,2.80,,
Co-op,"Pizza, Pasta, Ready Meals",Starters & Side Dishes,Co-op Irresistible Buttered Mashed Potato 400g,400g,£7.88/kg,3.15,,
Co-op,"Pizza, Pasta, Ready Meals",Starters & Side Dishes,Co-op Irresistible Buttered Mashed Potato 400g,400g,£8.75/kg,3.50,,
Co-op,"Pizza, Pasta, Ready Meals",Starters & Side Dishes,Co-op Irresistible Calabrian Peppers 'Nduja Bravas 280g,280g,£16.61/kg,4.65,,3 for £7
Co-op,"Pizza, Pasta, Ready Meals",Starters & Side Dishes,Co-op Irresistible Garden Vegetable Medley 250g,250g,£15.20/kg,3.80,,
Co-op,"Pizza, Pasta, Ready Meals",Starters & Side Dishes,Co-op Irresistible Indulgent & Creamy Cauliflower Cheese 300g,300g,£11.83/kg,3.55,,
Co-op,"Pizza, Pasta, Ready Meals",Starters & Side Dishes,Co-op Irresistible Potato Dauphinoise 400g,400g,£8.75/kg,3.50,,
Co-op,"Pizza, Pasta, Ready Meals",Starters & Side Dishes,Co-op Irresistible Triple Cook Thick Cut Chunky Chips 360g,360g,£9.72/kg,3.50,,
Co-op,"Pizza, Pasta, Ready Meals",Starters & Side Dishes,Co-op Limited Edition Butternut Squash & Feta with Hot Honey Glaze 350g,350g,£10.57/kg,3.70,,
Co-op,"Pizza, Pasta, Ready Meals",Starters & Side Dishes,Co-op Mini Hash Browns 300g,300g,£9.00/kg,2.70,,
Co-op,"Pizza, Pasta, Ready Meals",Starters & Side Dishes,Co-op Onion Bhajis 100g,100g,£24.00/kg,2.40,,
Co-op,"Pizza, Pasta, Ready Meals",Starters & Side Dishes,Co-op Root Mash with Butter & Seasoning 400g,400g,£4.88/kg,1.95,,
Co-op,"Pizza, Pasta, Ready Meals",Starters & Side Dishes,Co-op Served Garlic & Chilli Potato Wedges 320g,320g,£6.72/kg,2.15,,
Co-op,"Pizza, Pasta, Ready Meals",Starters & Side Dishes,Co-op Super Green Tender Vegetable Medley 160g,160g,£15.31/kg,2.45,,
Co-op,"Pizza, Pasta, Ready Meals",Starters & Side Dishes,Co-op Sweet Potato Fries 250g,250g,£9.00/kg,2.25,,
Co-op,"Pizza, Pasta, Ready Meals",Ready Meals,Co-op Takeaway Chicken Korma,350g,£14.14/kg,4.95,,
Co-op,"Pizza, Pasta, Ready Meals",Ready Meals,Co-op Takeaway Chicken Rogan Josh 350G,350g,£14.14/kg,4.95,,
Co-op,"Pizza, Pasta, Ready Meals",Ready Meals,Co-op Takeaway Chicken Saag Masala 350g,350g,£14.14/kg,4.95,,
Co-op,"Pizza, Pasta, Ready Meals",Ready Meals,Co-op Takeaway Egg Fried Rice with Peas and Soy Sauce 350g,350g,£6.86/kg,2.40,,
Co-op,"Pizza, Pasta, Ready Meals",Ready Meals,Co-op Takeaway Pilau Rice 350g,350g,£6.86/kg,2.40,,
Co-op,"Pizza, Pasta, Ready Meals",Ready Meals,Co-op Takeaway Vegetable Masala 350G,350g,£14.14/kg,4.95,,
Co-op,"Pizza, Pasta, Ready Meals","Pizza, Pasta, Ready Meals",Co-op Tomato and Mascarpone Pasta Sauce 300g,,,0.00,,
Co-op,"Pizza, Pasta, Ready Meals",Starters & Side Dishes,Co-op Vegetable Samosas 100g,100g,£25.00/kg,2.50,,
Co-op,"Pizza, Pasta, Ready Meals",Starters & Side Dishes,Co-op Veggie Samosa 95g,95g,£17.89/kg,1.70,,
Co-op,"Pizza, Pasta, Ready Meals",Starters & Side Dishes,Co-op Yorkshire Pudding with Pork Sausages 335g,335g,£13.28/kg,4.45,,2 for £7.10
Co-op,"Pizza, Pasta, Ready Meals",Ready Meals,Geeta's Bombay Spiced Lentils & Potatoes 250g,250g,£8.80/kg,2.20,,
Co-op,"Pizza, Pasta, Ready Meals",Ready Meals,"Geeta's Saag Aloo Lentils, Potatoes & Spinach with Black Onion Seeds 250g",250g,£8.80/kg,2.20,,
Co-op,"Pizza, Pasta, Ready Meals",Starters & Side Dishes,Idahoan Perfect Mash Buttery 109g,109g,£19.27/kg,2.10,,
Co-op,"Pizza, Pasta, Ready Meals",Ready Meals,Kohinoor Chana Masala 300g,300g,£7.67/kg,2.30,,
Co-op,"Pizza, Pasta, Ready Meals",Ready Meals,Kohinoor Dal Makhani 300g,300g,£7.33/kg,2.20,,
Co-op,"Pizza, Pasta, Ready Meals",Ready Meals,Kohinoor Dal Tarka 300g,300g,£7.33/kg,2.20,,
Co-op,"Pizza, Pasta, Ready Meals",Ready Meals,Myprotein Japanese Style Chicken Curry with Rice 325g,325g,£15.08/kg,4.90,,
Co-op,"Pizza, Pasta, Ready Meals",Ready Meals,Patak's Aromatic Vegetable Biryani 270g,270g,£14.26/kg,3.85,,
Co-op,"Pizza, Pasta, Ready Meals",Ready Meals,Patak's Spiced Potato & Cauliflower Curry 270g,270g,£14.26/kg,3.85,,
Co-op,"Pizza, Pasta, Ready Meals",Ready Meals,Royal Chicken Karahi with Saffron Rice 400g,400g,£10.88/kg,4.35,,
Co-op,"Pizza, Pasta, Ready Meals",Ready Meals,Royal Chicken Tikka Masala with Saffron Rice 400g,400g,£10.88/kg,4.35,,
Co-op,"Pizza, Pasta, Ready Meals",Ready Meals,Royal Chilli Chicken & Rice 400g,400pk,£0.01 each,4.40,,
Co-op,"Pizza, Pasta, Ready Meals",Starters & Side Dishes,Served Co-op French Fries 250g,250g,£8.60/kg,2.15,,
Co-op,"Pizza, Pasta, Ready Meals",Starters & Side Dishes,Served Co-op Green Vegetable Medley with Seasoned Butter 250g,250g,£11.40/kg,2.85,,
Co-op,"Pizza, Pasta, Ready Meals",Starters & Side Dishes,Takul 4 Chicken Tikka Samosas 160g,160g,£26.25/kg,4.20,,
Co-op,"Pizza, Pasta, Ready Meals",Starters & Side Dishes,Takul Halal Kitchen Chicken Pakora Bites 130g,130g,£30.38/kg,3.95,,
Co-op,"Pizza, Pasta, Ready Meals",Starters & Side Dishes,U Jędrusia Dumplings With Cottage Cheese And Potato 400G,400g,£4.88/kg,1.95,,
Co-op,"Pizza, Pasta, Ready Meals",Ready Meals,Yo! Korean Style Chicken Rice Bowl 314g,314g,£19.11/kg,6.00,,
Co-op,"Pizza, Pasta, Ready Meals",Ready Meals,Yo! Sweet Chilli Chicken Rice Bowl 324g,324pk,£0.02 each,6.00,,
Co-op,"Pizza, Pasta, Ready Meals",Ready Meals,BOL One Pot Meal Coconut Lentil Turmeric Daal 450g,450g,£9.11/kg,4.10,,
Co-op,"Pizza, Pasta, Ready Meals",Ready Meals,Charlie Bigham's Chicken Tikka Masala & Pilau Rice 805g,805g,£13.48/kg,10.85,,
Co-op,"Pizza, Pasta, Ready Meals",Ready Meals,Charlie Bighams Fish Pie 655G,655g,£16.56/kg,10.85,,
Co-op,"Pizza, Pasta, Ready Meals",Ready Meals,Co-op BBQ Chicken Pasta Bowl 300g,270g,£13.70/kg,3.70,,
Co-op,"Pizza, Pasta, Ready Meals",Ready Meals,Co-op Beef Chilli Burrito 400g,400g,£10.88/kg,4.35,,2 for £7.10
Co-op,"Pizza, Pasta, Ready Meals",Ready Meals,Co-op Beef Lasagne 400g,400g,£6.88/kg,2.75,,
Co-op,"Pizza, Pasta, Ready Meals",Ready Meals,Co-op Beef Lasagne 750g,750g,£7.27/kg,5.45,,
Co-op,"Pizza, Pasta, Ready Meals",Ready Meals,Co-op Bolognese Pasta Bake 750g (serves 2),750g,£7.07/kg,5.30,,
Co-op,"Pizza, Pasta, Ready Meals",Ready Meals,Co-op British Beef Cottage Pie 400g,400g,£6.88/kg,2.75,,
Co-op,"Pizza, Pasta, Ready Meals",Ready Meals,Co-op Feta & Red Pepper Pasta Bowl 260g,240g,£15.42/kg,3.70,,
Co-op,"Pizza, Pasta, Ready Meals",Ready Meals,Co-op Good Fuel Creamy Sweet Potato & Kale Pasta 230g,250g,£16.40/kg,4.10,,2 for £7.10
Co-op,"Pizza, Pasta, Ready Meals",Ready Meals,Co-op GoodFuel Beef & Three Bean Chilli 250g,250g,£16.40/kg,4.10,,
Co-op,"Pizza, Pasta, Ready Meals",Ready Meals,Co-op Irresistible Chicken & King Prawn Paella 400g,400g,£14.75/kg,5.90,,2 for £9.30
Co-op,"Pizza, Pasta, Ready Meals",Ready Meals,Co-op Irresistible Creamy Paneer Masala with Saffron Pilau Rice 380g,380g,£15.39/kg,5.85,,2 for £9.30
Co-op,"Pizza, Pasta, Ready Meals",Ready Meals,Co-op Irresistible Italian Crafted Mezzi Rigatoni 400g,400g,£4.88/kg,1.95,,
Co-op,"Pizza, Pasta, Ready Meals",Ready Meals,Co-op Irresistible Rich & Tender Luxury Lasagne Al Forno 700g (serves 2),700g,£12.50/kg,8.75,,
Co-op,"Pizza, Pasta, Ready Meals",Ready Meals,Co-op Irresistible Slow Cooked Lamb Moussaka 400g,400g,£14.75/kg,5.90,,2 for £9.30
Co-op,"Pizza, Pasta, Ready Meals",Ready Meals,Co-op Irresistible Vintage Cheddar Mac & Cheese 700g,700g,£12.50/kg,8.75,,
Co-op,"Pizza, Pasta, Ready Meals",Ready Meals,Co-op Pasta Bowl Chicken & Bacon 270g,270g,£13.70/kg,3.70,,
Co-op,"Pizza, Pasta, Ready Meals",Ready Meals,Co-op Plant Based Coconut Cauliflower Curry with Long Grain Rice 370g,370g,£11.76/kg,4.35,,2 for £7.10
Co-op,"Pizza, Pasta, Ready Meals",Ready Meals,Co-op Served Nacho Topped Chicken Bake 390g,390g,£15.38/kg,6.00,,
Co-op,"Pizza, Pasta, Ready Meals",Ready Meals,Co-op Served Slow Cooked Chicken Casserole 470g,470g,£9.26/kg,4.35,,
Co-op,"Pizza, Pasta, Ready Meals",Ready Meals,Co-op Served Slow Cooked Chunky Beef Chilli 550g,550g,£12.36/kg,6.80,,
Co-op,"Pizza, Pasta, Ready Meals",Ready Meals,Co-op Served Slow Cooked Fajita Spiced Chicken 435g,435g,£13.79/kg,6.00,,
Co-op,"Pizza, Pasta, Ready Meals",Ready Meals,Co-op Served Spicy Rice 300g,300g,£9.00/kg,2.70,,
Co-op,"Pizza, Pasta, Ready Meals",Ready Meals,Co-op Served Three Bean Loaded Chilli 500g,500g,£12.00/kg,6.00,,2 for £7.10
Co-op,"Pizza, Pasta, Ready Meals",Ready Meals,Co-op Spanish Style Chicken & Paprika Potatoes 400g,400g,£11.13/kg,4.45,,2 for £7.10
Co-op,"Pizza, Pasta, Ready Meals",Ready Meals,Co-op Sweet & Sour Chicken 350g,350g,£14.14/kg,4.95,,
Co-op,"Pizza, Pasta, Ready Meals",Ready Meals,Co-op Takeaway Chicken Tikka,350g,£14.14/kg,4.95,,
Co-op,"Pizza, Pasta, Ready Meals",Ready Meals,Co-op Takeaway Spicy Firecracker Chicken 350g,350g,£14.14/kg,4.95,,
Co-op,"Pizza, Pasta, Ready Meals",Ready Meals,Co-op Three Cheese Pasta Melt 750g (serves 2),750g,£7.07/kg,5.30,,
Co-op,"Pizza, Pasta, Ready Meals",Ready Meals,Co-op Tomato & Basil Chicken Pasta Bowl 290g,270g,£13.70/kg,3.70,,
Co-op,"Pizza, Pasta, Ready Meals",Ready Meals,Co-op Tomato and Mozzarella Pasta Bake 750g,750g,£7.07/kg,5.30,,
Co-op,"Pizza, Pasta, Ready Meals",Ready Meals,Co-op Traditional Fish Pie 400G,400g,£11.13/kg,4.45,,2 for £7.10
Co-op,"Pizza, Pasta, Ready Meals",Ready Meals,Co-op Vegetarian Macaroni Cheese 400g,400g,£6.88/kg,2.75,,
Co-op,"Pizza, Pasta, Ready Meals",Ready Meals,Cully & Sully Brilliant Butternut Risotto with Italian Cheese and Sage 400g,400g,£9.00/kg,3.60,,
Co-op,"Pizza, Pasta, Ready Meals",Ready Meals,Cully & Sully Charming Chicken Risotto 400g,400g,£9.25/kg,3.70,,
Co-op,"Pizza, Pasta, Ready Meals",Ready Meals,Cully & Sully Moreish Mushroom Risotto 400g,400g,£9.25/kg,3.70,,
Co-op,"Pizza, Pasta, Ready Meals",Ready Meals,Dolmio Classics Rigatoni Bolognese 250g,250g,£13.20/kg,3.30,,
Co-op,"Pizza, Pasta, Ready Meals",Ready Meals,Kirstys Lentil Cottage Pie 400G,400g,£13.13/kg,5.25,,
Co-op,"Pizza, Pasta, Ready Meals",Ready Meals,Kirstys Sweet & Sour Chicken 450G,450g,£11.67/kg,5.25,,
Co-op,"Pizza, Pasta, Ready Meals",Ready Meals,Myprotein Chilli Chipotle Beef with Rice 325g,310g,£15.81/kg,4.90,,
Co-op,"Pizza, Pasta, Ready Meals",Ready Meals,Myprotein Firecracker Chicken with Rice 325g,325g,£15.08/kg,4.90,,
Co-op,"Pizza, Pasta, Ready Meals",Ready Meals,Royal Spaghetti Bolognese 400g,400g,£11.00/kg,4.40,,
Co-op,"Pizza, Pasta, Ready Meals",Ready Meals,Wasabi Korean Black Bean Chicken with Rice 450g,450g,£13.33/kg,6.00,,
Co-op,"Rice, Pasta, Pulses, Noodles",3 for £3 Quick Meals 🍜,Batchelors Pasta 'n' Sauce Cheese & Broccoli 65g,65g,£20.00/kg,1.30,,3 for £3
Co-op,"Rice, Pasta, Pulses, Noodles",3 for £3 Quick Meals 🍜,Batchelors Pasta 'n' Sauce Chicken & Mushroom Flavour 99g,99g,£13.13/kg,1.30,,3 for £3
Co-op,"Rice, Pasta, Pulses, Noodles",3 for £3 Quick Meals 🍜,Batchelors Super Noodles Chicken Flavour Noodle Pot 75g,75g,£17.33/kg,1.30,,3 for £3
Co-op,"Rice, Pasta, Pulses, Noodles",3 for £3 Quick Meals 🍜,Batchelors Super Noodles Curry Flavour 75g,75g,£17.33/kg,1.30,,3 for £3
Co-op,"Rice, Pasta, Pulses, Noodles",3 for £3 Quick Meals 🍜,Batchelors Super Noodles Curry Flavour 90G,90g,£14.44/kg,1.30,,3 for £3
Co-op,"Rice, Pasta, Pulses, Noodles",3 for £3 Quick Meals 🍜,Ben's Original Egg Fried Microwave Rice 220g,220g,£7.95/kg,1.75,,3 for £3
Co-op,"Rice, Pasta, Pulses, Noodles",3 for £3 Quick Meals 🍜,Ben's Original Mixed Pepper Microwave Rice 220g,220g,£7.95/kg,1.75,,3 for £3
Co-op,"Rice, Pasta, Pulses, Noodles",3 for £3 Quick Meals 🍜,Ben's Original Peri Peri Microwave Rice 220g,220g,£7.95/kg,1.75,,3 for £3
Co-op,"Rice, Pasta, Pulses, Noodles",3 for £3 Quick Meals 🍜,Ben's Original Pilau Microwave Rice 220g,220g,£7.95/kg,1.75,,3 for £3
Co-op,"Rice, Pasta, Pulses, Noodles",3 for £3 Quick Meals 🍜,Ben's Original Savoury Chicken Flavour Microwave Rice 220g,220g,£7.95/kg,1.75,,3 for £3
Co-op,"Rice, Pasta, Pulses, Noodles",3 for £3 Quick Meals 🍜,Ben's Original Smokey BBQ Microwave Rice 220g,220g,£7.95/kg,1.75,,3 for £3
Co-op,"Rice, Pasta, Pulses, Noodles",3 for £3 Quick Meals 🍜,Ben's Original Wholegrain Spicy Mexican Style Microwave Rice 220g,220g,£7.95/kg,1.75,,3 for £3
Co-op,"Rice, Pasta, Pulses, Noodles",3 for £3 Quick Meals 🍜,Bens Original Basmati Microwave Rice 220g,220g,£5.00/kg,1.10,,3 for £3
Co-op,"Rice, Pasta, Pulses, Noodles",3 for £3 Quick Meals 🍜,Bens Original Long Grain Microwave Rice 220g,220g,£5.00/kg,1.10,,3 for £3
Co-op,"Rice, Pasta, Pulses, Noodles",3 for £3 Quick Meals 🍜,Bens Original Wholegrain Microwave Rice 220g,220g,£5.00/kg,1.10,,3 for £3
Co-op,"Rice, Pasta, Pulses, Noodles",3 for £3 Quick Meals 🍜,Buldak Hot Chicken Flavour Spicy Ramen Cup 70g,70g,£31.43/kg,2.20,,3 for £3
Co-op,"Rice, Pasta, Pulses, Noodles",3 for £3 Quick Meals 🍜,Nissin Soba Wok Style Classic 109G,109g,£12.84/kg,1.40,,3 for £3
Co-op,"Rice, Pasta, Pulses, Noodles",3 for £3 Quick Meals 🍜,Nong Shim Shin Cup Noodles 68G,68g,£20.59/kg,1.40,,3 for £3
Co-op,"Rice, Pasta, Pulses, Noodles",3 for £3 Quick Meals 🍜,Nong Shim Shin Ramyun Packet Noodles 120G,120g,£12.08/kg,1.45,,3 for £3
Co-op,"Rice, Pasta, Pulses, Noodles",3 for £3 Quick Meals 🍜,Pot Noodle Beef & Tomato  90 g,90g,£15.56/kg,1.40,,3 for £3
Co-op,"Rice, Pasta, Pulses, Noodles",3 for £3 Quick Meals 🍜,Pot Noodle Beef & Tomato King Pot 114g,114g,£14.91/kg,1.70,,3 for £3
Co-op,"Rice, Pasta, Pulses, Noodles",3 for £3 Quick Meals 🍜,Pot Noodle Chicken & Mushroom Standard 90 g,90g,£15.56/kg,1.40,,3 for £3
Co-op,"Rice, Pasta, Pulses, Noodles",3 for £3 Quick Meals 🍜,Pot Noodle Flame Grilled Steak Standard Pot 90 g,90g,£15.56/kg,1.40,,3 for £3
Co-op,"Rice, Pasta, Pulses, Noodles",3 for £3 Quick Meals 🍜,Pot Noodle Original Curry Flavour 90g,90g,£15.56/kg,1.40,,3 for £3
Co-op,"Rice, Pasta, Pulses, Noodles",3 for £3 Quick Meals 🍜,Pot Noodle Sticky Rib Flavour 114g,114g,£14.91/kg,1.70,,3 for £3
Co-op,"Rice, Pasta, Pulses, Noodles",3 for £3 Quick Meals 🍜,Pot Noodle Sweet & Sour Flavour 90g,90g,£15.56/kg,1.40,,3 for £3
Co-op,"Rice, Pasta, Pulses, Noodles",3 for £3 Quick Meals 🍜,Samyang Buldak Hot Chicken Flavor Ramen Stir-Fried Noodle Cup,70g,£31.43/kg,2.20,,3 for £3
Co-op,"Rice, Pasta, Pulses, Noodles",3 for £3 Quick Meals 🍜,Samyang Buldak Spicy Ramen Carbonara Hot Chicken Flavour 80g,80g,£30.63/kg,2.45,,3 for £3
Co-op,"Rice, Pasta, Pulses, Noodles",3 for £3 Quick Meals 🍜,Wagamama Teriyaki Noodles 74g,74g,£27.03/kg,2.00,,3 for £3
Co-op,"Rice, Pasta, Pulses, Noodles",3 for £3 Quick Meals 🍜,itsu Noodles & Broth Chick-N Ramen 64g,64pk,£0.04 each,2.35,,3 for £3
Co-op,"Rice, Pasta, Pulses, Noodles",3 for £3 Quick Meals 🍜,itsu Noodles & Broth Satay Style 66g,66g,£35.61/kg,2.35,,3 for £3
Co-op,"Rice, Pasta, Pulses, Noodles",3 for £3 Quick Meals 🍜,itsu Noodles & Broth Spicy Chicken 64g,64pk,£0.04 each,2.35,,3 for £3
Co-op,"Rice, Pasta, Pulses, Noodles",Back to Routine ⏰☕,"Batchelors Pasta 'n' Sauce Cheese, Leek & Ham Flavour 99g",99g,£13.13/kg,1.30,,3 for £3
Co-op,"Rice, Pasta, Pulses, Noodles",Back to Routine ⏰☕,Batchelors Super Noodles BBQ Beef Flavour 90g,90g,£14.44/kg,1.30,,3 for £3
Co-op,"Rice, Pasta, Pulses, Noodles",Back to Routine ⏰☕,Ben's Original Spicy Mexican Style Microwave Rice 220g,220g,£7.95/kg,1.75,,3 for £3
Co-op,"Rice, Pasta, Pulses, Noodles",Back to Routine ⏰☕,Co-op Basmati Microwave Rice 250G,250g,£3.40/kg,0.85,,
Co-op,"Rice, Pasta, Pulses, Noodles",Back to Routine ⏰☕,Co-op Egg Noodles 275g,275g,£4.73/kg,1.30,,
Co-op,"Rice, Pasta, Pulses, Noodles",Back to Routine ⏰☕,Nissin Soba Wok Style Chilli 111G,111g,£12.61/kg,1.40,,3 for £3
Co-op,"Rice, Pasta, Pulses, Noodles",Back to Routine ⏰☕,Pot Noodle Chicken & Mushroom King Pot 114g,114g,£14.91/kg,1.70,,3 for £3
Co-op,"Rice, Pasta, Pulses, Noodles",Back to Routine ⏰☕,Pot Noodle Original Curry King Pot 114 g,114g,£14.91/kg,1.70,,3 for £3
Co-op,"Rice, Pasta, Pulses, Noodles",Make your Weekend Irresistible 🍞🥞🍝,Co-op Irresistible Bronze Die Mezzi Rigatoni 500g,500g,£4.90/kg,2.45,,
Co-op,"Rice, Pasta, Pulses, Noodles",Make your Weekend Irresistible 🍞🥞🍝,Co-op Irresistible Bronze Die Orzo 500g,500g,£4.90/kg,2.45,,
Co-op,"Rice, Pasta, Pulses, Noodles",Microwave Rice & Grains,Ben's Original Golden Vegetable Microwave Rice 220g,220g,£7.95/kg,1.75,,3 for £3
Co-op,"Rice, Pasta, Pulses, Noodles",Microwave Rice & Grains,Co-op Microwave Rice Golden Vegetable 250g,250g,£3.60/kg,0.90,,
Co-op,"Rice, Pasta, Pulses, Noodles",Microwave Rice & Grains,Co-op Microwave Rice Long Grain 250g,250g,£3.40/kg,0.85,,
Co-op,"Rice, Pasta, Pulses, Noodles",Microwave Rice & Grains,Co-op Microwave Rice Wholegrain 250g,250g,£3.40/kg,0.85,,
Co-op,"Rice, Pasta, Pulses, Noodles",Microwave Rice & Grains,Co-op Quick Cook Mexican Style Rice 250g,250g,£3.60/kg,0.90,,
Co-op,"Rice, Pasta, Pulses, Noodles",Microwave Rice & Grains,Co-op Quick Cook Pilau Rice 250g,250g,£3.40/kg,0.85,,
Co-op,"Rice, Pasta, Pulses, Noodles",Microwave Rice & Grains,Merchant Gourmet Puy Lentils with Sun Dried Tomatoes and Basil 250g,250g,£7.60/kg,1.90,2.75,£0.85 off
Co-op,"Rice, Pasta, Pulses, Noodles",Microwave Rice & Grains,Merchant Gourmet Red & White Quinoa 250g,250g,£11.00/kg,2.75,,
Co-op,"Rice, Pasta, Pulses, Noodles",Microwave Rice & Grains,Merchant Gourmet Spanish-Style Grains & Rice 250g,250g,£7.60/kg,1.90,2.75,£0.85 off
Co-op,"Rice, Pasta, Pulses, Noodles",Microwave Rice & Grains,The Gym Kitchen Barbeque Lentils 250g,250g,£10.20/kg,2.55,,
Co-op,"Rice, Pasta, Pulses, Noodles",Microwave Rice & Grains,The Gym Kitchen Piri Piri Grains 250g,250g,£10.20/kg,2.55,,
Co-op,"Rice, Pasta, Pulses, Noodles",Microwave Rice & Grains,Tilda Butter & Sea Salt Rice 2 x 125g,2pk,£5.80/kg,1.45,1.90,£0.45 off
Co-op,"Rice, Pasta, Pulses, Noodles",Microwave Rice & Grains,Tilda Classics Golden Vegetable Rice 250g,250g,£5.60/kg,1.40,,
Co-op,"Rice, Pasta, Pulses, Noodles",Microwave Rice & Grains,Tilda Classics Sticky Rice 250g,250g,£5.60/kg,1.40,,
Co-op,"Rice, Pasta, Pulses, Noodles",Microwave Rice & Grains,Tilda Limited Edition Indonesian Fried Rice 250g,250g,£5.40/kg,1.35,1.65,£0.30 off
Co-op,"Rice, Pasta, Pulses, Noodles",Microwave Rice & Grains,Tilda Microwave Coconut Basmati Rice 250g,250g,£5.40/kg,1.35,1.65,£0.30 off
Co-op,"Rice, Pasta, Pulses, Noodles",Microwave Rice & Grains,Tilda Microwave Egg Fried Rice 250g,250g,£5.40/kg,1.35,1.65,£0.30 off
Co-op,"Rice, Pasta, Pulses, Noodles",Microwave Rice & Grains,Tilda Microwave Fragrant Jasmine Rice 250g,250g,£5.60/kg,1.40,,
Co-op,"Rice, Pasta, Pulses, Noodles",Microwave Rice & Grains,Tilda Microwave Lemon & Herbs Basmati Rice 250g,250g,£5.40/kg,1.35,1.65,£0.30 off
Co-op,"Rice, Pasta, Pulses, Noodles",Microwave Rice & Grains,Tilda Microwave Lime and Coriander Basmati Rice 250g,250g,£5.40/kg,1.35,1.65,£0.30 off
Co-op,"Rice, Pasta, Pulses, Noodles",Microwave Rice & Grains,Tilda Microwave Mushroom Basmati Rice 250g,250g,£5.40/kg,1.35,1.65,£0.30 off
Co-op,"Rice, Pasta, Pulses, Noodles",Microwave Rice & Grains,Tilda Microwave Peri Peri Basmati Rice 250g,250g,£5.40/kg,1.35,1.65,£0.30 off
Co-op,"Rice, Pasta, Pulses, Noodles",Microwave Rice & Grains,Tilda Microwave Pilau Basmati Rice 250G,250g,£5.60/kg,1.40,,
Co-op,"Rice, Pasta, Pulses, Noodles",Microwave Rice & Grains,Tilda Pure Microwave Basmati Rice Classic 250g,250g,£5.60/kg,1.40,,
Co-op,"Rice, Pasta, Pulses, Noodles",Microwave Rice & Grains,Tilda Spicy Mexican Rice 250g,250g,£5.40/kg,1.35,1.65,£0.30 off
Co-op,"Rice, Pasta, Pulses, Noodles",Microwave Rice & Grains,Tilda Wholegrain Basmati And Wild Rice 250G,250g,£5.40/kg,1.35,1.65,£0.30 off
Co-op,"Rice, Pasta, Pulses, Noodles",Microwave Rice & Grains,Tilda Wholegrain Basmati Rice 250g,250g,£5.60/kg,1.40,,
Co-op,"Rice, Pasta, Pulses, Noodles",Microwave Rice & Grains,Tropical Sun Nigerian Fried Rice 250g,250g,£7.00/kg,1.75,,
Co-op,"Rice, Pasta, Pulses, Noodles",Microwave Rice & Grains,Tropical Sun Rich & Spicy Jollof Rice 250g,250g,£7.00/kg,1.75,,
Co-op,"Rice, Pasta, Pulses, Noodles",Microwave Rice & Grains,Veetee Heat & Eat Sticky Rice 2X130G,2pk,£5.00/kg,1.30,1.65,£0.35 off
Co-op,"Rice, Pasta, Pulses, Noodles",Microwave Rice & Grains,Veetee Steam Filtered Basmati 2 x 125g (250g),2pk,£5.20/kg,1.30,1.65,£0.35 off
Co-op,"Rice, Pasta, Pulses, Noodles",Microwave Rice & Grains,Veetee Steam Filtered Thai Jasmine 2 x 140g (280g),2pk,£4.64/kg,1.30,1.65,£0.35 off
Co-op,"Rice, Pasta, Pulses, Noodles",Noodles,7 Moon Udon Noodles 400G,400g,£4.50/kg,1.80,,
Co-op,"Rice, Pasta, Pulses, Noodles",Noodles,Batchelors Big Super Noodles Chicken Flavour 100g,100g,£14.00/kg,1.40,,
Co-op,"Rice, Pasta, Pulses, Noodles",Noodles,Batchelors Super Noodles Chicken Flavour 90g,90g,£14.44/kg,1.30,,3 for £3
Co-op,"Rice, Pasta, Pulses, Noodles",Noodles,Batchelors The Nation's Favourite Chicken Flavour Super Noodles 4 x 90g (360g),360g,£11.39/kg,4.10,,
Co-op,"Rice, Pasta, Pulses, Noodles",Noodles,Ben's Original Chow Mein Style Street Food 250g,250g,£13.20/kg,3.30,,
Co-op,"Rice, Pasta, Pulses, Noodles",Noodles,Ben's Original Street Food Japanese Teriyaki Style 250g,250g,£13.20/kg,3.30,,
Co-op,"Rice, Pasta, Pulses, Noodles",Noodles,Blue Dragon Medium Egg Noodles 250g,250g,£8.00/kg,2.00,,
Co-op,"Rice, Pasta, Pulses, Noodles",Noodles,Blue Dragon Medium Noodles Wok Ready 300g,300g,£8.33/kg,2.50,,
Co-op,"Rice, Pasta, Pulses, Noodles",Noodles,Blue Dragon Wok Ready Wide Noodles 300g,300g,£8.00/kg,2.40,,
Co-op,"Rice, Pasta, Pulses, Noodles",Noodles,Co-op Oriental Fine Egg Noodles 250g,250g,£5.40/kg,1.35,,
Co-op,"Rice, Pasta, Pulses, Noodles",Noodles,Co-op Oriental Medium Egg Noodles 250g,250g,£5.40/kg,1.35,,£0.95 loyalty card (£3.80/kg)
Co-op,"Rice, Pasta, Pulses, Noodles",Noodles,Co-op Wholewheat Noodles 250g,250g,£5.40/kg,1.35,,
Co-op,"Rice, Pasta, Pulses, Noodles",Noodles,Cup Noodles Big Chilli Wok Style Soba 115g,115g,£23.91/kg,2.75,,
Co-op,"Rice, Pasta, Pulses, Noodles",Noodles,Cup Noodles Big Classic Wok Style Soba 113g,113g,£24.34/kg,2.75,,
Co-op,"Rice, Pasta, Pulses, Noodles",Noodles,Indo Mie Mi Goreng Stir Fry Noodles 80g,80g,£13.75/kg,1.10,,
Co-op,"Rice, Pasta, Pulses, Noodles",Noodles,Indomie Noodles Special Chicken Flavour 75g,75g,£8.67/kg,0.65,,
Co-op,"Rice, Pasta, Pulses, Noodles",Noodles,Kailo Instant Noodles Chicken Flavour 120G,120g,£14.58/kg,1.75,,
Co-op,"Rice, Pasta, Pulses, Noodles",Noodles,Kailo Instant Noodles Spicy Beef Flavour 120G,120g,£14.58/kg,1.75,,
Co-op,"Rice, Pasta, Pulses, Noodles",Noodles,Kelly Loves Katsuo Udon 186g,186g,£15.59/kg,2.90,,
Co-op,"Rice, Pasta, Pulses, Noodles",Noodles,Ko-Lee Go Noodles Chicken Special Flavour 85G,85g,£7.65/kg,0.65,,
Co-op,"Rice, Pasta, Pulses, Noodles",Noodles,Ko-Lee Go Noodles Xtreme Hot & Spicy Flavour 85g,85g,£7.65/kg,0.65,,
Co-op,"Rice, Pasta, Pulses, Noodles",Noodles,Ko-Lee Instant Noodles Chicken Green Curry Flavour 85g,85g,£7.65/kg,0.65,,
Co-op,"Rice, Pasta, Pulses, Noodles",Noodles,MAGGI 3 Minute Instant Noodles Chicken Flavour 4 x 59g,4pk,£7.39/kg,1.75,,
Co-op,"Rice, Pasta, Pulses, Noodles",Noodles,Maggi 2 Minute Noodles Masala 70G,70g,£11.43/kg,0.80,,
Co-op,"Rice, Pasta, Pulses, Noodles",Noodles,Mama Hot & Spicy Noodles 90G,90g,£12.22/kg,1.10,,
Co-op,"Rice, Pasta, Pulses, Noodles",Noodles,Mama Oriental Style Instant Noodles Kim Chi Flavour 90g,90g,£12.22/kg,1.10,,
Co-op,"Rice, Pasta, Pulses, Noodles",Noodles,Mama Pho Bo Beef Noodles,65g,£25.38/kg,1.65,,
Co-op,"Rice, Pasta, Pulses, Noodles",Noodles,Nissin Cup Noodle Beef 5 Spices 64G,64g,£37.50/kg,2.40,,
Co-op,"Rice, Pasta, Pulses, Noodles",Noodles,Nissin Cup Noodles Soba Wok Style Chilli 92G,92g,£26.09/kg,2.40,,
Co-op,"Rice, Pasta, Pulses, Noodles",Noodles,Nissin Cup Noodles Soba Wok Style Classic 90G,90g,£26.67/kg,2.40,,
Co-op,"Rice, Pasta, Pulses, Noodles",Noodles,Nissin Cup Noodles Soba Wok Style Japanese Curry 90g,90g,£26.67/kg,2.40,,
Co-op,"Rice, Pasta, Pulses, Noodles",Noodles,Nissin Cup Noodles Soba Wok Style Teriyaki 90g,90g,£26.67/kg,2.40,,
Co-op,"Rice, Pasta, Pulses, Noodles",Noodles,Nissin Cup Noodles Soba Wok Style Yakitori Chicken 89G,89g,£26.97/kg,2.40,,
Co-op,"Rice, Pasta, Pulses, Noodles",Noodles,Nissin Demae Ramen Chicken 100G,100g,£8.50/kg,0.85,,
Co-op,"Rice, Pasta, Pulses, Noodles",Noodles,Nissin Demae Ramen Sesame 100G,100g,£8.50/kg,0.85,,
Co-op,"Rice, Pasta, Pulses, Noodles",Noodles,Nissin Miso Demae Ramen 100g,100g,£8.00/kg,0.80,,
Co-op,"Rice, Pasta, Pulses, Noodles",Noodles,Nissin Spicy Demae Ramen 100g,100g,£8.50/kg,0.85,,
Co-op,"Rice, Pasta, Pulses, Noodles",Noodles,Nongshim Shin Noodle Soup Gourmet Spicy 114G,114g,£12.28/kg,1.40,,
Co-op,"Rice, Pasta, Pulses, Noodles",Noodles,Pot Noodle Bombay Bad Boy King Pot 114g,114g,£14.91/kg,1.70,,3 for £3
Co-op,"Rice, Pasta, Pulses, Noodles",Noodles,TIGER TIGER Ramen Chinese Stir-Fry Noodles 2 x 200g (400g),400g,£4.50/kg,1.80,,
Co-op,"Rice, Pasta, Pulses, Noodles",Noodles,Vifon Golden Chicken Flavour Instant Noodle Soup Mild 70g,70g,£11.43/kg,0.80,,
Co-op,"Rice, Pasta, Pulses, Noodles",Noodles,itsu Restaurant'Ramen Flat Noodles 200g,200g,£9.50/kg,1.90,,
Co-op,"Rice, Pasta, Pulses, Noodles",Noodles,itsu Restaurant'Ramen Original Noodles 200g,200g,£9.50/kg,1.90,,
Co-op,"Rice, Pasta, Pulses, Noodles",Pulses & Grains,Ainsley Harriott Roasted Vegetable Couscous 100G,100g,£9.50/kg,0.95,1.20,£0.25 off
Co-op,"Rice, Pasta, Pulses, Noodles",Pulses & Grains,Ainsley Spice Sensation Couscous 100g,100g,£9.50/kg,0.95,1.20,£0.25 off
Co-op,"Rice, Pasta, Pulses, Noodles",Pasta,Batchelors Pasta 'n' Sauce Cheese & Broccoli 99g,99g,£13.13/kg,1.30,,3 for £3
Co-op,"Rice, Pasta, Pulses, Noodles",Pulses & Grains,Merchant Gourmet Puy Lentils & French Green Lentils Simply Cooked 250g,250g,£7.60/kg,1.90,2.75,£0.85 off
Co-op,"Rice, Pasta, Pulses, Noodles",Rice,Tilda Brown Basmati Rice 500G,500g,£5.10/kg,2.55,3.65,£1.10 off
Co-op,"Rice, Pasta, Pulses, Noodles",Rice,Tilda Fragrant Jasmine 500g,500g,£5.10/kg,2.55,3.65,£1.10 off
Co-op,"Rice, Pasta, Pulses, Noodles",Rice,Tilda Long Grain Rice 2 x 125g,2pk,£5.80/kg,1.45,1.90,£0.45 off
Co-op,"Rice, Pasta, Pulses, Noodles",Rice,Tilda Pure Original Basmati 500g,500g,£5.10/kg,2.55,3.65,£1.10 off
Co-op,"Rice, Pasta, Pulses, Noodles",Pasta,Barilla Linguine 500g,500g,£3.70/kg,1.85,,
Co-op,"Rice, Pasta, Pulses, Noodles",Pasta,Barilla Pasta Fusilli N.98 500g,500g,£3.70/kg,1.85,,
Co-op,"Rice, Pasta, Pulses, Noodles",Pasta,Barilla Spaghetti N°5 500g,500g,£3.70/kg,1.85,,
Co-op,"Rice, Pasta, Pulses, Noodles",Pasta,Batchelors Cheesy Pasta 'n' Sauce 200g,200g,£11.00/kg,2.20,,
Co-op,"Rice, Pasta, Pulses, Noodles",Pasta,Batchelors Pasta 'n' Sauce Carbonara 200g,200g,£11.00/kg,2.20,,
Co-op,"Rice, Pasta, Pulses, Noodles",Pasta,Co-op Farfalle 500G,500g,£1.80/kg,0.90,,£0.69 loyalty card (£1.38/kg)
Co-op,"Rice, Pasta, Pulses, Noodles",Pasta,Co-op Free From Fusilli 500g,500g,£2.00/kg,1.00,,
Co-op,"Rice, Pasta, Pulses, Noodles",Pasta,Co-op Free From Spaghetti 500G,500g,£2.00/kg,1.00,,
Co-op,"Rice, Pasta, Pulses, Noodles",Pasta,Co-op Fusilli 500g,500g,£1.80/kg,0.90,,£0.69 loyalty card (£1.38/kg)
Co-op,"Rice, Pasta, Pulses, Noodles",Pasta,Co-op Italian Conchiglie 500g,500g,£1.80/kg,0.90,,£0.69 loyalty card (£1.38/kg)
Co-op,"Rice, Pasta, Pulses, Noodles",Pasta,Co-op Lasagne 500g,500g,£1.80/kg,0.90,,
Co-op,"Rice, Pasta, Pulses, Noodles",Pasta,Co-op Linguine 500G,500g,£1.80/kg,0.90,,£0.75 loyalty card (£1.50/kg)
Co-op,"Rice, Pasta, Pulses, Noodles",Pasta,Co-op Macaroni 500g,500g,£1.80/kg,0.90,,£0.72 loyalty card (£1.44/kg)
Co-op,"Rice, Pasta, Pulses, Noodles",Pasta,Co-op Penne 500g,500g,£1.70/kg,0.85,,£0.69 loyalty card (£1.38/kg)
Co-op,"Rice, Pasta, Pulses, Noodles",Pasta,Co-op Spaghetti 500g,500g,£1.70/kg,0.85,,£0.75 loyalty card (£1.50/kg)
Co-op,"Rice, Pasta, Pulses, Noodles",Pasta,Co-op Spirali 500g,500g,£1.80/kg,0.90,,£0.75 loyalty card (£1.50/kg)
Co-op,"Rice, Pasta, Pulses, Noodles",Pasta,Co-op Wholewheat Fusilli 500g,500g,£1.80/kg,0.90,,£0.75 loyalty card (£1.50/kg)
Co-op,"Rice, Pasta, Pulses, Noodles",Pasta,De Cecco Cavatappi No87 500g,500g,£5.10/kg,2.55,,
Co-op,"Rice, Pasta, Pulses, Noodles",Pasta,De Cecco Fusilli 500G,500g,£5.10/kg,2.55,,
Co-op,"Rice, Pasta, Pulses, Noodles",Pasta,De Cecco Spaghetti No 12 500g,500g,£5.10/kg,2.55,,
Co-op,"Rice, Pasta, Pulses, Noodles",Pasta,De Cecco Tortiglioni 500g,500g,£5.10/kg,2.55,,
Co-op,"Rice, Pasta, Pulses, Noodles",Pasta,Dolmio Classics Meatballs Fusilli 250g,250g,£13.20/kg,3.30,,
Co-op,"Rice, Pasta, Pulses, Noodles",Pasta,Mug Shot Flavoursome Roast Chicken Pasta 55g,55g,£20.00/kg,1.10,,
Co-op,"Rice, Pasta, Pulses, Noodles",Pasta,Mug Shot Original Tomato and Herb Pasta 64g,64g,£17.19/kg,1.10,,
Co-op,"Rice, Pasta, Pulses, Noodles",Pasta,Napolina Fusilli 500g,500g,£3.80/kg,1.90,,
Co-op,"Rice, Pasta, Pulses, Noodles",Pasta,Napolina Penne 500g,500g,£3.80/kg,1.90,,
Co-op,"Rice, Pasta, Pulses, Noodles",Pasta,Napolina Spaghetti 500g,500g,£3.80/kg,1.90,,
Co-op,"Rice, Pasta, Pulses, Noodles",Pasta,Served Co-op Fresh Fusilli 300G,300g,£6.33/kg,1.90,,
Co-op,"Rice, Pasta, Pulses, Noodles",Pulses & Grains,Al'Fez Moroccan Style Couscous 200g,220g,£15.45/kg,3.40,,
Co-op,"Rice, Pasta, Pulses, Noodles",Pulses & Grains,Co-op Cous Cous 500g,500g,£2.90/kg,1.45,,
Co-op,"Rice, Pasta, Pulses, Noodles",Pulses & Grains,Co-op Wholefoods Dried Green Lentils 500g,500g,£4.60/kg,2.30,,
Co-op,"Rice, Pasta, Pulses, Noodles",Pulses & Grains,Co-op Wholefoods Dried Pearl Barley 500g,500g,£2.80/kg,1.40,,
Co-op,"Rice, Pasta, Pulses, Noodles",Pulses & Grains,Co-op Wholefoods Dried Red Split Lentils 500g,500g,£4.60/kg,2.30,,
Co-op,"Rice, Pasta, Pulses, Noodles",Pulses & Grains,Co-op Wholefoods Dried Yellow Split Peas 500g,500g,£2.80/kg,1.40,,
Co-op,"Rice, Pasta, Pulses, Noodles",Pulses & Grains,Cypressa Popping Corn 500G,500g,£3.30/kg,1.65,,
Co-op,"Rice, Pasta, Pulses, Noodles",Pulses & Grains,Laila Red Split Lentils 2kg,2kg,£1.93/kg,3.85,,
Co-op,"Rice, Pasta, Pulses, Noodles",Rice,Ben's Original Boil-In-Bag Long Grain Rice 500g,500g,£8.00/kg,4.00,,
Co-op,"Rice, Pasta, Pulses, Noodles",Rice,Co-op Basmati Rice 1kg,1kg,£2.00/kg,2.00,,
Co-op,"Rice, Pasta, Pulses, Noodles",Rice,Co-op Basmati Rice 500g,500g,£2.40/kg,1.20,,
Co-op,"Rice, Pasta, Pulses, Noodles",Rice,Co-op Brown Basmati Rice 500g,500g,£2.40/kg,1.20,,
Co-op,"Rice, Pasta, Pulses, Noodles",Rice,Co-op Easy Cook Long Grain Brown Rice 1kg,1kg,£1.90/kg,1.90,,
Co-op,"Rice, Pasta, Pulses, Noodles",Rice,Co-op Easy Cook Long Grain Rice 1KG,1kg,£1.70/kg,1.70,,
Co-op,"Rice, Pasta, Pulses, Noodles",Rice,Co-op Italian Risotto Rice 500G,500g,£6.60/kg,3.30,,
Co-op,"Rice, Pasta, Pulses, Noodles",Rice,Co-op Long Grain Rice 1kg,1kg,£1.70/kg,1.70,,£1.25 loyalty card (£1.25/kg)
Co-op,"Rice, Pasta, Pulses, Noodles",Rice,Co-op Long Grain Rice 500g,500g,£1.50/kg,0.75,,
Co-op,"Rice, Pasta, Pulses, Noodles",Rice,Co-op Pudding Rice 500g,500g,£3.70/kg,1.85,,
Co-op,"Rice, Pasta, Pulses, Noodles",Rice,Co-op Spanish Paella Rice 500g,500g,£6.60/kg,3.30,,
Co-op,"Rice, Pasta, Pulses, Noodles",Rice,Gallo Traditional Risotto Rice 500G,500g,£7.30/kg,3.65,,
Co-op,"Rice, Pasta, Pulses, Noodles",Rice,Laila Basmati Rice 1kg,1kg,£2.20/kg,2.20,,
Co-op,"Rice, Pasta, Pulses, Noodles",Rice,Laila Basmati Rice 5kg,5kg,£2.31/kg,11.55,,
Co-op,"Rice, Pasta, Pulses, Noodles",Rice,Tilda Boil in Bag Pure Basmati Rice 250g,250g,£9.80/kg,2.45,,
Co-op,"Rice, Pasta, Pulses, Noodles",Rice,Tilda Pure Original Basmati 1kg,1kg,£6.30/kg,6.30,,
Co-op,"Rice, Pasta, Pulses, Noodles",Rice,Tropical Sun Golden Sella Pure Basmati Rice 1kg,1kg,£3.30/kg,3.30,,
Co-op,Salad & Herbs,Avocados,Co-op 2 Pack Avocados,16pk,£0.13 each,2.10,,
Co-op,Salad & Herbs,Avocados,Co-op Organic Avocado 2PACK,2pk,£1.63 each,3.25,,
Co-op,Salad & Herbs,Avocados,Co-op Ripe Avocado,1pk,£1.50 each,1.50,,
Co-op,Salad & Herbs,"Chilli, Ginger & Garlic",Co-op Chopped Garlic 100g,100pk,£0.03 each,2.70,,
Co-op,Salad & Herbs,"Chilli, Ginger & Garlic",Co-op Garlic,3pk,£0.37 each,1.10,,
Co-op,Salad & Herbs,"Chilli, Ginger & Garlic",Co-op Garlic EACH,1pk,£0.65 each,0.65,,
Co-op,Salad & Herbs,"Chilli, Ginger & Garlic",Co-op Ginger,83g,£15.06/kg,1.25,,
Co-op,Salad & Herbs,"Chilli, Ginger & Garlic",Co-op Mixed Chillies 50g,50g,£11.00/kg,0.55,,
Co-op,Salad & Herbs,"Chilli, Ginger & Garlic",Co-op Mixed Hot Chillies 205g,205g,£14.15/kg,2.90,,
Co-op,Salad & Herbs,Cucumbers,Co-op Baby Cucumbers 200g,200g,£6.50/kg,1.30,,
Co-op,Salad & Herbs,Cucumbers,Co-op Cucumber,1pk,£1.10 each,1.10,,£0.99 loyalty card (£0.99 each)
Co-op,Salad & Herbs,Cucumbers,Co-op Organic Cucumber EACH,1pk,£1.55 each,1.55,,
Co-op,Salad & Herbs,Dressings & Croutons,Caesar Cardini's Original Caesar Dressing 250ml,250pk,£0.01 each,3.20,,
Co-op,Salad & Herbs,Dressings & Croutons,Co-op Garlic & Herb Croutons 40g,40g,£16.25/kg,0.65,,
Co-op,Salad & Herbs,Dressings & Croutons,Co-op Irresistible French Dressing 225ml,225ml,£12.22/L,2.75,,
Co-op,Salad & Herbs,Dressings & Croutons,Co-op Irresistible French Salad Dressing,225ml,£12.22/L,2.75,,
Co-op,Salad & Herbs,Dressings & Croutons,Co-op Irresistible Modena Balsamic Dressing 225ml,225ml,£12.22/L,2.75,,
Co-op,Salad & Herbs,Dressings & Croutons,"Co-op Limited Edition Zesty Lime, Honey & Ginger Dressing 100ml",100ml,£19.00/L,1.90,,
Co-op,Salad & Herbs,Dressings & Croutons,Co-op Mexican Guacamole Topping 285g,280g,£6.43/kg,1.80,,
Co-op,Salad & Herbs,Dressings & Croutons,Co-op Salad Cream 450g,450g,£3.33/kg,1.50,,
Co-op,Salad & Herbs,Dressings & Croutons,Co-op Sour Cream 280G,280g,£6.43/kg,1.80,,
Co-op,Salad & Herbs,Dressings & Croutons,Heinz 30% Less Fat Salad Cream 415g,415g,£9.40/kg,3.90,,
Co-op,Salad & Herbs,Dressings & Croutons,Heinz Original Salad Cream 425g,425g,£9.18/kg,3.90,,
Co-op,Salad & Herbs,Dressings & Croutons,Heinz Salad Cream Original 605g,570ml,£8.77/L,5.00,,
Co-op,Salad & Herbs,Dressings & Croutons,Hellmann's Garlic & Herb Creamy Sauce 250ml,260g,£13.65/kg,3.55,,
Co-op,Salad & Herbs,Dressings & Croutons,Hellmann's Ranch Mayo 245g,245g,£12.04/kg,2.95,,
Co-op,Salad & Herbs,Dressings & Croutons,Hellmann's Real Caesar Salad Dressing & Dip 250 ml,250ml,£9.40/L,2.35,,
Co-op,Salad & Herbs,Dressings & Croutons,Hellmann's Real Thousand Island Salad Dressing & Dip 250 ml,250ml,£9.40/L,2.35,,
Co-op,Salad & Herbs,Dressings & Croutons,Newman's Own Dressing & Dip Ranch 250ml,250ml,£11.60/L,2.90,,
Co-op,Salad & Herbs,Dressings & Croutons,Pizza Express Honey & Mustard Dressing 235ml,235ml,£15.53/L,3.65,,
Co-op,Salad & Herbs,Dressings & Croutons,Pizza Express House Light Dressing 235ml,235ml,£15.53/L,3.65,,
Co-op,Salad & Herbs,Fresh Herbs,Co-op Coriander 25g,25g,£28.00/kg,0.70,,
Co-op,Salad & Herbs,Fresh Herbs,Co-op Flat Leaf Parsley 25g,25g,£28.00/kg,0.70,,
Co-op,Salad & Herbs,Fresh Herbs,Co-op Fresh Basil 25G,25g,£28.00/kg,0.70,,
Co-op,Salad & Herbs,Fresh Herbs,Co-op Fresh Mint 25G,25g,£28.00/kg,0.70,,
Co-op,Salad & Herbs,Fresh Herbs,Co-op Fresh Rosemary,25g,£34.00/kg,0.85,,
Co-op,Salad & Herbs,Fresh Herbs,Co-op Fresh Thyme,25g,£34.00/kg,0.85,,
Co-op,Salad & Herbs,Lettuce & Salad Bags,B Sow Healthy Pea Shoots 70G,70g,£17.14/kg,1.20,,
Co-op,Salad & Herbs,Lettuce & Salad Bags,Co-op Baby Leaf Salad,100g,£17.50/kg,1.75,,
Co-op,Salad & Herbs,Lettuce & Salad Bags,Co-op Baby Leaf Salad 90g,90g,£13.89/kg,1.25,,
Co-op,Salad & Herbs,Lettuce & Salad Bags,Co-op Baby Spinach 100g,100g,£12.50/kg,1.25,,
Co-op,Salad & Herbs,Lettuce & Salad Bags,Co-op Bistro Salad 150g,150g,£12.33/kg,1.85,,
Co-op,Salad & Herbs,Lettuce & Salad Bags,Co-op Butterhead Salad 80g,80g,£15.00/kg,1.20,,
Co-op,Salad & Herbs,Lettuce & Salad Bags,Co-op Iceberg Lettuce,1pk,£1.00 each,1.00,,
Co-op,Salad & Herbs,Lettuce & Salad Bags,Co-op Irresistible Living Lettuce,1pk,£1.90 each,1.90,,
Co-op,Salad & Herbs,Lettuce & Salad Bags,Co-op Irresistible Petit Verdot,75cl,£16.20/L,12.15,,
Co-op,Salad & Herbs,Lettuce & Salad Bags,Co-op Little Gem Lettuce 2 Pack,2pk,£0.53 each,1.05,,
Co-op,Salad & Herbs,Lettuce & Salad Bags,Co-op Mixed Leaf Salad 100g,100g,£12.50/kg,1.25,,
Co-op,Salad & Herbs,Lettuce & Salad Bags,Co-op Romaine Lettuce,2pk,£0.80 each,1.60,,
Co-op,Salad & Herbs,Lettuce & Salad Bags,Co-op Salad Cress Punnet Each,1pk,£0.55 each,0.55,,
Co-op,Salad & Herbs,Lettuce & Salad Bags,Co-op Spinach 300G,300g,£7.33/kg,2.20,,
Co-op,Salad & Herbs,Lettuce & Salad Bags,"Co-op Spinach, Rocket & Watercress Salad 80g",80g,£18.75/kg,1.50,,
Co-op,Salad & Herbs,Lettuce & Salad Bags,Co-op Sweet & Crunchy Salad 250g,250g,£4.60/kg,1.15,,
Co-op,Salad & Herbs,Lettuce & Salad Bags,Co-op Wild Rocket,60g,£22.50/kg,1.35,,
Co-op,Salad & Herbs,Lettuce & Salad Bags,Florette Classic Crispy Strong 90g,90g,£17.22/kg,1.55,,
Co-op,Salad & Herbs,Make your Weekend Irresistible 🍞🥞🍝,Co-op Irresistible Vine Ripened Cherry Tomatoes,225g,£12.00/kg,2.70,,
Co-op,Salad & Herbs,Peppers,Co-op Sweet Peppers 3 Pack,3pk,£0.70 each,2.10,2.45,£0.35 off
Co-op,Salad & Herbs,Peppers,Co-op 2 Sweet Pointed Peppers,2pk,£1.05 each,2.10,,
Co-op,Salad & Herbs,Peppers,Co-op 3 Mixed Peppers,3pk,£0.82 each,2.45,,
Co-op,Salad & Herbs,Peppers,Co-op Organic Peppers,2pk,£1.15 each,2.30,,
Co-op,Salad & Herbs,Peppers,Co-op Red Pepper,1pk,£0.75 each,0.75,,
Co-op,Salad & Herbs,Peppers,Co-op Sweet Peppers,3pk,£0.75 each,2.25,,
Co-op,Salad & Herbs,Spring Onions & Celery,Co-op Celery Sticks 250g,250g,£5.00/kg,1.25,,
Co-op,Salad & Herbs,Tomatoes,Co-op Cherry Tomatoes 300g,300g,£4.67/kg,1.40,,
Co-op,Salad & Herbs,Tomatoes,Co-op Fairtrade Baby Plum Tomatoes 225g,225g,£7.11/kg,1.60,,
Co-op,Salad & Herbs,Tomatoes,Co-op Irresistible Baby Plum Tomatoes,225g,£12.00/kg,2.70,,
Co-op,Salad & Herbs,Tomatoes,Co-op Irresistible Best in Season Tomatoes,400g,£8.88/kg,3.55,,
Co-op,Salad & Herbs,Tomatoes,Co-op Irresistible Vine Tomatoes 420g,420g,£6.43/kg,2.70,,
Co-op,Salad & Herbs,Tomatoes,Co-op Midi Vine Ripened Tomatoes 230G,230g,£6.96/kg,1.60,,
Co-op,Salad & Herbs,Spring Onions & Celery,Co-op Organic Celery EACH,1pk,£1.95 each,1.95,,
Co-op,Salad & Herbs,Tomatoes,Co-op Organic Cherry On the Vine Tomatoes,200g,£11.25/kg,2.25,,
Co-op,Salad & Herbs,Tomatoes,Co-op Organic Vine Tomatoes,400g,£6.75/kg,2.70,,
Co-op,Salad & Herbs,Tomatoes,Co-op Salad Tomatoes,6pk,£0.20 each,1.20,,
Co-op,Salad & Herbs,Spring Onions & Celery,Co-op Spring Onions,100g,£8.00/kg,0.80,,
Co-op,Salad & Herbs,Tomatoes,Co-op Vine Ripened Tomatoes 400g,400g,£4.13/kg,1.65,,
Co-op,Spirits & Premixed Drinks,Aperitifs & Liquers,Angostura Aromatic Bitters 200Ml,200ml,£86.75/L,17.35,,
Co-op,Spirits & Premixed Drinks,Aperitifs & Liquers,Aperol Alcoholic Aperitif 70cl,70cl,£36.64/L,25.65,,
Co-op,Spirits & Premixed Drinks,Aperitifs & Liquers,Baileys Original Irish Cream Liqueur 70cl,70cl,£37.14/L,26.00,,
Co-op,Spirits & Premixed Drinks,Aperitifs & Liquers,Campari 70cl,70cl,£41.00/L,28.70,,
Co-op,Spirits & Premixed Drinks,Aperitifs & Liquers,Chambord Black Raspberry Liqueur 20cl,20cl,£60.00/L,12.00,,
Co-op,Spirits & Premixed Drinks,Aperitifs & Liquers,Co-op Vermouth Extra Dry 1L,1L,£12.50/L,12.50,,
Co-op,Spirits & Premixed Drinks,Aperitifs & Liquers,Cointreau Orange Liqueur Triple Sec 50CL,50cl,£58.70/L,29.35,,
Co-op,Spirits & Premixed Drinks,Aperitifs & Liquers,Disaronno Original Amaretto Liqueur 50cl,50cl,£57.40/L,28.70,,
Co-op,Spirits & Premixed Drinks,Aperitifs & Liquers,Jägermeister Herbal Liqueur 50cl,50cl,£52.70/L,26.35,,
Co-op,Spirits & Premixed Drinks,Aperitifs & Liquers,Kahlua Coffee Liqueur 70cl,70cl,£33.64/L,23.55,,
Co-op,Spirits & Premixed Drinks,Aperitifs & Liquers,Pimms The Original Number 1 Cup 70cl,70cl,£39.07/L,27.35,,
Co-op,Spirits & Premixed Drinks,Aperitifs & Liquers,Southern Comfort Whiskey Flavoured Liqueur 70cl,70cl,£49.57/L,34.70,,
Co-op,Spirits & Premixed Drinks,Brandy & Cognac,Co-op Napoleon Brandy 1L,1L,£28.70/L,28.70,,
Co-op,Spirits & Premixed Drinks,Brandy & Cognac,Co-op Napoleon Brandy 35CL,35cl,£34.00/L,11.90,,
Co-op,Spirits & Premixed Drinks,Brandy & Cognac,Co-op Napoleon Brandy 70CL,70cl,£29.50/L,20.65,,
Co-op,Spirits & Premixed Drinks,Brandy & Cognac,Courvoisier VS Cognac 70cl,70cl,£70.50/L,49.35,,
Co-op,Spirits & Premixed Drinks,Brandy & Cognac,Martell Cognac 70cl,70cl,£73.36/L,51.35,,
Co-op,Spirits & Premixed Drinks,Brandy & Cognac,Three Barrels Rare Old French Brandy VSOP 70cl,70cl,£45.71/L,32.00,,
Co-op,Spirits & Premixed Drinks,Celebrating Scottish Food & Drink 🍴🏴󠁧󠁢󠁳󠁣󠁴󠁿🥃,Co-op Irresistible Single Malt Scotch Whisky Aged 12 Years 70cl,70cl,£58.14/L,40.70,,
Co-op,Spirits & Premixed Drinks,Celebrating Scottish Food & Drink 🍴🏴󠁧󠁢󠁳󠁣󠁴󠁿🥃,Co-op Scotch Whisky 1LTR,1L,£28.35/L,28.35,,
Co-op,Spirits & Premixed Drinks,Celebrating Scottish Food & Drink 🍴🏴󠁧󠁢󠁳󠁣󠁴󠁿🥃,Co-op Scotch Whisky 35CL,35cl,£29.43/L,10.30,,
Co-op,Spirits & Premixed Drinks,Celebrating Scottish Food & Drink 🍴🏴󠁧󠁢󠁳󠁣󠁴󠁿🥃,Co-op Scotch Whisky 70CL,70cl,£29.07/L,20.35,,£12.49 loyalty card (£17.84/L)
Co-op,Spirits & Premixed Drinks,Gin,Co-op Irresistible London Dry Gin 70cl,70cl,£38.14/L,26.70,,
Co-op,Spirits & Premixed Drinks,Gin,Co-op London Dry Gin 35cl,35cl,£32.57/L,11.40,,
Co-op,Spirits & Premixed Drinks,Gin,Co-op London Dry Gin 70CL,70cl,£30.50/L,21.35,,
Co-op,Spirits & Premixed Drinks,Gin,Co-op Special London Dry Gin 1L,1L,£27.00/L,27.00,,
Co-op,Spirits & Premixed Drinks,Gin,Drumshanbo Gunpowder Irish Gin 70cl,70cl,£61.93/L,43.35,,
Co-op,Spirits & Premixed Drinks,Gin,Gordon's Premium Pink Gin Based Flavoured Spirit Drink 35% vol 1L,1L,£42.05/L,42.05,,
Co-op,Spirits & Premixed Drinks,Gin,Gordon's Premium Pink Gin Based Flavoured Spirit Drink 35% vol 70cl,70cl,£41.00/L,28.70,,
Co-op,Spirits & Premixed Drinks,Gin,Gordons Special Dry London Gin 1L,1L,£34.00/L,34.00,,
Co-op,Spirits & Premixed Drinks,Gin,Gordons Special Dry London Gin 35CL,35cl,£45.71/L,16.00,,
Co-op,Spirits & Premixed Drinks,Gin,Gordons Special Dry London Gin 70CL,70cl,£38.14/L,26.70,,
Co-op,Spirits & Premixed Drinks,Gin,Greenall's The Original London Dry Gin 70cl,70cl,£37.14/L,26.00,,
Co-op,Spirits & Premixed Drinks,Gin,Hendrick's Gin 70cl,70cl,£71.50/L,50.05,,
Co-op,Spirits & Premixed Drinks,Gin,Opihr Oriental Spiced London Dry Gin 70cl,70cl,£57.21/L,40.05,,
Co-op,Spirits & Premixed Drinks,Gin,Sipsmith London Dry Gin 70cl,70cl,£62.93/L,44.05,,
Co-op,Spirits & Premixed Drinks,Gin,Tanqueray London Dry Gin 70cl,70cl,£49.07/L,34.35,,
Co-op,Spirits & Premixed Drinks,Gin,Tanqueray London Dry Gin Distilled 4 Times 1L,1L,£42.70/L,42.70,,
Co-op,Spirits & Premixed Drinks,Gin,Tanqueray No. Ten Gin 700ml,70cl,£77.21/L,54.05,,
Co-op,Spirits & Premixed Drinks,Gin,Whitley Neill Rhubarb & Ginger Gin 70cl,70cl,£61.50/L,43.05,,
Co-op,Spirits & Premixed Drinks,Premixed Drinks & Cocktails,196: Grapefruit Shochu & Vodka Ready To Drink Cans 12x330ml,330ml,£10.61/L,3.50,,3 for £10
Co-op,Spirits & Premixed Drinks,Premixed Drinks & Cocktails,Absolut Vodka & Sprite 250ml,250ml,£14.00/L,3.50,,3 for £10
Co-op,Spirits & Premixed Drinks,Premixed Drinks & Cocktails,Bacardí Mango Mojito Flavoured Alcoholic Drink 250ml,250ml,£14.00/L,3.50,,3 for £10
Co-op,Spirits & Premixed Drinks,Premixed Drinks & Cocktails,Bacardí Mojito Flavoured Alcoholic Drink 250ml,250ml,£14.00/L,3.50,,3 for £10
Co-op,Spirits & Premixed Drinks,Premixed Drinks & Cocktails,Bloody Bloody Mary 250ml,250ml,£20.00/L,5.00,,3 for £10
Co-op,Spirits & Premixed Drinks,Premixed Drinks & Cocktails,Bombay Sapphire Gin & Tonic 250Ml,250ml,£16.00/L,4.00,,3 for £10
Co-op,Spirits & Premixed Drinks,Premixed Drinks & Cocktails,Co-op Most Wanted Sauvignon Blanc 187ml,187ml,£19.79/L,3.70,,3 for £7
Co-op,Spirits & Premixed Drinks,Premixed Drinks & Cocktails,Duppy Share Duppy White Jamaican Rum & Sparkling Pink Grapefruit Ting 250ml,250ml,£14.00/L,3.50,,3 for £9
Co-op,Spirits & Premixed Drinks,Premixed Drinks & Cocktails,Duppy Share Old Jamaica Spiced Rum Ginger Beer Jamaican Mule 250ml,250ml,£14.00/L,3.50,,3 for £10
Co-op,Spirits & Premixed Drinks,Premixed Drinks & Cocktails,East London Liquor Co. Vodka & Rhubarb 250Ml,250ml,£18.60/L,4.65,,3 for £10
Co-op,Spirits & Premixed Drinks,Premixed Drinks & Cocktails,Gordon's London Dry Gin with Tonic 250ml Ready to Drink Premix Can,250ml,£13.80/L,3.45,,3 for £10
Co-op,Spirits & Premixed Drinks,Premixed Drinks & Cocktails,Gordon's Premium Pink Distilled Gin and Tonic 250ml,250ml,£13.80/L,3.45,,3 for £10
Co-op,Spirits & Premixed Drinks,Premixed Drinks & Cocktails,Gordon's Premium Pink Gin & Lemonade 5% vol 250ml Can,250ml,£13.80/L,3.45,,3 for £10
Co-op,Spirits & Premixed Drinks,Premixed Drinks & Cocktails,Gordon's Special Dry London Gin and Slimline Tonic Ready to Drink 250ml Can,250ml,£13.80/L,3.45,,3 for £10
Co-op,Spirits & Premixed Drinks,Premixed Drinks & Cocktails,MOTH: Paloma 200ml,200ml,£26.50/L,5.30,,3 for £10
Co-op,Spirits & Premixed Drinks,Premixed Drinks & Cocktails,Malibu Piña Colada Still Pre-Mixed Drink 250ml,250ml,£14.00/L,3.50,,3 for £10
Co-op,Spirits & Premixed Drinks,Premixed Drinks & Cocktails,Moth Margarita 125ml,125ml,£42.40/L,5.30,,3 for £10
Co-op,Spirits & Premixed Drinks,Premixed Drinks & Cocktails,Moth: Piña Colada 200ml,200ml,£26.50/L,5.30,,3 for £10
Co-op,Spirits & Premixed Drinks,Premixed Drinks & Cocktails,Nice Pale Rosé 187ml,187ml,£21.12/L,3.95,,3 for £7
Co-op,Spirits & Premixed Drinks,Premixed Drinks & Cocktails,Nice Sauvignon Blanc 187ml,187ml,£21.12/L,3.95,,3 for £7
Co-op,Spirits & Premixed Drinks,Premixed Drinks & Cocktails,Nice Sparkling White 200ml,200ml,£19.75/L,3.95,,3 for £7
Co-op,Spirits & Premixed Drinks,Premixed Drinks & Cocktails,Pimentae Spicy Margarita 125ml,125ml,£42.40/L,5.30,,3 for £10
Co-op,Spirits & Premixed Drinks,Premixed Drinks & Cocktails,Pimentae Tommy's Margarita 125ml,125ml,£42.40/L,5.30,,3 for £10
Co-op,Spirits & Premixed Drinks,Premixed Drinks & Cocktails,Smirnoff Raspberry Crush & Lemonade 5% vol Ready To Drink Premix 250ml Can,250ml,£13.80/L,3.45,,3 for £10
Co-op,Spirits & Premixed Drinks,Premixed Drinks & Cocktails,White Claw Tequila Smash Mango Passion Fruit 250ml,250ml,£16.00/L,4.00,,3 for £10
Co-op,Spirits & Premixed Drinks,Premixed Drinks & Cocktails,White Claw Tequila Smash Strawberry Lime 250ml,250ml,£16.00/L,4.00,,3 for £10
Co-op,Spirits & Premixed Drinks,Premixed Drinks & Cocktails,"-196  Peach Vodka, Soda & Shochu Ready To Drink Can 330ml",330ml,£10.61/L,3.50,,
Co-op,Spirits & Premixed Drinks,Premixed Drinks & Cocktails,196: Lemon Shochu & Vodka Ready To Drink Cans 12x330ml,330ml,£10.61/L,3.50,,
Co-op,Spirits & Premixed Drinks,Premixed Drinks & Cocktails,Altos Margarita Classic Lime 750ml,75cl,£28.47/L,21.35,,
Co-op,Spirits & Premixed Drinks,Premixed Drinks & Cocktails,Bacardi & Coca-Cola 250ml Pre-Mixed Can,250ml,£14.40/L,3.60,,
Co-op,Spirits & Premixed Drinks,Premixed Drinks & Cocktails,BuzzBallz Berry Cherry Limeade 200ml,200ml,£26.50/L,5.30,,
Co-op,Spirits & Premixed Drinks,Premixed Drinks & Cocktails,BuzzBallz Choc Tease Cocktails 200ml,200ml,£26.50/L,5.30,,
Co-op,Spirits & Premixed Drinks,Premixed Drinks & Cocktails,BuzzBallz Strawberry 'Rita Cocktails 200ml,200ml,£26.50/L,5.30,,
Co-op,Spirits & Premixed Drinks,Premixed Drinks & Cocktails,BuzzBallz Tequila 'Rita Cocktails 200ml,200ml,£26.50/L,5.30,,
Co-op,Spirits & Premixed Drinks,Premixed Drinks & Cocktails,Campari Classic Cocktail Negroni 50cl,50cl,£48.00/L,24.00,,
Co-op,Spirits & Premixed Drinks,Premixed Drinks & Cocktails,Captain Morgan Original Spiced Gold and Pepsi MAX® Ready to Drink 250ml 5% vol can,250ml,£13.80/L,3.45,,
Co-op,Spirits & Premixed Drinks,Premixed Drinks & Cocktails,Ciroc Red Berry Sparkling Vodka Drink 5% vol 250ml Can,250ml,£16.00/L,4.00,,
Co-op,Spirits & Premixed Drinks,Premixed Drinks & Cocktails,Ciroc Tropical Passion Sparkling Vodka Drink 5% vol 12x250ml Can,250ml,£16.00/L,4.00,,
Co-op,Spirits & Premixed Drinks,Premixed Drinks & Cocktails,Co-op Aperitivo Spritz 250ml,250ml,£10.60/L,2.65,,
Co-op,Spirits & Premixed Drinks,Premixed Drinks & Cocktails,Co-op Hugo Spritz 250ml,250ml,£10.60/L,2.65,,
Co-op,Spirits & Premixed Drinks,Premixed Drinks & Cocktails,Co-op Margarita 250ml,250ml,£8.00/L,2.00,,
Co-op,Spirits & Premixed Drinks,Premixed Drinks & Cocktails,Co-op Passionfruit Martini 250ml,250ml,£8.00/L,2.00,,
Co-op,Spirits & Premixed Drinks,Premixed Drinks & Cocktails,Co-op Pina Colada 250ml,250ml,£8.00/L,2.00,,
Co-op,Spirits & Premixed Drinks,Premixed Drinks & Cocktails,Co-op Vodka & Cranberry 250ml,250ml,£8.00/L,2.00,,
Co-op,Spirits & Premixed Drinks,Premixed Drinks & Cocktails,Fever-Tree Classic Mojito Mixer 500ml,500ml,£12.30/L,6.15,,
Co-op,Spirits & Premixed Drinks,Premixed Drinks & Cocktails,Hooch Alcoholic Lemonade with Vodka & Fruit Juice 440ml,440ml,£6.82/L,3.00,,
Co-op,Spirits & Premixed Drinks,Premixed Drinks & Cocktails,Hooch Cherry Alcoholic Cherryade with Vodka & Fruit Juice 440ml,440ml,£6.59/L,2.90,,
Co-op,Spirits & Premixed Drinks,Premixed Drinks & Cocktails,Jack Daniel's & Coca-Cola Cherry 330ml Can,330ml,£10.00/L,3.30,,
Co-op,Spirits & Premixed Drinks,Premixed Drinks & Cocktails,Jack Daniel's and Coca-Cola 330ml Pre-Mixed Can,330ml,£10.00/L,3.30,,
Co-op,Spirits & Premixed Drinks,Premixed Drinks & Cocktails,Moth Passionfruit Martini 125ml,125ml,£42.40/L,5.30,,
Co-op,Spirits & Premixed Drinks,Premixed Drinks & Cocktails,Olmeca Altos Margarita Strawberry 750ml,75cl,£28.47/L,21.35,,
Co-op,Spirits & Premixed Drinks,Premixed Drinks & Cocktails,Pimentae Spicy Mezcal Margarita 125ml,125ml,£45.20/L,5.65,,
Co-op,Spirits & Premixed Drinks,Premixed Drinks & Cocktails,Schweppes Mix Gin Twist 250ml Cocktail Can,250ml,£14.00/L,3.50,,
Co-op,Spirits & Premixed Drinks,Premixed Drinks & Cocktails,Schweppes Mix Paloma Bliss 250ml Cocktail Can,250ml,£14.00/L,3.50,,
Co-op,Spirits & Premixed Drinks,Premixed Drinks & Cocktails,Smirnoff Crush Lemon And Lime Vodka Mixed Drink 6% vol 440ml Can,440ml,£11.36/L,5.00,,
Co-op,Spirits & Premixed Drinks,Premixed Drinks & Cocktails,Smirnoff Crush Mango And Peach Vodka Mixed Drink 6% vol 440ml Can,440ml,£11.36/L,5.00,,
Co-op,Spirits & Premixed Drinks,Premixed Drinks & Cocktails,Smirnoff Miami Peach & Lemonade Ready to Drink 5% vol 250ml,250ml,£12.80/L,3.20,,
Co-op,Spirits & Premixed Drinks,Premixed Drinks & Cocktails,White Claw Hard Seltzer Black Cherry Single Can 330ml,330ml,£11.67/L,3.85,,
Co-op,Spirits & Premixed Drinks,Premixed Drinks & Cocktails,Wonderland Cocktail Co. Whisky Sour 125ml,125ml,£42.40/L,5.30,,
Co-op,Spirits & Premixed Drinks,Rum,Bacardi Carta Blanca Rum 70CL,70cl,£38.14/L,26.70,,
Co-op,Spirits & Premixed Drinks,Rum,Captain Morgan Dark Rum 70cl,70cl,£38.14/L,26.70,,
Co-op,Spirits & Premixed Drinks,Rum,Captain Morgan Spiced Golden Rum 70CL,70cl,£41.00/L,28.70,,
Co-op,Spirits & Premixed Drinks,Rum,Captain Morgan Spiced Rum 35CL,35cl,£43.86/L,15.35,,
Co-op,Spirits & Premixed Drinks,Rum,Captain Morgans Spiced Rum 1 Litre,1L,£34.00/L,34.00,,
Co-op,Spirits & Premixed Drinks,Rum,Co-op Classic Navy Rum 70cl,70cl,£29.50/L,20.65,,
Co-op,Spirits & Premixed Drinks,Rum,Co-op Irresistible Limited Edition Golden Rum 70cl,70cl,£46.71/L,32.70,,
Co-op,Spirits & Premixed Drinks,Rum,Co-op Superior Rum 35CL,35cl,£35.00/L,12.25,,
Co-op,Spirits & Premixed Drinks,Rum,Dead Man's Fingers Spiced Rum 70CL,70cl,£54.29/L,38.00,,
Co-op,Spirits & Premixed Drinks,Rum,Havana Club Cuban Rum 70cl,70cl,£58.14/L,40.70,,
Co-op,Spirits & Premixed Drinks,Rum,Havana Club Especial Golden Rum 70cl,70cl,£45.71/L,32.00,,
Co-op,Spirits & Premixed Drinks,Rum,Malibu Original Liqueur 700ml,70cl,£35.21/L,24.65,,
Co-op,Spirits & Premixed Drinks,Rum,Mount Gay Eclipse Barbados Golden Rum 70cl,70cl,£51.43/L,36.00,,
Co-op,Spirits & Premixed Drinks,Rum,The Kraken Black Spiced Rum 70cl,70cl,£57.21/L,40.05,,
Co-op,Spirits & Premixed Drinks,Rum,The Kraken Black Spiced Rum Black Cherry & Madagascan Vanilla 70cl,70cl,£57.21/L,40.05,,
Co-op,Spirits & Premixed Drinks,Vodka,Absolut Original Swedish Vodka 35Cl,35cl,£48.57/L,17.00,,
Co-op,Spirits & Premixed Drinks,Vodka,Absolut Original Swedish Vodka 70cl,70cl,£48.14/L,33.70,,
Co-op,Spirits & Premixed Drinks,Vodka,Absolut Raspberri - Raspberry Flavoured Vodka 70cl,70cl,£47.64/L,33.35,,
Co-op,Spirits & Premixed Drinks,Whisky,"Bell's Blended Scotch Whisky, 1L",1L,£35.35/L,35.35,,
Co-op,Spirits & Premixed Drinks,Whisky,Bells Original Scotch Whisky 35Cl,35cl,£45.71/L,16.00,,
Co-op,Spirits & Premixed Drinks,Whisky,Bells Original Scotch Whisky 70CL,70cl,£42.43/L,29.70,,
Co-op,Spirits & Premixed Drinks,Vodka,Black Cow Vodka 70cl,70cl,£61.00/L,42.70,,
Co-op,Spirits & Premixed Drinks,Whisky,Bushmills Single Malt Irish Whiskey Aged 10 Years 700Ml,70cl,£72.43/L,50.70,,
Co-op,Spirits & Premixed Drinks,Whisky,Bushmills The Original Irish Whiskey 70Cl,70cl,£51.43/L,36.00,,
Co-op,Spirits & Premixed Drinks,Whisky,Chivas Regal 12 Year Old Blended Scotch Whisky 70cl,70cl,£66.71/L,46.70,,
Co-op,Spirits & Premixed Drinks,Vodka,Co-op Imperial Vodka 1L,1L,£26.00/L,26.00,,
Co-op,Spirits & Premixed Drinks,Vodka,Co-op Imperial Vodka 35cl,35cl,£30.43/L,10.65,,
Co-op,Spirits & Premixed Drinks,Student Shop 🍜🎓🥫,Co-op Imperial Vodka 70CL,70cl,£28.57/L,20.00,,£12.49 loyalty card (£17.84/L)
Co-op,Spirits & Premixed Drinks,Whisky,Co-op Irresistible Single Malt Scotch Whisky 70cl,70cl,£53.29/L,37.30,,
Co-op,Spirits & Premixed Drinks,Tequila & Mezcal,El Jimador Blanco Tequila 70cl,70cl,£52.86/L,37.00,,
Co-op,Spirits & Premixed Drinks,Tequila & Mezcal,El Tequileño Blanco Tequila 500ml,50cl,£62.00/L,31.00,,
Co-op,Spirits & Premixed Drinks,Vodka,Frïs Crisp Smooth Vodka 700ml,70cl,£34.29/L,24.00,,
Co-op,Spirits & Premixed Drinks,Whisky,Glenfiddich 12 Year Old Single Malt Scotch Whisky 70cl,70cl,£95.36/L,66.75,,
Co-op,Spirits & Premixed Drinks,Whisky,Glenmorangie The Original 12 Years Old Single Malt Whisky 70cl,70cl,£80.07/L,56.05,,
Co-op,Spirits & Premixed Drinks,Whisky,Glenmorangie The Original Highland Single Malt Scotch Whiskey 35cl,35cl,£89.57/L,31.35,,
Co-op,Spirits & Premixed Drinks,Vodka,J.J Whitley Artisanal Vodka 1 Litre,100cl,£30.00/L,30.00,,
Co-op,Spirits & Premixed Drinks,Whisky,Jack Daniel's Gentleman Jack Tennessee Whiskey 70 cL,70cl,£70.50/L,49.35,,
Co-op,Spirits & Premixed Drinks,Whisky,Jack Daniel's Tennessee Whiskey 35cl,35cl,£52.43/L,18.35,,
Co-op,Spirits & Premixed Drinks,Whisky,Jack Daniel's Tennessee Whiskey 70cl,70cl,£58.14/L,40.70,,
Co-op,Spirits & Premixed Drinks,Whisky,Jameson Irish Whiskey Original Blended and Triple Distilled 70cl,70cl,£56.71/L,39.70,,
Co-op,Spirits & Premixed Drinks,Whisky,Jim Beam Kentucky Straight Bourbon Whiskey 70cl,70cl,£41.00/L,28.70,,
Co-op,Spirits & Premixed Drinks,Whisky,Johnnie Walker Black Label 70CL,70cl,£75.29/L,52.70,,
Co-op,Spirits & Premixed Drinks,Tequila & Mezcal,Jose Cuervo Especial Reposado Tequila 70cl,70cl,£45.71/L,32.00,,
Co-op,Spirits & Premixed Drinks,Whisky,Jura 12 Year Old Single Malt Whisky 70cl,70cl,£82.93/L,58.05,,
Co-op,Spirits & Premixed Drinks,Whisky,Jura Bourbon Cask 70CL,70cl,£73.36/L,51.35,,
Co-op,Spirits & Premixed Drinks,Whisky,Laphroaig Islay Oak Select Single Malt Scotch Whisky 70cl,70cl,£72.43/L,50.70,,
Co-op,Spirits & Premixed Drinks,Whisky,Monkey Shoulder Blended Malt Scotch Whisky 70cl,70cl,£64.79/L,45.35,,
Co-op,Spirits & Premixed Drinks,Vodka,Nemiroff De Luxe Premium Vodka 700ml,70cl,£46.71/L,32.70,,
Co-op,Spirits & Premixed Drinks,Tequila & Mezcal,Olmeca Altos Plata Tequila 700ml,70cl,£52.43/L,36.70,,
Co-op,Spirits & Premixed Drinks,Whisky,Shackleton Blended Malt Scotch Whisky 70cl,70cl,£52.43/L,36.70,,
Co-op,Spirits & Premixed Drinks,Tequila & Mezcal,Sierra Tequila Blanco 500ml,50cl,£52.00/L,26.00,,
Co-op,Spirits & Premixed Drinks,Student Shop 🍜🎓🥫,Smirnoff No. 21 Vodka 1L,1L,£34.00/L,34.00,,
Co-op,Spirits & Premixed Drinks,Vodka,Smirnoff Raspberry Crush Vodka Based Flavoured Spirit Drink 35% vol 70cl,70cl,£42.43/L,29.70,,
Co-op,Spirits & Premixed Drinks,Vodka,Smirnoff Red Label Vodka 35CL,35cl,£41.00/L,14.35,,
Co-op,Spirits & Premixed Drinks,Student Shop 🍜🎓🥫,Smirnoff Red Label Vodka 70CL,70cl,£41.00/L,28.70,,
Co-op,Spirits & Premixed Drinks,Whisky,Tamnavulin Speyside Single Malt Scotch Whisky Double Cask 70cl,70cl,£69.57/L,48.70,,
Co-op,Spirits & Premixed Drinks,Whisky,Tamnavulin Speyside Single Malt Scotch Whisky Sherry Cask Edition 70cl,70cl,£73.36/L,51.35,,
Co-op,Spirits & Premixed Drinks,Whisky,The Famous Grouse Scotch Whisky 1 Litre,1L,£35.35/L,35.35,,
Co-op,Spirits & Premixed Drinks,Whisky,The Famous Grouse Scotch Whisky 70CL,70cl,£39.57/L,27.70,,
Co-op,Spirits & Premixed Drinks,Whisky,The Glenlivet Caribbean Reserve Single Malt Scotch Whisky 70cl,70cl,£80.07/L,56.05,,
Co-op,Spirits & Premixed Drinks,Whisky,The Glenlivet Founder's Reserve Single Malt Scotch Whisky 70cl,70cl,£80.07/L,56.05,,
Co-op,Spirits & Premixed Drinks,Whisky,The Woodsman Blended Scotch Whisky 70cl,70cl,£58.14/L,40.70,,
Co-op,Spirits & Premixed Drinks,Whisky,Whyte and Mackay Scotch Whisky 1LTR,1L,£31.70/L,31.70,,
Co-op,Spirits & Premixed Drinks,Whisky,Whyte and Mackay Scotch Whisky 70CL,70cl,£37.64/L,26.35,,
Co-op,"Sugar, Flour, Baking",Baking Aids,Allinson's Yeast 6 Sachets x 7g (42g),42g,£42.86/kg,1.80,,
Co-op,"Sugar, Flour, Baking",Baking Aids,Angel Delight Butterscotch Instant Dessert 59G,59g,£20.34/kg,1.20,,2 for £2
Co-op,"Sugar, Flour, Baking",Baking Aids,Angel Delight Strawberry Instant Dessert 59G,59g,£20.34/kg,1.20,,2 for £2
Co-op,"Sugar, Flour, Baking",Baking Aids,Atora Shredded Suet Vegetable 200g,200g,£17.00/kg,3.40,,
Co-op,"Sugar, Flour, Baking",Baking Aids,Atora The Original Shredded Beef Suet 200g,200g,£17.00/kg,3.40,,
Co-op,"Sugar, Flour, Baking",Baking Aids,Betty Crocker Chocolate Chip Cookie Mix 200g,200g,£12.50/kg,2.50,,
Co-op,"Sugar, Flour, Baking",Baking Aids,Betty Crocker Chocolate Fudge Brownie Mix 415g,415g,£9.40/kg,3.90,,
Co-op,"Sugar, Flour, Baking",Baking Aids,Betty Crocker Devil's Food Cake Mix 425g,425g,£9.18/kg,3.90,,
Co-op,"Sugar, Flour, Baking",Baking Aids,Betty Crocker Indulgent Chocolate Fudge Icing 400G,400g,£9.63/kg,3.85,,
Co-op,"Sugar, Flour, Baking",Baking Aids,Betty Crocker Rainbow Chip Party Cake Mix 425g,425g,£9.18/kg,3.90,,
Co-op,"Sugar, Flour, Baking",Baking Aids,Betty Crocker Rainbow Cookie Mix 495g,20pk,£0.21 each,4.10,,
Co-op,"Sugar, Flour, Baking",Baking Aids,Betty Crocker Vanilla Buttercream Flavour Icing 400G,400g,£9.63/kg,3.85,,
Co-op,"Sugar, Flour, Baking",Baking Aids,Betty Crocker Velvety Vanilla Cake Mix 425g,425g,£9.18/kg,3.90,,
Co-op,"Sugar, Flour, Baking",Baking Aids,Bird'S Original Custard Powder 350G,350g,£8.43/kg,2.95,,
Co-op,"Sugar, Flour, Baking",Baking Aids,Bird's Instant Custard 75g,75g,£18.67/kg,1.40,,
Co-op,"Sugar, Flour, Baking",Baking Aids,Bird's Strawberry Flavour Trifle Kit 141g,141g,£16.67/kg,2.35,,
Co-op,"Sugar, Flour, Baking",Baking Aids,Cadbury Bournville Dark Chocolate Cocoa Powder Tin 250g,250g,£22.60/kg,5.65,,
Co-op,"Sugar, Flour, Baking",Baking Aids,Cadbury Chocolate Flavour Icing 400G,400g,£8.75/kg,3.50,,
Co-op,"Sugar, Flour, Baking",Baking Aids,Cake Angels Bluey Ooh Fancy Cupcake Kit 171g,171g,£17.54/kg,3.00,,
Co-op,"Sugar, Flour, Baking",Baking Aids,Cake Angels Disney Pixar Chocolate Cupcake Kit 171g,171g,£17.54/kg,3.00,,
Co-op,"Sugar, Flour, Baking",Baking Aids,Cake Décor Choc Strands 65g,65g,£23.08/kg,1.50,,
Co-op,"Sugar, Flour, Baking",Baking Aids,Cake Décor Edible Eyes Sugar Shaped Decorations 25G,25g,£92.00/kg,2.30,,
Co-op,"Sugar, Flour, Baking",Baking Aids,Carnation Caramel 397g,397g,£6.05/kg,2.40,,
Co-op,"Sugar, Flour, Baking",Baking Aids,Carnation Evaporated Milk 170G Tin,170g,£5.88/kg,1.00,,
Co-op,"Sugar, Flour, Baking",Baking Aids,Carnation Evaporated Milk 410g,410g,£4.76/kg,1.95,,
Co-op,"Sugar, Flour, Baking",Baking Aids,Carnation Fat Free Condensed Milk 405g,405g,£5.43/kg,2.20,,
Co-op,"Sugar, Flour, Baking",Baking Aids,Carnation Sweetened Condensed Milk 397g Tin,397g,£5.54/kg,2.20,,
Co-op,"Sugar, Flour, Baking",Baking Aids,"Certo Pectin For Jams, Jellies & Marmalades 250Ml",250g,£14.80/kg,3.70,,
Co-op,"Sugar, Flour, Baking",Baking Aids,Co-op A Sprinkle of Multi-Colour Strands 65g,65g,£22.31/kg,1.45,,
Co-op,"Sugar, Flour, Baking",Baking Aids,Co-op Brownie 284G,284g,£8.98/kg,2.55,,
Co-op,"Sugar, Flour, Baking",Baking Aids,Co-op Chocolate Chunk Cookie Mix 285g,285g,£9.65/kg,2.75,,
Co-op,"Sugar, Flour, Baking",Baking Aids,Co-op Crumble Mix 227G,227g,£3.52/kg,0.80,,
Co-op,"Sugar, Flour, Baking",Baking Aids,Co-op Dark Chocolate Chunks 100G,100g,£25.50/kg,2.55,,
Co-op,"Sugar, Flour, Baking",Baking Aids,Co-op Desiccated Coconut 200g,200g,£13.00/kg,2.60,,
Co-op,"Sugar, Flour, Baking",Baking Aids,Co-op Evaporated Milk 170g,170g,£3.53/kg,0.60,,
Co-op,"Sugar, Flour, Baking",Baking Aids,Co-op Fairtrade Cocoa Powder 250g,250g,£14.00/kg,3.50,,
Co-op,"Sugar, Flour, Baking",Baking Aids,Co-op Glace Cherries 200G,200g,£15.50/kg,3.10,,
Co-op,"Sugar, Flour, Baking",Baking Aids,Co-op Home Baking Batter Mix 130g,130g,£5.38/kg,0.70,,
Co-op,"Sugar, Flour, Baking",Baking Aids,Co-op Hundreds & Thousands 80g,80g,£20.63/kg,1.65,,
Co-op,"Sugar, Flour, Baking",Baking Aids,Co-op Milk Chocolate Chips 100g,100g,£18.00/kg,1.80,,
Co-op,"Sugar, Flour, Baking",Baking Aids,Co-op Milk Chocolate Chunks 100G,100g,£25.50/kg,2.55,,
Co-op,"Sugar, Flour, Baking",Baking Aids,Co-op Mincemeat 411G,411g,£7.18/kg,2.95,,
Co-op,"Sugar, Flour, Baking",Baking Aids,Co-op Mixed Grain Bread Mix 500G,500g,£2.50/kg,1.25,,
Co-op,"Sugar, Flour, Baking",Baking Aids,Co-op Ready To Roll Icing White 500G,500g,£5.60/kg,2.80,,
Co-op,"Sugar, Flour, Baking",Baking Aids,Co-op Ready to Roll White Marzipan 500g,500g,£6.80/kg,3.40,,
Co-op,"Sugar, Flour, Baking",Baking Aids,Co-op Red Onion & Rosemary Focaccia Bread Mix 500g,500g,£2.50/kg,1.25,,
Co-op,"Sugar, Flour, Baking",Baking Aids,Co-op Skimmed Milk Powder 340g,340g,£12.65/kg,4.30,,
Co-op,"Sugar, Flour, Baking",Baking Aids,Co-op Vanilla Frosting 400G,400g,£6.25/kg,2.50,,
Co-op,"Sugar, Flour, Baking",Baking Aids,Co-op Vanilla Sponge Mix 400g,400g,£4.75/kg,1.90,,
Co-op,"Sugar, Flour, Baking",Baking Aids,Co-op White Bread Mix 500g,500g,£2.50/kg,1.25,,
Co-op,"Sugar, Flour, Baking",Baking Aids,Disney Stitch Chocolate Cupcake Kit 171g,171g,£17.54/kg,3.00,,
Co-op,"Sugar, Flour, Baking",Baking Aids,Dr. Oetker 100 Baking Cases,100pk,£0.01 each,1.10,,
Co-op,"Sugar, Flour, Baking",Baking Aids,Dr. Oetker 72 Rainbow Cupcake Cases,72pk,£0.04 each,2.55,,
Co-op,"Sugar, Flour, Baking",Baking Aids,Dr. Oetker 75 Muffin Cases,75pk,£0.02 each,1.40,,
Co-op,"Sugar, Flour, Baking",Baking Aids,Dr. Oetker American Style Pancake Mix 170g,170g,£10.29/kg,1.75,,
Co-op,"Sugar, Flour, Baking",Baking Aids,Dr. Oetker Baking Powder 170g,170g,£8.24/kg,1.40,1.90,£0.50 off
Co-op,"Sugar, Flour, Baking",Baking Aids,Dr. Oetker Bicarbonate of Soda 200g,200g,£7.00/kg,1.40,1.90,£0.50 off
Co-op,"Sugar, Flour, Baking",Baking Aids,Dr. Oetker Black Extra Strong Food Colour Gel 15G,15g,£130.00/kg,1.95,,
Co-op,"Sugar, Flour, Baking",Baking Aids,Dr. Oetker Blue Extra Strong Food Colour Gel 15g,15g,£130.00/kg,1.95,,
Co-op,"Sugar, Flour, Baking",Baking Aids,Dr. Oetker Chocolate Chips Dark 100g,100g,£29.50/kg,2.95,,
Co-op,"Sugar, Flour, Baking",Baking Aids,Dr. Oetker Chocolate Chips Milk 100G,100g,£29.50/kg,2.95,,
Co-op,"Sugar, Flour, Baking",Baking Aids,Dr. Oetker Chocolate Chunks Dark 100g,100g,£35.50/kg,3.55,,
Co-op,"Sugar, Flour, Baking",Baking Aids,Dr. Oetker Cream Of Tartar 120G,120g,£15.83/kg,1.90,,
Co-op,"Sugar, Flour, Baking",Baking Aids,Dr. Oetker Dark Chocolate 100g,100g,£22.50/kg,2.25,3.10,£0.85 off
Co-op,"Sugar, Flour, Baking",Baking Aids,Dr. Oetker Giant Chocolate Stars (12),20g,£147.50/kg,2.95,,
Co-op,"Sugar, Flour, Baking",Baking Aids,Dr. Oetker Green Extra Strong Food Colour Gel 15G,15g,£130.00/kg,1.95,,
Co-op,"Sugar, Flour, Baking",Baking Aids,Dr. Oetker Madagascan Vanilla Extract 35ml,35ml,£40.00/L,1.40,2.05,£0.65 off
Co-op,"Sugar, Flour, Baking",Baking Aids,Dr. Oetker Milk Chocolate 100g,100g,£22.50/kg,2.25,3.10,£0.85 off
Co-op,"Sugar, Flour, Baking",Baking Aids,Dr. Oetker Moroccan Almond Extract 35ml,35ml,£58.57/L,2.05,,
Co-op,"Sugar, Flour, Baking",Baking Aids,Dr. Oetker Old School Cake Mix Vanilla 436g,436g,£8.94/kg,3.90,,
Co-op,"Sugar, Flour, Baking",Baking Aids,Dr. Oetker Pink Extra Strong Food Colour Gel 15G,15g,£130.00/kg,1.95,,
Co-op,"Sugar, Flour, Baking",Baking Aids,Dr. Oetker Platinum Grade Leaf Gelatine 13G (8 Leaves),13g,£219.23/kg,2.85,,
Co-op,"Sugar, Flour, Baking",Baking Aids,Dr. Oetker Rainbow Chocolate Chips Mix 90g,90g,£32.78/kg,2.95,,
Co-op,"Sugar, Flour, Baking",Baking Aids,Dr. Oetker Rainbow Decorating Icing 6 x 17g (102g),102g,£30.88/kg,3.15,,
Co-op,"Sugar, Flour, Baking",Baking Aids,Dr. Oetker Red Extra Strong Food Colour Gel 15g,15g,£130.00/kg,1.95,,
Co-op,"Sugar, Flour, Baking",Baking Aids,Dr. Oetker Sicilian Lemon Extract 35ml,35ml,£58.57/L,2.05,,
Co-op,"Sugar, Flour, Baking",Baking Aids,Dr. Oetker Sweetheart Biscuit Mix 357g,357g,£6.30/kg,2.25,3.00,£0.75 off
Co-op,"Sugar, Flour, Baking",Baking Aids,Dr. Oetker White Chocolate 100g,100g,£22.50/kg,2.25,3.10,£0.85 off
Co-op,"Sugar, Flour, Baking",Baking Aids,Dr. Oetker Yellow Extra Strong Food Colour Gel 15G,15g,£130.00/kg,1.95,,
Co-op,"Sugar, Flour, Baking",Baking Aids,Dr.Oetker Dark Chocolate Chips 100g,100g,£29.50/kg,2.95,,
Co-op,"Sugar, Flour, Baking",Baking Aids,Dr.Oetker Decorating Icing White 46g,46g,£42.39/kg,1.95,,
Co-op,"Sugar, Flour, Baking",Baking Aids,Dr.Oetker Madagascan Vanilla Extract 95ml,95ml,£60.53/L,5.75,,
Co-op,"Sugar, Flour, Baking",Baking Aids,Dr.Oetker Pastel Decorating Icing 4 x 17g (68g),68g,£48.53/kg,3.30,,
Co-op,"Sugar, Flour, Baking",Baking Aids,Dr.Oetker Rainbow Magic 115g,115g,£25.22/kg,2.90,,
Co-op,"Sugar, Flour, Baking",Baking Aids,Dr.Oetker White Chocolate Chips 100g,100g,£29.50/kg,2.95,,
Co-op,"Sugar, Flour, Baking",Baking Aids,Hartley's Orange Flavour Jelly 135G,135g,£10.37/kg,1.40,,
Co-op,"Sugar, Flour, Baking",Baking Aids,Hartley's Raspberry Flavour Jelly 2 x 11.5g (23g),23g,£67.39/kg,1.55,,
Co-op,"Sugar, Flour, Baking",Baking Aids,Hartley's Strawberry Flavour Jelly Sugar Free Twin Pack 23g,23g,£67.39/kg,1.55,,
Co-op,"Sugar, Flour, Baking",Baking Aids,Mamade Thin Cut Seville Oranges 850G,850g,£3.88/kg,3.30,,
Co-op,"Sugar, Flour, Baking",Baking Aids,Princes Fillings & Toppings Apple 395g,6pk,£0.97/kg,2.30,,
Co-op,"Sugar, Flour, Baking",Baking Aids,Président Crème UHT squirty cream 250g,250g,£11.80/kg,2.95,,
Co-op,"Sugar, Flour, Baking",Baking Aids,Taylor & Colledge Fairtrade Organic Vanilla Bean Extract 100ml,100ml,£57.50/L,5.75,8.40,£2.65 off
Co-op,"Sugar, Flour, Baking",Baking Aids,Taylor & Colledge Organic Vanilla 2 Pods,1pk,£7.15 each,7.15,,
Co-op,"Sugar, Flour, Baking",Baking Aids,Taylor & Colledge Organic Vanilla Bean Paste 65g,65g,£96.92/kg,6.30,,
Co-op,"Sugar, Flour, Baking",Baking Aids,Tropical Sun Instant Full Cream Milk Powder 400g,400g,£12.38/kg,4.95,,
Co-op,"Sugar, Flour, Baking",Baking Aids,Tropical Sun Premium Sweetened Condensed Milk 397G,397g,£3.90/kg,1.55,,
Co-op,"Sugar, Flour, Baking",Flour,Allinson's Very Strong White Bread Flour 1kg,1kg,£2.45/kg,2.45,,
Co-op,"Sugar, Flour, Baking",Flour,Allinson's Very Strong Wholemeal Bread Flour 1kg,1kg,£2.45/kg,2.45,,
Co-op,"Sugar, Flour, Baking",Flour,Be-Ro Plain Flour 1.1kg,1.1kg,£2.00/kg,2.20,,
Co-op,"Sugar, Flour, Baking",Flour,Be-Ro Self-Raising Flour 1.1kg,1.1kg,£2.00/kg,2.20,,
Co-op,"Sugar, Flour, Baking",Flour,Co-op Cornflour 250g,250g,£5.80/kg,1.45,,
Co-op,"Sugar, Flour, Baking",Flour,Co-op Farms Self Raising White Flour 500G,500g,£1.20/kg,0.60,,
Co-op,"Sugar, Flour, Baking",Flour,Co-op Plain White Flour 1.5kg,1.5kg,£0.63/kg,0.95,,£0.70 loyalty card (£0.47/kg)
Co-op,"Sugar, Flour, Baking",Flour,Co-op Plain White Flour 500G,500g,£1.20/kg,0.60,,
Co-op,"Sugar, Flour, Baking",Flour,Co-op Self Raising White Flour 1.5kg,1.5kg,£0.63/kg,0.95,,£0.70 loyalty card (£0.47/kg)
Co-op,"Sugar, Flour, Baking",Flour,Co-op Strong White Bread Flour 1.5kg,1.5kg,£1.13/kg,1.70,,
Co-op,"Sugar, Flour, Baking",Flour,Co-op Wholemeal Bread Flour 1.5Kg,1.5kg,£1.13/kg,1.70,,
Co-op,"Sugar, Flour, Baking",Flour,FREEE Gluten Free Plain White Flour 1kg,1kg,£2.75/kg,2.75,,
Co-op,"Sugar, Flour, Baking",Flour,FREEE Gluten Free Self Raising White Flour 1kg,1kg,£2.75/kg,2.75,,
Co-op,"Sugar, Flour, Baking",Flour,Hovis Bakery Granary Bread Flour 1Kg,1kg,£2.45/kg,2.45,,
Co-op,"Sugar, Flour, Baking",Flour,McDougall's Self Raising Flour 1.1kg,1.1kg,£2.00/kg,2.20,,
Co-op,"Sugar, Flour, Baking",Flour,McDougalls Plain Flour 1.1kg,1.1kg,£2.00/kg,2.20,,
Co-op,"Sugar, Flour, Baking",Flour,Mcdougalls Speciality Supreme Sponge 1Kg,1kg,£3.30/kg,3.30,,
Co-op,"Sugar, Flour, Baking",Sugar,Canderel Sugarly Granulated Sweetener 275g,275g,£10.36/kg,2.85,3.85,£1 off
Co-op,"Sugar, Flour, Baking",Student Shop 🍜🎓🥫,Tate & Lyle Fairtrade Pure Cane Granulated Sugar 1kg,1kg,£1.20/kg,1.20,,
Co-op,"Sugar, Flour, Baking",Sugar,Canderel 100 Tablets 8.5G,100pk,£0.02 each,1.75,,
Co-op,"Sugar, Flour, Baking",Sugar,Canderel 75 Tablets 6.38g,75pk,£0.02 each,1.30,,
Co-op,"Sugar, Flour, Baking",Sugar,Canderel Granular Low Calorie Sweetener 40g,40g,£43.75/kg,1.75,,
Co-op,"Sugar, Flour, Baking",Sugar,Canderel Granular Low Calorie Sweetener 75g,75g,£34.67/kg,2.60,,
Co-op,"Sugar, Flour, Baking",Sugar,Co-op Fairtrade Demerara Sugar 500g,500g,£4.00/kg,2.00,,
Co-op,"Sugar, Flour, Baking",Sugar,Hermesetas Mini Sweeteners 300 Tablets 3.6g,300pk,0.633p each,1.90,,
Co-op,"Sugar, Flour, Baking",Sugar,Pure Via Stevia 250g,250g,£22.00/kg,5.50,,
Co-op,"Sugar, Flour, Baking",Sugar,Silver Spoon Half Spoon 1kg,1kg,£3.70/kg,3.70,,
Co-op,"Sugar, Flour, Baking",Sugar,Splenda Granulated Low Calorie Sweetener 75g,75g,£40.00/kg,3.00,,
Co-op,"Sugar, Flour, Baking",Sugar,Splenda Zero Calorie Sweetener - 100 Sweet Minis 1.5G,100pk,£0.02 each,1.95,,
Co-op,"Sugar, Flour, Baking",Sugar,Sweetex Calorie Free Sweeteners 1200 Tablets,1200pk,0.342p each,4.10,,
Co-op,"Sugar, Flour, Baking",Sugar,Tate & Lyle Black Treacle 454g,454g,£4.85/kg,2.20,,
Co-op,"Sugar, Flour, Baking",Sugar,Tate & Lyle Demerara Cane Sugar 500g,500g,£4.60/kg,2.30,,
Co-op,"Sugar, Flour, Baking",Sugar,Tate & Lyle Fairtrade Cane Icing Sugar 1Kg,1kg,£3.30/kg,3.30,,
Co-op,"Sugar, Flour, Baking",Sugar,Tate & Lyle Fairtrade Cane Icing Sugar 500g,500g,£3.90/kg,1.95,,
Co-op,"Sugar, Flour, Baking",Sugar,Tate & Lyle Fairtrade Cane Jam Sugar with Pectin 1kg,1kg,£3.30/kg,3.30,,
Co-op,"Sugar, Flour, Baking",Sugar,Tate & Lyle Fairtrade Cane Sugar White Cubes 500g,500g,£3.60/kg,1.80,,
Co-op,"Sugar, Flour, Baking",Sugar,Tate & Lyle Fairtrade Dark Brown Soft Pure Cane Sugar 500g,500g,£4.90/kg,2.45,,
Co-op,"Sugar, Flour, Baking",Sugar,Tate & Lyle Fairtrade Dark Muscovado 500g,500g,£4.90/kg,2.45,,
Co-op,"Sugar, Flour, Baking",Sugar,Tate & Lyle Fairtrade Golden Caster Pure Cane Sugar 1Kg,1kg,£3.55/kg,3.55,,
Co-op,"Sugar, Flour, Baking",Sugar,Tate & Lyle Fairtrade Golden Granulated Pure Cane Sugar 1kg,1kg,£3.55/kg,3.55,,
Co-op,"Sugar, Flour, Baking",Sugar,Tate & Lyle Fairtrade Granulated Sugar 2kg,2kg,£1.23/kg,2.45,,
Co-op,"Sugar, Flour, Baking",Sugar,Tate & Lyle Fairtrade Light Brown Soft Pure Cane Sugar 500g,500g,£4.90/kg,2.45,,
Co-op,"Sugar, Flour, Baking",Sugar,Tate & Lyle Fairtrade Light Muscovado 500g,500g,£4.90/kg,2.45,,
Co-op,"Sugar, Flour, Baking",Sugar,Tate & Lyle Fairtrade Light Muscovado Pure Cane Sugar 500g,500g,£4.90/kg,2.45,,
Co-op,"Sugar, Flour, Baking",Sugar,Tate & Lyle Fairtrade Pure Cane Caster Sugar 1Kg,1kg,£2.60/kg,2.60,,
Co-op,"Sugar, Flour, Baking",Sugar,Tate & Lyle Fairtrade Pure Cane Caster Sugar 500g,500g,£4.40/kg,2.20,,
Co-op,"Sugar, Flour, Baking",Sugar,Tate & Lyle Fairtrade Pure Cane Granulated Sugar 500G,500g,£2.20/kg,1.10,,
Co-op,"Sugar, Flour, Baking",Sugar,Tate & Lyle Fairtrade Unrefined Demerara Pure Cane Sugar 1Kg,1kg,£3.30/kg,3.30,,
Co-op,"Sugar, Flour, Baking",Sugar,Tate & Lyle Sweetener 300 Tablets 15g,300g,£6.00/kg,1.80,,
Co-op,"Sugar, Flour, Baking",Sugar,Tate & Lyle Sweetener 75g,75g,£24.00/kg,1.80,,
Co-op,"Sugar, Flour, Baking",Sugar,Tate + Lyle Fairtrade Preserving Sugar 1Kg,1kg,£3.55/kg,3.55,,
Co-op,Table Sauces & Condiments,Hot Sauce,Blue Dragon Original Sweet Chilli Dipping Sauce 315g,315g,£11.27/kg,3.55,,
Co-op,Table Sauces & Condiments,Hot Sauce,Blue Dragon Original Sweet Chilli Sauce 250ml,250ml,£12.40/L,3.10,,
Co-op,Table Sauces & Condiments,Hot Sauce,Blue Dragon Reduced Sugar Sweet Chilli Sauce 295g,295g,£12.03/kg,3.55,,
Co-op,Table Sauces & Condiments,Hot Sauce,BrewDog Wingman Buffalo Sauce 240ml,240ml,£12.92/L,3.10,,
Co-op,Table Sauces & Condiments,Hot Sauce,Cholula Hot Sauce Chipotle 150ml,150ml,£20.00/L,3.00,,
Co-op,Table Sauces & Condiments,Hot Sauce,Cholula Hot Sauce Original 150ml,150ml,£20.00/L,3.00,,
Co-op,Table Sauces & Condiments,Hot Sauce,Co-op Buffalo Sauce 160g,160g,£13.75/kg,2.20,,
Co-op,Table Sauces & Condiments,Hot Sauce,Co-op Hot Honey Sriracha 340g,340g,£6.47/kg,2.20,,
Co-op,Table Sauces & Condiments,Hot Sauce,Co-op Loved By Us Sweet Chilli Dipping Sauce 200ML,200ml,£9.75/L,1.95,,
Co-op,Table Sauces & Condiments,Hot Sauce,Dunn's River Jamaican-Style Hot Sauce 85g,85g,£11.18/kg,0.95,,
Co-op,Table Sauces & Condiments,Hot Sauce,Encona Original Hot Pepper Sauce 285Ml,285ml,£9.30/L,2.65,,
Co-op,Table Sauces & Condiments,Hot Sauce,Encona Thai Sweet Chilli Sauce 285ml,285ml,£9.30/L,2.65,,
Co-op,Table Sauces & Condiments,Hot Sauce,Encona West Indian Original Hot Pepper Sauce 142ml,142ml,£14.79/L,2.10,,
Co-op,Table Sauces & Condiments,Hot Sauce,Frank's RedHot Original Cayenne Pepper Sauce 148ml,148ml,£11.82/L,1.75,2.85,£1.10 off
Co-op,Table Sauces & Condiments,Hot Sauce,Heera Kebab House Chilli Sauce 500ml,500ml,£2.20/L,1.10,,
Co-op,Table Sauces & Condiments,Hot Sauce,Nando's Garlic Peri-Peri Sauce 125g,125g,£16.00/kg,2.00,2.90,£0.90 off
Co-op,Table Sauces & Condiments,Hot Sauce,Nando's Hot Peri-Peri Sauce 125g,125g,£16.00/kg,2.00,2.90,£0.90 off
Co-op,Table Sauces & Condiments,Hot Sauce,Nando's Medium Peri-Peri Sauce 125g,125g,£16.00/kg,2.00,2.90,£0.90 off
Co-op,Table Sauces & Condiments,Hot Sauce,Tabasco Original Red Pepper Hot Sauce 57ml,57ml,£55.26/L,3.15,,
Co-op,Table Sauces & Condiments,Hot Sauce,Thai Dragon Sriracha Hot Chilli Sauce 455ml,455pk,0.67p each,3.05,,
Co-op,Table Sauces & Condiments,Hot Sauce,Wilderbee Hot Honey 260g,260g,£25.38/kg,6.60,,
Co-op,Table Sauces & Condiments,Ketchup,Co-op Tomato Ketchup Top Down 550G,550g,£2.45/kg,1.35,,£0.89 loyalty card (£1.62/kg)
Co-op,Table Sauces & Condiments,Ketchup,Heinz 50% Less Sugar & Salt Tomato Ketchup 435g,435g,£9.43/kg,4.10,,
Co-op,Table Sauces & Condiments,Ketchup,Heinz No Added Sugar & Salt Tomato Ketchup 425g,400ml,£10.25/L,4.10,,
Co-op,Table Sauces & Condiments,Ketchup,Heinz Tomato Ketchup 460g,460g,£7.17/kg,3.30,,
Co-op,Table Sauces & Condiments,Ketchup,Heinz Tomato Ketchup 700g,700g,£7.07/kg,4.95,,
Co-op,Table Sauces & Condiments,Ketchup,Pudliszki Hot Tomato Ketchup 480g,480g,£4.27/kg,2.05,,
Co-op,Table Sauces & Condiments,Ketchup,Rubies in the Rubble Ketchup 485g,485g,£8.76/kg,4.25,,
Co-op,Table Sauces & Condiments,Make your Weekend Irresistible 🍞🥞🍝,Co-op Irresistible Slowly Reduced Caramelised Red Onion Chutney 330g,330g,£10.00/kg,3.30,,
Co-op,Table Sauces & Condiments,Mayonnaise & Condiments,Branston Original Pickle 520g,520g,£5.77/kg,3.00,,
Co-op,Table Sauces & Condiments,Mayonnaise & Condiments,Branston Piccalilli 360g,360g,£7.92/kg,2.85,,
Co-op,Table Sauces & Condiments,Mayonnaise & Condiments,Branston Small Chunk Pickle 360g,360g,£7.78/kg,2.80,,
Co-op,Table Sauces & Condiments,Mayonnaise & Condiments,Branston Smooth Pickle 370g,370g,£6.62/kg,2.45,,
Co-op,Table Sauces & Condiments,Mayonnaise & Condiments,Co-op Burger Relish 320g,320g,£6.25/kg,2.00,,
Co-op,Table Sauces & Condiments,Mayonnaise & Condiments,Co-op Classic Cranberry Sauce 200g,200g,£4.50/kg,0.90,,
Co-op,Table Sauces & Condiments,Mayonnaise & Condiments,Co-op Garlic Mayo 270g,270g,£5.56/kg,1.50,,
Co-op,Table Sauces & Condiments,Mayonnaise & Condiments,Co-op Indian Inspired Mango Chutney 230g,230g,£6.09/kg,1.40,,
Co-op,Table Sauces & Condiments,Mayonnaise & Condiments,Co-op Mayonnaise 500ml,500ml,£2.60/L,1.30,,
Co-op,Table Sauces & Condiments,Mayonnaise & Condiments,Co-op On The Side Real Mayonnaise 500ml,500ml,£2.90/L,1.45,,
Co-op,Table Sauces & Condiments,Mayonnaise & Condiments,Co-op Piri Piri Mayo 270g,270g,£5.56/kg,1.50,,
Co-op,Table Sauces & Condiments,Mayonnaise & Condiments,Co-op Reduced Fat Light Mayonnaise 480ml,480ml,£2.81/L,1.35,,
Co-op,Table Sauces & Condiments,Mayonnaise & Condiments,Geeta's Premium Mango Chutney Medium 230g,230g,£11.96/kg,2.75,,
Co-op,Table Sauces & Condiments,Mayonnaise & Condiments,Heinz Classic Barbecue Sauce 480g,480g,£8.96/kg,4.30,,
Co-op,Table Sauces & Condiments,Mayonnaise & Condiments,Heinz Light Mayonnaise 565 mL,570ml,£5.70/L,3.25,,
Co-op,Table Sauces & Condiments,Mayonnaise & Condiments,Heinz Seriously Good Mayonnaise 565mL,570ml,£5.70/L,3.25,,
Co-op,Table Sauces & Condiments,Mayonnaise & Condiments,Hellmann's Light Mayonnaise 400 g,400g,£9.13/kg,3.65,,
Co-op,Table Sauces & Condiments,Mayonnaise & Condiments,Hellmann's Light Mayonnaise 430 ml,430ml,£5.93/L,2.55,3.40,£0.85 off
Co-op,Table Sauces & Condiments,Mayonnaise & Condiments,Hellmann's Light Mayonnaise 750 ml,750ml,£6.40/L,4.80,,
Co-op,Table Sauces & Condiments,Mayonnaise & Condiments,Hellmann's Mayonnaise Real 750 ml,750ml,£6.40/L,4.80,,
Co-op,Table Sauces & Condiments,Mayonnaise & Condiments,Hellmann's Real Mayonnaise 400 g,400g,£9.13/kg,3.65,,
Co-op,Table Sauces & Condiments,Mayonnaise & Condiments,Hellmann's Real Squeezy Mayonnaise 430 ml,430ml,£5.93/L,2.55,3.40,£0.85 off
Co-op,Table Sauces & Condiments,Mayonnaise & Condiments,Hellmann's Roasted Garlic Mayonnaise 250 Ml,250ml,£14.20/L,3.55,,
Co-op,Table Sauces & Condiments,Mayonnaise & Condiments,Hellmann's UEFA EURO 2024 Limited Edition Condiment Chilli Charger Mayonnaise 250 ml,250ml,£14.20/L,3.55,,
Co-op,Table Sauces & Condiments,Mayonnaise & Condiments,Kewpie Mayonnaise 337g,355g,£16.20/kg,5.75,,
Co-op,Table Sauces & Condiments,Mayonnaise & Condiments,Levi Roots Reggae Reggae Jerk BBQ Marinade & Sauce Original 290g,290g,£10.34/kg,3.00,,
Co-op,Table Sauces & Condiments,Mayonnaise & Condiments,Nando's Perinaise Garlic Peri-Peri Mayonnaise 265g,265g,£12.08/kg,3.20,,
Co-op,Table Sauces & Condiments,Mayonnaise & Condiments,Nando's Perinaise Peri-Peri Mayo Churrasco 265g,265g,£11.70/kg,3.10,,
Co-op,Table Sauces & Condiments,Mayonnaise & Condiments,Nando's Perinaise Peri-Peri Mayonnaise 465g,465g,£9.89/kg,4.60,,
Co-op,Table Sauces & Condiments,Mayonnaise & Condiments,Nando's Perinaise Peri-Peri Mayonnaise Mild 265g,265g,£12.08/kg,3.20,,
Co-op,Table Sauces & Condiments,Mayonnaise & Condiments,Patak's The Original Mango Chutney 210g,210g,£12.38/kg,2.60,,
Co-op,Table Sauces & Condiments,Mayonnaise & Condiments,Patak's the Original Lime Pickle 170g,170g,£15.29/kg,2.60,,
Co-op,Table Sauces & Condiments,Mayonnaise & Condiments,Rubies in the Rubble Garlic Vegan Mayon.,285ml,£11.58/L,3.30,,
Co-op,Table Sauces & Condiments,Mayonnaise & Condiments,Thai Dragon Sriracha Chilli Mayo Sauce 200ml,200pk,£0.01 each,2.20,,
Co-op,Table Sauces & Condiments,Mayonnaise & Condiments,Winiary Mayo Decorative 400ml,400ml,£8.00/L,3.20,,
Co-op,Table Sauces & Condiments,Mustard,Co-op American Style Mustard 315g,315g,£6.35/kg,2.00,,
Co-op,Table Sauces & Condiments,Mustard,Co-op Classic Dijon Mustard 185g,180g,£4.44/kg,0.80,,
Co-op,Table Sauces & Condiments,Mustard,Co-op Classic Wholegrain Mustard 180g,185g,£4.59/kg,0.85,,
Co-op,Table Sauces & Condiments,Mustard,Co-op Irresistible Honey & Wholegrain Mustard Ham 120g,120g,£30.42/kg,3.65,,
Co-op,Table Sauces & Condiments,Mustard,Colman's Mustard 170g,170g,£16.47/kg,2.80,,
Co-op,Table Sauces & Condiments,Mustard,Colman's Mustard Powder 57g,57g,£54.39/kg,3.10,,
Co-op,Table Sauces & Condiments,Mustard,Colman's Original Mustard English 150g,150g,£18.33/kg,2.75,,
Co-op,Table Sauces & Condiments,Mustard,Grey Poupon Prepared Dijon Mustard  215g,215g,£15.81/kg,3.40,,
Co-op,Table Sauces & Condiments,Mustard,Grey Poupon Prepared Wholegrain Mustard 210g,210g,£16.19/kg,3.40,,
Co-op,Table Sauces & Condiments,Other Sauces,Al'Fez Lebanese Style Garlic Sauce 250g,250g,£12.40/kg,3.10,,
Co-op,Table Sauces & Condiments,Other Sauces,Co-op Brown Sauce 470g,470g,£3.19/kg,1.50,,
Co-op,Table Sauces & Condiments,Other Sauces,Co-op Burger Sauce 270g,270g,£7.04/kg,1.90,,
Co-op,Table Sauces & Condiments,Other Sauces,Co-op Classic Mint Sauce 175g,185g,£4.86/kg,0.90,,
Co-op,Table Sauces & Condiments,Other Sauces,Co-op Smoky BBQ Sauce 470g,470g,£2.77/kg,1.30,,
Co-op,Table Sauces & Condiments,Other Sauces,Co-op Tartare Sauce 170G,170g,£5.29/kg,0.90,,
Co-op,Table Sauces & Condiments,Other Sauces,Colman's Mint Sauce 165g,165g,£13.94/kg,2.30,,
Co-op,Table Sauces & Condiments,Other Sauces,Colman's Sauce Seafood 155ml,155g,£14.84/kg,2.30,,
Co-op,Table Sauces & Condiments,Other Sauces,Colmans Bramley Apple Sauce 155ml & Move to condiments,155g,£14.84/kg,2.30,,
Co-op,Table Sauces & Condiments,Other Sauces,Colmans Horseradish Sauce 136G,136g,£16.91/kg,2.30,,
Co-op,Table Sauces & Condiments,Other Sauces,Colmans Tartare Sauce Jar 144G,144g,£15.97/kg,2.30,,
Co-op,Table Sauces & Condiments,Other Sauces,HP Brown Sauce 600g,600g,£8.50/kg,5.10,,
Co-op,Table Sauces & Condiments,Other Sauces,HP Original Brown Sauce Top Down 450G,450g,£9.44/kg,4.25,,
Co-op,Table Sauces & Condiments,Other Sauces,Heinz American Style Burger Sauce 418g,400ml,£9.63/L,3.85,,
Co-op,Table Sauces & Condiments,Other Sauces,Hellmann's Chunky Burger Sauce 250ml,258g,£13.76/kg,3.55,,
Co-op,Table Sauces & Condiments,Other Sauces,Lea and Perrins Worcester Sauce 150ml,150ml,£19.33/L,2.90,,
Co-op,Table Sauces & Condiments,Other Sauces,Maille Hollandaise Sauce 185g,185g,£19.19/kg,3.55,,
Co-op,Table Sauces & Condiments,Other Sauces,Schwartz Hollandaise Sauce For Fish 300G,300g,£11.00/kg,3.30,,
Co-op,"Tea, Coffee, Hot Drinks",Back to Routine ⏰☕,Co-op Fairtrade Italian Style Ground Coffee 200g,200g,£19.25/kg,3.85,,
Co-op,"Tea, Coffee, Hot Drinks",Back to Routine ⏰☕,Twinings Lemon & Ginger 20 Single Tea Bags 30g,30g,£116.67/kg,3.50,,
Co-op,"Tea, Coffee, Hot Drinks",Coffee,Cafédirect 3 Colombia Reserva Ground Coffee 200g,200g,£25.75/kg,5.15,7.50,£2.35 off
Co-op,"Tea, Coffee, Hot Drinks",Coffee,Cafédirect 4 Organic Machu Picchu Ground Coffee 200g,200g,£25.75/kg,5.15,7.50,£2.35 off
Co-op,"Tea, Coffee, Hot Drinks",Coffee,Cafédirect 4 Organic Machu Picchu Peru Coffee Beans 200g,200g,£25.75/kg,5.15,7.50,£2.35 off
Co-op,"Tea, Coffee, Hot Drinks",Coffee,Cafédirect 5 Organic Mayan Gold Mexico Ground Coffee 200g,200g,£25.75/kg,5.15,7.50,£2.35 off
Co-op,"Tea, Coffee, Hot Drinks",Coffee,Cafédirect Decaf Machu Picchu Peru Ground Coffee 200g,200g,£25.75/kg,5.15,7.50,£2.35 off
Co-op,"Tea, Coffee, Hot Drinks",Coffee,Co-op Decaf Fairtrade Italian Style Ground Coffee 200g,200g,£19.25/kg,3.85,,
Co-op,"Tea, Coffee, Hot Drinks",Coffee,Co-op Fairtrade French Style Ground Coffee 200g,200g,£19.25/kg,3.85,,
Co-op,"Tea, Coffee, Hot Drinks",Coffee,Co-op Fairtrade Gold Roast Decaffeinated Freeze Dried Coffee 100G,100g,£33.00/kg,3.30,,
Co-op,"Tea, Coffee, Hot Drinks",Coffee,Co-op Fairtrade Gold Roast Freeze Dried Coffee 200G,200g,£18.00/kg,3.60,,
Co-op,"Tea, Coffee, Hot Drinks",Coffee,Co-op Fairtrade Gold Roast Instant Coffee 100g,100g,£33.00/kg,3.30,,
Co-op,"Tea, Coffee, Hot Drinks",Coffee,Co-op Fairtrade House Blend Ground Coffee 200g,200g,£19.25/kg,3.85,,
Co-op,"Tea, Coffee, Hot Drinks",Coffee,Co-op Fairtrade Intense Blend Ground Coffee 200g,200g,£19.25/kg,3.85,,
Co-op,"Tea, Coffee, Hot Drinks",Coffee,Co-op Fairtrade Italian Style Coffee Beans 200g,200g,£19.25/kg,3.85,,
Co-op,"Tea, Coffee, Hot Drinks",Coffee,Co-op Fairtrade Italian Style Coffee Beans 454g,454g,£16.41/kg,7.45,,
Co-op,"Tea, Coffee, Hot Drinks",Coffee,Co-op Fairtrade Latte Sachets 7 x 17g (119g),7pk,£13.03/kg,1.55,,
Co-op,"Tea, Coffee, Hot Drinks",Coffee,Co-op Fairtrade Rich Roast Instant Coffee 100g,100g,£30.50/kg,3.05,,
Co-op,"Tea, Coffee, Hot Drinks",Coffee,Co-op Irresistible Colombian Fairtrade Coffee Beans 200g,200g,£23.25/kg,4.65,,
Co-op,"Tea, Coffee, Hot Drinks",Coffee,Co-op Irresistible Colombian Fairtrade Instant Coffee 100g,100g,£44.00/kg,4.40,,
Co-op,"Tea, Coffee, Hot Drinks",Coffee,Co-op Irresistible Colombian Fairtrade Roast & Ground Coffee 200g,200g,£23.25/kg,4.65,,
Co-op,"Tea, Coffee, Hot Drinks",Coffee,Co-op Irresistible Decaffeinated Colombian Fairtrade Roast & Ground Coffee 200g,200g,£23.25/kg,4.65,,
Co-op,"Tea, Coffee, Hot Drinks",Coffee,Co-op Irresistible Ethiopian Fairtrade Roast & Ground Coffee 200g,200g,£23.25/kg,4.65,,
Co-op,"Tea, Coffee, Hot Drinks",Coffee,Co-op Irresistible Fairtrade Americano Microground Coffee 100g,100g,£43.00/kg,4.30,,
Co-op,"Tea, Coffee, Hot Drinks",Coffee,Co-op Irresistible Guatemalan Fairtrade Roast & Ground Coffee 200g,200g,£23.25/kg,4.65,,
Co-op,"Tea, Coffee, Hot Drinks",Coffee,Co-op Irresistible Single Origin Peruvian Fairtrade Coffee Beans 200g,200g,£23.25/kg,4.65,,
Co-op,"Tea, Coffee, Hot Drinks",Coffee,Co-op Irresistible Single Origin Peruvian Fairtrade Roast & Ground Coffee 200g,200g,£23.25/kg,4.65,,
Co-op,"Tea, Coffee, Hot Drinks",Coffee,Co-op Irresistible Single Origin Sumatran Fairtrade Roast & Ground Coffee 200g,200g,£23.25/kg,4.65,,
Co-op,"Tea, Coffee, Hot Drinks",Coffee,Co-op Irresistible Sumatran Fairtrade Coffee Beans 200g,200g,£23.25/kg,4.65,,
Co-op,"Tea, Coffee, Hot Drinks",Coffee,Coffee Mate The Original 325g,325g,£14.92/kg,4.85,,
Co-op,"Tea, Coffee, Hot Drinks",Coffee,Costa Coffee Barista Creations Creamy Cappuccino 6 x 17g (102g),144g,£9.38/kg,1.35,,
Co-op,"Tea, Coffee, Hot Drinks",Coffee,Costa Coffee Barista Creations Iced Latte 77.5g (5x15.5g),17g,£79.41/kg,1.35,,
Co-op,"Tea, Coffee, Hot Drinks",Coffee,Costa Coffee Barista Creations Salted Caramel Latte 17g,17g,£32.35/kg,0.55,,
Co-op,"Tea, Coffee, Hot Drinks",Coffee,Costa Coffee Smooth Medium Blend Instant Coffee 190g,190g,£31.84/kg,6.05,,
Co-op,"Tea, Coffee, Hot Drinks",Coffee,Costa Coffee Smooth Medium Roast 100g,100g,£91.50/kg,9.15,,
Co-op,"Tea, Coffee, Hot Drinks",Coffee,Costa Coffee Smooth Medium Roast Lungo 10 x 5.2 g (52g),55g,£76.36/kg,4.20,,
Co-op,"Tea, Coffee, Hot Drinks",Coffee,Costa Signature Blend Coffee Beans 200g,200g,£20.25/kg,4.05,6.05,£2 off
Co-op,"Tea, Coffee, Hot Drinks",Coffee,Costa Signature Blend Ground Coffee 200g,200g,£20.25/kg,4.05,6.05,£2 off
Co-op,"Tea, Coffee, Hot Drinks",Coffee,Dolce Gusto Americano 16 x 8.5g (136g),136g,£47.06/kg,6.40,,2 for £8.25
Co-op,"Tea, Coffee, Hot Drinks",Coffee,Douwe Egberts Pure Gold Instant Coffee 150g,150g,£43.67/kg,6.55,7.95,£1.40 off
Co-op,"Tea, Coffee, Hot Drinks",Coffee,Douwe Egberts Pure Gold Medium Roast Instant Coffee 190g,190g,£43.42/kg,8.25,,
Co-op,"Tea, Coffee, Hot Drinks",Coffee,Douwe Egberts Pure Indulgence Dark Roast Instant Coffee 190g,190g,£43.42/kg,8.25,,
Co-op,"Tea, Coffee, Hot Drinks",Coffee,Grind House Blend Ground Coffee 200g,200g,£37.00/kg,7.40,,
Co-op,"Tea, Coffee, Hot Drinks",Coffee,Grind Pistachio Coffee Pods 52g,50g,£117.00/kg,5.85,,
Co-op,"Tea, Coffee, Hot Drinks",Coffee,Grumpy Mule High & Mighty Espresso Blend Ground Coffee 6 x 200g,200g,£37.50/kg,7.50,,
Co-op,"Tea, Coffee, Hot Drinks",Coffee,Grumpy Mule Kick Ass House Blend Ground Coffee 6 x 200g,200g,£37.50/kg,7.50,,
Co-op,"Tea, Coffee, Hot Drinks",Coffee,Kenco Cappuccino Instant Coffee Sachets 8X14.8G,8pk,£18.58/kg,2.20,,
Co-op,"Tea, Coffee, Hot Drinks",Coffee,Kenco Decaff Instant Coffee 100g,100g,£52.00/kg,5.20,,
Co-op,"Tea, Coffee, Hot Drinks",Coffee,Kenco Decaff Instant Coffee 150g,150g,£45.67/kg,6.85,,
Co-op,"Tea, Coffee, Hot Drinks",Coffee,Kenco Decaff Instant Coffee 200g,200g,£36.75/kg,7.35,9.35,£2 off
Co-op,"Tea, Coffee, Hot Drinks",Coffee,Kenco Iced Hot Salted Caramel Latte 8x20.3g (162.4g),8pk,£13.55/kg,2.20,,
Co-op,"Tea, Coffee, Hot Drinks",Coffee,Kenco Iced Hot Vanilla Latte 8x20.3g (162.4g),8pk,£13.55/kg,2.20,,
Co-op,"Tea, Coffee, Hot Drinks",Coffee,Kenco Latte Instant Coffee Sachets 8X16.3G,8pk,£16.87/kg,2.20,,
Co-op,"Tea, Coffee, Hot Drinks",Coffee,Kenco Millicano Decaf 100g,100g,£50.00/kg,5.00,8.25,£3.25 off
Co-op,"Tea, Coffee, Hot Drinks",Coffee,Kenco Millicano Intense 95g,95g,£52.63/kg,5.00,8.25,£3.25 off
Co-op,"Tea, Coffee, Hot Drinks",Coffee,Kenco Millicano Wholebean Instant 100G,100g,£50.00/kg,5.00,8.25,£3.25 off
Co-op,"Tea, Coffee, Hot Drinks",Coffee,Kenco Millicano Wholebean Instant Coffee 170G,170g,£43.82/kg,7.45,,
Co-op,"Tea, Coffee, Hot Drinks",Coffee,Kenco Rich Instant Coffee 200g,200g,£36.75/kg,7.35,9.35,£2 off
Co-op,"Tea, Coffee, Hot Drinks",Coffee,Kenco Smooth Freeze-Dried Coffee 200G,200g,£36.75/kg,7.35,9.35,£2 off
Co-op,"Tea, Coffee, Hot Drinks",Coffee,Kenco Smooth Instant Coffee 100g,100g,£52.00/kg,5.20,,
Co-op,"Tea, Coffee, Hot Drinks",Coffee,Kenco Smooth Instant Coffee 150g,150g,£45.67/kg,6.85,,
Co-op,"Tea, Coffee, Hot Drinks",Coffee,L'OR Artiste 8 Vigoroso 95g,95g,£96.32/kg,9.15,,
Co-op,"Tea, Coffee, Hot Drinks",Coffee,L'OR Classique 100g,100g,£91.50/kg,9.15,,
Co-op,"Tea, Coffee, Hot Drinks",Coffee,L'OR Classique 150g,150g,£52.67/kg,7.90,10.45,£2.55 off
Co-op,"Tea, Coffee, Hot Drinks",Coffee,L'OR Decafeine 100g,100g,£91.50/kg,9.15,,
Co-op,"Tea, Coffee, Hot Drinks",Coffee,L'OR Espresso Profondo Lungo Intensity 8 Aluminium Coffee Pods x10,52g,£64.42/kg,3.35,4.95,£1.60 off
Co-op,"Tea, Coffee, Hot Drinks",Coffee,L'OR Espresso Ristretto Decaf Intensity 9 Aluminium Coffee Pods x10,52g,£64.42/kg,3.35,4.95,£1.60 off
Co-op,"Tea, Coffee, Hot Drinks",Coffee,L'OR Espresso Ristretto Intensity 11 Aluminium Coffee Pods x10,52g,£64.42/kg,3.35,4.95,£1.60 off
Co-op,"Tea, Coffee, Hot Drinks",Coffee,L'OR Espresso Supremo Intensity 10 Aluminium Coffee Pods x10,52g,£64.42/kg,3.35,4.95,£1.60 off
Co-op,"Tea, Coffee, Hot Drinks",Coffee,L'OR Intense 100g,100g,£91.50/kg,9.15,,
Co-op,"Tea, Coffee, Hot Drinks",Coffee,Lavazza Espresso Barista Coffee Beans 500g,500g,£31.90/kg,15.95,,
Co-op,"Tea, Coffee, Hot Drinks",Coffee,Lavazza Espresso Italiano Classico Ground Coffee 250g,250g,£34.00/kg,8.50,,
Co-op,"Tea, Coffee, Hot Drinks",Coffee,Lavazza Qualità Oro Coffee Beans 250g,250g,£33.00/kg,8.25,,
Co-op,"Tea, Coffee, Hot Drinks",Coffee,Lavazza Qualità Rossa 10 Capsules 57g,57g,£57.89/kg,3.30,5.20,£1.90 off
Co-op,"Tea, Coffee, Hot Drinks",Coffee,Lavazza Qualità Rossa Coffee Beans 1000g,1kg,£22.00/kg,22.00,24.75,£2.75 off
Co-op,"Tea, Coffee, Hot Drinks",Coffee,Lavazza Qualità Rossa Coffee Beans 250g,250g,£30.40/kg,7.60,,
Co-op,"Tea, Coffee, Hot Drinks",Coffee,Lavazza Qualità Rossa Ground Coffee 250g,250g,£24.00/kg,6.00,7.60,£1.60 off
Co-op,"Tea, Coffee, Hot Drinks",Coffee,Löfbergs Brazil Single Origin Ground Coffee 250g,250g,£25.20/kg,6.30,,
Co-op,"Tea, Coffee, Hot Drinks",Coffee,Nescafe Azera Americano 150G,140g,£73.21/kg,10.25,,
Co-op,"Tea, Coffee, Hot Drinks",Coffee,Nescafe Azera Americano Decaff Instant Coffee 90g,90g,£53.33/kg,4.80,9.15,£4.35 off
Co-op,"Tea, Coffee, Hot Drinks",Coffee,Nescafe Azera Americano Instant Coffee 90g,90g,£53.33/kg,4.80,9.15,£4.35 off
Co-op,"Tea, Coffee, Hot Drinks",Coffee,Nescafe Azera Americano Intense Instant Coffee with Finely Ground Beans 140g,140g,£73.21/kg,10.25,,
Co-op,"Tea, Coffee, Hot Drinks",Coffee,Nescafe Cappuccino Decaf Unsweetened Taste 7 x 15g (105g),7pk,£18.57/kg,1.95,2.55,£0.60 off
Co-op,"Tea, Coffee, Hot Drinks",Coffee,Nescafe Dolce Gusto Cappuccino 16 Capsules Per Box,186.4g,£34.33/kg,6.40,,2 for £8.25
Co-op,"Tea, Coffee, Hot Drinks",Coffee,Nescafe Dolce Gusto Flat White Coffee Pods x 16,187.2g,£34.19/kg,6.40,,2 for £8.25
Co-op,"Tea, Coffee, Hot Drinks",Coffee,Nescafe Gold Blend Decaf 190g,190g,£52.89/kg,10.05,,
Co-op,"Tea, Coffee, Hot Drinks",Coffee,Nescafe Gold Blend Espresso Instant Coffee 95g,95g,£46.84/kg,4.45,6.95,£2.50 off
Co-op,"Tea, Coffee, Hot Drinks",Coffee,Nescafe Gold Blend Smooth 190g,190g,£36.05/kg,6.85,9.60,£2.75 off
Co-op,"Tea, Coffee, Hot Drinks",Coffee,Nescafe Gold Blend Alta Rica Origins Instant Coffee 95g,95g,£73.16/kg,6.95,,
Co-op,"Tea, Coffee, Hot Drinks",Coffee,Nescafe Original Decaf 190g,190g,£30.26/kg,5.75,8.50,£2.75 off
Co-op,"Tea, Coffee, Hot Drinks",Coffee,Nescafe Original Instant Coffee 300G,300g,£28.33/kg,8.50,,
Co-op,"Tea, Coffee, Hot Drinks",Coffee,Nescafé Azera Americano Intense Instant Coffee 90g,90g,£53.33/kg,4.80,9.15,£4.35 off
Co-op,"Tea, Coffee, Hot Drinks",Coffee,Nescafé Azera Decaf Americano Instant Coffee with Finely Ground Beans 135g,135g,£75.93/kg,10.25,,
Co-op,"Tea, Coffee, Hot Drinks",Coffee,Nescafé Cappuccino 7 x 15.5g (108.5g),7pk,£17.97/kg,1.95,2.55,£0.60 off
Co-op,"Tea, Coffee, Hot Drinks",Coffee,Nescafé Cappuccino Unsweetened Taste 7 x 14.2g (99.4g),7pk,£18.57/kg,1.95,2.55,£0.60 off
Co-op,"Tea, Coffee, Hot Drinks",Coffee,Nescafé Caramel Latte Flavour 7 x 17g (119g),7pk,£16.39/kg,1.95,2.55,£0.60 off
Co-op,"Tea, Coffee, Hot Drinks",Coffee,Nescafé Dolce Gusto Café Au Lait Coffee Pods x 16,160g,£40.00/kg,6.40,,2 for £8.25
Co-op,"Tea, Coffee, Hot Drinks",Coffee,Nescafé Double Choc Mocha 7 x 20.9g (146.3g),7pk,£13.33/kg,1.95,2.55,£0.60 off
Co-op,"Tea, Coffee, Hot Drinks",Coffee,Nescafé Gold Alta Rica Jar 190G,190g,£62.11/kg,11.80,,
Co-op,"Tea, Coffee, Hot Drinks",Coffee,Nescafé Gold Blend 190g,190g,£50.53/kg,9.60,,
Co-op,"Tea, Coffee, Hot Drinks",Coffee,Nescafé Gold Blend 250g,250g,£29.60/kg,7.40,,
Co-op,"Tea, Coffee, Hot Drinks",Coffee,Nescafé Gold Blend Espresso Instant Coffee 190g,190g,£62.11/kg,11.80,,
Co-op,"Tea, Coffee, Hot Drinks",Coffee,Nescafé Gold Blend Refill 150g,150g,£43.33/kg,6.50,,
Co-op,"Tea, Coffee, Hot Drinks",Coffee,Nescafé Gold Blend Roastery Collection Dark Roast Instant Coffee 95g,95g,£80.00/kg,7.60,,
Co-op,"Tea, Coffee, Hot Drinks",Coffee,Nescafé Gold Blend Roastery Collection Light Roast Instant Coffee 95g,95g,£80.00/kg,7.60,,
Co-op,"Tea, Coffee, Hot Drinks",Coffee,Nescafé Latte 7 x 18g (126g),7pk,£15.48/kg,1.95,2.55,£0.60 off
Co-op,"Tea, Coffee, Hot Drinks",Coffee,Nescafé Original 190g,190g,£30.26/kg,5.75,8.50,£2.75 off
Co-op,"Tea, Coffee, Hot Drinks",Coffee,Nescafé Toffee Nut Latte Flavour 7 x 18.6g (130.2g),7pk,£16.90/kg,2.20,,
Co-op,"Tea, Coffee, Hot Drinks",Coffee,Nescafé Vanilla Latte Flavour 7 x 18.5g (129.5g),7pk,£15.06/kg,1.95,2.55,£0.60 off
Co-op,"Tea, Coffee, Hot Drinks",Coffee,Presto House Espresso Instant Coffee 90g,90g,£67.22/kg,6.05,7.40,£1.35 off
Co-op,"Tea, Coffee, Hot Drinks",Coffee,Starbucks Blonde Espresso Roast 53g,53g,£66.04/kg,3.50,5.85,£2.35 off
Co-op,"Tea, Coffee, Hot Drinks",Coffee,Starbucks Espresso Roast 57g,68g,£86.03/kg,5.85,,
Co-op,"Tea, Coffee, Hot Drinks",Coffee,Starbucks Espresso Roast Decaf 55g,55g,£63.64/kg,3.50,5.85,£2.35 off
Co-op,"Tea, Coffee, Hot Drinks",Coffee,Starbucks House Blend Lungo 52g,68g,£51.47/kg,3.50,5.85,£2.35 off
Co-op,"Tea, Coffee, Hot Drinks",Coffee,Starbucks Premium Instant Caramel Latte 5 x 23g (115g),115g,£23.04/kg,2.65,,
Co-op,"Tea, Coffee, Hot Drinks",Coffee,Starbucks Premium Instant White Mocha 5 x 24g (120g),120g,£22.08/kg,2.65,,
Co-op,"Tea, Coffee, Hot Drinks",Coffee,Starbucks Vanilla Latte Premium Instant 5 x 21.5g (107.5g),5pk,£24.65/kg,2.65,,
Co-op,"Tea, Coffee, Hot Drinks",Coffee,Tassimo Americano Smooth 24 x 8g (192g),204g,£35.05/kg,7.15,,
Co-op,"Tea, Coffee, Hot Drinks",Coffee,Tassimo Caramel Latte Costa Coffee 173.4g,173.4g,£38.93/kg,6.75,,2 for £9.90
Co-op,"Tea, Coffee, Hot Drinks",Coffee,Tassimo Costa 6 Cappuccino 210g,210g,£32.14/kg,6.75,,2 for £9.90
Co-op,"Tea, Coffee, Hot Drinks",Coffee,Tassimo Costa Americano Coffee Pods x12,108g,£62.50/kg,6.75,,2 for £9.90
Co-op,"Tea, Coffee, Hot Drinks",Coffee,Tassimo Costa Latte Coffee Pods x6,209g,£32.30/kg,6.75,,2 for £9.90
Co-op,"Tea, Coffee, Hot Drinks",Coffee,Taylors Of Harrogate Rich Italian Coffee Bags 10s 70G,70g,£65.71/kg,4.60,,
Co-op,"Tea, Coffee, Hot Drinks",Coffee,Taylors of Harrogate Decaffé Coffee Bags 10 Enveloped Bags 75g,75g,£61.33/kg,4.60,,
Co-op,"Tea, Coffee, Hot Drinks",Coffee,Taylors of Harrogate Decaffé Ground Roast Coffee 200g,200g,£34.00/kg,6.80,,
Co-op,"Tea, Coffee, Hot Drinks",Coffee,Taylors of Harrogate Flying Start Coffee Bags 10 Enveloped Bags 75g,75g,£61.33/kg,4.60,,
Co-op,"Tea, Coffee, Hot Drinks",Coffee,Taylors of Harrogate Flying Start Ground Roast Coffee 200g,200g,£34.00/kg,6.80,,
Co-op,"Tea, Coffee, Hot Drinks",Coffee,Taylors of Harrogate Hot Lava Java Ground Roast Coffee 200g,200g,£34.00/kg,6.80,,
Co-op,"Tea, Coffee, Hot Drinks",Coffee,Taylors of Harrogate Lazy Sunday Beans Roast Coffee 200g,200g,£34.00/kg,6.80,,
Co-op,"Tea, Coffee, Hot Drinks",Coffee,Taylors of Harrogate Lazy Sunday Ground Roast Coffee 200g,200g,£34.00/kg,6.80,,
Co-op,"Tea, Coffee, Hot Drinks",Coffee,Taylors of Harrogate Rich Italian Beans Roast Coffee 200g,200g,£34.00/kg,6.80,,
Co-op,"Tea, Coffee, Hot Drinks",Coffee,Taylors of Harrogate Rich Italian Beans Roast Coffee 700g,700g,£18.86/kg,13.20,,
Co-op,"Tea, Coffee, Hot Drinks",Coffee,Taylors of Harrogate Rich Italian Ground Roast Coffee 200g,200g,£34.00/kg,6.80,,
Co-op,"Tea, Coffee, Hot Drinks",Coffee,TrueStart Barista Grade Decaf Instant Coffee 100g,100g,£66.00/kg,6.60,,
Co-op,"Tea, Coffee, Hot Drinks",Coffee,TrueStart Barista Grade Instant Coffee 100g,100g,£66.00/kg,6.60,,
Co-op,"Tea, Coffee, Hot Drinks",Coffee,TrueStart Smooth Instant Coffee Sticks 7X2G,7pk,£157.14/kg,2.20,,
Co-op,"Tea, Coffee, Hot Drinks",Coffee,TrueStart Super Blend Instant Coffee 100g,100g,£66.00/kg,6.60,,
Co-op,"Tea, Coffee, Hot Drinks",Hot Chocolate,Cadbury Drinking Hot Chocolate Cocoa Powder Tin 250g,250g,£14.80/kg,3.70,,
Co-op,"Tea, Coffee, Hot Drinks",Hot Chocolate,Cadbury Drinking Hot Chocolate Cocoa Powder Tin 500g,500g,£11.00/kg,5.50,,
Co-op,"Tea, Coffee, Hot Drinks",Hot Chocolate,Cadbury Instant Hot Chocolate Drink Jar 300g,300g,£16.17/kg,4.85,,
Co-op,"Tea, Coffee, Hot Drinks",Hot Chocolate,Cadbury Instant Hot Chocolate Drink Sachet 28g,28g,£21.43/kg,0.60,,
Co-op,"Tea, Coffee, Hot Drinks",Hot Chocolate,Galaxy Instant Hot Chocolate 250g,250g,£9.80/kg,2.45,,
Co-op,"Tea, Coffee, Hot Drinks",Hot Chocolate,Galaxy Instant Hot Chocolate 25g,25g,£14.00/kg,0.35,,
Co-op,"Tea, Coffee, Hot Drinks",Hot Chocolate,Horlicks Instant Hot Malty Goodness 270g,270g,£12.96/kg,3.50,,
Co-op,"Tea, Coffee, Hot Drinks",Hot Chocolate,Maltesers Hot Chocolate 25g,25g,£24.00/kg,0.60,,
Co-op,"Tea, Coffee, Hot Drinks",Hot Chocolate,Nesquik Banana Flavour 300g,300g,£12.00/kg,3.60,,
Co-op,"Tea, Coffee, Hot Drinks",Hot Chocolate,Nesquik Chocolate Flavoured Milkshake Powder 300g Tub,300g,£12.00/kg,3.60,,
Co-op,"Tea, Coffee, Hot Drinks",Hot Chocolate,Nesquik Strawberry Flavoured Milkshake Powder 300G,300g,£12.00/kg,3.60,,
Co-op,"Tea, Coffee, Hot Drinks",Hot Chocolate,Options Instant Belgian Hot Chocolate Drink 220g,220g,£16.36/kg,3.60,6.60,£3 off
Co-op,"Tea, Coffee, Hot Drinks",Hot Chocolate,Ovaltine Original Light 300g,300g,£17.33/kg,5.20,,
Co-op,"Tea, Coffee, Hot Drinks",Hot Chocolate,Starbucks Signature Chocolate 42% Cocoa Hot Chocolate Powder 330g Tin,330g,£17.12/kg,5.65,,
Co-op,"Tea, Coffee, Hot Drinks",Hot Chocolate,Sweet Freedom Choc Shot 320g,320g,£14.84/kg,4.75,,
Co-op,"Tea, Coffee, Hot Drinks",Tea,Perfect Ted Ceremonial Grade Matcha 30g,30g,£318.33/kg,9.55,11.55,£2 off
Co-op,"Tea, Coffee, Hot Drinks",Tea,Taylors of Harrogate Yorkshire Tea Decaf 80 Tea Bags 250g,250g,£15.80/kg,3.95,5.30,£1.35 off
Co-op,"Tea, Coffee, Hot Drinks",Student Shop 🍜🎓🥫,Co-op Limited Edition Matcha Latte Sachets 126g (7 x 18g),7pk,£17.46/kg,2.20,,
Co-op,"Tea, Coffee, Hot Drinks",Tea,Co-op 20 Fairtrade Red Berry Infusion Bags 40g,40g,£27.50/kg,1.10,,
Co-op,"Tea, Coffee, Hot Drinks",Tea,Co-op 99 Blend Fairtrade Tea 80 Tea Bags 250g,250g,£7.00/kg,1.75,,
Co-op,"Tea, Coffee, Hot Drinks",Tea,Co-op Fairtrade 99 160 Tea Bags,500g,£6.00/kg,3.00,,
Co-op,"Tea, Coffee, Hot Drinks",Tea,Co-op Fairtrade Camomile Infusion 20 Bags 30g,30g,£36.67/kg,1.10,,
Co-op,"Tea, Coffee, Hot Drinks",Tea,Co-op Fairtrade Decaffeinated 99 Blend 80 Tea Bags 250g,250g,£9.60/kg,2.40,,
Co-op,"Tea, Coffee, Hot Drinks",Tea,Co-op Fairtrade Green Tea Infusion 20 Bags 50g,50g,£22.00/kg,1.10,,
Co-op,"Tea, Coffee, Hot Drinks",Tea,Co-op Fairtrade Peppermint Infusion 20 Tea Bags 40G,40g,£27.50/kg,1.10,,
Co-op,"Tea, Coffee, Hot Drinks",Tea,Co-op Immunity Ginger & Lemon Infusion 40g,40g,£27.50/kg,1.10,,
Co-op,"Tea, Coffee, Hot Drinks",Tea,Co-op Irresistible English Breakfast Fairtrade Tea 50 Tea Bags 125g,125g,£24.40/kg,3.05,,
Co-op,"Tea, Coffee, Hot Drinks",Tea,Drink Me Chai Spiced Chai Latte 250g,250g,£19.80/kg,4.95,,
Co-op,"Tea, Coffee, Hot Drinks",Tea,Perfect Ted Single Serve Matcha Vanilla Sticks 35g (7 x 5g),7pk,£172.86/kg,6.05,,
Co-op,"Tea, Coffee, Hot Drinks",Tea,Pukka 20 Organic Digest Three Mint 32g,32g,£182.81/kg,5.85,,
Co-op,"Tea, Coffee, Hot Drinks",Tea,Pukka 20 Organic Vanilla Chai Herbal Tea Sachets 40g,82.5g,£70.91/kg,5.85,,
Co-op,"Tea, Coffee, Hot Drinks",Tea,"Pukka Organic Lemon, Ginger & a Touch of Manuka Honey 20 Herbal Tea Sachets 34g",34g,£172.06/kg,5.85,,
Co-op,"Tea, Coffee, Hot Drinks",Tea,Pukka Organic Night Time 20 Herbal Tea Sachets 20g,20g,£292.50/kg,5.85,,
Co-op,"Tea, Coffee, Hot Drinks",Tea,Pukka Organic Three Ginger 20 Herbal Tea Sachet 36g,36g,£162.50/kg,5.85,,
Co-op,"Tea, Coffee, Hot Drinks",Tea,Regal 10 Authentic Style Masala Chai 200g,200g,£17.75/kg,3.55,,
Co-op,"Tea, Coffee, Hot Drinks",Tea,Taylors of Harrogate Yorkshire Tea 40 Decaf Tea Bags 125g,125g,£20.00/kg,2.50,,
Co-op,"Tea, Coffee, Hot Drinks",Tea,Taylors of Harrogate Yorkshire Tea Leaf Tea 250g,250g,£18.00/kg,4.50,,
Co-op,"Tea, Coffee, Hot Drinks",Tea,Tea India Masala Chai 40 Tea Bags 100g,100g,£44.00/kg,4.40,,
Co-op,"Tea, Coffee, Hot Drinks",Tea,Teapigs Lemon & Ginger Tea Temples 15 x 2.5g (37.5g),37.5g,£121.33/kg,4.55,6.10,£1.55 off
Co-op,"Tea, Coffee, Hot Drinks",Tea,Teapigs Peppermint Leaves Tea Temples 15 x 2g (30g),15pk,£0.30 each,4.55,6.10,£1.55 off
Co-op,"Tea, Coffee, Hot Drinks",Tea,Tetley Decaf Tea Bags x80,250g,£11.60/kg,2.90,4.70,£1.80 off
Co-op,"Tea, Coffee, Hot Drinks",Tea,Tick Tock Organic Rooibos Tea 80 Biodegradable Bags 180g,180g,£23.33/kg,4.20,5.20,£1 off
Co-op,"Tea, Coffee, Hot Drinks",Tea,Twinings 20 Superblends Sleep Spiced Apple & Vanilla with Camomile & Passionflowers 30g,30g,£155.00/kg,4.65,,
Co-op,"Tea, Coffee, Hot Drinks",Tea,Twinings 80 Pure Peppermint 160g,160g,£41.25/kg,6.60,,
Co-op,"Tea, Coffee, Hot Drinks",Tea,Twinings Black Tea Discovery Collection 20 Tea Bags 40g,40g,£83.75/kg,3.35,4.20,£0.85 off
Co-op,"Tea, Coffee, Hot Drinks",Tea,Twinings Camomile & Honey 20 Single Tea Bags 30g,30g,£116.67/kg,3.50,,
Co-op,"Tea, Coffee, Hot Drinks",Tea,Twinings Classic Chai 20 Tea Bags 40g,40g,£87.50/kg,3.50,,
Co-op,"Tea, Coffee, Hot Drinks",Tea,Twinings Cranberry & Raspberry 20 Single Tea Bags 40g,40g,£87.50/kg,3.50,,
Co-op,"Tea, Coffee, Hot Drinks",Tea,Twinings Everyday 232g,232g,£29.53/kg,6.85,,
Co-op,"Tea, Coffee, Hot Drinks",Tea,Twinings Fruit & Herbal Classic Collection 35g,36g,£116.67/kg,4.20,,
Co-op,"Tea, Coffee, Hot Drinks",Tea,Twinings Fruits Selection 20 Envelopes 40g,40g,£85.00/kg,3.40,4.65,£1.25 off
Co-op,"Tea, Coffee, Hot Drinks",Tea,Twinings Lemon Green Tea 20 Tea Bags 40g,40g,£87.50/kg,3.50,,
Co-op,"Tea, Coffee, Hot Drinks",Tea,Twinings Pure Camomile 20 Tea Bags 30g,30g,£116.67/kg,3.50,,
Co-op,"Tea, Coffee, Hot Drinks",Tea,Twinings Pure Green Tea 20 Single Tea Bags 50g,50g,£70.00/kg,3.50,,
Co-op,"Tea, Coffee, Hot Drinks",Tea,Twinings Pure Peppermint 20 Single Tea Bags 40g,40g,£87.50/kg,3.50,,
Co-op,"Tea, Coffee, Hot Drinks",Tea,Twinings Spiced Ginger 20 Single Tea Bags 35g,35g,£100.00/kg,3.50,,
Co-op,"Tea, Coffee, Hot Drinks",Tea,Twinings Superblends 20 Glow Strawberry & Cucumber with Green Tea & Aloe Vera 40g,40g,£116.25/kg,4.65,,
Co-op,"Tea, Coffee, Hot Drinks",Tea,Twinings Superblends 20 Wind Down Collection 33.2g,36g,£94.44/kg,3.40,4.65,£1.25 off
Co-op,"Tea, Coffee, Hot Drinks",Tea,Twinings Superblends Feel Good Collection 20 Tea Bags 38.4g,36g,£93.06/kg,3.35,4.20,£0.85 off
Co-op,"Tea, Coffee, Hot Drinks",Tea,Twinings Superblends Immune Support Blackcurrant & Raspberry 20 Tea Bags 40g,40g,£116.25/kg,4.65,,
Co-op,"Tea, Coffee, Hot Drinks",Tea,Twinings Superblends Metabolism Peppermint with Spiced Green Tea & Nettle 20 Tea Bags 40g,40g,£116.25/kg,4.65,,
Co-op,"Tea, Coffee, Hot Drinks",Tea,Twinings Superblends Turmeric 20 Biodegradable Plant Based Tea Bags 40g,40g,£116.25/kg,4.65,,
Co-op,"Tea, Coffee, Hot Drinks",Tea,Twinings Superblends Wellbeing Collection 20 Tea Bags 37g,37g,£91.89/kg,3.40,4.65,£1.25 off
Co-op,"Tea, Coffee, Hot Drinks",Tea,Yorkshire Tea Decaf 160 Tea Bags 500g,500g,£17.60/kg,8.80,,
Co-op,Tins & Cans,Back to Routine ⏰☕,Co-op Mushy Processed Peas 300g,300g,£1.83/kg,0.55,,
Co-op,Tins & Cans,Back to Routine ⏰☕,Co-op Naturally Sweet Sweetcorn In Water 198G,198g,£3.28/kg,0.65,,
Co-op,Tins & Cans,Back to Routine ⏰☕,Heinz Baked Beanz 200g,200g,£6.50/kg,1.30,,2 for £1.65
Co-op,Tins & Cans,Back to Routine ⏰☕,John West No Drain Tuna Steak with a Little Spring Water MSC 3x100g,3pk,£13.33/kg,4.00,5.75,£1.75 off
Co-op,Tins & Cans,Baked Beans,Bold Bean Co Rich Tomato Baked Beans 390g,6pk,£1.65/kg,3.85,,
Co-op,Tins & Cans,Baked Beans,Bold Bean Co Smoky Chilli Baked Beans 390g,2.34kg,£1.65/kg,3.85,,
Co-op,Tins & Cans,Baked Beans,Branston Baked Beans 410g,410g,£2.68/kg,1.10,,
Co-op,Tins & Cans,Baked Beans,Branston Baked Beans in a Rich and Tasty Tomato Sauce 4 x 410g,4pk,£1.74/kg,2.85,3.85,£1 off
Co-op,Tins & Cans,Baked Beans,Branston Baked Beans with Sausages 405g,405g,£3.58/kg,1.45,1.90,£0.45 off
Co-op,Tins & Cans,Baked Beans,Co-op Baked Beans & Pork Sausages in Tomato Sauce 405g,405g,£2.10/kg,0.85,,
Co-op,Tins & Cans,Baked Beans,Co-op Baked Beans In Tomato Sauce 4X400G,4pk,£1.19/kg,1.90,,
Co-op,Tins & Cans,Baked Beans,Co-op Baked Beans in Tomato Sauce 210g,210g,£1.90/kg,0.40,,
Co-op,Tins & Cans,Baked Beans,Co-op Baked Beans in Tomato Sauce 400g,400g,£1.25/kg,0.50,,£0.38 loyalty card (£0.95/kg)
Co-op,Tins & Cans,Baked Beans,Cypressa Baked Giant Beans 280g,280g,£8.93/kg,2.50,,
Co-op,Tins & Cans,Baked Beans,Heinz Baked Beanz 415g,415g,£4.46/kg,1.85,,2 for £2.55
Co-op,Tins & Cans,Baked Beans,Heinz Beanz 4 x 415g,4pk,£2.98/kg,4.95,,
Co-op,Tins & Cans,Baked Beans,Heinz Beanz Baked Beans in a Deliciously Rich Tomato Sauce Big Family Pack 6 x 415g,6pk,£2.87/kg,7.15,,
Co-op,Tins & Cans,Baked Beans,Heinz Beanz Barbecue 390g,390g,£4.74/kg,1.85,,2 for £2.55
Co-op,Tins & Cans,Baked Beans,Heinz Beanz Cheesy 390g,390g,£5.00/kg,1.95,,2 for £2.55
Co-op,Tins & Cans,Baked Beans,Heinz Beanz Snap Pots 4 x 200g (800g),4pk,£5.25/kg,4.20,,
Co-op,Tins & Cans,Baked Beans,Heinz Beanz in A Rich Tomato Sauce with Richmond Pork Sausages 415g,415g,£6.27/kg,2.60,,
Co-op,Tins & Cans,Baked Beans,Heinz Beanz in a Rich Tomato Sauce Great Value Pack 4 x 200g,800g,£3.88/kg,3.10,3.95,£0.85 off
Co-op,Tins & Cans,Baked Beans,Heinz Five Beanz 415g,415g,£4.46/kg,1.85,,2 for £2.55
Co-op,Tins & Cans,Baked Beans,Heinz No Added Sugar Baked Beanz 200g,200g,£6.50/kg,1.30,,2 for £1.65
Co-op,Tins & Cans,Baked Beans,Heinz No Added Sugar Baked Beanz 415g,415g,£4.46/kg,1.85,,2 for £2.55
Co-op,Tins & Cans,"Tinned Vegetables, Beans & Pulses",Co-op Irresistible Sherry Vinegar Giant Butter Beans 180g,180g,£22.78/kg,4.10,,3 for £7
Co-op,Tins & Cans,Tinned Soup,Crosse & Blackwell Ltd Broccoli & Stilton 400g,400g,£2.88/kg,1.15,1.65,£0.50 off
Co-op,Tins & Cans,Tinned Soup,Crosse & Blackwell Ltd Cream of Tomato 400g,400g,£2.88/kg,1.15,1.65,£0.50 off
Co-op,Tins & Cans,Tinned Soup,Crosse & Blackwell Ltd Roast Chicken & Vegetable 400g,400g,£2.88/kg,1.15,1.65,£0.50 off
Co-op,Tins & Cans,Tinned Soup,Crosse & Blackwell Ltd Winter Vegetable 400g,400g,£2.88/kg,1.15,1.65,£0.50 off
Co-op,Tins & Cans,Tinned Soup,Heinz Classic Carrot & Coriander Soup 400g,400g,£5.50/kg,2.20,,3 for £4.95
Co-op,Tins & Cans,Tinned Soup,Heinz Classic Chicken Noodle Soup 400g,400g,£5.50/kg,2.20,,3 for £4.95
Co-op,Tins & Cans,Tinned Soup,Heinz Classic Cream of Chicken & Mushroom Soup 400g,400g,£5.50/kg,2.20,,3 for £4.95
Co-op,Tins & Cans,Tinned Soup,Heinz Classic Lentil Soup 400g,400g,£5.50/kg,2.20,,3 for £4.95
Co-op,Tins & Cans,Tinned Soup,Heinz Classic Mulligatawny Soup 400g,400g,£5.50/kg,2.20,,3 for £4.95
Co-op,Tins & Cans,Tinned Soup,Heinz Classic Potato & Leek Soup 400g,400g,£5.50/kg,2.20,,3 for £4.95
Co-op,Tins & Cans,Tinned Soup,Heinz Classic Scotch Broth 400g,400g,£5.50/kg,2.20,,3 for £4.95
Co-op,Tins & Cans,Tinned Soup,Heinz Cream of Chicken Soup 400g,400g,£5.50/kg,2.20,,3 for £4.95
Co-op,Tins & Cans,Tinned Soup,Heinz Cream of Mushroom Soup 400g,400g,£5.50/kg,2.20,,3 for £4.95
Co-op,Tins & Cans,Tinned Soup,Heinz Cream of Tomato Soup 400g,400g,£5.50/kg,2.20,,3 for £4.95
Co-op,Tins & Cans,Tinned Soup,Heinz Cream of Tomato Soup with a Hint of Basil 400g,400g,£5.50/kg,2.20,,3 for £4.95
Co-op,Tins & Cans,Tinned Soup,Heinz Oxtail Soup 400G,400g,£5.50/kg,2.20,,3 for £4.95
Co-op,Tins & Cans,Other Tinned & Pickled Food,Heinz Spaghetti Hoops 400g,400g,£4.13/kg,1.65,,2 for £2.55
Co-op,Tins & Cans,Tinned Soup,Heinz Vegetable Soup 400g,400g,£5.50/kg,2.20,,3 for £4.95
Co-op,Tins & Cans,Tinned Fish & Seafood,John West No Drain Tuna Steak with a Little Sunflower Oil MSC 3x100g,3pk,£13.33/kg,4.00,5.75,£1.75 off
Co-op,Tins & Cans,Tinned Tomatoes & Puree,Napolina Chopped Tomatoes in a Rich Tomato Sauce 4 x 400g,4pk,£1.94/kg,3.10,4.10,£1 off
Co-op,Tins & Cans,Tinned Tomatoes & Puree,Napolina Peeled Plum Tomatoes in a Rich Tomato Juice 4 x 400g,4pk,£1.94/kg,3.10,4.10,£1 off
Co-op,Tins & Cans,Offers,Princes Chicken Mild Curry 392g,392g,£7.14/kg,2.80,3.30,£0.50 off
Co-op,Tins & Cans,Offers,Princes Chicken in White Sauce 392g,392g,£7.14/kg,2.80,3.30,£0.50 off
Co-op,Tins & Cans,Tinned Fish & Seafood,Princes Extra Virgin Olive Oil Jack Mackerel Fillets 125g,125g,£13.60/kg,1.70,2.20,£0.50 off
Co-op,Tins & Cans,Tinned Fish & Seafood,Princes Rich Tomato Jack Mackerel Fillets 125g,125g,£13.60/kg,1.70,2.20,£0.50 off
Co-op,Tins & Cans,Tinned Fish & Seafood,Princes Spicy Tomato Jack Mackerel Fillets 125g,125g,£13.60/kg,1.70,2.20,£0.50 off
Co-op,Tins & Cans,Tinned Fish & Seafood,Princes Tuna Chunks in Brine 145g,145g,£9.66/kg,1.40,1.95,£0.55 off
Co-op,Tins & Cans,Tinned Fish & Seafood,Princes Tuna Chunks in Spring Water 145g,145g,£9.66/kg,1.40,1.95,£0.55 off
Co-op,Tins & Cans,Tinned Fish & Seafood,Princes Tuna Chunks in Sunflower Oil 145g,145g,£9.66/kg,1.40,1.95,£0.55 off
Co-op,Tins & Cans,Other Tinned & Pickled Food,Vadasz Kimchi 275g,275g,£15.64/kg,4.30,,3 for £7
Co-op,Tins & Cans,Other Tinned & Pickled Food,Vadasz Super Beet Kimchi 275G,275g,£15.64/kg,4.30,,3 for £7
Co-op,Tins & Cans,Other Tinned & Pickled Food,Ajumma Republic Kimchi Korean Pickled Cabbage 160g,160g,£15.00/kg,2.40,,
Co-op,Tins & Cans,Other Tinned & Pickled Food,Baxters Crinkled Beetroot 340g,340g,£7.06/kg,2.40,,
Co-op,Tins & Cans,Other Tinned & Pickled Food,Bevelini Sliced Green Hot & Sweet Jalapeños 400g,400g,£6.50/kg,2.60,,
Co-op,Tins & Cans,Other Tinned & Pickled Food,Blue Dragon Coconut Milk 400ml,400ml,£8.63/L,3.45,,
Co-op,Tins & Cans,Other Tinned & Pickled Food,Blue Dragon Light Coconut Milk 400ml,400ml,£8.63/L,3.45,,
Co-op,Tins & Cans,Other Tinned & Pickled Food,Co-op Capers 100g,100g,£20.50/kg,2.05,,
Co-op,Tins & Cans,Other Tinned & Pickled Food,Co-op Mexican Menu Sliced Green Jalapeños 225g,225g,£6.44/kg,1.45,,
Co-op,Tins & Cans,Other Tinned & Pickled Food,Co-op Pickled Cornichons in Sweet Vinegar 340g,340g,£5.74/kg,1.95,,
Co-op,Tins & Cans,Other Tinned & Pickled Food,Co-op Pickled Onions in Vinegar 440g,440g,£3.07/kg,1.35,,
Co-op,Tins & Cans,Other Tinned & Pickled Food,Co-op Pickled Pink Onions in Red Wine Vinegar 340g,340g,£6.03/kg,2.05,,
Co-op,Tins & Cans,Other Tinned & Pickled Food,Co-op Pickled Silverskin Onions in Vinegar 440g,440g,£3.52/kg,1.55,,
Co-op,Tins & Cans,Other Tinned & Pickled Food,Co-op Spaghetti Rings in Tomato Sauce 385g,385g,£1.17/kg,0.45,,
Co-op,Tins & Cans,Other Tinned & Pickled Food,Co-op Thai Light Coconut Milk 400ml,400ml,£2.38/L,0.95,,
Co-op,Tins & Cans,Other Tinned & Pickled Food,Cypressa Marinated Chilli Spiced Garlic in Vegetable Oil 280g,280g,£11.79/kg,3.30,,
Co-op,Tins & Cans,Other Tinned & Pickled Food,Cypressa Stuffed Vine Leaves 280G,280g,£9.46/kg,2.65,,
Co-op,Tins & Cans,Other Tinned & Pickled Food,Dunn's River Coconut Milk 400ml,400ml,£3.50/L,1.40,,
Co-op,Tins & Cans,Other Tinned & Pickled Food,Garner's Original Pickled Onions 454g,454g,£10.90/kg,4.95,,
Co-op,Tins & Cans,Other Tinned & Pickled Food,Heinz Beef Ravioli 400g,400g,£6.50/kg,2.60,,
Co-op,Tins & Cans,Other Tinned & Pickled Food,Heinz Peppa Pig Pasta Shapes in Tomato Sauce 205g,205g,£6.34/kg,1.30,,
Co-op,Tins & Cans,Other Tinned & Pickled Food,Heinz Spaghetti Bolognese 400g,400g,£6.50/kg,2.60,,
Co-op,Tins & Cans,Other Tinned & Pickled Food,Heinz Spaghetti Hoops 205g,205g,£6.34/kg,1.30,,
Co-op,Tins & Cans,Other Tinned & Pickled Food,Heinz Spaghetti In a Rich Tomato Sauce With Richmond Pork Sausages 200g,200g,£9.25/kg,1.85,,
Co-op,Tins & Cans,Other Tinned & Pickled Food,Heinz Spaghetti In a Rich Tomato Sauce With Richmond Pork Sausages 400g,400g,£6.50/kg,2.60,,
Co-op,Tins & Cans,Other Tinned & Pickled Food,Moryń Pickled Gherkins 830g,830g,£3.31/kg,2.75,,
Co-op,Tins & Cans,Other Tinned & Pickled Food,Moryń Sauerkraut 870g,900g,£2.17/kg,1.95,,
Co-op,Tins & Cans,Other Tinned & Pickled Food,Mrs Elswood Burger Gherkins 670g,670g,£4.93/kg,3.30,,
Co-op,Tins & Cans,Other Tinned & Pickled Food,Mrs Elswood Whole Sweet Gherkins 670g,670g,£4.78/kg,3.20,,
Co-op,Tins & Cans,Other Tinned & Pickled Food,Nature's Finest Pineapple in Juice 4 x 113g (452g),4pk,£6.97/kg,3.15,,
Co-op,Tins & Cans,Other Tinned & Pickled Food,Nature's Finest Pitted Prunes in Juice 700g,700g,£5.86/kg,4.10,,
Co-op,Tins & Cans,Other Tinned & Pickled Food,Natures Finest Peach Slices in Juice 400G,400g,£5.88/kg,2.35,,
Co-op,Tins & Cans,Other Tinned & Pickled Food,Old El Paso Sliced Green Jalapenos 215G,215g,£10.70/kg,2.30,,
Co-op,Tins & Cans,Other Tinned & Pickled Food,Opies Mini Silverskin Onions 227g,227g,£7.71/kg,1.75,,
Co-op,Tins & Cans,Other Tinned & Pickled Food,Pelagonia Sweet & Piquant Cherry Peppers 280g,280g,£11.07/kg,3.10,,
Co-op,Tins & Cans,Other Tinned & Pickled Food,Pride Coconut Milk 400ml,400ml,£4.25/L,1.70,,
Co-op,Tins & Cans,Other Tinned & Pickled Food,Princes Apricot Halves In Light Syrup 410G,410g,£3.41/kg,1.40,,
Co-op,Tins & Cans,Other Tinned & Pickled Food,Princes Fruit Cocktail in Light Syrup 410g,410g,£3.41/kg,1.40,,
Co-op,Tins & Cans,Other Tinned & Pickled Food,Princes Fruit Cocktail with Juice 410g,410g,£3.29/kg,1.35,,
Co-op,Tins & Cans,Other Tinned & Pickled Food,Princes Grapefruit Segments with Juice 411g,411g,£4.50/kg,1.85,,
Co-op,Tins & Cans,Other Tinned & Pickled Food,Princes Mandarin Segments In Juice 298G,298g,£4.03/kg,1.20,,
Co-op,Tins & Cans,Other Tinned & Pickled Food,Princes Peach Slices with Juice 410g,400g,£3.50/kg,1.40,,
Co-op,Tins & Cans,Other Tinned & Pickled Food,Princes Pear Halves with Juice 410g,410g,£3.66/kg,1.50,,
Co-op,Tins & Cans,Other Tinned & Pickled Food,Princes Pineapple Chunks in Juice 432g,432g,£3.59/kg,1.55,,
Co-op,Tins & Cans,Other Tinned & Pickled Food,Princes Pineapple Slices in Juice 432g,432g,£3.47/kg,1.50,,
Co-op,Tins & Cans,Other Tinned & Pickled Food,Princes Prunes in Juice 410g,410g,£2.93/kg,1.20,,
Co-op,Tins & Cans,Other Tinned & Pickled Food,Princes Rhubarb in Light Syrup 540g,540g,£3.80/kg,2.05,,
Co-op,Tins & Cans,Other Tinned & Pickled Food,Princes Strawberries in Light Syrup 410g,410g,£4.88/kg,2.00,,
Co-op,Tins & Cans,Other Tinned & Pickled Food,Tiger Tiger Coconut Milk 400ml,400ml,£3.88/L,1.55,,
Co-op,Tins & Cans,Student Shop 🍜🎓🥫,Heinz Cream of Tomato Soup  4 x 400g,4pk,£3.09/kg,4.95,,
Co-op,Tins & Cans,Student Shop 🍜🎓🥫,Сo-ор Italian Chopped Tomatoes in Tomato Juice 400g,400g,£1.63/kg,0.65,,£0.47 loyalty card (£1.18/kg)
Co-op,Tins & Cans,Tinned Fish & Seafood,Co Op Sardines in Tomato Sauce 120g,120g,£5.83/kg,0.70,,
Co-op,Tins & Cans,Tinned Fish & Seafood,Co-op Anchovies 50g,50g,£33.00/kg,1.65,,
Co-op,Tins & Cans,Tinned Fish & Seafood,Co-op Honest Value Tuna Flakes in Brine 145g,145g,£4.83/kg,0.70,,
Co-op,Tins & Cans,Tinned Fish & Seafood,Co-op Hot Smoked Peppered Mackerel 180G,180g,£30.28/kg,5.45,,
Co-op,Tins & Cans,Tinned Fish & Seafood,Co-op Mackerel Fillets in Brine 125G,125g,£14.40/kg,1.80,,
Co-op,Tins & Cans,Tinned Fish & Seafood,Co-op Mackerel Fillets in Sunflower Oil 125G,125g,£14.40/kg,1.80,,
Co-op,Tins & Cans,Tinned Fish & Seafood,Co-op Mackerel Fillets in Tomato Sauce 125g,125g,£14.40/kg,1.80,,
Co-op,Tins & Cans,Tinned Fish & Seafood,Co-op Pink Salmon 213G,213g,£12.91/kg,2.75,,
Co-op,Tins & Cans,Tinned Fish & Seafood,Co-op Sardines in Sunflower Oil 120g,120g,£6.25/kg,0.75,,
Co-op,Tins & Cans,Tinned Fish & Seafood,Co-op Skipjack Tuna and Sweetcorn in Mayonnaise 200g,200g,£8.75/kg,1.75,,
Co-op,Tins & Cans,Tinned Fish & Seafood,Co-op Tuna Chunks 3 x 145g,3pk,£6.44/kg,2.80,,
Co-op,Tins & Cans,Tinned Fish & Seafood,Co-op Tuna Chunks In Brine 145G,145g,£6.21/kg,0.90,,
Co-op,Tins & Cans,Tinned Fish & Seafood,Co-op Tuna Chunks In Brine 3 X 145G,3pk,£6.44/kg,2.80,,
Co-op,Tins & Cans,Tinned Fish & Seafood,Co-op Tuna Chunks in Spring Water 145g,145g,£6.21/kg,0.90,,
Co-op,Tins & Cans,Tinned Fish & Seafood,Co-op Tuna Chunks in Sunflower Oil 145g,145g,£6.21/kg,0.90,,
Co-op,Tins & Cans,Tinned Fish & Seafood,Co-op Tuna Steak with a Little Spring Water 110g,110g,£15.91/kg,1.75,,
Co-op,Tins & Cans,Tinned Fish & Seafood,Co-op Tuna Steak with a Little Spring Water 3 x 110g,3pk,£15.61/kg,5.15,,
Co-op,Tins & Cans,Tinned Fish & Seafood,Co-op Tuna Steak with a Little Sunflower Oil 110g,110g,£15.91/kg,1.75,,
Co-op,Tins & Cans,Tinned Fish & Seafood,Co-op Tuna Steak with a Little Sunflower Oil 3 x 110g,3pk,£15.61/kg,5.15,,
Co-op,Tins & Cans,Tinned Fish & Seafood,Co-op Wild Pacific Red Salmon 170g,170g,£35.59/kg,6.05,,
Co-op,Tins & Cans,Tinned Fish & Seafood,Co-op Wild Pacific Red Salmon 213g,213g,£23.24/kg,4.95,,
Co-op,Tins & Cans,Tinned Fish & Seafood,Graal Mackerel Fillets in Tomato Sauce 170g,170g,£12.06/kg,2.05,,
Co-op,Tins & Cans,Tinned Fish & Seafood,John West Anchovy Fillets In Olive Oil 95G,95g,£41.58/kg,3.95,,
Co-op,Tins & Cans,Tinned Fish & Seafood,John West Fridge Pot Tuna Steak with a Little Spring Water 110g,110g,£20.91/kg,2.30,,
Co-op,Tins & Cans,Tinned Fish & Seafood,John West Infusions Tuna Basil 80g,80g,£27.50/kg,2.20,,
Co-op,Tins & Cans,Tinned Fish & Seafood,John West Infusions Tuna Chilli & Garlic 80g,80g,£27.50/kg,2.20,,
Co-op,Tins & Cans,Tinned Fish & Seafood,John West No Drain Fridge Pot Tuna Steak with a Little Sunflower Oil 110g,110g,£20.91/kg,2.30,,
Co-op,Tins & Cans,Tinned Fish & Seafood,John West Sweet Chilli Salmon Pot 80g,80g,£30.63/kg,2.45,,
Co-op,Tins & Cans,Tinned Fish & Seafood,John West Tuna Steak with a Little Spring Water 100g,100g,£21.00/kg,2.10,,
Co-op,Tins & Cans,Tinned Fish & Seafood,John West Tuna Steak with a Little Sunflower Oil 100g,100g,£21.00/kg,2.10,,
Co-op,Tins & Cans,Tinned Fish & Seafood,John West Wild Pacific Red Salmon 213g,213g,£29.58/kg,6.30,,
Co-op,Tins & Cans,Tinned Fish & Seafood,Kingfisher Crab Meat Lump 145g,145g,£28.28/kg,4.10,,
Co-op,Tins & Cans,Tinned Fish & Seafood,Ocean Crown Smoked Mussels in Rapeseed Oil 200g,200g,£15.50/kg,3.10,,
Co-op,Tins & Cans,Tinned Fish & Seafood,Parmentier Sardines in Olive Oil & Provencal Herbs 135g,135g,£20.37/kg,2.75,,
Co-op,Tins & Cans,Tinned Fish & Seafood,Parmentier Sardines in Tomato Sauce 135g,135g,£20.37/kg,2.75,,
Co-op,Tins & Cans,Tinned Fish & Seafood,Princes Salmon Paste 75g,75g,£18.67/kg,1.40,,
Co-op,Tins & Cans,Tinned Fish & Seafood,Princes Tuna Chunks in Brine 4 x 145g,4pk,£9.48/kg,5.50,,
Co-op,Tins & Cans,Tinned Fish & Seafood,Princes Tuna Chunks in Spring Water 4 x 145g,4pk,£9.48/kg,5.50,,
Co-op,Tins & Cans,Tinned Fish & Seafood,Princes Tuna Chunks in Sunflower Oil 4 x 145g,4pk,£9.48/kg,5.50,,
Co-op,Tins & Cans,Tinned Soup,Batchelors 4 Chicken & Leek Cup a Soup 86g,86g,£22.09/kg,1.90,,
Co-op,Tins & Cans,Tinned Soup,Batchelors Cup A Soup Chicken 4 Sachets 81G,81g,£23.46/kg,1.90,,
Co-op,Tins & Cans,Tinned Soup,Batchelors Cup A Soup Cream Of Asparagus With Croutons 4 Sachets 117G,117g,£16.24/kg,1.90,,
Co-op,Tins & Cans,Tinned Soup,Batchelors Cup A Soup Potato & Leek 107G,107g,£17.76/kg,1.90,,
Co-op,Tins & Cans,Tinned Soup,Batchelors Cup a Soup Chicken & Vegetable with Croutons 4 Sachets 110g,110g,£17.27/kg,1.90,,
Co-op,Tins & Cans,Tinned Soup,Batchelors Cup a Soup Cream of Mushroom with Croutons 4 Sachets 99g,99g,£19.19/kg,1.90,,
Co-op,Tins & Cans,Tinned Soup,Batchelors Cup a Soup Cream of Vegetable with Croutons 4 Instant Soup Sachets 122g,122g,£15.57/kg,1.90,,
Co-op,Tins & Cans,Tinned Soup,Batchelors Cup a Soup Golden Vegetable 4 Sachets 82g,82g,£23.17/kg,1.90,,
Co-op,Tins & Cans,Tinned Soup,Batchelors Cup a Soup Minestrone with Croutons 4 Sachets 94g,94g,£20.21/kg,1.90,,
Co-op,Tins & Cans,Tinned Soup,Batchelors Cup a Soup Tomato 4 Sachets 93g,93g,£20.43/kg,1.90,,
Co-op,Tins & Cans,Tinned Soup,Baxters Chef Selections Cream of Asparagus with Fresh Double Cream 400g,400g,£8.00/kg,3.20,,
Co-op,Tins & Cans,Tinned Soup,Baxters Favourites Chicken Broth 400g,400g,£6.25/kg,2.50,,
Co-op,Tins & Cans,Tinned Soup,Baxters Favourites Cock-A-Leekie 400G,400g,£6.25/kg,2.50,,
Co-op,Tins & Cans,Tinned Soup,Baxters Favourites Cream of Tomato 400g,400g,£6.25/kg,2.50,,
Co-op,Tins & Cans,Tinned Soup,Baxters Favourites French Onion 400G,400g,£6.25/kg,2.50,,
Co-op,Tins & Cans,Tinned Soup,Baxters Favourites Lentil & Bacon 400g,400g,£6.25/kg,2.50,,
Co-op,Tins & Cans,Tinned Soup,Baxters Favourites Minestrone 400g,400g,£6.25/kg,2.50,,
Co-op,Tins & Cans,Tinned Soup,Baxters Favourites Pea & Ham 400g,400g,£6.25/kg,2.50,,
Co-op,Tins & Cans,Tinned Soup,Baxters Favourites Potato & Leek 400g,400g,£6.25/kg,2.50,,
Co-op,Tins & Cans,Tinned Soup,Baxters Favourites Scotch Broth 400g,400g,£6.25/kg,2.50,,
Co-op,Tins & Cans,Tinned Soup,Baxters Vegetarian Carrot & Coriander 400g,400g,£6.88/kg,2.75,,
Co-op,Tins & Cans,Tinned Soup,Baxters Vegetarian Spicy Parsnip 400G,400g,£6.88/kg,2.75,,
Co-op,Tins & Cans,Tinned Soup,Co-op Cream Of Chicken Soup 400G,400g,£2.00/kg,0.80,,
Co-op,Tins & Cans,Tinned Soup,Co-op Cream Of Mushroom Soup 400G,400g,£2.00/kg,0.80,,
Co-op,Tins & Cans,Tinned Soup,Co-op Cream of Tomato Soup 400g,400g,£2.00/kg,0.80,,£0.59 loyalty card (£1.48/kg)
Co-op,Tins & Cans,Tinned Soup,Co-op Creamy Vegetable Cup Soup with Croutons 4 x 23g (92g),4pk,£12.50/kg,1.15,,
Co-op,Tins & Cans,Tinned Soup,Co-op Lentil & Bacon Soup 400G,400g,£2.00/kg,0.80,,
Co-op,Tins & Cans,Tinned Soup,Co-op Lentil & Veg Soup 400g,400g,£2.00/kg,0.80,,
Co-op,Tins & Cans,Tinned Soup,Co-op Low Fat Chicken Noodle Cup Soup 4 x 13g (52g),4pk,£21.15/kg,1.10,,
Co-op,Tins & Cans,Tinned Soup,Co-op Low Fat Tomato & Three Bean Soup 400G,400g,£2.00/kg,0.80,,
Co-op,Tins & Cans,Tinned Soup,Co-op Minestrone Soup 400G,400g,£2.00/kg,0.80,,
Co-op,Tins & Cans,Tinned Soup,Co-op Vegetable Soup 400g,400g,£2.00/kg,0.80,,
Co-op,Tins & Cans,Tinned Soup,Crosse & Blackwell Ltd Cream of Chicken Condensed Soup 295g,295g,£5.08/kg,1.50,,
Co-op,Tins & Cans,Tinned Soup,Crosse & Blackwell Ltd Cream of Mushroom Condensed Soup 295g,295g,£5.08/kg,1.50,,
Co-op,Tins & Cans,Tinned Soup,Crosse & Blackwell Ltd Cream of Tomato Condensed Soup 295g,295g,£5.08/kg,1.50,,
Co-op,Tins & Cans,Tinned Soup,Heinz Big Soup Beef & Vegetable 400g,400g,£7.38/kg,2.95,,
Co-op,Tins & Cans,Tinned Soup,Heinz Big Soup Chicken & Veg 400g,400g,£7.38/kg,2.95,,
Co-op,Tins & Cans,Tinned Soup,Heinz Classic Cream of Tomato Cup Soup 4 x 22g (88g),88g,£22.16/kg,1.95,,
Co-op,Tins & Cans,Tinned Soup,Knorr Super Chicken Noodle Soup Mix 51G,51g,£30.39/kg,1.55,,
Co-op,Tins & Cans,Tinned Tomatoes & Puree,Co-op Chopped Tomatoes in Tomato Juice 230g,230g,£2.61/kg,0.60,,
Co-op,Tins & Cans,Tinned Tomatoes & Puree,Co-op Double Concentrated Italian Tomato Purée 200g,200g,£4.25/kg,0.85,,
Co-op,Tins & Cans,Tinned Tomatoes & Puree,Co-op Italian Chopped Tomatoes with Herbs 400g,400g,£2.00/kg,0.80,,
Co-op,Tins & Cans,Tinned Tomatoes & Puree,Co-op Italian Passata 500g,500g,£1.50/kg,0.75,,
Co-op,Tins & Cans,Tinned Tomatoes & Puree,Co-op Peeled Plum Tomatoes in Tomato Juice 400g,400g,£1.63/kg,0.65,,
Co-op,Tins & Cans,Tinned Tomatoes & Puree,Mutti Parma Passata Tomato Puree 400g,400g,£5.88/kg,2.35,,
Co-op,Tins & Cans,Tinned Tomatoes & Puree,Mutti Polpa Finely Chopped Tomatoes 400g,400g,£4.75/kg,1.90,,
Co-op,Tins & Cans,Tinned Tomatoes & Puree,Napolina Chopped Tomatoes In A Rich Tomato Juice 400G,400g,£3.13/kg,1.25,,
Co-op,Tins & Cans,Tinned Tomatoes & Puree,Napolina Peeled Plum Tomatoes In A Rich Tomato Juice 400G,400g,£3.13/kg,1.25,,
Co-op,Tins & Cans,Tinned Tomatoes & Puree,Napolina Tomato Passata 500g,500g,£3.60/kg,1.80,,
Co-op,Tins & Cans,Tinned Tomatoes & Puree,Napolina Tomato Passata 690g,690g,£3.19/kg,2.20,,
Co-op,Tins & Cans,Tinned Tomatoes & Puree,Napolina Tomato Puree 142g,142g,£11.62/kg,1.65,,
Co-op,Tins & Cans,"Tinned Vegetables, Beans & Pulses",Batchelors Marrowfat Bigga Peas 300g,300g,£2.83/kg,0.85,,
Co-op,Tins & Cans,"Tinned Vegetables, Beans & Pulses",Batchelors Original Mushy Peas 300g,300g,£3.17/kg,0.95,,
Co-op,Tins & Cans,"Tinned Vegetables, Beans & Pulses",Batchelors Potatoes in Water 400g,400g,£3.13/kg,1.25,,
Co-op,Tins & Cans,"Tinned Vegetables, Beans & Pulses",Batchelors Sliced Carrots in Water 400g,400g,£3.38/kg,1.35,,
Co-op,Tins & Cans,"Tinned Vegetables, Beans & Pulses",Baxters Baby Beetroot 340g,340g,£7.35/kg,2.50,,
Co-op,Tins & Cans,"Tinned Vegetables, Beans & Pulses",Co-op Artichokes 280g,280g,£14.29/kg,4.00,,
Co-op,Tins & Cans,"Tinned Vegetables, Beans & Pulses",Co-op Black Eyed Beans in Water 400g,400g,£1.75/kg,0.70,,
Co-op,Tins & Cans,"Tinned Vegetables, Beans & Pulses",Co-op Butter Beans in Water 400g,400g,£1.75/kg,0.70,,
Co-op,Tins & Cans,"Tinned Vegetables, Beans & Pulses",Co-op Cannellini Beans in Water 400g,400g,£1.38/kg,0.55,,
Co-op,Tins & Cans,"Tinned Vegetables, Beans & Pulses",Co-op Chick Peas in Water 400g,400g,£1.38/kg,0.55,,
Co-op,Tins & Cans,"Tinned Vegetables, Beans & Pulses",Co-op Chilli Beans 390G,390g,£3.21/kg,1.25,,
Co-op,Tins & Cans,"Tinned Vegetables, Beans & Pulses",Co-op Garden Peas in Water 290g,290g,£1.90/kg,0.55,,
Co-op,Tins & Cans,"Tinned Vegetables, Beans & Pulses",Co-op Green Lentils in Water 400g,400g,£1.75/kg,0.70,,
Co-op,Tins & Cans,"Tinned Vegetables, Beans & Pulses",Co-op High Protein Black Beans in Water 400g,400g,£1.75/kg,0.70,,
Co-op,Tins & Cans,"Tinned Vegetables, Beans & Pulses",Co-op Honest Value Sliced Carrots In Water 300G,300g,£2.17/kg,0.65,,
Co-op,Tins & Cans,"Tinned Vegetables, Beans & Pulses",Co-op Marrowfat Processed Peas 300g,300g,£2.00/kg,0.60,,
Co-op,Tins & Cans,"Tinned Vegetables, Beans & Pulses",Co-op Naturally Sweet Sweetcorn In Water 325G,325g,£2.46/kg,0.80,,
Co-op,Tins & Cans,"Tinned Vegetables, Beans & Pulses",Co-op Red Kidney Beans in Water 400g,400g,£1.38/kg,0.55,,
Co-op,Tins & Cans,"Tinned Vegetables, Beans & Pulses",Green Giant Naturally Sweet 198g,198g,£6.31/kg,1.25,,
Co-op,Tins & Cans,"Tinned Vegetables, Beans & Pulses",Green Giant Original Naturally Sweet 340g,340g,£5.15/kg,1.75,,
Co-op,Tins & Cans,"Tinned Vegetables, Beans & Pulses",Green Giant Original Sweetcorn 198g,198g,£6.31/kg,1.25,,
Co-op,Tins & Cans,"Tinned Vegetables, Beans & Pulses",Green Giant Original Sweetcorn 4 x 198g,4pk,£5.43/kg,4.30,,
Co-op,Tins & Cans,"Tinned Vegetables, Beans & Pulses",John West On The Go French Tuna Pasta Salad 220G,220g,£11.36/kg,2.50,,
Co-op,Tins & Cans,"Tinned Vegetables, Beans & Pulses",John West On The Go Mediterranean Tuna Pasta Salad 220g,220g,£11.36/kg,2.50,,
Co-op,Tins & Cans,"Tinned Vegetables, Beans & Pulses",John West On The Go Moroccan Super Salmon Salad with Chickpeas & Bulgur Wheat 220g,220g,£11.36/kg,2.50,,
Co-op,Tins & Cans,"Tinned Vegetables, Beans & Pulses",John West On the Go Harissa Spiced Super Tuna Salad 220g,220g,£11.36/kg,2.50,,
Co-op,Tins & Cans,"Tinned Vegetables, Beans & Pulses",John West On the Go Honey & Ginger Super Tuna Salad 220g,220g,£11.36/kg,2.50,,
Co-op,Tins & Cans,"Tinned Vegetables, Beans & Pulses",KTC Chick Peas in Salted Water 400g,400g,£1.88/kg,0.75,,
Co-op,Tins & Cans,"Tinned Vegetables, Beans & Pulses",KTC Red Kidney Beans 400G,400g,£1.88/kg,0.75,,
Co-op,Tins & Cans,"Tinned Vegetables, Beans & Pulses",Kingfisher Oriental Sliced Bamboo Shoots in Water 225g,225g,£6.22/kg,1.40,,
Co-op,Tins & Cans,"Tinned Vegetables, Beans & Pulses",Kingfisher Oriental Sliced Water Chestnuts in Water 225g,225g,£6.22/kg,1.40,,
Co-op,Tins & Cans,"Tinned Vegetables, Beans & Pulses",Napolina Chickpeas In Water 400G,400g,£3.13/kg,1.25,,
Co-op,Tins & Cans,"Tinned Vegetables, Beans & Pulses",Napolina Five Bean Salad in Vinaigrette 400g,400g,£3.25/kg,1.30,,
Co-op,Tins & Cans,"Tinned Vegetables, Beans & Pulses",Napolina Lentils in Water 400g,400g,£3.13/kg,1.25,,
Co-op,Tins & Cans,"Tinned Vegetables, Beans & Pulses",Napolina Red Kidney Beans In Water 400G,400g,£3.13/kg,1.25,,
Co-op,Tins & Cans,"Tinned Vegetables, Beans & Pulses",Old El Paso Refried Beans 435g,435g,£6.32/kg,2.75,,
Co-op,Tins & Cans,"Tinned Vegetables, Beans & Pulses",Tropical Sun Black Beans 400G,400g,£3.00/kg,1.20,,
Co-op,Vegetables,Back to Routine ⏰☕,Co-op Super Green Stir Fry Tray,220g,£13.41/kg,2.95,,
Co-op,Vegetables,Broccoli & Cauliflower,Co-op British Tenderstem Broccoli 180g,180g,£11.39/kg,2.05,,
Co-op,Vegetables,Broccoli & Cauliflower,Co-op Broccoli,1pk,£0.90 each,0.90,,£0.80 loyalty card (£0.80 each)
Co-op,Vegetables,Broccoli & Cauliflower,Co-op Cauliflower,1pk,£1.45 each,1.45,,£1.18 loyalty card (£1.18 each)
Co-op,Vegetables,Broccoli & Cauliflower,Co-op Irresistible Purple Sprouting Broccoli,200g,£13.00/kg,2.60,,
Co-op,Vegetables,Broccoli & Cauliflower,Co-op Organic Broccoli 300G,300g,£5.67/kg,1.70,,
Co-op,Vegetables,Broccoli & Cauliflower,Co-op Organic Tenderstem Broccoli 160g,160g,£15.63/kg,2.50,,
Co-op,Vegetables,Carrots & Root Vegetables,Co-op Carrots Loose,1kg,£0.75/kg,0.75,,
Co-op,Vegetables,Carrots & Root Vegetables,Co-op Irresistible British Amber Sweet Carrots 450g,450g,£3.56/kg,1.60,,
Co-op,Vegetables,Carrots & Root Vegetables,Co-op Irresistible Sweet Chilli Beetroot 180g,180g,£10.28/kg,1.85,,
Co-op,Vegetables,Carrots & Root Vegetables,Co-op Organic Carrots 500G,500g,£2.80/kg,1.40,,
Co-op,Vegetables,Carrots & Root Vegetables,Co-op Pickled Sliced Beetroot 340g,340g,£3.97/kg,1.35,,
Co-op,Vegetables,Carrots & Root Vegetables,Co-op Swede 500g,500g,£1.80/kg,0.90,,
Co-op,Vegetables,Carrots & Root Vegetables,Love Radish 240g,240g,£3.54/kg,0.85,,
Co-op,Vegetables,Mushrooms,Co-op Baby Button Mushrooms 200g,200g,£7.50/kg,1.50,,
Co-op,Vegetables,Mushrooms,Co-op Chestnut Mushrooms 250g,250g,£5.60/kg,1.40,,
Co-op,Vegetables,Mushrooms,Co-op Closed Cup Mushroom 300g,300g,£3.83/kg,1.15,,£0.97 loyalty card (£3.23/kg)
Co-op,Vegetables,Mushrooms,Co-op Flat Mushrooms 250g,250g,£6.20/kg,1.55,,
Co-op,Vegetables,Mushrooms,Co-op Organic Closed Cup Mushrooms 250g,250g,£11.00/kg,2.75,,
Co-op,Vegetables,Mushrooms,Co-op Portabellini Mushrooms 200G,200g,£10.25/kg,2.05,,
Co-op,Vegetables,Potatoes,Co-op Irresistible British Baking Potatoes 800g,700g,£2.36/kg,1.65,2.05,£0.40 off
Co-op,Vegetables,Other Vegetables,Co-op Trimmed Sugar Snap Peas,150g,£8.67/kg,1.30,1.60,£0.30 off
Co-op,Vegetables,Onions & Leeks,Co-op British Onions,750g,£1.07/kg,0.80,,
Co-op,Vegetables,Onions & Leeks,Co-op British Trimmed Leeks 400g,400g,£3.88/kg,1.55,,
Co-op,Vegetables,Onions & Leeks,Co-op Onions 3 Pack,3pk,£0.37 each,1.10,,£0.95 loyalty card (£0.32 each)
Co-op,Vegetables,Onions & Leeks,Co-op Onions Loose,1kg,£1.25/kg,1.25,,
Co-op,Vegetables,Onions & Leeks,Co-op Red Onions 3 Pack,3pk,£0.42 each,1.25,,
Co-op,Vegetables,Onions & Leeks,Co-op Red Onions Loose,1kg,£1.25/kg,1.25,,
Co-op,Vegetables,Onions & Leeks,Co-op Shallots 300G,300g,£4.50/kg,1.35,,
Co-op,Vegetables,Other Vegetables,B Sow Healthy Pea Shoots &  Purple Radish Garlic Cloves 70G,70g,£25.00/kg,1.75,,
Co-op,Vegetables,Other Vegetables,Co Op Courgettes 400g,400g,£3.38/kg,1.35,,
Co-op,Vegetables,Other Vegetables,Co-op Asparagus 100g,100g,£22.50/kg,2.25,,
Co-op,Vegetables,Other Vegetables,Co-op Asparagus 250G,250g,£10.40/kg,2.60,,
Co-op,Vegetables,Other Vegetables,Co-op Aubergine EACH,1pk,£1.10 each,1.10,,
Co-op,Vegetables,Other Vegetables,Co-op Baby Corn 125g,125g,£12.80/kg,1.60,,
Co-op,Vegetables,Other Vegetables,Co-op British Savoy Cabbage,1pk,£1.00 each,1.00,,
Co-op,Vegetables,Other Vegetables,Co-op British Sliced Curly Kale,160g,£5.94/kg,0.95,,
Co-op,Vegetables,Other Vegetables,Co-op British Sweetheart Cabbage,1pk,£0.90 each,0.90,,
Co-op,Vegetables,Other Vegetables,Co-op Butternut Squash EACH,1pk,£1.85 each,1.85,,
Co-op,Vegetables,Other Vegetables,Co-op Corn Bites 280g,280g,£10.71/kg,3.00,,
Co-op,Vegetables,Other Vegetables,Co-op Dwarf Beans,200g,£6.00/kg,1.20,,
Co-op,Vegetables,Other Vegetables,Co-op Fairtrade Fine Beans 200g,200g,£8.25/kg,1.65,,
Co-op,Vegetables,Other Vegetables,Co-op Irresistible Cavolo Nero Kale 200G,200g,£8.25/kg,1.65,,
Co-op,Vegetables,Other Vegetables,Co-op Irresistible Extra Fine Green Beans 200g,200g,£9.75/kg,1.95,,
Co-op,Vegetables,Other Vegetables,Co-op Pak Choi 200g,200g,£7.75/kg,1.55,,
Co-op,Vegetables,Other Vegetables,Co-op Peeled Brussels Sprouts 200g,200g,£9.25/kg,1.85,,
Co-op,Vegetables,Other Vegetables,Co-op Sweetcorn 2 Pack,2pk,£1.00 each,2.00,,
Co-op,Vegetables,Other Vegetables,Co-op Trimmed Fine Beans 170G,170g,£8.24/kg,1.40,,
Co-op,Vegetables,Other Vegetables,Co-op Trimmed Mange Tout Pre Pack 120G,120g,£10.83/kg,1.30,,
Co-op,Vegetables,Potatoes,Albert Bartlett Butter Gold Potatoes 2kg,2kg,£1.53/kg,3.05,,
Co-op,Vegetables,Potatoes,Albert Bartlett Original Rooster Potatoes 2kg,2kg,£1.35/kg,2.70,,
Co-op,Vegetables,Potatoes,Co-op Baby Potatoes 750g,750g,£1.47/kg,1.10,,
Co-op,Vegetables,Potatoes,Co-op Baby Potatoes With Butter & Herbs 360G,360g,£3.75/kg,1.35,,
Co-op,Vegetables,Potatoes,Co-op Baking Potato EACH,1pk,£0.30 each,0.30,,
Co-op,Vegetables,Potatoes,Co-op British 4 Baking Potatoes,4pk,£0.21 each,0.85,,
Co-op,Vegetables,Potatoes,Co-op Irresistible British Baby Potatoes 750g,750g,£1.87/kg,1.40,,
Co-op,Vegetables,Potatoes,Co-op Irresistible British Mashing Potatoes 1.5kg,1.5kg,£1.43/kg,2.15,,
Co-op,Vegetables,Potatoes,Co-op Organic Baby Potatoes 500g,500g,£3.40/kg,1.70,,
Co-op,Vegetables,Potatoes,Co-op Potatoes 1.5kg,1.5kg,£1.13/kg,1.70,,
Co-op,Vegetables,Potatoes,Co-op Sweet Potatoes 1kg,1kg,£1.60/kg,1.60,,
Co-op,Vegetables,Potatoes,Co-op Sweet Potatoes 2 Pack,2pk,£1.08 each,2.15,,
Co-op,Vegetables,Potatoes,Co-op White Potatoes,1.5kg,£0.93/kg,1.40,,
Co-op,Vegetables,Prepared Vegetables,Co-op Carrot Batons 300G,300g,£4.50/kg,1.35,,
Co-op,Vegetables,Prepared Vegetables,Co-op Carrot Broccoli & Cauliflower 250G,250g,£6.00/kg,1.50,,
Co-op,Vegetables,Prepared Vegetables,Co-op Served Onion & Pepper Fajita Mix 400g,400g,£6.75/kg,2.70,,
Co-op,Vegetables,Prepared Vegetables,Co-op Sliced Mushrooms 175G,175g,£5.14/kg,0.90,,
Co-op,Vegetables,Prepared Vegetables,Co-op Super Bright Mixed Vegetables 160g,160g,£15.31/kg,2.45,,
Co-op,Vegetables,Prepared Vegetables,Co-op Super Bright Stir Fry Tray,220g,£13.41/kg,2.95,,
Co-op,Vegetables,Prepared Vegetables,Co-op Tenderstem Broccoli & Fine Beans 200g,200g,£13.75/kg,2.75,,
Co-op,Vegetables,Prepared Vegetables,Co-op Vegetable Cauliflower & Broccoli Florets 250G,250g,£6.00/kg,1.50,,
Co-op,Vegetables,Prepared Vegetables,Co-op Vegetable Stir Fry 320g,320g,£6.09/kg,1.95,,
Co-op,Vegetables,Prepared Vegetables,Served Co-op Mediterranean Style Vegetables with A Garlic & Basil Oil Dressing 400g,400g,£6.75/kg,2.70,,
Co-op,"Water, Soft Drinks, Mixers",Cola,Bigga Jamaica Kola Flavour Soft Drink 600ml,600ml,£2.58/L,1.55,,
Co-op,"Water, Soft Drinks, Mixers",Cola,Co-op Cola 2 Litre,2L,£0.50/L,1.00,,£0.49 loyalty card (£0.25/L)
Co-op,"Water, Soft Drinks, Mixers",Cola,Co-op Diet Cola 2 Litre,2L,£0.40/L,0.80,,£0.49 loyalty card (£0.25/L)
Co-op,"Water, Soft Drinks, Mixers",Cola,Coca Cola Diet Coke 12X330ML,12pk,£1.72/L,6.80,7.80,£1 off
Co-op,"Water, Soft Drinks, Mixers",Cola,Coca Cola Zero Sugar 4X330ML,4pk,£2.50/L,3.30,,
Co-op,"Water, Soft Drinks, Mixers",Cola,Coca Cola Zero Sugar Cherry Float 2LTR,2L,£1.00/L,2.00,3.15,£1.15 off
Co-op,"Water, Soft Drinks, Mixers",Cola,Coca-Cola 1.25L,1.25L,£2.40/L,3.00,,
Co-op,"Water, Soft Drinks, Mixers",Cola,Coca-Cola Cherry 1.75L,1.75L,£2.06/L,3.60,,
Co-op,"Water, Soft Drinks, Mixers",Cola,Coca-Cola Cherry 500ml,500ml,£4.40/L,2.20,2.70,£0.50 off
Co-op,"Water, Soft Drinks, Mixers",Cola,Coca-Cola Classic 500ml,500ml,£4.40/L,2.20,2.70,£0.50 off
Co-op,"Water, Soft Drinks, Mixers",Cola,Coca-Cola Mini Can 150ML,150ml,£6.67/L,1.00,,
Co-op,"Water, Soft Drinks, Mixers",Cola,Coca-Cola Original Taste 1.75L Bottle,1.75L,£2.06/L,3.60,,
Co-op,"Water, Soft Drinks, Mixers",Cola,Coca-Cola Original Taste 330Ml,330ml,£5.76/L,1.90,,
Co-op,"Water, Soft Drinks, Mixers",Cola,Coca-Cola Original Taste Cans 8 x 330ml,8pk,£2.25/L,5.95,7.20,£1.25 off
Co-op,"Water, Soft Drinks, Mixers",Cola,Coca-Cola Zero Sugar 1.25L,1.25L,£1.76/L,2.20,,
Co-op,"Water, Soft Drinks, Mixers",Cola,Coca-Cola Zero Sugar 12 x 330ml,12pk,£1.72/L,6.80,7.80,£1 off
Co-op,"Water, Soft Drinks, Mixers",Cola,Coca-Cola Zero Sugar 2L,2L,£0.98/L,1.95,2.90,£0.95 off
Co-op,"Water, Soft Drinks, Mixers",Cola,Coca-Cola Zero Sugar 330Ml,330ml,£5.15/L,1.70,,2 for £1.90
Co-op,"Water, Soft Drinks, Mixers",Cola,Coca-Cola Zero Sugar 500ml,500ml,£4.20/L,2.10,,2 for £3.35
Co-op,"Water, Soft Drinks, Mixers",Cola,Coca-Cola Zero Sugar Cans 8 x 330ml,8pk,£1.70/L,4.50,6.00,£1.50 off
Co-op,"Water, Soft Drinks, Mixers",Cola,Coca-Cola Zero Sugar Cherry 2L,2L,£0.98/L,1.95,2.90,£0.95 off
Co-op,"Water, Soft Drinks, Mixers",Cola,Coca-Cola Zero Sugar Mini Can 150ML,150ml,£6.00/L,0.90,,5 for £3
Co-op,"Water, Soft Drinks, Mixers",Cola,Coke Original Taste 4x330ml,4pk,£3.64/L,4.80,,
Co-op,"Water, Soft Drinks, Mixers",Cola,Diet Coke 1.25L,1.25L,£1.76/L,2.20,,
Co-op,"Water, Soft Drinks, Mixers",Cola,Diet Coke 2L,2L,£0.98/L,1.95,2.90,£0.95 off
Co-op,"Water, Soft Drinks, Mixers",Cola,Diet Coke 330ml,330ml,£5.15/L,1.70,,2 for £1.90
Co-op,"Water, Soft Drinks, Mixers",Cola,Diet Coke 4x330ML,4pk,£2.50/L,3.30,,
Co-op,"Water, Soft Drinks, Mixers",Cola,Diet Coke 500ml,500ml,£5.00/L,2.50,,2 for £3.35
Co-op,"Water, Soft Drinks, Mixers",Cola,Diet Coke Cans 8 x 330ml,8pk,£1.70/L,4.50,6.00,£1.50 off
Co-op,"Water, Soft Drinks, Mixers",Cola,Diet Coke Mini Can 150ML,150ml,£6.00/L,0.90,,5 for £3
Co-op,"Water, Soft Drinks, Mixers",Cola,Diet Coke No Caffeine 2L,2L,£0.98/L,1.95,2.90,£0.95 off
Co-op,"Water, Soft Drinks, Mixers",Cola,Diet Pepsi Cola Bottle 2L,2L,£1.10/L,2.20,2.75,£0.55 off
Co-op,"Water, Soft Drinks, Mixers",Cola,Dr Pepper 500ml,500ml,£5.00/L,2.50,,2 for £3.35
Co-op,"Water, Soft Drinks, Mixers",Cola,Pepsi 1.25 Litres,1.25L,£1.72/L,2.15,,
Co-op,"Water, Soft Drinks, Mixers",Cola,Pepsi 2 litres,2L,£1.08/L,2.15,2.40,£0.25 off
Co-op,"Water, Soft Drinks, Mixers",Cola,Pepsi 8 x 330ml,8pk,£2.39/L,6.30,,
Co-op,"Water, Soft Drinks, Mixers",Cola,Pepsi Cream Soda Flavour 8 x 330ml,8pk,£2.39/L,6.30,,
Co-op,"Water, Soft Drinks, Mixers",Cola,Pepsi Max 4 x 330ml,4pk,£2.73/L,3.60,,
Co-op,"Water, Soft Drinks, Mixers",Cola,Pepsi Max Caffeine Free 2L,2L,£1.10/L,2.20,2.75,£0.55 off
Co-op,"Water, Soft Drinks, Mixers",Cola,Pepsi Max Caffeine Free 500ml,500ml,£5.40/L,2.70,,2 for £3.60
Co-op,"Water, Soft Drinks, Mixers",Cola,Pepsi Max Caffeine Free 8 x 330ml,8pk,£2.27/L,6.00,,
Co-op,"Water, Soft Drinks, Mixers",Cola,Pepsi Max Cherry 4 x 330ml,4pk,£2.73/L,3.60,,
Co-op,"Water, Soft Drinks, Mixers",Cola,Pepsi Max Cherry No Sugar Cola 2L,2L,£1.10/L,2.20,2.75,£0.55 off
Co-op,"Water, Soft Drinks, Mixers",Cola,Pepsi Max Cherry No Sugar Cola 500ml,500ml,£4.40/L,2.20,,2 for £3.60
Co-op,"Water, Soft Drinks, Mixers",Cola,Pepsi Max Cherry No Sugar Cola Bottle 1.25L,1.25L,£1.68/L,2.10,,
Co-op,"Water, Soft Drinks, Mixers",Cola,Pepsi Max Cherry No Sugar Cola Can 8 x 330ml,8pk,£2.27/L,6.00,,
Co-op,"Water, Soft Drinks, Mixers",Cola,Pepsi Max No Sugar Cola 1.25L,1.25L,£1.68/L,2.10,,
Co-op,"Water, Soft Drinks, Mixers",Cola,Pepsi Max No Sugar Cola 2L,2L,£1.10/L,2.20,2.75,£0.55 off
Co-op,"Water, Soft Drinks, Mixers",Cola,Pepsi Max No Sugar Cola Bottle 500ml,500ml,£4.50/L,2.25,,2 for £3.60
Co-op,"Water, Soft Drinks, Mixers",Cola,Pepsi Max No Sugar Cola Can 330ml,330ml,£5.45/L,1.80,,
Co-op,"Water, Soft Drinks, Mixers",Cola,Pepsi Max No Sugar Cola Multipack Cans 8x330ml,8pk,£2.27/L,6.00,,
Co-op,"Water, Soft Drinks, Mixers",Cola,Pepsi Regular 1.25LTR,1.25L,£1.72/L,2.15,,
Co-op,"Water, Soft Drinks, Mixers",Fizzy & Soft Drinks,Appletiser 100% Apple Juice Lightly Sparkling 250ml,250ml,£8.00/L,2.00,,
Co-op,"Water, Soft Drinks, Mixers",Fizzy & Soft Drinks,Appletiser 6 X 250Ml,6pk,£2.93/L,4.40,7.10,£2.70 off
Co-op,"Water, Soft Drinks, Mixers",Fizzy & Soft Drinks,Appletiser 750ml,750ml,£6.80/L,5.10,,
Co-op,"Water, Soft Drinks, Mixers",Fizzy & Soft Drinks,Bundaberg Ginger Beer 4 X 375Ml,4pk,£4.30/L,6.45,7.20,£0.75 off
Co-op,"Water, Soft Drinks, Mixers",Fizzy & Soft Drinks,Co-op 5 GoodFuel Mango Chilli Kick Multivitamin Dosing Shots 500ml,500ml,£7.80/L,3.90,,
Co-op,"Water, Soft Drinks, Mixers",Fizzy & Soft Drinks,Co-op Ginger Shot Drink 100ml,100ml,£16.50/L,1.65,,
Co-op,"Water, Soft Drinks, Mixers",Fizzy & Soft Drinks,Co-op Ginger Shots 500ml,500ml,£7.10/L,3.55,,
Co-op,"Water, Soft Drinks, Mixers",Fizzy & Soft Drinks,Co-op GoodFuel Gut + Water Drink 500ml,500ml,£4.80/L,2.40,,
Co-op,"Water, Soft Drinks, Mixers",Fizzy & Soft Drinks,Co-op GoodFuel Mango Chilli Kick Multivitamin Shot Drink 100ml,100ml,£18.00/L,1.80,,
Co-op,"Water, Soft Drinks, Mixers",Fizzy & Soft Drinks,Co-op Irresistible Sparkling Elderflower Pressé 750ml,750ml,£5.07/L,3.80,,
Co-op,"Water, Soft Drinks, Mixers",Fizzy & Soft Drinks,Co-op Irresistible Still Lemonade 1L,1L,£3.90/L,3.90,,
Co-op,"Water, Soft Drinks, Mixers",Fizzy & Soft Drinks,Dr Witt Premium Multivitamin Metabolism 1L,1L,£2.05/L,2.05,,
Co-op,"Water, Soft Drinks, Mixers",Fizzy & Soft Drinks,Equinox Organic Raspberry & Elderflower Sparkling Kombucha 250ml,250ml,£7.80/L,1.95,,
Co-op,"Water, Soft Drinks, Mixers",Fizzy & Soft Drinks,Fanta Orange Mini Can 150ML,150ml,£6.00/L,0.90,,5 for £3
Co-op,"Water, Soft Drinks, Mixers",Fizzy & Soft Drinks,Get more Vits B Vitamins Sparkling Apple & Raspberry 4 x 330ml,4pk,£3.64/L,4.80,,
Co-op,"Water, Soft Drinks, Mixers",Fizzy & Soft Drinks,Get more Vits Vitamin D Sparkling Mango & Passionfruit 4 x 330ml,4pk,£3.64/L,4.80,,
Co-op,"Water, Soft Drinks, Mixers",Fizzy & Soft Drinks,Harry Brompton's Ice Tea Peach 500ML,500ml,£4.50/L,2.25,,
Co-op,"Water, Soft Drinks, Mixers",Fizzy & Soft Drinks,Harry Brompton's London Summer Berries Iced Tea British Brewed Black Tea 500ml,500ml,£4.50/L,2.25,,
Co-op,"Water, Soft Drinks, Mixers",Fizzy & Soft Drinks,Hip pop tropical peach 4x330ML,4pk,£4.77/L,6.30,,
Co-op,"Water, Soft Drinks, Mixers",Fizzy & Soft Drinks,Innocent Kids Juicy Water Apples & Strawberries 3 x 200ml,3pk,£3.50/L,2.10,3.60,£1.50 off
Co-op,"Water, Soft Drinks, Mixers",Fizzy & Soft Drinks,Innocent Plus Bolt from The Blue Guava & Lime Juice 750ml,750ml,£7.20/L,5.40,,
Co-op,"Water, Soft Drinks, Mixers",Fizzy & Soft Drinks,KA Sparkling Black Grape 330ML,330ml,£3.64/L,1.20,,
Co-op,"Water, Soft Drinks, Mixers",Fizzy & Soft Drinks,KA Sparkling Fruit Punch 330ml,330ml,£3.33/L,1.10,,
Co-op,"Water, Soft Drinks, Mixers",Fizzy & Soft Drinks,Lipton Hibiscus Raspberry Pyramid Ice Tea Bags 35g (10 x 3.5g),35g,£117.14/kg,4.10,,
Co-op,"Water, Soft Drinks, Mixers",Fizzy & Soft Drinks,Lipton Ice Tea Peach 500ML,500ml,£4.60/L,2.30,,2 for £3.60
Co-op,"Water, Soft Drinks, Mixers",Fizzy & Soft Drinks,Lipton Lemon Ice Tea 1.25L,1.25L,£1.72/L,2.15,3.05,£0.90 off
Co-op,"Water, Soft Drinks, Mixers",Fizzy & Soft Drinks,Lipton Peach Ice Tea 1.25L,1.25L,£1.72/L,2.15,3.05,£0.90 off
Co-op,"Water, Soft Drinks, Mixers",Fizzy & Soft Drinks,Lipton Tropical Ice Tea 1.25L,1.25L,£1.68/L,2.10,2.75,£0.65 off
Co-op,"Water, Soft Drinks, Mixers",Fizzy & Soft Drinks,Mogu Mogu Lychee Flavored Drink with Nata de Coco 320ml,320ml,£5.31/L,1.70,,
Co-op,"Water, Soft Drinks, Mixers",Fizzy & Soft Drinks,Moju Fresh Root Ginger 60ml,60ml,£27.50/L,1.65,,
Co-op,"Water, Soft Drinks, Mixers",Fizzy & Soft Drinks,Moju Fresh Root Ginger 7x Shots 420ml,420ml,£16.90/L,7.10,,
Co-op,"Water, Soft Drinks, Mixers",Fizzy & Soft Drinks,Oasis Summer Fruits Juice Drink 500ml,500ml,£4.50/L,2.25,,2 for £3.35
Co-op,"Water, Soft Drinks, Mixers",Fizzy & Soft Drinks,Ocean Spray Pink Cranberry 1L,1L,£2.20/L,2.20,,
Co-op,"Water, Soft Drinks, Mixers",Fizzy & Soft Drinks,Oshee Vitamin Energy Magnesium 250Ml,250ml,£3.80/L,0.95,,
Co-op,"Water, Soft Drinks, Mixers",Fizzy & Soft Drinks,Oshee Vitamin Water Lemon-Orange Flavour 555ml,555ml,£2.97/L,1.65,,
Co-op,"Water, Soft Drinks, Mixers",Fizzy & Soft Drinks,Robinsons Fruit Shoot Apple & Blackcurrant 8 x 200ml,8pk,£2.25/L,3.60,,
Co-op,"Water, Soft Drinks, Mixers",Fizzy & Soft Drinks,Rubicon Sparkling Cherry Burst 2 Litre,2L,£1.35/L,2.70,,
Co-op,"Water, Soft Drinks, Mixers",Fizzy & Soft Drinks,Rubicon Sparkling Mango Juice Drink 330ML,330ml,£3.64/L,1.20,,
Co-op,"Water, Soft Drinks, Mixers",Fizzy & Soft Drinks,Rubicon Sparkling Passion Juice Drink 330ML,330ml,£3.64/L,1.20,,
Co-op,"Water, Soft Drinks, Mixers",Fizzy & Soft Drinks,Rubicon Sparkling Tropical 2 Litre,2L,£1.35/L,2.70,,
Co-op,"Water, Soft Drinks, Mixers",Fizzy & Soft Drinks,Supermalt Original Beer Bottles 4 x 330ml,4pk,£4.55/L,6.00,,
Co-op,"Water, Soft Drinks, Mixers",Fizzy & Soft Drinks,Tango Apple Sugar Free 2L,2L,£1.35/L,2.70,,
Co-op,"Water, Soft Drinks, Mixers",Fizzy & Soft Drinks,Trip Calm 330ml,330ml,£8.33/L,2.75,,
Co-op,"Water, Soft Drinks, Mixers",Fizzy & Soft Drinks,Trip Mindful Blend Cherry Lemon 330ml,330ml,£8.33/L,2.75,,
Co-op,"Water, Soft Drinks, Mixers",Fizzy & Soft Drinks,Tymbark Apple Cherry Drink 250Ml,250ml,£3.40/L,0.85,,
Co-op,"Water, Soft Drinks, Mixers",Fizzy & Soft Drinks,Vit Hit Lean & Green Apple + Elderflower + Maté Tea + L-Carnitine 500Ml,500ml,£4.00/L,2.00,,
Co-op,"Water, Soft Drinks, Mixers",Fizzy & Soft Drinks,Vita Coco Coconut Water The Original 4 x 330ml,4pk,£4.36/L,5.75,,
Co-op,"Water, Soft Drinks, Mixers",Fizzy & Soft Drinks,Vita Coco Pressed Coconut Water 1L,1L,£4.95/L,4.95,,
Co-op,"Water, Soft Drinks, Mixers",Fizzy & Soft Drinks,Vita Coco The Original Coconut Water 1L,1L,£3.45/L,3.45,4.95,£1.50 off
Co-op,"Water, Soft Drinks, Mixers",Fizzy & Soft Drinks,Wonderland Cocktail Co. Long Island Iced Tea 200ml,200ml,£26.50/L,5.30,,
Co-op,"Water, Soft Drinks, Mixers",Iced Coffee & Milk Drinks,Arctic Coffee Café Latte 1 Litre,1L,£2.85/L,2.85,,
Co-op,"Water, Soft Drinks, Mixers",Iced Coffee & Milk Drinks,Arctic Coffee Caramel Latte 1LTR,1L,£2.35/L,2.35,,
Co-op,"Water, Soft Drinks, Mixers",Iced Coffee & Milk Drinks,Califia Farms Matcha Almond Latte 750ml,750ml,£4.40/L,3.30,,
Co-op,"Water, Soft Drinks, Mixers",Iced Coffee & Milk Drinks,Co-op Banana Flavoured Milk 1LTR,1L,£1.65/L,1.65,,
Co-op,"Water, Soft Drinks, Mixers",Iced Coffee & Milk Drinks,Co-op Fairtrade Iced Coffee Café Latte 330ml,330ml,£3.79/L,1.25,,
Co-op,"Water, Soft Drinks, Mixers",Iced Coffee & Milk Drinks,Co-op Limited Edition Iced Coffee 330ML,330ml,£3.79/L,1.25,,
Co-op,"Water, Soft Drinks, Mixers",Iced Coffee & Milk Drinks,Co-op Strawberry Milk 1 Litre,1L,£1.65/L,1.65,,
Co-op,"Water, Soft Drinks, Mixers",Iced Coffee & Milk Drinks,Co-ор Chocolate Flavoured Milk 1 litre,1L,£1.65/L,1.65,,
Co-op,"Water, Soft Drinks, Mixers",Iced Coffee & Milk Drinks,Costa Coffee Latte Iced Coffee 330ml,330ml,£9.09/L,3.00,,
Co-op,"Water, Soft Drinks, Mixers",Iced Coffee & Milk Drinks,Emmi Caffe Latte Skinny Iced Coffee 370ml,370ml,£10.00/L,3.70,,
Co-op,"Water, Soft Drinks, Mixers",Iced Coffee & Milk Drinks,Grind Iced Caramel Latte Coffee 250ml,250ml,£10.40/L,2.60,,
Co-op,"Water, Soft Drinks, Mixers",Iced Coffee & Milk Drinks,Jimmy's Iced Coffee Caramel 380ml,380ml,£5.79/L,2.20,,
Co-op,"Water, Soft Drinks, Mixers",Iced Coffee & Milk Drinks,Jimmy's Limited Edition Iced Coffee Cookie Butter 250ml,250ml,£7.60/L,1.90,,
Co-op,"Water, Soft Drinks, Mixers",Iced Coffee & Milk Drinks,Mars Milk No Added Sugar 702ML,702ml,£2.85/L,2.00,2.50,£0.50 off
Co-op,"Water, Soft Drinks, Mixers",Iced Coffee & Milk Drinks,Muller Frijj Fudge Brownie Milkshake,330ml,£5.00/L,1.65,,2 for £2.20
Co-op,"Water, Soft Drinks, Mixers",Iced Coffee & Milk Drinks,Müller Frijj Cookie Dough Flavour Milkshake 330ml,330ml,£4.70/L,1.55,,2 for £2.20
Co-op,"Water, Soft Drinks, Mixers",Iced Coffee & Milk Drinks,Nescafe Iced Caramel Latte 750ml,750ml,£4.87/L,3.65,,
Co-op,"Water, Soft Drinks, Mixers",Iced Coffee & Milk Drinks,Nescafé Iced Latte 750ml,750ml,£4.87/L,3.65,,
Co-op,"Water, Soft Drinks, Mixers",Iced Coffee & Milk Drinks,Nurishment The Original Strawberry Flavour 400g,400g,£4.63/kg,1.85,,
Co-op,"Water, Soft Drinks, Mixers",Iced Coffee & Milk Drinks,Perfect Ted Vanilla Matcha Latte 250ml,250ml,£10.40/L,2.60,,
Co-op,"Water, Soft Drinks, Mixers",Iced Coffee & Milk Drinks,Shaken Udder Chocolush Milkshake 750ml,750ml,£4.40/L,3.30,,
Co-op,"Water, Soft Drinks, Mixers",Iced Coffee & Milk Drinks,Shaken Udder Chocolush! Milkshake 330ml,330ml,£6.21/L,2.05,,
Co-op,"Water, Soft Drinks, Mixers",Iced Coffee & Milk Drinks,Shaken Udder Strawberry Dream Milkshake 750ml,750ml,£4.40/L,3.30,,
Co-op,"Water, Soft Drinks, Mixers",Iced Coffee & Milk Drinks,Shaken Udder Vanillicious Milkshake 750ml,750ml,£4.40/L,3.30,,
Co-op,"Water, Soft Drinks, Mixers",Iced Coffee & Milk Drinks,Shaken Udder White Chocolush Milkshake 750ml,750ml,£4.40/L,3.30,,
Co-op,"Water, Soft Drinks, Mixers",Iced Coffee & Milk Drinks,Starbucks 2 Doubleshot Espresso 200ml,200ml,£13.00/L,2.60,,
Co-op,"Water, Soft Drinks, Mixers",Iced Coffee & Milk Drinks,Starbucks Caffè Latte Chilled Coffee 220ml,220ml,£11.36/L,2.50,,
Co-op,"Water, Soft Drinks, Mixers",Iced Coffee & Milk Drinks,Starbucks Caramel Macchiato Flavour Chilled Coffee 330ml,330ml,£10.00/L,3.30,,
Co-op,"Water, Soft Drinks, Mixers",Iced Coffee & Milk Drinks,Starbucks Coffee Craft Iced Coffee Concentrated Rich Black 260ml,260ml,£15.38/L,4.00,,
Co-op,"Water, Soft Drinks, Mixers",Iced Coffee & Milk Drinks,Starbucks Coffee Craft Iced Coffee Concentrated Signature Caramel Flavour 260ml,260ml,£15.38/L,4.00,,
Co-op,"Water, Soft Drinks, Mixers",Iced Coffee & Milk Drinks,Starbucks Frappuccino Mocha Chocolate Flavoured Milk Iced Coffee 250ml,250ml,£10.40/L,2.60,,
Co-op,"Water, Soft Drinks, Mixers",Iced Coffee & Milk Drinks,Starbucks Grande Caffe Latte Iced Coffee 330ml,330ml,£10.61/L,3.50,,
Co-op,"Water, Soft Drinks, Mixers",Iced Coffee & Milk Drinks,Starbucks Indulgent Caramel Flavour Frappuccino Coffee Drink 250ml,250ml,£10.40/L,2.60,,
Co-op,"Water, Soft Drinks, Mixers",Iced Coffee & Milk Drinks,Starbucks Multiserve Caramel Macchiato Iced Coffee 750ml,750ml,£3.87/L,2.90,4.50,£1.60 off
Co-op,"Water, Soft Drinks, Mixers",Iced Coffee & Milk Drinks,Starbucks Tripleshot Espresso Iced Coffee 300ml,300ml,£10.00/L,3.00,,
Co-op,"Water, Soft Drinks, Mixers",Iced Coffee & Milk Drinks,Yazoo Banana Milk Drink 1L,1L,£2.25/L,2.25,,
Co-op,"Water, Soft Drinks, Mixers",Iced Coffee & Milk Drinks,Yazoo Chocolate Milk Drink 1L,1L,£2.25/L,2.25,,
Co-op,"Water, Soft Drinks, Mixers",Iced Coffee & Milk Drinks,Yazoo Strawberry Milk Drink 1L,1L,£2.25/L,2.25,,
Co-op,"Water, Soft Drinks, Mixers",Lemonade,7UP Zero Sugar 2 Litres,2L,£1.35/L,2.70,,
Co-op,"Water, Soft Drinks, Mixers",Lemonade,7UP Zero Sugar 500ml,500ml,£5.10/L,2.55,,2 for £3.60
Co-op,"Water, Soft Drinks, Mixers",Lemonade,7UP Zero Sugar 8 x 330ml,8pk,£1.59/L,4.20,,
Co-op,"Water, Soft Drinks, Mixers",Lemonade,7Up Zero Sugar Pink Lemonade 2 Litres,2L,£1.03/L,2.05,2.70,£0.65 off
Co-op,"Water, Soft Drinks, Mixers",Lemonade,Co-op Diet Sparkling Lemonade 2 Litre,2L,£0.50/L,1.00,,£0.49 loyalty card (£0.25/L)
Co-op,"Water, Soft Drinks, Mixers",Lemonade,Co-op Sparkling Lemonade 2 Litre,2L,£0.50/L,1.00,,£0.49 loyalty card (£0.25/L)
Co-op,"Water, Soft Drinks, Mixers",Lemonade,Fanta Lemon 2L,2L,£1.25/L,2.50,,2 for £3.60
Co-op,"Water, Soft Drinks, Mixers",Lemonade,Fanta Lemon Cans 8 x 330ml,8pk,£1.53/L,4.05,4.80,£0.75 off
Co-op,"Water, Soft Drinks, Mixers",Lemonade,San Pellegrino Lemon 330ml,330ml,£5.61/L,1.85,,
Co-op,"Water, Soft Drinks, Mixers",Lemonade,San Pellegrino Lemon 6x330ml,6pk,£3.41/L,6.75,,
Co-op,"Water, Soft Drinks, Mixers",Lemonade,Schweppes Lemonade 2L,2L,£1.05/L,2.10,,
Co-op,"Water, Soft Drinks, Mixers",Lemonade,Schweppes Slimline Lemonade 2L,2L,£1.05/L,2.10,,
Co-op,"Water, Soft Drinks, Mixers",Lemonade,Sprite 2L,2L,£1.40/L,2.80,,2 for £3.60
Co-op,"Water, Soft Drinks, Mixers",Lemonade,Sprite Zero Sugar 8 x 330ml,8pk,£1.52/L,4.00,4.50,£0.50 off
Co-op,"Water, Soft Drinks, Mixers",Lemonade,Sprite Zero Sugar Lemon & Lime 2L,2L,£1.40/L,2.80,,2 for £3.60
Co-op,"Water, Soft Drinks, Mixers",Offers,Dr Pepper Zero 2L,2L,£1.40/L,2.80,,2 for £3.60
Co-op,"Water, Soft Drinks, Mixers",Offers,Fanta Fruit Twist 2L,2L,£1.40/L,2.80,,2 for £3.60
Co-op,"Water, Soft Drinks, Mixers",Offers,Fanta Fruit Twist 500ml,500ml,£5.00/L,2.50,,2 for £3.35
Co-op,"Water, Soft Drinks, Mixers",Offers,Fanta Orange 2L,2L,£1.40/L,2.80,,2 for £3.60
Co-op,"Water, Soft Drinks, Mixers",Offers,Fanta Orange Multipack Cans 8x330ml,8pk,£1.53/L,4.05,4.80,£0.75 off
Co-op,"Water, Soft Drinks, Mixers",Offers,Fanta Orange Zero 2L,2L,£1.40/L,2.80,,2 for £3.60
Co-op,"Water, Soft Drinks, Mixers",Offers,Fanta Zero Orange 500ml,500ml,£4.20/L,2.10,,2 for £3.35
Co-op,"Water, Soft Drinks, Mixers",Offers,Ribena Blackcurrant Squash 500ml,500ml,£4.40/L,2.20,,2 for £3
Co-op,"Water, Soft Drinks, Mixers",Sport & Energy Drinks,Black Energy Original 250ml,250ml,£3.00/L,0.75,,
Co-op,"Water, Soft Drinks, Mixers",Sport & Energy Drinks,Boost Energy Original 4 x 250ml,4pk,£3.90/L,3.90,,
Co-op,"Water, Soft Drinks, Mixers",Sport & Energy Drinks,Co-op GoodFuel Collagen Water Drink 500ml,500ml,£4.80/L,2.40,,
Co-op,"Water, Soft Drinks, Mixers",Sport & Energy Drinks,FUEL10K High Protein Chocolate Breakfast Milk Drink 330ml,330ml,£6.21/L,2.05,,
Co-op,"Water, Soft Drinks, Mixers",Sport & Energy Drinks,For Goodness Shakes Chocolate Flavour Protein 330ml,330ml,£9.09/L,3.00,,
Co-op,"Water, Soft Drinks, Mixers",Sport & Energy Drinks,Fuel10K High Protein Strawberry Breakfast Milk Drink 330Ml,330ml,£6.21/L,2.05,,
Co-op,"Water, Soft Drinks, Mixers",Sport & Energy Drinks,Huel Banana 500ml,500ml,£8.70/L,4.35,,
Co-op,"Water, Soft Drinks, Mixers",Sport & Energy Drinks,Huel Black Edition Chocolate 500ml,500ml,£9.40/L,4.70,,
Co-op,"Water, Soft Drinks, Mixers",Sport & Energy Drinks,Huel Black Edition Iced Latte 500ML,500ml,£9.40/L,4.70,,
Co-op,"Water, Soft Drinks, Mixers",Sport & Energy Drinks,Huel Black Edition Strawberry Banana 500ml,500ml,£9.40/L,4.70,,
Co-op,"Water, Soft Drinks, Mixers",Sport & Energy Drinks,Huel Chocolate Flavour Ready-To-Drink Complete Meal 500ml,500ml,£8.00/L,4.00,,
Co-op,"Water, Soft Drinks, Mixers",Sport & Energy Drinks,Huel Lite Chocolate 500ML,500ml,£8.40/L,4.20,,
Co-op,"Water, Soft Drinks, Mixers",Sport & Energy Drinks,Huel Lite Strawberry 500ML,500ml,£8.40/L,4.20,,
Co-op,"Water, Soft Drinks, Mixers",Sport & Energy Drinks,Lucozade Energy Drink Original 900ml,900ml,£2.06/L,1.85,2.10,£0.25 off
Co-op,"Water, Soft Drinks, Mixers",Sport & Energy Drinks,Lucozade Energy Orange 900ml,900ml,£2.06/L,1.85,2.10,£0.25 off
Co-op,"Water, Soft Drinks, Mixers",Sport & Energy Drinks,Lucozade Sport Drink Orange 500ml,500ml,£4.80/L,2.40,,2 for £3.60
Co-op,"Water, Soft Drinks, Mixers",Sport & Energy Drinks,Lucozade Sport Ice Kick 500ml,500ml,£4.80/L,2.40,,2 for £3.60
Co-op,"Water, Soft Drinks, Mixers",Sport & Energy Drinks,Lucozade Sport Orange 900ml,900ml,£2.44/L,2.20,2.70,£0.50 off
Co-op,"Water, Soft Drinks, Mixers",Sport & Energy Drinks,Lucozade Sport Orange Multipack 4 x 500ml,4pk,£2.70/L,5.40,,
Co-op,"Water, Soft Drinks, Mixers",Sport & Energy Drinks,Lucozade Sport Raspberry 4 X 500Ml,4pk,£2.70/L,5.40,,
Co-op,"Water, Soft Drinks, Mixers",Sport & Energy Drinks,Lucozade Sport Raspberry 500ml,500ml,£4.80/L,2.40,,2 for £3.60
Co-op,"Water, Soft Drinks, Mixers",Sport & Energy Drinks,Lucozade Zero Pink Lemonade 900ml,900ml,£2.06/L,1.85,2.10,£0.25 off
Co-op,"Water, Soft Drinks, Mixers",Sport & Energy Drinks,Miracle Peanut Punch Flavoured Milk Drink 240ml,240ml,£5.00/L,1.20,,
Co-op,"Water, Soft Drinks, Mixers",Sport & Energy Drinks,Monster Energy 500ml,500ml,£4.20/L,2.10,,
Co-op,"Water, Soft Drinks, Mixers",Sport & Energy Drinks,Monster Energy Drink 558ml Mega Can,558ml,£5.20/L,2.90,,
Co-op,"Water, Soft Drinks, Mixers",Sport & Energy Drinks,Monster Energy Drink Rio Punch 4 x 500ml,4pk,£3.50/L,7.00,7.95,£0.95 off
Co-op,"Water, Soft Drinks, Mixers",Sport & Energy Drinks,Monster Energy Drink Ultra Strawberry Dreams Zero Sugar 4 x 500ml,4pk,£3.10/L,6.20,,
Co-op,"Water, Soft Drinks, Mixers",Sport & Energy Drinks,Monster Energy Drink Zero Sugar 4 x 500ml,4pk,£3.10/L,6.20,,
Co-op,"Water, Soft Drinks, Mixers",Sport & Energy Drinks,Monster Energy Original Multipack Cans 4x500ml,4pk,£3.45/L,6.90,,
Co-op,"Water, Soft Drinks, Mixers",Sport & Energy Drinks,Monster Energy Ultra 500ml,500ml,£5.10/L,2.55,,2 for £3.95
Co-op,"Water, Soft Drinks, Mixers",Sport & Energy Drinks,Optimum Nutrition High Protein Shake Chocolate Flavour 330ml,330ml,£9.09/L,3.00,,
Co-op,"Water, Soft Drinks, Mixers",Sport & Energy Drinks,Optimum Nutrition High Protein Shake Vanilla Flavour 330ml,330ml,£9.09/L,3.00,,
Co-op,"Water, Soft Drinks, Mixers",Sport & Energy Drinks,Oshee Zero Multifruit Flavour 0.75L,750ml,£2.47/L,1.85,,
Co-op,"Water, Soft Drinks, Mixers",Sport & Energy Drinks,Red Bull Energy Drink 355ml,355ml,£7.61/L,2.70,3.00,£0.30 off
Co-op,"Water, Soft Drinks, Mixers",Sport & Energy Drinks,Red Bull Energy Drink Sugar Free 473ml,473ml,£7.61/L,3.60,,
Co-op,"Water, Soft Drinks, Mixers",Sport & Energy Drinks,"Red Bull Energy Drink, 250ml",250ml,£10.00/L,2.50,,
Co-op,"Water, Soft Drinks, Mixers",Sport & Energy Drinks,"Red Bull Energy Drink, Sugar Free 250ml",250ml,£9.00/L,2.25,,
Co-op,"Water, Soft Drinks, Mixers",Sport & Energy Drinks,Red Bull The Spring Edition Cherry Sakura Energy Drink 355ml,355ml,£7.32/L,2.60,,
Co-op,"Water, Soft Drinks, Mixers",Sport & Energy Drinks,Red Bull The Summer Edition Sugarfree Citrus Zest Energy Drink 355ml,355ml,£8.03/L,2.85,,2 for £4.60
Co-op,"Water, Soft Drinks, Mixers",Sport & Energy Drinks,Red Bull White Pch S/F Smmr Edtn 355ml,355ml,£8.03/L,2.85,,2 for £4.60
Co-op,"Water, Soft Drinks, Mixers",Sport & Energy Drinks,Science in Sport Orange Go Isotonic Energy 60ml,60ml,£36.67/L,2.20,,
Co-op,"Water, Soft Drinks, Mixers",Sport & Energy Drinks,Tenzing Natural Energy + BCAA Pineapple & Passionfruit 4 x 330ml,4pk,£6.17/L,8.15,,
Co-op,"Water, Soft Drinks, Mixers",Sport & Energy Drinks,Tenzing Raspberry & Yuzu Natural Energy 4 x 330ml,4pk,£6.82/L,9.00,,
Co-op,"Water, Soft Drinks, Mixers",Sport & Energy Drinks,Tiger Energy Drink Classic 250ml,250g,£4.80/kg,1.20,,
Co-op,"Water, Soft Drinks, Mixers",Sport & Energy Drinks,Up & Go Protein Energize Chocolate Breakfast Drink 500ml,500ml,£4.50/L,2.25,3.15,£0.90 off
Co-op,"Water, Soft Drinks, Mixers",Sport & Energy Drinks,Up & Go Protein Energize Vanilla Flavour Breakfast Drink 500ml,500ml,£4.50/L,2.25,3.15,£0.90 off
Co-op,"Water, Soft Drinks, Mixers",Sport & Energy Drinks,YFood Happy Banana Ready to Drink 500ML,500ml,£8.70/L,4.35,,
Co-op,"Water, Soft Drinks, Mixers",Sport & Energy Drinks,YFood This Is Food Classic Choco 500ml,500ml,£7.30/L,3.65,,
Co-op,"Water, Soft Drinks, Mixers",Sport & Energy Drinks,YFood This Is Food Smooth Vanilla 500ml,500ml,£7.30/L,3.65,,
Co-op,"Water, Soft Drinks, Mixers",Sport & Energy Drinks,ÜFIT Strawberry Flavour High Protein Milkshake 330ml,330ml,£6.67/L,2.20,,
Co-op,"Water, Soft Drinks, Mixers",Squash & Cordials,Bottlegreen Aromatic Ginger with a Hint of Lemongrass Cordial 500ml,500ml,£9.00/L,4.50,6.00,£1.50 off
Co-op,"Water, Soft Drinks, Mixers",Squash & Cordials,Bottlegreen Hand-Picked Elderflower Cordial 500ml,500ml,£9.00/L,4.50,6.00,£1.50 off
Co-op,"Water, Soft Drinks, Mixers",Squash & Cordials,Bubbleology Mango Bubble Tea,153g,£17.97/kg,2.75,,
Co-op,"Water, Soft Drinks, Mixers",Squash & Cordials,Co-op Quad Strength Apple & Blackcurrant Squash 750ml,750ml,£3.33/L,2.50,,
Co-op,"Water, Soft Drinks, Mixers",Squash & Cordials,Co-op Quad Strength Cherries & Berries Squash 750ml,750ml,£3.33/L,2.50,,
Co-op,"Water, Soft Drinks, Mixers",Squash & Cordials,Co-op Quad Strength Orange & Mango Squash 750ml,750ml,£3.33/L,2.50,,
Co-op,"Water, Soft Drinks, Mixers",Squash & Cordials,Co-op Quad Strength Squash Lime 750ml,750ml,£3.33/L,2.50,,
Co-op,"Water, Soft Drinks, Mixers",Squash & Cordials,Co-op Squash Orange 750ml,750ml,£3.33/L,2.50,,
Co-op,"Water, Soft Drinks, Mixers",Squash & Cordials,Co-op Summer Fruits Squash 750ml,750ml,£3.33/L,2.50,,
Co-op,"Water, Soft Drinks, Mixers",Squash & Cordials,Nescafé Espresso Concentrated Iced Caramel Flavour 500ml,500ml,£11.00/L,5.50,,
Co-op,"Water, Soft Drinks, Mixers",Squash & Cordials,Nescafé Espresso Concentrated Iced Classic 500ml,500ml,£11.00/L,5.50,,
Co-op,"Water, Soft Drinks, Mixers",Squash & Cordials,Nescafé Espresso Concentrated Iced Decaf 500ml,500ml,£11.00/L,5.50,,
Co-op,"Water, Soft Drinks, Mixers",Squash & Cordials,Nescafé Espresso Concentrated Iced Mocha Flavour 500ml,500ml,£11.00/L,5.50,,
Co-op,"Water, Soft Drinks, Mixers",Squash & Cordials,Nescafé Espresso Concentrated Iced Vanilla Flavour 500ml,500ml,£11.00/L,5.50,,
Co-op,"Water, Soft Drinks, Mixers",Squash & Cordials,Ribena Blackcurrant Squash 850ml,850ml,£2.35/L,2.00,3.00,£1 off
Co-op,"Water, Soft Drinks, Mixers",Squash & Cordials,Ribena Blackcurrant Squash No Added Sugar 850Ml,850ml,£2.35/L,2.00,3.00,£1 off
Co-op,"Water, Soft Drinks, Mixers",Squash & Cordials,Ribena Summer Fruits No Added Sugar Juice Drink 500ml,500ml,£3.80/L,1.90,,2 for £3
Co-op,"Water, Soft Drinks, Mixers",Squash & Cordials,Ribena Summer Fruits Squash No added Sugar  850ml,850ml,£2.12/L,1.80,,
Co-op,"Water, Soft Drinks, Mixers",Squash & Cordials,Robinsons Apple & Blackcurrant 1L,1L,£2.40/L,2.40,,
Co-op,"Water, Soft Drinks, Mixers",Squash & Cordials,Robinsons Apple & Blackcurrant No Added Sugar Squash Bottle 1L,1L,£2.40/L,2.40,,
Co-op,"Water, Soft Drinks, Mixers",Squash & Cordials,Robinsons Double Strength Apple & Blackcurrant No Added Sugar Fruit Squash 1.75L,1.75L,£2.06/L,3.60,,
Co-op,"Water, Soft Drinks, Mixers",Squash & Cordials,Robinsons Double Strength Orange No Added Sugar Fruit Squash 1.75L,1.75L,£2.06/L,3.60,,
Co-op,"Water, Soft Drinks, Mixers",Squash & Cordials,Robinsons Fruit & Barley with Vitamins Summer Fruits Squash 1L,1L,£2.10/L,2.10,,
Co-op,"Water, Soft Drinks, Mixers",Squash & Cordials,"Robinsons Fruit Creations Orange & Mango Squash Bottle, 1L",1L,£3.40/L,3.40,,
Co-op,"Water, Soft Drinks, Mixers",Squash & Cordials,Robinsons Fruit Creations Peach & Raspberry 1L,1L,£3.05/L,3.05,,
Co-op,"Water, Soft Drinks, Mixers",Squash & Cordials,"Robinsons Fruit Creations Pineapple, Mango & Passion Fruit Squash 1L",1L,£2.35/L,2.35,,
Co-op,"Water, Soft Drinks, Mixers",Squash & Cordials,Robinsons Mini Apple & Blackcurrant 66ml,66ml,£47.73/L,3.15,,
Co-op,"Water, Soft Drinks, Mixers",Squash & Cordials,Robinsons Mini Orange 66ml,66ml,£47.73/L,3.15,,
Co-op,"Water, Soft Drinks, Mixers",Squash & Cordials,Robinsons Orange & Pineapple 1 Litre,1L,£2.40/L,2.40,,
Co-op,"Water, Soft Drinks, Mixers",Squash & Cordials,Robinsons Orange 1 Litre,1L,£2.40/L,2.40,,
Co-op,"Water, Soft Drinks, Mixers",Squash & Cordials,Robinsons Orange No Added Sugar Squash Bottle 1L,1L,£2.15/L,2.15,,
Co-op,"Water, Soft Drinks, Mixers",Squash & Cordials,Robinsons Summer Fruits 1 Litre,1L,£2.40/L,2.40,,
Co-op,"Water, Soft Drinks, Mixers",Squash & Cordials,Vimto Real Fruit Squash 1 Litre,1L,£2.75/L,2.75,,
Co-op,"Water, Soft Drinks, Mixers",Squash & Cordials,Vimto Real Fruit Squash 2 Litre,2L,£1.65/L,3.30,4.80,£1.50 off
Co-op,"Water, Soft Drinks, Mixers",Squash & Cordials,Vimto Real Fruit Squash 2 Litre,2L,£2.40/L,4.80,,
Co-op,"Water, Soft Drinks, Mixers",Tonics & Mixers,Co-op Carbonated Soda Water 1L,1L,£0.95/L,0.95,,
Co-op,"Water, Soft Drinks, Mixers",Tonics & Mixers,Co-op Indian Tonic Water 1L,1L,£0.95/L,0.95,,£0.49 loyalty card (£0.49/L)
Co-op,"Water, Soft Drinks, Mixers",Tonics & Mixers,Co-op Low Calorie Bitter Lemon 1Ltr,1L,£0.60/L,0.60,,
Co-op,"Water, Soft Drinks, Mixers",Water,Co-op Sparkling Lemon and Lime Flavour Spring Water 1 Litre,1L,£0.90/L,0.90,,£0.49 loyalty card (£0.49/L)
Co-op,"Water, Soft Drinks, Mixers",Student Shop 🍜🎓🥫,Co-op Diet Indian Tonic Water 1L,1L,£1.00/L,1.00,,£0.49 loyalty card (£0.49/L)
Co-op,"Water, Soft Drinks, Mixers",Student Shop 🍜🎓🥫,Co-op Natural Mineral Water Still 2 Litre,2L,£0.43/L,0.85,,
Co-op,"Water, Soft Drinks, Mixers",Student Shop 🍜🎓🥫,Co-op Natural Mineral Water Still 500ml,500ml,£1.90/L,0.95,,
Co-op,"Water, Soft Drinks, Mixers",Student Shop 🍜🎓🥫,Co-op Natural Mineral Water Still 6X500ML,6pk,£0.70/L,2.10,,
Co-op,"Water, Soft Drinks, Mixers",Tonics & Mixers,Fever-Tree Passion Fruit Martini Mixer 500ml,500ml,£12.30/L,6.15,,
Co-op,"Water, Soft Drinks, Mixers",Tonics & Mixers,Fever-Tree Refreshingly Light Indian Tonic Water 500ml,500ml,£5.80/L,2.90,,
Co-op,"Water, Soft Drinks, Mixers",Tonics & Mixers,Fever-Tree Refreshingly Light Mediterranean Tonic Water 500ml,500ml,£5.80/L,2.90,,
Co-op,"Water, Soft Drinks, Mixers",Tonics & Mixers,Fever-Tree Refreshingly Light Tonic Water 8 x 150ml,8pk,£5.50/L,6.60,,
Co-op,"Water, Soft Drinks, Mixers",Tonics & Mixers,"London Essence Original Indian Tonic Water Multipack Mini Cans, 6x150ml",6pk,£5.56/L,5.00,,
Co-op,"Water, Soft Drinks, Mixers",Tonics & Mixers,Schweppes Slimline Tonic 1L,1L,£2.60/L,2.60,,
Co-op,"Water, Soft Drinks, Mixers",Tonics & Mixers,Schweppes Tonic Water 1L,1L,£2.60/L,2.60,,
Co-op,"Water, Soft Drinks, Mixers",Water,Volvic Touch of Fruit Sugar Free Strawberry Natural Flavoured Water 1.5L,1.5L,£1.27/L,1.90,,2 for £2.90
Co-op,"Water, Soft Drinks, Mixers",Water,Aqua Libra Infused with Watermelon & Strawberry Sparkling Water 500ml,500ml,£4.80/L,2.40,,
Co-op,"Water, Soft Drinks, Mixers",Water,Aqua Libra Sparkling Water Infused with Blood Orange & Mango 500ml,500ml,£5.40/L,2.70,,2 for £3.60
Co-op,"Water, Soft Drinks, Mixers",Water,Buxton Still Natural Mineral Water 1.5L,1.5L,£0.93/L,1.40,,
Co-op,"Water, Soft Drinks, Mixers",Water,Buxton Still Natural Mineral Water 8 x 500ml,8pk,£0.83/L,3.30,,
Co-op,"Water, Soft Drinks, Mixers",Water,Buxton Still Natural Mineral Water Sports Cap 1L,1L,£2.00/L,2.00,,
Co-op,"Water, Soft Drinks, Mixers",Water,Cawston Press Sparkling Rhubarb 330Ml,330ml,£5.61/L,1.85,,
Co-op,"Water, Soft Drinks, Mixers",Water,Co-op Natural Mineral Water Sparkling 2 Litre,2L,£0.53/L,1.05,,
Co-op,"Water, Soft Drinks, Mixers",Water,Co-op Natural Mineral Water Sparkling 6 x 500ml,6pk,£0.70/L,2.10,,
Co-op,"Water, Soft Drinks, Mixers",Water,Co-op Natural Mineral Water Still 1 Litre,1L,£1.10/L,1.10,,
Co-op,"Water, Soft Drinks, Mixers",Water,Co-op One Still Water 500ml,500ml,£4.80/L,2.40,,
Co-op,"Water, Soft Drinks, Mixers",Water,Co-op Sparkling Peach Flavour Spring Water 1 Litre,1L,£1.05/L,1.05,,£0.49 loyalty card (£0.49/L)
Co-op,"Water, Soft Drinks, Mixers",Water,Co-op Still Strawberry and Kiwi Flavoured Spring Water 1 Litre,1L,£1.05/L,1.05,,£0.49 loyalty card (£0.49/L)
Co-op,"Water, Soft Drinks, Mixers",Water,Co-op Still Summer Fruits Flavour Spring Water 1 Litre,1L,£1.05/L,1.05,,
Co-op,"Water, Soft Drinks, Mixers",Water,Evian Still Natural Mineral Water 1.5L,1.5L,£1.30/L,1.95,,
Co-op,"Water, Soft Drinks, Mixers",Water,Evian Still Natural Mineral Water 500Ml,50cl,£3.60/L,1.80,,
Co-op,"Water, Soft Drinks, Mixers",Water,Evian Still Natural Mineral Water 6 x 500ml,6pk,£1.55/L,4.65,,
Co-op,"Water, Soft Drinks, Mixers",Water,Evian Still Natural Mineral Water 750ml,75cl,£3.07/L,2.30,,
Co-op,"Water, Soft Drinks, Mixers",Water,Highland Spring Still Spring Water 1.5 Litre,1.5L,£1.03/L,1.55,,
Co-op,"Water, Soft Drinks, Mixers",Water,Highland Spring Still Spring Water 6 x 1.5L,6pk,£0.58/L,5.25,,
Co-op,"Water, Soft Drinks, Mixers",Water,Muszynianka Natural Mineral Water 1500ml,1.5L,£0.87/L,1.30,,
Co-op,"Water, Soft Drinks, Mixers",Water,Rubicon Spring Black Cherry Raspberry Flavoured Sparkling Spring Water 1.5L,1.5L,£1.17/L,1.75,2.50,£0.75 off
Co-op,"Water, Soft Drinks, Mixers",Water,Rubicon Spring Black Cherry Raspberry Flavoured Sparkling Spring Water 500ml,500ml,£4.50/L,2.25,,
Co-op,"Water, Soft Drinks, Mixers",Water,Rubicon Spring Orange Mango Flavoured Sparkling Spring Water 1.5L,1.5L,£1.17/L,1.75,2.50,£0.75 off
Co-op,"Water, Soft Drinks, Mixers",Water,San Pellegrino Sparkling Natural Mineral Water 1L,1L,£2.10/L,2.10,,
Co-op,"Water, Soft Drinks, Mixers",Water,San Pellegrino Sparkling Natural Mineral Water 500Ml,500ml,£3.90/L,1.95,,
Co-op,"Water, Soft Drinks, Mixers",Water,San Pellegrino Sparkling Natural Mineral Water 6x500ml,6pk,£1.63/L,4.90,,
Co-op,"Water, Soft Drinks, Mixers",Water,San Pellegrino Sparkling Natural Mineral Water Glass 750Ml,750ml,£3.40/L,2.55,,
Co-op,"Water, Soft Drinks, Mixers",Water,Volvic Cherry 1.5ltr,1.5L,£1.07/L,1.60,,
Co-op,"Water, Soft Drinks, Mixers",Water,Volvic Touch Of Fruit Sugar Free Watermelon Natural Flavoured Water 1.5L,1.5L,£1.27/L,1.90,,2 for £2.90
Co-op,"Water, Soft Drinks, Mixers",Water,Volvic Touch of Fruit Sugar Free Lemon & Lime Natural Flavoured Water 1.5L,1.5L,£1.27/L,1.90,,2 for £2.90
Co-op,"Water, Soft Drinks, Mixers",Water,Volvic Touch of Fruit Sugar Free Strawberry Natural Flavoured Water 750ml,75cl,£2.93/L,2.20,,2 for £3.70
Co-op,"Water, Soft Drinks, Mixers",Water,Volvic raspberry and Peach 1.5ltr,1.5L,£1.27/L,1.90,,
Co-op,Wine & Sparkling,Dessert & Fortified Wine,Co-op Irresistible Pedro Ximénez Sherry 37.5Cl,37.5cl,£31.60/L,11.85,,
Co-op,Wine & Sparkling,Dessert & Fortified Wine,Co-op Ruby Port 75CL,75cl,£18.47/L,13.85,,
Co-op,Wine & Sparkling,Dessert & Fortified Wine,Croft Original Sherry 750ml,75cl,£24.33/L,18.25,,
Co-op,Wine & Sparkling,Dessert & Fortified Wine,Harveys The Bristol Cream Solera Sherry 75cl,75cl,£25.73/L,19.30,,
Co-op,Wine & Sparkling,Dessert & Fortified Wine,Stone's Original Ginger Wine 70cl,70cl,£15.93/L,11.15,,
Co-op,Wine & Sparkling,Dessert & Fortified Wine,Taylor's Late Bottled Vintage Port 75cl,75cl,£41.07/L,30.80,,
Co-op,Wine & Sparkling,Dessert & Fortified Wine,Taylor's Select Ruby Port 75cl,75cl,£23.93/L,17.95,,
Co-op,Wine & Sparkling,Non & Low Alcohol,Kylie Minogue Alcohol Free Sparkling Rosé 75cl,75cl,£12.00/L,9.00,,
Co-op,Wine & Sparkling,Non & Low Alcohol,Nosecco Alcohol Free Sparkling Wine 75cl,75cl,£6.93/L,5.20,,
Co-op,Wine & Sparkling,White Wine,Andrew Peace Chardonnay 187ml,18.7cl,£23.53/L,4.40,,3 for £7
Co-op,Wine & Sparkling,Offers,Andrew Peace Shiraz 187ml,18.7cl,£23.53/L,4.40,,3 for £7
Co-op,Wine & Sparkling,Offers,Campo Viejo Tempranillo 187ml,187ml,£23.80/L,4.45,,3 for £7
Co-op,Wine & Sparkling,White Wine,Co-op Australian Lime Tree Chardonnay 75CL,75cl,£10.80/L,8.10,,2 for £12
Co-op,Wine & Sparkling,Red Wine,Co-op Chilean Merlot 187ml,187ml,£20.05/L,3.75,,3 for £7
Co-op,Wine & Sparkling,White Wine,Co-op Chilean Sauvignon Blanc 18.7cl,187ml,£20.05/L,3.75,,3 for £7
Co-op,Wine & Sparkling,White Wine,Co-op Chilean Sauvignon Blanc 75CL,75cl,£11.27/L,8.45,,2 for £12
Co-op,Wine & Sparkling,Red Wine,Co-op Lime Tree Merlot 75cl,75cl,£10.80/L,8.10,,2 for £12
Co-op,Wine & Sparkling,Red Wine,Co-op Limetree Australia Cabernet Sauvignon 75cl,75cl,£10.80/L,8.10,,2 for £12
Co-op,Wine & Sparkling,Offers,Co-op Most Wanted Malbec 187ml,187ml,£19.79/L,3.70,,3 for £7
Co-op,Wine & Sparkling,Rose Wine,Fleurs de Prairie Lubéron 187ml,18.7cl,£21.66/L,4.05,,3 for £7
Co-op,Wine & Sparkling,Rose Wine,Maresco Pinot Grigio Rosato 187ml,187ml,£20.05/L,3.75,,3 for £7
Co-op,Wine & Sparkling,White Wine,Pinot Pinot Pinot Grigio Fizz 200ml,200ml,£19.25/L,3.85,,3 for £7
Co-op,Wine & Sparkling,White Wine,Pinot Pinot Pinot Grigio Pink Fizz 200ml,200ml,£18.25/L,3.65,,3 for £7
Co-op,Wine & Sparkling,Offers,Trivento Reserve Malbec 18.7cl,187ml,£22.99/L,4.30,,3 for £7
Co-op,Wine & Sparkling,White Wine,Turano Pinot Grigio 187ml,187ml,£20.05/L,3.75,,3 for £7
Co-op,Wine & Sparkling,"Prosecco, Champagne & Sparkling Wine",Bollinger Special Cuvee Champagne NV 75cl,75cl,£119.67/L,89.75,,
Co-op,Wine & Sparkling,"Prosecco, Champagne & Sparkling Wine",Co-op Cava Brut 75cl,75cl,£13.53/L,10.15,,
Co-op,Wine & Sparkling,"Prosecco, Champagne & Sparkling Wine",Co-op Cava Rosado Brut 75cl,75cl,£14.00/L,10.50,,
Co-op,Wine & Sparkling,"Prosecco, Champagne & Sparkling Wine",Co-op Champagne Rosé 75cl,75cl,£52.80/L,39.60,,
Co-op,Wine & Sparkling,"Prosecco, Champagne & Sparkling Wine",Co-op Irresistible Eight Acres Sparkling Rosé 75cl,75cl,£42.87/L,32.15,,
Co-op,Wine & Sparkling,"Prosecco, Champagne & Sparkling Wine",Co-op Irresistible Prosecco Rose 75cl,75cl,£14.00/L,10.50,,
Co-op,Wine & Sparkling,"Prosecco, Champagne & Sparkling Wine",Co-op Irresistible Special Cuvée Prosecco 75cl,75cl,£16.67/L,12.50,,
Co-op,Wine & Sparkling,"Prosecco, Champagne & Sparkling Wine",Co-op Les Pionniers Champagne Brut 75cl,75cl,£45.13/L,33.85,,
Co-op,Wine & Sparkling,"Prosecco, Champagne & Sparkling Wine",Co-op Les Pionniers Vintage Champagne 75cl,75cl,£65.47/L,49.10,,
Co-op,Wine & Sparkling,"Prosecco, Champagne & Sparkling Wine",Co-op Tilimuqui Sparkling Wine 75cl,75cl,£17.73/L,13.30,,
Co-op,Wine & Sparkling,"Prosecco, Champagne & Sparkling Wine",Corte Molino Prosecco DOC Extra Dry 75cl,75cl,£16.67/L,12.50,,
Co-op,Wine & Sparkling,"Prosecco, Champagne & Sparkling Wine",Crémant de Bourgogne Brut 75cl,75cl,£27.07/L,20.30,,
Co-op,Wine & Sparkling,"Prosecco, Champagne & Sparkling Wine",Fiari Ribolla Gialla 750ml,75cl,£14.87/L,11.15,,
Co-op,Wine & Sparkling,"Prosecco, Champagne & Sparkling Wine",Heidsieck & Co Monopole Blue Top Brut Champagne 750ml,75cl,£67.73/L,50.80,,
Co-op,Wine & Sparkling,"Prosecco, Champagne & Sparkling Wine",Lanson Champagne Brut 750ml,75cl,£80.80/L,60.60,,
Co-op,Wine & Sparkling,"Prosecco, Champagne & Sparkling Wine",Laurent-Perrier La Cuvée NV Champagne 750ml,75cl,£102.93/L,77.20,,
Co-op,Wine & Sparkling,"Prosecco, Champagne & Sparkling Wine",Less is More Italian Semi-Sparkling Wine 750ml,75cl,£12.60/L,9.45,,
Co-op,Wine & Sparkling,"Prosecco, Champagne & Sparkling Wine",Louis Pommery England Brut 75cl,75cl,£43.33/L,32.50,,
Co-op,Wine & Sparkling,"Prosecco, Champagne & Sparkling Wine",Lovington 75cl,75cl,£43.33/L,32.50,,
Co-op,Wine & Sparkling,"Prosecco, Champagne & Sparkling Wine",Piper-Heidsieck Champagne Cuvée Brut 750ml,75cl,£73.60/L,55.20,,
Co-op,Wine & Sparkling,"Prosecco, Champagne & Sparkling Wine",Taittinger Brut Réserve Champagne 750Ml,75cl,£89.87/L,67.40,,
Co-op,Wine & Sparkling,"Prosecco, Champagne & Sparkling Wine",Vega Medien Organic Brut Rosn++ Cava 75cl,75cl,£22.07/L,16.55,,
Co-op,Wine & Sparkling,"Prosecco, Champagne & Sparkling Wine",Veuve Clicquot Champagne Brut 750ml,75cl,£101.13/L,75.85,,
Co-op,Wine & Sparkling,Red Wine,4 Winemakers Red Blend 75cl,75cl,£13.53/L,10.15,,
Co-op,Wine & Sparkling,Red Wine,Apothic Red Wine 750ml,750ml,£22.53/L,16.90,,
Co-op,Wine & Sparkling,Red Wine,Barefoot Merlot Wine 750ml,75cl,£16.67/L,12.50,,
Co-op,Wine & Sparkling,Red Wine,Bread & Butter Pinot Noir 75cl,750ml,£30.67/L,23.00,,
Co-op,Wine & Sparkling,Red Wine,Casillero del Diablo Cabernet Sauvignon Wine 75cl,75cl,£16.67/L,12.50,,
Co-op,Wine & Sparkling,Red Wine,Château Bel Air Gloria Haut-Médoc Cru Bourgeois Supérieur 750ml,75cl,£32.07/L,24.05,,
Co-op,Wine & Sparkling,Red Wine,Château Chapelle D'Aliénor by La Gaffelière Bordeaux Supérieur 75cl,750ml,£27.07/L,20.30,,
Co-op,Wine & Sparkling,Red Wine,Château De Ruth Sainte Cecile 75cl,75cl,£21.20/L,15.90,,
Co-op,Wine & Sparkling,Red Wine,Château Vieux Manoir Bordeaux 75cl,75cl,£17.60/L,13.20,,
Co-op,Wine & Sparkling,Red Wine,Co-op Argentinian Malbec San Juan 75cl,75cl,£10.53/L,7.90,,
Co-op,Wine & Sparkling,Red Wine,Co-op Chianti 75cl,75cl,£13.40/L,10.05,,
Co-op,Wine & Sparkling,Red Wine,Co-op Fairtrade Bonarda Blend 75CL,75cl,£11.73/L,8.80,,
Co-op,Wine & Sparkling,Red Wine,Co-op Fairtrade Cabernet Sauvignon 75cl,75cl,£14.67/L,11.00,,
Co-op,Wine & Sparkling,Red Wine,Co-op Fairtrade Carmenère 75cl,75cl,£12.87/L,9.65,,
Co-op,Wine & Sparkling,Red Wine,Co-op Fairtrade Chilean Red Blend 3L,3L,£10.03/L,30.10,,
Co-op,Wine & Sparkling,Red Wine,Co-op Fairtrade Merlot 75cl,75cl,£14.67/L,11.00,,
Co-op,Wine & Sparkling,Red Wine,Co-op Fairtrade Shiraz 75cl,75cl,£11.73/L,8.80,,
Co-op,Wine & Sparkling,Red Wine,Co-op Irresistible Cabernet Sauvignon 75cl,75cl,£17.60/L,13.20,,
Co-op,Wine & Sparkling,Red Wine,Co-op Irresistible Carmenere 75cl,75cl,£17.60/L,13.20,,
Co-op,Wine & Sparkling,Red Wine,Co-op Irresistible Chianti,75cl,£19.87/L,14.90,,
Co-op,Wine & Sparkling,Red Wine,Co-op Irresistible Douro 75cl,75cl,£15.33/L,11.50,,
Co-op,Wine & Sparkling,Red Wine,Co-op Irresistible Fairtrade Organic Malbec 75cl,75cl,£16.67/L,12.50,,
Co-op,Wine & Sparkling,Red Wine,Co-op Irresistible Malbec 75cl,75cl,£16.67/L,12.50,,
Co-op,Wine & Sparkling,Red Wine,Co-op Irresistible Montepulciano d'Abruzzo Riserva 75cl,75cl,£16.67/L,12.50,,
Co-op,Wine & Sparkling,Red Wine,Co-op Irresistible País 70cl,75cl,£16.13/L,12.10,,
Co-op,Wine & Sparkling,Red Wine,Co-op Irresistible Pinot Noir Wine 75cl,75cl,£15.33/L,11.50,,
Co-op,Wine & Sparkling,Red Wine,Co-op Irresistible Primitivo 75cl,75cl,£14.40/L,10.80,,
Co-op,Wine & Sparkling,Red Wine,Co-op Irresistible Rioja Tempranillo 75cl,75cl,£17.13/L,12.85,,
Co-op,Wine & Sparkling,Red Wine,Co-op Irresistible Salice Salentino Riserva 75cl,75cl,£17.13/L,12.85,,
Co-op,Wine & Sparkling,Red Wine,Co-op Irresistible Shiraz Cabernet 75cl,75cl,£17.60/L,13.20,,
Co-op,Wine & Sparkling,Red Wine,Co-op Irresistible Valle Del Maule Carignan 75cl,75cl,£15.07/L,11.30,,
Co-op,Wine & Sparkling,Red Wine,Co-op Irresistible Zinfandel Lodi 75cl,75cl,£18.93/L,14.20,,
Co-op,Wine & Sparkling,Red Wine,Co-op Lime Tree Shiraz 3L,3L,£10.15/L,30.45,,
Co-op,Wine & Sparkling,Red Wine,Co-op South African Red Fairtrade 75CL,75cl,£8.53/L,6.40,,
Co-op,Wine & Sparkling,Red Wine,Co-op Spanish Garnacha 75cl,75cl,£12.60/L,9.45,,
Co-op,Wine & Sparkling,Red Wine,Comtesse Saint-Hilaire Montagne Saint-Émilion 75cl,75cl,£21.20/L,15.90,,
Co-op,Wine & Sparkling,Red Wine,Don David Blend Of Terroirs Malbec-Malbec Fairtrade 75cl,75cl,£16.20/L,12.15,,
Co-op,Wine & Sparkling,Red Wine,Etre Affame Cinsault 750ml,75cl,£16.20/L,12.15,,
Co-op,Wine & Sparkling,Red Wine,Jam Shed Shiraz Red Wine 75cl,75cl,£16.67/L,12.50,,
Co-op,Wine & Sparkling,Red Wine,La Vieille Ferme Red Wine 750ml,75cl,£17.13/L,12.85,,
Co-op,Wine & Sparkling,Red Wine,Les Emblèmes François Plessis Collection Premium 75cl,75cl,£19.40/L,14.55,,
Co-op,Wine & Sparkling,Red Wine,Les Grands Consuls Côtes-Du-Rhône 75cl,75cl,£18.07/L,13.55,,
Co-op,Wine & Sparkling,Red Wine,Louis Jadot Beaujolais - Villages 75cl,75cl,£24.80/L,18.60,,
Co-op,Wine & Sparkling,Red Wine,McGuigan Black Label Shiraz Wine 75cl,75cl,£14.87/L,11.15,,
Co-op,Wine & Sparkling,Red Wine,Saint-Emilion Château Graves de Rabion 750ml,75cl,£25.27/L,18.95,,
Co-op,Wine & Sparkling,Red Wine,Saumur Cabernet Franc 750ml,75cl,£18.07/L,13.55,,
Co-op,Wine & Sparkling,Red Wine,Trivento Special Selection Malbec 75cl,75cl,£23.00/L,17.25,,
Co-op,Wine & Sparkling,Rose Wine,Angel's Vine Mediterranean Rose 750 ml,75cl,£15.80/L,11.85,,
Co-op,Wine & Sparkling,Rose Wine,Barefoot Pink Moscato Rosé Wine 75cl,75cl,£13.53/L,10.15,,
Co-op,Wine & Sparkling,Rose Wine,Barefoot White Zinfandel Rosé Wine 75cl,75cl,£12.53/L,9.40,,
Co-op,Wine & Sparkling,Rose Wine,Bijou Cuvée Terre de Providence 75cl,75cl,£17.93/L,13.45,,
Co-op,Wine & Sparkling,Rose Wine,Blossom Hill White Zinfandel 750ml,75cl,£11.73/L,8.80,,
Co-op,Wine & Sparkling,Rose Wine,Co-op Fairtrade Shiraz Rosé 75cl,75cl,£13.27/L,9.95,,
Co-op,Wine & Sparkling,Rose Wine,Co-op Irresistible Côtes de Provence 75cl,75cl,£19.40/L,14.55,,
Co-op,Wine & Sparkling,Rose Wine,Co-op Irresistible Solo Dry Rosé 75cl,75cl,£16.20/L,12.15,,
Co-op,Wine & Sparkling,Rose Wine,Co-op South African Rose Fairtrade 75CL,75cl,£8.53/L,6.40,,
Co-op,Wine & Sparkling,Rose Wine,Coeur de Cardeline Rosé Costières de Nîmes Wine 750ml,75cl,£18.07/L,13.55,,
Co-op,Wine & Sparkling,Rose Wine,Héritages Côtes De Provence Sainte Victoire 750ml,75cl,£28.40/L,21.30,,
Co-op,Wine & Sparkling,Rose Wine,Jam Shed Rosé 750ml,75cl,£16.67/L,12.50,,
Co-op,Wine & Sparkling,Rose Wine,Kylie Minogue Signature Rosé 75cl,75cl,£14.40/L,10.80,,
Co-op,Wine & Sparkling,Rose Wine,La Folie Douce Rosé 75cl,75cl,£18.47/L,13.85,,
Co-op,Wine & Sparkling,Rose Wine,La P'tite Pierre Rosé 75cl,75cl,£14.00/L,10.50,,
Co-op,Wine & Sparkling,Rose Wine,La Vieille Ferme Rosé Wine 1.5L,1.5L,£15.57/L,23.35,,
Co-op,Wine & Sparkling,Rose Wine,La Vieille Ferme Rosé Wine 750ml,75cl,£16.20/L,12.15,,
Co-op,Wine & Sparkling,Rose Wine,Maresco Pinot Grigio Rosé 75cl,75cl,£12.33/L,9.25,,
Co-op,Wine & Sparkling,Rose Wine,McGuigan Single Batch Project Dry Rosé 75cl,75cl,£15.33/L,11.50,,
Co-op,Wine & Sparkling,Rose Wine,Mirabeau Nude Pink 75cl,75cl,£18.93/L,14.20,,
Co-op,Wine & Sparkling,Rose Wine,Miraval Côtes De Provence 75cl,75cl,£37.93/L,28.45,,
Co-op,Wine & Sparkling,Rose Wine,Orange Groove 75cl,75cl,£15.33/L,11.50,,
Co-op,Wine & Sparkling,Rose Wine,Ramón Bilbao Rosado Rioja 750ml,75cl,£16.20/L,12.15,,
Co-op,Wine & Sparkling,Rose Wine,Stormhoek Moscato Rosé 75cl,75cl,£10.33/L,7.75,,
Co-op,Wine & Sparkling,Rose Wine,Studio By Miraval Rosé 75cl,75cl,£20.27/L,15.20,,
Co-op,Wine & Sparkling,Rose Wine,Te Pā Rosé Marlborough 750ml,75cl,£18.47/L,13.85,,
Co-op,Wine & Sparkling,White Wine,Co-op Soave Wine 75cl,75cl,£6.87/L,5.15,,
Co-op,Wine & Sparkling,Student Shop 🍜🎓🥫,Co-op Irresistible Fairtrade Sauvignon Blanc Wine 75cl,75cl,£11.73/L,8.80,,
Co-op,Wine & Sparkling,Student Shop 🍜🎓🥫,The Ned Sauvignon Blanc Wine 750ml,75cl,£21.67/L,16.25,,
Co-op,Wine & Sparkling,White Wine,Andrew Peace Chardonnay 75cl,75cl,£13.53/L,10.15,,
Co-op,Wine & Sparkling,White Wine,André Montessuy Saint-Véran 75cl,75cl,£36.00/L,27.00,,
Co-op,Wine & Sparkling,White Wine,Arpeggio Fiano Terre Siciliane IGT 75cl,75cl,£16.67/L,12.50,,
Co-op,Wine & Sparkling,White Wine,Barefoot Buttery Chardonnay 750ml,750ml,£16.20/L,12.15,,
Co-op,Wine & Sparkling,White Wine,Barefoot Pinot Grigio Wine 750ml,75cl,£16.20/L,12.15,,
Co-op,Wine & Sparkling,White Wine,Blossom Hill Crisp & Fruity White 750ml,75cl,£11.27/L,8.45,,
Co-op,Wine & Sparkling,White Wine,Bread & Butter Chardonnay 75cl,750ml,£31.13/L,23.35,,
Co-op,Wine & Sparkling,White Wine,Bruce Jack Sauvignon Blanc 750ml,75cl,£17.60/L,13.20,,
Co-op,Wine & Sparkling,White Wine,Calvet Cuvée du Cap Sauvignon Blanc 75cl,75cl,£16.20/L,12.15,,
Co-op,Wine & Sparkling,White Wine,Cantine Stella Trebbiano Pinot Grigio 75cl,75cl,£12.33/L,9.25,,
Co-op,Wine & Sparkling,White Wine,Casillero del Diablo Chardonnay 75cl,75cl,£12.33/L,9.25,,
Co-op,Wine & Sparkling,White Wine,Casillero del Diablo Sauvignon Blanc 75cl,75cl,£16.67/L,12.50,,
Co-op,Wine & Sparkling,White Wine,Cestino Pecorino 75cl,75cl,£16.13/L,12.10,,
Co-op,Wine & Sparkling,White Wine,Co-op Fairtrade Chardonnay Wine 75cl,75cl,£11.73/L,8.80,,
Co-op,Wine & Sparkling,White Wine,Co-op Fairtrade Chenin Blanc 75cl,75cl,£9.73/L,7.30,,
Co-op,Wine & Sparkling,White Wine,Co-op Fairtrade Chenin Blanc-Colombard-Semillon 3L,3L,£8.92/L,26.75,,
Co-op,Wine & Sparkling,White Wine,Co-op Fairtrade Colombard 75cl,75cl,£9.73/L,7.30,,
Co-op,Wine & Sparkling,White Wine,Co-op Fairtrade Pinot Grigio 75cl,75cl,£13.80/L,10.35,,
Co-op,Wine & Sparkling,White Wine,Co-op Fairtrade Torrontes Chardonnay 75cl,75cl,£11.73/L,8.80,,
Co-op,Wine & Sparkling,White Wine,Co-op Irresistible Assyrtiko 75cl,75cl,£20.73/L,15.55,,
Co-op,Wine & Sparkling,White Wine,Co-op Irresistible Chablis 75cl,75cl,£29.80/L,22.35,,
Co-op,Wine & Sparkling,White Wine,Co-op Irresistible Chardonnay 75cl,75cl,£15.07/L,11.30,,
Co-op,Wine & Sparkling,White Wine,Co-op Irresistible English Bacchus 75cl,75cl,£25.27/L,18.95,,
Co-op,Wine & Sparkling,White Wine,Co-op Irresistible Explorers Sauvignon Blanc 75cl,75cl,£18.07/L,13.55,,
Co-op,Wine & Sparkling,White Wine,Co-op Irresistible Gavi Broglia 75CL,75cl,£19.87/L,14.90,,
Co-op,Wine & Sparkling,White Wine,Co-op Irresistible Leyda Valley Sauvignon Blanc 75CL,75cl,£16.67/L,12.50,,
Co-op,Wine & Sparkling,White Wine,Co-op Irresistible Limited Edition Grenache Blanc 75cl,75cl,£17.60/L,13.20,,
Co-op,Wine & Sparkling,White Wine,Co-op Irresistible Marsanne 75cl,75cl,£17.60/L,13.20,,
Co-op,Wine & Sparkling,White Wine,Co-op Irresistible Mâcon-Villages Chardonnay 75cl,750ml,£20.27/L,15.20,,
Co-op,Wine & Sparkling,White Wine,Co-op Irresistible Pinot Grigio 75cl,75cl,£16.13/L,12.10,,
Co-op,Wine & Sparkling,White Wine,Co-op Irresistible Pinot Grigio Ramato 75cl,75cl,£15.80/L,11.85,,
Co-op,Wine & Sparkling,White Wine,Co-op Irresistible Soave Classico 75CL,75cl,£17.13/L,12.85,,
Co-op,Wine & Sparkling,White Wine,Co-op Irresistible Viognier 75cl,75cl,£17.13/L,12.85,,
Co-op,Wine & Sparkling,White Wine,Co-op Pinot Grigio 75cl,75cl,£9.93/L,7.45,,
Co-op,Wine & Sparkling,White Wine,Co-op South African White Fairtrade 75CL,75cl,£8.53/L,6.40,,
Co-op,Wine & Sparkling,White Wine,Co-op South Breakwater Sauvignon Blanc 75cl,75cl,£13.53/L,10.15,,
Co-op,Wine & Sparkling,White Wine,Co-op Vina Gala Blanco Rioja 75cl,75cl,£14.00/L,10.50,,
Co-op,Wine & Sparkling,White Wine,Codorníu Albariño Organic Wine 75cl,75cl,£24.33/L,18.25,,
Co-op,Wine & Sparkling,White Wine,Cune Rioja White Wine 75cl,75cl,£16.20/L,12.15,,
Co-op,Wine & Sparkling,White Wine,Domane Wachau Grüner Veltliner 750ml,75cl,£25.27/L,18.95,,
Co-op,Wine & Sparkling,White Wine,Felix Solis Peñasol Sangria 1L,1L,£5.65/L,5.65,,
Co-op,Wine & Sparkling,White Wine,Hardys Voyage Chardonnay 750ml,75cl,£14.40/L,10.80,,
Co-op,Wine & Sparkling,White Wine,Heggies Vineyard Cloudline Chardonnay 75cl,75cl,£25.73/L,19.30,,
Co-op,Wine & Sparkling,White Wine,Isla Negra Seashore Sauvignon Blanc 75cl,75cl,£10.80/L,8.10,,
Co-op,Wine & Sparkling,White Wine,Jacob's Creek White 750ml,75cl,£13.00/L,9.75,,
Co-op,Wine & Sparkling,White Wine,Kleine Kapelle Pinot Grigio 75cl,75cl,£14.00/L,10.50,,
Co-op,Wine & Sparkling,White Wine,Kleine Zalze Sauvignon Blanc 750ml,75cl,£19.87/L,14.90,,
Co-op,Wine & Sparkling,White Wine,La Mia Strada I.G.P Falanghina 75cl,75cl,£17.60/L,13.20,,
Co-op,Wine & Sparkling,White Wine,La P'tite Pierre White 75cl,75cl,£14.00/L,10.50,,
Co-op,Wine & Sparkling,White Wine,La Petite Laurette Du Midi Chenin Blanc 750ml,75cl,£15.80/L,11.85,,
Co-op,Wine & Sparkling,White Wine,La Vieille Ferme White Wine 750ml,75cl,£17.13/L,12.85,,
Co-op,Wine & Sparkling,White Wine,Laurette Picpoul De Pinet 750ml,75cl,£19.73/L,14.80,,
Co-op,Wine & Sparkling,White Wine,Maison du Vin Côtes de Gascogne Colombard 75cl,75cl,£15.07/L,11.30,,
Co-op,Wine & Sparkling,White Wine,McGuigan Single Batch Pinot Grigio 75cl,75cl,£13.53/L,10.15,,
Co-op,Wine & Sparkling,White Wine,Miluna Vermentino 75cl,75cl,£18.07/L,13.55,,
Co-op,Wine & Sparkling,White Wine,Muscadet Sèvre et Maine Château De La Petite Giraudière 75cl,75cl,£19.87/L,14.90,,
Co-op,Wine & Sparkling,White Wine,Oxford Landing Sauvignon Blanc 750ml,75cl,£14.87/L,11.15,,
Co-op,Wine & Sparkling,White Wine,Oyster Bay Marlborough Sauvignon Blanc Wine 750ml,75cl,£22.07/L,16.55,,
Co-op,Wine & Sparkling,White Wine,Pacha Del Fuego Chardonnay 75cl,75cl,£15.33/L,11.50,,
Co-op,Wine & Sparkling,White Wine,Paul Mas Picpoul de Pinet 75cl,75cl,£19.73/L,14.80,,
Co-op,Wine & Sparkling,White Wine,Robert Oatley Semaphore Series Chardonnay 750cl,750ml,£23.47/L,17.60,,
Co-op,Wine & Sparkling,White Wine,Rock & Roots Organic Verdejo Sauvignon Blanc 75cl,75cl,£12.13/L,9.10,,
Co-op,Wine & Sparkling,White Wine,Shoredrift Fairtrade Sauvignon Blanc 75cl,75cl,£14.67/L,11.00,,
Co-op,Wine & Sparkling,White Wine,Stellenbosch Drive Chardonnay 750ml,75cl,£17.13/L,12.85,,
Co-op,Wine & Sparkling,White Wine,The Hidden Sea Chardonnay 750ml,75cl,£17.13/L,12.85,,
Co-op,Wine & Sparkling,White Wine,The Hidden Vine Mauzac 75cl,75cl,£16.20/L,12.15,,
Co-op,Wine & Sparkling,White Wine,The Signal Post Chardonnay 75cl,75cl,£14.33/L,10.75,,
Co-op,Wine & Sparkling,White Wine,Turano Catarratto Pinot Grigio Wine 2.25L,2.25L,£11.42/L,25.70,,
Co-op,Wine & Sparkling,White Wine,Turano Pinot Grigio 75CL,75cl,£12.60/L,9.45,,
Co-op,Wine & Sparkling,White Wine,Unknown Sauvignon Blanc 750ml,75cl,£12.60/L,9.45,,
Co-op,Wine & Sparkling,White Wine,Verdicchio dei Castelli di Jesi Classico 75cl,75cl,£16.20/L,12.15,,
Co-op,Wine & Sparkling,White Wine,Villa Garducci Pinot Grigio Trebbiano Wine 75CL,75cl,£13.07/L,9.80,,
Co-op,Wine & Sparkling,White Wine,Villa Maria Private Bin Sauvignon Blanc Marlborough 750ml,75cl,£21.20/L,15.90,,
Co-op,Wine & Sparkling,White Wine,Viña Sol Original 75cl,75cl,£15.60/L,11.70,,
Co-op,Wine & Sparkling,White Wine,Weather Man Fairtrade Sauvignon Blanc 75CL,75cl,£13.80/L,10.35,,
Co-op,Wine & Sparkling,White Wine,Yellow Tail Chardonnay 75Cl,75cl,£16.20/L,12.15,,
Co-op,Wine & Sparkling,White Wine,Yellow Tail Pinot Grigio 75cl,75cl,£16.20/L,12.15,,
Co-op,Yoghurt,Back to Routine ⏰☕,Arla Protein Strawberry Yogurt 200g,200g,£7.75/kg,1.55,,
Co-op,Yoghurt,Back to Routine ⏰☕,Co-op 0% Fat Greek Style Natural Yogurt 500g,500g,£2.60/kg,1.30,,£0.95 loyalty card (£1.90/kg)
Co-op,Yoghurt,Back to Routine ⏰☕,Muller Corner Strawberry and Peach & Apricot Yogurts,4pk,£6.34/kg,3.45,,
Co-op,Yoghurt,Back to Routine ⏰☕,Munch Bunch Double Up Fromage Frais Strawberry Vanilla 4 x 85g (340g),4pk,£5.44/kg,1.85,,
Co-op,Yoghurt,Back to Routine ⏰☕,The Collective Great Dairy Suckies Strawberry 90g,90g,£8.89/kg,0.80,1.00,£0.20 off
Co-op,Yoghurt,Back to Routine ⏰☕,"Wildlife Choobs Strawberry, Raspberry and Apricot Flavour Yogurt Tubes 6x37g",6pk,£6.08/kg,1.35,,
Co-op,Yoghurt,Flavoured Yoghurts,Activia Cherry No Added Sugar Gut Health Yogurt 4 x 115g (460g),4pk,£6.74/kg,3.10,,
Co-op,Yoghurt,Flavoured Yoghurts,Activia Mango Gut Health Yoghurt Multipack 4x115g,4pk,£6.30/kg,2.90,,
Co-op,Yoghurt,Flavoured Yoghurts,Activia Peach No Added Sugar Gut Health Yogurt 4 x 115g (460g),4pk,£6.74/kg,3.10,,
Co-op,Yoghurt,Flavoured Yoghurts,Activia Raspberry No Added Sugar Gut Health Yogurt 4 x 115g (460g),4pk,£6.74/kg,3.10,,
Co-op,Yoghurt,Flavoured Yoghurts,Activia Strawberry Gut Health Yogurt 4 x 115g (460g),4pk,£6.74/kg,3.10,,
Co-op,Yoghurt,Flavoured Yoghurts,Activia Walnut & Oats 4 x 115g (460g),4pk,£7.17/kg,3.30,,
Co-op,Yoghurt,Flavoured Yoghurts,Alpro Plant Protein Red Berries 200g,200g,£9.00/kg,1.80,,
Co-op,Yoghurt,Flavoured Yoghurts,Arla Protein Blueberry Yogurt 200g,200g,£7.75/kg,1.55,,
Co-op,Yoghurt,Flavoured Yoghurts,Arla Protein Mango Yogurt Pouch 200g,200g,£8.50/kg,1.70,,
Co-op,Yoghurt,Flavoured Yoghurts,Arla Protein Strawberry Yogurt Pouch 200g,200g,£8.50/kg,1.70,,
Co-op,Yoghurt,Flavoured Yoghurts,Bio & Me Kefir Live Yoghurt Vanilla 350g,350g,£6.29/kg,2.20,,
Co-op,Yoghurt,Flavoured Yoghurts,Co-op Berry & Cherry Overnight Oats with Açai & Chia Seeds 230g,230g,£11.30/kg,2.60,,
Co-op,Yoghurt,Flavoured Yoghurts,Co-op Greek Style Honey 450G,450g,£4.11/kg,1.85,,
Co-op,Yoghurt,Flavoured Yoghurts,Co-op Irresistible Fudge Yogurt 150G,150g,£8.33/kg,1.25,,
Co-op,Yoghurt,Flavoured Yoghurts,Co-op Irresistible Heather Honey & Ginger West Country Yogurt 150g,150g,£10.33/kg,1.55,,
Co-op,Yoghurt,Flavoured Yoghurts,Co-op Irresistible Lemon West Country Yogurt 425g,425g,£5.88/kg,2.50,,
Co-op,Yoghurt,Flavoured Yoghurts,Co-op Irresistible West Country Lemon Curd Yogurt 150g,150g,£8.33/kg,1.25,,
Co-op,Yoghurt,Flavoured Yoghurts,Co-op Irresistible West Country Yogurt Madagascan Vanilla 150g,150g,£10.33/kg,1.55,,
Co-op,Yoghurt,Flavoured Yoghurts,Co-op Irresistible West Country Yogurt Strawberries & Cream 425g,425g,£5.88/kg,2.50,,
Co-op,Yoghurt,Flavoured Yoghurts,Co-op Mango and Passionfruit Yoghurt with Granola,230g,£11.30/kg,2.60,,
Co-op,Yoghurt,Flavoured Yoghurts,Danone Activia Rhubarb 4X115G,4pk,£6.74/kg,3.10,,
Co-op,Yoghurt,Flavoured Yoghurts,Danone Skyr Icelandic Style Yoghurt 450g,450g,£5.22/kg,2.35,,
Co-op,Yoghurt,Flavoured Yoghurts,Ehrmann High Protein Double Choc 200g,200g,£9.75/kg,1.95,,2 for £3.15
Co-op,Yoghurt,Flavoured Yoghurts,Ehrmann Limited Edition Double White Choc Style 200g,200g,£9.75/kg,1.95,,2 for £3.15
Co-op,Yoghurt,Flavoured Yoghurts,GetPro 15g Protein Yoghurt Blueberry Flavour 160g,160g,£8.13/kg,1.30,,
Co-op,Yoghurt,Flavoured Yoghurts,GetPro Strawberry Yoghurt 160g,160g,£8.13/kg,1.30,,
Co-op,Yoghurt,Flavoured Yoghurts,Lindahls Kvarg Raspberry 150G,150g,£10.00/kg,1.50,,
Co-op,Yoghurt,Flavoured Yoghurts,Lindahls Protein Pudding Chocolate 140g,140g,£12.14/kg,1.70,,
Co-op,Yoghurt,Flavoured Yoghurts,Muller Corner Banana Yogurt with Chocolate Flakes,124g,£9.27/kg,1.15,,
Co-op,Yoghurt,Flavoured Yoghurts,Muller Corner Red Cherry Yogurt,124g,£9.27/kg,1.15,,
Co-op,Yoghurt,Flavoured Yoghurts,Muller Corner Vanilla Chocolate Balls and Banana Chocolate Flakes Yogurts,4pk,£6.96/kg,3.45,,
Co-op,Yoghurt,Flavoured Yoghurts,Muller Corner Vanilla Yogurt with Chocolate Balls,124g,£9.27/kg,1.15,,
Co-op,Yoghurt,Flavoured Yoghurts,Muller Corner Vanilla Yogurt with Chocolate Digestive Biscuits,124g,£9.27/kg,1.15,,
Co-op,Yoghurt,Flavoured Yoghurts,Muller Light Greek Style Lemon Yogurt 4 x 115g,4pk,£4.57/kg,2.10,,
Co-op,Yoghurt,Flavoured Yoghurts,Muller Light Toffee Fat Free Yogurt,160g,£6.56/kg,1.05,,
Co-op,Yoghurt,Flavoured Yoghurts,"Müller Corner Delicious, Creamy Yogurt Family Pack 4 x 124g (496g)",4pk,£6.35/kg,3.15,,
Co-op,Yoghurt,Flavoured Yoghurts,Müller Corner Limited Edition Ice Cream Inspired Tropical Fruits 136g,136g,£7.72/kg,1.05,,
Co-op,Yoghurt,Flavoured Yoghurts,Müller Corner Strawberry Yogurt 136g,136g,£8.46/kg,1.15,,
Co-op,Yoghurt,Flavoured Yoghurts,Müller Light Cherry Yogurt 160g,160g,£6.56/kg,1.05,,
Co-op,Yoghurt,Flavoured Yoghurts,Müller Light Greek Style Sublime Strawberry Yogurt 4 X 115G (460G),4pk,£4.57/kg,2.10,,
Co-op,Yoghurt,Flavoured Yoghurts,Müller Light Strawberry Fat Free Yogurt 160G,160g,£6.56/kg,1.05,,
Co-op,Yoghurt,Flavoured Yoghurts,Müller Myprotein Banana Split Flavour Mixers 140g,140g,£12.86/kg,1.80,,
Co-op,Yoghurt,Flavoured Yoghurts,Müller Myprotein Chocolate Flavor Mousse 200g,200g,£14.50/kg,2.90,,
Co-op,Yoghurt,Flavoured Yoghurts,Müller Myprotein Chocolate Flavour Pudding 200g,200g,£10.25/kg,2.05,,
Co-op,Yoghurt,Flavoured Yoghurts,Müller Myprotein Salted Caramel Flavor Mousse 200g,200g,£14.50/kg,2.90,,
Co-op,Yoghurt,Flavoured Yoghurts,Müller Myprotein Strawberries & Cream Flavour Mixers 140g,140g,£12.86/kg,1.80,,
Co-op,Yoghurt,Flavoured Yoghurts,Müller Myprotein Vanilla Flavour Pudding 200g,200g,£10.25/kg,2.05,,
Co-op,Yoghurt,Flavoured Yoghurts,Nomadic Chocolate & Oats Natural Yogurt 169G,169g,£10.65/kg,1.80,,
Co-op,Yoghurt,Flavoured Yoghurts,Nomadic Strawberry Bio Cereal & Yogurt 169G,169g,£12.13/kg,2.05,,
Co-op,Yoghurt,Flavoured Yoghurts,Onken 0% Fat Strawberry 450g,450g,£3.56/kg,1.60,2.35,£0.75 off
Co-op,Yoghurt,Flavoured Yoghurts,Onken 0% Fat Vanilla 450g,450g,£3.56/kg,1.60,2.35,£0.75 off
Co-op,Yoghurt,Flavoured Yoghurts,"Onken Mango, Papaya, Passion Fruit Yogurt 450g",450g,£3.56/kg,1.60,2.35,£0.75 off
Co-op,Yoghurt,Flavoured Yoghurts,Oykos Blueberry Greek Style Yogurt 4 x 110g,4pk,£5.45/kg,2.40,,
Co-op,Yoghurt,Flavoured Yoghurts,Oykos Salted Caramel Greek Style Yogurt 4 X 110G,4pk,£5.45/kg,2.40,,
Co-op,Yoghurt,Flavoured Yoghurts,Oykos Strawberry Greek Style Yogurt 4 X 110G,4pk,£5.45/kg,2.40,,
Co-op,Yoghurt,Flavoured Yoghurts,The Collective Great Dairy Gourmet Mango 425g,425g,£5.53/kg,2.35,3.15,£0.80 off
Co-op,Yoghurt,Flavoured Yoghurts,The Collective Great Dairy Gourmet Raspberry 425g,425g,£5.53/kg,2.35,3.15,£0.80 off
Co-op,Yoghurt,Flavoured Yoghurts,Total 0% Greek Yoghurt Blueberry Split Pot 150G,150g,£12.00/kg,1.80,,
Co-op,Yoghurt,Flavoured Yoghurts,Total 0%Yoghurt With Honey Split Pot 150G,150g,£12.00/kg,1.80,,
Co-op,Yoghurt,Flavoured Yoghurts,Yeo Valley Lemon Curd 450G,450g,£5.44/kg,2.45,,
Co-op,Yoghurt,Flavoured Yoghurts,Yeo Valley Organic Fruity Favourites 4 x 110g (440g),4pk,£4.20/kg,1.85,2.60,£0.75 off
Co-op,Yoghurt,Flavoured Yoghurts,Yeo Valley Organic Greek Style Honey 4 x 100g (400g),4pk,£5.00/kg,2.00,2.60,£0.60 off
Co-op,Yoghurt,Flavoured Yoghurts,Yeo Valley Organic Greek Style Honey 450g,450g,£5.44/kg,2.45,,
Co-op,Yoghurt,Flavoured Yoghurts,Yeo Valley Organic Strawberry Creamy Bio Live Yogurt 450g,450g,£5.44/kg,2.45,,
Co-op,Yoghurt,Flavoured Yoghurts,Yeo Valley Organic Wholemilk Raspberry Yogurt 450G,450g,£5.44/kg,2.45,,
Co-op,Yoghurt,Flavoured Yoghurts,Zott Jogobella 400g,400g,£4.25/kg,1.70,,
Co-op,Yoghurt,Kids Yoghurts,Bluey Fromage Frais 4 x 85g (340g),4pk,£3.82/kg,1.30,1.55,£0.25 off
Co-op,Yoghurt,Kids Yoghurts,Peppa Pig Strawberry Fromage Frais 6 x 45g (270g),6pk,£5.00/kg,1.35,,
Co-op,Yoghurt,Kids Yoghurts,Petits Filous Greek Style Strawberry 340g (4 x 85g),4pk,£9.26/kg,3.15,,
Co-op,Yoghurt,Kids Yoghurts,The Collective Great Dairy Suckies Banana 90g,90g,£8.89/kg,0.80,1.00,£0.20 off
Co-op,Yoghurt,Kids Yoghurts,Wildlife Choobs Strawberry Flavour Yogurt Tubes 6x37g,6pk,£6.08/kg,1.35,,
Co-op,Yoghurt,Kids Yoghurts,"Yoplait Frubes Strawberry, Red Berry And Peach Flavour Yogurt es 9 X 37G (333G)",9pk,£7.81/kg,2.60,,
Co-op,Yoghurt,Kids Yoghurts,Yoplait Petits Filous Strawberry And Raspberry Fromage Frais 4X85G,4pk,£4.71/kg,1.60,2.05,£0.45 off
Co-op,Yoghurt,Kids Yoghurts,Yoplait Petits Filous Yogurt Drink 4X100G,4pk,£7.25/kg,2.90,,
Co-op,Yoghurt,Natural Yoghurts,Arla Skyr Natural Icelandic Style Yogurt 450g,450g,£6.11/kg,2.75,,
Co-op,Yoghurt,Natural Yoghurts,Biotiful Gut Health Kefir Natural Yogurt Original 350g,350g,£6.71/kg,2.35,,
Co-op,Yoghurt,Natural Yoghurts,Co-op Fat Free Natural Yogurt 500g,500g,£2.80/kg,1.40,,
Co-op,Yoghurt,Natural Yoghurts,Co-op Greek Style Natural Yogurt 500g,500g,£2.60/kg,1.30,,£0.95 loyalty card (£1.90/kg)
Co-op,Yoghurt,Natural Yoghurts,Co-op Thick Natural Skyr 450g,450g,£4.89/kg,2.20,,
Co-op,Yoghurt,Natural Yoghurts,FAGE Total 0% Greek Recipe Yoghurt 450G,450g,£9.33/kg,4.20,,
Co-op,Yoghurt,Natural Yoghurts,Fage Total 0% Fat Natural Fat Free Greek Recipe Strained Yoghurt 950g,950g,£6.63/kg,6.30,,
Co-op,Yoghurt,Natural Yoghurts,Fage Total 5% Fat Natural Greek Recipe Strained Yoghurt 450g,450g,£9.33/kg,4.20,,
Co-op,Yoghurt,Natural Yoghurts,Lancashire Farm Greek Style Yogurt 1kg,1kg,£3.90/kg,3.90,,
Co-op,Yoghurt,Natural Yoghurts,Lancashire Farm Natural Bio Yogurt 1kg,1kg,£2.60/kg,2.60,,
Co-op,Yoghurt,Natural Yoghurts,Onken Set Natural 450g,450g,£4.67/kg,2.10,,
Co-op,Yoghurt,Natural Yoghurts,Yeo Valley Organic Greek Recipe 5% Strained Natural Yogurt 450g,450g,£7.89/kg,3.55,,
Co-op,Yoghurt,Natural Yoghurts,Yeo Valley Organic Greek Style Natural 450g,450g,£5.44/kg,2.45,,
Co-op,Yoghurt,Natural Yoghurts,Yeo Valley Organic Kefir Natural Yogurt 350g,350g,£6.00/kg,2.10,,
Co-op,Yoghurt,Natural Yoghurts,Yeo Valley Organic Natural Creamy Bio Live Yogurt 4 x 110g (440g),4pk,£4.55/kg,2.00,2.60,£0.60 off
Co-op,Yoghurt,Natural Yoghurts,Yeo Valley Organic Natural Creamy Bio Live Yogurt 450g,450g,£5.44/kg,2.45,,
Co-op,Yoghurt,Natural Yoghurts,Yeo Valley Organic Natural Creamy Bio Live Yogurt 950g,950g,£4.58/kg,4.35,,
Co-op,Yoghurt,Natural Yoghurts,Yeo Valley Organic Natural Yogurt 150G,150g,£6.67/kg,1.00,,
Co-op,Yoghurt,Yoghurt Drinks,Benecol No Added Sugar Raspberry Yogurt Drink 6 x 67.5g (405g),5pk,£12.44/kg,4.20,4.95,£0.75 off
Co-op,Yoghurt,Yoghurt Drinks,Actimel Blueberry 8 x 100g (800g),8pk,£4.56/kg,3.65,,
Co-op,Yoghurt,Yoghurt Drinks,Actimel Multifruit 8 x 100g (800g),8pk,£4.56/kg,3.65,,
Co-op,Yoghurt,Yoghurt Drinks,Actimel Plus Strawberry & Pomegranate Twist 8 x 100g (800g),8pk,£5.06/kg,4.05,,
Co-op,Yoghurt,Yoghurt Drinks,Activia Kefir Drink Strawberry 280ML,280ml,£5.89/L,1.65,,
Co-op,Yoghurt,Yoghurt Drinks,"Activia Kefir Strawberry & Raspberry Gut Health Fruit Yoghurts, 380g",380g,£5.53/kg,2.10,,
Co-op,Yoghurt,Yoghurt Drinks,Biotiful Gut Health Kefir Milk Drink Cherry 500ml,500ml,£6.00/L,3.00,,
Co-op,Yoghurt,Yoghurt Drinks,Biotiful Gut Health Kefir Milk Drink Original 500ml,500ml,£6.00/L,3.00,,
Co-op,Yoghurt,Yoghurt Drinks,Biotiful Gut Health Kefir Yogurt Alphonso Mango 350g,350g,£6.71/kg,2.35,,
Co-op,Yoghurt,Yoghurt Drinks,Danone Actimel Strawberry 8X100G,8pk,£4.56/kg,3.65,,
Co-op,Yoghurt,Yoghurt Drinks,Heera Yoghurt & Mint (Raita) 500ml,500ml,£2.20/L,1.10,,
Co-op,Yoghurt,Yoghurt Drinks,Mlekovita Natural Polski Kefir 1kg,1L,£2.50/L,2.50,,
Co-op,Yoghurt,Yoghurt Drinks,Nomadic Mango Lassi Exotic Yogurt Drink 500ml,500ml,£4.20/L,2.10,,
Co-op,Yoghurt,Yoghurt Drinks,Yakult Original 8 x 65ml (520ml),8pk,£8.37/L,4.35,,
Co-op,Yoghurt,Yoghurt Drinks,Yeo Valley Kefir Mango & Passion Fruit 350G,350g,£6.00/kg,2.10,,
Co-op,Yoghurt,Yoghurt Drinks,Yeo Valley Organic Kefir Strawberry Yogurt 4 x 100g (400g),4pk,£6.50/kg,2.60,,
Co-op,Yoghurt,Yoghurt Drinks,Łowicz Kefir 400G,400g,£2.88/kg,1.15,,
