store,category,subcategory,product_name,pack_size,unit_price,price_gbp,was_price_gbp,offer
Longdan,Alcohol,Alcohol,7DROPS Soju Plum Alc. 12% 360ml,,,6.60,,
Longdan,Alcohol,Alcohol,AZUMANOUEN Bara Rose Umeshu Plum Wine 13.5% 720ml,,,32.20,,
Longdan,Alcohol,Alcohol,BREWGURU Highball Lemon ABV 4% 500ml,,,5.90,,
Longdan,Alcohol,Alcohol,BREWGURU Highball Shine Muscat ABV 4% 500ml,,,5.90,,
Longdan,Alcohol,Alcohol,CHANG Beer Small Bottle 5% 320ml,,,2.10,,
Longdan,Alcohol,Alcohol,CHATEUL SOOROK Lychee Soju Alc 12% 360ml,,,6.60,,
Longdan,Alcohol,Alcohol,CHATEUL SOOROK Moscato Soju Alc 12% 360ml,,,6.60,,
Longdan,Alcohol,Alcohol,CHATEUL SOOROK Original Soju 14% 360ml,,,6.60,,
Longdan,Alcohol,Alcohol,CHATEUL SOOROK Strawberry Soju Alc 12% 360ml,,,6.60,,
Longdan,Alcohol,Alcohol,CHATEUL SOOROK Watermelon Soju 14% 360ml,,,6.60,,
Longdan,Alcohol,Alcohol,HAKUSHIKA Hanakohaku Sake Plum Flavor Acl 10.5% 300ml,,,9.20,,
Longdan,Alcohol,Alcohol,HAKUSHIKA Hanakohaku Sake Yuzu & Hyuganatsu Flavor Acl 10.5% 300ml,,,9.20,,
Longdan,Alcohol,Alcohol,HAKUSHIKA Honjozo Namachozo 13.5% 300ml,,,13.80,,
Longdan,Alcohol,Alcohol,HAKUSHIKA Junmai Ginjo 14% 300ml,,,10.35,,
Longdan,Alcohol,Alcohol,HAKUSHIKA Tokubetsu Honjozo Yamadanishiki Acl 14% 180ml,,,6.35,,
Longdan,Alcohol,Alcohol,HAKUSHIKA Tokubetsu Junmai Yamadanishiki 14% 180ml,,,6.30,,
Longdan,Alcohol,Alcohol,HAKUSHIKA Yamada Nishiki Umakuchi Honjozo Alc 14.5% 720ml,,,20.70,,
Longdan,Alcohol,Alcohol,Hanoi Beer 330ml,,,2.05,,
Longdan,Alcohol,Alcohol,Harumi Honjozo Sake 720ml,,,14.95,,
Longdan,Alcohol,Alcohol,Harumi Junmai-Shu Sake 720ml,,,17.25,,
Longdan,Alcohol,Alcohol,KOOKSOONDANG Rice Makgeolli Peach Can 350ml (Alc 3%),,,3.65,,
Longdan,Alcohol,Alcohol,LOTTE Chumchurum Blueberry Alc 12% 350ml,,,6.70,,
Longdan,Alcohol,Alcohol,LOTTE Chumchurum Grape Alc 12% 350ml,,,6.70,,
Longdan,Alcohol,Alcohol,LOTTE Chumchurum Sunhari Apple Mango Alc 12% 360ml,,,6.70,,
Longdan,Alcohol,Alcohol,LOTTE Chumchurum Sunhari Yogurt Alc.12% Alc 360ml,,,6.70,,
Longdan,Alcohol,Alcohol,NAKANO BC Beninanko Plum Wine 20.5% 720ml,,,32.20,,
Longdan,Alcohol,Alcohol,Plum Wine Doll Glass Bottle And Cup Vol 10% 180ml,,,9.45,,
Longdan,Alcohol,Alcohol,Plum Wine Geisha Bottle And Cup Vol 10% 180ml,,,8.30,,
Longdan,Alcohol,Alcohol,SAIGON Cider Apple & Ginger 4.7% ABV 330ml,,,2.55,,
Longdan,Can&Preserved&Dried,Can&Preserved&Dried,AROY-D Canned Toddy Palm in Syrup (Whole) 565g,,,4.15,,
Longdan,Can&Preserved&Dried,Can&Preserved&Dried,AROY-D Lychee In Syrup 565g,,,4.60,,
Longdan,Can&Preserved&Dried,Can&Preserved&Dried,AROY-D Young Green Jackfruit 565g,,,2.45,,
Longdan,Can&Preserved&Dried,Can&Preserved&Dried,ASAICHIBAN Kotsubu Natto (4pcs) 160g,,,2.30,,
Longdan,Can&Preserved&Dried,Can&Preserved&Dried,AZUMA Gokusho Ichiban Natto (3pcs) 135g,,,2.05,,
Longdan,Can&Preserved&Dried,Can&Preserved&Dried,AZUMA Orashidare Natto (3pcs) 120g,,,2.05,,
Longdan,Can&Preserved&Dried,Can&Preserved&Dried,Aoyama Sushi Ginger Pink In Bag 1.5kg,,,4.85,,
Longdan,Can&Preserved&Dried,Can&Preserved&Dried,Aoyama Sushi Ginger Pink In Jar 190g,,,1.30,,
Longdan,Can&Preserved&Dried,Can&Preserved&Dried,Aoyama Sushi Ginger Pink In Jar 340g,,,1.85,,
Longdan,Can&Preserved&Dried,Can&Preserved&Dried,Aoyama Sushi Ginger White In Bag 1.5kg,,,4.85,,
Longdan,Can&Preserved&Dried,Can&Preserved&Dried,Aoyama Sushi Ginger White In Jar 190g,,,1.30,,
Longdan,Can&Preserved&Dried,Can&Preserved&Dried,Aoyama Sushi Ginger White In Jar 340g,,,1.85,,
Longdan,Can&Preserved&Dried,Can&Preserved&Dried,CHANG SI Big Red Dates 454g,,,4.60,,
Longdan,Can&Preserved&Dried,Can&Preserved&Dried,CJ BIBIGO Ambient Kimchi 150g,,,2.05,,
Longdan,Can&Preserved&Dried,Can&Preserved&Dried,CJ BIBIGO Chonggak Kimchi 450g,,,7.50,,
Longdan,Can&Preserved&Dried,Can&Preserved&Dried,CJ BIBIGO Cubed Radish Kimchi 450g,,,5.20,,
Longdan,Can&Preserved&Dried,Can&Preserved&Dried,CJ BIBIGO Plantbased Sliced Cabbage Kimchi (Jar) 500g,,,7.50,,
Longdan,Can&Preserved&Dried,Can&Preserved&Dried,CJ BIBIGO Roasted Nori for Gimbap (10sheet) 22g,,,2.30,,
Longdan,Can&Preserved&Dried,Can&Preserved&Dried,CJ BIBIGO Sliced Cabbage Kimchi (Jar) 300g,,,4.30,,
Longdan,Can&Preserved&Dried,Can&Preserved&Dried,CJ BIBIGO Sliced Cabbage Kimchi (Jar) 500g,,,5.75,,
Longdan,Can&Preserved&Dried,Can&Preserved&Dried,CJ BIBIGO Sliced Cabbage Kimchi 150G,,,2.05,,
Longdan,Can&Preserved&Dried,Can&Preserved&Dried,CJ BIBIGO Sliced Cabbage Kimchi 1kg,,,8.65,,
Longdan,Can&Preserved&Dried,Can&Preserved&Dried,CJ BIBIGO Sliced Cabbage Kimchi 500G,,,5.20,,
Longdan,Can&Preserved&Dried,Can&Preserved&Dried,CJ BIBIGO Whole Cabbage Kimchi 500g,,,5.55,,
Longdan,Can&Preserved&Dried,Can&Preserved&Dried,CJ BIBIGO Yeolmu Young Radish Kimchi 450g,,,7.50,,
Longdan,Can&Preserved&Dried,Can&Preserved&Dried,CJ Sliced Wrapping Radish Pickled Sweet Sour 320g,,,2.90,,
Longdan,Can&Preserved&Dried,Can&Preserved&Dried,COCK BRAND Pickled Sour Bamboo Shoot Slice 400g,,,1.96,2.30,15% off
Longdan,Can&Preserved&Dried,Can&Preserved&Dried,COCK BRAND Pickled Sour Mustard  with Chilli 300g,,,1.19,1.40,15% off
Longdan,Can&Preserved&Dried,Can&Preserved&Dried,COCK BRAND Pickled Sour Mustard 300g,,,1.19,1.40,15% off
Longdan,Can&Preserved&Dried,Can&Preserved&Dried,Chin Chin-Canned Green Ai-Yu Jelly (Pandan Flavor) 540g,,,4.05,,
Longdan,Can&Preserved&Dried,Can&Preserved&Dried,DONGWON Fiery Hot Sauce Tuna 135g,,,1.91,2.55,25% off
Longdan,Can&Preserved&Dried,Can&Preserved&Dried,DONGWON Light Standard Tuna 135g,,,1.91,2.55,25% off
Longdan,Can&Preserved&Dried,Can&Preserved&Dried,DONGWON Roasted Seaweed Sheets For Kimbap (10 Sheets) 22g,,,2.18,2.90,25% off
Longdan,Can&Preserved&Dried,Can&Preserved&Dried,DONGWON Seasoned Seaweed Flakes Original 50g,,,3.45,,
Longdan,Can&Preserved&Dried,Can&Preserved&Dried,DONGWON Tuna With BBQ Sauce 135g,,,1.91,2.55,25% off
Longdan,Can&Preserved&Dried,Can&Preserved&Dried,DRAGON BOAT Shiitake Mushrooms (Poku) 284g,,,0.70,,
Longdan,Can&Preserved&Dried,Can&Preserved&Dried,DS CJO Dried Seaweed 25g,,,1.15,,
Longdan,Can&Preserved&Dried,Can&Preserved&Dried,DS CJO Dried Seaweed 50g,,,2.10,,
Longdan,Can&Preserved&Dried,Can&Preserved&Dried,DS CJO Nori Seaweed for Sushi (10 sheets) 20g,,,2.90,,
Longdan,Can&Preserved&Dried,Can&Preserved&Dried,DS JONGGA Fried kimchi 160g,,,2.55,,
Longdan,Can&Preserved&Dried,Can&Preserved&Dried,DS JONGGA Kimchi 160g,,,2.55,,
Longdan,Can&Preserved&Dried,Can&Preserved&Dried,DS JONGGA Sliced Cabbage Kimchi (Pouch) 300g,,,4.15,,
Longdan,Can&Preserved&Dried,Can&Preserved&Dried,DS JONGGA Sliced Cabbage Kimchi (Pouch) 700g,,,8.25,,
Longdan,Can&Preserved&Dried,Can&Preserved&Dried,Dried Bamboo Strips 200g,,,3.25,,
Longdan,Can&Preserved&Dried,Can&Preserved&Dried,Dried Young Bamboo Shoots 250g,,,4.05,,
Longdan,Can&Preserved&Dried,Can&Preserved&Dried,FAN SAO GUANG Seasoned Enoki Mushroom 280g,,,2.75,,
Longdan,Can&Preserved&Dried,Can&Preserved&Dried,FurnYou- Vegan Minced Meat 170g,,,2.30,,
Longdan,Can&Preserved&Dried,Can&Preserved&Dried,GOLD PLUM Premium Shiitake Mushroom 100g,,,2.90,,
Longdan,Can&Preserved&Dried,Can&Preserved&Dried,GOLDEN LOTUS Dried Banana 300g,,,2.30,,
Longdan,Can&Preserved&Dried,Can&Preserved&Dried,GUO SHENG Pickled Lettuce 90g,,,0.65,,
Longdan,Can&Preserved&Dried,Can&Preserved&Dried,HARUMI Dashi Kombu Dried Kelp 115g,,,2.65,,
Longdan,Can&Preserved&Dried,Can&Preserved&Dried,HARUMI Roasted Black Sesame Seeds 100g,,,2.55,,
Longdan,Can&Preserved&Dried,Can&Preserved&Dried,HARUMI Roasted White Sesame Seeds 100g,,,2.55,,
Longdan,Can&Preserved&Dried,Can&Preserved&Dried,HARUMI Wakame Seaweed 40g,,,1.50,,
Longdan,Can&Preserved&Dried,Can&Preserved&Dried,HENAFF Pate De Jambon 3x80g/ Ham Pate 3x80g,,,4.35,,
Longdan,Can&Preserved&Dried,Can&Preserved&Dried,HENAFF Rillettes De Poulet Roti/ Roasted Chicken Rillettes 3x72g,,,5.45,,
Longdan,Can&Preserved&Dried,Can&Preserved&Dried,Hanyu Food - Shredded Bamboo Shoot 330g,,,4.40,,
Longdan,Can&Preserved&Dried,Can&Preserved&Dried,Harumi Sushi Nori (10 Sheets) 25G,,,2.55,,
Longdan,Can&Preserved&Dried,Can&Preserved&Dried,Harumi Takuan - Pickled Radish Slice 250G,,,1.75,,
Longdan,Can&Preserved&Dried,Can&Preserved&Dried,JIAOXIER Sweet and Sour Tin Pickled Leek 3kg (d.w 1.5kg),,,17.25,,
Longdan,Can&Preserved&Dried,Can&Preserved&Dried,JONGGA Mat Kimchi Fish Free (Pet) 300g,,,3.38,4.50,25% off
Longdan,Can&Preserved&Dried,Can&Preserved&Dried,JONGGA Mat Sliced Cabbage Kimchi (Pet) 300g,,,3.38,4.50,25% off
Longdan,Can&Preserved&Dried,Can&Preserved&Dried,JONGGA Mat Sliced Cabbage Kimchi (Pet) 750g,,,9.55,,
Longdan,Can&Preserved&Dried,Can&Preserved&Dried,JONGGA Mat Sliced Cabbage Kimchi (Pouch) 1KG,,,9.55,,
Longdan,Can&Preserved&Dried,Can&Preserved&Dried,JONGGA Mat Sliced Cabbage Kimchi (Pouch) 200g,,,1.99,2.65,25% off
Longdan,Can&Preserved&Dried,Can&Preserved&Dried,JONGGA Mat Sliced Cabbage Kimchi (Pouch) 500g,,,4.09,5.45,25% off
Longdan,Can&Preserved&Dried,Can&Preserved&Dried,JONGGA Poggi Whole Cabbage Kimchi 500g,,,5.65,,
Longdan,Can&Preserved&Dried,Can&Preserved&Dried,KIM'S KITCHEN PREMIUM Sliced Cabbage & Radish Kimchi 1.2kg,,,9.20,,
Longdan,Can&Preserved&Dried,Can&Preserved&Dried,KIM'S KITCHEN PREMIUM Sliced Cabbage & Radish Kimchi 600g,,,6.90,,
Longdan,Can&Preserved&Dried,Can&Preserved&Dried,KIM'S KITCHEN PREMIUM Sliced Cabbage Kimchi 1.2kg,,,9.20,,
Longdan,Can&Preserved&Dried,Can&Preserved&Dried,KIM'S KITCHEN PREMIUM Sliced Cabbage Kimchi 2.2 Kg,,,13.80,,
Longdan,Can&Preserved&Dried,Can&Preserved&Dried,KIM'S KITCHEN PREMIUM Sliced Cabbage Kimchi 300g,,,3.45,,
Longdan,Can&Preserved&Dried,Can&Preserved&Dried,KIM'S KITCHEN PREMIUM Sliced Cabbage Kimchi 600g,,,6.90,,
Longdan,Can&Preserved&Dried,Can&Preserved&Dried,KIM'S KITCHEN PREMIUM Vegetarian Sliced Cabbage Kimchi 1.2kg,,,9.20,,
Longdan,Can&Preserved&Dried,Can&Preserved&Dried,KIM'S KITCHEN PREMIUM Vegetarian Sliced Cabbage Kimchi 300g,,,3.45,,
Longdan,Can&Preserved&Dried,Can&Preserved&Dried,LAO CAI CHEN White Fermented Beancurd With Sesame Oil 290g,,,2.20,,
Longdan,Can&Preserved&Dried,Can&Preserved&Dried,LAO CAI CHEN Zero Additives Fermented Beancurd - Big Chunks 300g,,,2.80,,
Longdan,Can&Preserved&Dried,Can&Preserved&Dried,LONGDAN Preserved Beancurd with Taro 400g,,,5.30,,
Longdan,Can&Preserved&Dried,Can&Preserved&Dried,Light Dried Bamboo Shoots 250g,,,4.05,,
Longdan,Can&Preserved&Dried,Can&Preserved&Dried,Lily's Crunchy Peanut Butter 320g,,,6.90,,
Longdan,Can&Preserved&Dried,Can&Preserved&Dried,Lily's Peanut Butter 296g,,,7.75,,
Longdan,Can&Preserved&Dried,Can&Preserved&Dried,Lita Banana Blossom 30g,,,1.30,,
Longdan,Can&Preserved&Dried,Can&Preserved&Dried,Longdan Bamboo Shoot Slices with Chilli 500g,,,3.25,,
Longdan,Can&Preserved&Dried,Can&Preserved&Dried,Longdan Bamboo Shoot Strips with Chilli 500g,,,3.25,,
Longdan,Can&Preserved&Dried,Can&Preserved&Dried,Longdan Bamboo Shoot in Brine 500G,,,3.25,,
Longdan,Can&Preserved&Dried,Can&Preserved&Dried,Longdan Black Fungus 100g,,,1.65,,
Longdan,Can&Preserved&Dried,Can&Preserved&Dried,Longdan Dried Bamboo Shoot Tip 500G,,,3.80,,
Longdan,Can&Preserved&Dried,Can&Preserved&Dried,Longdan Dried Chinese Mushroom 100g,,,2.65,,
Longdan,Can&Preserved&Dried,Can&Preserved&Dried,Longdan Dried Papaya 100G,,,2.20,,
Longdan,Can&Preserved&Dried,Can&Preserved&Dried,Longdan Dried White Radish 100g,,,2.10,,
Longdan,Can&Preserved&Dried,Can&Preserved&Dried,Longdan Fried Shallot Flake 100g,,,1.75,,
Longdan,Can&Preserved&Dried,Can&Preserved&Dried,Longdan Fried Shallot Flake 1kg,,,13.80,,
Longdan,Can&Preserved&Dried,Can&Preserved&Dried,Longdan Fried Shallot Flake 200g,,,3.60,,
Longdan,Can&Preserved&Dried,Can&Preserved&Dried,Longdan Fried Shallot Flake 500g,,,8.05,,
Longdan,Can&Preserved&Dried,Can&Preserved&Dried,Longdan Green Rice Flake (Com Dep Dua) 400g,,,2.30,,
Longdan,Can&Preserved&Dried,Can&Preserved&Dried,Longdan Pickled Leek 390g,,,7.85,,
Longdan,Can&Preserved&Dried,Can&Preserved&Dried,Longdan Pickled Lotus Rootlet 365g,,,6.35,,
Longdan,Can&Preserved&Dried,Can&Preserved&Dried,Longdan Preserved Eggplant in Chilli 400g,,,4.95,,
Longdan,Can&Preserved&Dried,Can&Preserved&Dried,Longdan Preserved Shrimp Paste - Northern Style 200g,,,3.80,,
Longdan,Can&Preserved&Dried,Can&Preserved&Dried,Longdan Preserved Shrimp Paste - Northern Style 430g,,,7.60,,
Longdan,Can&Preserved&Dried,Can&Preserved&Dried,Longdan Preserved Shrimp Paste Ha Noi 200g,,,3.80,,
Longdan,Can&Preserved&Dried,Can&Preserved&Dried,Longdan Preserved Shrimp Paste Hanoi 430g,,,6.35,,
Longdan,Can&Preserved&Dried,Can&Preserved&Dried,Longdan Preserved Shrimp Paste Hue 200g,,,4.85,,
Longdan,Can&Preserved&Dried,Can&Preserved&Dried,Longdan Preserved Shrimp Paste Hue 430g,,,8.65,,
Longdan,Can&Preserved&Dried,Can&Preserved&Dried,Longdan Preserved Shrimp Paste Vung Tau 200g,,,3.80,,
Longdan,Can&Preserved&Dried,Can&Preserved&Dried,Longdan Preserved Shrimp Paste Vung Tau 430g,,,6.35,,
Longdan,Can&Preserved&Dried,Can&Preserved&Dried,Longdan Salted Eggplant 365g,,,3.45,,
Longdan,Can&Preserved&Dried,Can&Preserved&Dried,Longdan Salted Figs 500g,,,3.00,,
Longdan,Can&Preserved&Dried,Can&Preserved&Dried,Longdan Salted Shredded Napa Cabbage 200g,,,1.40,,
Longdan,Can&Preserved&Dried,Can&Preserved&Dried,Longdan Sambal Oelek Ground Chilli 250G,,,2.90,,
Longdan,Can&Preserved&Dried,Can&Preserved&Dried,Longdan Shredded Bamboo Shoot in Brine 500gr,,,3.15,,
Longdan,Can&Preserved&Dried,Can&Preserved&Dried,Longdan Sweet Rice Flake (Com Dep) 400g,,,3.80,,
Longdan,Can&Preserved&Dried,Can&Preserved&Dried,Longdan Vegetable In Fish Sauce 430g,,,5.70,,
Longdan,Can&Preserved&Dried,Can&Preserved&Dried,MADAME WONG Bamboo Shoot Tip 1kg,,,8.65,,
Longdan,Can&Preserved&Dried,Can&Preserved&Dried,MADAME WONG Bamboo Shoot Tip 300g,,,2.90,,
Longdan,Can&Preserved&Dried,Can&Preserved&Dried,MADAME WONG Canned Palm's Seed In Heavy Syrup 620g,,,5.05,,
Longdan,Can&Preserved&Dried,Can&Preserved&Dried,MADAME WONG Lotus Rootlets In Brine 454g,,,2.30,,
Longdan,Can&Preserved&Dried,Can&Preserved&Dried,MADAME WONG Pickled Salted Mustard 300g,,,2.30,,
Longdan,Can&Preserved&Dried,Can&Preserved&Dried,MADAME WONG Pickled Sour Mustard 300g,,,1.40,,
Longdan,Can&Preserved&Dried,Can&Preserved&Dried,MADAME WONG Salted Radish (Stripes) 400g,,,2.55,,
Longdan,Can&Preserved&Dried,Can&Preserved&Dried,MADAME WONG Salted Radish (Whole) 400g,,,2.30,,
Longdan,Can&Preserved&Dried,Can&Preserved&Dried,MADAME WONG Sour Bamboo Shoot Sliced 250g,,,1.90,,
Longdan,Can&Preserved&Dried,Can&Preserved&Dried,MADAME WONG Sweet Radish (Chop) 400g,,,3.05,,
Longdan,Can&Preserved&Dried,Can&Preserved&Dried,MADAME WONG Sweet Radish (Slice) 400g,,,2.90,,
Longdan,Can&Preserved&Dried,Can&Preserved&Dried,MALING Premium Luncheon Meat 340g,,,3.90,,
Longdan,Can&Preserved&Dried,Can&Preserved&Dried,Maling Pickled Cabbage 200G,,,0.90,,
Longdan,Can&Preserved&Dried,Can&Preserved&Dried,Maling Winter Bamboo Shoot 552G,,,2.45,,
Longdan,Can&Preserved&Dried,Can&Preserved&Dried,Ngoc Lien Eggplant in Chilli Sauce 400g,,,4.95,,
Longdan,Can&Preserved&Dried,Can&Preserved&Dried,POR KWAN Minced Prawn In Spices (Tin) 160g,,,1.80,,
Longdan,Can&Preserved&Dried,Can&Preserved&Dried,TAN TAN XIANG Xiaomi Green Chilli 275g,,,2.10,,
Longdan,Can&Preserved&Dried,Can&Preserved&Dried,Tofuhat Crispy Fried Onions 500g,,,3.95,,
Longdan,Can&Preserved&Dried,Can&Preserved&Dried,Tofuhat Fermented Bean curd with chilli 400g,,,4.60,,
Longdan,Can&Preserved&Dried,Can&Preserved&Dried,Tofuhat Gluten Free Fried Shallot 250g,,,5.20,,
Longdan,Can&Preserved&Dried,Can&Preserved&Dried,VEGAN VILLAGE Bamboo Leaves 28-30cm 100pcs,,,4.05,,
Longdan,Can&Preserved&Dried,Can&Preserved&Dried,VEGAN VILLAGE Dried Black Fungus 200g,,,2.90,,
Longdan,Can&Preserved&Dried,Can&Preserved&Dried,VEGAN VILLAGE Dried Black Fungus Strips 1kg,,,12.65,,
Longdan,Can&Preserved&Dried,Can&Preserved&Dried,VEGAN VILLAGE Dried Black Fungus Strips 200g,,,2.90,,
Longdan,Can&Preserved&Dried,Can&Preserved&Dried,VEGAN VILLAGE Dried Dongbei Black Fungus 100g,,,2.90,,
Longdan,Can&Preserved&Dried,Can&Preserved&Dried,VEGAN VILLAGE Dried Shiitake Mushroom 100g,,,2.90,,
Longdan,Can&Preserved&Dried,Can&Preserved&Dried,VEGAN VILLAGE Dried Shiitake Mushroom 1kg,,,27.60,,
Longdan,Can&Preserved&Dried,Can&Preserved&Dried,VEGAN VILLAGE Dried Shiitake Mushroom 200g,,,5.75,,
Longdan,Can&Preserved&Dried,Can&Preserved&Dried,Vegan Village Dried Shiitake Mushroom Slice 250g,,,6.90,,
Longdan,Can&Preserved&Dried,Can&Preserved&Dried,Vegan Village Dried Shiitake Mushroom Slice 500g,,,13.80,,
Longdan,Can&Preserved&Dried,Can&Preserved&Dried,WANG ZHI HE Chilli Bean Curd 240g,,,2.20,,
Longdan,Can&Preserved&Dried,Can&Preserved&Dried,WU ZHOU REAL Guiling Grass Jelly Loganguo & Chrysanthemum 250g,,,1.60,,
Longdan,Can&Preserved&Dried,Can&Preserved&Dried,XIN LIANG NIAN Dried Longan 227g,,,4.75,,
Longdan,Can&Preserved&Dried,Can&Preserved&Dried,XIN LIANG NIAN Dried Lotus Seeds 200g,,,4.15,,
Longdan,Can&Preserved&Dried,Can&Preserved&Dried,XIN LIANG NIAN Dried Yam 100g,,,1.75,,
Longdan,Can&Preserved&Dried,Can&Preserved&Dried,XIN LIANG NIAN Sichuan Peppercorn - Whole 100g,,,2.90,,
Longdan,Can&Preserved&Dried,Can&Preserved&Dried,XING HUA Dried Seaweed Without Seasoning Bag 25g,,,2.55,,
Longdan,Can&Preserved&Dried,Can&Preserved&Dried,YUGUO Pearl Mushrooms 238g,,,6.80,,
Longdan,Can&Preserved&Dried,Can&Preserved&Dried,YUMMYTO Roasted Nori 10 pieces 25g,,,2.45,,
Longdan,Coconut Product,Coconut Product,AROY-D Canned Coconut Milk 165ml,,,1.10,,
Longdan,Coconut Product,Coconut Product,AROY-D UHT Coconut Milk 1L,,,4.15,,
Longdan,Coconut Product,Coconut Product,SAVOY Canned Coconut Cream 165ml,,,1.10,,
Longdan,Condiments,Condiments,AJINOMOTO Chicken Powder 1kg,,,10.95,,
Longdan,Condiments,Condiments,AJINOMOTO Chicken Powder 250g,,,4.60,,
Longdan,Condiments,Condiments,AJINOMOTO MSG 454g,,,3.65,,
Longdan,Condiments,Condiments,AJINOMOTO MSG 454g VN,,,3.70,,
Longdan,Condiments,Condiments,AJINOMOTO MSG EU 1kg,,,6.35,,
Longdan,Condiments,Condiments,AJINOMOTO MSG VN 1kg,,,8.05,,
Longdan,Condiments,Condiments,AROY-D Canned Coconut Milk 400ml,,,2.10,,
Longdan,Condiments,Condiments,AROY-D Canned Coconut Milk Dessert 400ml,,,2.10,,
Longdan,Condiments,Condiments,AROY-D UHT Coconut Milk 250ml,,,1.40,,
Longdan,Condiments,Condiments,BAI JIA Condiment - Mapo Tofu Seasoning 100g,,,1.50,,
Longdan,Condiments,Condiments,BAODING Rice Vinegar 500ml,,,2.10,,
Longdan,Condiments,Condiments,BAODING Shanghai Fragrant Vinegar 500ml,,,2.10,,
Longdan,Condiments,Condiments,BAODING Shanghai White Vinegar 500ml,,,2.10,,
Longdan,Condiments,Condiments,BAODING White Vinegar 500ml,,,2.55,,
Longdan,Condiments,Condiments,COCK BRAND Tamarind Soup Base Seasoning Powder 40g,,,1.00,,
Longdan,Condiments,Condiments,DATU PUTI Vinegar 1L,,,2.80,,
Longdan,Condiments,Condiments,FATHAI Brown Soup Powder 165g,,,1.85,,
Longdan,Condiments,Condiments,FATHAI Chicken Seasoning Powder 165g,,,1.85,,
Longdan,Condiments,Condiments,FATHAI Clear Soup Powder 165g,,,1.85,,
Longdan,Condiments,Condiments,FATHAI Mushroom Flavour Seasoning Powder 165g,,,2.15,,
Longdan,Condiments,Condiments,FOODY GAINS Chilli Powder 100g,,,2.30,,
Longdan,Condiments,Condiments,FOODY GAINS Coconut Sugar Powder 500g,,,5.20,,
Longdan,Condiments,Condiments,FU XING Brown Sugar 400g,,,1.90,,
Longdan,Condiments,Condiments,GOLDEN LOTUS Shaoxing Rice Wine 150ml,,,2.80,,
Longdan,Condiments,Condiments,Golden Lotus  Vegan Fish Maw 100G,,,1.90,,
Longdan,Condiments,Condiments,Golden Lotus  Vegan Shredded Beef,,,1.90,,
Longdan,Condiments,Condiments,HADAY White Rice Vinegar 450ml,,,1.65,,
Longdan,Condiments,Condiments,HAO REN JIA Tomato Hotpot Condiment 200g,,,2.80,,
Longdan,Condiments,Condiments,HAORENJIA Hot & Spicy Pot Seasoning 220g,,,2.80,,
Longdan,Condiments,Condiments,HAORENJIA Mushroom Hot Pot Condiment 130g,,,2.80,,
Longdan,Condiments,Condiments,HAORENJIA Spicy Hot Pot Soup Base 360g,,,4.85,,
Longdan,Condiments,Condiments,Harumi Cooking Sake 300ml,,,5.20,,
Longdan,Condiments,Condiments,Harumi Cooking Sake 500ml,,,8.20,,
Longdan,Condiments,Condiments,Harumi Hon Mirin 500ml,,,9.35,,
Longdan,Condiments,Condiments,Harumi Mirin Fu 500ml,,,3.60,,
Longdan,Condiments,Condiments,Harumi Sushi Vinegar 500ml,,,3.60,,
Longdan,Condiments,Condiments,LAO CAI CHEN Cooking Wine - Zero Additives Brewing 500ml,,,2.10,,
Longdan,Condiments,Condiments,LAO CAI CHEN Cooking Wine 1.75L,,,5.20,,
Longdan,Condiments,Condiments,LAO CAI CHEN Rice Vinegar - Zero Additives 1L,,,3.70,,
Longdan,Condiments,Condiments,LEE BRAND Beef Flavor Broth Mix 227g,,,3.24,4.05,20% off
Longdan,Condiments,Condiments,LEE BRAND Chicken Flavor Broth Soup Base Mix 45g,,,0.80,1.00,20% off
Longdan,Condiments,Condiments,LEE BRAND Thai Tom Yum Hot & Sour Mix 50g,,,0.72,0.90,20% off
Longdan,Condiments,Condiments,LEE BRAND Tom Yum Powder 227g,,,4.05,,
Longdan,Condiments,Condiments,LEE BRAND Vegetable Broth Mix 227g,,,3.52,4.40,20% off
Longdan,Condiments,Condiments,LEE KUM KEE Seasoned Soy Sauce For Dumpling 207ml,,,2.25,,
Longdan,Condiments,Condiments,LEE KUM KEE Sichuan Toban Chilli Sauce 350g,,,4.60,,
Longdan,Condiments,Condiments,LOBO Holy Basil Seasoning Mix Paste 50g,,,1.30,,
Longdan,Condiments,Condiments,LOBO Laab Namtok Seasoning Mix 35g,,,1.05,,
Longdan,Condiments,Condiments,LOBO Nam Powder Seasoning Mix 70g,,,2.00,,
Longdan,Condiments,Condiments,LOBO Pad Thai Stir-Fry Sauce 120g,,,2.05,,
Longdan,Condiments,Condiments,LOBO Panko Japanese Breadcrumbs 1kg,,,9.50,,
Longdan,Condiments,Condiments,LOBO Panko Japanese Breadcrumbs 200g,,,3.15,,
Longdan,Condiments,Condiments,LOBO Pepper Salt Prawn Stir-Fry Mix 50g,,,1.10,,
Longdan,Condiments,Condiments,LOBO Roast Duck Seasoning Mix 50g,,,1.25,,
Longdan,Condiments,Condiments,LOBO Roast Red Pork Seasoning 100g,,,2.00,,
Longdan,Condiments,Condiments,LOBO Satay Seasoning Mix 100g,,,2.25,,
Longdan,Condiments,Condiments,LOBO Seasoning Mix For Chicken 100g,,,1.90,,
Longdan,Condiments,Condiments,Longdan Grilled Rice Powder 250g,,,1.85,,
Longdan,Condiments,Condiments,MADAME WONG Concentrate Cooking Tamarind (Can) 454g,,,3.05,,
Longdan,Condiments,Condiments,MADAME WONG Fried Garlic 100g,,,2.65,,
Longdan,Condiments,Condiments,MADAME WONG Fried Garlic 300g,,,6.10,,
Longdan,Condiments,Condiments,MADAME WONG Fried Onion 75g,,,3.00,,
Longdan,Condiments,Condiments,MADAME WONG Palm Sugar In Bag 454g,,,2.60,,
Longdan,Condiments,Condiments,MADAME WONG Tamarind Without Seed 400g,,,3.70,,
Longdan,Condiments,Condiments,MAMA SITA'S Adobo Mix 50g,,,1.60,,
Longdan,Condiments,Condiments,MAMA SITA'S Afritada Mix 30g,,,1.35,,
Longdan,Condiments,Condiments,MAMA SITA'S BBQ Marinade Mix 50g,,,1.70,,
Longdan,Condiments,Condiments,MAMA SITA'S Spicy Sauce (Caldereta) Mix 50g,,,1.70,,
Longdan,Condiments,Condiments,MORITA Ryorishu Cooking Sake 13% 500ml,,,9.20,,
Longdan,Condiments,Condiments,Maggi Chinese Mushroom Flavouring Powder 200g,,,2.80,,
Longdan,Condiments,Condiments,Mama Sita Tamarind Sinigang Mix 50g,,,1.60,,
Longdan,Condiments,Condiments,McCormick Buco Pandan Extract 20ml,,,3.25,,
Longdan,Condiments,Condiments,OTAFUKU Rice Vinegar 500ml,,,4.05,,
Longdan,Condiments,Condiments,OTAFUKU Sushi Vinegar 300ml,,,4.05,,
Longdan,Condiments,Condiments,OTAFUKU Sushi Vinegar 500ml,,,4.60,,
Longdan,Condiments,Condiments,PEARL RIVER BRIDGE MSG (Purity ≥ 99%) 200g,,,1.50,,
Longdan,Condiments,Condiments,POR KWAN Nam Powder Seasoning Mix 70g,,,1.12,1.40,20% off
Longdan,Condiments,Condiments,POR KWAN Seasoning Mix For Chicken (2pcs) 100g,,,0.92,1.15,20% off
Longdan,Condiments,Condiments,SAJO Minced Garlic Cube 23g,,,3.25,,
Longdan,Condiments,Condiments,SAJO Minced Ginger Cube 23g,,,4.40,,
Longdan,Condiments,Condiments,SAVOY Canned Coconut Cream 400ml,,,2.15,,
Longdan,Condiments,Condiments,SOUTH WORD Lump Sugar 400g,,,1.35,,
Longdan,Condiments,Condiments,TAIKOO Brown Sugar 350g,,,2.55,,
Longdan,Condiments,Condiments,TANAKA Furikake 6 Colors Of Vegetables 31g,,,1.80,,
Longdan,Condiments,Condiments,TROPICAL SUN Almond Essence 28ml,,,0.60,,
Longdan,Condiments,Condiments,TROPICAL SUN Cinnamon Essence 28ml,,,0.60,,
Longdan,Condiments,Condiments,TROPICAL SUN Pineapple Essence 28ml,,,0.60,,
Longdan,Condiments,Condiments,TROPICAL SUN everyday seasoning 100g,,,1.75,,
Longdan,Condiments,Condiments,Tofuhat Chilli Lime Pepper Salt 120g,,,1.75,,
Longdan,Condiments,Condiments,Tofuhat Lime Leaf Pepper Salt 120g,,,1.75,,
Longdan,Condiments,Condiments,Tofuhat Sea Salt with Chilli 120g,,,1.50,,
Longdan,Condiments,Condiments,Tofuhat Tay Ninh Chilli Salt 110g,,,1.50,,
Longdan,Condiments,Condiments,Vifon Soup Powder 200g,,,1.00,,
Longdan,Condiments,Condiments,WANG SHOU YI 13 Spices Seasoning 45g,,,1.05,,
Longdan,Condiments,Condiments,WANG ZHI HE Cooking Wine 500ml,,,2.65,,
Longdan,Condiments,Condiments,WANG ZHI HE Cooking Wine with Shallot & Ginger 500ml,,,2.65,,
Longdan,Condiments,Condiments,WANG ZHI HE Refined Yellow Cooking Wine 500ml,,,2.10,,
Longdan,Confectionery,Confectionery,ABC Funny Hippo Fruit Jelly Straws Assorted 300g,,,3.25,,
Longdan,Confectionery,Confectionery,AMIRA Tamarind Candy 96g,,,1.40,,
Longdan,Confectionery,Confectionery,ASTOR Choco Wafer Roll Box 40g,,,1.05,,
Longdan,Confectionery,Confectionery,ASTOR Matcha Wafer Roll Box 40g,,,1.05,,
Longdan,Confectionery,Confectionery,BIN BIN Rice Crackers - Original Flavour 150g,,,3.80,,
Longdan,Confectionery,Confectionery,BONNE MAMAN Chocolate Chip Mini Cookie 100g,,,2.05,,
Longdan,Confectionery,Confectionery,BONNE MAMAN Petits Choco 250g,,,2.92,3.65,20% off
Longdan,Confectionery,Confectionery,Bamboo House Bubble Milk Tea Mochi 240g,,,4.60,,
Longdan,Confectionery,Confectionery,Bamboo House Coconut Pandan Mochi - Pandan 180g,,,3.00,,
Longdan,Confectionery,Confectionery,Bamboo House Coconut Pandan Mochi - Peanut 180g,,,3.00,,
Longdan,Confectionery,Confectionery,Bamboo House Coconut Pandan Mochi - Red Bean 180g,,,3.00,,
Longdan,Confectionery,Confectionery,Bamboo House Cookie & Cream Flavor Mochi 180g,,,3.00,,
Longdan,Confectionery,Confectionery,Bamboo House Double Fillings Mochi-Banana Milk 180g,,,3.00,,
Longdan,Confectionery,Confectionery,Bamboo House Double Fillings Mochi-Blueberry Milk 180G,,,3.00,,
Longdan,Confectionery,Confectionery,Bamboo House Double Fillings Mochi-Cantaloupe Milk 180G,,,3.00,,
Longdan,Confectionery,Confectionery,Bamboo House Double Fillings Mochi-Mango Milk 180g,,,3.00,,
Longdan,Confectionery,Confectionery,Bamboo House Double Fillings Mochi-Strawberry Milk 180g,,,3.00,,
Longdan,Confectionery,Confectionery,Bamboo House Durian Cake 250g,,,4.60,,
Longdan,Confectionery,Confectionery,Bamboo House Fruit Mochi - Blueberries 180G,,,3.00,,
Longdan,Confectionery,Confectionery,Bamboo House Fruit Mochi - Mango 180G,,,3.00,,
Longdan,Confectionery,Confectionery,Bamboo House Fruit Mochi- Strawberries 180G,,,3.00,,
Longdan,Confectionery,Confectionery,Bamboo House Handmade Mochi Matcha 180g,,,2.20,,
Longdan,Confectionery,Confectionery,Bamboo House Handmade Mochi Peanut 180g,,,2.20,,
Longdan,Confectionery,Confectionery,Bamboo House Handmade Mochi Redbean 180g,,,2.20,,
Longdan,Confectionery,Confectionery,Bamboo House Handmade Mochi Sesame 180g,,,2.20,,
Longdan,Confectionery,Confectionery,Bamboo House Handmade Mochi Taro 180g,,,2.20,,
Longdan,Confectionery,Confectionery,Bamboo House Mint Chocolate Chip Flavor Mochi 180g,,,3.00,,
Longdan,Confectionery,Confectionery,"Bamboo House Mixed Flavor Of Japanese Style Mochi (Red Bean, Peanut, Sesame) 450G""",,,5.45,,
Longdan,Confectionery,Confectionery,Bamboo House Sugar Free Pineapple Cake 150g,,,3.15,,
Longdan,Confectionery,Confectionery,Bamboo House Taiwan Rice Cake Matcha 210g,,,2.65,,
Longdan,Confectionery,Confectionery,Bamboo House Taiwan Rice Cake Peanut 210g,,,2.65,,
Longdan,Confectionery,Confectionery,Bamboo House Taiwan Rice Cake Red Bean 210g,,,2.65,,
Longdan,Confectionery,Confectionery,Bamboo House Taiwan Rice Cake Sesame 210g,,,2.65,,
Longdan,Confectionery,Confectionery,Bamboo House Taiwan Rice Cake Taro 210G,,,2.65,,
Longdan,Confectionery,Confectionery,CHA CHA Sunflower Seeds - Caramel 108g,,,1.65,,
Longdan,Confectionery,Confectionery,CHA CHA Sunflower Seeds - Pecan 108g,,,1.65,,
Longdan,Confectionery,Confectionery,CHA CHA Sunflower Seeds - Rattan Pepper 108g,,,1.65,,
Longdan,Confectionery,Confectionery,CHA CHA Sunflower Seeds - Sea Salt 108g,,,1.65,,
Longdan,Confectionery,Confectionery,CHA CHA Sunflower Seeds - Spiced 160g,,,1.85,,
Longdan,Confectionery,Confectionery,CHA CHA Sunflower Seeds - Spiced 308g,,,3.45,,
Longdan,Confectionery,Confectionery,CHOCO PANDA Biscuit Filled with Cream - Chocolate (12pcs) 180g,,,2.93,3.45,15% off
Longdan,Confectionery,Confectionery,CHOCOROOM Chocho 40g,,,1.90,,
Longdan,Confectionery,Confectionery,CHOCOROOM Strawberry 36g,,,1.90,,
Longdan,Confectionery,Confectionery,CHUBA Caasava Chips Seaweed Flavour 120g,,,2.90,,
Longdan,Confectionery,Confectionery,CREMON Sweet Monster Mini Yakgwa 110g,,,1.75,,
Longdan,Confectionery,Confectionery,CRUNCHIES Cookies Filled with Cream - Chocolate (12pcs) 180g,,,2.93,3.45,15% off
Longdan,Confectionery,Confectionery,CRUNCHIES Cookies Filled with Cream - Strawberry (12pcs) 180g,,,2.93,3.45,15% off
Longdan,Confectionery,Confectionery,DANISA Butter Cookies 200g,,,4.05,,
Longdan,Confectionery,Confectionery,DEAR TEDDY Chaplet Biscuits with Durian Cream 150g,,,3.44,4.05,15% off
Longdan,Confectionery,Confectionery,DEAR TEDDY Chocolate Sweet Heart Biscuits Filled with Coffee Cream 150g,,,3.44,4.05,15% off
Longdan,Confectionery,Confectionery,DEAR TEDDY Coconut Biscuits with Pineapple Jam 150g,,,3.44,4.05,15% off
Longdan,Confectionery,Confectionery,DEAR TEDDY Flower Biscuits with Coconut Cream 150g,,,3.44,4.05,15% off
Longdan,Confectionery,Confectionery,DEKA Mini Wafer Bites Matcha 170g,,,3.00,,
Longdan,Confectionery,Confectionery,DOUBLE HAPPINESS Fortune Cookies Retail 8x5g,,,1.65,,
Longdan,Confectionery,Confectionery,DOUBLE SEAHORSE Tamarind Chewy Candy - Spicy & Sour 80g,,,1.60,,
Longdan,Confectionery,Confectionery,DOUBLE SEAHORSE Tamarind Chewy Candy - Sweet & Sour 80g,,,1.60,,
Longdan,Confectionery,Confectionery,DRAGON & PHOENIX Dried Red Dates (Seedless) 150g,,,3.00,,
Longdan,Confectionery,Confectionery,ESODANG Dalgona Crunch Snack 80g,,,2.68,3.15,15% off
Longdan,Confectionery,Confectionery,FORTUNE FOODSTUFF Fortune Cookies 8pcs 36g,,,2.10,,
Longdan,Confectionery,Confectionery,FRUZZA Mango Roll With Passion Fruit 50g,,,3.70,,
Longdan,Confectionery,Confectionery,GARDEN Cream Wafers Cappuccino 200g,,,3.30,,
Longdan,Confectionery,Confectionery,GARDEN Cream Wafers Chocolate 200g,,,3.30,,
Longdan,Confectionery,Confectionery,GARDEN Cream Wafers Coconut 200g,,,3.30,,
Longdan,Confectionery,Confectionery,GARDEN Cream Wafers Durian 200g,,,3.30,,
Longdan,Confectionery,Confectionery,GARDEN Cream Wafers Uji Matcha 200g,,,3.30,,
Longdan,Confectionery,Confectionery,GLICO POCKY Crushed Fruits - Blueberry Yoghurt 38g,,,2.15,,
Longdan,Confectionery,Confectionery,GLICO POCKY Crushed Fruits - Strawberry Peach Yoghurt 38g,,,2.15,,
Longdan,Confectionery,Confectionery,GLICO POCKY Crushed Nuts - Almond Milk Chocolate 25g,,,2.45,,
Longdan,Confectionery,Confectionery,GLICO POCKY Crushed Nuts - Almond Noir Chocolate 25g,,,2.45,,
Longdan,Confectionery,Confectionery,GLICO POCKY Sticks - Choco Banana 25g,,,1.30,,
Longdan,Confectionery,Confectionery,GLICO POCKY Sticks - Chocolate 45g,,,1.75,,
Longdan,Confectionery,Confectionery,GLICO POCKY Sticks - Milky Matcha 35g,,,1.50,,
Longdan,Confectionery,Confectionery,GLICO POCKY Sticks - Strawberry 43g,,,1.50,,
Longdan,Confectionery,Confectionery,GOLDEN MILL Cold Noodle 90g,,,0.95,,
Longdan,Confectionery,Confectionery,GOLDEN MILL Konjac Vegetarian Tripe - Mala 18g,,,0.25,,
Longdan,Confectionery,Confectionery,GOLDEN MILL Stinky Tofu - Hot & Spicy 72g,,,1.15,,
Longdan,Confectionery,Confectionery,GSR Cat Shape Pudding Jelly Grape 90g,,,1.87,2.20,15% off
Longdan,Confectionery,Confectionery,Growers Peanuts Garlic 80G,,,2.55,,
Longdan,Confectionery,Confectionery,Growers Peanuts Savoury Hot 80G,,,2.55,,
Longdan,Confectionery,Confectionery,HARTBEAT Salt Candy Lime flavour 100g,,,1.90,,
Longdan,Confectionery,Confectionery,HELLO PANDA Assorted Flavour 260g,,,7.90,,
Longdan,Confectionery,Confectionery,HELLO PANDA Caramel 50g,,,1.40,1.75,20% off
Longdan,Confectionery,Confectionery,HELLO PANDA Chocolate Biscuit 50g,,,1.40,1.75,20% off
Longdan,Confectionery,Confectionery,HELLO PANDA Chocolate Flavour (Red) 260g,,,7.90,,
Longdan,Confectionery,Confectionery,HELLO PANDA Creamy Milk 50g,,,1.40,1.75,20% off
Longdan,Confectionery,Confectionery,HELLO PANDA Double Choco 50g,,,1.40,1.75,20% off
Longdan,Confectionery,Confectionery,HELLO PANDA Double Chocolate Flavour 260g,,,7.90,,
Longdan,Confectionery,Confectionery,HELLO PANDA Strawberry 50g,,,1.40,1.75,20% off
Longdan,Confectionery,Confectionery,HSU FU CHI Marshmallow - Grape 64g,,,1.75,,
Longdan,Confectionery,Confectionery,HSU FU CHI Marshmallow Peach 64g,,,1.75,,
Longdan,Confectionery,Confectionery,HUA WEI HENG Crystal Jujube 138g,,,1.50,,
Longdan,Confectionery,Confectionery,HYOSUNG Rice Pop Snack 130g,,,3.35,,
Longdan,Confectionery,Confectionery,HYOSUNG Rice Pop Snack 45g,,,1.36,1.60,15% off
Longdan,Confectionery,Confectionery,ILGWANG Lemon Ginger Candy 250g,,,4.15,,
Longdan,Confectionery,Confectionery,ILGWANG Orange Ginger Candy 250g,,,4.15,,
Longdan,Confectionery,Confectionery,INDY VO Cookies with Vanilla Cream 225g,,,3.10,3.65,15% off
Longdan,Confectionery,Confectionery,KASUGAI Fruitia Gummy Candy - Assortment 102g,,,3.20,,
Longdan,Confectionery,Confectionery,KASUGAI Fruitia Gummy Candy - Grape 107g,,,3.30,,
Longdan,Confectionery,Confectionery,KASUGAI Fruitia Gummy Candy - Kiwi 107g,,,3.30,,
Longdan,Confectionery,Confectionery,KASUGAI Fruitia Gummy Candy - Lychee 102g,,,3.30,,
Longdan,Confectionery,Confectionery,KASUGAI Fruitia Gummy Candy - Mango 102g,,,3.30,,
Longdan,Confectionery,Confectionery,KASUGAI Fruitia Gummy Candy - Mix 102g,,,3.20,,
Longdan,Confectionery,Confectionery,KASUGAI Fruitia Gummy Candy - Musk Melon 115g,,,2.90,,
Longdan,Confectionery,Confectionery,KASUGAI Fruitia Gummy Candy - Peach 107g,,,3.30,,
Longdan,Confectionery,Confectionery,KASUGAI Fruitia Gummy Candy - Strawberry 102g,,,3.30,,
Longdan,Confectionery,Confectionery,KFC Dip N Lick Lolly 17g,,,1.45,,
Longdan,Confectionery,Confectionery,KIMURA Black Rice Mochi 90g,,,3.20,,
Longdan,Confectionery,Confectionery,KIMURA Ogura Mochi 90g,,,3.20,,
Longdan,Confectionery,Confectionery,KITKAT Strawberry Flavour Mini 113g,,,5.20,,
Longdan,Confectionery,Confectionery,KOALA'S MARCH Biscuits - Chocolate Flavour 37g,,,1.35,,
Longdan,Confectionery,Confectionery,KOALA'S MARCH Biscuits - Vanila Milk Flavour 37g,,,1.35,,
Longdan,Confectionery,Confectionery,KOPIKO Cappuchino Candy 100g,,,2.00,,
Longdan,Confectionery,Confectionery,KOPIKO Coffee Candy - Original 175g,,,2.55,,
Longdan,Confectionery,Confectionery,KOPIKO Coffee Candy 100g,,,2.00,,
Longdan,Confectionery,Confectionery,KOPIKO Coffee Candy Blister Pack (5pcs) 17.5g,,,0.55,,
Longdan,Confectionery,Confectionery,KUSUKA Cassava Chips Spicy Topping Balado 60gr,,,2.00,,
Longdan,Confectionery,Confectionery,KUSUKA Cassava Chips Super Spicy 50gr,,,2.00,,
Longdan,Confectionery,Confectionery,Kusuka Cassava Chips Original Flavour 180g,,,4.50,,
Longdan,Confectionery,Confectionery,Kusuka Cassava Chips Seaweed Flavour 180g,,,4.50,,
Longdan,Confectionery,Confectionery,Kusuka Yam Chips Spicy Lime Leaves Flavor 68g,,,3.45,,
Longdan,Confectionery,Confectionery,LAVA BITES - Premium Edition Matcha Flavour 200g,,,4.15,,
Longdan,Confectionery,Confectionery,LAVA BITES - Strawberry Flavour Cookies 200g,,,4.15,,
Longdan,Confectionery,Confectionery,Lita Agar Agar Green 20g,,,1.65,,
Longdan,Confectionery,Confectionery,Lita Agar Agar Yellow 20g,,,1.50,,
Longdan,Confectionery,Confectionery,Lita Ampao Round 90g,,,2.05,,
Longdan,Confectionery,Confectionery,Lita Fish Cracker Plain 100g,,,2.10,,
Longdan,Confectionery,Confectionery,Lita Fish Cracker Salt & Vinegar 100g,,,2.10,,
Longdan,Confectionery,Confectionery,Lita Fish Cracker Spicy 100g,,,2.10,,
Longdan,Confectionery,Confectionery,Lita Shrimp Crackers 70g,,,2.00,,
Longdan,Confectionery,Confectionery,Lita Tamarind Salted 170g,,,2.55,,
Longdan,Confectionery,Confectionery,Lita Tamarind Spicy 170g,,,2.55,,
Longdan,Confectionery,Confectionery,Lita Tamarind Sweet 170g,,,2.55,,
Longdan,Confectionery,Confectionery,Lita Twisted Bread 227g,,,3.45,,
Longdan,Confectionery,Confectionery,Liuh Der-Bubble Tea Flavor Milk Candy 75g,,,2.30,,
Longdan,Confectionery,Confectionery,Longdan Crispy Fried Corn 250gr,,,3.70,,
Longdan,Confectionery,Confectionery,Longdan Dried Banana 250g,,,3.30,,
Longdan,Confectionery,Confectionery,Longdan Dried Jackfruit 100gr,,,2.20,,
Longdan,Confectionery,Confectionery,Longdan Dried Watermelon Seed 250g,,,4.40,,
Longdan,Confectionery,Confectionery,Longdan Jackfruit Chip 200g,,,4.30,,
Longdan,Confectionery,Confectionery,Longdan Mix Fruit Chips 200g,,,2.90,,
Longdan,Confectionery,Confectionery,Longdan Plait Biscuits 200g,,,2.30,,
Longdan,Confectionery,Confectionery,Longdan Rose - Shaped Dried Mango 300g,,,6.35,,
Longdan,Confectionery,Confectionery,Longdan Rose - Shaped Dried Mango 500g,,,9.20,,
Longdan,Confectionery,Confectionery,Longdan Spiral Biscuits 200g,,,2.30,,
Longdan,Confectionery,Confectionery,Longdan Sugar Coated Peanuts 300g,,,5.10,,
Longdan,Confectionery,Confectionery,Longdan Taro Chips 200g,,,4.30,,
Longdan,Confectionery,Confectionery,MADAME KIM Dried Mango 100gr,,,2.00,,
Longdan,Confectionery,Confectionery,MANORA Uncooked Shrimp Chips 500g,,,4.95,,
Longdan,Confectionery,Confectionery,MARUKIN Mochikon Mochi with Brown Sugar Syrup 118G,,,2.55,,
Longdan,Confectionery,Confectionery,MARUKIN Mochikon Mochi with Double Chocolate 109.5g,,,2.55,,
Longdan,Confectionery,Confectionery,MARUKIN Mochikon Mochi with Matcha 113G,,,2.55,,
Longdan,Confectionery,Confectionery,MEETU UChoc Chocolate Malt Drink Original 540g,,,6.90,,
Longdan,Confectionery,Confectionery,MIX Biscuit Sticks - Butter Corn 50g,,,1.00,,
Longdan,Confectionery,Confectionery,MIX Biscuit Sticks - Chicky Stick (Five Tasty) 50g,,,1.00,,
Longdan,Confectionery,Confectionery,MIX Biscuit Sticks - Curry Crab 60g,,,1.00,,
Longdan,Confectionery,Confectionery,MIX Biscuit Sticks - Hot Chilli 50g,,,1.00,,
Longdan,Confectionery,Confectionery,MIX Biscuit Sticks - Nori Seaweed 50g,,,1.00,,
Longdan,Confectionery,Confectionery,MIX Biscuit Sticks - Original 150g,,,2.40,,
Longdan,Confectionery,Confectionery,MIX Biscuit Sticks - Original 50g,,,1.00,,
Longdan,Confectionery,Confectionery,MIX Biscuit Sticks - Smoked Bacon 50g,,,1.00,,
Longdan,Confectionery,Confectionery,MIX Biscuit Sticks - Spicy Korean Chicken 150g,,,2.40,,
Longdan,Confectionery,Confectionery,MIX Biscuit Sticks - Spicy Korean Chicken 50g,,,1.00,,
Longdan,Confectionery,Confectionery,MK Sour Good Gummy Grape 24g,,,1.00,,
Longdan,Confectionery,Confectionery,MK Sour Good Gummy Yuzu 24g,,,1.00,,
Longdan,Confectionery,Confectionery,MK Vitamin Gummy Lychee 24g,,,1.00,,
Longdan,Confectionery,Confectionery,MK Vitamin Gummy Strawberry 24g,,,1.00,,
Longdan,Confectionery,Confectionery,MORINAGA Hi-Chew Berry Mix Flavor 90g,,,2.90,,
Longdan,Confectionery,Confectionery,"MORINAGA Hi-Chew Grape, Peach & Lychee Favors 85g",,,2.90,,
Longdan,Confectionery,Confectionery,"MORINAGA Hi-Chew Strawberry, Grape & Green Apple Favors 90g",,,2.90,,
Longdan,Confectionery,Confectionery,MR.MEE Biscuit Filled with Cream - Chocolate 22g,,,0.50,,
Longdan,Confectionery,Confectionery,MR.MEE Biscuit Filled with Cream - Milk 22g,,,0.50,,
Longdan,Confectionery,Confectionery,MR.TEDDY Cookies - Chocolate 25g,,,0.50,,
Longdan,Confectionery,Confectionery,MR.TEDDY Cookies - Milk 25g,,,0.50,,
Longdan,Confectionery,Confectionery,Mayasi Cashew Chilli Flv 45g,,,1.85,,
Longdan,Confectionery,Confectionery,Mayasi Cashew Roasted Corn Flv 45g,,,1.85,,
Longdan,Confectionery,Confectionery,Mayasi Cashew Salted Carmel Flv 45g,,,1.85,,
Longdan,Confectionery,Confectionery,Mayasi Cashew Tomyum Flv 45g,,,1.85,,
Longdan,Confectionery,Confectionery,Mayasi Chocoreto Wafer Roll Black Forest 30g,,,0.60,,
Longdan,Confectionery,Confectionery,Mayasi Chocoreto Wafer Roll Chocolate Flv 30g,,,0.60,,
Longdan,Confectionery,Confectionery,Mayasi Chocoreto Wafer Roll Tiramisu Flv 30g,,,0.60,,
Longdan,Confectionery,Confectionery,Mayasi Crispy Crepes Chocolate 85g,,,1.75,,
Longdan,Confectionery,Confectionery,Mayasi Crispy Crepes Strawberry 85g,,,1.75,,
Longdan,Confectionery,Confectionery,Mayasi Hot Senza Peanut - Spicy Garlic Flv 65g,,,1.30,,
Longdan,Confectionery,Confectionery,Mayasi Peanut Garlic Flv 65g,,,1.30,,
Longdan,Confectionery,Confectionery,Mayasi Peanut Spicy Flv 65g,,,1.30,,
Longdan,Confectionery,Confectionery,ODEHA Seaweed Crunch W/ Nuts - Classic Taste 19g,,,0.85,,
Longdan,Confectionery,Confectionery,ODEHA Seaweed Crunch W/ Nuts - Sesame Taste 19g,,,0.85,,
Longdan,Confectionery,Confectionery,ODEHA Seaweed Crunch W/ Nuts - Wasabi Taste 19g,,,0.85,,
Longdan,Confectionery,Confectionery,OISHI Poppy Pop 60g,,,1.75,,
Longdan,Confectionery,Confectionery,OREO Cookie -Blueberry & Raspberry Flavoured 97g,,,1.85,,
Longdan,Confectionery,Confectionery,OREO Cookies - Cake Flavoured 97g,,,1.85,,
Longdan,Confectionery,Confectionery,OREO Cookies Peach Oolong 97g,,,1.85,,
Longdan,Confectionery,Confectionery,OREO Cookies- Grape & Peach Flavoured 97g,,,1.85,,
Longdan,Confectionery,Confectionery,OREO Cookies-Ice Cream & Matcha Flavoured 97g,,,1.85,,
Longdan,Confectionery,Confectionery,Osse Raw Garlic Crackers 250g,,,2.80,,
Longdan,Confectionery,Confectionery,Osse Raw Shrimp Crackers 250g,,,2.80,,
Longdan,Confectionery,Confectionery,PINA Coconut Pineapple Biscuits with Pineapple Jam 50g,,,0.89,1.05,15% off
Longdan,Confectionery,Confectionery,PRESTIGE Hyper Wafers Vanilla 50g,,,0.65,,
Longdan,Confectionery,Confectionery,RONI Macaroni Crispy - Extra Spicy 140g,,,2.30,,
Longdan,Confectionery,Confectionery,RONI Macaroni Crispy - Roasted Corn 140g,,,2.30,,
Longdan,Confectionery,Confectionery,ROYAL WAFER Stick - Cappuccino Cream 125g,,,2.21,2.60,15% off
Longdan,Confectionery,Confectionery,ROYAL WAFER Stick - Strawberry Cream 125g,,,2.21,2.60,15% off
Longdan,Confectionery,Confectionery,RYOICHI Roasted Coated Green Peas - Wasabi 100g,,,1.75,,
Longdan,Confectionery,Confectionery,SACHI Toasted Coconut Tapioca Cracker 70g,,,1.15,,
Longdan,Confectionery,Confectionery,SACHI Toasted Seaweed Tapioca Cracker 45g,,,0.98,1.15,15% off
Longdan,Confectionery,Confectionery,SACHI Toasted Sesame Rice Cracker 75g,,,1.15,,
Longdan,Confectionery,Confectionery,SACHI Toasted Shrimp Tapioca Cracker 45g,,,1.15,,
Longdan,Confectionery,Confectionery,SACHI Toasted Tapioca Cracker With Seaweed Flakes 45g,,,1.15,,
Longdan,Confectionery,Confectionery,SILK ROAD Fortune Cookies 70g,,,2.50,,
Longdan,Confectionery,Confectionery,ST MICHEL Butter Palmier 87g,,,1.60,,
Longdan,Confectionery,Confectionery,ST MICHEL Choco Brownie 150g,,,1.60,2.00,20% off
Longdan,Confectionery,Confectionery,ST MICHEL Mini French Crackers Comte Cheese and Sea Salt 100g,,,2.10,,
Longdan,Confectionery,Confectionery,ST MICHEL Pure Butter Palets 150g,,,2.20,,
Longdan,Confectionery,Confectionery,ST MICHEL Pure Butter Petit 180g,,,2.15,,
Longdan,Confectionery,Confectionery,SUNFLOWER Biscuit - Butter Cream Filled 27g,,,2.15,,
Longdan,Confectionery,Confectionery,Sin A Ting Ting Jahe - Ginger Candy 40g,,,1.10,,
Longdan,Confectionery,Confectionery,TAN TAN Peanuts Cracker 250g,,,4.60,,
Longdan,Confectionery,Confectionery,TIC TAC Cassava Snack - Chilli 80g,,,1.50,,
Longdan,Confectionery,Confectionery,TOMMY & TIM Coffee Fruit-shaped Lolipop - Grapefruit 90g,,,1.85,,
Longdan,Confectionery,Confectionery,TOMMY & TIM Coffee Fruit-shaped Lolipop - Kiwi 90g,,,1.85,,
Longdan,Confectionery,Confectionery,TOMMY & TIM Coffee Fruit-shaped Lolipop - Passion Fruit 90g,,,1.85,,
Longdan,Confectionery,Confectionery,TOMMY & TIM Coffee Fruit-shaped Lolipop - Watermelon 90g,,,1.85,,
Longdan,Confectionery,Confectionery,TOMMY & TIM Mint Candy - Grapefruit 22g,,,0.70,,
Longdan,Confectionery,Confectionery,TOMMY & TIM Mint Candy - Spearmint 22g,,,0.70,,
Longdan,Confectionery,Confectionery,TOMMY & TIM Mint Candy - Watermelon 22g,,,0.70,,
Longdan,Confectionery,Confectionery,TOPPO Strawberry Chocolate 40g,,,1.10,,
Longdan,Confectionery,Confectionery,TOPPO Vanilla Chocolate 40g,,,1.10,,
Longdan,Confectionery,Confectionery,TU BONG Banana Roll With Peanuts 100g,,,2.90,,
Longdan,Confectionery,Confectionery,TU BONG Mango Roll 80g,,,3.70,,
Longdan,Confectionery,Confectionery,TU BONG Soursop Roll 80g,,,3.70,,
Longdan,Confectionery,Confectionery,TU BONG Tamarind Roll 100g,,,2.90,,
Longdan,Confectionery,Confectionery,TU BONG Tropical Fruit Roll 8 Flavours 100g,,,3.45,,
Longdan,Confectionery,Confectionery,Tan Hue Vien Durian & Black Sesame  Cake  400g,,,5.75,,
Longdan,Confectionery,Confectionery,Tan Hue Vien Durian & Mungbean Cake 400g,,,5.75,,
Longdan,Confectionery,Confectionery,Tan Hue Vien Durian & Pandan Leaf Cake 400g,,,5.75,,
Longdan,Confectionery,Confectionery,Tan Hue Vien Durian & Taro Cake 400g,,,5.75,,
Longdan,Confectionery,Confectionery,Tan Hue Vien Miscellaneous Cake 400g,,,5.75,,
Longdan,Confectionery,Confectionery,Tan Hue Vien Snow Flake Cake (Mung Bean – Durian) 400g,,,5.75,,
Longdan,Confectionery,Confectionery,Tan Hue Vien Snow Flake Cake (Mungbean - Pandanus) 400g,,,5.75,,
Longdan,Confectionery,Confectionery,Tan Hue Vien Vegetarian Pia Cake Red Bean - Durian 400g,,,5.75,,
Longdan,Confectionery,Confectionery,Tan Tan Black Sesame Coated Peanuts 240G,,,3.95,,
Longdan,Confectionery,Confectionery,Tan Tan Funmix 200G,,,2.90,,
Longdan,Confectionery,Confectionery,Tan Tan Green Peas With Wasabi 190G,,,2.90,,
Longdan,Confectionery,Confectionery,Tan Tan Peanuts Chicken Flavour Coated 200G,,,3.95,,
Longdan,Confectionery,Confectionery,Tan Tan Peanuts Shrimp Flavour Coated 200G,,,3.95,,
Longdan,Confectionery,Confectionery,Tan Tan Peanuts With Coconut 265G,,,3.95,,
Longdan,Confectionery,Confectionery,Tan Tan Peanuts With Coconut 60G,,,0.85,,
Longdan,Confectionery,Confectionery,Tan Tan Roasted Peanuts 265G,,,2.90,,
Longdan,Confectionery,Confectionery,Tan Tan Spicy Garlic Peanuts 260G,,,4.40,,
Longdan,Confectionery,Confectionery,Tan Tan White Sesame Coated Peanuts 240G,,,3.95,,
Longdan,Confectionery,Confectionery,Tropics Farm Golden Banana Chips 150g,,,3.70,,
Longdan,Confectionery,Confectionery,VFOODS Assorted Biscuits 200g,,,2.93,3.45,15% off
Longdan,Confectionery,Confectionery,VFOODS Assorted Cream Cookies 200g,,,2.93,3.45,15% off
Longdan,Confectionery,Confectionery,VFOODS Assorted Pineapple Jam Biscuits 200g,,,2.93,3.45,15% off
Longdan,Confectionery,Confectionery,WANT WANT Gummy Apple Flavour 70g,,,1.15,,
Longdan,Confectionery,Confectionery,WANT WANT Gummy Blurberry Flavour 70g,,,1.15,,
Longdan,Confectionery,Confectionery,WANT WANT Gummy Cola Flavour 70g,,,1.15,,
Longdan,Confectionery,Confectionery,WANT WANT Gummy Grape Flavour 70g,,,1.15,,
Longdan,Confectionery,Confectionery,WANT WANT Gummy Lychee Flavour 70g,,,1.15,,
Longdan,Confectionery,Confectionery,WANT WANT Gummy Pineapple Flavour 70g,,,1.15,,
Longdan,Confectionery,Confectionery,WANT WANT Gummy Strawberry Flavour 70g,,,1.15,,
Longdan,Confectionery,Confectionery,Waroeng Kerupuk Bawang Nasi Uduk 250g,,,2.30,,
Longdan,Confectionery,Confectionery,Waroeng Kerupuk Palembang Garlic 250g,,,2.30,,
Longdan,Confectionery,Confectionery,Waroeng Kerupuk Palembang Original 250g,,,2.30,,
Longdan,Confectionery,Confectionery,XURI Cooked Salted Duck Eggs 6pcs 420g,,,4.85,,
Longdan,Confectionery,Confectionery,XURI Preserved Duck Eggs 6pcs 420g,,,4.85,,
Longdan,Confectionery,Confectionery,XYLITOL Fresh Mint 29g,,,1.15,,
Longdan,Confectionery,Confectionery,XYLITOL Lime Mint 29g,,,1.15,,
Longdan,Confectionery,Confectionery,XYLITOL Strawberry Mint 29g,,,1.15,,
Longdan,Confectionery,Confectionery,YAN YAN Double Cream 44g,,,1.50,,
Longdan,Confectionery,Confectionery,YAN YAN Tubs Chocolate 50g,,,1.50,,
Longdan,Confectionery,Confectionery,YAN YAN Tubs Hazelnut 44g,,,1.50,,
Longdan,Confectionery,Confectionery,YAN YAN Tubs Strawberry 50g,,,1.50,,
Longdan,Confectionery,Confectionery,YAN YAN Tubs Vanilla 50g,,,1.50,,
Longdan,Confectionery,Confectionery,YESUNG Cotton Candy Dalgona 10g,,,1.30,,
Longdan,Confectionery,Confectionery,YESUNG Cotton Candy Strawberry 10g,,,1.30,,
Longdan,Confectionery,Confectionery,YESUNG Rainbow Cotton Candy 10g,,,1.30,,
Longdan,Confectionery,Confectionery,ZUMMI Dalgona Game Candy 24g,,,2.68,3.15,15% off
Longdan,Desserts,Desserts,AROY-D Gingko Nuts with Taro Mousse 180g,,,3.35,,
Longdan,Desserts,Desserts,Chin Chin-Grass Jelly Dessert 320g,,,2.00,,
Longdan,Desserts,Desserts,FOCO Ice Cream Pop - Durian 65g,,,4.20,,
Longdan,Desserts,Desserts,FOCO Ice Cream Pop - Mango 65g,,,3.05,,
Longdan,Desserts,Desserts,Florence Coco Gel Buko Pandan 340g,,,2.55,,
Longdan,Desserts,Desserts,Florence Coco Gel Lychee 340g,,,2.55,,
Longdan,Desserts,Desserts,Florence Halo-Halo 340g,,,4.05,,
Longdan,Desserts,Desserts,Florence Macapuno String 340g,,,4.75,,
Longdan,Desserts,Desserts,Florence Palm Nut White 340g,,,3.80,,
Longdan,Desserts,Desserts,Florence Ube Jam 340g,,,4.60,,
Longdan,Desserts,Desserts,GOLMOK Apple Cinnamon Bungeoppang 300g,,,4.75,,
Longdan,Desserts,Desserts,GOLMOK Custard Cream Bungeoppang 300g,,,4.04,4.75,15% off
Longdan,Desserts,Desserts,GOLMOK Sweet Red Bean Bungeoppang 300g,,,4.75,,
Longdan,Desserts,Desserts,JELE BEAUTIE Jelly Blackcurrant (3pcs) 420g,,,4.30,,
Longdan,Desserts,Desserts,JELE BEAUTIE Jelly White Grape And Lime (3pc) 420g,,,4.30,,
Longdan,Desserts,Desserts,MADAME WONG Banana Ball in Coconut Milk 180g,,,2.81,3.30,15% off
Longdan,Desserts,Desserts,MADAME WONG Banana With Sticky Rice 454g,,,4.63,5.45,15% off
Longdan,Desserts,Desserts,MADAME WONG Durian Ball in Coconut Milk 160g,,,2.81,3.30,15% off
Longdan,Desserts,Desserts,MADAME WONG Durian Flesh Monthong without Seed 400g,,,13.25,,
Longdan,Desserts,Desserts,MADAME WONG Ice Cream Bar - Green Bean (5pcs) 400g,,,5.40,6.35,15% off
Longdan,Desserts,Desserts,MADAME WONG Ice Cream Bar - Mango (5pcs) 400g,,,5.40,6.35,15% off
Longdan,Desserts,Desserts,MADAME WONG Ice Cream Bar - Pandan with Coconut Jelly (5pcs),,,5.40,6.35,15% off
Longdan,Desserts,Desserts,MADAME WONG Ice Cream Bar - Red Bean (5pcs) 400g,,,5.40,6.35,15% off
Longdan,Desserts,Desserts,MADAME WONG Ice Cream Bar - Taro (5pcs) 400g,,,6.35,,
Longdan,Desserts,Desserts,MADAME WONG Ice Cream Bar - Tropical Fruit (5pcs) 400g,,,5.40,6.35,15% off
Longdan,Desserts,Desserts,MADAME WONG Ice Cream Cup - Coconut 100g,,,2.51,2.95,15% off
Longdan,Desserts,Desserts,MADAME WONG Ice Cream Cup - Durian 100g,,,2.95,,
Longdan,Desserts,Desserts,MADAME WONG Ice Cream Cup - Mango 100g,,,2.51,2.95,15% off
Longdan,Desserts,Desserts,MADAME WONG Ice Cream Cup - Matcha Green Tea 100g,,,2.95,,
Longdan,Desserts,Desserts,MADAME WONG Ice Cream Cup - Taro 100g,,,2.51,2.95,15% off
Longdan,Desserts,Desserts,MADAME WONG Ice Cream Cup with Topping - Coconut 100g,,,2.85,,
Longdan,Desserts,Desserts,MADAME WONG Ice Cream Cup with Topping - Durian 100g,,,3.30,,
Longdan,Desserts,Desserts,MADAME WONG Mochi Ice Cream - Durian (6pcs) 180g,,,4.68,5.50,15% off
Longdan,Desserts,Desserts,MADAME WONG Mochi Ice Cream - Green Tea (6pcs) 180g,,,5.50,,
Longdan,Desserts,Desserts,MADAME WONG Mochi Ice Cream - Mango (6pcs) 180g,,,4.68,5.50,15% off
Longdan,Desserts,Desserts,MADAME WONG Mochi Ice Cream - Mix (6pcs) 180g,,,5.50,,
Longdan,Desserts,Desserts,MADAME WONG Mochi Ice Cream - Taro (6pcs) 180g,,,5.50,,
Longdan,Desserts,Desserts,MADAME WONG Taro Ball in Coconut Milk 160g,,,2.81,3.30,15% off
Longdan,Desserts,Desserts,MADAME WONG Taro With Sticky Rice 454g,,,4.89,5.75,15% off
Longdan,Desserts,Desserts,MADAME WONG Thai Coconut Pancakes 190g,,,4.75,,
Longdan,Desserts,Desserts,MADAME WONG Thai Fried Bananas (Kluay Kaek) 190g,,,4.10,,
Longdan,Desserts,Desserts,MINATO SEIKA Daifuku Kusa 90g,,,1.50,,
Longdan,Desserts,Desserts,MINATO SEIKA Daifuku Soy Cream - Chestnut 60g,,,1.45,,
Longdan,Desserts,Desserts,MINATO SEIKA Daifuku Soy Cream - Matcha 60g,,,1.50,,
Longdan,Desserts,Desserts,MINATO SEIKA Daifuku Soy Cream - Strawbery 60g,,,1.45,,
Longdan,Desserts,Desserts,MINATO SEIKA Daifuku Soy Cream - Yuzu 60g,,,1.45,,
Longdan,Desserts,Desserts,MINATO SEIKA Daifuku White 90g,,,1.50,,
Longdan,Desserts,Desserts,MINATO SEIKA Kushi Dango Mitarashi 325g,,,4.60,,
Longdan,Desserts,Desserts,MORI-NU Silken Asian Dessert Tofu 315g,,,2.45,,
Longdan,Desserts,Desserts,S&P Assorted Beans In Hot Syrup 170g,,,3.20,,
Longdan,Desserts,Desserts,S&P Black Glutinous Rice 150g,,,3.20,,
Longdan,Desserts,Desserts,S&P Black Sesame Dumplings In Ginger 165g,,,3.20,,
Longdan,Desserts,Desserts,S&P Gingko Nut With Sweet Taro Mousse 150g,,,3.20,,
Longdan,Desserts,Desserts,S&P Sago And Black Bean Coconut 170g,,,3.20,,
Longdan,Desserts,Desserts,S&P Taro Ball In Coconut Cream 160g,,,3.20,,
Longdan,Desserts,Desserts,SHUANG LU SHUANG Rice Pudding 360g,,,2.30,,
Longdan,Desserts,Desserts,Shuangheyuan Frozen Red Bean Sesame Balls 400g,,,3.45,,
Longdan,Desserts,Desserts,TEE YIH JIA Rice Ball Peanut Flv 200g,,,1.90,,
Longdan,Desserts,Desserts,TEE YIH JIA Rice Ball Red Bean Flv 200g,,,1.90,,
Longdan,Desserts,Desserts,TEE YIH JIA Rice Ball Sesame Flv 200g,,,1.90,,
Longdan,Desserts,Desserts,YAMAKU Awa Bancha Warabi Mochi 100g,,,2.25,,
Longdan,Desserts,Desserts,YAMAKU Warabi Mochi With Red Beans 100g,,,2.25,,
Longdan,Desserts,Desserts,YAME Pudding Nata De Coco Mixed Fruit Flavour (6pcs) 480g,,,2.90,,
Longdan,Drinks,Drinks,100 PLUS Minimum Isotonic Drink 325ml,,,1.80,,
Longdan,Drinks,Drinks,AROY-D Coconut Juice (bag) 280g,,,2.20,,
Longdan,Drinks,Drinks,BALANCE GROW Americano Black 230ml,,,1.50,,
Longdan,Drinks,Drinks,BALANCE GROW Americano Sweet 230ml,,,1.50,,
Longdan,Drinks,Drinks,BALANCE GROW Blue Lemon Ade 230ml,,,0.75,1.50,50% off
Longdan,Drinks,Drinks,BALANCE GROW Blueberry Ade 230ml,,,1.50,,
Longdan,Drinks,Drinks,BALANCE GROW Green Grape Ade 230ml,,,1.50,,
Longdan,Drinks,Drinks,BALANCE GROW Green Plum Ade 230ml,,,0.75,1.50,50% off
Longdan,Drinks,Drinks,BALANCE GROW Peach Ice Tea 230ml,,,1.50,,
Longdan,Drinks,Drinks,BALANCE GROW Pomegranate Ade 230ml,,,0.75,1.50,50% off
Longdan,Drinks,Drinks,CHIN CHIN Sweet Grass Jelly 540g,,,3.15,,
Longdan,Drinks,Drinks,COCA COLA 330ml,,,1.05,,
Longdan,Drinks,Drinks,Chin Chin-Assam Black Tea 315ml,,,1.65,,
Longdan,Drinks,Drinks,Chin Chin-Assam Milk Tea 315ml,,,1.85,,
Longdan,Drinks,Drinks,Chin Chin-Basil Seed Drink with Honey 320g,,,1.75,,
Longdan,Drinks,Drinks,Chin Chin-Fruit Tea (Peach Flavor) 530ml,,,2.55,,
Longdan,Drinks,Drinks,Chin Chin-Fruit Tea (Tropical Fruit Flavor) 530ml,,,2.30,,
Longdan,Drinks,Drinks,Chin Chin-Grass Jelly Drink (Banana Flavor) 320g,,,1.65,,
Longdan,Drinks,Drinks,Chin Chin-Grass Jelly Drink (Coconut Flavor) 320g,,,1.65,,
Longdan,Drinks,Drinks,Chin Chin-Grass Jelly Drink (Lychee Flavor) 320g,,,1.65,,
Longdan,Drinks,Drinks,Chin Chin-Grass Jelly Drink (Pandan Flavor) 320g,,,1.65,,
Longdan,Drinks,Drinks,Chin Chin-Grass Jelly Drink with Nata de Coco 315ml,,,1.65,,
Longdan,Drinks,Drinks,Chin Chin-Lemon Iced Tea 320ml,,,2.10,,
Longdan,Drinks,Drinks,Chin Chin-Lychee Juice Drink with Nata de Coco 320ml,,,2.00,,
Longdan,Drinks,Drinks,Chin Chin-Mango Juice Drink 320ml,,,1.85,,
Longdan,Drinks,Drinks,Chin Grass Jelly Drink 320g,,,1.65,,
Longdan,Drinks,Drinks,DANONE HAYAT Mineral Water 500ml,,,0.60,,
Longdan,Drinks,Drinks,DEEDO Fruit Juice - Cantaloup (Melon) 200ml,,,1.35,,
Longdan,Drinks,Drinks,DEEDO Fruit Juice - Grape 200ml,,,1.35,,
Longdan,Drinks,Drinks,DEEDO Fruit Juice - Lychee 200ml,,,1.35,,
Longdan,Drinks,Drinks,DEEDO Fruit Juice - Orange 200ml,,,1.35,,
Longdan,Drinks,Drinks,DEEDO Fruit Juice - Strawberry 200ml,,,1.35,,
Longdan,Drinks,Drinks,DEEDO Fruitku Grape Juice Flavor With Nata De Coco 280ml,,,2.05,,
Longdan,Drinks,Drinks,DEEDO Fruitku Lychee Juice Flavor With Nata De Coco 280ml,,,2.05,,
Longdan,Drinks,Drinks,DEEDO Fruitku Melon Juice Flavor With Nata De Coco 280ml,,,2.05,,
Longdan,Drinks,Drinks,DEEDO Fruitku Orange Juice Flavor With Nata De Coco 280ml,,,2.05,,
Longdan,Drinks,Drinks,DELTOP Green Tangerine Ade 230ml,,,1.50,,
Longdan,Drinks,Drinks,DELTOP Hallabong Ade 230ml,,,1.50,,
Longdan,Drinks,Drinks,DELTOP Tangerine Ade 230ml,,,1.50,,
Longdan,Drinks,Drinks,DONGWON Boseong Black Tea Ice Tea Zero Shine Muscat 500ml,,,2.20,,
Longdan,Drinks,Drinks,DONGWON Boseong Black Tea Peach 500ml.,,,2.20,,
Longdan,Drinks,Drinks,DONGWON Boseong Green Tea 350ml,,,1.65,,
Longdan,Drinks,Drinks,DONGWON Matcha Green Tea Drink 500ml,,,1.65,2.20,25% off
Longdan,Drinks,Drinks,EVIAN Natural Still Water 500ml,,,0.85,,
Longdan,Drinks,Drinks,EVIAN Natural Still Water PD 1.5L,,,1.85,,
Longdan,Drinks,Drinks,FANTA Orange 330ml,,,1.05,,
Longdan,Drinks,Drinks,FOCO Coconut Juice 350ml,,,2.05,,
Longdan,Drinks,Drinks,FOCO Coconut Juice 520ml,,,2.80,,
Longdan,Drinks,Drinks,FOCO Lychee Drink 350ml,,,2.05,,
Longdan,Drinks,Drinks,FOCO Mango Juice 350ml,,,2.05,,
Longdan,Drinks,Drinks,FOCO Mangosteen Nectar 350ml,,,2.05,,
Longdan,Drinks,Drinks,FOCO Pomegranate Drink 350ml,,,2.05,,
Longdan,Drinks,Drinks,FOCO Soursop Nectar 350ml,,,2.05,,
Longdan,Drinks,Drinks,FOCO Sugarcane Drink 350ml,,,2.05,,
Longdan,Drinks,Drinks,FOCO Tamarind Juice 350ml,,,2.05,,
Longdan,Drinks,Drinks,GENKI FOREST Lemon Black Tea Ice Tea 450ml,,,2.10,,
Longdan,Drinks,Drinks,GENKI FOREST Sparkling Water - Lemon Soda 480ml,,,2.10,,
Longdan,Drinks,Drinks,GENKI FOREST Sparkling Water - Peach Flavour 480ml,,,2.10,,
Longdan,Drinks,Drinks,HATAKOSEN Ramune Blueberry 200ml,,,1.75,2.50,30% off
Longdan,Drinks,Drinks,HATAKOSEN Ramune Cola Flavour 200ml,,,2.50,,
Longdan,Drinks,Drinks,HATAKOSEN Ramune Grape 500mL,,,3.45,,
Longdan,Drinks,Drinks,HATAKOSEN Ramune Lychee 200ml,,,1.75,2.50,30% off
Longdan,Drinks,Drinks,HATAKOSEN Ramune Melon 200ml,,,1.75,2.50,30% off
Longdan,Drinks,Drinks,HATAKOSEN Ramune Orange 200ml,,,1.75,2.50,30% off
Longdan,Drinks,Drinks,HATAKOSEN Ramune Original 200ml,,,1.75,2.50,30% off
Longdan,Drinks,Drinks,HATAKOSEN Ramune Original 500mL,,,3.45,,
Longdan,Drinks,Drinks,HATAKOSEN Ramune Pinapple 200ml,,,1.75,2.50,30% off
Longdan,Drinks,Drinks,HATAKOSEN Ramune Sakura Design 200ml,,,2.50,,
Longdan,Drinks,Drinks,HATAKOSEN Ramune Strawberry 200ml,,,1.75,2.50,30% off
Longdan,Drinks,Drinks,HATAKOSEN Ramune Watermelon 200ml,,,2.50,,
Longdan,Drinks,Drinks,HATAKOSEN Ramune Yogurt Flavour 200ml,,,2.50,,
Longdan,Drinks,Drinks,HATAKOSEN Ramune Yuzu Flavour 200ml,,,1.75,2.50,30% off
Longdan,Drinks,Drinks,JA OOITA Juice Apple Flavor 190g,,,2.25,,
Longdan,Drinks,Drinks,JA OOITA Juice Grape Flavor 190g,,,2.25,,
Longdan,Drinks,Drinks,JAIM Konjac Jelly Orange 150g,,,1.50,,
Longdan,Drinks,Drinks,JAIM Konjac Jelly Peach 150g,,,1.50,,
Longdan,Drinks,Drinks,JELE Double Jelly - Mixed Berry (3pcs) 375ml,,,4.30,,
Longdan,Drinks,Drinks,JELE Double Jelly - Strawberry (3pcs) 375ml,,,4.30,,
Longdan,Drinks,Drinks,JIA JIA Herbal Tea Heritage 300ml,,,2.10,,
Longdan,Drinks,Drinks,JIA JIA Liang Tea Less Sugar 300ml,,,1.85,,
Longdan,Drinks,Drinks,KARA Coconut Water 1000ml,,,3.40,,
Longdan,Drinks,Drinks,KARA Coconut Water 330ml,,,1.45,,
Longdan,Drinks,Drinks,KATO Nata De Coco Care Bear Lychee 330ml,,,1.02,1.45,30% off
Longdan,Drinks,Drinks,KATO Nata De Coco Care Bear Mango 330ml,,,1.02,1.45,30% off
Longdan,Drinks,Drinks,KATO Nata De Coco Drink Lychee Flavour Ice Tea 350ml,,,0.95,1.35,30% off
Longdan,Drinks,Drinks,KATO Nata De Coco Drink Mango Flavour Ice Tea 350ml,,,0.95,1.35,30% off
Longdan,Drinks,Drinks,LACTASOY Soy Milk Light Plus Collagen 250ml,,,1.30,,
Longdan,Drinks,Drinks,LONGEVITY Condensed Milk 397g,,,3.80,,
Longdan,Drinks,Drinks,MADAME WONG De-Shelled Nam Hom Coconut (Aromatic Young Coconut) 300g,,,4.30,,
Longdan,Drinks,Drinks,MADAME WONG Frozen Coconut Juice With Pulp 300ml,,,2.85,,
Longdan,Drinks,Drinks,NAIXUE Fruit Drink Oolong Tea - Grape 450ml,,,2.00,,
Longdan,Drinks,Drinks,NOKCHAWON Blue Lemon Ade 170ml,,,1.50,,
Longdan,Drinks,Drinks,NOKCHAWON Blueberry Ice Tea 170ml,,,1.50,,
Longdan,Drinks,Drinks,NOKCHAWON Calamansi Ade 170ml,,,1.50,,
Longdan,Drinks,Drinks,NOKCHAWON Korean Pear Ade 170ml,,,1.50,,
Longdan,Drinks,Drinks,NOKCHAWON Peach Ice Tea 170ml,,,1.50,,
Longdan,Drinks,Drinks,NOKCHAWON Peach Oolong Iced Tea Ade 170ml,,,1.50,,
Longdan,Drinks,Drinks,NOKCHAWON Yuzu Green Tea Ade 170ml,,,1.50,,
Longdan,Drinks,Drinks,OKF Aloe Vera Juice King 500ml,,,2.90,,
Longdan,Drinks,Drinks,Ocean Bomb & Dragon Ball Super-Apple  330ml,,,2.55,,
Longdan,Drinks,Drinks,Ocean Bomb & Dragon Ball Super-Orange 330ml,,,2.55,,
Longdan,Drinks,Drinks,Ocean Bomb & Dragon Ball Super-White Grape 330ml,,,2.55,,
Longdan,Drinks,Drinks,PEPSI Cola Drink - White Peach Oolong Flavour 500ml,,,1.85,,
Longdan,Drinks,Drinks,POCAS Bubble Tea - Coffee 490ml,,,2.55,,
Longdan,Drinks,Drinks,POCAS Bubble Tea - Honeydew 490ml,,,2.55,,
Longdan,Drinks,Drinks,POCAS Bubble Tea - Strawberry 490ml,,,2.55,,
Longdan,Drinks,Drinks,POCAS Popping Boba - Peach Oolong Tea 490ml,,,2.55,,
Longdan,Drinks,Drinks,POKKA Black Blueberry Tea 500ml,,,2.25,,
Longdan,Drinks,Drinks,POKKA Chrysanthemum Tea 500ml,,,2.25,,
Longdan,Drinks,Drinks,POKKA Melon Milk Drink 240ml,,,1.20,1.60,25% off
Longdan,Drinks,Drinks,POKKA Milk Coffee 240ml,,,1.20,1.60,25% off
Longdan,Drinks,Drinks,POKKA Oolong Tea 500ml,,,1.28,1.70,25% off
Longdan,Drinks,Drinks,POKKA Oolong Tea Can 300ml,,,1.30,,
Longdan,Drinks,Drinks,POKKA Soursop 300ml,,,1.43,1.90,25% off
Longdan,Drinks,Drinks,POKKA Strawberry Milk 240ml,,,1.20,1.60,25% off
Longdan,Drinks,Drinks,POKKA Vanila Milk 240Ml,,,1.20,1.60,25% off
Longdan,Drinks,Drinks,RICO Bubble Matcha Drink 350g,,,1.85,,
Longdan,Drinks,Drinks,RICO Bubble Milk Tea Drink 350g,,,1.85,,
Longdan,Drinks,Drinks,Rico Brown Sugar Bubble Milk Tea Drink 350g,,,1.85,,
Longdan,Drinks,Drinks,Rico Bubble Thai Milk Tea Drink 350g,,,1.85,,
Longdan,Drinks,Drinks,SHENG HE TANG Fruit Jelly With Loquat & Pear 150g,,,0.95,,
Longdan,Drinks,Drinks,SINGHA Soda Water - Dark Green Plum Lemon 330ml,,,2.85,,
Longdan,Drinks,Drinks,SINGHA Soda Water - Pink Lemon 330ml,,,2.85,,
Longdan,Drinks,Drinks,SINGHA Soda Water - Red Lemon 330ml,,,2.85,,
Longdan,Drinks,Drinks,SINGHA Soda Water - Yellow Lemon 330ml,,,2.85,,
Longdan,Drinks,Drinks,THANH CONG VINA Aloe Vera Drink With Blueberry Juice 500ml,,,1.30,,
Longdan,Drinks,Drinks,THANH CONG VINA Orange Juice With Pulp 250ml,,,0.95,,
Longdan,Drinks,Drinks,THANH CONG VINA Red Grape Juice With Pulp 250ml,,,0.95,,
Longdan,Drinks,Drinks,V-FRESH Honey Drink & Basil Seed 290ml,,,2.50,,
Longdan,Drinks,Drinks,V-FRESH Lemongrass Drink & Basil Seed 290ml,,,2.30,,
Longdan,Drinks,Drinks,V-FRESH Lychee Drink 290ml,,,2.50,,
Longdan,Drinks,Drinks,V-FRESH Mango Drink & Basil Seed 290ml,,,2.30,,
Longdan,Drinks,Drinks,V-FRESH Pandan Drink & Basil Seed 290ml,,,2.30,,
Longdan,Drinks,Drinks,V-FRESH Thai Tea Drink 290ml,,,2.30,,
Longdan,Drinks,Drinks,V-FRESH Young Coconut Juice with Pulp 290ml,,,2.30,,
Longdan,Drinks,Drinks,VITA Chrysanthemum Tea Drink 250ml,,,1.35,,
Longdan,Drinks,Drinks,VITA Lemon Tea 250ml,,,1.35,,
Longdan,Drinks,Drinks,VITASOY Malt Soy Bean Drink 250ml,,,1.25,,
Longdan,Drinks,Drinks,VOLVIC Natural Mineral Still Water 1.5L,,,1.40,,
Longdan,Drinks,Drinks,VOLVIC Natural Mineral Still Water 1L (sports cap),,,1.30,,
Longdan,Drinks,Drinks,VOLVIC Natural Mineral Still Water 500ml,,,0.70,,
Longdan,Drinks,Drinks,Wonderfarm Winter Melon Tea 310ml,,,1.40,,
Longdan,Drinks,Drinks,XIZHILANG Jelly Drink - Apple 218g,,,0.95,,
Longdan,Drinks,Drinks,YAKULT Original 8x65ml,,,4.45,,
Longdan,Drinks,Drinks,YAKULT Plus Peach 8x65ml,,,4.45,,
Longdan,Drinks,Drinks,Yolo Pure Coconut Water 500ml,,,2.10,,
Longdan,Drinks,Drinks,Yolo Sparkling Passionfruit Juice 500ml,,,2.10,,
Longdan,Drinks,Drinks,Yolo Sparkling Watermelon Juice 500ml,,,2.10,,
Longdan,Drinks,Drinks,Zero Degree Green Tea Lemon 455ml,,,1.50,,
Longdan,Dumpling & Gyoza,Dumpling & Gyoza,AJINOMOTO 5 Vegetable Gyoza With Spinach Pastry 600g,,,6.35,,
Longdan,Dumpling & Gyoza,Dumpling & Gyoza,AJINOMOTO Apple Gyoza 400g,,,5.50,,
Longdan,Dumpling & Gyoza,Dumpling & Gyoza,AJINOMOTO Beef Gyoza 600g,,,7.50,,
Longdan,Dumpling & Gyoza,Dumpling & Gyoza,AJINOMOTO Chicken & Veg Gyoza 600g,,,7.50,,
Longdan,Dumpling & Gyoza,Dumpling & Gyoza,AJINOMOTO Chicken Katsu Curry Style Gyoza 600g,,,7.50,,
Longdan,Dumpling & Gyoza,Dumpling & Gyoza,AJINOMOTO Chinese Style Hoisin Duck Gyoza 600g,,,8.65,,
Longdan,Dumpling & Gyoza,Dumpling & Gyoza,AJINOMOTO Korean Style Sweet & Spicy Beef Gyoza 600g,,,7.50,,
Longdan,Dumpling & Gyoza,Dumpling & Gyoza,AJINOMOTO Mushroom and Edamame 400g,,,4.60,,
Longdan,Dumpling & Gyoza,Dumpling & Gyoza,AJINOMOTO Oyaki - Shoyu Beef 600g,,,6.84,8.05,15% off
Longdan,Dumpling & Gyoza,Dumpling & Gyoza,AJINOMOTO Oyaki - Vegetable 600g,,,5.87,6.90,15% off
Longdan,Dumpling & Gyoza,Dumpling & Gyoza,AJINOMOTO Pork Gyoza 600g,,,7.50,,
Longdan,Dumpling & Gyoza,Dumpling & Gyoza,AJINOMOTO Prawn Gyoza 600g,,,12.65,,
Longdan,Dumpling & Gyoza,Dumpling & Gyoza,AJINOMOTO Thai Style Red Curry Chicken Gyoza 600g,,,6.38,7.50,15% off
Longdan,Dumpling & Gyoza,Dumpling & Gyoza,AJINOMOTO Vegetable Gyoza 600g,,,7.20,,
Longdan,Dumpling & Gyoza,Dumpling & Gyoza,AJINOMOTO Wakame and Vegetable Gyoza 400g,,,4.60,,
Longdan,Dumpling & Gyoza,Dumpling & Gyoza,CHIMEI 2-Color Mantou Taro 480g,,,6.80,,
Longdan,Dumpling & Gyoza,Dumpling & Gyoza,CHIMEI Gwa Bao/Gua Bao (10pcs) 300g,,,5.55,,
Longdan,Dumpling & Gyoza,Dumpling & Gyoza,CHIMEI Gwa Bao/Gua Bao (6pcs) 360g,,,6.00,,
Longdan,Dumpling & Gyoza,Dumpling & Gyoza,CHIMEI Plain Bun (Mantou) 480g,,,6.80,,
Longdan,Dumpling & Gyoza,Dumpling & Gyoza,CJ BIBIGO Gyoza Dumplings Beef Bulgogi 600g,,,7.50,,
Longdan,Dumpling & Gyoza,Dumpling & Gyoza,CJ BIBIGO Gyoza Dumplings Chicken & Vegetable 600g,,,6.65,,
Longdan,Dumpling & Gyoza,Dumpling & Gyoza,CJ BIBIGO Gyoza Dumplings Pork & Vegetable 600g,,,6.80,,
Longdan,Dumpling & Gyoza,Dumpling & Gyoza,CJ BIBIGO Gyoza Dumplings Shrimp 400g,,,6.90,,
Longdan,Dumpling & Gyoza,Dumpling & Gyoza,CJ BIBIGO Gyoza Dumplings Tofu & Vegetable 600g,,,4.80,,
Longdan,Dumpling & Gyoza,Dumpling & Gyoza,CJ BIBIGO Mandu Dumplings Kimchi & Pork 525g,,,6.80,,
Longdan,Dumpling & Gyoza,Dumpling & Gyoza,CJ BIBIGO Mandu Dumplings Korean BBQ 525g,,,7.50,,
Longdan,Dumpling & Gyoza,Dumpling & Gyoza,CJ BIBIGO Mandu Plant-Based Japchae 350g,,,4.80,,
Longdan,Dumpling & Gyoza,Dumpling & Gyoza,CJ BIBIGO Mandu Plant-Based Kimchi 350g,,,4.80,,
Longdan,Dumpling & Gyoza,Dumpling & Gyoza,CJ BIBIGO Mandu Plant-Based Korean Chive & Vegetable 350g,,,4.80,,
Longdan,Dumpling & Gyoza,Dumpling & Gyoza,CJ BIBIGO Steamed Dumplings Chicken & Vegetable 560g,,,6.65,,
Longdan,Dumpling & Gyoza,Dumpling & Gyoza,CJ BIBIGO Steamed Dumplings Green Chilli 168g,,,3.65,,
Longdan,Dumpling & Gyoza,Dumpling & Gyoza,CJ BIBIGO Steamed Dumplings Kimchi 168g,,,3.65,,
Longdan,Dumpling & Gyoza,Dumpling & Gyoza,CJ BIBIGO Steamed Dumplings Pork & Vegetable 560g,,,6.35,,
Longdan,Dumpling & Gyoza,Dumpling & Gyoza,CJ BIBIGO Steamed Dumplings Steamed Japchae 168g,,,3.65,,
Longdan,Dumpling & Gyoza,Dumpling & Gyoza,EB Seafood Fried Wonton 700g,,,6.35,,
Longdan,Dumpling & Gyoza,Dumpling & Gyoza,EB Shrimp Wonton with Mala Soup 100g,,,3.53,4.15,15% off
Longdan,Dumpling & Gyoza,Dumpling & Gyoza,FRESHASIA Bok Choy & Mushroom Dumplings 450g,,,4.90,,
Longdan,Dumpling & Gyoza,Dumpling & Gyoza,FRESHASIA Chinese Bun (Milk) 300g,,,2.75,,
Longdan,Dumpling & Gyoza,Dumpling & Gyoza,FRESHASIA Chives & Mushroom Dumplings 450g,,,4.90,,
Longdan,Dumpling & Gyoza,Dumpling & Gyoza,FRESHASIA Hot & Spicy Pork Dumplings 400g,,,5.95,,
Longdan,Dumpling & Gyoza,Dumpling & Gyoza,FRESHASIA Salted Egg Custard Bun 240g,,,4.85,,
Longdan,Dumpling & Gyoza,Dumpling & Gyoza,FULGREEN Kimchi Dumpling (Sonmandu) 907g,,,8.40,,
Longdan,Dumpling & Gyoza,Dumpling & Gyoza,FULGREEN Thin Kimchi Dumpling 800g,,,8.40,,
Longdan,Dumpling & Gyoza,Dumpling & Gyoza,FULGREEN Vegetable Dumpling (Sonmandu) 907g,,,7.14,8.40,15% off
Longdan,Dumpling & Gyoza,Dumpling & Gyoza,HAPPY BELLY Gyoza Skin 300g,,,1.80,,
Longdan,Dumpling & Gyoza,Dumpling & Gyoza,HAPPY BOY Wonton Pastry 200g,,,2.50,,
Longdan,Dumpling & Gyoza,Dumpling & Gyoza,HAPPY BOY Wonton Pastry Deep Fry 250g,,,3.05,,
Longdan,Dumpling & Gyoza,Dumpling & Gyoza,HARUMI Hoisin Duck Gyoza 600g,,,6.90,,
Longdan,Dumpling & Gyoza,Dumpling & Gyoza,HARUMI Shrimp Gyoza 600g,,,8.05,,
Longdan,Dumpling & Gyoza,Dumpling & Gyoza,HARUMI Tofu Gyoza 600g,,,5.20,,
Longdan,Dumpling & Gyoza,Dumpling & Gyoza,Harumi Vegetable Gyoza 600g,,,5.75,,
Longdan,Dumpling & Gyoza,Dumpling & Gyoza,LIANG YI Vegetarian Spring Roll 500g,,,7.85,,
Longdan,Dumpling & Gyoza,Dumpling & Gyoza,LIM KEE Mini Pandan Buns 280g,,,4.30,,
Longdan,Dumpling & Gyoza,Dumpling & Gyoza,LITTLE CHEF Spring Roll Pastry 10 SQ In 1kg,,,5.30,,
Longdan,Dumpling & Gyoza,Dumpling & Gyoza,LITTLE CHEF Spring Roll Pastry 8.5 SQ In 330g,,,2.65,,
Longdan,Dumpling & Gyoza,Dumpling & Gyoza,LITTLE CHEF Wonton Pastry 200g,,,2.00,,
Longdan,Dumpling & Gyoza,Dumpling & Gyoza,LONG HUI Char Siu Chicken Bao Buns 510g,,,5.30,,
Longdan,Dumpling & Gyoza,Dumpling & Gyoza,LONG HUI Chicken Mushroom Bao Buns 300g,,,3.25,,
Longdan,Dumpling & Gyoza,Dumpling & Gyoza,LONG HUI Chicken Spring Roll 500g,,,5.20,,
Longdan,Dumpling & Gyoza,Dumpling & Gyoza,LONG HUI Hoisin Duck Bao Buns 270g,,,3.25,,
Longdan,Dumpling & Gyoza,Dumpling & Gyoza,LONG HUI New Orleans Chicken Bao Buns 270g,,,2.90,,
Longdan,Dumpling & Gyoza,Dumpling & Gyoza,LONG HUI New Orleans Chicken Bao Buns 510g,,,5.30,,
Longdan,Dumpling & Gyoza,Dumpling & Gyoza,LONG HUI Shrimp Spring Roll 500g,,,6.45,,
Longdan,Dumpling & Gyoza,Dumpling & Gyoza,LONG HUI Teriyaki Chicken Bao Buns 300g,,,3.25,,
Longdan,Dumpling & Gyoza,Dumpling & Gyoza,LONG HUI Vegetable Bao Buns 270g,,,2.30,,
Longdan,Dumpling & Gyoza,Dumpling & Gyoza,LONG HUI Vegetable Bao Buns 510g,,,4.40,,
Longdan,Dumpling & Gyoza,Dumpling & Gyoza,MEI SUM Ha Kauw Prawn Dumpling 8pcs 176g,,,4.60,,
Longdan,Dumpling & Gyoza,Dumpling & Gyoza,MILWON 3 Colors Steamed Bun 500g,,,4.45,6.35,30% off
Longdan,Dumpling & Gyoza,Dumpling & Gyoza,MING FOODS Pancakes For Crispy Duck (10pcs) 1kg,,,4.95,,
Longdan,Dumpling & Gyoza,Dumpling & Gyoza,MING FOODS Pancakes For Crispy Duck (6pcs) 1kg,,,4.95,,
Longdan,Dumpling & Gyoza,Dumpling & Gyoza,MUSHROOM BRAND Steam Boat 6 in 1 500g,,,6.35,,
Longdan,Dumpling & Gyoza,Dumpling & Gyoza,SAMLIP Fried Vermicelli Dumpling 900g,,,6.70,,
Longdan,Dumpling & Gyoza,Dumpling & Gyoza,SAMLIP Hopang Hot Chicken Bun (3pcs) 255g,,,3.45,,
Longdan,Dumpling & Gyoza,Dumpling & Gyoza,SAMLIP Kimchi Dumpling 675g,,,5.20,,
Longdan,Dumpling & Gyoza,Dumpling & Gyoza,SAMLIP Kimchi Jjin Dumpling 168g,,,2.05,,
Longdan,Dumpling & Gyoza,Dumpling & Gyoza,SAMLIP Leek Dumpling - Gyoza  675g,,,5.20,,
Longdan,Dumpling & Gyoza,Dumpling & Gyoza,SAMLIP Spicy Jjin Dumpling 168g,,,2.05,,
Longdan,Dumpling & Gyoza,Dumpling & Gyoza,SAMLIP Spicy Vermicelli Dumpling 675G,,,4.42,5.20,15% off
Longdan,Dumpling & Gyoza,Dumpling & Gyoza,SAMLIP Vegetable Dumpling - Gyoza 675g,,,4.42,5.20,15% off
Longdan,Dumpling & Gyoza,Dumpling & Gyoza,SGS MANDU Glass Noodle Triangle Shaped Dumpling 600g,,,4.72,5.55,15% off
Longdan,Dumpling & Gyoza,Dumpling & Gyoza,SGS Mandu Flat Dumpling 700g,,,7.40,,
Longdan,Dumpling & Gyoza,Dumpling & Gyoza,SHENG YIP (S) Chicken Spring Roll 1.2kg,,,17.05,,
Longdan,Dumpling & Gyoza,Dumpling & Gyoza,TOKYO WANG TANG Gyoza Wrapper (24pcs) 140g,,,2.30,,
Longdan,Dumpling & Gyoza,Dumpling & Gyoza,TOKYO WANG TANG Wantan Wrapper (30pcs) 130g,,,2.45,,
Longdan,Dumpling & Gyoza,Dumpling & Gyoza,WINNER Frozen Gyoza pastry 180g,,,2.50,,
Longdan,Dumpling & Gyoza,Dumpling & Gyoza,White River Tsingtao Vegetable Spring Roll 1kg,,,5.75,,
Longdan,Flour & Powder,Flour & Powder,ALSA Baking Powder 11g,,,0.35,,
Longdan,Flour & Powder,Flour & Powder,COCK BRAND Tapioca Pearl (Large) 454g,,,1.75,,
Longdan,Flour & Powder,Flour & Powder,COCK BRAND Tapioca Pearl (Small) 454g,,,1.80,,
Longdan,Flour & Powder,Flour & Powder,HOUSE Seven Spice Chilli Powder 18g,,,2.10,,
Longdan,Flour & Powder,Flour & Powder,MADAME WONG Glutinous Rice Flour 400g,,,1.85,,
Longdan,Flour & Powder,Flour & Powder,MADAME WONG Tapioca Pearl Small 400g,,,1.75,,
Longdan,Flour & Powder,Flour & Powder,MADAME WONG Tapioca Starch 400g,,,1.75,,
Longdan,Flour & Powder,Flour & Powder,MADAME WONG White Rice Flour 400g,,,1.75,,
Longdan,Flour & Powder,Flour & Powder,Mikko Flour Dumpling Powder 400g,,,1.50,,
Longdan,Flour & Powder,Flour & Powder,Mikko Flour for Rice Pancake 500g,,,2.00,,
Longdan,Flour & Powder,Flour & Powder,Mikko Glutinous Rice Flour 500g,,,2.30,,
Longdan,Flour & Powder,Flour & Powder,Mikko Multi Purpose Frying Mix 340gr,,,1.50,,
Longdan,Flour & Powder,Flour & Powder,OTAFUKU Okonomiyaki & Takoyaki Flour 180g,,,2.30,,
Longdan,Flour & Powder,Flour & Powder,PLATAPIANTONG Agar Agar Powder 25g,,,2.45,,
Longdan,Flour & Powder,Flour & Powder,PONDAN Bika Ambon 412g,,,4.50,,
Longdan,Flour & Powder,Flour & Powder,PONDAN Chiffon Cheese 400g,,,4.75,,
Longdan,Flour & Powder,Flour & Powder,PONDAN Chiffon Pandan 400g,,,4.75,,
Longdan,Flour & Powder,Flour & Powder,PONDAN Lapis Beras 400g,,,4.50,,
Longdan,Flour & Powder,Flour & Powder,PONDAN Martabak 400g,,,4.50,,
Longdan,Flour & Powder,Flour & Powder,ROSE BRAND White Rice Flour 500g,,,1.90,,
Longdan,Flour & Powder,Flour & Powder,S&B Golden Curry Flake Mix 1kg,,,11.50,,
Longdan,Flour & Powder,Flour & Powder,S&B Wasabi Powder 30g,,,2.10,,
Longdan,Flour & Powder,Flour & Powder,TIANJIN Green Beans Starch Sheet 250g,,,2.30,,
Longdan,Flour & Powder,Flour & Powder,Vinh Thuan  Flour For Pancake - Bot Banh Xeo 400g,,,2.20,,
Longdan,Flour & Powder,Flour & Powder,Vinh Thuan All Purpose Wheat Flour No.8 400g,,,2.20,,
Longdan,Flour & Powder,Flour & Powder,Vinh Thuan Banh Tieu Doughtnut Flour 400g,,,1.85,,
Longdan,Flour & Powder,Flour & Powder,Vinh Thuan Corn Starch 400g,,,2.55,,
Longdan,Flour & Powder,Flour & Powder,Vinh Thuan Crispy Fried Powder Mix 150g,,,1.05,,
Longdan,Flour & Powder,Flour & Powder,Vinh Thuan Dumpling Flour(Bot Banh Bao) 400g,,,2.20,,
Longdan,Flour & Powder,Flour & Powder,Vinh Thuan Flour For Pancake With Coconut Milk 400g,,,2.20,,
Longdan,Flour & Powder,Flour & Powder,Vinh Thuan Flour For Wet Rice Paper 400G,,,2.20,,
Longdan,Flour & Powder,Flour & Powder,Vinh Thuan Instant Coconut Powder 50g,,,1.05,,
Longdan,Flour & Powder,Flour & Powder,Vinh Thuan Rice Starch (Bot Gao) 400g,,,2.20,,
Longdan,Flour & Powder,Flour & Powder,Vinh Thuan Tapioca Starch (Bot Nang) 400g,,,2.20,,
Longdan,Fresh Fruit & Veg,Fresh Fruit & Veg,Basil (Hung Que) 100g.,,,2.55,,
Longdan,Fresh Fruit & Veg,Fresh Fruit & Veg,Ceylon Spinach (Mong Toi) 200g,,,2.80,,
Longdan,Fresh Fruit & Veg,Fresh Fruit & Veg,Chive (He la) 200g,,,3.70,,
Longdan,Fresh Fruit & Veg,Fresh Fruit & Veg,Fresh Dong Leaf (La Dong Tuoi) 1kg.,,,13.80,,
Longdan,Fresh Fruit & Veg,Fresh Fruit & Veg,Galangal (Cu Rieng) 100g,,,1.40,,
Longdan,Fresh Fruit & Veg,Fresh Fruit & Veg,Garlic China,,,0.70,,
Longdan,Fresh Fruit & Veg,Fresh Fruit & Veg,Golden Lotus Nam Roi Pomelo,,,4.05,,
Longdan,Fresh Fruit & Veg,Fresh Fruit & Veg,Korean Enoki Top Mushroom 140g,,,3.00,,
Longdan,Fresh Fruit & Veg,Fresh Fruit & Veg,Korean Perilla Leaves 50g,,,2.00,,
Longdan,Fresh Fruit & Veg,Fresh Fruit & Veg,Korean Spice Green Chilli (Cheongyang-gochu) 200g,,,5.20,,
Longdan,Fresh Fruit & Veg,Fresh Fruit & Veg,Kumquat 100g.,,,1.60,,
Longdan,Fresh Fruit & Veg,Fresh Fruit & Veg,LONGHUI 4-in-1 Hotpot Beancurd Set 190g,,,3.15,,
Longdan,Fresh Fruit & Veg,Fresh Fruit & Veg,LONGHUI Marinated & Seasoned Dried Beancurd Shreds 175g,,,1.85,,
Longdan,Fresh Fruit & Veg,Fresh Fruit & Veg,Lemon Brazil,,,0.60,,
Longdan,Fresh Fruit & Veg,Fresh Fruit & Veg,Lemon Grass (Xa Cay) 200g,,,2.80,,
Longdan,Fresh Fruit & Veg,Fresh Fruit & Veg,Lime Peru,,,0.50,,
Longdan,Fresh Fruit & Veg,Fresh Fruit & Veg,Longdan Pink Pomelo,,,6.38,7.50,15% off
Longdan,Fresh Fruit & Veg,Fresh Fruit & Veg,Morning Glory (Rau Muong) 200g,,,3.00,,
Longdan,Fresh Fruit & Veg,Fresh Fruit & Veg,Piper Lolot (La Lot)  100g,,,2.10,,
Longdan,Fresh Fruit & Veg,Fresh Fruit & Veg,Saw Leaf Herb (Ngo Gai) 100g.,,,2.10,,
Longdan,Fresh Fruit & Veg,Fresh Fruit & Veg,Spring Onion,,,1.30,,
Longdan,Fresh Fruit & Veg,Fresh Fruit & Veg,Thai Sweet Tamarind,,,3.45,,
Longdan,Fresh Fruit & Veg,Fresh Fruit & Veg,Water Celery (Can Nuoc) 200g,,,2.80,,
Longdan,Fresh Fruit & Veg,Fresh Fruit & Veg,Wzeng Fuji Apple New Taste 3pcs,,,5.75,,
Longdan,Frozen Fruit & Veg,Frozen Fruit & Veg,FOODWORTH D88 Durian Pulp 400g,,,14.95,,
Longdan,Frozen Fruit & Veg,Frozen Fruit & Veg,FOODWORTH J33 Jackfruit Pulp 400g,,,7.50,,
Longdan,Frozen Fruit & Veg,Frozen Fruit & Veg,Harumi Frozen Edamame Salted 1kg,,,5.45,,
Longdan,Frozen Fruit & Veg,Frozen Fruit & Veg,Harumi Frozen Edamame Salted 400g,,,2.45,,
Longdan,Frozen Fruit & Veg,Frozen Fruit & Veg,Harumi Frozen Shelled Edamame 400g,,,2.55,,
Longdan,Frozen Fruit & Veg,Frozen Fruit & Veg,Kim Son Bird's Eye Chilli 100g,,,1.15,,
Longdan,Frozen Fruit & Veg,Frozen Fruit & Veg,Kim Son Coconut Water 500g,,,5.20,,
Longdan,Frozen Fruit & Veg,Frozen Fruit & Veg,Kim Son Cooked Cassava 500g,,,2.90,,
Longdan,Frozen Fruit & Veg,Frozen Fruit & Veg,Kim Son Cooked Lesser Yam 500g,,,3.45,,
Longdan,Frozen Fruit & Veg,Frozen Fruit & Veg,Kim Son Cooked Peanut 500g,,,4.05,,
Longdan,Frozen Fruit & Veg,Frozen Fruit & Veg,Kim Son Cooked Peeled Banana 500g,,,3.65,,
Longdan,Frozen Fruit & Veg,Frozen Fruit & Veg,Kim Son Cooked Sweet Corn 500g,,,3.45,,
Longdan,Frozen Fruit & Veg,Frozen Fruit & Veg,Kim Son Corn Paste 500G,,,3.25,,
Longdan,Frozen Fruit & Veg,Frozen Fruit & Veg,Kim Son Dracontomelon (Trai Sau) 500g,,,4.60,,
Longdan,Frozen Fruit & Veg,Frozen Fruit & Veg,Kim Son Durian Fruit 500g,,,13.80,,
Longdan,Frozen Fruit & Veg,Frozen Fruit & Veg,Kim Son Fresh Cassava 500g,,,2.90,,
Longdan,Frozen Fruit & Veg,Frozen Fruit & Veg,Kim Son Fresh Coconut Juice 250g,,,2.30,,
Longdan,Frozen Fruit & Veg,Frozen Fruit & Veg,Kim Son Frozen Banana 500g,,,2.90,,
Longdan,Frozen Fruit & Veg,Frozen Fruit & Veg,Kim Son Frozen Banana Leaf 1kg,,,5.75,,
Longdan,Frozen Fruit & Veg,Frozen Fruit & Veg,Kim Son Frozen Bitter Melon Half Cut 500g,,,3.45,,
Longdan,Frozen Fruit & Veg,Frozen Fruit & Veg,Kim Son Frozen Bitter Melon Slice 500g,,,3.65,,
Longdan,Frozen Fruit & Veg,Frozen Fruit & Veg,Kim Son Frozen Cooked White Corn On The Cob 1kg,,,5.75,,
Longdan,Frozen Fruit & Veg,Frozen Fruit & Veg,Kim Son Frozen Japanese Cooked Sweet Potato 500g,,,3.45,,
Longdan,Frozen Fruit & Veg,Frozen Fruit & Veg,Kim Son Frozen Shredded Taro 500g,,,6.65,,
Longdan,Frozen Fruit & Veg,Frozen Fruit & Veg,Kim Son Frozen Shredded Yam Bean 500G,,,2.90,,
Longdan,Frozen Fruit & Veg,Frozen Fruit & Veg,Kim Son Frozen Taro Pieces 1kg,,,7.50,,
Longdan,Frozen Fruit & Veg,Frozen Fruit & Veg,Kim Son Half Cut Purple Yam 500G,,,4.05,,
Longdan,Frozen Fruit & Veg,Frozen Fruit & Veg,Kim Son Jackfruit 500g,,,4.85,,
Longdan,Frozen Fruit & Veg,Frozen Fruit & Veg,Kim Son Kaffir Lime Leaves 100g,,,2.90,,
Longdan,Frozen Fruit & Veg,Frozen Fruit & Veg,Kim Son Lemon Grass Chop/Minced 200g,,,1.75,,
Longdan,Frozen Fruit & Veg,Frozen Fruit & Veg,Kim Son Lemon Grass Slice 200g,,,1.75,,
Longdan,Frozen Fruit & Veg,Frozen Fruit & Veg,Kim Son Lemon Grass and Chilli Chopped 200g,,,1.75,,
Longdan,Frozen Fruit & Veg,Frozen Fruit & Veg,Kim Son Lime Leaf 100g,,,1.75,,
Longdan,Frozen Fruit & Veg,Frozen Fruit & Veg,Kim Son Lotus Root Slice 500g,,,3.70,,
Longdan,Frozen Fruit & Veg,Frozen Fruit & Veg,Kim Son Lotus Seed 200g,,,4.60,,
Longdan,Frozen Fruit & Veg,Frozen Fruit & Veg,Kim Son Minced Cassava Leaf 500g,,,1.65,,
Longdan,Frozen Fruit & Veg,Frozen Fruit & Veg,Kim Son Minced Galangal 200g,,,1.85,,
Longdan,Frozen Fruit & Veg,Frozen Fruit & Veg,Kim Son Momordica Fruit (Gac) 250g,,,2.55,,
Longdan,Frozen Fruit & Veg,Frozen Fruit & Veg,Kim Son Pandan Leaf Cut 200g,,,2.30,,
Longdan,Frozen Fruit & Veg,Frozen Fruit & Veg,Kim Son Papaya Chunk 500g,,,2.90,,
Longdan,Frozen Fruit & Veg,Frozen Fruit & Veg,Kim Son Peeled Galangal 200g,,,1.75,,
Longdan,Frozen Fruit & Veg,Frozen Fruit & Veg,Kim Son Rainbow Corn 500g,,,3.45,,
Longdan,Frozen Fruit & Veg,Frozen Fruit & Veg,Kim Son Red Dragon Fruit Puree 1kg,,,6.70,,
Longdan,Frozen Fruit & Veg,Frozen Fruit & Veg,Kim Son Seedless Bitter Melon 500g,,,4.05,,
Longdan,Frozen Fruit & Veg,Frozen Fruit & Veg,Kim Son Shredded Cassava 500g,,,2.30,,
Longdan,Frozen Fruit & Veg,Frozen Fruit & Veg,Kim Son Shredded Coconut 250g,,,2.30,,
Longdan,Frozen Fruit & Veg,Frozen Fruit & Veg,Kim Son Shredded/Grated Purple Yam 500g,,,3.45,,
Longdan,Frozen Fruit & Veg,Frozen Fruit & Veg,Kim Son Sugar Cane Stick 500g,,,4.05,,
Longdan,Frozen Fruit & Veg,Frozen Fruit & Veg,Kim Son Taro Half Cut 1kg,,,6.90,,
Longdan,Frozen Fruit & Veg,Frozen Fruit & Veg,Kim Son Taro Slice 1kg,,,6.90,,
Longdan,Frozen Fruit & Veg,Frozen Fruit & Veg,Kim Son Whole Lemon Grass 200g,,,1.75,,
Longdan,Frozen Fruit & Veg,Frozen Fruit & Veg,LONGHUI 3-in-1 Hotpot Beancurd Set 170g,,,3.80,,
Longdan,Frozen Fruit & Veg,Frozen Fruit & Veg,LONGHUI Dried Beancurd Sheet (Square) 210g,,,1.85,,
Longdan,Frozen Fruit & Veg,Frozen Fruit & Veg,LONGHUI Fresh Three Colored Beancurd Stick 107g,,,2.45,,
Longdan,Frozen Fruit & Veg,Frozen Fruit & Veg,LONGHUI Fried Beancurd Roll (10 pcs) 125g,,,2.45,,
Longdan,Frozen Fruit & Veg,Frozen Fruit & Veg,LONGHUI Fried Beancurd Stick 100g,,,1.65,,
Longdan,Frozen Fruit & Veg,Frozen Fruit & Veg,LONGHUI Fried Vegetarian Chicken Slice (Suji) 100g,,,1.65,,
Longdan,Frozen Fruit & Veg,Frozen Fruit & Veg,LONGHUI Thousand Layer Tofu 400g,,,3.15,,
Longdan,Frozen Fruit & Veg,Frozen Fruit & Veg,LONGHUI Vegetarian Beef 200g,,,2.45,,
Longdan,Frozen Fruit & Veg,Frozen Fruit & Veg,LONGHUI Vegetarian Large Intestine 200g,,,3.15,,
Longdan,Frozen Fruit & Veg,Frozen Fruit & Veg,LONGHUI Vegetarian Roasted Duck  150g,,,3.15,,
Longdan,Frozen Fruit & Veg,Frozen Fruit & Veg,MADAME WONG Coconut Shredded 200g,,,2.15,,
Longdan,Frozen Fruit & Veg,Frozen Fruit & Veg,MADAME WONG Frozen Coconut Strip 200g,,,2.95,,
Longdan,Frozen Fruit & Veg,Frozen Fruit & Veg,White River Frozen Galangal Sliced 200G,,,1.75,,
Longdan,Frozen Fruit & Veg,Frozen Fruit & Veg,White River Frozen Garlic Whole Peeled 200G,,,2.10,,
Longdan,Frozen Fruit & Veg,Frozen Fruit & Veg,White River Frozen Japanese Sweet Potato Whole Peeled 500G,,,3.65,,
Longdan,Frozen Fruit & Veg,Frozen Fruit & Veg,White River Frozen Monthong Durian Seed In 500G,,,13.80,,
Longdan,Frozen Fruit & Veg,Frozen Fruit & Veg,White River Frozen Monthong Durian Seedless 500G,,,14.95,,
Longdan,Frozen Fruit & Veg,Frozen Fruit & Veg,White River Frozen Passion Fruit Dice 250G,,,2.20,,
Longdan,Frozen Fruit & Veg,Frozen Fruit & Veg,White River Frozen Red Dragon Fruit Cut 1/4 200g,,,1.75,,
Longdan,Frozen Fruit & Veg,Frozen Fruit & Veg,White River Frozen Seedless Passion Fruit Puree 250G,,,2.30,,
Longdan,Health & Beauty,Health & Beauty,Hanh Doanh Face Mask 5pcs,,,4.45,,
Longdan,Health & Beauty,Health & Beauty,Hung Tuan Herbal Leaves La Xong Cam 150g,,,3.70,,
Longdan,Health & Beauty,Health & Beauty,Nature Queen Anti-aging Collagen Herbal Facial Cream Ginseng - Cherry Blossoms - Winter Melon 30g,,,21.55,,
Longdan,Health & Beauty,Health & Beauty,Nature Queen Healing Herbal Body Wash 200g,,,8.90,,
Longdan,Health & Beauty,Health & Beauty,Nature Queen Herbal Hand Cream 30g,,,3.80,,
Longdan,Health & Beauty,Health & Beauty,Nature Queen LOTUS HEEL 30g,,,8.90,,
Longdan,Herbs & Spices,Herbs & Spices,Anh Hai Beef Stew Powder 25g,,,0.95,,
Longdan,Herbs & Spices,Herbs & Spices,Anh Hai Curry powder 25g,,,1.05,,
Longdan,Herbs & Spices,Herbs & Spices,COCK BRAND Black Sesame Seeds 227g,,,2.65,,
Longdan,Herbs & Spices,Herbs & Spices,COCK BRAND White Sesame Seeds 227g,,,2.65,,
Longdan,Herbs & Spices,Herbs & Spices,DAEKYUNG Red Pepper Powder (Coarse) 500g,,,5.65,,
Longdan,Herbs & Spices,Herbs & Spices,DAEKYUNG Red Pepper Powder (Fine) 500g,,,5.65,,
Longdan,Herbs & Spices,Herbs & Spices,FOODY GAINS Dried Chilli Without Stem 100g,,,3.45,,
Longdan,Herbs & Spices,Herbs & Spices,Golden Lotus Dried Cinnamon Sticks 500g,,,8.75,,
Longdan,Herbs & Spices,Herbs & Spices,HOUSE Seven Spice Chilli Powder 300g,,,10.95,,
Longdan,Herbs & Spices,Herbs & Spices,Lita Dried Bayleaves 30g,,,1.40,,
Longdan,Herbs & Spices,Herbs & Spices,Longdan Annatto 200g,,,4.40,,
Longdan,Herbs & Spices,Herbs & Spices,Longdan Assam Skin 100g,,,1.75,,
Longdan,Herbs & Spices,Herbs & Spices,Longdan Black Peppercorn - Cracked 100g,,,2.80,,
Longdan,Herbs & Spices,Herbs & Spices,Longdan Black Peppercorn - Cracked 400g,,,9.80,,
Longdan,Herbs & Spices,Herbs & Spices,Longdan Black Sesame Seed 100g,,,1.40,,
Longdan,Herbs & Spices,Herbs & Spices,Longdan Cardamom 500g,,,9.80,,
Longdan,Herbs & Spices,Herbs & Spices,Longdan Clove 50g,,,1.50,,
Longdan,Herbs & Spices,Herbs & Spices,Longdan Ground Black Pepper 100g,,,2.80,,
Longdan,Herbs & Spices,Herbs & Spices,Longdan Red Annatto Powder 100G,,,2.00,,
Longdan,Herbs & Spices,Herbs & Spices,Longdan Shredded Black Fungus 100g,,,1.90,,
Longdan,Herbs & Spices,Herbs & Spices,Longdan Star Aniseed 100g,,,2.45,,
Longdan,Herbs & Spices,Herbs & Spices,Longdan White Sesame Seed 100g,,,1.40,,
Longdan,Herbs & Spices,Herbs & Spices,MADAME WONG White Sesame Seed 100g,,,1.65,,
Longdan,Herbs & Spices,Herbs & Spices,TAEKYUNG Red Pepper Powder (Coarse) 200g,,,5.10,,
Longdan,Herbs & Spices,Herbs & Spices,Tofuhat Natural Bun Bo Hue Spice 25g,,,1.30,,
Longdan,Herbs & Spices,Herbs & Spices,Tofuhat Natural Chicken Pho Spice 20g,,,1.30,,
Longdan,Herbs & Spices,Herbs & Spices,Tofuhat Natural Ha Noi Beef Pho Spice 24g,,,1.30,,
Longdan,Herbs & Spices,Herbs & Spices,Tofuhat Natural Sai Gon Beef Pho Spice 25g,,,1.30,,
Longdan,Herbs & Spices,Herbs & Spices,Vianco Curry Powder 100g,,,3.00,,
Longdan,Herbs & Spices,Herbs & Spices,Vianco Five Spice Powder 500gr,,,11.50,,
Longdan,Herbs & Spices,Herbs & Spices,Vianco Five Spice Powder Bag 100G,,,3.25,,
Longdan,Household,Household,Paper Flower Box - Youngful Blossom,,,34.50,,
Longdan,Household,Household,Paper Flowers Shadow Box 25x25 - Confetti,,,34.50,,
Longdan,Instant Noodles,Instant Noodles,BAI JIA A-KUAN Chongqing Bag Noodles - Spicy Flavour 95g,,,1.40,,
Longdan,Instant Noodles,Instant Noodles,BAI JIA A-Kuan Broad Noodle (Bag) - Sesame Paste 120g,,,1.40,,
Longdan,Instant Noodles,Instant Noodles,BAI JIA A-Kuan Broad Noodle (Bag) - Sour & Hot 110g,,,1.40,,
Longdan,Instant Noodles,Instant Noodles,BAI JIA A-Kuan Broad Noodle (Bag) - Spicy Flavour 115g,,,1.40,,
Longdan,Instant Noodles,Instant Noodles,BAI JIA A-Kuan Broad Noodle (Bowl) - Sesame Paste 120g,,,1.85,,
Longdan,Instant Noodles,Instant Noodles,BAI JIA Potato Vermicelli (Bag) - Hot & Spicy 105g,,,1.40,,
Longdan,Instant Noodles,Instant Noodles,CJ BIBIGO Cup Ramyun - K-BBQ 98g,,,1.90,,
Longdan,Instant Noodles,Instant Noodles,CJ BIBIGO Cup Ramyun - K-Chicken 98g,,,1.90,,
Longdan,Instant Noodles,Instant Noodles,CJ BIBIGO Cup Ramyun - Kimchi 98g,,,1.90,,
Longdan,Instant Noodles,Instant Noodles,CJ BIBIGO Udon Noodle Korean BBQ Flavour 187g,,,2.80,,
Longdan,Instant Noodles,Instant Noodles,CJ BIBIGO Udon Noodles Tteokbokki Chili Flavour 187g,,,2.80,,
Longdan,Instant Noodles,Instant Noodles,GARAK Carbonara Hot Chicken Udon Bowl 230g,,,2.24,2.80,20% off
Longdan,Instant Noodles,Instant Noodles,GARAK Hot Chicken Udon Bowl 215g,,,2.04,2.55,20% off
Longdan,Instant Noodles,Instant Noodles,GARAK Katsuo Udon Bowl 215g,,,2.55,,
Longdan,Instant Noodles,Instant Noodles,GARAK Kimchi Flavour Ramen 120g,,,1.40,,
Longdan,Instant Noodles,Instant Noodles,GARAK Kimchi Udon Bowl 215g,,,2.55,,
Longdan,Instant Noodles,Instant Noodles,GARAK Seafood Flavour Ramen 120g,,,1.40,,
Longdan,Instant Noodles,Instant Noodles,GOOD Vermicelli Tomyum Kung Flavor 62g,,,0.70,,
Longdan,Instant Noodles,Instant Noodles,HAICHIJIA Beef Wide Noodles 125g,,,1.85,,
Longdan,Instant Noodles,Instant Noodles,HAICHIJIA Lanzhou Noodles 165g,,,1.85,,
Longdan,Instant Noodles,Instant Noodles,HAICHIJIA Pepper-flavored Wide Noodles 157g,,,1.85,,
Longdan,Instant Noodles,Instant Noodles,HAO HAO Chicken Flavour Bag 74g,,,0.60,,
Longdan,Instant Noodles,Instant Noodles,HAO HAO Instant Noodles Chilli & Lime Shrimp Flavour 78g,,,0.60,,
Longdan,Instant Noodles,Instant Noodles,HARIM Bulsauce Stir-Fried Ramen 138g,,,0.68,1.35,50% off
Longdan,Instant Noodles,Instant Noodles,HARIM Bulsauce Stir-Fried Ramen Carbonara 135g,,,0.75,1.50,50% off
Longdan,Instant Noodles,Instant Noodles,HARIM MISHIK Squid Ramen 130g,,,0.75,1.50,50% off
Longdan,Instant Noodles,Instant Noodles,HARIM Spicy Bibim Ramen 138g,,,0.68,1.35,50% off
Longdan,Instant Noodles,Instant Noodles,HARIM Spicy Ramen 118g,,,1.35,,
Longdan,Instant Noodles,Instant Noodles,HIKARI MENRAKU Cup Ramen Sichuan Spicy Sesame Taste 91.2g,,,2.90,,
Longdan,Instant Noodles,Instant Noodles,HIKARI MENRAKU Cup Ramen Spicy Miso Tonkotsu Taste 80.6g,,,2.90,,
Longdan,Instant Noodles,Instant Noodles,HIKARI MISO Menraku Ramen Miso Tonkatsu Taste 186.4g,,,3.70,,
Longdan,Instant Noodles,Instant Noodles,HIKARI MISO Menraku Ramen Shoyu Tonkatsu Taste 191g,,,3.70,,
Longdan,Instant Noodles,Instant Noodles,HIKARI MISO Menraku Ramen Spicy Miso Tonkotsu Taste 188.4g,,,3.70,,
Longdan,Instant Noodles,Instant Noodles,HIKARI MISO Menraku Ramen Spicy Sesame Taste 191.4g,,,3.70,,
Longdan,Instant Noodles,Instant Noodles,MARUCHAN Red Fox Udon Cup 94G,,,3.15,,
Longdan,Instant Noodles,Instant Noodles,MODERN Thai Shrimp Hotpot Flavour Cup 67g,,,0.95,,
Longdan,Instant Noodles,Instant Noodles,NISSIN EU Soba Bag Chilli 111g,,,1.30,,
Longdan,Instant Noodles,Instant Noodles,NISSIN Soba Big Cup Classic 113g,,,2.90,,
Longdan,Instant Noodles,Instant Noodles,NISSIN Soba Big Cup Teriyaki 113g,,,2.90,,
Longdan,Instant Noodles,Instant Noodles,NONGSHIM Kimchi Ramyun 120g,,,1.40,,
Longdan,Instant Noodles,Instant Noodles,NONGSHIM Shin Hot Spicy Ramyun 120g,,,1.40,,
Longdan,Instant Noodles,Instant Noodles,NONGSHIM Shin Kimchi Sweet & Spicy Stir Fry 137g,,,1.50,,
Longdan,Instant Noodles,Instant Noodles,OH! RICEY Instant Pho Beef Flavour Bag 70g,,,0.95,,
Longdan,Instant Noodles,Instant Noodles,OH! RICEY Instant Pho Chicken Flavour Bag 71g,,,0.95,,
Longdan,Instant Noodles,Instant Noodles,OH! RICEY Phnom Penh Style Flavour - Hu Tieu Bag 71g,,,0.95,,
Longdan,Instant Noodles,Instant Noodles,OTAFUKU Yaki Udon with Sauce 430g,,,4.05,,
Longdan,Instant Noodles,Instant Noodles,OTAFUKU Yakisoba Noodle With Sauce 400g,,,3.80,,
Longdan,Instant Noodles,Instant Noodles,Omachi Instant Noodles With Potato Starch - Spaghetti Bolognaise Style Bag 91G,,,0.85,,
Longdan,Instant Noodles,Instant Noodles,Omachi Instant Noodles With Potato Starch _ Rib Soup Style Bag 79G,,,0.70,,
Longdan,Instant Noodles,Instant Noodles,PALDO Hwa Ramyun 120g,,,1.80,,
Longdan,Instant Noodles,Instant Noodles,PALDO Jjajangmen 200g,,,2.30,,
Longdan,Instant Noodles,Instant Noodles,PALDO Stir-fried Chicken 130g,,,1.80,,
Longdan,Instant Noodles,Instant Noodles,RUEA THONG Instant Boat Noodle - Dried Rice Noodles 130g,,,2.55,,
Longdan,Instant Noodles,Instant Noodles,RUEA THONG Instant Boat Noodle - Dried Vermicelli 130g,,,2.55,,
Longdan,Instant Noodles,Instant Noodles,SH Shallot Jajang Flavor 110g,,,2.10,,
Longdan,Instant Noodles,Instant Noodles,SH Traditional Sichuan Chilli Flavor 110g,,,2.10,,
Longdan,Instant Noodles,Instant Noodles,SIUKAY Instant Noodles Seafood Flavour Bag 127g,,,1.05,,
Longdan,Instant Noodles,Instant Noodles,SIUKAY Instant Noodles Spicy Cheese Chicken Flavour Bag 127g,,,1.05,,
Longdan,Instant Noodles,Instant Noodles,Vegan Village Vegan Instant Noodles Bag 75g,,,0.60,,
Longdan,Instant Noodles,Instant Noodles,Vegan Village Vegan Instant Rice Noodles Bag 65g,,,0.60,,
Longdan,Instant Noodles,Instant Noodles,Vegan Village Vegan Instant Rice Noodles Phnom Penh Style Bag 70g,,,0.60,,
Longdan,Instant Noodles,Instant Noodles,Vegan Village Vegetarian Vietnamese Mixed Pho Rice Noodles Bowl 70g,,,1.05,,
Longdan,Instant Noodles,Instant Noodles,Vifon Crab Rice Pancake Bag 60G,,,0.60,,
Longdan,Instant Noodles,Instant Noodles,Vifon Instant Bean Thread Bamboo Pork Bag 50G,,,0.85,,
Longdan,Instant Noodles,Instant Noodles,Vifon Instant Bean Thread Crab Bag 50G,,,0.85,,
Longdan,Instant Noodles,Instant Noodles,Vifon Instant Noodles Beef Flavour Bag 70G,,,0.65,,
Longdan,Instant Noodles,Instant Noodles,Vifon Instant Porridge Chicken Bag 50G,,,0.45,,
Longdan,Instant Noodles,Instant Noodles,Vifon Instant Porridge Fish Flavour Bag 50G,,,0.45,,
Longdan,Instant Noodles,Instant Noodles,Vifon Instant Porridge Seafood Flavour Bag 50G,,,0.45,,
Longdan,Instant Noodles,Instant Noodles,Vifon Oriental Style Instant Rice Noodles Phnom Penh Style Bag 60G,,,0.65,,
Longdan,Instant Noodles,Instant Noodles,Vifon Rice Noodle Beef Flavour Bag 60g - Pho Bo,,,0.70,,
Longdan,Instant Noodles,Instant Noodles,Vifon Rice Noodle Chicken Flavour Bag - Pho Ga 60g,,,0.70,,
Longdan,Instant Noodles,Instant Noodles,Vifon Vietnamese Pho Beef Flavour Bowl 70g,,,1.30,,
Longdan,Instant Noodles,Instant Noodles,YUM YUM Noodles - Beef Flavour 60g,,,0.42,0.70,40% off
Longdan,Instant Noodles,Instant Noodles,YUM YUM Noodles - Chicken Flavour 60g,,,0.42,0.70,40% off
Longdan,Instant Noodles,Instant Noodles,YUM YUM Noodles -Shrimp Flavour 60g,,,0.42,0.70,40% off
Longdan,Kitchenware,Kitchenware,ABS Ramen Bowl 210 x 80mm 300g,,,6.90,,
Longdan,Kitchenware,Kitchenware,ABS Udon Bowl 198 x 79mm 225g,,,6.00,,
Longdan,Kitchenware,Kitchenware,Bamboo string ( Day lat goi banh ),,,1.40,,
Longdan,Kitchenware,Kitchenware,DAEIL Animal-Shaped Rice Ball Mold 4pcs 48g,,,1.75,,
Longdan,Kitchenware,Kitchenware,DAEIL Rice Mold 2pc 53g,,,2.50,,
Longdan,Kitchenware,Kitchenware,EAST ASIA Bamboo Steamer Lid 9,,,5.60,,
Longdan,Kitchenware,Kitchenware,EAST ASIA Bamboo Steamer Liz 6,,,2.90,,
Longdan,Kitchenware,Kitchenware,HANCOCK Bamboo Steamer Lid 10,,,6.35,,
Longdan,Kitchenware,Kitchenware,HANCOCK Bamboo Steamer Lid 7,,,3.70,,
Longdan,Kitchenware,Kitchenware,JOSHO Ramen Chopsticks 5P,,,2.30,,
Longdan,Kitchenware,Kitchenware,JOSHO Steamer Lid,,,2.30,,
Longdan,Kitchenware,Kitchenware,KOKUBO Chef'S Scoop Spatula,,,2.90,,
Longdan,Kitchenware,Kitchenware,KOKUBO Chef'S Serving Tongs,,,5.75,,
Longdan,Kitchenware,Kitchenware,KOKUBO Chef'S Soup Ladle - Black,,,2.90,,
Longdan,Kitchenware,Kitchenware,KOKUBO Chef'S Standing Tongs,,,3.45,,
Longdan,Kitchenware,Kitchenware,KOKUBO Mug (Iron Blue),,,2.30,,
Longdan,Kitchenware,Kitchenware,KOKUBO Mug (Mustard Yellow),,,2.30,,
Longdan,Kitchenware,Kitchenware,KOKUBO Mug (Steel Gray),,,2.30,,
Longdan,Kitchenware,Kitchenware,KOKUBO ONIGIRI DAYS Mini rice Ball Maker,,,1.75,,
Longdan,Kitchenware,Kitchenware,KOKUBO ONIGIRI DAYS Rice Ball Shaper Triangle,,,1.75,,
Longdan,Kitchenware,Kitchenware,KOKUBO Yukipon Spherical Ice Tray Small,,,2.30,,
Longdan,Kitchenware,Kitchenware,Longdan Individually Wrapped Bamboo Chopsticks 24cm 8P,,,1.40,,
Longdan,Kitchenware,Kitchenware,OMI Spoon & Chopstick Set 96g,,,3.45,,
Longdan,Kitchenware,Kitchenware,OMI Spoon & Chopstick Set Blue Rose 96g,,,3.23,3.80,15% off
Longdan,Kitchenware,Kitchenware,OMI Spoon & Chopstick Set Purple Flower 96g,,,3.80,,
Longdan,Kitchenware,Kitchenware,OMI Spoon & Chopstick Set Red Rose 96g,,,3.80,,
Longdan,Kitchenware,Kitchenware,OMI Spoon & Chopstick Set Sun Flower 96g,,,3.80,,
Longdan,Kitchenware,Kitchenware,OTAFUKU Takoyaki Plate 1870g,,,28.75,,
Longdan,Kitchenware,Kitchenware,Olong Coffee Filter Size 7,,,4.85,,
Longdan,Kitchenware,Kitchenware,Olong Coffee Filter Size 8,,,6.25,,
Longdan,Kitchenware,Kitchenware,QIHUANG 8-piece Matcha Kit - Cicada Wing Pattern,,,32.20,,
Longdan,Kitchenware,Kitchenware,QIHUANG Bamboo Matcha Whisk (80 Bristles) 6cm - 11cm,,,9.80,,
Longdan,Kitchenware,Kitchenware,QIHUANG Matcha Bowl - Matte Black,,,8.05,,
Longdan,Kitchenware,Kitchenware,QIHUANG Matcha Bowl - Black & White Gradient,,,8.05,,
Longdan,Kitchenware,Kitchenware,QIHUANG Matcha Whisk Holder - Black & White Gradient,,,3.45,,
Longdan,Kitchenware,Kitchenware,QIHUANG Matcha Whisk Holder - Matte Black,,,3.45,,
Longdan,Kitchenware,Kitchenware,Rice Paper Mould 22cm,,,8.30,,
Longdan,Kitchenware,Kitchenware,TS Mangosteen Wood Chopsticks,,,3.45,,
Longdan,Kitchenware,Kitchenware,TS Wooden Chopping Board - Round 24cm,,,6.25,,
Longdan,Kitchenware,Kitchenware,WECK Display Rubber Seal RR080 (set of 10pcs),,,2.25,,
Longdan,Kitchenware,Kitchenware,WECK Display Rubber Seal RR100 (set of 10pcs),,,2.25,,
Longdan,Kitchenware,Kitchenware,WECK Keep Fresh Cover RR080 (set of 5pcs),,,3.75,,
Longdan,Kitchenware,Kitchenware,WECK Tulip Jar 580ml,,,4.05,,
Longdan,Kitchenware,Kitchenware,YOUNG STAR Kitchen Scrubber Bread Shape 20g,,,1.75,,
Longdan,Kitchenware,Kitchenware,YOUNG STAR Kitchen Scrubber Egg Shape 20g,,,1.49,1.75,15% off
Longdan,Kitchenware,Kitchenware,YOUNG STAR Kitchen Scrubber Flower Shape 20g,,,1.75,,
Longdan,Kitchenware,Kitchenware,YOUNG STAR Kitchen Scrubber Star Shape 20g,,,1.75,,
Longdan,Meat & Poultry,Meat & Poultry,AJINOMOTO Karaage Crispy Fried Chicken 600g,,,10.95,,
Longdan,Meat & Poultry,Meat & Poultry,AJINOMOTO Yakitori Grilled Chicken Skewers (6pcs) 210g,,,6.90,,
Longdan,Meat & Poultry,Meat & Poultry,CHERRY VALLEY Frozen Duck Tongue 500g,,,7.85,,
Longdan,Meat & Poultry,Meat & Poultry,GOLDEN DRAGON Pig Feet Trotters (Cut) 1kg,,,6.05,,
Longdan,Meat & Poultry,Meat & Poultry,KIM SON Chicken Ovaries (Trung Non) 400g,,,6.90,,
Longdan,Meat & Poultry,Meat & Poultry,KIM SON Turkey Testicles (Ngoc Ke) 400g,,,6.90,,
Longdan,Meat & Poultry,Meat & Poultry,KUNGFU Lamb Slices 400g,,,9.95,,
Longdan,Meat & Poultry,Meat & Poultry,LUCKY RED Boneless Roast Duck 575/685G,,,10.35,,
Longdan,Meat & Poultry,Meat & Poultry,ORIENTAL KITCHEN Beef Ball 250g,,,4.60,,
Longdan,Meat & Poultry,Meat & Poultry,ORIENTAL KITCHEN Beef Ball 500g,,,8.05,,
Longdan,Meat & Poultry,Meat & Poultry,ORIENTAL KITCHEN Beef Ball With Nerve 250g,,,4.60,,
Longdan,Meat & Poultry,Meat & Poultry,ORIENTAL KITCHEN Beef Ball With Nerve 500g,,,8.05,,
Longdan,Meat & Poultry,Meat & Poultry,ORIENTAL KITCHEN Frozen Pork Based Dish Leaf (Nem Chua) 300g,,,10.25,,
Longdan,Meat & Poultry,Meat & Poultry,ORIENTAL KITCHEN Gio So 1 With Green Pepper 500g,,,6.80,,
Longdan,Meat & Poultry,Meat & Poultry,ORIENTAL KITCHEN Pork Meatballs 250g,,,4.60,,
Longdan,Meat & Poultry,Meat & Poultry,STORTEBOOM Chicken Drumsticks 1kg,,,3.95,,
Longdan,Noodle & Vermicelli,Noodle & Vermicelli,A+ Fresh Soba Noodle Pack 180g,,,0.57,0.95,40% off
Longdan,Noodle & Vermicelli,Noodle & Vermicelli,DS CJO Sweet Potato Glass Noodles 500g,,,6.10,,
Longdan,Noodle & Vermicelli,Noodle & Vermicelli,FINE Fresh Ramen Noodle Pack 180g,,,0.57,0.95,40% off
Longdan,Noodle & Vermicelli,Noodle & Vermicelli,FISHWELL Konnyaku Noodle 380g,,,1.65,,
Longdan,Noodle & Vermicelli,Noodle & Vermicelli,Golden Lotus Black Arrowroot Bean Thread 200g,,,1.75,,
Longdan,Noodle & Vermicelli,Noodle & Vermicelli,Golden Lotus Four Seasons Shrimp Cracker 200G,,,1.30,,
Longdan,Noodle & Vermicelli,Noodle & Vermicelli,Golden Lotus Happy Shrimp Cracker 200G,,,1.10,,
Longdan,Noodle & Vermicelli,Noodle & Vermicelli,Golden Lotus Instant Rice Noodles 500gr,,,3.35,,
Longdan,Noodle & Vermicelli,Noodle & Vermicelli,Golden Lotus Potato Cracker 1KG,,,5.75,,
Longdan,Noodle & Vermicelli,Noodle & Vermicelli,Golden Lotus Pumpkin Cracker 200G,,,1.10,,
Longdan,Noodle & Vermicelli,Noodle & Vermicelli,Golden Lotus Quick Cooking Rice Noodles 3mm 500gr,,,3.35,,
Longdan,Noodle & Vermicelli,Noodle & Vermicelli,Golden Lotus Quick Cooking Rice Noodles 5mm 500gr,,,3.35,,
Longdan,Noodle & Vermicelli,Noodle & Vermicelli,Golden Lotus Rice vermicelli 0.8mm 1kg,,,4.50,,
Longdan,Noodle & Vermicelli,Noodle & Vermicelli,Golden Lotus Rice vermicelli 0.8mm 500g,,,2.30,,
Longdan,Noodle & Vermicelli,Noodle & Vermicelli,Golden Lotus Rice vermicelli 1.2mm 500g,,,2.30,,
Longdan,Noodle & Vermicelli,Noodle & Vermicelli,Golden Lotus Rice vermicelli 1.4mm 1kg,,,4.50,,
Longdan,Noodle & Vermicelli,Noodle & Vermicelli,Golden Lotus Rice vermicelli 1mm 1kg,,,4.50,,
Longdan,Noodle & Vermicelli,Noodle & Vermicelli,Golden Lotus Rice vermicelli 1mm 500g,,,2.30,,
Longdan,Noodle & Vermicelli,Noodle & Vermicelli,Golden Lotus Shrimp Cracker 1KG,,,5.20,,
Longdan,Noodle & Vermicelli,Noodle & Vermicelli,Golden Lotus Shrimp Cracker Premium 200G,,,1.65,,
Longdan,Noodle & Vermicelli,Noodle & Vermicelli,Golden Lotus Sweet Potato Cracker 200G,,,1.30,,
Longdan,Noodle & Vermicelli,Noodle & Vermicelli,Golden Lotus Vegetable Cracker 200G,,,1.10,,
Longdan,Noodle & Vermicelli,Noodle & Vermicelli,Golden Lotus Yellow Arrowroot Bean Thread 200g,,,1.75,,
Longdan,Noodle & Vermicelli,Noodle & Vermicelli,Green Footprint-Kinve Shaved Noodle(Spinach Flavor) 400g,,,3.45,,
Longdan,Noodle & Vermicelli,Noodle & Vermicelli,Green Footprint-Kinve Shaved Noodle(Tomato Flavor) 400g,,,3.45,,
Longdan,Noodle & Vermicelli,Noodle & Vermicelli,HARUMI Dried Udon Noodles 300g,,,1.75,,
Longdan,Noodle & Vermicelli,Noodle & Vermicelli,HARUMI Soba Noodles 300g,,,1.75,,
Longdan,Noodle & Vermicelli,Noodle & Vermicelli,HARUMI Yakisoba Noodles 150g,,,0.75,,
Longdan,Noodle & Vermicelli,Noodle & Vermicelli,HYOCHEON Flat Thick Noodles 300g,,,1.75,,
Longdan,Noodle & Vermicelli,Noodle & Vermicelli,HYOCHEON Flat Thick Noodles 900g,,,4.85,,
Longdan,Noodle & Vermicelli,Noodle & Vermicelli,HYOCHEON Thin Noodles 900g,,,4.85,,
Longdan,Noodle & Vermicelli,Noodle & Vermicelli,ITSUKI Hokkaido Curry Ramen 190g,,,3.35,,
Longdan,Noodle & Vermicelli,Noodle & Vermicelli,ITSUKI Hokkaido Yuzu Shio Mellow Salt Ramen 170g,,,3.35,,
Longdan,Noodle & Vermicelli,Noodle & Vermicelli,ITSUKI Osaka Shoyu Tonkatsu 176g,,,3.35,,
Longdan,Noodle & Vermicelli,Noodle & Vermicelli,ITSUKI Sapporo Miso Ramen 186g,,,2.85,3.35,15% off
Longdan,Noodle & Vermicelli,Noodle & Vermicelli,ITSUKI Tokyo Yuzu Shoyu Soy Sauce Ramen 172g,,,3.35,,
Longdan,Noodle & Vermicelli,Noodle & Vermicelli,ITSUKI Udon With Soup 3P 627g,,,4.45,,
Longdan,Noodle & Vermicelli,Noodle & Vermicelli,Kim Bien Rice Paper 300g,,,2.45,,
Longdan,Noodle & Vermicelli,Noodle & Vermicelli,Kim Son Frozen Rice Spaghetti 500g,,,2.90,,
Longdan,Noodle & Vermicelli,Noodle & Vermicelli,Kim Son Frozen Vietnamese Udon 500g,,,3.05,,
Longdan,Noodle & Vermicelli,Noodle & Vermicelli,Kim Son Frozen Wheat Paper 250g,,,2.20,,
Longdan,Noodle & Vermicelli,Noodle & Vermicelli,Kim Son Net Rice Paper 18cm 500g,,,4.60,,
Longdan,Noodle & Vermicelli,Noodle & Vermicelli,Kim Son Net Rice Paper 22cm 500g,,,4.60,,
Longdan,Noodle & Vermicelli,Noodle & Vermicelli,LD Rice Cracker With Coconut & White Sesame 22cm 500g,,,3.25,,
Longdan,Noodle & Vermicelli,Noodle & Vermicelli,LD Rice Craker With Coconut & Black Sesame 22cm 500g,,,3.25,,
Longdan,Noodle & Vermicelli,Noodle & Vermicelli,LONGDAN Hanoi Arrowroot Bean Thread 250g,,,2.20,,
Longdan,Noodle & Vermicelli,Noodle & Vermicelli,Longdan Assorted Vegetables Noodle,,,4.05,,
Longdan,Noodle & Vermicelli,Noodle & Vermicelli,Longdan Brown Rice Paper 22cm 500g,,,3.00,,
Longdan,Noodle & Vermicelli,Noodle & Vermicelli,Longdan Brown Rice Vermicelli 400g,,,2.20,,
Longdan,Noodle & Vermicelli,Noodle & Vermicelli,Longdan Crispy Fried Macaroni 250gr,,,3.95,,
Longdan,Noodle & Vermicelli,Noodle & Vermicelli,Longdan Hanoi Amber Rice Noodle 400g,,,2.30,,
Longdan,Noodle & Vermicelli,Noodle & Vermicelli,Longdan Hanoi Arrowroot Bean Thread 200g,,,1.75,,
Longdan,Noodle & Vermicelli,Noodle & Vermicelli,Longdan Hanoi Rice Noodles Roll 400g,,,2.30,,
Longdan,Noodle & Vermicelli,Noodle & Vermicelli,Longdan Hanoi Rice Noodles Straight 400g,,,2.10,,
Longdan,Noodle & Vermicelli,Noodle & Vermicelli,Longdan Hanoi Rice Vermicelli 1.5mm 400G,,,2.10,,
Longdan,Noodle & Vermicelli,Noodle & Vermicelli,Longdan Hanoi Special Brown Rice Vermicelli 400g,,,2.30,,
Longdan,Noodle & Vermicelli,Noodle & Vermicelli,Longdan Hanoi Special Vermicelli 1.4mm 400g,,,2.10,,
Longdan,Noodle & Vermicelli,Noodle & Vermicelli,Longdan Hanoi Special Vermicelli 1mm 400g,,,2.10,,
Longdan,Noodle & Vermicelli,Noodle & Vermicelli,Longdan Imperial Rice Verm 1.2mm 400g,,,2.20,,
Longdan,Noodle & Vermicelli,Noodle & Vermicelli,Longdan Imperial Rice Verm 1.8mm 400g,,,2.20,,
Longdan,Noodle & Vermicelli,Noodle & Vermicelli,Longdan Imperial Rice Vermicelli 1.2mm N 400g,,,2.20,,
Longdan,Noodle & Vermicelli,Noodle & Vermicelli,Longdan Imperial Rice Vermicelli 1.4mm 400g,,,2.20,,
Longdan,Noodle & Vermicelli,Noodle & Vermicelli,Longdan Mien Tay Rice Vermicelli 1.5mm 400gr,,,2.30,,
Longdan,Noodle & Vermicelli,Noodle & Vermicelli,Longdan Pad Thai Noodles 3mm 400g,,,2.20,,
Longdan,Noodle & Vermicelli,Noodle & Vermicelli,Longdan Pad Thai Noodles 4mm 400g,,,2.20,,
Longdan,Noodle & Vermicelli,Noodle & Vermicelli,Longdan Rice Cracker With Black Sesame 22cm 500g,,,3.25,,
Longdan,Noodle & Vermicelli,Noodle & Vermicelli,Longdan Rice Cracker With White Sesame 22cm 500g,,,3.25,,
Longdan,Noodle & Vermicelli,Noodle & Vermicelli,Longdan Rice Macaroni Brown Rice 400g,,,2.20,,
Longdan,Noodle & Vermicelli,Noodle & Vermicelli,Longdan Rice Macaroni Spiral 400g,,,1.75,,
Longdan,Noodle & Vermicelli,Noodle & Vermicelli,Longdan Rice Noodles 2.5mm 400g,,,2.20,,
Longdan,Noodle & Vermicelli,Noodle & Vermicelli,Longdan Rice Noodles 4mm 400g,,,2.20,,
Longdan,Noodle & Vermicelli,Noodle & Vermicelli,Longdan Rice Noodles 8mm 400g,,,2.20,,
Longdan,Noodle & Vermicelli,Noodle & Vermicelli,Longdan Rice Paper (Authentic) 22cm 250g,,,1.75,,
Longdan,Noodle & Vermicelli,Noodle & Vermicelli,Longdan Rice Paper Extra Thin 22cm 500g,,,3.00,,
Longdan,Noodle & Vermicelli,Noodle & Vermicelli,Longdan Rice Paper( Authentic)  22cm 500g,,,3.00,,
Longdan,Noodle & Vermicelli,Noodle & Vermicelli,Longdan Rice Vermicelli 0.8mm 400g,,,2.10,,
Longdan,Noodle & Vermicelli,Noodle & Vermicelli,Longdan Rice Vermicelli 1.2mm 400g,,,2.10,,
Longdan,Noodle & Vermicelli,Noodle & Vermicelli,Longdan Rice Vermicelli 1.4mm 400g,,,2.10,,
Longdan,Noodle & Vermicelli,Noodle & Vermicelli,Longdan Rice Vermicelli 1.6mm 400g,,,2.10,,
Longdan,Noodle & Vermicelli,Noodle & Vermicelli,Longdan Rice Vermicelli 1.8mm 400g,,,2.10,,
Longdan,Noodle & Vermicelli,Noodle & Vermicelli,Longdan Saigon Fine Vermicelli 400g,,,2.45,,
Longdan,Noodle & Vermicelli,Noodle & Vermicelli,Longdan Saigon Rice Vermicelli 1mm 400g,,,2.20,,
Longdan,Noodle & Vermicelli,Noodle & Vermicelli,Longdan Special Brown Rice Noodle 400g,,,2.20,,
Longdan,Noodle & Vermicelli,Noodle & Vermicelli,Longdan Special Rice Noodles 3mm 400g,,,2.20,,
Longdan,Noodle & Vermicelli,Noodle & Vermicelli,Longdan Special Rice Noodles 5mm 400g,,,2.20,,
Longdan,Noodle & Vermicelli,Noodle & Vermicelli,Longdan Spring Roll Rice Paper 18cm 250g,,,1.75,,
Longdan,Noodle & Vermicelli,Noodle & Vermicelli,Longdan Spring Roll Rice Paper 19cm (square) 500g,,,3.15,,
Longdan,Noodle & Vermicelli,Noodle & Vermicelli,Longdan Summer Roll Rice Paper 500gr,,,2.55,,
Longdan,Noodle & Vermicelli,Noodle & Vermicelli,Longdan Yellow Noodles 2mm 400g,,,2.20,,
Longdan,Noodle & Vermicelli,Noodle & Vermicelli,MADAME WONG Long Life Noodle (Yellow) 400g,,,1.75,,
Longdan,Noodle & Vermicelli,Noodle & Vermicelli,MADAME WONG Rice Sticks 1 Mm 375g,,,2.15,,
Longdan,Noodle & Vermicelli,Noodle & Vermicelli,MADAME WONG Rice Sticks 10 Mm 375g,,,2.15,,
Longdan,Noodle & Vermicelli,Noodle & Vermicelli,MADAME WONG Rice Sticks 3 Mm 375g,,,2.15,,
Longdan,Noodle & Vermicelli,Noodle & Vermicelli,MADAME WONG Rice Sticks 5 Mm 375g,,,2.15,,
Longdan,Noodle & Vermicelli,Noodle & Vermicelli,Mixed Vegetarian Macaroni 400g,,,2.45,,
Longdan,Noodle & Vermicelli,Noodle & Vermicelli,NEGISHI Imasuke Nama Futouchi - Thick Udon 180g,,,2.10,,
Longdan,Noodle & Vermicelli,Noodle & Vermicelli,NEGISHI Imasuke Nama Hosogiri - Thin Udon 180g,,,2.10,,
Longdan,Noodle & Vermicelli,Noodle & Vermicelli,NEGISHI Imasuke Nama Sakura Udon 260g,,,3.80,,
Longdan,Noodle & Vermicelli,Noodle & Vermicelli,NEGISHI Imasuke Nama Soba 140g,,,2.10,,
Longdan,Noodle & Vermicelli,Noodle & Vermicelli,Northern Vietnam Special Rice Noodle 400g,,,2.45,,
Longdan,Noodle & Vermicelli,Noodle & Vermicelli,Quang Nam Style Noodle 300g,,,1.75,,
Longdan,Noodle & Vermicelli,Noodle & Vermicelli,ROSE BRAND Rice Stick 10mm 454g,,,2.15,,
Longdan,Noodle & Vermicelli,Noodle & Vermicelli,SANGGIL Fresh Udon Noodle Pack 4*200g,,,3.25,,
Longdan,Noodle & Vermicelli,Noodle & Vermicelli,SHIMADAYA Inaniwa Style Udon (3pcs) 600g,,,4.60,,
Longdan,Noodle & Vermicelli,Noodle & Vermicelli,SHIMADAYA Shinuchi Inaniwa Udon Mini-Double (5pcs) 1.25Kg,,,9.05,,
Longdan,Noodle & Vermicelli,Noodle & Vermicelli,SHIMADAYA Shinuchi Sanuki Udon (5pcs) 1.25kg,,,9.05,,
Longdan,Noodle & Vermicelli,Noodle & Vermicelli,SHIMADAYA Udon Noodle (5pcs) 1.25Kg,,,9.05,,
Longdan,Noodle & Vermicelli,Noodle & Vermicelli,Super Q Golden Bihon 500g,,,3.25,,
Longdan,Noodle & Vermicelli,Noodle & Vermicelli,The Plantbase Store Sadec Purple Rice Noodles 3mm 350g,,,2.45,,
Longdan,Noodle & Vermicelli,Noodle & Vermicelli,The Plantbase Store Sadec Rice Noodles 3mm 350g,,,2.45,,
Longdan,Noodle & Vermicelli,Noodle & Vermicelli,Tofuhat Rice Noodles 3mm 500g,,,2.55,,
Longdan,Noodle & Vermicelli,Noodle & Vermicelli,Tofuhat Rice Vermicelli 0.8mm 1kg,,,4.40,,
Longdan,Noodle & Vermicelli,Noodle & Vermicelli,Tofuhat Rice Vermicelli 1.2mm 1kg,,,4.40,,
Longdan,Noodle & Vermicelli,Noodle & Vermicelli,Tofuhat Rice Vermicelli 1.4mm 1kg,,,4.40,,
Longdan,Noodle & Vermicelli,Noodle & Vermicelli,Tofuhat Rice Vermicelli 1.8mm 1kg,,,4.40,,
Longdan,Noodle & Vermicelli,Noodle & Vermicelli,Vifon Bong Lua Vang Dried Rice Noodle 3mm 500g,,,3.70,,
Longdan,Noodle & Vermicelli,Noodle & Vermicelli,Vifon Bong Lua Vang Dried Rice Noodles 4mm 500g,,,3.70,,
Longdan,Noodle & Vermicelli,Noodle & Vermicelli,Vifon Bong Lua Vang Dried Rice Noodles 500g 5mm,,,3.70,,
Longdan,Noodle & Vermicelli,Noodle & Vermicelli,Vifon Rice Noodle Gluten Free 400g,,,3.15,,
Longdan,Noodle & Vermicelli,Noodle & Vermicelli,WHEATSUN Beijing Noodles 1.82kg,,,6.00,,
Longdan,Noodle & Vermicelli,Noodle & Vermicelli,WHEATSUN Egg Noodle 1kg,,,3.45,,
Longdan,Noodle & Vermicelli,Noodle & Vermicelli,WHEATSUN Handmade Noodle 1kg,,,3.45,,
Longdan,Noodle & Vermicelli,Noodle & Vermicelli,WHEATSUN Henan Noodles 1.82kg,,,6.00,,
Longdan,Noodle & Vermicelli,Noodle & Vermicelli,WHEATSUN Jinxi Noodle 1kg,,,3.45,,
Longdan,Noodle & Vermicelli,Noodle & Vermicelli,WHEATSUN Longxu Noodles 1kg,,,3.45,,
Longdan,Noodle & Vermicelli,Noodle & Vermicelli,WHEATSUN Shandong Ramen Noodles 1.82kg,,,6.00,,
Longdan,Noodle & Vermicelli,Noodle & Vermicelli,WHEATSUN Shanghai Noodle 400g,,,1.50,,
Longdan,Noodle & Vermicelli,Noodle & Vermicelli,WHEATSUN Shanghai Noodles 1.82kg,,,6.00,,
Longdan,Noodle & Vermicelli,Noodle & Vermicelli,WHEATSUN Shanxi Sliced Noodles 1.82kg,,,6.00,,
Longdan,Noodle & Vermicelli,Noodle & Vermicelli,WHEATSUN Shanxi Sliced Noodles 400g,,,1.50,,
Longdan,Noodle & Vermicelli,Noodle & Vermicelli,WHEATSUN Sichuan Dan Dan Noodles 1.82kg,,,6.00,,
Longdan,Noodle & Vermicelli,Noodle & Vermicelli,WHEATSUN Tomoshiraga Somen Noodles 1.82kg,,,6.00,,
Longdan,Noodle & Vermicelli,Noodle & Vermicelli,WHEATSUN Tomoshiraga Somen Noodles 400g,,,1.50,,
Longdan,Noodle & Vermicelli,Noodle & Vermicelli,WINNER Broad noodles 400g,,,2.45,,
Longdan,Noodle & Vermicelli,Noodle & Vermicelli,WINNER Chop Suey noodles 400g,,,2.45,,
Longdan,Noodle & Vermicelli,Noodle & Vermicelli,WINNER Extra Fine noodles 400g,,,2.45,,
Longdan,Noodle & Vermicelli,Noodle & Vermicelli,Wheatsun Lanzhou Noodles 1.82kg,,,6.00,,
Longdan,Noodle & Vermicelli,Noodle & Vermicelli,Wheatsun Mushroom Noodle 1kg,,,3.45,,
Longdan,Noodle & Vermicelli,Noodle & Vermicelli,YONYON Tornado Pasta 200g,,,1.30,,
Longdan,Noodle & Vermicelli,Noodle & Vermicelli,Yon Yon Ramen Noodles 150g,,,1.15,,
Longdan,Nut & Bean,Nut & Bean,COCK BRAND Mung Bean 400g,,,2.30,,
Longdan,Nut & Bean,Nut & Bean,COCK BRAND Peeled Split Mung Bean 400g,,,2.30,,
Longdan,Nut & Bean,Nut & Bean,COCK BRAND Red Bean 400g,,,2.90,,
Longdan,Nut & Bean,Nut & Bean,COCK BRAND Unpeeled Split Mung Bean 400g,,,2.30,,
Longdan,Nut & Bean,Nut & Bean,FARMER Garlic Peanuts 300g,,,4.05,,
Longdan,Nut & Bean,Nut & Bean,Longdan Lima Bean 400G,,,3.30,,
Longdan,Nut & Bean,Nut & Bean,Longdan Mung Dal 400G,,,2.80,,
Longdan,Nut & Bean,Nut & Bean,Longdan Peanut 400G,,,3.70,,
Longdan,Nut & Bean,Nut & Bean,Longdan Split Mung Bean 400g,,,2.80,,
Longdan,Nut & Bean,Nut & Bean,MADAME WONG Mung Bean 400g,,,2.55,,
Longdan,Nut & Bean,Nut & Bean,MADAME WONG Split Mung Bean 400g,,,2.80,,
Longdan,Oils & Sauces,Oils & Sauces,Aoyama Japanese Less Salt Soy Sauce 250ml,,,1.65,,
Longdan,Oils & Sauces,Oils & Sauces,Aoyama Japanese Soy Sauce 1L,,,3.80,,
Longdan,Oils & Sauces,Oils & Sauces,Aoyama Japanese Soy Sauce 500ml,,,2.20,,
Longdan,Oils & Sauces,Oils & Sauces,Aoyama Organic Less Salt Soy Sauce 152ml,,,2.00,,
Longdan,Oils & Sauces,Oils & Sauces,Aoyama Organic Less Salt Soy Sauce 480ml,,,4.15,,
Longdan,Oils & Sauces,Oils & Sauces,Aoyama Organic Premium Soy Sauce 152ml,,,2.00,,
Longdan,Oils & Sauces,Oils & Sauces,Aoyama Organic Premium Soy Sauce 480ml,,,4.15,,
Longdan,Oils & Sauces,Oils & Sauces,Aoyama Premium Soy Sauce (99 Soy Sauce) 250ml,,,1.65,,
Longdan,Oils & Sauces,Oils & Sauces,BEAU IDEAL Pickle Sauce - Original 500ml,,,2.10,,
Longdan,Oils & Sauces,Oils & Sauces,BULLDOG Tonkatsu Sauce 300ml,,,3.70,,
Longdan,Oils & Sauces,Oils & Sauces,CHEIL JEDANG Beksul Beef Bulgogi Marinade500g,,,4.50,,
Longdan,Oils & Sauces,Oils & Sauces,CJ BEKSUL BBQ Marinade Beef Rib Sauce 500g,,,4.50,,
Longdan,Oils & Sauces,Oils & Sauces,CJ BEKSUL BBQ Marinade Grilled Pork Sauce 290g,,,2.45,,
Longdan,Oils & Sauces,Oils & Sauces,CJ BEKSUL BBQ Marinade Sauce for Beef 290g,,,2.45,,
Longdan,Oils & Sauces,Oils & Sauces,CJ BEKSUL Sesame Oil 320ml,,,7.95,,
Longdan,Oils & Sauces,Oils & Sauces,CJ BEKSUL Spicy Chicken Stew Base Sauce 290g,,,2.90,,
Longdan,Oils & Sauces,Oils & Sauces,CJ BIBIGO Sesame Oil 160ml,,,4.60,,
Longdan,Oils & Sauces,Oils & Sauces,CJ BIBIGO Sesame Oil 500ml,,,10.95,,
Longdan,Oils & Sauces,Oils & Sauces,DATU PUTI Soy Sauce 1L,,,3.45,,
Longdan,Oils & Sauces,Oils & Sauces,DS CJO Premium Sesame Oil 160ml,,,4.60,,
Longdan,Oils & Sauces,Oils & Sauces,DS CJO Premium Sesame Oil 300ml,,,7.95,,
Longdan,Oils & Sauces,Oils & Sauces,DS CJO Premium Sesame Oil 500ml,,,10.95,,
Longdan,Oils & Sauces,Oils & Sauces,DS CJO Soy Sauce For Soup 500ml,,,3.95,,
Longdan,Oils & Sauces,Oils & Sauces,DS CJO Soy Sauce For Soup 840ml,,,6.05,,
Longdan,Oils & Sauces,Oils & Sauces,DS CJO Soy Sauce Jin 500ml,,,3.25,,
Longdan,Oils & Sauces,Oils & Sauces,DS O'FOOD All-Purpose Original Korean BBQ Sauce 340g,,,6.35,,
Longdan,Oils & Sauces,Oils & Sauces,DS O'FOOD Korean BBQ Beef Bulgogi Marinade 500g,,,3.95,,
Longdan,Oils & Sauces,Oils & Sauces,DS O'FOOD Korean BBQ Beef Bulgogi Marinade 840g,,,5.65,,
Longdan,Oils & Sauces,Oils & Sauces,DUA BELIBIS Chili Sauce 340ml,,,4.05,,
Longdan,Oils & Sauces,Oils & Sauces,EBARA Yakiniku Roasted Garlic Sauce 230g,,,3.70,,
Longdan,Oils & Sauces,Oils & Sauces,FLYING GOOSE Hoi Sin Sauce 200ml,,,2.05,,
Longdan,Oils & Sauces,Oils & Sauces,FLYING GOOSE Hoi Sin Sauce 455ml,,,3.65,,
Longdan,Oils & Sauces,Oils & Sauces,FLYING GOOSE Sriracha Hot Chilli Sauce 200ml,,,2.05,,
Longdan,Oils & Sauces,Oils & Sauces,FUEKI Kinbue Koikuchi Shoyu - Soy Sauce 150ml,,,2.72,3.40,20% off
Longdan,Oils & Sauces,Oils & Sauces,FUEKI Kinbue Koikuchi Shoyu - Soy Sauce 1L,,,8.28,10.35,20% off
Longdan,Oils & Sauces,Oils & Sauces,FUEKI Kinbue Koikuchi Shoyu - Soy Sauce 600ml,,,6.00,7.50,20% off
Longdan,Oils & Sauces,Oils & Sauces,FUEKI Kinbue Low Salt Soy Sauce 150ml,,,2.84,3.55,20% off
Longdan,Oils & Sauces,Oils & Sauces,FUEKI Kinbue Low Salt Soy Sauce 1L,,,10.12,12.65,20% off
Longdan,Oils & Sauces,Oils & Sauces,FUEKI Kinbue Low Salt Soy Sauce 600ml,,,6.28,7.85,20% off
Longdan,Oils & Sauces,Oils & Sauces,GOLDEN LOTUS Dark Soy Sauce 250ml,,,1.65,,
Longdan,Oils & Sauces,Oils & Sauces,GOLDEN LOTUS Gluten Free Soy Sauce 152ml,,,1.30,,
Longdan,Oils & Sauces,Oils & Sauces,GOLDEN LOTUS Light Soy Sauce 250ml,,,1.65,,
Longdan,Oils & Sauces,Oils & Sauces,GOLDEN MOUNTAIN Seasoning Soy Sauce 200ml,,,1.45,,
Longdan,Oils & Sauces,Oils & Sauces,GOOD SENSE Calamansi Extracts Hot 150ml,,,5.10,,
Longdan,Oils & Sauces,Oils & Sauces,GOOD SENSE Calamansi Extracts Regular 150ml,,,5.10,,
Longdan,Oils & Sauces,Oils & Sauces,Golden Lotus Vegetarian Fish Sauce 180ml,,,2.55,,
Longdan,Oils & Sauces,Oils & Sauces,Green Footprint-Kinve Shaved Noodle(Mix Flavor) 400g,,,3.45,,
Longdan,Oils & Sauces,Oils & Sauces,HARUMI Teriyaki Sauce 152ml,,,1.50,,
Longdan,Oils & Sauces,Oils & Sauces,HARUMI Teriyaki Sauce 340ml,,,2.00,,
Longdan,Oils & Sauces,Oils & Sauces,HEALTHY BOY Oyster Sauce 700ml,,,4.05,,
Longdan,Oils & Sauces,Oils & Sauces,HEALTHY BOY Sweet Chilli Sauce For Chicken 830g,,,4.40,,
Longdan,Oils & Sauces,Oils & Sauces,HEALTHY BOY Thin Soy Sauce 700ml,,,4.05,,
Longdan,Oils & Sauces,Oils & Sauces,HEARTY SPOON Garlic Mayo 130g,,,2.10,,
Longdan,Oils & Sauces,Oils & Sauces,HEARTY SPOON Truffle Mayo 130g,,,2.10,,
Longdan,Oils & Sauces,Oils & Sauces,HEARTY SPOON Yuzu Mayo 150g,,,1.79,2.10,15% off
Longdan,Oils & Sauces,Oils & Sauces,Harumi Ajitsuke Ponzu 250ml,,,2.00,,
Longdan,Oils & Sauces,Oils & Sauces,Harumi Japanese Soy Sauce 500ml,,,3.60,,
Longdan,Oils & Sauces,Oils & Sauces,Huy Fong Sriracha Hot Chilli Sauce Usa 482g/435ml,,,7.00,,
Longdan,Oils & Sauces,Oils & Sauces,Huy Fong Sriracha Hot Chilli Sauce Usa 793g,,,8.25,,
Longdan,Oils & Sauces,Oils & Sauces,KUKI Sangyo Sesame Oil Koikuchi 170G,,,4.40,,
Longdan,Oils & Sauces,Oils & Sauces,KUKI Sangyo Sesame Oil Koikuchi 340G,,,7.15,,
Longdan,Oils & Sauces,Oils & Sauces,LAEM CHAROEN Fish Sauce 300ml,,,2.50,,
Longdan,Oils & Sauces,Oils & Sauces,LAEM CHAROEN Fish Sauce 700ml,,,4.20,,
Longdan,Oils & Sauces,Oils & Sauces,LAO GAN MA Crispy Chilli Oil 210g,,,2.65,,
Longdan,Oils & Sauces,Oils & Sauces,LAO GAN MA Fermented Soybean In Chilli Oil 280g,,,2.90,,
Longdan,Oils & Sauces,Oils & Sauces,LEE KUM KEE Black Bean Garlic Sauce 368g,,,3.15,,
Longdan,Oils & Sauces,Oils & Sauces,LEE KUM KEE Char Siu Sauce 397g,,,3.35,,
Longdan,Oils & Sauces,Oils & Sauces,LEE KUM KEE Hoisin Sauce Jar 397g,,,2.90,,
Longdan,Oils & Sauces,Oils & Sauces,LEE KUM KEE Panda Oyster Sauce 907g,,,4.40,,
Longdan,Oils & Sauces,Oils & Sauces,LEE KUM KEE Peking Duck Sauce 383g,,,3.05,,
Longdan,Oils & Sauces,Oils & Sauces,LEE KUM KEE Seasoned Soy Sauce Seafood 410g,,,2.90,,
Longdan,Oils & Sauces,Oils & Sauces,LONG HUI Dark Soy Sauce 500ml,,,2.20,,
Longdan,Oils & Sauces,Oils & Sauces,LONG HUI Gluten Free Soy Sauce 1L,,,5.20,,
Longdan,Oils & Sauces,Oils & Sauces,LONG HUI Gluten Free Soy Sauce 500ml,,,3.15,,
Longdan,Oils & Sauces,Oils & Sauces,LONG HUI Light Soy Sauce 500ml,,,2.20,,
Longdan,Oils & Sauces,Oils & Sauces,LONG HUI Premium Soy Sauce 500ml,,,2.20,,
Longdan,Oils & Sauces,Oils & Sauces,Longdan Crushed Yellow Bean Sauce 500ml,,,3.45,,
Longdan,Oils & Sauces,Oils & Sauces,Longdan Fish Sauce Vietnam 35N 720ml,,,8.65,,
Longdan,Oils & Sauces,Oils & Sauces,Longdan Instant Fish Sauce /w Garlic 500ml,,,4.85,,
Longdan,Oils & Sauces,Oils & Sauces,Longdan Vegetarian Fish Sauce 500ml,,,4.95,,
Longdan,Oils & Sauces,Oils & Sauces,MADAME WONG Oyster Flavor Sauce 500ml,,,4.05,,
Longdan,Oils & Sauces,Oils & Sauces,MAEKRUA Oyster Sauce 150ml,,,2.25,,
Longdan,Oils & Sauces,Oils & Sauces,MAEKRUA Oyster Sauce 300ml,,,3.65,,
Longdan,Oils & Sauces,Oils & Sauces,MAGGI Arome Saveur 1kg,,,11.50,,
Longdan,Oils & Sauces,Oils & Sauces,MAGGI Arome Saveur 250g,,,5.50,,
Longdan,Oils & Sauces,Oils & Sauces,MAMA SITA'S Liquid BBQ Marinade 680Ml,,,8.05,,
Longdan,Oils & Sauces,Oils & Sauces,MK Signature Suki Sauce 350g,,,3.05,,
Longdan,Oils & Sauces,Oils & Sauces,MK Signature Suki Sauce 830g,,,5.15,,
Longdan,Oils & Sauces,Oils & Sauces,Maggi Light Soy Sauce 700ml,,,4.05,,
Longdan,Oils & Sauces,Oils & Sauces,Maggi Premium Thick Soy Sauce 700ml,,,4.50,,
Longdan,Oils & Sauces,Oils & Sauces,NINBEN Shirodashi Gold 500ml,,,6.35,,
Longdan,Oils & Sauces,Oils & Sauces,OTAFUKU Spicy Okonomi Sauce 300g,,,4.05,,
Longdan,Oils & Sauces,Oils & Sauces,OTAFUKU Sukiyaki Sauce 370g,,,4.95,,
Longdan,Oils & Sauces,Oils & Sauces,OTAFUKU Takoyaki Sauce 300g,,,3.70,,
Longdan,Oils & Sauces,Oils & Sauces,OTAFUKU Teriyaki Sauce 350G,,,4.95,,
Longdan,Oils & Sauces,Oils & Sauces,PANTAI Pad Thai Sauce 300ml,,,3.70,,
Longdan,Oils & Sauces,Oils & Sauces,PEARL RIVER BRIDGE Black Bean Garlic Sauce  240g,,,1.75,,
Longdan,Oils & Sauces,Oils & Sauces,PEARL RIVER BRIDGE Chilli Garlic Sauce 240g,,,1.75,,
Longdan,Oils & Sauces,Oils & Sauces,PEARL RIVER BRIDGE Gold Label Superior Light Soy Sauce 500Ml,,,3.05,,
Longdan,Oils & Sauces,Oils & Sauces,PEARL RIVER BRIDGE Mushroom Soy Sauce 500ml,,,2.25,,
Longdan,Oils & Sauces,Oils & Sauces,PEARL RIVER BRIDGE Sesame Oil (100%) 500ml,,,5.20,,
Longdan,Oils & Sauces,Oils & Sauces,PEARL RIVER BRIDGE Superior Dark Soy Sauce 150ml,,,1.30,,
Longdan,Oils & Sauces,Oils & Sauces,PEARL RIVER BRIDGE Superior Light Soy Sauce 150ml,,,1.30,,
Longdan,Oils & Sauces,Oils & Sauces,PEARL RIVER BRIDGE Sweet & Sour Sauce 300ml,,,2.10,,
Longdan,Oils & Sauces,Oils & Sauces,POR KWAN Satay Peanut Sauce 200g,,,1.72,2.15,20% off
Longdan,Oils & Sauces,Oils & Sauces,QIAN FU JI Garlic Chilli Oil 280g,,,2.45,,
Longdan,Oils & Sauces,Oils & Sauces,S&B Golden Curry Sauce Mix Extra Hot 220g,,,5.30,,
Longdan,Oils & Sauces,Oils & Sauces,S&B Retort Golden Veg Curry Hot 230g,,,3.80,,
Longdan,Oils & Sauces,Oils & Sauces,S&B Retort Golden Veg Curry Med-Hot 230g,,,3.80,,
Longdan,Oils & Sauces,Oils & Sauces,S&B Retort golden Veg Curry Mild 230g,,,3.80,,
Longdan,Oils & Sauces,Oils & Sauces,S&B Torokeru Tasty Curry Mild 200g,,,3.80,,
Longdan,Oils & Sauces,Oils & Sauces,Sauce Co- Vegetarian marinated meat with mushroom 240g,,,5.60,,
Longdan,Oils & Sauces,Oils & Sauces,Sauce Co-Fermented Black Bean (Dry) 200g,,,5.60,,
Longdan,Oils & Sauces,Oils & Sauces,Suka Pinakurat Coconut Vinegar - Original 250ml,,,3.35,,
Longdan,Oils & Sauces,Oils & Sauces,TAIJADE Taiwan Shaohsing Wine 600ml 13.5%,,,13.80,,
Longdan,Oils & Sauces,Oils & Sauces,TANTANXIANG Chopped Red Chilli 210g,,,1.85,,
Longdan,Oils & Sauces,Oils & Sauces,TROPICAL SUN Food Colour Green 28ml,,,0.60,,
Longdan,Oils & Sauces,Oils & Sauces,UCHIBORI Ajitsuke Ponzu Yuzu 150ml,,,3.45,,
Longdan,Oils & Sauces,Oils & Sauces,UNI-EAGLE Hoi Sin Sauce 200ml,,,2.00,,
Longdan,Oils & Sauces,Oils & Sauces,Vianco Annatto Oil Extract 130g,,,2.55,,
Longdan,Oils & Sauces,Oils & Sauces,WanJaShan Sukiyaki Sauce 450ml,,,6.35,,
Longdan,Oils & Sauces,Oils & Sauces,YUMMYTO Kimchi Sauce 200ml,,,2.80,,
Longdan,Oils & Sauces,Oils & Sauces,YUMMYTO Tonkatsu Sauce 200ml,,,2.80,,
Longdan,Oils & Sauces,Oils & Sauces,YUMMYTO Unagi Sauce 200ml,,,2.20,,
Longdan,Pork Roll & Sausage,Pork Roll & Sausage,Viet Hung Pork Roll (Gio Lua) SO 1 500g,,,8.05,,
Longdan,Pork Roll & Sausage,Pork Roll & Sausage,Viet Hung Pork Roll with Skin (Gio Bi) SO 1 500g,,,8.05,,
Longdan,Pork Roll & Sausage,Pork Roll & Sausage,Viet Hung Promotion Pork Roll 500g,,,6.90,,
Longdan,Pork Roll & Sausage,Pork Roll & Sausage,Viet Hung Promotion Pork Roll with Skin 500g,,,6.90,,
Longdan,Pork Roll & Sausage,Pork Roll & Sausage,Viet Hung Sausage Mai Que Lo 500g,,,9.20,,
Longdan,Pork Roll & Sausage,Pork Roll & Sausage,Viet Hung Sausage Mai Que Lo So 1 500g,,,9.80,,
Longdan,Ready Meal,Ready Meal,ACHIM Japchae Fried Rice 200g,,,2.55,,
Longdan,Ready Meal,Ready Meal,ACHIM Kimchi Fried Rice 200g,,,2.55,,
Longdan,Ready Meal,Ready Meal,ACHIM Vegetable Fried Rice 200g,,,2.55,,
Longdan,Ready Meal,Ready Meal,AROY-D Tom Yum Kung 160g,,,5.20,,
Longdan,Ready Meal,Ready Meal,Binh Dinh Glutinous Rice Cake 500G,,,5.20,,
Longdan,Ready Meal,Ready Meal,CA MEN Climbing Perch Noodle Soup 698g,,,4.50,,
Longdan,Ready Meal,Ready Meal,CA MEN Crab Rice Noodle Soup 661g,,,4.50,,
Longdan,Ready Meal,Ready Meal,CA MEN Eel Vermicelli 577g,,,4.50,,
Longdan,Ready Meal,Ready Meal,CA MEN Fish Cake Noodle Soup 620g,,,4.50,,
Longdan,Ready Meal,Ready Meal,CA MEN Plant Based Noodles 623G,,,4.50,,
Longdan,Ready Meal,Ready Meal,CA MEN Quang Style Noodle With Shrimp 323g,,,4.50,,
Longdan,Ready Meal,Ready Meal,CA MEN Snakehead Fish Noodles 646g,,,4.50,,
Longdan,Ready Meal,Ready Meal,CA MEN Squid Noodle Soup 605G,,,4.50,,
Longdan,Ready Meal,Ready Meal,CA MEN Tuna Noodles Soup 640g,,,4.50,,
Longdan,Ready Meal,Ready Meal,CHEIL JEDANG Cooked Rice (Big Bowl) 300g,,,2.80,,
Longdan,Ready Meal,Ready Meal,CHEIL JEDANG Cooked Rice 130g,,,1.39,1.85,25% off
Longdan,Ready Meal,Ready Meal,CHEIL JEDANG Cooked Rice 210g,,,2.10,,
Longdan,Ready Meal,Ready Meal,CHILL CHOW Fish Ball 200g,,,3.20,,
Longdan,Ready Meal,Ready Meal,CHILL CHOW Fried Fish Ball 200g,,,3.20,,
Longdan,Ready Meal,Ready Meal,CHIMEI Mini Plain Bun (Mantou) 240g,,,4.60,,
Longdan,Ready Meal,Ready Meal,CJ BIBIGO Cooked Rice 210G,,,2.10,,
Longdan,Ready Meal,Ready Meal,CJ BIBIGO Frozen Tteokbokki Sweet & Spicy 480g,,,6.35,,
Longdan,Ready Meal,Ready Meal,CJ BIBIGO Gimbap Seaweed Rice Roll Bulgogi 230g (Frozen),,,3.19,3.75,15% off
Longdan,Ready Meal,Ready Meal,CJ BIBIGO Gimbap Seaweed Rice Roll Spicy Bulgogi 230g,,,3.75,,
Longdan,Ready Meal,Ready Meal,CJ BIBIGO Korean Style Fried Chicken 350g,,,6.70,,
Longdan,Ready Meal,Ready Meal,CJ BIBIGO Korean Style Fried Chicken With Soy & Honey Sauce 350g,,,6.70,,
Longdan,Ready Meal,Ready Meal,CJ BIBIGO Korean Style Fried Chicken With Sweet & Spicy Sauce 350g,,,6.70,,
Longdan,Ready Meal,Ready Meal,CJ BIBIGO Korean Style Sobaba Chicken (Soy & Honey) 250g,,,4.38,5.15,15% off
Longdan,Ready Meal,Ready Meal,CJ BIBIGO Mandu Tteokbokki Sweet & Spicy  242g,,,4.31,5.75,25% off
Longdan,Ready Meal,Ready Meal,CJ BIBIGO Plant-Based Crispy Corndog 240g (3pcs),,,4.51,5.30,15% off
Longdan,Ready Meal,Ready Meal,CJ BIBIGO Plant-Based Rice Ball Bibimbap 200g,,,4.05,,
Longdan,Ready Meal,Ready Meal,CJ BIBIGO Plant-Based Rice Ball Bibimbap 500g,,,7.85,,
Longdan,Ready Meal,Ready Meal,CJ BIBIGO Plant-Based Rice Ball Bulgogi 200g,,,4.05,,
Longdan,Ready Meal,Ready Meal,CJ BIBIGO Plant-Based Rice Ball Bulgogi 500g,,,7.85,,
Longdan,Ready Meal,Ready Meal,CJ BIBIGO Tokpokki Cup Sweet & Spicy 125g,,,3.05,,
Longdan,Ready Meal,Ready Meal,CJ BIBIGO Tokpokki Pouch Hot & Spicy 360g,,,5.65,,
Longdan,Ready Meal,Ready Meal,COOKTOK Ball Tteokbokki Hot & Sweet 108g,,,1.40,2.80,50% off
Longdan,Ready Meal,Ready Meal,COOKTOK Tteokbokki Original Hot & Sweet 135g,,,2.90,,
Longdan,Ready Meal,Ready Meal,COOKTOK Tteokbokki Spicy Jjajang 135g,,,2.90,,
Longdan,Ready Meal,Ready Meal,DELIEF Carbonara Hot Chicken Rabokki 180g,,,2.90,,
Longdan,Ready Meal,Ready Meal,DELIEF Hot Chicken Rabokki 165g,,,2.65,,
Longdan,Ready Meal,Ready Meal,DELIEF Rabokki Jjajang Flavor 165g,,,2.65,,
Longdan,Ready Meal,Ready Meal,DELIEF Rabokki Sweet and Spicy Flavor 165g,,,2.65,,
Longdan,Ready Meal,Ready Meal,DONGSEONG Sujebi - Hand-Torn Noodle Soup 1kg,,,7.15,,
Longdan,Ready Meal,Ready Meal,DONGWON Sweet Red Bean Porridge With Chestnut 285g,,,2.55,,
Longdan,Ready Meal,Ready Meal,DONGWON Yangban Black Rice 130g,,,1.65,,
Longdan,Ready Meal,Ready Meal,DONGWON Yangban Brown Rice 130g,,,1.65,,
Longdan,Ready Meal,Ready Meal,DONGWON Yangban White Rice 130g,,,1.65,,
Longdan,Ready Meal,Ready Meal,DS JONGGA Sliced Rice Cake 1KG,,,5.55,,
Longdan,Ready Meal,Ready Meal,DS JONGGA Sliced Rice Cake 500g,,,2.21,3.15,30% off
Longdan,Ready Meal,Ready Meal,DS JONGGA Stick Rice Cake 1KG,,,5.65,,
Longdan,Ready Meal,Ready Meal,DS JONGGA Stick Rice Cake 500g,,,2.21,3.15,30% off
Longdan,Ready Meal,Ready Meal,DS O'FOOD BBQ Tteokbokki 260g,,,4.55,,
Longdan,Ready Meal,Ready Meal,DS O'FOOD Garlic Tteokbokki 260g,,,4.55,,
Longdan,Ready Meal,Ready Meal,DS O'FOOD Korean Style Rice Bowl Bulgogi 350g,,,4.90,,
Longdan,Ready Meal,Ready Meal,DS O'FOOD Original Tteokbokki 260g,,,4.55,,
Longdan,Ready Meal,Ready Meal,DS O'FOOD Sweet Chili Tteokbokki 290g,,,4.55,,
Longdan,Ready Meal,Ready Meal,EB Crispy Battered Fried Shrimps 300g,,,7.50,,
Longdan,Ready Meal,Ready Meal,EB Fish Finger 500g,,,5.75,,
Longdan,Ready Meal,Ready Meal,EB Fish Sandwich 500g,,,6.90,,
Longdan,Ready Meal,Ready Meal,EB Fish and Yuba 300g,,,4.40,,
Longdan,Ready Meal,Ready Meal,EB Golden Fish Chip 500g,,,5.20,,
Longdan,Ready Meal,Ready Meal,EB Handmade Fried Fish Bean Curd 300g,,,5.75,,
Longdan,Ready Meal,Ready Meal,EB Imitation Shishamo 500g,,,6.90,,
Longdan,Ready Meal,Ready Meal,EB Korean Fish Strips 250g,,,3.25,,
Longdan,Ready Meal,Ready Meal,EB Prawn Paste Small Leaf 130g,,,4.40,,
Longdan,Ready Meal,Ready Meal,FIGO Steam boat 5 in 1 500g,,,7.05,,
Longdan,Ready Meal,Ready Meal,FIRST CHOICE Imitation Squid Roll Chikuwa 200g,,,3.15,,
Longdan,Ready Meal,Ready Meal,FRESHASIA WAN JIANG Beef Balls With Chicken Mince Filling 200g,,,4.00,,
Longdan,Ready Meal,Ready Meal,FRESHASIA WAN JIANG Fish Balls With Pork Mince Filling 200g,,,4.00,,
Longdan,Ready Meal,Ready Meal,FRESHASIA WAN JIANG Frozen Cooked Mixed Fish Ball Choice 5 in 1 500g,,,6.70,,
Longdan,Ready Meal,Ready Meal,FRESHASIA WAN JIANG Pork Balls With Chicken Filling 200g,,,4.00,,
Longdan,Ready Meal,Ready Meal,GUNGJUNBANG Ambient Sliced Rice Cake 500g,,,3.25,,
Longdan,Ready Meal,Ready Meal,GUNGJUNBANG Ambient Stick Rice Cake 500g,,,3.25,,
Longdan,Ready Meal,Ready Meal,Golden Lotus Multi-Shape Rice Cake 500g,,,3.00,,
Longdan,Ready Meal,Ready Meal,Golden Lotus Pandan Topokki   500g,,,3.00,,
Longdan,Ready Meal,Ready Meal,Golden Lotus Slice Rice Cake 500g,,,3.00,,
Longdan,Ready Meal,Ready Meal,Golden Lotus Stick Topokki  500g,,,3.00,,
Longdan,Ready Meal,Ready Meal,Golden Lotus Taro Topokki  500g,,,3.65,,
Longdan,Ready Meal,Ready Meal,Golden Lotus Traditional Rice Cake Sauce 500g,,,4.30,,
Longdan,Ready Meal,Ready Meal,HARUMI New Orleans Chicken Onigiri 100g,,,1.19,1.40,15% off
Longdan,Ready Meal,Ready Meal,HIKARI MISO Instant Fried Tofu 155.2g,,,3.60,,
Longdan,Ready Meal,Ready Meal,HIKARI MISO Instant Miso Less Salt 112g,,,3.15,,
Longdan,Ready Meal,Ready Meal,HIKARI MISO Instant Mix Awase 331g,,,5.14,6.05,15% off
Longdan,Ready Meal,Ready Meal,HIKARI MISO Instant Mix Less Salt 331g,,,6.05,,
Longdan,Ready Meal,Ready Meal,HIKARI MISO Instant Seaweed 156g,,,3.60,,
Longdan,Ready Meal,Ready Meal,HIKARI MISO Instant Soup Wakame (3pcs) 60g,,,1.49,1.75,15% off
Longdan,Ready Meal,Ready Meal,HIKARI MISO Instant Spring Onion 153.6g,,,3.60,,
Longdan,Ready Meal,Ready Meal,HIKARI MISO Instant Tofu 150.4g,,,3.60,,
Longdan,Ready Meal,Ready Meal,Hoa Nam Brioches / Banh Bao Nam Huong 600G,,,9.80,,
Longdan,Ready Meal,Ready Meal,Hoa Nam Pork Spring Roll / Cha Gio Heo 814G,,,12.10,,
Longdan,Ready Meal,Ready Meal,KIBUN Oden Set (Assorted Fish Cakes) 433G,,,13.55,,
Longdan,Ready Meal,Ready Meal,KIBUN Yasai Tsumire (Vegetable Fish Cake) 135g,,,2.90,,
Longdan,Ready Meal,Ready Meal,KIM SON Vietnamese Banh Mi With Featherback Fish Cake 160G,,,3.70,,
Longdan,Ready Meal,Ready Meal,KIM SON Vietnamese Banh Mi With Shrimp Cake 160G,,,4.05,,
Longdan,Ready Meal,Ready Meal,KITCHEN SEOUL Custard Cream Bungeoppang 300g,,,5.45,,
Longdan,Ready Meal,Ready Meal,KITCHEN SEOUL Fried Tofu Kimbap 230g,,,3.40,,
Longdan,Ready Meal,Ready Meal,KITCHEN SEOUL Japchae Mixed 300g,,,4.30,,
Longdan,Ready Meal,Ready Meal,KITCHEN SEOUL Korean Boneless Fried Chicken Sweet & Spicy 250g,,,5.55,,
Longdan,Ready Meal,Ready Meal,KITCHEN SEOUL Korean Boneless Fried Chicken Sweet Garlic 250g,,,5.55,,
Longdan,Ready Meal,Ready Meal,KITCHEN SEOUL Mushroom Japchae Kimbap 230g,,,3.40,,
Longdan,Ready Meal,Ready Meal,Kim Son  Glutinous Cake With Mung Beans 500g,,,3.65,,
Longdan,Ready Meal,Ready Meal,Kim Son  Seafood Net Spring Roll 500g,,,7.50,,
Longdan,Ready Meal,Ready Meal,Kim Son Baby Glutinous Cake 1kg,,,7.50,,
Longdan,Ready Meal,Ready Meal,Kim Son Banana Glutinous Roll 500g,,,4.60,,
Longdan,Ready Meal,Ready Meal,Kim Son Basa Fish in Sour Soup 500g,,,3.65,,
Longdan,Ready Meal,Ready Meal,Kim Son Featherback Fish Balls 200G,,,3.70,,
Longdan,Ready Meal,Ready Meal,Kim Son Featherback Fish Balls – Mixing Corn 200G,,,4.05,,
Longdan,Ready Meal,Ready Meal,Kim Son Fried Bread Stick 250g,,,2.55,,
Longdan,Ready Meal,Ready Meal,Kim Son Fried Featherback Fish Cake 200G,,,4.05,,
Longdan,Ready Meal,Ready Meal,Kim Son Fried Featherback Fish Cake With Dill 200G,,,3.70,,
Longdan,Ready Meal,Ready Meal,Kim Son Fried Tofu 200g,,,1.85,,
Longdan,Ready Meal,Ready Meal,Kim Son Frozen Mung Bean Glutinous Roll With Coconut 500g,,,4.25,,
Longdan,Ready Meal,Ready Meal,Kim Son Frozen Spring Roll Rice Paper 500g,,,4.85,,
Longdan,Ready Meal,Ready Meal,Kim Son Gai Leaf Sticky Rice Cake 500g,,,4.40,,
Longdan,Ready Meal,Ready Meal,Kim Son Glutinous Cake with Banana 1kg,,,7.50,,
Longdan,Ready Meal,Ready Meal,Kim Son Glutinous Cake with Mung Beans 1kg,,,6.90,,
Longdan,Ready Meal,Ready Meal,Kim Son Marinated Red Tilapia With Black Pepper 500G,,,6.80,,
Longdan,Ready Meal,Ready Meal,Kim Son Seafood Spring Roll 500g,,,7.50,,
Longdan,Ready Meal,Ready Meal,Kim Son Shrimp Balls 200G,,,3.70,,
Longdan,Ready Meal,Ready Meal,Kim Son Shrimp Paste 500G,,,8.40,,
Longdan,Ready Meal,Ready Meal,Kim Son Shrimp Spring Roll 500g,,,7.85,,
Longdan,Ready Meal,Ready Meal,Kim Son Sticky Rice Cake w Shredded Coconut 500g,,,4.60,,
Longdan,Ready Meal,Ready Meal,Kim Son Sticky Rice Cake with Mung Beans 500g,,,4.60,,
Longdan,Ready Meal,Ready Meal,Kim Son Tapioca Cake with Mung Bean 500g,,,4.60,,
Longdan,Ready Meal,Ready Meal,Kim Son Tom Yum Mixed 200g,,,1.75,,
Longdan,Ready Meal,Ready Meal,Kim Son Vegetarian Spring Roll 500g,,,5.20,,
Longdan,Ready Meal,Ready Meal,Kim Son Wheat Gluten 500g,,,4.25,,
Longdan,Ready Meal,Ready Meal,LUCKY RED Tempura Prawn 21/25 500g,,,7.50,,
Longdan,Ready Meal,Ready Meal,MADAME WONG Cuttlefish Ball 200g,,,3.05,,
Longdan,Ready Meal,Ready Meal,MADAME WONG Fried Fish Tofu 200g,,,3.35,,
Longdan,Ready Meal,Ready Meal,MARUKOME Instant Miso Premium Taste Fried Tofu (8pcs) 153g,,,2.76,3.45,20% off
Longdan,Ready Meal,Ready Meal,MARUKOME Instant Miso Premium Taste Tofu (8pcs) 152g,,,2.76,3.45,20% off
Longdan,Ready Meal,Ready Meal,MEI HUAN Fennel Fried Dough Sticks 260g,,,2.55,,
Longdan,Ready Meal,Ready Meal,MEI HUAN Fried Dough Sticks For Hot Pot 500g,,,4.60,,
Longdan,Ready Meal,Ready Meal,MEI HUAN Fried Dough Sticks With Rice Cake 500g,,,4.60,,
Longdan,Ready Meal,Ready Meal,MEI HUAN Fried Mini Dough Sticks For Hot Pot 500g,,,4.60,,
Longdan,Ready Meal,Ready Meal,MINATO SEIKA Kushi Dango 3 Colors 225g,,,4.45,,
Longdan,Ready Meal,Ready Meal,NATURAL COOK Mungbean & Potato Pancake 390g,,,5.22,7.45,30% off
Longdan,Ready Meal,Ready Meal,NATURAL COOK Spicy Potato Pancake 390g,,,7.45,,
Longdan,Ready Meal,Ready Meal,PORORO Sweet & Spicy Topokki 120g,,,2.65,,
Longdan,Ready Meal,Ready Meal,Pescatrade Calamari Rings In Crispy Batter 500G,,,4.20,,
Longdan,Ready Meal,Ready Meal,QQ Cuttlefish Ball 200g,,,3.45,,
Longdan,Ready Meal,Ready Meal,QQ Fish Ball 250g,,,3.70,,
Longdan,Ready Meal,Ready Meal,QQ Fried Fish Ball 250g,,,3.70,,
Longdan,Ready Meal,Ready Meal,QQ Fried Fish Cake 250g,,,3.70,,
Longdan,Ready Meal,Ready Meal,QQ Shrimp Flavored Ball 200g,,,3.45,,
Longdan,Ready Meal,Ready Meal,SPRING HOME Onion Roti Paratha 325g,,,1.90,,
Longdan,Ready Meal,Ready Meal,THE PLANTBASE STORE Vietnamese Banh Mi With Vegetarian Pork Roll 160G,,,3.70,,
Longdan,Ready Meal,Ready Meal,Tempeh Fermented Soybean 395g,,,2.45,,
Longdan,Ready Meal,Ready Meal,Vegetarian Square Glutinous Cake 500Gr,,,6.65,,
Longdan,Ready Meal,Ready Meal,YOPOKKI Carbonara Topokki Rice Cake 120g,,,1.95,2.60,25% off
Longdan,Ready Meal,Ready Meal,YOPOKKI Cheese Topokki Rice Cake 120g,,,1.95,2.60,25% off
Longdan,Ready Meal,Ready Meal,YOPOKKI Jjajang Topokki Rice Cake 120g,,,1.95,2.60,25% off
Longdan,Ready Meal,Ready Meal,YUTAKA Instant Miso Soup - Bonito 7.5g,,,1.30,,
Longdan,Rice,Rice,AROY-D Thai Glutinous Rice 5kg,,,13.80,,
Longdan,Rice,Rice,AROY-D Thai Hom Mali Jasmine Rice 5kg,,,11.50,,
Longdan,Rice,Rice,Aoyama Sushi Rice Short Grain 1kg,,,2.45,,
Longdan,Rice,Rice,Aoyama Sushi Rice Short Grain 2kg,,,4.60,,
Longdan,Rice,Rice,Aoyama Sushi Rice Short Grain 5kg,,,10.35,,
Longdan,Rice,Rice,Buffalo Saigon Fragrant Rice 1kg,,,2.45,,
Longdan,Rice,Rice,Golden Flower Glutinous Rice 2kg,,,6.30,,
Longdan,Rice,Rice,Golden Flower Glutinous Rice 5kg,,,14.40,,
Longdan,Rice,Rice,Golden Lotus Glutinous Rice 2kg,,,4.60,,
Longdan,Rice,Rice,Golden Lotus Glutinous Rice 5kg,,,10.35,,
Longdan,Rice,Rice,Golden Lotus Jasmine Rice 2kg,,,4.60,,
Longdan,Rice,Rice,Golden Lotus Jasmine Rice 5kg,,,10.35,,
Longdan,Rice,Rice,Golden Lotus Premium Jasmine Rice 2kg,,,4.60,,
Longdan,Rice,Rice,Golden Lotus Premium Jasmine Rice 5kg,,,10.35,,
Longdan,Rice,Rice,Long Grain Rice 2Kg,,,4.60,,
Longdan,Rice,Rice,Longdan Brown Glutinous Rice 1kg,,,3.30,,
Longdan,Rice,Rice,Longdan Golden Flower Glutinous Rice 1kg,,,3.30,,
Longdan,Rice,Rice,Longdan Jasmine Brown Rice 1kg,,,2.45,,
Longdan,Rice,Rice,Longdan Jasmine Brown Rice 5kg,,,10.35,,
Longdan,Rice,Rice,Longdan Jasmine Rice 2Kg,,,4.60,,
Longdan,Rice,Rice,Longdan Jasmine Rice 5kg,,,10.35,,
Longdan,Rice,Rice,Longdan Premium Jasmine Rice 2kg,,,6.05,,
Longdan,Rice,Rice,Longdan Premium Jasmine Rice 5kg,,,11.50,,
Longdan,Rice,Rice,Longdan Red Rice 1kg,,,3.30,,
Longdan,Rice,Rice,Longdan Red Rice 2kg,,,6.30,,
Longdan,Rice,Rice,Longdan Red Rice 5kg,,,14.40,,
Longdan,Rice,Rice,Longdan Royal Purple Rice 1kg,,,3.30,,
Longdan,Rice,Rice,Longdan Southern Black Glutinous Rice 1kg,,,4.30,,
Longdan,Rice,Rice,Longdan Sushi Rice 2Kg,,,4.60,,
Longdan,Rice,Rice,Longdan Sushi Rice 5kg,,,10.35,,
Longdan,Seafood,Seafood,BRASMAR Giant Squid Tentacles (800gnet) 1kg,,,10.35,,
Longdan,Seafood,Seafood,GOLD RIBBON IQF Korean Oyster Meat 30-45 (850gnet) 1kg,,,18.40,,
Longdan,Seafood,Seafood,KIM SON Sand Goby 500g,,,7.50,,
Longdan,Seafood,Seafood,Kim Son  Grass Carp Fillet  (Dace Fillet),,,10.35,,
Longdan,Seafood,Seafood,Kim Son Baby Crab 500g,,,7.50,,
Longdan,Seafood,Seafood,Kim Son Baby Cuttlefish 20/40 500g,,,8.05,,
Longdan,Seafood,Seafood,Kim Son Baby Cuttlefish 40/60 500g,,,8.05,,
Longdan,Seafood,Seafood,Kim Son Baby Octopus 20/40 500g,,,8.05,,
Longdan,Seafood,Seafood,Kim Son Baby Octopus 40/60 500g,,,8.05,,
Longdan,Seafood,Seafood,Kim Son Baby Shrimp 250g,,,2.90,,
Longdan,Seafood,Seafood,Kim Son Basa Slice  (Mekong Catfish) 500G,,,5.75,,
Longdan,Seafood,Seafood,Kim Son Basa Slice (Mekong Catfish) 1kg,,,9.20,,
Longdan,Seafood,Seafood,Kim Son Belt Fish Chunk 1kg,,,9.80,,
Longdan,Seafood,Seafood,Kim Son Black Tilapia 300-400g 2kg,,,14.40,,
Longdan,Seafood,Seafood,Kim Son Bullet Tuna 1kg,,,8.05,,
Longdan,Seafood,Seafood,Kim Son Capelin 500g,,,6.90,,
Longdan,Seafood,Seafood,Kim Son Climbing Perch 500g,,,4.85,,
Longdan,Seafood,Seafood,Kim Son Cooked Apple Snail Meat 500g,,,5.20,,
Longdan,Seafood,Seafood,Kim Son Cooked Yellow Clam 700-1000 500g,,,7.50,,
Longdan,Seafood,Seafood,Kim Son Ecuador PD IQF 31/40 450g net,,,8.05,,
Longdan,Seafood,Seafood,Kim Son Freshwater Crab 500g,,,5.75,,
Longdan,Seafood,Seafood,Kim Son Golden Threadfin 1kg,,,10.95,,
Longdan,Seafood,Seafood,Kim Son Gourami 500g,,,5.75,,
Longdan,Seafood,Seafood,Kim Son Grey Featherback Fish Paste 500g,,,8.65,,
Longdan,Seafood,Seafood,Kim Son Indian Mackerel 1Kg,,,8.05,,
Longdan,Seafood,Seafood,Kim Son King Fish Slice 1kg,,,16.10,,
Longdan,Seafood,Seafood,Kim Son Minced Crabs in Water 500g,,,6.35,,
Longdan,Seafood,Seafood,Kim Son Mud Fish Slice 500g,,,6.35,,
Longdan,Seafood,Seafood,Kim Son Pangasius Fillet 220 - 290 1kg,,,9.20,,
Longdan,Seafood,Seafood,Kim Son Red Big Eye Fish 1kg,,,9.80,,
Longdan,Seafood,Seafood,Kim Son Salted Mackerel Fish 100g,,,3.65,,
Longdan,Seafood,Seafood,Kim Son Seafood Mix 1kg,,,14.40,,
Longdan,Seafood,Seafood,Kim Son Seafood Mix 500g,,,8.05,,
Longdan,Seafood,Seafood,Kim Son Sillago Headless 500G,,,5.75,,
Longdan,Seafood,Seafood,Kim Son Spiny Goby (Keo Fish) 500g,,,9.80,,
Longdan,Seafood,Seafood,Kim Son Squid Tentacles  IQF 1kg,,,12.65,,
Longdan,Seafood,Seafood,Kim Son Squid Tentacles IQF 500g,,,6.90,,
Longdan,Seafood,Seafood,Kim Son Steamed Indian Mackerel 250G,,,3.20,,
Longdan,Seafood,Seafood,Kim Son Striped Bonito Slice 1kg,,,10.35,,
Longdan,Seafood,Seafood,Kim Son Swamp Eel Chunk 500g,,,12.65,,
Longdan,Seafood,Seafood,Kim Son Whole Cleaned Red Tail Tinfoil Barb 1kg,,,12.10,,
Longdan,Seafood,Seafood,Kim Son Whole Ground Gray Anchovy 500g,,,5.20,,
Longdan,Seafood,Seafood,Kim Son Whole Round Scad Galonggong 1Kg,,,8.05,,
Longdan,Seafood,Seafood,Kim Son Whole White Clam 1kg,,,8.65,,
Longdan,Seafood,Seafood,Kim Son Yellow Catfish 1Kg,,,7.50,,
Longdan,Seafood,Seafood,Kim Son Yellow Stripe Trevally 1kg,,,8.65,,
Longdan,Seafood,Seafood,Kimson Headless Anchovy 3-5cm 500g,,,5.20,,
Longdan,Seafood,Seafood,LONGHUI Dried Baby Shrimp 1kg,,,17.25,,
Longdan,Seafood,Seafood,LONGHUI Dried Baby Shrimp 250g,,,4.60,,
Longdan,Seafood,Seafood,LONGHUI Dried Shrimp 6A 100g,,,4.42,5.20,15% off
Longdan,Seafood,Seafood,LONGHUI Dried Shrimp 6A 500g,,,23.00,,
Longdan,Seafood,Seafood,LONGHUI Dried Shrimp 7A 100g,,,5.75,,
Longdan,Seafood,Seafood,LONGHUI Dried Shrimp 7A 200g,,,11.30,,
Longdan,Seafood,Seafood,LONGHUI Premium Dried Shrimp 200g,,,11.26,13.25,15% off
Longdan,Seafood,Seafood,Royal Calamari Baby Squid 454g,,,5.75,,
Longdan,Seafood,Seafood,SEAGEM IQF Squid Tubes U5 (700gnet) 1kg,,,7.50,,
Longdan,Seafood,Seafood,White River Ecuador Block P&D 26/30 900g net,,,15.30,,
Longdan,Seafood,Seafood,White River Ecuador HLSO 31/40 1kg net,,,13.80,,
Longdan,Seafood,Seafood,YUTAKA Masago Orange - Seasoned Capelin Fish Roe 500g,,,19.55,,
Longdan,Snacks,Snacks,BOY BAWANG Cornick - Hot Garlic 90g,,,1.50,,
Longdan,Snacks,Snacks,CALBEE Prawn Crackers Spicy 90g,,,2.25,,
Longdan,Snacks,Snacks,CHICK BOY Fish Crackers - Hot & Spicy 100g,,,2.05,,
Longdan,Snacks,Snacks,CHICKBOY Fish Crackers Salt & Vinegar 100g,,,2.05,,
Longdan,Snacks,Snacks,CJ BIBIGO Crispy Seaweed Snacks BBQ Flavour (3pcs) 15g,,,2.10,,
Longdan,Snacks,Snacks,CJ BIBIGO Crispy Seaweed Snacks Wasabi Flavour (3pcs) 15g,,,2.10,,
Longdan,Snacks,Snacks,CJ BIBIGO Seasoned Seaweed Flake 50g,,,3.45,,
Longdan,Snacks,Snacks,CJ BIBIGO Seasoned Sesame Seaweed Snacks (4pcs) 80g,,,5.75,,
Longdan,Snacks,Snacks,CJ BIBIGO Seasoned Sesame Seaweed Snacks (8pcs) 40g,,,6.00,,
Longdan,Snacks,Snacks,CJ BIBIGO Snack Gim Fried Original 40g,,,2.50,,
Longdan,Snacks,Snacks,DONGWON Double Crispy Laver (9pcs) 45g,,,5.20,,
Longdan,Snacks,Snacks,DONGWON Halal Seasoned Laver with Olive Oil (3pcs) 13.5g,,,1.58,2.10,25% off
Longdan,Snacks,Snacks,DONGWON Roasted Laver With Sesame Oil (9pcs) 40.5g,,,5.20,,
Longdan,Snacks,Snacks,DONGWON Seasoned Laver with Sesame Oil  (3pcs) 60g,,,5.20,,
Longdan,Snacks,Snacks,DS O'FOOD Seaweed Chip Original 35g,,,2.38,2.80,15% off
Longdan,Snacks,Snacks,FOOD KING Korean Rice Snack 200g,,,3.15,,
Longdan,Snacks,Snacks,GANYUAN Green Pea - Original Flavor 75g,,,1.30,,
Longdan,Snacks,Snacks,GOLDEN LOTUS Banana Chips 250g,,,2.55,,
Longdan,Snacks,Snacks,GOLDEN LOTUS Crispy Roasted Waxy Corn 175g,,,2.90,,
Longdan,Snacks,Snacks,GWANGCHEON Crispy Seaweed Snacks Kimchi Flavour (3pcs) 12g,,,2.10,,
Longdan,Snacks,Snacks,GWANGCHEON Crispy Seaweed Snacks Wasabi Flavour (3pcs) 12g,,,2.10,,
Longdan,Snacks,Snacks,HAEDAMSOL Seaweed Flake Stick 7pcs 70g,,,3.00,,
Longdan,Snacks,Snacks,HAO BA SHI Dried Beancurd - Hot 95g,,,1.15,,
Longdan,Snacks,Snacks,HONHM Crispy Seaweed with BBQ Flavor 16g,,,1.85,,
Longdan,Snacks,Snacks,HONHM Crispy Seaweed with Original Flavor 16g,,,1.85,,
Longdan,Snacks,Snacks,JOYTOFU Vegetarian Meat Barbecue 112g,,,2.60,,
Longdan,Snacks,Snacks,KANGKONG KING Crispy Spinach Chips - Original Flv 60g,,,4.85,,
Longdan,Snacks,Snacks,KANGKONG KING Crispy Spinach Chips - Plain Flv 60g,,,4.85,,
Longdan,Snacks,Snacks,KANGKONG KING Crispy Spinach Chips - Sinigang Flv 60g,,,4.85,,
Longdan,Snacks,Snacks,KANGKONG KING Crispy Spinach Chips - Spicy Flv 60g,,,4.85,,
Longdan,Snacks,Snacks,KARI KARI Rice Crackers & Peanuts Chilli Garlic 20g,,,0.60,,
Longdan,Snacks,Snacks,KARI KARI Rice Crackers & Peanuts Sesame Soy 20g,,,0.60,,
Longdan,Snacks,Snacks,KARI KARI Rice Crackers & Peanuts Wasabi 20g,,,0.60,,
Longdan,Snacks,Snacks,KIM&KIM Seasoned Laver Chops 35g,,,1.75,,
Longdan,Snacks,Snacks,KUKJAE Banana Ball Snack 70g,,,2.00,,
Longdan,Snacks,Snacks,LADYBIRD Fish Fillet Chilli 42.5g,,,1.60,,
Longdan,Snacks,Snacks,LAY'S Crisps - Crispy Chicken Wing Flavor 70g,,,2.30,,
Longdan,Snacks,Snacks,LAY'S Crisps - Italian Stewed Flavour 70g,,,2.30,,
Longdan,Snacks,Snacks,LAY'S Crisps - Mexico Tomato Chicken Flavour 70g,,,2.80,,
Longdan,Snacks,Snacks,LAY'S Crisps - Spicy Lobster Flavour 70g,,,2.30,,
Longdan,Snacks,Snacks,LAY'S Crisps - Texas BBQ Flavour 70g,,,2.30,,
Longdan,Snacks,Snacks,LAY'S Potato Chips Tomato 90g,,,2.80,,
Longdan,Snacks,Snacks,Lay's Potato Chips Lime 90g,,,2.80,,
Longdan,Snacks,Snacks,LiangHao- Roasted Seaweed(Original) 36g,,,3.95,,
Longdan,Snacks,Snacks,LiangHao- Roasted Seaweed(Salt&pepper) 36g,,,3.95,,
Longdan,Snacks,Snacks,MAMASIA Scorched Rice With Dried Shrimps 130g,,,3.35,,
Longdan,Snacks,Snacks,MAMASIA Scorched Rice With Seaweed 120g,,,3.35,,
Longdan,Snacks,Snacks,MATSARANG Sweet Seaweed Snack 150g,,,3.45,,
Longdan,Snacks,Snacks,MUSH GARDEN Garlic 56.7g,,,2.65,,
Longdan,Snacks,Snacks,MUSH GARDEN Okra 42.5g,,,2.10,,
Longdan,Snacks,Snacks,MUSH GARDEN Shiitake Mushroom Original 90g,,,2.65,,
Longdan,Snacks,Snacks,MUSH GARDEN Shiitake Mushroom Sea Salt 90g,,,2.65,,
Longdan,Snacks,Snacks,MUSH GARDEN Shiitake Mushroom Spicy 90g,,,2.65,,
Longdan,Snacks,Snacks,MUSH GARDEN Shiitake Mushroom Wasabi 90g,,,2.65,,
Longdan,Snacks,Snacks,NONGSHIM Onion Rings Hot&Spicy 40g,,,2.15,,
Longdan,Snacks,Snacks,OCHO BALL Crunchy Cinnamon Churros Balls 50g,,,1.40,,
Longdan,Snacks,Snacks,OCHO BALL Crunchy Garlic Balls 50g,,,1.40,,
Longdan,Snacks,Snacks,OCHO BALL Crunchy Spicy Balls 50g,,,1.40,,
Longdan,Snacks,Snacks,OISHI Prawn Crackers Spicy 60g,,,1.30,,
Longdan,Snacks,Snacks,OISHI Prawn Crackers Sweet & Extra Hot Flavor 60g,,,1.30,,
Longdan,Snacks,Snacks,ORION Corn Chips - Corn Soup Flavour 65g,,,1.85,,
Longdan,Snacks,Snacks,ORION Fried Chips - Kimchi 70g,,,2.30,,
Longdan,Snacks,Snacks,Oishi Kirei Yummy Flakes 45g,,,1.30,,
Longdan,Snacks,Snacks,Oishi Marty's Cracklin Salt & Vinegar 90g,,,2.00,,
Longdan,Snacks,Snacks,Oishi Marty's Cracklin Spicy 90g,,,2.00,,
Longdan,Snacks,Snacks,Oishi Marty's Cracklin' Plain Salted 90g,,,2.00,,
Longdan,Snacks,Snacks,Oishi Potato Fries Barbecue 50g,,,1.30,,
Longdan,Snacks,Snacks,Oishi Potato Fries Ketchup Flavor 50g,,,1.30,,
Longdan,Snacks,Snacks,Oishi Potato Fries Plain Salted 50g,,,1.30,,
Longdan,Snacks,Snacks,Oishi Prawn Crackers 60G,,,1.30,,
Longdan,Snacks,Snacks,Oishi Ribbed Cracklings Salt & Vinegar 50g,,,1.30,,
Longdan,Snacks,Snacks,ROLL N' ROLL Snack Shrimp Spring Rolls (Spicy) 75g,,,2.80,,
Longdan,Snacks,Snacks,ROLL N' ROLL Snack Shrimp Spring Rolls 75g,,,2.80,,
Longdan,Snacks,Snacks,ROLL N' ROLL Vegetable Spring Rolls 75g,,,2.80,,
Longdan,Snacks,Snacks,Regent Tempura Chips 100g,,,1.65,,
Longdan,Snacks,Snacks,SAMLIP Crispy Seaweed Snacks Wasabi Flavour (3pcs) 12g,,,2.10,,
Longdan,Snacks,Snacks,TAEPOONG Laver Flakes Kimchi Flavour 20g,,,1.15,,
Longdan,Snacks,Snacks,TAEPOONG Laver Flakes Original Flavour 20g,,,1.15,,
Longdan,Snacks,Snacks,TAEPOONG Laver Flakes Original Flavour 50g,,,2.25,2.65,15% off
Longdan,Snacks,Snacks,TAEPOONG Seasoned Seaweed Original 25g,,,1.85,,
Longdan,Snacks,Snacks,TAOKAENOI Crispy Seaweed - Tom Yum Goong 32g,,,2.80,,
Longdan,Snacks,Snacks,YOUNGER FARM Mini Rice Cracker - Devil Spicy Flavour 60g,,,1.31,1.75,25% off
Longdan,Snacks,Snacks,YOUNGER FARM Mini Rice Cracker - Double Cheese Flavour 60g,,,1.31,1.75,25% off
Longdan,Snacks,Snacks,YOUNGER FARM Mini Rice Cracker - Sour Cream Flavour 60g,,,1.31,1.75,25% off
Longdan,Snacks,Snacks,YOUNGER FARM Mini Rice Cracker - Trufle Mushroom Flavour 60g,,,1.31,1.75,25% off
Longdan,Snacks,Snacks,YOUNGER FARM Mini Rice Cracker - Waguy Steak Flavour 60g,,,1.31,1.75,25% off
Longdan,Snacks,Snacks,ZANMANG Loppy Chili Lime Topokki Snack 80g,,,1.75,,
Longdan,Stock & Pastes,Stock & Pastes,AROY-D Chilli Paste with Soya Bean Oil (Tub) 520g,,,3.74,4.40,15% off
Longdan,Stock & Pastes,Stock & Pastes,AROY-D Concentrate Cooking Tamarind 454g,,,2.75,,
Longdan,Stock & Pastes,Stock & Pastes,AROY-D Green Curry Paste 400g,,,2.85,,
Longdan,Stock & Pastes,Stock & Pastes,AROY-D Massaman Curry 250ml,,,1.45,1.70,15% off
Longdan,Stock & Pastes,Stock & Pastes,AROY-D Massaman Curry Paste 400g,,,2.85,,
Longdan,Stock & Pastes,Stock & Pastes,AROY-D Panang Curry Paste 400g,,,2.85,,
Longdan,Stock & Pastes,Stock & Pastes,AROY-D Red Curry Paste 400g,,,2.85,,
Longdan,Stock & Pastes,Stock & Pastes,AROY-D Tom Kha Paste 400g,,,2.85,,
Longdan,Stock & Pastes,Stock & Pastes,AROY-D Tom Yum Paste 400g,,,2.85,,
Longdan,Stock & Pastes,Stock & Pastes,AROY-D Yellow Curry Paste 400g,,,2.85,,
Longdan,Stock & Pastes,Stock & Pastes,B-BRAND Wasabi Paste 43g,,,1.30,,
Longdan,Stock & Pastes,Stock & Pastes,CHUAN LAO HUI Hot Bean Paste 500g,,,2.45,,
Longdan,Stock & Pastes,Stock & Pastes,CJ BAEKSUL Dark Brown Sugar 1kg,,,4.05,,
Longdan,Stock & Pastes,Stock & Pastes,CJ BIBIGO Red Pepper Paste 500g,,,4.95,,
Longdan,Stock & Pastes,Stock & Pastes,CJ BIBIGO Seasoned Soybean Paste 500g,,,3.35,,
Longdan,Stock & Pastes,Stock & Pastes,CJ HAECHANDLE Gochujang Red Pepper Paste 1kg,,,8.65,,
Longdan,Stock & Pastes,Stock & Pastes,CJ HAECHANDLE Gochujang Red Pepper Paste 500g,,,4.95,,
Longdan,Stock & Pastes,Stock & Pastes,CJ HAECHANDLE Hot Red Peppe Paste (Spicy) 1kg,,,8.65,,
Longdan,Stock & Pastes,Stock & Pastes,CJ HAECHANDLE Red Pepper Paste Spicy 500g,,,4.95,,
Longdan,Stock & Pastes,Stock & Pastes,CJ HAECHANDLE Red Pepper Paste(Gold) 200G,,,2.20,,
Longdan,Stock & Pastes,Stock & Pastes,CJ HAECHANDLE Soy Bean Paste Alchan 500g,,,3.60,,
Longdan,Stock & Pastes,Stock & Pastes,DOLLEE Chicken Curry Paste 200g,,,2.25,,
Longdan,Stock & Pastes,Stock & Pastes,DS CJO Black Bean Paste 250g,,,2.10,,
Longdan,Stock & Pastes,Stock & Pastes,DS CJO Hot Pepper Bean Paste 1kg,,,8.65,,
Longdan,Stock & Pastes,Stock & Pastes,DS CJO Soy Bean Paste 500g,,,3.60,,
Longdan,Stock & Pastes,Stock & Pastes,DS Gochujang Red Pepper Paste 170g,,,1.91,2.25,15% off
Longdan,Stock & Pastes,Stock & Pastes,DS O'FOOD Brown Red Pepper Paste 500g,,,4.21,4.95,15% off
Longdan,Stock & Pastes,Stock & Pastes,DS O'FOOD Gochujang Sweet & Spciy Sauce 300g,,,3.40,,
Longdan,Stock & Pastes,Stock & Pastes,DS O'FOOD Gochujang Tteokbokki Sauce 120g,,,2.10,,
Longdan,Stock & Pastes,Stock & Pastes,DS O'FOOD Gochujang Tteokbokki Sauce 300g,,,3.40,,
Longdan,Stock & Pastes,Stock & Pastes,DS O'FOOD Kimchi Jjigae Sauce 120g,,,2.20,,
Longdan,Stock & Pastes,Stock & Pastes,DS O'FOOD Mild Ssamjang Seasoned Soybean Paste 170g,,,1.75,,
Longdan,Stock & Pastes,Stock & Pastes,DS O'FOOD Sundubu jigae sauce 140g,,,2.10,,
Longdan,Stock & Pastes,Stock & Pastes,EBARA Instant Hot Pot Soup Kimchi (6pcs) 138g,,,4.05,,
Longdan,Stock & Pastes,Stock & Pastes,EBARA Instant Hot Pot Soup Yosenabe (6 pcs) 138g,,,4.05,,
Longdan,Stock & Pastes,Stock & Pastes,FATHAI Hot Pot Soup Concentrated - Japanese Sukiyaki 200ml,,,3.40,,
Longdan,Stock & Pastes,Stock & Pastes,FATHAI Hot Pot Soup Concentrated - Korean Kimchi 160ml,,,3.20,,
Longdan,Stock & Pastes,Stock & Pastes,FATHAI Hot Pot Soup Concentrated - Mala 150ml,,,3.40,,
Longdan,Stock & Pastes,Stock & Pastes,FATHAI Hot Pot Soup Concentrated - Thai Jaew Hon 170ml,,,3.40,,
Longdan,Stock & Pastes,Stock & Pastes,HAORENJIA Handmade Hot Pot Base (Mini Cube) 200g,,,4.15,,
Longdan,Stock & Pastes,Stock & Pastes,HARUMI Sesame Paste 200g,,,2.75,,
Longdan,Stock & Pastes,Stock & Pastes,HIKARI MISO Aged Red 300g,,,4.20,,
Longdan,Stock & Pastes,Stock & Pastes,HIKARI MISO Dashi Flavor 300g,,,4.40,,
Longdan,Stock & Pastes,Stock & Pastes,HIKARI MISO Mutenka Enjuku Koji Miso 750g,,,6.38,7.50,15% off
Longdan,Stock & Pastes,Stock & Pastes,HIKARI MISO Mutenka Enjuku Koji Miso Less Salt 750g,,,6.38,7.50,15% off
Longdan,Stock & Pastes,Stock & Pastes,HIKARI MISO Shinshu Miso Paste Red 400g,,,3.20,,
Longdan,Stock & Pastes,Stock & Pastes,HIKARI MISO Shinshu Miso Paste White 400g,,,3.20,,
Longdan,Stock & Pastes,Stock & Pastes,Hanyu Food - Sweet Flour Paste 230g,,,3.35,,
Longdan,Stock & Pastes,Stock & Pastes,Hung Tuan Braised Chicken Soup 100g,,,3.45,,
Longdan,Stock & Pastes,Stock & Pastes,KIKKOMAN Stir Fry Sauce 250ml,,,4.55,,
Longdan,Stock & Pastes,Stock & Pastes,KOEPOE Butterfly Essence Paste - Ube 60ml,,,1.40,,
Longdan,Stock & Pastes,Stock & Pastes,Kong Yen-Mirin 500ml,,,5.55,,
Longdan,Stock & Pastes,Stock & Pastes,Kong Yen-Sushi Vinegar 600ml,,,5.20,,
Longdan,Stock & Pastes,Stock & Pastes,LOBO Nam Ya Curry Paste 60g,,,1.25,,
Longdan,Stock & Pastes,Stock & Pastes,LOBO Red Curry Paste 50g,,,1.05,,
Longdan,Stock & Pastes,Stock & Pastes,LOBO Tom Yum Paste 30g,,,1.30,,
Longdan,Stock & Pastes,Stock & Pastes,Longdan Assorted Tapioca Stick 100g,,,1.05,,
Longdan,Stock & Pastes,Stock & Pastes,Longdan Rice Vinegar Hanoi Style 500ml,,,1.85,,
Longdan,Stock & Pastes,Stock & Pastes,Longdan Turmeric Powder 100g,,,1.40,,
Longdan,Stock & Pastes,Stock & Pastes,MAE PLOY Green Curry Paste 400g,,,3.05,,
Longdan,Stock & Pastes,Stock & Pastes,MAE PLOY Massaman Curry Paste 400g,,,3.05,,
Longdan,Stock & Pastes,Stock & Pastes,MAE PLOY Panang Curry Paste 400g,,,3.05,,
Longdan,Stock & Pastes,Stock & Pastes,MAE PLOY Tom Yum Curry Paste 400g,,,3.05,,
Longdan,Stock & Pastes,Stock & Pastes,MAE PLOY Vegetarian Red Curry Paste 400g,,,3.05,,
Longdan,Stock & Pastes,Stock & Pastes,MAE PLOY Vegetarian Tom Yum Curry Paste 400g,,,3.05,,
Longdan,Stock & Pastes,Stock & Pastes,MARUTOMO Shin Katsuo Dashi No Moto (Tuna Soup Base) 1kg,,,14.40,,
Longdan,Stock & Pastes,Stock & Pastes,NINBEN Gold Tsuyu For Soba  300ml,,,4.60,,
Longdan,Stock & Pastes,Stock & Pastes,Ngoc Lien Pickled Rice - Me chua 480g,,,3.80,,
Longdan,Stock & Pastes,Stock & Pastes,OTAFUKU Ramen Soup Base - Miso Flavor 340g,,,6.50,,
Longdan,Stock & Pastes,Stock & Pastes,OTAFUKU Ramen Soup Base - Shoyu Flavor 350g,,,6.50,,
Longdan,Stock & Pastes,Stock & Pastes,OTAFUKU Ramen Soup Base - Tonkotsu Flavor 340g,,,6.50,,
Longdan,Stock & Pastes,Stock & Pastes,POR KWAN Concentrate Cooking Tamarind 454g,,,2.75,,
Longdan,Stock & Pastes,Stock & Pastes,POR KWAN Hot & Sour Tom Yum Paste 225g,,,2.15,,
Longdan,Stock & Pastes,Stock & Pastes,POR KWAN Instant Concentrate Soup Base Chicken 225g,,,1.72,2.15,20% off
Longdan,Stock & Pastes,Stock & Pastes,POR KWAN Spicy Stewed Beef 225g,,,2.04,2.55,20% off
Longdan,Stock & Pastes,Stock & Pastes,S&B Golden Curry Sauce Mix Med-Hot 220g,,,5.30,,
Longdan,Stock & Pastes,Stock & Pastes,S&B Golden Curry Sauce Mix Mild 220G,,,5.30,,
Longdan,Stock & Pastes,Stock & Pastes,SHIMAYA Dashi No Moto 100g,,,2.30,,
Longdan,Stock & Pastes,Stock & Pastes,SHIMAYA Dashi No Moto Seasoning 50G,,,1.50,,
Longdan,Stock & Pastes,Stock & Pastes,SHIMAYA Konbu Dashi 56g,,,1.75,,
Longdan,Stock & Pastes,Stock & Pastes,TOTOLE Chicken Bouillon 250g,,,4.15,,
Longdan,Stock & Pastes,Stock & Pastes,Vianco Pho Noodle Soup Base 18g,,,0.65,,
Longdan,Stock & Pastes,Stock & Pastes,Vianco Pho Vegetarian Noodle Soup 210gr,,,1.85,,
Longdan,Stock & Pastes,Stock & Pastes,Vianco “Pho” Beef Soup Concentrate 210g,,,1.85,,
Longdan,Stock & Pastes,Stock & Pastes,Vianco “Pho” Chicken Soup Concentrate 210g,,,1.85,,
Longdan,Stock & Pastes,Stock & Pastes,WANG ZHI HE Fermented Rose Bean Curd 340g,,,3.25,,
Longdan,Stock & Pastes,Stock & Pastes,WANG ZHI HE Sesame Paste 225g,,,2.45,,
Longdan,Stock & Pastes,Stock & Pastes,WANG ZHI HE Sesame Paste with Peanut Butter 225g,,,2.55,,
Longdan,Stock & Pastes,Stock & Pastes,WanJaShan Premium Rice Vinegar 600ml,,,4.05,,
Longdan,Stock & Pastes,Stock & Pastes,YAMAGEN Junsei Komekoji Rice Miso (Smooth Paste) 1kg,,,5.61,6.60,15% off
Longdan,Stock & Pastes,Stock & Pastes,YAMAGEN Junsei Komekoji Rice Miso (Whole Grain) 1kg,,,5.61,6.60,15% off
Longdan,Stock & Pastes,Stock & Pastes,YAMAGEN Kabayaki Grilled Eel Sauce 350ml,,,3.53,4.15,15% off
Longdan,Stock & Pastes,Stock & Pastes,YAMAGEN Komekoji Rice Miso (Whole Grain) 550g,,,3.44,4.05,15% off
Longdan,Stock & Pastes,Stock & Pastes,YAMAGEN Okesikomi Red Miso 500g,,,4.34,5.10,15% off
Longdan,Stock & Pastes,Stock & Pastes,YAMAGEN Shiitake and Kombu Soup Base 300ml,,,3.15,3.70,15% off
Longdan,Tea & Coffee,Tea & Coffee,CHATRAMUE Black Tea 200g,,,5.60,,
Longdan,Tea & Coffee,Tea & Coffee,CHATRAMUE Canned Green Tea Mix - Green (50 sachets) 125g,,,6.85,,
Longdan,Tea & Coffee,Tea & Coffee,CHATRAMUE Canned Thai Tea Mix - Extra Gold (50 sachets) 125g,,,6.85,,
Longdan,Tea & Coffee,Tea & Coffee,CHATRAMUE Canned Thai Tea Mix - Red (50 sachets) 200g,,,6.85,,
Longdan,Tea & Coffee,Tea & Coffee,CHATRAMUE Thai Tea Mix (Extra Gold) 400g,,,7.50,,
Longdan,Tea & Coffee,Tea & Coffee,CHATRAMUE Thai Tea Mix 400g,,,6.35,,
Longdan,Tea & Coffee,Tea & Coffee,DANONGWON Daily Kombucha Pineapple 10 Sticks 50g,,,3.70,,
Longdan,Tea & Coffee,Tea & Coffee,DANONGWON Daily Kombucha Shine Muscat 10 Sticks 50g,,,3.70,,
Longdan,Tea & Coffee,Tea & Coffee,Green Tea With Pandan Leaf Flavour 350g,,,4.75,,
Longdan,Tea & Coffee,Tea & Coffee,HANKOOK TEA Hojicha Mix Stick 120g,,,4.85,,
Longdan,Tea & Coffee,Tea & Coffee,JEJU JAYEON Jeju Citron Tea Stick 10T 250g,,,3.36,3.95,15% off
Longdan,Tea & Coffee,Tea & Coffee,JEJU JAYEON Jeju Hallabong Tea Stick 10T 250g,,,3.36,3.95,15% off
Longdan,Tea & Coffee,Tea & Coffee,KOPIKO Brown Coffee Mix 10 Sachets 300g,,,3.80,,
Longdan,Tea & Coffee,Tea & Coffee,KOPIKO Lucky Day 180ml,,,1.45,,
Longdan,Tea & Coffee,Tea & Coffee,LD Flower Tea/Tra Tan Long Chau 100g,,,10.35,,
Longdan,Tea & Coffee,Tea & Coffee,Longdan Chrysanthemum Tea 100g,,,4.30,,
Longdan,Tea & Coffee,Tea & Coffee,Longdan Thai Nguyen Special Green Tea 500g,,,10.35,,
Longdan,Tea & Coffee,Tea & Coffee,MEETU Black Coffee Mixture Bags Kopi O 100g,,,3.45,,
Longdan,Tea & Coffee,Tea & Coffee,MEETU Black White Coffee 4in1 600g,,,6.90,,
Longdan,Tea & Coffee,Tea & Coffee,MEETU Blue Mountain Blend Coffee 160g,,,3.45,,
Longdan,Tea & Coffee,Tea & Coffee,MEETU Durian White Coffee 4in1 300g,,,5.75,,
Longdan,Tea & Coffee,Tea & Coffee,MEETU Primium Classic Coffee 3in1 400g,,,5.75,,
Longdan,Tea & Coffee,Tea & Coffee,MEETU Primium White Coffee 3in1 400g,,,5.75,,
Longdan,Tea & Coffee,Tea & Coffee,MEETU Primium White Milk Tea 3in1 400g,,,5.75,,
Longdan,Tea & Coffee,Tea & Coffee,MEETU Rock Salt Himalayasan Coffee 160g,,,3.45,,
Longdan,Tea & Coffee,Tea & Coffee,MEETU White Coffee 3in1 600g,,,6.90,,
Longdan,Tea & Coffee,Tea & Coffee,MEETU White Coffee N Creamer 2in1 375g,,,6.90,,
Longdan,Tea & Coffee,Tea & Coffee,MEETU White Coffee Tongkat Ali Ginseng 5in1 560g,,,9.20,,
Longdan,Tea & Coffee,Tea & Coffee,MEETU White Milk Tea 3in1 480g,,,6.90,,
Longdan,Tea & Coffee,Tea & Coffee,NESCAFE BLEND & BREW Espresso (27 sachets) 407.7g,,,9.00,,
Longdan,Tea & Coffee,Tea & Coffee,NESCAFE BLEND & BREW Rich Aroma (27 sachets) 432g,,,9.00,,
Longdan,Tea & Coffee,Tea & Coffee,NOKCHAWON Earl Grey & Peach Ade 180g,,,4.05,,
Longdan,Tea & Coffee,Tea & Coffee,OLONG Black Tea 1kg,,,16.10,,
Longdan,Tea & Coffee,Tea & Coffee,OLONG Green Tea 100g,,,3.45,,
Longdan,Tea & Coffee,Tea & Coffee,OLONG Jasmine Green Tea 100g,,,3.80,,
Longdan,Tea & Coffee,Tea & Coffee,OLONG Jasmine Tea 1kg,,,20.70,,
Longdan,Tea & Coffee,Tea & Coffee,OLONG Lotus Green Tea 100g,,,3.80,,
Longdan,Tea & Coffee,Tea & Coffee,OLONG Olong Tea 1kg,,,23.00,,
Longdan,Tea & Coffee,Tea & Coffee,OTSUKA Funmatsu Sencha Powder 50g,,,4.85,,
Longdan,Tea & Coffee,Tea & Coffee,OTSUKA Shizuoka Matcha (Tin) 30g,,,2.88,5.75,50% off
Longdan,Tea & Coffee,Tea & Coffee,OTSUKA Super Sencha Green Tea 100g,,,8.50,,
Longdan,Tea & Coffee,Tea & Coffee,Trung Nguyen G7 Pure Black Coffee 30g (2gx15),,,2.20,,
Longdan,Tea & Coffee,Tea & Coffee,Trung Nguyen House Blend 500g,,,7.50,,
Longdan,Tea & Coffee,Tea & Coffee,Trung Nguyen Legend Cappuccino Hazelnut Instant Coffee 216g,,,5.20,,
Longdan,The Plantbase Store,The Plantbase Store,DOUHANGJIA Golden Beans Slices 150g,,,3.25,,
Longdan,The Plantbase Store,The Plantbase Store,DOUHANGJIA Seaweed Bean Curd Roll 180g,,,4.30,,
Longdan,The Plantbase Store,The Plantbase Store,EVERBEST Vegetarian 5 Spices Ball 500g,,,5.75,,
Longdan,The Plantbase Store,The Plantbase Store,EVERBEST Vegetarian Chicken Meat 500g,,,5.75,,
Longdan,The Plantbase Store,The Plantbase Store,EVERBEST Vegetarian Drumstick 280g,,,4.40,,
Longdan,The Plantbase Store,The Plantbase Store,EVERBEST Vegetarian Dumplings 210g,,,3.80,,
Longdan,The Plantbase Store,The Plantbase Store,EVERBEST Vegetarian Fish Ball 500g,,,5.20,,
Longdan,The Plantbase Store,The Plantbase Store,EVERBEST Vegetarian Hong Kong BBQ Meat 500g,,,5.75,,
Longdan,The Plantbase Store,The Plantbase Store,EVERBEST Vegetarian Ku Loh Meat 500g,,,5.75,,
Longdan,The Plantbase Store,The Plantbase Store,EVERBEST Vegetarian Layer Meat 500g,,,5.75,,
Longdan,The Plantbase Store,The Plantbase Store,EVERBEST Vegetarian Mock Duck 500g,,,5.75,,
Longdan,The Plantbase Store,The Plantbase Store,EVERBEST Vegetarian Nuggets 450g,,,5.75,,
Longdan,The Plantbase Store,The Plantbase Store,EVERBEST Vegetarian Seafood Bean Curd 500g,,,5.75,,
Longdan,The Plantbase Store,The Plantbase Store,EVERBEST Vegetarian Seafood Tofu 500g,,,5.20,,
Longdan,The Plantbase Store,The Plantbase Store,EVERBEST Vegetarian Siew Mai 250g,,,4.40,,
Longdan,The Plantbase Store,The Plantbase Store,EVERBEST Vegetarian Spiced Duck 250g,,,3.80,,
Longdan,The Plantbase Store,The Plantbase Store,EVERBEST Vegetarian Spring Roll 450g,,,5.75,,
Longdan,The Plantbase Store,The Plantbase Store,EVERBEST Vegetarian Stewed Lamb Chunk 500g,,,5.20,,
Longdan,The Plantbase Store,The Plantbase Store,EVERBEST Vegetarian Vietnam Spring Roll 330g,,,4.40,,
Longdan,The Plantbase Store,The Plantbase Store,HOSHAY Plantbased Teriyaki Unagi  200g,,,4.40,,
Longdan,The Plantbase Store,The Plantbase Store,Hoya Vegan Jerky- Chipotle Flavour 50g,,,2.00,,
Longdan,The Plantbase Store,The Plantbase Store,Hoya Vegan Jerky- Classic Black Pepper Flavour 50g,,,2.00,,
Longdan,The Plantbase Store,The Plantbase Store,Hoya Vegan Jerky- Lemon Teriyaki Flavour 50g,,,2.00,,
Longdan,The Plantbase Store,The Plantbase Store,Hoya Vegan Jerky- Smoky Bacon Flavour 50g,,,2.00,,
Longdan,The Plantbase Store,The Plantbase Store,Kimson Frozen Bean Curd Rolls 500gr,,,4.55,,
Longdan,The Plantbase Store,The Plantbase Store,Kimson Frozen Bean Curd Sheets 500gr,,,4.55,,
Longdan,The Plantbase Store,The Plantbase Store,LIANG YI Vegetarian Mutton Chunk 400g,,,8.90,,
Longdan,The Plantbase Store,The Plantbase Store,Ru Yi- Vegetarian Meat Floss 180g,,,4.05,,
Longdan,The Plantbase Store,The Plantbase Store,Ru Yi- Vegetarian Nori Kelp Floss (Seaweed Flakes) 180g,,,4.05,,
Longdan,The Plantbase Store,The Plantbase Store,THE PLANTBASE STORE Vegetarian Chicken Meat 500g,,,5.75,,
Longdan,The Plantbase Store,The Plantbase Store,THE PLANTBASE STORE Vegetarian HK Barbeque Meat 500g,,,5.75,,
Longdan,The Plantbase Store,The Plantbase Store,THE PLANTBASE STORE Vegetarian Teo Chew Duck 500g,,,5.75,,
Longdan,The Plantbase Store,The Plantbase Store,The Plantbase Store Basil 15g,,,2.05,,
Longdan,The Plantbase Store,The Plantbase Store,The Plantbase Store Brown rice vermicelli 1mm 250g,,,1.70,,
Longdan,The Plantbase Store,The Plantbase Store,The Plantbase Store Chilli Powder Hot 60g,,,2.15,,
Longdan,The Plantbase Store,The Plantbase Store,The Plantbase Store Cloves Whole 35g,,,2.40,,
Longdan,The Plantbase Store,The Plantbase Store,The Plantbase Store Oregano Leaves 15g,,,2.05,,
Longdan,The Plantbase Store,The Plantbase Store,The Plantbase Store Vegan Beef Slices 300G,,,4.60,,
Longdan,The Plantbase Store,The Plantbase Store,The Plantbase Store Vegan Beef Slices 500G,,,8.05,,
Longdan,The Plantbase Store,The Plantbase Store,The Plantbase Store Vegan Beef Slices 80G,,,1.85,,
Longdan,The Plantbase Store,The Plantbase Store,The Plantbase Store Vegan Chicken Slices 300G,,,4.60,,
Longdan,The Plantbase Store,The Plantbase Store,The Plantbase Store Vegan Chicken Slices 500G,,,8.05,,
Longdan,The Plantbase Store,The Plantbase Store,The Plantbase Store Vegan Chicken Slices 80G,,,1.85,,
Longdan,The Plantbase Store,The Plantbase Store,The Plantbase Store Vegan Chicken Wings 250g,,,3.95,,
Longdan,The Plantbase Store,The Plantbase Store,The Plantbase Store Vegan Fish Ball 250g,,,3.15,,
Longdan,The Plantbase Store,The Plantbase Store,The Plantbase Store Vegan Fish Fillet 250g,,,4.60,,
Longdan,The Plantbase Store,The Plantbase Store,The Plantbase Store Vegan Ground Beef 100g,,,1.75,,
Longdan,The Plantbase Store,The Plantbase Store,The Plantbase Store Vegan Half Chicken 250g,,,3.35,,
Longdan,The Plantbase Store,The Plantbase Store,The Plantbase Store Vegan Pork Roll 500g,,,5.20,,
Longdan,The Plantbase Store,The Plantbase Store,The Plantbase Store Vegan Pork Roll With Mushroom 250g,,,2.90,,
Longdan,The Plantbase Store,The Plantbase Store,The Plantbase Store Vegan Pork Slices 300G,,,5.45,,
Longdan,The Plantbase Store,The Plantbase Store,The Plantbase Store Vegan Pork Slices 80G,,,1.85,,
Longdan,The Plantbase Store,The Plantbase Store,The Plantbase Store Vegan Rib Tips 100G,,,2.20,,
Longdan,The Plantbase Store,The Plantbase Store,The Plantbase Store Vegan Rib Tips 300G,,,5.45,,
Longdan,The Plantbase Store,The Plantbase Store,The Plantbase Store Vegan Rib Tips 500G,,,7.50,,
Longdan,The Plantbase Store,The Plantbase Store,The Plantbase Store Vegan Roast Pork 500G,,,5.20,,
Longdan,The Plantbase Store,The Plantbase Store,The Plantbase Store Vegan Roasted Cinnamon Pork Pate 250g,,,3.05,,
Longdan,The Plantbase Store,The Plantbase Store,The Plantbase Store Vegan Shredded Chicken 250G,,,3.05,,
Longdan,The Plantbase Store,The Plantbase Store,YUANPING Dried Beancurd Sheet 150g,,,1.50,,
Longdan,The Plantbase Store,The Plantbase Store,YUANPING Dried Soybean Curd 200g,,,2.20,,
Longdan,The Plantbase Store,The Plantbase Store,YUANPING Dried Soybean Curd Stick 300g,,,3.35,,
Longdan,The Plantbase Store,The Plantbase Store,YUANPING Dried Soybean Knot 200g,,,2.00,,
