store,category,subcategory,product_name,pack_size,unit_price,price_gbp,was_price_gbp,offer
Sainsbury's Local,Baby,Baby,"Aptamil 1 First Infant Baby Milk Liquid Formula, Ready to Feed, From Birth, 200ml",200ml,£8.00/L,1.60,,
Sainsbury's Local,Baby,Baby,"Aptamil 1 First Infant Baby Milk Liquid Formula, from Birth, 6x200ml",6pk,£7.33/L,8.80,,
Sainsbury's Local,Baby,Baby,"Aptamil 2 Follow on Liquid Formula, Ready to Feed, 6-12 months, 200ml",200ml,£7.75/L,1.55,,
Sainsbury's Local,Baby,Baby,"Aptamil 3 Toddler Ready to drink Milk, for Toddlers 1-2 Years, 200ml",200ml,£7.25/L,1.45,,
Sainsbury's Local,Baby,Baby,Bear Fruit Splits Raspberry Pineapple 5 x 20g,5pk,£37.50/kg,3.75,,
Sainsbury's Local,Baby,Baby,Bear Fruit Splits Strawberry & Apple 5 x 20g,5pk,£37.50/kg,3.75,,
Sainsbury's Local,Baby,Baby,Calpol Infant Sugar Free Oral Suspension For 2+ Months 100ml,100ml,£45.00/L,4.50,,
Sainsbury's Local,Baby,Baby,Calpol Six Plus Fast Melts 6+ Years Strawberry Flavour Tablets x12,12pk,£0.65 each,7.85,,
Sainsbury's Local,Baby,Baby,Calpol Six Plus Suspension Sugar Free 6+ Years Strawberry Flavour 80ml,80ml,£56.25/L,4.50,,
Sainsbury's Local,Baby,Baby,"Cow & Gate 1 First Infant Baby Milk Liquid Formula, Ready to Feed, From Birth, 200ml",200ml,£7.00/L,1.40,,
Sainsbury's Local,Baby,Baby,"Cow & Gate 2 Follow On Baby Milk Formula Powder, 6-12 Months, 800g",800g,£16.50/kg,13.20,,
Sainsbury's Local,Baby,Baby,"Cow & Gate Banana Porridge Baby Cereal, 4-6+ Months, 125 g",125g,£20.40/kg,2.55,,
Sainsbury's Local,Baby,Baby,Cow & Gate Toddler Milk (1-2 years) (Liquid),200ml,£7.00/L,1.40,,
Sainsbury's Local,Baby,Baby,Ella's Kitchen Organic Strawberries and Apples Baby Pouch 4+ Months 120g,120g,£13.75/kg,1.65,,
Sainsbury's Local,Baby,Baby,Ella's Kitchen Prunes 6+ Months 70g,70g,£17.14/kg,1.20,,
Sainsbury's Local,Baby,Baby,Ella's Kitchen Spag Bol with Cheese 7+ Months 130g,130g,£16.92/kg,2.20,,
Sainsbury's Local,Baby,Baby,Ella's Kitchen Strawberry + Banana Melty Puffs from 6+ Months 20g,20g,£50.00/kg,1.00,,
Sainsbury's Local,Baby,Baby,Ella's Kitchen Sweetcorn + Carrot Melty Sticks 7+ Months 16g,16g,£103.13/kg,1.65,,
Sainsbury's Local,Baby,Baby,Ella's kitchen Cheesy Pie with Veggies 7+ Months 130g,130g,£15.77/kg,2.05,,
Sainsbury's Local,Baby,Baby,Johnson's Baby Cotton Buds x200,200pk,0.8p each,1.60,,
Sainsbury's Local,Baby,Baby,Johnson's Baby Oil Baby Skin Moisturiser & Dryness Protection 200ml,200ml,£9.00/L,1.80,,
Sainsbury's Local,Baby,Baby,Johnson's Bedtime Baby Bath 500ml,500ml,£8.30/L,4.15,,
Sainsbury's Local,Baby,Baby,Kendamil First Infant Milk 1 From Birth Breastmilk Substitute 800g,800g,£17.19/kg,13.75,,
Sainsbury's Local,Baby,Baby,Kendamil First Infant Milk 1 from Birth 250ml,250ml,£6.20/L,1.55,,
Sainsbury's Local,Baby,Baby,Kendamil Follow-on Milk 2 6-12 Months 800g,800g,£18.56/kg,14.85,,
Sainsbury's Local,Baby,Baby,Kendamil Follow-on Milk 6-12 Months 250ml,250ml,£6.20/L,1.55,,
Sainsbury's Local,Baby,Baby,Kiddylicious Strawberry & Banana Smoothie Melts 12+ Months 6g,6g,£200.00/kg,1.20,,
Sainsbury's Local,Baby,Baby,Kiddylicious Strawberry Fruit Wriggles 12+ Months 12g,12g,£100.00/kg,1.20,,
Sainsbury's Local,Baby,Baby,Kiddylicious Veggie Straws 9+ Months 4 x 12g (48g),4pk,£68.75/kg,3.30,,
Sainsbury's Local,Baby,Baby,Little Freddie Organic Blueberry & Banana Yoghurt Stage 1 +6m Smooth 100g,100g,£16.00/kg,1.60,,
Sainsbury's Local,Baby,Baby,Nurofen for Children Strawberry Oral Suspension 3mths to 9yrs Ibuprofen 100ml,100ml,£64.50/L,6.45,,
Sainsbury's Local,Baby,Baby,Organix Apple Rices Cake Apple 12+ Months 72g (4 x 18g),4pk,£50.69/kg,3.65,,
Sainsbury's Local,Baby,Baby,Organix Cocoa & Vanilla Gruffalo Biscuits 12+ Months 5 x 20g (100g),5pk,£31.50/kg,3.15,,
Sainsbury's Local,Baby,Baby,Organix Raspberry & Apple Oaty Bars 12+ Months 138g (6 x 23g),6pk,£26.45/kg,3.65,,
Sainsbury's Local,Baby,Baby,Organix Summer Fruits Rice Cake Clouds 7+ Months 40g,40g,£46.25/kg,1.85,,
Sainsbury's Local,Baby,Baby,"Pampers Baby-Dry Nappy Pants Size 5, 21 Nappies, 11kg-17kg",21pk,£0.35 each,7.30,,
Sainsbury's Local,Baby,Baby,"Pampers Baby-Dry Nappy Pants Size 6, 19 Nappies, 13kg-19kg",19pk,£0.38 each,7.30,,
Sainsbury's Local,Baby,Baby,"Pampers Baby-Dry Size 4, 25 Nappies, 9kg-14kg",25pk,£0.29 each,7.30,,
Sainsbury's Local,Baby,Baby,"Pampers Premium Protection New Baby Size 2, 31 Nappies, 4kg-8kg",31pk,£0.18 each,5.50,,
Sainsbury's Local,Baby,Baby,Sainsbury's + Healthcare Junior Paracetamol Suspension 120mg/5ml 3+ Months 100ml,100ml,£31.00/L,3.10,,
Sainsbury's Local,Baby,Baby,Sainsbury's 100 Round Cotton Wool Double Faced Pads,100pk,£0.02 each,2.00,,
Sainsbury's Local,Baby,Baby,Sainsbury's Little Ones 150 Nappy Sacks,150pk,0.733p each,1.10,,
Sainsbury's Local,Baby,Baby,Sudocrem Antiseptic Healing Cream 175g,175g,£58.29/kg,10.20,,
Sainsbury's Local,Baby,Baby,WaterWipes,60pk,£0.06 each,3.60,,
Sainsbury's Local,Baby,Baby Milk,"Aptamil 1 First Infant Baby Milk Liquid Formula, Ready to Feed, From Birth, 200ml",200ml,£8.00/L,1.60,,
Sainsbury's Local,Baby,Baby Milk,"Aptamil 1 First Infant Baby Milk Liquid Formula, from Birth, 6x200ml",6pk,£7.33/L,8.80,,
Sainsbury's Local,Baby,Baby Milk,"Aptamil 2 Follow on Liquid Formula, Ready to Feed, 6-12 months, 200ml",200ml,£7.75/L,1.55,,
Sainsbury's Local,Baby,Baby Milk,"Aptamil 3 Toddler Ready to drink Milk, for Toddlers 1-2 Years, 200ml",200ml,£7.25/L,1.45,,
Sainsbury's Local,Baby,Baby Milk,"Cow & Gate 1 First Infant Baby Milk Liquid Formula, Ready to Feed, From Birth, 200ml",200ml,£7.00/L,1.40,,
Sainsbury's Local,Baby,Baby Milk,"Cow & Gate 2 Follow On Baby Milk Formula Powder, 6-12 Months, 800g",800g,£16.50/kg,13.20,,
Sainsbury's Local,Baby,Baby Milk,Cow & Gate Toddler Milk (1-2 years) (Liquid),200ml,£7.00/L,1.40,,
Sainsbury's Local,Baby,Baby Milk,Kendamil First Infant Milk 1 From Birth Breastmilk Substitute 800g,800g,£17.19/kg,13.75,,
Sainsbury's Local,Baby,Baby Milk,Kendamil First Infant Milk 1 from Birth 250ml,250ml,£6.20/L,1.55,,
Sainsbury's Local,Baby,Baby Milk,Kendamil Follow-on Milk 2 6-12 Months 800g,800g,£18.56/kg,14.85,,
Sainsbury's Local,Baby,Baby Milk,Kendamil Follow-on Milk 6-12 Months 250ml,250ml,£6.20/L,1.55,,
Sainsbury's Local,Baby,Baby Toiletries,Johnson's Baby Cotton Buds x200,200pk,0.8p each,1.60,,
Sainsbury's Local,Baby,Baby Toiletries,Johnson's Baby Oil Baby Skin Moisturiser & Dryness Protection 200ml,200ml,£9.00/L,1.80,,
Sainsbury's Local,Baby,Baby Toiletries,Johnson's Bedtime Baby Bath 500ml,500ml,£8.30/L,4.15,,
Sainsbury's Local,Baby,Baby Toiletries,Sainsbury's 100 Round Cotton Wool Double Faced Pads,100pk,£0.02 each,2.00,,
Sainsbury's Local,Baby,Baby Toiletries,Sudocrem Antiseptic Healing Cream 175g,175g,£58.29/kg,10.20,,
Sainsbury's Local,Baby,"Food, Snacks & Drinks",Bear Fruit Splits Raspberry Pineapple 5 x 20g,5pk,£37.50/kg,3.75,,
Sainsbury's Local,Baby,"Food, Snacks & Drinks",Bear Fruit Splits Strawberry & Apple 5 x 20g,5pk,£37.50/kg,3.75,,
Sainsbury's Local,Baby,"Food, Snacks & Drinks","Cow & Gate Banana Porridge Baby Cereal, 4-6+ Months, 125 g",125g,£20.40/kg,2.55,,
Sainsbury's Local,Baby,"Food, Snacks & Drinks",Ella's Kitchen Organic Strawberries and Apples Baby Pouch 4+ Months 120g,120g,£13.75/kg,1.65,,
Sainsbury's Local,Baby,"Food, Snacks & Drinks",Ella's Kitchen Prunes 6+ Months 70g,70g,£17.14/kg,1.20,,
Sainsbury's Local,Baby,"Food, Snacks & Drinks",Ella's Kitchen Spag Bol with Cheese 7+ Months 130g,130g,£16.92/kg,2.20,,
Sainsbury's Local,Baby,"Food, Snacks & Drinks",Ella's Kitchen Strawberry + Banana Melty Puffs from 6+ Months 20g,20g,£50.00/kg,1.00,,
Sainsbury's Local,Baby,"Food, Snacks & Drinks",Ella's Kitchen Sweetcorn + Carrot Melty Sticks 7+ Months 16g,16g,£103.13/kg,1.65,,
Sainsbury's Local,Baby,"Food, Snacks & Drinks",Ella's kitchen Cheesy Pie with Veggies 7+ Months 130g,130g,£15.77/kg,2.05,,
Sainsbury's Local,Baby,"Food, Snacks & Drinks",Kiddylicious Strawberry & Banana Smoothie Melts 12+ Months 6g,6g,£200.00/kg,1.20,,
Sainsbury's Local,Baby,"Food, Snacks & Drinks",Kiddylicious Strawberry Fruit Wriggles 12+ Months 12g,12g,£100.00/kg,1.20,,
Sainsbury's Local,Baby,"Food, Snacks & Drinks",Kiddylicious Veggie Straws 9+ Months 4 x 12g (48g),4pk,£68.75/kg,3.30,,
Sainsbury's Local,Baby,"Food, Snacks & Drinks",Little Freddie Organic Blueberry & Banana Yoghurt Stage 1 +6m Smooth 100g,100g,£16.00/kg,1.60,,
Sainsbury's Local,Baby,"Food, Snacks & Drinks",Organix Apple Rices Cake Apple 12+ Months 72g (4 x 18g),4pk,£50.69/kg,3.65,,
Sainsbury's Local,Baby,"Food, Snacks & Drinks",Organix Cocoa & Vanilla Gruffalo Biscuits 12+ Months 5 x 20g (100g),5pk,£31.50/kg,3.15,,
Sainsbury's Local,Baby,"Food, Snacks & Drinks",Organix Raspberry & Apple Oaty Bars 12+ Months 138g (6 x 23g),6pk,£26.45/kg,3.65,,
Sainsbury's Local,Baby,"Food, Snacks & Drinks",Organix Summer Fruits Rice Cake Clouds 7+ Months 40g,40g,£46.25/kg,1.85,,
Sainsbury's Local,Baby,Health,Calpol Infant Sugar Free Oral Suspension For 2+ Months 100ml,100ml,£45.00/L,4.50,,
Sainsbury's Local,Baby,Health,Calpol Six Plus Fast Melts 6+ Years Strawberry Flavour Tablets x12,12pk,£0.65 each,7.85,,
Sainsbury's Local,Baby,Health,Calpol Six Plus Suspension Sugar Free 6+ Years Strawberry Flavour 80ml,80ml,£56.25/L,4.50,,
Sainsbury's Local,Baby,Health,Nurofen for Children Strawberry Oral Suspension 3mths to 9yrs Ibuprofen 100ml,100ml,£64.50/L,6.45,,
Sainsbury's Local,Baby,Health,Sainsbury's + Healthcare Junior Paracetamol Suspension 120mg/5ml 3+ Months 100ml,100ml,£31.00/L,3.10,,
Sainsbury's Local,Baby,"Holiday Ready, Festival Set",WaterWipes,60pk,£0.06 each,3.60,,
Sainsbury's Local,Baby,In Store Prices,Sainsbury's 100 Round Cotton Wool Double Faced Pads,100pk,£0.02 each,2.00,,
Sainsbury's Local,Baby,Nappies & Wipes,"Pampers Baby-Dry Nappy Pants Size 5, 21 Nappies, 11kg-17kg",21pk,£0.35 each,7.30,,
Sainsbury's Local,Baby,Nappies & Wipes,"Pampers Baby-Dry Nappy Pants Size 6, 19 Nappies, 13kg-19kg",19pk,£0.38 each,7.30,,
Sainsbury's Local,Baby,Nappies & Wipes,"Pampers Baby-Dry Size 4, 25 Nappies, 9kg-14kg",25pk,£0.29 each,7.30,,
Sainsbury's Local,Baby,Nappies & Wipes,"Pampers Premium Protection New Baby Size 2, 31 Nappies, 4kg-8kg",31pk,£0.18 each,5.50,,
Sainsbury's Local,Baby,Nappies & Wipes,Sainsbury's Little Ones 150 Nappy Sacks,150pk,0.733p each,1.10,,
Sainsbury's Local,Baby,Nappies & Wipes,WaterWipes,60pk,£0.06 each,3.60,,
Sainsbury's Local,Bakery,Autumn is here,Sainsbury's Taste The Difference Carrot Cake 395g,395g,£12.66/kg,5.00,,
Sainsbury's Local,Bakery,Autumn is here,Sainsbury's Taste the Difference Belgian Chocolate Cake 395g,395g,£12.66/kg,5.00,,
Sainsbury's Local,Bakery,Autumn is here,Sainsbury's Taste the Difference Coffee & Walnut Cake 400g,400g,£12.50/kg,5.00,,
Sainsbury's Local,Bakery,Autumn is here,Sainsbury's Taste the Difference Lemon Drizzle Cake 405g,405g,£12.35/kg,5.00,,
Sainsbury's Local,Bakery,Autumn is here,Sainsbury's Taste the Difference Red Velvet Cake 390g,390g,£12.82/kg,5.00,,
Sainsbury's Local,Bakery,Autumn is here,Sainsbury's Taste the Difference Victoria Sponge Cake 345g,345g,£14.49/kg,5.00,,
Sainsbury's Local,Bakery,Bakery,Allinson's The Champion Wholemeal Batch Bread 650g,650g,£3.92/kg,2.55,,
Sainsbury's Local,Bakery,Bakery,Black Sheep Craft Tiger Bloomer Bread 800g,800g,£3.38/kg,2.70,,
Sainsbury's Local,Bakery,Bakery,Bonne Maman 7 La Madeleine All Butter 175g,175g,£23.14/kg,4.05,,
Sainsbury's Local,Bakery,Bakery,Bonne Maman La Madeleine 210g,210g,£19.29/kg,4.05,,
Sainsbury's Local,Bakery,Bakery,Cadbury 10 Milk Chocolate Mini Rolls,10pk,£0.52 each,5.15,,
Sainsbury's Local,Bakery,Bakery,Cadbury 5 Milk Chocolate Mini Rolls,5pk,£0.68 each,3.40,,
Sainsbury's Local,Bakery,Bakery,Daelmans 8 Stroopwafels Caramel 230g,8pk,£13.48/kg,3.10,,
Sainsbury's Local,Bakery,Bakery,Daelmans Minis Caramel Stroopwafels 200g,200g,£15.50/kg,3.10,,
Sainsbury's Local,Bakery,Bakery,Deli Kitchen 4 Greek Style Flatbreads 320g,4pk,£7.97/kg,2.55,,
Sainsbury's Local,Bakery,Bakery,Elephant Atta 8 Chapattis 360g,360g,£6.25/kg,2.25,,
Sainsbury's Local,Bakery,Bakery,Jason's No1 The Great White Sourdough 450g,450g,£6.33/kg,2.85,,
Sainsbury's Local,Bakery,Bakery,Jason's Sourdough Grains & Seeds 580g,580g,£4.91/kg,2.85,,
Sainsbury's Local,Bakery,Bakery,Kingsmill 50/50 Medium Bread 800g,800g,£2.25/kg,1.80,,
Sainsbury's Local,Bakery,Bakery,McVitie's Jamaica Ginger Sticky Pudding Cake,245g,£8.98/kg,2.20,,
Sainsbury's Local,Bakery,Bakery,Mission Original Mini Tortilla Wraps 6 Pack,6pk,£0.17 each,1.00,1.40,£0.40 off
Sainsbury's Local,Bakery,Bakery,Mission Original Tortilla Wraps 6 Pack,6pk,£0.36 each,2.15,,
Sainsbury's Local,Bakery,Bakery,Mr Kipling 5 Mini Battenbergs,5pk,£0.74 each,3.70,,
Sainsbury's Local,Bakery,Bakery,Mr Kipling 6 Almond Slices,6pk,£0.60 each,3.60,,
Sainsbury's Local,Bakery,Bakery,Mr Kipling 6 Bakewell Slices,6pk,£0.60 each,3.60,,
Sainsbury's Local,Bakery,Bakery,Mr Kipling 6 Bramley Apple Pies,6pk,£0.73 each,4.35,,
Sainsbury's Local,Bakery,Bakery,Mr Kipling 6 Cherry Bakewells,6pk,£0.73 each,4.35,,
Sainsbury's Local,Bakery,Bakery,Mr Kipling 6 Country Slices,6pk,£0.60 each,3.60,,
Sainsbury's Local,Bakery,Bakery,Mr Kipling 6 Viennese Whirls,6pk,£0.62 each,3.70,,
Sainsbury's Local,Bakery,Bakery,Mr Kipling 8 French Fancies,8pk,£0.28 each,2.25,3.75,£1.50 off
Sainsbury's Local,Bakery,Bakery,Mr Kipling 8 Frosty Fancies,8pk,£0.36 each,2.90,,
Sainsbury's Local,Bakery,Bakery,Mrs Crimble's 6 Big Choc Macaroons 195g,195g,£12.05/kg,2.35,,
Sainsbury's Local,Bakery,Bakery,New York Bakery Cinnamon and Raisin 5 Pack Bagels,5pk,£0.48 each,2.40,,
Sainsbury's Local,Bakery,Bakery,New York Bakery Original 5 Pack Bagels,5pk,£0.48 each,2.40,,
Sainsbury's Local,Bakery,Bakery,New York Bakery Sesame 5 Pack Bagels,5pk,£0.48 each,2.40,,
Sainsbury's Local,Bakery,Bakery,New York Bakery Sourdough 5 Pack Bagels,5pk,£0.48 each,2.40,,
Sainsbury's Local,Bakery,Bakery,Old El Paso 8 Regular Tortillas Flour 326g,326g,£7.67/kg,2.50,,
Sainsbury's Local,Bakery,Bakery,Old El Paso 8 Tortilla Pockets 223g,223g,£10.09/kg,2.25,2.95,£0.70 off
Sainsbury's Local,Bakery,Bakery,Pukka All Steak,233g,£13.09/kg,3.05,,
Sainsbury's Local,Bakery,Bakery,Regal Bakery 18 Madeira Cake Slices 370g,370g,£7.43/kg,2.75,,
Sainsbury's Local,Bakery,Bakery,Sainsbury's 10 Milk Chocolate Mini Rolls 268g (10 x 26.8g),10pk,£5.60/kg,1.50,,
Sainsbury's Local,Bakery,Bakery,Sainsbury's 2 Bake at Home White Baguettes 300g,2pk,£6.00/kg,1.80,,
Sainsbury's Local,Bakery,Bakery,Sainsbury's 22 Millionaire Bites 240g,240g,£15.63/kg,3.75,,
Sainsbury's Local,Bakery,Bakery,Sainsbury's 4 Garlic & Coriander Mini Naans 188g,188g,£7.71/kg,1.45,,
Sainsbury's Local,Bakery,Bakery,Sainsbury's 4 Large Soft Wholemeal Rolls,4pk,£0.38 each,1.50,,
Sainsbury's Local,Bakery,Bakery,Sainsbury's 4 Pains Au Chocolat 208g,4pk,£13.46/kg,2.80,,
Sainsbury's Local,Bakery,Bakery,Sainsbury's 6 Mince Pies 320g,6pk,£4.84/kg,1.55,,
Sainsbury's Local,Bakery,Bakery,Sainsbury's 6 Mini Melton Mowbray Pork Pies 300g,6pk,£1.81/kg,3.25,,
Sainsbury's Local,Bakery,Bakery,Sainsbury's 6 Plain Folded Flatbreads,6pk,£0.33 each,1.95,,
Sainsbury's Local,Bakery,Bakery,Sainsbury's 6 Sweet Pancakes 375g,375g,£8.27/kg,3.10,,
Sainsbury's Local,Bakery,Bakery,Sainsbury's 6 White Pittas,6pk,£0.13 each,0.80,,
Sainsbury's Local,Bakery,Bakery,Sainsbury's 8 Plain Tortilla Wraps 496g,8pk,£3.33/kg,1.65,,
Sainsbury's Local,Bakery,Bakery,Sainsbury's All Butter Flapjack Mini Bites 335g,335g,£13.88/kg,4.65,,
Sainsbury's Local,Bakery,Bakery,"Sainsbury's Bake at Home Stonebaked White Baguettes, Taste the Difference x2 250g",2pk,£1.20 each,2.40,,
Sainsbury's Local,Bakery,Bakery,Sainsbury's Bakewell Slices x4,180g,£10.00/kg,1.80,,
Sainsbury's Local,Bakery,Bakery,Sainsbury's Birthday & Celebration Wiggles the Caterpillar 613g,613g,£13.54/kg,8.30,,
Sainsbury's Local,Bakery,Bakery,"Sainsbury's Blueberry Pancakes, Taste the Difference x4 240g",4pk,£0.59 each,2.35,,
Sainsbury's Local,Bakery,Bakery,Sainsbury's Brioche Burger Buns x4,4pk,£0.30 each,1.20,,
Sainsbury's Local,Bakery,Bakery,Sainsbury's Brioche Hot Dog Rolls x6,6pk,£0.27 each,1.60,,
Sainsbury's Local,Bakery,Bakery,Sainsbury's Brownie Bites x20,180g,£20.83/kg,3.75,,
Sainsbury's Local,Bakery,Bakery,Sainsbury's Butter Brioche Roll x8,8pk,£0.29 each,2.30,,
Sainsbury's Local,Bakery,Bakery,"Sainsbury's Buttermilk Pancakes, Taste the Difference x4",4pk,£0.60 each,2.40,,
Sainsbury's Local,Bakery,Bakery,Sainsbury's Caramel Shortcake Cake Slices x4,132g,£14.77/kg,1.95,,
Sainsbury's Local,Bakery,Bakery,Sainsbury's Chocolate & Orange Mini Rolls 265g,265g,£17.55/kg,4.65,,
Sainsbury's Local,Bakery,Bakery,Sainsbury's Chocolate Chip Panettone 100g,100g,£19.50/kg,1.95,,
Sainsbury's Local,Bakery,Bakery,Sainsbury's Chocolate Cornflake Clusters x15,120g,£31.25/kg,3.75,,
Sainsbury's Local,Bakery,Bakery,Sainsbury's Chocolate Filled Crepes x6,6pk,£0.29 each,1.75,2.40,£0.65 off
Sainsbury's Local,Bakery,Bakery,Sainsbury's Classic Panettone 100g,100g,£19.50/kg,1.95,,
Sainsbury's Local,Bakery,Bakery,Sainsbury's Croissants x6 240g,6pk,£0.33 each,2.00,,
Sainsbury's Local,Bakery,Bakery,Sainsbury's Double Chocolate Brownie Mini Bites 240g,240g,£19.38/kg,4.65,,
Sainsbury's Local,Bakery,Bakery,Sainsbury's Double Chocolate Mini Rolls Cake Bites Tub 295g,295g,£15.76/kg,4.65,,
Sainsbury's Local,Bakery,Bakery,Sainsbury's Egg Custard Tarts 2 x 81g (162g),2pk,£8.33/kg,1.35,,
Sainsbury's Local,Bakery,Bakery,Sainsbury's Flapjack Bites x20,240g,£15.63/kg,3.75,,
Sainsbury's Local,Bakery,Bakery,"Sainsbury's Frangipane Mince Pies, Taste the Difference x4 185g",4pk,£0.98 each,3.90,,
Sainsbury's Local,Bakery,Bakery,"Sainsbury's Half Ciabatta, Taste the Difference x2",270g,£10.74/kg,2.90,,
Sainsbury's Local,Bakery,Bakery,Sainsbury's Madeira Cake 275g,275g,£9.09/kg,2.50,,
Sainsbury's Local,Bakery,Bakery,Sainsbury's Melton Mowbray Pork Pie 145g,145g,£13.10/kg,1.90,,
Sainsbury's Local,Bakery,Bakery,Sainsbury's Milk Chocolate Chip Brioche Roll x8,8pk,£0.29 each,2.30,,
Sainsbury's Local,Bakery,Bakery,Sainsbury's Milk Chocolate Flapjack Bites x18,216g,£17.36/kg,3.75,,
Sainsbury's Local,Bakery,Bakery,Sainsbury's Millionaire's Mini Bites 260g,260g,£17.88/kg,4.65,,
Sainsbury's Local,Bakery,Bakery,Sainsbury's Mini Pork Pies 100g,100g,£16.00/kg,1.60,,
Sainsbury's Local,Bakery,Bakery,Sainsbury's Mini Shortcake Cake Bites x20,200g,£18.75/kg,3.75,,
Sainsbury's Local,Bakery,Bakery,Sainsbury's Pains Au Chocolat x6 270g,6pk,£0.33 each,2.00,,
Sainsbury's Local,Bakery,Bakery,Sainsbury's Rocky Road Bites x18,144g,£26.04/kg,3.75,,
Sainsbury's Local,Bakery,Bakery,"Sainsbury's Seeded Sourdough Loaf Bread, Taste the Difference 400g",400g,£6.38/kg,2.55,,
Sainsbury's Local,Bakery,Bakery,"Sainsbury's Soft Multiseed Farmhouse Thick Sliced Wholemeal Bread, Taste the Difference 800g",800g,£2.94/kg,2.35,,
Sainsbury's Local,Bakery,Bakery,"Sainsbury's Sourdough Medium Sliced White Bread, Taste the Difference 400g",400g,£6.50/kg,2.60,,
Sainsbury's Local,Bakery,Bakery,Sainsbury's Strawberry Jam & Cream Doughnuts 2x63g,126g,£17.46/kg,2.20,,
Sainsbury's Local,Bakery,Bakery,"Sainsbury's Sultana Scones, Taste the Difference x4",4pk,£0.68 each,2.70,,
Sainsbury's Local,Bakery,Bakery,Sainsbury's Taste The Difference Carrot Cake 395g,395g,£12.66/kg,5.00,,
Sainsbury's Local,Bakery,Bakery,Sainsbury's Taste the Difference 4 All Butter Croissants 228g,4pk,£14.69/kg,3.35,,
Sainsbury's Local,Bakery,Bakery,Sainsbury's Taste the Difference 6 All Butter Mince Pies 325g,6pk,£12.00/kg,3.90,,
Sainsbury's Local,Bakery,Bakery,Sainsbury's Taste the Difference 8 Meringue Nests,8pk,£25.00/kg,2.70,,
Sainsbury's Local,Bakery,Bakery,Sainsbury's Taste the Difference Belgian Chocolate Cake 395g,395g,£12.66/kg,5.00,,
Sainsbury's Local,Bakery,Bakery,Sainsbury's Taste the Difference Coffee & Walnut Cake 400g,400g,£12.50/kg,5.00,,
Sainsbury's Local,Bakery,Bakery,Sainsbury's Taste the Difference Lemon Drizzle Cake 405g,405g,£12.35/kg,5.00,,
Sainsbury's Local,Bakery,Bakery,Sainsbury's Taste the Difference Multiseed Wholemeal Farmhouse Loaf 430g,430g,£4.19/kg,1.80,,
Sainsbury's Local,Bakery,Bakery,Sainsbury's Taste the Difference Red Velvet Cake 390g,390g,£12.82/kg,5.00,,
Sainsbury's Local,Bakery,Bakery,Sainsbury's Taste the Difference Superseeded White Farmhouse Loaf 800g,800g,£3.00/kg,2.40,,
Sainsbury's Local,Bakery,Bakery,Sainsbury's Taste the Difference Victoria Sponge Cake 345g,345g,£14.49/kg,5.00,,
Sainsbury's Local,Bakery,Bakery,Sainsbury's Taste the Difference Winter Berry Crumble 250g,250g,£17.80/kg,4.45,,
Sainsbury's Local,Bakery,Bakery,Sainsbury's Walnut Cake 306g,306g,£8.17/kg,2.50,,
Sainsbury's Local,Bakery,Bakery,Sharwood's 2 Plain Flame-Baked Naans,2pk,£10.19/kg,2.65,,
Sainsbury's Local,Bakery,Bakery,Soreen 5 Banana Lunchbox Loaves 150g,5pk,£13.33/kg,2.00,,
Sainsbury's Local,Bakery,Bakery,Soreen 5 Malt Lunchbox Loaves 150g,5pk,£15.33/kg,2.30,,
Sainsbury's Local,Bakery,Bakery,Soreen Lift Bars Blueberry 4 x 42g (168g),4pk,£16.96/kg,2.85,,
Sainsbury's Local,Bakery,Bakery,Soreen The Original Malt Loaf 260g,260g,£7.31/kg,1.90,,
Sainsbury's Local,Bakery,Bakery,Thorntons 10 Brownie Bites,10pk,£0.29 each,2.85,,
Sainsbury's Local,Bakery,Bakery,Thorntons 10 Millionaires Bites,10pk,£0.29 each,2.85,,
Sainsbury's Local,Bakery,Bakery,Waffle Amour 8 Belgian Style Toasting Waffles 200g,8pk,£12.25/kg,2.45,,
Sainsbury's Local,Bakery,Bakery,Warburtons 4 Breakfast Muffins,4pk,£0.24 each,0.97,1.45,£0.48 off
Sainsbury's Local,Bakery,Bakery,Warburtons 4 Easy to Fill Wholemeal Soft Pittas,4pk,£0.41 each,1.65,,
Sainsbury's Local,Bakery,Bakery,Warburtons 4 Fruity Teacakes,4pk,£0.49 each,1.95,,
Sainsbury's Local,Bakery,Bakery,Warburtons 4 Gluten Free Soft White Rolls,4pk,£0.95 each,3.80,,
Sainsbury's Local,Bakery,Bakery,Warburtons 4 Protein Thin Bagels,4pk,£0.55 each,2.20,,
Sainsbury's Local,Bakery,Bakery,Warburtons 4 White Soft Pittas,4pk,£0.41 each,1.65,,
Sainsbury's Local,Bakery,Bakery,Warburtons 6 Original Crumpets,6pk,£0.18 each,1.10,,
Sainsbury's Local,Bakery,Bakery,Warburtons 6 Original Pancakes,6pk,£0.28 each,1.70,,
Sainsbury's Local,Bakery,Bakery,Warburtons 6 Original Thin Bagels,6pk,£0.38 each,2.25,,
Sainsbury's Local,Bakery,Bakery,Warburtons 6 Soft & Sliced White Rolls,6pk,£0.24 each,1.45,,
Sainsbury's Local,Bakery,Bakery,Warburtons 6 Wholemeal Rolls,6pk,£0.24 each,1.45,,
Sainsbury's Local,Bakery,Bakery,Warburtons 8 Crumpet Thins,8pk,£0.21 each,1.70,,
Sainsbury's Local,Bakery,Bakery,Warburtons Danish Lighter White Bread 400g,400g,£4.13/kg,1.65,,
Sainsbury's Local,Bakery,Bakery,Warburtons Gluten Free Soft Seeded 300g,300g,£9.33/kg,2.80,,
Sainsbury's Local,Bakery,Bakery,Warburtons Medium Sliced Wholemeal 400g,400g,£3.00/kg,1.20,,
Sainsbury's Local,Bakery,Bakery,Warburtons Medium Toastie Soft & Sliced White Loaf 800g,800g,£2.25/kg,1.80,,
Sainsbury's Local,Bakery,Bakery,Warburtons Old English White 400g,400g,£6.25/kg,2.50,,
Sainsbury's Local,Bakery,Bakery,Warburtons Original Farmhouse 800g,800g,£2.56/kg,2.05,,
Sainsbury's Local,Bakery,Bakery,Warburtons Original Seeded Batch 800g,800g,£3.19/kg,2.55,,
Sainsbury's Local,Bakery,Bakery,Warburtons Original Toastie 400g,400g,£3.13/kg,1.25,,
Sainsbury's Local,Bakery,Bakery,Warburtons Original Toastie Soft & Sliced White Loaf 800g,800g,£2.25/kg,1.80,,
Sainsbury's Local,Bakery,Bakery,Warburtons The True Taste of Wholemeal 800g,800g,£2.19/kg,1.75,,
Sainsbury's Local,Bakery,Bakery,Warburtons Tiger Bloomer 600g,600g,£3.67/kg,2.20,,
Sainsbury's Local,Bakery,Bread,Allinson's The Champion Wholemeal Batch Bread 650g,650g,£3.92/kg,2.55,,
Sainsbury's Local,Bakery,Bread,Black Sheep Craft Tiger Bloomer Bread 800g,800g,£3.38/kg,2.70,,
Sainsbury's Local,Bakery,Bread,Jason's No1 The Great White Sourdough 450g,450g,£6.33/kg,2.85,,
Sainsbury's Local,Bakery,Bread,Jason's Sourdough Grains & Seeds 580g,580g,£4.91/kg,2.85,,
Sainsbury's Local,Bakery,Bread,Kingsmill 50/50 Medium Bread 800g,800g,£2.25/kg,1.80,,
Sainsbury's Local,Bakery,Bread,Sainsbury's 2 Bake at Home White Baguettes 300g,2pk,£6.00/kg,1.80,,
Sainsbury's Local,Bakery,Bread,"Sainsbury's Bake at Home Stonebaked White Baguettes, Taste the Difference x2 250g",2pk,£1.20 each,2.40,,
Sainsbury's Local,Bakery,Bread,"Sainsbury's Half Ciabatta, Taste the Difference x2",270g,£10.74/kg,2.90,,
Sainsbury's Local,Bakery,Bread,"Sainsbury's Seeded Sourdough Loaf Bread, Taste the Difference 400g",400g,£6.38/kg,2.55,,
Sainsbury's Local,Bakery,Bread,"Sainsbury's Soft Multiseed Farmhouse Thick Sliced Wholemeal Bread, Taste the Difference 800g",800g,£2.94/kg,2.35,,
Sainsbury's Local,Bakery,Bread,"Sainsbury's Sourdough Medium Sliced White Bread, Taste the Difference 400g",400g,£6.50/kg,2.60,,
Sainsbury's Local,Bakery,Bread,Sainsbury's Taste the Difference Multiseed Wholemeal Farmhouse Loaf 430g,430g,£4.19/kg,1.80,,
Sainsbury's Local,Bakery,Bread,Sainsbury's Taste the Difference Superseeded White Farmhouse Loaf 800g,800g,£3.00/kg,2.40,,
Sainsbury's Local,Bakery,Bread,Sainsbury's Walnut Cake 306g,306g,£8.17/kg,2.50,,
Sainsbury's Local,Bakery,Bread,Warburtons Danish Lighter White Bread 400g,400g,£4.13/kg,1.65,,
Sainsbury's Local,Bakery,Bread,Warburtons Gluten Free Soft Seeded 300g,300g,£9.33/kg,2.80,,
Sainsbury's Local,Bakery,Bread,Warburtons Medium Sliced Wholemeal 400g,400g,£3.00/kg,1.20,,
Sainsbury's Local,Bakery,Bread,Warburtons Medium Toastie Soft & Sliced White Loaf 800g,800g,£2.25/kg,1.80,,
Sainsbury's Local,Bakery,Bread,Warburtons Old English White 400g,400g,£6.25/kg,2.50,,
Sainsbury's Local,Bakery,Bread,Warburtons Original Farmhouse 800g,800g,£2.56/kg,2.05,,
Sainsbury's Local,Bakery,Bread,Warburtons Original Seeded Batch 800g,800g,£3.19/kg,2.55,,
Sainsbury's Local,Bakery,Bread,Warburtons Original Toastie 400g,400g,£3.13/kg,1.25,,
Sainsbury's Local,Bakery,Bread,Warburtons Original Toastie Soft & Sliced White Loaf 800g,800g,£2.25/kg,1.80,,
Sainsbury's Local,Bakery,Bread,Warburtons The True Taste of Wholemeal 800g,800g,£2.19/kg,1.75,,
Sainsbury's Local,Bakery,Bread,Warburtons Tiger Bloomer 600g,600g,£3.67/kg,2.20,,
Sainsbury's Local,Bakery,Buns & Rolls,New York Bakery Cinnamon and Raisin 5 Pack Bagels,5pk,£0.48 each,2.40,,
Sainsbury's Local,Bakery,Buns & Rolls,New York Bakery Original 5 Pack Bagels,5pk,£0.48 each,2.40,,
Sainsbury's Local,Bakery,Buns & Rolls,New York Bakery Sesame 5 Pack Bagels,5pk,£0.48 each,2.40,,
Sainsbury's Local,Bakery,Buns & Rolls,New York Bakery Sourdough 5 Pack Bagels,5pk,£0.48 each,2.40,,
Sainsbury's Local,Bakery,Buns & Rolls,Sainsbury's 4 Large Soft Wholemeal Rolls,4pk,£0.38 each,1.50,,
Sainsbury's Local,Bakery,Buns & Rolls,Sainsbury's Brioche Burger Buns x4,4pk,£0.30 each,1.20,,
Sainsbury's Local,Bakery,Buns & Rolls,Sainsbury's Brioche Hot Dog Rolls x6,6pk,£0.27 each,1.60,,
Sainsbury's Local,Bakery,Buns & Rolls,Warburtons 4 Gluten Free Soft White Rolls,4pk,£0.95 each,3.80,,
Sainsbury's Local,Bakery,Buns & Rolls,Warburtons 4 Protein Thin Bagels,4pk,£0.55 each,2.20,,
Sainsbury's Local,Bakery,Buns & Rolls,Warburtons 6 Original Thin Bagels,6pk,£0.38 each,2.25,,
Sainsbury's Local,Bakery,Buns & Rolls,Warburtons 6 Soft & Sliced White Rolls,6pk,£0.24 each,1.45,,
Sainsbury's Local,Bakery,Buns & Rolls,Warburtons 6 Wholemeal Rolls,6pk,£0.24 each,1.45,,
Sainsbury's Local,Bakery,Croissants & Breakfast,Daelmans 8 Stroopwafels Caramel 230g,8pk,£13.48/kg,3.10,,
Sainsbury's Local,Bakery,Croissants & Breakfast,Daelmans Minis Caramel Stroopwafels 200g,200g,£15.50/kg,3.10,,
Sainsbury's Local,Bakery,Croissants & Breakfast,Sainsbury's 4 Pains Au Chocolat 208g,4pk,£13.46/kg,2.80,,
Sainsbury's Local,Bakery,Croissants & Breakfast,Sainsbury's 6 Sweet Pancakes 375g,375g,£8.27/kg,3.10,,
Sainsbury's Local,Bakery,Croissants & Breakfast,"Sainsbury's Blueberry Pancakes, Taste the Difference x4 240g",4pk,£0.59 each,2.35,,
Sainsbury's Local,Bakery,Croissants & Breakfast,Sainsbury's Butter Brioche Roll x8,8pk,£0.29 each,2.30,,
Sainsbury's Local,Bakery,Croissants & Breakfast,"Sainsbury's Buttermilk Pancakes, Taste the Difference x4",4pk,£0.60 each,2.40,,
Sainsbury's Local,Bakery,Croissants & Breakfast,Sainsbury's Chocolate Filled Crepes x6,6pk,£0.29 each,1.75,2.40,£0.65 off
Sainsbury's Local,Bakery,Croissants & Breakfast,Sainsbury's Croissants x6 240g,6pk,£0.33 each,2.00,,
Sainsbury's Local,Bakery,Croissants & Breakfast,Sainsbury's Milk Chocolate Chip Brioche Roll x8,8pk,£0.29 each,2.30,,
Sainsbury's Local,Bakery,Croissants & Breakfast,Sainsbury's Pains Au Chocolat x6 270g,6pk,£0.33 each,2.00,,
Sainsbury's Local,Bakery,Croissants & Breakfast,Sainsbury's Taste the Difference 4 All Butter Croissants 228g,4pk,£14.69/kg,3.35,,
Sainsbury's Local,Bakery,Croissants & Breakfast,Waffle Amour 8 Belgian Style Toasting Waffles 200g,8pk,£12.25/kg,2.45,,
Sainsbury's Local,Bakery,Croissants & Breakfast,Warburtons 4 Breakfast Muffins,4pk,£0.24 each,0.97,1.45,£0.48 off
Sainsbury's Local,Bakery,Croissants & Breakfast,Warburtons 6 Original Crumpets,6pk,£0.18 each,1.10,,
Sainsbury's Local,Bakery,Croissants & Breakfast,Warburtons 6 Original Pancakes,6pk,£0.28 each,1.70,,
Sainsbury's Local,Bakery,Croissants & Breakfast,Warburtons 8 Crumpet Thins,8pk,£0.21 each,1.70,,
Sainsbury's Local,Bakery,"Crumbles, Sweet Pies & Tarts",Mr Kipling 6 Bramley Apple Pies,6pk,£0.73 each,4.35,,
Sainsbury's Local,Bakery,"Crumbles, Sweet Pies & Tarts",Mr Kipling 6 Cherry Bakewells,6pk,£0.73 each,4.35,,
Sainsbury's Local,Bakery,"Crumbles, Sweet Pies & Tarts",Sainsbury's Taste the Difference Winter Berry Crumble 250g,250g,£17.80/kg,4.45,,
Sainsbury's Local,Bakery,Midweek Meals Made Easy,Old El Paso 8 Regular Tortillas Flour 326g,326g,£7.67/kg,2.50,,
Sainsbury's Local,Bakery,Midweek Meals Made Easy,Pukka All Steak,233g,£13.09/kg,3.05,,
Sainsbury's Local,Bakery,Midweek Meals Made Easy,Sainsbury's 4 Garlic & Coriander Mini Naans 188g,188g,£7.71/kg,1.45,,
Sainsbury's Local,Bakery,Offers,Mission Original Mini Tortilla Wraps 6 Pack,6pk,£0.17 each,1.00,1.40,£0.40 off
Sainsbury's Local,Bakery,Offers,Mr Kipling 8 French Fancies,8pk,£0.28 each,2.25,3.75,£1.50 off
Sainsbury's Local,Bakery,Offers,Old El Paso 8 Tortilla Pockets 223g,223g,£10.09/kg,2.25,2.95,£0.70 off
Sainsbury's Local,Bakery,Offers,Sainsbury's Chocolate Filled Crepes x6,6pk,£0.29 each,1.75,2.40,£0.65 off
Sainsbury's Local,Bakery,Offers,Warburtons 4 Breakfast Muffins,4pk,£0.24 each,0.97,1.45,£0.48 off
Sainsbury's Local,Bakery,Packed Lunch Picks,Kingsmill 50/50 Medium Bread 800g,800g,£2.25/kg,1.80,,
Sainsbury's Local,Bakery,Packed Lunch Picks,Mission Original Tortilla Wraps 6 Pack,6pk,£0.36 each,2.15,,
Sainsbury's Local,Bakery,Packed Lunch Picks,New York Bakery Cinnamon and Raisin 5 Pack Bagels,5pk,£0.48 each,2.40,,
Sainsbury's Local,Bakery,Packed Lunch Picks,New York Bakery Original 5 Pack Bagels,5pk,£0.48 each,2.40,,
Sainsbury's Local,Bakery,Packed Lunch Picks,New York Bakery Sesame 5 Pack Bagels,5pk,£0.48 each,2.40,,
Sainsbury's Local,Bakery,Packed Lunch Picks,Sainsbury's Taste the Difference 4 All Butter Croissants 228g,4pk,£14.69/kg,3.35,,
Sainsbury's Local,Bakery,Packed Lunch Picks,Soreen 5 Banana Lunchbox Loaves 150g,5pk,£13.33/kg,2.00,,
Sainsbury's Local,Bakery,Packed Lunch Picks,Soreen 5 Malt Lunchbox Loaves 150g,5pk,£15.33/kg,2.30,,
Sainsbury's Local,Bakery,Packed Lunch Picks,Soreen Lift Bars Blueberry 4 x 42g (168g),4pk,£16.96/kg,2.85,,
Sainsbury's Local,Bakery,Savoury Pies,Pukka All Steak,233g,£13.09/kg,3.05,,
Sainsbury's Local,Bakery,Savoury Pies,Sainsbury's 6 Mini Melton Mowbray Pork Pies 300g,6pk,£1.81/kg,3.25,,
Sainsbury's Local,Bakery,Savoury Pies,Sainsbury's Melton Mowbray Pork Pie 145g,145g,£13.10/kg,1.90,,
Sainsbury's Local,Bakery,Savoury Pies,Sainsbury's Mini Pork Pies 100g,100g,£16.00/kg,1.60,,
Sainsbury's Local,Bakery,Scones & Teacakes,"Sainsbury's Sultana Scones, Taste the Difference x4",4pk,£0.68 each,2.70,,
Sainsbury's Local,Bakery,Scones & Teacakes,Soreen The Original Malt Loaf 260g,260g,£7.31/kg,1.90,,
Sainsbury's Local,Bakery,Scones & Teacakes,Warburtons 4 Fruity Teacakes,4pk,£0.49 each,1.95,,
Sainsbury's Local,Bakery,Seasonal Bakery,Mr Kipling 8 Frosty Fancies,8pk,£0.36 each,2.90,,
Sainsbury's Local,Bakery,Seasonal Bakery,Sainsbury's 6 Mince Pies 320g,6pk,£4.84/kg,1.55,,
Sainsbury's Local,Bakery,Seasonal Bakery,Sainsbury's Chocolate Chip Panettone 100g,100g,£19.50/kg,1.95,,
Sainsbury's Local,Bakery,Seasonal Bakery,Sainsbury's Classic Panettone 100g,100g,£19.50/kg,1.95,,
Sainsbury's Local,Bakery,Seasonal Bakery,"Sainsbury's Frangipane Mince Pies, Taste the Difference x4 185g",4pk,£0.98 each,3.90,,
Sainsbury's Local,Bakery,Seasonal Bakery,Sainsbury's Taste the Difference 6 All Butter Mince Pies 325g,6pk,£12.00/kg,3.90,,
Sainsbury's Local,Bakery,Small Cakes & Treats,Bonne Maman 7 La Madeleine All Butter 175g,175g,£23.14/kg,4.05,,
Sainsbury's Local,Bakery,Small Cakes & Treats,Bonne Maman La Madeleine 210g,210g,£19.29/kg,4.05,,
Sainsbury's Local,Bakery,Small Cakes & Treats,Cadbury 10 Milk Chocolate Mini Rolls,10pk,£0.52 each,5.15,,
Sainsbury's Local,Bakery,Small Cakes & Treats,Cadbury 5 Milk Chocolate Mini Rolls,5pk,£0.68 each,3.40,,
Sainsbury's Local,Bakery,Small Cakes & Treats,Mr Kipling 5 Mini Battenbergs,5pk,£0.74 each,3.70,,
Sainsbury's Local,Bakery,Small Cakes & Treats,Mr Kipling 6 Almond Slices,6pk,£0.60 each,3.60,,
Sainsbury's Local,Bakery,Small Cakes & Treats,Mr Kipling 6 Bakewell Slices,6pk,£0.60 each,3.60,,
Sainsbury's Local,Bakery,Small Cakes & Treats,Mr Kipling 6 Country Slices,6pk,£0.60 each,3.60,,
Sainsbury's Local,Bakery,Small Cakes & Treats,Mr Kipling 6 Viennese Whirls,6pk,£0.62 each,3.70,,
Sainsbury's Local,Bakery,Small Cakes & Treats,Mr Kipling 8 French Fancies,8pk,£0.28 each,2.25,3.75,£1.50 off
Sainsbury's Local,Bakery,Small Cakes & Treats,Mrs Crimble's 6 Big Choc Macaroons 195g,195g,£12.05/kg,2.35,,
Sainsbury's Local,Bakery,Small Cakes & Treats,Regal Bakery 18 Madeira Cake Slices 370g,370g,£7.43/kg,2.75,,
Sainsbury's Local,Bakery,Small Cakes & Treats,Sainsbury's 10 Milk Chocolate Mini Rolls 268g (10 x 26.8g),10pk,£5.60/kg,1.50,,
Sainsbury's Local,Bakery,Small Cakes & Treats,Sainsbury's 22 Millionaire Bites 240g,240g,£15.63/kg,3.75,,
Sainsbury's Local,Bakery,Small Cakes & Treats,Sainsbury's All Butter Flapjack Mini Bites 335g,335g,£13.88/kg,4.65,,
Sainsbury's Local,Bakery,Small Cakes & Treats,Sainsbury's Bakewell Slices x4,180g,£10.00/kg,1.80,,
Sainsbury's Local,Bakery,Small Cakes & Treats,Sainsbury's Brownie Bites x20,180g,£20.83/kg,3.75,,
Sainsbury's Local,Bakery,Small Cakes & Treats,Sainsbury's Caramel Shortcake Cake Slices x4,132g,£14.77/kg,1.95,,
Sainsbury's Local,Bakery,Small Cakes & Treats,Sainsbury's Chocolate & Orange Mini Rolls 265g,265g,£17.55/kg,4.65,,
Sainsbury's Local,Bakery,Small Cakes & Treats,Sainsbury's Chocolate Cornflake Clusters x15,120g,£31.25/kg,3.75,,
Sainsbury's Local,Bakery,Small Cakes & Treats,Sainsbury's Double Chocolate Brownie Mini Bites 240g,240g,£19.38/kg,4.65,,
Sainsbury's Local,Bakery,Small Cakes & Treats,Sainsbury's Double Chocolate Mini Rolls Cake Bites Tub 295g,295g,£15.76/kg,4.65,,
Sainsbury's Local,Bakery,Small Cakes & Treats,Sainsbury's Egg Custard Tarts 2 x 81g (162g),2pk,£8.33/kg,1.35,,
Sainsbury's Local,Bakery,Small Cakes & Treats,Sainsbury's Flapjack Bites x20,240g,£15.63/kg,3.75,,
Sainsbury's Local,Bakery,Small Cakes & Treats,Sainsbury's Milk Chocolate Flapjack Bites x18,216g,£17.36/kg,3.75,,
Sainsbury's Local,Bakery,Small Cakes & Treats,Sainsbury's Millionaire's Mini Bites 260g,260g,£17.88/kg,4.65,,
Sainsbury's Local,Bakery,Small Cakes & Treats,Sainsbury's Mini Shortcake Cake Bites x20,200g,£18.75/kg,3.75,,
Sainsbury's Local,Bakery,Small Cakes & Treats,Sainsbury's Rocky Road Bites x18,144g,£26.04/kg,3.75,,
Sainsbury's Local,Bakery,Small Cakes & Treats,Sainsbury's Strawberry Jam & Cream Doughnuts 2x63g,126g,£17.46/kg,2.20,,
Sainsbury's Local,Bakery,Small Cakes & Treats,Sainsbury's Taste the Difference 8 Meringue Nests,8pk,£25.00/kg,2.70,,
Sainsbury's Local,Bakery,Small Cakes & Treats,Soreen 5 Banana Lunchbox Loaves 150g,5pk,£13.33/kg,2.00,,
Sainsbury's Local,Bakery,Small Cakes & Treats,Soreen 5 Malt Lunchbox Loaves 150g,5pk,£15.33/kg,2.30,,
Sainsbury's Local,Bakery,Small Cakes & Treats,Soreen Lift Bars Blueberry 4 x 42g (168g),4pk,£16.96/kg,2.85,,
Sainsbury's Local,Bakery,Small Cakes & Treats,Thorntons 10 Brownie Bites,10pk,£0.29 each,2.85,,
Sainsbury's Local,Bakery,Small Cakes & Treats,Thorntons 10 Millionaires Bites,10pk,£0.29 each,2.85,,
Sainsbury's Local,Bakery,Summer Eating,Warburtons 6 Soft & Sliced White Rolls,6pk,£0.24 each,1.45,,
Sainsbury's Local,Bakery,Whole Cakes,McVitie's Jamaica Ginger Sticky Pudding Cake,245g,£8.98/kg,2.20,,
Sainsbury's Local,Bakery,Whole Cakes,Sainsbury's Birthday & Celebration Wiggles the Caterpillar 613g,613g,£13.54/kg,8.30,,
Sainsbury's Local,Bakery,Whole Cakes,Sainsbury's Madeira Cake 275g,275g,£9.09/kg,2.50,,
Sainsbury's Local,Bakery,Whole Cakes,Sainsbury's Taste The Difference Carrot Cake 395g,395g,£12.66/kg,5.00,,
Sainsbury's Local,Bakery,Whole Cakes,Sainsbury's Taste the Difference Belgian Chocolate Cake 395g,395g,£12.66/kg,5.00,,
Sainsbury's Local,Bakery,Whole Cakes,Sainsbury's Taste the Difference Coffee & Walnut Cake 400g,400g,£12.50/kg,5.00,,
Sainsbury's Local,Bakery,Whole Cakes,Sainsbury's Taste the Difference Lemon Drizzle Cake 405g,405g,£12.35/kg,5.00,,
Sainsbury's Local,Bakery,Whole Cakes,Sainsbury's Taste the Difference Red Velvet Cake 390g,390g,£12.82/kg,5.00,,
Sainsbury's Local,Bakery,Whole Cakes,Sainsbury's Taste the Difference Victoria Sponge Cake 345g,345g,£14.49/kg,5.00,,
Sainsbury's Local,Bakery,"Wraps, Pittas & Naans",Deli Kitchen 4 Greek Style Flatbreads 320g,4pk,£7.97/kg,2.55,,
Sainsbury's Local,Bakery,"Wraps, Pittas & Naans",Elephant Atta 8 Chapattis 360g,360g,£6.25/kg,2.25,,
Sainsbury's Local,Bakery,"Wraps, Pittas & Naans",Mission Original Mini Tortilla Wraps 6 Pack,6pk,£0.17 each,1.00,1.40,£0.40 off
Sainsbury's Local,Bakery,"Wraps, Pittas & Naans",Mission Original Tortilla Wraps 6 Pack,6pk,£0.36 each,2.15,,
Sainsbury's Local,Bakery,"Wraps, Pittas & Naans",Old El Paso 8 Regular Tortillas Flour 326g,326g,£7.67/kg,2.50,,
Sainsbury's Local,Bakery,"Wraps, Pittas & Naans",Old El Paso 8 Tortilla Pockets 223g,223g,£10.09/kg,2.25,2.95,£0.70 off
Sainsbury's Local,Bakery,"Wraps, Pittas & Naans",Sainsbury's 4 Garlic & Coriander Mini Naans 188g,188g,£7.71/kg,1.45,,
Sainsbury's Local,Bakery,"Wraps, Pittas & Naans",Sainsbury's 6 Plain Folded Flatbreads,6pk,£0.33 each,1.95,,
Sainsbury's Local,Bakery,"Wraps, Pittas & Naans",Sainsbury's 6 White Pittas,6pk,£0.13 each,0.80,,
Sainsbury's Local,Bakery,"Wraps, Pittas & Naans",Sainsbury's 8 Plain Tortilla Wraps 496g,8pk,£3.33/kg,1.65,,
Sainsbury's Local,Bakery,"Wraps, Pittas & Naans",Sharwood's 2 Plain Flame-Baked Naans,2pk,£10.19/kg,2.65,,
Sainsbury's Local,Bakery,"Wraps, Pittas & Naans",Warburtons 4 Easy to Fill Wholemeal Soft Pittas,4pk,£0.41 each,1.65,,
Sainsbury's Local,Bakery,"Wraps, Pittas & Naans",Warburtons 4 White Soft Pittas,4pk,£0.41 each,1.65,,
Sainsbury's Local,Beauty & Toiletries,Bath & Shower,"Baylis & Harding Goodness Oud, Cedar & Amber Natural Body Wash 500ml",500ml,£10.10/L,5.05,,
Sainsbury's Local,Beauty & Toiletries,Bath & Shower,Baylis & Harding the Edit Twilight Amber Luxury Body Wash 400ml,400ml,£12.63/L,5.05,,
Sainsbury's Local,Beauty & Toiletries,Bath & Shower,Dove Nourishing Body Wash 450 ml,450ml,£10.44/L,4.70,,
Sainsbury's Local,Beauty & Toiletries,Bath & Shower,Dove Original Beauty Bar 2x 90 g,2pk,£18.61/kg,3.35,,
Sainsbury's Local,Beauty & Toiletries,Bath & Shower,Imperial Leather Bergamot & Sea Minerals Foamburst Gel to Foam Body Wash 200ml,200ml,£22.25/L,4.45,,
Sainsbury's Local,Beauty & Toiletries,Bath & Shower,"L'Oréal Men Expert Total Clean 5-in-1 Shower Gel Large XL, Powered By Carbon 400ml",400ml,£9.25/L,3.70,,
Sainsbury's Local,Beauty & Toiletries,Bath & Shower,Lynx Limited Edition FIFA Africa 3-in-1 Body Wash 500 ml,500ml,£10.20/L,5.10,,
Sainsbury's Local,Beauty & Toiletries,Bath & Shower,Original Source Coconut & Shea Butter Vegan Shower Gel 500ml,500ml,£4.80/L,2.40,,
Sainsbury's Local,Beauty & Toiletries,Bath & Shower,Original Source Tropical Coconut & Shea Butter Shower 250ml,250ml,£8.20/L,2.05,,
Sainsbury's Local,Beauty & Toiletries,Bath & Shower,Palmolive Naturals Milk & Honey Shower Gel Body Wash 450ml,500ml,£5.10/L,2.55,,
Sainsbury's Local,Beauty & Toiletries,Bath & Shower,Radox Mineral Therapy Feel Awake 2-in-1 Shower Gel & Shampoo 225 ml,225ml,£5.78/L,1.30,,
Sainsbury's Local,Beauty & Toiletries,Bath & Shower,Radox Mineral Therapy Feel Radiant Shower Gel 225 ml,225ml,£5.78/L,1.30,,
Sainsbury's Local,Beauty & Toiletries,Bath & Shower,Radox Mineral Therapy Muscle Soak Bath Soak 500 ml,500ml,£5.40/L,2.70,,
Sainsbury's Local,Beauty & Toiletries,Bath & Shower,Sanctuary Spa Lily & Rose Collection Body Wash Jojoba Beads 250ml,250ml,£34.40/L,8.60,,
Sainsbury's Local,Beauty & Toiletries,Bath & Shower,Sanctuary Spa Signature Collection Body Wash Jojoba Beads 250ml,250ml,£39.40/L,9.85,,
Sainsbury's Local,Beauty & Toiletries,Bath & Shower,Sanctuary Spa Signature Minis,1pk,£14.50 each,14.50,,
Sainsbury's Local,Beauty & Toiletries,Bath & Shower,Sanex Expert Skin Health Moisturising Shower Gel Body Wash 450ml,450ml,£5.56/L,2.50,4.10,£1.60 off
Sainsbury's Local,Beauty & Toiletries,Bath & Shower,Sundae Pomegranate Fizz Whipped Shower Foam with Kakadu Plum & Finger Lime 260g,265ml,£56.23/L,14.90,,
Sainsbury's Local,Beauty & Toiletries,Bath & Shower,Sundae Very Vanilla Whipped Shower Foam 265ml,265ml,£56.23/L,14.90,,
Sainsbury's Local,Beauty & Toiletries,Beauty & Toiletries,"Always Daily Fresh Normal Wrapped Panty Liners 20 Liners, 0% Fragrances",20pk,£0.07 each,1.30,,
Sainsbury's Local,Beauty & Toiletries,Beauty & Toiletries,"Always Daily Protect Extra Long Panty Liners 24 Liners, Odour Lock",24pk,£0.10 each,2.30,,
Sainsbury's Local,Beauty & Toiletries,Beauty & Toiletries,Always Discreet Incontinence Pads Women Long 10 Count,10pk,£0.31 each,3.05,,
Sainsbury's Local,Beauty & Toiletries,Beauty & Toiletries,"Always Maxi Profresh Night Sanitary Towels (Size 4) 10 Pads, Menstrual Pads For Heavy Flow",10pk,£0.31 each,3.05,,
Sainsbury's Local,Beauty & Toiletries,Beauty & Toiletries,Always Ultra Sanitary Towels Heavy Flow Day (Size 3) Wings 9 Pads For Menstrual Periods,9pk,£0.31 each,2.75,,
Sainsbury's Local,Beauty & Toiletries,Beauty & Toiletries,Always Ultra Sanitary Towels Moderate Flow Day (Size 2) Wings 11 Pads For Menstrual Periods,11pk,£0.25 each,2.75,,
Sainsbury's Local,Beauty & Toiletries,Beauty & Toiletries,"Always Ultra Sanitary Towels Moderate Night (Size 4) Wings 8 Pads, For Menstrual Periods",8pk,£0.34 each,2.75,,
Sainsbury's Local,Beauty & Toiletries,Beauty & Toiletries,Andrex Ultimate Fresh Hygiene Wipes,36pk,£0.03 each,1.00,1.50,£0.50 off
Sainsbury's Local,Beauty & Toiletries,Beauty & Toiletries,Aquafresh Kids Little Teeth Toothbrush 3-5 Years,1pk,£2.40 each,2.40,,
Sainsbury's Local,Beauty & Toiletries,Beauty & Toiletries,"Aquafresh Kids Paw Patrol Little Teeth Toothpaste 3-5 Years, 75ml",75ml,£38.00/L,2.85,,
Sainsbury's Local,Beauty & Toiletries,Beauty & Toiletries,Aussie Miracle Moist Detangling Conditioner 200ml. Moisturising Formula to Revive Dry Hair,200ml,£16.50/L,3.30,5.50,£2.20 off
Sainsbury's Local,Beauty & Toiletries,Beauty & Toiletries,Aussie Miracle Moist Shampoo 300ml. Moisture-Quenching Formula to Revive Dry Hair,300ml,£11.00/L,3.30,5.50,£2.20 off
Sainsbury's Local,Beauty & Toiletries,Beauty & Toiletries,Aveeno Daily Moisturising Body Lotion Moisturiser Cream 200ml,200ml,£39.25/L,7.85,,
Sainsbury's Local,Beauty & Toiletries,Beauty & Toiletries,Batiste Dry Shampoo Original Classic Fresh 200ml,200ml,£22.00/L,4.40,,
Sainsbury's Local,Beauty & Toiletries,Beauty & Toiletries,"Baylis & Harding Goodness Oud, Cedar & Amber Natural Body Wash 500ml",500ml,£10.10/L,5.05,,
Sainsbury's Local,Beauty & Toiletries,Beauty & Toiletries,Baylis & Harding Goodness Tonka Bean & Neroli Natural Hand Wash 500ml,500ml,£9.80/L,4.90,,
Sainsbury's Local,Beauty & Toiletries,Beauty & Toiletries,Baylis & Harding Jasmine & Apple Blossom Luxury Hand Wash 500ml,500ml,£6.20/L,3.10,,
Sainsbury's Local,Beauty & Toiletries,Beauty & Toiletries,Baylis & Harding Sweet Mandarin & Grapefruit Luxury Hand Wash 500ml,500ml,£6.20/L,3.10,,
Sainsbury's Local,Beauty & Toiletries,Beauty & Toiletries,Baylis & Harding the Edit Twilight Amber Luxury Body Wash 400ml,400ml,£12.63/L,5.05,,
Sainsbury's Local,Beauty & Toiletries,Beauty & Toiletries,Baylis & Harding the Edit Twilight Amber Luxury Hand Wash 400ml,400ml,£12.25/L,4.90,,
Sainsbury's Local,Beauty & Toiletries,Beauty & Toiletries,Carex Antibacterial Hand Sanitiser Gel Original 50ml,50ml,£37.00/L,1.85,,
Sainsbury's Local,Beauty & Toiletries,Beauty & Toiletries,Carex Moisture Antibacterial Hand Wash 250ml,250ml,£8.00/L,2.00,,
Sainsbury's Local,Beauty & Toiletries,Beauty & Toiletries,Carex The Original Antibacterial Hand Wash 250ml,250ml,£8.00/L,2.00,,
Sainsbury's Local,Beauty & Toiletries,Beauty & Toiletries,Colgate Max White Medium Manual Toothbrush x3,3pk,£2.03 each,6.10,,
Sainsbury's Local,Beauty & Toiletries,Beauty & Toiletries,Colgate Max White Medium Toothbrush Single,1pk,£3.35 each,3.35,,
Sainsbury's Local,Beauty & Toiletries,Beauty & Toiletries,Colgate Maximum Cavity Protection Toothpaste 75ml,75ml,£25.33/L,1.90,,
Sainsbury's Local,Beauty & Toiletries,Beauty & Toiletries,Colgate Total Active Prevention Original Toothpaste 75ml,75ml,£33.33/L,2.50,4.95,£2.45 off
Sainsbury's Local,Beauty & Toiletries,Beauty & Toiletries,Colgate Total Active Prevention Original Travel Toothpaste 20ml,20ml,£85.00/L,1.70,,
Sainsbury's Local,Beauty & Toiletries,Beauty & Toiletries,Colgate Total Active Prevention Teeth Whitening Toothpaste 75ml,75ml,£33.33/L,2.50,4.95,£2.45 off
Sainsbury's Local,Beauty & Toiletries,Beauty & Toiletries,"Corsodyl Medicated Antibacterial Mouthwash Fresh Mint, 300ml",300ml,£23.67/L,7.10,,
Sainsbury's Local,Beauty & Toiletries,Beauty & Toiletries,Dove Deeply Nourishing Liquid Hand Wash 250 ml,250ml,£7.40/L,1.85,,
Sainsbury's Local,Beauty & Toiletries,Beauty & Toiletries,Dove Nourishing Body Wash 450 ml,450ml,£10.44/L,4.70,,
Sainsbury's Local,Beauty & Toiletries,Beauty & Toiletries,Dove Original Beauty Bar 2x 90 g,2pk,£18.61/kg,3.35,,
Sainsbury's Local,Beauty & Toiletries,Beauty & Toiletries,E45 Moisturising Lotion 500ml,500ml,£23.70/L,11.85,,
Sainsbury's Local,Beauty & Toiletries,Beauty & Toiletries,Echo Super Soft White Tissues 9 Sheets 4-Ply,9pk,£0.07 each,0.60,,
Sainsbury's Local,Beauty & Toiletries,Beauty & Toiletries,Elegant Touch Manicure Accessories Professional Emery Boards,1pk,£2.15 each,2.15,,
Sainsbury's Local,Beauty & Toiletries,Beauty & Toiletries,Femfresh Intimate Skin Care 25 Biodegradable & Flushable Feminine Intimate Wipes,25pk,£0.15 each,3.65,,
Sainsbury's Local,Beauty & Toiletries,Beauty & Toiletries,"Garnier Moisture Bomb Pomegranate and Hyaluronic Acid Sheet Mask, Hydrating & Replumping, 28g",1pk,£139.29/kg,3.90,,
Sainsbury's Local,Beauty & Toiletries,Beauty & Toiletries,Gillette BlueII Plus Slalom Men's Disposable Razors x8,8pk,£0.54 each,4.30,,
Sainsbury's Local,Beauty & Toiletries,Beauty & Toiletries,"Gillette Fusion Shave Gel with Almond Oil, For Sensitive Skin, 200ml",200ml,£20.75/L,4.15,,
Sainsbury's Local,Beauty & Toiletries,Beauty & Toiletries,"Gillette Fusion5 Razor For Men, 1 Gillette Razor",1pk,£13.75 each,13.75,,
Sainsbury's Local,Beauty & Toiletries,Beauty & Toiletries,"Gillette Fusion5 Razor Refills For Men, 4 Razor Blade Refills",4pk,£4.41 each,17.65,,
Sainsbury's Local,Beauty & Toiletries,Beauty & Toiletries,"Gillette Sensor3 Comfort, Disposable Razors For Men, 4-Pack Razors",4pk,£1.70 each,6.80,,
Sainsbury's Local,Beauty & Toiletries,Beauty & Toiletries,"Gillette Series Soothing Shave Gel with Aloe Vera, 200ml",200ml,£16.00/L,3.20,,
Sainsbury's Local,Beauty & Toiletries,Beauty & Toiletries,Gillette Venus ComfortGlide Women’s Razor Spa Breeze 1 Refill Razor Cartridges,1pk,£9.40 each,9.40,,
Sainsbury's Local,Beauty & Toiletries,Beauty & Toiletries,"Gillette Venus Extra Comfort Oceana Disposable Razors, Pack Of 3",3pk,£2.50 each,7.50,,
Sainsbury's Local,Beauty & Toiletries,Beauty & Toiletries,Head & Shoulders Classic Clean 2in1 Anti-Dandruff Shampoo and Conditioner 250ml. Dandruff Free Hair,250ml,£14.80/L,3.70,,
Sainsbury's Local,Beauty & Toiletries,Beauty & Toiletries,Head & Shoulders Classic Clean 2in1 Anti-Dandruff Shampoo and Conditioner 330ml. Dandruff Free Hair,330ml,£20.91/L,6.90,,
Sainsbury's Local,Beauty & Toiletries,Beauty & Toiletries,"Head & Shoulders Classic Clean Anti-Dandruff Shampoo 400ml. Works against Dandruff, Oil and Itch",400ml,£17.25/L,6.90,,
Sainsbury's Local,Beauty & Toiletries,Beauty & Toiletries,"Head & Shoulders Classic Clean Anti-Dandruff Shampoo 95ml. Works against Dandruff, Oil and Itch",95ml,£24.21/L,2.30,,
Sainsbury's Local,Beauty & Toiletries,Beauty & Toiletries,Imperial Leather Bergamot & Sea Minerals Foamburst Gel to Foam Body Wash 200ml,200ml,£22.25/L,4.45,,
Sainsbury's Local,Beauty & Toiletries,Beauty & Toiletries,Johnson's Baby Cotton Buds x200,200pk,0.8p each,1.60,,
Sainsbury's Local,Beauty & Toiletries,Beauty & Toiletries,Kleenex Balsam Tissues - 2 Pack - 12 x Clipstrip,2pk,£0.65 each,1.30,,
Sainsbury's Local,Beauty & Toiletries,Beauty & Toiletries,Kleenex Balsam Tissues 2 Boxes,2pk,£1.50 each,3.00,4.00,£1 off
Sainsbury's Local,Beauty & Toiletries,Beauty & Toiletries,Kleenex Extra Large Tissues - Even Bigger Tissues for When You Need a Little Extra - Compact 4 Pack,4pk,£1.46 each,5.85,,
Sainsbury's Local,Beauty & Toiletries,Beauty & Toiletries,L'Oreal Elnett Strong Hold Shine Hairspray 75ml,75ml,£58.67/L,4.40,,
Sainsbury's Local,Beauty & Toiletries,Beauty & Toiletries,"L'Oréal Men Expert Carbon Protect Roll-On, Anti-Perspirant, 48H, 50ml",50ml,£67.00/L,3.35,,
Sainsbury's Local,Beauty & Toiletries,Beauty & Toiletries,"L'Oréal Men Expert Total Clean 5-in-1 Shower Gel Large XL, Powered By Carbon 400ml",400ml,£9.25/L,3.70,,
Sainsbury's Local,Beauty & Toiletries,Beauty & Toiletries,"L'Oréal Paris Elnett Hairspray, Extra Strong Hold 75ml",75ml,£48.00/L,3.60,,
Sainsbury's Local,Beauty & Toiletries,Beauty & Toiletries,"L'Oréal Paris Elnett Hairspray, Normal Hold 200ml",200ml,£33.50/L,6.70,,
Sainsbury's Local,Beauty & Toiletries,Beauty & Toiletries,"L'Oréal Paris Elvive Colour Protect Conditioner, for Coloured & Highlighted Hair, 300ml",300ml,£28.50/L,8.55,,
Sainsbury's Local,Beauty & Toiletries,Beauty & Toiletries,"L'Oréal Paris Elvive Colour Protect Shampoo, for Coloured & Highlighted Hair, 400ml",400ml,£20.50/L,8.20,,
Sainsbury's Local,Beauty & Toiletries,Beauty & Toiletries,"L'Oréal Paris Elvive Dream Lengths Anti-Split Ends Conditioner, for Long Hair, 300ml",300ml,£26.00/L,7.80,,
Sainsbury's Local,Beauty & Toiletries,Beauty & Toiletries,"L'Oréal Paris Elvive Dream Lengths Restoring Shampoo, Keratin & Castor Oil, for Long Hair, 400ml",400ml,£18.75/L,7.50,,
Sainsbury's Local,Beauty & Toiletries,Beauty & Toiletries,Lil-Lets Smartfit 16 Non-Applicator Tampons Super,16pk,£0.16 each,2.60,,
Sainsbury's Local,Beauty & Toiletries,Beauty & Toiletries,Listerine Alcohol Free Cool Mint Daily Mouthwash 500ml,500ml,£5.60/L,2.80,4.35,£1.55 off
Sainsbury's Local,Beauty & Toiletries,Beauty & Toiletries,Listerine Total Care Intense Mint Daily Fluoride Mouthwash 500ml,500ml,£13.60/L,6.80,,
Sainsbury's Local,Beauty & Toiletries,Beauty & Toiletries,Lynx Limited Edition FIFA Africa 3-in-1 Body Wash 500 ml,500ml,£10.20/L,5.10,,
Sainsbury's Local,Beauty & Toiletries,Beauty & Toiletries,Lynx Limited Edition FIFA Africa Aerosol Body Spray 150 ml,150ml,£33.33/L,5.00,,
Sainsbury's Local,Beauty & Toiletries,Beauty & Toiletries,Mitchum Women Powder Fresh Antiperspirant & Deodorant 200ml,200ml,£21.00/L,4.20,,
Sainsbury's Local,Beauty & Toiletries,Beauty & Toiletries,NIVEA 72h Pearl & Beauty Anti-Perspirant Roll-on 50ml,50ml,£38.00/L,1.90,,
Sainsbury's Local,Beauty & Toiletries,Beauty & Toiletries,NIVEA Double Effect Eye Make-Up Remover. 125ml,125ml,£43.60/L,5.45,,
Sainsbury's Local,Beauty & Toiletries,Beauty & Toiletries,NIVEA MEN Cool Kick Spray 250ml,250ml,£14.80/L,3.70,,
Sainsbury's Local,Beauty & Toiletries,Beauty & Toiletries,NIVEA Original Care Caring Lip Balm 4g,6ml,£425.00/L,2.55,,
Sainsbury's Local,Beauty & Toiletries,Beauty & Toiletries,NIVEA Repair & Care Lip Balm SPF15 4.80g,4.8g,£927.08/kg,4.45,,
Sainsbury's Local,Beauty & Toiletries,Beauty & Toiletries,NIVEA SUN Protect & Moisture Lotion sun cream SPF30 200ml,200ml,£56.25/L,11.25,,
Sainsbury's Local,Beauty & Toiletries,Beauty & Toiletries,NIVEA SUN Protect & Moisture Pump Spray SPF 50+ 200ml,200ml,£55.75/L,11.15,,
Sainsbury's Local,Beauty & Toiletries,Beauty & Toiletries,NIVEA SUN Protect Lip Balm SPF50 4.80g,6ml,"£1,081.82/L",5.95,,
Sainsbury's Local,Beauty & Toiletries,Beauty & Toiletries,NIVEA Soft 500ml,500ml,£17.70/L,8.85,,
Sainsbury's Local,Beauty & Toiletries,Beauty & Toiletries,NIVEA Soft Moisturiser Face Body & Hands 75ML,75ml,£44.67/L,3.35,,
Sainsbury's Local,Beauty & Toiletries,Beauty & Toiletries,OGX Argan Oil of Morocco Hair Conditioner for Dry Damaged Hair 385ml,385ml,£25.97/L,10.00,,
Sainsbury's Local,Beauty & Toiletries,Beauty & Toiletries,OGX Argan Oil of Morocco Hair Shampoo for Dry Damaged Hair 385ml,385ml,£27.01/L,10.40,,
Sainsbury's Local,Beauty & Toiletries,Beauty & Toiletries,Oral-B Pro-Expert Professional Protection Toothpaste 75ml,75ml,£66.00/L,4.95,,
Sainsbury's Local,Beauty & Toiletries,Beauty & Toiletries,Original Source Coconut & Shea Butter Vegan Shower Gel 500ml,500ml,£4.80/L,2.40,,
Sainsbury's Local,Beauty & Toiletries,Beauty & Toiletries,Original Source Tropical Coconut & Shea Butter Shower 250ml,250ml,£8.20/L,2.05,,
Sainsbury's Local,Beauty & Toiletries,Beauty & Toiletries,Palmer's Cocoa Butter Formula Cocoa Butter Lip Balm 4g,4g,£700.00/kg,2.80,,
Sainsbury's Local,Beauty & Toiletries,Beauty & Toiletries,Palmolive Naturals Milk & Honey Liquid Handwash Soap 300ml,300ml,£6.17/L,1.85,,
Sainsbury's Local,Beauty & Toiletries,Beauty & Toiletries,Palmolive Naturals Milk & Honey Shower Gel Body Wash 450ml,500ml,£5.10/L,2.55,,
Sainsbury's Local,Beauty & Toiletries,Beauty & Toiletries,Radox Mineral Therapy Feel Awake 2-in-1 Shower Gel & Shampoo 225 ml,225ml,£5.78/L,1.30,,
Sainsbury's Local,Beauty & Toiletries,Beauty & Toiletries,Radox Mineral Therapy Feel Radiant Shower Gel 225 ml,225ml,£5.78/L,1.30,,
Sainsbury's Local,Beauty & Toiletries,Beauty & Toiletries,Radox Mineral Therapy Muscle Soak Bath Soak 500 ml,500ml,£5.40/L,2.70,,
Sainsbury's Local,Beauty & Toiletries,Beauty & Toiletries,Reach Interdental,2pk,£1.40 each,2.80,,
Sainsbury's Local,Beauty & Toiletries,Beauty & Toiletries,Sainsbury's 100 Round Cotton Wool Double Faced Pads,100pk,£0.02 each,2.00,,
Sainsbury's Local,Beauty & Toiletries,Beauty & Toiletries,Sainsbury's 4 Assorted Combs,4pk,£0.84 each,3.35,,
Sainsbury's Local,Beauty & Toiletries,Beauty & Toiletries,Sainsbury's 45 Hair Grips,45pk,£0.04 each,1.65,,
Sainsbury's Local,Beauty & Toiletries,Beauty & Toiletries,Sainsbury's 6 Snap Clips Black,6pk,£0.28 each,1.65,,
Sainsbury's Local,Beauty & Toiletries,Beauty & Toiletries,Sainsbury's Everyday Accessories 12 Medium Brown Hair Bands,12pk,£0.14 each,1.65,,
Sainsbury's Local,Beauty & Toiletries,Beauty & Toiletries,Sainsbury's Everyday Accessories 12 Medium Hair Bands,12pk,£0.14 each,1.65,,
Sainsbury's Local,Beauty & Toiletries,Beauty & Toiletries,Sainsbury's Everyday Accessories Pocket Comb,1pk,£2.00 each,2.00,,
Sainsbury's Local,Beauty & Toiletries,Beauty & Toiletries,Sainsbury's Nail Polish Remover 250ml,250ml,£8.20/L,2.05,,
Sainsbury's Local,Beauty & Toiletries,Beauty & Toiletries,Sainsbury's Super Soft Pocket Tissues 10x10 Sheets,,,1.45,,
Sainsbury's Local,Beauty & Toiletries,Beauty & Toiletries,Sally Hansen Double Duty Base Top 13.3ml,13.3ml,£729.32/L,9.70,,
Sainsbury's Local,Beauty & Toiletries,Beauty & Toiletries,Sanctuary Spa Lily & Rose Collection Body Wash Jojoba Beads 250ml,250ml,£34.40/L,8.60,,
Sainsbury's Local,Beauty & Toiletries,Beauty & Toiletries,Sanctuary Spa Signature Collection Body Wash Jojoba Beads 250ml,250ml,£39.40/L,9.85,,
Sainsbury's Local,Beauty & Toiletries,Beauty & Toiletries,Sanctuary Spa Signature Minis,1pk,£14.50 each,14.50,,
Sainsbury's Local,Beauty & Toiletries,Beauty & Toiletries,Sanex Derma Care Sensitive 48h Antiperspirant Roll-On Deodorant 50ml,50ml,£52.00/L,2.60,,
Sainsbury's Local,Beauty & Toiletries,Beauty & Toiletries,Sanex Expert Skin Health Moisturising Shower Gel Body Wash 450ml,450ml,£5.56/L,2.50,4.10,£1.60 off
Sainsbury's Local,Beauty & Toiletries,Beauty & Toiletries,Sanex Men Active Control 72h Antiperspirant Roll On Deodorant 50ml,50ml,£51.00/L,2.55,,
Sainsbury's Local,Beauty & Toiletries,Beauty & Toiletries,Sani Hands 12 Antibacterial Hand Wipes,12pk,£0.09 each,1.10,,
Sainsbury's Local,Beauty & Toiletries,Beauty & Toiletries,Schwarzkopf got2b Glued Blasting Freeze Hair Spray 300ml,300ml,£24.00/L,7.20,,
Sainsbury's Local,Beauty & Toiletries,Beauty & Toiletries,"Sensodyne Pronamel Daily Protection Enamel Care Toothpaste, 75ml",75ml,£90.67/L,6.80,,
Sainsbury's Local,Beauty & Toiletries,Beauty & Toiletries,Sensodyne Repair & Protect Original Sensitive Toothpaste 75ml,75ml,£110.00/L,8.25,,
Sainsbury's Local,Beauty & Toiletries,Beauty & Toiletries,Simple Kind to Skin Cleansing Wipes 25 wipes,,,2.45,,
Sainsbury's Local,Beauty & Toiletries,Beauty & Toiletries,Simple Kind to Skin Hydrating Moisturiser 125 ml,125ml,£37.60/L,4.70,,
Sainsbury's Local,Beauty & Toiletries,Beauty & Toiletries,Simple Kind to Skin Moisturising Facial Wash 150 ml,150ml,£34.67/L,5.20,,
Sainsbury's Local,Beauty & Toiletries,Beauty & Toiletries,Steradent Active Plus 30 Tablets,30pk,£0.06 each,1.65,,
Sainsbury's Local,Beauty & Toiletries,Beauty & Toiletries,Sundae Pomegranate Fizz Whipped Shower Foam with Kakadu Plum & Finger Lime 260g,265ml,£56.23/L,14.90,,
Sainsbury's Local,Beauty & Toiletries,Beauty & Toiletries,Sundae Very Vanilla Whipped Shower Foam 265ml,265ml,£56.23/L,14.90,,
Sainsbury's Local,Beauty & Toiletries,Beauty & Toiletries,Sure Anti-Perspirant Aerosol Invisible Pure 200 ml,200ml,£14.25/L,2.85,,
Sainsbury's Local,Beauty & Toiletries,Beauty & Toiletries,Sure Anti-perspirant Roll On Sensitive 50 ml,50ml,£36.00/L,1.80,,
Sainsbury's Local,Beauty & Toiletries,Beauty & Toiletries,Sure FIFA Limited Edition Bright Bouquet Anti-Perspirant Aerosol 200 ml,200ml,£14.25/L,2.85,,
Sainsbury's Local,Beauty & Toiletries,Beauty & Toiletries,Sure Men FIFA Limited Collection Active Dry Anti-Perspirant Aerosol 200 ml,200ml,£15.50/L,3.10,,
Sainsbury's Local,Beauty & Toiletries,Beauty & Toiletries,Sure Men Invisible Ice Fresh Anti-Perspirant Aerosol 200 ml,200ml,£15.50/L,3.10,,
Sainsbury's Local,Beauty & Toiletries,Beauty & Toiletries,TENA Discreet Normal Incontinence Pads x 12,12pk,£0.28 each,3.30,,
Sainsbury's Local,Beauty & Toiletries,Beauty & Toiletries,TENA Incontinence Pants Protect+ Super Large 12 Pack,12pk,£1.28 each,15.40,,
Sainsbury's Local,Beauty & Toiletries,Beauty & Toiletries,TENA lights Long Liner 20 pack,20pk,£0.14 each,2.75,,
Sainsbury's Local,Beauty & Toiletries,Beauty & Toiletries,TRESemme Hydra Molecular Moisture Conditioner 200 ml,200ml,£20.00/L,4.00,,
Sainsbury's Local,Beauty & Toiletries,Beauty & Toiletries,TRESemme Hydra Molecular Moisture Shampoo 250 ml,250ml,£16.00/L,4.00,,
Sainsbury's Local,Beauty & Toiletries,Beauty & Toiletries,TRESemme Moisture Rich Conditioner 100ml,100ml,£20.00/L,2.00,,
Sainsbury's Local,Beauty & Toiletries,Beauty & Toiletries,TRESemme Rich Moisture Shampoo 100ml,100ml,£20.00/L,2.00,,
Sainsbury's Local,Beauty & Toiletries,Beauty & Toiletries,Tampax Compak Regular Tampons With Applicator x18,18pk,£0.18 each,3.30,,
Sainsbury's Local,Beauty & Toiletries,Beauty & Toiletries,Tampax Pearl Compak Regular Tampons With Applicator x20,20pk,£0.23 each,4.50,,
Sainsbury's Local,Beauty & Toiletries,Beauty & Toiletries,Tampax Pearl Compak Super Plus Tampons With Applicator x20,20pk,£0.23 each,4.50,,
Sainsbury's Local,Beauty & Toiletries,Beauty & Toiletries,Tampax Pearl Compak Super Tampons With Applicator x20,20pk,£0.23 each,4.50,,
Sainsbury's Local,Beauty & Toiletries,Beauty & Toiletries,Tangle Teezer Straight Curly Detangling Mini Hairbrush,1pk,£14.50 each,14.50,,
Sainsbury's Local,Beauty & Toiletries,Beauty & Toiletries,TePe 6 Interdental Brush Size 2,6pk,£0.61 each,3.65,,
Sainsbury's Local,Beauty & Toiletries,Beauty & Toiletries,Umberto Giannini Curl Jelly Scrunching Jelly 200ml,200ml,£59.00/L,11.80,,
Sainsbury's Local,Beauty & Toiletries,Beauty & Toiletries,VO5 Matt Clay 85g,75ml,£87.33/L,6.55,,
Sainsbury's Local,Beauty & Toiletries,Beauty & Toiletries,Vaseline Lip Therapy Aloe Vera Lip Tin 20g,20g,£72.50/kg,1.45,,
Sainsbury's Local,Beauty & Toiletries,Beauty & Toiletries,Vaseline Lip Therapy Original Lip Balm Tin 20 g,20g,£72.50/kg,1.45,,
Sainsbury's Local,Beauty & Toiletries,Beauty & Toiletries,Wella Silvikrin Maximum Hold Hairspray 400ml,400ml,£17.25/L,6.90,,
Sainsbury's Local,Beauty & Toiletries,Beauty & Toiletries,Wet Ones 12 Be Fresh Refreshing Cucumber Fragrance Hand Wipes,,,1.10,,
Sainsbury's Local,Beauty & Toiletries,Beauty & Toiletries,Wet Ones Be Zingy 12 Antibacterial Hand & Body Wipes Citrus Fragrance,,,1.00,,
Sainsbury's Local,Beauty & Toiletries,Dental,Aquafresh Kids Little Teeth Toothbrush 3-5 Years,1pk,£2.40 each,2.40,,
Sainsbury's Local,Beauty & Toiletries,Dental,"Aquafresh Kids Paw Patrol Little Teeth Toothpaste 3-5 Years, 75ml",75ml,£38.00/L,2.85,,
Sainsbury's Local,Beauty & Toiletries,Dental,Colgate Max White Medium Manual Toothbrush x3,3pk,£2.03 each,6.10,,
Sainsbury's Local,Beauty & Toiletries,Dental,Colgate Max White Medium Toothbrush Single,1pk,£3.35 each,3.35,,
Sainsbury's Local,Beauty & Toiletries,Dental,Colgate Maximum Cavity Protection Toothpaste 75ml,75ml,£25.33/L,1.90,,
Sainsbury's Local,Beauty & Toiletries,Dental,Colgate Total Active Prevention Original Toothpaste 75ml,75ml,£33.33/L,2.50,4.95,£2.45 off
Sainsbury's Local,Beauty & Toiletries,Dental,Colgate Total Active Prevention Teeth Whitening Toothpaste 75ml,75ml,£33.33/L,2.50,4.95,£2.45 off
Sainsbury's Local,Beauty & Toiletries,Dental,"Corsodyl Medicated Antibacterial Mouthwash Fresh Mint, 300ml",300ml,£23.67/L,7.10,,
Sainsbury's Local,Beauty & Toiletries,Dental,Listerine Alcohol Free Cool Mint Daily Mouthwash 500ml,500ml,£5.60/L,2.80,4.35,£1.55 off
Sainsbury's Local,Beauty & Toiletries,Dental,Listerine Total Care Intense Mint Daily Fluoride Mouthwash 500ml,500ml,£13.60/L,6.80,,
Sainsbury's Local,Beauty & Toiletries,Dental,Oral-B Pro-Expert Professional Protection Toothpaste 75ml,75ml,£66.00/L,4.95,,
Sainsbury's Local,Beauty & Toiletries,Dental,Reach Interdental,2pk,£1.40 each,2.80,,
Sainsbury's Local,Beauty & Toiletries,Dental,"Sensodyne Pronamel Daily Protection Enamel Care Toothpaste, 75ml",75ml,£90.67/L,6.80,,
Sainsbury's Local,Beauty & Toiletries,Dental,Sensodyne Repair & Protect Original Sensitive Toothpaste 75ml,75ml,£110.00/L,8.25,,
Sainsbury's Local,Beauty & Toiletries,Dental,Steradent Active Plus 30 Tablets,30pk,£0.06 each,1.65,,
Sainsbury's Local,Beauty & Toiletries,Dental,TePe 6 Interdental Brush Size 2,6pk,£0.61 each,3.65,,
Sainsbury's Local,Beauty & Toiletries,Deodorant,"L'Oréal Men Expert Carbon Protect Roll-On, Anti-Perspirant, 48H, 50ml",50ml,£67.00/L,3.35,,
Sainsbury's Local,Beauty & Toiletries,Deodorant,Lynx Limited Edition FIFA Africa Aerosol Body Spray 150 ml,150ml,£33.33/L,5.00,,
Sainsbury's Local,Beauty & Toiletries,Deodorant,Mitchum Women Powder Fresh Antiperspirant & Deodorant 200ml,200ml,£21.00/L,4.20,,
Sainsbury's Local,Beauty & Toiletries,Deodorant,NIVEA 72h Pearl & Beauty Anti-Perspirant Roll-on 50ml,50ml,£38.00/L,1.90,,
Sainsbury's Local,Beauty & Toiletries,Deodorant,NIVEA MEN Cool Kick Spray 250ml,250ml,£14.80/L,3.70,,
Sainsbury's Local,Beauty & Toiletries,Deodorant,Sanex Derma Care Sensitive 48h Antiperspirant Roll-On Deodorant 50ml,50ml,£52.00/L,2.60,,
Sainsbury's Local,Beauty & Toiletries,Deodorant,Sanex Men Active Control 72h Antiperspirant Roll On Deodorant 50ml,50ml,£51.00/L,2.55,,
Sainsbury's Local,Beauty & Toiletries,Deodorant,Sure Anti-Perspirant Aerosol Invisible Pure 200 ml,200ml,£14.25/L,2.85,,
Sainsbury's Local,Beauty & Toiletries,Deodorant,Sure Anti-perspirant Roll On Sensitive 50 ml,50ml,£36.00/L,1.80,,
Sainsbury's Local,Beauty & Toiletries,Deodorant,Sure FIFA Limited Edition Bright Bouquet Anti-Perspirant Aerosol 200 ml,200ml,£14.25/L,2.85,,
Sainsbury's Local,Beauty & Toiletries,Deodorant,Sure Men FIFA Limited Collection Active Dry Anti-Perspirant Aerosol 200 ml,200ml,£15.50/L,3.10,,
Sainsbury's Local,Beauty & Toiletries,Deodorant,Sure Men Invisible Ice Fresh Anti-Perspirant Aerosol 200 ml,200ml,£15.50/L,3.10,,
Sainsbury's Local,Beauty & Toiletries,Hair Care,Aussie Miracle Moist Detangling Conditioner 200ml. Moisturising Formula to Revive Dry Hair,200ml,£16.50/L,3.30,5.50,£2.20 off
Sainsbury's Local,Beauty & Toiletries,Hair Care,Aussie Miracle Moist Shampoo 300ml. Moisture-Quenching Formula to Revive Dry Hair,300ml,£11.00/L,3.30,5.50,£2.20 off
Sainsbury's Local,Beauty & Toiletries,Hair Care,Batiste Dry Shampoo Original Classic Fresh 200ml,200ml,£22.00/L,4.40,,
Sainsbury's Local,Beauty & Toiletries,Hair Care,Head & Shoulders Classic Clean 2in1 Anti-Dandruff Shampoo and Conditioner 250ml. Dandruff Free Hair,250ml,£14.80/L,3.70,,
Sainsbury's Local,Beauty & Toiletries,Hair Care,Head & Shoulders Classic Clean 2in1 Anti-Dandruff Shampoo and Conditioner 330ml. Dandruff Free Hair,330ml,£20.91/L,6.90,,
Sainsbury's Local,Beauty & Toiletries,Hair Care,"Head & Shoulders Classic Clean Anti-Dandruff Shampoo 400ml. Works against Dandruff, Oil and Itch",400ml,£17.25/L,6.90,,
Sainsbury's Local,Beauty & Toiletries,Hair Care,"Head & Shoulders Classic Clean Anti-Dandruff Shampoo 95ml. Works against Dandruff, Oil and Itch",95ml,£24.21/L,2.30,,
Sainsbury's Local,Beauty & Toiletries,Hair Care,L'Oreal Elnett Strong Hold Shine Hairspray 75ml,75ml,£58.67/L,4.40,,
Sainsbury's Local,Beauty & Toiletries,Hair Care,"L'Oréal Paris Elnett Hairspray, Extra Strong Hold 75ml",75ml,£48.00/L,3.60,,
Sainsbury's Local,Beauty & Toiletries,Hair Care,"L'Oréal Paris Elnett Hairspray, Normal Hold 200ml",200ml,£33.50/L,6.70,,
Sainsbury's Local,Beauty & Toiletries,Hair Care,"L'Oréal Paris Elvive Colour Protect Conditioner, for Coloured & Highlighted Hair, 300ml",300ml,£28.50/L,8.55,,
Sainsbury's Local,Beauty & Toiletries,Hair Care,"L'Oréal Paris Elvive Colour Protect Shampoo, for Coloured & Highlighted Hair, 400ml",400ml,£20.50/L,8.20,,
Sainsbury's Local,Beauty & Toiletries,Hair Care,"L'Oréal Paris Elvive Dream Lengths Anti-Split Ends Conditioner, for Long Hair, 300ml",300ml,£26.00/L,7.80,,
Sainsbury's Local,Beauty & Toiletries,Hair Care,"L'Oréal Paris Elvive Dream Lengths Restoring Shampoo, Keratin & Castor Oil, for Long Hair, 400ml",400ml,£18.75/L,7.50,,
Sainsbury's Local,Beauty & Toiletries,Hair Care,OGX Argan Oil of Morocco Hair Conditioner for Dry Damaged Hair 385ml,385ml,£25.97/L,10.00,,
Sainsbury's Local,Beauty & Toiletries,Hair Care,OGX Argan Oil of Morocco Hair Shampoo for Dry Damaged Hair 385ml,385ml,£27.01/L,10.40,,
Sainsbury's Local,Beauty & Toiletries,Hair Care,Sainsbury's 4 Assorted Combs,4pk,£0.84 each,3.35,,
Sainsbury's Local,Beauty & Toiletries,Hair Care,Sainsbury's 45 Hair Grips,45pk,£0.04 each,1.65,,
Sainsbury's Local,Beauty & Toiletries,Hair Care,Sainsbury's 6 Snap Clips Black,6pk,£0.28 each,1.65,,
Sainsbury's Local,Beauty & Toiletries,Hair Care,Sainsbury's Everyday Accessories 12 Medium Brown Hair Bands,12pk,£0.14 each,1.65,,
Sainsbury's Local,Beauty & Toiletries,Hair Care,Sainsbury's Everyday Accessories 12 Medium Hair Bands,12pk,£0.14 each,1.65,,
Sainsbury's Local,Beauty & Toiletries,Hair Care,Sainsbury's Everyday Accessories Pocket Comb,1pk,£2.00 each,2.00,,
Sainsbury's Local,Beauty & Toiletries,Hair Care,Schwarzkopf got2b Glued Blasting Freeze Hair Spray 300ml,300ml,£24.00/L,7.20,,
Sainsbury's Local,Beauty & Toiletries,Hair Care,TRESemme Hydra Molecular Moisture Conditioner 200 ml,200ml,£20.00/L,4.00,,
Sainsbury's Local,Beauty & Toiletries,Hair Care,TRESemme Hydra Molecular Moisture Shampoo 250 ml,250ml,£16.00/L,4.00,,
Sainsbury's Local,Beauty & Toiletries,Hair Care,TRESemme Moisture Rich Conditioner 100ml,100ml,£20.00/L,2.00,,
Sainsbury's Local,Beauty & Toiletries,Hair Care,TRESemme Rich Moisture Shampoo 100ml,100ml,£20.00/L,2.00,,
Sainsbury's Local,Beauty & Toiletries,Hair Care,Tangle Teezer Straight Curly Detangling Mini Hairbrush,1pk,£14.50 each,14.50,,
Sainsbury's Local,Beauty & Toiletries,Hair Care,Umberto Giannini Curl Jelly Scrunching Jelly 200ml,200ml,£59.00/L,11.80,,
Sainsbury's Local,Beauty & Toiletries,Hair Care,VO5 Matt Clay 85g,75ml,£87.33/L,6.55,,
Sainsbury's Local,Beauty & Toiletries,Hair Care,Wella Silvikrin Maximum Hold Hairspray 400ml,400ml,£17.25/L,6.90,,
Sainsbury's Local,Beauty & Toiletries,Hand Soap & Sanitiser,Baylis & Harding Goodness Tonka Bean & Neroli Natural Hand Wash 500ml,500ml,£9.80/L,4.90,,
Sainsbury's Local,Beauty & Toiletries,Hand Soap & Sanitiser,Baylis & Harding Jasmine & Apple Blossom Luxury Hand Wash 500ml,500ml,£6.20/L,3.10,,
Sainsbury's Local,Beauty & Toiletries,Hand Soap & Sanitiser,Baylis & Harding Sweet Mandarin & Grapefruit Luxury Hand Wash 500ml,500ml,£6.20/L,3.10,,
Sainsbury's Local,Beauty & Toiletries,Hand Soap & Sanitiser,Baylis & Harding the Edit Twilight Amber Luxury Hand Wash 400ml,400ml,£12.25/L,4.90,,
Sainsbury's Local,Beauty & Toiletries,Hand Soap & Sanitiser,Carex Antibacterial Hand Sanitiser Gel Original 50ml,50ml,£37.00/L,1.85,,
Sainsbury's Local,Beauty & Toiletries,Hand Soap & Sanitiser,Carex Moisture Antibacterial Hand Wash 250ml,250ml,£8.00/L,2.00,,
Sainsbury's Local,Beauty & Toiletries,Hand Soap & Sanitiser,Carex The Original Antibacterial Hand Wash 250ml,250ml,£8.00/L,2.00,,
Sainsbury's Local,Beauty & Toiletries,Hand Soap & Sanitiser,Dove Deeply Nourishing Liquid Hand Wash 250 ml,250ml,£7.40/L,1.85,,
Sainsbury's Local,Beauty & Toiletries,Hand Soap & Sanitiser,Palmolive Naturals Milk & Honey Liquid Handwash Soap 300ml,300ml,£6.17/L,1.85,,
Sainsbury's Local,Beauty & Toiletries,"Holiday Ready, Festival Set",Batiste Dry Shampoo Original Classic Fresh 200ml,200ml,£22.00/L,4.40,,
Sainsbury's Local,Beauty & Toiletries,"Holiday Ready, Festival Set",Carex Antibacterial Hand Sanitiser Gel Original 50ml,50ml,£37.00/L,1.85,,
Sainsbury's Local,Beauty & Toiletries,"Holiday Ready, Festival Set",Colgate Total Active Prevention Original Travel Toothpaste 20ml,20ml,£85.00/L,1.70,,
Sainsbury's Local,Beauty & Toiletries,"Holiday Ready, Festival Set",Gillette BlueII Plus Slalom Men's Disposable Razors x8,8pk,£0.54 each,4.30,,
Sainsbury's Local,Beauty & Toiletries,"Holiday Ready, Festival Set","Gillette Sensor3 Comfort, Disposable Razors For Men, 4-Pack Razors",4pk,£1.70 each,6.80,,
Sainsbury's Local,Beauty & Toiletries,"Holiday Ready, Festival Set","Head & Shoulders Classic Clean Anti-Dandruff Shampoo 95ml. Works against Dandruff, Oil and Itch",95ml,£24.21/L,2.30,,
Sainsbury's Local,Beauty & Toiletries,"Holiday Ready, Festival Set","L'Oréal Paris Elnett Hairspray, Extra Strong Hold 75ml",75ml,£48.00/L,3.60,,
Sainsbury's Local,Beauty & Toiletries,"Holiday Ready, Festival Set",Lynx Limited Edition FIFA Africa Aerosol Body Spray 150 ml,150ml,£33.33/L,5.00,,
Sainsbury's Local,Beauty & Toiletries,"Holiday Ready, Festival Set",NIVEA 72h Pearl & Beauty Anti-Perspirant Roll-on 50ml,50ml,£38.00/L,1.90,,
Sainsbury's Local,Beauty & Toiletries,"Holiday Ready, Festival Set",Sainsbury's 45 Hair Grips,45pk,£0.04 each,1.65,,
Sainsbury's Local,Beauty & Toiletries,"Holiday Ready, Festival Set",Sanex Derma Care Sensitive 48h Antiperspirant Roll-On Deodorant 50ml,50ml,£52.00/L,2.60,,
Sainsbury's Local,Beauty & Toiletries,"Holiday Ready, Festival Set",TRESemme Moisture Rich Conditioner 100ml,100ml,£20.00/L,2.00,,
Sainsbury's Local,Beauty & Toiletries,"Holiday Ready, Festival Set",TRESemme Rich Moisture Shampoo 100ml,100ml,£20.00/L,2.00,,
Sainsbury's Local,Beauty & Toiletries,"Holiday Ready, Festival Set",VO5 Matt Clay 85g,75ml,£87.33/L,6.55,,
Sainsbury's Local,Beauty & Toiletries,"Holiday Ready, Festival Set",Wet Ones 12 Be Fresh Refreshing Cucumber Fragrance Hand Wipes,,,1.10,,
Sainsbury's Local,Beauty & Toiletries,In Store Prices,Sainsbury's 100 Round Cotton Wool Double Faced Pads,100pk,£0.02 each,2.00,,
Sainsbury's Local,Beauty & Toiletries,Incontinence,Always Discreet Incontinence Pads Women Long 10 Count,10pk,£0.31 each,3.05,,
Sainsbury's Local,Beauty & Toiletries,Incontinence,TENA Discreet Normal Incontinence Pads x 12,12pk,£0.28 each,3.30,,
Sainsbury's Local,Beauty & Toiletries,Incontinence,TENA Incontinence Pants Protect+ Super Large 12 Pack,12pk,£1.28 each,15.40,,
Sainsbury's Local,Beauty & Toiletries,Incontinence,TENA lights Long Liner 20 pack,20pk,£0.14 each,2.75,,
Sainsbury's Local,Beauty & Toiletries,Intimate Hygiene,Femfresh Intimate Skin Care 25 Biodegradable & Flushable Feminine Intimate Wipes,25pk,£0.15 each,3.65,,
Sainsbury's Local,Beauty & Toiletries,Offers,Andrex Ultimate Fresh Hygiene Wipes,36pk,£0.03 each,1.00,1.50,£0.50 off
Sainsbury's Local,Beauty & Toiletries,Offers,Aussie Miracle Moist Detangling Conditioner 200ml. Moisturising Formula to Revive Dry Hair,200ml,£16.50/L,3.30,5.50,£2.20 off
Sainsbury's Local,Beauty & Toiletries,Offers,Aussie Miracle Moist Shampoo 300ml. Moisture-Quenching Formula to Revive Dry Hair,300ml,£11.00/L,3.30,5.50,£2.20 off
Sainsbury's Local,Beauty & Toiletries,Offers,Colgate Total Active Prevention Original Toothpaste 75ml,75ml,£33.33/L,2.50,4.95,£2.45 off
Sainsbury's Local,Beauty & Toiletries,Offers,Colgate Total Active Prevention Teeth Whitening Toothpaste 75ml,75ml,£33.33/L,2.50,4.95,£2.45 off
Sainsbury's Local,Beauty & Toiletries,Offers,Kleenex Balsam Tissues 2 Boxes,2pk,£1.50 each,3.00,4.00,£1 off
Sainsbury's Local,Beauty & Toiletries,Offers,Listerine Alcohol Free Cool Mint Daily Mouthwash 500ml,500ml,£5.60/L,2.80,4.35,£1.55 off
Sainsbury's Local,Beauty & Toiletries,Offers,Sanex Expert Skin Health Moisturising Shower Gel Body Wash 450ml,450ml,£5.56/L,2.50,4.10,£1.60 off
Sainsbury's Local,Beauty & Toiletries,Period Products,"Always Daily Fresh Normal Wrapped Panty Liners 20 Liners, 0% Fragrances",20pk,£0.07 each,1.30,,
Sainsbury's Local,Beauty & Toiletries,Period Products,"Always Daily Protect Extra Long Panty Liners 24 Liners, Odour Lock",24pk,£0.10 each,2.30,,
Sainsbury's Local,Beauty & Toiletries,Period Products,"Always Maxi Profresh Night Sanitary Towels (Size 4) 10 Pads, Menstrual Pads For Heavy Flow",10pk,£0.31 each,3.05,,
Sainsbury's Local,Beauty & Toiletries,Period Products,Always Ultra Sanitary Towels Heavy Flow Day (Size 3) Wings 9 Pads For Menstrual Periods,9pk,£0.31 each,2.75,,
Sainsbury's Local,Beauty & Toiletries,Period Products,Always Ultra Sanitary Towels Moderate Flow Day (Size 2) Wings 11 Pads For Menstrual Periods,11pk,£0.25 each,2.75,,
Sainsbury's Local,Beauty & Toiletries,Period Products,"Always Ultra Sanitary Towels Moderate Night (Size 4) Wings 8 Pads, For Menstrual Periods",8pk,£0.34 each,2.75,,
Sainsbury's Local,Beauty & Toiletries,Period Products,Lil-Lets Smartfit 16 Non-Applicator Tampons Super,16pk,£0.16 each,2.60,,
Sainsbury's Local,Beauty & Toiletries,Period Products,Tampax Compak Regular Tampons With Applicator x18,18pk,£0.18 each,3.30,,
Sainsbury's Local,Beauty & Toiletries,Period Products,Tampax Pearl Compak Regular Tampons With Applicator x20,20pk,£0.23 each,4.50,,
Sainsbury's Local,Beauty & Toiletries,Period Products,Tampax Pearl Compak Super Plus Tampons With Applicator x20,20pk,£0.23 each,4.50,,
Sainsbury's Local,Beauty & Toiletries,Period Products,Tampax Pearl Compak Super Tampons With Applicator x20,20pk,£0.23 each,4.50,,
Sainsbury's Local,Beauty & Toiletries,Shaving & Hair Removal,Gillette BlueII Plus Slalom Men's Disposable Razors x8,8pk,£0.54 each,4.30,,
Sainsbury's Local,Beauty & Toiletries,Shaving & Hair Removal,"Gillette Fusion Shave Gel with Almond Oil, For Sensitive Skin, 200ml",200ml,£20.75/L,4.15,,
Sainsbury's Local,Beauty & Toiletries,Shaving & Hair Removal,"Gillette Fusion5 Razor For Men, 1 Gillette Razor",1pk,£13.75 each,13.75,,
Sainsbury's Local,Beauty & Toiletries,Shaving & Hair Removal,"Gillette Fusion5 Razor Refills For Men, 4 Razor Blade Refills",4pk,£4.41 each,17.65,,
Sainsbury's Local,Beauty & Toiletries,Shaving & Hair Removal,"Gillette Sensor3 Comfort, Disposable Razors For Men, 4-Pack Razors",4pk,£1.70 each,6.80,,
Sainsbury's Local,Beauty & Toiletries,Shaving & Hair Removal,"Gillette Series Soothing Shave Gel with Aloe Vera, 200ml",200ml,£16.00/L,3.20,,
Sainsbury's Local,Beauty & Toiletries,Shaving & Hair Removal,Gillette Venus ComfortGlide Women’s Razor Spa Breeze 1 Refill Razor Cartridges,1pk,£9.40 each,9.40,,
Sainsbury's Local,Beauty & Toiletries,Shaving & Hair Removal,"Gillette Venus Extra Comfort Oceana Disposable Razors, Pack Of 3",3pk,£2.50 each,7.50,,
Sainsbury's Local,Beauty & Toiletries,Skin & Body Care,Aveeno Daily Moisturising Body Lotion Moisturiser Cream 200ml,200ml,£39.25/L,7.85,,
Sainsbury's Local,Beauty & Toiletries,Skin & Body Care,Colgate Total Active Prevention Original Travel Toothpaste 20ml,20ml,£85.00/L,1.70,,
Sainsbury's Local,Beauty & Toiletries,Skin & Body Care,E45 Moisturising Lotion 500ml,500ml,£23.70/L,11.85,,
Sainsbury's Local,Beauty & Toiletries,Skin & Body Care,Elegant Touch Manicure Accessories Professional Emery Boards,1pk,£2.15 each,2.15,,
Sainsbury's Local,Beauty & Toiletries,Skin & Body Care,"Garnier Moisture Bomb Pomegranate and Hyaluronic Acid Sheet Mask, Hydrating & Replumping, 28g",1pk,£139.29/kg,3.90,,
Sainsbury's Local,Beauty & Toiletries,Skin & Body Care,Johnson's Baby Cotton Buds x200,200pk,0.8p each,1.60,,
Sainsbury's Local,Beauty & Toiletries,Skin & Body Care,NIVEA Double Effect Eye Make-Up Remover. 125ml,125ml,£43.60/L,5.45,,
Sainsbury's Local,Beauty & Toiletries,Skin & Body Care,NIVEA Original Care Caring Lip Balm 4g,6ml,£425.00/L,2.55,,
Sainsbury's Local,Beauty & Toiletries,Skin & Body Care,NIVEA Repair & Care Lip Balm SPF15 4.80g,4.8g,£927.08/kg,4.45,,
Sainsbury's Local,Beauty & Toiletries,Skin & Body Care,NIVEA SUN Protect & Moisture Lotion sun cream SPF30 200ml,200ml,£56.25/L,11.25,,
Sainsbury's Local,Beauty & Toiletries,Skin & Body Care,NIVEA SUN Protect & Moisture Pump Spray SPF 50+ 200ml,200ml,£55.75/L,11.15,,
Sainsbury's Local,Beauty & Toiletries,Skin & Body Care,NIVEA SUN Protect Lip Balm SPF50 4.80g,6ml,"£1,081.82/L",5.95,,
Sainsbury's Local,Beauty & Toiletries,Skin & Body Care,NIVEA Soft 500ml,500ml,£17.70/L,8.85,,
Sainsbury's Local,Beauty & Toiletries,Skin & Body Care,NIVEA Soft Moisturiser Face Body & Hands 75ML,75ml,£44.67/L,3.35,,
Sainsbury's Local,Beauty & Toiletries,Skin & Body Care,Palmer's Cocoa Butter Formula Cocoa Butter Lip Balm 4g,4g,£700.00/kg,2.80,,
Sainsbury's Local,Beauty & Toiletries,Skin & Body Care,Sainsbury's 100 Round Cotton Wool Double Faced Pads,100pk,£0.02 each,2.00,,
Sainsbury's Local,Beauty & Toiletries,Skin & Body Care,Sainsbury's Nail Polish Remover 250ml,250ml,£8.20/L,2.05,,
Sainsbury's Local,Beauty & Toiletries,Skin & Body Care,Sally Hansen Double Duty Base Top 13.3ml,13.3ml,£729.32/L,9.70,,
Sainsbury's Local,Beauty & Toiletries,Skin & Body Care,Simple Kind to Skin Cleansing Wipes 25 wipes,,,2.45,,
Sainsbury's Local,Beauty & Toiletries,Skin & Body Care,Simple Kind to Skin Hydrating Moisturiser 125 ml,125ml,£37.60/L,4.70,,
Sainsbury's Local,Beauty & Toiletries,Skin & Body Care,Simple Kind to Skin Moisturising Facial Wash 150 ml,150ml,£34.67/L,5.20,,
Sainsbury's Local,Beauty & Toiletries,Skin & Body Care,Vaseline Lip Therapy Aloe Vera Lip Tin 20g,20g,£72.50/kg,1.45,,
Sainsbury's Local,Beauty & Toiletries,Skin & Body Care,Vaseline Lip Therapy Original Lip Balm Tin 20 g,20g,£72.50/kg,1.45,,
Sainsbury's Local,Beauty & Toiletries,Suncare & Travel,Gillette Venus ComfortGlide Women’s Razor Spa Breeze 1 Refill Razor Cartridges,1pk,£9.40 each,9.40,,
Sainsbury's Local,Beauty & Toiletries,Suncare & Travel,"Gillette Venus Extra Comfort Oceana Disposable Razors, Pack Of 3",3pk,£2.50 each,7.50,,
Sainsbury's Local,Beauty & Toiletries,Suncare & Travel,NIVEA SUN Protect & Moisture Lotion sun cream SPF30 200ml,200ml,£56.25/L,11.25,,
Sainsbury's Local,Beauty & Toiletries,Suncare & Travel,NIVEA SUN Protect & Moisture Pump Spray SPF 50+ 200ml,200ml,£55.75/L,11.15,,
Sainsbury's Local,Beauty & Toiletries,Suncare & Travel,NIVEA SUN Protect Lip Balm SPF50 4.80g,6ml,"£1,081.82/L",5.95,,
Sainsbury's Local,Beauty & Toiletries,Tissues & Wipes,Andrex Ultimate Fresh Hygiene Wipes,36pk,£0.03 each,1.00,1.50,£0.50 off
Sainsbury's Local,Beauty & Toiletries,Tissues & Wipes,Echo Super Soft White Tissues 9 Sheets 4-Ply,9pk,£0.07 each,0.60,,
Sainsbury's Local,Beauty & Toiletries,Tissues & Wipes,Kleenex Balsam Tissues - 2 Pack - 12 x Clipstrip,2pk,£0.65 each,1.30,,
Sainsbury's Local,Beauty & Toiletries,Tissues & Wipes,Kleenex Balsam Tissues 2 Boxes,2pk,£1.50 each,3.00,4.00,£1 off
Sainsbury's Local,Beauty & Toiletries,Tissues & Wipes,Kleenex Extra Large Tissues - Even Bigger Tissues for When You Need a Little Extra - Compact 4 Pack,4pk,£1.46 each,5.85,,
Sainsbury's Local,Beauty & Toiletries,Tissues & Wipes,Sainsbury's Super Soft Pocket Tissues 10x10 Sheets,,,1.45,,
Sainsbury's Local,Beauty & Toiletries,Tissues & Wipes,Sani Hands 12 Antibacterial Hand Wipes,12pk,£0.09 each,1.10,,
Sainsbury's Local,Beauty & Toiletries,Tissues & Wipes,Wet Ones 12 Be Fresh Refreshing Cucumber Fragrance Hand Wipes,,,1.10,,
Sainsbury's Local,Beauty & Toiletries,Tissues & Wipes,Wet Ones Be Zingy 12 Antibacterial Hand & Body Wipes Citrus Fragrance,,,1.00,,
Sainsbury's Local,Beer & Cider,Ales,BEAVERTOWN Gamma Ray American Pale Ale 330ml,330ml,£8.18/L,2.70,,
Sainsbury's Local,Beer & Cider,Ales,BEAVERTOWN Neck Oil Session IPA 330ml,330ml,£8.18/L,2.70,,
Sainsbury's Local,Beer & Cider,Ales,Bishops Finger Kentish Strong Ale 500ml,500ml,£5.70/L,2.85,,
Sainsbury's Local,Beer & Cider,Ales,BrewDog Double Hazy New England IPA 440ml,440ml,£11.70/L,5.15,,
Sainsbury's Local,Beer & Cider,Ales,BrewDog Hazy Jane New England IPA 4 x 330ml,4pk,£4.17/L,5.50,6.60,£1.10 off
Sainsbury's Local,Beer & Cider,Ales,BrewDog Mix Pack 8 x 330ml,8pk,£6.23/L,16.45,,
Sainsbury's Local,Beer & Cider,Ales,BrewDog Punk IPA 10 x 330ml,10pk,£4.24/L,14.00,,
Sainsbury's Local,Beer & Cider,Ales,BrewDog Punk IPA Post Modern Classic 4 x 330ml,4pk,£6.21/L,8.20,,
Sainsbury's Local,Beer & Cider,Ales,BrewDog Punk IPA Post Modern Classic 440ml,440ml,£8.41/L,3.70,,
Sainsbury's Local,Beer & Cider,Ales,BrewDog Wingman Session IPA 4 x 330ml,4pk,£4.17/L,5.50,6.60,£1.10 off
Sainsbury's Local,Beer & Cider,Ales,BrewDog Wingman Session IPA 440ml,440ml,£8.07/L,3.55,,
Sainsbury's Local,Beer & Cider,Ales,Camden Pale Ale 4 x 330ml,4pk,£7.05/L,9.30,,
Sainsbury's Local,Beer & Cider,Ales,Duvel The Original Specialty Beer 330ml,330ml,£10.91/L,3.60,,
Sainsbury's Local,Beer & Cider,Ales,Hobgoblin Gold Beer 500ml,500ml,£4.90/L,2.45,,
Sainsbury's Local,Beer & Cider,Ales,Leffe Blonde 500ml,500ml,£7.00/L,3.50,,
Sainsbury's Local,Beer & Cider,Ales,McEwan's Champion Premium Beer 500ml,500ml,£6.40/L,3.20,,
Sainsbury's Local,Beer & Cider,Ales,Proper Job Cornish IPA 500ml,500ml,£6.50/L,3.25,,
Sainsbury's Local,Beer & Cider,Ales,"Sainsbury's India Pale Ale (IPA), Taste the Difference 500ml",500ml,£6.20/L,3.10,,
Sainsbury's Local,Beer & Cider,Ales,Sharp's Brewery Co Doom Bar Amber Ale Beer 500ml,500ml,£7.30/L,3.65,,
Sainsbury's Local,Beer & Cider,Ales,Timothy Taylor's Landlord The Classic Pale Ale 500ml,500ml,£7.10/L,3.55,,
Sainsbury's Local,Beer & Cider,Autumn is here,Crabbie's Original Alcoholic Ginger Beer 500ml,500ml,£5.40/L,2.70,,
Sainsbury's Local,Beer & Cider,Beer & Cider,Asahi Super Dry Beer 620ml,620ml,£8.47/L,5.25,,
Sainsbury's Local,Beer & Cider,Beer & Cider,BEAVERTOWN Gamma Ray American Pale Ale 330ml,330ml,£8.18/L,2.70,,
Sainsbury's Local,Beer & Cider,Beer & Cider,BEAVERTOWN Neck Oil Session IPA 330ml,330ml,£8.18/L,2.70,,
Sainsbury's Local,Beer & Cider,Beer & Cider,Birra Moretti Alcohol Free Lager Bottles 4 x 330ml,4pk,£5.61/L,7.40,,
Sainsbury's Local,Beer & Cider,Beer & Cider,Birra Moretti Premium Lager Beer Bottles 12 x 330ml,12pk,£5.74/L,22.75,,
Sainsbury's Local,Beer & Cider,Beer & Cider,Birra Moretti Premium Lager Bottle 660ml,660ml,£5.91/L,3.90,,
Sainsbury's Local,Beer & Cider,Beer & Cider,Birra Moretti Premium Lager Bottles 4 x 330ml,4pk,£6.52/L,8.60,,
Sainsbury's Local,Beer & Cider,Beer & Cider,Birra Moretti Premium Lager Cans 4 x 440ml,440ml,£19.55/L,8.60,,
Sainsbury's Local,Beer & Cider,Beer & Cider,Birra Moretti Sale Di Mare Unfiltered Premium Lager Beer Bottle 660ml,660ml,£7.05/L,4.65,,
Sainsbury's Local,Beer & Cider,Beer & Cider,Birrificio Angelo Poretti 10 x 440ml,10pk,£2.95/L,13.00,,
Sainsbury's Local,Beer & Cider,Beer & Cider,Bishops Finger Kentish Strong Ale 500ml,500ml,£5.70/L,2.85,,
Sainsbury's Local,Beer & Cider,Beer & Cider,BrewDog Alcohol Free Punk AF 4 x 330ml,4pk,£4.39/L,5.80,,
Sainsbury's Local,Beer & Cider,Beer & Cider,BrewDog Double Hazy New England IPA 440ml,440ml,£11.70/L,5.15,,
Sainsbury's Local,Beer & Cider,Beer & Cider,BrewDog Hazy Jane New England IPA 4 x 330ml,4pk,£4.17/L,5.50,6.60,£1.10 off
Sainsbury's Local,Beer & Cider,Beer & Cider,BrewDog Mix Pack 8 x 330ml,8pk,£6.23/L,16.45,,
Sainsbury's Local,Beer & Cider,Beer & Cider,BrewDog Punk IPA 10 x 330ml,10pk,£4.24/L,14.00,,
Sainsbury's Local,Beer & Cider,Beer & Cider,BrewDog Punk IPA Post Modern Classic 4 x 330ml,4pk,£6.21/L,8.20,,
Sainsbury's Local,Beer & Cider,Beer & Cider,BrewDog Punk IPA Post Modern Classic 440ml,440ml,£8.41/L,3.70,,
Sainsbury's Local,Beer & Cider,Beer & Cider,BrewDog Wingman Session IPA 4 x 330ml,4pk,£4.17/L,5.50,6.60,£1.10 off
Sainsbury's Local,Beer & Cider,Beer & Cider,BrewDog Wingman Session IPA 440ml,440ml,£8.07/L,3.55,,
Sainsbury's Local,Beer & Cider,Beer & Cider,Budweiser Lager Beer Bottles 4 x 300ml,4pk,£6.00/L,7.20,,
Sainsbury's Local,Beer & Cider,Beer & Cider,Camden Pale Ale 4 x 330ml,4pk,£7.05/L,9.30,,
Sainsbury's Local,Beer & Cider,Beer & Cider,Carling Original Lager Beer 10 x 440ml,10pk,£3.56/L,15.65,,
Sainsbury's Local,Beer & Cider,Beer & Cider,Corona Extra Beer 12 x 330ml,12pk,£3.03/L,12.00,17.00,£5 off
Sainsbury's Local,Beer & Cider,Beer & Cider,Corona Extra Beer 4 x 330ml,4pk,£6.29/L,8.30,,
Sainsbury's Local,Beer & Cider,Beer & Cider,Corona Extra Beer 4 x 440ml,4pk,£3.13/L,5.50,7.00,£1.50 off
Sainsbury's Local,Beer & Cider,Beer & Cider,Corona Extra Premium Lager Beer Bottle 620ml,620ml,£6.45/L,4.00,,
Sainsbury's Local,Beer & Cider,Beer & Cider,Crabbie's Original Alcoholic Ginger Beer 500ml,500ml,£5.40/L,2.70,,
Sainsbury's Local,Beer & Cider,Beer & Cider,Cruzcampo Sevilla Beer Cans 10 x 440ml,10pk,£4.26/L,18.75,,
Sainsbury's Local,Beer & Cider,Beer & Cider,Cruzcampo Sevilla Beer Pint Cans 4 x 568ml,4pk,£3.74/L,8.50,,
Sainsbury's Local,Beer & Cider,Beer & Cider,Damm Lemon Lemon Flavoured Beer 4 x 330ml,4pk,£3.98/L,5.25,,
Sainsbury's Local,Beer & Cider,Beer & Cider,Desperados Tequila Beer Bottle 65cl,65cl,£6.62/L,4.30,,
Sainsbury's Local,Beer & Cider,Beer & Cider,Dunkertons Organic Black Fox Medium Dry Cider 500ml,500ml,£7.70/L,3.85,,
Sainsbury's Local,Beer & Cider,Beer & Cider,Duvel The Original Specialty Beer 330ml,330ml,£10.91/L,3.60,,
Sainsbury's Local,Beer & Cider,Beer & Cider,Erdinger Weissbier Wheat Beer 500ml Bottle,500ml,£6.20/L,3.10,,
Sainsbury's Local,Beer & Cider,Beer & Cider,Estrella Damm 440ml,440ml,£21.70/L,9.55,,
Sainsbury's Local,Beer & Cider,Beer & Cider,Estrella Damm Barcelona 10 x 44cl,10pk,£5.03/L,22.15,,
Sainsbury's Local,Beer & Cider,Beer & Cider,Estrella Damm Original 660ml,660ml,£6.14/L,4.05,,
Sainsbury's Local,Beer & Cider,Beer & Cider,Foster's The Amber Nectar Australian Lager Beer Can 440ml,440ml,£12.84/L,5.65,,
Sainsbury's Local,Beer & Cider,Beer & Cider,Foster's The Amber Nectar Lager Beer Cans 10 x 440ml,10pk,£1.82/L,8.00,10.00,£2 off
Sainsbury's Local,Beer & Cider,Beer & Cider,Guinness Draught Stout Beer 4.1% vol 12x440ml Cans,440ml,£52.73/L,23.20,,
Sainsbury's Local,Beer & Cider,Beer & Cider,Guinness Draught Stout Beer Cans 4.1% vol 4 x 440ml,440ml,£18.64/L,8.20,,
Sainsbury's Local,Beer & Cider,Beer & Cider,Guinness Original Extra Stout Beer 4.2% vol 500ml,500ml,£6.90/L,3.45,,
Sainsbury's Local,Beer & Cider,Beer & Cider,Heineken 0.0 Special Edition Alcohol Free Cans 6 x 330ml,6pk,£3.48/L,6.90,,
Sainsbury's Local,Beer & Cider,Beer & Cider,Heineken Orginal Pure Malt Lager Beer Bottle 650ml,650ml,£5.46/L,3.55,,
Sainsbury's Local,Beer & Cider,Beer & Cider,Heineken Original Pure Malt Lager Cans 4 x 440ml,4pk,£4.43/L,7.80,,
Sainsbury's Local,Beer & Cider,Beer & Cider,Henney's Dry Cider 500ml,500ml,£6.90/L,3.45,,
Sainsbury's Local,Beer & Cider,Beer & Cider,Henry Westons Vintage Cider 500ml,500ml,£7.80/L,3.90,,
Sainsbury's Local,Beer & Cider,Beer & Cider,Hobgoblin Gold Beer 500ml,500ml,£4.90/L,2.45,,
Sainsbury's Local,Beer & Cider,Beer & Cider,Jubel Beer Cut with Blood Orange 330ml,330ml,£7.42/L,2.45,,
Sainsbury's Local,Beer & Cider,Beer & Cider,Jubel Beer Cut with Peach 330ml,330ml,£7.42/L,2.45,,
Sainsbury's Local,Beer & Cider,Beer & Cider,Kopparberg Sweet Vintage Pear Premium Cider 500ml,500ml,£7.30/L,3.65,,
Sainsbury's Local,Beer & Cider,Beer & Cider,Kronenbourg 1664 Bière Blonde 4 x 568ml,4pk,£3.70/L,8.40,,
Sainsbury's Local,Beer & Cider,Beer & Cider,Leffe Blonde 500ml,500ml,£7.00/L,3.50,,
Sainsbury's Local,Beer & Cider,Beer & Cider,Madrí Excepcional 10 x 440ml,10pk,£4.55/L,20.00,,
Sainsbury's Local,Beer & Cider,Beer & Cider,Madrí Excepcional 4 x 440ml,4pk,£5.06/L,8.90,,
Sainsbury's Local,Beer & Cider,Beer & Cider,Madrí Excepcional Lager 660ml,660ml,£6.59/L,4.35,,
Sainsbury's Local,Beer & Cider,Beer & Cider,Mahou Beer 4 x 330ml,4pk,£6.52/L,8.60,,
Sainsbury's Local,Beer & Cider,Beer & Cider,McEwan's Champion Premium Beer 500ml,500ml,£6.40/L,3.20,,
Sainsbury's Local,Beer & Cider,Beer & Cider,Old Mout Cider Berries & Cherries Bottle 500ml,500ml,£7.70/L,3.85,,
Sainsbury's Local,Beer & Cider,Beer & Cider,Peroni Nastro Azzurro 4 x 330ml,4pk,£7.69/L,10.15,,
Sainsbury's Local,Beer & Cider,Beer & Cider,Peroni Nastro Azzurro 4 x 330ml,4pk,£7.46/L,9.85,,
Sainsbury's Local,Beer & Cider,Beer & Cider,Peroni Nastro Azzurro 4 x 440ml,4pk,£5.94/L,10.45,,
Sainsbury's Local,Beer & Cider,Beer & Cider,Peroni Nastro Azzurro 620ml,620ml,£8.47/L,5.25,,
Sainsbury's Local,Beer & Cider,Beer & Cider,Proper Job Cornish IPA 500ml,500ml,£6.50/L,3.25,,
Sainsbury's Local,Beer & Cider,Beer & Cider,"Sainsbury's India Pale Ale (IPA), Taste the Difference 500ml",500ml,£6.20/L,3.10,,
Sainsbury's Local,Beer & Cider,Beer & Cider,Sainsbury's Original Dry Cider 2 litre,2L,£2.35/L,4.70,,
Sainsbury's Local,Beer & Cider,Beer & Cider,"Sainsbury's Vintage Cider, Taste the Difference 500ml",500ml,£6.90/L,3.45,,
Sainsbury's Local,Beer & Cider,Beer & Cider,San Miguel Especial Premium Lager 10 x 440ml,10pk,£2.73/L,12.00,15.00,£3 off
Sainsbury's Local,Beer & Cider,Beer & Cider,San Miguel Especial Premium Lager 4 x 568ml,4pk,£4.34/L,9.85,,
Sainsbury's Local,Beer & Cider,Beer & Cider,Sharp's Brewery Co Doom Bar Amber Ale Beer 500ml,500ml,£7.30/L,3.65,,
Sainsbury's Local,Beer & Cider,Beer & Cider,Staropramen Premium Czech Lager 660ml,660ml,£6.06/L,4.00,,
Sainsbury's Local,Beer & Cider,Beer & Cider,Stella Artois Belgium Premium Lager Beer 10 x 440ml,10pk,£3.84/L,16.90,,
Sainsbury's Local,Beer & Cider,Beer & Cider,Stella Artois Lager Beer 660ml,660ml,£5.53/L,3.65,,
Sainsbury's Local,Beer & Cider,Beer & Cider,Stella Artois Lager Beer Cans 4 x 568ml,4pk,£3.85/L,8.75,,
Sainsbury's Local,Beer & Cider,Beer & Cider,Strongbow Dark Fruit Cider Can 440ml,440ml,£18.86/L,8.30,,
Sainsbury's Local,Beer & Cider,Beer & Cider,Strongbow Original Dry Apple Cider Can 440ml,440ml,£15.45/L,6.80,,
Sainsbury's Local,Beer & Cider,Beer & Cider,Thatchers Blood Orange Cider Cans 4 x 440ml,4pk,£4.86/L,8.55,,
Sainsbury's Local,Beer & Cider,Beer & Cider,Thatchers Gold Somerset Cider 4 x 440ml,4pk,£4.23/L,7.45,,
Sainsbury's Local,Beer & Cider,Beer & Cider,Thatchers Haze Somerset Cider 4 x 440ml,4pk,£4.43/L,7.80,,
Sainsbury's Local,Beer & Cider,Beer & Cider,Thatchers Katy Somerset Cider 500ml,500ml,£7.70/L,3.85,,
Sainsbury's Local,Beer & Cider,Beer & Cider,Timothy Taylor's Landlord The Classic Pale Ale 500ml,500ml,£7.10/L,3.55,,
Sainsbury's Local,Beer & Cider,Cider,Dunkertons Organic Black Fox Medium Dry Cider 500ml,500ml,£7.70/L,3.85,,
Sainsbury's Local,Beer & Cider,Cider,Henney's Dry Cider 500ml,500ml,£6.90/L,3.45,,
Sainsbury's Local,Beer & Cider,Cider,Henry Westons Vintage Cider 500ml,500ml,£7.80/L,3.90,,
Sainsbury's Local,Beer & Cider,Cider,Kopparberg Sweet Vintage Pear Premium Cider 500ml,500ml,£7.30/L,3.65,,
Sainsbury's Local,Beer & Cider,Cider,Old Mout Cider Berries & Cherries Bottle 500ml,500ml,£7.70/L,3.85,,
Sainsbury's Local,Beer & Cider,Cider,Sainsbury's Original Dry Cider 2 litre,2L,£2.35/L,4.70,,
Sainsbury's Local,Beer & Cider,Cider,"Sainsbury's Vintage Cider, Taste the Difference 500ml",500ml,£6.90/L,3.45,,
Sainsbury's Local,Beer & Cider,Cider,Strongbow Dark Fruit Cider Can 440ml,440ml,£18.86/L,8.30,,
Sainsbury's Local,Beer & Cider,Cider,Strongbow Original Dry Apple Cider Can 440ml,440ml,£15.45/L,6.80,,
Sainsbury's Local,Beer & Cider,Cider,Thatchers Blood Orange Cider Cans 4 x 440ml,4pk,£4.86/L,8.55,,
Sainsbury's Local,Beer & Cider,Cider,Thatchers Gold Somerset Cider 4 x 440ml,4pk,£4.23/L,7.45,,
Sainsbury's Local,Beer & Cider,Cider,Thatchers Haze Somerset Cider 4 x 440ml,4pk,£4.43/L,7.80,,
Sainsbury's Local,Beer & Cider,Cider,Thatchers Katy Somerset Cider 500ml,500ml,£7.70/L,3.85,,
Sainsbury's Local,Beer & Cider,Lagers,Asahi Super Dry Beer 620ml,620ml,£8.47/L,5.25,,
Sainsbury's Local,Beer & Cider,Lagers,Birra Moretti Premium Lager Beer Bottles 12 x 330ml,12pk,£5.74/L,22.75,,
Sainsbury's Local,Beer & Cider,Lagers,Birra Moretti Premium Lager Bottle 660ml,660ml,£5.91/L,3.90,,
Sainsbury's Local,Beer & Cider,Lagers,Birra Moretti Premium Lager Bottles 4 x 330ml,4pk,£6.52/L,8.60,,
Sainsbury's Local,Beer & Cider,Lagers,Birra Moretti Premium Lager Cans 4 x 440ml,440ml,£19.55/L,8.60,,
Sainsbury's Local,Beer & Cider,Lagers,Birra Moretti Sale Di Mare Unfiltered Premium Lager Beer Bottle 660ml,660ml,£7.05/L,4.65,,
Sainsbury's Local,Beer & Cider,Lagers,Birrificio Angelo Poretti 10 x 440ml,10pk,£2.95/L,13.00,,
Sainsbury's Local,Beer & Cider,Lagers,Budweiser Lager Beer Bottles 4 x 300ml,4pk,£6.00/L,7.20,,
Sainsbury's Local,Beer & Cider,Lagers,Carling Original Lager Beer 10 x 440ml,10pk,£3.56/L,15.65,,
Sainsbury's Local,Beer & Cider,Lagers,Corona Extra Beer 12 x 330ml,12pk,£3.03/L,12.00,17.00,£5 off
Sainsbury's Local,Beer & Cider,Lagers,Corona Extra Beer 4 x 330ml,4pk,£6.29/L,8.30,,
Sainsbury's Local,Beer & Cider,Lagers,Corona Extra Beer 4 x 440ml,4pk,£3.13/L,5.50,7.00,£1.50 off
Sainsbury's Local,Beer & Cider,Lagers,Corona Extra Premium Lager Beer Bottle 620ml,620ml,£6.45/L,4.00,,
Sainsbury's Local,Beer & Cider,Lagers,Cruzcampo Sevilla Beer Cans 10 x 440ml,10pk,£4.26/L,18.75,,
Sainsbury's Local,Beer & Cider,Lagers,Cruzcampo Sevilla Beer Pint Cans 4 x 568ml,4pk,£3.74/L,8.50,,
Sainsbury's Local,Beer & Cider,Lagers,Desperados Tequila Beer Bottle 65cl,65cl,£6.62/L,4.30,,
Sainsbury's Local,Beer & Cider,Lagers,Estrella Damm 440ml,440ml,£21.70/L,9.55,,
Sainsbury's Local,Beer & Cider,Lagers,Estrella Damm Barcelona 10 x 44cl,10pk,£5.03/L,22.15,,
Sainsbury's Local,Beer & Cider,Lagers,Estrella Damm Original 660ml,660ml,£6.14/L,4.05,,
Sainsbury's Local,Beer & Cider,Lagers,Foster's The Amber Nectar Australian Lager Beer Can 440ml,440ml,£12.84/L,5.65,,
Sainsbury's Local,Beer & Cider,Lagers,Foster's The Amber Nectar Lager Beer Cans 10 x 440ml,10pk,£1.82/L,8.00,10.00,£2 off
Sainsbury's Local,Beer & Cider,Lagers,Heineken Orginal Pure Malt Lager Beer Bottle 650ml,650ml,£5.46/L,3.55,,
Sainsbury's Local,Beer & Cider,Lagers,Heineken Original Pure Malt Lager Cans 4 x 440ml,4pk,£4.43/L,7.80,,
Sainsbury's Local,Beer & Cider,Lagers,Kronenbourg 1664 Bière Blonde 4 x 568ml,4pk,£3.70/L,8.40,,
Sainsbury's Local,Beer & Cider,Lagers,Madrí Excepcional 10 x 440ml,10pk,£4.55/L,20.00,,
Sainsbury's Local,Beer & Cider,Lagers,Madrí Excepcional 4 x 440ml,4pk,£5.06/L,8.90,,
Sainsbury's Local,Beer & Cider,Lagers,Madrí Excepcional Lager 660ml,660ml,£6.59/L,4.35,,
Sainsbury's Local,Beer & Cider,Lagers,Mahou Beer 4 x 330ml,4pk,£6.52/L,8.60,,
Sainsbury's Local,Beer & Cider,Lagers,Peroni Nastro Azzurro 4 x 330ml,4pk,£7.69/L,10.15,,
Sainsbury's Local,Beer & Cider,Lagers,Peroni Nastro Azzurro 4 x 330ml,4pk,£7.46/L,9.85,,
Sainsbury's Local,Beer & Cider,Lagers,Peroni Nastro Azzurro 4 x 440ml,4pk,£5.94/L,10.45,,
Sainsbury's Local,Beer & Cider,Lagers,Peroni Nastro Azzurro 620ml,620ml,£8.47/L,5.25,,
Sainsbury's Local,Beer & Cider,Lagers,San Miguel Especial Premium Lager 10 x 440ml,10pk,£2.73/L,12.00,15.00,£3 off
Sainsbury's Local,Beer & Cider,Lagers,San Miguel Especial Premium Lager 4 x 568ml,4pk,£4.34/L,9.85,,
Sainsbury's Local,Beer & Cider,Lagers,Staropramen Premium Czech Lager 660ml,660ml,£6.06/L,4.00,,
Sainsbury's Local,Beer & Cider,Lagers,Stella Artois Belgium Premium Lager Beer 10 x 440ml,10pk,£3.84/L,16.90,,
Sainsbury's Local,Beer & Cider,Lagers,Stella Artois Lager Beer 660ml,660ml,£5.53/L,3.65,,
Sainsbury's Local,Beer & Cider,Lagers,Stella Artois Lager Beer Cans 4 x 568ml,4pk,£3.85/L,8.75,,
Sainsbury's Local,Beer & Cider,Non & Low Alcohol,Birra Moretti Alcohol Free Lager Bottles 4 x 330ml,4pk,£5.61/L,7.40,,
Sainsbury's Local,Beer & Cider,Non & Low Alcohol,BrewDog Alcohol Free Punk AF 4 x 330ml,4pk,£4.39/L,5.80,,
Sainsbury's Local,Beer & Cider,Non & Low Alcohol,Heineken 0.0 Special Edition Alcohol Free Cans 6 x 330ml,6pk,£3.48/L,6.90,,
Sainsbury's Local,Beer & Cider,Offers,BrewDog Hazy Jane New England IPA 4 x 330ml,4pk,£4.17/L,5.50,6.60,£1.10 off
Sainsbury's Local,Beer & Cider,Offers,BrewDog Wingman Session IPA 4 x 330ml,4pk,£4.17/L,5.50,6.60,£1.10 off
Sainsbury's Local,Beer & Cider,Offers,Corona Extra Beer 12 x 330ml,12pk,£3.03/L,12.00,17.00,£5 off
Sainsbury's Local,Beer & Cider,Offers,Corona Extra Beer 4 x 440ml,4pk,£3.13/L,5.50,7.00,£1.50 off
Sainsbury's Local,Beer & Cider,Offers,Foster's The Amber Nectar Lager Beer Cans 10 x 440ml,10pk,£1.82/L,8.00,10.00,£2 off
Sainsbury's Local,Beer & Cider,Offers,San Miguel Especial Premium Lager 10 x 440ml,10pk,£2.73/L,12.00,15.00,£3 off
Sainsbury's Local,Beer & Cider,Other Beers,Crabbie's Original Alcoholic Ginger Beer 500ml,500ml,£5.40/L,2.70,,
Sainsbury's Local,Beer & Cider,Other Beers,Damm Lemon Lemon Flavoured Beer 4 x 330ml,4pk,£3.98/L,5.25,,
Sainsbury's Local,Beer & Cider,Other Beers,Erdinger Weissbier Wheat Beer 500ml Bottle,500ml,£6.20/L,3.10,,
Sainsbury's Local,Beer & Cider,Other Beers,Jubel Beer Cut with Blood Orange 330ml,330ml,£7.42/L,2.45,,
Sainsbury's Local,Beer & Cider,Other Beers,Jubel Beer Cut with Peach 330ml,330ml,£7.42/L,2.45,,
Sainsbury's Local,Beer & Cider,Stouts,Guinness Draught Stout Beer 4.1% vol 12x440ml Cans,440ml,£52.73/L,23.20,,
Sainsbury's Local,Beer & Cider,Stouts,Guinness Draught Stout Beer Cans 4.1% vol 4 x 440ml,440ml,£18.64/L,8.20,,
Sainsbury's Local,Beer & Cider,Stouts,Guinness Original Extra Stout Beer 4.2% vol 500ml,500ml,£6.90/L,3.45,,
Sainsbury's Local,Beer & Cider,Summer Drinks,Asahi Super Dry Beer 620ml,620ml,£8.47/L,5.25,,
Sainsbury's Local,Beer & Cider,Summer Drinks,Birra Moretti Alcohol Free Lager Bottles 4 x 330ml,4pk,£5.61/L,7.40,,
Sainsbury's Local,Beer & Cider,Summer Drinks,Duvel The Original Specialty Beer 330ml,330ml,£10.91/L,3.60,,
Sainsbury's Local,Beer & Cider,Summer Drinks,Guinness Original Extra Stout Beer 4.2% vol 500ml,500ml,£6.90/L,3.45,,
Sainsbury's Local,Beer & Cider,Summer Drinks,Heineken 0.0 Special Edition Alcohol Free Cans 6 x 330ml,6pk,£3.48/L,6.90,,
Sainsbury's Local,Beer & Cider,Summer Drinks,McEwan's Champion Premium Beer 500ml,500ml,£6.40/L,3.20,,
Sainsbury's Local,Beer & Cider,Summer Drinks,Stella Artois Belgium Premium Lager Beer 10 x 440ml,10pk,£3.84/L,16.90,,
Sainsbury's Local,Beer & Cider,Summer Drinks,Stella Artois Lager Beer Cans 4 x 568ml,4pk,£3.85/L,8.75,,
Sainsbury's Local,Beer & Cider,Summer Drinks,Thatchers Blood Orange Cider Cans 4 x 440ml,4pk,£4.86/L,8.55,,
Sainsbury's Local,Cereal & Cereal Bars,Autumn is here,Belvita 5 x 50g Duo Crunch Multipack Strawberry & Yogurt Cereal Snack Bars,253g,£13.64/kg,3.45,,
Sainsbury's Local,Cereal & Cereal Bars,Autumn is here,Cadbury Brunch 4 x 28g Oats Chocolate Chip Cereal Bars,112g,£16.52/kg,1.85,,
Sainsbury's Local,Cereal & Cereal Bars,Cereal,Curiously Cinnamon Crazily Cinnamon 375g,375g,£7.33/kg,2.75,4.00,£1.25 off
Sainsbury's Local,Cereal & Cereal Bars,Cereal,Go Free Gluten Free Honey Nut Flakes 350g,350g,£9.29/kg,3.25,,
Sainsbury's Local,Cereal & Cereal Bars,Cereal,Jordans Strawberries Country Crisp 450g,450g,£11.11/kg,5.00,,
Sainsbury's Local,Cereal & Cereal Bars,Cereal,Kellogg's 8 Variety Packs 196g,196g,£20.66/kg,4.05,,
Sainsbury's Local,Cereal & Cereal Bars,Cereal,Kellogg's Choco Hazelnut Flavour High Protein Bites 400g,400g,£7.50/kg,3.00,3.85,£0.85 off
Sainsbury's Local,Cereal & Cereal Bars,Cereal,Kellogg's Coco Pops 420g,420g,£10.83/kg,4.55,,
Sainsbury's Local,Cereal & Cereal Bars,Cereal,Kellogg's Coco Pops 420g,420g,£8.81/kg,3.70,,
Sainsbury's Local,Cereal & Cereal Bars,Cereal,Kellogg's Corn Flakes 450g,450g,£7.67/kg,3.45,,
Sainsbury's Local,Cereal & Cereal Bars,Cereal,Kellogg's Crunchy Nut 500g,500g,£9.30/kg,4.65,,
Sainsbury's Local,Cereal & Cereal Bars,Cereal,Kellogg's Frosties 470g,470g,£6.38/kg,3.00,3.85,£0.85 off
Sainsbury's Local,Cereal & Cereal Bars,Cereal,Kellogg's Fruit 'n Fibre 375g,375g,£8.27/kg,3.10,,
Sainsbury's Local,Cereal & Cereal Bars,Cereal,Kellogg's Krave Milk Chocolate 410g,410g,£11.34/kg,4.65,,
Sainsbury's Local,Cereal & Cereal Bars,Cereal,Kellogg's Squares Caramel Chocolate Rice Krispies 36g,36g,£29.17/kg,1.05,,
Sainsbury's Local,Cereal & Cereal Bars,Cereal,Klik Kariot Pillows 75g,75g,£44.67/kg,3.35,,
Sainsbury's Local,Cereal & Cereal Bars,Cereal,Sainsbury's Honey Nut Corn Flakes 500g,500g,£3.20/kg,1.60,,
Sainsbury's Local,Cereal & Cereal Bars,Cereal,Sainsbury's Wholegrain Bran Flakes 750g,750g,£2.13/kg,1.60,,
Sainsbury's Local,Cereal & Cereal Bars,Cereal,Shreddies The Original 630g,630g,£7.70/kg,4.85,,
Sainsbury's Local,Cereal & Cereal Bars,Cereal,Special K The Original 440g,440g,£6.82/kg,3.00,3.85,£0.85 off
Sainsbury's Local,Cereal & Cereal Bars,Cereal,Weetabix Crispy Minis Chocolate Chip 500g,500g,£10.40/kg,5.20,,
Sainsbury's Local,Cereal & Cereal Bars,Cereal,Weetos Delicious Chocolatey Hoops 420g,420g,£10.48/kg,4.40,,
Sainsbury's Local,Cereal & Cereal Bars,Cereal & Cereal Bars,Alpen No Added Sugar Muesli 550g,550g,£7.91/kg,4.35,,
Sainsbury's Local,Cereal & Cereal Bars,Cereal & Cereal Bars,Alpen Original Muesli 550g,550g,£7.91/kg,4.35,,
Sainsbury's Local,Cereal & Cereal Bars,Cereal & Cereal Bars,Barebells Protein Bar Caramel Cashew 55g,55g,£61.82/kg,3.40,,
Sainsbury's Local,Cereal & Cereal Bars,Cereal & Cereal Bars,Barebells Protein Bar Cookies & Cream 55g,55g,£61.82/kg,3.40,,
Sainsbury's Local,Cereal & Cereal Bars,Cereal & Cereal Bars,Barebells Protein Bar Hazelnut & Nougat 55g,55g,£61.82/kg,3.40,,
Sainsbury's Local,Cereal & Cereal Bars,Cereal & Cereal Bars,Belvita 5 x 50g Duo Crunch Multipack Strawberry & Yogurt Cereal Snack Bars,253g,£13.64/kg,3.45,,
Sainsbury's Local,Cereal & Cereal Bars,Cereal & Cereal Bars,Belvita 5 x 50g Soft Bakes Multipack Chocolate Chip Cereal Snack Bars,250g,£15.00/kg,3.75,,
Sainsbury's Local,Cereal & Cereal Bars,Cereal & Cereal Bars,Cadbury Brunch 4 x 28g Oats Chocolate Chip Cereal Bars,112g,£16.52/kg,1.85,,
Sainsbury's Local,Cereal & Cereal Bars,Cereal & Cereal Bars,Cadbury Brunch Bar Peanut Cereal Bars 112g,112g,£16.52/kg,1.85,,
Sainsbury's Local,Cereal & Cereal Bars,Cereal & Cereal Bars,Cadbury's Brunch Raisin 112g,112g,£16.52/kg,1.85,,
Sainsbury's Local,Cereal & Cereal Bars,Cereal & Cereal Bars,Cheerios Honey 370g,370g,£7.43/kg,2.75,3.45,£0.70 off
Sainsbury's Local,Cereal & Cereal Bars,Cereal & Cereal Bars,Cheerios Multigrain 390g,390g,£11.54/kg,4.50,,
Sainsbury's Local,Cereal & Cereal Bars,Cereal & Cereal Bars,Coco Pops Chocos 430g,430g,£10.58/kg,4.55,,
Sainsbury's Local,Cereal & Cereal Bars,Cereal & Cereal Bars,Curiously Cinnamon Crazily Cinnamon 375g,375g,£7.33/kg,2.75,4.00,£1.25 off
Sainsbury's Local,Cereal & Cereal Bars,Cereal & Cereal Bars,Deliciously Ella Nutty Granola 380g,380g,£13.55/kg,5.15,,
Sainsbury's Local,Cereal & Cereal Bars,Cereal & Cereal Bars,Eat Natural Almond & Apricot with a Yoghurt Coating Fruit & Nut Bars 40g,40g,£36.25/kg,1.45,,
Sainsbury's Local,Cereal & Cereal Bars,Cereal & Cereal Bars,Eat Natural Protein Peanuts & Dark Chocolate Fruit & Nut Bars 3 x 40g,3pk,£30.42/kg,3.65,,
Sainsbury's Local,Cereal & Cereal Bars,Cereal & Cereal Bars,Eat Natural Protein Peanuts & Dark Chocolate Fruit & Nut Bars 40g,40g,£36.25/kg,1.45,,
Sainsbury's Local,Cereal & Cereal Bars,Cereal & Cereal Bars,"Eat Natural for Breakfast Low Sugar Granola Whole Grain Oats, Almonds and Seeds 450g",450g,£12.44/kg,5.60,,
Sainsbury's Local,Cereal & Cereal Bars,Cereal & Cereal Bars,Fuel10K Chocolate Chunks Granola 400g,400g,£12.75/kg,5.10,,
Sainsbury's Local,Cereal & Cereal Bars,Cereal & Cereal Bars,Go Ahead 6 Fruit & Oat Bakes Apple 150g,150g,£14.67/kg,2.20,,
Sainsbury's Local,Cereal & Cereal Bars,Cereal & Cereal Bars,Go Free Gluten Free Honey Nut Flakes 350g,350g,£9.29/kg,3.25,,
Sainsbury's Local,Cereal & Cereal Bars,Cereal & Cereal Bars,Graze Cocoa Vanilla Oat Boosts 50g,50g,£26.00/kg,1.30,,
Sainsbury's Local,Cereal & Cereal Bars,Cereal & Cereal Bars,Grenade Caramel Chaos Caramel Flavour 60g,60g,£56.67/kg,3.40,,
Sainsbury's Local,Cereal & Cereal Bars,Cereal & Cereal Bars,Grenade Chocolate Chip Cookie Dough Flavour 60g,60g,£56.67/kg,3.40,,
Sainsbury's Local,Cereal & Cereal Bars,Cereal & Cereal Bars,Grenade Chocolate Chip Salted Caramel Flavour 35g,35g,£68.57/kg,2.40,,
Sainsbury's Local,Cereal & Cereal Bars,Cereal & Cereal Bars,Grenade Chocolate Chip Salted Caramel Flavour 60g,60g,£54.17/kg,3.25,,
Sainsbury's Local,Cereal & Cereal Bars,Cereal & Cereal Bars,Grenade Jaffa Quake Chocolate Orange Flavour 60g,60g,£56.67/kg,3.40,,
Sainsbury's Local,Cereal & Cereal Bars,Cereal & Cereal Bars,Grenade Oreo 35g,35g,£68.57/kg,2.40,,
Sainsbury's Local,Cereal & Cereal Bars,Cereal & Cereal Bars,Grenade Oreo White 35g,35g,£68.57/kg,2.40,,
Sainsbury's Local,Cereal & Cereal Bars,Cereal & Cereal Bars,Grenade Peanut Nutter Peanut Flavour 60g,60g,£56.67/kg,3.40,,
Sainsbury's Local,Cereal & Cereal Bars,Cereal & Cereal Bars,Grenade White Chocolate Cookie Flavour 60g,60g,£56.67/kg,3.40,,
Sainsbury's Local,Cereal & Cereal Bars,Cereal & Cereal Bars,Grenade White Chocolate Salted Peanut Flavour 35g,35g,£68.57/kg,2.40,,
Sainsbury's Local,Cereal & Cereal Bars,Cereal & Cereal Bars,Jordans Country Crisp Chunky Nuts 450g,450g,£11.11/kg,5.00,,
Sainsbury's Local,Cereal & Cereal Bars,Cereal & Cereal Bars,Jordans Raisin & Honey Crunchy Oat Granola 750g,750g,£7.00/kg,5.25,,
Sainsbury's Local,Cereal & Cereal Bars,Cereal & Cereal Bars,Jordans Strawberries Country Crisp 450g,450g,£11.11/kg,5.00,,
Sainsbury's Local,Cereal & Cereal Bars,Cereal & Cereal Bars,Jordans Super Nutty Granola 500g,500g,£11.80/kg,5.90,,
Sainsbury's Local,Cereal & Cereal Bars,Cereal & Cereal Bars,Kellogg's 8 Variety Packs 196g,196g,£20.66/kg,4.05,,
Sainsbury's Local,Cereal & Cereal Bars,Cereal & Cereal Bars,Kellogg's Bran Flakes 500g,500g,£6.30/kg,3.15,,
Sainsbury's Local,Cereal & Cereal Bars,Cereal & Cereal Bars,Kellogg's Choco Hazelnut Flavour High Protein Bites 400g,400g,£7.50/kg,3.00,3.85,£0.85 off
Sainsbury's Local,Cereal & Cereal Bars,Cereal & Cereal Bars,Kellogg's Coco Pops 420g,420g,£10.83/kg,4.55,,
Sainsbury's Local,Cereal & Cereal Bars,Cereal & Cereal Bars,Kellogg's Coco Pops 420g,420g,£8.81/kg,3.70,,
Sainsbury's Local,Cereal & Cereal Bars,Cereal & Cereal Bars,Kellogg's Corn Flakes 450g,450g,£7.67/kg,3.45,,
Sainsbury's Local,Cereal & Cereal Bars,Cereal & Cereal Bars,Kellogg's Crunchy Nut 500g,500g,£9.30/kg,4.65,,
Sainsbury's Local,Cereal & Cereal Bars,Cereal & Cereal Bars,Kellogg's Crunchy Nut Clusters Chocolate 400g,400g,£12.13/kg,4.85,,
Sainsbury's Local,Cereal & Cereal Bars,Cereal & Cereal Bars,Kellogg's Crunchy Nut Hazelnut & Chocolate Granola 380g,380g,£12.37/kg,4.70,,
Sainsbury's Local,Cereal & Cereal Bars,Cereal & Cereal Bars,Kellogg's Frosties 470g,470g,£6.38/kg,3.00,3.85,£0.85 off
Sainsbury's Local,Cereal & Cereal Bars,Cereal & Cereal Bars,Kellogg's Fruit 'n Fibre 375g,375g,£8.27/kg,3.10,,
Sainsbury's Local,Cereal & Cereal Bars,Cereal & Cereal Bars,Kellogg's Krave Milk Chocolate 410g,410g,£11.34/kg,4.65,,
Sainsbury's Local,Cereal & Cereal Bars,Cereal & Cereal Bars,Kellogg's Squares Caramel Chocolate Rice Krispies 36g,36g,£29.17/kg,1.05,,
Sainsbury's Local,Cereal & Cereal Bars,Cereal & Cereal Bars,Kind Dark Chocolate Nuts & Sea Salt Bars 3 x 30g (90g),3pk,£36.11/kg,3.25,,
Sainsbury's Local,Cereal & Cereal Bars,Cereal & Cereal Bars,Kind Protein Caramel Nut 50g,50g,£53.00/kg,2.65,,
Sainsbury's Local,Cereal & Cereal Bars,Cereal & Cereal Bars,Kind Protein Crunchy Peanut Butter 50g,50g,£53.00/kg,2.65,,
Sainsbury's Local,Cereal & Cereal Bars,Cereal & Cereal Bars,Kind Protein Dark Chocolate Nut 50g,50g,£53.00/kg,2.65,,
Sainsbury's Local,Cereal & Cereal Bars,Cereal & Cereal Bars,Kind Protein Hazelnut Dark Chocolate 50g,50g,£53.00/kg,2.65,,
Sainsbury's Local,Cereal & Cereal Bars,Cereal & Cereal Bars,KitKat Cereal 330g,330g,£13.79/kg,4.55,,
Sainsbury's Local,Cereal & Cereal Bars,Cereal & Cereal Bars,Klik Kariot Pillows 75g,75g,£44.67/kg,3.35,,
Sainsbury's Local,Cereal & Cereal Bars,Cereal & Cereal Bars,Lizi's Low Sugar Nuts & Seeds Granola 400g,400g,£14.00/kg,5.60,,
Sainsbury's Local,Cereal & Cereal Bars,Cereal & Cereal Bars,Misfits Brownie Batter Flavour Plant-Based Protein Bar 50g,50g,£47.00/kg,2.35,,
Sainsbury's Local,Cereal & Cereal Bars,Cereal & Cereal Bars,Misfits Cookie Butter Flavour Plant-Based Protein Bar 50g,50g,£47.00/kg,2.35,,
Sainsbury's Local,Cereal & Cereal Bars,Cereal & Cereal Bars,Nature Valley Crunchy Canadian Maple Syrup 42g,42g,£21.43/kg,0.90,,
Sainsbury's Local,Cereal & Cereal Bars,Cereal & Cereal Bars,Nature Valley Crunchy Canadian Maple Syrup 5 x 42g (210g),5pk,£15.00/kg,3.15,,
Sainsbury's Local,Cereal & Cereal Bars,Cereal & Cereal Bars,Nature Valley Crunchy Oats & Honey 42g,42g,£21.43/kg,0.90,,
Sainsbury's Local,Cereal & Cereal Bars,Cereal & Cereal Bars,Nature Valley Crunchy Oats & Honey 5 x 42g (210g),5pk,£13.10/kg,2.75,,
Sainsbury's Local,Cereal & Cereal Bars,Cereal & Cereal Bars,Nature Valley Protein Peanut & Chocolate Bars 4 x 40g (160g),4pk,£3.91/kg,2.50,3.30,£0.80 off
Sainsbury's Local,Cereal & Cereal Bars,Cereal & Cereal Bars,Nature Valley Protein Salted Caramel Nut 40g,40g,£30.00/kg,1.20,,
Sainsbury's Local,Cereal & Cereal Bars,Cereal & Cereal Bars,Nākd Big Bar Cocoa Orange 45g,45g,£38.89/kg,1.75,,
Sainsbury's Local,Cereal & Cereal Bars,Cereal & Cereal Bars,Nākd Cocoa Hazelnut Protein Bar 45g,45g,£38.89/kg,1.75,,
Sainsbury's Local,Cereal & Cereal Bars,Cereal & Cereal Bars,Nākd Cocoa Hazelnut Protein Bars 3 x 45g,3pk,£29.63/kg,4.00,,
Sainsbury's Local,Cereal & Cereal Bars,Cereal & Cereal Bars,Nākd Cocoa Orange Raw Fruit & Nut Bars 4 x 35g,4pk,£23.57/kg,3.30,,
Sainsbury's Local,Cereal & Cereal Bars,Cereal & Cereal Bars,Nākd Peanut Butter Protein Bar 45g,45g,£38.89/kg,1.75,,
Sainsbury's Local,Cereal & Cereal Bars,Cereal & Cereal Bars,PhD Smart Bar Chocolate Brownie Flavour 64g,64g,£42.19/kg,2.70,,
Sainsbury's Local,Cereal & Cereal Bars,Cereal & Cereal Bars,PhD Smart Dark Choc Raspberry Flavour Bar 64g,64g,£42.19/kg,2.70,,
Sainsbury's Local,Cereal & Cereal Bars,Cereal & Cereal Bars,PhD Smart White Choc Blondie Flavour Bar 64g,64g,£42.19/kg,2.70,,
Sainsbury's Local,Cereal & Cereal Bars,Cereal & Cereal Bars,Quaker Oat So Simple Apple & Blueberry Porridge Pot 57g,57g,£28.95/kg,1.65,,
Sainsbury's Local,Cereal & Cereal Bars,Cereal & Cereal Bars,Quaker Oat So Simple Apple & Blueberry Porridge Sachets 10x36g,10pk,£6.25/kg,2.25,3.95,£1.70 off
Sainsbury's Local,Cereal & Cereal Bars,Cereal & Cereal Bars,Quaker Oat So Simple Golden Syrup Porridge Big Pot 76g,76g,£27.63/kg,2.10,,
Sainsbury's Local,Cereal & Cereal Bars,Cereal & Cereal Bars,Quaker Oat So Simple Golden Syrup Porridge Pot 57g,57g,£28.95/kg,1.65,,
Sainsbury's Local,Cereal & Cereal Bars,Cereal & Cereal Bars,Quaker Oat So Simple Golden Syrup Porridge Sachets 10x36g,10pk,£6.25/kg,2.25,3.95,£1.70 off
Sainsbury's Local,Cereal & Cereal Bars,Cereal & Cereal Bars,Quaker Oat So Simple Original Big Pack Porridge Sachets 12x27g,12pk,£6.94/kg,2.25,4.15,£1.90 off
Sainsbury's Local,Cereal & Cereal Bars,Cereal & Cereal Bars,Quaker Oat So Simple Sweet Cinnamon Porridge Pot 57g,57g,£28.95/kg,1.65,,
Sainsbury's Local,Cereal & Cereal Bars,Cereal & Cereal Bars,Quaker Oats High Protein Golden Syrup Porridge Pot 63g,63g,£26.19/kg,1.65,,
Sainsbury's Local,Cereal & Cereal Bars,Cereal & Cereal Bars,Quaker Oats High Protein Original Porridge Pot 49g,49g,£36.73/kg,1.80,,
Sainsbury's Local,Cereal & Cereal Bars,Cereal & Cereal Bars,"Sainsbury's Fruit, Nut & Seed Muesli 750g",750g,£4.47/kg,3.35,,
Sainsbury's Local,Cereal & Cereal Bars,Cereal & Cereal Bars,Sainsbury's Golden Syrup Flavour Porridge 57g,57g,£14.91/kg,0.85,,
Sainsbury's Local,Cereal & Cereal Bars,Cereal & Cereal Bars,Sainsbury's Honey Nut Corn Flakes 500g,500g,£3.20/kg,1.60,,
Sainsbury's Local,Cereal & Cereal Bars,Cereal & Cereal Bars,Sainsbury's Original Porridge 50g,50g,£17.00/kg,0.85,,
Sainsbury's Local,Cereal & Cereal Bars,Cereal & Cereal Bars,"Sainsbury's Raisin, Nut & Honey Granola 1kg",1kg,£3.40/kg,3.40,,
Sainsbury's Local,Cereal & Cereal Bars,Cereal & Cereal Bars,Sainsbury's Scottish Porridge Oats 1kg,1kg,£1.75/kg,1.75,,
Sainsbury's Local,Cereal & Cereal Bars,Cereal & Cereal Bars,Sainsbury's Wholegrain Bran Flakes 750g,750g,£2.13/kg,1.60,,
Sainsbury's Local,Cereal & Cereal Bars,Cereal & Cereal Bars,Shredded Wheat 370g,370g,£11.22/kg,4.15,,
Sainsbury's Local,Cereal & Cereal Bars,Cereal & Cereal Bars,Shredded Wheat Raisin Wheats 450g,450g,£8.33/kg,3.75,,
Sainsbury's Local,Cereal & Cereal Bars,Cereal & Cereal Bars,Shreddies The Original 630g,630g,£7.70/kg,4.85,,
Sainsbury's Local,Cereal & Cereal Bars,Cereal & Cereal Bars,Special K Red Berries 330g,330g,£14.39/kg,4.75,,
Sainsbury's Local,Cereal & Cereal Bars,Cereal & Cereal Bars,Special K The Original 440g,440g,£6.82/kg,3.00,3.85,£0.85 off
Sainsbury's Local,Cereal & Cereal Bars,Cereal & Cereal Bars,Trek Cocoa Oat Protein Flapjacks Bars 3 x 50g,3pk,£26.33/kg,3.95,,
Sainsbury's Local,Cereal & Cereal Bars,Cereal & Cereal Bars,Trek Lotus Biscoff Bars 3 x 44g,3pk,£45.45/kg,6.00,,
Sainsbury's Local,Cereal & Cereal Bars,Cereal & Cereal Bars,Trek Peanut Butter Protein Flapjack 50g,50g,£39.00/kg,1.95,,
Sainsbury's Local,Cereal & Cereal Bars,Cereal & Cereal Bars,Trek Protein Flapjacks 3 x 50g,3pk,£26.33/kg,3.95,,
Sainsbury's Local,Cereal & Cereal Bars,Cereal & Cereal Bars,Trek Salted Caramel Protein Flapjacks Bars 3 x 50g,3pk,£26.33/kg,3.95,,
Sainsbury's Local,Cereal & Cereal Bars,Cereal & Cereal Bars,Trek White Choc & Raspberry Protein Flapjack 50g,50g,£39.00/kg,1.95,,
Sainsbury's Local,Cereal & Cereal Bars,Cereal & Cereal Bars,Weetabix Crispy Minis Chocolate Chip 500g,500g,£10.40/kg,5.20,,
Sainsbury's Local,Cereal & Cereal Bars,Cereal & Cereal Bars,Weetos Delicious Chocolatey Hoops 420g,420g,£10.48/kg,4.40,,
Sainsbury's Local,Cereal & Cereal Bars,Cereal Bars,Barebells Protein Bar Caramel Cashew 55g,55g,£61.82/kg,3.40,,
Sainsbury's Local,Cereal & Cereal Bars,Cereal Bars,Barebells Protein Bar Cookies & Cream 55g,55g,£61.82/kg,3.40,,
Sainsbury's Local,Cereal & Cereal Bars,Cereal Bars,Barebells Protein Bar Hazelnut & Nougat 55g,55g,£61.82/kg,3.40,,
Sainsbury's Local,Cereal & Cereal Bars,Cereal Bars,Belvita 5 x 50g Duo Crunch Multipack Strawberry & Yogurt Cereal Snack Bars,253g,£13.64/kg,3.45,,
Sainsbury's Local,Cereal & Cereal Bars,Cereal Bars,Belvita 5 x 50g Soft Bakes Multipack Chocolate Chip Cereal Snack Bars,250g,£15.00/kg,3.75,,
Sainsbury's Local,Cereal & Cereal Bars,Cereal Bars,Cadbury Brunch 4 x 28g Oats Chocolate Chip Cereal Bars,112g,£16.52/kg,1.85,,
Sainsbury's Local,Cereal & Cereal Bars,Cereal Bars,Cadbury Brunch Bar Peanut Cereal Bars 112g,112g,£16.52/kg,1.85,,
Sainsbury's Local,Cereal & Cereal Bars,Cereal Bars,Cadbury's Brunch Raisin 112g,112g,£16.52/kg,1.85,,
Sainsbury's Local,Cereal & Cereal Bars,Cereal Bars,Deliciously ella Peanut Butter Oat Bar 50g,50g,£25.00/kg,1.25,,
Sainsbury's Local,Cereal & Cereal Bars,Cereal Bars,Eat Natural Almond & Apricot with a Yoghurt Coating Fruit & Nut Bars 3 x 40g,3pk,£30.42/kg,3.65,,
Sainsbury's Local,Cereal & Cereal Bars,Cereal Bars,Eat Natural Almond & Apricot with a Yoghurt Coating Fruit & Nut Bars 40g,40g,£36.25/kg,1.45,,
Sainsbury's Local,Cereal & Cereal Bars,Cereal Bars,Eat Natural Fruit & Nut Bars Almond & Cranberry with Pomegranate & Honey Bar 40g,40g,£36.25/kg,1.45,,
Sainsbury's Local,Cereal & Cereal Bars,Cereal Bars,Eat Natural Protein Peanuts & Dark Chocolate Fruit & Nut Bars 3 x 40g,3pk,£30.42/kg,3.65,,
Sainsbury's Local,Cereal & Cereal Bars,Cereal Bars,Eat Natural Protein Peanuts & Dark Chocolate Fruit & Nut Bars 40g,40g,£36.25/kg,1.45,,
Sainsbury's Local,Cereal & Cereal Bars,Cereal Bars,Go Ahead 6 Fruit & Oat Bakes Apple 150g,150g,£14.67/kg,2.20,,
Sainsbury's Local,Cereal & Cereal Bars,Cereal Bars,Go Ahead 6 Fruit & Oat Bakes Strawberry 150g,150g,£14.67/kg,2.20,,
Sainsbury's Local,Cereal & Cereal Bars,Cereal Bars,Go Ahead Fruit Slices Apple 174g,174g,£11.78/kg,2.05,,
Sainsbury's Local,Cereal & Cereal Bars,Cereal Bars,Go Ahead Fruit Slices Forest Fruit 174g,174g,£11.78/kg,2.05,,
Sainsbury's Local,Cereal & Cereal Bars,Cereal Bars,Go Ahead Wholistic Almond & Raspberry Nut Butter Filled Snack Bar 40g,40g,£47.50/kg,1.90,,
Sainsbury's Local,Cereal & Cereal Bars,Cereal Bars,Graze Cocoa & Vanilla Oat Boost Flapjack Snack Bars 4 x 30g,120g,£25.00/kg,3.00,,
Sainsbury's Local,Cereal & Cereal Bars,Cereal Bars,Graze Cocoa Vanilla Oat Boosts 50g,50g,£26.00/kg,1.30,,
Sainsbury's Local,Cereal & Cereal Bars,Cereal Bars,Graze Lemon Blueberry Oat Boosts Flapjacks (4 x 30g) 120g,4pk,£25.00/kg,3.00,,
Sainsbury's Local,Cereal & Cereal Bars,Cereal Bars,Graze Lively Lemon Oat Boosts 50g,50g,£26.00/kg,1.30,,
Sainsbury's Local,Cereal & Cereal Bars,Cereal Bars,Grenade Caramel Chaos Caramel Flavour 60g,60g,£56.67/kg,3.40,,
Sainsbury's Local,Cereal & Cereal Bars,Cereal Bars,Grenade Chocolate Chip Cookie Dough Flavour 60g,60g,£56.67/kg,3.40,,
Sainsbury's Local,Cereal & Cereal Bars,Cereal Bars,Grenade Chocolate Chip Salted Caramel Flavour 35g,35g,£68.57/kg,2.40,,
Sainsbury's Local,Cereal & Cereal Bars,Cereal Bars,Grenade Chocolate Chip Salted Caramel Flavour 60g,60g,£54.17/kg,3.25,,
Sainsbury's Local,Cereal & Cereal Bars,Cereal Bars,Grenade Jaffa Quake Chocolate Orange Flavour 60g,60g,£56.67/kg,3.40,,
Sainsbury's Local,Cereal & Cereal Bars,Cereal Bars,Grenade Oreo 35g,35g,£68.57/kg,2.40,,
Sainsbury's Local,Cereal & Cereal Bars,Cereal Bars,Grenade Oreo White 35g,35g,£68.57/kg,2.40,,
Sainsbury's Local,Cereal & Cereal Bars,Cereal Bars,Grenade Peanut Nutter Peanut Flavour 60g,60g,£56.67/kg,3.40,,
Sainsbury's Local,Cereal & Cereal Bars,Cereal Bars,Grenade White Chocolate Cookie Flavour 60g,60g,£56.67/kg,3.40,,
Sainsbury's Local,Cereal & Cereal Bars,Cereal Bars,Grenade White Chocolate Salted Peanut Flavour 35g,35g,£68.57/kg,2.40,,
Sainsbury's Local,Cereal & Cereal Bars,Cereal Bars,Kellogg's Rice Krispies Squares Totally Chocolatey 36g,36g,£29.17/kg,1.05,,
Sainsbury's Local,Cereal & Cereal Bars,Cereal Bars,Kind Caramel Almond & Sea Salt 40g,40g,£45.00/kg,1.80,,
Sainsbury's Local,Cereal & Cereal Bars,Cereal Bars,Kind Caramel Chocolate Peanut 40g,40g,£45.00/kg,1.80,,
Sainsbury's Local,Cereal & Cereal Bars,Cereal Bars,Kind Chocolate Chip Cashew 40g,40g,£45.00/kg,1.80,,
Sainsbury's Local,Cereal & Cereal Bars,Cereal Bars,Kind Dark Chocolate Nuts & Sea Salt 40g,40g,£45.00/kg,1.80,,
Sainsbury's Local,Cereal & Cereal Bars,Cereal Bars,Kind Dark Chocolate Nuts & Sea Salt Bars 3 x 30g (90g),3pk,£36.11/kg,3.25,,
Sainsbury's Local,Cereal & Cereal Bars,Cereal Bars,Kind Protein Caramel Nut 50g,50g,£53.00/kg,2.65,,
Sainsbury's Local,Cereal & Cereal Bars,Cereal Bars,Kind Protein Crunchy Peanut Butter 50g,50g,£53.00/kg,2.65,,
Sainsbury's Local,Cereal & Cereal Bars,Cereal Bars,Kind Protein Dark Chocolate Nut 50g,50g,£53.00/kg,2.65,,
Sainsbury's Local,Cereal & Cereal Bars,Cereal Bars,Kind Protein Hazelnut Dark Chocolate 50g,50g,£53.00/kg,2.65,,
Sainsbury's Local,Cereal & Cereal Bars,Cereal Bars,Misfits Brownie Batter Flavour Plant-Based Protein Bar 50g,50g,£47.00/kg,2.35,,
Sainsbury's Local,Cereal & Cereal Bars,Cereal Bars,Misfits Cookie Butter Flavour Plant-Based Protein Bar 50g,50g,£47.00/kg,2.35,,
Sainsbury's Local,Cereal & Cereal Bars,Cereal Bars,Myprotein Layered Bar Chocolate Peanut Pretzel Flavour 60g,60g,£49.17/kg,2.95,,
Sainsbury's Local,Cereal & Cereal Bars,Cereal Bars,Nature Valley Crunchy Canadian Maple Syrup 42g,42g,£21.43/kg,0.90,,
Sainsbury's Local,Cereal & Cereal Bars,Cereal Bars,Nature Valley Crunchy Canadian Maple Syrup 5 x 42g (210g),5pk,£15.00/kg,3.15,,
Sainsbury's Local,Cereal & Cereal Bars,Cereal Bars,Nature Valley Crunchy Oats & Honey 42g,42g,£21.43/kg,0.90,,
Sainsbury's Local,Cereal & Cereal Bars,Cereal Bars,Nature Valley Crunchy Oats & Honey 5 x 42g (210g),5pk,£13.10/kg,2.75,,
Sainsbury's Local,Cereal & Cereal Bars,Cereal Bars,Nature Valley Protein Peanut & Chocolate 40g,40g,£30.00/kg,1.20,,
Sainsbury's Local,Cereal & Cereal Bars,Cereal Bars,Nature Valley Protein Peanut & Chocolate Bars 4 x 40g (160g),4pk,£3.91/kg,2.50,3.30,£0.80 off
Sainsbury's Local,Cereal & Cereal Bars,Cereal Bars,Nature Valley Protein Salted Caramel Nut 40g,40g,£30.00/kg,1.20,,
Sainsbury's Local,Cereal & Cereal Bars,Cereal Bars,Nākd Berry Delight Raw Fruit & Nut Bars 4 x 35g,4pk,£26.07/kg,3.65,,
Sainsbury's Local,Cereal & Cereal Bars,Cereal Bars,Nākd Big Bar Blueberry Muffin 45g,45g,£38.89/kg,1.75,,
Sainsbury's Local,Cereal & Cereal Bars,Cereal Bars,Nākd Big Bar Cocoa Orange 45g,45g,£38.89/kg,1.75,,
Sainsbury's Local,Cereal & Cereal Bars,Cereal Bars,Nākd Blueberry Muffin Raw Fruit & Nut Bars 4 x 35g,4pk,£26.07/kg,3.65,,
Sainsbury's Local,Cereal & Cereal Bars,Cereal Bars,Nākd Cocoa Hazelnut Protein Bar 45g,45g,£38.89/kg,1.75,,
Sainsbury's Local,Cereal & Cereal Bars,Cereal Bars,Nākd Cocoa Hazelnut Protein Bars 3 x 45g,3pk,£29.63/kg,4.00,,
Sainsbury's Local,Cereal & Cereal Bars,Cereal Bars,Nākd Cocoa Orange Raw Fruit & Nut Bars 4 x 35g,4pk,£23.57/kg,3.30,,
Sainsbury's Local,Cereal & Cereal Bars,Cereal Bars,Nākd Fruit & Fibre Bars Apple & Cinnamon 44g,44g,£39.77/kg,1.75,,
Sainsbury's Local,Cereal & Cereal Bars,Cereal Bars,Nākd Peanut Butter Protein Bar 45g,45g,£38.89/kg,1.75,,
Sainsbury's Local,Cereal & Cereal Bars,Cereal Bars,Nākd Strawberry & Raspberry Fruit & Fibres Bars 44g,44g,£39.77/kg,1.75,,
Sainsbury's Local,Cereal & Cereal Bars,Cereal Bars,PhD Smart Bar Chocolate Brownie Flavour 64g,64g,£42.19/kg,2.70,,
Sainsbury's Local,Cereal & Cereal Bars,Cereal Bars,PhD Smart Dark Choc Raspberry Flavour Bar 64g,64g,£42.19/kg,2.70,,
Sainsbury's Local,Cereal & Cereal Bars,Cereal Bars,PhD Smart White Choc Blondie Flavour Bar 64g,64g,£42.19/kg,2.70,,
Sainsbury's Local,Cereal & Cereal Bars,Cereal Bars,Skinny Whip Toffee Flavour 5 x 20g,5pk,£14.00/kg,1.40,,
Sainsbury's Local,Cereal & Cereal Bars,Cereal Bars,Trek Cocoa Oat Protein Flapjack 50g,50g,£39.00/kg,1.95,,
Sainsbury's Local,Cereal & Cereal Bars,Cereal Bars,Trek Cocoa Oat Protein Flapjacks Bars 3 x 50g,3pk,£26.33/kg,3.95,,
Sainsbury's Local,Cereal & Cereal Bars,Cereal Bars,Trek Lotus Biscoff Bars 3 x 44g,3pk,£45.45/kg,6.00,,
Sainsbury's Local,Cereal & Cereal Bars,Cereal Bars,Trek Peanut Butter Protein Flapjack 50g,50g,£39.00/kg,1.95,,
Sainsbury's Local,Cereal & Cereal Bars,Cereal Bars,Trek Protein Flapjacks 3 x 50g,3pk,£26.33/kg,3.95,,
Sainsbury's Local,Cereal & Cereal Bars,Cereal Bars,Trek Salted Caramel Protein Flapjack 50g,50g,£39.00/kg,1.95,,
Sainsbury's Local,Cereal & Cereal Bars,Cereal Bars,Trek Salted Caramel Protein Flapjacks Bars 3 x 50g,3pk,£26.33/kg,3.95,,
Sainsbury's Local,Cereal & Cereal Bars,Cereal Bars,Trek White Choc & Raspberry Protein Flapjack 50g,50g,£39.00/kg,1.95,,
Sainsbury's Local,Cereal & Cereal Bars,Cereal Bars,Tribe White Choc Protein Flapjack 50g,50g,£41.00/kg,2.05,,
Sainsbury's Local,Cereal & Cereal Bars,Cereal Bars,Weetabix 24 Biscuits,24pk,£0.19 each,4.65,,
Sainsbury's Local,Cereal & Cereal Bars,Cereal Bars,Yaar Nordic High Protein Yogurt Bar Cloudberry Bar 40g,40g,£32.50/kg,1.30,,
Sainsbury's Local,Cereal & Cereal Bars,Cereal Bars,Yaar Nordic High Protein Yogurt Vanilla Quark Bar 40g,40g,£32.50/kg,1.30,,
Sainsbury's Local,Cereal & Cereal Bars,Cereal Bars,deliciously ella Apple & Raisin Oat Bar 50g,50g,£25.00/kg,1.25,,
Sainsbury's Local,Cereal & Cereal Bars,"Granola, Muesli & Oats",Alpen No Added Sugar Muesli 550g,550g,£7.91/kg,4.35,,
Sainsbury's Local,Cereal & Cereal Bars,"Granola, Muesli & Oats",Alpen Original Muesli 550g,550g,£7.91/kg,4.35,,
Sainsbury's Local,Cereal & Cereal Bars,"Granola, Muesli & Oats",Cheerios Honey 370g,370g,£7.43/kg,2.75,3.45,£0.70 off
Sainsbury's Local,Cereal & Cereal Bars,"Granola, Muesli & Oats",Cheerios Multigrain 390g,390g,£11.54/kg,4.50,,
Sainsbury's Local,Cereal & Cereal Bars,"Granola, Muesli & Oats",Coco Pops Chocos 430g,430g,£10.58/kg,4.55,,
Sainsbury's Local,Cereal & Cereal Bars,"Granola, Muesli & Oats",Deliciously Ella Nutty Granola 380g,380g,£13.55/kg,5.15,,
Sainsbury's Local,Cereal & Cereal Bars,"Granola, Muesli & Oats","Eat Natural for Breakfast Low Sugar Granola Whole Grain Oats, Almonds and Seeds 450g",450g,£12.44/kg,5.60,,
Sainsbury's Local,Cereal & Cereal Bars,"Granola, Muesli & Oats",Fuel10K Chocolate Chunks Granola 400g,400g,£12.75/kg,5.10,,
Sainsbury's Local,Cereal & Cereal Bars,"Granola, Muesli & Oats",Jordans Country Crisp Chunky Nuts 450g,450g,£11.11/kg,5.00,,
Sainsbury's Local,Cereal & Cereal Bars,"Granola, Muesli & Oats",Jordans Raisin & Honey Crunchy Oat Granola 750g,750g,£7.00/kg,5.25,,
Sainsbury's Local,Cereal & Cereal Bars,"Granola, Muesli & Oats",Jordans Super Nutty Granola 500g,500g,£11.80/kg,5.90,,
Sainsbury's Local,Cereal & Cereal Bars,"Granola, Muesli & Oats",Kellogg's Bran Flakes 500g,500g,£6.30/kg,3.15,,
Sainsbury's Local,Cereal & Cereal Bars,"Granola, Muesli & Oats",Kellogg's Crunchy Nut Clusters Chocolate 400g,400g,£12.13/kg,4.85,,
Sainsbury's Local,Cereal & Cereal Bars,"Granola, Muesli & Oats",Kellogg's Crunchy Nut Hazelnut & Chocolate Granola 380g,380g,£12.37/kg,4.70,,
Sainsbury's Local,Cereal & Cereal Bars,"Granola, Muesli & Oats",KitKat Cereal 330g,330g,£13.79/kg,4.55,,
Sainsbury's Local,Cereal & Cereal Bars,"Granola, Muesli & Oats",Lizi's Low Sugar Nuts & Seeds Granola 400g,400g,£14.00/kg,5.60,,
Sainsbury's Local,Cereal & Cereal Bars,"Granola, Muesli & Oats",Quaker Oat So Simple Apple & Blueberry Porridge Pot 57g,57g,£28.95/kg,1.65,,
Sainsbury's Local,Cereal & Cereal Bars,"Granola, Muesli & Oats",Quaker Oat So Simple Apple & Blueberry Porridge Sachets 10x36g,10pk,£6.25/kg,2.25,3.95,£1.70 off
Sainsbury's Local,Cereal & Cereal Bars,"Granola, Muesli & Oats",Quaker Oat So Simple Golden Syrup Porridge Big Pot 76g,76g,£27.63/kg,2.10,,
Sainsbury's Local,Cereal & Cereal Bars,"Granola, Muesli & Oats",Quaker Oat So Simple Golden Syrup Porridge Pot 57g,57g,£28.95/kg,1.65,,
Sainsbury's Local,Cereal & Cereal Bars,"Granola, Muesli & Oats",Quaker Oat So Simple Golden Syrup Porridge Sachets 10x36g,10pk,£6.25/kg,2.25,3.95,£1.70 off
Sainsbury's Local,Cereal & Cereal Bars,"Granola, Muesli & Oats",Quaker Oat So Simple Original Big Pack Porridge Sachets 12x27g,12pk,£6.94/kg,2.25,4.15,£1.90 off
Sainsbury's Local,Cereal & Cereal Bars,"Granola, Muesli & Oats",Quaker Oat So Simple Sweet Cinnamon Porridge Pot 57g,57g,£28.95/kg,1.65,,
Sainsbury's Local,Cereal & Cereal Bars,"Granola, Muesli & Oats",Quaker Oats High Protein Golden Syrup Porridge Pot 63g,63g,£26.19/kg,1.65,,
Sainsbury's Local,Cereal & Cereal Bars,"Granola, Muesli & Oats",Quaker Oats High Protein Original Porridge Pot 49g,49g,£36.73/kg,1.80,,
Sainsbury's Local,Cereal & Cereal Bars,"Granola, Muesli & Oats","Sainsbury's Fruit, Nut & Seed Muesli 750g",750g,£4.47/kg,3.35,,
Sainsbury's Local,Cereal & Cereal Bars,"Granola, Muesli & Oats",Sainsbury's Golden Syrup Flavour Porridge 57g,57g,£14.91/kg,0.85,,
Sainsbury's Local,Cereal & Cereal Bars,"Granola, Muesli & Oats",Sainsbury's Original Porridge 50g,50g,£17.00/kg,0.85,,
Sainsbury's Local,Cereal & Cereal Bars,"Granola, Muesli & Oats","Sainsbury's Raisin, Nut & Honey Granola 1kg",1kg,£3.40/kg,3.40,,
Sainsbury's Local,Cereal & Cereal Bars,"Granola, Muesli & Oats",Sainsbury's Scottish Porridge Oats 1kg,1kg,£1.75/kg,1.75,,
Sainsbury's Local,Cereal & Cereal Bars,"Granola, Muesli & Oats",Shredded Wheat 370g,370g,£11.22/kg,4.15,,
Sainsbury's Local,Cereal & Cereal Bars,"Granola, Muesli & Oats",Shredded Wheat Raisin Wheats 450g,450g,£8.33/kg,3.75,,
Sainsbury's Local,Cereal & Cereal Bars,"Granola, Muesli & Oats",Special K Red Berries 330g,330g,£14.39/kg,4.75,,
Sainsbury's Local,Cereal & Cereal Bars,In Store Prices,Nature Valley Protein Peanut & Chocolate Bars 4 x 40g (160g),4pk,£3.91/kg,2.50,3.30,£0.80 off
Sainsbury's Local,Cereal & Cereal Bars,In Store Prices,Trek Cocoa Oat Protein Flapjacks Bars 3 x 50g,3pk,£26.33/kg,3.95,,
Sainsbury's Local,Cereal & Cereal Bars,Midweek Meals Made Easy,Curiously Cinnamon Crazily Cinnamon 375g,375g,£7.33/kg,2.75,4.00,£1.25 off
Sainsbury's Local,Cereal & Cereal Bars,Midweek Meals Made Easy,Kellogg's Coco Pops 420g,420g,£10.83/kg,4.55,,
Sainsbury's Local,Cereal & Cereal Bars,Midweek Meals Made Easy,Quaker Oat So Simple Original Big Pack Porridge Sachets 12x27g,12pk,£6.94/kg,2.25,4.15,£1.90 off
Sainsbury's Local,Cereal & Cereal Bars,Midweek Meals Made Easy,Shredded Wheat Raisin Wheats 450g,450g,£8.33/kg,3.75,,
Sainsbury's Local,Cereal & Cereal Bars,Mornings Made Better,Belvita 5 x 50g Soft Bakes Multipack Chocolate Chip Cereal Snack Bars,250g,£15.00/kg,3.75,,
Sainsbury's Local,Cereal & Cereal Bars,Mornings Made Better,Quaker Oat So Simple Golden Syrup Porridge Sachets 10x36g,10pk,£6.25/kg,2.25,3.95,£1.70 off
Sainsbury's Local,Cereal & Cereal Bars,Offers,Cheerios Honey 370g,370g,£7.43/kg,2.75,3.45,£0.70 off
Sainsbury's Local,Cereal & Cereal Bars,Offers,Curiously Cinnamon Crazily Cinnamon 375g,375g,£7.33/kg,2.75,4.00,£1.25 off
Sainsbury's Local,Cereal & Cereal Bars,Offers,Kellogg's Choco Hazelnut Flavour High Protein Bites 400g,400g,£7.50/kg,3.00,3.85,£0.85 off
Sainsbury's Local,Cereal & Cereal Bars,Offers,Kellogg's Frosties 470g,470g,£6.38/kg,3.00,3.85,£0.85 off
Sainsbury's Local,Cereal & Cereal Bars,Offers,Nature Valley Protein Peanut & Chocolate Bars 4 x 40g (160g),4pk,£3.91/kg,2.50,3.30,£0.80 off
Sainsbury's Local,Cereal & Cereal Bars,Offers,Quaker Oat So Simple Apple & Blueberry Porridge Sachets 10x36g,10pk,£6.25/kg,2.25,3.95,£1.70 off
Sainsbury's Local,Cereal & Cereal Bars,Offers,Quaker Oat So Simple Golden Syrup Porridge Sachets 10x36g,10pk,£6.25/kg,2.25,3.95,£1.70 off
Sainsbury's Local,Cereal & Cereal Bars,Offers,Quaker Oat So Simple Original Big Pack Porridge Sachets 12x27g,12pk,£6.94/kg,2.25,4.15,£1.90 off
Sainsbury's Local,Cereal & Cereal Bars,Offers,Special K The Original 440g,440g,£6.82/kg,3.00,3.85,£0.85 off
Sainsbury's Local,Cereal & Cereal Bars,Packed Lunch Picks,Go Ahead Fruit Slices Forest Fruit 174g,174g,£11.78/kg,2.05,,
Sainsbury's Local,Cheese,"Brie, Camembert & Soft Cheese",Le Rustique Jean Verrier Fromager Camembert 250g,250g,£17.40/kg,4.35,,
Sainsbury's Local,Cheese,"Brie, Camembert & Soft Cheese",Président Le Brie 200g,200g,£19.75/kg,3.95,,
Sainsbury's Local,Cheese,Cheddar,Cathedral City Our Mature Cheddar 350g,350g,£11.71/kg,4.10,,
Sainsbury's Local,Cheese,Cheddar,Sainsbury's British Mature Cheddar Cheese 400g,400g,£8.63/kg,3.45,,
Sainsbury's Local,Cheese,Cheese,Babybel Mini Original Cheese 6 x 20g (120g),6pk,£27.08/kg,3.25,,
Sainsbury's Local,Cheese,Cheese,Boursin Garlic & Herbs 150g,150g,£27.67/kg,4.15,,
Sainsbury's Local,Cheese,Cheese,Cathedral City Our Mature Cheddar 350g,350g,£11.71/kg,4.10,,
Sainsbury's Local,Cheese,Cheese,Dairylea 8 x Soft Cheese Triangles 125g,125g,£18.80/kg,2.35,,
Sainsbury's Local,Cheese,Cheese,Galbani Mozzarella 125g,225g,£9.56/kg,2.15,,
Sainsbury's Local,Cheese,Cheese,Le Rustique Jean Verrier Fromager Camembert 250g,250g,£17.40/kg,4.35,,
Sainsbury's Local,Cheese,Cheese,Philadelphia Garlic & Herbs 165g,165g,£9.70/kg,1.60,2.50,£0.90 off
Sainsbury's Local,Cheese,Cheese,Philadelphia Light 165g,165g,£9.70/kg,1.60,2.50,£0.90 off
Sainsbury's Local,Cheese,Cheese,Philadelphia Original Soft Cream Cheese 165g,165g,£9.70/kg,1.60,2.50,£0.90 off
Sainsbury's Local,Cheese,Cheese,Président Le Brie 200g,200g,£19.75/kg,3.95,,
Sainsbury's Local,Cheese,Cheese,Sainsbury's 10 Emmental Slices 250g,250g,£15.80/kg,3.95,,
Sainsbury's Local,Cheese,Cheese,"Sainsbury's Barber's Mature Cruncher Cheese, Taste the Difference 350g",350g,£15.14/kg,5.30,,
Sainsbury's Local,Cheese,Cheese,Sainsbury's British Mature Cheddar Cheese 400g,400g,£8.63/kg,3.45,,
Sainsbury's Local,Cheese,Cheese,Sainsbury's British Mature Cheddar Cheese Slices 240g,240g,£17.50/kg,4.20,,
Sainsbury's Local,Cheese,Cheese,Sainsbury's British Mature Grated Cheddar Cheese 250g,250g,£15.00/kg,3.75,,
Sainsbury's Local,Cheese,Cheese,Sainsbury's Fresh Grated Parmigiano Cheese 60g,60g,£51.67/kg,3.10,,
Sainsbury's Local,Cheese,Cheese,Sainsbury's Grated Four Cheese Mix 250g,250g,£15.00/kg,3.75,,
Sainsbury's Local,Cheese,Cheese,Sainsbury's Grated Mozzarella 250g,250g,£15.00/kg,3.75,,
Sainsbury's Local,Cheese,Cheese,Sainsbury's Greek Feta 200g,200g,£15.25/kg,3.05,,
Sainsbury's Local,Cheese,Cheese,Sainsbury's Halloumi 225g,225g,£11.11/kg,2.50,,
Sainsbury's Local,Cheese,Cheese,Sainsbury's Parmigiano Reggiano Cheese 200g,200g,£27.75/kg,5.55,,
Sainsbury's Local,Cheese,Cheese,Saint Agur Blue Cheese 150g,150g,£30.00/kg,4.50,,
Sainsbury's Local,Cheese,Cheese,Strings & Things Cheestrings 80g (4x20g),4pk,£28.75/kg,2.30,,
Sainsbury's Local,Cheese,Cheese Snacks,Babybel Mini Original Cheese 6 x 20g (120g),6pk,£27.08/kg,3.25,,
Sainsbury's Local,Cheese,Cheese Snacks,Dairylea 8 x Soft Cheese Triangles 125g,125g,£18.80/kg,2.35,,
Sainsbury's Local,Cheese,Cheese Snacks,Strings & Things Cheestrings 80g (4x20g),4pk,£28.75/kg,2.30,,
Sainsbury's Local,Cheese,Feta & Goats Cheese,Sainsbury's Greek Feta 200g,200g,£15.25/kg,3.05,,
Sainsbury's Local,Cheese,Grab and Go Snacks,Philadelphia Garlic & Herbs 165g,165g,£9.70/kg,1.60,2.50,£0.90 off
Sainsbury's Local,Cheese,Grab and Go Snacks,Philadelphia Light 165g,165g,£9.70/kg,1.60,2.50,£0.90 off
Sainsbury's Local,Cheese,Grated & Sliced Cheese,Sainsbury's 10 Emmental Slices 250g,250g,£15.80/kg,3.95,,
Sainsbury's Local,Cheese,Grated & Sliced Cheese,Sainsbury's British Mature Cheddar Cheese Slices 240g,240g,£17.50/kg,4.20,,
Sainsbury's Local,Cheese,Grated & Sliced Cheese,Sainsbury's British Mature Grated Cheddar Cheese 250g,250g,£15.00/kg,3.75,,
Sainsbury's Local,Cheese,Grated & Sliced Cheese,Sainsbury's Fresh Grated Parmigiano Cheese 60g,60g,£51.67/kg,3.10,,
Sainsbury's Local,Cheese,Grated & Sliced Cheese,Sainsbury's Grated Four Cheese Mix 250g,250g,£15.00/kg,3.75,,
Sainsbury's Local,Cheese,Grated & Sliced Cheese,Sainsbury's Grated Mozzarella 250g,250g,£15.00/kg,3.75,,
Sainsbury's Local,Cheese,Mozzarella & Burrata,Galbani Mozzarella 125g,225g,£9.56/kg,2.15,,
Sainsbury's Local,Cheese,Offers,Philadelphia Garlic & Herbs 165g,165g,£9.70/kg,1.60,2.50,£0.90 off
Sainsbury's Local,Cheese,Offers,Philadelphia Light 165g,165g,£9.70/kg,1.60,2.50,£0.90 off
Sainsbury's Local,Cheese,Offers,Philadelphia Original Soft Cream Cheese 165g,165g,£9.70/kg,1.60,2.50,£0.90 off
Sainsbury's Local,Cheese,Packed Lunch Picks,Babybel Mini Original Cheese 6 x 20g (120g),6pk,£27.08/kg,3.25,,
Sainsbury's Local,Cheese,Packed Lunch Picks,Dairylea 8 x Soft Cheese Triangles 125g,125g,£18.80/kg,2.35,,
Sainsbury's Local,Cheese,Packed Lunch Picks,Sainsbury's British Mature Cheddar Cheese Slices 240g,240g,£17.50/kg,4.20,,
Sainsbury's Local,Cheese,Packed Lunch Picks,Strings & Things Cheestrings 80g (4x20g),4pk,£28.75/kg,2.30,,
Sainsbury's Local,Cheese,Parmesan,Sainsbury's Parmigiano Reggiano Cheese 200g,200g,£27.75/kg,5.55,,
Sainsbury's Local,Cheese,Speciality & Other Cheese,"Sainsbury's Barber's Mature Cruncher Cheese, Taste the Difference 350g",350g,£15.14/kg,5.30,,
Sainsbury's Local,Cheese,Speciality & Other Cheese,Sainsbury's Halloumi 225g,225g,£11.11/kg,2.50,,
Sainsbury's Local,Cheese,Speciality & Other Cheese,Saint Agur Blue Cheese 150g,150g,£30.00/kg,4.50,,
Sainsbury's Local,Cheese,Spreadable Cheese,Boursin Garlic & Herbs 150g,150g,£27.67/kg,4.15,,
Sainsbury's Local,Cheese,Spreadable Cheese,Philadelphia Garlic & Herbs 165g,165g,£9.70/kg,1.60,2.50,£0.90 off
Sainsbury's Local,Cheese,Spreadable Cheese,Philadelphia Light 165g,165g,£9.70/kg,1.60,2.50,£0.90 off
Sainsbury's Local,Cheese,Spreadable Cheese,Philadelphia Original Soft Cream Cheese 165g,165g,£9.70/kg,1.60,2.50,£0.90 off
Sainsbury's Local,Cheese,Summer Eating,Sainsbury's Halloumi 225g,225g,£11.11/kg,2.50,,
Sainsbury's Local,Chocolate & Sweets,Autumn is here,Flipz Milk Chocolate Coated Pretzels 90g,90g,£24.44/kg,2.20,,
Sainsbury's Local,Chocolate & Sweets,Autumn is here,KitKat 2 Finger Original (8 x 20.7g) 165.6g,8pk,£16.61/kg,2.75,,
Sainsbury's Local,Chocolate & Sweets,Chewing Gum & Mints,Airwaves Cherry Menthol Sugar Free Chewing Gum x10 Pieces,10pk,£64.29/kg,0.90,,
Sainsbury's Local,Chocolate & Sweets,Chewing Gum & Mints,Airwaves Menthol & Eucalyptus Sugarfree Chewing Gum 10 Pieces,10pk,£64.29/kg,0.90,,
Sainsbury's Local,Chocolate & Sweets,Chewing Gum & Mints,Airwaves Menthol & Eucalyptus Sugarfree Chewing Gum Multipack 5x10 Pieces,6pk,£7.86/kg,3.30,,
Sainsbury's Local,Chocolate & Sweets,Chewing Gum & Mints,Airwaves Sugar Free Chewing Gum x46 Pieces,46pk,£43.75/kg,2.80,,
Sainsbury's Local,Chocolate & Sweets,Chewing Gum & Mints,Extra Apple Sugar Free Chewing Gum x10 Pieces,10pk,£60.00/kg,0.90,,
Sainsbury's Local,Chocolate & Sweets,Chewing Gum & Mints,Extra Blueberry Sugar Free Chewing Gum x10 Pieces,30pk,£2.14/kg,0.90,,
Sainsbury's Local,Chocolate & Sweets,Chewing Gum & Mints,Extra Cool Breeze Chewing Gum Sugar Free Bottle 46 pieces (1x6x6 Bottles),46pk,£41.41/kg,2.65,,
Sainsbury's Local,Chocolate & Sweets,Chewing Gum & Mints,Extra Cool Breeze Sugar Free Chewing Gum x10 Pieces,10pk,£64.29/kg,0.90,,
Sainsbury's Local,Chocolate & Sweets,Chewing Gum & Mints,Extra Cool Breeze Sugar Free Chewing Gum x5 Packs,6pk,£7.86/kg,3.30,,
Sainsbury's Local,Chocolate & Sweets,Chewing Gum & Mints,Extra ICE Peppermint Sugar Free Chewing Gum x5 Packs,6pk,£7.86/kg,3.30,,
Sainsbury's Local,Chocolate & Sweets,Chewing Gum & Mints,Extra Peppermint Chewing Gum x10 Pieces,5pk,£9.43/kg,3.30,,
Sainsbury's Local,Chocolate & Sweets,Chewing Gum & Mints,Extra Peppermint Chewing Gum x46 Pieces,64g,£41.41/kg,2.65,,
Sainsbury's Local,Chocolate & Sweets,Chewing Gum & Mints,Extra Peppermint Sugarfree Chewing Gum 10 Pieces,10pk,£64.29/kg,0.90,,
Sainsbury's Local,Chocolate & Sweets,Chewing Gum & Mints,Extra Peppermint Sugarfree Mints 16 pieces,16pk,£25.00/kg,0.70,,
Sainsbury's Local,Chocolate & Sweets,Chewing Gum & Mints,Extra Spearmint Sugar Free Chewing Gum x10 Pieces,10pk,£64.29/kg,0.90,,
Sainsbury's Local,Chocolate & Sweets,Chewing Gum & Mints,Extra Spearmint Sugar Free Chewing Gum x46 Pieces,64g,£41.41/kg,2.65,,
Sainsbury's Local,Chocolate & Sweets,Chewing Gum & Mints,Extra Spearmint Sugar Free Chewing Gum x5 Pack,6pk,£7.86/kg,3.30,,
Sainsbury's Local,Chocolate & Sweets,Chewing Gum & Mints,Extra Strawberry Sugar Free Chewing Gum x10 Pieces,10pk,£64.29/kg,0.90,,
Sainsbury's Local,Chocolate & Sweets,Chewing Gum & Mints,Extra White Bubblemint Sugar Free Chewing Gum x10 Pieces,10pk,£64.29/kg,0.90,,
Sainsbury's Local,Chocolate & Sweets,Chewing Gum & Mints,Extra White Bubblemint Sugar Free Chewing Gum x46 Pieces,46pk,£47.66/kg,3.05,,
Sainsbury's Local,Chocolate & Sweets,Chewing Gum & Mints,Extra White Bubblemint Sugarfree Chewing Gum Multipack 5x10 Pieces,5pk,£47.14/kg,3.30,,
Sainsbury's Local,Chocolate & Sweets,Chewing Gum & Mints,Extra White Chewing Gum Sugar Free 10 Pieces,14g,£64.29/kg,0.90,,
Sainsbury's Local,Chocolate & Sweets,Chewing Gum & Mints,Extra White Sugar Free Chewing Gum x46 Pieces,46pk,£43.75/kg,2.80,,
Sainsbury's Local,Chocolate & Sweets,Chewing Gum & Mints,Mentos Gum Pure Fresh Cherry 50 Pieces 97g,97g,£29.90/kg,2.90,,
Sainsbury's Local,Chocolate & Sweets,Chewing Gum & Mints,Mentos Gum Pure Fresh Fresh Mint 50 Pieces 100g,100g,£30.50/kg,3.05,,
Sainsbury's Local,Chocolate & Sweets,Chewing Gum & Mints,Mentos Gum Pure Fresh Spearmint 50 Pieces 100g,100g,£30.50/kg,3.05,,
Sainsbury's Local,Chocolate & Sweets,Chewing Gum & Mints,Mentos Gum Pure Fresh Tropical 50 Pieces 100g,100g,£29.00/kg,2.90,,
Sainsbury's Local,Chocolate & Sweets,Chewing Gum & Mints,Mentos Rolls Fruit 37.5g,37.5g,£36.00/kg,1.35,,
Sainsbury's Local,Chocolate & Sweets,Chewing Gum & Mints,Polo Original 34g,34g,£32.35/kg,1.10,,
Sainsbury's Local,Chocolate & Sweets,Chewing Gum & Mints,Polo Sugar Free 33.4g,33.4g,£32.93/kg,1.10,,
Sainsbury's Local,Chocolate & Sweets,Chewing Gum & Mints,Polo Sugar Free 4 x 33.4g (133.6g),4pk,£17.22/kg,2.30,,
Sainsbury's Local,Chocolate & Sweets,Chewing Gum & Mints,Sainsbury's Fizzy Bubblegum Bottles 70g,70g,£11.43/kg,0.80,,
Sainsbury's Local,Chocolate & Sweets,Chewing Gum & Mints,Smint 2 Hours Clean Breath Sugar Free Mints 35g - 50 Pieces,50pk,£1.00/kg,1.75,,
Sainsbury's Local,Chocolate & Sweets,Chewing Gum & Mints,Smint 50 Peppermint XXL 35g,35g,£50.00/kg,1.75,,
Sainsbury's Local,Chocolate & Sweets,Chewing Gum & Mints,Smint Peppermint Sugar Free Mints 8g,8g,£206.25/kg,1.65,,
Sainsbury's Local,Chocolate & Sweets,Chewing Gum & Mints,Tic Tac Cherry Cola 49g,49g,£37.76/kg,1.85,,
Sainsbury's Local,Chocolate & Sweets,Chewing Gum & Mints,Tic Tac Fresh Mint 49g,49g,£37.76/kg,1.85,,
Sainsbury's Local,Chocolate & Sweets,Chewing Gum & Mints,Tic Tac Fruit Adventure 49g,49g,£37.76/kg,1.85,,
Sainsbury's Local,Chocolate & Sweets,Chewing Gum & Mints,Tic Tac Lime & Orange 49g,49g,£37.76/kg,1.85,,
Sainsbury's Local,Chocolate & Sweets,Chewing Gum & Mints,Trebor Extra Strong Peppermint Mints Roll 41.3g,48g,£18.75/kg,0.90,,
Sainsbury's Local,Chocolate & Sweets,Chewing Gum & Mints,Trebor Extra Strong Sugar Free Peppermint Flavour 12.6g,12.6g,£75.40/kg,0.95,,
Sainsbury's Local,Chocolate & Sweets,Chewing Gum & Mints,Trebor Natural Mint Flavour Softmints Spearmint 44.9g,44.9g,£18.93/kg,0.85,,
Sainsbury's Local,Chocolate & Sweets,Chewing Gum & Mints,Trebor Softmints Peppermint Mints Roll Multipack x4 179g,180g,£9.74/kg,1.75,,
Sainsbury's Local,Chocolate & Sweets,Chocolate & Sweets,Aero Bubbles Milk Chocolate 92g,8pk,£23.91/kg,2.20,,
Sainsbury's Local,Chocolate & Sweets,Chocolate & Sweets,Aero Bubbles Peppermint Chocolate 92g,92g,£23.91/kg,2.20,,
Sainsbury's Local,Chocolate & Sweets,Chocolate & Sweets,After Eight Mint Dark Chocolate 300g,300g,£18.17/kg,5.45,,
Sainsbury's Local,Chocolate & Sweets,Chocolate & Sweets,Airwaves Cherry Menthol Sugar Free Chewing Gum x10 Pieces,10pk,£64.29/kg,0.90,,
Sainsbury's Local,Chocolate & Sweets,Chocolate & Sweets,Airwaves Menthol & Eucalyptus Sugarfree Chewing Gum 10 Pieces,10pk,£64.29/kg,0.90,,
Sainsbury's Local,Chocolate & Sweets,Chocolate & Sweets,Airwaves Menthol & Eucalyptus Sugarfree Chewing Gum Multipack 5x10 Pieces,6pk,£7.86/kg,3.30,,
Sainsbury's Local,Chocolate & Sweets,Chocolate & Sweets,Airwaves Sugar Free Chewing Gum x46 Pieces,46pk,£43.75/kg,2.80,,
Sainsbury's Local,Chocolate & Sweets,Chocolate & Sweets,Bounty Coconut Multipack Chocolate Bar 4 x 57g,4pk,£3.62/kg,3.30,,
Sainsbury's Local,Chocolate & Sweets,Chocolate & Sweets,Cadbury Bitsa Wispa 100g Chocolate Bag,100g,£15.00/kg,1.50,2.25,£0.75 off
Sainsbury's Local,Chocolate & Sweets,Chocolate & Sweets,Cadbury Crunchie Chocolate Bar Multipack x4 128g,128g,£24.22/kg,3.10,,
Sainsbury's Local,Chocolate & Sweets,Chocolate & Sweets,Cadbury Crunchie Rocks Chocolate Pouch 100g,100g,£15.00/kg,1.50,2.25,£0.75 off
Sainsbury's Local,Chocolate & Sweets,Chocolate & Sweets,Cadbury Curly Wurly Squirlies Chocolate Pouch 100g,100g,£15.00/kg,1.50,2.25,£0.75 off
Sainsbury's Local,Chocolate & Sweets,Chocolate & Sweets,Cadbury Dairy Milk 100g Chocolate Buttons Bag,100g,£15.00/kg,1.50,2.25,£0.75 off
Sainsbury's Local,Chocolate & Sweets,Chocolate & Sweets,Cadbury Dairy Milk 100g Chocolate Caramel Nibbles Bag,100g,£15.00/kg,1.50,2.25,£0.75 off
Sainsbury's Local,Chocolate & Sweets,Chocolate & Sweets,Cadbury Dairy Milk Chocolate Bar Multipack x4 134g,134g,£23.13/kg,3.10,,
Sainsbury's Local,Chocolate & Sweets,Chocolate & Sweets,Cadbury Dairy Milk Chocolate Buttons 40g,40g,£27.50/kg,1.10,,
Sainsbury's Local,Chocolate & Sweets,Chocolate & Sweets,Cadbury Dairy Milk Chocolate Fruitier & Nuttier Trail Mix 100g,100g,£28.50/kg,2.85,,
Sainsbury's Local,Chocolate & Sweets,Chocolate & Sweets,Cadbury Dairy Milk Chocolate Giant Buttons Bag 184.8g,175g,£17.71/kg,3.10,,
Sainsbury's Local,Chocolate & Sweets,Chocolate & Sweets,Cadbury Dairy Milk Freddo Chocolate Bar Multipack x4 72g,72g,£27.08/kg,1.95,,
Sainsbury's Local,Chocolate & Sweets,Chocolate & Sweets,Cadbury Dairy Milk Fruitier & Nuttier Orange Trail Mix 100g,100g,£28.50/kg,2.85,,
Sainsbury's Local,Chocolate & Sweets,Chocolate & Sweets,Cadbury Dairy Milk Little Bars Chocolate Bars Pack 4 x 18g,72g,£27.08/kg,1.95,,
Sainsbury's Local,Chocolate & Sweets,Chocolate & Sweets,Cadbury Dairy Milk Mega Buttons 192g,192g,£16.15/kg,3.10,,
Sainsbury's Local,Chocolate & Sweets,Chocolate & Sweets,Cadbury Dairy Milk Orange Chocolate Buttons Pouch 100g,100g,£15.00/kg,1.50,2.25,£0.75 off
Sainsbury's Local,Chocolate & Sweets,Chocolate & Sweets,Cadbury Dairy Milk Twisted Milk & White Chocolate Buttons Pouch 105g,100g,£15.00/kg,1.50,2.25,£0.75 off
Sainsbury's Local,Chocolate & Sweets,Chocolate & Sweets,Cadbury Dairy Milk Wholenut Chocolate Bar 120g,120g,£21.67/kg,2.60,,
Sainsbury's Local,Chocolate & Sweets,Chocolate & Sweets,Cadbury Fudge Chocolate Bar Pack 4 x 22g,88g,£22.16/kg,1.95,,
Sainsbury's Local,Chocolate & Sweets,Chocolate & Sweets,Cadbury Heroes Chocolate Assortment Carton 240 g,240g,£22.92/kg,5.50,,
Sainsbury's Local,Chocolate & Sweets,Chocolate & Sweets,Cadbury Heroes Chocolate Assortment Tub 475 g,475g,£19.26/kg,9.15,,
Sainsbury's Local,Chocolate & Sweets,Chocolate & Sweets,Cadbury Heroes Chocolate Box 290g,290g,£24.66/kg,7.15,,
Sainsbury's Local,Chocolate & Sweets,Chocolate & Sweets,Cadbury Milk Tray Chocolate 312g,312g,£24.04/kg,7.50,,
Sainsbury's Local,Chocolate & Sweets,Chocolate & Sweets,Cadbury Picnic Chocolate Bar Multipack x4 152g,152g,£20.39/kg,3.10,,
Sainsbury's Local,Chocolate & Sweets,Chocolate & Sweets,Cadbury Snack Chocolate Shortcake Biscuit 100g,100g,£17.00/kg,1.70,,
Sainsbury's Local,Chocolate & Sweets,Chocolate & Sweets,Cadbury Timeout 5-pack Milk Chocolate Wafer Biscuit Bars Multipack (5x 18g bars) 90 g,90g,£20.00/kg,1.80,,
Sainsbury's Local,Chocolate & Sweets,Chocolate & Sweets,Cadbury Twirl 100g Bites Chocolate Bag,100g,£15.00/kg,1.50,2.25,£0.75 off
Sainsbury's Local,Chocolate & Sweets,Chocolate & Sweets,Cadbury Twirl Bars 3 x 43g (129g),3pk,£24.03/kg,3.10,,
Sainsbury's Local,Chocolate & Sweets,Chocolate & Sweets,Cadbury White Buttons Chocolate Pouch 100g,100g,£15.00/kg,1.50,2.25,£0.75 off
Sainsbury's Local,Chocolate & Sweets,Chocolate & Sweets,Cadbury Wispa Chocolate Bar Multipack x4 111.6g,112g,£27.68/kg,3.10,,
Sainsbury's Local,Chocolate & Sweets,Chocolate & Sweets,Candy Kittens Eton Mess 140g,140g,£20.71/kg,2.90,,
Sainsbury's Local,Chocolate & Sweets,Chocolate & Sweets,Candy Kittens Sour Watermelon Gourmet Sweets 140g,140g,£20.71/kg,2.90,,
Sainsbury's Local,Chocolate & Sweets,Chocolate & Sweets,Candy Kittens Wild Strawberry Gourmet Sweets 140g,140g,£20.71/kg,2.90,,
Sainsbury's Local,Chocolate & Sweets,Chocolate & Sweets,Celebrations Milk Chocolate Gift Box 300g,300g,£25.83/kg,7.75,,
Sainsbury's Local,Chocolate & Sweets,Chocolate & Sweets,Celebrations Milk Chocolate Mini Box of Chocolates & Biscuit Bars 69g,69g,£21.74/kg,1.50,,
Sainsbury's Local,Chocolate & Sweets,Chocolate & Sweets,Celebrations Milk Chocolate Tub 500g,500g,£18.30/kg,9.15,,
Sainsbury's Local,Chocolate & Sweets,Chocolate & Sweets,Deliciously Ella Chocolate Orange Dipped Almonds 27g,27g,£66.67/kg,1.80,,
Sainsbury's Local,Chocolate & Sweets,Chocolate & Sweets,Extra Apple Sugar Free Chewing Gum x10 Pieces,10pk,£60.00/kg,0.90,,
Sainsbury's Local,Chocolate & Sweets,Chocolate & Sweets,Extra Blueberry Sugar Free Chewing Gum x10 Pieces,30pk,£2.14/kg,0.90,,
Sainsbury's Local,Chocolate & Sweets,Chocolate & Sweets,Extra Cool Breeze Chewing Gum Sugar Free Bottle 46 pieces (1x6x6 Bottles),46pk,£41.41/kg,2.65,,
Sainsbury's Local,Chocolate & Sweets,Chocolate & Sweets,Extra Cool Breeze Sugar Free Chewing Gum x10 Pieces,10pk,£64.29/kg,0.90,,
Sainsbury's Local,Chocolate & Sweets,Chocolate & Sweets,Extra Cool Breeze Sugar Free Chewing Gum x5 Packs,6pk,£7.86/kg,3.30,,
Sainsbury's Local,Chocolate & Sweets,Chocolate & Sweets,Extra ICE Peppermint Sugar Free Chewing Gum x5 Packs,6pk,£7.86/kg,3.30,,
Sainsbury's Local,Chocolate & Sweets,Chocolate & Sweets,Extra Peppermint Chewing Gum x10 Pieces,5pk,£9.43/kg,3.30,,
Sainsbury's Local,Chocolate & Sweets,Chocolate & Sweets,Extra Peppermint Chewing Gum x46 Pieces,64g,£41.41/kg,2.65,,
Sainsbury's Local,Chocolate & Sweets,Chocolate & Sweets,Extra Peppermint Sugarfree Chewing Gum 10 Pieces,10pk,£64.29/kg,0.90,,
Sainsbury's Local,Chocolate & Sweets,Chocolate & Sweets,Extra Peppermint Sugarfree Mints 16 pieces,16pk,£25.00/kg,0.70,,
Sainsbury's Local,Chocolate & Sweets,Chocolate & Sweets,Extra Spearmint Sugar Free Chewing Gum x10 Pieces,10pk,£64.29/kg,0.90,,
Sainsbury's Local,Chocolate & Sweets,Chocolate & Sweets,Extra Spearmint Sugar Free Chewing Gum x46 Pieces,64g,£41.41/kg,2.65,,
Sainsbury's Local,Chocolate & Sweets,Chocolate & Sweets,Extra Spearmint Sugar Free Chewing Gum x5 Pack,6pk,£7.86/kg,3.30,,
Sainsbury's Local,Chocolate & Sweets,Chocolate & Sweets,Extra Strawberry Sugar Free Chewing Gum x10 Pieces,10pk,£64.29/kg,0.90,,
Sainsbury's Local,Chocolate & Sweets,Chocolate & Sweets,Extra White Bubblemint Sugar Free Chewing Gum x10 Pieces,10pk,£64.29/kg,0.90,,
Sainsbury's Local,Chocolate & Sweets,Chocolate & Sweets,Extra White Bubblemint Sugar Free Chewing Gum x46 Pieces,46pk,£47.66/kg,3.05,,
Sainsbury's Local,Chocolate & Sweets,Chocolate & Sweets,Extra White Bubblemint Sugarfree Chewing Gum Multipack 5x10 Pieces,5pk,£47.14/kg,3.30,,
Sainsbury's Local,Chocolate & Sweets,Chocolate & Sweets,Extra White Chewing Gum Sugar Free 10 Pieces,14g,£64.29/kg,0.90,,
Sainsbury's Local,Chocolate & Sweets,Chocolate & Sweets,Extra White Sugar Free Chewing Gum x46 Pieces,46pk,£43.75/kg,2.80,,
Sainsbury's Local,Chocolate & Sweets,Chocolate & Sweets,Ferrero Collection Gift Box of Chocolates 15 Pieces (172g),172g,£55.52/kg,9.55,,
Sainsbury's Local,Chocolate & Sweets,Chocolate & Sweets,Ferrero Rocher Chocolate Pralines Gift Box of Chocolate 16 Pieces (200g),200g,£47.75/kg,9.55,,
Sainsbury's Local,Chocolate & Sweets,Chocolate & Sweets,Ferrero Rocher Gift Box of Chocolate 24 Pieces (300g),300g,£48.17/kg,14.45,,
Sainsbury's Local,Chocolate & Sweets,Chocolate & Sweets,Ferrero Rocher Milk Hazelnut 90g,90g,£39.44/kg,3.55,,
Sainsbury's Local,Chocolate & Sweets,Chocolate & Sweets,Flipz Milk Chocolate Coated Pretzels 90g,90g,£24.44/kg,2.20,,
Sainsbury's Local,Chocolate & Sweets,Chocolate & Sweets,Fox's Rocky 7 x 19g (133g),7pk,£13.91/kg,1.85,,
Sainsbury's Local,Chocolate & Sweets,Chocolate & Sweets,Galaxy Minstrels Buttons Chocolate Bag 118g,118g,£22.03/kg,2.60,,
Sainsbury's Local,Chocolate & Sweets,Chocolate & Sweets,Galaxy Minstrels Buttons Chocolate Bag 195g,195g,£25.38/kg,4.95,,
Sainsbury's Local,Chocolate & Sweets,Chocolate & Sweets,Galaxy Ripple Multipack Chocolate Bars 4 x 30g,4pk,£6.88/kg,3.30,,
Sainsbury's Local,Chocolate & Sweets,Chocolate & Sweets,Green & Black's Organic 70% Dark Chocolate Bar 90g,90g,£51.67/kg,4.65,,
Sainsbury's Local,Chocolate & Sweets,Chocolate & Sweets,Green & Black's Organic White Chocolate Bar 90g,90g,£51.67/kg,4.65,,
Sainsbury's Local,Chocolate & Sweets,Chocolate & Sweets,Guylian The Original Seashells 22 Chocolates with Hazelnut Praliné Filling 250g,250g,£41.20/kg,10.30,,
Sainsbury's Local,Chocolate & Sweets,Chocolate & Sweets,HARIBO 600g,600g,£8.33/kg,5.00,,
Sainsbury's Local,Chocolate & Sweets,Chocolate & Sweets,HARIBO Balla Bites Zing 140g,140g,£9.64/kg,1.35,,
Sainsbury's Local,Chocolate & Sweets,Chocolate & Sweets,HARIBO Giant Strawbs 175g,175g,£9.43/kg,1.65,,
Sainsbury's Local,Chocolate & Sweets,Chocolate & Sweets,HARIBO Goldbears 100g,100g,£15.00/kg,1.50,,
Sainsbury's Local,Chocolate & Sweets,Chocolate & Sweets,HARIBO Grapefruit 150g,150g,£31.00/kg,4.65,,
Sainsbury's Local,Chocolate & Sweets,Chocolate & Sweets,HARIBO Sour Sparks 175g,175g,£8.57/kg,1.50,,
Sainsbury's Local,Chocolate & Sweets,Chocolate & Sweets,HARIBO Starmix 175g,175g,£9.43/kg,1.65,,
Sainsbury's Local,Chocolate & Sweets,Chocolate & Sweets,HARIBO Tangfastics Bag 175g,175g,£9.43/kg,1.65,,
Sainsbury's Local,Chocolate & Sweets,Chocolate & Sweets,HARIBO Tropi-Slices 150g,150g,£11.00/kg,1.65,,
Sainsbury's Local,Chocolate & Sweets,Chocolate & Sweets,HARIBO Twin Snakes 175g,175g,£8.57/kg,1.50,,
Sainsbury's Local,Chocolate & Sweets,Chocolate & Sweets,HARIBO Zingfest 150g,150g,£11.00/kg,1.65,,
Sainsbury's Local,Chocolate & Sweets,Chocolate & Sweets,Haribo Funtasia 150g,150g,£11.00/kg,1.65,,
Sainsbury's Local,Chocolate & Sweets,Chocolate & Sweets,Haribo Goldbears 160g,160g,£9.38/kg,1.50,,
Sainsbury's Local,Chocolate & Sweets,Chocolate & Sweets,Haribo Peaches Kosher 150g,150g,£32.33/kg,4.85,,
Sainsbury's Local,Chocolate & Sweets,Chocolate & Sweets,Haribo Soda Twist Zing 175g,175g,£9.14/kg,1.60,,
Sainsbury's Local,Chocolate & Sweets,Chocolate & Sweets,Haribo Supermix 175g,175g,£9.43/kg,1.65,,
Sainsbury's Local,Chocolate & Sweets,Chocolate & Sweets,Kinder Bueno Milk Chocolate and Hazelnuts Single Bar 2 Finger x 21.5g (43g),43g,£26.74/kg,1.15,,
Sainsbury's Local,Chocolate & Sweets,Chocolate & Sweets,Kinder Bueno White Chocolate & Hazelnuts Bar 39g,39g,£29.49/kg,1.15,,
Sainsbury's Local,Chocolate & Sweets,Chocolate & Sweets,Kinder Medium Chocolate Bars 6 x 21g (126g),6pk,£18.25/kg,2.30,,
Sainsbury's Local,Chocolate & Sweets,Chocolate & Sweets,Kinder Milk & Hazelnuts Bueno Bars 3 x 43g,3pk,£23.26/kg,3.00,,
Sainsbury's Local,Chocolate & Sweets,Chocolate & Sweets,Kinder Milk and Hazelnuts Bueno White Bars 3 x 39g,3pk,£25.64/kg,3.00,,
Sainsbury's Local,Chocolate & Sweets,Chocolate & Sweets,Kinnerton Chocolate Flavoured Confection 22g,22g,£43.18/kg,0.95,,
Sainsbury's Local,Chocolate & Sweets,Chocolate & Sweets,Kit Kat Chunky Peanut Butter 42g,42g,£26.19/kg,1.10,,
Sainsbury's Local,Chocolate & Sweets,Chocolate & Sweets,KitKat 2 Finger Dark 8 x 20.7g (165.6g),8pk,£16.61/kg,2.75,,
Sainsbury's Local,Chocolate & Sweets,Chocolate & Sweets,KitKat 2 Finger Gingerbread Flavour Bars 8 x 20.7g (165.6g),8pk,£15.10/kg,2.50,,
Sainsbury's Local,Chocolate & Sweets,Chocolate & Sweets,KitKat 2 Finger Original (8 x 20.7g) 165.6g,8pk,£16.61/kg,2.75,,
Sainsbury's Local,Chocolate & Sweets,Chocolate & Sweets,KitKat 4 Finger Bars 4 x 41.5g (166g),4pk,£17.77/kg,2.95,,
Sainsbury's Local,Chocolate & Sweets,Chocolate & Sweets,KitKat 41.5g,41.5g,£26.51/kg,1.10,,
Sainsbury's Local,Chocolate & Sweets,Chocolate & Sweets,KitKat Chunky 4 x 40g (160g),4pk,£18.44/kg,2.95,,
Sainsbury's Local,Chocolate & Sweets,Chocolate & Sweets,KitKat Chunky 40g,40g,£27.50/kg,1.10,,
Sainsbury's Local,Chocolate & Sweets,Chocolate & Sweets,KitKat Chunky Duo 64g,64g,£22.66/kg,1.45,,
Sainsbury's Local,Chocolate & Sweets,Chocolate & Sweets,KitKat Cookie Dough Flavour Bars 8 x 20.7g (165.6g),8pk,£14.79/kg,2.45,,
Sainsbury's Local,Chocolate & Sweets,Chocolate & Sweets,KitKat Salted Caramel 99g,99g,£26.26/kg,2.60,,
Sainsbury's Local,Chocolate & Sweets,Chocolate & Sweets,Lily O'Brien's Desserts Collection 210g,210g,£62.62/kg,13.15,,
Sainsbury's Local,Chocolate & Sweets,Chocolate & Sweets,Lindt Choco Wafer Milk Chocolate & Hazelnut Multipack Sharing Box 135g,135g,£64.44/kg,8.70,,
Sainsbury's Local,Chocolate & Sweets,Chocolate & Sweets,Lindt Excellence Dark 70% Cocoa Chocolate Bar 100g,100g,£46.50/kg,4.65,,
Sainsbury's Local,Chocolate & Sweets,Chocolate & Sweets,Lindt Excellence Dark Orange Chocolate Bar 100g,100g,£46.50/kg,4.65,,
Sainsbury's Local,Chocolate & Sweets,Chocolate & Sweets,Lindt Excellence Intense Dark 90% Cocoa Chocolate Bar 100g,100g,£46.50/kg,4.65,,
Sainsbury's Local,Chocolate & Sweets,Chocolate & Sweets,Lindt Excellence Milk Extra Creamy Chocolate Bar 100g,100g,£46.50/kg,4.65,,
Sainsbury's Local,Chocolate & Sweets,Chocolate & Sweets,Lindt Les Grandes Milk Chocolate Hazelnut Bar 150g,150g,£40.33/kg,6.05,,
Sainsbury's Local,Chocolate & Sweets,Chocolate & Sweets,Lindt Lindor Assorted Chocolate Truffles Box 200g,200g,£48.50/kg,9.70,,
Sainsbury's Local,Chocolate & Sweets,Chocolate & Sweets,Lindt Lindor Assorted Chocolate Truffles Box 337g,337g,£46.74/kg,15.75,,
Sainsbury's Local,Chocolate & Sweets,Chocolate & Sweets,Lindt Lindor Blue Assorted Milk Chocolate Truffles Box 337g,337g,£46.74/kg,15.75,,
Sainsbury's Local,Chocolate & Sweets,Chocolate & Sweets,Lindt Lindor Milk Chocolate Truffles Box 200g,200g,£48.50/kg,9.70,,
Sainsbury's Local,Chocolate & Sweets,Chocolate & Sweets,Lindt Lindor Milk Chocolate Truffles Box 337g,337g,£46.74/kg,15.75,,
Sainsbury's Local,Chocolate & Sweets,Chocolate & Sweets,Lindt Lindor Pistachio Milk Chocolate Truffles Box 200g,200g,£48.50/kg,9.70,,
Sainsbury's Local,Chocolate & Sweets,Chocolate & Sweets,Lindt PREMIUM COLLECTION 250g,250g,£92.60/kg,23.15,,
Sainsbury's Local,Chocolate & Sweets,Chocolate & Sweets,Lion White Chocolate Duo Bar 60g,2pk,£24.17/kg,1.45,,
Sainsbury's Local,Chocolate & Sweets,Chocolate & Sweets,M&M's Crispy Milk Chocolate Bites Pouch Bag 107g,107g,£22.90/kg,2.45,,
Sainsbury's Local,Chocolate & Sweets,Chocolate & Sweets,M&M's Milk Chocolate Bites Pouch Bag 112g,112g,£21.88/kg,2.45,,
Sainsbury's Local,Chocolate & Sweets,Chocolate & Sweets,M&M's Peanut Chocolate More to Share Pouch Bag 200g,200g,£22.00/kg,4.40,,
Sainsbury's Local,Chocolate & Sweets,Chocolate & Sweets,M&M's Peanut Chocolate Pouch Bag 112g,112g,£21.88/kg,2.45,,
Sainsbury's Local,Chocolate & Sweets,Chocolate & Sweets,MAOAM Stripes 140g,140g,£9.64/kg,1.35,,
Sainsbury's Local,Chocolate & Sweets,Chocolate & Sweets,Maltesers Milk Chocolate & Honeycomb Sharing Pouch Bag 175g,175g,£28.29/kg,4.95,,
Sainsbury's Local,Chocolate & Sweets,Chocolate & Sweets,Maltesers Milk Chocolate & Honeycomb Snack Bag 37g,37g,£35.14/kg,1.30,,
Sainsbury's Local,Chocolate & Sweets,Chocolate & Sweets,Maltesers Milk Chocolate Bag 93g,93g,£27.96/kg,2.60,,
Sainsbury's Local,Chocolate & Sweets,Chocolate & Sweets,Maltesers Milk Chocolate Gift Box 110g,110g,£35.91/kg,3.95,,
Sainsbury's Local,Chocolate & Sweets,Chocolate & Sweets,Maltesers Milk Chocolate Gift Box 310g,310g,£29.19/kg,9.05,,
Sainsbury's Local,Chocolate & Sweets,Chocolate & Sweets,Maltesers White Chocolate Bag 74g,74g,£35.14/kg,2.60,,
Sainsbury's Local,Chocolate & Sweets,Chocolate & Sweets,Mars Caramel Multipack Chocolate Bars 4 x 40g,4pk,£20.63/kg,3.30,,
Sainsbury's Local,Chocolate & Sweets,Chocolate & Sweets,Maynards Bassetts Jelly Babies Candy 130g,130g,£10.77/kg,1.40,,
Sainsbury's Local,Chocolate & Sweets,Chocolate & Sweets,Maynards Bassetts Liquorice Allsorts 165g,165g,£10.91/kg,1.80,,
Sainsbury's Local,Chocolate & Sweets,Chocolate & Sweets,Maynards Bassetts Liquorice Allsorts Candy 130g,130g,£10.77/kg,1.40,,
Sainsbury's Local,Chocolate & Sweets,Chocolate & Sweets,Maynards Bassetts Wine Gums Candy 130g,130g,£10.38/kg,1.35,,
Sainsbury's Local,Chocolate & Sweets,Chocolate & Sweets,McVitie's Club Orange Bars 7 x 22g (154g),7pk,£8.12/kg,1.25,2.20,£0.95 off
Sainsbury's Local,Chocolate & Sweets,Chocolate & Sweets,McVitie's Gold Billions Wafer Golden Caramel Chocolate 39g,39g,£25.64/kg,1.00,,
Sainsbury's Local,Chocolate & Sweets,Chocolate & Sweets,McVitie's Penguin Original Bars 7 x 24.6g (172.2g),7pk,£7.26/kg,1.25,2.20,£0.95 off
Sainsbury's Local,Chocolate & Sweets,Chocolate & Sweets,Mentos Gum Pure Fresh Cherry 50 Pieces 97g,97g,£29.90/kg,2.90,,
Sainsbury's Local,Chocolate & Sweets,Chocolate & Sweets,Mentos Gum Pure Fresh Fresh Mint 50 Pieces 100g,100g,£30.50/kg,3.05,,
Sainsbury's Local,Chocolate & Sweets,Chocolate & Sweets,Mentos Gum Pure Fresh Spearmint 50 Pieces 100g,100g,£30.50/kg,3.05,,
Sainsbury's Local,Chocolate & Sweets,Chocolate & Sweets,Mentos Gum Pure Fresh Tropical 50 Pieces 100g,100g,£29.00/kg,2.90,,
Sainsbury's Local,Chocolate & Sweets,Chocolate & Sweets,Mentos Rolls Fruit 37.5g,37.5g,£36.00/kg,1.35,,
Sainsbury's Local,Chocolate & Sweets,Chocolate & Sweets,Milky Way Magic Stars Milk Chocolate Bag 100g,100g,£26.00/kg,2.60,,
Sainsbury's Local,Chocolate & Sweets,Chocolate & Sweets,Milkybar 94g,94g,£23.94/kg,2.25,,
Sainsbury's Local,Chocolate & Sweets,Chocolate & Sweets,Monty Bojangles 9 Cocoa Dusted Flavours Magnificent Truffles 248g,248g,£50.40/kg,12.50,,
Sainsbury's Local,Chocolate & Sweets,Chocolate & Sweets,Monty Bojangles Chocolatey Truffles,135g,£41.85/kg,5.65,,
Sainsbury's Local,Chocolate & Sweets,Chocolate & Sweets,Munchies 104g,104g,£21.63/kg,2.25,,
Sainsbury's Local,Chocolate & Sweets,Chocolate & Sweets,Nerds Berries Fruit-Flavour Candy Gummy Clusters 113g,113g,£21.24/kg,2.40,,
Sainsbury's Local,Chocolate & Sweets,Chocolate & Sweets,Nerds Gummy Clusters Fruit-Flavour Candy 113g,113g,£21.24/kg,2.40,,
Sainsbury's Local,Chocolate & Sweets,Chocolate & Sweets,Paskesz Strawberry Flavoured Sour Belts 115g,115g,£31.30/kg,3.60,,
Sainsbury's Local,Chocolate & Sweets,Chocolate & Sweets,Pick Up! Original 5 x 28g (140g),5pk,£18.21/kg,2.55,,
Sainsbury's Local,Chocolate & Sweets,Chocolate & Sweets,Polo Original 34g,34g,£32.35/kg,1.10,,
Sainsbury's Local,Chocolate & Sweets,Chocolate & Sweets,Polo Sugar Free 33.4g,33.4g,£32.93/kg,1.10,,
Sainsbury's Local,Chocolate & Sweets,Chocolate & Sweets,Polo Sugar Free 4 x 33.4g (133.6g),4pk,£17.22/kg,2.30,,
Sainsbury's Local,Chocolate & Sweets,Chocolate & Sweets,Quality Street 550g,550g,£16.64/kg,9.15,,
Sainsbury's Local,Chocolate & Sweets,Chocolate & Sweets,Quality Street Matchmakers Cool Mint 110g,110g,£25.45/kg,2.80,,
Sainsbury's Local,Chocolate & Sweets,Chocolate & Sweets,Raffaello Coconut and Almond Pralines Gift Box 23 Pieces 230g,230g,£41.52/kg,9.55,,
Sainsbury's Local,Chocolate & Sweets,Chocolate & Sweets,Reese's 2 Peanut Butter Cups 42g,42g,£28.57/kg,1.20,,
Sainsbury's Local,Chocolate & Sweets,Chocolate & Sweets,"Revels Milk Chocolate with Raisins, Coffee & Orange Bites Pouch Bag 101g",101g,£25.74/kg,2.60,,
Sainsbury's Local,Chocolate & Sweets,Chocolate & Sweets,Ritter Sport Colourful Variety Marzipan 100g,100g,£26.00/kg,2.60,,
Sainsbury's Local,Chocolate & Sweets,Chocolate & Sweets,Rolo Milk Chocolate & Caramel Multipack 41.6g 4 Pack,4pk,£17.73/kg,2.95,,
Sainsbury's Local,Chocolate & Sweets,Chocolate & Sweets,Rowntree's Fruit Gums 150g,150g,£13.00/kg,1.95,,
Sainsbury's Local,Chocolate & Sweets,Chocolate & Sweets,Rowntree's Fruit Pastilles 143g,143g,£13.64/kg,1.95,,
Sainsbury's Local,Chocolate & Sweets,Chocolate & Sweets,Rowntree's Jelly Tots 150g,150g,£13.00/kg,1.95,,
Sainsbury's Local,Chocolate & Sweets,Chocolate & Sweets,Rowntree's Randoms Sweets Sharing Bag 150g,150g,£13.00/kg,1.95,,
Sainsbury's Local,Chocolate & Sweets,Chocolate & Sweets,Sainsbury's Butter Mintoes 200g,200g,£8.50/kg,1.70,,
Sainsbury's Local,Chocolate & Sweets,Chocolate & Sweets,Sainsbury's Fizzy Bubblegum Bottles 70g,70g,£11.43/kg,0.80,,
Sainsbury's Local,Chocolate & Sweets,Chocolate & Sweets,Sainsbury's Fizzy Fangs 70g,70g,£11.43/kg,0.80,,
Sainsbury's Local,Chocolate & Sweets,Chocolate & Sweets,Sainsbury's Fizzy Rainbow Belts 70g,70g,£10.71/kg,0.75,,
Sainsbury's Local,Chocolate & Sweets,Chocolate & Sweets,Sainsbury's Fizzy Strawberry Straws 70g,70g,£10.71/kg,0.75,,
Sainsbury's Local,Chocolate & Sweets,Chocolate & Sweets,Sainsbury's Marsh Mallows 200g,200g,£8.00/kg,1.60,,
Sainsbury's Local,Chocolate & Sweets,Chocolate & Sweets,Sainsbury's Milk Chocolate Peanuts 180g,180g,£13.89/kg,2.50,,
Sainsbury's Local,Chocolate & Sweets,Chocolate & Sweets,Sainsbury's Milk Chocolate Raisins 180g,180g,£13.89/kg,2.50,,
Sainsbury's Local,Chocolate & Sweets,Chocolate & Sweets,Sainsbury's Monster Islands Fizzy Foamies 170g,170g,£7.94/kg,1.35,,
Sainsbury's Local,Chocolate & Sweets,Chocolate & Sweets,Sainsbury's Monster Islands Original Foamies 170g,170g,£7.94/kg,1.35,,
Sainsbury's Local,Chocolate & Sweets,Chocolate & Sweets,Sainsbury's Pink & White Mini Marshmallows 150g,150g,£13.00/kg,1.95,,
Sainsbury's Local,Chocolate & Sweets,Chocolate & Sweets,Sainsbury's Strawberry Laces 70g,70g,£10.71/kg,0.75,,
Sainsbury's Local,Chocolate & Sweets,Chocolate & Sweets,Sainsbury's Strawberry Pencils 70g,70g,£10.71/kg,0.75,,
Sainsbury's Local,Chocolate & Sweets,Chocolate & Sweets,Schär Gluten-Free Wafer Pocket 50g,50g,£30.00/kg,1.50,,
Sainsbury's Local,Chocolate & Sweets,Chocolate & Sweets,Shades by Niko The Originals 150g,150g,£12.33/kg,1.85,,
Sainsbury's Local,Chocolate & Sweets,Chocolate & Sweets,Skittles Fruit Flavoured Sweets Bag 136g,136g,£10.29/kg,1.40,,
Sainsbury's Local,Chocolate & Sweets,Chocolate & Sweets,Smarties 105g,105g,£21.43/kg,2.25,,
Sainsbury's Local,Chocolate & Sweets,Chocolate & Sweets,Smarties 38g,38g,£28.95/kg,1.10,,
Sainsbury's Local,Chocolate & Sweets,Chocolate & Sweets,Smarties 4 x 34g (136g),4pk,£14.71/kg,2.00,,
Sainsbury's Local,Chocolate & Sweets,Chocolate & Sweets,Smint 2 Hours Clean Breath Sugar Free Mints 35g - 50 Pieces,50pk,£1.00/kg,1.75,,
Sainsbury's Local,Chocolate & Sweets,Chocolate & Sweets,Smint 50 Peppermint XXL 35g,35g,£50.00/kg,1.75,,
Sainsbury's Local,Chocolate & Sweets,Chocolate & Sweets,Smint Peppermint Sugar Free Mints 8g,8g,£206.25/kg,1.65,,
Sainsbury's Local,Chocolate & Sweets,Chocolate & Sweets,Snickers Peanut Multipack Chocolate Bars 4 x 40g,4pk,£5.16/kg,3.30,,
Sainsbury's Local,Chocolate & Sweets,Chocolate & Sweets,Sour Patch Kids Blue Raspberry Candy 120g,120g,£10.42/kg,1.25,1.60,£0.35 off
Sainsbury's Local,Chocolate & Sweets,Chocolate & Sweets,Sour Patch Kids Original Candy 120g,120g,£10.42/kg,1.25,1.65,£0.40 off
Sainsbury's Local,Chocolate & Sweets,Chocolate & Sweets,Sour Patch Kids Peach Candy 120g,120g,£13.75/kg,1.65,,
Sainsbury's Local,Chocolate & Sweets,Chocolate & Sweets,Surprise Egg 10g,10g,£95.00/kg,0.95,,
Sainsbury's Local,Chocolate & Sweets,Chocolate & Sweets,Swizzels Squashies Drumstick Original Raspberry & Milk Flavour 140g,140g,£10.00/kg,1.40,,
Sainsbury's Local,Chocolate & Sweets,Chocolate & Sweets,Swizzels Strawberry & Cream Flavour Squashies Drumstick 100g,100g,£15.00/kg,1.50,,
Sainsbury's Local,Chocolate & Sweets,Chocolate & Sweets,TUNNOCK'S Caramel Wafer Biscuits 8 x 30g,8pk,£14.58/kg,3.50,,
Sainsbury's Local,Chocolate & Sweets,Chocolate & Sweets,Terry's Chocolate Mint Milk 145g,145g,£20.69/kg,3.00,,
Sainsbury's Local,Chocolate & Sweets,Chocolate & Sweets,Terry's Chocolate Orange 145g,145g,£20.69/kg,3.00,,
Sainsbury's Local,Chocolate & Sweets,Chocolate & Sweets,Terry's Chocolate Orange Minis 104g,104g,£18.75/kg,1.95,,
Sainsbury's Local,Chocolate & Sweets,Chocolate & Sweets,The Toffee Apple Co. Milk Chocolate Apple with Marshmallows,1pk,£1.00 each,1.00,,
Sainsbury's Local,Chocolate & Sweets,Chocolate & Sweets,Thorntons Classic 262g,262g,£46.56/kg,12.20,,
Sainsbury's Local,Chocolate & Sweets,Chocolate & Sweets,Tic Tac Cherry Cola 49g,49g,£37.76/kg,1.85,,
Sainsbury's Local,Chocolate & Sweets,Chocolate & Sweets,Tic Tac Fresh Mint 49g,49g,£37.76/kg,1.85,,
Sainsbury's Local,Chocolate & Sweets,Chocolate & Sweets,Tic Tac Fruit Adventure 49g,49g,£37.76/kg,1.85,,
Sainsbury's Local,Chocolate & Sweets,Chocolate & Sweets,Tic Tac Lime & Orange 49g,49g,£37.76/kg,1.85,,
Sainsbury's Local,Chocolate & Sweets,Chocolate & Sweets,Toffee Crisp Bars 4 x 38g (152g),4pk,£19.41/kg,2.95,,
Sainsbury's Local,Chocolate & Sweets,Chocolate & Sweets,Tony's Chocolonely 51% Dark Almonds Sea Salt 180g,180g,£16.67/kg,3.00,4.40,£1.40 off
Sainsbury's Local,Chocolate & Sweets,Chocolate & Sweets,Tony's Chocolonely Caramel Sea Salt Milk 180g,180g,£16.67/kg,3.00,4.40,£1.40 off
Sainsbury's Local,Chocolate & Sweets,Chocolate & Sweets,Tony's Chocolonely Milk 180g,180g,£16.67/kg,3.00,4.40,£1.40 off
Sainsbury's Local,Chocolate & Sweets,Chocolate & Sweets,"Tony's Chocolonely Milk Chocolate With Pecan, Caramel and Biscuit Pieces 180g",180g,£16.67/kg,3.00,4.40,£1.40 off
Sainsbury's Local,Chocolate & Sweets,Chocolate & Sweets,Trebor Extra Strong Peppermint Mints Roll 41.3g,48g,£18.75/kg,0.90,,
Sainsbury's Local,Chocolate & Sweets,Chocolate & Sweets,Trebor Extra Strong Sugar Free Peppermint Flavour 12.6g,12.6g,£75.40/kg,0.95,,
Sainsbury's Local,Chocolate & Sweets,Chocolate & Sweets,Trebor Natural Mint Flavour Softmints Spearmint 44.9g,44.9g,£18.93/kg,0.85,,
Sainsbury's Local,Chocolate & Sweets,Chocolate & Sweets,Trebor Softmints Peppermint Mints Roll Multipack x4 179g,180g,£9.74/kg,1.75,,
Sainsbury's Local,Chocolate & Sweets,Chocolate & Sweets,Twix Caramel Biscuit Chocolate Bar 50g,50g,£26.00/kg,1.30,,
Sainsbury's Local,Chocolate & Sweets,Chocolate & Sweets,Twix Xtra Milk Chocolate Biscuit Twin Bars 75g,75g,£22.00/kg,1.65,,
Sainsbury's Local,Chocolate & Sweets,Chocolate & Sweets,Yorkie Original Bars 138g (3 x 46g),3pk,£21.38/kg,2.95,,
Sainsbury's Local,Chocolate & Sweets,Chocolate Bars,Aero Milk Chocolate 90g,90g,£28.89/kg,2.60,,
Sainsbury's Local,Chocolate & Sweets,Chocolate Bars,Aero Peppermint 36g,36g,£30.56/kg,1.10,,
Sainsbury's Local,Chocolate & Sweets,Chocolate Bars,Aero Peppermint Chocolate 90g,90g,£28.89/kg,2.60,,
Sainsbury's Local,Chocolate & Sweets,Chocolate Bars,Bounty Coconut & Milk Chocolate Snack Bar Duo 57g,57g,£22.81/kg,1.30,,
Sainsbury's Local,Chocolate & Sweets,Chocolate Bars,Bounty Coconut Multipack Chocolate Bar 4 x 57g,4pk,£3.62/kg,3.30,,
Sainsbury's Local,Chocolate & Sweets,Chocolate Bars,Cadbury &More Biscoff Chocolate Bar 195 g,195g,£16.92/kg,3.30,,
Sainsbury's Local,Chocolate & Sweets,Chocolate Bars,Cadbury Boost 48.5g,48.5g,£22.68/kg,1.10,,
Sainsbury's Local,Chocolate & Sweets,Chocolate Bars,Cadbury Boost Duo Chocolate Bar 63g,63g,£24.60/kg,1.55,,
Sainsbury's Local,Chocolate & Sweets,Chocolate Bars,Cadbury Caramilk Golden Caramel Chocolate Bar 90g,90g,£28.89/kg,2.60,,
Sainsbury's Local,Chocolate & Sweets,Chocolate Bars,Cadbury Chocolate Curly Wurly 26g,22g,£13.95/kg,0.30,,
Sainsbury's Local,Chocolate & Sweets,Chocolate Bars,Cadbury Crunchie Chocolate Bar Multipack x4 128g,128g,£24.22/kg,3.10,,
Sainsbury's Local,Chocolate & Sweets,Chocolate Bars,Cadbury Crunchie Chocolate Bar Single 40g,40g,£27.50/kg,1.10,,
Sainsbury's Local,Chocolate & Sweets,Chocolate Bars,Cadbury Dairy Milk 110g Classic Chocolate Bar,110g,£23.64/kg,2.60,,
Sainsbury's Local,Chocolate & Sweets,Chocolate Bars,Cadbury Dairy Milk Biscoff Biscuit Chocolate Bar 105g,105g,£24.76/kg,2.60,,
Sainsbury's Local,Chocolate & Sweets,Chocolate Bars,Cadbury Dairy Milk Caramel Chocolate Bar 120g,120g,£21.67/kg,2.60,,
Sainsbury's Local,Chocolate & Sweets,Chocolate Bars,Cadbury Dairy Milk Caramel Chocolate Bar 45g,45g,£24.44/kg,1.10,,
Sainsbury's Local,Chocolate & Sweets,Chocolate Bars,Cadbury Dairy Milk Chocolate Bar 180g,180g,£19.72/kg,3.55,,
Sainsbury's Local,Chocolate & Sweets,Chocolate Bars,Cadbury Dairy Milk Chocolate Bar 45g,45g,£24.44/kg,1.10,,
Sainsbury's Local,Chocolate & Sweets,Chocolate Bars,Cadbury Dairy Milk Chocolate Bar Multipack x4 134g,134g,£23.13/kg,3.10,,
Sainsbury's Local,Chocolate & Sweets,Chocolate Bars,Cadbury Dairy Milk Chocolate Chocolate Bar 360g,360g,£20.56/kg,7.40,,
Sainsbury's Local,Chocolate & Sweets,Chocolate Bars,Cadbury Dairy Milk Chocolate Duo Bar 54.4g,54g,£28.70/kg,1.55,,
Sainsbury's Local,Chocolate & Sweets,Chocolate Bars,Cadbury Dairy Milk Crunchie Bits Chocolate Bar 180g,180g,£19.72/kg,3.55,,
Sainsbury's Local,Chocolate & Sweets,Chocolate Bars,Cadbury Dairy Milk Daim 120g,120g,£21.67/kg,2.60,,
Sainsbury's Local,Chocolate & Sweets,Chocolate Bars,Cadbury Dairy Milk Freddo 18g,18g,£27.78/kg,0.50,,
Sainsbury's Local,Chocolate & Sweets,Chocolate Bars,Cadbury Dairy Milk Freddo Chocolate Bar Multipack x4 72g,72g,£27.08/kg,1.95,,
Sainsbury's Local,Chocolate & Sweets,Chocolate Bars,Cadbury Dairy Milk Fruit & Nut Chocolate 110g,110g,£23.64/kg,2.60,,
Sainsbury's Local,Chocolate & Sweets,Chocolate Bars,Cadbury Dairy Milk Fruit & Nut Chocolate Bar 180g,180g,£19.72/kg,3.55,,
Sainsbury's Local,Chocolate & Sweets,Chocolate Bars,Cadbury Dairy Milk Little Bars Chocolate Bars Pack 4 x 18g,72g,£27.08/kg,1.95,,
Sainsbury's Local,Chocolate & Sweets,Chocolate Bars,Cadbury Dairy Milk Oreo Chocolate Bar 120g,120g,£21.67/kg,2.60,,
Sainsbury's Local,Chocolate & Sweets,Chocolate Bars,Cadbury Dairy Milk Salted Caramel 120g,120g,£21.67/kg,2.60,,
Sainsbury's Local,Chocolate & Sweets,Chocolate Bars,Cadbury Dairy Milk Whole Nut Chocolate Bar 180g,180g,£19.72/kg,3.55,,
Sainsbury's Local,Chocolate & Sweets,Chocolate Bars,Cadbury Dairy Milk Wholenut Chocolate Bar 120g,120g,£21.67/kg,2.60,,
Sainsbury's Local,Chocolate & Sweets,Chocolate Bars,Cadbury Darkmilk 90g,90g,£28.89/kg,2.60,,
Sainsbury's Local,Chocolate & Sweets,Chocolate Bars,Cadbury Double Decker Chocolate Bar 54.5g,55g,£20.18/kg,1.10,,
Sainsbury's Local,Chocolate & Sweets,Chocolate Bars,Cadbury Double Decker Duo Chocolate Bar 74.6g,74.6g,£20.78/kg,1.55,,
Sainsbury's Local,Chocolate & Sweets,Chocolate Bars,Cadbury Fudge Chocolate Bar Pack 4 x 22g,88g,£22.16/kg,1.95,,
Sainsbury's Local,Chocolate & Sweets,Chocolate Bars,Cadbury Marvellous Creations Jelly Pop Candy Chocolate Bar 160g,160g,£22.19/kg,3.55,,
Sainsbury's Local,Chocolate & Sweets,Chocolate Bars,Cadbury Marvellous Creations Jelly Popping Candy Shells 47g,47g,£23.40/kg,1.10,,
Sainsbury's Local,Chocolate & Sweets,Chocolate Bars,Cadbury Picnic Chocolate Bar 48.4g,48.4g,£22.73/kg,1.10,,
Sainsbury's Local,Chocolate & Sweets,Chocolate Bars,Cadbury Picnic Chocolate Bar Multipack x4 152g,152g,£20.39/kg,3.10,,
Sainsbury's Local,Chocolate & Sweets,Chocolate Bars,Cadbury Snack Chocolate Shortcake Biscuit 100g,100g,£17.00/kg,1.70,,
Sainsbury's Local,Chocolate & Sweets,Chocolate Bars,Cadbury Starbar Chocolate Bar 49g,49g,£22.45/kg,1.10,,
Sainsbury's Local,Chocolate & Sweets,Chocolate Bars,Cadbury Starbar Duo Chocolate Bar 74g,74g,£20.95/kg,1.55,,
Sainsbury's Local,Chocolate & Sweets,Chocolate Bars,Cadbury Timeout 5-pack Milk Chocolate Wafer Biscuit Bars Multipack (5x 18g bars) 90 g,90g,£20.00/kg,1.80,,
Sainsbury's Local,Chocolate & Sweets,Chocolate Bars,Cadbury Twirl Bars 3 x 43g (129g),3pk,£24.03/kg,3.10,,
Sainsbury's Local,Chocolate & Sweets,Chocolate Bars,Cadbury Twirl Chocolate Bar Single 43g,43g,£25.58/kg,1.10,,
Sainsbury's Local,Chocolate & Sweets,Chocolate Bars,Cadbury Twirl Orange Chocolate Bar 43g,43g,£25.58/kg,1.10,,
Sainsbury's Local,Chocolate & Sweets,Chocolate Bars,Cadbury Twirl Xtra 54g,53g,£29.25/kg,1.55,,
Sainsbury's Local,Chocolate & Sweets,Chocolate Bars,Cadbury Wispa Chocolate Bar 36g,36g,£29.17/kg,1.05,,
Sainsbury's Local,Chocolate & Sweets,Chocolate Bars,Cadbury Wispa Chocolate Bar Multipack x4 111.6g,112g,£27.68/kg,3.10,,
Sainsbury's Local,Chocolate & Sweets,Chocolate Bars,Cadbury Wispa Duo Chocolate Bar 47g,47g,£32.98/kg,1.55,,
Sainsbury's Local,Chocolate & Sweets,Chocolate Bars,Cadbury Wispa Gold Chocolate Bar 48g,48g,£22.92/kg,1.10,,
Sainsbury's Local,Chocolate & Sweets,Chocolate Bars,Ferrero Rocher Milk Hazelnut 90g,90g,£39.44/kg,3.55,,
Sainsbury's Local,Chocolate & Sweets,Chocolate Bars,Fox's Rocky 7 x 19g (133g),7pk,£13.91/kg,1.85,,
Sainsbury's Local,Chocolate & Sweets,Chocolate Bars,Fry's Turkish Delight 51g,51g,£21.57/kg,1.10,,
Sainsbury's Local,Chocolate & Sweets,Chocolate Bars,Galaxy Caramel Milk Chocolate Bar 135g,135g,£23.70/kg,3.20,,
Sainsbury's Local,Chocolate & Sweets,Chocolate Bars,Galaxy Milk Chocolate Bar 100g,100g,£32.00/kg,3.20,,
Sainsbury's Local,Chocolate & Sweets,Chocolate Bars,Galaxy Milk Chocolate Bar 180g,180g,£21.67/kg,3.90,,
Sainsbury's Local,Chocolate & Sweets,Chocolate Bars,Galaxy Milk Chocolate Bar 42g,42g,£30.95/kg,1.30,,
Sainsbury's Local,Chocolate & Sweets,Chocolate Bars,Galaxy Ripple Chocolate Bar 30g,30g,£43.33/kg,1.30,,
Sainsbury's Local,Chocolate & Sweets,Chocolate Bars,Galaxy Ripple Multipack Chocolate Bars 4 x 30g,4pk,£6.88/kg,3.30,,
Sainsbury's Local,Chocolate & Sweets,Chocolate Bars,Galaxy Salted Caramel Milk Chocolate Bar 135g,135g,£23.70/kg,3.20,,
Sainsbury's Local,Chocolate & Sweets,Chocolate Bars,Green & Black's 37% milk chocolate Organic block 90 g,90g,£51.67/kg,4.65,,
Sainsbury's Local,Chocolate & Sweets,Chocolate Bars,Green & Black's Organic 70% Dark Chocolate Bar 90g,90g,£51.67/kg,4.65,,
Sainsbury's Local,Chocolate & Sweets,Chocolate Bars,Green & Black's Organic 85% Dark Chocolate Bar 90g,90g,£51.67/kg,4.65,,
Sainsbury's Local,Chocolate & Sweets,Chocolate Bars,Green & Black's Organic White Chocolate Bar 90g,90g,£51.67/kg,4.65,,
Sainsbury's Local,Chocolate & Sweets,Chocolate Bars,Kinder Bueno Milk Chocolate and Hazelnuts Single Bar 2 Finger x 21.5g (43g),43g,£26.74/kg,1.15,,
Sainsbury's Local,Chocolate & Sweets,Chocolate Bars,Kinder Bueno White Chocolate & Hazelnuts Bar 39g,39g,£29.49/kg,1.15,,
Sainsbury's Local,Chocolate & Sweets,Chocolate Bars,Kinder Medium Chocolate Bars 6 x 21g (126g),6pk,£18.25/kg,2.30,,
Sainsbury's Local,Chocolate & Sweets,Chocolate Bars,Kinder Medium Chocolate Multipack Bars 2 x 21g (42g),2pk,£22.62/kg,0.95,,
Sainsbury's Local,Chocolate & Sweets,Chocolate Bars,Kinder Milk & Hazelnuts Bueno Bars 3 x 43g,3pk,£23.26/kg,3.00,,
Sainsbury's Local,Chocolate & Sweets,Chocolate Bars,Kinder Milk and Hazelnuts Bueno White Bars 3 x 39g,3pk,£25.64/kg,3.00,,
Sainsbury's Local,Chocolate & Sweets,Chocolate Bars,Kit Kat Chunky Peanut Butter 42g,42g,£26.19/kg,1.10,,
Sainsbury's Local,Chocolate & Sweets,Chocolate Bars,KitKat 2 Finger Dark 8 x 20.7g (165.6g),8pk,£16.61/kg,2.75,,
Sainsbury's Local,Chocolate & Sweets,Chocolate Bars,KitKat 2 Finger Gingerbread Flavour Bars 8 x 20.7g (165.6g),8pk,£15.10/kg,2.50,,
Sainsbury's Local,Chocolate & Sweets,Chocolate Bars,KitKat 2 Finger Hazelnut Flavour Bars 8 x 20.7g (165.6g),8pk,£16.61/kg,2.75,,
Sainsbury's Local,Chocolate & Sweets,Chocolate Bars,KitKat 2 Finger Original (8 x 20.7g) 165.6g,8pk,£16.61/kg,2.75,,
Sainsbury's Local,Chocolate & Sweets,Chocolate Bars,KitKat 4 Finger Bars 4 x 41.5g (166g),4pk,£17.77/kg,2.95,,
Sainsbury's Local,Chocolate & Sweets,Chocolate Bars,KitKat 41.5g,41.5g,£26.51/kg,1.10,,
Sainsbury's Local,Chocolate & Sweets,Chocolate Bars,KitKat Chunky 4 x 40g (160g),4pk,£18.44/kg,2.95,,
Sainsbury's Local,Chocolate & Sweets,Chocolate Bars,KitKat Chunky 40g,40g,£27.50/kg,1.10,,
Sainsbury's Local,Chocolate & Sweets,Chocolate Bars,KitKat Chunky Duo 64g,64g,£22.66/kg,1.45,,
Sainsbury's Local,Chocolate & Sweets,Chocolate Bars,KitKat Cookie Dough Flavour Bars 8 x 20.7g (165.6g),8pk,£14.79/kg,2.45,,
Sainsbury's Local,Chocolate & Sweets,Chocolate Bars,KitKat Salted Caramel 99g,99g,£26.26/kg,2.60,,
Sainsbury's Local,Chocolate & Sweets,Chocolate Bars,Klik La-Hit 35g,35g,£61.43/kg,2.15,,
Sainsbury's Local,Chocolate & Sweets,Chocolate Bars,Lindt Choco Wafer Milk Chocolate & Hazelnut Treat Pack 30g,30g,£53.33/kg,1.60,,
Sainsbury's Local,Chocolate & Sweets,Chocolate Bars,Lindt Excellence Dark 70% Cocoa Chocolate Bar 100g,100g,£46.50/kg,4.65,,
Sainsbury's Local,Chocolate & Sweets,Chocolate Bars,Lindt Excellence Dark Caramel Sea Salt Chocolate Bar 100g,100g,£46.50/kg,4.65,,
Sainsbury's Local,Chocolate & Sweets,Chocolate Bars,Lindt Excellence Dark Mint Chocolate Bar 100g,100g,£46.50/kg,4.65,,
Sainsbury's Local,Chocolate & Sweets,Chocolate Bars,Lindt Excellence Dark Orange Chocolate Bar 100g,100g,£46.50/kg,4.65,,
Sainsbury's Local,Chocolate & Sweets,Chocolate Bars,Lindt Excellence Dark Sea Salt Chocolate Bar 100g,100g,£46.50/kg,4.65,,
Sainsbury's Local,Chocolate & Sweets,Chocolate Bars,Lindt Excellence Intense Dark 90% Cocoa Chocolate Bar 100g,100g,£46.50/kg,4.65,,
Sainsbury's Local,Chocolate & Sweets,Chocolate Bars,Lindt Excellence Milk Extra Creamy Chocolate Bar 100g,100g,£46.50/kg,4.65,,
Sainsbury's Local,Chocolate & Sweets,Chocolate Bars,Lindt Les Grandes Dark Chocolate Hazelnut Bar 150g,150g,£40.33/kg,6.05,,
Sainsbury's Local,Chocolate & Sweets,Chocolate Bars,Lindt Lindor Milk Chocolate Treat Bar 38g,38g,£42.11/kg,1.60,,
Sainsbury's Local,Chocolate & Sweets,Chocolate Bars,Lindt Nocciolatte Milk Chocolate Hazelnut Treat Bar 35g,35g,£45.71/kg,1.60,,
Sainsbury's Local,Chocolate & Sweets,Chocolate Bars,Lion White Chocolate Duo Bar 60g,2pk,£24.17/kg,1.45,,
Sainsbury's Local,Chocolate & Sweets,Chocolate Bars,Mars Caramel Multipack Chocolate Bars 4 x 40g,4pk,£20.63/kg,3.30,,
Sainsbury's Local,Chocolate & Sweets,Chocolate Bars,Mars Duo Caramel & Milk Chocolate Bar 69g,69g,£23.19/kg,1.60,,
Sainsbury's Local,Chocolate & Sweets,Chocolate Bars,McVitie's Club Orange Bars 7 x 22g (154g),7pk,£8.12/kg,1.25,2.20,£0.95 off
Sainsbury's Local,Chocolate & Sweets,Chocolate Bars,McVitie's Gold Billions Wafer Golden Caramel Chocolate 39g,39g,£25.64/kg,1.00,,
Sainsbury's Local,Chocolate & Sweets,Chocolate Bars,McVitie's Penguin Original Bars 7 x 24.6g (172.2g),7pk,£7.26/kg,1.25,2.20,£0.95 off
Sainsbury's Local,Chocolate & Sweets,Chocolate Bars,Milkybar 25g,25g,£44.00/kg,1.10,,
Sainsbury's Local,Chocolate & Sweets,Chocolate Bars,Milkybar 90g,90g,£28.89/kg,2.60,,
Sainsbury's Local,Chocolate & Sweets,Chocolate Bars,Pick Up! Original 5 x 28g (140g),5pk,£18.21/kg,2.55,,
Sainsbury's Local,Chocolate & Sweets,Chocolate Bars,Ritter Sport Pistachio Nut Selection 100g,100g,£29.50/kg,2.95,,
Sainsbury's Local,Chocolate & Sweets,Chocolate Bars,Ritter Sport Praline 100g,100g,£26.00/kg,2.60,,
Sainsbury's Local,Chocolate & Sweets,Chocolate Bars,Ritter Sport Whole Hazelnuts Nut Selection 100g,100g,£29.50/kg,2.95,,
Sainsbury's Local,Chocolate & Sweets,Chocolate Bars,Schär Gluten-Free Wafer Pocket 50g,50g,£30.00/kg,1.50,,
Sainsbury's Local,Chocolate & Sweets,Chocolate Bars,Snickers Duo Peanut & Caramel Chocolate Bar 69g,69g,£23.19/kg,1.60,,
Sainsbury's Local,Chocolate & Sweets,Chocolate Bars,Snickers Peanut & Caramel Chocolate Bar 40g,40g,£32.50/kg,1.30,,
Sainsbury's Local,Chocolate & Sweets,Chocolate Bars,Snickers Peanut Multipack Chocolate Bars 4 x 40g,4pk,£5.16/kg,3.30,,
Sainsbury's Local,Chocolate & Sweets,Chocolate Bars,TUNNOCK'S Caramel Wafer Biscuits 8 x 30g,8pk,£14.58/kg,3.50,,
Sainsbury's Local,Chocolate & Sweets,Chocolate Bars,Terry's Chocolate Orange Milk 90g,90g,£21.67/kg,1.95,,
Sainsbury's Local,Chocolate & Sweets,Chocolate Bars,Toblerone Milk Chocolate Bar 100g,100g,£27.50/kg,2.75,,
Sainsbury's Local,Chocolate & Sweets,Chocolate Bars,Toblerone Milk Chocolate Large Bar 100g,100g,£27.50/kg,2.75,,
Sainsbury's Local,Chocolate & Sweets,Chocolate Bars,Toblerone Milk Chocolate with Honey & Almond Nougat Gifting Bar 340g,340g,£25.74/kg,8.75,,
Sainsbury's Local,Chocolate & Sweets,Chocolate Bars,Toblerone honey & almond nougat Fruit & nut chocolate gift block 360 g,360g,£19.44/kg,7.00,,
Sainsbury's Local,Chocolate & Sweets,Chocolate Bars,Toffee Crisp Bars 4 x 38g (152g),4pk,£19.41/kg,2.95,,
Sainsbury's Local,Chocolate & Sweets,Chocolate Bars,Tony's Chocolonely 51% Dark Almonds Sea Salt 180g,180g,£16.67/kg,3.00,4.40,£1.40 off
Sainsbury's Local,Chocolate & Sweets,Chocolate Bars,Tony's Chocolonely Caramel Sea Salt Milk 180g,180g,£16.67/kg,3.00,4.40,£1.40 off
Sainsbury's Local,Chocolate & Sweets,Chocolate Bars,Tony's Chocolonely Milk 180g,180g,£16.67/kg,3.00,4.40,£1.40 off
Sainsbury's Local,Chocolate & Sweets,Chocolate Bars,Tony's Chocolonely Milk 35g,35g,£35.71/kg,1.25,,
Sainsbury's Local,Chocolate & Sweets,Chocolate Bars,Tony's Chocolonely Milk Caramel Biscuit 180g,180g,£29.44/kg,5.30,,
Sainsbury's Local,Chocolate & Sweets,Chocolate Bars,"Tony's Chocolonely Milk Chocolate With Pecan, Caramel and Biscuit Pieces 180g",180g,£16.67/kg,3.00,4.40,£1.40 off
Sainsbury's Local,Chocolate & Sweets,Chocolate Bars,Twix Caramel Biscuit Chocolate Bar 50g,50g,£26.00/kg,1.30,,
Sainsbury's Local,Chocolate & Sweets,Chocolate Bars,Twix Xtra Milk Chocolate Biscuit Twin Bars 75g,75g,£22.00/kg,1.65,,
Sainsbury's Local,Chocolate & Sweets,Chocolate Bars,Yorkie Duo Original 72g,72g,£20.14/kg,1.45,,
Sainsbury's Local,Chocolate & Sweets,Chocolate Bars,Yorkie Original 46g,46g,£23.91/kg,1.10,,
Sainsbury's Local,Chocolate & Sweets,Chocolate Bars,Yorkie Original Bars 138g (3 x 46g),3pk,£21.38/kg,2.95,,
Sainsbury's Local,Chocolate & Sweets,Chocolate Bars,Yorkie Raisin & Biscuit 44g,44g,£25.00/kg,1.10,,
Sainsbury's Local,Chocolate & Sweets,Chocolate Bars,Yorkie Raisin & Biscuit Duo 66g,66g,£21.97/kg,1.45,,
Sainsbury's Local,Chocolate & Sweets,Chocolate Boxes & Gifts,After Eight Mint Dark Chocolate 300g,300g,£18.17/kg,5.45,,
Sainsbury's Local,Chocolate & Sweets,Chocolate Boxes & Gifts,Cadbury Heroes Chocolate Assortment Carton 240 g,240g,£22.92/kg,5.50,,
Sainsbury's Local,Chocolate & Sweets,Chocolate Boxes & Gifts,Cadbury Heroes Chocolate Box 290g,290g,£24.66/kg,7.15,,
Sainsbury's Local,Chocolate & Sweets,Chocolate Boxes & Gifts,Cadbury Milk Tray Chocolate 312g,312g,£24.04/kg,7.50,,
Sainsbury's Local,Chocolate & Sweets,Chocolate Boxes & Gifts,Celebrations Milk Chocolate Gift Box 300g,300g,£25.83/kg,7.75,,
Sainsbury's Local,Chocolate & Sweets,Chocolate Boxes & Gifts,Celebrations Milk Chocolate Mini Box of Chocolates & Biscuit Bars 69g,69g,£21.74/kg,1.50,,
Sainsbury's Local,Chocolate & Sweets,Chocolate Boxes & Gifts,Ferrero Collection Gift Box of Chocolates 15 Pieces (172g),172g,£55.52/kg,9.55,,
Sainsbury's Local,Chocolate & Sweets,Chocolate Boxes & Gifts,Ferrero Rocher Chocolate Pralines Gift Box of Chocolate 16 Pieces (200g),200g,£47.75/kg,9.55,,
Sainsbury's Local,Chocolate & Sweets,Chocolate Boxes & Gifts,Ferrero Rocher Gift Box of Chocolate 24 Pieces (300g),300g,£48.17/kg,14.45,,
Sainsbury's Local,Chocolate & Sweets,Chocolate Boxes & Gifts,Guylian The Original Seashells 22 Chocolates with Hazelnut Praliné Filling 250g,250g,£41.20/kg,10.30,,
Sainsbury's Local,Chocolate & Sweets,Chocolate Boxes & Gifts,Lily O'Brien's Desserts Collection 210g,210g,£62.62/kg,13.15,,
Sainsbury's Local,Chocolate & Sweets,Chocolate Boxes & Gifts,Lindt Choco Wafer Milk Chocolate & Hazelnut Multipack Sharing Box 135g,135g,£64.44/kg,8.70,,
Sainsbury's Local,Chocolate & Sweets,Chocolate Boxes & Gifts,Lindt Les Grandes Milk Chocolate Hazelnut Bar 150g,150g,£40.33/kg,6.05,,
Sainsbury's Local,Chocolate & Sweets,Chocolate Boxes & Gifts,Lindt Lindor Assorted Chocolate Truffles Box 200g,200g,£48.50/kg,9.70,,
Sainsbury's Local,Chocolate & Sweets,Chocolate Boxes & Gifts,Lindt Lindor Assorted Chocolate Truffles Box 337g,337g,£46.74/kg,15.75,,
Sainsbury's Local,Chocolate & Sweets,Chocolate Boxes & Gifts,Lindt Lindor Blue Assorted Milk Chocolate Truffles Box 337g,337g,£46.74/kg,15.75,,
Sainsbury's Local,Chocolate & Sweets,Chocolate Boxes & Gifts,Lindt Lindor Milk Chocolate Truffles Box 200g,200g,£48.50/kg,9.70,,
Sainsbury's Local,Chocolate & Sweets,Chocolate Boxes & Gifts,Lindt Lindor Milk Chocolate Truffles Box 337g,337g,£46.74/kg,15.75,,
Sainsbury's Local,Chocolate & Sweets,Chocolate Boxes & Gifts,Lindt Lindor Pistachio Milk Chocolate Truffles Box 200g,200g,£48.50/kg,9.70,,
Sainsbury's Local,Chocolate & Sweets,Chocolate Boxes & Gifts,Lindt PREMIUM COLLECTION 250g,250g,£92.60/kg,23.15,,
Sainsbury's Local,Chocolate & Sweets,Chocolate Boxes & Gifts,Maltesers Milk Chocolate Gift Box 110g,110g,£35.91/kg,3.95,,
Sainsbury's Local,Chocolate & Sweets,Chocolate Boxes & Gifts,Monty Bojangles 9 Cocoa Dusted Flavours Magnificent Truffles 248g,248g,£50.40/kg,12.50,,
Sainsbury's Local,Chocolate & Sweets,Chocolate Boxes & Gifts,Monty Bojangles Chocolatey Truffles,135g,£41.85/kg,5.65,,
Sainsbury's Local,Chocolate & Sweets,Chocolate Boxes & Gifts,Quality Street 550g,550g,£16.64/kg,9.15,,
Sainsbury's Local,Chocolate & Sweets,Chocolate Boxes & Gifts,Quality Street Matchmakers Cool Mint 110g,110g,£25.45/kg,2.80,,
Sainsbury's Local,Chocolate & Sweets,Chocolate Boxes & Gifts,Raffaello Coconut and Almond Pralines Gift Box 23 Pieces 230g,230g,£41.52/kg,9.55,,
Sainsbury's Local,Chocolate & Sweets,Chocolate Boxes & Gifts,Surprise Egg 10g,10g,£95.00/kg,0.95,,
Sainsbury's Local,Chocolate & Sweets,Chocolate Boxes & Gifts,Terry's Chocolate Mint Milk 145g,145g,£20.69/kg,3.00,,
Sainsbury's Local,Chocolate & Sweets,Chocolate Boxes & Gifts,Terry's Chocolate Orange 145g,145g,£20.69/kg,3.00,,
Sainsbury's Local,Chocolate & Sweets,Chocolate Boxes & Gifts,The Toffee Apple Co. Milk Chocolate Apple with Marshmallows,1pk,£1.00 each,1.00,,
Sainsbury's Local,Chocolate & Sweets,Chocolate Boxes & Gifts,Thorntons Classic 262g,262g,£46.56/kg,12.20,,
Sainsbury's Local,Chocolate & Sweets,Chocolate Pouches & Bags,Aero Bubbles Milk Chocolate 92g,8pk,£23.91/kg,2.20,,
Sainsbury's Local,Chocolate & Sweets,Chocolate Pouches & Bags,Aero Bubbles Peppermint Chocolate 92g,92g,£23.91/kg,2.20,,
Sainsbury's Local,Chocolate & Sweets,Chocolate Pouches & Bags,Cadbury Bitsa Wispa 100g Chocolate Bag,100g,£15.00/kg,1.50,2.25,£0.75 off
Sainsbury's Local,Chocolate & Sweets,Chocolate Pouches & Bags,Cadbury Crunchie Rocks Chocolate Pouch 100g,100g,£15.00/kg,1.50,2.25,£0.75 off
Sainsbury's Local,Chocolate & Sweets,Chocolate Pouches & Bags,Cadbury Curly Wurly Squirlies Chocolate Pouch 100g,100g,£15.00/kg,1.50,2.25,£0.75 off
Sainsbury's Local,Chocolate & Sweets,Chocolate Pouches & Bags,Cadbury Dairy Milk 100g Chocolate Buttons Bag,100g,£15.00/kg,1.50,2.25,£0.75 off
Sainsbury's Local,Chocolate & Sweets,Chocolate Pouches & Bags,Cadbury Dairy Milk 100g Chocolate Caramel Nibbles Bag,100g,£15.00/kg,1.50,2.25,£0.75 off
Sainsbury's Local,Chocolate & Sweets,Chocolate Pouches & Bags,Cadbury Dairy Milk Chocolate Buttons 40g,40g,£27.50/kg,1.10,,
Sainsbury's Local,Chocolate & Sweets,Chocolate Pouches & Bags,Cadbury Dairy Milk Chocolate Fruitier & Nuttier Trail Mix 100g,100g,£28.50/kg,2.85,,
Sainsbury's Local,Chocolate & Sweets,Chocolate Pouches & Bags,Cadbury Dairy Milk Chocolate Giant Buttons Bag 184.8g,175g,£17.71/kg,3.10,,
Sainsbury's Local,Chocolate & Sweets,Chocolate Pouches & Bags,Cadbury Dairy Milk Fruitier & Nuttier Orange Trail Mix 100g,100g,£28.50/kg,2.85,,
Sainsbury's Local,Chocolate & Sweets,Chocolate Pouches & Bags,Cadbury Dairy Milk Mega Buttons 192g,192g,£16.15/kg,3.10,,
Sainsbury's Local,Chocolate & Sweets,Chocolate Pouches & Bags,Cadbury Dairy Milk Orange Chocolate Buttons Pouch 100g,100g,£15.00/kg,1.50,2.25,£0.75 off
Sainsbury's Local,Chocolate & Sweets,Chocolate Pouches & Bags,Cadbury Dairy Milk Twisted Milk & White Chocolate Buttons Pouch 105g,100g,£15.00/kg,1.50,2.25,£0.75 off
Sainsbury's Local,Chocolate & Sweets,Chocolate Pouches & Bags,Cadbury Heroes Chocolate Assortment Tub 475 g,475g,£19.26/kg,9.15,,
Sainsbury's Local,Chocolate & Sweets,Chocolate Pouches & Bags,Cadbury Twirl 100g Bites Chocolate Bag,100g,£15.00/kg,1.50,2.25,£0.75 off
Sainsbury's Local,Chocolate & Sweets,Chocolate Pouches & Bags,Cadbury White Buttons Chocolate Pouch 100g,100g,£15.00/kg,1.50,2.25,£0.75 off
Sainsbury's Local,Chocolate & Sweets,Chocolate Pouches & Bags,Celebrations Milk Chocolate Tub 500g,500g,£18.30/kg,9.15,,
Sainsbury's Local,Chocolate & Sweets,Chocolate Pouches & Bags,Deliciously Ella Chocolate Orange Dipped Almonds 27g,27g,£66.67/kg,1.80,,
Sainsbury's Local,Chocolate & Sweets,Chocolate Pouches & Bags,Flipz Milk Chocolate Coated Pretzels 90g,90g,£24.44/kg,2.20,,
Sainsbury's Local,Chocolate & Sweets,Chocolate Pouches & Bags,Galaxy Minstrels Buttons Chocolate Bag 118g,118g,£22.03/kg,2.60,,
Sainsbury's Local,Chocolate & Sweets,Chocolate Pouches & Bags,Galaxy Minstrels Buttons Chocolate Bag 195g,195g,£25.38/kg,4.95,,
Sainsbury's Local,Chocolate & Sweets,Chocolate Pouches & Bags,M&M's Crispy Milk Chocolate Bites Pouch Bag 107g,107g,£22.90/kg,2.45,,
Sainsbury's Local,Chocolate & Sweets,Chocolate Pouches & Bags,M&M's Milk Chocolate Bites Pouch Bag 112g,112g,£21.88/kg,2.45,,
Sainsbury's Local,Chocolate & Sweets,Chocolate Pouches & Bags,M&M's Peanut Chocolate More to Share Pouch Bag 200g,200g,£22.00/kg,4.40,,
Sainsbury's Local,Chocolate & Sweets,Chocolate Pouches & Bags,M&M's Peanut Chocolate Pouch Bag 112g,112g,£21.88/kg,2.45,,
Sainsbury's Local,Chocolate & Sweets,Chocolate Pouches & Bags,Maltesers Milk Chocolate & Honeycomb Sharing Pouch Bag 175g,175g,£28.29/kg,4.95,,
Sainsbury's Local,Chocolate & Sweets,Chocolate Pouches & Bags,Maltesers Milk Chocolate & Honeycomb Snack Bag 37g,37g,£35.14/kg,1.30,,
Sainsbury's Local,Chocolate & Sweets,Chocolate Pouches & Bags,Maltesers Milk Chocolate Bag 93g,93g,£27.96/kg,2.60,,
Sainsbury's Local,Chocolate & Sweets,Chocolate Pouches & Bags,Maltesers Milk Chocolate Gift Box 310g,310g,£29.19/kg,9.05,,
Sainsbury's Local,Chocolate & Sweets,Chocolate Pouches & Bags,Maltesers White Chocolate Bag 74g,74g,£35.14/kg,2.60,,
Sainsbury's Local,Chocolate & Sweets,Chocolate Pouches & Bags,Milky Way Magic Stars Milk Chocolate Bag 100g,100g,£26.00/kg,2.60,,
Sainsbury's Local,Chocolate & Sweets,Chocolate Pouches & Bags,Milkybar 94g,94g,£23.94/kg,2.25,,
Sainsbury's Local,Chocolate & Sweets,Chocolate Pouches & Bags,Munchies 104g,104g,£21.63/kg,2.25,,
Sainsbury's Local,Chocolate & Sweets,Chocolate Pouches & Bags,Reese's 2 Peanut Butter Cups 42g,42g,£28.57/kg,1.20,,
Sainsbury's Local,Chocolate & Sweets,Chocolate Pouches & Bags,"Revels Milk Chocolate with Raisins, Coffee & Orange Bites Pouch Bag 101g",101g,£25.74/kg,2.60,,
Sainsbury's Local,Chocolate & Sweets,Chocolate Pouches & Bags,Rolo Milk Chocolate & Caramel Multipack 41.6g 4 Pack,4pk,£17.73/kg,2.95,,
Sainsbury's Local,Chocolate & Sweets,Chocolate Pouches & Bags,Sainsbury's Milk Chocolate Peanuts 180g,180g,£13.89/kg,2.50,,
Sainsbury's Local,Chocolate & Sweets,Chocolate Pouches & Bags,Sainsbury's Milk Chocolate Raisins 180g,180g,£13.89/kg,2.50,,
Sainsbury's Local,Chocolate & Sweets,Chocolate Pouches & Bags,Smarties 105g,105g,£21.43/kg,2.25,,
Sainsbury's Local,Chocolate & Sweets,Chocolate Pouches & Bags,Smarties 38g,38g,£28.95/kg,1.10,,
Sainsbury's Local,Chocolate & Sweets,Chocolate Pouches & Bags,Smarties 4 x 34g (136g),4pk,£14.71/kg,2.00,,
Sainsbury's Local,Chocolate & Sweets,Chocolate Pouches & Bags,Terry's Chocolate Orange Minis 104g,104g,£18.75/kg,1.95,,
Sainsbury's Local,Chocolate & Sweets,In Store Prices,Bounty Coconut & Milk Chocolate Snack Bar Duo 57g,57g,£22.81/kg,1.30,,
Sainsbury's Local,Chocolate & Sweets,In Store Prices,Twix Caramel Biscuit Chocolate Bar 50g,50g,£26.00/kg,1.30,,
Sainsbury's Local,Chocolate & Sweets,Offers,Cadbury Bitsa Wispa 100g Chocolate Bag,100g,£15.00/kg,1.50,2.25,£0.75 off
Sainsbury's Local,Chocolate & Sweets,Offers,Cadbury Crunchie Rocks Chocolate Pouch 100g,100g,£15.00/kg,1.50,2.25,£0.75 off
Sainsbury's Local,Chocolate & Sweets,Offers,Cadbury Curly Wurly Squirlies Chocolate Pouch 100g,100g,£15.00/kg,1.50,2.25,£0.75 off
Sainsbury's Local,Chocolate & Sweets,Offers,Cadbury Dairy Milk 100g Chocolate Buttons Bag,100g,£15.00/kg,1.50,2.25,£0.75 off
Sainsbury's Local,Chocolate & Sweets,Offers,Cadbury Dairy Milk 100g Chocolate Caramel Nibbles Bag,100g,£15.00/kg,1.50,2.25,£0.75 off
Sainsbury's Local,Chocolate & Sweets,Offers,Cadbury Dairy Milk Orange Chocolate Buttons Pouch 100g,100g,£15.00/kg,1.50,2.25,£0.75 off
Sainsbury's Local,Chocolate & Sweets,Offers,Cadbury Dairy Milk Twisted Milk & White Chocolate Buttons Pouch 105g,100g,£15.00/kg,1.50,2.25,£0.75 off
Sainsbury's Local,Chocolate & Sweets,Offers,Cadbury Twirl 100g Bites Chocolate Bag,100g,£15.00/kg,1.50,2.25,£0.75 off
Sainsbury's Local,Chocolate & Sweets,Offers,Cadbury White Buttons Chocolate Pouch 100g,100g,£15.00/kg,1.50,2.25,£0.75 off
Sainsbury's Local,Chocolate & Sweets,Offers,McVitie's Club Orange Bars 7 x 22g (154g),7pk,£8.12/kg,1.25,2.20,£0.95 off
Sainsbury's Local,Chocolate & Sweets,Offers,McVitie's Penguin Original Bars 7 x 24.6g (172.2g),7pk,£7.26/kg,1.25,2.20,£0.95 off
Sainsbury's Local,Chocolate & Sweets,Offers,Sour Patch Kids Blue Raspberry Candy 120g,120g,£10.42/kg,1.25,1.60,£0.35 off
Sainsbury's Local,Chocolate & Sweets,Offers,Sour Patch Kids Original Candy 120g,120g,£10.42/kg,1.25,1.65,£0.40 off
Sainsbury's Local,Chocolate & Sweets,Offers,Tony's Chocolonely 51% Dark Almonds Sea Salt 180g,180g,£16.67/kg,3.00,4.40,£1.40 off
Sainsbury's Local,Chocolate & Sweets,Offers,Tony's Chocolonely Caramel Sea Salt Milk 180g,180g,£16.67/kg,3.00,4.40,£1.40 off
Sainsbury's Local,Chocolate & Sweets,Offers,Tony's Chocolonely Milk 180g,180g,£16.67/kg,3.00,4.40,£1.40 off
Sainsbury's Local,Chocolate & Sweets,Offers,"Tony's Chocolonely Milk Chocolate With Pecan, Caramel and Biscuit Pieces 180g",180g,£16.67/kg,3.00,4.40,£1.40 off
Sainsbury's Local,Chocolate & Sweets,Summer Snacking,Aero Bubbles Peppermint Chocolate 92g,92g,£23.91/kg,2.20,,
Sainsbury's Local,Chocolate & Sweets,Summer Snacking,Cadbury Dairy Milk 100g Chocolate Buttons Bag,100g,£15.00/kg,1.50,2.25,£0.75 off
Sainsbury's Local,Chocolate & Sweets,Summer Snacking,Galaxy Milk Chocolate Bar 180g,180g,£21.67/kg,3.90,,
Sainsbury's Local,Chocolate & Sweets,Summer Snacking,Galaxy Minstrels Buttons Chocolate Bag 118g,118g,£22.03/kg,2.60,,
Sainsbury's Local,Chocolate & Sweets,Summer Snacking,Lindt Excellence Dark 70% Cocoa Chocolate Bar 100g,100g,£46.50/kg,4.65,,
Sainsbury's Local,Chocolate & Sweets,Summer Snacking,Lindt Excellence Dark Sea Salt Chocolate Bar 100g,100g,£46.50/kg,4.65,,
Sainsbury's Local,Chocolate & Sweets,Summer Snacking,M&M's Peanut Chocolate More to Share Pouch Bag 200g,200g,£22.00/kg,4.40,,
Sainsbury's Local,Chocolate & Sweets,Summer Snacking,Maltesers Milk Chocolate & Honeycomb Sharing Pouch Bag 175g,175g,£28.29/kg,4.95,,
Sainsbury's Local,Chocolate & Sweets,Summer Snacking,Maltesers Milk Chocolate Bag 93g,93g,£27.96/kg,2.60,,
Sainsbury's Local,Chocolate & Sweets,Summer Snacking,McVitie's Penguin Original Bars 7 x 24.6g (172.2g),7pk,£7.26/kg,1.25,2.20,£0.95 off
Sainsbury's Local,Chocolate & Sweets,Summer Snacking,Milky Way Magic Stars Milk Chocolate Bag 100g,100g,£26.00/kg,2.60,,
Sainsbury's Local,Chocolate & Sweets,Sweets,Candy Kittens Eton Mess 140g,140g,£20.71/kg,2.90,,
Sainsbury's Local,Chocolate & Sweets,Sweets,Candy Kittens Sour Watermelon Gourmet Sweets 140g,140g,£20.71/kg,2.90,,
Sainsbury's Local,Chocolate & Sweets,Sweets,Candy Kittens Wild Strawberry Gourmet Sweets 140g,140g,£20.71/kg,2.90,,
Sainsbury's Local,Chocolate & Sweets,Sweets,HARIBO 600g,600g,£8.33/kg,5.00,,
Sainsbury's Local,Chocolate & Sweets,Sweets,HARIBO Balla Bites Zing 140g,140g,£9.64/kg,1.35,,
Sainsbury's Local,Chocolate & Sweets,Sweets,HARIBO Giant Strawbs 175g,175g,£9.43/kg,1.65,,
Sainsbury's Local,Chocolate & Sweets,Sweets,HARIBO Goldbears 100g,100g,£15.00/kg,1.50,,
Sainsbury's Local,Chocolate & Sweets,Sweets,HARIBO Grapefruit 150g,150g,£31.00/kg,4.65,,
Sainsbury's Local,Chocolate & Sweets,Sweets,HARIBO Sour Sparks 175g,175g,£8.57/kg,1.50,,
Sainsbury's Local,Chocolate & Sweets,Sweets,HARIBO Starmix 175g,175g,£9.43/kg,1.65,,
Sainsbury's Local,Chocolate & Sweets,Sweets,HARIBO Tangfastics Bag 175g,175g,£9.43/kg,1.65,,
Sainsbury's Local,Chocolate & Sweets,Sweets,HARIBO Tropi-Slices 150g,150g,£11.00/kg,1.65,,
Sainsbury's Local,Chocolate & Sweets,Sweets,HARIBO Twin Snakes 175g,175g,£8.57/kg,1.50,,
Sainsbury's Local,Chocolate & Sweets,Sweets,HARIBO Zingfest 150g,150g,£11.00/kg,1.65,,
Sainsbury's Local,Chocolate & Sweets,Sweets,Haribo Funtasia 150g,150g,£11.00/kg,1.65,,
Sainsbury's Local,Chocolate & Sweets,Sweets,Haribo Goldbears 160g,160g,£9.38/kg,1.50,,
Sainsbury's Local,Chocolate & Sweets,Sweets,Haribo Peaches Kosher 150g,150g,£32.33/kg,4.85,,
Sainsbury's Local,Chocolate & Sweets,Sweets,Haribo Soda Twist Zing 175g,175g,£9.14/kg,1.60,,
Sainsbury's Local,Chocolate & Sweets,Sweets,Haribo Supermix 175g,175g,£9.43/kg,1.65,,
Sainsbury's Local,Chocolate & Sweets,Sweets,Kinnerton Chocolate Flavoured Confection 22g,22g,£43.18/kg,0.95,,
Sainsbury's Local,Chocolate & Sweets,Sweets,MAOAM Stripes 140g,140g,£9.64/kg,1.35,,
Sainsbury's Local,Chocolate & Sweets,Sweets,Maynards Bassetts Jelly Babies Candy 130g,130g,£10.77/kg,1.40,,
Sainsbury's Local,Chocolate & Sweets,Sweets,Maynards Bassetts Liquorice Allsorts 165g,165g,£10.91/kg,1.80,,
Sainsbury's Local,Chocolate & Sweets,Sweets,Maynards Bassetts Liquorice Allsorts Candy 130g,130g,£10.77/kg,1.40,,
Sainsbury's Local,Chocolate & Sweets,Sweets,Maynards Bassetts Wine Gums Candy 130g,130g,£10.38/kg,1.35,,
Sainsbury's Local,Chocolate & Sweets,Sweets,Nerds Berries Fruit-Flavour Candy Gummy Clusters 113g,113g,£21.24/kg,2.40,,
Sainsbury's Local,Chocolate & Sweets,Sweets,Nerds Gummy Clusters Fruit-Flavour Candy 113g,113g,£21.24/kg,2.40,,
Sainsbury's Local,Chocolate & Sweets,Sweets,Paskesz Strawberry Flavoured Sour Belts 115g,115g,£31.30/kg,3.60,,
Sainsbury's Local,Chocolate & Sweets,Sweets,Ritter Sport Colourful Variety Marzipan 100g,100g,£26.00/kg,2.60,,
Sainsbury's Local,Chocolate & Sweets,Sweets,Rowntree's Fruit Gums 150g,150g,£13.00/kg,1.95,,
Sainsbury's Local,Chocolate & Sweets,Sweets,Rowntree's Fruit Pastilles 143g,143g,£13.64/kg,1.95,,
Sainsbury's Local,Chocolate & Sweets,Sweets,Rowntree's Jelly Tots 150g,150g,£13.00/kg,1.95,,
Sainsbury's Local,Chocolate & Sweets,Sweets,Rowntree's Randoms Sweets Sharing Bag 150g,150g,£13.00/kg,1.95,,
Sainsbury's Local,Chocolate & Sweets,Sweets,Sainsbury's Butter Mintoes 200g,200g,£8.50/kg,1.70,,
Sainsbury's Local,Chocolate & Sweets,Sweets,Sainsbury's Fizzy Fangs 70g,70g,£11.43/kg,0.80,,
Sainsbury's Local,Chocolate & Sweets,Sweets,Sainsbury's Fizzy Rainbow Belts 70g,70g,£10.71/kg,0.75,,
Sainsbury's Local,Chocolate & Sweets,Sweets,Sainsbury's Fizzy Strawberry Straws 70g,70g,£10.71/kg,0.75,,
Sainsbury's Local,Chocolate & Sweets,Sweets,Sainsbury's Marsh Mallows 200g,200g,£8.00/kg,1.60,,
Sainsbury's Local,Chocolate & Sweets,Sweets,Sainsbury's Monster Islands Fizzy Foamies 170g,170g,£7.94/kg,1.35,,
Sainsbury's Local,Chocolate & Sweets,Sweets,Sainsbury's Monster Islands Original Foamies 170g,170g,£7.94/kg,1.35,,
Sainsbury's Local,Chocolate & Sweets,Sweets,Sainsbury's Pink & White Mini Marshmallows 150g,150g,£13.00/kg,1.95,,
Sainsbury's Local,Chocolate & Sweets,Sweets,Sainsbury's Strawberry Laces 70g,70g,£10.71/kg,0.75,,
Sainsbury's Local,Chocolate & Sweets,Sweets,Sainsbury's Strawberry Pencils 70g,70g,£10.71/kg,0.75,,
Sainsbury's Local,Chocolate & Sweets,Sweets,Shades by Niko The Originals 150g,150g,£12.33/kg,1.85,,
Sainsbury's Local,Chocolate & Sweets,Sweets,Skittles Fruit Flavoured Sweets Bag 136g,136g,£10.29/kg,1.40,,
Sainsbury's Local,Chocolate & Sweets,Sweets,Sour Patch Kids Blue Raspberry Candy 120g,120g,£10.42/kg,1.25,1.60,£0.35 off
Sainsbury's Local,Chocolate & Sweets,Sweets,Sour Patch Kids Original Candy 120g,120g,£10.42/kg,1.25,1.65,£0.40 off
Sainsbury's Local,Chocolate & Sweets,Sweets,Sour Patch Kids Peach Candy 120g,120g,£13.75/kg,1.65,,
Sainsbury's Local,Chocolate & Sweets,Sweets,Swizzels Squashies Drumstick Original Raspberry & Milk Flavour 140g,140g,£10.00/kg,1.40,,
Sainsbury's Local,Chocolate & Sweets,Sweets,Swizzels Strawberry & Cream Flavour Squashies Drumstick 100g,100g,£15.00/kg,1.50,,
Sainsbury's Local,Cooking Sauces & Ingredients,Cooking Sauces & Ingredients,Amoy Dark Soy Sauce 150ml,150ml,£15.00/L,2.25,,
Sainsbury's Local,Cooking Sauces & Ingredients,Cooking Sauces & Ingredients,Amoy Light Soy Sauce 150ml,150ml,£15.00/L,2.25,,
Sainsbury's Local,Cooking Sauces & Ingredients,Cooking Sauces & Ingredients,Aspall Organic Red Wine Vinegar 350ml,350ml,£9.43/L,3.30,,
Sainsbury's Local,Cooking Sauces & Ingredients,Cooking Sauces & Ingredients,Atora The Original Shredded Beef Suet 200g,200g,£17.50/kg,3.50,,
Sainsbury's Local,Cooking Sauces & Ingredients,Cooking Sauces & Ingredients,BISTO Best Beef Gravy 230g,230g,£25.43/kg,5.85,,
Sainsbury's Local,Cooking Sauces & Ingredients,Cooking Sauces & Ingredients,Ben's Original Sauce for Chilli Con Carne Medium 450g,450g,£7.78/kg,3.50,,
Sainsbury's Local,Cooking Sauces & Ingredients,Cooking Sauces & Ingredients,Ben's Original Sweet & Sour Tangy 450g,450g,£7.78/kg,3.50,,
Sainsbury's Local,Cooking Sauces & Ingredients,Cooking Sauces & Ingredients,Bisto Gravy Granules 190g,190g,£22.11/kg,4.20,,
Sainsbury's Local,Cooking Sauces & Ingredients,Cooking Sauces & Ingredients,Bisto for Chicken Gravy Granules 190g,190g,£22.11/kg,4.20,,
Sainsbury's Local,Cooking Sauces & Ingredients,Cooking Sauces & Ingredients,Blue Dragon Chow Mein Stir Fry Sauce 120g,120g,£10.42/kg,1.25,,
Sainsbury's Local,Cooking Sauces & Ingredients,Cooking Sauces & Ingredients,Blue Dragon Pad Thai Noodle Kit 265g,265g,£16.42/kg,4.35,,
Sainsbury's Local,Cooking Sauces & Ingredients,Cooking Sauces & Ingredients,Blue Dragon Sweet Chilli Garlic Stir Fry Sauce 120g,120g,£10.42/kg,1.25,,
Sainsbury's Local,Cooking Sauces & Ingredients,Cooking Sauces & Ingredients,Blue Dragon Thai Green Curry 253g,253g,£17.00/kg,4.30,,
Sainsbury's Local,Cooking Sauces & Ingredients,Cooking Sauces & Ingredients,Bovril Paste Beef & Yeast Extract 250 g,250g,£26.40/kg,6.60,,
Sainsbury's Local,Cooking Sauces & Ingredients,Cooking Sauces & Ingredients,Colman's Classic Comforts Cheddar Cheese Sauce Mix 40 g,40g,£30.00/kg,1.20,,
Sainsbury's Local,Cooking Sauces & Ingredients,Cooking Sauces & Ingredients,Colman's Classic Comforts Cottage Pie Recipe Mix 45 g,45g,£24.44/kg,1.10,,
Sainsbury's Local,Cooking Sauces & Ingredients,Cooking Sauces & Ingredients,Colman's Midweek Meals Chilli Con Carne Recipe Mix 50 g,50g,£22.00/kg,1.10,,
Sainsbury's Local,Cooking Sauces & Ingredients,Cooking Sauces & Ingredients,Colman's Midweek Meals Spaghetti Bolognese Recipe Mix 44 g,44g,£26.14/kg,1.15,,
Sainsbury's Local,Cooking Sauces & Ingredients,Cooking Sauces & Ingredients,Dolmio Creamy Sauce for Lasagne 440g,440g,£8.07/kg,3.55,,
Sainsbury's Local,Cooking Sauces & Ingredients,Cooking Sauces & Ingredients,Dolmio Original Sauce for Bolognese 450g,450g,£7.89/kg,3.55,,
Sainsbury's Local,Cooking Sauces & Ingredients,Cooking Sauces & Ingredients,Dolmio Sauce for Lasagne Tomato 450g,450g,£7.89/kg,3.55,,
Sainsbury's Local,Cooking Sauces & Ingredients,Cooking Sauces & Ingredients,Dolmio Sauce for Pasta Bake Creamy Tomato 450g,450g,£7.89/kg,3.55,,
Sainsbury's Local,Cooking Sauces & Ingredients,Cooking Sauces & Ingredients,Dolmio Stir In Carbonara Pasta Sauce 150g,150g,£17.67/kg,2.65,,
Sainsbury's Local,Cooking Sauces & Ingredients,Cooking Sauces & Ingredients,Dolmio Stir in Sun-Dried Tomato Pasta Sauce 150g,150g,£17.67/kg,2.65,,
Sainsbury's Local,Cooking Sauces & Ingredients,Cooking Sauces & Ingredients,East End Extra Hot Chilli Powder 100g,100g,£15.00/kg,1.50,,
Sainsbury's Local,Cooking Sauces & Ingredients,Cooking Sauces & Ingredients,East End Garam Masala 100g,100g,£18.00/kg,1.80,,
Sainsbury's Local,Cooking Sauces & Ingredients,Cooking Sauces & Ingredients,Filippo Berio Extra Virgin Olive Oil 500ml,500ml,£21.90/L,10.95,,
Sainsbury's Local,Cooking Sauces & Ingredients,Cooking Sauces & Ingredients,Fudco Haldi Powder 100g,100g,£18.00/kg,1.80,,
Sainsbury's Local,Cooking Sauces & Ingredients,Cooking Sauces & Ingredients,Gia Garlic Puree in Sunflower Oil 90g,90g,£16.67/kg,1.50,,
Sainsbury's Local,Cooking Sauces & Ingredients,Cooking Sauces & Ingredients,KTC Minced Garlic Paste 210g,210g,£8.81/kg,1.85,,
Sainsbury's Local,Cooking Sauces & Ingredients,Cooking Sauces & Ingredients,KTC Minced Ginger & Garlic Paste 210g,210g,£8.81/kg,1.85,,
Sainsbury's Local,Cooking Sauces & Ingredients,Cooking Sauces & Ingredients,KTC Pure Sunflower Oil 1 Litre,1L,£3.05/L,3.05,,
Sainsbury's Local,Cooking Sauces & Ingredients,Cooking Sauces & Ingredients,Kikkoman Tamari Gluten Free Soy Sauce 250ml,250ml,£14.60/L,3.65,,
Sainsbury's Local,Cooking Sauces & Ingredients,Cooking Sauces & Ingredients,Knorr Chicken Stock Pot 4x 28 g,112g,£25.00/kg,2.80,,
Sainsbury's Local,Cooking Sauces & Ingredients,Cooking Sauces & Ingredients,Knorr Rich Beef Stock Pot 4x 28 g,112g,£25.00/kg,2.80,,
Sainsbury's Local,Cooking Sauces & Ingredients,Cooking Sauces & Ingredients,Knorr Vegetable Stock Cubes 8x 10 g,80g,£27.50/kg,2.20,,
Sainsbury's Local,Cooking Sauces & Ingredients,Cooking Sauces & Ingredients,Knorr Vegetable Stock Pot 4x 28 g,112g,£25.00/kg,2.80,,
Sainsbury's Local,Cooking Sauces & Ingredients,Cooking Sauces & Ingredients,Kohinoor Butter Chicken Cooking Sauce 375g,375g,£8.13/kg,3.05,,
Sainsbury's Local,Cooking Sauces & Ingredients,Cooking Sauces & Ingredients,Loyd Grossman Bolognese Original 660g,660g,£7.65/kg,5.05,,
Sainsbury's Local,Cooking Sauces & Ingredients,Cooking Sauces & Ingredients,Loyd Grossman Tomato & Basil 350g,350g,£7.14/kg,2.50,3.45,£0.95 off
Sainsbury's Local,Cooking Sauces & Ingredients,Cooking Sauces & Ingredients,Loyd Grossman Tomato & Roasted Garlic Pasta Sauce 350g,350g,£7.14/kg,2.50,3.45,£0.95 off
Sainsbury's Local,Cooking Sauces & Ingredients,Cooking Sauces & Ingredients,Nando's Bag & Bake Medium 20g,20g,£80.00/kg,1.60,,
Sainsbury's Local,Cooking Sauces & Ingredients,Cooking Sauces & Ingredients,Nando's Lemon & Herb Peri-Peri Sauce 125g,125g,£22.80/kg,2.85,,
Sainsbury's Local,Cooking Sauces & Ingredients,Cooking Sauces & Ingredients,Natco All Purpose Seasoning 100g,100g,£17.00/kg,1.70,,
Sainsbury's Local,Cooking Sauces & Ingredients,Cooking Sauces & Ingredients,Natco Coarse Black Pepper 100g,100g,£24.50/kg,2.45,,
Sainsbury's Local,Cooking Sauces & Ingredients,Cooking Sauces & Ingredients,Natco Garlic Powder 100g,100g,£17.00/kg,1.70,,
Sainsbury's Local,Cooking Sauces & Ingredients,Cooking Sauces & Ingredients,Old El Paso Cheesy Baked Enchilada Kit 663g,663g,£7.54/kg,5.00,,
Sainsbury's Local,Cooking Sauces & Ingredients,Cooking Sauces & Ingredients,Old El Paso Chili Con Carne Seasoning Mix 39g,39g,£25.64/kg,1.00,1.45,£0.45 off
Sainsbury's Local,Cooking Sauces & Ingredients,Cooking Sauces & Ingredients,Old El Paso Fajita Seasoning Mix Roasted Tomato & Pepper 30g,30g,£58.33/kg,1.75,,
Sainsbury's Local,Cooking Sauces & Ingredients,Cooking Sauces & Ingredients,Old El Paso Fajita Seasoning Mix Smoky BBQ 35g,35g,£50.00/kg,1.75,,
Sainsbury's Local,Cooking Sauces & Ingredients,Cooking Sauces & Ingredients,Old El Paso Smoky BBQ Fajita Kit 500g,500g,£10.00/kg,5.00,,
Sainsbury's Local,Cooking Sauces & Ingredients,Cooking Sauces & Ingredients,Old El Paso Taco Seasoning Mix 25g,25g,£40.00/kg,1.00,1.45,£0.45 off
Sainsbury's Local,Cooking Sauces & Ingredients,Cooking Sauces & Ingredients,Oxo 12 Beef 71g,71g,£50.70/kg,3.60,,
Sainsbury's Local,Cooking Sauces & Ingredients,Cooking Sauces & Ingredients,Patak's The Original Jalfrezi Cooking Sauce 450g,450g,£7.78/kg,3.50,,
Sainsbury's Local,Cooking Sauces & Ingredients,Cooking Sauces & Ingredients,Patak's The Original Korma Cooking Sauce 450g,450g,£7.78/kg,3.50,,
Sainsbury's Local,Cooking Sauces & Ingredients,Cooking Sauces & Ingredients,Patak's The Original Tikka Masala Spice Paste 283g,283g,£16.25/kg,4.60,,
Sainsbury's Local,Cooking Sauces & Ingredients,Cooking Sauces & Ingredients,Patak's the Original Tikka Masala Cooking Sauce 450g,450g,£7.78/kg,3.50,,
Sainsbury's Local,Cooking Sauces & Ingredients,Cooking Sauces & Ingredients,Paxo Sage & Onion The Original Stuffing Mix 170g,170g,£20.00/kg,3.40,,
Sainsbury's Local,Cooking Sauces & Ingredients,Cooking Sauces & Ingredients,Saclà Classic Basil Pesto 190g,190g,£21.84/kg,4.15,,
Sainsbury's Local,Cooking Sauces & Ingredients,Cooking Sauces & Ingredients,Saclà Classic Basil Pesto Pots 90g (2 x 45g),2pk,£27.78/kg,2.50,,
Sainsbury's Local,Cooking Sauces & Ingredients,Cooking Sauces & Ingredients,Saclà Pesto Sun-Dried Tomato 190g,190g,£21.84/kg,4.15,,
Sainsbury's Local,Cooking Sauces & Ingredients,Cooking Sauces & Ingredients,Saclà Vegan Basil Pesto 190g,190g,£21.05/kg,4.00,,
Sainsbury's Local,Cooking Sauces & Ingredients,Cooking Sauces & Ingredients,Sainsbury's Bay Leaves 3g,3g,£416.67/kg,1.25,,
Sainsbury's Local,Cooking Sauces & Ingredients,Cooking Sauces & Ingredients,Sainsbury's Black Peppercorn Grinder 50g,50g,£73.00/kg,3.65,,
Sainsbury's Local,Cooking Sauces & Ingredients,Cooking Sauces & Ingredients,Sainsbury's Cinnamon Sticks 13g,13g,£96.15/kg,1.25,,
Sainsbury's Local,Cooking Sauces & Ingredients,Cooking Sauces & Ingredients,Sainsbury's Crushed Chillies 32g,38g,£32.89/kg,1.25,,
Sainsbury's Local,Cooking Sauces & Ingredients,Cooking Sauces & Ingredients,Sainsbury's Dark Soy Sauce 150ml,150ml,£5.67/L,0.85,,
Sainsbury's Local,Cooking Sauces & Ingredients,Cooking Sauces & Ingredients,Sainsbury's Dumpling Mix 142g,142g,£7.75/kg,1.10,,
Sainsbury's Local,Cooking Sauces & Ingredients,Cooking Sauces & Ingredients,Sainsbury's Extra Virgin Olive Oil 1L,1L,£10.30/L,10.30,,
Sainsbury's Local,Cooking Sauces & Ingredients,Cooking Sauces & Ingredients,Sainsbury's Extra Virgin Olive Oil 500ml,500ml,£15.50/L,7.75,,
Sainsbury's Local,Cooking Sauces & Ingredients,Cooking Sauces & Ingredients,Sainsbury's Fine Sea Salt 350g,350g,£4.29/kg,1.50,,
Sainsbury's Local,Cooking Sauces & Ingredients,Cooking Sauces & Ingredients,Sainsbury's Garlic Granules 58g,58g,£21.55/kg,1.25,,
Sainsbury's Local,Cooking Sauces & Ingredients,Cooking Sauces & Ingredients,Sainsbury's Glaze with Balsamic Vinegar of Modena 250ml,250ml,£11.60/L,2.90,,
Sainsbury's Local,Cooking Sauces & Ingredients,Cooking Sauces & Ingredients,Sainsbury's Green Pesto 190g,190g,£7.89/kg,1.50,,
Sainsbury's Local,Cooking Sauces & Ingredients,Cooking Sauces & Ingredients,Sainsbury's Ground Black Pepper 48g,48g,£40.63/kg,1.95,,
Sainsbury's Local,Cooking Sauces & Ingredients,Cooking Sauces & Ingredients,Sainsbury's Ground Cinnamon 38g,38g,£32.89/kg,1.25,,
Sainsbury's Local,Cooking Sauces & Ingredients,Cooking Sauces & Ingredients,Sainsbury's Ground Cumin 43g,43g,£29.07/kg,1.25,,
Sainsbury's Local,Cooking Sauces & Ingredients,Cooking Sauces & Ingredients,"Sainsbury's Harissa Paste, Inspired to Cook 90g",90g,£23.89/kg,2.15,,
Sainsbury's Local,Cooking Sauces & Ingredients,Cooking Sauces & Ingredients,Sainsbury's Hoisin & Garlic Stir Fry Sauce 120g,120g,£7.08/kg,0.85,,
Sainsbury's Local,Cooking Sauces & Ingredients,Cooking Sauces & Ingredients,Sainsbury's Hot Chilli Powder 44g,44g,£28.41/kg,1.25,,
Sainsbury's Local,Cooking Sauces & Ingredients,Cooking Sauces & Ingredients,Sainsbury's Inspired to Cook Panko Breadcrumbs 100g,100g,£17.00/kg,1.70,,
Sainsbury's Local,Cooking Sauces & Ingredients,Cooking Sauces & Ingredients,Sainsbury's Inspired to Cook Tahini 300g,300g,£11.00/kg,3.30,,
Sainsbury's Local,Cooking Sauces & Ingredients,Cooking Sauces & Ingredients,Sainsbury's Lemon Juice 250ml,250ml,£4.00/L,1.00,,
Sainsbury's Local,Cooking Sauces & Ingredients,Cooking Sauces & Ingredients,Sainsbury's Lime Juice 250ml,250ml,£5.60/L,1.40,,
Sainsbury's Local,Cooking Sauces & Ingredients,Cooking Sauces & Ingredients,"Sainsbury's Medium Curry Powder, Inspired to Cook 80g",80g,£18.13/kg,1.45,,
Sainsbury's Local,Cooking Sauces & Ingredients,Cooking Sauces & Ingredients,Sainsbury's Mixed Herbs 14g,14g,£89.29/kg,1.25,,
Sainsbury's Local,Cooking Sauces & Ingredients,Cooking Sauces & Ingredients,Sainsbury's Onion & Garlic Pasta Sauce 500g,500g,£2.40/kg,1.20,,
Sainsbury's Local,Cooking Sauces & Ingredients,Cooking Sauces & Ingredients,Sainsbury's Onion Granules 58g,58g,£21.55/kg,1.25,,
Sainsbury's Local,Cooking Sauces & Ingredients,Cooking Sauces & Ingredients,Sainsbury's Oregano 12g,12g,£104.17/kg,1.25,,
Sainsbury's Local,Cooking Sauces & Ingredients,Cooking Sauces & Ingredients,Sainsbury's Paprika 44g,44g,£28.41/kg,1.25,,
Sainsbury's Local,Cooking Sauces & Ingredients,Cooking Sauces & Ingredients,Sainsbury's Rosemary 22g,22g,£56.82/kg,1.25,,
Sainsbury's Local,Cooking Sauces & Ingredients,Cooking Sauces & Ingredients,Sainsbury's Salt 750g,750g,£1.07/kg,0.80,,
Sainsbury's Local,Cooking Sauces & Ingredients,Cooking Sauces & Ingredients,Sainsbury's Sauce for Tomato & Herb Bolognese 500g,500g,£2.40/kg,1.20,,
Sainsbury's Local,Cooking Sauces & Ingredients,Cooking Sauces & Ingredients,Sainsbury's Taste the Difference Basil Pesto 150g,150g,£23.67/kg,3.55,,
Sainsbury's Local,Cooking Sauces & Ingredients,Cooking Sauces & Ingredients,Sainsbury's Teriyaki Sauce 150ml,150ml,£10.00/L,1.50,,
Sainsbury's Local,Cooking Sauces & Ingredients,Cooking Sauces & Ingredients,Sainsbury's Thyme 12g,12g,£104.17/kg,1.25,,
Sainsbury's Local,Cooking Sauces & Ingredients,Cooking Sauces & Ingredients,"Sainsbury's Tomato & Mascarpone Pasta Sauce, Taste the Difference 350g",340g,£9.26/kg,3.15,,
Sainsbury's Local,Cooking Sauces & Ingredients,Cooking Sauces & Ingredients,Sainsbury's Vegetable Oil 1L,1L,£2.50/L,2.50,,
Sainsbury's Local,Cooking Sauces & Ingredients,Cooking Sauces & Ingredients,"Sainsbury's Wine Vinegar, White Wine 500ml",500ml,£4.90/L,2.45,,
Sainsbury's Local,Cooking Sauces & Ingredients,Cooking Sauces & Ingredients,Sainsburys Teriyaki Stir Fry Sauce 175g,175g,£8.29/kg,1.45,,
Sainsbury's Local,Cooking Sauces & Ingredients,Cooking Sauces & Ingredients,Sarson's Malt Vinegar 250ml,250ml,£7.20/L,1.80,,
Sainsbury's Local,Cooking Sauces & Ingredients,Cooking Sauces & Ingredients,Telma Chicken Flavoured Stock Powder 400g,400g,£13.75/kg,5.50,,
Sainsbury's Local,Cooking Sauces & Ingredients,Cooking Sauces & Ingredients,Thai Taste Green Curry Paste 200g,200g,£16.25/kg,3.25,,
Sainsbury's Local,Cooking Sauces & Ingredients,Cooking Sauces & Ingredients,The Spice Tailor Classic Butter Chicken 300g,300g,£17.33/kg,5.20,,
Sainsbury's Local,Cooking Sauces & Ingredients,Cooking Sauces & Ingredients,The Spice Tailor Keralan Coconut Curry 225g,225g,£23.11/kg,5.20,,
Sainsbury's Local,Cooking Sauces & Ingredients,Cooking Sauces & Ingredients,The Spice Tailor Original Tikka Masala 300g,300g,£17.33/kg,5.20,,
Sainsbury's Local,Cooking Sauces & Ingredients,Cooking Sauces & Ingredients,Top Taste Crispy Onions 100g,100g,£17.50/kg,1.75,,
Sainsbury's Local,Cooking Sauces & Ingredients,Cooking Sauces & Ingredients,Very Lazy Chopped Garlic 200g,200g,£11.25/kg,2.25,,
Sainsbury's Local,Cooking Sauces & Ingredients,Cooking Sauces & Ingredients,Wagamama Chicken Ramen Meal Kit 150g,150g,£16.67/kg,2.50,4.00,£1.50 off
Sainsbury's Local,Cooking Sauces & Ingredients,Gravy & Stocks,BISTO Best Beef Gravy 230g,230g,£25.43/kg,5.85,,
Sainsbury's Local,Cooking Sauces & Ingredients,Gravy & Stocks,Bisto Gravy Granules 190g,190g,£22.11/kg,4.20,,
Sainsbury's Local,Cooking Sauces & Ingredients,Gravy & Stocks,Bisto for Chicken Gravy Granules 190g,190g,£22.11/kg,4.20,,
Sainsbury's Local,Cooking Sauces & Ingredients,Gravy & Stocks,Bovril Paste Beef & Yeast Extract 250 g,250g,£26.40/kg,6.60,,
Sainsbury's Local,Cooking Sauces & Ingredients,Gravy & Stocks,Knorr Chicken Stock Pot 4x 28 g,112g,£25.00/kg,2.80,,
Sainsbury's Local,Cooking Sauces & Ingredients,Gravy & Stocks,Knorr Rich Beef Stock Pot 4x 28 g,112g,£25.00/kg,2.80,,
Sainsbury's Local,Cooking Sauces & Ingredients,Gravy & Stocks,Knorr Vegetable Stock Cubes 8x 10 g,80g,£27.50/kg,2.20,,
Sainsbury's Local,Cooking Sauces & Ingredients,Gravy & Stocks,Knorr Vegetable Stock Pot 4x 28 g,112g,£25.00/kg,2.80,,
Sainsbury's Local,Cooking Sauces & Ingredients,Gravy & Stocks,Oxo 12 Beef 71g,71g,£50.70/kg,3.60,,
Sainsbury's Local,Cooking Sauces & Ingredients,Gravy & Stocks,Telma Chicken Flavoured Stock Powder 400g,400g,£13.75/kg,5.50,,
Sainsbury's Local,Cooking Sauces & Ingredients,Herbs & Spices,East End Extra Hot Chilli Powder 100g,100g,£15.00/kg,1.50,,
Sainsbury's Local,Cooking Sauces & Ingredients,Herbs & Spices,East End Garam Masala 100g,100g,£18.00/kg,1.80,,
Sainsbury's Local,Cooking Sauces & Ingredients,Herbs & Spices,Fudco Haldi Powder 100g,100g,£18.00/kg,1.80,,
Sainsbury's Local,Cooking Sauces & Ingredients,Herbs & Spices,Gia Garlic Puree in Sunflower Oil 90g,90g,£16.67/kg,1.50,,
Sainsbury's Local,Cooking Sauces & Ingredients,Herbs & Spices,KTC Minced Garlic Paste 210g,210g,£8.81/kg,1.85,,
Sainsbury's Local,Cooking Sauces & Ingredients,Herbs & Spices,KTC Minced Ginger & Garlic Paste 210g,210g,£8.81/kg,1.85,,
Sainsbury's Local,Cooking Sauces & Ingredients,Herbs & Spices,Natco All Purpose Seasoning 100g,100g,£17.00/kg,1.70,,
Sainsbury's Local,Cooking Sauces & Ingredients,Herbs & Spices,Natco Coarse Black Pepper 100g,100g,£24.50/kg,2.45,,
Sainsbury's Local,Cooking Sauces & Ingredients,Herbs & Spices,Natco Garlic Powder 100g,100g,£17.00/kg,1.70,,
Sainsbury's Local,Cooking Sauces & Ingredients,Herbs & Spices,Old El Paso Fajita Seasoning Mix Roasted Tomato & Pepper 30g,30g,£58.33/kg,1.75,,
Sainsbury's Local,Cooking Sauces & Ingredients,Herbs & Spices,Old El Paso Fajita Seasoning Mix Smoky BBQ 35g,35g,£50.00/kg,1.75,,
Sainsbury's Local,Cooking Sauces & Ingredients,Herbs & Spices,Old El Paso Taco Seasoning Mix 25g,25g,£40.00/kg,1.00,1.45,£0.45 off
Sainsbury's Local,Cooking Sauces & Ingredients,Herbs & Spices,Sainsbury's Bay Leaves 3g,3g,£416.67/kg,1.25,,
Sainsbury's Local,Cooking Sauces & Ingredients,Herbs & Spices,Sainsbury's Black Peppercorn Grinder 50g,50g,£73.00/kg,3.65,,
Sainsbury's Local,Cooking Sauces & Ingredients,Herbs & Spices,Sainsbury's Cinnamon Sticks 13g,13g,£96.15/kg,1.25,,
Sainsbury's Local,Cooking Sauces & Ingredients,Herbs & Spices,Sainsbury's Crushed Chillies 32g,38g,£32.89/kg,1.25,,
Sainsbury's Local,Cooking Sauces & Ingredients,Herbs & Spices,Sainsbury's Fine Sea Salt 350g,350g,£4.29/kg,1.50,,
Sainsbury's Local,Cooking Sauces & Ingredients,Herbs & Spices,Sainsbury's Garlic Granules 58g,58g,£21.55/kg,1.25,,
Sainsbury's Local,Cooking Sauces & Ingredients,Herbs & Spices,Sainsbury's Ground Black Pepper 48g,48g,£40.63/kg,1.95,,
Sainsbury's Local,Cooking Sauces & Ingredients,Herbs & Spices,Sainsbury's Ground Cinnamon 38g,38g,£32.89/kg,1.25,,
Sainsbury's Local,Cooking Sauces & Ingredients,Herbs & Spices,Sainsbury's Ground Cumin 43g,43g,£29.07/kg,1.25,,
Sainsbury's Local,Cooking Sauces & Ingredients,Herbs & Spices,"Sainsbury's Harissa Paste, Inspired to Cook 90g",90g,£23.89/kg,2.15,,
Sainsbury's Local,Cooking Sauces & Ingredients,Herbs & Spices,Sainsbury's Hot Chilli Powder 44g,44g,£28.41/kg,1.25,,
Sainsbury's Local,Cooking Sauces & Ingredients,Herbs & Spices,"Sainsbury's Medium Curry Powder, Inspired to Cook 80g",80g,£18.13/kg,1.45,,
Sainsbury's Local,Cooking Sauces & Ingredients,Herbs & Spices,Sainsbury's Mixed Herbs 14g,14g,£89.29/kg,1.25,,
Sainsbury's Local,Cooking Sauces & Ingredients,Herbs & Spices,Sainsbury's Onion Granules 58g,58g,£21.55/kg,1.25,,
Sainsbury's Local,Cooking Sauces & Ingredients,Herbs & Spices,Sainsbury's Oregano 12g,12g,£104.17/kg,1.25,,
Sainsbury's Local,Cooking Sauces & Ingredients,Herbs & Spices,Sainsbury's Paprika 44g,44g,£28.41/kg,1.25,,
Sainsbury's Local,Cooking Sauces & Ingredients,Herbs & Spices,Sainsbury's Rosemary 22g,22g,£56.82/kg,1.25,,
Sainsbury's Local,Cooking Sauces & Ingredients,Herbs & Spices,Sainsbury's Salt 750g,750g,£1.07/kg,0.80,,
Sainsbury's Local,Cooking Sauces & Ingredients,Herbs & Spices,Sainsbury's Thyme 12g,12g,£104.17/kg,1.25,,
Sainsbury's Local,Cooking Sauces & Ingredients,Herbs & Spices,Very Lazy Chopped Garlic 200g,200g,£11.25/kg,2.25,,
Sainsbury's Local,Cooking Sauces & Ingredients,In Store Prices,Nando's Bag & Bake Medium 20g,20g,£80.00/kg,1.60,,
Sainsbury's Local,Cooking Sauces & Ingredients,In Store Prices,Sainsbury's Bay Leaves 3g,3g,£416.67/kg,1.25,,
Sainsbury's Local,Cooking Sauces & Ingredients,In Store Prices,Sainsbury's Garlic Granules 58g,58g,£21.55/kg,1.25,,
Sainsbury's Local,Cooking Sauces & Ingredients,In Store Prices,"Sainsbury's Harissa Paste, Inspired to Cook 90g",90g,£23.89/kg,2.15,,
Sainsbury's Local,Cooking Sauces & Ingredients,In Store Prices,Sainsbury's Mixed Herbs 14g,14g,£89.29/kg,1.25,,
Sainsbury's Local,Cooking Sauces & Ingredients,In Store Prices,Sainsbury's Paprika 44g,44g,£28.41/kg,1.25,,
Sainsbury's Local,Cooking Sauces & Ingredients,In Store Prices,Sainsbury's Rosemary 22g,22g,£56.82/kg,1.25,,
Sainsbury's Local,Cooking Sauces & Ingredients,In Store Prices,Sainsbury's Thyme 12g,12g,£104.17/kg,1.25,,
Sainsbury's Local,Cooking Sauces & Ingredients,Midweek Meals Made Easy,Blue Dragon Chow Mein Stir Fry Sauce 120g,120g,£10.42/kg,1.25,,
Sainsbury's Local,Cooking Sauces & Ingredients,Midweek Meals Made Easy,Blue Dragon Sweet Chilli Garlic Stir Fry Sauce 120g,120g,£10.42/kg,1.25,,
Sainsbury's Local,Cooking Sauces & Ingredients,Midweek Meals Made Easy,Colman's Classic Comforts Cheddar Cheese Sauce Mix 40 g,40g,£30.00/kg,1.20,,
Sainsbury's Local,Cooking Sauces & Ingredients,Midweek Meals Made Easy,Colman's Classic Comforts Cottage Pie Recipe Mix 45 g,45g,£24.44/kg,1.10,,
Sainsbury's Local,Cooking Sauces & Ingredients,Midweek Meals Made Easy,Colman's Midweek Meals Chilli Con Carne Recipe Mix 50 g,50g,£22.00/kg,1.10,,
Sainsbury's Local,Cooking Sauces & Ingredients,Midweek Meals Made Easy,Colman's Midweek Meals Spaghetti Bolognese Recipe Mix 44 g,44g,£26.14/kg,1.15,,
Sainsbury's Local,Cooking Sauces & Ingredients,Midweek Meals Made Easy,Dolmio Original Sauce for Bolognese 450g,450g,£7.89/kg,3.55,,
Sainsbury's Local,Cooking Sauces & Ingredients,Midweek Meals Made Easy,Dolmio Sauce for Lasagne Tomato 450g,450g,£7.89/kg,3.55,,
Sainsbury's Local,Cooking Sauces & Ingredients,Midweek Meals Made Easy,Dolmio Sauce for Pasta Bake Creamy Tomato 450g,450g,£7.89/kg,3.55,,
Sainsbury's Local,Cooking Sauces & Ingredients,Midweek Meals Made Easy,Old El Paso Cheesy Baked Enchilada Kit 663g,663g,£7.54/kg,5.00,,
Sainsbury's Local,Cooking Sauces & Ingredients,Midweek Meals Made Easy,Old El Paso Fajita Seasoning Mix Smoky BBQ 35g,35g,£50.00/kg,1.75,,
Sainsbury's Local,Cooking Sauces & Ingredients,Midweek Meals Made Easy,Old El Paso Smoky BBQ Fajita Kit 500g,500g,£10.00/kg,5.00,,
Sainsbury's Local,Cooking Sauces & Ingredients,Midweek Meals Made Easy,Patak's The Original Jalfrezi Cooking Sauce 450g,450g,£7.78/kg,3.50,,
Sainsbury's Local,Cooking Sauces & Ingredients,Midweek Meals Made Easy,Patak's The Original Korma Cooking Sauce 450g,450g,£7.78/kg,3.50,,
Sainsbury's Local,Cooking Sauces & Ingredients,Midweek Meals Made Easy,Patak's the Original Tikka Masala Cooking Sauce 450g,450g,£7.78/kg,3.50,,
Sainsbury's Local,Cooking Sauces & Ingredients,Midweek Meals Made Easy,Sainsbury's Hoisin & Garlic Stir Fry Sauce 120g,120g,£7.08/kg,0.85,,
Sainsbury's Local,Cooking Sauces & Ingredients,Midweek Meals Made Easy,Sainsburys Teriyaki Stir Fry Sauce 175g,175g,£8.29/kg,1.45,,
Sainsbury's Local,Cooking Sauces & Ingredients,Offers,Loyd Grossman Tomato & Basil 350g,350g,£7.14/kg,2.50,3.45,£0.95 off
Sainsbury's Local,Cooking Sauces & Ingredients,Offers,Loyd Grossman Tomato & Roasted Garlic Pasta Sauce 350g,350g,£7.14/kg,2.50,3.45,£0.95 off
Sainsbury's Local,Cooking Sauces & Ingredients,Offers,Old El Paso Chili Con Carne Seasoning Mix 39g,39g,£25.64/kg,1.00,1.45,£0.45 off
Sainsbury's Local,Cooking Sauces & Ingredients,Offers,Old El Paso Taco Seasoning Mix 25g,25g,£40.00/kg,1.00,1.45,£0.45 off
Sainsbury's Local,Cooking Sauces & Ingredients,Offers,Wagamama Chicken Ramen Meal Kit 150g,150g,£16.67/kg,2.50,4.00,£1.50 off
Sainsbury's Local,Cooking Sauces & Ingredients,Oil & Vinegar,Aspall Organic Red Wine Vinegar 350ml,350ml,£9.43/L,3.30,,
Sainsbury's Local,Cooking Sauces & Ingredients,Oil & Vinegar,Filippo Berio Extra Virgin Olive Oil 500ml,500ml,£21.90/L,10.95,,
Sainsbury's Local,Cooking Sauces & Ingredients,Oil & Vinegar,KTC Pure Sunflower Oil 1 Litre,1L,£3.05/L,3.05,,
Sainsbury's Local,Cooking Sauces & Ingredients,Oil & Vinegar,Sainsbury's Extra Virgin Olive Oil 1L,1L,£10.30/L,10.30,,
Sainsbury's Local,Cooking Sauces & Ingredients,Oil & Vinegar,Sainsbury's Extra Virgin Olive Oil 500ml,500ml,£15.50/L,7.75,,
Sainsbury's Local,Cooking Sauces & Ingredients,Oil & Vinegar,Sainsbury's Glaze with Balsamic Vinegar of Modena 250ml,250ml,£11.60/L,2.90,,
Sainsbury's Local,Cooking Sauces & Ingredients,Oil & Vinegar,Sainsbury's Vegetable Oil 1L,1L,£2.50/L,2.50,,
Sainsbury's Local,Cooking Sauces & Ingredients,Oil & Vinegar,"Sainsbury's Wine Vinegar, White Wine 500ml",500ml,£4.90/L,2.45,,
Sainsbury's Local,Cooking Sauces & Ingredients,Oil & Vinegar,Sarson's Malt Vinegar 250ml,250ml,£7.20/L,1.80,,
Sainsbury's Local,Cooking Sauces & Ingredients,Other Cooking Ingredients,Amoy Dark Soy Sauce 150ml,150ml,£15.00/L,2.25,,
Sainsbury's Local,Cooking Sauces & Ingredients,Other Cooking Ingredients,Amoy Light Soy Sauce 150ml,150ml,£15.00/L,2.25,,
Sainsbury's Local,Cooking Sauces & Ingredients,Other Cooking Ingredients,Atora The Original Shredded Beef Suet 200g,200g,£17.50/kg,3.50,,
Sainsbury's Local,Cooking Sauces & Ingredients,Other Cooking Ingredients,Ben's Original Sweet & Sour Tangy 450g,450g,£7.78/kg,3.50,,
Sainsbury's Local,Cooking Sauces & Ingredients,Other Cooking Ingredients,Blue Dragon Chow Mein Stir Fry Sauce 120g,120g,£10.42/kg,1.25,,
Sainsbury's Local,Cooking Sauces & Ingredients,Other Cooking Ingredients,Blue Dragon Sweet Chilli Garlic Stir Fry Sauce 120g,120g,£10.42/kg,1.25,,
Sainsbury's Local,Cooking Sauces & Ingredients,Other Cooking Ingredients,Kikkoman Tamari Gluten Free Soy Sauce 250ml,250ml,£14.60/L,3.65,,
Sainsbury's Local,Cooking Sauces & Ingredients,Other Cooking Ingredients,Sainsbury's Dark Soy Sauce 150ml,150ml,£5.67/L,0.85,,
Sainsbury's Local,Cooking Sauces & Ingredients,Other Cooking Ingredients,Sainsbury's Hoisin & Garlic Stir Fry Sauce 120g,120g,£7.08/kg,0.85,,
Sainsbury's Local,Cooking Sauces & Ingredients,Other Cooking Ingredients,Sainsbury's Inspired to Cook Panko Breadcrumbs 100g,100g,£17.00/kg,1.70,,
Sainsbury's Local,Cooking Sauces & Ingredients,Other Cooking Ingredients,Sainsbury's Inspired to Cook Tahini 300g,300g,£11.00/kg,3.30,,
Sainsbury's Local,Cooking Sauces & Ingredients,Other Cooking Ingredients,Sainsbury's Lemon Juice 250ml,250ml,£4.00/L,1.00,,
Sainsbury's Local,Cooking Sauces & Ingredients,Other Cooking Ingredients,Sainsbury's Lime Juice 250ml,250ml,£5.60/L,1.40,,
Sainsbury's Local,Cooking Sauces & Ingredients,Other Cooking Ingredients,Sainsbury's Teriyaki Sauce 150ml,150ml,£10.00/L,1.50,,
Sainsbury's Local,Cooking Sauces & Ingredients,Other Cooking Ingredients,Sainsburys Teriyaki Stir Fry Sauce 175g,175g,£8.29/kg,1.45,,
Sainsbury's Local,Cooking Sauces & Ingredients,Other Cooking Ingredients,Thai Taste Green Curry Paste 200g,200g,£16.25/kg,3.25,,
Sainsbury's Local,Cooking Sauces & Ingredients,Other Cooking Ingredients,Top Taste Crispy Onions 100g,100g,£17.50/kg,1.75,,
Sainsbury's Local,Cooking Sauces & Ingredients,"Pastes, Purees & Mixes",Ben's Original Sauce for Chilli Con Carne Medium 450g,450g,£7.78/kg,3.50,,
Sainsbury's Local,Cooking Sauces & Ingredients,"Pastes, Purees & Mixes",Blue Dragon Pad Thai Noodle Kit 265g,265g,£16.42/kg,4.35,,
Sainsbury's Local,Cooking Sauces & Ingredients,"Pastes, Purees & Mixes",Blue Dragon Thai Green Curry 253g,253g,£17.00/kg,4.30,,
Sainsbury's Local,Cooking Sauces & Ingredients,"Pastes, Purees & Mixes",Colman's Classic Comforts Cheddar Cheese Sauce Mix 40 g,40g,£30.00/kg,1.20,,
Sainsbury's Local,Cooking Sauces & Ingredients,"Pastes, Purees & Mixes",Colman's Classic Comforts Cottage Pie Recipe Mix 45 g,45g,£24.44/kg,1.10,,
Sainsbury's Local,Cooking Sauces & Ingredients,"Pastes, Purees & Mixes",Colman's Midweek Meals Chilli Con Carne Recipe Mix 50 g,50g,£22.00/kg,1.10,,
Sainsbury's Local,Cooking Sauces & Ingredients,"Pastes, Purees & Mixes",Colman's Midweek Meals Spaghetti Bolognese Recipe Mix 44 g,44g,£26.14/kg,1.15,,
Sainsbury's Local,Cooking Sauces & Ingredients,"Pastes, Purees & Mixes",Dolmio Creamy Sauce for Lasagne 440g,440g,£8.07/kg,3.55,,
Sainsbury's Local,Cooking Sauces & Ingredients,"Pastes, Purees & Mixes",Dolmio Original Sauce for Bolognese 450g,450g,£7.89/kg,3.55,,
Sainsbury's Local,Cooking Sauces & Ingredients,"Pastes, Purees & Mixes",Dolmio Sauce for Lasagne Tomato 450g,450g,£7.89/kg,3.55,,
Sainsbury's Local,Cooking Sauces & Ingredients,"Pastes, Purees & Mixes",Dolmio Sauce for Pasta Bake Creamy Tomato 450g,450g,£7.89/kg,3.55,,
Sainsbury's Local,Cooking Sauces & Ingredients,"Pastes, Purees & Mixes",Dolmio Stir In Carbonara Pasta Sauce 150g,150g,£17.67/kg,2.65,,
Sainsbury's Local,Cooking Sauces & Ingredients,"Pastes, Purees & Mixes",Dolmio Stir in Sun-Dried Tomato Pasta Sauce 150g,150g,£17.67/kg,2.65,,
Sainsbury's Local,Cooking Sauces & Ingredients,"Pastes, Purees & Mixes",Kohinoor Butter Chicken Cooking Sauce 375g,375g,£8.13/kg,3.05,,
Sainsbury's Local,Cooking Sauces & Ingredients,"Pastes, Purees & Mixes",Loyd Grossman Bolognese Original 660g,660g,£7.65/kg,5.05,,
Sainsbury's Local,Cooking Sauces & Ingredients,"Pastes, Purees & Mixes",Loyd Grossman Tomato & Basil 350g,350g,£7.14/kg,2.50,3.45,£0.95 off
Sainsbury's Local,Cooking Sauces & Ingredients,"Pastes, Purees & Mixes",Loyd Grossman Tomato & Roasted Garlic Pasta Sauce 350g,350g,£7.14/kg,2.50,3.45,£0.95 off
Sainsbury's Local,Cooking Sauces & Ingredients,"Pastes, Purees & Mixes",Nando's Bag & Bake Medium 20g,20g,£80.00/kg,1.60,,
Sainsbury's Local,Cooking Sauces & Ingredients,"Pastes, Purees & Mixes",Nando's Lemon & Herb Peri-Peri Sauce 125g,125g,£22.80/kg,2.85,,
Sainsbury's Local,Cooking Sauces & Ingredients,"Pastes, Purees & Mixes",Old El Paso Cheesy Baked Enchilada Kit 663g,663g,£7.54/kg,5.00,,
Sainsbury's Local,Cooking Sauces & Ingredients,"Pastes, Purees & Mixes",Old El Paso Chili Con Carne Seasoning Mix 39g,39g,£25.64/kg,1.00,1.45,£0.45 off
Sainsbury's Local,Cooking Sauces & Ingredients,"Pastes, Purees & Mixes",Old El Paso Smoky BBQ Fajita Kit 500g,500g,£10.00/kg,5.00,,
Sainsbury's Local,Cooking Sauces & Ingredients,"Pastes, Purees & Mixes",Patak's The Original Jalfrezi Cooking Sauce 450g,450g,£7.78/kg,3.50,,
Sainsbury's Local,Cooking Sauces & Ingredients,"Pastes, Purees & Mixes",Patak's The Original Korma Cooking Sauce 450g,450g,£7.78/kg,3.50,,
Sainsbury's Local,Cooking Sauces & Ingredients,"Pastes, Purees & Mixes",Patak's The Original Tikka Masala Spice Paste 283g,283g,£16.25/kg,4.60,,
Sainsbury's Local,Cooking Sauces & Ingredients,"Pastes, Purees & Mixes",Patak's the Original Tikka Masala Cooking Sauce 450g,450g,£7.78/kg,3.50,,
Sainsbury's Local,Cooking Sauces & Ingredients,"Pastes, Purees & Mixes",Paxo Sage & Onion The Original Stuffing Mix 170g,170g,£20.00/kg,3.40,,
Sainsbury's Local,Cooking Sauces & Ingredients,"Pastes, Purees & Mixes",Saclà Classic Basil Pesto 190g,190g,£21.84/kg,4.15,,
Sainsbury's Local,Cooking Sauces & Ingredients,"Pastes, Purees & Mixes",Saclà Classic Basil Pesto Pots 90g (2 x 45g),2pk,£27.78/kg,2.50,,
Sainsbury's Local,Cooking Sauces & Ingredients,"Pastes, Purees & Mixes",Saclà Pesto Sun-Dried Tomato 190g,190g,£21.84/kg,4.15,,
Sainsbury's Local,Cooking Sauces & Ingredients,"Pastes, Purees & Mixes",Saclà Vegan Basil Pesto 190g,190g,£21.05/kg,4.00,,
Sainsbury's Local,Cooking Sauces & Ingredients,"Pastes, Purees & Mixes",Sainsbury's Dumpling Mix 142g,142g,£7.75/kg,1.10,,
Sainsbury's Local,Cooking Sauces & Ingredients,"Pastes, Purees & Mixes",Sainsbury's Green Pesto 190g,190g,£7.89/kg,1.50,,
Sainsbury's Local,Cooking Sauces & Ingredients,"Pastes, Purees & Mixes",Sainsbury's Onion & Garlic Pasta Sauce 500g,500g,£2.40/kg,1.20,,
Sainsbury's Local,Cooking Sauces & Ingredients,"Pastes, Purees & Mixes",Sainsbury's Sauce for Tomato & Herb Bolognese 500g,500g,£2.40/kg,1.20,,
Sainsbury's Local,Cooking Sauces & Ingredients,"Pastes, Purees & Mixes",Sainsbury's Taste the Difference Basil Pesto 150g,150g,£23.67/kg,3.55,,
Sainsbury's Local,Cooking Sauces & Ingredients,"Pastes, Purees & Mixes","Sainsbury's Tomato & Mascarpone Pasta Sauce, Taste the Difference 350g",340g,£9.26/kg,3.15,,
Sainsbury's Local,Cooking Sauces & Ingredients,"Pastes, Purees & Mixes",The Spice Tailor Classic Butter Chicken 300g,300g,£17.33/kg,5.20,,
Sainsbury's Local,Cooking Sauces & Ingredients,"Pastes, Purees & Mixes",The Spice Tailor Keralan Coconut Curry 225g,225g,£23.11/kg,5.20,,
Sainsbury's Local,Cooking Sauces & Ingredients,"Pastes, Purees & Mixes",The Spice Tailor Original Tikka Masala 300g,300g,£17.33/kg,5.20,,
Sainsbury's Local,Cooking Sauces & Ingredients,"Pastes, Purees & Mixes",Wagamama Chicken Ramen Meal Kit 150g,150g,£16.67/kg,2.50,4.00,£1.50 off
Sainsbury's Local,Cooking Sauces & Ingredients,Summer Eating,Top Taste Crispy Onions 100g,100g,£17.50/kg,1.75,,
Sainsbury's Local,"Crisps, Snacks, Biscuits",Autumn is here,Belvita 5 x 50g Duo Crunch Multipack Strawberry & Yogurt Cereal Snack Bars,253g,£13.64/kg,3.45,,
Sainsbury's Local,"Crisps, Snacks, Biscuits",Autumn is here,Belvita 5 x 50g Soft Bakes Multipack Chocolate Hazelnut Flavour Cereal Snack Bars,250g,£13.80/kg,3.45,,
Sainsbury's Local,"Crisps, Snacks, Biscuits",Autumn is here,Cadbury Brunch 4 x 28g Oats Chocolate Chip Cereal Bars,112g,£16.52/kg,1.85,,
Sainsbury's Local,"Crisps, Snacks, Biscuits",Autumn is here,Cadbury Dairy Milk Fingers Milk Chocolate Covered Biscuits 114g,114g,£26.32/kg,3.00,,
Sainsbury's Local,"Crisps, Snacks, Biscuits",Autumn is here,Cadbury Fingers Crossed White Chocolate Biscuits 114g,114g,£26.32/kg,3.00,,
Sainsbury's Local,"Crisps, Snacks, Biscuits",Autumn is here,Fox's Fabulous Half-Coated Milk Chocolate Cookies 175g,175g,£15.71/kg,2.75,,
Sainsbury's Local,"Crisps, Snacks, Biscuits",Autumn is here,Fox's Fabulous Milk Chocolate Cookies 180g,180g,£16.67/kg,3.00,,
Sainsbury's Local,"Crisps, Snacks, Biscuits",Autumn is here,Fox's Party Rings 125g,125g,£10.40/kg,1.30,,
Sainsbury's Local,"Crisps, Snacks, Biscuits",Autumn is here,Jammie Dodgers Raspberry Flavour 140g,140g,£9.29/kg,1.30,,
Sainsbury's Local,"Crisps, Snacks, Biscuits",Autumn is here,Lu Le Petit Chocolate Biscuits 100g,100g,£25.00/kg,2.50,,
Sainsbury's Local,"Crisps, Snacks, Biscuits",Autumn is here,Maryland Choc Chip 200g,200g,£11.50/kg,2.30,,
Sainsbury's Local,"Crisps, Snacks, Biscuits",Autumn is here,McVitie's Digestive Milk Chocolate 266g,266g,£6.95/kg,1.85,2.50,£0.65 off
Sainsbury's Local,"Crisps, Snacks, Biscuits",Autumn is here,Nutella 20 Biscuits 276g,276g,£17.21/kg,4.75,,
Sainsbury's Local,"Crisps, Snacks, Biscuits",Autumn is here,OREO Double Creme Cocoa Sandwich Cookies with Vanilla Flavour Biscuits Pack 157 g,157g,£12.42/kg,1.95,,
Sainsbury's Local,"Crisps, Snacks, Biscuits",Autumn is here,Oreo Original Vanilla Flavour Sandwich Biscuits 154g,154g,£12.66/kg,1.95,,
Sainsbury's Local,"Crisps, Snacks, Biscuits",Autumn is here,Propercorn Sweet & Salty Popcorn 30g,30g,£50.00/kg,1.50,,
Sainsbury's Local,"Crisps, Snacks, Biscuits",Autumn is here,Walkers Prawn Cocktail Multipack Crisps 6 x 25g,6pk,£16.67/kg,2.50,,
Sainsbury's Local,"Crisps, Snacks, Biscuits",Autumn is here,Walkers Salt & Vinegar Multipack Crisps 6x25g,6pk,£16.67/kg,2.50,,
Sainsbury's Local,"Crisps, Snacks, Biscuits",Biscuits,Bahlsen 8 Choco Leibniz Milk 111g,111g,£26.13/kg,2.90,,
Sainsbury's Local,"Crisps, Snacks, Biscuits",Biscuits,Bahlsen Choco Leibniz Caramel Flavour 111g,111g,£22.52/kg,2.50,,
Sainsbury's Local,"Crisps, Snacks, Biscuits",Biscuits,Bahlsen Choco Leibniz Dark 111g,111g,£26.13/kg,2.90,,
Sainsbury's Local,"Crisps, Snacks, Biscuits",Biscuits,Belvita 5 x 50g Soft Bakes Multipack Chocolate Hazelnut Flavour Cereal Snack Bars,250g,£13.80/kg,3.45,,
Sainsbury's Local,"Crisps, Snacks, Biscuits",Biscuits,Belvita Duo Crunch Strawberry & Yogurt Cereal Snack Bar 50.6g,51g,£16.67/kg,0.85,,
Sainsbury's Local,"Crisps, Snacks, Biscuits",Biscuits,Belvita Soft Bakes Choc Chips 50g,50g,£17.00/kg,0.85,,
Sainsbury's Local,"Crisps, Snacks, Biscuits",Biscuits,Border Dark Chocolate Ginger 150g,150g,£19.67/kg,2.95,,
Sainsbury's Local,"Crisps, Snacks, Biscuits",Biscuits,Cadbury Chocolate Animals Biscuits pack 5x19.9g,100g,£20.60/kg,2.05,,
Sainsbury's Local,"Crisps, Snacks, Biscuits",Biscuits,Cadbury Chocolate Mini Fingers Biscuits pack 5x19.3g,97g,£21.24/kg,2.05,,
Sainsbury's Local,"Crisps, Snacks, Biscuits",Biscuits,Cadbury Dairy Milk Fingers Milk Chocolate Covered Biscuits 114g,114g,£26.32/kg,3.00,,
Sainsbury's Local,"Crisps, Snacks, Biscuits",Biscuits,Cadbury Dairy Milk Fingers Salted Caramel Flavour 114g,114g,£23.68/kg,2.70,,
Sainsbury's Local,"Crisps, Snacks, Biscuits",Biscuits,Cadbury Fingers Crossed White Chocolate Biscuits 114g,114g,£26.32/kg,3.00,,
Sainsbury's Local,"Crisps, Snacks, Biscuits",Biscuits,Cadbury Snack Shortcake Chocolate Biscuit 40g,40g,£23.75/kg,0.95,,
Sainsbury's Local,"Crisps, Snacks, Biscuits",Biscuits,Fox's Fabulous Chocolatey Double Chocolate Rounds 130g,130g,£24.62/kg,3.20,,
Sainsbury's Local,"Crisps, Snacks, Biscuits",Biscuits,Fox's Fabulous Chocolatey Milk Chocolate Rounds 130g,130g,£24.62/kg,3.20,,
Sainsbury's Local,"Crisps, Snacks, Biscuits",Biscuits,Fox's Fabulous Half-Coated Milk Chocolate Cookies 175g,175g,£15.71/kg,2.75,,
Sainsbury's Local,"Crisps, Snacks, Biscuits",Biscuits,Fox's Fabulous Milk Chocolate Cookies 180g,180g,£16.67/kg,3.00,,
Sainsbury's Local,"Crisps, Snacks, Biscuits",Biscuits,Fox's Favourites Crunch Creams Golden 200g,200g,£8.75/kg,1.75,,
Sainsbury's Local,"Crisps, Snacks, Biscuits",Biscuits,Fox's Favourites Raspberry & Vanilla Jam 'n' Cream 150g,150g,£7.67/kg,1.15,,
Sainsbury's Local,"Crisps, Snacks, Biscuits",Biscuits,Fox's Milk Chocolate Viennese 120g,120g,£24.17/kg,2.90,,
Sainsbury's Local,"Crisps, Snacks, Biscuits",Biscuits,Fox's Party Rings 125g,125g,£10.40/kg,1.30,,
Sainsbury's Local,"Crisps, Snacks, Biscuits",Biscuits,Jammie Dodgers Giant Raspberry Flavour 50g,50g,£22.00/kg,1.10,,
Sainsbury's Local,"Crisps, Snacks, Biscuits",Biscuits,Jammie Dodgers Minis Raspberry Flavour 120g (6 x 20g),6pk,£17.08/kg,2.05,,
Sainsbury's Local,"Crisps, Snacks, Biscuits",Biscuits,Jammie Dodgers Raspberry Flavour 140g,140g,£9.29/kg,1.30,,
Sainsbury's Local,"Crisps, Snacks, Biscuits",Biscuits,Jutrzenka Bebe Petit Beurre Biscuits 16g,16g,£15.63/kg,0.25,,
Sainsbury's Local,"Crisps, Snacks, Biscuits",Biscuits,Kedem Kids Animal Cookies 340g,340g,£8.82/kg,3.00,,
Sainsbury's Local,"Crisps, Snacks, Biscuits",Biscuits,Kinder Cards Biscuits 8 x 12.8g (102.4g),8pk,£26.86/kg,2.75,,
Sainsbury's Local,"Crisps, Snacks, Biscuits",Biscuits,LU Cookie with Chunky Rich Chocolate Chips 184g,184g,£16.85/kg,3.10,,
Sainsbury's Local,"Crisps, Snacks, Biscuits",Biscuits,LU Le Petit Beurre Salted Butter Biscuits 167g,167g,£17.07/kg,2.85,,
Sainsbury's Local,"Crisps, Snacks, Biscuits",Biscuits,LU Petit Ecolier Dark Chocolate Biscuits 100 g,100g,£25.00/kg,2.50,,
Sainsbury's Local,"Crisps, Snacks, Biscuits",Biscuits,Lotus Biscoff 16 x 248g,248g,£9.68/kg,2.40,,
Sainsbury's Local,"Crisps, Snacks, Biscuits",Biscuits,Lotus Biscoff 250g,250g,£9.60/kg,2.40,,
Sainsbury's Local,"Crisps, Snacks, Biscuits",Biscuits,Lu Le Petit Chocolate Biscuits 100g,100g,£25.00/kg,2.50,,
Sainsbury's Local,"Crisps, Snacks, Biscuits",Biscuits,Maryland 6 Minis Choc Chip 118.8g,118.8g,£17.68/kg,2.10,,
Sainsbury's Local,"Crisps, Snacks, Biscuits",Biscuits,Maryland Choc Chip 200g,200g,£11.50/kg,2.30,,
Sainsbury's Local,"Crisps, Snacks, Biscuits",Biscuits,Maryland Double Choc 200g,200g,£11.50/kg,2.30,,
Sainsbury's Local,"Crisps, Snacks, Biscuits",Biscuits,McVitie's 10 The Original Jaffa Cakes,10pk,£17.73/kg,1.95,,
Sainsbury's Local,"Crisps, Snacks, Biscuits",Biscuits,McVitie's 20 Jaffa Cakes The Original Twin Pack,20pk,£7.77/kg,1.85,2.75,£0.90 off
Sainsbury's Local,"Crisps, Snacks, Biscuits",Biscuits,McVitie's Dark Chocolate Digestive Biscuits 266g,266g,£6.95/kg,1.85,2.50,£0.65 off
Sainsbury's Local,"Crisps, Snacks, Biscuits",Biscuits,McVitie's Digestive Milk Chocolate 266g,266g,£6.95/kg,1.85,2.50,£0.65 off
Sainsbury's Local,"Crisps, Snacks, Biscuits",Biscuits,McVitie's Digestives The Original 360g,360g,£7.08/kg,2.55,,
Sainsbury's Local,"Crisps, Snacks, Biscuits",Biscuits,McVitie's Digestives White 232g,232g,£7.97/kg,1.85,2.50,£0.65 off
Sainsbury's Local,"Crisps, Snacks, Biscuits",Biscuits,McVitie's Ginger Nuts Biscuits 250g,250g,£8.20/kg,2.05,,
Sainsbury's Local,"Crisps, Snacks, Biscuits",Biscuits,McVitie's Hobnobs Milk Chocolate Biscuits 262g,262g,£7.06/kg,1.85,2.50,£0.65 off
Sainsbury's Local,"Crisps, Snacks, Biscuits",Biscuits,McVitie's Hobnobs The Oaty One 255g,255g,£8.04/kg,2.05,,
Sainsbury's Local,"Crisps, Snacks, Biscuits",Biscuits,McVitie's Limited Edition Digestive Pink Raspberry & Cream Flavour 232g,232g,£10.78/kg,2.50,,
Sainsbury's Local,"Crisps, Snacks, Biscuits",Biscuits,McVitie's Milk Chocolate Digestive Biscuits 433g,433g,£10.28/kg,4.45,,
Sainsbury's Local,"Crisps, Snacks, Biscuits",Biscuits,McVitie's Rich Tea 300g,300g,£7.33/kg,2.20,,
Sainsbury's Local,"Crisps, Snacks, Biscuits",Biscuits,McVitie's Signature Caramel Chocolate Rounds 109g,109g,£23.39/kg,2.55,,
Sainsbury's Local,"Crisps, Snacks, Biscuits",Biscuits,McVitie's the Oaty One Hobnobs Milk Chocolate 431g,431g,£10.32/kg,4.45,,
Sainsbury's Local,"Crisps, Snacks, Biscuits",Biscuits,NUTELLA® & Go! Hazelnut Spread with Cocoa + Breadsticks 48g,48g,£34.38/kg,1.65,,
Sainsbury's Local,"Crisps, Snacks, Biscuits",Biscuits,Nairn's Deliciously Rich Chocolate Chip Oat Biscuit Breaks 160g,160g,£18.75/kg,3.00,,
Sainsbury's Local,"Crisps, Snacks, Biscuits",Biscuits,Nutella 20 Biscuits 276g,276g,£17.21/kg,4.75,,
Sainsbury's Local,"Crisps, Snacks, Biscuits",Biscuits,OREO Double Creme Cocoa Sandwich Cookies with Vanilla Flavour Biscuits Pack 157 g,157g,£12.42/kg,1.95,,
Sainsbury's Local,"Crisps, Snacks, Biscuits",Biscuits,Oreo Original Vanilla Flavour Sandwich Biscuits 154g,154g,£12.66/kg,1.95,,
Sainsbury's Local,"Crisps, Snacks, Biscuits",Biscuits,Pick Up! Salted Caramel 5 x 28g (140g),5pk,£18.21/kg,2.55,,
Sainsbury's Local,"Crisps, Snacks, Biscuits",Biscuits,Rakusen's of Yorkshire Digestive Dark Chocolate 200g,200g,£19.25/kg,3.85,,
Sainsbury's Local,"Crisps, Snacks, Biscuits",Biscuits,Sainsbury's All Butter Chocolate Chip Shortbread 175g,175g,£11.71/kg,2.05,,
Sainsbury's Local,"Crisps, Snacks, Biscuits",Biscuits,Sainsbury's Bourbon Creams 200g,200g,£3.25/kg,0.65,,
Sainsbury's Local,"Crisps, Snacks, Biscuits",Biscuits,Sainsbury's Chocolate Chip Cookies 250g,250g,£6.40/kg,1.60,,
Sainsbury's Local,"Crisps, Snacks, Biscuits",Biscuits,Sainsbury's Custard Creams 200g,200g,£2.75/kg,0.55,,
Sainsbury's Local,"Crisps, Snacks, Biscuits",Biscuits,Sainsbury's Free From Chocolate Chip Cookies 150g,150g,£15.33/kg,2.30,,
Sainsbury's Local,"Crisps, Snacks, Biscuits",Biscuits,Sainsbury's Highland All Butter Shortbread Finger Biscuits 200g,200g,£8.25/kg,1.65,,
Sainsbury's Local,"Crisps, Snacks, Biscuits",Biscuits,Sainsbury's Malted Milk Biscuits 200g,200g,£3.50/kg,0.70,,
Sainsbury's Local,"Crisps, Snacks, Biscuits",Biscuits,Walker's Shortbread Fingers 160g,160g,£15.00/kg,2.40,,
Sainsbury's Local,"Crisps, Snacks, Biscuits",Biscuits,Walker's Shortbread Highlanders 160g,160g,£20.94/kg,3.35,,
Sainsbury's Local,"Crisps, Snacks, Biscuits",Breadsticks & Savoury Snacks,Nairn's Rosemary & Sea Salt Flatbreads 150g,150g,£18.33/kg,2.75,,
Sainsbury's Local,"Crisps, Snacks, Biscuits",Breadsticks & Savoury Snacks,Patak's The Original 8 Plain Pappadums 64g,64g,£48.44/kg,3.10,,
Sainsbury's Local,"Crisps, Snacks, Biscuits",Breadsticks & Savoury Snacks,RYVITA Dark Rye Crispbread 250g,250g,£8.40/kg,2.10,,
Sainsbury's Local,"Crisps, Snacks, Biscuits",Breadsticks & Savoury Snacks,Ryvita Thins Multi-Seed 125g,125g,£23.20/kg,2.90,,
Sainsbury's Local,"Crisps, Snacks, Biscuits",Breadsticks & Savoury Snacks,Sainsbury's Cheddar Cheese Twists 125g,125g,£15.20/kg,1.90,,
Sainsbury's Local,"Crisps, Snacks, Biscuits",Breadsticks & Savoury Snacks,Sainsbury's Taste the Difference Extra Virgin Olive Oil (3%) Breadsticks 130g,130g,£21.54/kg,2.80,,
Sainsbury's Local,"Crisps, Snacks, Biscuits",Breadsticks & Savoury Snacks,Schär Gluten Free Pretzels 60g,60g,£24.17/kg,1.45,,
Sainsbury's Local,"Crisps, Snacks, Biscuits",Breadsticks & Savoury Snacks,Warburtons 6 Brown Thins,6pk,£0.32 each,1.90,,
Sainsbury's Local,"Crisps, Snacks, Biscuits",Cereal & Snack Bars,Belvita 5 x 50g Duo Crunch Multipack Strawberry & Yogurt Cereal Snack Bars,253g,£13.64/kg,3.45,,
Sainsbury's Local,"Crisps, Snacks, Biscuits",Cereal & Snack Bars,Belvita 5 x 50g Soft Bakes Multipack Chocolate Chip Cereal Snack Bars,250g,£15.00/kg,3.75,,
Sainsbury's Local,"Crisps, Snacks, Biscuits",Cereal & Snack Bars,Cadbury Brunch 4 x 28g Oats Chocolate Chip Cereal Bars,112g,£16.52/kg,1.85,,
Sainsbury's Local,"Crisps, Snacks, Biscuits",Cereal & Snack Bars,Cadbury Brunch Bar Peanut Cereal Bars 112g,112g,£16.52/kg,1.85,,
Sainsbury's Local,"Crisps, Snacks, Biscuits",Cereal & Snack Bars,Cadbury's Brunch Raisin 112g,112g,£16.52/kg,1.85,,
Sainsbury's Local,"Crisps, Snacks, Biscuits",Cereal & Snack Bars,Deliciously ella Peanut Butter Oat Bar 50g,50g,£25.00/kg,1.25,,
Sainsbury's Local,"Crisps, Snacks, Biscuits",Cereal & Snack Bars,Eat Natural Almond & Apricot with a Yoghurt Coating Fruit & Nut Bars 3 x 40g,3pk,£30.42/kg,3.65,,
Sainsbury's Local,"Crisps, Snacks, Biscuits",Cereal & Snack Bars,Eat Natural Almond & Apricot with a Yoghurt Coating Fruit & Nut Bars 40g,40g,£36.25/kg,1.45,,
Sainsbury's Local,"Crisps, Snacks, Biscuits",Cereal & Snack Bars,Eat Natural Fruit & Nut Bars Almond & Cranberry with Pomegranate & Honey Bar 40g,40g,£36.25/kg,1.45,,
Sainsbury's Local,"Crisps, Snacks, Biscuits",Cereal & Snack Bars,Go Ahead 6 Fruit & Oat Bakes Apple 150g,150g,£14.67/kg,2.20,,
Sainsbury's Local,"Crisps, Snacks, Biscuits",Cereal & Snack Bars,Go Ahead 6 Fruit & Oat Bakes Strawberry 150g,150g,£14.67/kg,2.20,,
Sainsbury's Local,"Crisps, Snacks, Biscuits",Cereal & Snack Bars,Go Ahead Fruit Slices Apple 174g,174g,£11.78/kg,2.05,,
Sainsbury's Local,"Crisps, Snacks, Biscuits",Cereal & Snack Bars,Go Ahead Fruit Slices Forest Fruit 174g,174g,£11.78/kg,2.05,,
Sainsbury's Local,"Crisps, Snacks, Biscuits",Cereal & Snack Bars,Go Ahead Wholistic Almond & Raspberry Nut Butter Filled Snack Bar 40g,40g,£47.50/kg,1.90,,
Sainsbury's Local,"Crisps, Snacks, Biscuits",Cereal & Snack Bars,Graze Cocoa & Vanilla Oat Boost Flapjack Snack Bars 4 x 30g,120g,£25.00/kg,3.00,,
Sainsbury's Local,"Crisps, Snacks, Biscuits",Cereal & Snack Bars,Graze Lemon Blueberry Oat Boosts Flapjacks (4 x 30g) 120g,4pk,£25.00/kg,3.00,,
Sainsbury's Local,"Crisps, Snacks, Biscuits",Cereal & Snack Bars,Graze Lively Lemon Oat Boosts 50g,50g,£26.00/kg,1.30,,
Sainsbury's Local,"Crisps, Snacks, Biscuits",Cereal & Snack Bars,Kellogg's Rice Krispies Squares Totally Chocolatey 36g,36g,£29.17/kg,1.05,,
Sainsbury's Local,"Crisps, Snacks, Biscuits",Cereal & Snack Bars,Kind Caramel Almond & Sea Salt 40g,40g,£45.00/kg,1.80,,
Sainsbury's Local,"Crisps, Snacks, Biscuits",Cereal & Snack Bars,Kind Caramel Chocolate Peanut 40g,40g,£45.00/kg,1.80,,
Sainsbury's Local,"Crisps, Snacks, Biscuits",Cereal & Snack Bars,Kind Chocolate Chip Cashew 40g,40g,£45.00/kg,1.80,,
Sainsbury's Local,"Crisps, Snacks, Biscuits",Cereal & Snack Bars,Kind Dark Chocolate Nuts & Sea Salt 40g,40g,£45.00/kg,1.80,,
Sainsbury's Local,"Crisps, Snacks, Biscuits",Cereal & Snack Bars,Kind Dark Chocolate Nuts & Sea Salt Bars 3 x 30g (90g),3pk,£36.11/kg,3.25,,
Sainsbury's Local,"Crisps, Snacks, Biscuits",Cereal & Snack Bars,Nature Valley Crunchy Canadian Maple Syrup 42g,42g,£21.43/kg,0.90,,
Sainsbury's Local,"Crisps, Snacks, Biscuits",Cereal & Snack Bars,Nature Valley Crunchy Canadian Maple Syrup 5 x 42g (210g),5pk,£15.00/kg,3.15,,
Sainsbury's Local,"Crisps, Snacks, Biscuits",Cereal & Snack Bars,Nature Valley Crunchy Oats & Honey 42g,42g,£21.43/kg,0.90,,
Sainsbury's Local,"Crisps, Snacks, Biscuits",Cereal & Snack Bars,Nature Valley Crunchy Oats & Honey 5 x 42g (210g),5pk,£13.10/kg,2.75,,
Sainsbury's Local,"Crisps, Snacks, Biscuits",Cereal & Snack Bars,Nākd Berry Delight Raw Fruit & Nut Bars 4 x 35g,4pk,£26.07/kg,3.65,,
Sainsbury's Local,"Crisps, Snacks, Biscuits",Cereal & Snack Bars,Nākd Big Bar Blueberry Muffin 45g,45g,£38.89/kg,1.75,,
Sainsbury's Local,"Crisps, Snacks, Biscuits",Cereal & Snack Bars,Nākd Big Bar Cocoa Orange 45g,45g,£38.89/kg,1.75,,
Sainsbury's Local,"Crisps, Snacks, Biscuits",Cereal & Snack Bars,Nākd Blueberry Muffin Raw Fruit & Nut Bars 4 x 35g,4pk,£26.07/kg,3.65,,
Sainsbury's Local,"Crisps, Snacks, Biscuits",Cereal & Snack Bars,Nākd Cocoa Orange Raw Fruit & Nut Bars 4 x 35g,4pk,£23.57/kg,3.30,,
Sainsbury's Local,"Crisps, Snacks, Biscuits",Cereal & Snack Bars,Nākd Fruit & Fibre Bars Apple & Cinnamon 44g,44g,£39.77/kg,1.75,,
Sainsbury's Local,"Crisps, Snacks, Biscuits",Cereal & Snack Bars,Nākd Strawberry & Raspberry Fruit & Fibres Bars 44g,44g,£39.77/kg,1.75,,
Sainsbury's Local,"Crisps, Snacks, Biscuits",Cereal & Snack Bars,Skinny Whip Toffee Flavour 5 x 20g,5pk,£14.00/kg,1.40,,
Sainsbury's Local,"Crisps, Snacks, Biscuits",Cereal & Snack Bars,Trek Cocoa Oat Protein Flapjack 50g,50g,£39.00/kg,1.95,,
Sainsbury's Local,"Crisps, Snacks, Biscuits",Cereal & Snack Bars,Trek Salted Caramel Protein Flapjack 50g,50g,£39.00/kg,1.95,,
Sainsbury's Local,"Crisps, Snacks, Biscuits",Cereal & Snack Bars,Weetabix 24 Biscuits,24pk,£0.19 each,4.65,,
Sainsbury's Local,"Crisps, Snacks, Biscuits",Cereal & Snack Bars,Yaar Nordic High Protein Yogurt Bar Cloudberry Bar 40g,40g,£32.50/kg,1.30,,
Sainsbury's Local,"Crisps, Snacks, Biscuits",Cereal & Snack Bars,Yaar Nordic High Protein Yogurt Vanilla Quark Bar 40g,40g,£32.50/kg,1.30,,
Sainsbury's Local,"Crisps, Snacks, Biscuits",Cereal & Snack Bars,deliciously ella Apple & Raisin Oat Bar 50g,50g,£25.00/kg,1.25,,
Sainsbury's Local,"Crisps, Snacks, Biscuits",Crackers,Carr's Melts Cheese 150g,150g,£18.67/kg,2.80,,
Sainsbury's Local,"Crisps, Snacks, Biscuits",Crackers,Carr's Original Table Water 125g,125g,£18.00/kg,2.25,,
Sainsbury's Local,"Crisps, Snacks, Biscuits",Crackers,Cheez-It Snap'D Double Cheese Baked Snacks 150g,150g,£21.00/kg,3.15,,
Sainsbury's Local,"Crisps, Snacks, Biscuits",Crackers,Jacob's 6 Original Mini Cheddars 138g,138g,£18.48/kg,2.55,,
Sainsbury's Local,"Crisps, Snacks, Biscuits",Crackers,Jacob's Baked Cheddars Cheese Crackers 150g,150g,£14.00/kg,2.10,,
Sainsbury's Local,"Crisps, Snacks, Biscuits",Crackers,Jacob's Cream Crackers Original 200g,200g,£8.75/kg,1.75,,
Sainsbury's Local,"Crisps, Snacks, Biscuits",Crackers,Jacob's Mature Cheddar & Caramelised Onion Flavour Bites 125g,125g,£22.00/kg,2.75,,
Sainsbury's Local,"Crisps, Snacks, Biscuits",Crackers,Jacob's Original Mini Cheddars 45g,45g,£27.78/kg,1.25,,
Sainsbury's Local,"Crisps, Snacks, Biscuits",Crackers,Jacob's TUC Cheese Sandwich 150g,150g,£16.00/kg,2.40,,
Sainsbury's Local,"Crisps, Snacks, Biscuits",Crackers,Jacob's TUC Original Snack Crackers 150g,150g,£14.33/kg,2.15,,
Sainsbury's Local,"Crisps, Snacks, Biscuits",Crackers,Nairn's Mini Cheese Bakes 45g,45g,£30.00/kg,1.35,,
Sainsbury's Local,"Crisps, Snacks, Biscuits",Crackers,Osem Cream Cracker 250g,250g,£8.00/kg,2.00,,
Sainsbury's Local,"Crisps, Snacks, Biscuits",Crackers,Rakusen's Flame Baked Matzo Crackers 150g,150g,£16.67/kg,2.50,,
Sainsbury's Local,"Crisps, Snacks, Biscuits",Crackers,Rakusen's of Yorkshire Matzos Flame Baked Cracker 300g,300g,£10.00/kg,3.00,,
Sainsbury's Local,"Crisps, Snacks, Biscuits",Crackers,Ritz Bakery the Original Cracker Box 150g,150g,£11.67/kg,1.75,,
Sainsbury's Local,"Crisps, Snacks, Biscuits",Crackers,Sainsbury's Prawn Crackers 80g,80g,£21.88/kg,1.75,,
Sainsbury's Local,"Crisps, Snacks, Biscuits",Crackers,Sainsbury's Spicy Thai Crackers 80g,80g,£21.88/kg,1.75,,
Sainsbury's Local,"Crisps, Snacks, Biscuits","Crisps, Snacks, Biscuits",Bahlsen 8 Choco Leibniz Milk 111g,111g,£26.13/kg,2.90,,
Sainsbury's Local,"Crisps, Snacks, Biscuits","Crisps, Snacks, Biscuits",Bahlsen Choco Leibniz Dark 111g,111g,£26.13/kg,2.90,,
Sainsbury's Local,"Crisps, Snacks, Biscuits","Crisps, Snacks, Biscuits",Barebells Protein Bar Caramel Cashew 55g,55g,£61.82/kg,3.40,,
Sainsbury's Local,"Crisps, Snacks, Biscuits","Crisps, Snacks, Biscuits",Barebells Protein Bar Cookies & Cream 55g,55g,£61.82/kg,3.40,,
Sainsbury's Local,"Crisps, Snacks, Biscuits","Crisps, Snacks, Biscuits",Barebells Protein Bar Hazelnut & Nougat 55g,55g,£61.82/kg,3.40,,
Sainsbury's Local,"Crisps, Snacks, Biscuits","Crisps, Snacks, Biscuits",Bear 2 Fruit Blackcurrant Rolls 20g,20g,£42.50/kg,0.85,,
Sainsbury's Local,"Crisps, Snacks, Biscuits","Crisps, Snacks, Biscuits",Bear 2 Fruit Yoyos Mango Rolls 20g,20g,£42.50/kg,0.85,,
Sainsbury's Local,"Crisps, Snacks, Biscuits","Crisps, Snacks, Biscuits",Bear 2 Fruit Yoyos Strawberry Rolls 20g,20g,£40.00/kg,0.80,,
Sainsbury's Local,"Crisps, Snacks, Biscuits","Crisps, Snacks, Biscuits",Bear 2 Sour Fruit Yoyos Strawberry Rolls 20g,20g,£42.50/kg,0.85,,
Sainsbury's Local,"Crisps, Snacks, Biscuits","Crisps, Snacks, Biscuits",Bear Fruit Gently Baked Coconut Chips 25g,25g,£60.00/kg,1.50,,
Sainsbury's Local,"Crisps, Snacks, Biscuits","Crisps, Snacks, Biscuits",Bear Fruit Yoyos Raspberry 5 x 20g,5pk,£38.50/kg,3.85,,
Sainsbury's Local,"Crisps, Snacks, Biscuits","Crisps, Snacks, Biscuits",Bear Fruit Yoyos Strawberry 5 x 20g,5pk,£38.50/kg,3.85,,
Sainsbury's Local,"Crisps, Snacks, Biscuits","Crisps, Snacks, Biscuits",Bear Mango Slowly Baked 35g,35g,£42.86/kg,1.50,,
Sainsbury's Local,"Crisps, Snacks, Biscuits","Crisps, Snacks, Biscuits",Bear Pineapple Slowly Baked 35g,35g,£42.86/kg,1.50,,
Sainsbury's Local,"Crisps, Snacks, Biscuits","Crisps, Snacks, Biscuits",Bear Strawberries 35g,35g,£42.86/kg,1.50,,
Sainsbury's Local,"Crisps, Snacks, Biscuits","Crisps, Snacks, Biscuits",Belvita 5 x 50g Duo Crunch Multipack Strawberry & Yogurt Cereal Snack Bars,253g,£13.64/kg,3.45,,
Sainsbury's Local,"Crisps, Snacks, Biscuits","Crisps, Snacks, Biscuits",Belvita 5 x 50g Soft Bakes Multipack Chocolate Chip Cereal Snack Bars,250g,£15.00/kg,3.75,,
Sainsbury's Local,"Crisps, Snacks, Biscuits","Crisps, Snacks, Biscuits",Belvita 5 x 50g Soft Bakes Multipack Chocolate Hazelnut Flavour Cereal Snack Bars,250g,£13.80/kg,3.45,,
Sainsbury's Local,"Crisps, Snacks, Biscuits","Crisps, Snacks, Biscuits",Belvita Duo Crunch Strawberry & Yogurt Cereal Snack Bar 50.6g,51g,£16.67/kg,0.85,,
Sainsbury's Local,"Crisps, Snacks, Biscuits","Crisps, Snacks, Biscuits",Butterkist Crunchy Toffee Popcorn 170g,170g,£13.24/kg,2.25,,
Sainsbury's Local,"Crisps, Snacks, Biscuits","Crisps, Snacks, Biscuits",Butterkist Sweet & Salty Microwave Popcorn 3 x 60g,3pk,£11.39/kg,2.05,,
Sainsbury's Local,"Crisps, Snacks, Biscuits","Crisps, Snacks, Biscuits",Butterkist Tasty Sweet Popcorn 100g,100g,£18.50/kg,1.85,,
Sainsbury's Local,"Crisps, Snacks, Biscuits","Crisps, Snacks, Biscuits",Cadbury Brunch 4 x 28g Oats Chocolate Chip Cereal Bars,112g,£16.52/kg,1.85,,
Sainsbury's Local,"Crisps, Snacks, Biscuits","Crisps, Snacks, Biscuits",Cadbury Brunch Bar Peanut Cereal Bars 112g,112g,£16.52/kg,1.85,,
Sainsbury's Local,"Crisps, Snacks, Biscuits","Crisps, Snacks, Biscuits",Cadbury Chocolate Animals Biscuits pack 5x19.9g,100g,£20.60/kg,2.05,,
Sainsbury's Local,"Crisps, Snacks, Biscuits","Crisps, Snacks, Biscuits",Cadbury Chocolate Mini Fingers Biscuits pack 5x19.3g,97g,£21.24/kg,2.05,,
Sainsbury's Local,"Crisps, Snacks, Biscuits","Crisps, Snacks, Biscuits",Cadbury Dairy Milk Fingers Salted Caramel Flavour 114g,114g,£23.68/kg,2.70,,
Sainsbury's Local,"Crisps, Snacks, Biscuits","Crisps, Snacks, Biscuits",Cadbury Fingers Crossed White Chocolate Biscuits 114g,114g,£26.32/kg,3.00,,
Sainsbury's Local,"Crisps, Snacks, Biscuits","Crisps, Snacks, Biscuits",Cadbury Snack Shortcake Chocolate Biscuit 40g,40g,£23.75/kg,0.95,,
Sainsbury's Local,"Crisps, Snacks, Biscuits","Crisps, Snacks, Biscuits",Cadbury's Brunch Raisin 112g,112g,£16.52/kg,1.85,,
Sainsbury's Local,"Crisps, Snacks, Biscuits","Crisps, Snacks, Biscuits",Carr's Melts Cheese 150g,150g,£18.67/kg,2.80,,
Sainsbury's Local,"Crisps, Snacks, Biscuits","Crisps, Snacks, Biscuits",Carr's Original Table Water 125g,125g,£18.00/kg,2.25,,
Sainsbury's Local,"Crisps, Snacks, Biscuits","Crisps, Snacks, Biscuits",Cheez-It Snap'D Double Cheese Baked Snacks 150g,150g,£21.00/kg,3.15,,
Sainsbury's Local,"Crisps, Snacks, Biscuits","Crisps, Snacks, Biscuits",Cofresh Bombay Mix Savoury Indian Snack 325g,325g,£4.62/kg,1.50,,
Sainsbury's Local,"Crisps, Snacks, Biscuits","Crisps, Snacks, Biscuits",Cofresh Chilli & Lemon Grills Flavoured Potato Snack 80g,80g,£14.38/kg,1.15,,
Sainsbury's Local,"Crisps, Snacks, Biscuits","Crisps, Snacks, Biscuits",Cofresh London Mix Savoury Indian Snack 325g,325g,£4.62/kg,1.50,,
Sainsbury's Local,"Crisps, Snacks, Biscuits","Crisps, Snacks, Biscuits",Deliciously ella Peanut Butter Oat Bar 50g,50g,£25.00/kg,1.25,,
Sainsbury's Local,"Crisps, Snacks, Biscuits","Crisps, Snacks, Biscuits",Doritos Chilli Heatwave Crisps Grab Bag Tortilla Chips 44g,44g,£31.82/kg,1.40,,
Sainsbury's Local,"Crisps, Snacks, Biscuits","Crisps, Snacks, Biscuits",Doritos Chilli Heatwave Tortilla Chips Sharing Crisps 180g,180g,£10.28/kg,1.85,2.75,£0.90 off
Sainsbury's Local,"Crisps, Snacks, Biscuits","Crisps, Snacks, Biscuits",Doritos Cool Original Crisps Grab Bag Tortilla Chips 44g,44g,£31.82/kg,1.40,,
Sainsbury's Local,"Crisps, Snacks, Biscuits","Crisps, Snacks, Biscuits",Doritos Cool Original Tortilla Chips Sharing Crisps 180g,180g,£10.28/kg,1.85,2.75,£0.90 off
Sainsbury's Local,"Crisps, Snacks, Biscuits","Crisps, Snacks, Biscuits",Doritos Dip or Load Salted Tortilla Chips Sharing Crisps 230g,230g,£13.91/kg,3.20,,
Sainsbury's Local,"Crisps, Snacks, Biscuits","Crisps, Snacks, Biscuits",Doritos Tangy Cheese Crisps Grab Bag Tortilla Chips 44g,44g,£31.82/kg,1.40,,
Sainsbury's Local,"Crisps, Snacks, Biscuits","Crisps, Snacks, Biscuits",Doritos Tangy Cheese Tortilla Chips Sharing Crisps 180g,180g,£10.28/kg,1.85,2.75,£0.90 off
Sainsbury's Local,"Crisps, Snacks, Biscuits","Crisps, Snacks, Biscuits",Eat Natural Almond & Apricot with a Yoghurt Coating Fruit & Nut Bars 3 x 40g,3pk,£30.42/kg,3.65,,
Sainsbury's Local,"Crisps, Snacks, Biscuits","Crisps, Snacks, Biscuits",Eat Natural Almond & Apricot with a Yoghurt Coating Fruit & Nut Bars 40g,40g,£36.25/kg,1.45,,
Sainsbury's Local,"Crisps, Snacks, Biscuits","Crisps, Snacks, Biscuits",Eat Natural Fruit & Nut Bars Almond & Cranberry with Pomegranate & Honey Bar 40g,40g,£36.25/kg,1.45,,
Sainsbury's Local,"Crisps, Snacks, Biscuits","Crisps, Snacks, Biscuits",Eat Natural Protein Peanuts & Dark Chocolate Fruit & Nut Bars 3 x 40g,3pk,£30.42/kg,3.65,,
Sainsbury's Local,"Crisps, Snacks, Biscuits","Crisps, Snacks, Biscuits",Eat Natural Protein Peanuts & Dark Chocolate Fruit & Nut Bars 40g,40g,£36.25/kg,1.45,,
Sainsbury's Local,"Crisps, Snacks, Biscuits","Crisps, Snacks, Biscuits",Eat Real Lentil Chips 95g,95g,£17.37/kg,1.65,2.50,£0.85 off
Sainsbury's Local,"Crisps, Snacks, Biscuits","Crisps, Snacks, Biscuits",Eazy Pop Magicorn Butter Flavour Microwave Popcorn 85g,85g,£11.18/kg,0.95,,
Sainsbury's Local,"Crisps, Snacks, Biscuits","Crisps, Snacks, Biscuits",Eazy Pop Magicorn Salted Microwave Popcorn 85g,85g,£12.35/kg,1.05,,
Sainsbury's Local,"Crisps, Snacks, Biscuits","Crisps, Snacks, Biscuits",Ember Original Recipe Biltong 25g,25g,£130.00/kg,3.25,,
Sainsbury's Local,"Crisps, Snacks, Biscuits","Crisps, Snacks, Biscuits",Forest Feast Sea Salt & Pepper Roasted Nut Mix 40g,40g,£37.50/kg,1.50,,
Sainsbury's Local,"Crisps, Snacks, Biscuits","Crisps, Snacks, Biscuits",Forest Feast Slow Roasted Peanuts & Cashews,40g,£37.50/kg,1.50,,
Sainsbury's Local,"Crisps, Snacks, Biscuits","Crisps, Snacks, Biscuits",Forest Feast Slow Roasted Salt & Vinegar Nut Mix 40g,40g,£37.50/kg,1.50,,
Sainsbury's Local,"Crisps, Snacks, Biscuits","Crisps, Snacks, Biscuits",Fox's Fabulous Milk Chocolate Cookies 180g,180g,£16.67/kg,3.00,,
Sainsbury's Local,"Crisps, Snacks, Biscuits","Crisps, Snacks, Biscuits",Fox's Favourites Crunch Creams Golden 200g,200g,£8.75/kg,1.75,,
Sainsbury's Local,"Crisps, Snacks, Biscuits","Crisps, Snacks, Biscuits",Fox's Favourites Raspberry & Vanilla Jam 'n' Cream 150g,150g,£7.67/kg,1.15,,
Sainsbury's Local,"Crisps, Snacks, Biscuits","Crisps, Snacks, Biscuits",Fox's Milk Chocolate Viennese 120g,120g,£24.17/kg,2.90,,
Sainsbury's Local,"Crisps, Snacks, Biscuits","Crisps, Snacks, Biscuits",Fox's Party Rings 125g,125g,£10.40/kg,1.30,,
Sainsbury's Local,"Crisps, Snacks, Biscuits","Crisps, Snacks, Biscuits",Fridge Raiders Slow Roasted Chicken Bites 45g,45g,£32.22/kg,1.45,,
Sainsbury's Local,"Crisps, Snacks, Biscuits","Crisps, Snacks, Biscuits",Fudco Cashew Nuts 250g,250g,£21.60/kg,5.40,,
Sainsbury's Local,"Crisps, Snacks, Biscuits","Crisps, Snacks, Biscuits",Fudco Deluxe Assorted Nuts 250g,250g,£21.60/kg,5.40,,
Sainsbury's Local,"Crisps, Snacks, Biscuits","Crisps, Snacks, Biscuits",Fudco Extra Light Walnut Halves 175g,175g,£30.86/kg,5.40,,
Sainsbury's Local,"Crisps, Snacks, Biscuits","Crisps, Snacks, Biscuits",Gefen Organic Roasted Chestnuts 150g,150g,£24.00/kg,3.60,,
Sainsbury's Local,"Crisps, Snacks, Biscuits","Crisps, Snacks, Biscuits",Go Ahead 6 Fruit & Oat Bakes Apple 150g,150g,£14.67/kg,2.20,,
Sainsbury's Local,"Crisps, Snacks, Biscuits","Crisps, Snacks, Biscuits",Go Ahead 6 Fruit & Oat Bakes Strawberry 150g,150g,£14.67/kg,2.20,,
Sainsbury's Local,"Crisps, Snacks, Biscuits","Crisps, Snacks, Biscuits",Go Ahead Fruit Slices Apple 174g,174g,£11.78/kg,2.05,,
Sainsbury's Local,"Crisps, Snacks, Biscuits","Crisps, Snacks, Biscuits",Go Ahead Fruit Slices Forest Fruit 174g,174g,£11.78/kg,2.05,,
Sainsbury's Local,"Crisps, Snacks, Biscuits","Crisps, Snacks, Biscuits",Go Ahead Wholistic Almond & Raspberry Nut Butter Filled Snack Bar 40g,40g,£47.50/kg,1.90,,
Sainsbury's Local,"Crisps, Snacks, Biscuits","Crisps, Snacks, Biscuits",Graze Cocoa & Vanilla Oat Boost Flapjack Snack Bars 4 x 30g,120g,£25.00/kg,3.00,,
Sainsbury's Local,"Crisps, Snacks, Biscuits","Crisps, Snacks, Biscuits",Graze Cocoa Vanilla Oat Boosts 50g,50g,£26.00/kg,1.30,,
Sainsbury's Local,"Crisps, Snacks, Biscuits","Crisps, Snacks, Biscuits",Graze Lemon Blueberry Oat Boosts Flapjacks (4 x 30g) 120g,4pk,£25.00/kg,3.00,,
Sainsbury's Local,"Crisps, Snacks, Biscuits","Crisps, Snacks, Biscuits",Graze Lively Lemon Oat Boosts 50g,50g,£26.00/kg,1.30,,
Sainsbury's Local,"Crisps, Snacks, Biscuits","Crisps, Snacks, Biscuits",Graze Marmite Flavour Veg Crunch 100g,100g,£17.50/kg,1.75,3.10,£1.35 off
Sainsbury's Local,"Crisps, Snacks, Biscuits","Crisps, Snacks, Biscuits",Graze Peri Peri Vegan Mixed Sharing Snacks 100g,100g,£32.50/kg,3.25,,
Sainsbury's Local,"Crisps, Snacks, Biscuits","Crisps, Snacks, Biscuits",Graze Salt & Vinegar Crunch 28g,28g,£51.79/kg,1.45,,
Sainsbury's Local,"Crisps, Snacks, Biscuits","Crisps, Snacks, Biscuits",Graze Smoky Barbecue Veg Crunch 100g,100g,£17.50/kg,1.75,3.10,£1.35 off
Sainsbury's Local,"Crisps, Snacks, Biscuits","Crisps, Snacks, Biscuits",Graze Snack Box Marmite Crunch Mix 28g,28g,£51.79/kg,1.45,,
Sainsbury's Local,"Crisps, Snacks, Biscuits","Crisps, Snacks, Biscuits",Grenade Caramel Chaos Caramel Flavour 60g,60g,£56.67/kg,3.40,,
Sainsbury's Local,"Crisps, Snacks, Biscuits","Crisps, Snacks, Biscuits",Grenade Chocolate Chip Cookie Dough Flavour 60g,60g,£56.67/kg,3.40,,
Sainsbury's Local,"Crisps, Snacks, Biscuits","Crisps, Snacks, Biscuits",Grenade Chocolate Chip Salted Caramel Flavour 35g,35g,£68.57/kg,2.40,,
Sainsbury's Local,"Crisps, Snacks, Biscuits","Crisps, Snacks, Biscuits",Grenade Chocolate Chip Salted Caramel Flavour 60g,60g,£54.17/kg,3.25,,
Sainsbury's Local,"Crisps, Snacks, Biscuits","Crisps, Snacks, Biscuits",Grenade Jaffa Quake Chocolate Orange Flavour 60g,60g,£56.67/kg,3.40,,
Sainsbury's Local,"Crisps, Snacks, Biscuits","Crisps, Snacks, Biscuits",Grenade Oreo 35g,35g,£68.57/kg,2.40,,
Sainsbury's Local,"Crisps, Snacks, Biscuits","Crisps, Snacks, Biscuits",Grenade Oreo White 35g,35g,£68.57/kg,2.40,,
Sainsbury's Local,"Crisps, Snacks, Biscuits","Crisps, Snacks, Biscuits",Grenade Peanut Nutter Peanut Flavour 60g,60g,£56.67/kg,3.40,,
Sainsbury's Local,"Crisps, Snacks, Biscuits","Crisps, Snacks, Biscuits",Grenade White Chocolate Cookie Flavour 60g,60g,£56.67/kg,3.40,,
Sainsbury's Local,"Crisps, Snacks, Biscuits","Crisps, Snacks, Biscuits",Grenade White Chocolate Salted Peanut Flavour 35g,35g,£68.57/kg,2.40,,
Sainsbury's Local,"Crisps, Snacks, Biscuits","Crisps, Snacks, Biscuits",Hula Hoops BBQ Beef Flavour 6 x 24g,6pk,£21.18/kg,3.05,,
Sainsbury's Local,"Crisps, Snacks, Biscuits","Crisps, Snacks, Biscuits",Hula Hoops Big Hoops Iconic Barbecue Beef Flavour 45g,45g,£30.00/kg,1.35,,
Sainsbury's Local,"Crisps, Snacks, Biscuits","Crisps, Snacks, Biscuits",Hula Hoops Big Hoops Irresistibly Salted 45g,45g,£30.00/kg,1.35,,
Sainsbury's Local,"Crisps, Snacks, Biscuits","Crisps, Snacks, Biscuits",Hula Hoops Big Hoops Sharp Salt & Vinegar Flavour 45g,45g,£30.00/kg,1.35,,
Sainsbury's Local,"Crisps, Snacks, Biscuits","Crisps, Snacks, Biscuits",Hula Hoops Original 6 x 24g,6pk,£21.18/kg,3.05,,
Sainsbury's Local,"Crisps, Snacks, Biscuits","Crisps, Snacks, Biscuits",Jack Link's Mr Beast Beef Jerky Sweet & Hot 25g,25g,£86.00/kg,2.15,,
Sainsbury's Local,"Crisps, Snacks, Biscuits","Crisps, Snacks, Biscuits",Jacob's 6 Original Mini Cheddars 138g,138g,£18.48/kg,2.55,,
Sainsbury's Local,"Crisps, Snacks, Biscuits","Crisps, Snacks, Biscuits",Jacob's Baked Cheddars Cheese Crackers 150g,150g,£14.00/kg,2.10,,
Sainsbury's Local,"Crisps, Snacks, Biscuits","Crisps, Snacks, Biscuits",Jacob's Cream Crackers Original 200g,200g,£8.75/kg,1.75,,
Sainsbury's Local,"Crisps, Snacks, Biscuits","Crisps, Snacks, Biscuits",Jacob's Mature Cheddar & Caramelised Onion Flavour Bites 125g,125g,£22.00/kg,2.75,,
Sainsbury's Local,"Crisps, Snacks, Biscuits","Crisps, Snacks, Biscuits",Jacob's Original Mini Cheddars 45g,45g,£27.78/kg,1.25,,
Sainsbury's Local,"Crisps, Snacks, Biscuits","Crisps, Snacks, Biscuits",Jacob's TUC Cheese Sandwich 150g,150g,£16.00/kg,2.40,,
Sainsbury's Local,"Crisps, Snacks, Biscuits","Crisps, Snacks, Biscuits",Jacob's TUC Original Snack Crackers 150g,150g,£14.33/kg,2.15,,
Sainsbury's Local,"Crisps, Snacks, Biscuits","Crisps, Snacks, Biscuits",Jammie Dodgers Giant Raspberry Flavour 50g,50g,£22.00/kg,1.10,,
Sainsbury's Local,"Crisps, Snacks, Biscuits","Crisps, Snacks, Biscuits",Jammie Dodgers Raspberry Flavour 140g,140g,£9.29/kg,1.30,,
Sainsbury's Local,"Crisps, Snacks, Biscuits","Crisps, Snacks, Biscuits",KP Dry Roasted Peanuts 250g,250g,£17.00/kg,4.25,,
Sainsbury's Local,"Crisps, Snacks, Biscuits","Crisps, Snacks, Biscuits",KP Original Salted Peanuts 250g,250g,£14.00/kg,3.50,,
Sainsbury's Local,"Crisps, Snacks, Biscuits","Crisps, Snacks, Biscuits",Kallo Organic Lightly Salted Wholegrain Rice Cakes 130g,130g,£16.92/kg,2.20,,
Sainsbury's Local,"Crisps, Snacks, Biscuits","Crisps, Snacks, Biscuits",Kedem Kids Animal Cookies 340g,340g,£8.82/kg,3.00,,
Sainsbury's Local,"Crisps, Snacks, Biscuits","Crisps, Snacks, Biscuits",Kellogg's Rice Krispies Squares Totally Chocolatey 36g,36g,£29.17/kg,1.05,,
Sainsbury's Local,"Crisps, Snacks, Biscuits","Crisps, Snacks, Biscuits",Kettle Lightly Salted Potato Chips 130g,130g,£23.08/kg,3.00,,
Sainsbury's Local,"Crisps, Snacks, Biscuits","Crisps, Snacks, Biscuits",Kettle Mature Cheddar & Red Onion Potato Chips 130g,130g,£21.15/kg,2.75,,
Sainsbury's Local,"Crisps, Snacks, Biscuits","Crisps, Snacks, Biscuits",Kettle Sea Salt & Balsamic Vinegar of Modena Potato Chips 130g,130g,£22.69/kg,2.95,,
Sainsbury's Local,"Crisps, Snacks, Biscuits","Crisps, Snacks, Biscuits",Kettle Sea Salt & Crushed Black Peppercorns Potato Chips 130g,130g,£23.08/kg,3.00,,
Sainsbury's Local,"Crisps, Snacks, Biscuits","Crisps, Snacks, Biscuits",Kettle Sweet Chilli & Sour Cream Potato Chips 130g,130g,£22.69/kg,2.95,,
Sainsbury's Local,"Crisps, Snacks, Biscuits","Crisps, Snacks, Biscuits",Kind Caramel Almond & Sea Salt 40g,40g,£45.00/kg,1.80,,
Sainsbury's Local,"Crisps, Snacks, Biscuits","Crisps, Snacks, Biscuits",Kind Caramel Chocolate Peanut 40g,40g,£45.00/kg,1.80,,
Sainsbury's Local,"Crisps, Snacks, Biscuits","Crisps, Snacks, Biscuits",Kind Chocolate Chip Cashew 40g,40g,£45.00/kg,1.80,,
Sainsbury's Local,"Crisps, Snacks, Biscuits","Crisps, Snacks, Biscuits",Kind Dark Chocolate Nuts & Sea Salt 40g,40g,£45.00/kg,1.80,,
Sainsbury's Local,"Crisps, Snacks, Biscuits","Crisps, Snacks, Biscuits",Kind Dark Chocolate Nuts & Sea Salt Bars 3 x 30g (90g),3pk,£36.11/kg,3.25,,
Sainsbury's Local,"Crisps, Snacks, Biscuits","Crisps, Snacks, Biscuits",Kind Protein Caramel Nut 50g,50g,£53.00/kg,2.65,,
Sainsbury's Local,"Crisps, Snacks, Biscuits","Crisps, Snacks, Biscuits",Kind Protein Crunchy Peanut Butter 50g,50g,£53.00/kg,2.65,,
Sainsbury's Local,"Crisps, Snacks, Biscuits","Crisps, Snacks, Biscuits",Kind Protein Dark Chocolate Nut 50g,50g,£53.00/kg,2.65,,
Sainsbury's Local,"Crisps, Snacks, Biscuits","Crisps, Snacks, Biscuits",Kind Protein Hazelnut Dark Chocolate 50g,50g,£53.00/kg,2.65,,
Sainsbury's Local,"Crisps, Snacks, Biscuits","Crisps, Snacks, Biscuits",Kinder Cards Biscuits 8 x 12.8g (102.4g),8pk,£26.86/kg,2.75,,
Sainsbury's Local,"Crisps, Snacks, Biscuits","Crisps, Snacks, Biscuits",Kurkure Masala Munch Sharing Snacks Crisps 100g,100g,£16.00/kg,1.60,,
Sainsbury's Local,"Crisps, Snacks, Biscuits","Crisps, Snacks, Biscuits",LU Le Petit Beurre Salted Butter Biscuits 167g,167g,£17.07/kg,2.85,,
Sainsbury's Local,"Crisps, Snacks, Biscuits","Crisps, Snacks, Biscuits",LU Petit Ecolier Dark Chocolate Biscuits 100 g,100g,£25.00/kg,2.50,,
Sainsbury's Local,"Crisps, Snacks, Biscuits","Crisps, Snacks, Biscuits",Lotus Biscoff 16 x 248g,248g,£9.68/kg,2.40,,
Sainsbury's Local,"Crisps, Snacks, Biscuits","Crisps, Snacks, Biscuits",Love Corn Cheese & Onion Delicious Crunchy Corn 45g,45g,£26.67/kg,1.20,,
Sainsbury's Local,"Crisps, Snacks, Biscuits","Crisps, Snacks, Biscuits",Love Corn Delicious Crunchy Corn 45g,45g,£26.67/kg,1.20,,
Sainsbury's Local,"Crisps, Snacks, Biscuits","Crisps, Snacks, Biscuits",Love Corn Salt & Vinegar Delicious Crunchy Corn 45g,45g,£26.67/kg,1.20,,
Sainsbury's Local,"Crisps, Snacks, Biscuits","Crisps, Snacks, Biscuits",Love Corn Sea Salt Delicious Crunchy Corn 45g,45g,£26.67/kg,1.20,,
Sainsbury's Local,"Crisps, Snacks, Biscuits","Crisps, Snacks, Biscuits",Lu Le Petit Chocolate Biscuits 100g,100g,£25.00/kg,2.50,,
Sainsbury's Local,"Crisps, Snacks, Biscuits","Crisps, Snacks, Biscuits",Maryland 6 Minis Choc Chip 118.8g,118.8g,£17.68/kg,2.10,,
Sainsbury's Local,"Crisps, Snacks, Biscuits","Crisps, Snacks, Biscuits",Maryland Choc Chip 200g,200g,£11.50/kg,2.30,,
Sainsbury's Local,"Crisps, Snacks, Biscuits","Crisps, Snacks, Biscuits",Maryland Double Choc 200g,200g,£11.50/kg,2.30,,
Sainsbury's Local,"Crisps, Snacks, Biscuits","Crisps, Snacks, Biscuits",McCoy's Ridge Cut Cheddar & Onion Flavour Potato Crisps 45g,45g,£30.00/kg,1.35,,
Sainsbury's Local,"Crisps, Snacks, Biscuits","Crisps, Snacks, Biscuits",McCoy's Ridge Cut Flame Grilled Steak Flavour Potato Crisps 45g,45g,£30.00/kg,1.35,,
Sainsbury's Local,"Crisps, Snacks, Biscuits","Crisps, Snacks, Biscuits",McCoy's Ridge Cut Salt & Malt Vinegar Flavour Potato Crisps 45g,45g,£30.00/kg,1.35,,
Sainsbury's Local,"Crisps, Snacks, Biscuits","Crisps, Snacks, Biscuits",McCoy's Ridge Cut Thai Sweet Chicken Flavour Potato Crisps 45g,45g,£30.00/kg,1.35,,
Sainsbury's Local,"Crisps, Snacks, Biscuits","Crisps, Snacks, Biscuits",McVitie's 10 The Original Jaffa Cakes,10pk,£17.73/kg,1.95,,
Sainsbury's Local,"Crisps, Snacks, Biscuits","Crisps, Snacks, Biscuits",McVitie's 20 Jaffa Cakes The Original Twin Pack,20pk,£7.77/kg,1.85,2.75,£0.90 off
Sainsbury's Local,"Crisps, Snacks, Biscuits","Crisps, Snacks, Biscuits",McVitie's Dark Chocolate Digestive Biscuits 266g,266g,£6.95/kg,1.85,2.50,£0.65 off
Sainsbury's Local,"Crisps, Snacks, Biscuits","Crisps, Snacks, Biscuits",McVitie's Digestive Milk Chocolate 266g,266g,£6.95/kg,1.85,2.50,£0.65 off
Sainsbury's Local,"Crisps, Snacks, Biscuits","Crisps, Snacks, Biscuits",McVitie's Digestives The Original 360g,360g,£7.08/kg,2.55,,
Sainsbury's Local,"Crisps, Snacks, Biscuits","Crisps, Snacks, Biscuits",McVitie's Digestives White 232g,232g,£7.97/kg,1.85,2.50,£0.65 off
Sainsbury's Local,"Crisps, Snacks, Biscuits","Crisps, Snacks, Biscuits",McVitie's Ginger Nuts Biscuits 250g,250g,£8.20/kg,2.05,,
Sainsbury's Local,"Crisps, Snacks, Biscuits","Crisps, Snacks, Biscuits",McVitie's Hobnobs Milk Chocolate Biscuits 262g,262g,£7.06/kg,1.85,2.50,£0.65 off
Sainsbury's Local,"Crisps, Snacks, Biscuits","Crisps, Snacks, Biscuits",McVitie's Hobnobs The Oaty One 255g,255g,£8.04/kg,2.05,,
Sainsbury's Local,"Crisps, Snacks, Biscuits","Crisps, Snacks, Biscuits",McVitie's Limited Edition Digestive Pink Raspberry & Cream Flavour 232g,232g,£10.78/kg,2.50,,
Sainsbury's Local,"Crisps, Snacks, Biscuits","Crisps, Snacks, Biscuits",McVitie's Milk Chocolate Digestive Biscuits 433g,433g,£10.28/kg,4.45,,
Sainsbury's Local,"Crisps, Snacks, Biscuits","Crisps, Snacks, Biscuits",McVitie's Rich Tea 300g,300g,£7.33/kg,2.20,,
Sainsbury's Local,"Crisps, Snacks, Biscuits","Crisps, Snacks, Biscuits",McVitie's Signature Caramel Chocolate Rounds 109g,109g,£23.39/kg,2.55,,
Sainsbury's Local,"Crisps, Snacks, Biscuits","Crisps, Snacks, Biscuits",McVitie's the Oaty One Hobnobs Milk Chocolate 431g,431g,£10.32/kg,4.45,,
Sainsbury's Local,"Crisps, Snacks, Biscuits","Crisps, Snacks, Biscuits",Merchant Gourmet Whole Chestnuts 180g,180g,£18.89/kg,3.40,,
Sainsbury's Local,"Crisps, Snacks, Biscuits","Crisps, Snacks, Biscuits",Midland Snacks Traditional Pork Scratchings 40g,40g,£55.00/kg,2.20,,
Sainsbury's Local,"Crisps, Snacks, Biscuits","Crisps, Snacks, Biscuits",Misfits Brownie Batter Flavour Plant-Based Protein Bar 50g,50g,£47.00/kg,2.35,,
Sainsbury's Local,"Crisps, Snacks, Biscuits","Crisps, Snacks, Biscuits",Misfits Cookie Butter Flavour Plant-Based Protein Bar 50g,50g,£47.00/kg,2.35,,
Sainsbury's Local,"Crisps, Snacks, Biscuits","Crisps, Snacks, Biscuits",Mr. Porky Crispy Strips 35g,35g,£58.57/kg,2.05,,
Sainsbury's Local,"Crisps, Snacks, Biscuits","Crisps, Snacks, Biscuits",Myprotein Layered Bar Chocolate Peanut Pretzel Flavour 60g,60g,£49.17/kg,2.95,,
Sainsbury's Local,"Crisps, Snacks, Biscuits","Crisps, Snacks, Biscuits",Nairn's Mini Cheese Bakes 45g,45g,£30.00/kg,1.35,,
Sainsbury's Local,"Crisps, Snacks, Biscuits","Crisps, Snacks, Biscuits",Nairn's Rosemary & Sea Salt Flatbreads 150g,150g,£18.33/kg,2.75,,
Sainsbury's Local,"Crisps, Snacks, Biscuits","Crisps, Snacks, Biscuits",Nature Valley Crunchy Canadian Maple Syrup 42g,42g,£21.43/kg,0.90,,
Sainsbury's Local,"Crisps, Snacks, Biscuits","Crisps, Snacks, Biscuits",Nature Valley Crunchy Canadian Maple Syrup 5 x 42g (210g),5pk,£15.00/kg,3.15,,
Sainsbury's Local,"Crisps, Snacks, Biscuits","Crisps, Snacks, Biscuits",Nature Valley Crunchy Oats & Honey 42g,42g,£21.43/kg,0.90,,
Sainsbury's Local,"Crisps, Snacks, Biscuits","Crisps, Snacks, Biscuits",Nature Valley Crunchy Oats & Honey 5 x 42g (210g),5pk,£13.10/kg,2.75,,
Sainsbury's Local,"Crisps, Snacks, Biscuits","Crisps, Snacks, Biscuits",Nature Valley Protein Peanut & Chocolate 40g,40g,£30.00/kg,1.20,,
Sainsbury's Local,"Crisps, Snacks, Biscuits","Crisps, Snacks, Biscuits",Nature Valley Protein Peanut & Chocolate Bars 4 x 40g (160g),4pk,£3.91/kg,2.50,3.30,£0.80 off
Sainsbury's Local,"Crisps, Snacks, Biscuits","Crisps, Snacks, Biscuits",Nature Valley Protein Salted Caramel Nut 40g,40g,£30.00/kg,1.20,,
Sainsbury's Local,"Crisps, Snacks, Biscuits","Crisps, Snacks, Biscuits",Nutella 20 Biscuits 276g,276g,£17.21/kg,4.75,,
Sainsbury's Local,"Crisps, Snacks, Biscuits","Crisps, Snacks, Biscuits",Nākd Berry Delight Raw Fruit & Nut Bars 4 x 35g,4pk,£26.07/kg,3.65,,
Sainsbury's Local,"Crisps, Snacks, Biscuits","Crisps, Snacks, Biscuits",Nākd Big Bar Blueberry Muffin 45g,45g,£38.89/kg,1.75,,
Sainsbury's Local,"Crisps, Snacks, Biscuits","Crisps, Snacks, Biscuits",Nākd Big Bar Cocoa Orange 45g,45g,£38.89/kg,1.75,,
Sainsbury's Local,"Crisps, Snacks, Biscuits","Crisps, Snacks, Biscuits",Nākd Blueberry Muffin Raw Fruit & Nut Bars 4 x 35g,4pk,£26.07/kg,3.65,,
Sainsbury's Local,"Crisps, Snacks, Biscuits","Crisps, Snacks, Biscuits",Nākd Cocoa Hazelnut Protein Bar 45g,45g,£38.89/kg,1.75,,
Sainsbury's Local,"Crisps, Snacks, Biscuits","Crisps, Snacks, Biscuits",Nākd Cocoa Hazelnut Protein Bars 3 x 45g,3pk,£29.63/kg,4.00,,
Sainsbury's Local,"Crisps, Snacks, Biscuits","Crisps, Snacks, Biscuits",Nākd Cocoa Orange Raw Fruit & Nut Bars 4 x 35g,4pk,£23.57/kg,3.30,,
Sainsbury's Local,"Crisps, Snacks, Biscuits","Crisps, Snacks, Biscuits",Nākd Fruit & Fibre Bars Apple & Cinnamon 44g,44g,£39.77/kg,1.75,,
Sainsbury's Local,"Crisps, Snacks, Biscuits","Crisps, Snacks, Biscuits",Nākd Peanut Butter Protein Bar 45g,45g,£38.89/kg,1.75,,
Sainsbury's Local,"Crisps, Snacks, Biscuits","Crisps, Snacks, Biscuits",Nākd Strawberry & Raspberry Fruit & Fibres Bars 44g,44g,£39.77/kg,1.75,,
Sainsbury's Local,"Crisps, Snacks, Biscuits","Crisps, Snacks, Biscuits",OREO Double Creme Cocoa Sandwich Cookies with Vanilla Flavour Biscuits Pack 157 g,157g,£12.42/kg,1.95,,
Sainsbury's Local,"Crisps, Snacks, Biscuits","Crisps, Snacks, Biscuits",Old El Paso Original Tortilla Nachips 185g,185g,£15.41/kg,2.85,,
Sainsbury's Local,"Crisps, Snacks, Biscuits","Crisps, Snacks, Biscuits",On the Go Mango 25g,25g,£42.00/kg,1.05,,
Sainsbury's Local,"Crisps, Snacks, Biscuits","Crisps, Snacks, Biscuits",Oreo Original Vanilla Flavour Sandwich Biscuits 154g,154g,£12.66/kg,1.95,,
Sainsbury's Local,"Crisps, Snacks, Biscuits","Crisps, Snacks, Biscuits",Osem Bamba Peanut Butter Puffs 25g,25g,£42.00/kg,1.05,,
Sainsbury's Local,"Crisps, Snacks, Biscuits","Crisps, Snacks, Biscuits",Osem Bamba Peanut Puffs 100g,100g,£27.50/kg,2.75,,
Sainsbury's Local,"Crisps, Snacks, Biscuits","Crisps, Snacks, Biscuits",Osem Bissli BBQ Flavoured Wheat Snacks 70g,70g,£21.43/kg,1.50,,
Sainsbury's Local,"Crisps, Snacks, Biscuits","Crisps, Snacks, Biscuits",Osem Cream Cracker 250g,250g,£8.00/kg,2.00,,
Sainsbury's Local,"Crisps, Snacks, Biscuits","Crisps, Snacks, Biscuits",PROPERCHIPS Sea Salt Lentil Chips 85g,85g,£32.35/kg,2.75,,
Sainsbury's Local,"Crisps, Snacks, Biscuits","Crisps, Snacks, Biscuits",Patak's The Original 8 Plain Pappadums 64g,64g,£48.44/kg,3.10,,
Sainsbury's Local,"Crisps, Snacks, Biscuits","Crisps, Snacks, Biscuits",Peperami Original Salami 22.5g,22.5g,£64.44/kg,1.45,,
Sainsbury's Local,"Crisps, Snacks, Biscuits","Crisps, Snacks, Biscuits",PhD Smart Bar Chocolate Brownie Flavour 64g,64g,£42.19/kg,2.70,,
Sainsbury's Local,"Crisps, Snacks, Biscuits","Crisps, Snacks, Biscuits",PhD Smart Dark Choc Raspberry Flavour Bar 64g,64g,£42.19/kg,2.70,,
Sainsbury's Local,"Crisps, Snacks, Biscuits","Crisps, Snacks, Biscuits",PhD Smart White Choc Blondie Flavour Bar 64g,64g,£42.19/kg,2.70,,
Sainsbury's Local,"Crisps, Snacks, Biscuits","Crisps, Snacks, Biscuits",Pick Up! Salted Caramel 5 x 28g (140g),5pk,£18.21/kg,2.55,,
Sainsbury's Local,"Crisps, Snacks, Biscuits","Crisps, Snacks, Biscuits",Pom-Bear Original Potato Snacks 6 x 13g,6pk,£33.33/kg,2.60,,
Sainsbury's Local,"Crisps, Snacks, Biscuits","Crisps, Snacks, Biscuits",Pringles Cheese & Onion 165g,165g,£16.67/kg,2.75,,
Sainsbury's Local,"Crisps, Snacks, Biscuits","Crisps, Snacks, Biscuits",Pringles Cheese & Onion Crisps Can 165g,165g,£16.67/kg,2.75,,
Sainsbury's Local,"Crisps, Snacks, Biscuits","Crisps, Snacks, Biscuits",Pringles Original 165g,165g,£16.67/kg,2.75,,
Sainsbury's Local,"Crisps, Snacks, Biscuits","Crisps, Snacks, Biscuits",Pringles Original 40g,40g,£33.75/kg,1.35,,
Sainsbury's Local,"Crisps, Snacks, Biscuits","Crisps, Snacks, Biscuits",Pringles Prawn Cocktail Flavour 165g,165g,£16.67/kg,2.75,,
Sainsbury's Local,"Crisps, Snacks, Biscuits","Crisps, Snacks, Biscuits",Pringles Prawn Cocktail Flavour Sharing Crisps 165g,165g,£16.67/kg,2.75,,
Sainsbury's Local,"Crisps, Snacks, Biscuits","Crisps, Snacks, Biscuits",Pringles Salt & Vinegar 165g,165g,£19.09/kg,3.15,,
Sainsbury's Local,"Crisps, Snacks, Biscuits","Crisps, Snacks, Biscuits",Pringles Salt & Vinegar 200g,200g,£16.50/kg,3.30,,
Sainsbury's Local,"Crisps, Snacks, Biscuits","Crisps, Snacks, Biscuits",Pringles Sour Cream & Onion 165g,165g,£16.67/kg,2.75,,
Sainsbury's Local,"Crisps, Snacks, Biscuits","Crisps, Snacks, Biscuits",Pringles Sour Cream & Onion 200g,200g,£16.50/kg,3.30,,
Sainsbury's Local,"Crisps, Snacks, Biscuits","Crisps, Snacks, Biscuits",Pringles Sour Cream & Onion 40g,40g,£33.75/kg,1.35,,
Sainsbury's Local,"Crisps, Snacks, Biscuits","Crisps, Snacks, Biscuits",Pringles Texas BBQ Sauce 165g,165g,£18.48/kg,3.05,,
Sainsbury's Local,"Crisps, Snacks, Biscuits","Crisps, Snacks, Biscuits",Pringles Texas BBQ Sauce 200g,200g,£16.50/kg,3.30,,
Sainsbury's Local,"Crisps, Snacks, Biscuits","Crisps, Snacks, Biscuits",Proper Chips Barbecue Lentil Chips 85g,85g,£32.35/kg,2.75,,
Sainsbury's Local,"Crisps, Snacks, Biscuits","Crisps, Snacks, Biscuits",Proper Chips Sea Salt Lentil Chips 5 x 14g (70g),5pk,£40.00/kg,2.80,,
Sainsbury's Local,"Crisps, Snacks, Biscuits","Crisps, Snacks, Biscuits",Propercorn Sweet & Salty Popcorn 30g,30g,£50.00/kg,1.50,,
Sainsbury's Local,"Crisps, Snacks, Biscuits","Crisps, Snacks, Biscuits",Propercorn Sweet & Salty Popcorn 90g,90g,£25.00/kg,2.25,,
Sainsbury's Local,"Crisps, Snacks, Biscuits","Crisps, Snacks, Biscuits",RYVITA Dark Rye Crispbread 250g,250g,£8.40/kg,2.10,,
Sainsbury's Local,"Crisps, Snacks, Biscuits","Crisps, Snacks, Biscuits",Raise Caramel Cocoa & Sea Salt Nut & Seed Clusters 35g,35g,£41.43/kg,1.45,,
Sainsbury's Local,"Crisps, Snacks, Biscuits","Crisps, Snacks, Biscuits",Raise Nut & Seed Clusters Maple & Roasted Pecan 35g,35g,£41.43/kg,1.45,,
Sainsbury's Local,"Crisps, Snacks, Biscuits","Crisps, Snacks, Biscuits",Rakusen's Flame Baked Matzo Crackers 150g,150g,£16.67/kg,2.50,,
Sainsbury's Local,"Crisps, Snacks, Biscuits","Crisps, Snacks, Biscuits",Rakusen's of Yorkshire Digestive Dark Chocolate 200g,200g,£19.25/kg,3.85,,
Sainsbury's Local,"Crisps, Snacks, Biscuits","Crisps, Snacks, Biscuits",Rakusen's of Yorkshire Matzos Flame Baked Cracker 300g,300g,£10.00/kg,3.00,,
Sainsbury's Local,"Crisps, Snacks, Biscuits","Crisps, Snacks, Biscuits",Ritz Bakery the Original Cracker Box 150g,150g,£11.67/kg,1.75,,
Sainsbury's Local,"Crisps, Snacks, Biscuits","Crisps, Snacks, Biscuits",Ryvita Thins Multi-Seed 125g,125g,£23.20/kg,2.90,,
Sainsbury's Local,"Crisps, Snacks, Biscuits","Crisps, Snacks, Biscuits",SUN Bites Sweet Chilli High Fibre Snacks Grab Bag Crisps 28g,28g,£53.57/kg,1.50,,
Sainsbury's Local,"Crisps, Snacks, Biscuits","Crisps, Snacks, Biscuits",Sainsbury's All Butter Chocolate Chip Shortbread 175g,175g,£11.71/kg,2.05,,
Sainsbury's Local,"Crisps, Snacks, Biscuits","Crisps, Snacks, Biscuits",Sainsbury's Almonds 100g,100g,£17.50/kg,1.75,,
Sainsbury's Local,"Crisps, Snacks, Biscuits","Crisps, Snacks, Biscuits","Sainsbury's Almonds, Raisins & Cherries 35g",35g,£28.57/kg,1.00,,
Sainsbury's Local,"Crisps, Snacks, Biscuits","Crisps, Snacks, Biscuits",Sainsbury's Apricots 200g,200g,£16.75/kg,3.35,,
Sainsbury's Local,"Crisps, Snacks, Biscuits","Crisps, Snacks, Biscuits",Sainsbury's Bacon Crispies 140g,140g,£10.36/kg,1.45,,
Sainsbury's Local,"Crisps, Snacks, Biscuits","Crisps, Snacks, Biscuits",Sainsbury's Blanched Hazelnuts 100g,100g,£32.50/kg,3.25,,
Sainsbury's Local,"Crisps, Snacks, Biscuits","Crisps, Snacks, Biscuits",Sainsbury's Bourbon Creams 200g,200g,£3.25/kg,0.65,,
Sainsbury's Local,"Crisps, Snacks, Biscuits","Crisps, Snacks, Biscuits",Sainsbury's Cashews 30g,30g,£41.67/kg,1.25,,
Sainsbury's Local,"Crisps, Snacks, Biscuits","Crisps, Snacks, Biscuits",Sainsbury's Cashews Nuts 200g,200g,£19.50/kg,3.90,,
Sainsbury's Local,"Crisps, Snacks, Biscuits","Crisps, Snacks, Biscuits",Sainsbury's Cheddar Cheese Twists 125g,125g,£15.20/kg,1.90,,
Sainsbury's Local,"Crisps, Snacks, Biscuits","Crisps, Snacks, Biscuits",Sainsbury's Chia Seeds 150g,150g,£14.00/kg,2.10,,
Sainsbury's Local,"Crisps, Snacks, Biscuits","Crisps, Snacks, Biscuits",Sainsbury's Chocolate Chip Cookies 250g,250g,£6.40/kg,1.60,,
Sainsbury's Local,"Crisps, Snacks, Biscuits","Crisps, Snacks, Biscuits",Sainsbury's Cranberries 75g,75g,£23.33/kg,1.75,,
Sainsbury's Local,"Crisps, Snacks, Biscuits","Crisps, Snacks, Biscuits",Sainsbury's Custard Creams 200g,200g,£2.75/kg,0.55,,
Sainsbury's Local,"Crisps, Snacks, Biscuits","Crisps, Snacks, Biscuits",Sainsbury's Dried Apricots 40g,40g,£35.00/kg,1.40,,
Sainsbury's Local,"Crisps, Snacks, Biscuits","Crisps, Snacks, Biscuits",Sainsbury's Fairtrade Cashew Nuts 100g,100g,£37.50/kg,3.75,,
Sainsbury's Local,"Crisps, Snacks, Biscuits","Crisps, Snacks, Biscuits",Sainsbury's Fairtrade Peanuts & Raisins 100g,100g,£14.00/kg,1.40,,
Sainsbury's Local,"Crisps, Snacks, Biscuits","Crisps, Snacks, Biscuits",Sainsbury's Food To Go Roasted Cashews 23g,23g,£45.65/kg,1.05,,
Sainsbury's Local,"Crisps, Snacks, Biscuits","Crisps, Snacks, Biscuits",Sainsbury's Free From Chocolate Chip Cookies 150g,150g,£15.33/kg,2.30,,
Sainsbury's Local,"Crisps, Snacks, Biscuits","Crisps, Snacks, Biscuits","Sainsbury's Gourmet Sea Salt Crisps, Taste the Difference 150g",150g,£11.67/kg,1.75,,
Sainsbury's Local,"Crisps, Snacks, Biscuits","Crisps, Snacks, Biscuits",Sainsbury's Honey Roasted Peanuts & Cashews 60g,60g,£19.17/kg,1.15,,
Sainsbury's Local,"Crisps, Snacks, Biscuits","Crisps, Snacks, Biscuits",Sainsbury's Malted Milk Biscuits 200g,200g,£3.50/kg,0.70,,
Sainsbury's Local,"Crisps, Snacks, Biscuits","Crisps, Snacks, Biscuits",Sainsbury's Mango 100g,100g,£34.00/kg,3.40,,
Sainsbury's Local,"Crisps, Snacks, Biscuits","Crisps, Snacks, Biscuits",Sainsbury's Milk Chocolate Rice Cakes 4 x 37.5g (150g),4pk,£18.33/kg,2.75,,
Sainsbury's Local,"Crisps, Snacks, Biscuits","Crisps, Snacks, Biscuits",Sainsbury's Mixed Fruit 500g,500g,£5.60/kg,2.80,,
Sainsbury's Local,"Crisps, Snacks, Biscuits","Crisps, Snacks, Biscuits",Sainsbury's On the Go Almonds 25g,25g,£42.00/kg,1.05,,
Sainsbury's Local,"Crisps, Snacks, Biscuits","Crisps, Snacks, Biscuits",Sainsbury's On the Go Dark Chocolate Corn Thins 32.5g,33g,£36.36/kg,1.20,,
Sainsbury's Local,"Crisps, Snacks, Biscuits","Crisps, Snacks, Biscuits",Sainsbury's On the Go Fruit & Nut Mix 25g,25g,£42.00/kg,1.05,,
Sainsbury's Local,"Crisps, Snacks, Biscuits","Crisps, Snacks, Biscuits",Sainsbury's On the Go Milk Chocolate Rice Cakes 37.5g,38g,£31.58/kg,1.20,,
Sainsbury's Local,"Crisps, Snacks, Biscuits","Crisps, Snacks, Biscuits",Sainsbury's On the Go Nut Medley 20g,20g,£52.50/kg,1.05,,
Sainsbury's Local,"Crisps, Snacks, Biscuits","Crisps, Snacks, Biscuits",Sainsbury's On the Go Roasted & Salted Mixed Nuts 60g,60g,£19.17/kg,1.15,,
Sainsbury's Local,"Crisps, Snacks, Biscuits","Crisps, Snacks, Biscuits",Sainsbury's Onion Rings 125g,125g,£11.20/kg,1.40,,
Sainsbury's Local,"Crisps, Snacks, Biscuits","Crisps, Snacks, Biscuits",Sainsbury's Pecans 200g,200g,£22.75/kg,4.55,,
Sainsbury's Local,"Crisps, Snacks, Biscuits","Crisps, Snacks, Biscuits",Sainsbury's Pine Nuts 100g,100g,£47.50/kg,4.75,,
Sainsbury's Local,"Crisps, Snacks, Biscuits","Crisps, Snacks, Biscuits",Sainsbury's Pistachio Kernels 100g,100g,£40.00/kg,4.00,,
Sainsbury's Local,"Crisps, Snacks, Biscuits","Crisps, Snacks, Biscuits",Sainsbury's Prawn Crackers 80g,80g,£21.88/kg,1.75,,
Sainsbury's Local,"Crisps, Snacks, Biscuits","Crisps, Snacks, Biscuits",Sainsbury's Pumpkin Seeds 100g,100g,£14.00/kg,1.40,,
Sainsbury's Local,"Crisps, Snacks, Biscuits","Crisps, Snacks, Biscuits",Sainsbury's Raisins 500g,500g,£6.30/kg,3.15,,
Sainsbury's Local,"Crisps, Snacks, Biscuits","Crisps, Snacks, Biscuits",Sainsbury's Ready To Eat Dates 200g,200g,£12.00/kg,2.40,,
Sainsbury's Local,"Crisps, Snacks, Biscuits","Crisps, Snacks, Biscuits",Sainsbury's Roasted & Salted Pistachios 150g,150g,£21.67/kg,3.25,,
Sainsbury's Local,"Crisps, Snacks, Biscuits","Crisps, Snacks, Biscuits",Sainsbury's Roasted Pistachio Nuts 35g,35g,£37.14/kg,1.30,,
Sainsbury's Local,"Crisps, Snacks, Biscuits","Crisps, Snacks, Biscuits",Sainsbury's Salt & Vinegar Crunchy Sticks 140g,140g,£10.00/kg,1.40,,
Sainsbury's Local,"Crisps, Snacks, Biscuits","Crisps, Snacks, Biscuits","Sainsbury's Sea Salt & Cider Vinegar Crisps, Taste the Difference 150g",150g,£11.67/kg,1.75,,
Sainsbury's Local,"Crisps, Snacks, Biscuits","Crisps, Snacks, Biscuits",Sainsbury's Seed Mix 100g,100g,£10.50/kg,1.05,,
Sainsbury's Local,"Crisps, Snacks, Biscuits","Crisps, Snacks, Biscuits",Sainsbury's Sesame Seeds 100g,100g,£14.00/kg,1.40,,
Sainsbury's Local,"Crisps, Snacks, Biscuits","Crisps, Snacks, Biscuits",Sainsbury's Spicy Thai Crackers 80g,80g,£21.88/kg,1.75,,
Sainsbury's Local,"Crisps, Snacks, Biscuits","Crisps, Snacks, Biscuits",Sainsbury's Sultanas 500g,500g,£6.30/kg,3.15,,
Sainsbury's Local,"Crisps, Snacks, Biscuits","Crisps, Snacks, Biscuits",Sainsbury's Summer Caramel Popcorn Clusters 155g,155g,£25.81/kg,4.00,,
Sainsbury's Local,"Crisps, Snacks, Biscuits","Crisps, Snacks, Biscuits",Sainsbury's Sunflower Seeds 100g,100g,£14.50/kg,1.45,,
Sainsbury's Local,"Crisps, Snacks, Biscuits","Crisps, Snacks, Biscuits",Sainsbury's Taste the Difference Extra Virgin Olive Oil (3%) Breadsticks 130g,130g,£21.54/kg,2.80,,
Sainsbury's Local,"Crisps, Snacks, Biscuits","Crisps, Snacks, Biscuits",Sainsbury's Taste the Difference Medjool Dates,200g,£16.50/kg,3.30,,
Sainsbury's Local,"Crisps, Snacks, Biscuits","Crisps, Snacks, Biscuits","Sainsbury's Thai Sweet Chilli Crisps, Taste The Difference 150g",150g,£11.67/kg,1.75,,
Sainsbury's Local,"Crisps, Snacks, Biscuits","Crisps, Snacks, Biscuits",Sainsbury's Toasted Pumpkin & Sunflower Seeds 30g,30g,£31.67/kg,0.95,,
Sainsbury's Local,"Crisps, Snacks, Biscuits","Crisps, Snacks, Biscuits",Sainsbury's Walnut Pieces 200g,200g,£13.75/kg,2.75,,
Sainsbury's Local,"Crisps, Snacks, Biscuits","Crisps, Snacks, Biscuits",Sainsbury's Walnuts 100g,100g,£26.00/kg,2.60,,
Sainsbury's Local,"Crisps, Snacks, Biscuits","Crisps, Snacks, Biscuits",Schär Gluten Free Pretzels 60g,60g,£24.17/kg,1.45,,
Sainsbury's Local,"Crisps, Snacks, Biscuits","Crisps, Snacks, Biscuits",Skinny Whip Toffee Flavour 5 x 20g,5pk,£14.00/kg,1.40,,
Sainsbury's Local,"Crisps, Snacks, Biscuits","Crisps, Snacks, Biscuits",Skips Prawn Cocktail Flavour 35g,35g,£38.57/kg,1.35,,
Sainsbury's Local,"Crisps, Snacks, Biscuits","Crisps, Snacks, Biscuits",Snack a Jacks Jumbo Caramel Sharing Rice Cake Crisps 159g,159g,£20.13/kg,3.20,,
Sainsbury's Local,"Crisps, Snacks, Biscuits","Crisps, Snacks, Biscuits",The Curators Original Beef Biltong 25g,25g,£122.00/kg,3.05,,
Sainsbury's Local,"Crisps, Snacks, Biscuits","Crisps, Snacks, Biscuits",The Snack Organisation Sweet Chilli Rice Crackers 100g,100g,£14.00/kg,1.40,,
Sainsbury's Local,"Crisps, Snacks, Biscuits","Crisps, Snacks, Biscuits",Trek Cocoa Oat Protein Flapjack 50g,50g,£39.00/kg,1.95,,
Sainsbury's Local,"Crisps, Snacks, Biscuits","Crisps, Snacks, Biscuits",Trek Cocoa Oat Protein Flapjacks Bars 3 x 50g,3pk,£26.33/kg,3.95,,
Sainsbury's Local,"Crisps, Snacks, Biscuits","Crisps, Snacks, Biscuits",Trek Lotus Biscoff Bars 3 x 44g,3pk,£45.45/kg,6.00,,
Sainsbury's Local,"Crisps, Snacks, Biscuits","Crisps, Snacks, Biscuits",Trek Peanut Butter Protein Flapjack 50g,50g,£39.00/kg,1.95,,
Sainsbury's Local,"Crisps, Snacks, Biscuits","Crisps, Snacks, Biscuits",Trek Protein Flapjacks 3 x 50g,3pk,£26.33/kg,3.95,,
Sainsbury's Local,"Crisps, Snacks, Biscuits","Crisps, Snacks, Biscuits",Trek Salted Caramel Protein Flapjack 50g,50g,£39.00/kg,1.95,,
Sainsbury's Local,"Crisps, Snacks, Biscuits","Crisps, Snacks, Biscuits",Trek Salted Caramel Protein Flapjacks Bars 3 x 50g,3pk,£26.33/kg,3.95,,
Sainsbury's Local,"Crisps, Snacks, Biscuits","Crisps, Snacks, Biscuits",Trek White Choc & Raspberry Protein Flapjack 50g,50g,£39.00/kg,1.95,,
Sainsbury's Local,"Crisps, Snacks, Biscuits","Crisps, Snacks, Biscuits",Tribe White Choc Protein Flapjack 50g,50g,£41.00/kg,2.05,,
Sainsbury's Local,"Crisps, Snacks, Biscuits","Crisps, Snacks, Biscuits",Tropgo Foods Dry Roasted Salted Almonds 180g,180g,£26.67/kg,4.80,,
Sainsbury's Local,"Crisps, Snacks, Biscuits","Crisps, Snacks, Biscuits",Tyrrells Lightly Sea Salted 150g,150g,£21.00/kg,3.15,,
Sainsbury's Local,"Crisps, Snacks, Biscuits","Crisps, Snacks, Biscuits",Tyrrells Mature Cheddar & Chive Hand-Cooked English Crisps 150g,150g,£21.00/kg,3.15,,
Sainsbury's Local,"Crisps, Snacks, Biscuits","Crisps, Snacks, Biscuits",Tyrrells Sea Salt & Cider Vinegar Hand-Cooked English Crisps 150g,150g,£21.00/kg,3.15,,
Sainsbury's Local,"Crisps, Snacks, Biscuits","Crisps, Snacks, Biscuits",Tyrrells Sweet Chilli & Red Pepper 150g,150g,£21.00/kg,3.15,,
Sainsbury's Local,"Crisps, Snacks, Biscuits","Crisps, Snacks, Biscuits",Walkers Baked Snacks Cheese & Onion Multipack Crisps 6x22g,6pk,£23.86/kg,3.15,,
Sainsbury's Local,"Crisps, Snacks, Biscuits","Crisps, Snacks, Biscuits",Walkers Baked Snacks Sea Salt Grab Bag Crisps 37.5g,37.5g,£40.00/kg,1.50,,
Sainsbury's Local,"Crisps, Snacks, Biscuits","Crisps, Snacks, Biscuits",Walkers Cheese & Onion Grab Bag Crisps 45g,45g,£33.33/kg,1.50,,
Sainsbury's Local,"Crisps, Snacks, Biscuits","Crisps, Snacks, Biscuits",Walkers Cheese & Onion Multipack Crisps 6x25g,6pk,£19.67/kg,2.95,,
Sainsbury's Local,"Crisps, Snacks, Biscuits","Crisps, Snacks, Biscuits",Walkers Classic Pack 6 x 25g,6pk,£19.67/kg,2.95,,
Sainsbury's Local,"Crisps, Snacks, Biscuits","Crisps, Snacks, Biscuits",Walkers Max Punchy Paprika Sharing Crisps 140g,140g,£19.64/kg,2.75,,
Sainsbury's Local,"Crisps, Snacks, Biscuits","Crisps, Snacks, Biscuits",Walkers Monster Munch Pickled Onion Snacks Grab Bag Crisps 40g,40g,£37.50/kg,1.50,,
Sainsbury's Local,"Crisps, Snacks, Biscuits","Crisps, Snacks, Biscuits",Walkers Monster Munch Snacks Giants Pickled Onion Sharing Crisps 85g,85g,£33.53/kg,2.85,,
Sainsbury's Local,"Crisps, Snacks, Biscuits","Crisps, Snacks, Biscuits",Walkers Prawn Cocktail Grab Bag Crisps 45g,45g,£33.33/kg,1.50,,
Sainsbury's Local,"Crisps, Snacks, Biscuits","Crisps, Snacks, Biscuits",Walkers Prawn Cocktail Multipack Crisps 6 x 25g,6pk,£16.67/kg,2.50,,
Sainsbury's Local,"Crisps, Snacks, Biscuits","Crisps, Snacks, Biscuits",Walkers Quavers Cheese Snacks Grab Bag Crisps 34g,34g,£44.12/kg,1.50,,
Sainsbury's Local,"Crisps, Snacks, Biscuits","Crisps, Snacks, Biscuits",Walkers Ready Salted Grab Bag Crisps 45g,45g,£33.33/kg,1.50,,
Sainsbury's Local,"Crisps, Snacks, Biscuits","Crisps, Snacks, Biscuits",Walkers Ready Salted Multipack Crisps 6x25g,6pk,£19.67/kg,2.95,,
Sainsbury's Local,"Crisps, Snacks, Biscuits","Crisps, Snacks, Biscuits",Walkers Roast Chicken Grab Bag Crisps 45g,45g,£33.33/kg,1.50,,
Sainsbury's Local,"Crisps, Snacks, Biscuits","Crisps, Snacks, Biscuits",Walkers Salt & Vinegar Grab Bag Crisps 45g,45g,£33.33/kg,1.50,,
Sainsbury's Local,"Crisps, Snacks, Biscuits","Crisps, Snacks, Biscuits",Walkers Salt & Vinegar Multipack Crisps 6x25g,6pk,£16.67/kg,2.50,,
Sainsbury's Local,"Crisps, Snacks, Biscuits","Crisps, Snacks, Biscuits",Walkers Sensations Balsamic Vinegar & Caramelised Onion Sharing Crisps 150g,150g,£21.00/kg,3.15,,
Sainsbury's Local,"Crisps, Snacks, Biscuits","Crisps, Snacks, Biscuits",Walkers Sensations Roasted Chicken & Thyme Sharing Crisps 150g,150g,£18.33/kg,2.75,,
Sainsbury's Local,"Crisps, Snacks, Biscuits","Crisps, Snacks, Biscuits",Walkers Sensations Thai Sweet Chilli Coated Sharing Peanuts 150g,150g,£25.33/kg,3.80,,
Sainsbury's Local,"Crisps, Snacks, Biscuits","Crisps, Snacks, Biscuits",Walkers Sensations Thai Sweet Chilli Grab Bag Crisps 40g,40g,£37.50/kg,1.50,,
Sainsbury's Local,"Crisps, Snacks, Biscuits","Crisps, Snacks, Biscuits",Walkers Sensations Thai Sweet Chilli Sharing Bag Crisps 150g,150g,£21.00/kg,3.15,,
Sainsbury's Local,"Crisps, Snacks, Biscuits","Crisps, Snacks, Biscuits",Walkers Smoky Bacon Grab Bag Crisps 45g,45g,£33.33/kg,1.50,,
Sainsbury's Local,"Crisps, Snacks, Biscuits","Crisps, Snacks, Biscuits",Walkers Squares Salt & Vinegar Snacks Grab Bag Crisps 40g,40g,£37.50/kg,1.50,,
Sainsbury's Local,"Crisps, Snacks, Biscuits","Crisps, Snacks, Biscuits",Walkers Wotsits Really Cheesy Snacks Grab Bag Cheese Crisps 36g,36g,£41.67/kg,1.50,,
Sainsbury's Local,"Crisps, Snacks, Biscuits","Crisps, Snacks, Biscuits",Warburtons 6 Brown Thins,6pk,£0.32 each,1.90,,
Sainsbury's Local,"Crisps, Snacks, Biscuits","Crisps, Snacks, Biscuits",Weetabix 24 Biscuits,24pk,£0.19 each,4.65,,
Sainsbury's Local,"Crisps, Snacks, Biscuits","Crisps, Snacks, Biscuits",Whitworths Naturally Sweet Chewy Bananas 30g,30g,£35.00/kg,1.05,,
Sainsbury's Local,"Crisps, Snacks, Biscuits","Crisps, Snacks, Biscuits",Whitworths Orange & Chocolate Seed Shots 25g,25g,£42.00/kg,1.05,,
Sainsbury's Local,"Crisps, Snacks, Biscuits","Crisps, Snacks, Biscuits",Whitworths Shots Chocolate Cluster & Berries 25g,25g,£42.00/kg,1.05,,
Sainsbury's Local,"Crisps, Snacks, Biscuits","Crisps, Snacks, Biscuits",Whitworths Shots Toffee & Pecan 25g,25g,£42.00/kg,1.05,,
Sainsbury's Local,"Crisps, Snacks, Biscuits","Crisps, Snacks, Biscuits",Whitworths Sunny Raisin 12 x 14g,12pk,£18.45/kg,3.10,,
Sainsbury's Local,"Crisps, Snacks, Biscuits","Crisps, Snacks, Biscuits",Wotsits Giants Really Cheesy Sharing Cheese Snacks Crisps 130g,130g,£24.62/kg,3.20,,
Sainsbury's Local,"Crisps, Snacks, Biscuits","Crisps, Snacks, Biscuits",Wotsits Really Cheesy Snacks Multipack Cheese Crisps 6x16.5g,6pk,£28.79/kg,2.85,,
Sainsbury's Local,"Crisps, Snacks, Biscuits","Crisps, Snacks, Biscuits",Yaar Nordic High Protein Yogurt Bar Cloudberry Bar 40g,40g,£32.50/kg,1.30,,
Sainsbury's Local,"Crisps, Snacks, Biscuits","Crisps, Snacks, Biscuits",Yaar Nordic High Protein Yogurt Vanilla Quark Bar 40g,40g,£32.50/kg,1.30,,
Sainsbury's Local,"Crisps, Snacks, Biscuits","Crisps, Snacks, Biscuits",deliciously ella Apple & Raisin Oat Bar 50g,50g,£25.00/kg,1.25,,
Sainsbury's Local,"Crisps, Snacks, Biscuits",Dried Fruit,Bear 2 Fruit Blackcurrant Rolls 20g,20g,£42.50/kg,0.85,,
Sainsbury's Local,"Crisps, Snacks, Biscuits",Dried Fruit,Bear 2 Fruit Yoyos Mango Rolls 20g,20g,£42.50/kg,0.85,,
Sainsbury's Local,"Crisps, Snacks, Biscuits",Dried Fruit,Bear 2 Fruit Yoyos Strawberry Rolls 20g,20g,£40.00/kg,0.80,,
Sainsbury's Local,"Crisps, Snacks, Biscuits",Dried Fruit,Bear 2 Sour Fruit Yoyos Strawberry Rolls 20g,20g,£42.50/kg,0.85,,
Sainsbury's Local,"Crisps, Snacks, Biscuits",Dried Fruit,Bear Fruit Yoyos Raspberry 5 x 20g,5pk,£38.50/kg,3.85,,
Sainsbury's Local,"Crisps, Snacks, Biscuits",Dried Fruit,Bear Fruit Yoyos Strawberry 5 x 20g,5pk,£38.50/kg,3.85,,
Sainsbury's Local,"Crisps, Snacks, Biscuits",Dried Fruit,Bear Mango Slowly Baked 35g,35g,£42.86/kg,1.50,,
Sainsbury's Local,"Crisps, Snacks, Biscuits",Dried Fruit,Bear Pineapple Slowly Baked 35g,35g,£42.86/kg,1.50,,
Sainsbury's Local,"Crisps, Snacks, Biscuits",Dried Fruit,Bear Strawberries 35g,35g,£42.86/kg,1.50,,
Sainsbury's Local,"Crisps, Snacks, Biscuits",Dried Fruit,On the Go Mango 25g,25g,£42.00/kg,1.05,,
Sainsbury's Local,"Crisps, Snacks, Biscuits",Dried Fruit,Sainsbury's Apricots 200g,200g,£16.75/kg,3.35,,
Sainsbury's Local,"Crisps, Snacks, Biscuits",Dried Fruit,Sainsbury's Cranberries 75g,75g,£23.33/kg,1.75,,
Sainsbury's Local,"Crisps, Snacks, Biscuits",Dried Fruit,Sainsbury's Dried Apricots 40g,40g,£35.00/kg,1.40,,
Sainsbury's Local,"Crisps, Snacks, Biscuits",Dried Fruit,Sainsbury's Mango 100g,100g,£34.00/kg,3.40,,
Sainsbury's Local,"Crisps, Snacks, Biscuits",Dried Fruit,Sainsbury's Mixed Fruit 500g,500g,£5.60/kg,2.80,,
Sainsbury's Local,"Crisps, Snacks, Biscuits",Dried Fruit,Sainsbury's Raisins 500g,500g,£6.30/kg,3.15,,
Sainsbury's Local,"Crisps, Snacks, Biscuits",Dried Fruit,Sainsbury's Ready To Eat Dates 200g,200g,£12.00/kg,2.40,,
Sainsbury's Local,"Crisps, Snacks, Biscuits",Dried Fruit,Sainsbury's Sultanas 500g,500g,£6.30/kg,3.15,,
Sainsbury's Local,"Crisps, Snacks, Biscuits",Dried Fruit,Sainsbury's Taste the Difference Medjool Dates,200g,£16.50/kg,3.30,,
Sainsbury's Local,"Crisps, Snacks, Biscuits",Dried Fruit,Whitworths Naturally Sweet Chewy Bananas 30g,30g,£35.00/kg,1.05,,
Sainsbury's Local,"Crisps, Snacks, Biscuits",Dried Fruit,Whitworths Shots Chocolate Cluster & Berries 25g,25g,£42.00/kg,1.05,,
Sainsbury's Local,"Crisps, Snacks, Biscuits",Dried Fruit,Whitworths Sunny Raisin 12 x 14g,12pk,£18.45/kg,3.10,,
Sainsbury's Local,"Crisps, Snacks, Biscuits",In Store Prices,Nature Valley Protein Peanut & Chocolate Bars 4 x 40g (160g),4pk,£3.91/kg,2.50,3.30,£0.80 off
Sainsbury's Local,"Crisps, Snacks, Biscuits",In Store Prices,Trek Cocoa Oat Protein Flapjacks Bars 3 x 50g,3pk,£26.33/kg,3.95,,
Sainsbury's Local,"Crisps, Snacks, Biscuits",In Store Prices,Walkers Monster Munch Pickled Onion Snacks Grab Bag Crisps 40g,40g,£37.50/kg,1.50,,
Sainsbury's Local,"Crisps, Snacks, Biscuits",In Store Prices,Walkers Quavers Cheese Snacks Grab Bag Crisps 34g,34g,£44.12/kg,1.50,,
Sainsbury's Local,"Crisps, Snacks, Biscuits",Meat Snacks,Ember Original Recipe Biltong 25g,25g,£130.00/kg,3.25,,
Sainsbury's Local,"Crisps, Snacks, Biscuits",Meat Snacks,Fridge Raiders Slow Roasted Chicken Bites 45g,45g,£32.22/kg,1.45,,
Sainsbury's Local,"Crisps, Snacks, Biscuits",Meat Snacks,Jack Link's Mr Beast Beef Jerky Sweet & Hot 25g,25g,£86.00/kg,2.15,,
Sainsbury's Local,"Crisps, Snacks, Biscuits",Meat Snacks,Midland Snacks Traditional Pork Scratchings 40g,40g,£55.00/kg,2.20,,
Sainsbury's Local,"Crisps, Snacks, Biscuits",Meat Snacks,Mr. Porky Crispy Strips 35g,35g,£58.57/kg,2.05,,
Sainsbury's Local,"Crisps, Snacks, Biscuits",Meat Snacks,Peperami Original Salami 22.5g,22.5g,£64.44/kg,1.45,,
Sainsbury's Local,"Crisps, Snacks, Biscuits",Meat Snacks,The Curators Original Beef Biltong 25g,25g,£122.00/kg,3.05,,
Sainsbury's Local,"Crisps, Snacks, Biscuits",Midweek Meals Made Easy,Old El Paso Original Tortilla Nachips 185g,185g,£15.41/kg,2.85,,
Sainsbury's Local,"Crisps, Snacks, Biscuits",Mornings Made Better,Belvita 5 x 50g Soft Bakes Multipack Chocolate Chip Cereal Snack Bars,250g,£15.00/kg,3.75,,
Sainsbury's Local,"Crisps, Snacks, Biscuits",Multipack Crisps,Hula Hoops BBQ Beef Flavour 6 x 24g,6pk,£21.18/kg,3.05,,
Sainsbury's Local,"Crisps, Snacks, Biscuits",Multipack Crisps,Hula Hoops Original 6 x 24g,6pk,£21.18/kg,3.05,,
Sainsbury's Local,"Crisps, Snacks, Biscuits",Multipack Crisps,Pom-Bear Original Potato Snacks 6 x 13g,6pk,£33.33/kg,2.60,,
Sainsbury's Local,"Crisps, Snacks, Biscuits",Multipack Crisps,Proper Chips Sea Salt Lentil Chips 5 x 14g (70g),5pk,£40.00/kg,2.80,,
Sainsbury's Local,"Crisps, Snacks, Biscuits",Multipack Crisps,Walkers Baked Snacks Cheese & Onion Multipack Crisps 6x22g,6pk,£23.86/kg,3.15,,
Sainsbury's Local,"Crisps, Snacks, Biscuits",Multipack Crisps,Walkers Cheese & Onion Multipack Crisps 6x25g,6pk,£19.67/kg,2.95,,
Sainsbury's Local,"Crisps, Snacks, Biscuits",Multipack Crisps,Walkers Classic Pack 6 x 25g,6pk,£19.67/kg,2.95,,
Sainsbury's Local,"Crisps, Snacks, Biscuits",Multipack Crisps,Walkers Prawn Cocktail Multipack Crisps 6 x 25g,6pk,£16.67/kg,2.50,,
Sainsbury's Local,"Crisps, Snacks, Biscuits",Multipack Crisps,Walkers Ready Salted Multipack Crisps 6x25g,6pk,£19.67/kg,2.95,,
Sainsbury's Local,"Crisps, Snacks, Biscuits",Multipack Crisps,Walkers Salt & Vinegar Multipack Crisps 6x25g,6pk,£16.67/kg,2.50,,
Sainsbury's Local,"Crisps, Snacks, Biscuits",Multipack Crisps,Wotsits Really Cheesy Snacks Multipack Cheese Crisps 6x16.5g,6pk,£28.79/kg,2.85,,
Sainsbury's Local,"Crisps, Snacks, Biscuits",Nuts & Seeds,Forest Feast Sea Salt & Pepper Roasted Nut Mix 40g,40g,£37.50/kg,1.50,,
Sainsbury's Local,"Crisps, Snacks, Biscuits",Nuts & Seeds,Forest Feast Slow Roasted Peanuts & Cashews,40g,£37.50/kg,1.50,,
Sainsbury's Local,"Crisps, Snacks, Biscuits",Nuts & Seeds,Forest Feast Slow Roasted Salt & Vinegar Nut Mix 40g,40g,£37.50/kg,1.50,,
Sainsbury's Local,"Crisps, Snacks, Biscuits",Nuts & Seeds,Fudco Cashew Nuts 250g,250g,£21.60/kg,5.40,,
Sainsbury's Local,"Crisps, Snacks, Biscuits",Nuts & Seeds,Fudco Deluxe Assorted Nuts 250g,250g,£21.60/kg,5.40,,
Sainsbury's Local,"Crisps, Snacks, Biscuits",Nuts & Seeds,Fudco Extra Light Walnut Halves 175g,175g,£30.86/kg,5.40,,
Sainsbury's Local,"Crisps, Snacks, Biscuits",Nuts & Seeds,Gefen Organic Roasted Chestnuts 150g,150g,£24.00/kg,3.60,,
Sainsbury's Local,"Crisps, Snacks, Biscuits",Nuts & Seeds,Graze Marmite Flavour Veg Crunch 100g,100g,£17.50/kg,1.75,3.10,£1.35 off
Sainsbury's Local,"Crisps, Snacks, Biscuits",Nuts & Seeds,Graze Peri Peri Vegan Mixed Sharing Snacks 100g,100g,£32.50/kg,3.25,,
Sainsbury's Local,"Crisps, Snacks, Biscuits",Nuts & Seeds,Graze Salt & Vinegar Crunch 28g,28g,£51.79/kg,1.45,,
Sainsbury's Local,"Crisps, Snacks, Biscuits",Nuts & Seeds,Graze Smoky Barbecue Veg Crunch 100g,100g,£17.50/kg,1.75,3.10,£1.35 off
Sainsbury's Local,"Crisps, Snacks, Biscuits",Nuts & Seeds,Graze Snack Box Marmite Crunch Mix 28g,28g,£51.79/kg,1.45,,
Sainsbury's Local,"Crisps, Snacks, Biscuits",Nuts & Seeds,KP Dry Roasted Peanuts 250g,250g,£17.00/kg,4.25,,
Sainsbury's Local,"Crisps, Snacks, Biscuits",Nuts & Seeds,KP Original Salted Peanuts 250g,250g,£14.00/kg,3.50,,
Sainsbury's Local,"Crisps, Snacks, Biscuits",Nuts & Seeds,Love Corn Cheese & Onion Delicious Crunchy Corn 45g,45g,£26.67/kg,1.20,,
Sainsbury's Local,"Crisps, Snacks, Biscuits",Nuts & Seeds,Love Corn Delicious Crunchy Corn 45g,45g,£26.67/kg,1.20,,
Sainsbury's Local,"Crisps, Snacks, Biscuits",Nuts & Seeds,Love Corn Salt & Vinegar Delicious Crunchy Corn 45g,45g,£26.67/kg,1.20,,
Sainsbury's Local,"Crisps, Snacks, Biscuits",Nuts & Seeds,Merchant Gourmet Whole Chestnuts 180g,180g,£18.89/kg,3.40,,
Sainsbury's Local,"Crisps, Snacks, Biscuits",Nuts & Seeds,Raise Caramel Cocoa & Sea Salt Nut & Seed Clusters 35g,35g,£41.43/kg,1.45,,
Sainsbury's Local,"Crisps, Snacks, Biscuits",Nuts & Seeds,Raise Nut & Seed Clusters Maple & Roasted Pecan 35g,35g,£41.43/kg,1.45,,
Sainsbury's Local,"Crisps, Snacks, Biscuits",Nuts & Seeds,Sainsbury's Almonds 100g,100g,£17.50/kg,1.75,,
Sainsbury's Local,"Crisps, Snacks, Biscuits",Nuts & Seeds,"Sainsbury's Almonds, Raisins & Cherries 35g",35g,£28.57/kg,1.00,,
Sainsbury's Local,"Crisps, Snacks, Biscuits",Nuts & Seeds,Sainsbury's Blanched Hazelnuts 100g,100g,£32.50/kg,3.25,,
Sainsbury's Local,"Crisps, Snacks, Biscuits",Nuts & Seeds,Sainsbury's Cashews 30g,30g,£41.67/kg,1.25,,
Sainsbury's Local,"Crisps, Snacks, Biscuits",Nuts & Seeds,Sainsbury's Cashews Nuts 200g,200g,£19.50/kg,3.90,,
Sainsbury's Local,"Crisps, Snacks, Biscuits",Nuts & Seeds,Sainsbury's Chia Seeds 150g,150g,£14.00/kg,2.10,,
Sainsbury's Local,"Crisps, Snacks, Biscuits",Nuts & Seeds,Sainsbury's Fairtrade Cashew Nuts 100g,100g,£37.50/kg,3.75,,
Sainsbury's Local,"Crisps, Snacks, Biscuits",Nuts & Seeds,Sainsbury's Fairtrade Peanuts & Raisins 100g,100g,£14.00/kg,1.40,,
Sainsbury's Local,"Crisps, Snacks, Biscuits",Nuts & Seeds,Sainsbury's Food To Go Roasted Cashews 23g,23g,£45.65/kg,1.05,,
Sainsbury's Local,"Crisps, Snacks, Biscuits",Nuts & Seeds,Sainsbury's Honey Roasted Peanuts & Cashews 60g,60g,£19.17/kg,1.15,,
Sainsbury's Local,"Crisps, Snacks, Biscuits",Nuts & Seeds,Sainsbury's On the Go Almonds 25g,25g,£42.00/kg,1.05,,
Sainsbury's Local,"Crisps, Snacks, Biscuits",Nuts & Seeds,Sainsbury's On the Go Fruit & Nut Mix 25g,25g,£42.00/kg,1.05,,
Sainsbury's Local,"Crisps, Snacks, Biscuits",Nuts & Seeds,Sainsbury's On the Go Nut Medley 20g,20g,£52.50/kg,1.05,,
Sainsbury's Local,"Crisps, Snacks, Biscuits",Nuts & Seeds,Sainsbury's On the Go Roasted & Salted Mixed Nuts 60g,60g,£19.17/kg,1.15,,
Sainsbury's Local,"Crisps, Snacks, Biscuits",Nuts & Seeds,Sainsbury's Pecans 200g,200g,£22.75/kg,4.55,,
Sainsbury's Local,"Crisps, Snacks, Biscuits",Nuts & Seeds,Sainsbury's Pine Nuts 100g,100g,£47.50/kg,4.75,,
Sainsbury's Local,"Crisps, Snacks, Biscuits",Nuts & Seeds,Sainsbury's Pistachio Kernels 100g,100g,£40.00/kg,4.00,,
Sainsbury's Local,"Crisps, Snacks, Biscuits",Nuts & Seeds,Sainsbury's Pumpkin Seeds 100g,100g,£14.00/kg,1.40,,
Sainsbury's Local,"Crisps, Snacks, Biscuits",Nuts & Seeds,Sainsbury's Roasted & Salted Pistachios 150g,150g,£21.67/kg,3.25,,
Sainsbury's Local,"Crisps, Snacks, Biscuits",Nuts & Seeds,Sainsbury's Roasted Pistachio Nuts 35g,35g,£37.14/kg,1.30,,
Sainsbury's Local,"Crisps, Snacks, Biscuits",Nuts & Seeds,Sainsbury's Seed Mix 100g,100g,£10.50/kg,1.05,,
Sainsbury's Local,"Crisps, Snacks, Biscuits",Nuts & Seeds,Sainsbury's Sesame Seeds 100g,100g,£14.00/kg,1.40,,
Sainsbury's Local,"Crisps, Snacks, Biscuits",Nuts & Seeds,Sainsbury's Sunflower Seeds 100g,100g,£14.50/kg,1.45,,
Sainsbury's Local,"Crisps, Snacks, Biscuits",Nuts & Seeds,Sainsbury's Toasted Pumpkin & Sunflower Seeds 30g,30g,£31.67/kg,0.95,,
Sainsbury's Local,"Crisps, Snacks, Biscuits",Nuts & Seeds,Sainsbury's Walnut Pieces 200g,200g,£13.75/kg,2.75,,
Sainsbury's Local,"Crisps, Snacks, Biscuits",Nuts & Seeds,Sainsbury's Walnuts 100g,100g,£26.00/kg,2.60,,
Sainsbury's Local,"Crisps, Snacks, Biscuits",Nuts & Seeds,Tropgo Foods Dry Roasted Salted Almonds 180g,180g,£26.67/kg,4.80,,
Sainsbury's Local,"Crisps, Snacks, Biscuits",Nuts & Seeds,Walkers Sensations Thai Sweet Chilli Coated Sharing Peanuts 150g,150g,£25.33/kg,3.80,,
Sainsbury's Local,"Crisps, Snacks, Biscuits",Nuts & Seeds,Whitworths Orange & Chocolate Seed Shots 25g,25g,£42.00/kg,1.05,,
Sainsbury's Local,"Crisps, Snacks, Biscuits",Nuts & Seeds,Whitworths Shots Toffee & Pecan 25g,25g,£42.00/kg,1.05,,
Sainsbury's Local,"Crisps, Snacks, Biscuits",Offers,Doritos Chilli Heatwave Tortilla Chips Sharing Crisps 180g,180g,£10.28/kg,1.85,2.75,£0.90 off
Sainsbury's Local,"Crisps, Snacks, Biscuits",Offers,Doritos Cool Original Tortilla Chips Sharing Crisps 180g,180g,£10.28/kg,1.85,2.75,£0.90 off
Sainsbury's Local,"Crisps, Snacks, Biscuits",Offers,Doritos Tangy Cheese Tortilla Chips Sharing Crisps 180g,180g,£10.28/kg,1.85,2.75,£0.90 off
Sainsbury's Local,"Crisps, Snacks, Biscuits",Offers,Eat Real Lentil Chips 95g,95g,£17.37/kg,1.65,2.50,£0.85 off
Sainsbury's Local,"Crisps, Snacks, Biscuits",Offers,Graze Marmite Flavour Veg Crunch 100g,100g,£17.50/kg,1.75,3.10,£1.35 off
Sainsbury's Local,"Crisps, Snacks, Biscuits",Offers,Graze Smoky Barbecue Veg Crunch 100g,100g,£17.50/kg,1.75,3.10,£1.35 off
Sainsbury's Local,"Crisps, Snacks, Biscuits",Offers,McVitie's 20 Jaffa Cakes The Original Twin Pack,20pk,£7.77/kg,1.85,2.75,£0.90 off
Sainsbury's Local,"Crisps, Snacks, Biscuits",Offers,McVitie's Dark Chocolate Digestive Biscuits 266g,266g,£6.95/kg,1.85,2.50,£0.65 off
Sainsbury's Local,"Crisps, Snacks, Biscuits",Offers,McVitie's Digestive Milk Chocolate 266g,266g,£6.95/kg,1.85,2.50,£0.65 off
Sainsbury's Local,"Crisps, Snacks, Biscuits",Offers,McVitie's Digestives White 232g,232g,£7.97/kg,1.85,2.50,£0.65 off
Sainsbury's Local,"Crisps, Snacks, Biscuits",Offers,McVitie's Hobnobs Milk Chocolate Biscuits 262g,262g,£7.06/kg,1.85,2.50,£0.65 off
Sainsbury's Local,"Crisps, Snacks, Biscuits",Offers,Nature Valley Protein Peanut & Chocolate Bars 4 x 40g (160g),4pk,£3.91/kg,2.50,3.30,£0.80 off
Sainsbury's Local,"Crisps, Snacks, Biscuits",Packed Lunch Picks,Go Ahead Fruit Slices Forest Fruit 174g,174g,£11.78/kg,2.05,,
Sainsbury's Local,"Crisps, Snacks, Biscuits",Packed Lunch Picks,Hula Hoops Original 6 x 24g,6pk,£21.18/kg,3.05,,
Sainsbury's Local,"Crisps, Snacks, Biscuits",Packed Lunch Picks,Jacob's 6 Original Mini Cheddars 138g,138g,£18.48/kg,2.55,,
Sainsbury's Local,"Crisps, Snacks, Biscuits",Packed Lunch Picks,Jammie Dodgers Minis Raspberry Flavour 120g (6 x 20g),6pk,£17.08/kg,2.05,,
Sainsbury's Local,"Crisps, Snacks, Biscuits",Packed Lunch Picks,Kallo Organic Lightly Salted Wholegrain Rice Cakes 130g,130g,£16.92/kg,2.20,,
Sainsbury's Local,"Crisps, Snacks, Biscuits",Packed Lunch Picks,Maryland 6 Minis Choc Chip 118.8g,118.8g,£17.68/kg,2.10,,
Sainsbury's Local,"Crisps, Snacks, Biscuits",Packed Lunch Picks,Pom-Bear Original Potato Snacks 6 x 13g,6pk,£33.33/kg,2.60,,
Sainsbury's Local,"Crisps, Snacks, Biscuits",Packed Lunch Picks,Ritz Bakery the Original Cracker Box 150g,150g,£11.67/kg,1.75,,
Sainsbury's Local,"Crisps, Snacks, Biscuits",Packed Lunch Picks,Snack a Jacks Jumbo Caramel Sharing Rice Cake Crisps 159g,159g,£20.13/kg,3.20,,
Sainsbury's Local,"Crisps, Snacks, Biscuits",Packed Lunch Picks,Walkers Baked Snacks Cheese & Onion Multipack Crisps 6x22g,6pk,£23.86/kg,3.15,,
Sainsbury's Local,"Crisps, Snacks, Biscuits",Packed Lunch Picks,Walkers Baked Snacks Sea Salt Grab Bag Crisps 37.5g,37.5g,£40.00/kg,1.50,,
Sainsbury's Local,"Crisps, Snacks, Biscuits",Packed Lunch Picks,Wotsits Really Cheesy Snacks Multipack Cheese Crisps 6x16.5g,6pk,£28.79/kg,2.85,,
Sainsbury's Local,"Crisps, Snacks, Biscuits",Popcorn,Butterkist Crunchy Toffee Popcorn 170g,170g,£13.24/kg,2.25,,
Sainsbury's Local,"Crisps, Snacks, Biscuits",Popcorn,Butterkist Sweet & Salty Microwave Popcorn 3 x 60g,3pk,£11.39/kg,2.05,,
Sainsbury's Local,"Crisps, Snacks, Biscuits",Popcorn,Butterkist Tasty Sweet Popcorn 100g,100g,£18.50/kg,1.85,,
Sainsbury's Local,"Crisps, Snacks, Biscuits",Popcorn,Eazy Pop Magicorn Butter Flavour Microwave Popcorn 85g,85g,£11.18/kg,0.95,,
Sainsbury's Local,"Crisps, Snacks, Biscuits",Popcorn,Eazy Pop Magicorn Salted Microwave Popcorn 85g,85g,£12.35/kg,1.05,,
Sainsbury's Local,"Crisps, Snacks, Biscuits",Popcorn,Propercorn Sweet & Salty Popcorn 30g,30g,£50.00/kg,1.50,,
Sainsbury's Local,"Crisps, Snacks, Biscuits",Popcorn,Propercorn Sweet & Salty Popcorn 90g,90g,£25.00/kg,2.25,,
Sainsbury's Local,"Crisps, Snacks, Biscuits",Popcorn,Sainsbury's Summer Caramel Popcorn Clusters 155g,155g,£25.81/kg,4.00,,
Sainsbury's Local,"Crisps, Snacks, Biscuits",Protein Bars,Barebells Protein Bar Caramel Cashew 55g,55g,£61.82/kg,3.40,,
Sainsbury's Local,"Crisps, Snacks, Biscuits",Protein Bars,Barebells Protein Bar Cookies & Cream 55g,55g,£61.82/kg,3.40,,
Sainsbury's Local,"Crisps, Snacks, Biscuits",Protein Bars,Barebells Protein Bar Hazelnut & Nougat 55g,55g,£61.82/kg,3.40,,
Sainsbury's Local,"Crisps, Snacks, Biscuits",Protein Bars,Eat Natural Protein Peanuts & Dark Chocolate Fruit & Nut Bars 3 x 40g,3pk,£30.42/kg,3.65,,
Sainsbury's Local,"Crisps, Snacks, Biscuits",Protein Bars,Eat Natural Protein Peanuts & Dark Chocolate Fruit & Nut Bars 40g,40g,£36.25/kg,1.45,,
Sainsbury's Local,"Crisps, Snacks, Biscuits",Protein Bars,Graze Cocoa Vanilla Oat Boosts 50g,50g,£26.00/kg,1.30,,
Sainsbury's Local,"Crisps, Snacks, Biscuits",Protein Bars,Grenade Caramel Chaos Caramel Flavour 60g,60g,£56.67/kg,3.40,,
Sainsbury's Local,"Crisps, Snacks, Biscuits",Protein Bars,Grenade Chocolate Chip Cookie Dough Flavour 60g,60g,£56.67/kg,3.40,,
Sainsbury's Local,"Crisps, Snacks, Biscuits",Protein Bars,Grenade Chocolate Chip Salted Caramel Flavour 35g,35g,£68.57/kg,2.40,,
Sainsbury's Local,"Crisps, Snacks, Biscuits",Protein Bars,Grenade Chocolate Chip Salted Caramel Flavour 60g,60g,£54.17/kg,3.25,,
Sainsbury's Local,"Crisps, Snacks, Biscuits",Protein Bars,Grenade Jaffa Quake Chocolate Orange Flavour 60g,60g,£56.67/kg,3.40,,
Sainsbury's Local,"Crisps, Snacks, Biscuits",Protein Bars,Grenade Oreo 35g,35g,£68.57/kg,2.40,,
Sainsbury's Local,"Crisps, Snacks, Biscuits",Protein Bars,Grenade Oreo White 35g,35g,£68.57/kg,2.40,,
Sainsbury's Local,"Crisps, Snacks, Biscuits",Protein Bars,Grenade Peanut Nutter Peanut Flavour 60g,60g,£56.67/kg,3.40,,
Sainsbury's Local,"Crisps, Snacks, Biscuits",Protein Bars,Grenade White Chocolate Cookie Flavour 60g,60g,£56.67/kg,3.40,,
Sainsbury's Local,"Crisps, Snacks, Biscuits",Protein Bars,Grenade White Chocolate Salted Peanut Flavour 35g,35g,£68.57/kg,2.40,,
Sainsbury's Local,"Crisps, Snacks, Biscuits",Protein Bars,Kind Protein Caramel Nut 50g,50g,£53.00/kg,2.65,,
Sainsbury's Local,"Crisps, Snacks, Biscuits",Protein Bars,Kind Protein Crunchy Peanut Butter 50g,50g,£53.00/kg,2.65,,
Sainsbury's Local,"Crisps, Snacks, Biscuits",Protein Bars,Kind Protein Dark Chocolate Nut 50g,50g,£53.00/kg,2.65,,
Sainsbury's Local,"Crisps, Snacks, Biscuits",Protein Bars,Kind Protein Hazelnut Dark Chocolate 50g,50g,£53.00/kg,2.65,,
Sainsbury's Local,"Crisps, Snacks, Biscuits",Protein Bars,Misfits Brownie Batter Flavour Plant-Based Protein Bar 50g,50g,£47.00/kg,2.35,,
Sainsbury's Local,"Crisps, Snacks, Biscuits",Protein Bars,Misfits Cookie Butter Flavour Plant-Based Protein Bar 50g,50g,£47.00/kg,2.35,,
Sainsbury's Local,"Crisps, Snacks, Biscuits",Protein Bars,Myprotein Layered Bar Chocolate Peanut Pretzel Flavour 60g,60g,£49.17/kg,2.95,,
Sainsbury's Local,"Crisps, Snacks, Biscuits",Protein Bars,Nature Valley Protein Peanut & Chocolate 40g,40g,£30.00/kg,1.20,,
Sainsbury's Local,"Crisps, Snacks, Biscuits",Protein Bars,Nature Valley Protein Peanut & Chocolate Bars 4 x 40g (160g),4pk,£3.91/kg,2.50,3.30,£0.80 off
Sainsbury's Local,"Crisps, Snacks, Biscuits",Protein Bars,Nature Valley Protein Salted Caramel Nut 40g,40g,£30.00/kg,1.20,,
Sainsbury's Local,"Crisps, Snacks, Biscuits",Protein Bars,Nākd Cocoa Hazelnut Protein Bar 45g,45g,£38.89/kg,1.75,,
Sainsbury's Local,"Crisps, Snacks, Biscuits",Protein Bars,Nākd Cocoa Hazelnut Protein Bars 3 x 45g,3pk,£29.63/kg,4.00,,
Sainsbury's Local,"Crisps, Snacks, Biscuits",Protein Bars,Nākd Peanut Butter Protein Bar 45g,45g,£38.89/kg,1.75,,
Sainsbury's Local,"Crisps, Snacks, Biscuits",Protein Bars,PhD Smart Bar Chocolate Brownie Flavour 64g,64g,£42.19/kg,2.70,,
Sainsbury's Local,"Crisps, Snacks, Biscuits",Protein Bars,PhD Smart Dark Choc Raspberry Flavour Bar 64g,64g,£42.19/kg,2.70,,
Sainsbury's Local,"Crisps, Snacks, Biscuits",Protein Bars,PhD Smart White Choc Blondie Flavour Bar 64g,64g,£42.19/kg,2.70,,
Sainsbury's Local,"Crisps, Snacks, Biscuits",Protein Bars,Trek Cocoa Oat Protein Flapjacks Bars 3 x 50g,3pk,£26.33/kg,3.95,,
Sainsbury's Local,"Crisps, Snacks, Biscuits",Protein Bars,Trek Lotus Biscoff Bars 3 x 44g,3pk,£45.45/kg,6.00,,
Sainsbury's Local,"Crisps, Snacks, Biscuits",Protein Bars,Trek Peanut Butter Protein Flapjack 50g,50g,£39.00/kg,1.95,,
Sainsbury's Local,"Crisps, Snacks, Biscuits",Protein Bars,Trek Protein Flapjacks 3 x 50g,3pk,£26.33/kg,3.95,,
Sainsbury's Local,"Crisps, Snacks, Biscuits",Protein Bars,Trek Salted Caramel Protein Flapjacks Bars 3 x 50g,3pk,£26.33/kg,3.95,,
Sainsbury's Local,"Crisps, Snacks, Biscuits",Protein Bars,Trek White Choc & Raspberry Protein Flapjack 50g,50g,£39.00/kg,1.95,,
Sainsbury's Local,"Crisps, Snacks, Biscuits",Protein Bars,Tribe White Choc Protein Flapjack 50g,50g,£41.00/kg,2.05,,
Sainsbury's Local,"Crisps, Snacks, Biscuits",Rice & Corn Cakes,Kallo Organic Lightly Salted Wholegrain Rice Cakes 130g,130g,£16.92/kg,2.20,,
Sainsbury's Local,"Crisps, Snacks, Biscuits",Rice & Corn Cakes,Sainsbury's Milk Chocolate Rice Cakes 4 x 37.5g (150g),4pk,£18.33/kg,2.75,,
Sainsbury's Local,"Crisps, Snacks, Biscuits",Rice & Corn Cakes,Sainsbury's On the Go Dark Chocolate Corn Thins 32.5g,33g,£36.36/kg,1.20,,
Sainsbury's Local,"Crisps, Snacks, Biscuits",Rice & Corn Cakes,Sainsbury's On the Go Milk Chocolate Rice Cakes 37.5g,38g,£31.58/kg,1.20,,
Sainsbury's Local,"Crisps, Snacks, Biscuits",Rice & Corn Cakes,Snack a Jacks Jumbo Caramel Sharing Rice Cake Crisps 159g,159g,£20.13/kg,3.20,,
Sainsbury's Local,"Crisps, Snacks, Biscuits",Rice & Corn Cakes,The Snack Organisation Sweet Chilli Rice Crackers 100g,100g,£14.00/kg,1.40,,
Sainsbury's Local,"Crisps, Snacks, Biscuits",Sharing Crisps,Cofresh Bombay Mix Savoury Indian Snack 325g,325g,£4.62/kg,1.50,,
Sainsbury's Local,"Crisps, Snacks, Biscuits",Sharing Crisps,Cofresh Chilli & Lemon Grills Flavoured Potato Snack 80g,80g,£14.38/kg,1.15,,
Sainsbury's Local,"Crisps, Snacks, Biscuits",Sharing Crisps,Cofresh London Mix Savoury Indian Snack 325g,325g,£4.62/kg,1.50,,
Sainsbury's Local,"Crisps, Snacks, Biscuits",Sharing Crisps,Eat Real Lentil Chips 95g,95g,£17.37/kg,1.65,2.50,£0.85 off
Sainsbury's Local,"Crisps, Snacks, Biscuits",Sharing Crisps,Kettle Lightly Salted Potato Chips 130g,130g,£23.08/kg,3.00,,
Sainsbury's Local,"Crisps, Snacks, Biscuits",Sharing Crisps,Kettle Mature Cheddar & Red Onion Potato Chips 130g,130g,£21.15/kg,2.75,,
Sainsbury's Local,"Crisps, Snacks, Biscuits",Sharing Crisps,Kettle Sea Salt & Balsamic Vinegar of Modena Potato Chips 130g,130g,£22.69/kg,2.95,,
Sainsbury's Local,"Crisps, Snacks, Biscuits",Sharing Crisps,Kettle Sea Salt & Crushed Black Peppercorns Potato Chips 130g,130g,£23.08/kg,3.00,,
Sainsbury's Local,"Crisps, Snacks, Biscuits",Sharing Crisps,Kettle Sweet Chilli & Sour Cream Potato Chips 130g,130g,£22.69/kg,2.95,,
Sainsbury's Local,"Crisps, Snacks, Biscuits",Sharing Crisps,Kurkure Masala Munch Sharing Snacks Crisps 100g,100g,£16.00/kg,1.60,,
Sainsbury's Local,"Crisps, Snacks, Biscuits",Sharing Crisps,Old El Paso Original Tortilla Nachips 185g,185g,£15.41/kg,2.85,,
Sainsbury's Local,"Crisps, Snacks, Biscuits",Sharing Crisps,Osem Bamba Peanut Puffs 100g,100g,£27.50/kg,2.75,,
Sainsbury's Local,"Crisps, Snacks, Biscuits",Sharing Crisps,PROPERCHIPS Sea Salt Lentil Chips 85g,85g,£32.35/kg,2.75,,
Sainsbury's Local,"Crisps, Snacks, Biscuits",Sharing Crisps,Pringles Cheese & Onion 165g,165g,£16.67/kg,2.75,,
Sainsbury's Local,"Crisps, Snacks, Biscuits",Sharing Crisps,Pringles Cheese & Onion Crisps Can 165g,165g,£16.67/kg,2.75,,
Sainsbury's Local,"Crisps, Snacks, Biscuits",Sharing Crisps,Pringles Original 165g,165g,£16.67/kg,2.75,,
Sainsbury's Local,"Crisps, Snacks, Biscuits",Sharing Crisps,Pringles Prawn Cocktail Flavour 165g,165g,£16.67/kg,2.75,,
Sainsbury's Local,"Crisps, Snacks, Biscuits",Sharing Crisps,Pringles Prawn Cocktail Flavour Sharing Crisps 165g,165g,£16.67/kg,2.75,,
Sainsbury's Local,"Crisps, Snacks, Biscuits",Sharing Crisps,Pringles Salt & Vinegar 165g,165g,£19.09/kg,3.15,,
Sainsbury's Local,"Crisps, Snacks, Biscuits",Sharing Crisps,Pringles Salt & Vinegar 200g,200g,£16.50/kg,3.30,,
Sainsbury's Local,"Crisps, Snacks, Biscuits",Sharing Crisps,Pringles Sour Cream & Onion 165g,165g,£16.67/kg,2.75,,
Sainsbury's Local,"Crisps, Snacks, Biscuits",Sharing Crisps,Pringles Sour Cream & Onion 200g,200g,£16.50/kg,3.30,,
Sainsbury's Local,"Crisps, Snacks, Biscuits",Sharing Crisps,Pringles Texas BBQ Sauce 165g,165g,£18.48/kg,3.05,,
Sainsbury's Local,"Crisps, Snacks, Biscuits",Sharing Crisps,Pringles Texas BBQ Sauce 200g,200g,£16.50/kg,3.30,,
Sainsbury's Local,"Crisps, Snacks, Biscuits",Sharing Crisps,Proper Chips Barbecue Lentil Chips 85g,85g,£32.35/kg,2.75,,
Sainsbury's Local,"Crisps, Snacks, Biscuits",Sharing Crisps,Sainsbury's Bacon Crispies 140g,140g,£10.36/kg,1.45,,
Sainsbury's Local,"Crisps, Snacks, Biscuits",Sharing Crisps,"Sainsbury's Gourmet Sea Salt Crisps, Taste the Difference 150g",150g,£11.67/kg,1.75,,
Sainsbury's Local,"Crisps, Snacks, Biscuits",Sharing Crisps,Sainsbury's Onion Rings 125g,125g,£11.20/kg,1.40,,
Sainsbury's Local,"Crisps, Snacks, Biscuits",Sharing Crisps,Sainsbury's Salt & Vinegar Crunchy Sticks 140g,140g,£10.00/kg,1.40,,
Sainsbury's Local,"Crisps, Snacks, Biscuits",Sharing Crisps,"Sainsbury's Sea Salt & Cider Vinegar Crisps, Taste the Difference 150g",150g,£11.67/kg,1.75,,
Sainsbury's Local,"Crisps, Snacks, Biscuits",Sharing Crisps,"Sainsbury's Thai Sweet Chilli Crisps, Taste The Difference 150g",150g,£11.67/kg,1.75,,
Sainsbury's Local,"Crisps, Snacks, Biscuits",Sharing Crisps,Tyrrells Lightly Sea Salted 150g,150g,£21.00/kg,3.15,,
Sainsbury's Local,"Crisps, Snacks, Biscuits",Sharing Crisps,Tyrrells Mature Cheddar & Chive Hand-Cooked English Crisps 150g,150g,£21.00/kg,3.15,,
Sainsbury's Local,"Crisps, Snacks, Biscuits",Sharing Crisps,Tyrrells Sea Salt & Cider Vinegar Hand-Cooked English Crisps 150g,150g,£21.00/kg,3.15,,
Sainsbury's Local,"Crisps, Snacks, Biscuits",Sharing Crisps,Tyrrells Sweet Chilli & Red Pepper 150g,150g,£21.00/kg,3.15,,
Sainsbury's Local,"Crisps, Snacks, Biscuits",Sharing Crisps,Walkers Max Punchy Paprika Sharing Crisps 140g,140g,£19.64/kg,2.75,,
Sainsbury's Local,"Crisps, Snacks, Biscuits",Sharing Crisps,Walkers Monster Munch Snacks Giants Pickled Onion Sharing Crisps 85g,85g,£33.53/kg,2.85,,
Sainsbury's Local,"Crisps, Snacks, Biscuits",Sharing Crisps,Walkers Sensations Balsamic Vinegar & Caramelised Onion Sharing Crisps 150g,150g,£21.00/kg,3.15,,
Sainsbury's Local,"Crisps, Snacks, Biscuits",Sharing Crisps,Walkers Sensations Roasted Chicken & Thyme Sharing Crisps 150g,150g,£18.33/kg,2.75,,
Sainsbury's Local,"Crisps, Snacks, Biscuits",Sharing Crisps,Walkers Sensations Thai Sweet Chilli Sharing Bag Crisps 150g,150g,£21.00/kg,3.15,,
Sainsbury's Local,"Crisps, Snacks, Biscuits",Sharing Crisps,Wotsits Giants Really Cheesy Sharing Cheese Snacks Crisps 130g,130g,£24.62/kg,3.20,,
Sainsbury's Local,"Crisps, Snacks, Biscuits",Single Crisps,Bear Fruit Gently Baked Coconut Chips 25g,25g,£60.00/kg,1.50,,
Sainsbury's Local,"Crisps, Snacks, Biscuits",Single Crisps,Doritos Cool Original Crisps Grab Bag Tortilla Chips 44g,44g,£31.82/kg,1.40,,
Sainsbury's Local,"Crisps, Snacks, Biscuits",Single Crisps,Hula Hoops Big Hoops Iconic Barbecue Beef Flavour 45g,45g,£30.00/kg,1.35,,
Sainsbury's Local,"Crisps, Snacks, Biscuits",Single Crisps,Hula Hoops Big Hoops Irresistibly Salted 45g,45g,£30.00/kg,1.35,,
Sainsbury's Local,"Crisps, Snacks, Biscuits",Single Crisps,Hula Hoops Big Hoops Sharp Salt & Vinegar Flavour 45g,45g,£30.00/kg,1.35,,
Sainsbury's Local,"Crisps, Snacks, Biscuits",Single Crisps,Love Corn Sea Salt Delicious Crunchy Corn 45g,45g,£26.67/kg,1.20,,
Sainsbury's Local,"Crisps, Snacks, Biscuits",Single Crisps,McCoy's Ridge Cut Cheddar & Onion Flavour Potato Crisps 45g,45g,£30.00/kg,1.35,,
Sainsbury's Local,"Crisps, Snacks, Biscuits",Single Crisps,McCoy's Ridge Cut Flame Grilled Steak Flavour Potato Crisps 45g,45g,£30.00/kg,1.35,,
Sainsbury's Local,"Crisps, Snacks, Biscuits",Single Crisps,McCoy's Ridge Cut Salt & Malt Vinegar Flavour Potato Crisps 45g,45g,£30.00/kg,1.35,,
Sainsbury's Local,"Crisps, Snacks, Biscuits",Single Crisps,McCoy's Ridge Cut Thai Sweet Chicken Flavour Potato Crisps 45g,45g,£30.00/kg,1.35,,
Sainsbury's Local,"Crisps, Snacks, Biscuits",Single Crisps,Osem Bamba Peanut Butter Puffs 25g,25g,£42.00/kg,1.05,,
Sainsbury's Local,"Crisps, Snacks, Biscuits",Single Crisps,Osem Bissli BBQ Flavoured Wheat Snacks 70g,70g,£21.43/kg,1.50,,
Sainsbury's Local,"Crisps, Snacks, Biscuits",Single Crisps,Pringles Original 40g,40g,£33.75/kg,1.35,,
Sainsbury's Local,"Crisps, Snacks, Biscuits",Single Crisps,Pringles Sour Cream & Onion 40g,40g,£33.75/kg,1.35,,
Sainsbury's Local,"Crisps, Snacks, Biscuits",Single Crisps,SUN Bites Sweet Chilli High Fibre Snacks Grab Bag Crisps 28g,28g,£53.57/kg,1.50,,
Sainsbury's Local,"Crisps, Snacks, Biscuits",Single Crisps,Skips Prawn Cocktail Flavour 35g,35g,£38.57/kg,1.35,,
Sainsbury's Local,"Crisps, Snacks, Biscuits",Single Crisps,Walkers Baked Snacks Sea Salt Grab Bag Crisps 37.5g,37.5g,£40.00/kg,1.50,,
Sainsbury's Local,"Crisps, Snacks, Biscuits",Single Crisps,Walkers Cheese & Onion Grab Bag Crisps 45g,45g,£33.33/kg,1.50,,
Sainsbury's Local,"Crisps, Snacks, Biscuits",Single Crisps,Walkers Monster Munch Pickled Onion Snacks Grab Bag Crisps 40g,40g,£37.50/kg,1.50,,
Sainsbury's Local,"Crisps, Snacks, Biscuits",Single Crisps,Walkers Prawn Cocktail Grab Bag Crisps 45g,45g,£33.33/kg,1.50,,
Sainsbury's Local,"Crisps, Snacks, Biscuits",Single Crisps,Walkers Quavers Cheese Snacks Grab Bag Crisps 34g,34g,£44.12/kg,1.50,,
Sainsbury's Local,"Crisps, Snacks, Biscuits",Single Crisps,Walkers Ready Salted Grab Bag Crisps 45g,45g,£33.33/kg,1.50,,
Sainsbury's Local,"Crisps, Snacks, Biscuits",Single Crisps,Walkers Roast Chicken Grab Bag Crisps 45g,45g,£33.33/kg,1.50,,
Sainsbury's Local,"Crisps, Snacks, Biscuits",Single Crisps,Walkers Salt & Vinegar Grab Bag Crisps 45g,45g,£33.33/kg,1.50,,
Sainsbury's Local,"Crisps, Snacks, Biscuits",Single Crisps,Walkers Sensations Thai Sweet Chilli Grab Bag Crisps 40g,40g,£37.50/kg,1.50,,
Sainsbury's Local,"Crisps, Snacks, Biscuits",Single Crisps,Walkers Smoky Bacon Grab Bag Crisps 45g,45g,£33.33/kg,1.50,,
Sainsbury's Local,"Crisps, Snacks, Biscuits",Single Crisps,Walkers Squares Salt & Vinegar Snacks Grab Bag Crisps 40g,40g,£37.50/kg,1.50,,
Sainsbury's Local,"Crisps, Snacks, Biscuits",Single Crisps,Walkers Wotsits Really Cheesy Snacks Grab Bag Cheese Crisps 36g,36g,£41.67/kg,1.50,,
Sainsbury's Local,"Crisps, Snacks, Biscuits",Summer Snacking,Butterkist Crunchy Toffee Popcorn 170g,170g,£13.24/kg,2.25,,
Sainsbury's Local,"Crisps, Snacks, Biscuits",Summer Snacking,Butterkist Tasty Sweet Popcorn 100g,100g,£18.50/kg,1.85,,
Sainsbury's Local,"Crisps, Snacks, Biscuits",Summer Snacking,Cheez-It Snap'D Double Cheese Baked Snacks 150g,150g,£21.00/kg,3.15,,
Sainsbury's Local,"Crisps, Snacks, Biscuits",Summer Snacking,Doritos Dip or Load Salted Tortilla Chips Sharing Crisps 230g,230g,£13.91/kg,3.20,,
Sainsbury's Local,"Crisps, Snacks, Biscuits",Summer Snacking,Fox's Favourites Crunch Creams Golden 200g,200g,£8.75/kg,1.75,,
Sainsbury's Local,"Crisps, Snacks, Biscuits",Summer Snacking,Fox's Milk Chocolate Viennese 120g,120g,£24.17/kg,2.90,,
Sainsbury's Local,"Crisps, Snacks, Biscuits",Summer Snacking,Jacob's Mature Cheddar & Caramelised Onion Flavour Bites 125g,125g,£22.00/kg,2.75,,
Sainsbury's Local,"Crisps, Snacks, Biscuits",Summer Snacking,KP Original Salted Peanuts 250g,250g,£14.00/kg,3.50,,
Sainsbury's Local,"Crisps, Snacks, Biscuits",Summer Snacking,PROPERCHIPS Sea Salt Lentil Chips 85g,85g,£32.35/kg,2.75,,
Sainsbury's Local,"Crisps, Snacks, Biscuits",Summer Snacking,Pringles Original 165g,165g,£16.67/kg,2.75,,
Sainsbury's Local,"Crisps, Snacks, Biscuits",Summer Snacking,Pringles Sour Cream & Onion 165g,165g,£16.67/kg,2.75,,
Sainsbury's Local,"Crisps, Snacks, Biscuits",Summer Snacking,Propercorn Sweet & Salty Popcorn 90g,90g,£25.00/kg,2.25,,
Sainsbury's Local,"Crisps, Snacks, Biscuits",Summer Snacking,Sainsbury's Bacon Crispies 140g,140g,£10.36/kg,1.45,,
Sainsbury's Local,"Crisps, Snacks, Biscuits",Summer Snacking,"Sainsbury's Gourmet Sea Salt Crisps, Taste the Difference 150g",150g,£11.67/kg,1.75,,
Sainsbury's Local,"Crisps, Snacks, Biscuits",Summer Snacking,Sainsbury's Onion Rings 125g,125g,£11.20/kg,1.40,,
Sainsbury's Local,"Crisps, Snacks, Biscuits",Summer Snacking,Sainsbury's Roasted & Salted Pistachios 150g,150g,£21.67/kg,3.25,,
Sainsbury's Local,"Crisps, Snacks, Biscuits",Summer Snacking,"Sainsbury's Sea Salt & Cider Vinegar Crisps, Taste the Difference 150g",150g,£11.67/kg,1.75,,
Sainsbury's Local,"Crisps, Snacks, Biscuits",Summer Snacking,Tyrrells Lightly Sea Salted 150g,150g,£21.00/kg,3.15,,
Sainsbury's Local,"Crisps, Snacks, Biscuits",Summer Snacking,Tyrrells Sweet Chilli & Red Pepper 150g,150g,£21.00/kg,3.15,,
Sainsbury's Local,"Crisps, Snacks, Biscuits",Summer Snacking,Walkers Sensations Roasted Chicken & Thyme Sharing Crisps 150g,150g,£18.33/kg,2.75,,
Sainsbury's Local,"Crisps, Snacks, Biscuits",Summer Snacking,Walkers Sensations Thai Sweet Chilli Coated Sharing Peanuts 150g,150g,£25.33/kg,3.80,,
Sainsbury's Local,"Crisps, Snacks, Biscuits",Summer Snacking,Wotsits Giants Really Cheesy Sharing Cheese Snacks Crisps 130g,130g,£24.62/kg,3.20,,
Sainsbury's Local,"Crisps, Snacks, Biscuits",Tortilla Chips,Doritos Chilli Heatwave Crisps Grab Bag Tortilla Chips 44g,44g,£31.82/kg,1.40,,
Sainsbury's Local,"Crisps, Snacks, Biscuits",Tortilla Chips,Doritos Chilli Heatwave Tortilla Chips Sharing Crisps 180g,180g,£10.28/kg,1.85,2.75,£0.90 off
Sainsbury's Local,"Crisps, Snacks, Biscuits",Tortilla Chips,Doritos Cool Original Tortilla Chips Sharing Crisps 180g,180g,£10.28/kg,1.85,2.75,£0.90 off
Sainsbury's Local,"Crisps, Snacks, Biscuits",Tortilla Chips,Doritos Dip or Load Salted Tortilla Chips Sharing Crisps 230g,230g,£13.91/kg,3.20,,
Sainsbury's Local,"Crisps, Snacks, Biscuits",Tortilla Chips,Doritos Tangy Cheese Crisps Grab Bag Tortilla Chips 44g,44g,£31.82/kg,1.40,,
Sainsbury's Local,"Crisps, Snacks, Biscuits",Tortilla Chips,Doritos Tangy Cheese Tortilla Chips Sharing Crisps 180g,180g,£10.28/kg,1.85,2.75,£0.90 off
Sainsbury's Local,"Deli, Dips, Food To Go",Antipasti & Dips,Cauldron Middle Eastern Falafels 200g,200g,£15.00/kg,3.00,,
Sainsbury's Local,"Deli, Dips, Food To Go",Antipasti & Dips,Holy Moly Guacamole 150g,150g,£16.67/kg,2.50,,
Sainsbury's Local,"Deli, Dips, Food To Go",Antipasti & Dips,Holy Moly Guacamole Chip & Dip 76g,76g,£24.34/kg,1.85,,
Sainsbury's Local,"Deli, Dips, Food To Go",Antipasti & Dips,Karyatis Roasted Red Peppers 450g,450g,£8.33/kg,3.75,,
Sainsbury's Local,"Deli, Dips, Food To Go",Antipasti & Dips,Old El Paso Chunky Salsa 238g,238g,£14.08/kg,3.35,,
Sainsbury's Local,"Deli, Dips, Food To Go",Antipasti & Dips,Old El Paso Soured Cream 230g,230g,£14.57/kg,3.35,,
Sainsbury's Local,"Deli, Dips, Food To Go",Antipasti & Dips,Old El Paso Squeezy Chunky Guacamole 240g,240g,£13.96/kg,3.35,,
Sainsbury's Local,"Deli, Dips, Food To Go",Antipasti & Dips,Sainsbury's Carrot and Houmous 100g,100g,£17.50/kg,1.75,,
Sainsbury's Local,"Deli, Dips, Food To Go",Antipasti & Dips,"Sainsbury's Feta Dip with Mint Oil, Taste the Difference 170g",170g,£21.76/kg,3.70,,3 for £10
Sainsbury's Local,"Deli, Dips, Food To Go",Antipasti & Dips,Sainsbury's Houmous 200g,200g,£6.50/kg,1.30,,
Sainsbury's Local,"Deli, Dips, Food To Go",Antipasti & Dips,Sainsbury's Mild Salsa 200g,200g,£5.00/kg,1.00,,
Sainsbury's Local,"Deli, Dips, Food To Go",Antipasti & Dips,"Sainsbury's Roasted Garlic Aioli, Limited Edition, Taste the Difference 170g",170g,£21.76/kg,3.70,,3 for £10
Sainsbury's Local,"Deli, Dips, Food To Go",Antipasti & Dips,Sainsbury's Roasted Red Pepper Houmous 200g,200g,£7.25/kg,1.45,,
Sainsbury's Local,"Deli, Dips, Food To Go",Antipasti & Dips,Sainsbury's Soured Cream & Chive Dip 200g,200g,£7.25/kg,1.45,,
Sainsbury's Local,"Deli, Dips, Food To Go",Antipasti & Dips,Sainsbury's Takeaway Dip Duo 80g (2 x 40g),2pk,£25.00/kg,2.00,,
Sainsbury's Local,"Deli, Dips, Food To Go",Antipasti & Dips,Sainsbury's Takeaway Garlic & Herb Dip 90g,90g,£22.22/kg,2.00,,
Sainsbury's Local,"Deli, Dips, Food To Go",Antipasti & Dips,Sainsbury's Takeaway Mozzarella Sticks Sides 240g,240g,£15.83/kg,3.80,,
Sainsbury's Local,"Deli, Dips, Food To Go",Antipasti & Dips,Sainsbury's Taste the Difference Extra Smooth Houmous 170g,170g,£20.59/kg,3.50,,3 for £10
Sainsbury's Local,"Deli, Dips, Food To Go",Antipasti & Dips,Sainsbury's Taste the Difference Extra Thick Tzatziki 170g,170g,£21.76/kg,3.70,,3 for £10
Sainsbury's Local,"Deli, Dips, Food To Go",Antipasti & Dips,Sainsbury's Taste the Difference Italian Chargrilled Artichokes 140g,140g,£35.71/kg,5.00,,3 for £10
Sainsbury's Local,"Deli, Dips, Food To Go",Antipasti & Dips,Sainsbury's Taste the Difference Spinach & Feta Parcels 140g,140g,£33.57/kg,4.70,,3 for £10
Sainsbury's Local,"Deli, Dips, Food To Go",Antipasti & Dips,Sainsbury's Taste the Difference Sunsoaked Tomatoes 230g,230g,£21.74/kg,5.00,,3 for £10
Sainsbury's Local,"Deli, Dips, Food To Go",Antipasti & Dips,Sainsbury's Taste the Difference Sweet Potato Falafels 144g,144g,£32.64/kg,4.70,,3 for £10
Sainsbury's Local,"Deli, Dips, Food To Go",Antipasti & Dips,Unearthed Spanish Potato Tortilla 250g,250g,£15.60/kg,3.90,,
Sainsbury's Local,"Deli, Dips, Food To Go",Antipasti & Dips,Unearthed Spanish Spinach Tortilla 250g,250g,£15.60/kg,3.90,,
Sainsbury's Local,"Deli, Dips, Food To Go",Cooked Meats,Fridge Raiders Slow Roasted Chicken Bites 70g,70g,£26.43/kg,1.85,,
Sainsbury's Local,"Deli, Dips, Food To Go",Cooked Meats,Fridge Raiders Southern Style Chicken Bites 45g,45g,£32.22/kg,1.45,,
Sainsbury's Local,"Deli, Dips, Food To Go",Cooked Meats,Sainsbury's 2 Scotch Eggs 226g,226g,£8.63/kg,1.95,,
Sainsbury's Local,"Deli, Dips, Food To Go",Cooked Meats,Sainsbury's 20 Pork Cocktail Sausages 200g,200g,£10.25/kg,2.05,,
Sainsbury's Local,"Deli, Dips, Food To Go",Cooked Meats,Sainsbury's British Cooked Chicken Breast Slices x10 115g,115g,£12.17/kg,1.40,,
Sainsbury's Local,"Deli, Dips, Food To Go",Cooked Meats,Sainsbury's Brussels Pate 170g,170g,£10.00/kg,1.70,,
Sainsbury's Local,"Deli, Dips, Food To Go",Cooked Meats,Sainsbury's Chargrilled British Chicken Breast Chunks 80g,80g,£21.25/kg,1.70,,
Sainsbury's Local,"Deli, Dips, Food To Go",Cooked Meats,Sainsbury's Chargrilled British Chicken Breast Mini Fillets 170g,170g,£27.35/kg,4.65,,
Sainsbury's Local,"Deli, Dips, Food To Go",Cooked Meats,Sainsbury's Chargrilled British Chicken Breast Slices 180g,180g,£25.00/kg,4.50,,
Sainsbury's Local,"Deli, Dips, Food To Go",Cooked Meats,Sainsbury's Chargrilled Salt & Chilli Chicken 60g,60g,£29.17/kg,1.75,,
Sainsbury's Local,"Deli, Dips, Food To Go",Cooked Meats,Sainsbury's Roast 2 British Chicken Breast Fillets 240g,240g,£20.63/kg,4.95,,
Sainsbury's Local,"Deli, Dips, Food To Go",Cooked Meats,Sainsbury's Roast British Chicken Breast Slices 180g,180g,£25.00/kg,4.50,,
Sainsbury's Local,"Deli, Dips, Food To Go",Cooked Meats,Sainsbury's Roast British Chicken Thighs 450g,450g,£10.00/kg,4.50,,
Sainsbury's Local,"Deli, Dips, Food To Go",Cooked Meats,Sainsbury's Scotch Egg 113g,113g,£14.60/kg,1.65,,
Sainsbury's Local,"Deli, Dips, Food To Go",Cooked Meats,Sainsbury's Sweet Chilli British Chicken Breast Slices 180g,180g,£25.00/kg,4.50,,
Sainsbury's Local,"Deli, Dips, Food To Go",Cooked Meats,Sainsbury's Taste the Difference 2 Scotch Eggs 260g,260g,£17.69/kg,4.60,,3 for £10
Sainsbury's Local,"Deli, Dips, Food To Go",Cooked Meats,Taste Original Chicken Satay Skewers + Sweet Chilli Dip 55g,55g,£33.64/kg,1.85,,
Sainsbury's Local,"Deli, Dips, Food To Go",Cooked Meats,Taste Original Chicken Satay Skewers 96g,96g,£31.25/kg,3.00,,
Sainsbury's Local,"Deli, Dips, Food To Go","Deli, Dips, Food To Go",Cauldron Middle Eastern Falafels 200g,200g,£15.00/kg,3.00,,
Sainsbury's Local,"Deli, Dips, Food To Go","Deli, Dips, Food To Go",Coco di Mama Chicken Caesar & Bacon On Sourdough,1pk,£5.45 each,5.45,,
Sainsbury's Local,"Deli, Dips, Food To Go","Deli, Dips, Food To Go",Coco di Mama Lemon Chicken Grain Bowl 230g,230g,£21.52/kg,4.95,,
Sainsbury's Local,"Deli, Dips, Food To Go","Deli, Dips, Food To Go",Coco di Mama Pesto Chicken & Mozzarella on Sourdough Ciabatta,1pk,£4.95 each,4.95,,
Sainsbury's Local,"Deli, Dips, Food To Go","Deli, Dips, Food To Go",Coco di Mama Pesto Chicken Balance Bowl 248g,248g,£19.96/kg,4.95,,
Sainsbury's Local,"Deli, Dips, Food To Go","Deli, Dips, Food To Go",Coco di Mama Pesto Mozzarella Caprese on Seeded Sourdough,1pk,£4.95 each,4.95,,
Sainsbury's Local,"Deli, Dips, Food To Go","Deli, Dips, Food To Go",Coco di Mama Salami Milano & Cheese On Sourdough,1pk,£5.45 each,5.45,,
Sainsbury's Local,"Deli, Dips, Food To Go","Deli, Dips, Food To Go",Coco di Mama Spicy Chicken Milanese & Mozzarella On Sourdough,1pk,£5.45 each,5.45,,
Sainsbury's Local,"Deli, Dips, Food To Go","Deli, Dips, Food To Go",DDs Sliced Egg Sandwich,1pk,£3.85 each,3.85,,
Sainsbury's Local,"Deli, Dips, Food To Go","Deli, Dips, Food To Go",Deli Express British Drury Lane Cooked Ham Slices x4 150g,150g,£24.67/kg,3.70,,2 for £6
Sainsbury's Local,"Deli, Dips, Food To Go","Deli, Dips, Food To Go",Fridge Raiders Slow Roasted Chicken Bites 70g,70g,£26.43/kg,1.85,,
Sainsbury's Local,"Deli, Dips, Food To Go","Deli, Dips, Food To Go",Fridge Raiders Southern Style Chicken Bites 45g,45g,£32.22/kg,1.45,,
Sainsbury's Local,"Deli, Dips, Food To Go","Deli, Dips, Food To Go",Ginsters Cornish Pasty Original 227g,227g,£13.88/kg,3.15,,
Sainsbury's Local,"Deli, Dips, Food To Go","Deli, Dips, Food To Go",Ginsters Peppered Steak Slice 170g,170g,£14.71/kg,2.50,,
Sainsbury's Local,"Deli, Dips, Food To Go","Deli, Dips, Food To Go",Higgidy Beechwood Smoked Ham Hock & Mature Cheddar Sausage Rolls 54g,54g,£31.48/kg,1.70,,
Sainsbury's Local,"Deli, Dips, Food To Go","Deli, Dips, Food To Go",Higgidy Extra Mature Cheddar & Caramelised Onion Chutney Rolls 54g,54g,£31.48/kg,1.70,,
Sainsbury's Local,"Deli, Dips, Food To Go","Deli, Dips, Food To Go","Higgidy Spinach, Red Pepper & Greek Feta Quiche 400g",400g,£13.25/kg,5.30,,
Sainsbury's Local,"Deli, Dips, Food To Go","Deli, Dips, Food To Go",Higgidy Whipped Greek Feta & Roasted Tomato Quiche 155g,155g,£24.19/kg,3.75,,
Sainsbury's Local,"Deli, Dips, Food To Go","Deli, Dips, Food To Go",Holy Moly Guacamole 150g,150g,£16.67/kg,2.50,,
Sainsbury's Local,"Deli, Dips, Food To Go","Deli, Dips, Food To Go",Holy Moly Guacamole Chip & Dip 76g,76g,£24.34/kg,1.85,,
Sainsbury's Local,"Deli, Dips, Food To Go","Deli, Dips, Food To Go",Island Delight Vegetable Pattie 140g,140g,£11.79/kg,1.65,,
Sainsbury's Local,"Deli, Dips, Food To Go","Deli, Dips, Food To Go",Karyatis Roasted Red Peppers 450g,450g,£8.33/kg,3.75,,
Sainsbury's Local,"Deli, Dips, Food To Go","Deli, Dips, Food To Go",New Covent Garden Soup Co. Classic Chicken 560g,560g,£5.54/kg,3.10,,
Sainsbury's Local,"Deli, Dips, Food To Go","Deli, Dips, Food To Go",Old El Paso Chunky Salsa 238g,238g,£14.08/kg,3.35,,
Sainsbury's Local,"Deli, Dips, Food To Go","Deli, Dips, Food To Go",Old El Paso Soured Cream 230g,230g,£14.57/kg,3.35,,
Sainsbury's Local,"Deli, Dips, Food To Go","Deli, Dips, Food To Go",Old El Paso Squeezy Chunky Guacamole 240g,240g,£13.96/kg,3.35,,
Sainsbury's Local,"Deli, Dips, Food To Go","Deli, Dips, Food To Go",Pollen + Grace Mezze Houmous + Rainbow Veg Grain Bowl 275g,275g,£19.64/kg,5.40,,
Sainsbury's Local,"Deli, Dips, Food To Go","Deli, Dips, Food To Go",Pukka All Steak,233g,£13.09/kg,3.05,,
Sainsbury's Local,"Deli, Dips, Food To Go","Deli, Dips, Food To Go",Quorn 3 Sausage Rolls 210g,210g,£18.57/kg,3.90,,
Sainsbury's Local,"Deli, Dips, Food To Go","Deli, Dips, Food To Go",Sainsbury's 15 Spanish Chorizo Slices 75g,75g,£21.33/kg,1.60,,
Sainsbury's Local,"Deli, Dips, Food To Go","Deli, Dips, Food To Go",Sainsbury's 2 Pork Sausage Rolls 120g,120g,£5.42/kg,0.65,,
Sainsbury's Local,"Deli, Dips, Food To Go","Deli, Dips, Food To Go",Sainsbury's 2 Scotch Eggs 226g,226g,£8.63/kg,1.95,,
Sainsbury's Local,"Deli, Dips, Food To Go","Deli, Dips, Food To Go",Sainsbury's 20 Pork Cocktail Sausages 200g,200g,£10.25/kg,2.05,,
Sainsbury's Local,"Deli, Dips, Food To Go","Deli, Dips, Food To Go",Sainsbury's 6 Breaded Cooked Ham Slices 120g,120g,£20.00/kg,2.40,,
Sainsbury's Local,"Deli, Dips, Food To Go","Deli, Dips, Food To Go",Sainsbury's 6 Honey Roast Ham Slices 120g,120g,£20.00/kg,2.40,,
Sainsbury's Local,"Deli, Dips, Food To Go","Deli, Dips, Food To Go",Sainsbury's 6 Mini Melton Mowbray Pork Pies 300g,6pk,£1.81/kg,3.25,,
Sainsbury's Local,"Deli, Dips, Food To Go","Deli, Dips, Food To Go",Sainsbury's All Day Breakfast Sandwich,1pk,£3.65 each,3.65,,
Sainsbury's Local,"Deli, Dips, Food To Go","Deli, Dips, Food To Go",Sainsbury's Apple & Caramel 110g,110g,£14.55/kg,1.60,,
Sainsbury's Local,"Deli, Dips, Food To Go","Deli, Dips, Food To Go",Sainsbury's Apple & Grape 130g,130g,£15.00/kg,1.95,,
Sainsbury's Local,"Deli, Dips, Food To Go","Deli, Dips, Food To Go",Sainsbury's Bacon & Free Range Egg on Malted Bread,1pk,£3.60 each,3.60,,
Sainsbury's Local,"Deli, Dips, Food To Go","Deli, Dips, Food To Go",Sainsbury's Beef & Horseradish with Rocket on White Bread,1pk,£4.05 each,4.05,,
Sainsbury's Local,"Deli, Dips, Food To Go","Deli, Dips, Food To Go",Sainsbury's Berry Fruit Salad 240g,240g,£13.54/kg,3.25,,
Sainsbury's Local,"Deli, Dips, Food To Go","Deli, Dips, Food To Go","Sainsbury's Bloody Mary Marie Rose Prawn Sandwich, Taste the Difference",1pk,£5.50 each,5.50,,
Sainsbury's Local,"Deli, Dips, Food To Go","Deli, Dips, Food To Go","Sainsbury's Brie, Bacon & Chilli Chutney on Malted Bread",1pk,£3.75 each,3.75,,
Sainsbury's Local,"Deli, Dips, Food To Go","Deli, Dips, Food To Go",Sainsbury's British Cooked Chicken Breast Slices x10 115g,115g,£12.17/kg,1.40,,
Sainsbury's Local,"Deli, Dips, Food To Go","Deli, Dips, Food To Go",Sainsbury's Brussels Pate 170g,170g,£10.00/kg,1.70,,
Sainsbury's Local,"Deli, Dips, Food To Go","Deli, Dips, Food To Go",Sainsbury's Buffalo Chicken,1pk,£3.50 each,3.50,,
Sainsbury's Local,"Deli, Dips, Food To Go","Deli, Dips, Food To Go",Sainsbury's Caesar Salad 265g,265g,£9.25/kg,2.45,,
Sainsbury's Local,"Deli, Dips, Food To Go","Deli, Dips, Food To Go",Sainsbury's Carrot and Houmous 100g,100g,£17.50/kg,1.75,,
Sainsbury's Local,"Deli, Dips, Food To Go","Deli, Dips, Food To Go",Sainsbury's Chargrilled British Chicken Breast Chunks 80g,80g,£21.25/kg,1.70,,
Sainsbury's Local,"Deli, Dips, Food To Go","Deli, Dips, Food To Go",Sainsbury's Chargrilled British Chicken Breast Mini Fillets 170g,170g,£27.35/kg,4.65,,
Sainsbury's Local,"Deli, Dips, Food To Go","Deli, Dips, Food To Go",Sainsbury's Chargrilled British Chicken Breast Slices 180g,180g,£25.00/kg,4.50,,
Sainsbury's Local,"Deli, Dips, Food To Go","Deli, Dips, Food To Go",Sainsbury's Chargrilled Salt & Chilli Chicken 60g,60g,£29.17/kg,1.75,,
Sainsbury's Local,"Deli, Dips, Food To Go","Deli, Dips, Food To Go",Sainsbury's Cheese & Red Onion on Oatmeal Bread,1pk,£2.10 each,2.10,,
Sainsbury's Local,"Deli, Dips, Food To Go","Deli, Dips, Food To Go",Sainsbury's Chicken & Bacon Caesar,1pk,£3.90 each,3.90,,
Sainsbury's Local,"Deli, Dips, Food To Go","Deli, Dips, Food To Go",Sainsbury's Chicken & Bacon Pasta 280g,280g,£13.57/kg,3.80,,
Sainsbury's Local,"Deli, Dips, Food To Go","Deli, Dips, Food To Go",Sainsbury's Chicken & Chorizo With Lemon and Paprika Mayonnaise,1pk,£3.70 each,3.70,,
Sainsbury's Local,"Deli, Dips, Food To Go","Deli, Dips, Food To Go",Sainsbury's Chicken & Maple Cured Bacon Sandwich,1pk,£3.60 each,3.60,,
Sainsbury's Local,"Deli, Dips, Food To Go","Deli, Dips, Food To Go",Sainsbury's Chicken & Sweetcorn with Black Pepper Mayo on Malted Bread,1pk,£2.75 each,2.75,,
Sainsbury's Local,"Deli, Dips, Food To Go","Deli, Dips, Food To Go",Sainsbury's Chicken & Vegetable Broth 600g,600g,£3.00/kg,1.80,,
Sainsbury's Local,"Deli, Dips, Food To Go","Deli, Dips, Food To Go",Sainsbury's Chicken Caesar Salad 180g,180g,£21.67/kg,3.90,,
Sainsbury's Local,"Deli, Dips, Food To Go","Deli, Dips, Food To Go",Sainsbury's Chicken Salad Sandwich,1pk,£3.65 each,3.65,,
Sainsbury's Local,"Deli, Dips, Food To Go","Deli, Dips, Food To Go",Sainsbury's Chicken Sushi Selection,120g,£27.50/kg,3.30,,
Sainsbury's Local,"Deli, Dips, Food To Go","Deli, Dips, Food To Go",Sainsbury's Chicken with Sage & Onion Stuffing on White Bread,1pk,£3.70 each,3.70,,
Sainsbury's Local,"Deli, Dips, Food To Go","Deli, Dips, Food To Go",Sainsbury's Classic Salad 175g,175g,£10.86/kg,1.90,,
Sainsbury's Local,"Deli, Dips, Food To Go","Deli, Dips, Food To Go","Sainsbury's Classic Triple Chicken & Bacon, Egg & Cress and Smoked Ham & Cheddar",1pk,£4.00 each,4.00,,
Sainsbury's Local,"Deli, Dips, Food To Go","Deli, Dips, Food To Go",Sainsbury's Coronation Chicken with Apricots & Sultanas,1pk,£3.80 each,3.80,,
Sainsbury's Local,"Deli, Dips, Food To Go","Deli, Dips, Food To Go",Sainsbury's Crunchy Traditional Coleslaw 300g,300g,£5.50/kg,1.65,,
Sainsbury's Local,"Deli, Dips, Food To Go","Deli, Dips, Food To Go",Sainsbury's Fajita Halloumi,1pk,£3.50 each,3.50,,
Sainsbury's Local,"Deli, Dips, Food To Go","Deli, Dips, Food To Go",Sainsbury's Falafel & Houmous,1pk,£3.70 each,3.70,,
Sainsbury's Local,"Deli, Dips, Food To Go","Deli, Dips, Food To Go","Sainsbury's Feta Dip with Mint Oil, Taste the Difference 170g",170g,£21.76/kg,3.70,,3 for £10
Sainsbury's Local,"Deli, Dips, Food To Go","Deli, Dips, Food To Go",Sainsbury's Fish Sushi Selection,117g,£28.21/kg,3.30,,
Sainsbury's Local,"Deli, Dips, Food To Go","Deli, Dips, Food To Go",Sainsbury's Free From Chicken Katsu,1pk,£3.60 each,3.60,,
Sainsbury's Local,"Deli, Dips, Food To Go","Deli, Dips, Food To Go",Sainsbury's Free From Egg & Cress,1pk,£4.45 each,4.45,,
Sainsbury's Local,"Deli, Dips, Food To Go","Deli, Dips, Food To Go",Sainsbury's Free Range Egg & Cress on Malted Bread,1pk,£2.10 each,2.10,,
Sainsbury's Local,"Deli, Dips, Food To Go","Deli, Dips, Food To Go",Sainsbury's Greek Style Salad 145g,145g,£25.52/kg,3.70,,
Sainsbury's Local,"Deli, Dips, Food To Go","Deli, Dips, Food To Go","Sainsbury's Halloumi, Roast Vegetable & Pesto Wrap, Taste the Difference",1pk,£5.25 each,5.25,,
Sainsbury's Local,"Deli, Dips, Food To Go","Deli, Dips, Food To Go",Sainsbury's Ham & Cheese on a Semolina Topped Roll,1pk,£3.75 each,3.75,,
Sainsbury's Local,"Deli, Dips, Food To Go","Deli, Dips, Food To Go",Sainsbury's Heart Support Miso Salmon 280g,280g,£17.68/kg,4.95,,
Sainsbury's Local,"Deli, Dips, Food To Go","Deli, Dips, Food To Go",Sainsbury's Hoisin Duck,1pk,£3.90 each,3.90,,
Sainsbury's Local,"Deli, Dips, Food To Go","Deli, Dips, Food To Go",Sainsbury's Houmous 200g,200g,£6.50/kg,1.30,,
Sainsbury's Local,"Deli, Dips, Food To Go","Deli, Dips, Food To Go",Sainsbury's Italian Antipasto Selection 120g,120g,£33.75/kg,4.05,,
Sainsbury's Local,"Deli, Dips, Food To Go","Deli, Dips, Food To Go",Sainsbury's Italian Milano Salami Slices x10 53g,53g,£25.47/kg,1.35,,
Sainsbury's Local,"Deli, Dips, Food To Go","Deli, Dips, Food To Go",Sainsbury's Italian Prosciutto Crudo x9 120g,120g,£18.75/kg,2.25,,
Sainsbury's Local,"Deli, Dips, Food To Go","Deli, Dips, Food To Go",Sainsbury's Lentil Dhal Soup 600g,600g,£3.00/kg,1.80,,
Sainsbury's Local,"Deli, Dips, Food To Go","Deli, Dips, Food To Go",Sainsbury's Limited Edition Chicken Parmesan,1pk,£3.90 each,3.90,,
Sainsbury's Local,"Deli, Dips, Food To Go","Deli, Dips, Food To Go",Sainsbury's Mango 250g,250g,£13.80/kg,3.45,,
Sainsbury's Local,"Deli, Dips, Food To Go","Deli, Dips, Food To Go","Sainsbury's Maple Cured Bacon, Lettuce & Tomato Sandwich",1pk,£3.60 each,3.60,,
Sainsbury's Local,"Deli, Dips, Food To Go","Deli, Dips, Food To Go",Sainsbury's Melon 160g,160g,£12.19/kg,1.95,,
Sainsbury's Local,"Deli, Dips, Food To Go","Deli, Dips, Food To Go",Sainsbury's Melton Mowbray Pork Pie 145g,145g,£13.10/kg,1.90,,
Sainsbury's Local,"Deli, Dips, Food To Go","Deli, Dips, Food To Go",Sainsbury's Mild Salsa 200g,200g,£5.00/kg,1.00,,
Sainsbury's Local,"Deli, Dips, Food To Go","Deli, Dips, Food To Go",Sainsbury's Mini Pork Pies 100g,100g,£16.00/kg,1.60,,
Sainsbury's Local,"Deli, Dips, Food To Go","Deli, Dips, Food To Go","Sainsbury's Mozzarella, Tomato & Basil Pesto",1pk,£3.70 each,3.70,,
Sainsbury's Local,"Deli, Dips, Food To Go","Deli, Dips, Food To Go","Sainsbury's New Yorker Sandwich, Taste the Difference",1pk,£5.50 each,5.50,,
Sainsbury's Local,"Deli, Dips, Food To Go","Deli, Dips, Food To Go",Sainsbury's No Mayo Cheddar Cheese on White Bread,1pk,£1.95 each,1.95,,
Sainsbury's Local,"Deli, Dips, Food To Go","Deli, Dips, Food To Go",Sainsbury's No Mayo Ham on White Bread,1pk,£1.95 each,1.95,,
Sainsbury's Local,"Deli, Dips, Food To Go","Deli, Dips, Food To Go","Sainsbury's On the Go Apple, Grape & Strawberry 135g",135g,£14.44/kg,1.95,,
Sainsbury's Local,"Deli, Dips, Food To Go","Deli, Dips, Food To Go",Sainsbury's On the Go Cheese & Tomato Pasta 300g,300g,£8.17/kg,2.45,,
Sainsbury's Local,"Deli, Dips, Food To Go","Deli, Dips, Food To Go",Sainsbury's On the Go Pineapple 160g,160g,£12.19/kg,1.95,,
Sainsbury's Local,"Deli, Dips, Food To Go","Deli, Dips, Food To Go",Sainsbury's On the Go Watermelon 160g,160g,£12.19/kg,1.95,,
Sainsbury's Local,"Deli, Dips, Food To Go","Deli, Dips, Food To Go",Sainsbury's Pineapple & Mango 160g,160g,£12.19/kg,1.95,,
Sainsbury's Local,"Deli, Dips, Food To Go","Deli, Dips, Food To Go",Sainsbury's Pineapple 300g,300g,£10.83/kg,3.25,,
Sainsbury's Local,"Deli, Dips, Food To Go","Deli, Dips, Food To Go",Sainsbury's Pineapple 500g,500g,£7.50/kg,3.75,,
Sainsbury's Local,"Deli, Dips, Food To Go","Deli, Dips, Food To Go",Sainsbury's Pitted Black Olives 340g (150g*),340g,£5.44/kg,1.85,,
Sainsbury's Local,"Deli, Dips, Food To Go","Deli, Dips, Food To Go",Sainsbury's Pitted Green Olives 340g (150g*),340g,£5.44/kg,1.85,,
Sainsbury's Local,"Deli, Dips, Food To Go","Deli, Dips, Food To Go",Sainsbury's Pitted Mixed Olives & Greek Feta 160g,160g,£22.81/kg,3.65,,
Sainsbury's Local,"Deli, Dips, Food To Go","Deli, Dips, Food To Go","Sainsbury's Plant Pioneers VLT La Vie Vegan Bacon, Lettuce & Tomato with Vegan Baconaise",1pk,£3.80 each,3.80,,
Sainsbury's Local,"Deli, Dips, Food To Go","Deli, Dips, Food To Go",Sainsbury's Pomegranate 240g,240g,£14.79/kg,3.55,,
Sainsbury's Local,"Deli, Dips, Food To Go","Deli, Dips, Food To Go",Sainsbury's Pomegranate 80g,80g,£23.75/kg,1.90,,
Sainsbury's Local,"Deli, Dips, Food To Go","Deli, Dips, Food To Go",Sainsbury's Prawn Layer Salad,300g,£12.33/kg,3.70,,
Sainsbury's Local,"Deli, Dips, Food To Go","Deli, Dips, Food To Go",Sainsbury's Prawn Mayo Sandwich,1pk,£3.55 each,3.55,,
Sainsbury's Local,"Deli, Dips, Food To Go","Deli, Dips, Food To Go",Sainsbury's Quiche Lorraine 170g,170g,£12.06/kg,2.05,,
Sainsbury's Local,"Deli, Dips, Food To Go","Deli, Dips, Food To Go",Sainsbury's Rainbow Fruit Salad 450g,450g,£12.56/kg,5.65,,
Sainsbury's Local,"Deli, Dips, Food To Go","Deli, Dips, Food To Go",Sainsbury's Rainbow Salad Bowl 175g,175g,£10.86/kg,1.90,,
Sainsbury's Local,"Deli, Dips, Food To Go","Deli, Dips, Food To Go",Sainsbury's Red Leicester Ploughmans Sandwich,1pk,£3.65 each,3.65,,
Sainsbury's Local,"Deli, Dips, Food To Go","Deli, Dips, Food To Go",Sainsbury's Roast 2 British Chicken Breast Fillets 240g,240g,£20.63/kg,4.95,,
Sainsbury's Local,"Deli, Dips, Food To Go","Deli, Dips, Food To Go",Sainsbury's Roast British Chicken Breast Slices 180g,180g,£25.00/kg,4.50,,
Sainsbury's Local,"Deli, Dips, Food To Go","Deli, Dips, Food To Go",Sainsbury's Roast British Chicken Thighs 450g,450g,£10.00/kg,4.50,,
Sainsbury's Local,"Deli, Dips, Food To Go","Deli, Dips, Food To Go","Sainsbury's Roasted Garlic Aioli, Limited Edition, Taste the Difference 170g",170g,£21.76/kg,3.70,,3 for £10
Sainsbury's Local,"Deli, Dips, Food To Go","Deli, Dips, Food To Go",Sainsbury's Roasted Red Pepper Houmous 200g,200g,£7.25/kg,1.45,,
Sainsbury's Local,"Deli, Dips, Food To Go","Deli, Dips, Food To Go",Sainsbury's Salmon & Edamame Dragon Roll,173g,£21.68/kg,3.75,,
Sainsbury's Local,"Deli, Dips, Food To Go","Deli, Dips, Food To Go",Sainsbury's Salt & Pepper Chicken Dragon Roll,175g,£21.43/kg,3.75,,
Sainsbury's Local,"Deli, Dips, Food To Go","Deli, Dips, Food To Go",Sainsbury's Sausage Roll 90g,90g,£17.22/kg,1.55,,
Sainsbury's Local,"Deli, Dips, Food To Go","Deli, Dips, Food To Go",Sainsbury's Scotch Egg 113g,113g,£14.60/kg,1.65,,
Sainsbury's Local,"Deli, Dips, Food To Go","Deli, Dips, Food To Go",Sainsbury's Skin Support Feta & Beetroot 285g,285g,£17.37/kg,4.95,,
Sainsbury's Local,"Deli, Dips, Food To Go","Deli, Dips, Food To Go",Sainsbury's Slow Cooked Smoky BBQ Pulled Pork 280g,280g,£14.29/kg,4.00,,
Sainsbury's Local,"Deli, Dips, Food To Go","Deli, Dips, Food To Go",Sainsbury's Smoked Ham & Cheddar on Malted Bread,1pk,£3.65 each,3.65,,
Sainsbury's Local,"Deli, Dips, Food To Go","Deli, Dips, Food To Go",Sainsbury's Smoked Salmon & Cream Cheese on Oatmeal Bread,1pk,£4.05 each,4.05,,
Sainsbury's Local,"Deli, Dips, Food To Go","Deli, Dips, Food To Go",Sainsbury's Soured Cream & Chive Dip 200g,200g,£7.25/kg,1.45,,
Sainsbury's Local,"Deli, Dips, Food To Go","Deli, Dips, Food To Go",Sainsbury's Southern Fried Chicken,1pk,£3.90 each,3.90,,
Sainsbury's Local,"Deli, Dips, Food To Go","Deli, Dips, Food To Go",Sainsbury's Southern Fried Chicken Pasta 300g,300g,£12.67/kg,3.80,,
Sainsbury's Local,"Deli, Dips, Food To Go","Deli, Dips, Food To Go",Sainsbury's Spanish Spicy Chorizo Ring 225g,225g,£16.44/kg,3.70,,2 for £6
Sainsbury's Local,"Deli, Dips, Food To Go","Deli, Dips, Food To Go",Sainsbury's Spicy Tomato Lentil & Red Pepper Soup 600g,600g,£3.00/kg,1.80,,
Sainsbury's Local,"Deli, Dips, Food To Go","Deli, Dips, Food To Go",Sainsbury's Spicy Vegetable Dragon Roll,164g,£22.87/kg,3.75,,
Sainsbury's Local,"Deli, Dips, Food To Go","Deli, Dips, Food To Go",Sainsbury's Summer Spicy Chicken Club,1pk,£3.65 each,3.65,,
Sainsbury's Local,"Deli, Dips, Food To Go","Deli, Dips, Food To Go",Sainsbury's Sweet Chilli British Chicken Breast Slices 180g,180g,£25.00/kg,4.50,,
Sainsbury's Local,"Deli, Dips, Food To Go","Deli, Dips, Food To Go","Sainsbury's Tabbouleh with Herb Roasted Garlic & Lemon Dressing, Taste the Difference 200g",200g,£18.75/kg,3.75,,3 for £10
Sainsbury's Local,"Deli, Dips, Food To Go","Deli, Dips, Food To Go",Sainsbury's Takeaway Dip Duo 80g (2 x 40g),2pk,£25.00/kg,2.00,,
Sainsbury's Local,"Deli, Dips, Food To Go","Deli, Dips, Food To Go",Sainsbury's Takeaway Garlic & Herb Dip 90g,90g,£22.22/kg,2.00,,
Sainsbury's Local,"Deli, Dips, Food To Go","Deli, Dips, Food To Go",Sainsbury's Takeaway Mozzarella Sticks Sides 240g,240g,£15.83/kg,3.80,,
Sainsbury's Local,"Deli, Dips, Food To Go","Deli, Dips, Food To Go",Sainsbury's Taste The Difference Pork Sausage Rolls 188g,188g,£24.73/kg,4.65,,3 for £10
Sainsbury's Local,"Deli, Dips, Food To Go","Deli, Dips, Food To Go",Sainsbury's Taste the Difference 2 Scotch Eggs 260g,260g,£17.69/kg,4.60,,3 for £10
Sainsbury's Local,"Deli, Dips, Food To Go","Deli, Dips, Food To Go",Sainsbury's Taste the Difference Coleslaw 180g,180g,£8.89/kg,1.60,,
Sainsbury's Local,"Deli, Dips, Food To Go","Deli, Dips, Food To Go",Sainsbury's Taste the Difference Coleslaw 300g,300g,£7.00/kg,2.10,,
Sainsbury's Local,"Deli, Dips, Food To Go","Deli, Dips, Food To Go",Sainsbury's Taste the Difference Continental Snack Platter 135g,135g,£27.78/kg,3.75,,3 for £10
Sainsbury's Local,"Deli, Dips, Food To Go","Deli, Dips, Food To Go",Sainsbury's Taste the Difference Double Stuffed Halkidiki Olives 160g,160g,£29.38/kg,4.70,,3 for £10
Sainsbury's Local,"Deli, Dips, Food To Go","Deli, Dips, Food To Go",Sainsbury's Taste the Difference Extra Mature Cheddar & Cherrywood Smoked Bacon Quiche Lorraine 400g,400g,£14.50/kg,5.80,,3 for £10
Sainsbury's Local,"Deli, Dips, Food To Go","Deli, Dips, Food To Go",Sainsbury's Taste the Difference Extra Smooth Houmous 170g,170g,£20.59/kg,3.50,,3 for £10
Sainsbury's Local,"Deli, Dips, Food To Go","Deli, Dips, Food To Go",Sainsbury's Taste the Difference Extra Thick Tzatziki 170g,170g,£21.76/kg,3.70,,3 for £10
Sainsbury's Local,"Deli, Dips, Food To Go","Deli, Dips, Food To Go",Sainsbury's Taste the Difference Giant Couscous & Feta Salad 220g,220g,£17.05/kg,3.75,,3 for £10
Sainsbury's Local,"Deli, Dips, Food To Go","Deli, Dips, Food To Go",Sainsbury's Taste the Difference Ham Hock & Mature Cheddar,1pk,£5.50 each,5.50,,
Sainsbury's Local,"Deli, Dips, Food To Go","Deli, Dips, Food To Go",Sainsbury's Taste the Difference Italian Chargrilled Artichokes 140g,140g,£35.71/kg,5.00,,3 for £10
Sainsbury's Local,"Deli, Dips, Food To Go","Deli, Dips, Food To Go",Sainsbury's Taste the Difference Limited Edition 'Nduja Chicken & Bacon Caesar Tortilla Wrap,1pk,£5.15 each,5.15,,
Sainsbury's Local,"Deli, Dips, Food To Go","Deli, Dips, Food To Go",Sainsbury's Taste the Difference Limited Edition Chicken Caprese Pesto Tortilla Wrap,1pk,£4.95 each,4.95,,
Sainsbury's Local,"Deli, Dips, Food To Go","Deli, Dips, Food To Go",Sainsbury's Taste the Difference Limited Edition Chilli Cheese & Chorizo,1pk,£4.95 each,4.95,,
Sainsbury's Local,"Deli, Dips, Food To Go","Deli, Dips, Food To Go",Sainsbury's Taste the Difference Mediterranean Olive Trio 160g,160g,£28.13/kg,4.50,,3 for £10
Sainsbury's Local,"Deli, Dips, Food To Go","Deli, Dips, Food To Go",Sainsbury's Taste the Difference Nocellara Del Belice Olives 160g,160g,£29.38/kg,4.70,,3 for £10
Sainsbury's Local,"Deli, Dips, Food To Go","Deli, Dips, Food To Go",Sainsbury's Taste the Difference Potato Salad 300g,300g,£10.33/kg,3.10,,
Sainsbury's Local,"Deli, Dips, Food To Go","Deli, Dips, Food To Go",Sainsbury's Taste the Difference Spinach & Feta Parcels 140g,140g,£33.57/kg,4.70,,3 for £10
Sainsbury's Local,"Deli, Dips, Food To Go","Deli, Dips, Food To Go",Sainsbury's Taste the Difference Sunsoaked Tomatoes 230g,230g,£21.74/kg,5.00,,3 for £10
Sainsbury's Local,"Deli, Dips, Food To Go","Deli, Dips, Food To Go",Sainsbury's Taste the Difference Sweet Potato Falafels 144g,144g,£32.64/kg,4.70,,3 for £10
Sainsbury's Local,"Deli, Dips, Food To Go","Deli, Dips, Food To Go",Sainsbury's Tomato & Basil Soup 600g,600g,£3.00/kg,1.80,,
Sainsbury's Local,"Deli, Dips, Food To Go","Deli, Dips, Food To Go",Sainsbury's Tuna & Sweetcorn on Malted Bread,1pk,£2.75 each,2.75,,
Sainsbury's Local,"Deli, Dips, Food To Go","Deli, Dips, Food To Go",Sainsbury's Tuna Mayo on Oatmeal Bread,1pk,£2.10 each,2.10,,
Sainsbury's Local,"Deli, Dips, Food To Go","Deli, Dips, Food To Go",Sainsbury's Vegetable Sushi Selection,115g,£28.70/kg,3.30,,
Sainsbury's Local,"Deli, Dips, Food To Go","Deli, Dips, Food To Go",Sainsbury's Wafer Thin Brunswick Ham Slices 125g,125g,£22.40/kg,2.80,,
Sainsbury's Local,"Deli, Dips, Food To Go","Deli, Dips, Food To Go",Sainsbury's Watermelon 300g,300g,£10.83/kg,3.25,,
Sainsbury's Local,"Deli, Dips, Food To Go","Deli, Dips, Food To Go",Sainsbury's Watermelon Fingers 540g,540g,£9.81/kg,5.30,,
Sainsbury's Local,"Deli, Dips, Food To Go","Deli, Dips, Food To Go",Sainsbury's Wrap-Trick,1pk,£3.80 each,3.80,,
Sainsbury's Local,"Deli, Dips, Food To Go","Deli, Dips, Food To Go",Sainsbury’s Melon 500g,500g,£9.40/kg,4.70,,
Sainsbury's Local,"Deli, Dips, Food To Go","Deli, Dips, Food To Go",Taste Original Chicken Satay Skewers + Sweet Chilli Dip 55g,55g,£33.64/kg,1.85,,
Sainsbury's Local,"Deli, Dips, Food To Go","Deli, Dips, Food To Go",Taste Original Chicken Satay Skewers 96g,96g,£31.25/kg,3.00,,
Sainsbury's Local,"Deli, Dips, Food To Go","Deli, Dips, Food To Go",Tootoomoo Egg & Chive Sando,1pk,£4.95 each,4.95,,
Sainsbury's Local,"Deli, Dips, Food To Go","Deli, Dips, Food To Go",Unearthed Spanish Potato Tortilla 250g,250g,£15.60/kg,3.90,,
Sainsbury's Local,"Deli, Dips, Food To Go","Deli, Dips, Food To Go",Unearthed Spanish Spinach Tortilla 250g,250g,£15.60/kg,3.90,,
Sainsbury's Local,"Deli, Dips, Food To Go","Deli, Dips, Food To Go",Yo! Chicken Katsu Dragon Rolls 209g,209g,£26.32/kg,5.50,,
Sainsbury's Local,"Deli, Dips, Food To Go","Deli, Dips, Food To Go",Yo! Crispy Salmon Dragon Rolls 202g,202g,£27.23/kg,5.50,,
Sainsbury's Local,"Deli, Dips, Food To Go","Deli, Dips, Food To Go",Yo! Rainbow Salmon Poke 283g,283g,£19.43/kg,5.50,,
Sainsbury's Local,"Deli, Dips, Food To Go","Deli, Dips, Food To Go",Yo! Spicy Chicken Dragon Rolls 215g,215g,£25.58/kg,5.50,,
Sainsbury's Local,"Deli, Dips, Food To Go","Deli, Dips, Food To Go",Yo! Veggie Selection 226g,226g,£24.34/kg,5.50,,
Sainsbury's Local,"Deli, Dips, Food To Go",Ham,Deli Express British Drury Lane Cooked Ham Slices x4 150g,150g,£24.67/kg,3.70,,2 for £6
Sainsbury's Local,"Deli, Dips, Food To Go",Ham,Sainsbury's 6 Breaded Cooked Ham Slices 120g,120g,£20.00/kg,2.40,,
Sainsbury's Local,"Deli, Dips, Food To Go",Ham,Sainsbury's 6 Honey Roast Ham Slices 120g,120g,£20.00/kg,2.40,,
Sainsbury's Local,"Deli, Dips, Food To Go",Ham,Sainsbury's Slow Cooked Smoky BBQ Pulled Pork 280g,280g,£14.29/kg,4.00,,
Sainsbury's Local,"Deli, Dips, Food To Go",Ham,Sainsbury's Wafer Thin Brunswick Ham Slices 125g,125g,£22.40/kg,2.80,,
Sainsbury's Local,"Deli, Dips, Food To Go",In Store Prices,Taste Original Chicken Satay Skewers + Sweet Chilli Dip 55g,55g,£33.64/kg,1.85,,
Sainsbury's Local,"Deli, Dips, Food To Go",Midweek Meals Made Easy,Holy Moly Guacamole 150g,150g,£16.67/kg,2.50,,
Sainsbury's Local,"Deli, Dips, Food To Go",Midweek Meals Made Easy,Pukka All Steak,233g,£13.09/kg,3.05,,
Sainsbury's Local,"Deli, Dips, Food To Go",Midweek Meals Made Easy,Sainsbury's Mild Salsa 200g,200g,£5.00/kg,1.00,,
Sainsbury's Local,"Deli, Dips, Food To Go",Mornings Made Better,Sainsbury's Berry Fruit Salad 240g,240g,£13.54/kg,3.25,,
Sainsbury's Local,"Deli, Dips, Food To Go",Offers,Deli Express British Drury Lane Cooked Ham Slices x4 150g,150g,£24.67/kg,3.70,,2 for £6
Sainsbury's Local,"Deli, Dips, Food To Go",Offers,"Sainsbury's Feta Dip with Mint Oil, Taste the Difference 170g",170g,£21.76/kg,3.70,,3 for £10
Sainsbury's Local,"Deli, Dips, Food To Go",Offers,"Sainsbury's Roasted Garlic Aioli, Limited Edition, Taste the Difference 170g",170g,£21.76/kg,3.70,,3 for £10
Sainsbury's Local,"Deli, Dips, Food To Go",Offers,Sainsbury's Spanish Spicy Chorizo Ring 225g,225g,£16.44/kg,3.70,,2 for £6
Sainsbury's Local,"Deli, Dips, Food To Go",Offers,"Sainsbury's Tabbouleh with Herb Roasted Garlic & Lemon Dressing, Taste the Difference 200g",200g,£18.75/kg,3.75,,3 for £10
Sainsbury's Local,"Deli, Dips, Food To Go",Offers,Sainsbury's Taste The Difference Pork Sausage Rolls 188g,188g,£24.73/kg,4.65,,3 for £10
Sainsbury's Local,"Deli, Dips, Food To Go",Offers,Sainsbury's Taste the Difference 2 Scotch Eggs 260g,260g,£17.69/kg,4.60,,3 for £10
Sainsbury's Local,"Deli, Dips, Food To Go",Offers,Sainsbury's Taste the Difference Continental Snack Platter 135g,135g,£27.78/kg,3.75,,3 for £10
Sainsbury's Local,"Deli, Dips, Food To Go",Offers,Sainsbury's Taste the Difference Double Stuffed Halkidiki Olives 160g,160g,£29.38/kg,4.70,,3 for £10
Sainsbury's Local,"Deli, Dips, Food To Go",Offers,Sainsbury's Taste the Difference Extra Mature Cheddar & Cherrywood Smoked Bacon Quiche Lorraine 400g,400g,£14.50/kg,5.80,,3 for £10
Sainsbury's Local,"Deli, Dips, Food To Go",Offers,Sainsbury's Taste the Difference Extra Smooth Houmous 170g,170g,£20.59/kg,3.50,,3 for £10
Sainsbury's Local,"Deli, Dips, Food To Go",Offers,Sainsbury's Taste the Difference Extra Thick Tzatziki 170g,170g,£21.76/kg,3.70,,3 for £10
Sainsbury's Local,"Deli, Dips, Food To Go",Offers,Sainsbury's Taste the Difference Giant Couscous & Feta Salad 220g,220g,£17.05/kg,3.75,,3 for £10
Sainsbury's Local,"Deli, Dips, Food To Go",Offers,Sainsbury's Taste the Difference Italian Chargrilled Artichokes 140g,140g,£35.71/kg,5.00,,3 for £10
Sainsbury's Local,"Deli, Dips, Food To Go",Offers,Sainsbury's Taste the Difference Mediterranean Olive Trio 160g,160g,£28.13/kg,4.50,,3 for £10
Sainsbury's Local,"Deli, Dips, Food To Go",Offers,Sainsbury's Taste the Difference Nocellara Del Belice Olives 160g,160g,£29.38/kg,4.70,,3 for £10
Sainsbury's Local,"Deli, Dips, Food To Go",Offers,Sainsbury's Taste the Difference Spinach & Feta Parcels 140g,140g,£33.57/kg,4.70,,3 for £10
Sainsbury's Local,"Deli, Dips, Food To Go",Offers,Sainsbury's Taste the Difference Sunsoaked Tomatoes 230g,230g,£21.74/kg,5.00,,3 for £10
Sainsbury's Local,"Deli, Dips, Food To Go",Offers,Sainsbury's Taste the Difference Sweet Potato Falafels 144g,144g,£32.64/kg,4.70,,3 for £10
Sainsbury's Local,"Deli, Dips, Food To Go",Olives,Sainsbury's Pitted Black Olives 340g (150g*),340g,£5.44/kg,1.85,,
Sainsbury's Local,"Deli, Dips, Food To Go",Olives,Sainsbury's Pitted Green Olives 340g (150g*),340g,£5.44/kg,1.85,,
Sainsbury's Local,"Deli, Dips, Food To Go",Olives,Sainsbury's Pitted Mixed Olives & Greek Feta 160g,160g,£22.81/kg,3.65,,
Sainsbury's Local,"Deli, Dips, Food To Go",Olives,Sainsbury's Taste the Difference Double Stuffed Halkidiki Olives 160g,160g,£29.38/kg,4.70,,3 for £10
Sainsbury's Local,"Deli, Dips, Food To Go",Olives,Sainsbury's Taste the Difference Mediterranean Olive Trio 160g,160g,£28.13/kg,4.50,,3 for £10
Sainsbury's Local,"Deli, Dips, Food To Go",Olives,Sainsbury's Taste the Difference Nocellara Del Belice Olives 160g,160g,£29.38/kg,4.70,,3 for £10
Sainsbury's Local,"Deli, Dips, Food To Go",Packed Lunch Picks,Sainsbury's 20 Pork Cocktail Sausages 200g,200g,£10.25/kg,2.05,,
Sainsbury's Local,"Deli, Dips, Food To Go",Packed Lunch Picks,Sainsbury's Watermelon Fingers 540g,540g,£9.81/kg,5.30,,
Sainsbury's Local,"Deli, Dips, Food To Go","Pies, Quiche & Tarts","Higgidy Spinach, Red Pepper & Greek Feta Quiche 400g",400g,£13.25/kg,5.30,,
Sainsbury's Local,"Deli, Dips, Food To Go","Pies, Quiche & Tarts",Higgidy Whipped Greek Feta & Roasted Tomato Quiche 155g,155g,£24.19/kg,3.75,,
Sainsbury's Local,"Deli, Dips, Food To Go","Pies, Quiche & Tarts",Pukka All Steak,233g,£13.09/kg,3.05,,
Sainsbury's Local,"Deli, Dips, Food To Go","Pies, Quiche & Tarts",Sainsbury's 6 Mini Melton Mowbray Pork Pies 300g,6pk,£1.81/kg,3.25,,
Sainsbury's Local,"Deli, Dips, Food To Go","Pies, Quiche & Tarts",Sainsbury's Melton Mowbray Pork Pie 145g,145g,£13.10/kg,1.90,,
Sainsbury's Local,"Deli, Dips, Food To Go","Pies, Quiche & Tarts",Sainsbury's Mini Pork Pies 100g,100g,£16.00/kg,1.60,,
Sainsbury's Local,"Deli, Dips, Food To Go","Pies, Quiche & Tarts",Sainsbury's Quiche Lorraine 170g,170g,£12.06/kg,2.05,,
Sainsbury's Local,"Deli, Dips, Food To Go","Pies, Quiche & Tarts",Sainsbury's Taste the Difference Extra Mature Cheddar & Cherrywood Smoked Bacon Quiche Lorraine 400g,400g,£14.50/kg,5.80,,3 for £10
Sainsbury's Local,"Deli, Dips, Food To Go",Prepared Fruit,Sainsbury's Apple & Caramel 110g,110g,£14.55/kg,1.60,,
Sainsbury's Local,"Deli, Dips, Food To Go",Prepared Fruit,Sainsbury's Apple & Grape 130g,130g,£15.00/kg,1.95,,
Sainsbury's Local,"Deli, Dips, Food To Go",Prepared Fruit,Sainsbury's Berry Fruit Salad 240g,240g,£13.54/kg,3.25,,
Sainsbury's Local,"Deli, Dips, Food To Go",Prepared Fruit,Sainsbury's Mango 250g,250g,£13.80/kg,3.45,,
Sainsbury's Local,"Deli, Dips, Food To Go",Prepared Fruit,Sainsbury's Melon 160g,160g,£12.19/kg,1.95,,
Sainsbury's Local,"Deli, Dips, Food To Go",Prepared Fruit,"Sainsbury's On the Go Apple, Grape & Strawberry 135g",135g,£14.44/kg,1.95,,
Sainsbury's Local,"Deli, Dips, Food To Go",Prepared Fruit,Sainsbury's On the Go Pineapple 160g,160g,£12.19/kg,1.95,,
Sainsbury's Local,"Deli, Dips, Food To Go",Prepared Fruit,Sainsbury's On the Go Watermelon 160g,160g,£12.19/kg,1.95,,
Sainsbury's Local,"Deli, Dips, Food To Go",Prepared Fruit,Sainsbury's Pineapple & Mango 160g,160g,£12.19/kg,1.95,,
Sainsbury's Local,"Deli, Dips, Food To Go",Prepared Fruit,Sainsbury's Pineapple 300g,300g,£10.83/kg,3.25,,
Sainsbury's Local,"Deli, Dips, Food To Go",Prepared Fruit,Sainsbury's Pineapple 500g,500g,£7.50/kg,3.75,,
Sainsbury's Local,"Deli, Dips, Food To Go",Prepared Fruit,Sainsbury's Pomegranate 240g,240g,£14.79/kg,3.55,,
Sainsbury's Local,"Deli, Dips, Food To Go",Prepared Fruit,Sainsbury's Pomegranate 80g,80g,£23.75/kg,1.90,,
Sainsbury's Local,"Deli, Dips, Food To Go",Prepared Fruit,Sainsbury's Rainbow Fruit Salad 450g,450g,£12.56/kg,5.65,,
Sainsbury's Local,"Deli, Dips, Food To Go",Prepared Fruit,Sainsbury's Watermelon 300g,300g,£10.83/kg,3.25,,
Sainsbury's Local,"Deli, Dips, Food To Go",Prepared Fruit,Sainsbury's Watermelon Fingers 540g,540g,£9.81/kg,5.30,,
Sainsbury's Local,"Deli, Dips, Food To Go",Prepared Fruit,Sainsbury’s Melon 500g,500g,£9.40/kg,4.70,,
Sainsbury's Local,"Deli, Dips, Food To Go",Salad Bowls,Coco di Mama Lemon Chicken Grain Bowl 230g,230g,£21.52/kg,4.95,,
Sainsbury's Local,"Deli, Dips, Food To Go",Salad Bowls,Coco di Mama Pesto Chicken Balance Bowl 248g,248g,£19.96/kg,4.95,,
Sainsbury's Local,"Deli, Dips, Food To Go",Salad Bowls,Pollen + Grace Mezze Houmous + Rainbow Veg Grain Bowl 275g,275g,£19.64/kg,5.40,,
Sainsbury's Local,"Deli, Dips, Food To Go",Salad Bowls,Sainsbury's Caesar Salad 265g,265g,£9.25/kg,2.45,,
Sainsbury's Local,"Deli, Dips, Food To Go",Salad Bowls,Sainsbury's Chicken & Bacon Pasta 280g,280g,£13.57/kg,3.80,,
Sainsbury's Local,"Deli, Dips, Food To Go",Salad Bowls,Sainsbury's Chicken Caesar Salad 180g,180g,£21.67/kg,3.90,,
Sainsbury's Local,"Deli, Dips, Food To Go",Salad Bowls,Sainsbury's Classic Salad 175g,175g,£10.86/kg,1.90,,
Sainsbury's Local,"Deli, Dips, Food To Go",Salad Bowls,Sainsbury's Crunchy Traditional Coleslaw 300g,300g,£5.50/kg,1.65,,
Sainsbury's Local,"Deli, Dips, Food To Go",Salad Bowls,Sainsbury's Greek Style Salad 145g,145g,£25.52/kg,3.70,,
Sainsbury's Local,"Deli, Dips, Food To Go",Salad Bowls,Sainsbury's On the Go Cheese & Tomato Pasta 300g,300g,£8.17/kg,2.45,,
Sainsbury's Local,"Deli, Dips, Food To Go",Salad Bowls,Sainsbury's Prawn Layer Salad,300g,£12.33/kg,3.70,,
Sainsbury's Local,"Deli, Dips, Food To Go",Salad Bowls,Sainsbury's Rainbow Salad Bowl 175g,175g,£10.86/kg,1.90,,
Sainsbury's Local,"Deli, Dips, Food To Go",Salad Bowls,Sainsbury's Skin Support Feta & Beetroot 285g,285g,£17.37/kg,4.95,,
Sainsbury's Local,"Deli, Dips, Food To Go",Salad Bowls,Sainsbury's Southern Fried Chicken Pasta 300g,300g,£12.67/kg,3.80,,
Sainsbury's Local,"Deli, Dips, Food To Go",Salad Bowls,"Sainsbury's Tabbouleh with Herb Roasted Garlic & Lemon Dressing, Taste the Difference 200g",200g,£18.75/kg,3.75,,3 for £10
Sainsbury's Local,"Deli, Dips, Food To Go",Salad Bowls,Sainsbury's Taste the Difference Coleslaw 180g,180g,£8.89/kg,1.60,,
Sainsbury's Local,"Deli, Dips, Food To Go",Salad Bowls,Sainsbury's Taste the Difference Coleslaw 300g,300g,£7.00/kg,2.10,,
Sainsbury's Local,"Deli, Dips, Food To Go",Salad Bowls,Sainsbury's Taste the Difference Giant Couscous & Feta Salad 220g,220g,£17.05/kg,3.75,,3 for £10
Sainsbury's Local,"Deli, Dips, Food To Go",Salad Bowls,Sainsbury's Taste the Difference Potato Salad 300g,300g,£10.33/kg,3.10,,
Sainsbury's Local,"Deli, Dips, Food To Go",Salami & Continental Meats,Sainsbury's 15 Spanish Chorizo Slices 75g,75g,£21.33/kg,1.60,,
Sainsbury's Local,"Deli, Dips, Food To Go",Salami & Continental Meats,Sainsbury's Italian Antipasto Selection 120g,120g,£33.75/kg,4.05,,
Sainsbury's Local,"Deli, Dips, Food To Go",Salami & Continental Meats,Sainsbury's Italian Milano Salami Slices x10 53g,53g,£25.47/kg,1.35,,
Sainsbury's Local,"Deli, Dips, Food To Go",Salami & Continental Meats,Sainsbury's Italian Prosciutto Crudo x9 120g,120g,£18.75/kg,2.25,,
Sainsbury's Local,"Deli, Dips, Food To Go",Salami & Continental Meats,Sainsbury's Spanish Spicy Chorizo Ring 225g,225g,£16.44/kg,3.70,,2 for £6
Sainsbury's Local,"Deli, Dips, Food To Go",Salami & Continental Meats,Sainsbury's Taste the Difference Continental Snack Platter 135g,135g,£27.78/kg,3.75,,3 for £10
Sainsbury's Local,"Deli, Dips, Food To Go",Sandwiches & Wraps,Coco di Mama Chicken Caesar & Bacon On Sourdough,1pk,£5.45 each,5.45,,
Sainsbury's Local,"Deli, Dips, Food To Go",Sandwiches & Wraps,Coco di Mama Pesto Chicken & Mozzarella on Sourdough Ciabatta,1pk,£4.95 each,4.95,,
Sainsbury's Local,"Deli, Dips, Food To Go",Sandwiches & Wraps,Coco di Mama Pesto Mozzarella Caprese on Seeded Sourdough,1pk,£4.95 each,4.95,,
Sainsbury's Local,"Deli, Dips, Food To Go",Sandwiches & Wraps,Coco di Mama Salami Milano & Cheese On Sourdough,1pk,£5.45 each,5.45,,
Sainsbury's Local,"Deli, Dips, Food To Go",Sandwiches & Wraps,Coco di Mama Spicy Chicken Milanese & Mozzarella On Sourdough,1pk,£5.45 each,5.45,,
Sainsbury's Local,"Deli, Dips, Food To Go",Sandwiches & Wraps,DDs Sliced Egg Sandwich,1pk,£3.85 each,3.85,,
Sainsbury's Local,"Deli, Dips, Food To Go",Sandwiches & Wraps,Plant Pioneers Southern Fried No Chicken Wrap,1pk,£3.70 each,3.70,,
Sainsbury's Local,"Deli, Dips, Food To Go",Sandwiches & Wraps,Sainsbury's All Day Breakfast Sandwich,1pk,£3.65 each,3.65,,
Sainsbury's Local,"Deli, Dips, Food To Go",Sandwiches & Wraps,Sainsbury's Bacon & Free Range Egg on Malted Bread,1pk,£3.60 each,3.60,,
Sainsbury's Local,"Deli, Dips, Food To Go",Sandwiches & Wraps,Sainsbury's Beef & Horseradish with Rocket on White Bread,1pk,£4.05 each,4.05,,
Sainsbury's Local,"Deli, Dips, Food To Go",Sandwiches & Wraps,"Sainsbury's Bloody Mary Marie Rose Prawn Sandwich, Taste the Difference",1pk,£5.50 each,5.50,,
Sainsbury's Local,"Deli, Dips, Food To Go",Sandwiches & Wraps,"Sainsbury's Brie, Bacon & Chilli Chutney on Malted Bread",1pk,£3.75 each,3.75,,
Sainsbury's Local,"Deli, Dips, Food To Go",Sandwiches & Wraps,Sainsbury's Buffalo Chicken,1pk,£3.50 each,3.50,,
Sainsbury's Local,"Deli, Dips, Food To Go",Sandwiches & Wraps,Sainsbury's Cheese & Red Onion on Oatmeal Bread,1pk,£2.10 each,2.10,,
Sainsbury's Local,"Deli, Dips, Food To Go",Sandwiches & Wraps,Sainsbury's Chicken & Bacon Caesar,1pk,£3.90 each,3.90,,
Sainsbury's Local,"Deli, Dips, Food To Go",Sandwiches & Wraps,Sainsbury's Chicken & Chorizo With Lemon and Paprika Mayonnaise,1pk,£3.70 each,3.70,,
Sainsbury's Local,"Deli, Dips, Food To Go",Sandwiches & Wraps,Sainsbury's Chicken & Maple Cured Bacon Sandwich,1pk,£3.60 each,3.60,,
Sainsbury's Local,"Deli, Dips, Food To Go",Sandwiches & Wraps,Sainsbury's Chicken & Sweetcorn with Black Pepper Mayo on Malted Bread,1pk,£2.75 each,2.75,,
Sainsbury's Local,"Deli, Dips, Food To Go",Sandwiches & Wraps,Sainsbury's Chicken Salad Sandwich,1pk,£3.65 each,3.65,,
Sainsbury's Local,"Deli, Dips, Food To Go",Sandwiches & Wraps,Sainsbury's Chicken with Sage & Onion Stuffing on White Bread,1pk,£3.70 each,3.70,,
Sainsbury's Local,"Deli, Dips, Food To Go",Sandwiches & Wraps,"Sainsbury's Classic Triple Chicken & Bacon, Egg & Cress and Smoked Ham & Cheddar",1pk,£4.00 each,4.00,,
Sainsbury's Local,"Deli, Dips, Food To Go",Sandwiches & Wraps,Sainsbury's Coronation Chicken with Apricots & Sultanas,1pk,£3.80 each,3.80,,
Sainsbury's Local,"Deli, Dips, Food To Go",Sandwiches & Wraps,Sainsbury's Fajita Halloumi,1pk,£3.50 each,3.50,,
Sainsbury's Local,"Deli, Dips, Food To Go",Sandwiches & Wraps,Sainsbury's Falafel & Houmous,1pk,£3.70 each,3.70,,
Sainsbury's Local,"Deli, Dips, Food To Go",Sandwiches & Wraps,Sainsbury's Free From Chicken Katsu,1pk,£3.60 each,3.60,,
Sainsbury's Local,"Deli, Dips, Food To Go",Sandwiches & Wraps,Sainsbury's Free From Egg & Cress,1pk,£4.45 each,4.45,,
Sainsbury's Local,"Deli, Dips, Food To Go",Sandwiches & Wraps,Sainsbury's Free Range Egg & Cress on Malted Bread,1pk,£2.10 each,2.10,,
Sainsbury's Local,"Deli, Dips, Food To Go",Sandwiches & Wraps,"Sainsbury's Halloumi, Roast Vegetable & Pesto Wrap, Taste the Difference",1pk,£5.25 each,5.25,,
Sainsbury's Local,"Deli, Dips, Food To Go",Sandwiches & Wraps,Sainsbury's Ham & Cheese on a Semolina Topped Roll,1pk,£3.75 each,3.75,,
Sainsbury's Local,"Deli, Dips, Food To Go",Sandwiches & Wraps,Sainsbury's Hoisin Duck,1pk,£3.90 each,3.90,,
Sainsbury's Local,"Deli, Dips, Food To Go",Sandwiches & Wraps,Sainsbury's Limited Edition Chicken Parmesan,1pk,£3.90 each,3.90,,
Sainsbury's Local,"Deli, Dips, Food To Go",Sandwiches & Wraps,"Sainsbury's Maple Cured Bacon, Lettuce & Tomato Sandwich",1pk,£3.60 each,3.60,,
Sainsbury's Local,"Deli, Dips, Food To Go",Sandwiches & Wraps,"Sainsbury's Mozzarella, Tomato & Basil Pesto",1pk,£3.70 each,3.70,,
Sainsbury's Local,"Deli, Dips, Food To Go",Sandwiches & Wraps,"Sainsbury's New Yorker Sandwich, Taste the Difference",1pk,£5.50 each,5.50,,
Sainsbury's Local,"Deli, Dips, Food To Go",Sandwiches & Wraps,Sainsbury's No Mayo Cheddar Cheese on White Bread,1pk,£1.95 each,1.95,,
Sainsbury's Local,"Deli, Dips, Food To Go",Sandwiches & Wraps,Sainsbury's No Mayo Ham on White Bread,1pk,£1.95 each,1.95,,
Sainsbury's Local,"Deli, Dips, Food To Go",Sandwiches & Wraps,"Sainsbury's Plant Pioneers VLT La Vie Vegan Bacon, Lettuce & Tomato with Vegan Baconaise",1pk,£3.80 each,3.80,,
Sainsbury's Local,"Deli, Dips, Food To Go",Sandwiches & Wraps,Sainsbury's Prawn Mayo Sandwich,1pk,£3.55 each,3.55,,
Sainsbury's Local,"Deli, Dips, Food To Go",Sandwiches & Wraps,Sainsbury's Red Leicester Ploughmans Sandwich,1pk,£3.65 each,3.65,,
Sainsbury's Local,"Deli, Dips, Food To Go",Sandwiches & Wraps,Sainsbury's Smoked Ham & Cheddar on Malted Bread,1pk,£3.65 each,3.65,,
Sainsbury's Local,"Deli, Dips, Food To Go",Sandwiches & Wraps,Sainsbury's Smoked Salmon & Cream Cheese on Oatmeal Bread,1pk,£4.05 each,4.05,,
Sainsbury's Local,"Deli, Dips, Food To Go",Sandwiches & Wraps,Sainsbury's Southern Fried Chicken,1pk,£3.90 each,3.90,,
Sainsbury's Local,"Deli, Dips, Food To Go",Sandwiches & Wraps,Sainsbury's Summer Spicy Chicken Club,1pk,£3.65 each,3.65,,
Sainsbury's Local,"Deli, Dips, Food To Go",Sandwiches & Wraps,Sainsbury's Taste the Difference Greek Style Chicken & Tzatziki,1pk,£5.25 each,5.25,,
Sainsbury's Local,"Deli, Dips, Food To Go",Sandwiches & Wraps,Sainsbury's Taste the Difference Ham Hock & Mature Cheddar,1pk,£5.50 each,5.50,,
Sainsbury's Local,"Deli, Dips, Food To Go",Sandwiches & Wraps,Sainsbury's Taste the Difference Limited Edition 'Nduja Chicken & Bacon Caesar Tortilla Wrap,1pk,£5.15 each,5.15,,
Sainsbury's Local,"Deli, Dips, Food To Go",Sandwiches & Wraps,Sainsbury's Taste the Difference Limited Edition Chicken Caprese Pesto Tortilla Wrap,1pk,£4.95 each,4.95,,
Sainsbury's Local,"Deli, Dips, Food To Go",Sandwiches & Wraps,Sainsbury's Taste the Difference Limited Edition Chilli Cheese & Chorizo,1pk,£4.95 each,4.95,,
Sainsbury's Local,"Deli, Dips, Food To Go",Sandwiches & Wraps,Sainsbury's Taste the Difference Steak & Caramelised Onion On Onion Bread,1pk,£5.50 each,5.50,,
Sainsbury's Local,"Deli, Dips, Food To Go",Sandwiches & Wraps,Sainsbury's Tuna & Sweetcorn on Malted Bread,1pk,£2.75 each,2.75,,
Sainsbury's Local,"Deli, Dips, Food To Go",Sandwiches & Wraps,Sainsbury's Tuna Mayo on Oatmeal Bread,1pk,£2.10 each,2.10,,
Sainsbury's Local,"Deli, Dips, Food To Go",Sandwiches & Wraps,Sainsbury's Wrap-Trick,1pk,£3.80 each,3.80,,
Sainsbury's Local,"Deli, Dips, Food To Go",Sandwiches & Wraps,Tootoomoo Egg & Chive Sando,1pk,£4.95 each,4.95,,
Sainsbury's Local,"Deli, Dips, Food To Go",Sausage Rolls & Pasties,Ginsters Cornish Pasty Original 227g,227g,£13.88/kg,3.15,,
Sainsbury's Local,"Deli, Dips, Food To Go",Sausage Rolls & Pasties,Ginsters Peppered Steak Slice 170g,170g,£14.71/kg,2.50,,
Sainsbury's Local,"Deli, Dips, Food To Go",Sausage Rolls & Pasties,Higgidy Beechwood Smoked Ham Hock & Mature Cheddar Sausage Rolls 54g,54g,£31.48/kg,1.70,,
Sainsbury's Local,"Deli, Dips, Food To Go",Sausage Rolls & Pasties,Higgidy Extra Mature Cheddar & Caramelised Onion Chutney Rolls 54g,54g,£31.48/kg,1.70,,
Sainsbury's Local,"Deli, Dips, Food To Go",Sausage Rolls & Pasties,Island Delight Vegetable Pattie 140g,140g,£11.79/kg,1.65,,
Sainsbury's Local,"Deli, Dips, Food To Go",Sausage Rolls & Pasties,Quorn 3 Sausage Rolls 210g,210g,£18.57/kg,3.90,,
Sainsbury's Local,"Deli, Dips, Food To Go",Sausage Rolls & Pasties,Sainsbury's 2 Pork Sausage Rolls 120g,120g,£5.42/kg,0.65,,
Sainsbury's Local,"Deli, Dips, Food To Go",Sausage Rolls & Pasties,Sainsbury's Sausage Roll 90g,90g,£17.22/kg,1.55,,
Sainsbury's Local,"Deli, Dips, Food To Go",Sausage Rolls & Pasties,Sainsbury's Taste The Difference Pork Sausage Rolls 188g,188g,£24.73/kg,4.65,,3 for £10
Sainsbury's Local,"Deli, Dips, Food To Go",Soups,New Covent Garden Soup Co. Classic Chicken 560g,560g,£5.54/kg,3.10,,
Sainsbury's Local,"Deli, Dips, Food To Go",Soups,Sainsbury's Chicken & Vegetable Broth 600g,600g,£3.00/kg,1.80,,
Sainsbury's Local,"Deli, Dips, Food To Go",Soups,Sainsbury's Lentil Dhal Soup 600g,600g,£3.00/kg,1.80,,
Sainsbury's Local,"Deli, Dips, Food To Go",Soups,Sainsbury's Spicy Tomato Lentil & Red Pepper Soup 600g,600g,£3.00/kg,1.80,,
Sainsbury's Local,"Deli, Dips, Food To Go",Soups,Sainsbury's Tomato & Basil Soup 600g,600g,£3.00/kg,1.80,,
Sainsbury's Local,"Deli, Dips, Food To Go",Summer Snacking,Sainsbury's Mango 250g,250g,£13.80/kg,3.45,,
Sainsbury's Local,"Deli, Dips, Food To Go",Summer Snacking,Sainsbury's On the Go Pineapple 160g,160g,£12.19/kg,1.95,,
Sainsbury's Local,"Deli, Dips, Food To Go",Summer Snacking,Sainsbury's On the Go Watermelon 160g,160g,£12.19/kg,1.95,,
Sainsbury's Local,"Deli, Dips, Food To Go",Summer Snacking,Sainsbury's Pineapple 300g,300g,£10.83/kg,3.25,,
Sainsbury's Local,"Deli, Dips, Food To Go",Summer Snacking,Sainsbury's Pineapple 500g,500g,£7.50/kg,3.75,,
Sainsbury's Local,"Deli, Dips, Food To Go",Summer Snacking,Sainsbury's Pomegranate 240g,240g,£14.79/kg,3.55,,
Sainsbury's Local,"Deli, Dips, Food To Go",Summer Snacking,Sainsbury's Pomegranate 80g,80g,£23.75/kg,1.90,,
Sainsbury's Local,"Deli, Dips, Food To Go",Summer Snacking,Sainsbury's Rainbow Fruit Salad 450g,450g,£12.56/kg,5.65,,
Sainsbury's Local,"Deli, Dips, Food To Go",Summer Snacking,Sainsbury's Watermelon 300g,300g,£10.83/kg,3.25,,
Sainsbury's Local,"Deli, Dips, Food To Go",Summer Snacking,Sainsbury’s Melon 500g,500g,£9.40/kg,4.70,,
Sainsbury's Local,"Deli, Dips, Food To Go",Sushi & Dim Sum,Sainsbury's Chicken Sushi Selection,120g,£27.50/kg,3.30,,
Sainsbury's Local,"Deli, Dips, Food To Go",Sushi & Dim Sum,Sainsbury's Fish Sushi Selection,117g,£28.21/kg,3.30,,
Sainsbury's Local,"Deli, Dips, Food To Go",Sushi & Dim Sum,Sainsbury's Heart Support Miso Salmon 280g,280g,£17.68/kg,4.95,,
Sainsbury's Local,"Deli, Dips, Food To Go",Sushi & Dim Sum,Sainsbury's Salmon & Edamame Dragon Roll,173g,£21.68/kg,3.75,,
Sainsbury's Local,"Deli, Dips, Food To Go",Sushi & Dim Sum,Sainsbury's Salt & Pepper Chicken Dragon Roll,175g,£21.43/kg,3.75,,
Sainsbury's Local,"Deli, Dips, Food To Go",Sushi & Dim Sum,Sainsbury's Spicy Vegetable Dragon Roll,164g,£22.87/kg,3.75,,
Sainsbury's Local,"Deli, Dips, Food To Go",Sushi & Dim Sum,Sainsbury's Vegetable Sushi Selection,115g,£28.70/kg,3.30,,
Sainsbury's Local,"Deli, Dips, Food To Go",Sushi & Dim Sum,Yo! Chicken Katsu Dragon Rolls 209g,209g,£26.32/kg,5.50,,
Sainsbury's Local,"Deli, Dips, Food To Go",Sushi & Dim Sum,Yo! Crispy Salmon Dragon Rolls 202g,202g,£27.23/kg,5.50,,
Sainsbury's Local,"Deli, Dips, Food To Go",Sushi & Dim Sum,Yo! Rainbow Salmon Poke 283g,283g,£19.43/kg,5.50,,
Sainsbury's Local,"Deli, Dips, Food To Go",Sushi & Dim Sum,Yo! Spicy Chicken Dragon Rolls 215g,215g,£25.58/kg,5.50,,
Sainsbury's Local,"Deli, Dips, Food To Go",Sushi & Dim Sum,Yo! Veggie Selection 226g,226g,£24.34/kg,5.50,,
Sainsbury's Local,"Deli, Dips, Food To Go",Taste the Difference this Summer,"Sainsbury's Tabbouleh with Herb Roasted Garlic & Lemon Dressing, Taste the Difference 200g",200g,£18.75/kg,3.75,,3 for £10
Sainsbury's Local,"Deli, Dips, Food To Go",Taste the Difference this Summer,Sainsbury's Taste the Difference Continental Snack Platter 135g,135g,£27.78/kg,3.75,,3 for £10
Sainsbury's Local,"Deli, Dips, Food To Go",Taste the Difference this Summer,Sainsbury's Taste the Difference Mediterranean Olive Trio 160g,160g,£28.13/kg,4.50,,3 for £10
Sainsbury's Local,Desserts,Autumn is here,Sainsbury's Taste The Difference Carrot Cake 395g,395g,£12.66/kg,5.00,,
Sainsbury's Local,Desserts,Autumn is here,Sainsbury's Taste the Difference Belgian Chocolate Cake 395g,395g,£12.66/kg,5.00,,
Sainsbury's Local,Desserts,Autumn is here,Sainsbury's Taste the Difference Coffee & Walnut Cake 400g,400g,£12.50/kg,5.00,,
Sainsbury's Local,Desserts,Autumn is here,Sainsbury's Taste the Difference Lemon Drizzle Cake 405g,405g,£12.35/kg,5.00,,
Sainsbury's Local,Desserts,Autumn is here,Sainsbury's Taste the Difference Red Velvet Cake 390g,390g,£12.82/kg,5.00,,
Sainsbury's Local,Desserts,Autumn is here,Sainsbury's Taste the Difference Victoria Sponge Cake 345g,345g,£14.49/kg,5.00,,
Sainsbury's Local,Desserts,Cakes,McVitie's Jamaica Ginger Sticky Pudding Cake,245g,£8.98/kg,2.20,,
Sainsbury's Local,Desserts,Cakes,Sainsbury's Birthday & Celebration Wiggles the Caterpillar 613g,613g,£13.54/kg,8.30,,
Sainsbury's Local,Desserts,Cakes,Sainsbury's Madeira Cake 275g,275g,£9.09/kg,2.50,,
Sainsbury's Local,Desserts,Cakes,Sainsbury's Taste The Difference Carrot Cake 395g,395g,£12.66/kg,5.00,,
Sainsbury's Local,Desserts,Cakes,Sainsbury's Taste the Difference Belgian Chocolate Cake 395g,395g,£12.66/kg,5.00,,
Sainsbury's Local,Desserts,Cakes,Sainsbury's Taste the Difference Coffee & Walnut Cake 400g,400g,£12.50/kg,5.00,,
Sainsbury's Local,Desserts,Cakes,Sainsbury's Taste the Difference Lemon Drizzle Cake 405g,405g,£12.35/kg,5.00,,
Sainsbury's Local,Desserts,Cakes,Sainsbury's Taste the Difference Red Velvet Cake 390g,390g,£12.82/kg,5.00,,
Sainsbury's Local,Desserts,Cakes,Sainsbury's Taste the Difference Victoria Sponge Cake 345g,345g,£14.49/kg,5.00,,
Sainsbury's Local,Desserts,Canned Desserts,Ambrosia Light Rice Pudding 400g,400g,£3.50/kg,1.40,1.80,£0.40 off
Sainsbury's Local,Desserts,Canned Desserts,Ambrosia Rice Pudding 400g,400g,£3.50/kg,1.40,1.80,£0.40 off
Sainsbury's Local,Desserts,Canned Desserts,Rachel's Organic Traditional Divine Rice 2 x 150g (300g),2pk,£9.17/kg,2.75,,
Sainsbury's Local,Desserts,Cheesecakes,Gü Key Lime Pie Cheesecake 2 x 70g (140g),2pk,£34.64/kg,4.85,,
Sainsbury's Local,Desserts,Cheesecakes,Gü New York Cheesecake 2 x 70g (140g),2pk,£37.14/kg,5.20,,
Sainsbury's Local,Desserts,Cheesecakes,Gü Salted Caramel Cheesecake 2 x 82g (164g),2pk,£31.71/kg,5.20,,
Sainsbury's Local,Desserts,Cheesecakes,Gü Spanish Lemon Cheesecake 2 x 85g (170g),2pk,£29.71/kg,5.05,,
Sainsbury's Local,Desserts,Cheesecakes,Gü Zillionaire Cheesecake 2 x 84.5g (169g),2pk,£25.15/kg,4.25,,
Sainsbury's Local,Desserts,Cheesecakes,Mighty Slice Caramelised Biscuit High Protein Cheesecake 115g,115g,£30.87/kg,3.55,,
Sainsbury's Local,Desserts,Cheesecakes,Sainsbury's New York Vanilla Cheesecake Slices 2 x 90g (180g),2pk,£20.56/kg,3.70,,
Sainsbury's Local,Desserts,Cheesecakes,Sainsbury's Taste The Difference Passion Fruit Cheesecake Slices 190g (2 x 95g),2pk,£19.74/kg,3.75,,
Sainsbury's Local,Desserts,Chilled Desserts,Ambrosia Light Rice Pudding 150g,150g,£9.00/kg,1.35,,
Sainsbury's Local,Desserts,Chilled Desserts,Ambrosia Rice Pudding 150g,150g,£9.00/kg,1.35,,
Sainsbury's Local,Desserts,Chilled Desserts,Bonne Maman Chocolate Mousse 2 x 70g,2pk,£17.50/kg,2.45,,
Sainsbury's Local,Desserts,Chilled Desserts,Cadbury Dairy Milk with Flake 75g,75g,£18.00/kg,1.35,,
Sainsbury's Local,Desserts,Chilled Desserts,Gefen Natural Apple Sauce 6 x 113g (680g),6pk,£9.14/kg,6.20,,
Sainsbury's Local,Desserts,Chilled Desserts,Gü Milk Chocolate Mousse 2 x 52g (104g),2pk,£37.02/kg,3.85,,
Sainsbury's Local,Desserts,Chilled Desserts,Kinder Milk Slice Chilled Treat Multipack 3 x 28g (84g),3pk,£16.67/kg,1.40,,
Sainsbury's Local,Desserts,Chilled Desserts,Müller Rice Original 170g,170g,£7.35/kg,1.25,,
Sainsbury's Local,Desserts,Chilled Desserts,Sainsbury's Lighter Ready to Eat Custard 500g,500g,£1.70/kg,0.85,,
Sainsbury's Local,Desserts,Chilled Desserts,Sainsbury's Ready to Eat Custard 500g,500g,£1.70/kg,0.85,,
Sainsbury's Local,Desserts,Chilled Desserts,Sainsbury's Sponge Fingers 175g,175g,£10.00/kg,1.75,,
Sainsbury's Local,Desserts,Chilled Desserts,Sainsbury's Taste the Difference Madagascan Vanilla Custard 500g,500g,£8.00/kg,4.00,,
Sainsbury's Local,Desserts,Chilled Desserts,Sainsbury's Tiramisu Italian Dessert 500g,500g,£9.30/kg,4.65,,
Sainsbury's Local,Desserts,"Crumbles, Pies & Tarts",Mr Kipling 6 Bramley Apple Pies,6pk,£0.73 each,4.35,,
Sainsbury's Local,Desserts,"Crumbles, Pies & Tarts",Mr Kipling 6 Cherry Bakewells,6pk,£0.73 each,4.35,,
Sainsbury's Local,Desserts,"Crumbles, Pies & Tarts",Sainsbury's Taste the Difference Winter Berry Crumble 250g,250g,£17.80/kg,4.45,,
Sainsbury's Local,Desserts,"Custard, Cream & Jelly Desserts",Ambrosia Devon Custard 150g,150g,£9.00/kg,1.35,,
Sainsbury's Local,Desserts,"Custard, Cream & Jelly Desserts",Ambrosia Devon Custard 4 x 120g (480g),4pk,£8.33/kg,4.00,,
Sainsbury's Local,Desserts,"Custard, Cream & Jelly Desserts",Ambrosia Devon Custard 400g,400g,£3.50/kg,1.40,1.80,£0.40 off
Sainsbury's Local,Desserts,"Custard, Cream & Jelly Desserts",Ambrosia Light Devon Custard 150g,150g,£9.00/kg,1.35,,
Sainsbury's Local,Desserts,"Custard, Cream & Jelly Desserts",Ambrosia Light Devon Custard 500g,500g,£5.40/kg,2.70,,
Sainsbury's Local,Desserts,"Custard, Cream & Jelly Desserts",Cadbury Dairy Milk Creamy Milk Chocolate Dessert Pot 350g,350g,£6.43/kg,2.25,3.25,£1 off
Sainsbury's Local,Desserts,"Custard, Cream & Jelly Desserts",Hartley's 10 Cal Raspberry Flavour Jelly 175g,175g,£6.86/kg,1.20,,
Sainsbury's Local,Desserts,"Custard, Cream & Jelly Desserts",Hartley's 10 Cal Strawberry Flavour Jelly 175g,175g,£6.86/kg,1.20,,
Sainsbury's Local,Desserts,"Custard, Cream & Jelly Desserts",Hartley's Jelly Strawberry Flavour 115g,115g,£9.57/kg,1.10,,
Sainsbury's Local,Desserts,"Custard, Cream & Jelly Desserts",Hartley's Jelly Strawberry Flavour 125g,125g,£8.80/kg,1.10,,
Sainsbury's Local,Desserts,"Custard, Cream & Jelly Desserts",Reese's Peanut Butter Chip Mix-Ins 330g,330g,£13.48/kg,4.45,,
Sainsbury's Local,Desserts,"Custard, Cream & Jelly Desserts",Sainsbury's Belgian Chocolate Choux Buns 2x68g,136g,£16.18/kg,2.20,,
Sainsbury's Local,Desserts,"Custard, Cream & Jelly Desserts",Sainsbury's Belgian Chocolate Éclairs 2 x 55g (110g),2pk,£20.00/kg,2.20,,
Sainsbury's Local,Desserts,"Custard, Cream & Jelly Desserts",Sainsbury's Caramel Panna Cotta 2x120g,240g,£12.50/kg,3.00,,
Sainsbury's Local,Desserts,"Custard, Cream & Jelly Desserts",Sainsbury's Caramelised Biscuit Super Sundae 200g,200g,£12.50/kg,2.50,,
Sainsbury's Local,Desserts,"Custard, Cream & Jelly Desserts",Sainsbury's Raspberry Trifle 135g,135g,£21.11/kg,2.85,,
Sainsbury's Local,Desserts,"Custard, Cream & Jelly Desserts","Sainsbury's Taste the Difference Elderflower, Raspberry and Prosecco Trifles 270g (2 x 135g)",2pk,£13.89/kg,3.75,,
Sainsbury's Local,Desserts,"Custard, Cream & Jelly Desserts",Sainsbury's Taste the Difference Pistachio Tiramisu 400g,400g,£15.38/kg,6.15,,
Sainsbury's Local,Desserts,"Custard, Cream & Jelly Desserts",Sainsbury's Tiramisù Desserts x2 85g,170g,£16.47/kg,2.80,,
Sainsbury's Local,Desserts,"Custard, Cream & Jelly Desserts",Sainsbury's Triple Choc Brownie Super Sundae 200g,200g,£12.50/kg,2.50,,
Sainsbury's Local,Desserts,Desserts,Ambrosia Devon Custard 150g,150g,£9.00/kg,1.35,,
Sainsbury's Local,Desserts,Desserts,Ambrosia Devon Custard 4 x 120g (480g),4pk,£8.33/kg,4.00,,
Sainsbury's Local,Desserts,Desserts,Ambrosia Devon Custard 400g,400g,£3.50/kg,1.40,1.80,£0.40 off
Sainsbury's Local,Desserts,Desserts,Ambrosia Light Devon Custard 150g,150g,£9.00/kg,1.35,,
Sainsbury's Local,Desserts,Desserts,Ambrosia Light Devon Custard 500g,500g,£5.40/kg,2.70,,
Sainsbury's Local,Desserts,Desserts,Ambrosia Light Rice Pudding 150g,150g,£9.00/kg,1.35,,
Sainsbury's Local,Desserts,Desserts,Ambrosia Light Rice Pudding 400g,400g,£3.50/kg,1.40,1.80,£0.40 off
Sainsbury's Local,Desserts,Desserts,Ambrosia Rice Pudding 150g,150g,£9.00/kg,1.35,,
Sainsbury's Local,Desserts,Desserts,Ambrosia Rice Pudding 400g,400g,£3.50/kg,1.40,1.80,£0.40 off
Sainsbury's Local,Desserts,Desserts,Bonne Maman Chocolate Mousse 2 x 70g,2pk,£17.50/kg,2.45,,
Sainsbury's Local,Desserts,Desserts,Cadbury Dairy Milk Creamy Milk Chocolate Dessert Pot 350g,350g,£6.43/kg,2.25,3.25,£1 off
Sainsbury's Local,Desserts,Desserts,Cadbury Dairy Milk with Flake 75g,75g,£18.00/kg,1.35,,
Sainsbury's Local,Desserts,Desserts,Gefen Natural Apple Sauce 6 x 113g (680g),6pk,£9.14/kg,6.20,,
Sainsbury's Local,Desserts,Desserts,Gü Key Lime Pie Cheesecake 2 x 70g (140g),2pk,£34.64/kg,4.85,,
Sainsbury's Local,Desserts,Desserts,Gü Milk Chocolate Mousse 2 x 52g (104g),2pk,£37.02/kg,3.85,,
Sainsbury's Local,Desserts,Desserts,Gü New York Cheesecake 2 x 70g (140g),2pk,£37.14/kg,5.20,,
Sainsbury's Local,Desserts,Desserts,Gü Salted Caramel Cheesecake 2 x 82g (164g),2pk,£31.71/kg,5.20,,
Sainsbury's Local,Desserts,Desserts,Gü Spanish Lemon Cheesecake 2 x 85g (170g),2pk,£29.71/kg,5.05,,
Sainsbury's Local,Desserts,Desserts,Gü Zillionaire Cheesecake 2 x 84.5g (169g),2pk,£25.15/kg,4.25,,
Sainsbury's Local,Desserts,Desserts,Hartley's 10 Cal Raspberry Flavour Jelly 175g,175g,£6.86/kg,1.20,,
Sainsbury's Local,Desserts,Desserts,Hartley's 10 Cal Strawberry Flavour Jelly 175g,175g,£6.86/kg,1.20,,
Sainsbury's Local,Desserts,Desserts,Hartley's Jelly Strawberry Flavour 115g,115g,£9.57/kg,1.10,,
Sainsbury's Local,Desserts,Desserts,Hartley's Jelly Strawberry Flavour 125g,125g,£8.80/kg,1.10,,
Sainsbury's Local,Desserts,Desserts,Kinder Milk Slice Chilled Treat Multipack 3 x 28g (84g),3pk,£16.67/kg,1.40,,
Sainsbury's Local,Desserts,Desserts,McVitie's Jamaica Ginger Sticky Pudding Cake,245g,£8.98/kg,2.20,,
Sainsbury's Local,Desserts,Desserts,Mighty Slice Caramelised Biscuit High Protein Cheesecake 115g,115g,£30.87/kg,3.55,,
Sainsbury's Local,Desserts,Desserts,Mr Kipling 6 Bramley Apple Pies,6pk,£0.73 each,4.35,,
Sainsbury's Local,Desserts,Desserts,Mr Kipling 6 Cherry Bakewells,6pk,£0.73 each,4.35,,
Sainsbury's Local,Desserts,Desserts,Müller Rice Original 170g,170g,£7.35/kg,1.25,,
Sainsbury's Local,Desserts,Desserts,Rachel's Organic Traditional Divine Rice 2 x 150g (300g),2pk,£9.17/kg,2.75,,
Sainsbury's Local,Desserts,Desserts,Reese's Peanut Butter Chip Mix-Ins 330g,330g,£13.48/kg,4.45,,
Sainsbury's Local,Desserts,Desserts,"Sainsbury's Banana Blonde Chocolate Sponge, Taste the Difference 400g",400g,£16.63/kg,6.65,,
Sainsbury's Local,Desserts,Desserts,Sainsbury's Belgian Chocolate Choux Buns 2x68g,136g,£16.18/kg,2.20,,
Sainsbury's Local,Desserts,Desserts,Sainsbury's Belgian Chocolate Éclairs 2 x 55g (110g),2pk,£20.00/kg,2.20,,
Sainsbury's Local,Desserts,Desserts,Sainsbury's Birthday & Celebration Wiggles the Caterpillar 613g,613g,£13.54/kg,8.30,,
Sainsbury's Local,Desserts,Desserts,Sainsbury's Caramel Panna Cotta 2x120g,240g,£12.50/kg,3.00,,
Sainsbury's Local,Desserts,Desserts,Sainsbury's Caramelised Biscuit Super Sundae 200g,200g,£12.50/kg,2.50,,
Sainsbury's Local,Desserts,Desserts,Sainsbury's Lighter Ready to Eat Custard 500g,500g,£1.70/kg,0.85,,
Sainsbury's Local,Desserts,Desserts,Sainsbury's Madeira Cake 275g,275g,£9.09/kg,2.50,,
Sainsbury's Local,Desserts,Desserts,Sainsbury's New York Vanilla Cheesecake Slices 2 x 90g (180g),2pk,£20.56/kg,3.70,,
Sainsbury's Local,Desserts,Desserts,Sainsbury's Raspberry Trifle 135g,135g,£21.11/kg,2.85,,
Sainsbury's Local,Desserts,Desserts,Sainsbury's Ready to Eat Custard 500g,500g,£1.70/kg,0.85,,
Sainsbury's Local,Desserts,Desserts,Sainsbury's Sponge Fingers 175g,175g,£10.00/kg,1.75,,
Sainsbury's Local,Desserts,Desserts,Sainsbury's Sticky Toffee Sponge Pudding 2x110g,220g,£17.27/kg,3.80,,
Sainsbury's Local,Desserts,Desserts,Sainsbury's Taste The Difference Carrot Cake 395g,395g,£12.66/kg,5.00,,
Sainsbury's Local,Desserts,Desserts,Sainsbury's Taste The Difference Passion Fruit Cheesecake Slices 190g (2 x 95g),2pk,£19.74/kg,3.75,,
Sainsbury's Local,Desserts,Desserts,Sainsbury's Taste the Difference Belgian Chocolate Cake 395g,395g,£12.66/kg,5.00,,
Sainsbury's Local,Desserts,Desserts,Sainsbury's Taste the Difference Chocolate Melting Puddings 2 x 155g (310g),2pk,£14.84/kg,4.60,,
Sainsbury's Local,Desserts,Desserts,Sainsbury's Taste the Difference Coffee & Walnut Cake 400g,400g,£12.50/kg,5.00,,
Sainsbury's Local,Desserts,Desserts,"Sainsbury's Taste the Difference Elderflower, Raspberry and Prosecco Trifles 270g (2 x 135g)",2pk,£13.89/kg,3.75,,
Sainsbury's Local,Desserts,Desserts,Sainsbury's Taste the Difference Lemon Drizzle Cake 405g,405g,£12.35/kg,5.00,,
Sainsbury's Local,Desserts,Desserts,Sainsbury's Taste the Difference Madagascan Vanilla Custard 500g,500g,£8.00/kg,4.00,,
Sainsbury's Local,Desserts,Desserts,Sainsbury's Taste the Difference Pistachio Tiramisu 400g,400g,£15.38/kg,6.15,,
Sainsbury's Local,Desserts,Desserts,Sainsbury's Taste the Difference Red Velvet Cake 390g,390g,£12.82/kg,5.00,,
Sainsbury's Local,Desserts,Desserts,Sainsbury's Taste the Difference Victoria Sponge Cake 345g,345g,£14.49/kg,5.00,,
Sainsbury's Local,Desserts,Desserts,Sainsbury's Taste the Difference Winter Berry Crumble 250g,250g,£17.80/kg,4.45,,
Sainsbury's Local,Desserts,Desserts,Sainsbury's Tiramisu Italian Dessert 500g,500g,£9.30/kg,4.65,,
Sainsbury's Local,Desserts,Desserts,Sainsbury's Tiramisù Desserts x2 85g,170g,£16.47/kg,2.80,,
Sainsbury's Local,Desserts,Desserts,Sainsbury's Triple Choc Brownie Super Sundae 200g,200g,£12.50/kg,2.50,,
Sainsbury's Local,Desserts,Offers,Ambrosia Devon Custard 400g,400g,£3.50/kg,1.40,1.80,£0.40 off
Sainsbury's Local,Desserts,Offers,Ambrosia Light Rice Pudding 400g,400g,£3.50/kg,1.40,1.80,£0.40 off
Sainsbury's Local,Desserts,Offers,Ambrosia Rice Pudding 400g,400g,£3.50/kg,1.40,1.80,£0.40 off
Sainsbury's Local,Desserts,Offers,Cadbury Dairy Milk Creamy Milk Chocolate Dessert Pot 350g,350g,£6.43/kg,2.25,3.25,£1 off
Sainsbury's Local,Desserts,Sponge Puddings,"Sainsbury's Banana Blonde Chocolate Sponge, Taste the Difference 400g",400g,£16.63/kg,6.65,,
Sainsbury's Local,Desserts,Sponge Puddings,Sainsbury's Sticky Toffee Sponge Pudding 2x110g,220g,£17.27/kg,3.80,,
Sainsbury's Local,Desserts,Sponge Puddings,Sainsbury's Taste the Difference Chocolate Melting Puddings 2 x 155g (310g),2pk,£14.84/kg,4.60,,
Sainsbury's Local,Flowers,Flowers,Seasonal Show,1pk,£7.65 each,7.65,,
Sainsbury's Local,Flowers,Flowers,Strawberry Fields,1pk,£12.40 each,12.40,,
Sainsbury's Local,Flowers,Flowers,Sunny Day,1pk,£6.50 each,6.50,,
Sainsbury's Local,Frozen,"Chips, Fries & Potatoes",Aunt Bessie's Crispy & Fluffy Roasties 600g,600g,£5.58/kg,3.35,,
Sainsbury's Local,Frozen,"Chips, Fries & Potatoes",Birds Eye 10 The Original Potato Waffles 567g,567g,£3.97/kg,2.25,2.50,£0.25 off
Sainsbury's Local,Frozen,"Chips, Fries & Potatoes",McCain 4 Slow Baked Jackets 800g,800g,£6.13/kg,4.90,,
Sainsbury's Local,Frozen,"Chips, Fries & Potatoes",McCain Crispy French Fries 900g,900g,£4.83/kg,4.35,,
Sainsbury's Local,Frozen,"Chips, Fries & Potatoes",McCain Crispy Hash Browns 625g,625g,£5.84/kg,3.65,,
Sainsbury's Local,Frozen,"Chips, Fries & Potatoes",McCain Gastro Triple Cooked Chips 600g,600g,£5.50/kg,3.30,,
Sainsbury's Local,Frozen,"Chips, Fries & Potatoes",McCain Lightly Spiced Wedges 650g,650g,£5.85/kg,3.80,,
Sainsbury's Local,Frozen,"Chips, Fries & Potatoes",McCain Quick Straight Chips 4 x 100g (400g),4pk,£10.50/kg,4.20,,
Sainsbury's Local,Frozen,"Chips, Fries & Potatoes",McCain Spook Up Your Smiles 454g,454g,£7.27/kg,3.30,,
Sainsbury's Local,Frozen,"Chips, Fries & Potatoes",McCain Straight Home Chips 1kg,1kg,£2.50/kg,2.50,3.60,£1.10 off
Sainsbury's Local,Frozen,"Chips, Fries & Potatoes",McCain Vibes Salt & Vinegar Flavour 356g,356g,£11.38/kg,4.05,,
Sainsbury's Local,Frozen,"Chips, Fries & Potatoes",Sainsbury's Extra Crispy Chips 900g,900g,£4.00/kg,3.60,,
Sainsbury's Local,Frozen,"Chips, Fries & Potatoes",Sainsbury's Seasoned Curly Fries 700g,700g,£4.29/kg,3.00,,
Sainsbury's Local,Frozen,"Chips, Fries & Potatoes",Strong Roots Crispy Sweet Potato Fries 500g,500g,£9.70/kg,4.85,,
Sainsbury's Local,Frozen,Desserts & Sweet Pastries,Trü Frü Nature's Strawberries Milk Chocolate 200g,200g,£38.00/kg,7.60,,
Sainsbury's Local,Frozen,Frozen,Aunt Bessie's Crispy & Fluffy Roasties 600g,600g,£5.58/kg,3.35,,
Sainsbury's Local,Frozen,Frozen,Birds Eye 10 Omega 3 Breaded Alaska Pollock Fish Fingers 280g,280g,£15.54/kg,4.35,,
Sainsbury's Local,Frozen,Frozen,Birds Eye 10 The Original Potato Waffles 567g,567g,£3.97/kg,2.25,2.50,£0.25 off
Sainsbury's Local,Frozen,Frozen,Birds Eye 2 Crispy Tempura Battered Chicken 170g,170g,£24.12/kg,4.10,,
Sainsbury's Local,Frozen,Frozen,Birds Eye 2 Crunchy Hot & Spicy Chicken 180g,180g,£22.78/kg,4.10,,
Sainsbury's Local,Frozen,Frozen,Birds Eye 2 Crunchy Southern Fried Chicken 180g,180g,£22.78/kg,4.10,,
Sainsbury's Local,Frozen,Frozen,Birds Eye 22 Chicken Dippers 403g,403g,£13.65/kg,5.50,,
Sainsbury's Local,Frozen,Frozen,Birds Eye 24 Chicken Nuggets 379g,379g,£10.55/kg,4.00,5.50,£1.50 off
Sainsbury's Local,Frozen,Frozen,Birds Eye 8 Wonderful Cod Breaded Fish Fingers 240g,240g,£15.00/kg,3.60,4.50,£0.90 off
Sainsbury's Local,Frozen,Frozen,Birds Eye Classic 4 Beef Quarter Pounders with Onion 454g,454g,£18.39/kg,8.35,,
Sainsbury's Local,Frozen,Frozen,Birds Eye Garden Peas 800g,800g,£3.44/kg,2.75,3.25,£0.50 off
Sainsbury's Local,Frozen,Frozen,Birds Eye Petits Pois 545g,545g,£4.68/kg,2.55,3.15,£0.60 off
Sainsbury's Local,Frozen,Frozen,Birds Eye Steamfresh 4 Family Favourite Vegetables Mix 540g,540g,£7.31/kg,3.95,,
Sainsbury's Local,Frozen,Frozen,Birds Eye Supersweet Sweetcorn 640g,640g,£6.56/kg,4.20,,
Sainsbury's Local,Frozen,Frozen,Chicago Town Cheese & Tomato Subs Pizza 2 x 125g (250g),2pk,£11.20/kg,2.80,,
Sainsbury's Local,Frozen,Frozen,Chicago Town Original Deep Dish Four Cheese Pizza 2 x 148g (296g),2pk,£5.91/kg,1.75,2.60,£0.85 off
Sainsbury's Local,Frozen,Frozen,Chicago Town Original Deep Dish Pepperoni Pizza 2 x 155g (310g),2pk,£5.65/kg,1.75,2.60,£0.85 off
Sainsbury's Local,Frozen,Frozen,Crosta Mollica Margherita Sourdough Pizza 403g,403g,£18.98/kg,7.65,,
Sainsbury's Local,Frozen,Frozen,Dr. Oetker Ristorante Mozzarella Pizza 335g,335g,£12.54/kg,4.20,,
Sainsbury's Local,Frozen,Frozen,Dr. Oetker Ristorante Pepperoni-Salame Pizza 320g,320g,£13.13/kg,4.20,,
Sainsbury's Local,Frozen,Frozen,Goodfella's New York Style Fully Loaded Pepperoni 532g,532g,£11.18/kg,5.95,,
Sainsbury's Local,Frozen,Frozen,Goodfella's Stonebaked Thin Margherita 334g,334g,£5.99/kg,2.00,3.30,£1.30 off
Sainsbury's Local,Frozen,Frozen,Goodfella's Stonebaked Thin Pepperoni 332g,332g,£6.02/kg,2.00,3.30,£1.30 off
Sainsbury's Local,Frozen,Frozen,Linda McCartney 2 Mozzarella 1/4lb Burgers Vegetarian 227g,227g,£14.10/kg,3.20,,
Sainsbury's Local,Frozen,Frozen,Linda McCartney 6 Vegan Sausages 270g,270g,£11.85/kg,3.20,,
Sainsbury's Local,Frozen,Frozen,McCain 4 Slow Baked Jackets 800g,800g,£6.13/kg,4.90,,
Sainsbury's Local,Frozen,Frozen,McCain Crispy French Fries 900g,900g,£4.83/kg,4.35,,
Sainsbury's Local,Frozen,Frozen,McCain Crispy Hash Browns 625g,625g,£5.84/kg,3.65,,
Sainsbury's Local,Frozen,Frozen,McCain Gastro Triple Cooked Chips 600g,600g,£5.50/kg,3.30,,
Sainsbury's Local,Frozen,Frozen,McCain Lightly Spiced Wedges 650g,650g,£5.85/kg,3.80,,
Sainsbury's Local,Frozen,Frozen,McCain Quick Straight Chips 4 x 100g (400g),4pk,£10.50/kg,4.20,,
Sainsbury's Local,Frozen,Frozen,McCain Spook Up Your Smiles 454g,454g,£7.27/kg,3.30,,
Sainsbury's Local,Frozen,Frozen,McCain Straight Home Chips 1kg,1kg,£2.50/kg,2.50,3.60,£1.10 off
Sainsbury's Local,Frozen,Frozen,McCain Vibes Salt & Vinegar Flavour 356g,356g,£11.38/kg,4.05,,
Sainsbury's Local,Frozen,Frozen,Quorn Crispy Nuggets 300g,300g,£12.33/kg,3.70,,
Sainsbury's Local,Frozen,Frozen,Quorn Mince 300g,300g,£7.50/kg,2.25,3.10,£0.85 off
Sainsbury's Local,Frozen,Frozen,Quorn Pieces 300g,300g,£7.50/kg,2.25,2.95,£0.70 off
Sainsbury's Local,Frozen,Frozen,Sainsbury's 10 Southern Fried Chicken Strips 190g,190g,£14.47/kg,2.75,,
Sainsbury's Local,Frozen,Frozen,Sainsbury's 12 Mozzarella Sticks 180g,180g,£18.89/kg,3.40,,
Sainsbury's Local,Frozen,Frozen,Sainsbury's 20 Battered Chicken Dippers 450g,450g,£4.56/kg,2.05,,
Sainsbury's Local,Frozen,Frozen,Sainsbury's 315g Frozen Raspberries,315g,£13.02/kg,4.10,,
Sainsbury's Local,Frozen,Frozen,"Sainsbury's Beer Battered Onion Rings, Taste the Difference 375g",375g,£10.27/kg,3.85,,
Sainsbury's Local,Frozen,Frozen,Sainsbury's Double Pepperoni Thin Pizza 339g,339g,£7.67/kg,2.60,,
Sainsbury's Local,Frozen,Frozen,Sainsbury's Extra Crispy Chips 900g,900g,£4.00/kg,3.60,,
Sainsbury's Local,Frozen,Frozen,Sainsbury's Frozen Blueberries 400g,360g,£11.39/kg,4.10,,
Sainsbury's Local,Frozen,Frozen,Sainsbury's Garden Peas 910g,910g,£2.25/kg,2.05,,
Sainsbury's Local,Frozen,Frozen,Sainsbury's Garlic Slices x10 260g,260g,£6.15/kg,1.60,,
Sainsbury's Local,Frozen,Frozen,Sainsbury's Halloumi Fries 170g,170g,£21.76/kg,3.70,,
Sainsbury's Local,Frozen,Frozen,Sainsbury's Inspired to Cook Chopped Spinach 900g,900g,£2.39/kg,2.15,,
Sainsbury's Local,Frozen,Frozen,Sainsbury's Mixed Vegetables 1kg,1kg,£2.25/kg,2.25,,
Sainsbury's Local,Frozen,Frozen,Sainsbury's Seasoned Curly Fries 700g,700g,£4.29/kg,3.00,,
Sainsbury's Local,Frozen,Frozen,Sainsbury's Takeaway Fully Loaded Meat Feast Pizza 567g,567g,£8.29/kg,4.70,,
Sainsbury's Local,Frozen,Frozen,Sainsbury's Taste the Difference Peeled & Cooked Jumbo King Prawns 225g,225g,£28.22/kg,6.35,,
Sainsbury's Local,Frozen,Frozen,Sainsbury's Taste the Difference Raw Peeled Jumbo King Prawns 225g,225g,£28.22/kg,6.35,,
Sainsbury's Local,Frozen,Frozen,Sainsbury's Tempura Prawns x12 156g,156g,£23.72/kg,3.70,,
Sainsbury's Local,Frozen,Frozen,Sainsbury's Vegetable Pizza 390g,390g,£6.67/kg,2.60,,
Sainsbury's Local,Frozen,Frozen,Sainsbury's Vegetable Spring Rolls x16 288g,288g,£11.81/kg,3.40,,
Sainsbury's Local,Frozen,Frozen,Strong Roots Crispy Sweet Potato Fries 500g,500g,£9.70/kg,4.85,,
Sainsbury's Local,Frozen,Frozen,The Ice Co Large Polar Cube Premium Ice 1kg,1kg,£1.75/kg,1.75,,
Sainsbury's Local,Frozen,Frozen,Trü Frü Nature's Strawberries Milk Chocolate 200g,200g,£38.00/kg,7.60,,
Sainsbury's Local,Frozen,Frozen,Young's Gastro 2 Sea Salt & Cracked Black Pepper Basa Fillets 310g,2pk,£11.94/kg,7.40,,
Sainsbury's Local,Frozen,Frozen,Young's Golden Scampi in Our Crispy Breadcrumb 220g,220g,£25.91/kg,5.70,,
Sainsbury's Local,Frozen,Frozen,itsu 12 Chicken Gyoza Dinner Dumplings 240g,240g,£14.58/kg,3.50,4.90,£1.40 off
Sainsbury's Local,Frozen,Frozen,itsu 8 Hoisin Duck Bao'Buns 256g,256g,£17.77/kg,4.55,,
Sainsbury's Local,Frozen,Frozen,itsu Chicken Soup' Dumplings 168g,168g,£21.13/kg,3.55,,
Sainsbury's Local,Frozen,Frozen,itsu Vegetable Fusion Gyoza 20 Dinner Dumplings 270g,270g,£12.96/kg,3.50,4.90,£1.40 off
Sainsbury's Local,Frozen,Frozen Fruit,Sainsbury's 315g Frozen Raspberries,315g,£13.02/kg,4.10,,
Sainsbury's Local,Frozen,Frozen Fruit,Sainsbury's Frozen Blueberries 400g,360g,£11.39/kg,4.10,,
Sainsbury's Local,Frozen,Frozen Vegetables,Birds Eye Garden Peas 800g,800g,£3.44/kg,2.75,3.25,£0.50 off
Sainsbury's Local,Frozen,Frozen Vegetables,Birds Eye Petits Pois 545g,545g,£4.68/kg,2.55,3.15,£0.60 off
Sainsbury's Local,Frozen,Frozen Vegetables,Birds Eye Steamfresh 4 Family Favourite Vegetables Mix 540g,540g,£7.31/kg,3.95,,
Sainsbury's Local,Frozen,Frozen Vegetables,Birds Eye Supersweet Sweetcorn 640g,640g,£6.56/kg,4.20,,
Sainsbury's Local,Frozen,Frozen Vegetables,Sainsbury's Garden Peas 910g,910g,£2.25/kg,2.05,,
Sainsbury's Local,Frozen,Frozen Vegetables,Sainsbury's Inspired to Cook Chopped Spinach 900g,900g,£2.39/kg,2.15,,
Sainsbury's Local,Frozen,Frozen Vegetables,Sainsbury's Mixed Vegetables 1kg,1kg,£2.25/kg,2.25,,
Sainsbury's Local,Frozen,Garlic Bread,Sainsbury's Garlic Slices x10 260g,260g,£6.15/kg,1.60,,
Sainsbury's Local,Frozen,Ice,The Ice Co Large Polar Cube Premium Ice 1kg,1kg,£1.75/kg,1.75,,
Sainsbury's Local,Frozen,Meat & Poultry,Birds Eye 2 Crispy Tempura Battered Chicken 170g,170g,£24.12/kg,4.10,,
Sainsbury's Local,Frozen,Meat & Poultry,Birds Eye 2 Crunchy Hot & Spicy Chicken 180g,180g,£22.78/kg,4.10,,
Sainsbury's Local,Frozen,Meat & Poultry,Birds Eye 2 Crunchy Southern Fried Chicken 180g,180g,£22.78/kg,4.10,,
Sainsbury's Local,Frozen,Meat & Poultry,Birds Eye 22 Chicken Dippers 403g,403g,£13.65/kg,5.50,,
Sainsbury's Local,Frozen,Meat & Poultry,Birds Eye 24 Chicken Nuggets 379g,379g,£10.55/kg,4.00,5.50,£1.50 off
Sainsbury's Local,Frozen,Meat & Poultry,Birds Eye Classic 4 Beef Quarter Pounders with Onion 454g,454g,£18.39/kg,8.35,,
Sainsbury's Local,Frozen,Meat & Poultry,Sainsbury's 10 Southern Fried Chicken Strips 190g,190g,£14.47/kg,2.75,,
Sainsbury's Local,Frozen,Meat & Poultry,Sainsbury's 20 Battered Chicken Dippers 450g,450g,£4.56/kg,2.05,,
Sainsbury's Local,Frozen,Meat Alternatives,Linda McCartney 2 Mozzarella 1/4lb Burgers Vegetarian 227g,227g,£14.10/kg,3.20,,
Sainsbury's Local,Frozen,Meat Alternatives,Linda McCartney 6 Vegan Sausages 270g,270g,£11.85/kg,3.20,,
Sainsbury's Local,Frozen,Meat Alternatives,Quorn Crispy Nuggets 300g,300g,£12.33/kg,3.70,,
Sainsbury's Local,Frozen,Meat Alternatives,Quorn Mince 300g,300g,£7.50/kg,2.25,3.10,£0.85 off
Sainsbury's Local,Frozen,Meat Alternatives,Quorn Pieces 300g,300g,£7.50/kg,2.25,2.95,£0.70 off
Sainsbury's Local,Frozen,Midweek Meals Made Easy,Aunt Bessie's Crispy & Fluffy Roasties 600g,600g,£5.58/kg,3.35,,
Sainsbury's Local,Frozen,Midweek Meals Made Easy,Birds Eye 10 The Original Potato Waffles 567g,567g,£3.97/kg,2.25,2.50,£0.25 off
Sainsbury's Local,Frozen,Midweek Meals Made Easy,Birds Eye 2 Crispy Tempura Battered Chicken 170g,170g,£24.12/kg,4.10,,
Sainsbury's Local,Frozen,Midweek Meals Made Easy,Birds Eye 2 Crunchy Hot & Spicy Chicken 180g,180g,£22.78/kg,4.10,,
Sainsbury's Local,Frozen,Midweek Meals Made Easy,Birds Eye 22 Chicken Dippers 403g,403g,£13.65/kg,5.50,,
Sainsbury's Local,Frozen,Midweek Meals Made Easy,Birds Eye Petits Pois 545g,545g,£4.68/kg,2.55,3.15,£0.60 off
Sainsbury's Local,Frozen,Midweek Meals Made Easy,Birds Eye Steamfresh 4 Family Favourite Vegetables Mix 540g,540g,£7.31/kg,3.95,,
Sainsbury's Local,Frozen,Midweek Meals Made Easy,McCain 4 Slow Baked Jackets 800g,800g,£6.13/kg,4.90,,
Sainsbury's Local,Frozen,Midweek Meals Made Easy,McCain Crispy French Fries 900g,900g,£4.83/kg,4.35,,
Sainsbury's Local,Frozen,Midweek Meals Made Easy,McCain Gastro Triple Cooked Chips 600g,600g,£5.50/kg,3.30,,
Sainsbury's Local,Frozen,Midweek Meals Made Easy,McCain Lightly Spiced Wedges 650g,650g,£5.85/kg,3.80,,
Sainsbury's Local,Frozen,Midweek Meals Made Easy,McCain Straight Home Chips 1kg,1kg,£2.50/kg,2.50,3.60,£1.10 off
Sainsbury's Local,Frozen,Midweek Meals Made Easy,Young's Gastro 2 Sea Salt & Cracked Black Pepper Basa Fillets 310g,2pk,£11.94/kg,7.40,,
Sainsbury's Local,Frozen,Midweek Meals Made Easy,Young's Golden Scampi in Our Crispy Breadcrumb 220g,220g,£25.91/kg,5.70,,
Sainsbury's Local,Frozen,Offers,Birds Eye 10 The Original Potato Waffles 567g,567g,£3.97/kg,2.25,2.50,£0.25 off
Sainsbury's Local,Frozen,Offers,Birds Eye 24 Chicken Nuggets 379g,379g,£10.55/kg,4.00,5.50,£1.50 off
Sainsbury's Local,Frozen,Offers,Birds Eye 8 Wonderful Cod Breaded Fish Fingers 240g,240g,£15.00/kg,3.60,4.50,£0.90 off
Sainsbury's Local,Frozen,Offers,Birds Eye Garden Peas 800g,800g,£3.44/kg,2.75,3.25,£0.50 off
Sainsbury's Local,Frozen,Offers,Birds Eye Petits Pois 545g,545g,£4.68/kg,2.55,3.15,£0.60 off
Sainsbury's Local,Frozen,Offers,Chicago Town Original Deep Dish Four Cheese Pizza 2 x 148g (296g),2pk,£5.91/kg,1.75,2.60,£0.85 off
Sainsbury's Local,Frozen,Offers,Chicago Town Original Deep Dish Pepperoni Pizza 2 x 155g (310g),2pk,£5.65/kg,1.75,2.60,£0.85 off
Sainsbury's Local,Frozen,Offers,Goodfella's Stonebaked Thin Margherita 334g,334g,£5.99/kg,2.00,3.30,£1.30 off
Sainsbury's Local,Frozen,Offers,Goodfella's Stonebaked Thin Pepperoni 332g,332g,£6.02/kg,2.00,3.30,£1.30 off
Sainsbury's Local,Frozen,Offers,McCain Straight Home Chips 1kg,1kg,£2.50/kg,2.50,3.60,£1.10 off
Sainsbury's Local,Frozen,Offers,Quorn Mince 300g,300g,£7.50/kg,2.25,3.10,£0.85 off
Sainsbury's Local,Frozen,Offers,Quorn Pieces 300g,300g,£7.50/kg,2.25,2.95,£0.70 off
Sainsbury's Local,Frozen,Offers,itsu 12 Chicken Gyoza Dinner Dumplings 240g,240g,£14.58/kg,3.50,4.90,£1.40 off
Sainsbury's Local,Frozen,Offers,itsu Vegetable Fusion Gyoza 20 Dinner Dumplings 270g,270g,£12.96/kg,3.50,4.90,£1.40 off
Sainsbury's Local,Frozen,Pizza,Chicago Town Cheese & Tomato Subs Pizza 2 x 125g (250g),2pk,£11.20/kg,2.80,,
Sainsbury's Local,Frozen,Pizza,Chicago Town Original Deep Dish Four Cheese Pizza 2 x 148g (296g),2pk,£5.91/kg,1.75,2.60,£0.85 off
Sainsbury's Local,Frozen,Pizza,Chicago Town Original Deep Dish Pepperoni Pizza 2 x 155g (310g),2pk,£5.65/kg,1.75,2.60,£0.85 off
Sainsbury's Local,Frozen,Pizza,Crosta Mollica Margherita Sourdough Pizza 403g,403g,£18.98/kg,7.65,,
Sainsbury's Local,Frozen,Pizza,Dr. Oetker Ristorante Mozzarella Pizza 335g,335g,£12.54/kg,4.20,,
Sainsbury's Local,Frozen,Pizza,Dr. Oetker Ristorante Pepperoni-Salame Pizza 320g,320g,£13.13/kg,4.20,,
Sainsbury's Local,Frozen,Pizza,Goodfella's New York Style Fully Loaded Pepperoni 532g,532g,£11.18/kg,5.95,,
Sainsbury's Local,Frozen,Pizza,Goodfella's Stonebaked Thin Margherita 334g,334g,£5.99/kg,2.00,3.30,£1.30 off
Sainsbury's Local,Frozen,Pizza,Goodfella's Stonebaked Thin Pepperoni 332g,332g,£6.02/kg,2.00,3.30,£1.30 off
Sainsbury's Local,Frozen,Pizza,Sainsbury's Double Pepperoni Thin Pizza 339g,339g,£7.67/kg,2.60,,
Sainsbury's Local,Frozen,Pizza,Sainsbury's Takeaway Fully Loaded Meat Feast Pizza 567g,567g,£8.29/kg,4.70,,
Sainsbury's Local,Frozen,Pizza,Sainsbury's Vegetable Pizza 390g,390g,£6.67/kg,2.60,,
Sainsbury's Local,Frozen,Seafood,Birds Eye 10 Omega 3 Breaded Alaska Pollock Fish Fingers 280g,280g,£15.54/kg,4.35,,
Sainsbury's Local,Frozen,Seafood,Birds Eye 8 Wonderful Cod Breaded Fish Fingers 240g,240g,£15.00/kg,3.60,4.50,£0.90 off
Sainsbury's Local,Frozen,Seafood,Sainsbury's Taste the Difference Peeled & Cooked Jumbo King Prawns 225g,225g,£28.22/kg,6.35,,
Sainsbury's Local,Frozen,Seafood,Sainsbury's Taste the Difference Raw Peeled Jumbo King Prawns 225g,225g,£28.22/kg,6.35,,
Sainsbury's Local,Frozen,Seafood,Sainsbury's Tempura Prawns x12 156g,156g,£23.72/kg,3.70,,
Sainsbury's Local,Frozen,Seafood,Young's Gastro 2 Sea Salt & Cracked Black Pepper Basa Fillets 310g,2pk,£11.94/kg,7.40,,
Sainsbury's Local,Frozen,Seafood,Young's Golden Scampi in Our Crispy Breadcrumb 220g,220g,£25.91/kg,5.70,,
Sainsbury's Local,Frozen,Side Dishes,Sainsbury's 12 Mozzarella Sticks 180g,180g,£18.89/kg,3.40,,
Sainsbury's Local,Frozen,Side Dishes,"Sainsbury's Beer Battered Onion Rings, Taste the Difference 375g",375g,£10.27/kg,3.85,,
Sainsbury's Local,Frozen,Side Dishes,Sainsbury's Halloumi Fries 170g,170g,£21.76/kg,3.70,,
Sainsbury's Local,Frozen,Side Dishes,Sainsbury's Vegetable Spring Rolls x16 288g,288g,£11.81/kg,3.40,,
Sainsbury's Local,Frozen,Side Dishes,itsu 12 Chicken Gyoza Dinner Dumplings 240g,240g,£14.58/kg,3.50,4.90,£1.40 off
Sainsbury's Local,Frozen,Side Dishes,itsu 8 Hoisin Duck Bao'Buns 256g,256g,£17.77/kg,4.55,,
Sainsbury's Local,Frozen,Side Dishes,itsu Chicken Soup' Dumplings 168g,168g,£21.13/kg,3.55,,
Sainsbury's Local,Frozen,Side Dishes,itsu Vegetable Fusion Gyoza 20 Dinner Dumplings 270g,270g,£12.96/kg,3.50,4.90,£1.40 off
Sainsbury's Local,Frozen,Summer Eating,Linda McCartney 2 Mozzarella 1/4lb Burgers Vegetarian 227g,227g,£14.10/kg,3.20,,
Sainsbury's Local,Frozen,Summer Eating,Linda McCartney 6 Vegan Sausages 270g,270g,£11.85/kg,3.20,,
Sainsbury's Local,Fruit,Apples & Pears,Sainsbury's Best of British Apples,4pk,£0.40 each,1.60,,
Sainsbury's Local,Fruit,Apples & Pears,Sainsbury's Braeburn Apples,4pk,£0.46 each,1.85,,
Sainsbury's Local,Fruit,Apples & Pears,Sainsbury's Conference Pear Single,1pk,£0.65 each,0.65,,
Sainsbury's Local,Fruit,Apples & Pears,Sainsbury's Conference Pears,4pk,£0.73 each,2.90,,
Sainsbury's Local,Fruit,Apples & Pears,Sainsbury's Conference Pears x4,4pk,£0.50 each,2.00,,
Sainsbury's Local,Fruit,Apples & Pears,Sainsbury's Jazz Apples,4pk,£0.64 each,2.55,,
Sainsbury's Local,Fruit,Apples & Pears,Sainsbury's Pink Lady Apple Single,1pk,£0.65 each,0.65,,
Sainsbury's Local,Fruit,Apples & Pears,Sainsbury's Pink Lady Apples,4pk,£0.79 each,3.15,,
Sainsbury's Local,Fruit,Apples & Pears,Sainsbury's Royal Gala Apples x4,4pk,£0.51 each,2.05,,
Sainsbury's Local,Fruit,Apples & Pears,Sainsbury's SO Organic Royal Gala Apples,6pk,£0.50 each,3.00,,
Sainsbury's Local,Fruit,Bananas,Sainsbury's 5 Fairtrade Bananas,5pk,£0.27 each,1.35,,
Sainsbury's Local,Fruit,Bananas,Sainsbury's Fairtrade 8 Small Bananas,8pk,£0.20 each,1.60,,
Sainsbury's Local,Fruit,Bananas,Sainsbury's SO Organic 6 Fairtrade Bananas,6pk,£0.40 each,2.40,,
Sainsbury's Local,Fruit,Berries,Sainsbury's Blackberries 150g,150g,£22.00/kg,3.30,,
Sainsbury's Local,Fruit,Berries,Sainsbury's Blueberries 150g,150g,£17.00/kg,2.55,,
Sainsbury's Local,Fruit,Berries,Sainsbury's Blueberries 300g,300g,£11.67/kg,3.50,,
Sainsbury's Local,Fruit,Berries,Sainsbury's Cherries,250g,£16.20/kg,4.05,,
Sainsbury's Local,Fruit,Berries,Sainsbury's Mixed Berries 200g,200g,£18.50/kg,3.70,,
Sainsbury's Local,Fruit,Berries,Sainsbury's Raspberries 150g,150g,£17.67/kg,2.65,,
Sainsbury's Local,Fruit,Berries,Sainsbury's Raspberries 250g,250g,£17.80/kg,4.45,,
Sainsbury's Local,Fruit,Berries,Sainsbury's Strawberries 250g,250g,£9.60/kg,2.40,,
Sainsbury's Local,Fruit,Berries,Sainsbury's Strawberries 400g,400g,£9.68/kg,3.87,,
Sainsbury's Local,Fruit,Berries,Sainsbury's Taste the Difference British Strawberries 250g,250g,£13.80/kg,3.45,,
Sainsbury's Local,Fruit,Citrus Fruit,Red Grapefruit,1pk,£0.70 each,0.70,,
Sainsbury's Local,Fruit,Citrus Fruit,Sainsbury's 4 Unwaxed Lemons,4pk,£0.40 each,1.60,,
Sainsbury's Local,Fruit,Citrus Fruit,Sainsbury's 5 Oranges,5pk,£0.40 each,2.00,,
Sainsbury's Local,Fruit,Citrus Fruit,Sainsbury's Easy Peeler (each),1pk,£0.40 each,0.40,,
Sainsbury's Local,Fruit,Citrus Fruit,"Sainsbury's Easy Peelers, Taste the Difference 600g",600g,£4.50/kg,2.70,,
Sainsbury's Local,Fruit,Citrus Fruit,Sainsbury's Lemon Loose,1pk,£0.40 each,0.40,,
Sainsbury's Local,Fruit,Citrus Fruit,Sainsbury's Limes,1pk,£0.30 each,0.30,,
Sainsbury's Local,Fruit,Citrus Fruit,"Sainsbury's Oranges, Taste the Difference x4",4pk,£0.71 each,2.85,,
Sainsbury's Local,Fruit,Citrus Fruit,Sainsbury's Satsumas 600g,600g,£3.17/kg,1.90,,
Sainsbury's Local,Fruit,Citrus Fruit,Sainsbury's Tangerines 600g,600g,£3.17/kg,1.90,,
Sainsbury's Local,Fruit,Fruit,Baby Watermelon,1pk,£3.45 each,3.45,,
Sainsbury's Local,Fruit,Fruit,Galia Melon,1pk,£2.90 each,2.90,,
Sainsbury's Local,Fruit,Fruit,Honeydew Melon,1pk,£2.05 each,2.05,,
Sainsbury's Local,Fruit,Fruit,Red Grapefruit,1pk,£0.70 each,0.70,,
Sainsbury's Local,Fruit,Fruit,Sainsbury's 4 Unwaxed Lemons,4pk,£0.40 each,1.60,,
Sainsbury's Local,Fruit,Fruit,Sainsbury's 5 Fairtrade Bananas,5pk,£0.27 each,1.35,,
Sainsbury's Local,Fruit,Fruit,Sainsbury's 5 Oranges,5pk,£0.40 each,2.00,,
Sainsbury's Local,Fruit,Fruit,Sainsbury's Apple & Caramel 110g,110g,£14.55/kg,1.60,,
Sainsbury's Local,Fruit,Fruit,Sainsbury's Apple & Grape 130g,130g,£15.00/kg,1.95,,
Sainsbury's Local,Fruit,Fruit,Sainsbury's Berry Fruit Salad 240g,240g,£13.54/kg,3.25,,
Sainsbury's Local,Fruit,Fruit,Sainsbury's Best of British Apples,4pk,£0.40 each,1.60,,
Sainsbury's Local,Fruit,Fruit,Sainsbury's Blackberries 150g,150g,£22.00/kg,3.30,,
Sainsbury's Local,Fruit,Fruit,Sainsbury's Blueberries 150g,150g,£17.00/kg,2.55,,
Sainsbury's Local,Fruit,Fruit,Sainsbury's Blueberries 300g,300g,£11.67/kg,3.50,,
Sainsbury's Local,Fruit,Fruit,Sainsbury's Braeburn Apples,4pk,£0.46 each,1.85,,
Sainsbury's Local,Fruit,Fruit,Sainsbury's Cherries,250g,£16.20/kg,4.05,,
Sainsbury's Local,Fruit,Fruit,Sainsbury's Conference Pear Single,1pk,£0.65 each,0.65,,
Sainsbury's Local,Fruit,Fruit,Sainsbury's Conference Pears,4pk,£0.73 each,2.90,,
Sainsbury's Local,Fruit,Fruit,Sainsbury's Conference Pears x4,4pk,£0.50 each,2.00,,
Sainsbury's Local,Fruit,Fruit,Sainsbury's Crownless Pineapple,1pk,£1.45 each,1.45,,
Sainsbury's Local,Fruit,Fruit,Sainsbury's Easy Peeler (each),1pk,£0.40 each,0.40,,
Sainsbury's Local,Fruit,Fruit,"Sainsbury's Easy Peelers, Taste the Difference 600g",600g,£4.50/kg,2.70,,
Sainsbury's Local,Fruit,Fruit,Sainsbury's Fairtrade 8 Small Bananas,8pk,£0.20 each,1.60,,
Sainsbury's Local,Fruit,Fruit,"Sainsbury's Gold Kiwi, Taste the Difference",4pk,£0.94 each,3.75,,
Sainsbury's Local,Fruit,Fruit,Sainsbury's Jazz Apples,4pk,£0.64 each,2.55,,
Sainsbury's Local,Fruit,Fruit,Sainsbury's Kiwi Fruit,6pk,£0.25 each,1.50,,
Sainsbury's Local,Fruit,Fruit,Sainsbury's Lemon Loose,1pk,£0.40 each,0.40,,
Sainsbury's Local,Fruit,Fruit,Sainsbury's Limes,1pk,£0.30 each,0.30,,
Sainsbury's Local,Fruit,Fruit,Sainsbury's Mango 250g,250g,£13.80/kg,3.45,,
Sainsbury's Local,Fruit,Fruit,Sainsbury's Melon 160g,160g,£12.19/kg,1.95,,
Sainsbury's Local,Fruit,Fruit,Sainsbury's Mixed Berries 200g,200g,£18.50/kg,3.70,,
Sainsbury's Local,Fruit,Fruit,Sainsbury's Mixed Seedless Grapes,500g,£5.50/kg,2.75,,
Sainsbury's Local,Fruit,Fruit,"Sainsbury's On the Go Apple, Grape & Strawberry 135g",135g,£14.44/kg,1.95,,
Sainsbury's Local,Fruit,Fruit,Sainsbury's On the Go Pineapple 160g,160g,£12.19/kg,1.95,,
Sainsbury's Local,Fruit,Fruit,Sainsbury's On the Go Watermelon 160g,160g,£12.19/kg,1.95,,
Sainsbury's Local,Fruit,Fruit,"Sainsbury's Oranges, Taste the Difference x4",4pk,£0.71 each,2.85,,
Sainsbury's Local,Fruit,Fruit,Sainsbury's Peach Punnet (Min x4),4pk,£0.63 each,2.50,,
Sainsbury's Local,Fruit,Fruit,Sainsbury's Peaches,4pk,£0.69 each,2.75,,
Sainsbury's Local,Fruit,Fruit,Sainsbury's Pineapple & Mango 160g,160g,£12.19/kg,1.95,,
Sainsbury's Local,Fruit,Fruit,Sainsbury's Pineapple 300g,300g,£10.83/kg,3.25,,
Sainsbury's Local,Fruit,Fruit,Sainsbury's Pineapple 500g,500g,£7.50/kg,3.75,,
Sainsbury's Local,Fruit,Fruit,Sainsbury's Pink Lady Apple Single,1pk,£0.65 each,0.65,,
Sainsbury's Local,Fruit,Fruit,Sainsbury's Pink Lady Apples,4pk,£0.79 each,3.15,,
Sainsbury's Local,Fruit,Fruit,Sainsbury's Plums,400g,£4.00/kg,1.60,,
Sainsbury's Local,Fruit,Fruit,Sainsbury's Pomegranate 240g,240g,£14.79/kg,3.55,,
Sainsbury's Local,Fruit,Fruit,Sainsbury's Pomegranate 80g,80g,£23.75/kg,1.90,,
Sainsbury's Local,Fruit,Fruit,Sainsbury's Rainbow Fruit Salad 450g,450g,£12.56/kg,5.65,,
Sainsbury's Local,Fruit,Fruit,Sainsbury's Raspberries 150g,150g,£17.67/kg,2.65,,
Sainsbury's Local,Fruit,Fruit,Sainsbury's Raspberries 250g,250g,£17.80/kg,4.45,,
Sainsbury's Local,Fruit,Fruit,Sainsbury's Red Seedless Grapes,500g,£6.00/kg,3.00,,
Sainsbury's Local,Fruit,Fruit,Sainsbury's Royal Gala Apples x4,4pk,£0.51 each,2.05,,
Sainsbury's Local,Fruit,Fruit,Sainsbury's SO Organic 6 Fairtrade Bananas,6pk,£0.40 each,2.40,,
Sainsbury's Local,Fruit,Fruit,Sainsbury's SO Organic Royal Gala Apples,6pk,£0.50 each,3.00,,
Sainsbury's Local,Fruit,Fruit,Sainsbury's Satsumas 600g,600g,£3.17/kg,1.90,,
Sainsbury's Local,Fruit,Fruit,Sainsbury's Strawberries 250g,250g,£9.60/kg,2.40,,
Sainsbury's Local,Fruit,Fruit,Sainsbury's Strawberries 400g,400g,£9.68/kg,3.87,,
Sainsbury's Local,Fruit,Fruit,Sainsbury's Tangerines 600g,600g,£3.17/kg,1.90,,
Sainsbury's Local,Fruit,Fruit,Sainsbury's Taste the Difference British Strawberries 250g,250g,£13.80/kg,3.45,,
Sainsbury's Local,Fruit,Fruit,Sainsbury's Taste the Difference Sable Seedless Black Grapes,400g,£8.88/kg,3.55,,
Sainsbury's Local,Fruit,Fruit,Sainsbury's Watermelon 300g,300g,£10.83/kg,3.25,,
Sainsbury's Local,Fruit,Fruit,Sainsbury's Watermelon Fingers 540g,540g,£9.81/kg,5.30,,
Sainsbury's Local,Fruit,Fruit,Sainsbury's White Seedless Grapes,500g,£5.50/kg,2.75,,
Sainsbury's Local,Fruit,Fruit,Sainsbury's Yellow Flesh Nectarines,4pk,£0.69 each,2.75,,
Sainsbury's Local,Fruit,Fruit,Sainsbury’s Melon 500g,500g,£9.40/kg,4.70,,
Sainsbury's Local,Fruit,Grapes,Sainsbury's Mixed Seedless Grapes,500g,£5.50/kg,2.75,,
Sainsbury's Local,Fruit,Grapes,Sainsbury's Red Seedless Grapes,500g,£6.00/kg,3.00,,
Sainsbury's Local,Fruit,Grapes,Sainsbury's Taste the Difference Sable Seedless Black Grapes,400g,£8.88/kg,3.55,,
Sainsbury's Local,Fruit,Grapes,Sainsbury's White Seedless Grapes,500g,£5.50/kg,2.75,,
Sainsbury's Local,Fruit,Mornings Made Better,Sainsbury's Berry Fruit Salad 240g,240g,£13.54/kg,3.25,,
Sainsbury's Local,Fruit,Mornings Made Better,Sainsbury's Blueberries 300g,300g,£11.67/kg,3.50,,
Sainsbury's Local,Fruit,Mornings Made Better,Sainsbury's Strawberries 400g,400g,£9.68/kg,3.87,,
Sainsbury's Local,Fruit,Other Fruit,Baby Watermelon,1pk,£3.45 each,3.45,,
Sainsbury's Local,Fruit,Other Fruit,Galia Melon,1pk,£2.90 each,2.90,,
Sainsbury's Local,Fruit,Other Fruit,Honeydew Melon,1pk,£2.05 each,2.05,,
Sainsbury's Local,Fruit,Other Fruit,Sainsbury's Crownless Pineapple,1pk,£1.45 each,1.45,,
Sainsbury's Local,Fruit,Other Fruit,"Sainsbury's Gold Kiwi, Taste the Difference",4pk,£0.94 each,3.75,,
Sainsbury's Local,Fruit,Other Fruit,Sainsbury's Kiwi Fruit,6pk,£0.25 each,1.50,,
Sainsbury's Local,Fruit,Other Fruit,Sainsbury's Peach Punnet (Min x4),4pk,£0.63 each,2.50,,
Sainsbury's Local,Fruit,Other Fruit,Sainsbury's Peaches,4pk,£0.69 each,2.75,,
Sainsbury's Local,Fruit,Other Fruit,Sainsbury's Plums,400g,£4.00/kg,1.60,,
Sainsbury's Local,Fruit,Other Fruit,Sainsbury's Yellow Flesh Nectarines,4pk,£0.69 each,2.75,,
Sainsbury's Local,Fruit,Packed Lunch Picks,"Sainsbury's Easy Peelers, Taste the Difference 600g",600g,£4.50/kg,2.70,,
Sainsbury's Local,Fruit,Packed Lunch Picks,Sainsbury's Kiwi Fruit,6pk,£0.25 each,1.50,,
Sainsbury's Local,Fruit,Packed Lunch Picks,Sainsbury's Mixed Seedless Grapes,500g,£5.50/kg,2.75,,
Sainsbury's Local,Fruit,Packed Lunch Picks,Sainsbury's Pink Lady Apples,4pk,£0.79 each,3.15,,
Sainsbury's Local,Fruit,Packed Lunch Picks,Sainsbury's Royal Gala Apples x4,4pk,£0.51 each,2.05,,
Sainsbury's Local,Fruit,Packed Lunch Picks,Sainsbury's Watermelon Fingers 540g,540g,£9.81/kg,5.30,,
Sainsbury's Local,Fruit,Packed Lunch Picks,Sainsbury's White Seedless Grapes,500g,£5.50/kg,2.75,,
Sainsbury's Local,Fruit,Prepared Fruit,Sainsbury's Apple & Caramel 110g,110g,£14.55/kg,1.60,,
Sainsbury's Local,Fruit,Prepared Fruit,Sainsbury's Apple & Grape 130g,130g,£15.00/kg,1.95,,
Sainsbury's Local,Fruit,Prepared Fruit,Sainsbury's Berry Fruit Salad 240g,240g,£13.54/kg,3.25,,
Sainsbury's Local,Fruit,Prepared Fruit,Sainsbury's Mango 250g,250g,£13.80/kg,3.45,,
Sainsbury's Local,Fruit,Prepared Fruit,Sainsbury's Melon 160g,160g,£12.19/kg,1.95,,
Sainsbury's Local,Fruit,Prepared Fruit,"Sainsbury's On the Go Apple, Grape & Strawberry 135g",135g,£14.44/kg,1.95,,
Sainsbury's Local,Fruit,Prepared Fruit,Sainsbury's On the Go Pineapple 160g,160g,£12.19/kg,1.95,,
Sainsbury's Local,Fruit,Prepared Fruit,Sainsbury's On the Go Watermelon 160g,160g,£12.19/kg,1.95,,
Sainsbury's Local,Fruit,Prepared Fruit,Sainsbury's Pineapple & Mango 160g,160g,£12.19/kg,1.95,,
Sainsbury's Local,Fruit,Prepared Fruit,Sainsbury's Pineapple 300g,300g,£10.83/kg,3.25,,
Sainsbury's Local,Fruit,Prepared Fruit,Sainsbury's Pineapple 500g,500g,£7.50/kg,3.75,,
Sainsbury's Local,Fruit,Prepared Fruit,Sainsbury's Pomegranate 240g,240g,£14.79/kg,3.55,,
Sainsbury's Local,Fruit,Prepared Fruit,Sainsbury's Pomegranate 80g,80g,£23.75/kg,1.90,,
Sainsbury's Local,Fruit,Prepared Fruit,Sainsbury's Rainbow Fruit Salad 450g,450g,£12.56/kg,5.65,,
Sainsbury's Local,Fruit,Prepared Fruit,Sainsbury's Watermelon 300g,300g,£10.83/kg,3.25,,
Sainsbury's Local,Fruit,Prepared Fruit,Sainsbury's Watermelon Fingers 540g,540g,£9.81/kg,5.30,,
Sainsbury's Local,Fruit,Prepared Fruit,Sainsbury’s Melon 500g,500g,£9.40/kg,4.70,,
Sainsbury's Local,Fruit,Summer Snacking,Sainsbury's 4 Unwaxed Lemons,4pk,£0.40 each,1.60,,
Sainsbury's Local,Fruit,Summer Snacking,Sainsbury's 5 Fairtrade Bananas,5pk,£0.27 each,1.35,,
Sainsbury's Local,Fruit,Summer Snacking,Sainsbury's Blackberries 150g,150g,£22.00/kg,3.30,,
Sainsbury's Local,Fruit,Summer Snacking,Sainsbury's Blueberries 150g,150g,£17.00/kg,2.55,,
Sainsbury's Local,Fruit,Summer Snacking,Sainsbury's Mango 250g,250g,£13.80/kg,3.45,,
Sainsbury's Local,Fruit,Summer Snacking,Sainsbury's On the Go Pineapple 160g,160g,£12.19/kg,1.95,,
Sainsbury's Local,Fruit,Summer Snacking,Sainsbury's On the Go Watermelon 160g,160g,£12.19/kg,1.95,,
Sainsbury's Local,Fruit,Summer Snacking,"Sainsbury's Oranges, Taste the Difference x4",4pk,£0.71 each,2.85,,
Sainsbury's Local,Fruit,Summer Snacking,Sainsbury's Pineapple 300g,300g,£10.83/kg,3.25,,
Sainsbury's Local,Fruit,Summer Snacking,Sainsbury's Pineapple 500g,500g,£7.50/kg,3.75,,
Sainsbury's Local,Fruit,Summer Snacking,Sainsbury's Pomegranate 240g,240g,£14.79/kg,3.55,,
Sainsbury's Local,Fruit,Summer Snacking,Sainsbury's Pomegranate 80g,80g,£23.75/kg,1.90,,
Sainsbury's Local,Fruit,Summer Snacking,Sainsbury's Rainbow Fruit Salad 450g,450g,£12.56/kg,5.65,,
Sainsbury's Local,Fruit,Summer Snacking,Sainsbury's Raspberries 150g,150g,£17.67/kg,2.65,,
Sainsbury's Local,Fruit,Summer Snacking,Sainsbury's Raspberries 250g,250g,£17.80/kg,4.45,,
Sainsbury's Local,Fruit,Summer Snacking,Sainsbury's Red Seedless Grapes,500g,£6.00/kg,3.00,,
Sainsbury's Local,Fruit,Summer Snacking,Sainsbury's SO Organic 6 Fairtrade Bananas,6pk,£0.40 each,2.40,,
Sainsbury's Local,Fruit,Summer Snacking,Sainsbury's Strawberries 250g,250g,£9.60/kg,2.40,,
Sainsbury's Local,Fruit,Summer Snacking,Sainsbury's Taste the Difference British Strawberries 250g,250g,£13.80/kg,3.45,,
Sainsbury's Local,Fruit,Summer Snacking,Sainsbury's Watermelon 300g,300g,£10.83/kg,3.25,,
Sainsbury's Local,Fruit,Summer Snacking,Sainsbury’s Melon 500g,500g,£9.40/kg,4.70,,
Sainsbury's Local,Fruit Juice & Smoothies,Apple Juice,Copella Apple & Elderflower 1.35L,1.35L,£3.52/L,4.75,,
Sainsbury's Local,Fruit Juice & Smoothies,Apple Juice,Copella Cloudy Apple 1.35L,1.35L,£3.52/L,4.75,,
Sainsbury's Local,Fruit Juice & Smoothies,Apple Juice,Juice Burst Simply Apple 500ml,500ml,£4.00/L,2.00,,
Sainsbury's Local,Fruit Juice & Smoothies,Apple Juice,Sainsbury's Apple Juice 1L,1L,£2.55/L,2.55,,
Sainsbury's Local,Fruit Juice & Smoothies,Apple Juice,Sainsbury's Apple Juice 1L,1L,£2.00/L,2.00,,
Sainsbury's Local,Fruit Juice & Smoothies,Apple Juice,Sainsbury's Apple Juice from Concentrate 3 x 200ml,3pk,£3.25/L,1.95,,
Sainsbury's Local,Fruit Juice & Smoothies,Apple Juice,innocent Apple Juice 900ml,900ml,£3.89/L,3.50,,
Sainsbury's Local,Fruit Juice & Smoothies,Apple Juice,innocent apple & mango juice 900ml,900ml,£3.89/L,3.50,,
Sainsbury's Local,Fruit Juice & Smoothies,Fruit Juice & Smoothies,Copella Apple & Elderflower 1.35L,1.35L,£3.52/L,4.75,,
Sainsbury's Local,Fruit Juice & Smoothies,Fruit Juice & Smoothies,Copella Cloudy Apple 1.35L,1.35L,£3.52/L,4.75,,
Sainsbury's Local,Fruit Juice & Smoothies,Fruit Juice & Smoothies,"Innocent Berry Set Go Raspberry, Cherry, Apple Guarana +Vitamins 330ml",330ml,£7.73/L,2.55,,
Sainsbury's Local,Fruit Juice & Smoothies,Fruit Juice & Smoothies,Innocent Juicy Water Raspberry & Blackcurrant 420ml,420ml,£4.52/L,1.90,,
Sainsbury's Local,Fruit Juice & Smoothies,Fruit Juice & Smoothies,"Innocent Mangoes, Apples & Passion Fruits Fruit Smoothie 250ml",250ml,£9.00/L,2.25,,
Sainsbury's Local,Fruit Juice & Smoothies,Fruit Juice & Smoothies,"Innocent Mangoes, Apples & Passion Fruits Fruit Smoothie 750ml",750ml,£3.33/L,2.50,3.85,£1.35 off
Sainsbury's Local,Fruit Juice & Smoothies,Fruit Juice & Smoothies,Innocent Orange Juice Smooth 1.35L,1.35L,£2.41/L,3.25,4.85,£1.60 off
Sainsbury's Local,Fruit Juice & Smoothies,Fruit Juice & Smoothies,Innocent Orange Juice Smooth 900ml,900ml,£3.89/L,3.50,,
Sainsbury's Local,Fruit Juice & Smoothies,Fruit Juice & Smoothies,Innocent Orange with Bits 900ml,900ml,£4.44/L,4.00,,
Sainsbury's Local,Fruit Juice & Smoothies,Fruit Juice & Smoothies,Innocent Strawberries Bananas & Apples Fruit Smoothie 750ml,750ml,£3.33/L,2.50,3.85,£1.35 off
Sainsbury's Local,Fruit Juice & Smoothies,Fruit Juice & Smoothies,Juice Burst Simply Apple 500ml,500ml,£4.00/L,2.00,,
Sainsbury's Local,Fruit Juice & Smoothies,Fruit Juice & Smoothies,Juice Burst Simply Orange 500ml,500ml,£4.90/L,2.45,,
Sainsbury's Local,Fruit Juice & Smoothies,Fruit Juice & Smoothies,Kedem Grape Juice Made with Concord Grapes 650ml,650ml,£7.54/L,4.90,,
Sainsbury's Local,Fruit Juice & Smoothies,Fruit Juice & Smoothies,Kedem Light Grape Juice 650ml,650ml,£7.54/L,4.90,,
Sainsbury's Local,Fruit Juice & Smoothies,Fruit Juice & Smoothies,Mockingbird Raw Press Raw Boost 750ml,750ml,£7.87/L,5.90,,
Sainsbury's Local,Fruit Juice & Smoothies,Fruit Juice & Smoothies,Mockingbird Raw Press Raw Boost Virgin Smoothie 250ml,250ml,£12.00/L,3.00,,
Sainsbury's Local,Fruit Juice & Smoothies,Fruit Juice & Smoothies,Mockingbird Raw Press Raw Greens 750ml,750ml,£7.87/L,5.90,,
Sainsbury's Local,Fruit Juice & Smoothies,Fruit Juice & Smoothies,Mockingbird Raw Press Raw Greens Virgin Smoothie 250ml,250ml,£12.00/L,3.00,,
Sainsbury's Local,Fruit Juice & Smoothies,Fruit Juice & Smoothies,"Naked Blue Machine Blueberry, Goji Berry & Blackcurrant Super Smoothie 300ml",300ml,£10.83/L,3.25,,
Sainsbury's Local,Fruit Juice & Smoothies,Fruit Juice & Smoothies,"Naked Blue Machine Blueberry, Goji Berry & Blackcurrant Super Smoothie 750ml",750ml,£6.80/L,5.10,,
Sainsbury's Local,Fruit Juice & Smoothies,Fruit Juice & Smoothies,"Naked Gold Machine Passionfruit, Mango, Apple & Guava Super Smoothie 300ml",300ml,£10.83/L,3.25,,
Sainsbury's Local,Fruit Juice & Smoothies,Fruit Juice & Smoothies,"Naked Green Machine Kiwi, Pineapple, Apple & Spirulina Super Smoothie 300ml",300ml,£10.33/L,3.10,,
Sainsbury's Local,Fruit Juice & Smoothies,Fruit Juice & Smoothies,"Naked Green Machine Kiwi, Pineapple, Apple & Spirulina Super Smoothie 750ml",750ml,£6.80/L,5.10,,
Sainsbury's Local,Fruit Juice & Smoothies,Fruit Juice & Smoothies,"Naked Rainbow Machine Mango, Kiwi, Apple & Blackberry Super Smoothie 300ml",300ml,£10.00/L,3.00,,
Sainsbury's Local,Fruit Juice & Smoothies,Fruit Juice & Smoothies,Ocean Spray Cranberry Classic 1 Litre,1L,£2.35/L,2.35,,
Sainsbury's Local,Fruit Juice & Smoothies,Fruit Juice & Smoothies,Ribena Blackcurrant Juice Drink 500ml,500ml,£4.00/L,2.00,,
Sainsbury's Local,Fruit Juice & Smoothies,Fruit Juice & Smoothies,Ribena Pineapple and Passion Fruit Juice Drink No Added Sugar 500ml,500ml,£4.00/L,2.00,,
Sainsbury's Local,Fruit Juice & Smoothies,Fruit Juice & Smoothies,Rubicon Still Mango Juice Drink 1 Litre,1L,£2.60/L,2.60,,
Sainsbury's Local,Fruit Juice & Smoothies,Fruit Juice & Smoothies,Sainsbury's Apple Juice 1L,1L,£2.55/L,2.55,,
Sainsbury's Local,Fruit Juice & Smoothies,Fruit Juice & Smoothies,Sainsbury's Apple Juice 1L,1L,£2.00/L,2.00,,
Sainsbury's Local,Fruit Juice & Smoothies,Fruit Juice & Smoothies,Sainsbury's Apple Juice from Concentrate 3 x 200ml,3pk,£3.25/L,1.95,,
Sainsbury's Local,Fruit Juice & Smoothies,Fruit Juice & Smoothies,"Sainsbury's Cranberry Juice Drink, No Added Sugar 1L",1L,£2.50/L,2.50,,
Sainsbury's Local,Fruit Juice & Smoothies,Fruit Juice & Smoothies,"Sainsbury's Freshly Squeezed Orange Juice with Bits, Taste the Difference 1L",1L,£3.75/L,3.75,,
Sainsbury's Local,Fruit Juice & Smoothies,Fruit Juice & Smoothies,"Sainsbury's Freshly Squeezed Smooth Orange Juice, Taste the Difference 1L",1L,£3.75/L,3.75,,
Sainsbury's Local,Fruit Juice & Smoothies,Fruit Juice & Smoothies,Sainsbury's Orange Juice with Bits 1L,1L,£2.55/L,2.55,,
Sainsbury's Local,Fruit Juice & Smoothies,Fruit Juice & Smoothies,Sainsbury's Orange Juice with Juicy Bits 1l,1L,£2.15/L,2.15,,
Sainsbury's Local,Fruit Juice & Smoothies,Fruit Juice & Smoothies,Sainsbury's Pineapple Juice 1L,1L,£2.15/L,2.15,,
Sainsbury's Local,Fruit Juice & Smoothies,Fruit Juice & Smoothies,Sainsbury's Pure Orange Juice 1L,1L,£2.15/L,2.15,,
Sainsbury's Local,Fruit Juice & Smoothies,Fruit Juice & Smoothies,Sainsbury's Smooth Orange Juice 1l,1L,£2.55/L,2.55,,
Sainsbury's Local,Fruit Juice & Smoothies,Fruit Juice & Smoothies,Sainsbury's Smooth Orange Juice from Concentrate 3 x 200ml,3pk,£3.25/L,1.95,,
Sainsbury's Local,Fruit Juice & Smoothies,Fruit Juice & Smoothies,Tropicana Golden Sunrise Pineapple 850ml,850ml,£3.71/L,3.15,3.85,£0.70 off
Sainsbury's Local,Fruit Juice & Smoothies,Fruit Juice & Smoothies,Tropicana Multivitamin Multifruit 300ml,300ml,£8.33/L,2.50,,
Sainsbury's Local,Fruit Juice & Smoothies,Fruit Juice & Smoothies,Tropicana Multivitamin Multifruit 850ml,850ml,£5.18/L,4.40,,
Sainsbury's Local,Fruit Juice & Smoothies,Fruit Juice & Smoothies,Tropicana Orange & Mango Pure Pressed 850ml,850ml,£2.59/L,2.20,3.60,£1.40 off
Sainsbury's Local,Fruit Juice & Smoothies,Fruit Juice & Smoothies,Tropicana Original Orange with Juicy Bits 900ml,900ml,£2.44/L,2.20,3.60,£1.40 off
Sainsbury's Local,Fruit Juice & Smoothies,Fruit Juice & Smoothies,Tropicana Smooth Orange with No Bits 1.5L,1.5L,£3.30/L,4.95,,
Sainsbury's Local,Fruit Juice & Smoothies,Fruit Juice & Smoothies,Tropicana Smooth Orange with No Bits 900ml,900ml,£2.44/L,2.20,3.60,£1.40 off
Sainsbury's Local,Fruit Juice & Smoothies,Fruit Juice & Smoothies,innocent Apple Juice 900ml,900ml,£3.89/L,3.50,,
Sainsbury's Local,Fruit Juice & Smoothies,Fruit Juice & Smoothies,"innocent Berry Defence, Raspberry, Cranberry, Pomegranate & Apple Super Smoothie 300ml",300ml,£10.33/L,3.10,,
Sainsbury's Local,Fruit Juice & Smoothies,Fruit Juice & Smoothies,"innocent Berry Energise, Strawberry, Cherry, Apple & Guarana Super Smoothie 330ml",300ml,£10.50/L,3.15,,
Sainsbury's Local,Fruit Juice & Smoothies,Fruit Juice & Smoothies,"innocent Berry Energise, Strawberry, Cherry, Apple & Guarana Super Smoothie 750ml",750ml,£7.67/L,5.75,,
Sainsbury's Local,Fruit Juice & Smoothies,Fruit Juice & Smoothies,"innocent Berry Set Go Raspberry, Cherry, Apple, Guarana Juice + Vitamins 750ml",750ml,£3.33/L,2.50,4.40,£1.90 off
Sainsbury's Local,Fruit Juice & Smoothies,Fruit Juice & Smoothies,"innocent Green Energise, Kiwi, Cucumber, Apple & Matcha Super Smoothie 300ml",300ml,£10.33/L,3.10,,
Sainsbury's Local,Fruit Juice & Smoothies,Fruit Juice & Smoothies,"innocent Plus Blue Bolt Guava, Lime, Apple, Coconut Water & Blue Spirulina Juice with Vitamins 330ml",330ml,£7.73/L,2.55,,
Sainsbury's Local,Fruit Juice & Smoothies,Fruit Juice & Smoothies,"innocent Plus Citrus Shield, Orange, Carrot, Mandarin & Lemon Juice with Vitamins 330ml",330ml,£7.73/L,2.55,,
Sainsbury's Local,Fruit Juice & Smoothies,Fruit Juice & Smoothies,"innocent Strawberries, Bananas & Apples Smoothie 250ml",250ml,£9.00/L,2.25,,
Sainsbury's Local,Fruit Juice & Smoothies,Fruit Juice & Smoothies,innocent apple & mango juice 900ml,900ml,£3.89/L,3.50,,
Sainsbury's Local,Fruit Juice & Smoothies,Fruit Juice & Smoothies,innocent apple & raspberry juice 900ml,900ml,£3.89/L,3.50,,
Sainsbury's Local,Fruit Juice & Smoothies,Fruit Juice & Smoothies,innocent tropical juice 900ml,900ml,£3.89/L,3.50,,
Sainsbury's Local,Fruit Juice & Smoothies,Offers,"Innocent Mangoes, Apples & Passion Fruits Fruit Smoothie 750ml",750ml,£3.33/L,2.50,3.85,£1.35 off
Sainsbury's Local,Fruit Juice & Smoothies,Offers,Innocent Orange Juice Smooth 1.35L,1.35L,£2.41/L,3.25,4.85,£1.60 off
Sainsbury's Local,Fruit Juice & Smoothies,Offers,Innocent Strawberries Bananas & Apples Fruit Smoothie 750ml,750ml,£3.33/L,2.50,3.85,£1.35 off
Sainsbury's Local,Fruit Juice & Smoothies,Offers,Tropicana Golden Sunrise Pineapple 850ml,850ml,£3.71/L,3.15,3.85,£0.70 off
Sainsbury's Local,Fruit Juice & Smoothies,Offers,Tropicana Orange & Mango Pure Pressed 850ml,850ml,£2.59/L,2.20,3.60,£1.40 off
Sainsbury's Local,Fruit Juice & Smoothies,Offers,Tropicana Original Orange with Juicy Bits 900ml,900ml,£2.44/L,2.20,3.60,£1.40 off
Sainsbury's Local,Fruit Juice & Smoothies,Offers,Tropicana Smooth Orange with No Bits 900ml,900ml,£2.44/L,2.20,3.60,£1.40 off
Sainsbury's Local,Fruit Juice & Smoothies,Offers,"innocent Berry Set Go Raspberry, Cherry, Apple, Guarana Juice + Vitamins 750ml",750ml,£3.33/L,2.50,4.40,£1.90 off
Sainsbury's Local,Fruit Juice & Smoothies,Orange Juice,Innocent Orange Juice Smooth 1.35L,1.35L,£2.41/L,3.25,4.85,£1.60 off
Sainsbury's Local,Fruit Juice & Smoothies,Orange Juice,Innocent Orange Juice Smooth 900ml,900ml,£3.89/L,3.50,,
Sainsbury's Local,Fruit Juice & Smoothies,Orange Juice,Innocent Orange with Bits 900ml,900ml,£4.44/L,4.00,,
Sainsbury's Local,Fruit Juice & Smoothies,Orange Juice,Juice Burst Simply Orange 500ml,500ml,£4.90/L,2.45,,
Sainsbury's Local,Fruit Juice & Smoothies,Orange Juice,"Sainsbury's Freshly Squeezed Orange Juice with Bits, Taste the Difference 1L",1L,£3.75/L,3.75,,
Sainsbury's Local,Fruit Juice & Smoothies,Orange Juice,"Sainsbury's Freshly Squeezed Smooth Orange Juice, Taste the Difference 1L",1L,£3.75/L,3.75,,
Sainsbury's Local,Fruit Juice & Smoothies,Orange Juice,Sainsbury's Orange Juice with Bits 1L,1L,£2.55/L,2.55,,
Sainsbury's Local,Fruit Juice & Smoothies,Orange Juice,Sainsbury's Orange Juice with Juicy Bits 1l,1L,£2.15/L,2.15,,
Sainsbury's Local,Fruit Juice & Smoothies,Orange Juice,Sainsbury's Pure Orange Juice 1L,1L,£2.15/L,2.15,,
Sainsbury's Local,Fruit Juice & Smoothies,Orange Juice,Sainsbury's Smooth Orange Juice 1l,1L,£2.55/L,2.55,,
Sainsbury's Local,Fruit Juice & Smoothies,Orange Juice,Sainsbury's Smooth Orange Juice from Concentrate 3 x 200ml,3pk,£3.25/L,1.95,,
Sainsbury's Local,Fruit Juice & Smoothies,Orange Juice,Tropicana Original Orange with Juicy Bits 900ml,900ml,£2.44/L,2.20,3.60,£1.40 off
Sainsbury's Local,Fruit Juice & Smoothies,Orange Juice,Tropicana Smooth Orange with No Bits 1.5L,1.5L,£3.30/L,4.95,,
Sainsbury's Local,Fruit Juice & Smoothies,Orange Juice,Tropicana Smooth Orange with No Bits 900ml,900ml,£2.44/L,2.20,3.60,£1.40 off
Sainsbury's Local,Fruit Juice & Smoothies,Smoothies & Fruit Juice,"Innocent Berry Set Go Raspberry, Cherry, Apple Guarana +Vitamins 330ml",330ml,£7.73/L,2.55,,
Sainsbury's Local,Fruit Juice & Smoothies,Smoothies & Fruit Juice,Innocent Juicy Water Raspberry & Blackcurrant 420ml,420ml,£4.52/L,1.90,,
Sainsbury's Local,Fruit Juice & Smoothies,Smoothies & Fruit Juice,"Innocent Mangoes, Apples & Passion Fruits Fruit Smoothie 250ml",250ml,£9.00/L,2.25,,
Sainsbury's Local,Fruit Juice & Smoothies,Smoothies & Fruit Juice,"Innocent Mangoes, Apples & Passion Fruits Fruit Smoothie 750ml",750ml,£3.33/L,2.50,3.85,£1.35 off
Sainsbury's Local,Fruit Juice & Smoothies,Smoothies & Fruit Juice,Innocent Strawberries Bananas & Apples Fruit Smoothie 750ml,750ml,£3.33/L,2.50,3.85,£1.35 off
Sainsbury's Local,Fruit Juice & Smoothies,Smoothies & Fruit Juice,Kedem Grape Juice Made with Concord Grapes 650ml,650ml,£7.54/L,4.90,,
Sainsbury's Local,Fruit Juice & Smoothies,Smoothies & Fruit Juice,Kedem Light Grape Juice 650ml,650ml,£7.54/L,4.90,,
Sainsbury's Local,Fruit Juice & Smoothies,Smoothies & Fruit Juice,Mockingbird Raw Press Raw Boost 750ml,750ml,£7.87/L,5.90,,
Sainsbury's Local,Fruit Juice & Smoothies,Smoothies & Fruit Juice,Mockingbird Raw Press Raw Boost Virgin Smoothie 250ml,250ml,£12.00/L,3.00,,
Sainsbury's Local,Fruit Juice & Smoothies,Smoothies & Fruit Juice,Mockingbird Raw Press Raw Greens 750ml,750ml,£7.87/L,5.90,,
Sainsbury's Local,Fruit Juice & Smoothies,Smoothies & Fruit Juice,Mockingbird Raw Press Raw Greens Virgin Smoothie 250ml,250ml,£12.00/L,3.00,,
Sainsbury's Local,Fruit Juice & Smoothies,Smoothies & Fruit Juice,"Naked Blue Machine Blueberry, Goji Berry & Blackcurrant Super Smoothie 300ml",300ml,£10.83/L,3.25,,
Sainsbury's Local,Fruit Juice & Smoothies,Smoothies & Fruit Juice,"Naked Blue Machine Blueberry, Goji Berry & Blackcurrant Super Smoothie 750ml",750ml,£6.80/L,5.10,,
Sainsbury's Local,Fruit Juice & Smoothies,Smoothies & Fruit Juice,"Naked Gold Machine Passionfruit, Mango, Apple & Guava Super Smoothie 300ml",300ml,£10.83/L,3.25,,
Sainsbury's Local,Fruit Juice & Smoothies,Smoothies & Fruit Juice,"Naked Green Machine Kiwi, Pineapple, Apple & Spirulina Super Smoothie 300ml",300ml,£10.33/L,3.10,,
Sainsbury's Local,Fruit Juice & Smoothies,Smoothies & Fruit Juice,"Naked Green Machine Kiwi, Pineapple, Apple & Spirulina Super Smoothie 750ml",750ml,£6.80/L,5.10,,
Sainsbury's Local,Fruit Juice & Smoothies,Smoothies & Fruit Juice,"Naked Rainbow Machine Mango, Kiwi, Apple & Blackberry Super Smoothie 300ml",300ml,£10.00/L,3.00,,
Sainsbury's Local,Fruit Juice & Smoothies,Smoothies & Fruit Juice,Ocean Spray Cranberry Classic 1 Litre,1L,£2.35/L,2.35,,
Sainsbury's Local,Fruit Juice & Smoothies,Smoothies & Fruit Juice,Ribena Blackcurrant Juice Drink 500ml,500ml,£4.00/L,2.00,,
Sainsbury's Local,Fruit Juice & Smoothies,Smoothies & Fruit Juice,Ribena Pineapple and Passion Fruit Juice Drink No Added Sugar 500ml,500ml,£4.00/L,2.00,,
Sainsbury's Local,Fruit Juice & Smoothies,Smoothies & Fruit Juice,Rubicon Still Mango Juice Drink 1 Litre,1L,£2.60/L,2.60,,
Sainsbury's Local,Fruit Juice & Smoothies,Smoothies & Fruit Juice,"Sainsbury's Cranberry Juice Drink, No Added Sugar 1L",1L,£2.50/L,2.50,,
Sainsbury's Local,Fruit Juice & Smoothies,Smoothies & Fruit Juice,Sainsbury's Pineapple Juice 1L,1L,£2.15/L,2.15,,
Sainsbury's Local,Fruit Juice & Smoothies,Smoothies & Fruit Juice,Tropicana Golden Sunrise Pineapple 850ml,850ml,£3.71/L,3.15,3.85,£0.70 off
Sainsbury's Local,Fruit Juice & Smoothies,Smoothies & Fruit Juice,Tropicana Multivitamin Multifruit 300ml,300ml,£8.33/L,2.50,,
Sainsbury's Local,Fruit Juice & Smoothies,Smoothies & Fruit Juice,Tropicana Multivitamin Multifruit 850ml,850ml,£5.18/L,4.40,,
Sainsbury's Local,Fruit Juice & Smoothies,Smoothies & Fruit Juice,Tropicana Orange & Mango Pure Pressed 850ml,850ml,£2.59/L,2.20,3.60,£1.40 off
Sainsbury's Local,Fruit Juice & Smoothies,Smoothies & Fruit Juice,"innocent Berry Defence, Raspberry, Cranberry, Pomegranate & Apple Super Smoothie 300ml",300ml,£10.33/L,3.10,,
Sainsbury's Local,Fruit Juice & Smoothies,Smoothies & Fruit Juice,"innocent Berry Energise, Strawberry, Cherry, Apple & Guarana Super Smoothie 330ml",300ml,£10.50/L,3.15,,
Sainsbury's Local,Fruit Juice & Smoothies,Smoothies & Fruit Juice,"innocent Berry Energise, Strawberry, Cherry, Apple & Guarana Super Smoothie 750ml",750ml,£7.67/L,5.75,,
Sainsbury's Local,Fruit Juice & Smoothies,Smoothies & Fruit Juice,"innocent Berry Set Go Raspberry, Cherry, Apple, Guarana Juice + Vitamins 750ml",750ml,£3.33/L,2.50,4.40,£1.90 off
Sainsbury's Local,Fruit Juice & Smoothies,Smoothies & Fruit Juice,"innocent Green Energise, Kiwi, Cucumber, Apple & Matcha Super Smoothie 300ml",300ml,£10.33/L,3.10,,
Sainsbury's Local,Fruit Juice & Smoothies,Smoothies & Fruit Juice,"innocent Plus Blue Bolt Guava, Lime, Apple, Coconut Water & Blue Spirulina Juice with Vitamins 330ml",330ml,£7.73/L,2.55,,
Sainsbury's Local,Fruit Juice & Smoothies,Smoothies & Fruit Juice,"innocent Plus Citrus Shield, Orange, Carrot, Mandarin & Lemon Juice with Vitamins 330ml",330ml,£7.73/L,2.55,,
Sainsbury's Local,Fruit Juice & Smoothies,Smoothies & Fruit Juice,"innocent Strawberries, Bananas & Apples Smoothie 250ml",250ml,£9.00/L,2.25,,
Sainsbury's Local,Fruit Juice & Smoothies,Smoothies & Fruit Juice,innocent apple & raspberry juice 900ml,900ml,£3.89/L,3.50,,
Sainsbury's Local,Fruit Juice & Smoothies,Smoothies & Fruit Juice,innocent tropical juice 900ml,900ml,£3.89/L,3.50,,
Sainsbury's Local,"Gifts, Parties, Toys",Gifts,After Eight Mint Dark Chocolate 300g,300g,£18.17/kg,5.45,,
Sainsbury's Local,"Gifts, Parties, Toys",Gifts,"Baylis & Harding Oud, Cedar & Amber Natural Essentials Kit 3 x 150ml",3pk,£34.44/L,15.50,,
Sainsbury's Local,"Gifts, Parties, Toys",Gifts,Baylis & Harding Royale Garden Lavender & Rose Hip Tea Moisturising Hand & Nail Cream 3 x 50ml,3pk,£62.33/L,9.35,,
Sainsbury's Local,"Gifts, Parties, Toys",Gifts,Baylis & Harding Royale Garden Limited Edition Luxury Soap Set 3 x 100g,1pk,£8.80 each,8.80,,
Sainsbury's Local,"Gifts, Parties, Toys",Gifts,Cadbury Heroes Chocolate Assortment Carton 240 g,240g,£22.92/kg,5.50,,
Sainsbury's Local,"Gifts, Parties, Toys",Gifts,Cadbury Heroes Chocolate Box 290g,290g,£24.66/kg,7.15,,
Sainsbury's Local,"Gifts, Parties, Toys",Gifts,Cadbury Milk Tray Chocolate 312g,312g,£24.04/kg,7.50,,
Sainsbury's Local,"Gifts, Parties, Toys",Gifts,Celebrations Milk Chocolate Gift Box 300g,300g,£25.83/kg,7.75,,
Sainsbury's Local,"Gifts, Parties, Toys",Gifts,Celebrations Milk Chocolate Mini Box of Chocolates & Biscuit Bars 69g,69g,£21.74/kg,1.50,,
Sainsbury's Local,"Gifts, Parties, Toys",Gifts,Ferrero Collection Gift Box of Chocolates 15 Pieces (172g),172g,£55.52/kg,9.55,,
Sainsbury's Local,"Gifts, Parties, Toys",Gifts,Ferrero Rocher Chocolate Pralines Gift Box of Chocolate 16 Pieces (200g),200g,£47.75/kg,9.55,,
Sainsbury's Local,"Gifts, Parties, Toys",Gifts,Ferrero Rocher Gift Box of Chocolate 24 Pieces (300g),300g,£48.17/kg,14.45,,
Sainsbury's Local,"Gifts, Parties, Toys",Gifts,Glade Scented Candle Honey & Chocolate 112g,112g,£42.86/kg,4.80,,
Sainsbury's Local,"Gifts, Parties, Toys",Gifts,Guylian The Original Seashells 22 Chocolates with Hazelnut Praliné Filling 250g,250g,£41.20/kg,10.30,,
Sainsbury's Local,"Gifts, Parties, Toys",Gifts,Lily O'Brien's Desserts Collection 210g,210g,£62.62/kg,13.15,,
Sainsbury's Local,"Gifts, Parties, Toys",Gifts,Lindt Choco Wafer Milk Chocolate & Hazelnut Multipack Sharing Box 135g,135g,£64.44/kg,8.70,,
Sainsbury's Local,"Gifts, Parties, Toys",Gifts,Lindt Les Grandes Milk Chocolate Hazelnut Bar 150g,150g,£40.33/kg,6.05,,
Sainsbury's Local,"Gifts, Parties, Toys",Gifts,Lindt Lindor Assorted Chocolate Truffles Box 200g,200g,£48.50/kg,9.70,,
Sainsbury's Local,"Gifts, Parties, Toys",Gifts,Lindt Lindor Assorted Chocolate Truffles Box 337g,337g,£46.74/kg,15.75,,
Sainsbury's Local,"Gifts, Parties, Toys",Gifts,Lindt Lindor Blue Assorted Milk Chocolate Truffles Box 337g,337g,£46.74/kg,15.75,,
Sainsbury's Local,"Gifts, Parties, Toys",Gifts,Lindt Lindor Milk Chocolate Truffles Box 200g,200g,£48.50/kg,9.70,,
Sainsbury's Local,"Gifts, Parties, Toys",Gifts,Lindt Lindor Milk Chocolate Truffles Box 337g,337g,£46.74/kg,15.75,,
Sainsbury's Local,"Gifts, Parties, Toys",Gifts,Lindt Lindor Pistachio Milk Chocolate Truffles Box 200g,200g,£48.50/kg,9.70,,
Sainsbury's Local,"Gifts, Parties, Toys",Gifts,Lindt PREMIUM COLLECTION 250g,250g,£92.60/kg,23.15,,
Sainsbury's Local,"Gifts, Parties, Toys",Gifts,Maltesers Milk Chocolate Gift Box 110g,110g,£35.91/kg,3.95,,
Sainsbury's Local,"Gifts, Parties, Toys",Gifts,Monty Bojangles 9 Cocoa Dusted Flavours Magnificent Truffles 248g,248g,£50.40/kg,12.50,,
Sainsbury's Local,"Gifts, Parties, Toys",Gifts,Monty Bojangles Chocolatey Truffles,135g,£41.85/kg,5.65,,
Sainsbury's Local,"Gifts, Parties, Toys",Gifts,Quality Street 550g,550g,£16.64/kg,9.15,,
Sainsbury's Local,"Gifts, Parties, Toys",Gifts,Quality Street Matchmakers Cool Mint 110g,110g,£25.45/kg,2.80,,
Sainsbury's Local,"Gifts, Parties, Toys",Gifts,Raffaello Coconut and Almond Pralines Gift Box 23 Pieces 230g,230g,£41.52/kg,9.55,,
Sainsbury's Local,"Gifts, Parties, Toys",Gifts,Thorntons Classic 262g,262g,£46.56/kg,12.20,,
Sainsbury's Local,"Gifts, Parties, Toys","Gifts, Parties, Toys",After Eight Mint Dark Chocolate 300g,300g,£18.17/kg,5.45,,
Sainsbury's Local,"Gifts, Parties, Toys","Gifts, Parties, Toys","Baylis & Harding Oud, Cedar & Amber Natural Essentials Kit 3 x 150ml",3pk,£34.44/L,15.50,,
Sainsbury's Local,"Gifts, Parties, Toys","Gifts, Parties, Toys",Baylis & Harding Royale Garden Lavender & Rose Hip Tea Moisturising Hand & Nail Cream 3 x 50ml,3pk,£62.33/L,9.35,,
Sainsbury's Local,"Gifts, Parties, Toys","Gifts, Parties, Toys",Baylis & Harding Royale Garden Limited Edition Luxury Soap Set 3 x 100g,1pk,£8.80 each,8.80,,
Sainsbury's Local,"Gifts, Parties, Toys","Gifts, Parties, Toys",Cadbury Heroes Chocolate Assortment Carton 240 g,240g,£22.92/kg,5.50,,
Sainsbury's Local,"Gifts, Parties, Toys","Gifts, Parties, Toys",Cadbury Heroes Chocolate Box 290g,290g,£24.66/kg,7.15,,
Sainsbury's Local,"Gifts, Parties, Toys","Gifts, Parties, Toys",Cadbury Milk Tray Chocolate 312g,312g,£24.04/kg,7.50,,
Sainsbury's Local,"Gifts, Parties, Toys","Gifts, Parties, Toys",Celebrations Milk Chocolate Gift Box 300g,300g,£25.83/kg,7.75,,
Sainsbury's Local,"Gifts, Parties, Toys","Gifts, Parties, Toys",Celebrations Milk Chocolate Mini Box of Chocolates & Biscuit Bars 69g,69g,£21.74/kg,1.50,,
Sainsbury's Local,"Gifts, Parties, Toys","Gifts, Parties, Toys",Ferrero Collection Gift Box of Chocolates 15 Pieces (172g),172g,£55.52/kg,9.55,,
Sainsbury's Local,"Gifts, Parties, Toys","Gifts, Parties, Toys",Ferrero Rocher Chocolate Pralines Gift Box of Chocolate 16 Pieces (200g),200g,£47.75/kg,9.55,,
Sainsbury's Local,"Gifts, Parties, Toys","Gifts, Parties, Toys",Ferrero Rocher Gift Box of Chocolate 24 Pieces (300g),300g,£48.17/kg,14.45,,
Sainsbury's Local,"Gifts, Parties, Toys","Gifts, Parties, Toys",Glade Scented Candle Honey & Chocolate 112g,112g,£42.86/kg,4.80,,
Sainsbury's Local,"Gifts, Parties, Toys","Gifts, Parties, Toys",Guylian The Original Seashells 22 Chocolates with Hazelnut Praliné Filling 250g,250g,£41.20/kg,10.30,,
Sainsbury's Local,"Gifts, Parties, Toys","Gifts, Parties, Toys",Lily O'Brien's Desserts Collection 210g,210g,£62.62/kg,13.15,,
Sainsbury's Local,"Gifts, Parties, Toys","Gifts, Parties, Toys",Lindt Choco Wafer Milk Chocolate & Hazelnut Multipack Sharing Box 135g,135g,£64.44/kg,8.70,,
Sainsbury's Local,"Gifts, Parties, Toys","Gifts, Parties, Toys",Lindt Les Grandes Milk Chocolate Hazelnut Bar 150g,150g,£40.33/kg,6.05,,
Sainsbury's Local,"Gifts, Parties, Toys","Gifts, Parties, Toys",Lindt Lindor Assorted Chocolate Truffles Box 200g,200g,£48.50/kg,9.70,,
Sainsbury's Local,"Gifts, Parties, Toys","Gifts, Parties, Toys",Lindt Lindor Assorted Chocolate Truffles Box 337g,337g,£46.74/kg,15.75,,
Sainsbury's Local,"Gifts, Parties, Toys","Gifts, Parties, Toys",Lindt Lindor Blue Assorted Milk Chocolate Truffles Box 337g,337g,£46.74/kg,15.75,,
Sainsbury's Local,"Gifts, Parties, Toys","Gifts, Parties, Toys",Lindt Lindor Milk Chocolate Truffles Box 200g,200g,£48.50/kg,9.70,,
Sainsbury's Local,"Gifts, Parties, Toys","Gifts, Parties, Toys",Lindt Lindor Milk Chocolate Truffles Box 337g,337g,£46.74/kg,15.75,,
Sainsbury's Local,"Gifts, Parties, Toys","Gifts, Parties, Toys",Lindt Lindor Pistachio Milk Chocolate Truffles Box 200g,200g,£48.50/kg,9.70,,
Sainsbury's Local,"Gifts, Parties, Toys","Gifts, Parties, Toys",Lindt PREMIUM COLLECTION 250g,250g,£92.60/kg,23.15,,
Sainsbury's Local,"Gifts, Parties, Toys","Gifts, Parties, Toys",Maltesers Milk Chocolate Gift Box 110g,110g,£35.91/kg,3.95,,
Sainsbury's Local,"Gifts, Parties, Toys","Gifts, Parties, Toys",Monty Bojangles 9 Cocoa Dusted Flavours Magnificent Truffles 248g,248g,£50.40/kg,12.50,,
Sainsbury's Local,"Gifts, Parties, Toys","Gifts, Parties, Toys",Monty Bojangles Chocolatey Truffles,135g,£41.85/kg,5.65,,
Sainsbury's Local,"Gifts, Parties, Toys","Gifts, Parties, Toys",Quality Street 550g,550g,£16.64/kg,9.15,,
Sainsbury's Local,"Gifts, Parties, Toys","Gifts, Parties, Toys",Quality Street Matchmakers Cool Mint 110g,110g,£25.45/kg,2.80,,
Sainsbury's Local,"Gifts, Parties, Toys","Gifts, Parties, Toys",Raffaello Coconut and Almond Pralines Gift Box 23 Pieces 230g,230g,£41.52/kg,9.55,,
Sainsbury's Local,"Gifts, Parties, Toys","Gifts, Parties, Toys",Thorntons Classic 262g,262g,£46.56/kg,12.20,,
Sainsbury's Local,Health Care,Allergy & Hayfever,Beconase Hayfever Relief for Adults 0.05% Nasal Spray,100pk,£442.50/L,8.85,,
Sainsbury's Local,Health Care,Allergy & Hayfever,Benadryl Allergy One A Day 10mg Tablets Long Lasting Relief Tablets x14,14pk,£0.51 each,7.15,,
Sainsbury's Local,Health Care,Allergy & Hayfever,Benadryl Allergy Relief Capsules Fast Acting Antihistamine Capsules x12,12pk,£0.60 each,7.25,,
Sainsbury's Local,Health Care,Allergy & Hayfever,"Piriteze Children’s Hayfever & Allergy Syrup 2 years+, 70ml",70ml,£105.00/L,7.35,,
Sainsbury's Local,Health Care,Allergy & Hayfever,"Piriteze Hayfever & Allergy Antihistamine Tablets, 14s",14pk,£0.50 each,7.00,,
Sainsbury's Local,Health Care,Allergy & Hayfever,"Piriteze Hayfever & Allergy Antihistamine Tablets, 30s",30pk,£0.40 each,12.00,,
Sainsbury's Local,Health Care,Allergy & Hayfever,Sainsbury's Hayfever & Allergy Relief x30,30pk,£0.11 each,3.35,,
Sainsbury's Local,Health Care,Allergy & Hayfever,Sainsbury's Hayfever Loratadine One a Day Tablets 30,30pk,£0.11 each,3.35,,
Sainsbury's Local,Health Care,"Cough, Cold & Flu","Beechams Cold & Flu All in One Liquid, with Paracetamol, 160ml",160ml,£37.81/L,6.05,,
Sainsbury's Local,Health Care,"Cough, Cold & Flu","Beechams Max Strength Capsules, Cold & Flu Relief with Paracetamol, 16s",16pk,£0.45 each,7.25,,
Sainsbury's Local,Health Care,"Cough, Cold & Flu",Benylin Chesty Coughs Non Drowsy Syrup 150ml,150ml,£48.00/L,7.20,,
Sainsbury's Local,Health Care,"Cough, Cold & Flu",Benylin Children's Dry Cough & Sore Throat Syrup 125ml,125ml,£47.20/L,5.90,,
Sainsbury's Local,Health Care,"Cough, Cold & Flu",Buttercup Bronchostop Cough Pastilles 40 Pastilles,40pk,£0.29 each,11.55,,
Sainsbury's Local,Health Care,"Cough, Cold & Flu",Buttercup Bronchostop Cough Syrup 120ml,120ml,£73.33/L,8.80,,
Sainsbury's Local,Health Care,"Cough, Cold & Flu",Covonia Dry & Tickly Cough Linctus 150ml,150ml,£40.33/L,6.05,,
Sainsbury's Local,Health Care,"Cough, Cold & Flu",Halls Soothers Blackcurrant Lozenge 45g,45g,£24.44/kg,1.10,,
Sainsbury's Local,Health Care,"Cough, Cold & Flu",Jakemans Throat & Chest Soothing Menthol Lozenges 73g,73g,£17.12/kg,1.25,,
Sainsbury's Local,Health Care,"Cough, Cold & Flu",Lemsip Max Cold & Flu 16 Capsules,16pk,£0.38 each,6.00,,
Sainsbury's Local,Health Care,"Cough, Cold & Flu",Lemsip Max Cold & Flu Blackcurrant 10 Sachets,10pk,£0.74 each,7.40,,
Sainsbury's Local,Health Care,"Cough, Cold & Flu",Lemsip Max Cold & Flu Lemon 10 Sachets,10pk,£0.74 each,7.40,,
Sainsbury's Local,Health Care,"Cough, Cold & Flu",Lemsip Max Day & Night Cold & Flu Relief Capsules 16 Capsules,16pk,£0.46 each,7.40,,
Sainsbury's Local,Health Care,"Cough, Cold & Flu",Lockets Honey & Lemon Cough Sweet Menthol Lozenges 41g,41g,£26.83/kg,1.10,,
Sainsbury's Local,Health Care,"Cough, Cold & Flu",Otrivine Blocked Nose Relief Decongestant Nasal Spray 10ml,10ml,£555.00/L,5.55,,
Sainsbury's Local,Health Care,"Cough, Cold & Flu",Sainsbury's + Healthcare Max Strength Cold & Flu Day & Night Capsules 16 Capsules,16pk,£0.16 each,2.50,,
Sainsbury's Local,Health Care,"Cough, Cold & Flu",Sainsbury's + Healthcare Max Strength Cold & Flu Relief Lemon Flavour 10 Sachets,10pk,£0.35 each,3.50,,
Sainsbury's Local,Health Care,"Cough, Cold & Flu",Strepsils Extra Triple Action Blackcurrant Lozenges 24 Lozenges,24pk,£0.32 each,7.70,,
Sainsbury's Local,Health Care,"Cough, Cold & Flu",Strepsils Honey & Lemon Lozenges x36 for Sore Throat,36pk,£0.18 each,6.40,,
Sainsbury's Local,Health Care,"Cough, Cold & Flu",Sudafed Blocked Nose Spray Congestion Relief Lasts Up to 10 Hours 15ml,15ml,£426.67/L,6.40,,
Sainsbury's Local,Health Care,"Cough, Cold & Flu",Sudafed Sinus Max Strength Capsules x16,16pk,£0.40 each,6.40,,
Sainsbury's Local,Health Care,"Cough, Cold & Flu",Ultra Chloraseptic Anaesthetic Throat Spray Original Menthol Flavour 15ml,15ml,£463.33/L,6.95,,
Sainsbury's Local,Health Care,"Cough, Cold & Flu",Vicks First Defence Cold Virus Blocker Nasal Spray Bottle 15ml,15ml,£586.67/L,8.80,,
Sainsbury's Local,Health Care,"Cough, Cold & Flu",Vicks Inhaler fast acting medicine for blocked nose relief Stick,1pk,£3.30 each,3.30,,
Sainsbury's Local,Health Care,"Cough, Cold & Flu","Vicks VapoRub, Relief of Cough Cold and Flu like Symptoms, Jar 100g",100g,£74.00/kg,7.40,,
Sainsbury's Local,Health Care,Digestive Health,Anusol Cream for hemorrhoids and piles treatment 23g,23g,£258.70/kg,5.95,,
Sainsbury's Local,Health Care,Digestive Health,Dulcolax Adult 20 Tablets,20pk,£0.21 each,4.10,,
Sainsbury's Local,Health Care,Digestive Health,Gaviscon Double Action Heartburn & Indigestion Liquid Mint Flavour 150ml,150ml,£57.67/L,8.65,,
Sainsbury's Local,Health Care,Digestive Health,Gaviscon Double Action Mint Flavour 24 Chewable Tablets,24pk,£0.31 each,7.50,,
Sainsbury's Local,Health Care,Digestive Health,Gaviscon Double Action Mixed Berries Flavour 24 Chewable Tablets,24pk,£0.31 each,7.50,,
Sainsbury's Local,Health Care,Digestive Health,Imodium Instants For On The Go Diarrhoea Relief Tablets x6,6pk,£1.09 each,6.55,,
Sainsbury's Local,Health Care,Digestive Health,Liquid IV Hydration Multiplier* Lemon Lime Electrolyte Powder Mix Food Supplement 3 sachets,48g,£123.96/kg,5.95,,
Sainsbury's Local,Health Care,Digestive Health,Liquid IV Hydration Multiplier* Lemon Lime Electrolyte Powder Mix Food Supplement 6 sachets,96g,£122.92/kg,11.80,,
Sainsbury's Local,Health Care,Digestive Health,Liquid IV Hydration Multiplier* Passion Fruit Electrolyte Powder Mix Food Supplement 3 sachets,16g,£409.38/kg,6.55,,
Sainsbury's Local,Health Care,Digestive Health,Liquid IV Hydration Multiplier* Passion Fruit Electrolyte Powder Mix Food Supplement 6 sachets,96g,£122.92/kg,11.80,,
Sainsbury's Local,Health Care,Digestive Health,"Nexium Control Heartburn & Indigestion Tablets, 7",7pk,£1.18 each,8.25,,
Sainsbury's Local,Health Care,Digestive Health,Rennie Peppermint 24 Chewable Tablets,24pk,£0.17 each,4.10,,
Sainsbury's Local,Health Care,Digestive Health,Rennie Spearmint 24 Chewable Tablets,24pk,£0.17 each,4.10,,
Sainsbury's Local,Health Care,Digestive Health,Sainsbury's Healthcare Anti-Diarrhoea Instants 2mg Orodispersible 6 Tablets,6pk,£0.38 each,2.25,,
Sainsbury's Local,Health Care,Digestive Health,Science in Sport Hydro Lemon + Electrolyte 20 x 4.2g,20pk,£100.00/kg,8.40,,
Sainsbury's Local,Health Care,Digestive Health,Senokot 7.5mg Tablets Adult Senna Fruit 20 Tablets,20pk,£0.24 each,4.75,,
Sainsbury's Local,Health Care,Eye & Ear Care,Optrex Moisturising Eye Drops 10ml,10ml,£660.00/L,6.60,,
Sainsbury's Local,Health Care,Eye & Ear Care,Sainsbury's Everyday Health Dry Eyes Eye Drops 10ml,10ml,£330.00/L,3.30,,
Sainsbury's Local,Health Care,Eye & Ear Care,Sainsbury's Health Matters All-In-One Contact Lens Solution 250ml,250ml,£20.00/L,5.00,,
Sainsbury's Local,Health Care,First Aid,Compeed Medium 6 Blister Plasters,6pk,£1.18 each,7.05,,
Sainsbury's Local,Health Care,First Aid,Dettol Original Liquid Antiseptic Disinfectant for First Aid 500ml,500ml,£10.80/L,5.40,,
Sainsbury's Local,Health Care,First Aid,Elastoplast Fabric 40 Plasters,40pk,£0.09 each,3.50,,
Sainsbury's Local,Health Care,First Aid,Elastoplast Water Resistant Plastic Plasters (40 Pcs),40pk,£0.09 each,3.50,,
Sainsbury's Local,Health Care,First Aid,Sainsbury's Fabric Dark Plasters Assorted x40,40pk,£0.04 each,1.65,,
Sainsbury's Local,Health Care,First Aid,Savlon Antiseptic Cream 30g,30g,£106.67/kg,3.20,,
Sainsbury's Local,Health Care,Foot Care,Canesten Athlete's Foot 1% w/w Cream 30g,30g,£246.67/kg,7.40,,
Sainsbury's Local,Health Care,Foot Care,Profoot Corn Wraps,12pk,£0.37 each,4.40,,
Sainsbury's Local,Health Care,Foot Care,Scholl Advance Athlete's Foot Cream Anti-Fungal 15g,15g,£496.67/kg,7.45,,
Sainsbury's Local,Health Care,Health Care,Alka-Seltzer 20 XS Double Action Pain Relief Effervescent Tablets,20pk,£0.35 each,6.90,,
Sainsbury's Local,Health Care,Health Care,Always Discreet Incontinence Pads Women Long 10 Count,10pk,£0.31 each,3.05,,
Sainsbury's Local,Health Care,Health Care,"Anadin Extra Aspirin, Paracetamol, & Caffeine Caplets, 16s",16pk,£0.15 each,2.40,3.00,£0.60 off
Sainsbury's Local,Health Care,Health Care,Anusol Cream for hemorrhoids and piles treatment 23g,23g,£258.70/kg,5.95,,
Sainsbury's Local,Health Care,Health Care,Bassetts Vitamins Adult Multivitamins 30 Pastilles Raspberry & Pomegranate Flavour,30pk,£0.30 each,9.00,,
Sainsbury's Local,Health Care,Health Care,Beconase Hayfever Relief for Adults 0.05% Nasal Spray,100pk,£442.50/L,8.85,,
Sainsbury's Local,Health Care,Health Care,"Beechams Cold & Flu All in One Liquid, with Paracetamol, 160ml",160ml,£37.81/L,6.05,,
Sainsbury's Local,Health Care,Health Care,"Beechams Max Strength Capsules, Cold & Flu Relief with Paracetamol, 16s",16pk,£0.45 each,7.25,,
Sainsbury's Local,Health Care,Health Care,Bell's Healthcare 16 Ibuprofen 200mg Coated Tablets,16pk,£0.06 each,0.90,,
Sainsbury's Local,Health Care,Health Care,Bell's Healthcare Paracetamol 500mg 16 Tablets,16pk,£0.04 each,0.60,,
Sainsbury's Local,Health Care,Health Care,Benadryl Allergy One A Day 10mg Tablets Long Lasting Relief Tablets x14,14pk,£0.51 each,7.15,,
Sainsbury's Local,Health Care,Health Care,Benadryl Allergy Relief Capsules Fast Acting Antihistamine Capsules x12,12pk,£0.60 each,7.25,,
Sainsbury's Local,Health Care,Health Care,Benylin Chesty Coughs Non Drowsy Syrup 150ml,150ml,£48.00/L,7.20,,
Sainsbury's Local,Health Care,Health Care,Benylin Children's Dry Cough & Sore Throat Syrup 125ml,125ml,£47.20/L,5.90,,
Sainsbury's Local,Health Care,Health Care,Berocca 15 Natural Orange Flavour Effervescent Tablets,15pk,£0.52 each,7.75,,
Sainsbury's Local,Health Care,Health Care,"Bonjela Adult Ulcer Sugar Free Gel, 15g",15g,£490.00/kg,7.35,,
Sainsbury's Local,Health Care,Health Care,Buttercup Bronchostop Cough Pastilles 40 Pastilles,40pk,£0.29 each,11.55,,
Sainsbury's Local,Health Care,Health Care,Buttercup Bronchostop Cough Syrup 120ml,120ml,£73.33/L,8.80,,
Sainsbury's Local,Health Care,Health Care,CanesOasis Cystitis Relief 4g Granules for Oral Solution Cranberry Flavour 6 Sachets,6pk,£1.23 each,7.35,,
Sainsbury's Local,Health Care,Health Care,Canesten Athlete's Foot 1% w/w Cream 30g,30g,£246.67/kg,7.40,,
Sainsbury's Local,Health Care,Health Care,Canesten Thrush Combi Pessary & External Cream 500g,10g,"£1,920.00/kg",19.20,,
Sainsbury's Local,Health Care,Health Care,"Clearblue Pregnancy Test Digital with Weeks Indicator, 2 Digital Tests",2pk,£8.98 each,17.95,,
Sainsbury's Local,Health Care,Health Care,Compeed Medium 6 Blister Plasters,6pk,£1.18 each,7.05,,
Sainsbury's Local,Health Care,Health Care,Covonia Dry & Tickly Cough Linctus 150ml,150ml,£40.33/L,6.05,,
Sainsbury's Local,Health Care,Health Care,Dettol Original Liquid Antiseptic Disinfectant for First Aid 500ml,500ml,£10.80/L,5.40,,
Sainsbury's Local,Health Care,Health Care,Dulcolax Adult 20 Tablets,20pk,£0.21 each,4.10,,
Sainsbury's Local,Health Care,Health Care,Durex Extra Safe 12 Condoms,12pk,£1.13 each,13.50,,
Sainsbury's Local,Health Care,Health Care,Durex Extra Safe 3,3pk,£1.78 each,5.35,,
Sainsbury's Local,Health Care,Health Care,Durex Intense Orgasmic Gel 10ml,10ml,£600.00/L,6.00,,
Sainsbury's Local,Health Care,Health Care,Durex Play Silicone Based Perfect Glide Lubricant Gel 50ml,50ml,£258.00/L,12.90,,
Sainsbury's Local,Health Care,Health Care,Durex Thin Feel 3 Condoms,3pk,£1.87 each,5.60,,
Sainsbury's Local,Health Care,Health Care,Durex Thin Feel 6 Condoms,6pk,£1.46 each,8.75,,
Sainsbury's Local,Health Care,Health Care,Elastoplast Fabric 40 Plasters,40pk,£0.09 each,3.50,,
Sainsbury's Local,Health Care,Health Care,Elastoplast Water Resistant Plastic Plasters (40 Pcs),40pk,£0.09 each,3.50,,
Sainsbury's Local,Health Care,Health Care,Flowflex SARS-CoV-2 Antigen Rapid Test (Self-Testing) 5 Tests,5pk,£2.00 each,10.00,,
Sainsbury's Local,Health Care,Health Care,Gaviscon Double Action Heartburn & Indigestion Liquid Mint Flavour 150ml,150ml,£57.67/L,8.65,,
Sainsbury's Local,Health Care,Health Care,Gaviscon Double Action Mint Flavour 24 Chewable Tablets,24pk,£0.31 each,7.50,,
Sainsbury's Local,Health Care,Health Care,Gaviscon Double Action Mixed Berries Flavour 24 Chewable Tablets,24pk,£0.31 each,7.50,,
Sainsbury's Local,Health Care,Health Care,Halls Soothers Blackcurrant Lozenge 45g,45g,£24.44/kg,1.10,,
Sainsbury's Local,Health Care,Health Care,Hedrin Once Spray Gel 100ml,100ml,£144.50/L,14.45,,
Sainsbury's Local,Health Care,Health Care,Imodium Instants For On The Go Diarrhoea Relief Tablets x6,6pk,£1.09 each,6.55,,
Sainsbury's Local,Health Care,Health Care,Jakemans Throat & Chest Soothing Menthol Lozenges 73g,73g,£17.12/kg,1.25,,
Sainsbury's Local,Health Care,Health Care,Lemsip Max Cold & Flu 16 Capsules,16pk,£0.38 each,6.00,,
Sainsbury's Local,Health Care,Health Care,Lemsip Max Cold & Flu Blackcurrant 10 Sachets,10pk,£0.74 each,7.40,,
Sainsbury's Local,Health Care,Health Care,Lemsip Max Cold & Flu Lemon 10 Sachets,10pk,£0.74 each,7.40,,
Sainsbury's Local,Health Care,Health Care,Lemsip Max Day & Night Cold & Flu Relief Capsules 16 Capsules,16pk,£0.46 each,7.40,,
Sainsbury's Local,Health Care,Health Care,Liquid IV Hydration Multiplier* Lemon Lime Electrolyte Powder Mix Food Supplement 3 sachets,48g,£123.96/kg,5.95,,
Sainsbury's Local,Health Care,Health Care,Liquid IV Hydration Multiplier* Lemon Lime Electrolyte Powder Mix Food Supplement 6 sachets,96g,£122.92/kg,11.80,,
Sainsbury's Local,Health Care,Health Care,Liquid IV Hydration Multiplier* Passion Fruit Electrolyte Powder Mix Food Supplement 3 sachets,16g,£409.38/kg,6.55,,
Sainsbury's Local,Health Care,Health Care,Liquid IV Hydration Multiplier* Passion Fruit Electrolyte Powder Mix Food Supplement 6 sachets,96g,£122.92/kg,11.80,,
Sainsbury's Local,Health Care,Health Care,Lockets Honey & Lemon Cough Sweet Menthol Lozenges 41g,41g,£26.83/kg,1.10,,
Sainsbury's Local,Health Care,Health Care,"Nexium Control Heartburn & Indigestion Tablets, 7",7pk,£1.18 each,8.25,,
Sainsbury's Local,Health Care,Health Care,Nurofen 200mg Tablets 16 Tablets,16pk,£0.16 each,2.55,,
Sainsbury's Local,Health Care,Health Care,Nurofen Express 256mg Pain Relief Caplets x16,16pk,£0.28 each,4.50,,
Sainsbury's Local,Health Care,Health Care,Nurofen Express Pain Relief 200mg Liquid Capsules x16,16pk,£0.32 each,5.10,,
Sainsbury's Local,Health Care,Health Care,"Nurofen Migraine Pain Caplets, Pack of 12",12pk,£0.38 each,4.50,,
Sainsbury's Local,Health Care,Health Care,Nuromol Dual Action Pain Relief 200mg/500mg 12 Tablets,12pk,£0.45 each,5.45,,
Sainsbury's Local,Health Care,Health Care,Nuromol Dual Action Pain Relief 200mg/500mg 16 Tablets,16pk,£0.41 each,6.60,,
Sainsbury's Local,Health Care,Health Care,Optimum Nutrition Gold Standard Pre-Workout Shot Mixed Berry 60ml,60ml,£40.00/L,2.40,,
Sainsbury's Local,Health Care,Health Care,Optrex Moisturising Eye Drops 10ml,10ml,£660.00/L,6.60,,
Sainsbury's Local,Health Care,Health Care,Otrivine Blocked Nose Relief Decongestant Nasal Spray 10ml,10ml,£555.00/L,5.55,,
Sainsbury's Local,Health Care,Health Care,"Panadol Advance Pain Relief Tablets, 500 mg Paracetamol Tablets, Pack of 16",16pk,£0.16 each,2.55,,
Sainsbury's Local,Health Care,Health Care,"Panadol Extra Advance Tablets 16s, 500mg Paracetamol and 65mg Caffeine Tablets. For Pain Relief.",16pk,£0.26 each,4.15,,
Sainsbury's Local,Health Care,Health Care,Panadol Extra Soluble Paracetamol Tablets 500mg 24s,24pk,£0.29 each,7.00,,
Sainsbury's Local,Health Care,Health Care,"Piriteze Children’s Hayfever & Allergy Syrup 2 years+, 70ml",70ml,£105.00/L,7.35,,
Sainsbury's Local,Health Care,Health Care,"Piriteze Hayfever & Allergy Antihistamine Tablets, 14s",14pk,£0.50 each,7.00,,
Sainsbury's Local,Health Care,Health Care,"Piriteze Hayfever & Allergy Antihistamine Tablets, 30s",30pk,£0.40 each,12.00,,
Sainsbury's Local,Health Care,Health Care,Profoot Corn Wraps,12pk,£0.37 each,4.40,,
Sainsbury's Local,Health Care,Health Care,Rennie Peppermint 24 Chewable Tablets,24pk,£0.17 each,4.10,,
Sainsbury's Local,Health Care,Health Care,Rennie Spearmint 24 Chewable Tablets,24pk,£0.17 each,4.10,,
Sainsbury's Local,Health Care,Health Care,Sainsbury's + Healthcare Ibuprofen 200mg Capsules 16 Capsules,16pk,£0.07 each,1.10,,
Sainsbury's Local,Health Care,Health Care,Sainsbury's + Healthcare Max Strength Cold & Flu Day & Night Capsules 16 Capsules,16pk,£0.16 each,2.50,,
Sainsbury's Local,Health Care,Health Care,Sainsbury's + Healthcare Max Strength Cold & Flu Relief Lemon Flavour 10 Sachets,10pk,£0.35 each,3.50,,
Sainsbury's Local,Health Care,Health Care,Sainsbury's 20 Health Matters Immunity Vitamin C Orange Flavour Effervescent 1000mg,20pk,£0.08 each,1.65,,
Sainsbury's Local,Health Care,Health Care,Sainsbury's Aspirin 300mg Tablets 16 Tablets,16pk,£0.03 each,0.55,,
Sainsbury's Local,Health Care,Health Care,Sainsbury's Everyday Health Dry Eyes Eye Drops 10ml,10ml,£330.00/L,3.30,,
Sainsbury's Local,Health Care,Health Care,Sainsbury's Fabric Dark Plasters Assorted x40,40pk,£0.04 each,1.65,,
Sainsbury's Local,Health Care,Health Care,Sainsbury's Hayfever & Allergy Relief x30,30pk,£0.11 each,3.35,,
Sainsbury's Local,Health Care,Health Care,Sainsbury's Hayfever Loratadine One a Day Tablets 30,30pk,£0.11 each,3.35,,
Sainsbury's Local,Health Care,Health Care,Sainsbury's Health Matters All-In-One Contact Lens Solution 250ml,250ml,£20.00/L,5.00,,
Sainsbury's Local,Health Care,Health Care,Sainsbury's Healthcare Anti-Diarrhoea Instants 2mg Orodispersible 6 Tablets,6pk,£0.38 each,2.25,,
Sainsbury's Local,Health Care,Health Care,Sainsbury's Healthcare Paracetamol 500mg Capsules 16 Capsules,16pk,£0.05 each,0.85,,
Sainsbury's Local,Health Care,Health Care,Savlon Antiseptic Cream 30g,30g,£106.67/kg,3.20,,
Sainsbury's Local,Health Care,Health Care,Scholl Advance Athlete's Foot Cream Anti-Fungal 15g,15g,£496.67/kg,7.45,,
Sainsbury's Local,Health Care,Health Care,Science in Sport Hydro Lemon + Electrolyte 20 x 4.2g,20pk,£100.00/kg,8.40,,
Sainsbury's Local,Health Care,Health Care,Senokot 7.5mg Tablets Adult Senna Fruit 20 Tablets,20pk,£0.24 each,4.75,,
Sainsbury's Local,Health Care,Health Care,Strepsils Extra Triple Action Blackcurrant Lozenges 24 Lozenges,24pk,£0.32 each,7.70,,
Sainsbury's Local,Health Care,Health Care,Strepsils Honey & Lemon Lozenges x36 for Sore Throat,36pk,£0.18 each,6.40,,
Sainsbury's Local,Health Care,Health Care,Sudafed Blocked Nose Spray Congestion Relief Lasts Up to 10 Hours 15ml,15ml,£426.67/L,6.40,,
Sainsbury's Local,Health Care,Health Care,Sudafed Sinus Max Strength Capsules x16,16pk,£0.40 each,6.40,,
Sainsbury's Local,Health Care,Health Care,TENA Discreet Normal Incontinence Pads x 12,12pk,£0.28 each,3.30,,
Sainsbury's Local,Health Care,Health Care,TENA Incontinence Pants Protect+ Super Large 12 Pack,12pk,£1.28 each,15.40,,
Sainsbury's Local,Health Care,Health Care,TENA lights Long Liner 20 pack,20pk,£0.14 each,2.75,,
Sainsbury's Local,Health Care,Health Care,Ultra Chloraseptic Anaesthetic Throat Spray Original Menthol Flavour 15ml,15ml,£463.33/L,6.95,,
Sainsbury's Local,Health Care,Health Care,Vagisil Fast Relief Medicated Creme 30g,30g,£223.33/kg,6.70,,
Sainsbury's Local,Health Care,Health Care,Vicks First Defence Cold Virus Blocker Nasal Spray Bottle 15ml,15ml,£586.67/L,8.80,,
Sainsbury's Local,Health Care,Health Care,Vicks Inhaler fast acting medicine for blocked nose relief Stick,1pk,£3.30 each,3.30,,
Sainsbury's Local,Health Care,Health Care,"Vicks VapoRub, Relief of Cough Cold and Flu like Symptoms, Jar 100g",100g,£74.00/kg,7.40,,
Sainsbury's Local,Health Care,Health Care,Voltarol Joint & Back Pain Relief 2.32% Gel 50g,50g,£281.00/kg,14.05,,
Sainsbury's Local,Health Care,Health Care,"Zovirax Cold Sore Treatment Cream, Tube 2g",2g,"£4,525.00/kg",9.05,,
Sainsbury's Local,Health Care,"Holiday Ready, Festival Set",Elastoplast Water Resistant Plastic Plasters (40 Pcs),40pk,£0.09 each,3.50,,
Sainsbury's Local,Health Care,In Store Prices,Sainsbury's + Healthcare Ibuprofen 200mg Capsules 16 Capsules,16pk,£0.07 each,1.10,,
Sainsbury's Local,Health Care,Incontinence,Always Discreet Incontinence Pads Women Long 10 Count,10pk,£0.31 each,3.05,,
Sainsbury's Local,Health Care,Incontinence,TENA Discreet Normal Incontinence Pads x 12,12pk,£0.28 each,3.30,,
Sainsbury's Local,Health Care,Incontinence,TENA Incontinence Pants Protect+ Super Large 12 Pack,12pk,£1.28 each,15.40,,
Sainsbury's Local,Health Care,Incontinence,TENA lights Long Liner 20 pack,20pk,£0.14 each,2.75,,
Sainsbury's Local,Health Care,Offers,"Anadin Extra Aspirin, Paracetamol, & Caffeine Caplets, 16s",16pk,£0.15 each,2.40,3.00,£0.60 off
Sainsbury's Local,Health Care,Pain Relief,Alka-Seltzer 20 XS Double Action Pain Relief Effervescent Tablets,20pk,£0.35 each,6.90,,
Sainsbury's Local,Health Care,Pain Relief,"Anadin Extra Aspirin, Paracetamol, & Caffeine Caplets, 16s",16pk,£0.15 each,2.40,3.00,£0.60 off
Sainsbury's Local,Health Care,Pain Relief,Bell's Healthcare 16 Ibuprofen 200mg Coated Tablets,16pk,£0.06 each,0.90,,
Sainsbury's Local,Health Care,Pain Relief,Bell's Healthcare Paracetamol 500mg 16 Tablets,16pk,£0.04 each,0.60,,
Sainsbury's Local,Health Care,Pain Relief,"Bonjela Adult Ulcer Sugar Free Gel, 15g",15g,£490.00/kg,7.35,,
Sainsbury's Local,Health Care,Pain Relief,Nurofen 200mg Tablets 16 Tablets,16pk,£0.16 each,2.55,,
Sainsbury's Local,Health Care,Pain Relief,Nurofen Express 256mg Pain Relief Caplets x16,16pk,£0.28 each,4.50,,
Sainsbury's Local,Health Care,Pain Relief,Nurofen Express Pain Relief 200mg Liquid Capsules x16,16pk,£0.32 each,5.10,,
Sainsbury's Local,Health Care,Pain Relief,"Nurofen Migraine Pain Caplets, Pack of 12",12pk,£0.38 each,4.50,,
Sainsbury's Local,Health Care,Pain Relief,Nuromol Dual Action Pain Relief 200mg/500mg 12 Tablets,12pk,£0.45 each,5.45,,
Sainsbury's Local,Health Care,Pain Relief,Nuromol Dual Action Pain Relief 200mg/500mg 16 Tablets,16pk,£0.41 each,6.60,,
Sainsbury's Local,Health Care,Pain Relief,"Panadol Advance Pain Relief Tablets, 500 mg Paracetamol Tablets, Pack of 16",16pk,£0.16 each,2.55,,
Sainsbury's Local,Health Care,Pain Relief,"Panadol Extra Advance Tablets 16s, 500mg Paracetamol and 65mg Caffeine Tablets. For Pain Relief.",16pk,£0.26 each,4.15,,
Sainsbury's Local,Health Care,Pain Relief,Panadol Extra Soluble Paracetamol Tablets 500mg 24s,24pk,£0.29 each,7.00,,
Sainsbury's Local,Health Care,Pain Relief,Sainsbury's + Healthcare Ibuprofen 200mg Capsules 16 Capsules,16pk,£0.07 each,1.10,,
Sainsbury's Local,Health Care,Pain Relief,Sainsbury's Aspirin 300mg Tablets 16 Tablets,16pk,£0.03 each,0.55,,
Sainsbury's Local,Health Care,Pain Relief,Sainsbury's Healthcare Paracetamol 500mg Capsules 16 Capsules,16pk,£0.05 each,0.85,,
Sainsbury's Local,Health Care,Pain Relief,Voltarol Joint & Back Pain Relief 2.32% Gel 50g,50g,£281.00/kg,14.05,,
Sainsbury's Local,Health Care,Pain Relief,"Zovirax Cold Sore Treatment Cream, Tube 2g",2g,"£4,525.00/kg",9.05,,
Sainsbury's Local,Health Care,Pharmacy,CanesOasis Cystitis Relief 4g Granules for Oral Solution Cranberry Flavour 6 Sachets,6pk,£1.23 each,7.35,,
Sainsbury's Local,Health Care,Pharmacy,Canesten Thrush Combi Pessary & External Cream 500g,10g,"£1,920.00/kg",19.20,,
Sainsbury's Local,Health Care,Pharmacy,Flowflex SARS-CoV-2 Antigen Rapid Test (Self-Testing) 5 Tests,5pk,£2.00 each,10.00,,
Sainsbury's Local,Health Care,Pharmacy,Hedrin Once Spray Gel 100ml,100ml,£144.50/L,14.45,,
Sainsbury's Local,Health Care,Pharmacy,Vagisil Fast Relief Medicated Creme 30g,30g,£223.33/kg,6.70,,
Sainsbury's Local,Health Care,Sexual Health & Wellness,"Clearblue Pregnancy Test Digital with Weeks Indicator, 2 Digital Tests",2pk,£8.98 each,17.95,,
Sainsbury's Local,Health Care,Sexual Health & Wellness,Durex Extra Safe 12 Condoms,12pk,£1.13 each,13.50,,
Sainsbury's Local,Health Care,Sexual Health & Wellness,Durex Extra Safe 3,3pk,£1.78 each,5.35,,
Sainsbury's Local,Health Care,Sexual Health & Wellness,Durex Intense Orgasmic Gel 10ml,10ml,£600.00/L,6.00,,
Sainsbury's Local,Health Care,Sexual Health & Wellness,Durex Play Silicone Based Perfect Glide Lubricant Gel 50ml,50ml,£258.00/L,12.90,,
Sainsbury's Local,Health Care,Sexual Health & Wellness,Durex Thin Feel 3 Condoms,3pk,£1.87 each,5.60,,
Sainsbury's Local,Health Care,Sexual Health & Wellness,Durex Thin Feel 6 Condoms,6pk,£1.46 each,8.75,,
Sainsbury's Local,Health Care,Suncare & Travel,Sainsbury's Hayfever Loratadine One a Day Tablets 30,30pk,£0.11 each,3.35,,
Sainsbury's Local,Health Care,Vitamins & Supplements,Bassetts Vitamins Adult Multivitamins 30 Pastilles Raspberry & Pomegranate Flavour,30pk,£0.30 each,9.00,,
Sainsbury's Local,Health Care,Vitamins & Supplements,Berocca 15 Natural Orange Flavour Effervescent Tablets,15pk,£0.52 each,7.75,,
Sainsbury's Local,Health Care,Vitamins & Supplements,Optimum Nutrition Gold Standard Pre-Workout Shot Mixed Berry 60ml,60ml,£40.00/L,2.40,,
Sainsbury's Local,Health Care,Vitamins & Supplements,Sainsbury's 20 Health Matters Immunity Vitamin C Orange Flavour Effervescent 1000mg,20pk,£0.08 each,1.65,,
Sainsbury's Local,Ice Cream,Ice Cream,Ben & Jerry's Caramel Chew-Chew Ice Cream Tub 465 ml,465ml,£12.58/L,5.85,,
Sainsbury's Local,Ice Cream,Ice Cream,Ben & Jerry's Chocolate Fudge Brownie Ice Cream Tub 465 ml,465ml,£12.58/L,5.85,,
Sainsbury's Local,Ice Cream,Ice Cream,Ben & Jerry's Churrifically Churros-y Ice Cream Tub 465 ML,465ml,£12.58/L,5.85,,
Sainsbury's Local,Ice Cream,Ice Cream,Ben & Jerry's Cookie Dough Ice Cream Tub 465ml,465ml,£12.58/L,5.85,,
Sainsbury's Local,Ice Cream,Ice Cream,Ben & Jerry's Half Baked Ice Cream Tub 465 ml,465ml,£12.58/L,5.85,,
Sainsbury's Local,Ice Cream,Ice Cream,Ben & Jerry's Ice Cream Dulce De-lish Sundae 427ml,427ml,£9.37/L,4.00,5.95,£1.95 off
Sainsbury's Local,Ice Cream,Ice Cream,Ben & Jerry's Ice Cream Tub Cookie Vermont-ster Sundae 427 ml,427ml,£9.37/L,4.00,5.95,£1.95 off
Sainsbury's Local,Ice Cream,Ice Cream,Ben & Jerry's Ice Cream Tub Non-Dairy Bohemian Raspberry 465 ML,465ml,£8.60/L,4.00,5.95,£1.95 off
Sainsbury's Local,Ice Cream,Ice Cream,Ben & Jerry's Minter Wonderland Ice Cream Tub 465 ML,465ml,£14.19/L,6.60,,
Sainsbury's Local,Ice Cream,Ice Cream,Ben & Jerry's Non Dairy Cookies on Cookie Dough Ice Cream Tub 465ml,465ml,£8.60/L,4.00,5.95,£1.95 off
Sainsbury's Local,Ice Cream,Ice Cream,Ben & Jerry's Phish Food Ice Cream Tub 465 ml,465ml,£12.58/L,5.85,,
Sainsbury's Local,Ice Cream,Ice Cream,Ben & Jerry's Sundae Ice Cream Tub Brookies & Cream 427 ML,427ml,£9.37/L,4.00,5.95,£1.95 off
Sainsbury's Local,Ice Cream,Ice Cream,Cadbury Flake 99 125ml,125ml,£22.40/L,2.80,,
Sainsbury's Local,Ice Cream,Ice Cream,Cadbury Flake 99 Cones 4 x 125ml (500ml),4pk,£12.00/L,6.00,,
Sainsbury's Local,Ice Cream,Ice Cream,Carte D'or Madagascan Vanilla Ice Cream Tub 900 ml,900ml,£3.39/L,3.05,4.80,£1.75 off
Sainsbury's Local,Ice Cream,Ice Cream,Cornetto Classico Ice Cream Cone 6x 90 ml,540ml,£5.09/L,2.75,4.15,£1.40 off
Sainsbury's Local,Ice Cream,Ice Cream,Cornetto Strawberry Ice Cream Cone 6x 90 ml,540ml,£5.09/L,2.75,4.15,£1.40 off
Sainsbury's Local,Ice Cream,Ice Cream,Fab Strawberry Ice Lollies 6x58ml,6pk,£8.33/L,2.90,,
Sainsbury's Local,Ice Cream,Ice Cream,Heartbrand Calippo Orange Ice Lolly 105 ml,105ml,£16.19/L,1.70,,
Sainsbury's Local,Ice Cream,Ice Cream,Heartbrand Twister Mini Pineapple Ice Lolly 6x 50 ml,300ml,£10.83/L,3.25,,
Sainsbury's Local,Ice Cream,Ice Cream,Häagen-Dazs Belgian Chocolate Ice Cream 400g,460ml,£8.59/L,3.95,6.00,£2.05 off
Sainsbury's Local,Ice Cream,Ice Cream,Häagen-Dazs Cookies & Cream Ice Cream 460ml,460ml,£8.59/L,3.95,6.00,£2.05 off
Sainsbury's Local,Ice Cream,Ice Cream,Häagen-Dazs Mini Cups Fruit Collection Ice Cream 4 x 95ml,4pk,£10.39/L,3.95,6.10,£2.15 off
Sainsbury's Local,Ice Cream,Ice Cream,Häagen-Dazs Pistachio & Cream 347g,420ml,£15.60/L,6.55,,
Sainsbury's Local,Ice Cream,Ice Cream,Häagen-Dazs Salted Caramel Ice Cream 400g,460ml,£8.59/L,3.95,6.00,£2.05 off
Sainsbury's Local,Ice Cream,Ice Cream,Häagen-Dazs Strawberry Cheesecake Ice Cream 460ml,460ml,£14.24/L,6.55,,
Sainsbury's Local,Ice Cream,Ice Cream,Häagen-Dazs Vanilla Ice Cream 400g,460ml,£8.59/L,3.95,6.00,£2.05 off
Sainsbury's Local,Ice Cream,Ice Cream,Kelly's Cornish Clotted Cream 950ml,950ml,£4.74/L,4.50,,
Sainsbury's Local,Ice Cream,Ice Cream,Kinder Bueno Classic Ice Cream Cones 248g,4pk,£15.14/L,5.45,,
Sainsbury's Local,Ice Cream,Ice Cream,Little Moons Honey Roasted Pistachio Mochi Ice Cream 6 x 32g (192g),6pk,£31.51/L,6.05,,
Sainsbury's Local,Ice Cream,Ice Cream,Little Moons Mango & Passionfruit Mini Moons 168g,168g,£32.74/kg,5.50,,
Sainsbury's Local,Ice Cream,Ice Cream,Little Moons Mango & Passionfruit Mochi Ice Cream 6 x 32g (192g),6pk,£29.23/L,6.05,,
Sainsbury's Local,Ice Cream,Ice Cream,Little Moons Salted Caramel Mini Moons 168g,168g,£32.74/kg,5.50,,
Sainsbury's Local,Ice Cream,Ice Cream,Mackie's of Scotland Honeycomb Real Dairy Ice Cream 1 Litre,1L,£4.60/L,4.60,,
Sainsbury's Local,Ice Cream,Ice Cream,Magnum Classic Ice Cream Stick 110 ml,110ml,£24.09/L,2.65,,
Sainsbury's Local,Ice Cream,Ice Cream,Magnum Classic Ice Cream Sticks 3x 100 ml,300ml,£7.50/L,2.25,3.85,£1.60 off
Sainsbury's Local,Ice Cream,Ice Cream,Magnum Double Gold Caramel Billionaire Ice Cream Stick 85 ML,85ml,£31.18/L,2.65,,
Sainsbury's Local,Ice Cream,Ice Cream,Magnum Ice Cream Sticks Almond 3x 100 ml,300ml,£7.50/L,2.25,3.85,£1.60 off
Sainsbury's Local,Ice Cream,Ice Cream,Magnum Ice Cream Sticks Double Gold Caramel Billionaire 3x 85 ml,255ml,£18.43/L,4.70,,
Sainsbury's Local,Ice Cream,Ice Cream,"Magnum Mini Classic, Almond & White Chocolate Ice Cream Sticks 6 x 55ml",6pk,£16.67/L,5.50,,
Sainsbury's Local,Ice Cream,Ice Cream,Magnum Mini Double Caramel Almond Gold Caramel Billionaire 6 x 330ml,6pk,£2.02/L,4.00,5.50,£1.50 off
Sainsbury's Local,Ice Cream,Ice Cream,Magnum Signature Pistachio Ice Cream Sticks 3x 90 ml,270ml,£17.59/L,4.75,,
Sainsbury's Local,Ice Cream,Ice Cream,Magnum Vegan Ice Cream Sticks Almond 3x 90 ml,270ml,£12.96/L,3.50,4.70,£1.20 off
Sainsbury's Local,Ice Cream,Ice Cream,Magnum White Chocolate Ice Cream Stick 110 ml,110ml,£24.09/L,2.65,,
Sainsbury's Local,Ice Cream,Ice Cream,Magnum White Chocolate Ice Cream Sticks 3x 100 ml,300ml,£7.50/L,2.25,3.85,£1.60 off
Sainsbury's Local,Ice Cream,Ice Cream,Mars Chocolate Caramel Ice Cream Bars 4pk (4 x 40g),4pk,£11.36/L,2.25,3.45,£1.20 off
Sainsbury's Local,Ice Cream,Ice Cream,Mars Ice Cream 74ml,74ml,£35.14/L,2.60,,
Sainsbury's Local,Ice Cream,Ice Cream,Mr. Freeze Freeze Pops 20 x 45ml,20pk,£2.17/L,1.95,,
Sainsbury's Local,Ice Cream,Ice Cream,Nutella Ice Cream Tub 230g,470ml,£12.87/L,6.05,,
Sainsbury's Local,Ice Cream,Ice Cream,Oreo 6 Ice Cream Mini Sandwich with Oreo Cookie Pieces 330ml,6pk,£2.15/L,4.25,,
Sainsbury's Local,Ice Cream,Ice Cream,Oreo Ice Cream with Oreo Cookie Pieces 425ml,425ml,£9.65/L,4.10,,
Sainsbury's Local,Ice Cream,Ice Cream,R Whites Premium Lemonade Ice Lollies 4 x 75g (300g),4pk,£12.17/L,3.65,,
Sainsbury's Local,Ice Cream,Ice Cream,Rowntree's Fruit Pastilles 4 x 65ml (260ml),4pk,£7.69/L,2.00,2.75,£0.75 off
Sainsbury's Local,Ice Cream,Ice Cream,Snickers Chocolate Peanut Ice Cream Bars 4pack (4 x 45.6g),4pk,£18.64/L,3.75,,
Sainsbury's Local,Ice Cream,Ice Cream,Solero Exotic Ice Cream Stick 90 ml,90ml,£22.22/L,2.00,,
Sainsbury's Local,Ice Cream,Ice Cream,Solero Ice Cream Sticks Exotic 3x 90 ml,270ml,£11.30/L,3.05,,
Sainsbury's Local,Ice Cream,Ice Cream,Twister Pineapple 71g,80ml,£21.25/L,1.70,,
Sainsbury's Local,Ice Cream,Ice Cream Parlour,Ben & Jerry's Chocolate Fudge Brownie Ice Cream Tub 465 ml,465ml,£12.58/L,5.85,,
Sainsbury's Local,Ice Cream,Ice Cream Parlour,Cadbury Flake 99 125ml,125ml,£22.40/L,2.80,,
Sainsbury's Local,Ice Cream,Ice Cream Parlour,Cadbury Flake 99 Cones 4 x 125ml (500ml),4pk,£12.00/L,6.00,,
Sainsbury's Local,Ice Cream,Ice Cream Parlour,Fab Strawberry Ice Lollies 6x58ml,6pk,£8.33/L,2.90,,
Sainsbury's Local,Ice Cream,Ice Cream Parlour,Heartbrand Calippo Orange Ice Lolly 105 ml,105ml,£16.19/L,1.70,,
Sainsbury's Local,Ice Cream,Ice Cream Parlour,Häagen-Dazs Cookies & Cream Ice Cream 460ml,460ml,£8.59/L,3.95,6.00,£2.05 off
Sainsbury's Local,Ice Cream,Ice Cream Parlour,Häagen-Dazs Salted Caramel Ice Cream 400g,460ml,£8.59/L,3.95,6.00,£2.05 off
Sainsbury's Local,Ice Cream,Ice Cream Parlour,Häagen-Dazs Strawberry Cheesecake Ice Cream 460ml,460ml,£14.24/L,6.55,,
Sainsbury's Local,Ice Cream,Ice Cream Parlour,Häagen-Dazs Vanilla Ice Cream 400g,460ml,£8.59/L,3.95,6.00,£2.05 off
Sainsbury's Local,Ice Cream,Ice Cream Parlour,Magnum Classic Ice Cream Stick 110 ml,110ml,£24.09/L,2.65,,
Sainsbury's Local,Ice Cream,Ice Cream Parlour,"Magnum Mini Classic, Almond & White Chocolate Ice Cream Sticks 6 x 55ml",6pk,£16.67/L,5.50,,
Sainsbury's Local,Ice Cream,Ice Cream Parlour,Magnum Vegan Ice Cream Sticks Almond 3x 90 ml,270ml,£12.96/L,3.50,4.70,£1.20 off
Sainsbury's Local,Ice Cream,Ice Cream Parlour,Magnum White Chocolate Ice Cream Stick 110 ml,110ml,£24.09/L,2.65,,
Sainsbury's Local,Ice Cream,Ice Cream Parlour,Magnum White Chocolate Ice Cream Sticks 3x 100 ml,300ml,£7.50/L,2.25,3.85,£1.60 off
Sainsbury's Local,Ice Cream,Ice Cream Parlour,Mars Chocolate Caramel Ice Cream Bars 4pk (4 x 40g),4pk,£11.36/L,2.25,3.45,£1.20 off
Sainsbury's Local,Ice Cream,Ice Cream Parlour,Mars Ice Cream 74ml,74ml,£35.14/L,2.60,,
Sainsbury's Local,Ice Cream,Ice Cream Parlour,Oreo 6 Ice Cream Mini Sandwich with Oreo Cookie Pieces 330ml,6pk,£2.15/L,4.25,,
Sainsbury's Local,Ice Cream,Ice Cream Parlour,R Whites Premium Lemonade Ice Lollies 4 x 75g (300g),4pk,£12.17/L,3.65,,
Sainsbury's Local,Ice Cream,Ice Cream Parlour,Snickers Chocolate Peanut Ice Cream Bars 4pack (4 x 45.6g),4pk,£18.64/L,3.75,,
Sainsbury's Local,Ice Cream,Ice Cream Parlour,Solero Ice Cream Sticks Exotic 3x 90 ml,270ml,£11.30/L,3.05,,
Sainsbury's Local,Ice Cream,Ice Cream Parlour,Twister Pineapple 71g,80ml,£21.25/L,1.70,,
Sainsbury's Local,Ice Cream,Ice Cream Tubs,Ben & Jerry's Caramel Chew-Chew Ice Cream Tub 465 ml,465ml,£12.58/L,5.85,,
Sainsbury's Local,Ice Cream,Ice Cream Tubs,Ben & Jerry's Chocolate Fudge Brownie Ice Cream Tub 465 ml,465ml,£12.58/L,5.85,,
Sainsbury's Local,Ice Cream,Ice Cream Tubs,Ben & Jerry's Churrifically Churros-y Ice Cream Tub 465 ML,465ml,£12.58/L,5.85,,
Sainsbury's Local,Ice Cream,Ice Cream Tubs,Ben & Jerry's Cookie Dough Ice Cream Tub 465ml,465ml,£12.58/L,5.85,,
Sainsbury's Local,Ice Cream,Ice Cream Tubs,Ben & Jerry's Half Baked Ice Cream Tub 465 ml,465ml,£12.58/L,5.85,,
Sainsbury's Local,Ice Cream,Ice Cream Tubs,Ben & Jerry's Ice Cream Dulce De-lish Sundae 427ml,427ml,£9.37/L,4.00,5.95,£1.95 off
Sainsbury's Local,Ice Cream,Ice Cream Tubs,Ben & Jerry's Ice Cream Tub Cookie Vermont-ster Sundae 427 ml,427ml,£9.37/L,4.00,5.95,£1.95 off
Sainsbury's Local,Ice Cream,Ice Cream Tubs,Ben & Jerry's Ice Cream Tub Non-Dairy Bohemian Raspberry 465 ML,465ml,£8.60/L,4.00,5.95,£1.95 off
Sainsbury's Local,Ice Cream,Ice Cream Tubs,Ben & Jerry's Minter Wonderland Ice Cream Tub 465 ML,465ml,£14.19/L,6.60,,
Sainsbury's Local,Ice Cream,Ice Cream Tubs,Ben & Jerry's Non Dairy Cookies on Cookie Dough Ice Cream Tub 465ml,465ml,£8.60/L,4.00,5.95,£1.95 off
Sainsbury's Local,Ice Cream,Ice Cream Tubs,Ben & Jerry's Phish Food Ice Cream Tub 465 ml,465ml,£12.58/L,5.85,,
Sainsbury's Local,Ice Cream,Ice Cream Tubs,Ben & Jerry's Sundae Ice Cream Tub Brookies & Cream 427 ML,427ml,£9.37/L,4.00,5.95,£1.95 off
Sainsbury's Local,Ice Cream,Ice Cream Tubs,Carte D'or Madagascan Vanilla Ice Cream Tub 900 ml,900ml,£3.39/L,3.05,4.80,£1.75 off
Sainsbury's Local,Ice Cream,Ice Cream Tubs,Häagen-Dazs Belgian Chocolate Ice Cream 400g,460ml,£8.59/L,3.95,6.00,£2.05 off
Sainsbury's Local,Ice Cream,Ice Cream Tubs,Häagen-Dazs Cookies & Cream Ice Cream 460ml,460ml,£8.59/L,3.95,6.00,£2.05 off
Sainsbury's Local,Ice Cream,Ice Cream Tubs,Häagen-Dazs Mini Cups Fruit Collection Ice Cream 4 x 95ml,4pk,£10.39/L,3.95,6.10,£2.15 off
Sainsbury's Local,Ice Cream,Ice Cream Tubs,Häagen-Dazs Pistachio & Cream 347g,420ml,£15.60/L,6.55,,
Sainsbury's Local,Ice Cream,Ice Cream Tubs,Häagen-Dazs Salted Caramel Ice Cream 400g,460ml,£8.59/L,3.95,6.00,£2.05 off
Sainsbury's Local,Ice Cream,Ice Cream Tubs,Häagen-Dazs Strawberry Cheesecake Ice Cream 460ml,460ml,£14.24/L,6.55,,
Sainsbury's Local,Ice Cream,Ice Cream Tubs,Häagen-Dazs Vanilla Ice Cream 400g,460ml,£8.59/L,3.95,6.00,£2.05 off
Sainsbury's Local,Ice Cream,Ice Cream Tubs,Kelly's Cornish Clotted Cream 950ml,950ml,£4.74/L,4.50,,
Sainsbury's Local,Ice Cream,Ice Cream Tubs,Little Moons Mango & Passionfruit Mini Moons 168g,168g,£32.74/kg,5.50,,
Sainsbury's Local,Ice Cream,Ice Cream Tubs,Little Moons Salted Caramel Mini Moons 168g,168g,£32.74/kg,5.50,,
Sainsbury's Local,Ice Cream,Ice Cream Tubs,Mackie's of Scotland Honeycomb Real Dairy Ice Cream 1 Litre,1L,£4.60/L,4.60,,
Sainsbury's Local,Ice Cream,Ice Cream Tubs,Nutella Ice Cream Tub 230g,470ml,£12.87/L,6.05,,
Sainsbury's Local,Ice Cream,Ice Cream Tubs,Oreo Ice Cream with Oreo Cookie Pieces 425ml,425ml,£9.65/L,4.10,,
Sainsbury's Local,Ice Cream,Single Serves,Cadbury Flake 99 125ml,125ml,£22.40/L,2.80,,
Sainsbury's Local,Ice Cream,Single Serves,Cadbury Flake 99 Cones 4 x 125ml (500ml),4pk,£12.00/L,6.00,,
Sainsbury's Local,Ice Cream,Single Serves,Cornetto Classico Ice Cream Cone 6x 90 ml,540ml,£5.09/L,2.75,4.15,£1.40 off
Sainsbury's Local,Ice Cream,Single Serves,Cornetto Strawberry Ice Cream Cone 6x 90 ml,540ml,£5.09/L,2.75,4.15,£1.40 off
Sainsbury's Local,Ice Cream,Single Serves,Fab Strawberry Ice Lollies 6x58ml,6pk,£8.33/L,2.90,,
Sainsbury's Local,Ice Cream,Single Serves,Heartbrand Calippo Orange Ice Lolly 105 ml,105ml,£16.19/L,1.70,,
Sainsbury's Local,Ice Cream,Single Serves,Heartbrand Twister Mini Pineapple Ice Lolly 6x 50 ml,300ml,£10.83/L,3.25,,
Sainsbury's Local,Ice Cream,Single Serves,Kinder Bueno Classic Ice Cream Cones 248g,4pk,£15.14/L,5.45,,
Sainsbury's Local,Ice Cream,Single Serves,Little Moons Honey Roasted Pistachio Mochi Ice Cream 6 x 32g (192g),6pk,£31.51/L,6.05,,
Sainsbury's Local,Ice Cream,Single Serves,Little Moons Mango & Passionfruit Mochi Ice Cream 6 x 32g (192g),6pk,£29.23/L,6.05,,
Sainsbury's Local,Ice Cream,Single Serves,Magnum Classic Ice Cream Stick 110 ml,110ml,£24.09/L,2.65,,
Sainsbury's Local,Ice Cream,Single Serves,Magnum Classic Ice Cream Sticks 3x 100 ml,300ml,£7.50/L,2.25,3.85,£1.60 off
Sainsbury's Local,Ice Cream,Single Serves,Magnum Double Gold Caramel Billionaire Ice Cream Stick 85 ML,85ml,£31.18/L,2.65,,
Sainsbury's Local,Ice Cream,Single Serves,Magnum Ice Cream Sticks Almond 3x 100 ml,300ml,£7.50/L,2.25,3.85,£1.60 off
Sainsbury's Local,Ice Cream,Single Serves,Magnum Ice Cream Sticks Double Gold Caramel Billionaire 3x 85 ml,255ml,£18.43/L,4.70,,
Sainsbury's Local,Ice Cream,Single Serves,"Magnum Mini Classic, Almond & White Chocolate Ice Cream Sticks 6 x 55ml",6pk,£16.67/L,5.50,,
Sainsbury's Local,Ice Cream,Single Serves,Magnum Mini Double Caramel Almond Gold Caramel Billionaire 6 x 330ml,6pk,£2.02/L,4.00,5.50,£1.50 off
Sainsbury's Local,Ice Cream,Single Serves,Magnum Signature Pistachio Ice Cream Sticks 3x 90 ml,270ml,£17.59/L,4.75,,
Sainsbury's Local,Ice Cream,Single Serves,Magnum Vegan Ice Cream Sticks Almond 3x 90 ml,270ml,£12.96/L,3.50,4.70,£1.20 off
Sainsbury's Local,Ice Cream,Single Serves,Magnum White Chocolate Ice Cream Stick 110 ml,110ml,£24.09/L,2.65,,
Sainsbury's Local,Ice Cream,Single Serves,Magnum White Chocolate Ice Cream Sticks 3x 100 ml,300ml,£7.50/L,2.25,3.85,£1.60 off
Sainsbury's Local,Ice Cream,Single Serves,Mars Chocolate Caramel Ice Cream Bars 4pk (4 x 40g),4pk,£11.36/L,2.25,3.45,£1.20 off
Sainsbury's Local,Ice Cream,Single Serves,Mars Ice Cream 74ml,74ml,£35.14/L,2.60,,
Sainsbury's Local,Ice Cream,Single Serves,Mr. Freeze Freeze Pops 20 x 45ml,20pk,£2.17/L,1.95,,
Sainsbury's Local,Ice Cream,Single Serves,Oreo 6 Ice Cream Mini Sandwich with Oreo Cookie Pieces 330ml,6pk,£2.15/L,4.25,,
Sainsbury's Local,Ice Cream,Single Serves,R Whites Premium Lemonade Ice Lollies 4 x 75g (300g),4pk,£12.17/L,3.65,,
Sainsbury's Local,Ice Cream,Single Serves,Rowntree's Fruit Pastilles 4 x 65ml (260ml),4pk,£7.69/L,2.00,2.75,£0.75 off
Sainsbury's Local,Ice Cream,Single Serves,Snickers Chocolate Peanut Ice Cream Bars 4pack (4 x 45.6g),4pk,£18.64/L,3.75,,
Sainsbury's Local,Ice Cream,Single Serves,Solero Exotic Ice Cream Stick 90 ml,90ml,£22.22/L,2.00,,
Sainsbury's Local,Ice Cream,Single Serves,Solero Ice Cream Sticks Exotic 3x 90 ml,270ml,£11.30/L,3.05,,
Sainsbury's Local,Ice Cream,Single Serves,Twister Pineapple 71g,80ml,£21.25/L,1.70,,
Sainsbury's Local,"Jams, Honey, Spreads",Honey,Rowse Runny Honey 340g,340g,£7.35/kg,2.50,3.30,£0.80 off
Sainsbury's Local,"Jams, Honey, Spreads",Honey,Rowse Runny Honey 340g,340g,£11.32/kg,3.85,,
Sainsbury's Local,"Jams, Honey, Spreads",Honey,Rowse Spreadable Honey 340g,340g,£11.32/kg,3.85,,
Sainsbury's Local,"Jams, Honey, Spreads",Honey,Sainsbury's Clear Honey 454g,454g,£4.85/kg,2.20,,
Sainsbury's Local,"Jams, Honey, Spreads",Honey,Sainsbury's Runny Honey 340g,340g,£6.32/kg,2.15,,
Sainsbury's Local,"Jams, Honey, Spreads",Ice Cream Parlour,Askeys Treat! Toffee Flavour Sauce 325g,325ml,£7.69/L,2.50,,
Sainsbury's Local,"Jams, Honey, Spreads",In Store Prices,Sainsbury's Peanut Butter Smooth 340g,340g,£5.59/kg,1.90,,
Sainsbury's Local,"Jams, Honey, Spreads",Jam,Bonne Maman Apricot Conserve 370g,370g,£13.11/kg,4.85,,
Sainsbury's Local,"Jams, Honey, Spreads",Jam,Bonne Maman Raspberry Conserve 370g,370g,£13.11/kg,4.85,,
Sainsbury's Local,"Jams, Honey, Spreads",Jam,Bonne Maman Strawberry Conserve 370g,370g,£13.11/kg,4.85,,
Sainsbury's Local,"Jams, Honey, Spreads",Jam,Frank Cooper's Fine Cut Oxford Marmalade 454g,454g,£9.91/kg,4.50,,
Sainsbury's Local,"Jams, Honey, Spreads",Jam,Hartley's Strawberry 300g,300g,£7.83/kg,2.35,,
Sainsbury's Local,"Jams, Honey, Spreads",Jam,"Sainsbury's Fresh Fruit Bitter Orange Marmalade, Taste the Difference 340g",340g,£7.94/kg,2.70,,
Sainsbury's Local,"Jams, Honey, Spreads",Jam,Sainsbury's Lemon Curd 411g,411g,£3.89/kg,1.60,,
Sainsbury's Local,"Jams, Honey, Spreads",Jam,Sainsbury's Medium Cut Orange Marmalade 454g,454g,£3.41/kg,1.55,,
Sainsbury's Local,"Jams, Honey, Spreads",Jam,Sainsbury's Strawberry Jam 454g,454g,£3.30/kg,1.50,,
Sainsbury's Local,"Jams, Honey, Spreads",Jam,Sainsbury's Taste the Difference Apricot Conserve 340g,340g,£10.74/kg,3.65,,
Sainsbury's Local,"Jams, Honey, Spreads",Jam,Sainsbury's Taste the Difference Blackcurrant Conserve 340g,340g,£10.15/kg,3.45,,
Sainsbury's Local,"Jams, Honey, Spreads",Jam,Sainsbury's Taste the Difference Lemon Curd 320g,320g,£9.22/kg,2.95,,
Sainsbury's Local,"Jams, Honey, Spreads",Jam,Sainsbury's Taste the Difference Raspberry Conserve 340g,340g,£10.74/kg,3.65,,
Sainsbury's Local,"Jams, Honey, Spreads","Jams, Honey, Spreads",Askeys Treat! Toffee Flavour Sauce 325g,325ml,£7.69/L,2.50,,
Sainsbury's Local,"Jams, Honey, Spreads","Jams, Honey, Spreads",Bonne Maman Apricot Conserve 370g,370g,£13.11/kg,4.85,,
Sainsbury's Local,"Jams, Honey, Spreads","Jams, Honey, Spreads",Bonne Maman Raspberry Conserve 370g,370g,£13.11/kg,4.85,,
Sainsbury's Local,"Jams, Honey, Spreads","Jams, Honey, Spreads",Bonne Maman Strawberry Conserve 370g,370g,£13.11/kg,4.85,,
Sainsbury's Local,"Jams, Honey, Spreads","Jams, Honey, Spreads",Buckwud Organic Classic Candian Maple Syrup 250g,250g,£33.80/kg,8.45,,
Sainsbury's Local,"Jams, Honey, Spreads","Jams, Honey, Spreads",Frank Cooper's Fine Cut Oxford Marmalade 454g,454g,£9.91/kg,4.50,,
Sainsbury's Local,"Jams, Honey, Spreads","Jams, Honey, Spreads",Hartley's Strawberry 300g,300g,£7.83/kg,2.35,,
Sainsbury's Local,"Jams, Honey, Spreads","Jams, Honey, Spreads",Lotus Biscoff Crunchy 380g,380g,£6.58/kg,2.50,3.70,£1.20 off
Sainsbury's Local,"Jams, Honey, Spreads","Jams, Honey, Spreads",Lotus Biscoff Smooth 400g,400g,£6.25/kg,2.50,3.70,£1.20 off
Sainsbury's Local,"Jams, Honey, Spreads","Jams, Honey, Spreads",Marmite Yeast Extract Spread 250g,250g,£17.20/kg,4.30,,
Sainsbury's Local,"Jams, Honey, Spreads","Jams, Honey, Spreads",Meridian Crunchy Almond Butter 170g Jar,170g,£26.47/kg,4.50,,
Sainsbury's Local,"Jams, Honey, Spreads","Jams, Honey, Spreads",Nutella Hazelnut Spread with Cocoa 350g,350g,£12.57/kg,4.40,,
Sainsbury's Local,"Jams, Honey, Spreads","Jams, Honey, Spreads",Pip & Nut Crunchy Peanut Butter 300g,300g,£15.83/kg,4.75,,
Sainsbury's Local,"Jams, Honey, Spreads","Jams, Honey, Spreads",Pip & Nut Smooth Almond Butter 170g,170g,£28.24/kg,4.80,,
Sainsbury's Local,"Jams, Honey, Spreads","Jams, Honey, Spreads",Pip & Nut Smooth Peanut Butter 300g,300g,£15.83/kg,4.75,,
Sainsbury's Local,"Jams, Honey, Spreads","Jams, Honey, Spreads",Rowse Runny Honey 340g,340g,£7.35/kg,2.50,3.30,£0.80 off
Sainsbury's Local,"Jams, Honey, Spreads","Jams, Honey, Spreads",Rowse Runny Honey 340g,340g,£11.32/kg,3.85,,
Sainsbury's Local,"Jams, Honey, Spreads","Jams, Honey, Spreads",Rowse Spreadable Honey 340g,340g,£11.32/kg,3.85,,
Sainsbury's Local,"Jams, Honey, Spreads","Jams, Honey, Spreads",Sainsbury's Clear Honey 454g,454g,£4.85/kg,2.20,,
Sainsbury's Local,"Jams, Honey, Spreads","Jams, Honey, Spreads","Sainsbury's Fresh Fruit Bitter Orange Marmalade, Taste the Difference 340g",340g,£7.94/kg,2.70,,
Sainsbury's Local,"Jams, Honey, Spreads","Jams, Honey, Spreads",Sainsbury's Lemon Curd 411g,411g,£3.89/kg,1.60,,
Sainsbury's Local,"Jams, Honey, Spreads","Jams, Honey, Spreads",Sainsbury's Medium Cut Orange Marmalade 454g,454g,£3.41/kg,1.55,,
Sainsbury's Local,"Jams, Honey, Spreads","Jams, Honey, Spreads",Sainsbury's Milk Chocolate Spread 400g,400g,£7.88/kg,3.15,,
Sainsbury's Local,"Jams, Honey, Spreads","Jams, Honey, Spreads",Sainsbury's Peanut Butter Crunchy 340g,340g,£5.59/kg,1.90,,
Sainsbury's Local,"Jams, Honey, Spreads","Jams, Honey, Spreads",Sainsbury's Peanut Butter Smooth 340g,340g,£5.59/kg,1.90,,
Sainsbury's Local,"Jams, Honey, Spreads","Jams, Honey, Spreads",Sainsbury's Runny Honey 340g,340g,£6.32/kg,2.15,,
Sainsbury's Local,"Jams, Honey, Spreads","Jams, Honey, Spreads",Sainsbury's Strawberry Jam 454g,454g,£3.30/kg,1.50,,
Sainsbury's Local,"Jams, Honey, Spreads","Jams, Honey, Spreads",Sainsbury's Taste the Difference Apricot Conserve 340g,340g,£10.74/kg,3.65,,
Sainsbury's Local,"Jams, Honey, Spreads","Jams, Honey, Spreads",Sainsbury's Taste the Difference Blackcurrant Conserve 340g,340g,£10.15/kg,3.45,,
Sainsbury's Local,"Jams, Honey, Spreads","Jams, Honey, Spreads",Sainsbury's Taste the Difference Chocolate Hazelnut Créme 300g,300g,£13.83/kg,4.15,,
Sainsbury's Local,"Jams, Honey, Spreads","Jams, Honey, Spreads",Sainsbury's Taste the Difference Lemon Curd 320g,320g,£9.22/kg,2.95,,
Sainsbury's Local,"Jams, Honey, Spreads","Jams, Honey, Spreads",Sainsbury's Taste the Difference Pistachio Créme 300g,300g,£20.67/kg,6.20,,
Sainsbury's Local,"Jams, Honey, Spreads","Jams, Honey, Spreads",Sainsbury's Taste the Difference Raspberry Conserve 340g,340g,£10.74/kg,3.65,,
Sainsbury's Local,"Jams, Honey, Spreads","Jams, Honey, Spreads",Tate & Lyle Golden Syrup 454g,454g,£5.29/kg,2.40,,
Sainsbury's Local,"Jams, Honey, Spreads","Jams, Honey, Spreads",Whole Earth Crunchy Organic Peanut Butter 340g,340g,£18.09/kg,6.15,,
Sainsbury's Local,"Jams, Honey, Spreads","Jams, Honey, Spreads",Whole Earth Smooth Organic Peanut Butter 340g,340g,£18.09/kg,6.15,,
Sainsbury's Local,"Jams, Honey, Spreads",Midweek Meals Made Easy,Marmite Yeast Extract Spread 250g,250g,£17.20/kg,4.30,,
Sainsbury's Local,"Jams, Honey, Spreads",Offers,Lotus Biscoff Crunchy 380g,380g,£6.58/kg,2.50,3.70,£1.20 off
Sainsbury's Local,"Jams, Honey, Spreads",Offers,Lotus Biscoff Smooth 400g,400g,£6.25/kg,2.50,3.70,£1.20 off
Sainsbury's Local,"Jams, Honey, Spreads",Offers,Rowse Runny Honey 340g,340g,£7.35/kg,2.50,3.30,£0.80 off
Sainsbury's Local,"Jams, Honey, Spreads",Other Spreads,Lotus Biscoff Crunchy 380g,380g,£6.58/kg,2.50,3.70,£1.20 off
Sainsbury's Local,"Jams, Honey, Spreads",Other Spreads,Lotus Biscoff Smooth 400g,400g,£6.25/kg,2.50,3.70,£1.20 off
Sainsbury's Local,"Jams, Honey, Spreads",Other Spreads,Marmite Yeast Extract Spread 250g,250g,£17.20/kg,4.30,,
Sainsbury's Local,"Jams, Honey, Spreads",Other Spreads,Nutella Hazelnut Spread with Cocoa 350g,350g,£12.57/kg,4.40,,
Sainsbury's Local,"Jams, Honey, Spreads",Other Spreads,Sainsbury's Milk Chocolate Spread 400g,400g,£7.88/kg,3.15,,
Sainsbury's Local,"Jams, Honey, Spreads",Other Spreads,Sainsbury's Taste the Difference Chocolate Hazelnut Créme 300g,300g,£13.83/kg,4.15,,
Sainsbury's Local,"Jams, Honey, Spreads",Other Spreads,Sainsbury's Taste the Difference Pistachio Créme 300g,300g,£20.67/kg,6.20,,
Sainsbury's Local,"Jams, Honey, Spreads",Peanut Butter & Nut Butters,Meridian Crunchy Almond Butter 170g Jar,170g,£26.47/kg,4.50,,
Sainsbury's Local,"Jams, Honey, Spreads",Peanut Butter & Nut Butters,Pip & Nut Crunchy Peanut Butter 300g,300g,£15.83/kg,4.75,,
Sainsbury's Local,"Jams, Honey, Spreads",Peanut Butter & Nut Butters,Pip & Nut Smooth Almond Butter 170g,170g,£28.24/kg,4.80,,
Sainsbury's Local,"Jams, Honey, Spreads",Peanut Butter & Nut Butters,Pip & Nut Smooth Peanut Butter 300g,300g,£15.83/kg,4.75,,
Sainsbury's Local,"Jams, Honey, Spreads",Peanut Butter & Nut Butters,Sainsbury's Peanut Butter Crunchy 340g,340g,£5.59/kg,1.90,,
Sainsbury's Local,"Jams, Honey, Spreads",Peanut Butter & Nut Butters,Sainsbury's Peanut Butter Smooth 340g,340g,£5.59/kg,1.90,,
Sainsbury's Local,"Jams, Honey, Spreads",Peanut Butter & Nut Butters,Whole Earth Crunchy Organic Peanut Butter 340g,340g,£18.09/kg,6.15,,
Sainsbury's Local,"Jams, Honey, Spreads",Peanut Butter & Nut Butters,Whole Earth Smooth Organic Peanut Butter 340g,340g,£18.09/kg,6.15,,
Sainsbury's Local,"Jams, Honey, Spreads",Syrup,Askeys Treat! Toffee Flavour Sauce 325g,325ml,£7.69/L,2.50,,
Sainsbury's Local,"Jams, Honey, Spreads",Syrup,Buckwud Organic Classic Candian Maple Syrup 250g,250g,£33.80/kg,8.45,,
Sainsbury's Local,"Jams, Honey, Spreads",Syrup,Tate & Lyle Golden Syrup 454g,454g,£5.29/kg,2.40,,
Sainsbury's Local,"Laundry, Cleaning, Household",Back to School,BIC 4 Colours Original Ball Pen x1,,,2.00,,
Sainsbury's Local,"Laundry, Cleaning, Household",Back to School,Bostik Blu Tack Handy,,,1.20,,
Sainsbury's Local,"Laundry, Cleaning, Household",Back to School,Navigator Universal Office Paper Solutions,,,3.75,,
Sainsbury's Local,"Laundry, Cleaning, Household",Back to School,Paper Mate Flexgrip Retractable Ball Pen Black x 2,,,3.00,,
Sainsbury's Local,"Laundry, Cleaning, Household",Back to School,Pritt Glue Stick 1 x 43g,43g,£46.51/kg,2.00,,
Sainsbury's Local,"Laundry, Cleaning, Household",Back to School,Sainsbury's Home Coloured Sticky Notes x320,,,1.50,,
Sainsbury's Local,"Laundry, Cleaning, Household",Back to School,Sainsbury's Home Lined Refill Pad 300pg,,,2.50,,
Sainsbury's Local,"Laundry, Cleaning, Household",Back to School,Sharpie Fine Permanent Marker Black,,,3.00,,
Sainsbury's Local,"Laundry, Cleaning, Household",Back to School,Sharpie Fine Permanent Markers Black 5 Pack,,,5.00,,
Sainsbury's Local,"Laundry, Cleaning, Household",Back to School,Sistema 520ml Tritan,,,5.00,,
Sainsbury's Local,"Laundry, Cleaning, Household",Back to School,Sistema Bento Lunch Box,,,8.00,,
Sainsbury's Local,"Laundry, Cleaning, Household",Back to School,Sistema Single 330ml twist and sip,,,2.00,,
Sainsbury's Local,"Laundry, Cleaning, Household",Back to School,"Sistema TO GO Mini Bites Stackable Snack Pots with Lids, 130 ml, 3 Count",,,4.50,,
Sainsbury's Local,"Laundry, Cleaning, Household",Back to School,Staedtler HB Pencils 5 Pack,,,1.50,,
Sainsbury's Local,"Laundry, Cleaning, Household",Batteries & Household,BIC 4 Colours Original Ball Pen x1,,,2.00,,
Sainsbury's Local,"Laundry, Cleaning, Household",Batteries & Household,Bar-Be-Quick 24pk Natural Firelighters,,,1.85,,
Sainsbury's Local,"Laundry, Cleaning, Household",Batteries & Household,Bar-Be-Quick 450ml Lighting Gel,450ml,£8.33/L,3.75,,
Sainsbury's Local,"Laundry, Cleaning, Household",Batteries & Household,Bar-Be-Quick Instant Light BBQ Charcoal 2pk,,,6.25,,
Sainsbury's Local,"Laundry, Cleaning, Household",Batteries & Household,Bar-Be-Quick Instant Lighting Firelog,,,1.20,,
Sainsbury's Local,"Laundry, Cleaning, Household",Batteries & Household,Bar-Be-Quick Lighting Blocks 24 Pack,,,2.50,,
Sainsbury's Local,"Laundry, Cleaning, Household",Batteries & Household,Bostik Blu Tack Handy,,,1.20,,
Sainsbury's Local,"Laundry, Cleaning, Household",Batteries & Household,Cherry Blossom Platinum Shine & Go Deluxe Neutral 6ml,6ml,£700.00/L,4.20,,
Sainsbury's Local,"Laundry, Cleaning, Household",Batteries & Household,Duracell Optimum AA 4 Pack,4pk,£1.60 each,6.40,,
Sainsbury's Local,"Laundry, Cleaning, Household",Batteries & Household,Duracell Optimum AAA 4 Pack,4pk,£1.60 each,6.40,,
Sainsbury's Local,"Laundry, Cleaning, Household",Batteries & Household,Duracell Plus 9V 2 Pack,2pk,£4.73 each,9.45,,
Sainsbury's Local,"Laundry, Cleaning, Household",Batteries & Household,Duracell Plus D 2 Pack,2pk,£2.93 each,5.85,,
Sainsbury's Local,"Laundry, Cleaning, Household",Batteries & Household,Navigator Universal Office Paper Solutions,,,3.75,,
Sainsbury's Local,"Laundry, Cleaning, Household",Batteries & Household,Paper Mate Flexgrip Retractable Ball Pen Black x 2,,,3.00,,
Sainsbury's Local,"Laundry, Cleaning, Household",Batteries & Household,Pritt Glue Stick 1 x 43g,43g,£46.51/kg,2.00,,
Sainsbury's Local,"Laundry, Cleaning, Household",Batteries & Household,"Raid Rapid Action Wasp, Mosquito & Fly Killer Aerosol Spray 300ml",300ml,£20.33/L,6.10,,
Sainsbury's Local,"Laundry, Cleaning, Household",Batteries & Household,Royal Mail 1st Class Stamps 8s,1pk,£14.40 each,14.40,,
Sainsbury's Local,"Laundry, Cleaning, Household",Batteries & Household,Royal Mail 2nd Class Stamps 8 Each,1pk,£7.30 each,7.30,,
Sainsbury's Local,"Laundry, Cleaning, Household",Batteries & Household,Royal Mail 4 1st Class Stamps,1pk,£7.20 each,7.20,,
Sainsbury's Local,"Laundry, Cleaning, Household",Batteries & Household,Royal Mail 4x1st Large Letter,1pk,£13.20 each,13.20,,
Sainsbury's Local,"Laundry, Cleaning, Household",Batteries & Household,Royal Mail 4x2nd Large Letter,1pk,£6.20 each,6.20,,
Sainsbury's Local,"Laundry, Cleaning, Household",Batteries & Household,Sainsbury's Home Coloured Sticky Notes x320,,,1.50,,
Sainsbury's Local,"Laundry, Cleaning, Household",Batteries & Household,Sainsbury's Home Lined Refill Pad 300pg,,,2.50,,
Sainsbury's Local,"Laundry, Cleaning, Household",Batteries & Household,Sainsbury's Home Pack of 2 LED Frosted Candle Small Edison Screw Light Bulbs - 40w,,,4.00,,
Sainsbury's Local,"Laundry, Cleaning, Household",Batteries & Household,Sainsbury's Home Pack of 2 LED Mini Globe Edison Screw Light Bulbs - 40w,,,5.00,,
Sainsbury's Local,"Laundry, Cleaning, Household",Batteries & Household,Sainsbury's Home Pack of 2 LED Spotlight R50 Small Edison Screw Light Bulbs,,,2.14,,
Sainsbury's Local,"Laundry, Cleaning, Household",Batteries & Household,Sainsbury's Home Pack of 2 LED Standard Daylight Edison Screw Light Bulbs 60w,,,5.00,,
Sainsbury's Local,"Laundry, Cleaning, Household",Batteries & Household,Sainsbury's Home Pack of 2 LED Standard Edison Screw Dimmable Light Bulbs - 60w,,,6.00,,
Sainsbury's Local,"Laundry, Cleaning, Household",Batteries & Household,Sainsbury's Home Pack of 2 LED Standard Edison Screw Light Bulbs - 60w,,,5.00,,
Sainsbury's Local,"Laundry, Cleaning, Household",Batteries & Household,Sainsbury's Home Pack of 2 LED Standard Edison Screw Light Bulbs - 75w,,,5.00,,
Sainsbury's Local,"Laundry, Cleaning, Household",Batteries & Household,Sharpie Fine Permanent Marker Black,,,3.00,,
Sainsbury's Local,"Laundry, Cleaning, Household",Batteries & Household,Sharpie Fine Permanent Markers Black 5 Pack,,,5.00,,
Sainsbury's Local,"Laundry, Cleaning, Household",Batteries & Household,Staedtler HB Pencils 5 Pack,,,1.50,,
Sainsbury's Local,"Laundry, Cleaning, Household",Batteries & Household,Tiger Tim 18 Blocks Individually Wrapped Firelighters,18pk,£0.25 each,4.50,,
Sainsbury's Local,"Laundry, Cleaning, Household",Batteries & Household,cherry blossom Platinum Regimental Gloss Black 40g,40g,£62.50/kg,2.50,,
Sainsbury's Local,"Laundry, Cleaning, Household",Bin Bags,Sainsbury's 10 Tie Handle Heavy Duty Garden Sacks Large Bags 80 Litres,10pk,£0.28 each,2.80,,
Sainsbury's Local,"Laundry, Cleaning, Household",Bin Bags,Sainsbury's 20 Tie Handle Refuse Sacks 65 Litres,20pk,£0.15 each,2.90,,
Sainsbury's Local,"Laundry, Cleaning, Household",Bin Bags,Sainsbury's 20 Tie Top Refuse Sacks 60 Litres,20pk,£0.15 each,2.90,,
Sainsbury's Local,"Laundry, Cleaning, Household",Bin Bags,Sainsbury's Drawstring Swing Bin Liners 30 Bags 50 Litres,50pk,£0.05 each,2.55,,
Sainsbury's Local,"Laundry, Cleaning, Household",Bin Bags,Sainsbury's Tie Top Kitchen Caddy Liners 10 Litres 20 Bags,20pk,£0.10 each,1.90,,
Sainsbury's Local,"Laundry, Cleaning, Household",Bin Bags,Sainsbury's Tie Top Pedal Bin Liners Bags x30 30L,30pk,£0.09 each,2.70,,
Sainsbury's Local,"Laundry, Cleaning, Household",Candles & Home Fragrance,Febreze Air Freshener Plug-In Starter Kit Cotton Fresh 20ML,1pk,£415.00/L,8.30,,
Sainsbury's Local,"Laundry, Cleaning, Household",Candles & Home Fragrance,Febreze Air Freshener Spray Cotton Fresh 185ML,185ml,£17.57/L,3.25,,
Sainsbury's Local,"Laundry, Cleaning, Household",Candles & Home Fragrance,Glade Aerosol Air Freshener Sandalwood & Jasmine 300ml,300ml,£8.00/L,2.40,,
Sainsbury's Local,"Laundry, Cleaning, Household",Candles & Home Fragrance,Glade Bathoom Gel Air Freshener Floral Cherries 180g,180g,£13.89/kg,2.50,,
Sainsbury's Local,"Laundry, Cleaning, Household",Candles & Home Fragrance,Glade Scented Candle Honey & Chocolate 112g,112g,£42.86/kg,4.80,,
Sainsbury's Local,"Laundry, Cleaning, Household",Candles & Home Fragrance,Glade Solid Gel Lavender Air Freshener 150g,150g,£11.33/kg,1.70,,
Sainsbury's Local,"Laundry, Cleaning, Household",Candles & Home Fragrance,Glade Solid Gel Lily of the Valley Air Freshener 150g,150g,£11.33/kg,1.70,,
Sainsbury's Local,"Laundry, Cleaning, Household",Cleaning,Bloo Colour Active Fresh Flowers Toilet Rim Block 50g,50g,£68.00/kg,3.40,,
Sainsbury's Local,"Laundry, Cleaning, Household",Cleaning,Buster Bathroom Unblocker 300ml,300ml,£15.67/L,4.70,,
Sainsbury's Local,"Laundry, Cleaning, Household",Cleaning,Cif Bathroom Spray 700 ml,700ml,£5.50/L,3.85,,
Sainsbury's Local,"Laundry, Cleaning, Household",Cleaning,Cif Lemon Cream Cleaner 500 ml,500ml,£3.80/L,1.90,,
Sainsbury's Local,"Laundry, Cleaning, Household",Cleaning,Cillit Bang Black Mould Remover Spray 750ml,750ml,£6.13/L,4.60,,
Sainsbury's Local,"Laundry, Cleaning, Household",Cleaning,Dettol 10 XL Lemon & Lime Floor Wipes,10pk,£0.27 each,2.70,,
Sainsbury's Local,"Laundry, Cleaning, Household",Cleaning,Dettol Antibacterial Big & Strong Kitchen Wipes 25 Wipes,25pk,£0.13 each,3.35,,
Sainsbury's Local,"Laundry, Cleaning, Household",Cleaning,Dettol Antibacterial Cleansing Surface Wipes 72 Large Wipes,72pk,£0.05 each,3.75,,
Sainsbury's Local,"Laundry, Cleaning, Household",Cleaning,Dettol Antibacterial Surface Cleanser Spray 750ml,750ml,£4.47/L,3.35,,
Sainsbury's Local,"Laundry, Cleaning, Household",Cleaning,Dishmatic Style Fillable Washing Up Handle and Bonus Refill,1pk,£2.50 each,2.50,,
Sainsbury's Local,"Laundry, Cleaning, Household",Cleaning,Domestos Original Thick Bleach 750 ml,750ml,£2.27/L,1.70,,
Sainsbury's Local,"Laundry, Cleaning, Household",Cleaning,Domestos Power 5 Ocean Toilet Rim Blocks 2x 50 g,110g,£27.73/kg,3.05,,
Sainsbury's Local,"Laundry, Cleaning, Household",Cleaning,Domestos Power 5 Toilet Rim Block Lime 50 g,50g,£38.00/kg,1.90,,
Sainsbury's Local,"Laundry, Cleaning, Household",Cleaning,Domestos Power Foam Arctic Fresh Toilet & Bathroom Cleaner Spray 450 ml,450ml,£8.00/L,3.60,,
Sainsbury's Local,"Laundry, Cleaning, Household",Cleaning,Duck Deep Action Toilet Cleaner Liquid Pine 750ml,750ml,£2.33/L,1.75,,
Sainsbury's Local,"Laundry, Cleaning, Household",Cleaning,Flash Bathroom Cleaning Spray 800ml,800ml,£3.81/L,3.05,,
Sainsbury's Local,"Laundry, Cleaning, Household",Cleaning,Flash Bleach Cleaning Spray For Hard Surfaces 800ML,800ml,£4.38/L,3.50,,
Sainsbury's Local,"Laundry, Cleaning, Household",Cleaning,Flash Multipurpose Floor Liquid Cleaner Crisp Lemon 1L,1L,£2.65/L,2.65,,
Sainsbury's Local,"Laundry, Cleaning, Household",Cleaning,Flash Spray Wipe Done Bright Mandarin Cleaning Spray 800ml,800ml,£4.63/L,3.70,,
Sainsbury's Local,"Laundry, Cleaning, Household",Cleaning,Harpic Power Plus 10X Clean and Protect Original 750ml,750ml,£2.67/L,2.00,,
Sainsbury's Local,"Laundry, Cleaning, Household",Cleaning,"Marigold Extra-Life Kitchen Gloves M 7,5 1 Pair",1pk,£3.40 each,3.40,,
Sainsbury's Local,"Laundry, Cleaning, Household",Cleaning,Method Wild Rhubarb Anti-Bac All Purpose Cleaner 828ml,828ml,£3.02/L,2.50,4.25,£1.75 off
Sainsbury's Local,"Laundry, Cleaning, Household",Cleaning,Mr Muscle Platinum Window & Glass Spray 750ml,750ml,£4.60/L,3.45,,
Sainsbury's Local,"Laundry, Cleaning, Household",Cleaning,Mr Muscle Sink & Drain Unblocker Gel 500ml,500ml,£10.00/L,5.00,,
Sainsbury's Local,"Laundry, Cleaning, Household",Cleaning,Mr Sheen Multi-Surface Spring Fresh Polish Spray,250ml,£12.20/L,3.05,,
Sainsbury's Local,"Laundry, Cleaning, Household",Cleaning,Sainsbury's 10 All Purpose Cloths,10pk,£0.14 each,1.40,,
Sainsbury's Local,"Laundry, Cleaning, Household",Cleaning,Sainsbury's Citrus Thick Bleach 750ml,750ml,£1.27/L,0.95,,
Sainsbury's Local,"Laundry, Cleaning, Household",Cleaning,Spontex Microfibre Cloths x4,4pk,£0.98 each,3.90,,
Sainsbury's Local,"Laundry, Cleaning, Household",Cleaning,Spontex Tough Scourer x4,4pk,£0.63 each,2.50,,
Sainsbury's Local,"Laundry, Cleaning, Household",Cleaning,Vanish Oxi Action Carpet Care Vacuum Up Foam 600 ml,600ml,£16.50/L,9.90,,
Sainsbury's Local,"Laundry, Cleaning, Household",Cleaning,"Viakal Classic Limescale Remover Spray 750ml, To Remove Up To 100% Of Limescale",750ml,£6.87/L,5.15,,
Sainsbury's Local,"Laundry, Cleaning, Household",Cleaning,Zoflora 4 in 1 Action All Purpose Concentrated Disinfectant Linen Fresh 120ml,120ml,£20.00/L,2.40,,
Sainsbury's Local,"Laundry, Cleaning, Household",Dishwashing,Ecover Pomegranate & Fig Sensitive Washing-Up Liquid 450ml,450ml,£6.56/L,2.95,,
Sainsbury's Local,"Laundry, Cleaning, Household",Dishwashing,Fairy Max Power Washing Up Liquid Antibacterial 545ML,545ml,£6.24/L,3.40,,
Sainsbury's Local,"Laundry, Cleaning, Household",Dishwashing,Fairy Original Washing Up Liquid Green with LiftAction 1050 ML,1.05L,£3.76/L,3.95,,
Sainsbury's Local,"Laundry, Cleaning, Household",Dishwashing,Fairy Original Washing Up Liquid Green with LiftAction 320 ML,320ml,£4.06/L,1.30,,
Sainsbury's Local,"Laundry, Cleaning, Household",Dishwashing,"Fairy Platinum Dishwasher Tablets, Lemon, 21 Capsules, Tackles Tough Challenges, Greasy Filter",313g,£25.56/kg,8.00,,
Sainsbury's Local,"Laundry, Cleaning, Household",Dishwashing,"Fairy Platinum Plus Dishwasher Tablets, Breeze, 36 Capsules, Powerful Even In Quick Cycles",558g,£25.00/kg,13.95,,
Sainsbury's Local,"Laundry, Cleaning, Household",Dishwashing,"Fairy Skip the Soak Dish Power Spray Fresh 500ml, Dishes & Kitchen, Grease Remover",500ml,£8.30/L,4.15,,
Sainsbury's Local,"Laundry, Cleaning, Household",Dishwashing,Finish Dishwasher Deep Cleaner 250ml,250ml,£24.00/L,6.00,,
Sainsbury's Local,"Laundry, Cleaning, Household",Dishwashing,Finish Dishwasher Salt 2Kg,2kg,£2.40/kg,4.80,,
Sainsbury's Local,"Laundry, Cleaning, Household",Dishwashing,Finish Quantum All In One Lemon Dishwasher Tablets - 24 Tabs,250g,£24.24/kg,6.05,,
Sainsbury's Local,"Laundry, Cleaning, Household",Dishwashing,Finish Rinse & Shine Aid 400ml,400ml,£12.75/L,5.10,,
Sainsbury's Local,"Laundry, Cleaning, Household",Dishwashing,Finish Ultimate All In One Dishwasher Tablets Lemon - 32 Tabs,413g,£27.25/kg,11.25,,
Sainsbury's Local,"Laundry, Cleaning, Household",Dishwashing,Finish Ultimate Plus All In One Dishwasher Tablets Regular - 29 Tabs,354g,£39.57/kg,14.00,,
Sainsbury's Local,"Laundry, Cleaning, Household",Dishwashing,Sainsbury's All in One Lemon Dishwasher Tablets 30 x 14g (420g),30pk,£9.64/kg,4.05,,
Sainsbury's Local,"Laundry, Cleaning, Household",Dishwashing,Sainsbury's Dishwasher Rinse Aid Lemon 400ml,400ml,£6.25/L,2.50,,
Sainsbury's Local,"Laundry, Cleaning, Household",Dishwashing,Sainsbury's Lemon Washing Up Liquid 500ml,500ml,£1.30/L,0.65,,
Sainsbury's Local,"Laundry, Cleaning, Household",Food Storage,Sainsbury's 60 Easy Seal Sandwich Bags Small,60pk,£0.05 each,2.80,,
Sainsbury's Local,"Laundry, Cleaning, Household",Food Storage,Sainsbury's Click & Seal Food & Freezer Bags 20 Bags Medium,20pk,£0.09 each,1.85,,
Sainsbury's Local,"Laundry, Cleaning, Household",Food Storage,Sainsbury's Kitchen Foil 10m x 300mm Wide,,,1.85,,
Sainsbury's Local,"Laundry, Cleaning, Household",Food Storage,Sainsbury's Non-PVC Cling Film 40m,,,2.30,,
Sainsbury's Local,"Laundry, Cleaning, Household",Food Storage,Sistema 520ml Tritan,,,5.00,,
Sainsbury's Local,"Laundry, Cleaning, Household",Food Storage,Sistema Bento Lunch Box,,,8.00,,
Sainsbury's Local,"Laundry, Cleaning, Household",Food Storage,Sistema Single 330ml twist and sip,,,2.00,,
Sainsbury's Local,"Laundry, Cleaning, Household",Food Storage,"Sistema TO GO Mini Bites Stackable Snack Pots with Lids, 130 ml, 3 Count",,,4.50,,
Sainsbury's Local,"Laundry, Cleaning, Household","Holiday Ready, Festival Set",Wet Ones 12 Be Fresh Refreshing Cucumber Fragrance Hand Wipes,,,1.10,,
Sainsbury's Local,"Laundry, Cleaning, Household",Homeware & Kitchenware,Sainsbury's Home Champagne Flutes 10pk,,,2.00,,
Sainsbury's Local,"Laundry, Cleaning, Household",Homeware & Kitchenware,Sainsbury's Home Clear Plastic Wine Glasses 10pk,,,2.00,,
Sainsbury's Local,"Laundry, Cleaning, Household",Homeware & Kitchenware,Sainsbury's Home Clear Tumblers 500ml 10pk,,,1.50,,
Sainsbury's Local,"Laundry, Cleaning, Household",Homeware & Kitchenware,Sainsbury's Home Pack of 50 2ply White Paper Napkins - 33cm,,,1.75,,
Sainsbury's Local,"Laundry, Cleaning, Household",Homeware & Kitchenware,Sainsbury's Home Pack of 50 White Paper Plates,,,2.50,,
Sainsbury's Local,"Laundry, Cleaning, Household",Homeware & Kitchenware,Sainsbury's Home Stripe Straws White 100pk,,,3.00,,
Sainsbury's Local,"Laundry, Cleaning, Household",Homeware & Kitchenware,Swantex Green Cocktail Sticks 150 Pack,,,1.25,,
Sainsbury's Local,"Laundry, Cleaning, Household",In Store Prices,Sainsbury's Citrus Thick Bleach 750ml,750ml,£1.27/L,0.95,,
Sainsbury's Local,"Laundry, Cleaning, Household",In Store Prices,Sainsbury's Click & Seal Food & Freezer Bags 20 Bags Medium,20pk,£0.09 each,1.85,,
Sainsbury's Local,"Laundry, Cleaning, Household",In Store Prices,Sainsbury's Tie Top Pedal Bin Liners Bags x30 30L,30pk,£0.09 each,2.70,,
Sainsbury's Local,"Laundry, Cleaning, Household",Kitchen Roll,Plenty Original Kitchen Roll 2 Rolls,2pk,£1.50 each,3.00,5.50,£2.50 off
Sainsbury's Local,"Laundry, Cleaning, Household",Kitchen Roll,Regina Blitz Household Towel,,,5.65,,
Sainsbury's Local,"Laundry, Cleaning, Household",Kitchen Roll,Sainsbury's Super Absorbent Kitchen Towels x2,,,3.05,,
Sainsbury's Local,"Laundry, Cleaning, Household",Laundry,'Vanish Oxi Action Fabric Stain Remover Pre-Wash Spray 500ml,500ml,£15.60/L,7.80,,
Sainsbury's Local,"Laundry, Cleaning, Household",Laundry,"Ariel 4in1 PODS®, Washing Liquid Capsules 38 Washes",38pk,£16.26/kg,10.75,,
Sainsbury's Local,"Laundry, Cleaning, Household",Laundry,"Ariel Fast Dissolving Washing Powder 1.25kg, 25 Washes, Original",1.25kg,£6.00/kg,7.50,,
Sainsbury's Local,"Laundry, Cleaning, Household",Laundry,"Ariel Washing Liquid, 26 Washes, Original",858ml,£9.85/L,8.45,,
Sainsbury's Local,"Laundry, Cleaning, Household",Laundry,Comfort Fabric Conditioner Pure 31 washes (930 ml),930ml,£3.55/L,3.30,,
Sainsbury's Local,"Laundry, Cleaning, Household",Laundry,Dettol 5 in 1 Antibacterial Washing Machine Cleaner Lemon Breeze 250ml,250ml,£22.20/L,5.55,,
Sainsbury's Local,"Laundry, Cleaning, Household",Laundry,Ecover Lavender & Sandalwood Non Bio Laundry Concentrated Detergent 1L,1L,£9.80/L,9.80,,
Sainsbury's Local,"Laundry, Cleaning, Household",Laundry,"Fairy Fabric Softener, Voted No1 For Sensitive Skin, 29 Washes, 899ml",899ml,£3.67/L,3.30,,
Sainsbury's Local,"Laundry, Cleaning, Household",Laundry,"Fairy Non Bio Detergent Gel, 26 Washes 858ml, For Sensitive Skin",858ml,£9.91/L,8.50,,
Sainsbury's Local,"Laundry, Cleaning, Household",Laundry,"Fairy Non Bio Washing Liquid Pods, For Sensitive Skin 22 Washes",22pk,£15.45/kg,7.00,,
Sainsbury's Local,"Laundry, Cleaning, Household",Laundry,"Fairy Non Bio Washing Liquid Pods, For Sensitive Skin 38 Washes",38pk,£13.73/kg,10.75,,
Sainsbury's Local,"Laundry, Cleaning, Household",Laundry,Febreze Fabric Freshener Spray Cotton Fresh 385ML,385ml,£8.96/L,3.45,,
Sainsbury's Local,"Laundry, Cleaning, Household",Laundry,"Lenor Fabric Conditioner 37 Washes, Gold Orchid",1.15L,£3.84/L,4.40,,
Sainsbury's Local,"Laundry, Cleaning, Household",Laundry,"Lenor Outdoorable Fabric Conditioner 60 Washes, Spring Awakening",840ml,£7.98/L,6.70,,
Sainsbury's Local,"Laundry, Cleaning, Household",Laundry,"Lenor Scent Booster 420g, Spring Awakening",420g,£22.14/kg,9.30,,
Sainsbury's Local,"Laundry, Cleaning, Household",Laundry,"Lenor Unstoppables Scent Booster137g, Fresh",137g,£44.89/kg,6.15,,
Sainsbury's Local,"Laundry, Cleaning, Household",Laundry,Persil Non Bio 3 in 1 Washing Capsules 15 washes,317g,£25.28/kg,8.00,,
Sainsbury's Local,"Laundry, Cleaning, Household",Laundry,Persil Non Bio Liquid Detergent 35 washes (945 ml),945ml,£10.48/L,9.90,,
Sainsbury's Local,"Laundry, Cleaning, Household",Laundry,Persil Washing Powder Non Bio 21 washes (1.05 kg),1.05kg,£7.38/kg,7.75,,
Sainsbury's Local,"Laundry, Cleaning, Household",Laundry,Surf 3 in 1 Tropical Lily Laundry Washing Detergent Capsules 15 washes,260g,£25.63/kg,6.65,,
Sainsbury's Local,"Laundry, Cleaning, Household",Laundry,Surf Tropical Lily Laundry Washing 24 washes,648ml,£7.33/L,4.75,,
Sainsbury's Local,"Laundry, Cleaning, Household",Laundry,Vanish Oxi Action Crystal White Chlorine Bleach Free Whitener & Stain Remover 450g,450g,£11.78/kg,5.30,,
Sainsbury's Local,"Laundry, Cleaning, Household",Laundry,Vanish Oxi Action Vibrant Colours Chlorine Bleach Free Stain Remover 450g,450g,£14.33/kg,6.45,,
Sainsbury's Local,"Laundry, Cleaning, Household",Laundry,Vanish Pre-Treat Gel,200ml,£44.75/L,8.95,,
Sainsbury's Local,"Laundry, Cleaning, Household","Laundry, Cleaning, Household",'Vanish Oxi Action Fabric Stain Remover Pre-Wash Spray 500ml,500ml,£15.60/L,7.80,,
Sainsbury's Local,"Laundry, Cleaning, Household","Laundry, Cleaning, Household",Andrex Complete Clean 9 Rolls,9pk,£0.55 each,4.95,6.25,£1.30 off
Sainsbury's Local,"Laundry, Cleaning, Household","Laundry, Cleaning, Household",Andrex Fresh and Sensitive Hygiene Wipes,,,1.00,,
Sainsbury's Local,"Laundry, Cleaning, Household","Laundry, Cleaning, Household",Andrex Ultimate Fresh Hygiene Wipes,36pk,£0.03 each,1.00,1.50,£0.50 off
Sainsbury's Local,"Laundry, Cleaning, Household","Laundry, Cleaning, Household",Andrex Ultimate Quilts 4 Rolls,4pk,£0.71 each,2.85,3.55,£0.70 off
Sainsbury's Local,"Laundry, Cleaning, Household","Laundry, Cleaning, Household","Ariel 4in1 PODS®, Washing Liquid Capsules 38 Washes",38pk,£16.26/kg,10.75,,
Sainsbury's Local,"Laundry, Cleaning, Household","Laundry, Cleaning, Household","Ariel Fast Dissolving Washing Powder 1.25kg, 25 Washes, Original",1.25kg,£6.00/kg,7.50,,
Sainsbury's Local,"Laundry, Cleaning, Household","Laundry, Cleaning, Household","Ariel Washing Liquid, 26 Washes, Original",858ml,£9.85/L,8.45,,
Sainsbury's Local,"Laundry, Cleaning, Household","Laundry, Cleaning, Household",BIC 4 Colours Original Ball Pen x1,,,2.00,,
Sainsbury's Local,"Laundry, Cleaning, Household","Laundry, Cleaning, Household",Bar-Be-Quick 24pk Natural Firelighters,,,1.85,,
Sainsbury's Local,"Laundry, Cleaning, Household","Laundry, Cleaning, Household",Bar-Be-Quick 450ml Lighting Gel,450ml,£8.33/L,3.75,,
Sainsbury's Local,"Laundry, Cleaning, Household","Laundry, Cleaning, Household",Bar-Be-Quick Instant Light BBQ Charcoal 2pk,,,6.25,,
Sainsbury's Local,"Laundry, Cleaning, Household","Laundry, Cleaning, Household",Bar-Be-Quick Instant Lighting Firelog,,,1.20,,
Sainsbury's Local,"Laundry, Cleaning, Household","Laundry, Cleaning, Household",Bar-Be-Quick Lighting Blocks 24 Pack,,,2.50,,
Sainsbury's Local,"Laundry, Cleaning, Household","Laundry, Cleaning, Household",Bloo Colour Active Fresh Flowers Toilet Rim Block 50g,50g,£68.00/kg,3.40,,
Sainsbury's Local,"Laundry, Cleaning, Household","Laundry, Cleaning, Household",Bostik Blu Tack Handy,,,1.20,,
Sainsbury's Local,"Laundry, Cleaning, Household","Laundry, Cleaning, Household",Buster Bathroom Unblocker 300ml,300ml,£15.67/L,4.70,,
Sainsbury's Local,"Laundry, Cleaning, Household","Laundry, Cleaning, Household",Cherry Blossom Platinum Shine & Go Deluxe Neutral 6ml,6ml,£700.00/L,4.20,,
Sainsbury's Local,"Laundry, Cleaning, Household","Laundry, Cleaning, Household",Cif Bathroom Spray 700 ml,700ml,£5.50/L,3.85,,
Sainsbury's Local,"Laundry, Cleaning, Household","Laundry, Cleaning, Household",Cif Lemon Cream Cleaner 500 ml,500ml,£3.80/L,1.90,,
Sainsbury's Local,"Laundry, Cleaning, Household","Laundry, Cleaning, Household",Cillit Bang Black Mould Remover Spray 750ml,750ml,£6.13/L,4.60,,
Sainsbury's Local,"Laundry, Cleaning, Household","Laundry, Cleaning, Household",Comfort Fabric Conditioner Pure 31 washes (930 ml),930ml,£3.55/L,3.30,,
Sainsbury's Local,"Laundry, Cleaning, Household","Laundry, Cleaning, Household",Dettol 10 XL Lemon & Lime Floor Wipes,10pk,£0.27 each,2.70,,
Sainsbury's Local,"Laundry, Cleaning, Household","Laundry, Cleaning, Household",Dettol 5 in 1 Antibacterial Washing Machine Cleaner Lemon Breeze 250ml,250ml,£22.20/L,5.55,,
Sainsbury's Local,"Laundry, Cleaning, Household","Laundry, Cleaning, Household",Dettol Antibacterial Big & Strong Kitchen Wipes 25 Wipes,25pk,£0.13 each,3.35,,
Sainsbury's Local,"Laundry, Cleaning, Household","Laundry, Cleaning, Household",Dettol Antibacterial Cleansing Surface Wipes 72 Large Wipes,72pk,£0.05 each,3.75,,
Sainsbury's Local,"Laundry, Cleaning, Household","Laundry, Cleaning, Household",Dettol Antibacterial Surface Cleanser Spray 750ml,750ml,£4.47/L,3.35,,
Sainsbury's Local,"Laundry, Cleaning, Household","Laundry, Cleaning, Household",Dishmatic Style Fillable Washing Up Handle and Bonus Refill,1pk,£2.50 each,2.50,,
Sainsbury's Local,"Laundry, Cleaning, Household","Laundry, Cleaning, Household",Domestos Original Thick Bleach 750 ml,750ml,£2.27/L,1.70,,
Sainsbury's Local,"Laundry, Cleaning, Household","Laundry, Cleaning, Household",Domestos Power 5 Ocean Toilet Rim Blocks 2x 50 g,110g,£27.73/kg,3.05,,
Sainsbury's Local,"Laundry, Cleaning, Household","Laundry, Cleaning, Household",Domestos Power 5 Toilet Rim Block Lime 50 g,50g,£38.00/kg,1.90,,
Sainsbury's Local,"Laundry, Cleaning, Household","Laundry, Cleaning, Household",Domestos Power Foam Arctic Fresh Toilet & Bathroom Cleaner Spray 450 ml,450ml,£8.00/L,3.60,,
Sainsbury's Local,"Laundry, Cleaning, Household","Laundry, Cleaning, Household",Duck Deep Action Toilet Cleaner Liquid Pine 750ml,750ml,£2.33/L,1.75,,
Sainsbury's Local,"Laundry, Cleaning, Household","Laundry, Cleaning, Household",Duracell Optimum AA 4 Pack,4pk,£1.60 each,6.40,,
Sainsbury's Local,"Laundry, Cleaning, Household","Laundry, Cleaning, Household",Duracell Optimum AAA 4 Pack,4pk,£1.60 each,6.40,,
Sainsbury's Local,"Laundry, Cleaning, Household","Laundry, Cleaning, Household",Duracell Plus 9V 2 Pack,2pk,£4.73 each,9.45,,
Sainsbury's Local,"Laundry, Cleaning, Household","Laundry, Cleaning, Household",Duracell Plus D 2 Pack,2pk,£2.93 each,5.85,,
Sainsbury's Local,"Laundry, Cleaning, Household","Laundry, Cleaning, Household",Echo Super Soft White Tissues 9 Sheets 4-Ply,9pk,£0.07 each,0.60,,
Sainsbury's Local,"Laundry, Cleaning, Household","Laundry, Cleaning, Household",Ecover Lavender & Sandalwood Non Bio Laundry Concentrated Detergent 1L,1L,£9.80/L,9.80,,
Sainsbury's Local,"Laundry, Cleaning, Household","Laundry, Cleaning, Household",Ecover Pomegranate & Fig Sensitive Washing-Up Liquid 450ml,450ml,£6.56/L,2.95,,
Sainsbury's Local,"Laundry, Cleaning, Household","Laundry, Cleaning, Household","Fairy Fabric Softener, Voted No1 For Sensitive Skin, 29 Washes, 899ml",899ml,£3.67/L,3.30,,
Sainsbury's Local,"Laundry, Cleaning, Household","Laundry, Cleaning, Household",Fairy Max Power Washing Up Liquid Antibacterial 545ML,545ml,£6.24/L,3.40,,
Sainsbury's Local,"Laundry, Cleaning, Household","Laundry, Cleaning, Household","Fairy Non Bio Detergent Gel, 26 Washes 858ml, For Sensitive Skin",858ml,£9.91/L,8.50,,
Sainsbury's Local,"Laundry, Cleaning, Household","Laundry, Cleaning, Household","Fairy Non Bio Washing Liquid Pods, For Sensitive Skin 22 Washes",22pk,£15.45/kg,7.00,,
Sainsbury's Local,"Laundry, Cleaning, Household","Laundry, Cleaning, Household","Fairy Non Bio Washing Liquid Pods, For Sensitive Skin 38 Washes",38pk,£13.73/kg,10.75,,
Sainsbury's Local,"Laundry, Cleaning, Household","Laundry, Cleaning, Household",Fairy Original Washing Up Liquid Green with LiftAction 1050 ML,1.05L,£3.76/L,3.95,,
Sainsbury's Local,"Laundry, Cleaning, Household","Laundry, Cleaning, Household",Fairy Original Washing Up Liquid Green with LiftAction 320 ML,320ml,£4.06/L,1.30,,
Sainsbury's Local,"Laundry, Cleaning, Household","Laundry, Cleaning, Household","Fairy Platinum Dishwasher Tablets, Lemon, 21 Capsules, Tackles Tough Challenges, Greasy Filter",313g,£25.56/kg,8.00,,
Sainsbury's Local,"Laundry, Cleaning, Household","Laundry, Cleaning, Household","Fairy Platinum Plus Dishwasher Tablets, Breeze, 36 Capsules, Powerful Even In Quick Cycles",558g,£25.00/kg,13.95,,
Sainsbury's Local,"Laundry, Cleaning, Household","Laundry, Cleaning, Household","Fairy Skip the Soak Dish Power Spray Fresh 500ml, Dishes & Kitchen, Grease Remover",500ml,£8.30/L,4.15,,
Sainsbury's Local,"Laundry, Cleaning, Household","Laundry, Cleaning, Household",Febreze Air Freshener Plug-In Starter Kit Cotton Fresh 20ML,1pk,£415.00/L,8.30,,
Sainsbury's Local,"Laundry, Cleaning, Household","Laundry, Cleaning, Household",Febreze Air Freshener Spray Cotton Fresh 185ML,185ml,£17.57/L,3.25,,
Sainsbury's Local,"Laundry, Cleaning, Household","Laundry, Cleaning, Household",Febreze Fabric Freshener Spray Cotton Fresh 385ML,385ml,£8.96/L,3.45,,
Sainsbury's Local,"Laundry, Cleaning, Household","Laundry, Cleaning, Household",Finish Dishwasher Deep Cleaner 250ml,250ml,£24.00/L,6.00,,
Sainsbury's Local,"Laundry, Cleaning, Household","Laundry, Cleaning, Household",Finish Dishwasher Salt 2Kg,2kg,£2.40/kg,4.80,,
Sainsbury's Local,"Laundry, Cleaning, Household","Laundry, Cleaning, Household",Finish Quantum All In One Lemon Dishwasher Tablets - 24 Tabs,250g,£24.24/kg,6.05,,
Sainsbury's Local,"Laundry, Cleaning, Household","Laundry, Cleaning, Household",Finish Rinse & Shine Aid 400ml,400ml,£12.75/L,5.10,,
Sainsbury's Local,"Laundry, Cleaning, Household","Laundry, Cleaning, Household",Finish Ultimate All In One Dishwasher Tablets Lemon - 32 Tabs,413g,£27.25/kg,11.25,,
Sainsbury's Local,"Laundry, Cleaning, Household","Laundry, Cleaning, Household",Finish Ultimate Plus All In One Dishwasher Tablets Regular - 29 Tabs,354g,£39.57/kg,14.00,,
Sainsbury's Local,"Laundry, Cleaning, Household","Laundry, Cleaning, Household",Flash Bathroom Cleaning Spray 800ml,800ml,£3.81/L,3.05,,
Sainsbury's Local,"Laundry, Cleaning, Household","Laundry, Cleaning, Household",Flash Bleach Cleaning Spray For Hard Surfaces 800ML,800ml,£4.38/L,3.50,,
Sainsbury's Local,"Laundry, Cleaning, Household","Laundry, Cleaning, Household",Flash Multipurpose Floor Liquid Cleaner Crisp Lemon 1L,1L,£2.65/L,2.65,,
Sainsbury's Local,"Laundry, Cleaning, Household","Laundry, Cleaning, Household",Flash Spray Wipe Done Bright Mandarin Cleaning Spray 800ml,800ml,£4.63/L,3.70,,
Sainsbury's Local,"Laundry, Cleaning, Household","Laundry, Cleaning, Household",Glade Aerosol Air Freshener Sandalwood & Jasmine 300ml,300ml,£8.00/L,2.40,,
Sainsbury's Local,"Laundry, Cleaning, Household","Laundry, Cleaning, Household",Glade Bathoom Gel Air Freshener Floral Cherries 180g,180g,£13.89/kg,2.50,,
Sainsbury's Local,"Laundry, Cleaning, Household","Laundry, Cleaning, Household",Glade Scented Candle Honey & Chocolate 112g,112g,£42.86/kg,4.80,,
Sainsbury's Local,"Laundry, Cleaning, Household","Laundry, Cleaning, Household",Glade Solid Gel Lavender Air Freshener 150g,150g,£11.33/kg,1.70,,
Sainsbury's Local,"Laundry, Cleaning, Household","Laundry, Cleaning, Household",Glade Solid Gel Lily of the Valley Air Freshener 150g,150g,£11.33/kg,1.70,,
Sainsbury's Local,"Laundry, Cleaning, Household","Laundry, Cleaning, Household",Harpic Power Plus 10X Clean and Protect Original 750ml,750ml,£2.67/L,2.00,,
Sainsbury's Local,"Laundry, Cleaning, Household","Laundry, Cleaning, Household",Kleenex Balsam Tissues - 2 Pack - 12 x Clipstrip,2pk,£0.65 each,1.30,,
Sainsbury's Local,"Laundry, Cleaning, Household","Laundry, Cleaning, Household",Kleenex Balsam Tissues 2 Boxes,2pk,£1.50 each,3.00,4.00,£1 off
Sainsbury's Local,"Laundry, Cleaning, Household","Laundry, Cleaning, Household",Kleenex Extra Large Tissues - Even Bigger Tissues for When You Need a Little Extra - Compact 4 Pack,4pk,£1.46 each,5.85,,
Sainsbury's Local,"Laundry, Cleaning, Household","Laundry, Cleaning, Household","Lenor Fabric Conditioner 37 Washes, Gold Orchid",1.15L,£3.84/L,4.40,,
Sainsbury's Local,"Laundry, Cleaning, Household","Laundry, Cleaning, Household","Lenor Outdoorable Fabric Conditioner 60 Washes, Spring Awakening",840ml,£7.98/L,6.70,,
Sainsbury's Local,"Laundry, Cleaning, Household","Laundry, Cleaning, Household","Lenor Scent Booster 420g, Spring Awakening",420g,£22.14/kg,9.30,,
Sainsbury's Local,"Laundry, Cleaning, Household","Laundry, Cleaning, Household","Lenor Unstoppables Scent Booster137g, Fresh",137g,£44.89/kg,6.15,,
Sainsbury's Local,"Laundry, Cleaning, Household","Laundry, Cleaning, Household","Marigold Extra-Life Kitchen Gloves M 7,5 1 Pair",1pk,£3.40 each,3.40,,
Sainsbury's Local,"Laundry, Cleaning, Household","Laundry, Cleaning, Household",Method Wild Rhubarb Anti-Bac All Purpose Cleaner 828ml,828ml,£3.02/L,2.50,4.25,£1.75 off
Sainsbury's Local,"Laundry, Cleaning, Household","Laundry, Cleaning, Household",Mr Muscle Platinum Window & Glass Spray 750ml,750ml,£4.60/L,3.45,,
Sainsbury's Local,"Laundry, Cleaning, Household","Laundry, Cleaning, Household",Mr Muscle Sink & Drain Unblocker Gel 500ml,500ml,£10.00/L,5.00,,
Sainsbury's Local,"Laundry, Cleaning, Household","Laundry, Cleaning, Household",Mr Sheen Multi-Surface Spring Fresh Polish Spray,250ml,£12.20/L,3.05,,
Sainsbury's Local,"Laundry, Cleaning, Household","Laundry, Cleaning, Household",Navigator Universal Office Paper Solutions,,,3.75,,
Sainsbury's Local,"Laundry, Cleaning, Household","Laundry, Cleaning, Household",Paper Mate Flexgrip Retractable Ball Pen Black x 2,,,3.00,,
Sainsbury's Local,"Laundry, Cleaning, Household","Laundry, Cleaning, Household",Persil Non Bio 3 in 1 Washing Capsules 15 washes,317g,£25.28/kg,8.00,,
Sainsbury's Local,"Laundry, Cleaning, Household","Laundry, Cleaning, Household",Persil Non Bio Liquid Detergent 35 washes (945 ml),945ml,£10.48/L,9.90,,
Sainsbury's Local,"Laundry, Cleaning, Household","Laundry, Cleaning, Household",Persil Washing Powder Non Bio 21 washes (1.05 kg),1.05kg,£7.38/kg,7.75,,
Sainsbury's Local,"Laundry, Cleaning, Household","Laundry, Cleaning, Household",Plenty Original Kitchen Roll 2 Rolls,2pk,£1.50 each,3.00,5.50,£2.50 off
Sainsbury's Local,"Laundry, Cleaning, Household","Laundry, Cleaning, Household",Pritt Glue Stick 1 x 43g,43g,£46.51/kg,2.00,,
Sainsbury's Local,"Laundry, Cleaning, Household","Laundry, Cleaning, Household","Raid Rapid Action Wasp, Mosquito & Fly Killer Aerosol Spray 300ml",300ml,£20.33/L,6.10,,
Sainsbury's Local,"Laundry, Cleaning, Household","Laundry, Cleaning, Household",Regina Blitz Household Towel,,,5.65,,
Sainsbury's Local,"Laundry, Cleaning, Household","Laundry, Cleaning, Household",Royal Mail 1st Class Stamps 8s,1pk,£14.40 each,14.40,,
Sainsbury's Local,"Laundry, Cleaning, Household","Laundry, Cleaning, Household",Royal Mail 2nd Class Stamps 8 Each,1pk,£7.30 each,7.30,,
Sainsbury's Local,"Laundry, Cleaning, Household","Laundry, Cleaning, Household",Royal Mail 4 1st Class Stamps,1pk,£7.20 each,7.20,,
Sainsbury's Local,"Laundry, Cleaning, Household","Laundry, Cleaning, Household",Royal Mail 4x1st Large Letter,1pk,£13.20 each,13.20,,
Sainsbury's Local,"Laundry, Cleaning, Household","Laundry, Cleaning, Household",Royal Mail 4x2nd Large Letter,1pk,£6.20 each,6.20,,
Sainsbury's Local,"Laundry, Cleaning, Household","Laundry, Cleaning, Household",Sainsbury's 10 All Purpose Cloths,10pk,£0.14 each,1.40,,
Sainsbury's Local,"Laundry, Cleaning, Household","Laundry, Cleaning, Household",Sainsbury's 10 Tie Handle Heavy Duty Garden Sacks Large Bags 80 Litres,10pk,£0.28 each,2.80,,
Sainsbury's Local,"Laundry, Cleaning, Household","Laundry, Cleaning, Household",Sainsbury's 20 Tie Handle Refuse Sacks 65 Litres,20pk,£0.15 each,2.90,,
Sainsbury's Local,"Laundry, Cleaning, Household","Laundry, Cleaning, Household",Sainsbury's 20 Tie Top Refuse Sacks 60 Litres,20pk,£0.15 each,2.90,,
Sainsbury's Local,"Laundry, Cleaning, Household","Laundry, Cleaning, Household",Sainsbury's 40 Super Soft Fresh Flushable Toilet Tissue Wipes,40pk,£0.02 each,0.60,,
Sainsbury's Local,"Laundry, Cleaning, Household","Laundry, Cleaning, Household",Sainsbury's 40 Super Soft Sensitive Flushable Toilet Tissue Wipes,40pk,£0.02 each,0.60,,
Sainsbury's Local,"Laundry, Cleaning, Household","Laundry, Cleaning, Household",Sainsbury's 60 Easy Seal Sandwich Bags Small,60pk,£0.05 each,2.80,,
Sainsbury's Local,"Laundry, Cleaning, Household","Laundry, Cleaning, Household",Sainsbury's All in One Lemon Dishwasher Tablets 30 x 14g (420g),30pk,£9.64/kg,4.05,,
Sainsbury's Local,"Laundry, Cleaning, Household","Laundry, Cleaning, Household",Sainsbury's Citrus Thick Bleach 750ml,750ml,£1.27/L,0.95,,
Sainsbury's Local,"Laundry, Cleaning, Household","Laundry, Cleaning, Household",Sainsbury's Click & Seal Food & Freezer Bags 20 Bags Medium,20pk,£0.09 each,1.85,,
Sainsbury's Local,"Laundry, Cleaning, Household","Laundry, Cleaning, Household",Sainsbury's Dishwasher Rinse Aid Lemon 400ml,400ml,£6.25/L,2.50,,
Sainsbury's Local,"Laundry, Cleaning, Household","Laundry, Cleaning, Household",Sainsbury's Drawstring Swing Bin Liners 30 Bags 50 Litres,50pk,£0.05 each,2.55,,
Sainsbury's Local,"Laundry, Cleaning, Household","Laundry, Cleaning, Household",Sainsbury's Home Champagne Flutes 10pk,,,2.00,,
Sainsbury's Local,"Laundry, Cleaning, Household","Laundry, Cleaning, Household",Sainsbury's Home Clear Plastic Wine Glasses 10pk,,,2.00,,
Sainsbury's Local,"Laundry, Cleaning, Household","Laundry, Cleaning, Household",Sainsbury's Home Clear Tumblers 500ml 10pk,,,1.50,,
Sainsbury's Local,"Laundry, Cleaning, Household","Laundry, Cleaning, Household",Sainsbury's Home Coloured Sticky Notes x320,,,1.50,,
Sainsbury's Local,"Laundry, Cleaning, Household","Laundry, Cleaning, Household",Sainsbury's Home Lined Refill Pad 300pg,,,2.50,,
Sainsbury's Local,"Laundry, Cleaning, Household","Laundry, Cleaning, Household",Sainsbury's Home Pack of 2 LED Frosted Candle Small Edison Screw Light Bulbs - 40w,,,4.00,,
Sainsbury's Local,"Laundry, Cleaning, Household","Laundry, Cleaning, Household",Sainsbury's Home Pack of 2 LED Mini Globe Edison Screw Light Bulbs - 40w,,,5.00,,
Sainsbury's Local,"Laundry, Cleaning, Household","Laundry, Cleaning, Household",Sainsbury's Home Pack of 2 LED Spotlight R50 Small Edison Screw Light Bulbs,,,2.14,,
Sainsbury's Local,"Laundry, Cleaning, Household","Laundry, Cleaning, Household",Sainsbury's Home Pack of 2 LED Standard Daylight Edison Screw Light Bulbs 60w,,,5.00,,
Sainsbury's Local,"Laundry, Cleaning, Household","Laundry, Cleaning, Household",Sainsbury's Home Pack of 2 LED Standard Edison Screw Dimmable Light Bulbs - 60w,,,6.00,,
Sainsbury's Local,"Laundry, Cleaning, Household","Laundry, Cleaning, Household",Sainsbury's Home Pack of 2 LED Standard Edison Screw Light Bulbs - 60w,,,5.00,,
Sainsbury's Local,"Laundry, Cleaning, Household","Laundry, Cleaning, Household",Sainsbury's Home Pack of 2 LED Standard Edison Screw Light Bulbs - 75w,,,5.00,,
Sainsbury's Local,"Laundry, Cleaning, Household","Laundry, Cleaning, Household",Sainsbury's Home Pack of 50 2ply White Paper Napkins - 33cm,,,1.75,,
Sainsbury's Local,"Laundry, Cleaning, Household","Laundry, Cleaning, Household",Sainsbury's Home Pack of 50 White Paper Plates,,,2.50,,
Sainsbury's Local,"Laundry, Cleaning, Household","Laundry, Cleaning, Household",Sainsbury's Home Stripe Straws White 100pk,,,3.00,,
Sainsbury's Local,"Laundry, Cleaning, Household","Laundry, Cleaning, Household",Sainsbury's Kitchen Foil 10m x 300mm Wide,,,1.85,,
Sainsbury's Local,"Laundry, Cleaning, Household","Laundry, Cleaning, Household",Sainsbury's Lemon Washing Up Liquid 500ml,500ml,£1.30/L,0.65,,
Sainsbury's Local,"Laundry, Cleaning, Household","Laundry, Cleaning, Household",Sainsbury's Non-PVC Cling Film 40m,,,2.30,,
Sainsbury's Local,"Laundry, Cleaning, Household","Laundry, Cleaning, Household",Sainsbury's Super Absorbent Kitchen Towels x2,,,3.05,,
Sainsbury's Local,"Laundry, Cleaning, Household","Laundry, Cleaning, Household",Sainsbury's Super Soft Pocket Tissues 10x10 Sheets,,,1.45,,
Sainsbury's Local,"Laundry, Cleaning, Household","Laundry, Cleaning, Household","Sainsbury's Super Soft Toilet Tissue, Quilted x4 Rolls",,,4.10,,
Sainsbury's Local,"Laundry, Cleaning, Household","Laundry, Cleaning, Household",Sainsbury's Super Soft White Toilet Tissue Double Rolls 4 equals 8 Rolls,,,3.70,,
Sainsbury's Local,"Laundry, Cleaning, Household","Laundry, Cleaning, Household",Sainsbury's Super Softer Classic Toilet Tissue Rolls x4,,,2.35,,
Sainsbury's Local,"Laundry, Cleaning, Household","Laundry, Cleaning, Household",Sainsbury's Tie Top Kitchen Caddy Liners 10 Litres 20 Bags,20pk,£0.10 each,1.90,,
Sainsbury's Local,"Laundry, Cleaning, Household","Laundry, Cleaning, Household",Sainsbury's Tie Top Pedal Bin Liners Bags x30 30L,30pk,£0.09 each,2.70,,
Sainsbury's Local,"Laundry, Cleaning, Household","Laundry, Cleaning, Household",Sani Hands 12 Antibacterial Hand Wipes,12pk,£0.09 each,1.10,,
Sainsbury's Local,"Laundry, Cleaning, Household","Laundry, Cleaning, Household",Sharpie Fine Permanent Marker Black,,,3.00,,
Sainsbury's Local,"Laundry, Cleaning, Household","Laundry, Cleaning, Household",Sharpie Fine Permanent Markers Black 5 Pack,,,5.00,,
Sainsbury's Local,"Laundry, Cleaning, Household","Laundry, Cleaning, Household",Sistema 520ml Tritan,,,5.00,,
Sainsbury's Local,"Laundry, Cleaning, Household","Laundry, Cleaning, Household",Sistema Bento Lunch Box,,,8.00,,
Sainsbury's Local,"Laundry, Cleaning, Household","Laundry, Cleaning, Household",Sistema Single 330ml twist and sip,,,2.00,,
Sainsbury's Local,"Laundry, Cleaning, Household","Laundry, Cleaning, Household","Sistema TO GO Mini Bites Stackable Snack Pots with Lids, 130 ml, 3 Count",,,4.50,,
Sainsbury's Local,"Laundry, Cleaning, Household","Laundry, Cleaning, Household",Spontex Microfibre Cloths x4,4pk,£0.98 each,3.90,,
Sainsbury's Local,"Laundry, Cleaning, Household","Laundry, Cleaning, Household",Spontex Tough Scourer x4,4pk,£0.63 each,2.50,,
Sainsbury's Local,"Laundry, Cleaning, Household","Laundry, Cleaning, Household",Staedtler HB Pencils 5 Pack,,,1.50,,
Sainsbury's Local,"Laundry, Cleaning, Household","Laundry, Cleaning, Household",Surf 3 in 1 Tropical Lily Laundry Washing Detergent Capsules 15 washes,260g,£25.63/kg,6.65,,
Sainsbury's Local,"Laundry, Cleaning, Household","Laundry, Cleaning, Household",Surf Tropical Lily Laundry Washing 24 washes,648ml,£7.33/L,4.75,,
Sainsbury's Local,"Laundry, Cleaning, Household","Laundry, Cleaning, Household",Swantex Green Cocktail Sticks 150 Pack,,,1.25,,
Sainsbury's Local,"Laundry, Cleaning, Household","Laundry, Cleaning, Household",Tiger Tim 18 Blocks Individually Wrapped Firelighters,18pk,£0.25 each,4.50,,
Sainsbury's Local,"Laundry, Cleaning, Household","Laundry, Cleaning, Household",Vanish Oxi Action Carpet Care Vacuum Up Foam 600 ml,600ml,£16.50/L,9.90,,
Sainsbury's Local,"Laundry, Cleaning, Household","Laundry, Cleaning, Household",Vanish Oxi Action Crystal White Chlorine Bleach Free Whitener & Stain Remover 450g,450g,£11.78/kg,5.30,,
Sainsbury's Local,"Laundry, Cleaning, Household","Laundry, Cleaning, Household",Vanish Oxi Action Vibrant Colours Chlorine Bleach Free Stain Remover 450g,450g,£14.33/kg,6.45,,
Sainsbury's Local,"Laundry, Cleaning, Household","Laundry, Cleaning, Household",Vanish Pre-Treat Gel,200ml,£44.75/L,8.95,,
Sainsbury's Local,"Laundry, Cleaning, Household","Laundry, Cleaning, Household","Viakal Classic Limescale Remover Spray 750ml, To Remove Up To 100% Of Limescale",750ml,£6.87/L,5.15,,
Sainsbury's Local,"Laundry, Cleaning, Household","Laundry, Cleaning, Household",Wet Ones 12 Be Fresh Refreshing Cucumber Fragrance Hand Wipes,,,1.10,,
Sainsbury's Local,"Laundry, Cleaning, Household","Laundry, Cleaning, Household",Wet Ones Be Zingy 12 Antibacterial Hand & Body Wipes Citrus Fragrance,,,1.00,,
Sainsbury's Local,"Laundry, Cleaning, Household","Laundry, Cleaning, Household",Zoflora 4 in 1 Action All Purpose Concentrated Disinfectant Linen Fresh 120ml,120ml,£20.00/L,2.40,,
Sainsbury's Local,"Laundry, Cleaning, Household","Laundry, Cleaning, Household",cherry blossom Platinum Regimental Gloss Black 40g,40g,£62.50/kg,2.50,,
Sainsbury's Local,"Laundry, Cleaning, Household",Offers,Andrex Complete Clean 9 Rolls,9pk,£0.55 each,4.95,6.25,£1.30 off
Sainsbury's Local,"Laundry, Cleaning, Household",Offers,Andrex Ultimate Fresh Hygiene Wipes,36pk,£0.03 each,1.00,1.50,£0.50 off
Sainsbury's Local,"Laundry, Cleaning, Household",Offers,Andrex Ultimate Quilts 4 Rolls,4pk,£0.71 each,2.85,3.55,£0.70 off
Sainsbury's Local,"Laundry, Cleaning, Household",Offers,Kleenex Balsam Tissues 2 Boxes,2pk,£1.50 each,3.00,4.00,£1 off
Sainsbury's Local,"Laundry, Cleaning, Household",Offers,Method Wild Rhubarb Anti-Bac All Purpose Cleaner 828ml,828ml,£3.02/L,2.50,4.25,£1.75 off
Sainsbury's Local,"Laundry, Cleaning, Household",Offers,Plenty Original Kitchen Roll 2 Rolls,2pk,£1.50 each,3.00,5.50,£2.50 off
Sainsbury's Local,"Laundry, Cleaning, Household",Packed Lunch Picks,Sainsbury's 60 Easy Seal Sandwich Bags Small,60pk,£0.05 each,2.80,,
Sainsbury's Local,"Laundry, Cleaning, Household",Packed Lunch Picks,Sainsbury's Non-PVC Cling Film 40m,,,2.30,,
Sainsbury's Local,"Laundry, Cleaning, Household",Summer Eating,Bar-Be-Quick 24pk Natural Firelighters,,,1.85,,
Sainsbury's Local,"Laundry, Cleaning, Household",Summer Eating,Bar-Be-Quick 450ml Lighting Gel,450ml,£8.33/L,3.75,,
Sainsbury's Local,"Laundry, Cleaning, Household",Summer Eating,Bar-Be-Quick Instant Light BBQ Charcoal 2pk,,,6.25,,
Sainsbury's Local,"Laundry, Cleaning, Household",Summer Eating,Bar-Be-Quick Instant Lighting Firelog,,,1.20,,
Sainsbury's Local,"Laundry, Cleaning, Household",Summer Eating,Bar-Be-Quick Lighting Blocks 24 Pack,,,2.50,,
Sainsbury's Local,"Laundry, Cleaning, Household",Tissues & Wipes,Andrex Ultimate Fresh Hygiene Wipes,36pk,£0.03 each,1.00,1.50,£0.50 off
Sainsbury's Local,"Laundry, Cleaning, Household",Tissues & Wipes,Echo Super Soft White Tissues 9 Sheets 4-Ply,9pk,£0.07 each,0.60,,
Sainsbury's Local,"Laundry, Cleaning, Household",Tissues & Wipes,Kleenex Balsam Tissues - 2 Pack - 12 x Clipstrip,2pk,£0.65 each,1.30,,
Sainsbury's Local,"Laundry, Cleaning, Household",Tissues & Wipes,Kleenex Balsam Tissues 2 Boxes,2pk,£1.50 each,3.00,4.00,£1 off
Sainsbury's Local,"Laundry, Cleaning, Household",Tissues & Wipes,Kleenex Extra Large Tissues - Even Bigger Tissues for When You Need a Little Extra - Compact 4 Pack,4pk,£1.46 each,5.85,,
Sainsbury's Local,"Laundry, Cleaning, Household",Tissues & Wipes,Sainsbury's Super Soft Pocket Tissues 10x10 Sheets,,,1.45,,
Sainsbury's Local,"Laundry, Cleaning, Household",Tissues & Wipes,Sani Hands 12 Antibacterial Hand Wipes,12pk,£0.09 each,1.10,,
Sainsbury's Local,"Laundry, Cleaning, Household",Tissues & Wipes,Wet Ones 12 Be Fresh Refreshing Cucumber Fragrance Hand Wipes,,,1.10,,
Sainsbury's Local,"Laundry, Cleaning, Household",Tissues & Wipes,Wet Ones Be Zingy 12 Antibacterial Hand & Body Wipes Citrus Fragrance,,,1.00,,
Sainsbury's Local,"Laundry, Cleaning, Household",Toilet Roll,Andrex Complete Clean 9 Rolls,9pk,£0.55 each,4.95,6.25,£1.30 off
Sainsbury's Local,"Laundry, Cleaning, Household",Toilet Roll,Andrex Fresh and Sensitive Hygiene Wipes,,,1.00,,
Sainsbury's Local,"Laundry, Cleaning, Household",Toilet Roll,Andrex Ultimate Quilts 4 Rolls,4pk,£0.71 each,2.85,3.55,£0.70 off
Sainsbury's Local,"Laundry, Cleaning, Household",Toilet Roll,Sainsbury's 40 Super Soft Fresh Flushable Toilet Tissue Wipes,40pk,£0.02 each,0.60,,
Sainsbury's Local,"Laundry, Cleaning, Household",Toilet Roll,Sainsbury's 40 Super Soft Sensitive Flushable Toilet Tissue Wipes,40pk,£0.02 each,0.60,,
Sainsbury's Local,"Laundry, Cleaning, Household",Toilet Roll,"Sainsbury's Super Soft Toilet Tissue, Quilted x4 Rolls",,,4.10,,
Sainsbury's Local,"Laundry, Cleaning, Household",Toilet Roll,Sainsbury's Super Soft White Toilet Tissue Double Rolls 4 equals 8 Rolls,,,3.70,,
Sainsbury's Local,"Laundry, Cleaning, Household",Toilet Roll,Sainsbury's Super Softer Classic Toilet Tissue Rolls x4,,,2.35,,
Sainsbury's Local,Meat Alternatives,Chilled Meat Alternatives,Quorn 14 Cocktail Sausages 140g,140g,£13.21/kg,1.85,2.65,£0.80 off
Sainsbury's Local,Meat Alternatives,Chilled Meat Alternatives,Quorn Picnic Eggs 140g,140g,£13.21/kg,1.85,3.80,£1.95 off
Sainsbury's Local,Meat Alternatives,Chilled Meat Alternatives,Quorn Protein Bites Cocktail Sausages 49g,49g,£32.65/kg,1.60,,
Sainsbury's Local,Meat Alternatives,Chilled Meat Alternatives,Quorn Vegan Smoky Ham Free Slices 100g,100g,£34.00/kg,3.40,,
Sainsbury's Local,Meat Alternatives,Chilled Meat Alternatives,Richmond Meat-Free 8 Tasty Sausages 304g,304g,£8.72/kg,2.65,,
Sainsbury's Local,Meat Alternatives,Chilled Meat Alternatives,Vivera Plant-Based Shawarma Kebab 175g,175g,£16.29/kg,2.85,,
Sainsbury's Local,Meat Alternatives,Frozen Meat Alternatives,Linda McCartney 2 Mozzarella 1/4lb Burgers Vegetarian 227g,227g,£14.10/kg,3.20,,
Sainsbury's Local,Meat Alternatives,Frozen Meat Alternatives,Linda McCartney 6 Vegan Sausages 270g,270g,£11.85/kg,3.20,,
Sainsbury's Local,Meat Alternatives,Frozen Meat Alternatives,Quorn Crispy Nuggets 300g,300g,£12.33/kg,3.70,,
Sainsbury's Local,Meat Alternatives,Frozen Meat Alternatives,Quorn Mince 300g,300g,£7.50/kg,2.25,3.10,£0.85 off
Sainsbury's Local,Meat Alternatives,Frozen Meat Alternatives,Quorn Pieces 300g,300g,£7.50/kg,2.25,2.95,£0.70 off
Sainsbury's Local,Meat Alternatives,In Store Prices,Vivera Plant-Based Shawarma Kebab 175g,175g,£16.29/kg,2.85,,
Sainsbury's Local,Meat Alternatives,Meat Alternatives,Linda McCartney 2 Mozzarella 1/4lb Burgers Vegetarian 227g,227g,£14.10/kg,3.20,,
Sainsbury's Local,Meat Alternatives,Meat Alternatives,Linda McCartney 6 Vegan Sausages 270g,270g,£11.85/kg,3.20,,
Sainsbury's Local,Meat Alternatives,Meat Alternatives,Quorn 14 Cocktail Sausages 140g,140g,£13.21/kg,1.85,2.65,£0.80 off
Sainsbury's Local,Meat Alternatives,Meat Alternatives,Quorn Crispy Nuggets 300g,300g,£12.33/kg,3.70,,
Sainsbury's Local,Meat Alternatives,Meat Alternatives,Quorn Mince 300g,300g,£7.50/kg,2.25,3.10,£0.85 off
Sainsbury's Local,Meat Alternatives,Meat Alternatives,Quorn Picnic Eggs 140g,140g,£13.21/kg,1.85,3.80,£1.95 off
Sainsbury's Local,Meat Alternatives,Meat Alternatives,Quorn Pieces 300g,300g,£7.50/kg,2.25,2.95,£0.70 off
Sainsbury's Local,Meat Alternatives,Meat Alternatives,Quorn Protein Bites Cocktail Sausages 49g,49g,£32.65/kg,1.60,,
Sainsbury's Local,Meat Alternatives,Meat Alternatives,Quorn Vegan Smoky Ham Free Slices 100g,100g,£34.00/kg,3.40,,
Sainsbury's Local,Meat Alternatives,Meat Alternatives,Richmond Meat-Free 8 Tasty Sausages 304g,304g,£8.72/kg,2.65,,
Sainsbury's Local,Meat Alternatives,Meat Alternatives,Sainsbury's SO Organic Super Firm Tofu 300g,300g,£6.67/kg,2.00,,
Sainsbury's Local,Meat Alternatives,Meat Alternatives,Tofoo & Co. Naked Tofu 280g,280g,£11.07/kg,3.10,,
Sainsbury's Local,Meat Alternatives,Meat Alternatives,Vivera Plant-Based Shawarma Kebab 175g,175g,£16.29/kg,2.85,,
Sainsbury's Local,Meat Alternatives,Offers,Quorn 14 Cocktail Sausages 140g,140g,£13.21/kg,1.85,2.65,£0.80 off
Sainsbury's Local,Meat Alternatives,Offers,Quorn Mince 300g,300g,£7.50/kg,2.25,3.10,£0.85 off
Sainsbury's Local,Meat Alternatives,Offers,Quorn Picnic Eggs 140g,140g,£13.21/kg,1.85,3.80,£1.95 off
Sainsbury's Local,Meat Alternatives,Offers,Quorn Pieces 300g,300g,£7.50/kg,2.25,2.95,£0.70 off
Sainsbury's Local,Meat Alternatives,Packed Lunch Picks,Quorn 14 Cocktail Sausages 140g,140g,£13.21/kg,1.85,2.65,£0.80 off
Sainsbury's Local,Meat Alternatives,Summer Eating,Linda McCartney 2 Mozzarella 1/4lb Burgers Vegetarian 227g,227g,£14.10/kg,3.20,,
Sainsbury's Local,Meat Alternatives,Summer Eating,Linda McCartney 6 Vegan Sausages 270g,270g,£11.85/kg,3.20,,
Sainsbury's Local,Meat Alternatives,Tofu,Sainsbury's SO Organic Super Firm Tofu 300g,300g,£6.67/kg,2.00,,
Sainsbury's Local,Meat Alternatives,Tofu,Tofoo & Co. Naked Tofu 280g,280g,£11.07/kg,3.10,,
Sainsbury's Local,"Meat, Poultry, Fish",Bacon,Sainsbury's Italian Cubetti Di Pancetta 200g,200g,£18.00/kg,3.60,,2 for £6
Sainsbury's Local,"Meat, Poultry, Fish",Bacon,"Sainsbury's Smoked Air Dried Streaky Bacon Rashers, Taste the Difference x14 220g",220g,£22.05/kg,4.85,,
Sainsbury's Local,"Meat, Poultry, Fish",Bacon,Sainsbury's Smoked Back Bacon Rashers x10 300g,300g,£9.00/kg,2.70,,
Sainsbury's Local,"Meat, Poultry, Fish",Bacon,Sainsbury's Unsmoked Back Bacon Rashers x10 300g,300g,£5.67/kg,1.70,,
Sainsbury's Local,"Meat, Poultry, Fish","Beef, Lamb & Veal",Sainsbury's 10% Fat 12 Beef Meatballs 350g,350g,£8.86/kg,3.10,,
Sainsbury's Local,"Meat, Poultry, Fish","Beef, Lamb & Veal",Sainsbury's 21 Day Matured Rump Steak 225g,225g,£20.89/kg,4.70,,
Sainsbury's Local,"Meat, Poultry, Fish","Beef, Lamb & Veal","Sainsbury's Beef Ranch Steaks with Garlic Butter, Taste the Difference 300g",300g,£31.33/kg,9.40,,
Sainsbury's Local,"Meat, Poultry, Fish","Beef, Lamb & Veal",Sainsbury's British or Irish 21 Day Matured Sirloin Steak 225g,225g,£37.56/kg,8.45,,
Sainsbury's Local,"Meat, Poultry, Fish","Beef, Lamb & Veal",Sainsbury's British or Irish 5% Fat Beef Mince 500g,500g,£11.60/kg,5.80,,
Sainsbury's Local,"Meat, Poultry, Fish","Beef, Lamb & Veal",Sainsbury's Just Cook 21 Day Matured Beef Steaks with Black Garlic Melts 300g,300g,£26.00/kg,7.80,,
Sainsbury's Local,"Meat, Poultry, Fish","Beef, Lamb & Veal","Sainsbury's Quarter Pounder Beef Steak Burgers, Taste the Difference x4 454g",454g,£15.20/kg,6.90,,
Sainsbury's Local,"Meat, Poultry, Fish","Beef, Lamb & Veal",Sainsburys 21 Day matured ribeye steak 225g,225g,£38.89/kg,8.75,,
Sainsbury's Local,"Meat, Poultry, Fish",Breaded Chicken,House of Chicken Buttermilk Chicken Breast Burgers 300g,300g,£11.67/kg,3.50,4.50,£1 off
Sainsbury's Local,"Meat, Poultry, Fish",Breaded Chicken,Sainsbury's 2 Garlic & Herb Chicken Kyivs 260g,260g,£17.69/kg,4.60,,
Sainsbury's Local,"Meat, Poultry, Fish",Breaded Chicken,Sainsbury's Buffalo Chicken Poppers,70g,£22.14/kg,1.55,,
Sainsbury's Local,"Meat, Poultry, Fish",Breaded Chicken,Sainsbury's Classic Breaded Chicken Goujons 270g,270g,£13.52/kg,3.65,,
Sainsbury's Local,"Meat, Poultry, Fish",Breaded Chicken,Sainsbury's Southern Fried Chicken Breast Mini Fillets 305g,305g,£15.08/kg,4.60,,
Sainsbury's Local,"Meat, Poultry, Fish",Breaded Chicken,Sainsbury's Taste the Difference Wild Garlic Chicken Kyivs 385g,385g,£16.88/kg,6.50,,
Sainsbury's Local,"Meat, Poultry, Fish",Breaded Chicken,Wasabi Spicy Korean Chicken Pops 150g,150g,£29.00/kg,4.35,,
Sainsbury's Local,"Meat, Poultry, Fish",Breaded Fish & Seafood,Sainsbury's Breaded MSC Cod Fillets x2 300g,300g,£14.17/kg,4.25,,3 for £12
Sainsbury's Local,"Meat, Poultry, Fish",Breaded Fish & Seafood,Sainsbury's Fishcakes Scottish Salmon x2 270g,270g,£9.81/kg,2.65,,
Sainsbury's Local,"Meat, Poultry, Fish",Breaded Fish & Seafood,Sainsbury's Taste The Difference 8 Chunky Cod Fillet Fish Fingers 480g,480g,£17.81/kg,8.55,,
Sainsbury's Local,"Meat, Poultry, Fish",Breaded Fish & Seafood,Sainsbury's Taste the Difference 2 Smoked Haddock Fishcakes 290g,290g,£15.86/kg,4.60,,
Sainsbury's Local,"Meat, Poultry, Fish",Burgers,Sainsbury's 4 British Quarter Pounder Beef Burgers 454g,454g,£9.36/kg,4.25,,
Sainsbury's Local,"Meat, Poultry, Fish",Chicken & Poultry,Sainsbury's British 2 Chicken Breast Fillets 320g,320g,£10.78/kg,3.45,,
Sainsbury's Local,"Meat, Poultry, Fish",Chicken & Poultry,Sainsbury's British Chicken Breast Fillets 640g,640g,£9.06/kg,5.80,,
Sainsbury's Local,"Meat, Poultry, Fish",Chicken & Poultry,Sainsbury's British Chicken Thigh Fillets 320g,320g,£16.56/kg,5.30,,3 for £12
Sainsbury's Local,"Meat, Poultry, Fish",Chicken & Poultry,Sainsbury's British Chicken Thigh Fillets 640g,640g,£12.19/kg,7.80,,
Sainsbury's Local,"Meat, Poultry, Fish",Chicken & Poultry,Sainsbury's Cajun British Chicken Breast Grills 330g,330g,£17.12/kg,5.65,,
Sainsbury's Local,"Meat, Poultry, Fish",Fish,Sainsbury's 2 Boneless Scottish Salmon Fillets 240g,240g,£25.83/kg,6.20,,
Sainsbury's Local,"Meat, Poultry, Fish",Fish,Sainsbury's Stamford Street Co. 2 Red Thai Style Salmon Fillets 220g,220g,£21.59/kg,4.75,,
Sainsbury's Local,"Meat, Poultry, Fish","Meat, Poultry, Fish",Ginsters Limited Edition Buffalo Chicken Pocket 100g,100g,£15.50/kg,1.55,,
Sainsbury's Local,"Meat, Poultry, Fish","Meat, Poultry, Fish",Herta The Original 10 Classics Frankfurters 350g,350g,£10.43/kg,3.65,,
Sainsbury's Local,"Meat, Poultry, Fish","Meat, Poultry, Fish",House of Chicken Buttermilk Chicken Breast Burgers 300g,300g,£11.67/kg,3.50,4.50,£1 off
Sainsbury's Local,"Meat, Poultry, Fish","Meat, Poultry, Fish",Richmond 8 Thick Pork Sausages 410g,410g,£6.22/kg,2.55,,
Sainsbury's Local,"Meat, Poultry, Fish","Meat, Poultry, Fish",Sainsbury's 10% Fat 12 Beef Meatballs 350g,350g,£8.86/kg,3.10,,
Sainsbury's Local,"Meat, Poultry, Fish","Meat, Poultry, Fish",Sainsbury's 16 Seafood Sticks 250g,250g,£5.00/kg,1.25,,
Sainsbury's Local,"Meat, Poultry, Fish","Meat, Poultry, Fish",Sainsbury's 2 Boneless Scottish Salmon Fillets 240g,240g,£25.83/kg,6.20,,
Sainsbury's Local,"Meat, Poultry, Fish","Meat, Poultry, Fish",Sainsbury's 2 Garlic & Herb Chicken Kyivs 260g,260g,£17.69/kg,4.60,,
Sainsbury's Local,"Meat, Poultry, Fish","Meat, Poultry, Fish",Sainsbury's 21 Day Matured Rump Steak 225g,225g,£20.89/kg,4.70,,
Sainsbury's Local,"Meat, Poultry, Fish","Meat, Poultry, Fish",Sainsbury's 4 British Quarter Pounder Beef Burgers 454g,454g,£9.36/kg,4.25,,
Sainsbury's Local,"Meat, Poultry, Fish","Meat, Poultry, Fish",Sainsbury's ASC Scottish Mild Smoked Salmon 100g (Ready to Eat),100g,£53.00/kg,5.30,,3 for £12
Sainsbury's Local,"Meat, Poultry, Fish","Meat, Poultry, Fish","Sainsbury's Beef Ranch Steaks with Garlic Butter, Taste the Difference 300g",300g,£31.33/kg,9.40,,
Sainsbury's Local,"Meat, Poultry, Fish","Meat, Poultry, Fish",Sainsbury's Breaded MSC Cod Fillets x2 300g,300g,£14.17/kg,4.25,,3 for £12
Sainsbury's Local,"Meat, Poultry, Fish","Meat, Poultry, Fish",Sainsbury's British 2 Chicken Breast Fillets 320g,320g,£10.78/kg,3.45,,
Sainsbury's Local,"Meat, Poultry, Fish","Meat, Poultry, Fish",Sainsbury's British 5% Fat Pork Mince 500g,500g,£6.90/kg,3.45,,
Sainsbury's Local,"Meat, Poultry, Fish","Meat, Poultry, Fish",Sainsbury's British Chicken Breast Fillets 640g,640g,£9.06/kg,5.80,,
Sainsbury's Local,"Meat, Poultry, Fish","Meat, Poultry, Fish",Sainsbury's British Chicken Thigh Fillets 320g,320g,£16.56/kg,5.30,,3 for £12
Sainsbury's Local,"Meat, Poultry, Fish","Meat, Poultry, Fish",Sainsbury's British Chicken Thigh Fillets 640g,640g,£12.19/kg,7.80,,
Sainsbury's Local,"Meat, Poultry, Fish","Meat, Poultry, Fish","Sainsbury's British Pork Cumberland Sausages, Taste the Difference x6 400g",400g,£10.88/kg,4.35,,
Sainsbury's Local,"Meat, Poultry, Fish","Meat, Poultry, Fish","Sainsbury's British Pork Sausages, Taste the Difference x6 400g",400g,£10.88/kg,4.35,,
Sainsbury's Local,"Meat, Poultry, Fish","Meat, Poultry, Fish",Sainsbury's British or Irish 21 Day Matured Sirloin Steak 225g,225g,£37.56/kg,8.45,,
Sainsbury's Local,"Meat, Poultry, Fish","Meat, Poultry, Fish",Sainsbury's British or Irish 5% Fat Beef Mince 500g,500g,£11.60/kg,5.80,,
Sainsbury's Local,"Meat, Poultry, Fish","Meat, Poultry, Fish",Sainsbury's Buffalo Chicken Poppers,70g,£22.14/kg,1.55,,
Sainsbury's Local,"Meat, Poultry, Fish","Meat, Poultry, Fish",Sainsbury's Butcher's Choice 8 British Cumberland Pork Sausages 454g,8pk,£0.62/kg,2.25,,
Sainsbury's Local,"Meat, Poultry, Fish","Meat, Poultry, Fish",Sainsbury's Butcher's choice British Pork Sausage x8 454g,454g,£6.72/kg,3.05,,
Sainsbury's Local,"Meat, Poultry, Fish","Meat, Poultry, Fish",Sainsbury's Cajun British Chicken Breast Grills 330g,330g,£17.12/kg,5.65,,
Sainsbury's Local,"Meat, Poultry, Fish","Meat, Poultry, Fish",Sainsbury's Classic Breaded Chicken Goujons 270g,270g,£13.52/kg,3.65,,
Sainsbury's Local,"Meat, Poultry, Fish","Meat, Poultry, Fish",Sainsbury's Fishcakes Scottish Salmon x2 270g,270g,£9.81/kg,2.65,,
Sainsbury's Local,"Meat, Poultry, Fish","Meat, Poultry, Fish",Sainsbury's Hot Smoked British Mackerel Fillets 140g,140g,£33.93/kg,4.75,,
Sainsbury's Local,"Meat, Poultry, Fish","Meat, Poultry, Fish",Sainsbury's Italian Cubetti Di Pancetta 200g,200g,£18.00/kg,3.60,,2 for £6
Sainsbury's Local,"Meat, Poultry, Fish","Meat, Poultry, Fish",Sainsbury's Just Cook 21 Day Matured Beef Steaks with Black Garlic Melts 300g,300g,£26.00/kg,7.80,,
Sainsbury's Local,"Meat, Poultry, Fish","Meat, Poultry, Fish",Sainsbury's Large King Prawns 150g,150g,£25.00/kg,3.75,,
Sainsbury's Local,"Meat, Poultry, Fish","Meat, Poultry, Fish","Sainsbury's Quarter Pounder Beef Steak Burgers, Taste the Difference x4 454g",454g,£15.20/kg,6.90,,
Sainsbury's Local,"Meat, Poultry, Fish","Meat, Poultry, Fish",Sainsbury's Raw King Prawns 165g,165g,£22.73/kg,3.75,,
Sainsbury's Local,"Meat, Poultry, Fish","Meat, Poultry, Fish",Sainsbury's Slow Cooked British Pork Ribs Smokey BBQ Sauce 646g (Serves 2),646g,£13.70/kg,8.85,,
Sainsbury's Local,"Meat, Poultry, Fish","Meat, Poultry, Fish","Sainsbury's Smoked Air Dried Streaky Bacon Rashers, Taste the Difference x14 220g",220g,£22.05/kg,4.85,,
Sainsbury's Local,"Meat, Poultry, Fish","Meat, Poultry, Fish",Sainsbury's Smoked Back Bacon Rashers x10 300g,300g,£9.00/kg,2.70,,
Sainsbury's Local,"Meat, Poultry, Fish","Meat, Poultry, Fish",Sainsbury's Southern Fried Chicken Breast Mini Fillets 305g,305g,£15.08/kg,4.60,,
Sainsbury's Local,"Meat, Poultry, Fish","Meat, Poultry, Fish",Sainsbury's Stamford Street Co. 2 Red Thai Style Salmon Fillets 220g,220g,£21.59/kg,4.75,,
Sainsbury's Local,"Meat, Poultry, Fish","Meat, Poultry, Fish",Sainsbury's Taste The Difference 8 Chunky Cod Fillet Fish Fingers 480g,480g,£17.81/kg,8.55,,
Sainsbury's Local,"Meat, Poultry, Fish","Meat, Poultry, Fish",Sainsbury's Taste the Difference 2 Smoked Haddock Fishcakes 290g,290g,£15.86/kg,4.60,,
Sainsbury's Local,"Meat, Poultry, Fish","Meat, Poultry, Fish",Sainsbury's Taste the Difference Prawn Cocktail 400g,400g,£23.50/kg,9.40,,
Sainsbury's Local,"Meat, Poultry, Fish","Meat, Poultry, Fish",Sainsbury's Taste the Difference Wild Garlic Chicken Kyivs 385g,385g,£16.88/kg,6.50,,
Sainsbury's Local,"Meat, Poultry, Fish","Meat, Poultry, Fish",Sainsbury's Unsmoked Back Bacon Rashers x10 300g,300g,£5.67/kg,1.70,,
Sainsbury's Local,"Meat, Poultry, Fish","Meat, Poultry, Fish",Sainsburys 21 Day matured ribeye steak 225g,225g,£38.89/kg,8.75,,
Sainsbury's Local,"Meat, Poultry, Fish","Meat, Poultry, Fish",Wasabi Spicy Korean Chicken Pops 150g,150g,£29.00/kg,4.35,,
Sainsbury's Local,"Meat, Poultry, Fish",Midweek Meals Made Easy,Sainsbury's British Chicken Breast Fillets 640g,640g,£9.06/kg,5.80,,
Sainsbury's Local,"Meat, Poultry, Fish",Midweek Meals Made Easy,Sainsbury's British or Irish 5% Fat Beef Mince 500g,500g,£11.60/kg,5.80,,
Sainsbury's Local,"Meat, Poultry, Fish",Midweek Meals Made Easy,Sainsbury's Large King Prawns 150g,150g,£25.00/kg,3.75,,
Sainsbury's Local,"Meat, Poultry, Fish",Offers,House of Chicken Buttermilk Chicken Breast Burgers 300g,300g,£11.67/kg,3.50,4.50,£1 off
Sainsbury's Local,"Meat, Poultry, Fish",Offers,Sainsbury's ASC Scottish Mild Smoked Salmon 100g (Ready to Eat),100g,£53.00/kg,5.30,,3 for £12
Sainsbury's Local,"Meat, Poultry, Fish",Offers,Sainsbury's Breaded MSC Cod Fillets x2 300g,300g,£14.17/kg,4.25,,3 for £12
Sainsbury's Local,"Meat, Poultry, Fish",Offers,Sainsbury's British Chicken Thigh Fillets 320g,320g,£16.56/kg,5.30,,3 for £12
Sainsbury's Local,"Meat, Poultry, Fish",Offers,Sainsbury's Italian Cubetti Di Pancetta 200g,200g,£18.00/kg,3.60,,2 for £6
Sainsbury's Local,"Meat, Poultry, Fish",Pork,Sainsbury's British 5% Fat Pork Mince 500g,500g,£6.90/kg,3.45,,
Sainsbury's Local,"Meat, Poultry, Fish",Pork,Sainsbury's Slow Cooked British Pork Ribs Smokey BBQ Sauce 646g (Serves 2),646g,£13.70/kg,8.85,,
Sainsbury's Local,"Meat, Poultry, Fish",Prawns & Seafood,Sainsbury's Raw King Prawns 165g,165g,£22.73/kg,3.75,,
Sainsbury's Local,"Meat, Poultry, Fish",Prawns & Seafood,Sainsbury's Taste the Difference Prawn Cocktail 400g,400g,£23.50/kg,9.40,,
Sainsbury's Local,"Meat, Poultry, Fish",Ready to Eat Fish,Sainsbury's 16 Seafood Sticks 250g,250g,£5.00/kg,1.25,,
Sainsbury's Local,"Meat, Poultry, Fish",Ready to Eat Fish,Sainsbury's ASC Scottish Mild Smoked Salmon 100g (Ready to Eat),100g,£53.00/kg,5.30,,3 for £12
Sainsbury's Local,"Meat, Poultry, Fish",Ready to Eat Fish,Sainsbury's Hot Smoked British Mackerel Fillets 140g,140g,£33.93/kg,4.75,,
Sainsbury's Local,"Meat, Poultry, Fish",Ready to Eat Fish,Sainsbury's Large King Prawns 150g,150g,£25.00/kg,3.75,,
Sainsbury's Local,"Meat, Poultry, Fish",Sausages,Ginsters Limited Edition Buffalo Chicken Pocket 100g,100g,£15.50/kg,1.55,,
Sainsbury's Local,"Meat, Poultry, Fish",Sausages,Herta The Original 10 Classics Frankfurters 350g,350g,£10.43/kg,3.65,,
Sainsbury's Local,"Meat, Poultry, Fish",Sausages,Richmond 8 Thick Pork Sausages 410g,410g,£6.22/kg,2.55,,
Sainsbury's Local,"Meat, Poultry, Fish",Sausages,"Sainsbury's British Pork Cumberland Sausages, Taste the Difference x6 400g",400g,£10.88/kg,4.35,,
Sainsbury's Local,"Meat, Poultry, Fish",Sausages,"Sainsbury's British Pork Sausages, Taste the Difference x6 400g",400g,£10.88/kg,4.35,,
Sainsbury's Local,"Meat, Poultry, Fish",Sausages,Sainsbury's Butcher's Choice 8 British Cumberland Pork Sausages 454g,8pk,£0.62/kg,2.25,,
Sainsbury's Local,"Meat, Poultry, Fish",Sausages,Sainsbury's Butcher's choice British Pork Sausage x8 454g,454g,£6.72/kg,3.05,,
Sainsbury's Local,"Meat, Poultry, Fish",Summer Eating,Sainsbury's 4 British Quarter Pounder Beef Burgers 454g,454g,£9.36/kg,4.25,,
Sainsbury's Local,"Meat, Poultry, Fish",Summer Eating,Sainsbury's Butcher's Choice 8 British Cumberland Pork Sausages 454g,8pk,£0.62/kg,2.25,,
Sainsbury's Local,"Meat, Poultry, Fish",Summer Eating,Sainsbury's Just Cook 21 Day Matured Beef Steaks with Black Garlic Melts 300g,300g,£26.00/kg,7.80,,
Sainsbury's Local,"Meat, Poultry, Fish",Taste the Difference this Summer,"Sainsbury's British Pork Cumberland Sausages, Taste the Difference x6 400g",400g,£10.88/kg,4.35,,
Sainsbury's Local,"Meat, Poultry, Fish",Taste the Difference this Summer,"Sainsbury's British Pork Sausages, Taste the Difference x6 400g",400g,£10.88/kg,4.35,,
Sainsbury's Local,"Milk, Eggs, Dairy",Butter & Spreads,Anchor Salted Butter 200g,200g,£16.50/kg,3.30,,
Sainsbury's Local,"Milk, Eggs, Dairy",Butter & Spreads,Bertolli 450g,450g,£9.00/kg,4.05,,
Sainsbury's Local,"Milk, Eggs, Dairy",Butter & Spreads,East End Pure Butter Ghee for Cooking 500g,500g,£20.00/kg,10.00,,
Sainsbury's Local,"Milk, Eggs, Dairy",Butter & Spreads,Flora Buttery 450g,450g,£6.67/kg,3.00,,
Sainsbury's Local,"Milk, Eggs, Dairy",Butter & Spreads,Lurpak Butter Slightly Salted 200g,200g,£17.75/kg,3.55,,
Sainsbury's Local,"Milk, Eggs, Dairy",Butter & Spreads,Lurpak Slightly Salted Spreadable 250g,250g,£16.00/kg,4.00,,
Sainsbury's Local,"Milk, Eggs, Dairy",Butter & Spreads,Lurpak Unsalted Butter 200g,200g,£17.75/kg,3.55,,
Sainsbury's Local,"Milk, Eggs, Dairy",Butter & Spreads,"Sainsbury's British Butter, Salted 250g",250g,£8.60/kg,2.15,,
Sainsbury's Local,"Milk, Eggs, Dairy",Cream,Anchor Original Real Cream Spray 250g,250g,£12.00/kg,3.00,,
Sainsbury's Local,"Milk, Eggs, Dairy",Cream,Elmlea Double Alternative to Cream 270ml,270ml,£8.15/L,2.20,,
Sainsbury's Local,"Milk, Eggs, Dairy",Cream,Elmlea Single 270ml,270ml,£6.11/L,1.65,,
Sainsbury's Local,"Milk, Eggs, Dairy",Cream,Sainsbury's Fresh British Double Cream 150ml,150ml,£11.00/L,1.65,,
Sainsbury's Local,"Milk, Eggs, Dairy",Cream,Sainsbury's Fresh British Double Cream 300ml,300ml,£6.83/L,2.05,,
Sainsbury's Local,"Milk, Eggs, Dairy",Cream,Sainsbury's Fresh British Single Cream 300ml,300ml,£4.50/L,1.35,,
Sainsbury's Local,"Milk, Eggs, Dairy",Cream,Sainsbury's Fresh Crème Fraiche 300ml,300ml,£4.50/L,1.35,,
Sainsbury's Local,"Milk, Eggs, Dairy",Cream,Sainsbury's Soured Cream 300ml,300ml,£4.83/L,1.45,,
Sainsbury's Local,"Milk, Eggs, Dairy",Cream,Sainsbury's Taste the Difference Cornish Clotted Cream 200g,200g,£14.25/kg,2.85,,
Sainsbury's Local,"Milk, Eggs, Dairy",Dairy Alternatives,Alpro Greek Style Plain Dairy Free Yoghurt Alternative 400g,400g,£6.88/kg,2.75,,
Sainsbury's Local,"Milk, Eggs, Dairy",Dairy Alternatives,Alpro Greek Style Strawberry Raspberry Dairy Free Yoghurt Alternative 150g,150g,£10.00/kg,1.50,,
Sainsbury's Local,"Milk, Eggs, Dairy",Dairy Alternatives,Alpro Single Soya 250ml,250ml,£6.40/L,1.60,,
Sainsbury's Local,"Milk, Eggs, Dairy",Dairy Alternatives,Alpro Vanilla Dairy Free Soya Yoghurt Alternative 500g,500g,£5.50/kg,2.75,,
Sainsbury's Local,"Milk, Eggs, Dairy",Dairy Alternatives,Sainsbury's SO Organic Super Firm Tofu 300g,300g,£6.67/kg,2.00,,
Sainsbury's Local,"Milk, Eggs, Dairy",Dairy Alternatives,The Coconut Collab Natural 350g,350g,£10.00/kg,3.50,,
Sainsbury's Local,"Milk, Eggs, Dairy",Dairy Alternatives,Tofoo & Co. Naked Tofu 280g,280g,£11.07/kg,3.10,,
Sainsbury's Local,"Milk, Eggs, Dairy",Dairy Free Drinks,Alpro Almond No Sugar Chilled Dairy Free Drink 1L,1L,£1.75/L,1.75,2.40,£0.65 off
Sainsbury's Local,"Milk, Eggs, Dairy",Dairy Free Drinks,Alpro Almond No Sugar Long Life Dairy Free Drink 1L,1L,£2.80/L,2.80,,
Sainsbury's Local,"Milk, Eggs, Dairy",Dairy Free Drinks,Alpro Coconut Original Chilled Dairy Free Drink 1L,1L,£2.40/L,2.40,,
Sainsbury's Local,"Milk, Eggs, Dairy",Dairy Free Drinks,Alpro Oat No Sugar Chilled Dairy Free Drink 1L,1L,£1.75/L,1.75,2.30,£0.55 off
Sainsbury's Local,"Milk, Eggs, Dairy",Dairy Free Drinks,Alpro Oat No Sugar Long Life Dairy Free Drink 1L,1L,£2.70/L,2.70,,
Sainsbury's Local,"Milk, Eggs, Dairy",Dairy Free Drinks,Alpro Soya No Sugar Chilled Dairy Free Drink 1L,1L,£2.80/L,2.80,,
Sainsbury's Local,"Milk, Eggs, Dairy",Dairy Free Drinks,Alpro Soya Original Chilled Dairy Free Drink 1L,1L,£2.65/L,2.65,,
Sainsbury's Local,"Milk, Eggs, Dairy",Dairy Free Drinks,Alpro Soya Plant-Based Chilled Drink 1L,1L,£2.80/L,2.80,,
Sainsbury's Local,"Milk, Eggs, Dairy",Dairy Free Drinks,Oatly! Barista Edition The Original Oat Drink 1L,1L,£2.95/L,2.95,,
Sainsbury's Local,"Milk, Eggs, Dairy",Dairy Free Drinks,Oatly! Barista Edition The Original Oat Drink 500ml,500ml,£3.50/L,1.75,,
Sainsbury's Local,"Milk, Eggs, Dairy",Dairy Free Drinks,Oatly! Oat Drink Barista Edition 1L,1L,£2.75/L,2.75,,
Sainsbury's Local,"Milk, Eggs, Dairy",Dairy Free Drinks,Oatly! The Original Oat Drink Semi 1L,1L,£2.45/L,2.45,,
Sainsbury's Local,"Milk, Eggs, Dairy",Dairy Free Drinks,Oatly! The Original Semi Oat Drink 1L,1L,£2.60/L,2.60,,
Sainsbury's Local,"Milk, Eggs, Dairy",Dairy Free Drinks,Oatly! The Original Whole Oat Drink 1L,1L,£2.45/L,2.45,,
Sainsbury's Local,"Milk, Eggs, Dairy",Eggs,Clarence Court 6 Mabel Pearman's Burford Browns Medium Free Range Eggs,6pk,£0.72 each,4.30,,
Sainsbury's Local,"Milk, Eggs, Dairy",Eggs,Sainsbury's 12 Large British Free Range Eggs,12pk,£0.34 each,4.05,,
Sainsbury's Local,"Milk, Eggs, Dairy",Eggs,Sainsbury's 12 Medium British Free Range Eggs,12pk,£0.27 each,3.25,,
Sainsbury's Local,"Milk, Eggs, Dairy",Eggs,Sainsbury's 6 Large British Free Range Eggs,6pk,£0.42 each,2.50,,
Sainsbury's Local,"Milk, Eggs, Dairy",Eggs,Sainsbury's 6 Medium British Free Range Eggs,6pk,£0.38 each,2.30,,
Sainsbury's Local,"Milk, Eggs, Dairy",Eggs,Sainsbury's Free Range Egg Pot 90g,90g,£19.44/kg,1.75,,
Sainsbury's Local,"Milk, Eggs, Dairy",Eggs,Sainsbury's SO Organic 6 Free Range British Eggs Medium,6pk,£0.60 each,3.60,,
Sainsbury's Local,"Milk, Eggs, Dairy",Milk,Arla Lacto Free Semi Skimmed Milk Drink 1 Litre,1L,£2.45/L,2.45,,
Sainsbury's Local,"Milk, Eggs, Dairy",Milk,Cravendale Semi Skimmed 2L,2L,£1.00/L,2.00,2.75,£0.75 off
Sainsbury's Local,"Milk, Eggs, Dairy",Milk,Cravendale Whole 2L,2L,£1.00/L,2.00,2.75,£0.75 off
Sainsbury's Local,"Milk, Eggs, Dairy",Milk,Sainsbury's SO Organic Free Range Semi Skimmed British Milk 1.136L/2 Pints,1.14L,£2.11/L,2.40,,
Sainsbury's Local,"Milk, Eggs, Dairy",Milk,Sainsbury's SO Organic Free Range Semi Skimmed British Milk 2.272L/4 Pints,2.27L,£1.47/L,3.35,,
Sainsbury's Local,"Milk, Eggs, Dairy",Milk,Sainsbury's Semi Skimmed British Milk from our Devonshire Dairy 1.76 Pints/1L,1L,£1.35/L,1.35,,
Sainsbury's Local,"Milk, Eggs, Dairy",Milk,Sainsbury's Semi Skimmed Fresh British Milk 2 Pints/1.136L,1.14L,£1.32/L,1.50,,
Sainsbury's Local,"Milk, Eggs, Dairy",Milk,Sainsbury's Semi Skimmed Fresh British Milk 4 Pints/2.272L,2.27L,£0.84/L,1.90,,
Sainsbury's Local,"Milk, Eggs, Dairy",Milk,Sainsbury's Semi Skimmed Fresh British Milk 568ml (1 pint),568ml,£1.85/L,1.05,,
Sainsbury's Local,"Milk, Eggs, Dairy",Milk,Sainsbury's Skimmed Fresh British Milk 1 Pint/568ml,568ml,£1.85/L,1.05,,
Sainsbury's Local,"Milk, Eggs, Dairy",Milk,Sainsbury's Skimmed Fresh British Milk 2 Pints/1.136L,1.14L,£1.32/L,1.50,,
Sainsbury's Local,"Milk, Eggs, Dairy",Milk,Sainsbury's So Organic Free Range Whole British Milk 2 Pints / 1.136L,1.14L,£2.11/L,2.40,,
Sainsbury's Local,"Milk, Eggs, Dairy",Milk,Sainsbury's Whole Fresh British Milk 1 Pint/568 ml,568ml,£1.85/L,1.05,,
Sainsbury's Local,"Milk, Eggs, Dairy",Milk,Sainsbury's Whole Fresh British Milk 2 Pints/1.136L,1.14L,£1.32/L,1.50,,
Sainsbury's Local,"Milk, Eggs, Dairy",Milk,Sainsbury's Whole Fresh British Milk 4 Pints/2.272L,2.27L,£0.84/L,1.90,,
Sainsbury's Local,"Milk, Eggs, Dairy","Milk, Eggs, Dairy",Alpro Almond No Sugar Chilled Dairy Free Drink 1L,1L,£1.75/L,1.75,2.40,£0.65 off
Sainsbury's Local,"Milk, Eggs, Dairy","Milk, Eggs, Dairy",Alpro Almond No Sugar Long Life Dairy Free Drink 1L,1L,£2.80/L,2.80,,
Sainsbury's Local,"Milk, Eggs, Dairy","Milk, Eggs, Dairy",Alpro Coconut Original Chilled Dairy Free Drink 1L,1L,£2.40/L,2.40,,
Sainsbury's Local,"Milk, Eggs, Dairy","Milk, Eggs, Dairy",Alpro Greek Style Plain Dairy Free Yoghurt Alternative 400g,400g,£6.88/kg,2.75,,
Sainsbury's Local,"Milk, Eggs, Dairy","Milk, Eggs, Dairy",Alpro Greek Style Strawberry Raspberry Dairy Free Yoghurt Alternative 150g,150g,£10.00/kg,1.50,,
Sainsbury's Local,"Milk, Eggs, Dairy","Milk, Eggs, Dairy",Alpro Oat No Sugar Chilled Dairy Free Drink 1L,1L,£1.75/L,1.75,2.30,£0.55 off
Sainsbury's Local,"Milk, Eggs, Dairy","Milk, Eggs, Dairy",Alpro Oat No Sugar Long Life Dairy Free Drink 1L,1L,£2.70/L,2.70,,
Sainsbury's Local,"Milk, Eggs, Dairy","Milk, Eggs, Dairy",Alpro Single Soya 250ml,250ml,£6.40/L,1.60,,
Sainsbury's Local,"Milk, Eggs, Dairy","Milk, Eggs, Dairy",Alpro Soya No Sugar Chilled Dairy Free Drink 1L,1L,£2.80/L,2.80,,
Sainsbury's Local,"Milk, Eggs, Dairy","Milk, Eggs, Dairy",Alpro Soya Original Chilled Dairy Free Drink 1L,1L,£2.65/L,2.65,,
Sainsbury's Local,"Milk, Eggs, Dairy","Milk, Eggs, Dairy",Alpro Soya Plant-Based Chilled Drink 1L,1L,£2.80/L,2.80,,
Sainsbury's Local,"Milk, Eggs, Dairy","Milk, Eggs, Dairy",Alpro Vanilla Dairy Free Soya Yoghurt Alternative 500g,500g,£5.50/kg,2.75,,
Sainsbury's Local,"Milk, Eggs, Dairy","Milk, Eggs, Dairy",Anchor Original Real Cream Spray 250g,250g,£12.00/kg,3.00,,
Sainsbury's Local,"Milk, Eggs, Dairy","Milk, Eggs, Dairy",Anchor Salted Butter 200g,200g,£16.50/kg,3.30,,
Sainsbury's Local,"Milk, Eggs, Dairy","Milk, Eggs, Dairy",Arla Lacto Free Semi Skimmed Milk Drink 1 Litre,1L,£2.45/L,2.45,,
Sainsbury's Local,"Milk, Eggs, Dairy","Milk, Eggs, Dairy",Bertolli 450g,450g,£9.00/kg,4.05,,
Sainsbury's Local,"Milk, Eggs, Dairy","Milk, Eggs, Dairy",Clarence Court 6 Mabel Pearman's Burford Browns Medium Free Range Eggs,6pk,£0.72 each,4.30,,
Sainsbury's Local,"Milk, Eggs, Dairy","Milk, Eggs, Dairy",Cravendale Semi Skimmed 2L,2L,£1.00/L,2.00,2.75,£0.75 off
Sainsbury's Local,"Milk, Eggs, Dairy","Milk, Eggs, Dairy",Cravendale Whole 2L,2L,£1.00/L,2.00,2.75,£0.75 off
Sainsbury's Local,"Milk, Eggs, Dairy","Milk, Eggs, Dairy",East End Pure Butter Ghee for Cooking 500g,500g,£20.00/kg,10.00,,
Sainsbury's Local,"Milk, Eggs, Dairy","Milk, Eggs, Dairy",Elmlea Double Alternative to Cream 270ml,270ml,£8.15/L,2.20,,
Sainsbury's Local,"Milk, Eggs, Dairy","Milk, Eggs, Dairy",Elmlea Single 270ml,270ml,£6.11/L,1.65,,
Sainsbury's Local,"Milk, Eggs, Dairy","Milk, Eggs, Dairy",Flora Buttery 450g,450g,£6.67/kg,3.00,,
Sainsbury's Local,"Milk, Eggs, Dairy","Milk, Eggs, Dairy",Lurpak Butter Slightly Salted 200g,200g,£17.75/kg,3.55,,
Sainsbury's Local,"Milk, Eggs, Dairy","Milk, Eggs, Dairy",Lurpak Slightly Salted Spreadable 250g,250g,£16.00/kg,4.00,,
Sainsbury's Local,"Milk, Eggs, Dairy","Milk, Eggs, Dairy",Lurpak Unsalted Butter 200g,200g,£17.75/kg,3.55,,
Sainsbury's Local,"Milk, Eggs, Dairy","Milk, Eggs, Dairy",Oatly! Barista Edition The Original Oat Drink 1L,1L,£2.95/L,2.95,,
Sainsbury's Local,"Milk, Eggs, Dairy","Milk, Eggs, Dairy",Oatly! Barista Edition The Original Oat Drink 500ml,500ml,£3.50/L,1.75,,
Sainsbury's Local,"Milk, Eggs, Dairy","Milk, Eggs, Dairy",Oatly! Oat Drink Barista Edition 1L,1L,£2.75/L,2.75,,
Sainsbury's Local,"Milk, Eggs, Dairy","Milk, Eggs, Dairy",Oatly! The Original Oat Drink Semi 1L,1L,£2.45/L,2.45,,
Sainsbury's Local,"Milk, Eggs, Dairy","Milk, Eggs, Dairy",Oatly! The Original Semi Oat Drink 1L,1L,£2.60/L,2.60,,
Sainsbury's Local,"Milk, Eggs, Dairy","Milk, Eggs, Dairy",Oatly! The Original Whole Oat Drink 1L,1L,£2.45/L,2.45,,
Sainsbury's Local,"Milk, Eggs, Dairy","Milk, Eggs, Dairy",Sainsbury's 12 Large British Free Range Eggs,12pk,£0.34 each,4.05,,
Sainsbury's Local,"Milk, Eggs, Dairy","Milk, Eggs, Dairy",Sainsbury's 12 Medium British Free Range Eggs,12pk,£0.27 each,3.25,,
Sainsbury's Local,"Milk, Eggs, Dairy","Milk, Eggs, Dairy",Sainsbury's 6 Large British Free Range Eggs,6pk,£0.42 each,2.50,,
Sainsbury's Local,"Milk, Eggs, Dairy","Milk, Eggs, Dairy",Sainsbury's 6 Medium British Free Range Eggs,6pk,£0.38 each,2.30,,
Sainsbury's Local,"Milk, Eggs, Dairy","Milk, Eggs, Dairy","Sainsbury's British Butter, Salted 250g",250g,£8.60/kg,2.15,,
Sainsbury's Local,"Milk, Eggs, Dairy","Milk, Eggs, Dairy",Sainsbury's Free Range Egg Pot 90g,90g,£19.44/kg,1.75,,
Sainsbury's Local,"Milk, Eggs, Dairy","Milk, Eggs, Dairy",Sainsbury's Fresh British Double Cream 150ml,150ml,£11.00/L,1.65,,
Sainsbury's Local,"Milk, Eggs, Dairy","Milk, Eggs, Dairy",Sainsbury's Fresh British Double Cream 300ml,300ml,£6.83/L,2.05,,
Sainsbury's Local,"Milk, Eggs, Dairy","Milk, Eggs, Dairy",Sainsbury's Fresh British Single Cream 300ml,300ml,£4.50/L,1.35,,
Sainsbury's Local,"Milk, Eggs, Dairy","Milk, Eggs, Dairy",Sainsbury's Fresh Crème Fraiche 300ml,300ml,£4.50/L,1.35,,
Sainsbury's Local,"Milk, Eggs, Dairy","Milk, Eggs, Dairy",Sainsbury's SO Organic 6 Free Range British Eggs Medium,6pk,£0.60 each,3.60,,
Sainsbury's Local,"Milk, Eggs, Dairy","Milk, Eggs, Dairy",Sainsbury's SO Organic Free Range Semi Skimmed British Milk 1.136L/2 Pints,1.14L,£2.11/L,2.40,,
Sainsbury's Local,"Milk, Eggs, Dairy","Milk, Eggs, Dairy",Sainsbury's SO Organic Free Range Semi Skimmed British Milk 2.272L/4 Pints,2.27L,£1.47/L,3.35,,
Sainsbury's Local,"Milk, Eggs, Dairy","Milk, Eggs, Dairy",Sainsbury's SO Organic Super Firm Tofu 300g,300g,£6.67/kg,2.00,,
Sainsbury's Local,"Milk, Eggs, Dairy","Milk, Eggs, Dairy",Sainsbury's Semi Skimmed British Milk from our Devonshire Dairy 1.76 Pints/1L,1L,£1.35/L,1.35,,
Sainsbury's Local,"Milk, Eggs, Dairy","Milk, Eggs, Dairy",Sainsbury's Semi Skimmed Fresh British Milk 2 Pints/1.136L,1.14L,£1.32/L,1.50,,
Sainsbury's Local,"Milk, Eggs, Dairy","Milk, Eggs, Dairy",Sainsbury's Semi Skimmed Fresh British Milk 4 Pints/2.272L,2.27L,£0.84/L,1.90,,
Sainsbury's Local,"Milk, Eggs, Dairy","Milk, Eggs, Dairy",Sainsbury's Semi Skimmed Fresh British Milk 568ml (1 pint),568ml,£1.85/L,1.05,,
Sainsbury's Local,"Milk, Eggs, Dairy","Milk, Eggs, Dairy",Sainsbury's Skimmed Fresh British Milk 1 Pint/568ml,568ml,£1.85/L,1.05,,
Sainsbury's Local,"Milk, Eggs, Dairy","Milk, Eggs, Dairy",Sainsbury's Skimmed Fresh British Milk 2 Pints/1.136L,1.14L,£1.32/L,1.50,,
Sainsbury's Local,"Milk, Eggs, Dairy","Milk, Eggs, Dairy",Sainsbury's So Organic Free Range Whole British Milk 2 Pints / 1.136L,1.14L,£2.11/L,2.40,,
Sainsbury's Local,"Milk, Eggs, Dairy","Milk, Eggs, Dairy",Sainsbury's Soured Cream 300ml,300ml,£4.83/L,1.45,,
Sainsbury's Local,"Milk, Eggs, Dairy","Milk, Eggs, Dairy",Sainsbury's Taste the Difference Cornish Clotted Cream 200g,200g,£14.25/kg,2.85,,
Sainsbury's Local,"Milk, Eggs, Dairy","Milk, Eggs, Dairy",Sainsbury's Whole Fresh British Milk 1 Pint/568 ml,568ml,£1.85/L,1.05,,
Sainsbury's Local,"Milk, Eggs, Dairy","Milk, Eggs, Dairy",Sainsbury's Whole Fresh British Milk 2 Pints/1.136L,1.14L,£1.32/L,1.50,,
Sainsbury's Local,"Milk, Eggs, Dairy","Milk, Eggs, Dairy",Sainsbury's Whole Fresh British Milk 4 Pints/2.272L,2.27L,£0.84/L,1.90,,
Sainsbury's Local,"Milk, Eggs, Dairy","Milk, Eggs, Dairy",The Coconut Collab Natural 350g,350g,£10.00/kg,3.50,,
Sainsbury's Local,"Milk, Eggs, Dairy","Milk, Eggs, Dairy",Tofoo & Co. Naked Tofu 280g,280g,£11.07/kg,3.10,,
Sainsbury's Local,"Milk, Eggs, Dairy",Mornings Made Better,Alpro Greek Style Plain Dairy Free Yoghurt Alternative 400g,400g,£6.88/kg,2.75,,
Sainsbury's Local,"Milk, Eggs, Dairy",Mornings Made Better,Sainsbury's 6 Large British Free Range Eggs,6pk,£0.42 each,2.50,,
Sainsbury's Local,"Milk, Eggs, Dairy",Mornings Made Better,Sainsbury's 6 Medium British Free Range Eggs,6pk,£0.38 each,2.30,,
Sainsbury's Local,"Milk, Eggs, Dairy",Mornings Made Better,Sainsbury's Semi Skimmed Fresh British Milk 4 Pints/2.272L,2.27L,£0.84/L,1.90,,
Sainsbury's Local,"Milk, Eggs, Dairy",Mornings Made Better,Sainsbury's Whole Fresh British Milk 2 Pints/1.136L,1.14L,£1.32/L,1.50,,
Sainsbury's Local,"Milk, Eggs, Dairy",Offers,Alpro Almond No Sugar Chilled Dairy Free Drink 1L,1L,£1.75/L,1.75,2.40,£0.65 off
Sainsbury's Local,"Milk, Eggs, Dairy",Offers,Alpro Oat No Sugar Chilled Dairy Free Drink 1L,1L,£1.75/L,1.75,2.30,£0.55 off
Sainsbury's Local,"Milk, Eggs, Dairy",Offers,Cravendale Semi Skimmed 2L,2L,£1.00/L,2.00,2.75,£0.75 off
Sainsbury's Local,"Milk, Eggs, Dairy",Offers,Cravendale Whole 2L,2L,£1.00/L,2.00,2.75,£0.75 off
Sainsbury's Local,Pet,Cat Food,Blink! Chicken Fillet Recipes in Jelly 8 × 85g,8pk,£15.59/kg,10.60,,
Sainsbury's Local,Pet,Cat Food,DREAMIES Cat Treat Biscuits With Chicken Flavour 200g,200g,£17.75/kg,3.55,,
Sainsbury's Local,Pet,Cat Food,DREAMIES Cat Treat Biscuits with Cheese 60g,60g,£25.00/kg,1.50,,
Sainsbury's Local,Pet,Cat Food,DREAMIES Cat Treat Biscuits with Chicken 60g,60g,£25.00/kg,1.50,,
Sainsbury's Local,Pet,Cat Food,FELIX As Good As it Looks Ocean Feasts Wet Cat Food 12x85g,1.02kg,£6.52/kg,6.65,,
Sainsbury's Local,Pet,Cat Food,GO-CAT Chicken and Duck Dry Cat Food 750g,750g,£5.20/kg,3.90,,
Sainsbury's Local,Pet,Cat Food,GOURMET Gold Pate Ocean Fish Wet Cat Food 85g,85g,£11.76/kg,1.00,,
Sainsbury's Local,Pet,Cat Food,GOURMET Gold Savoury Cake Meat and Fish Variety Wet Cat Food 8x85g,8pk,£9.12/kg,6.20,,
Sainsbury's Local,Pet,Cat Food,"GOURMET Mon Petit Intense Duck, Chicken, Turkey Wet Cat Food 6x50g",6pk,£11.50/kg,3.45,,
Sainsbury's Local,Pet,Cat Food,GOURMET Nature's Creations Chicken Wet Cat Food 85g,85g,£16.47/kg,1.40,,
Sainsbury's Local,Pet,Cat Food,GOURMET Perle Mini Fillets in Gravy Connoisseur's Collection Wet Cat Food 12x85g,1.02kg,£7.35/kg,7.50,,
Sainsbury's Local,Pet,Cat Food,GOURMET Solitaire Beef Wet Cat Food 85g,85g,£16.47/kg,1.40,,
Sainsbury's Local,Pet,Cat Food,HiLife Tasty Chicken Treats 10g,10g,£195.00/kg,1.95,,
Sainsbury's Local,Pet,Cat Food,PURINA ONE Chicken Dry Cat Food 800g,800g,£9.38/kg,7.50,,
Sainsbury's Local,Pet,Cat Food,SHEBA® Fresh & Fine Adult Wet Cat Food Tuna and Cod in Gravy 6x50g Pouches,6pk,£10.00/kg,3.00,,
Sainsbury's Local,Pet,Cat Food,SHEBA® Sauce Collection Adult Wet Cat Food Mixed Selection 8 x 85g Tray,8pk,£7.94/kg,5.40,,
Sainsbury's Local,Pet,Cat Food,Sainsbury’s Cat Milk 3x200ml,600ml,£4.42/L,2.65,,
Sainsbury's Local,Pet,Cat Food,Scrumbles Complete Dry Food for Adult & Seniors 75% Chicken 750g,750g,£12.20/kg,9.15,,
Sainsbury's Local,Pet,Cat Food,WHISKAS 1+ FISH Favourites Wet Cat Food Pouches in Jelly 12 x 85g,12pk,£6.37/kg,6.50,,
Sainsbury's Local,Pet,Cat Food,WHISKAS 1+ POULTRY Feasts Wet Cat Food Pouches in Jelly 12 x 85g,12pk,£6.37/kg,6.50,,
Sainsbury's Local,Pet,Cat Food,WHISKAS Senior 7+ POULTRY Feasts Wet Cat Food Pouches in Gravy 12 x 85g,12pk,£6.37/kg,6.50,,
Sainsbury's Local,Pet,Cat Food,Webbox Lick-e-Lix with Chicken 5 x 15g (75g),5pk,£21.33/kg,1.60,,
Sainsbury's Local,Pet,Cat Food,Webbox Lick-e-Lix with Salmon 5 x 15g (75g),5pk,£21.33/kg,1.60,,
Sainsbury's Local,Pet,Cat Litter,Catsan Hygiene Non-Clumping Odour Control Cat Litter 10L,10L,£0.90/L,8.95,,
Sainsbury's Local,Pet,Dog Food,BAKERS Sizzlers Bacon Dog Treats 90g,90g,£15.56/kg,1.40,,
Sainsbury's Local,Pet,Dog Food,BAKERS Whirlers Bacon and Cheese Dog Treats 130g,130g,£10.77/kg,1.40,,
Sainsbury's Local,Pet,Dog Food,Butcher's Nourishing Food for Dogs with Tripe 400g,400g,£3.50/kg,1.40,,
Sainsbury's Local,Pet,Dog Food,Butcher's Simply Gentle Nourishing Food for Dogs 6 x 390g,6pk,£3.08/kg,7.20,,
Sainsbury's Local,Pet,Dog Food,Forthglade Turkey with a Sweet Potato & Vegetables Complete Meal Adult 1 Yr+ 395g,395g,£6.58/kg,2.60,,
Sainsbury's Local,Pet,Dog Food,Good Boy Pawsley & Co. Chewy Twists with Chicken 90g,90g,£35.56/kg,3.20,,
Sainsbury's Local,Pet,Dog Food,Good Boy Pawsley & Co. Large Chewy Braid 90g,90g,£33.33/kg,3.00,,
Sainsbury's Local,Pet,Dog Food,Good Boy Pawsley & Co. Mega Chewy Twist with Chicken 70g,70g,£37.14/kg,2.60,,
Sainsbury's Local,Pet,Dog Food,Harringtons Adult Complete Dry Dog Food - Rich in Turkey & Veg 1.7kg,1.7kg,£4.41/kg,7.50,,
Sainsbury's Local,Pet,Dog Food,"Harringtons Senior Complete Dry Dog Food - Rich in Chicken & Rice, 1.7kg",1.7kg,£4.41/kg,7.50,,
Sainsbury's Local,Pet,Dog Food,Lily's Kitchen Chicken & Turkey Casserole Adult Wet Dog Food 150g,150g,£13.67/kg,2.05,,
Sainsbury's Local,Pet,Dog Food,Lily's Kitchen Chomp-Away Chicken Bites 70g,70g,£54.29/kg,3.80,,
Sainsbury's Local,Pet,Dog Food,"Lily's Kitchen Countryside Casserole with Chicken, Duck & Sweet Potatoes 1kg",1kg,£12.30/kg,12.30,,
Sainsbury's Local,Pet,Dog Food,PEDIGREE RODEO Beef Dog Treats 7 Sticks,7pk,£12.60/kg,1.55,,
Sainsbury's Local,Pet,Dog Food,PEDIGREE® Adult Wet Dog Food Mixed Selection in Jelly 12 x 100g Pouch,12pk,£5.42/kg,6.50,,
Sainsbury's Local,Pet,Dog Food,Sainsbury's Complete Nutrition Adult Dog Food Meat Selection in Jelly 6x400g,2.4kg,£1.38/kg,3.30,,
Sainsbury's Local,Pet,Dog Food,Sainsbury's Complete Nutrition Smooth Pâté with Chicken Adult 1-7 Years 300g,300g,£3.00/kg,0.90,,
Sainsbury's Local,Pet,Dog Food,Sainsbury's Oral Care 14 Dental Sticks Medium Dog 360g,360g,£5.00/kg,1.80,,
Sainsbury's Local,Pet,Dog Food,Scrumbles Salmon Softies 90g,90g,£31.11/kg,2.80,,
Sainsbury's Local,Pet,Dog Food,Tails.com Inner Vitality 65% Chicken Adult Dogs 1-7 Years 150g,150g,£11.33/kg,1.70,,
Sainsbury's Local,Pet,Dog Food,WINALOT Meaty Chunks Mixed in Gravy Wet Dog Food 12x100g,12pk,£5.42/kg,6.50,,
Sainsbury's Local,Pet,Dog Food,Webbox Supreme Chub Roll Duck & Liver Flavour 1-7 Years 720g,720g,£1.74/kg,1.25,,
Sainsbury's Local,Pet,"Grooming, Healthcare & Accessories",Good Boy 50 Clean & Kind Compostable Poo Bags,50pk,£27.17/kg,2.50,,
Sainsbury's Local,Pet,In Store Prices,Good Boy Pawsley & Co. Chewy Twists with Chicken 90g,90g,£35.56/kg,3.20,,
Sainsbury's Local,Pet,In Store Prices,Good Boy Pawsley & Co. Large Chewy Braid 90g,90g,£33.33/kg,3.00,,
Sainsbury's Local,Pet,In Store Prices,Sainsbury’s Cat Milk 3x200ml,600ml,£4.42/L,2.65,,
Sainsbury's Local,Pet,Pet,BAKERS Sizzlers Bacon Dog Treats 90g,90g,£15.56/kg,1.40,,
Sainsbury's Local,Pet,Pet,BAKERS Whirlers Bacon and Cheese Dog Treats 130g,130g,£10.77/kg,1.40,,
Sainsbury's Local,Pet,Pet,Blink! Chicken Fillet Recipes in Jelly 8 × 85g,8pk,£15.59/kg,10.60,,
Sainsbury's Local,Pet,Pet,Butcher's Nourishing Food for Dogs with Tripe 400g,400g,£3.50/kg,1.40,,
Sainsbury's Local,Pet,Pet,Butcher's Simply Gentle Nourishing Food for Dogs 6 x 390g,6pk,£3.08/kg,7.20,,
Sainsbury's Local,Pet,Pet,Catsan Hygiene Non-Clumping Odour Control Cat Litter 10L,10L,£0.90/L,8.95,,
Sainsbury's Local,Pet,Pet,DREAMIES Cat Treat Biscuits With Chicken Flavour 200g,200g,£17.75/kg,3.55,,
Sainsbury's Local,Pet,Pet,DREAMIES Cat Treat Biscuits with Cheese 60g,60g,£25.00/kg,1.50,,
Sainsbury's Local,Pet,Pet,DREAMIES Cat Treat Biscuits with Chicken 60g,60g,£25.00/kg,1.50,,
Sainsbury's Local,Pet,Pet,FELIX As Good As it Looks Ocean Feasts Wet Cat Food 12x85g,1.02kg,£6.52/kg,6.65,,
Sainsbury's Local,Pet,Pet,Forthglade Turkey with a Sweet Potato & Vegetables Complete Meal Adult 1 Yr+ 395g,395g,£6.58/kg,2.60,,
Sainsbury's Local,Pet,Pet,GO-CAT Chicken and Duck Dry Cat Food 750g,750g,£5.20/kg,3.90,,
Sainsbury's Local,Pet,Pet,GOURMET Gold Pate Ocean Fish Wet Cat Food 85g,85g,£11.76/kg,1.00,,
Sainsbury's Local,Pet,Pet,GOURMET Gold Savoury Cake Meat and Fish Variety Wet Cat Food 8x85g,8pk,£9.12/kg,6.20,,
Sainsbury's Local,Pet,Pet,"GOURMET Mon Petit Intense Duck, Chicken, Turkey Wet Cat Food 6x50g",6pk,£11.50/kg,3.45,,
Sainsbury's Local,Pet,Pet,GOURMET Nature's Creations Chicken Wet Cat Food 85g,85g,£16.47/kg,1.40,,
Sainsbury's Local,Pet,Pet,GOURMET Perle Mini Fillets in Gravy Connoisseur's Collection Wet Cat Food 12x85g,1.02kg,£7.35/kg,7.50,,
Sainsbury's Local,Pet,Pet,GOURMET Solitaire Beef Wet Cat Food 85g,85g,£16.47/kg,1.40,,
Sainsbury's Local,Pet,Pet,Good Boy 50 Clean & Kind Compostable Poo Bags,50pk,£27.17/kg,2.50,,
Sainsbury's Local,Pet,Pet,Good Boy Pawsley & Co. Chewy Twists with Chicken 90g,90g,£35.56/kg,3.20,,
Sainsbury's Local,Pet,Pet,Good Boy Pawsley & Co. Large Chewy Braid 90g,90g,£33.33/kg,3.00,,
Sainsbury's Local,Pet,Pet,Good Boy Pawsley & Co. Mega Chewy Twist with Chicken 70g,70g,£37.14/kg,2.60,,
Sainsbury's Local,Pet,Pet,Harringtons Adult Complete Dry Dog Food - Rich in Turkey & Veg 1.7kg,1.7kg,£4.41/kg,7.50,,
Sainsbury's Local,Pet,Pet,"Harringtons Senior Complete Dry Dog Food - Rich in Chicken & Rice, 1.7kg",1.7kg,£4.41/kg,7.50,,
Sainsbury's Local,Pet,Pet,HiLife Tasty Chicken Treats 10g,10g,£195.00/kg,1.95,,
Sainsbury's Local,Pet,Pet,Lily's Kitchen Chicken & Turkey Casserole Adult Wet Dog Food 150g,150g,£13.67/kg,2.05,,
Sainsbury's Local,Pet,Pet,Lily's Kitchen Chomp-Away Chicken Bites 70g,70g,£54.29/kg,3.80,,
Sainsbury's Local,Pet,Pet,"Lily's Kitchen Countryside Casserole with Chicken, Duck & Sweet Potatoes 1kg",1kg,£12.30/kg,12.30,,
Sainsbury's Local,Pet,Pet,PEDIGREE RODEO Beef Dog Treats 7 Sticks,7pk,£12.60/kg,1.55,,
Sainsbury's Local,Pet,Pet,PEDIGREE® Adult Wet Dog Food Mixed Selection in Jelly 12 x 100g Pouch,12pk,£5.42/kg,6.50,,
Sainsbury's Local,Pet,Pet,PURINA ONE Chicken Dry Cat Food 800g,800g,£9.38/kg,7.50,,
Sainsbury's Local,Pet,Pet,SHEBA® Fresh & Fine Adult Wet Cat Food Tuna and Cod in Gravy 6x50g Pouches,6pk,£10.00/kg,3.00,,
Sainsbury's Local,Pet,Pet,SHEBA® Sauce Collection Adult Wet Cat Food Mixed Selection 8 x 85g Tray,8pk,£7.94/kg,5.40,,
Sainsbury's Local,Pet,Pet,Sainsbury's Complete Nutrition Adult Dog Food Meat Selection in Jelly 6x400g,2.4kg,£1.38/kg,3.30,,
Sainsbury's Local,Pet,Pet,Sainsbury's Complete Nutrition Smooth Pâté with Chicken Adult 1-7 Years 300g,300g,£3.00/kg,0.90,,
Sainsbury's Local,Pet,Pet,Sainsbury's Oral Care 14 Dental Sticks Medium Dog 360g,360g,£5.00/kg,1.80,,
Sainsbury's Local,Pet,Pet,Sainsbury’s Cat Milk 3x200ml,600ml,£4.42/L,2.65,,
Sainsbury's Local,Pet,Pet,Scrumbles Complete Dry Food for Adult & Seniors 75% Chicken 750g,750g,£12.20/kg,9.15,,
Sainsbury's Local,Pet,Pet,Scrumbles Salmon Softies 90g,90g,£31.11/kg,2.80,,
Sainsbury's Local,Pet,Pet,Tails.com Inner Vitality 65% Chicken Adult Dogs 1-7 Years 150g,150g,£11.33/kg,1.70,,
Sainsbury's Local,Pet,Pet,WHISKAS 1+ FISH Favourites Wet Cat Food Pouches in Jelly 12 x 85g,12pk,£6.37/kg,6.50,,
Sainsbury's Local,Pet,Pet,WHISKAS 1+ POULTRY Feasts Wet Cat Food Pouches in Jelly 12 x 85g,12pk,£6.37/kg,6.50,,
Sainsbury's Local,Pet,Pet,WHISKAS Senior 7+ POULTRY Feasts Wet Cat Food Pouches in Gravy 12 x 85g,12pk,£6.37/kg,6.50,,
Sainsbury's Local,Pet,Pet,WINALOT Meaty Chunks Mixed in Gravy Wet Dog Food 12x100g,12pk,£5.42/kg,6.50,,
Sainsbury's Local,Pet,Pet,Webbox Lick-e-Lix with Chicken 5 x 15g (75g),5pk,£21.33/kg,1.60,,
Sainsbury's Local,Pet,Pet,Webbox Lick-e-Lix with Salmon 5 x 15g (75g),5pk,£21.33/kg,1.60,,
Sainsbury's Local,Pet,Pet,Webbox Supreme Chub Roll Duck & Liver Flavour 1-7 Years 720g,720g,£1.74/kg,1.25,,
Sainsbury's Local,"Pizza, Pasta, Ready Meals",Autumn is here,Charlie Bigham's Chicken Tikka Masala & Pilau Rice 805g,805g,£15.09/kg,12.15,,
Sainsbury's Local,"Pizza, Pasta, Ready Meals",Autumn is here,Charlie Bigham's Fish Pie 655g,655g,£18.55/kg,12.15,,
Sainsbury's Local,"Pizza, Pasta, Ready Meals",Autumn is here,Charlie Bigham's Lasagne 690g,690g,£17.61/kg,12.15,,
Sainsbury's Local,"Pizza, Pasta, Ready Meals",Autumn is here,Charlie Bigham's Meatballs Al Forno 650g,650g,£18.69/kg,12.15,,
Sainsbury's Local,"Pizza, Pasta, Ready Meals",Autumn is here,Sainsbury's Beef Casserole with Dumplings 400g,400g,£11.00/kg,4.40,,
Sainsbury's Local,"Pizza, Pasta, Ready Meals",Autumn is here,"Sainsbury's Cauliflower Cheese, Taste the Difference 400g (Serves 2)",400g,£9.50/kg,3.80,,
Sainsbury's Local,"Pizza, Pasta, Ready Meals",Autumn is here,Sainsbury's Cottage Pie 400g,400g,£11.00/kg,4.40,,
Sainsbury's Local,"Pizza, Pasta, Ready Meals",Autumn is here,Sainsbury's Crispy Potato Slices 350g,350g,£8.00/kg,2.80,,
Sainsbury's Local,"Pizza, Pasta, Ready Meals",Autumn is here,Sainsbury's Italian Style Beef Lasagne 400g,400g,£9.88/kg,3.95,,
Sainsbury's Local,"Pizza, Pasta, Ready Meals",Autumn is here,Sainsbury's Italian Style Chicken & Bacon Pasta 400g,400g,£9.88/kg,3.95,,
Sainsbury's Local,"Pizza, Pasta, Ready Meals",Autumn is here,Sainsbury's Italian Style Four Cheese Ravioli 400g,400g,£9.88/kg,3.95,,
Sainsbury's Local,"Pizza, Pasta, Ready Meals",Autumn is here,Sainsbury's Italian Style Macaroni Cheese 400g,400g,£9.88/kg,3.95,,
Sainsbury's Local,"Pizza, Pasta, Ready Meals",Autumn is here,Sainsbury's Italian Style Spaghetti Bolognese 400g,400g,£9.88/kg,3.95,,
Sainsbury's Local,"Pizza, Pasta, Ready Meals",Autumn is here,Sainsbury's Mashed Potato 400g,400g,£3.38/kg,1.35,,
Sainsbury's Local,"Pizza, Pasta, Ready Meals",Autumn is here,"Sainsbury's Mashed Potato Seasoned with Cracked Black Pepper, Taste the Difference 400g",400g,£8.50/kg,3.40,,
Sainsbury's Local,"Pizza, Pasta, Ready Meals",Autumn is here,Sainsbury's Sausages & Mash 400g,400g,£11.00/kg,4.40,,
Sainsbury's Local,"Pizza, Pasta, Ready Meals",Autumn is here,Sainsbury's Taste the Difference Beef Lasagne 400g,400g,£13.75/kg,5.50,,
Sainsbury's Local,"Pizza, Pasta, Ready Meals",Autumn is here,Sainsbury's Taste the Difference Beef Lasagne 700g,700g,£12.86/kg,9.00,,
Sainsbury's Local,"Pizza, Pasta, Ready Meals",Autumn is here,Sainsbury's Taste the Difference Cauliflower Cheese 400g,400g,£9.50/kg,3.80,,
Sainsbury's Local,"Pizza, Pasta, Ready Meals",Autumn is here,Sainsbury's Taste the Difference Cottage Pie 400g,400g,£15.13/kg,6.05,,
Sainsbury's Local,"Pizza, Pasta, Ready Meals",Autumn is here,Sainsbury's Taste the Difference Green Vegetable Medley with Roasted Garlic Butter 250g,250g,£15.40/kg,3.85,,
Sainsbury's Local,"Pizza, Pasta, Ready Meals",Autumn is here,Sainsbury's Taste the Difference Macaroni Cheese 375g,375g,£14.67/kg,5.50,,
Sainsbury's Local,"Pizza, Pasta, Ready Meals",Autumn is here,Sainsbury's Taste the Difference Mushroom & Mascarpone Lasagne 700g,700g,£11.07/kg,7.75,,
Sainsbury's Local,"Pizza, Pasta, Ready Meals",Autumn is here,Sainsbury's Taste the Difference Potato Dauphinoise 400g,400g,£9.50/kg,3.80,,
Sainsbury's Local,"Pizza, Pasta, Ready Meals",Autumn is here,Sainsbury's Taste the Difference Sweet Potato Fries 300g,300g,£12.67/kg,3.80,,
Sainsbury's Local,"Pizza, Pasta, Ready Meals",Autumn is here,Sainsbury's Taste the Difference Triple Cook Chips 400g,400g,£9.50/kg,3.80,,
Sainsbury's Local,"Pizza, Pasta, Ready Meals",Filled Pasta,"Sainsbury's Basil & Pine Nuts Ravioli, Taste the Difference 250g",250g,£16.40/kg,4.10,,
Sainsbury's Local,"Pizza, Pasta, Ready Meals",Filled Pasta,"Sainsbury's Beef, Pork & Red Wine Ragu Cappellacci, Taste the Difference 250g",250g,£16.40/kg,4.10,,
Sainsbury's Local,"Pizza, Pasta, Ready Meals",Filled Pasta,"Sainsbury's Butternut Squash & Sage Ravioli, Taste the Difference 250g",250g,£16.40/kg,4.10,,
Sainsbury's Local,"Pizza, Pasta, Ready Meals",Filled Pasta,Sainsbury's Chicken & Bacon Tortelloni 300g,300g,£9.33/kg,2.80,,
Sainsbury's Local,"Pizza, Pasta, Ready Meals",Filled Pasta,"Sainsbury's Prawn, Chilli & Garlic Ravioli, Taste the Difference 250g",250g,£16.40/kg,4.10,,
Sainsbury's Local,"Pizza, Pasta, Ready Meals",Filled Pasta,Sainsbury's Spinach & Ricotta Tortelloni 300g,300g,£9.33/kg,2.80,,
Sainsbury's Local,"Pizza, Pasta, Ready Meals",Fresh Pasta,Sainsbury's Gnocchi Small Potato Dumplings 500g,500g,£5.00/kg,2.50,,
Sainsbury's Local,"Pizza, Pasta, Ready Meals",Fresh Pasta,Sainsbury's Italian Style Chicken & Bacon Pasta 400g,400g,£9.88/kg,3.95,,
Sainsbury's Local,"Pizza, Pasta, Ready Meals",Fresh Pizza,Crosta Mollica Stromboli Sourdough Pizza 447g,447g,£17.11/kg,7.65,,
Sainsbury's Local,"Pizza, Pasta, Ready Meals",Fresh Pizza,Pizza Express American Pepperoni 250g,250g,£24.00/kg,6.00,,
Sainsbury's Local,"Pizza, Pasta, Ready Meals",Fresh Pizza,Pizza Express Margherita Mozzarella 245g,245g,£24.49/kg,6.00,,
Sainsbury's Local,"Pizza, Pasta, Ready Meals",Fresh Pizza,Sainsbury's Stonebaked Margherita Pizza 265g,265g,£11.32/kg,3.00,4.00,£1 off
Sainsbury's Local,"Pizza, Pasta, Ready Meals",Fresh Pizza,Sainsbury's Stonebaked Pepperoni Pizza 270g,270g,£11.11/kg,3.00,4.00,£1 off
Sainsbury's Local,"Pizza, Pasta, Ready Meals",Fresh Pizza,Sainsbury's Stonebaked Spinach & Ricotta 290g,290g,£10.34/kg,3.00,4.00,£1 off
Sainsbury's Local,"Pizza, Pasta, Ready Meals",Fresh Pizza,Sainsbury's Takeaway Stuffed Crust Mega Cheese Melt 599g,599g,£10.52/kg,6.30,,
Sainsbury's Local,"Pizza, Pasta, Ready Meals",Fresh Pizza,Sainsbury's Takeaway Stuffed Crust Pepperoni Power 616g,616g,£10.23/kg,6.30,,
Sainsbury's Local,"Pizza, Pasta, Ready Meals",Fresh Pizza,TTD Mozzarella &Cherry Tomato Pizza 484g,484g,£12.29/kg,5.95,,
Sainsbury's Local,"Pizza, Pasta, Ready Meals",Fresh Pizza,TTD Slmi P'ciutto ham Chorizo Pizza 455g,455g,£13.08/kg,5.95,,
Sainsbury's Local,"Pizza, Pasta, Ready Meals",Fresh Pizza,Taste the Difference Pizza and Bread,,,7.50,,
Sainsbury's Local,"Pizza, Pasta, Ready Meals",Garlic Bread & Dough Balls,Pizza Express Dough Balls With Garlic Butter 95g,95g,£31.58/kg,3.00,,
Sainsbury's Local,"Pizza, Pasta, Ready Meals",Garlic Bread & Dough Balls,Sainsbury's Garlic Baguette 195g,195g,£6.92/kg,1.35,,
Sainsbury's Local,"Pizza, Pasta, Ready Meals",Garlic Bread & Dough Balls,Sainsbury's Taste the Difference Extra Mature Cheddar & Red Onion Flatbread 255g,255g,£13.14/kg,3.35,,
Sainsbury's Local,"Pizza, Pasta, Ready Meals",Garlic Bread & Dough Balls,Sainsbury's Taste the Difference Roasted Garlic & Extra Virgin Olive Oil Flatbread 195g,195g,£17.18/kg,3.35,,
Sainsbury's Local,"Pizza, Pasta, Ready Meals",Meal Deals,2 for £6.50 Ready Meals,,,6.50,,
Sainsbury's Local,"Pizza, Pasta, Ready Meals",Meal Deals,Taste the Difference Dine in for two,,,15.00,,
Sainsbury's Local,"Pizza, Pasta, Ready Meals",Meal Deals,Taste the Difference Pizza and Bread,,,7.50,,
Sainsbury's Local,"Pizza, Pasta, Ready Meals",Midweek Meals Made Easy,Aunt Bessie's 10 Glorious Golden Yorkshires 190g,190g,£17.11/kg,3.25,,
Sainsbury's Local,"Pizza, Pasta, Ready Meals",Midweek Meals Made Easy,Pukka All Steak,233g,£13.09/kg,3.05,,
Sainsbury's Local,"Pizza, Pasta, Ready Meals",Offers,Sainsbury's Stonebaked Margherita Pizza 265g,265g,£11.32/kg,3.00,4.00,£1 off
Sainsbury's Local,"Pizza, Pasta, Ready Meals",Offers,Sainsbury's Stonebaked Pepperoni Pizza 270g,270g,£11.11/kg,3.00,4.00,£1 off
Sainsbury's Local,"Pizza, Pasta, Ready Meals",Offers,Sainsbury's Stonebaked Spinach & Ricotta 290g,290g,£10.34/kg,3.00,4.00,£1 off
Sainsbury's Local,"Pizza, Pasta, Ready Meals",Offers,Sainsbury's Taste the Difference Extra Mature Cheddar & Cherrywood Smoked Bacon Quiche Lorraine 400g,400g,£14.50/kg,5.80,,3 for £10
Sainsbury's Local,"Pizza, Pasta, Ready Meals",Offers,Sainsbury's Taste the Difference Pesto & Parmesan Pasta 185g,185g,£20.27/kg,3.75,,3 for £10
Sainsbury's Local,"Pizza, Pasta, Ready Meals","Pies, Quiche & Tarts","Higgidy Spinach, Red Pepper & Greek Feta Quiche 400g",400g,£13.25/kg,5.30,,
Sainsbury's Local,"Pizza, Pasta, Ready Meals","Pies, Quiche & Tarts",Higgidy Whipped Greek Feta & Roasted Tomato Quiche 155g,155g,£24.19/kg,3.75,,
Sainsbury's Local,"Pizza, Pasta, Ready Meals","Pies, Quiche & Tarts",Pukka All Steak,233g,£13.09/kg,3.05,,
Sainsbury's Local,"Pizza, Pasta, Ready Meals","Pies, Quiche & Tarts",Sainsbury's 6 Mini Melton Mowbray Pork Pies 300g,6pk,£1.81/kg,3.25,,
Sainsbury's Local,"Pizza, Pasta, Ready Meals","Pies, Quiche & Tarts",Sainsbury's Melton Mowbray Pork Pie 145g,145g,£13.10/kg,1.90,,
Sainsbury's Local,"Pizza, Pasta, Ready Meals","Pies, Quiche & Tarts",Sainsbury's Mini Pork Pies 100g,100g,£16.00/kg,1.60,,
Sainsbury's Local,"Pizza, Pasta, Ready Meals","Pies, Quiche & Tarts",Sainsbury's Quiche Lorraine 170g,170g,£12.06/kg,2.05,,
Sainsbury's Local,"Pizza, Pasta, Ready Meals","Pies, Quiche & Tarts",Sainsbury's Taste the Difference Extra Mature Cheddar & Cherrywood Smoked Bacon Quiche Lorraine 400g,400g,£14.50/kg,5.80,,3 for £10
Sainsbury's Local,"Pizza, Pasta, Ready Meals","Pizza, Pasta, Ready Meals",2 for £6.50 Ready Meals,,,6.50,,
Sainsbury's Local,"Pizza, Pasta, Ready Meals","Pizza, Pasta, Ready Meals",Aunt Bessie's 10 Glorious Golden Yorkshires 190g,190g,£17.11/kg,3.25,,
Sainsbury's Local,"Pizza, Pasta, Ready Meals","Pizza, Pasta, Ready Meals",Charlie Bigham's Chicken Tikka Masala & Pilau Rice 805g,805g,£15.09/kg,12.15,,
Sainsbury's Local,"Pizza, Pasta, Ready Meals","Pizza, Pasta, Ready Meals",Charlie Bigham's Fish Pie 655g,655g,£18.55/kg,12.15,,
Sainsbury's Local,"Pizza, Pasta, Ready Meals","Pizza, Pasta, Ready Meals",Charlie Bigham's Lasagne 690g,690g,£17.61/kg,12.15,,
Sainsbury's Local,"Pizza, Pasta, Ready Meals","Pizza, Pasta, Ready Meals",Charlie Bigham's Meatballs Al Forno 650g,650g,£18.69/kg,12.15,,
Sainsbury's Local,"Pizza, Pasta, Ready Meals","Pizza, Pasta, Ready Meals",Coca-Cola Original Taste 4 x 250ml Glass Bottles,,,0.00,,
Sainsbury's Local,"Pizza, Pasta, Ready Meals","Pizza, Pasta, Ready Meals",Crosta Mollica Stromboli Sourdough Pizza 447g,447g,£17.11/kg,7.65,,
Sainsbury's Local,"Pizza, Pasta, Ready Meals","Pizza, Pasta, Ready Meals",Diet Coke Cola 4 x 250ml Glass Bottles,,,0.00,,
Sainsbury's Local,"Pizza, Pasta, Ready Meals","Pizza, Pasta, Ready Meals","Higgidy Spinach, Red Pepper & Greek Feta Quiche 400g",400g,£13.25/kg,5.30,,
Sainsbury's Local,"Pizza, Pasta, Ready Meals","Pizza, Pasta, Ready Meals",Higgidy Whipped Greek Feta & Roasted Tomato Quiche 155g,155g,£24.19/kg,3.75,,
Sainsbury's Local,"Pizza, Pasta, Ready Meals","Pizza, Pasta, Ready Meals",Kohinoor Dal Tarka 300g,300g,£9.00/kg,2.70,,
Sainsbury's Local,"Pizza, Pasta, Ready Meals","Pizza, Pasta, Ready Meals",Pizza Express American Pepperoni 250g,250g,£24.00/kg,6.00,,
Sainsbury's Local,"Pizza, Pasta, Ready Meals","Pizza, Pasta, Ready Meals",Pizza Express Dough Balls With Garlic Butter 95g,95g,£31.58/kg,3.00,,
Sainsbury's Local,"Pizza, Pasta, Ready Meals","Pizza, Pasta, Ready Meals",Pizza Express Margherita Mozzarella 245g,245g,£24.49/kg,6.00,,
Sainsbury's Local,"Pizza, Pasta, Ready Meals","Pizza, Pasta, Ready Meals",Plant Pioneers Vegan Tikka Masala & Pilau Rice Ready Meal for 1 400g,400g,£10.88/kg,4.35,,
Sainsbury's Local,"Pizza, Pasta, Ready Meals","Pizza, Pasta, Ready Meals",Plant Pioneers Vegan Tikka Masala & Pilau Rice Ready Meal for 1 400g,,,0.00,,
Sainsbury's Local,"Pizza, Pasta, Ready Meals","Pizza, Pasta, Ready Meals",Pukka All Steak,233g,£13.09/kg,3.05,,
Sainsbury's Local,"Pizza, Pasta, Ready Meals","Pizza, Pasta, Ready Meals",Sainsbury's 6 Mini Melton Mowbray Pork Pies 300g,6pk,£1.81/kg,3.25,,
Sainsbury's Local,"Pizza, Pasta, Ready Meals","Pizza, Pasta, Ready Meals",Sainsbury's Baby Potatoes with Herbs 385g,385g,£3.90/kg,1.50,,
Sainsbury's Local,"Pizza, Pasta, Ready Meals","Pizza, Pasta, Ready Meals","Sainsbury's Basil & Pine Nuts Ravioli, Taste the Difference 250g",250g,£16.40/kg,4.10,,
Sainsbury's Local,"Pizza, Pasta, Ready Meals","Pizza, Pasta, Ready Meals",Sainsbury's Beef Casserole with Dumplings 400g,400g,£11.00/kg,4.40,,
Sainsbury's Local,"Pizza, Pasta, Ready Meals","Pizza, Pasta, Ready Meals",Sainsbury's Beef Casserole with Dumplings 400g,,,0.00,,
Sainsbury's Local,"Pizza, Pasta, Ready Meals","Pizza, Pasta, Ready Meals","Sainsbury's Beef Ranch Steaks with Garlic Butter, Taste the Difference 300g",,,0.00,,
Sainsbury's Local,"Pizza, Pasta, Ready Meals","Pizza, Pasta, Ready Meals","Sainsbury's Beef, Pork & Red Wine Ragu Cappellacci, Taste the Difference 250g",250g,£16.40/kg,4.10,,
Sainsbury's Local,"Pizza, Pasta, Ready Meals","Pizza, Pasta, Ready Meals",Sainsbury's Bone Support Chicken Shawarma 280g,280g,£17.68/kg,4.95,,
Sainsbury's Local,"Pizza, Pasta, Ready Meals","Pizza, Pasta, Ready Meals",Sainsbury's Butter Chicken with Pilau Rice 400g,400g,£11.00/kg,4.40,,
Sainsbury's Local,"Pizza, Pasta, Ready Meals","Pizza, Pasta, Ready Meals",Sainsbury's Butter Chicken with Pilau Rice 400g,,,0.00,,
Sainsbury's Local,"Pizza, Pasta, Ready Meals","Pizza, Pasta, Ready Meals","Sainsbury's Butternut Squash & Sage Ravioli, Taste the Difference 250g",250g,£16.40/kg,4.10,,
Sainsbury's Local,"Pizza, Pasta, Ready Meals","Pizza, Pasta, Ready Meals","Sainsbury's Cauliflower Cheese, Taste the Difference 400g (Serves 2)",400g,£9.50/kg,3.80,,
Sainsbury's Local,"Pizza, Pasta, Ready Meals","Pizza, Pasta, Ready Meals",Sainsbury's Chicken & Bacon Tortelloni 300g,300g,£9.33/kg,2.80,,
Sainsbury's Local,"Pizza, Pasta, Ready Meals","Pizza, Pasta, Ready Meals",Sainsbury's Chicken Chow Mein 400g,400g,£12.25/kg,4.90,,
Sainsbury's Local,"Pizza, Pasta, Ready Meals","Pizza, Pasta, Ready Meals",Sainsbury's Chicken Chow Mein 400g,,,0.00,,
Sainsbury's Local,"Pizza, Pasta, Ready Meals","Pizza, Pasta, Ready Meals",Sainsbury's Chicken Jalfrezi with Pilau Rice 400g,400g,£11.00/kg,4.40,,
Sainsbury's Local,"Pizza, Pasta, Ready Meals","Pizza, Pasta, Ready Meals",Sainsbury's Chicken Jalfrezi with Pilau Rice 400g,,,0.00,,
Sainsbury's Local,"Pizza, Pasta, Ready Meals","Pizza, Pasta, Ready Meals",Sainsbury's Chicken Korma with Pilau Rice 400g,400g,£11.00/kg,4.40,,
Sainsbury's Local,"Pizza, Pasta, Ready Meals","Pizza, Pasta, Ready Meals",Sainsbury's Chicken Korma with Pilau Rice 400g,,,0.00,,
Sainsbury's Local,"Pizza, Pasta, Ready Meals","Pizza, Pasta, Ready Meals",Sainsbury's Chicken Tikka Masala with Pilau Rice 400g,400g,£11.00/kg,4.40,,
Sainsbury's Local,"Pizza, Pasta, Ready Meals","Pizza, Pasta, Ready Meals",Sainsbury's Chicken Tikka Masala with Pilau Rice 400g,,,0.00,,
Sainsbury's Local,"Pizza, Pasta, Ready Meals","Pizza, Pasta, Ready Meals",Sainsbury's Cottage Pie 400g,400g,£11.00/kg,4.40,,
Sainsbury's Local,"Pizza, Pasta, Ready Meals","Pizza, Pasta, Ready Meals",Sainsbury's Cottage Pie 400g,,,0.00,,
Sainsbury's Local,"Pizza, Pasta, Ready Meals","Pizza, Pasta, Ready Meals",Sainsbury's Crispy Potato Slices 350g,350g,£8.00/kg,2.80,,
Sainsbury's Local,"Pizza, Pasta, Ready Meals","Pizza, Pasta, Ready Meals",Sainsbury's Duck in Plum Sauce with Egg Fried Rice 400g,400g,£14.75/kg,5.90,,
Sainsbury's Local,"Pizza, Pasta, Ready Meals","Pizza, Pasta, Ready Meals",Sainsbury's Duck in Plum Sauce with Egg Fried Rice 400g,,,0.00,,
Sainsbury's Local,"Pizza, Pasta, Ready Meals","Pizza, Pasta, Ready Meals",Sainsbury's Garlic Baguette 195g,195g,£6.92/kg,1.35,,
Sainsbury's Local,"Pizza, Pasta, Ready Meals","Pizza, Pasta, Ready Meals",Sainsbury's Gnocchi Small Potato Dumplings 500g,500g,£5.00/kg,2.50,,
Sainsbury's Local,"Pizza, Pasta, Ready Meals","Pizza, Pasta, Ready Meals",Sainsbury's Italian Style Beef Lasagne 400g,400g,£9.88/kg,3.95,,
Sainsbury's Local,"Pizza, Pasta, Ready Meals","Pizza, Pasta, Ready Meals",Sainsbury's Italian Style Beef Lasagne 400g,,,0.00,,
Sainsbury's Local,"Pizza, Pasta, Ready Meals","Pizza, Pasta, Ready Meals",Sainsbury's Italian Style Chicken & Bacon Pasta 400g,400g,£9.88/kg,3.95,,
Sainsbury's Local,"Pizza, Pasta, Ready Meals","Pizza, Pasta, Ready Meals",Sainsbury's Italian Style Chicken & Bacon Pasta 400g,,,0.00,,
Sainsbury's Local,"Pizza, Pasta, Ready Meals","Pizza, Pasta, Ready Meals",Sainsbury's Italian Style Four Cheese Ravioli 400g,400g,£9.88/kg,3.95,,
Sainsbury's Local,"Pizza, Pasta, Ready Meals","Pizza, Pasta, Ready Meals",Sainsbury's Italian Style Four Cheese Ravioli 400g,,,0.00,,
Sainsbury's Local,"Pizza, Pasta, Ready Meals","Pizza, Pasta, Ready Meals",Sainsbury's Italian Style Macaroni Cheese 400g,400g,£9.88/kg,3.95,,
Sainsbury's Local,"Pizza, Pasta, Ready Meals","Pizza, Pasta, Ready Meals",Sainsbury's Italian Style Macaroni Cheese 400g,,,0.00,,
Sainsbury's Local,"Pizza, Pasta, Ready Meals","Pizza, Pasta, Ready Meals",Sainsbury's Italian Style Spaghetti Bolognese 400g,400g,£9.88/kg,3.95,,
Sainsbury's Local,"Pizza, Pasta, Ready Meals","Pizza, Pasta, Ready Meals",Sainsbury's Italian Style Spaghetti Bolognese 400g,,,0.00,,
Sainsbury's Local,"Pizza, Pasta, Ready Meals","Pizza, Pasta, Ready Meals",Sainsbury's King Prawn Makhani with Pilau Rice 400g,400g,£11.00/kg,4.40,,
Sainsbury's Local,"Pizza, Pasta, Ready Meals","Pizza, Pasta, Ready Meals",Sainsbury's King Prawn Makhani with Pilau Rice 400g,,,0.00,,
Sainsbury's Local,"Pizza, Pasta, Ready Meals","Pizza, Pasta, Ready Meals",Sainsbury's Mashed Potato 400g,400g,£3.38/kg,1.35,,
Sainsbury's Local,"Pizza, Pasta, Ready Meals","Pizza, Pasta, Ready Meals","Sainsbury's Mashed Potato Seasoned with Cracked Black Pepper, Taste the Difference 400g",400g,£8.50/kg,3.40,,
Sainsbury's Local,"Pizza, Pasta, Ready Meals","Pizza, Pasta, Ready Meals",Sainsbury's Melton Mowbray Pork Pie 145g,145g,£13.10/kg,1.90,,
Sainsbury's Local,"Pizza, Pasta, Ready Meals","Pizza, Pasta, Ready Meals",Sainsbury's Mini Pork Pies 100g,100g,£16.00/kg,1.60,,
Sainsbury's Local,"Pizza, Pasta, Ready Meals","Pizza, Pasta, Ready Meals",Sainsbury's Peri Peri Chicken 400g,400g,£10.00/kg,4.00,,
Sainsbury's Local,"Pizza, Pasta, Ready Meals","Pizza, Pasta, Ready Meals",Sainsbury's Pesto Chicken Tortiglioni 400g,400g,£10.00/kg,4.00,,
Sainsbury's Local,"Pizza, Pasta, Ready Meals","Pizza, Pasta, Ready Meals","Sainsbury's Prawn, Chilli & Garlic Ravioli, Taste the Difference 250g",250g,£16.40/kg,4.10,,
Sainsbury's Local,"Pizza, Pasta, Ready Meals","Pizza, Pasta, Ready Meals",Sainsbury's Quiche Lorraine 170g,170g,£12.06/kg,2.05,,
Sainsbury's Local,"Pizza, Pasta, Ready Meals","Pizza, Pasta, Ready Meals",Sainsbury's Sausages & Mash 400g,400g,£11.00/kg,4.40,,
Sainsbury's Local,"Pizza, Pasta, Ready Meals","Pizza, Pasta, Ready Meals",Sainsbury's Sausages & Mash 400g,,,0.00,,
Sainsbury's Local,"Pizza, Pasta, Ready Meals","Pizza, Pasta, Ready Meals",Sainsbury's Spinach & Ricotta Tortelloni 300g,300g,£9.33/kg,2.80,,
Sainsbury's Local,"Pizza, Pasta, Ready Meals","Pizza, Pasta, Ready Meals",Sainsbury's Stonebaked Margherita Pizza 265g,265g,£11.32/kg,3.00,4.00,£1 off
Sainsbury's Local,"Pizza, Pasta, Ready Meals","Pizza, Pasta, Ready Meals",Sainsbury's Stonebaked Pepperoni Pizza 270g,270g,£11.11/kg,3.00,4.00,£1 off
Sainsbury's Local,"Pizza, Pasta, Ready Meals","Pizza, Pasta, Ready Meals",Sainsbury's Stonebaked Spinach & Ricotta 290g,290g,£10.34/kg,3.00,4.00,£1 off
Sainsbury's Local,"Pizza, Pasta, Ready Meals","Pizza, Pasta, Ready Meals",Sainsbury's Sweet & Sour Chicken with Egg Fried Rice 400g,400g,£12.25/kg,4.90,,
Sainsbury's Local,"Pizza, Pasta, Ready Meals","Pizza, Pasta, Ready Meals",Sainsbury's Sweet & Sour Chicken with Egg Fried Rice 400g,,,0.00,,
Sainsbury's Local,"Pizza, Pasta, Ready Meals","Pizza, Pasta, Ready Meals",Sainsbury's Takeaway Sides Crispy Waffle Fries 300g,300g,£12.50/kg,3.75,,
Sainsbury's Local,"Pizza, Pasta, Ready Meals","Pizza, Pasta, Ready Meals",Sainsbury's Takeaway Stuffed Crust Mega Cheese Melt 599g,599g,£10.52/kg,6.30,,
Sainsbury's Local,"Pizza, Pasta, Ready Meals","Pizza, Pasta, Ready Meals",Sainsbury's Takeaway Stuffed Crust Pepperoni Power 616g,616g,£10.23/kg,6.30,,
Sainsbury's Local,"Pizza, Pasta, Ready Meals","Pizza, Pasta, Ready Meals",Sainsbury's Taste The Difference Passion Fruit Cheesecake Slices 190g (2 x 95g),,,0.00,,
Sainsbury's Local,"Pizza, Pasta, Ready Meals","Pizza, Pasta, Ready Meals",Sainsbury's Taste the Difference 2 Scottish Salmon En Croute 380g,380g,£25.26/kg,9.60,,
Sainsbury's Local,"Pizza, Pasta, Ready Meals","Pizza, Pasta, Ready Meals",Sainsbury's Taste the Difference 2 Scottish Salmon En Croute 380g,,,0.00,,
Sainsbury's Local,"Pizza, Pasta, Ready Meals","Pizza, Pasta, Ready Meals",Sainsbury's Taste the Difference Beef Lasagne 400g,400g,£13.75/kg,5.50,,
Sainsbury's Local,"Pizza, Pasta, Ready Meals","Pizza, Pasta, Ready Meals",Sainsbury's Taste the Difference Beef Lasagne 700g,700g,£12.86/kg,9.00,,
Sainsbury's Local,"Pizza, Pasta, Ready Meals","Pizza, Pasta, Ready Meals",Sainsbury's Taste the Difference Beef Lasagne 700g,,,0.00,,
Sainsbury's Local,"Pizza, Pasta, Ready Meals","Pizza, Pasta, Ready Meals",Sainsbury's Taste the Difference Cauliflower Cheese 400g,400g,£9.50/kg,3.80,,
Sainsbury's Local,"Pizza, Pasta, Ready Meals","Pizza, Pasta, Ready Meals",Sainsbury's Taste the Difference Chicken & Chorizo Pasta with Chipotle Caesar dressing 240g,240g,£20.63/kg,4.95,,
Sainsbury's Local,"Pizza, Pasta, Ready Meals","Pizza, Pasta, Ready Meals",Sainsbury's Taste the Difference Chicken & Pesto Pasta with SunBlush Tomatoes 250g,250g,£19.80/kg,4.95,,
Sainsbury's Local,"Pizza, Pasta, Ready Meals","Pizza, Pasta, Ready Meals",Sainsbury's Taste the Difference Chocolate Melting Puddings 2 x 155g (310g),,,0.00,,
Sainsbury's Local,"Pizza, Pasta, Ready Meals","Pizza, Pasta, Ready Meals",Sainsbury's Taste the Difference Cottage Pie 400g,400g,£15.13/kg,6.05,,
Sainsbury's Local,"Pizza, Pasta, Ready Meals","Pizza, Pasta, Ready Meals","Sainsbury's Taste the Difference Elderflower, Raspberry and Prosecco Trifles 270g (2 x 135g)",,,0.00,,
Sainsbury's Local,"Pizza, Pasta, Ready Meals","Pizza, Pasta, Ready Meals",Sainsbury's Taste the Difference Extra Mature Cheddar & Cherrywood Smoked Bacon Quiche Lorraine 400g,400g,£14.50/kg,5.80,,3 for £10
Sainsbury's Local,"Pizza, Pasta, Ready Meals","Pizza, Pasta, Ready Meals",Sainsbury's Taste the Difference Extra Mature Cheddar & Red Onion Flatbread 255g,255g,£13.14/kg,3.35,,
Sainsbury's Local,"Pizza, Pasta, Ready Meals","Pizza, Pasta, Ready Meals",Sainsbury's Taste the Difference Extra Mature Cheddar & Red Onion Flatbread 255g,,,0.00,,
Sainsbury's Local,"Pizza, Pasta, Ready Meals","Pizza, Pasta, Ready Meals",Sainsbury's Taste the Difference Green Vegetable Medley with Roasted Garlic Butter 250g,250g,£15.40/kg,3.85,,
Sainsbury's Local,"Pizza, Pasta, Ready Meals","Pizza, Pasta, Ready Meals",Sainsbury's Taste the Difference Green Vegetable Medley with Roasted Garlic Butter 250g,,,0.00,,
Sainsbury's Local,"Pizza, Pasta, Ready Meals","Pizza, Pasta, Ready Meals",Sainsbury's Taste the Difference Macaroni Cheese 375g,375g,£14.67/kg,5.50,,
Sainsbury's Local,"Pizza, Pasta, Ready Meals","Pizza, Pasta, Ready Meals",Sainsbury's Taste the Difference Mushroom & Mascarpone Lasagne 700g,700g,£11.07/kg,7.75,,
Sainsbury's Local,"Pizza, Pasta, Ready Meals","Pizza, Pasta, Ready Meals",Sainsbury's Taste the Difference Mushroom & Mascarpone Lasagne 700g,,,0.00,,
Sainsbury's Local,"Pizza, Pasta, Ready Meals","Pizza, Pasta, Ready Meals",Sainsbury's Taste the Difference Pesto & Parmesan Pasta 185g,185g,£20.27/kg,3.75,,3 for £10
Sainsbury's Local,"Pizza, Pasta, Ready Meals","Pizza, Pasta, Ready Meals",Sainsbury's Taste the Difference Potato Dauphinoise 400g,400g,£9.50/kg,3.80,,
Sainsbury's Local,"Pizza, Pasta, Ready Meals","Pizza, Pasta, Ready Meals",Sainsbury's Taste the Difference Roasted Garlic & Extra Virgin Olive Oil Flatbread 195g,195g,£17.18/kg,3.35,,
Sainsbury's Local,"Pizza, Pasta, Ready Meals","Pizza, Pasta, Ready Meals",Sainsbury's Taste the Difference Roasted Garlic & Extra Virgin Olive Oil Flatbread 195g,,,0.00,,
Sainsbury's Local,"Pizza, Pasta, Ready Meals","Pizza, Pasta, Ready Meals",Sainsbury's Taste the Difference Sweet Potato Fries 300g,300g,£12.67/kg,3.80,,
Sainsbury's Local,"Pizza, Pasta, Ready Meals","Pizza, Pasta, Ready Meals",Sainsbury's Taste the Difference Sweet Potato Fries 300g,,,0.00,,
Sainsbury's Local,"Pizza, Pasta, Ready Meals","Pizza, Pasta, Ready Meals",Sainsbury's Taste the Difference Triple Cook Chips 400g,400g,£9.50/kg,3.80,,
Sainsbury's Local,"Pizza, Pasta, Ready Meals","Pizza, Pasta, Ready Meals",Sainsbury's Taste the Difference Triple Cook Chips 400g,,,0.00,,
Sainsbury's Local,"Pizza, Pasta, Ready Meals","Pizza, Pasta, Ready Meals",Sainsbury's Taste the Difference Wild Garlic Chicken Kyivs 385g,,,0.00,,
Sainsbury's Local,"Pizza, Pasta, Ready Meals","Pizza, Pasta, Ready Meals",Sainsbury's Tomato & Basil Chicken Pasta 300g,300g,£12.67/kg,3.80,,
Sainsbury's Local,"Pizza, Pasta, Ready Meals","Pizza, Pasta, Ready Meals",Sainsbury's Tomato & Feta Pasta 225g,225g,£14.00/kg,3.15,,
Sainsbury's Local,"Pizza, Pasta, Ready Meals","Pizza, Pasta, Ready Meals",Sainsbury's Tuna & Sweetcorn Pasta 300g,300g,£12.67/kg,3.80,,
Sainsbury's Local,"Pizza, Pasta, Ready Meals","Pizza, Pasta, Ready Meals",TTD Mozzarella &Cherry Tomato Pizza 484g,484g,£12.29/kg,5.95,,
Sainsbury's Local,"Pizza, Pasta, Ready Meals","Pizza, Pasta, Ready Meals",TTD Mozzarella &Cherry Tomato Pizza 484g,,,0.00,,
Sainsbury's Local,"Pizza, Pasta, Ready Meals","Pizza, Pasta, Ready Meals",TTD Slmi P'ciutto ham Chorizo Pizza 455g,455g,£13.08/kg,5.95,,
Sainsbury's Local,"Pizza, Pasta, Ready Meals","Pizza, Pasta, Ready Meals",TTD Slmi P'ciutto ham Chorizo Pizza 455g,,,0.00,,
Sainsbury's Local,"Pizza, Pasta, Ready Meals","Pizza, Pasta, Ready Meals",Taste the Difference Dine in for two,,,15.00,,
Sainsbury's Local,"Pizza, Pasta, Ready Meals","Pizza, Pasta, Ready Meals",Taste the Difference Pizza and Bread,,,7.50,,
Sainsbury's Local,"Pizza, Pasta, Ready Meals","Pizza, Pasta, Ready Meals",The Gym Kitchen Chicken Tikka 400g,400g,£12.38/kg,4.95,,
Sainsbury's Local,"Pizza, Pasta, Ready Meals","Pizza, Pasta, Ready Meals",The Gym Kitchen Thai Green Chicken Curry 400g,400g,£12.00/kg,4.80,,
Sainsbury's Local,"Pizza, Pasta, Ready Meals","Pizza, Pasta, Ready Meals",Tootoomoo Chicken Buddha Bowl with Thai Style Dressing 302g,302g,£16.39/kg,4.95,,
Sainsbury's Local,"Pizza, Pasta, Ready Meals","Pizza, Pasta, Ready Meals",Wasabi Chicken Katsu Curry with Rice 450g,450g,£14.22/kg,6.40,,
Sainsbury's Local,"Pizza, Pasta, Ready Meals","Pizza, Pasta, Ready Meals",Wasabi Chicken Katsu Yakisoba 450g,450g,£14.22/kg,6.40,,
Sainsbury's Local,"Pizza, Pasta, Ready Meals","Pizza, Pasta, Ready Meals",Wasabi Sweet Chilli Chicken Yakisoba 450g,450g,£14.22/kg,6.40,,
Sainsbury's Local,"Pizza, Pasta, Ready Meals","Pizza, Pasta, Ready Meals",Wasabi Sweet Chilli Chicken with Rice 450g,450g,£14.22/kg,6.40,,
Sainsbury's Local,"Pizza, Pasta, Ready Meals","Pizza, Pasta, Ready Meals",Wasabi Vegetable Gyoza Yakisoba 450g,450g,£14.22/kg,6.40,,
Sainsbury's Local,"Pizza, Pasta, Ready Meals","Pizza, Pasta, Ready Meals",Yo! Korean Style Chicken Poke 284g,284g,£19.37/kg,5.50,,
Sainsbury's Local,"Pizza, Pasta, Ready Meals",Ready Meals,2 for £6.50 Ready Meals,,,6.50,,
Sainsbury's Local,"Pizza, Pasta, Ready Meals",Ready Meals,Charlie Bigham's Chicken Tikka Masala & Pilau Rice 805g,805g,£15.09/kg,12.15,,
Sainsbury's Local,"Pizza, Pasta, Ready Meals",Ready Meals,Charlie Bigham's Fish Pie 655g,655g,£18.55/kg,12.15,,
Sainsbury's Local,"Pizza, Pasta, Ready Meals",Ready Meals,Charlie Bigham's Lasagne 690g,690g,£17.61/kg,12.15,,
Sainsbury's Local,"Pizza, Pasta, Ready Meals",Ready Meals,Charlie Bigham's Meatballs Al Forno 650g,650g,£18.69/kg,12.15,,
Sainsbury's Local,"Pizza, Pasta, Ready Meals",Ready Meals,Kohinoor Dal Tarka 300g,300g,£9.00/kg,2.70,,
Sainsbury's Local,"Pizza, Pasta, Ready Meals",Ready Meals,Plant Pioneers Vegan Tikka Masala & Pilau Rice Ready Meal for 1 400g,400g,£10.88/kg,4.35,,
Sainsbury's Local,"Pizza, Pasta, Ready Meals",Ready Meals,Sainsbury's Beef Casserole with Dumplings 400g,400g,£11.00/kg,4.40,,
Sainsbury's Local,"Pizza, Pasta, Ready Meals",Ready Meals,Sainsbury's Bone Support Chicken Shawarma 280g,280g,£17.68/kg,4.95,,
Sainsbury's Local,"Pizza, Pasta, Ready Meals",Ready Meals,Sainsbury's Butter Chicken with Pilau Rice 400g,400g,£11.00/kg,4.40,,
Sainsbury's Local,"Pizza, Pasta, Ready Meals",Ready Meals,Sainsbury's Chicken Chow Mein 400g,400g,£12.25/kg,4.90,,
Sainsbury's Local,"Pizza, Pasta, Ready Meals",Ready Meals,Sainsbury's Chicken Jalfrezi with Pilau Rice 400g,400g,£11.00/kg,4.40,,
Sainsbury's Local,"Pizza, Pasta, Ready Meals",Ready Meals,Sainsbury's Chicken Korma with Pilau Rice 400g,400g,£11.00/kg,4.40,,
Sainsbury's Local,"Pizza, Pasta, Ready Meals",Ready Meals,Sainsbury's Chicken Tikka Masala with Pilau Rice 400g,400g,£11.00/kg,4.40,,
Sainsbury's Local,"Pizza, Pasta, Ready Meals",Ready Meals,Sainsbury's Cottage Pie 400g,400g,£11.00/kg,4.40,,
Sainsbury's Local,"Pizza, Pasta, Ready Meals",Ready Meals,Sainsbury's Duck in Plum Sauce with Egg Fried Rice 400g,400g,£14.75/kg,5.90,,
Sainsbury's Local,"Pizza, Pasta, Ready Meals",Ready Meals,Sainsbury's Italian Style Beef Lasagne 400g,400g,£9.88/kg,3.95,,
Sainsbury's Local,"Pizza, Pasta, Ready Meals",Ready Meals,Sainsbury's Italian Style Four Cheese Ravioli 400g,400g,£9.88/kg,3.95,,
Sainsbury's Local,"Pizza, Pasta, Ready Meals",Ready Meals,Sainsbury's Italian Style Macaroni Cheese 400g,400g,£9.88/kg,3.95,,
Sainsbury's Local,"Pizza, Pasta, Ready Meals",Ready Meals,Sainsbury's Italian Style Spaghetti Bolognese 400g,400g,£9.88/kg,3.95,,
Sainsbury's Local,"Pizza, Pasta, Ready Meals",Ready Meals,Sainsbury's King Prawn Makhani with Pilau Rice 400g,400g,£11.00/kg,4.40,,
Sainsbury's Local,"Pizza, Pasta, Ready Meals",Ready Meals,Sainsbury's Peri Peri Chicken 400g,400g,£10.00/kg,4.00,,
Sainsbury's Local,"Pizza, Pasta, Ready Meals",Ready Meals,Sainsbury's Pesto Chicken Tortiglioni 400g,400g,£10.00/kg,4.00,,
Sainsbury's Local,"Pizza, Pasta, Ready Meals",Ready Meals,Sainsbury's Sausages & Mash 400g,400g,£11.00/kg,4.40,,
Sainsbury's Local,"Pizza, Pasta, Ready Meals",Ready Meals,Sainsbury's Sweet & Sour Chicken with Egg Fried Rice 400g,400g,£12.25/kg,4.90,,
Sainsbury's Local,"Pizza, Pasta, Ready Meals",Ready Meals,Sainsbury's Taste the Difference 2 Scottish Salmon En Croute 380g,380g,£25.26/kg,9.60,,
Sainsbury's Local,"Pizza, Pasta, Ready Meals",Ready Meals,Sainsbury's Taste the Difference Beef Lasagne 400g,400g,£13.75/kg,5.50,,
Sainsbury's Local,"Pizza, Pasta, Ready Meals",Ready Meals,Sainsbury's Taste the Difference Beef Lasagne 700g,700g,£12.86/kg,9.00,,
Sainsbury's Local,"Pizza, Pasta, Ready Meals",Ready Meals,Sainsbury's Taste the Difference Chicken & Chorizo Pasta with Chipotle Caesar dressing 240g,240g,£20.63/kg,4.95,,
Sainsbury's Local,"Pizza, Pasta, Ready Meals",Ready Meals,Sainsbury's Taste the Difference Chicken & Pesto Pasta with SunBlush Tomatoes 250g,250g,£19.80/kg,4.95,,
Sainsbury's Local,"Pizza, Pasta, Ready Meals",Ready Meals,Sainsbury's Taste the Difference Cottage Pie 400g,400g,£15.13/kg,6.05,,
Sainsbury's Local,"Pizza, Pasta, Ready Meals",Ready Meals,Sainsbury's Taste the Difference Macaroni Cheese 375g,375g,£14.67/kg,5.50,,
Sainsbury's Local,"Pizza, Pasta, Ready Meals",Ready Meals,Sainsbury's Taste the Difference Mushroom & Mascarpone Lasagne 700g,700g,£11.07/kg,7.75,,
Sainsbury's Local,"Pizza, Pasta, Ready Meals",Ready Meals,Sainsbury's Taste the Difference Pesto & Parmesan Pasta 185g,185g,£20.27/kg,3.75,,3 for £10
Sainsbury's Local,"Pizza, Pasta, Ready Meals",Ready Meals,Sainsbury's Tomato & Basil Chicken Pasta 300g,300g,£12.67/kg,3.80,,
Sainsbury's Local,"Pizza, Pasta, Ready Meals",Ready Meals,Sainsbury's Tomato & Feta Pasta 225g,225g,£14.00/kg,3.15,,
Sainsbury's Local,"Pizza, Pasta, Ready Meals",Ready Meals,Sainsbury's Tuna & Sweetcorn Pasta 300g,300g,£12.67/kg,3.80,,
Sainsbury's Local,"Pizza, Pasta, Ready Meals",Ready Meals,Taste the Difference Dine in for two,,,15.00,,
Sainsbury's Local,"Pizza, Pasta, Ready Meals",Ready Meals,The Gym Kitchen Chicken Tikka 400g,400g,£12.38/kg,4.95,,
Sainsbury's Local,"Pizza, Pasta, Ready Meals",Ready Meals,The Gym Kitchen Thai Green Chicken Curry 400g,400g,£12.00/kg,4.80,,
Sainsbury's Local,"Pizza, Pasta, Ready Meals",Ready Meals,Tootoomoo Chicken Buddha Bowl with Thai Style Dressing 302g,302g,£16.39/kg,4.95,,
Sainsbury's Local,"Pizza, Pasta, Ready Meals",Ready Meals,Wasabi Chicken Katsu Curry with Rice 450g,450g,£14.22/kg,6.40,,
Sainsbury's Local,"Pizza, Pasta, Ready Meals",Ready Meals,Wasabi Chicken Katsu Yakisoba 450g,450g,£14.22/kg,6.40,,
Sainsbury's Local,"Pizza, Pasta, Ready Meals",Ready Meals,Wasabi Sweet Chilli Chicken Yakisoba 450g,450g,£14.22/kg,6.40,,
Sainsbury's Local,"Pizza, Pasta, Ready Meals",Ready Meals,Wasabi Sweet Chilli Chicken with Rice 450g,450g,£14.22/kg,6.40,,
Sainsbury's Local,"Pizza, Pasta, Ready Meals",Ready Meals,Wasabi Vegetable Gyoza Yakisoba 450g,450g,£14.22/kg,6.40,,
Sainsbury's Local,"Pizza, Pasta, Ready Meals",Ready Meals,Yo! Korean Style Chicken Poke 284g,284g,£19.37/kg,5.50,,
Sainsbury's Local,"Pizza, Pasta, Ready Meals",Starters & Side Dishes,Aunt Bessie's 10 Glorious Golden Yorkshires 190g,190g,£17.11/kg,3.25,,
Sainsbury's Local,"Pizza, Pasta, Ready Meals",Starters & Side Dishes,Sainsbury's Baby Potatoes with Herbs 385g,385g,£3.90/kg,1.50,,
Sainsbury's Local,"Pizza, Pasta, Ready Meals",Starters & Side Dishes,"Sainsbury's Cauliflower Cheese, Taste the Difference 400g (Serves 2)",400g,£9.50/kg,3.80,,
Sainsbury's Local,"Pizza, Pasta, Ready Meals",Starters & Side Dishes,Sainsbury's Crispy Potato Slices 350g,350g,£8.00/kg,2.80,,
Sainsbury's Local,"Pizza, Pasta, Ready Meals",Starters & Side Dishes,Sainsbury's Mashed Potato 400g,400g,£3.38/kg,1.35,,
Sainsbury's Local,"Pizza, Pasta, Ready Meals",Starters & Side Dishes,"Sainsbury's Mashed Potato Seasoned with Cracked Black Pepper, Taste the Difference 400g",400g,£8.50/kg,3.40,,
Sainsbury's Local,"Pizza, Pasta, Ready Meals",Starters & Side Dishes,Sainsbury's Takeaway Sides Crispy Waffle Fries 300g,300g,£12.50/kg,3.75,,
Sainsbury's Local,"Pizza, Pasta, Ready Meals",Starters & Side Dishes,Sainsbury's Taste the Difference Cauliflower Cheese 400g,400g,£9.50/kg,3.80,,
Sainsbury's Local,"Pizza, Pasta, Ready Meals",Starters & Side Dishes,Sainsbury's Taste the Difference Green Vegetable Medley with Roasted Garlic Butter 250g,250g,£15.40/kg,3.85,,
Sainsbury's Local,"Pizza, Pasta, Ready Meals",Starters & Side Dishes,Sainsbury's Taste the Difference Potato Dauphinoise 400g,400g,£9.50/kg,3.80,,
Sainsbury's Local,"Pizza, Pasta, Ready Meals",Starters & Side Dishes,Sainsbury's Taste the Difference Sweet Potato Fries 300g,300g,£12.67/kg,3.80,,
Sainsbury's Local,"Pizza, Pasta, Ready Meals",Starters & Side Dishes,Sainsbury's Taste the Difference Triple Cook Chips 400g,400g,£9.50/kg,3.80,,
Sainsbury's Local,"Pizza, Pasta, Ready Meals",Taste the Difference this Summer,Sainsbury's Taste the Difference Pesto & Parmesan Pasta 185g,185g,£20.27/kg,3.75,,3 for £10
Sainsbury's Local,"Rice, Pasta, Pulses, Noodles",Microwave Rice & Grains,Ben's Original Golden Vegetable Microwave Rice 220g,220g,£5.23/kg,1.15,1.60,£0.45 off
Sainsbury's Local,"Rice, Pasta, Pulses, Noodles",Microwave Rice & Grains,Ben's Original Long Grain Microwave Rice 220g,220g,£5.68/kg,1.25,,
Sainsbury's Local,"Rice, Pasta, Pulses, Noodles",Microwave Rice & Grains,Ben's Original Spicy Mexican Microwave Rice 220g,220g,£5.23/kg,1.15,1.60,£0.45 off
Sainsbury's Local,"Rice, Pasta, Pulses, Noodles",Microwave Rice & Grains,Merchant Gourmet Thai Green Lentil Curry 280g,280g,£11.25/kg,3.15,,
Sainsbury's Local,"Rice, Pasta, Pulses, Noodles",Microwave Rice & Grains,Merchant Gourmet Tomatoey French Lentils 250g,250g,£10.80/kg,2.70,,
Sainsbury's Local,"Rice, Pasta, Pulses, Noodles",Microwave Rice & Grains,Sainsbury's Basmati Rice 250g,250g,£2.80/kg,0.70,,
Sainsbury's Local,"Rice, Pasta, Pulses, Noodles",Microwave Rice & Grains,Tilda Pure Microwave Basmati Rice Classics 250g,250g,£4.80/kg,1.20,,
Sainsbury's Local,"Rice, Pasta, Pulses, Noodles",Microwave Rice & Grains,Tilda Wholegrain Basmati Rice 250g,250g,£4.80/kg,1.20,,
Sainsbury's Local,"Rice, Pasta, Pulses, Noodles",Microwave Rice & Grains,Veetee Basmati Rice 2 x 125g (250g),2pk,£6.40/kg,1.60,,
Sainsbury's Local,"Rice, Pasta, Pulses, Noodles",Microwave Rice & Grains,Veetee Steam Sticky Rice 2 x 130g (260g),2pk,£7.69/kg,2.00,,
Sainsbury's Local,"Rice, Pasta, Pulses, Noodles",Midweek Meals Made Easy,Ben's Original Golden Vegetable Microwave Rice 220g,220g,£5.23/kg,1.15,1.60,£0.45 off
Sainsbury's Local,"Rice, Pasta, Pulses, Noodles",Midweek Meals Made Easy,Ben's Original Long Grain Microwave Rice 220g,220g,£5.68/kg,1.25,,
Sainsbury's Local,"Rice, Pasta, Pulses, Noodles",Midweek Meals Made Easy,Sainsbury's Basmati Rice 250g,250g,£2.80/kg,0.70,,
Sainsbury's Local,"Rice, Pasta, Pulses, Noodles",Midweek Meals Made Easy,Sainsbury's Penne Rigate Pasta 500g,500g,£2.00/kg,1.00,,
Sainsbury's Local,"Rice, Pasta, Pulses, Noodles",Midweek Meals Made Easy,Sainsbury's Quick to Cook Medium Noodles 300g,300g,£4.00/kg,1.20,,
Sainsbury's Local,"Rice, Pasta, Pulses, Noodles",Midweek Meals Made Easy,Sainsbury's Spaghetti Pasta 500g,500g,£2.00/kg,1.00,,
Sainsbury's Local,"Rice, Pasta, Pulses, Noodles",Midweek Meals Made Easy,Sharwood's Medium Egg Noodles 226g,226g,£10.40/kg,2.35,,
Sainsbury's Local,"Rice, Pasta, Pulses, Noodles",Midweek Meals Made Easy,Tilda Pure Microwave Basmati Rice Classics 250g,250g,£4.80/kg,1.20,,
Sainsbury's Local,"Rice, Pasta, Pulses, Noodles",Midweek Meals Made Easy,Tilda Wholegrain Basmati Rice 250g,250g,£4.80/kg,1.20,,
Sainsbury's Local,"Rice, Pasta, Pulses, Noodles",Midweek Meals Made Easy,Veetee Basmati Rice 2 x 125g (250g),2pk,£6.40/kg,1.60,,
Sainsbury's Local,"Rice, Pasta, Pulses, Noodles",Noodles,Batchelors Big Super Noodles BBQ Beef Flavour 100g,100g,£16.50/kg,1.65,,
Sainsbury's Local,"Rice, Pasta, Pulses, Noodles",Noodles,Batchelors Big Super Noodles Chicken Flavour 100g,100g,£16.50/kg,1.65,,
Sainsbury's Local,"Rice, Pasta, Pulses, Noodles",Noodles,Batchelors Super Noodles Chicken Flavour 90g,90g,£17.22/kg,1.55,,
Sainsbury's Local,"Rice, Pasta, Pulses, Noodles",Noodles,Ben's Original Street Food Chow Mein Style 250g,250g,£10.00/kg,2.50,3.30,£0.80 off
Sainsbury's Local,"Rice, Pasta, Pulses, Noodles",Noodles,Ben's Original Street Food Japanese Teriyaki Style 250g,250g,£10.00/kg,2.50,3.30,£0.80 off
Sainsbury's Local,"Rice, Pasta, Pulses, Noodles",Noodles,Cup Noodles Soba Wok Style Classic 90g,90g,£30.00/kg,2.70,,
Sainsbury's Local,"Rice, Pasta, Pulses, Noodles",Noodles,Cup Noodles Soba Wok Style Yakitori Chicken 89g,89g,£30.34/kg,2.70,,
Sainsbury's Local,"Rice, Pasta, Pulses, Noodles",Noodles,Cup Noodles Wok Style Soba Chilli 92g,92g,£29.35/kg,2.70,,
Sainsbury's Local,"Rice, Pasta, Pulses, Noodles",Noodles,Gefen Instant Noodle Soup Imitation Chicken Flavor 66g,66g,£32.58/kg,2.15,,
Sainsbury's Local,"Rice, Pasta, Pulses, Noodles",Noodles,Itsu Chilli Miso Noodles & Broth 65g,65g,£39.23/kg,2.55,,
Sainsbury's Local,"Rice, Pasta, Pulses, Noodles",Noodles,Itsu Katsu Curry Rice' Noodle Pot 63g,63g,£40.48/kg,2.55,,
Sainsbury's Local,"Rice, Pasta, Pulses, Noodles",Noodles,Itsu Noodles & Broth Chicken Ramen 64g,64g,£39.84/kg,2.55,,
Sainsbury's Local,"Rice, Pasta, Pulses, Noodles",Noodles,Itsu Satay Style Noodles & Broth 66g,66g,£38.64/kg,2.55,,
Sainsbury's Local,"Rice, Pasta, Pulses, Noodles",Noodles,Ko-Lee Go Noodles Chicken Special Flavour 85g,85g,£7.06/kg,0.60,,
Sainsbury's Local,"Rice, Pasta, Pulses, Noodles",Noodles,Maggi 2-Minute Noodles Masala 70g,70g,£13.57/kg,0.95,,
Sainsbury's Local,"Rice, Pasta, Pulses, Noodles",Noodles,Mama Instant Rice Noodles 225g,225g,£9.78/kg,2.20,,
Sainsbury's Local,"Rice, Pasta, Pulses, Noodles",Noodles,Mug Shot Chicken & Sweetcorn Flavour Noodles 54g,54g,£21.30/kg,1.15,,
Sainsbury's Local,"Rice, Pasta, Pulses, Noodles",Noodles,Naked Big Eat Thai Style Green Curry Egg Noodles 104g,104g,£18.75/kg,1.95,,
Sainsbury's Local,"Rice, Pasta, Pulses, Noodles",Noodles,Naked Thai Style Sweet Chilli Egg Noodles 78g,78g,£20.51/kg,1.60,,
Sainsbury's Local,"Rice, Pasta, Pulses, Noodles",Noodles,Nissin Chicken Demae Ramen 100g,100g,£6.50/kg,0.65,0.85,£0.20 off
Sainsbury's Local,"Rice, Pasta, Pulses, Noodles",Noodles,Nissin Chilli Wok Style Soba 111g,111g,£14.86/kg,1.65,,
Sainsbury's Local,"Rice, Pasta, Pulses, Noodles",Noodles,Nissin Classic Wok Style Soba 109g,109g,£15.14/kg,1.65,,
Sainsbury's Local,"Rice, Pasta, Pulses, Noodles",Noodles,Nissin Cup Noodles 5 Spices Beef Flavour 64g,64g,£34.38/kg,2.20,,
Sainsbury's Local,"Rice, Pasta, Pulses, Noodles",Noodles,Nongshim Shin Cup Noodle 68g,68g,£23.53/kg,1.60,,
Sainsbury's Local,"Rice, Pasta, Pulses, Noodles",Noodles,Nongshim Shin Ramyun Noodle Soup Gourmet Spicy 5 x 120g (600g),5pk,£10.83/kg,6.50,,
Sainsbury's Local,"Rice, Pasta, Pulses, Noodles",Noodles,Pot Noodle Beef & Tomato King 114 g,114g,£16.67/kg,1.90,,
Sainsbury's Local,"Rice, Pasta, Pulses, Noodles",Noodles,Pot Noodle Bombay Bad Boy King 114 g,114g,£16.67/kg,1.90,,
Sainsbury's Local,"Rice, Pasta, Pulses, Noodles",Noodles,Pot Noodle Chicken & Mushroom Instant Noodles 90 g,90g,£18.33/kg,1.65,,
Sainsbury's Local,"Rice, Pasta, Pulses, Noodles",Noodles,Pot Noodle Chicken & Mushroom King 114 g,114g,£16.67/kg,1.90,,
Sainsbury's Local,"Rice, Pasta, Pulses, Noodles",Noodles,Pot Noodle Original Curry Instant Noodles 90 g,90g,£18.33/kg,1.65,,
Sainsbury's Local,"Rice, Pasta, Pulses, Noodles",Noodles,Pot Noodle Original Curry King 114 g,114g,£16.67/kg,1.90,,
Sainsbury's Local,"Rice, Pasta, Pulses, Noodles",Noodles,Sainsbury's Egg Noodles 300g,300g,£5.67/kg,1.70,,
Sainsbury's Local,"Rice, Pasta, Pulses, Noodles",Noodles,Sainsbury's Quick to Cook Medium Noodles 300g,300g,£4.00/kg,1.20,,
Sainsbury's Local,"Rice, Pasta, Pulses, Noodles",Noodles,Sharwood's Medium Egg Noodles 226g,226g,£10.40/kg,2.35,,
Sainsbury's Local,"Rice, Pasta, Pulses, Noodles",Offers,Ben's Original Golden Vegetable Microwave Rice 220g,220g,£5.23/kg,1.15,1.60,£0.45 off
Sainsbury's Local,"Rice, Pasta, Pulses, Noodles",Offers,Ben's Original Spicy Mexican Microwave Rice 220g,220g,£5.23/kg,1.15,1.60,£0.45 off
Sainsbury's Local,"Rice, Pasta, Pulses, Noodles",Offers,Ben's Original Street Food Chow Mein Style 250g,250g,£10.00/kg,2.50,3.30,£0.80 off
Sainsbury's Local,"Rice, Pasta, Pulses, Noodles",Offers,Ben's Original Street Food Japanese Teriyaki Style 250g,250g,£10.00/kg,2.50,3.30,£0.80 off
Sainsbury's Local,"Rice, Pasta, Pulses, Noodles",Offers,Nissin Chicken Demae Ramen 100g,100g,£6.50/kg,0.65,0.85,£0.20 off
Sainsbury's Local,"Rice, Pasta, Pulses, Noodles",Pasta,Batchelors Pasta 'N' Sauce Cheese & Broccoli 99g,99g,£15.66/kg,1.55,,
Sainsbury's Local,"Rice, Pasta, Pulses, Noodles",Pasta,Napolina Spaghetti 500g,500g,£3.70/kg,1.85,,
Sainsbury's Local,"Rice, Pasta, Pulses, Noodles",Pasta,Sainsbury's Conchiglie Shells Pasta 500g,500g,£2.00/kg,1.00,,
Sainsbury's Local,"Rice, Pasta, Pulses, Noodles",Pasta,Sainsbury's Free From Penne 500g,500g,£2.10/kg,1.05,,
Sainsbury's Local,"Rice, Pasta, Pulses, Noodles",Pasta,Sainsbury's Fusilli Pasta 500g,500g,£1.90/kg,0.95,,
Sainsbury's Local,"Rice, Pasta, Pulses, Noodles",Pasta,Sainsbury's Italian Rigatoni Tubes Pasta 500g,500g,£2.20/kg,1.10,,
Sainsbury's Local,"Rice, Pasta, Pulses, Noodles",Pasta,Sainsbury's Lasagne Sheets Pasta 500g,500g,£2.00/kg,1.00,,
Sainsbury's Local,"Rice, Pasta, Pulses, Noodles",Pasta,"Sainsbury's Mafalda Corta Pasta, Taste the Difference 500g",500g,£4.80/kg,2.40,,
Sainsbury's Local,"Rice, Pasta, Pulses, Noodles",Pasta,"Sainsbury's Orzo Pasta, Taste the Difference 500g",500g,£4.80/kg,2.40,,
Sainsbury's Local,"Rice, Pasta, Pulses, Noodles",Pasta,Sainsbury's Penne Rigate Pasta 500g,500g,£2.00/kg,1.00,,
Sainsbury's Local,"Rice, Pasta, Pulses, Noodles",Pasta,Sainsbury's Spaghetti Pasta 500g,500g,£2.00/kg,1.00,,
Sainsbury's Local,"Rice, Pasta, Pulses, Noodles",Pasta,Sainsbury's Tagliatelle Pasta 500g,500g,£2.00/kg,1.00,,
Sainsbury's Local,"Rice, Pasta, Pulses, Noodles",Pasta,Sainsbury's Wholewheat Fusilli Pasta 500g,500g,£2.00/kg,1.00,,
Sainsbury's Local,"Rice, Pasta, Pulses, Noodles",Pulses & Grains,Gefen Israeli Couscous 250g,250g,£6.40/kg,1.60,,
Sainsbury's Local,"Rice, Pasta, Pulses, Noodles",Pulses & Grains,Laila Red Split Lentils 1kg,1kg,£2.50/kg,2.50,,
Sainsbury's Local,"Rice, Pasta, Pulses, Noodles",Pulses & Grains,"Merchant Gourmet Black Lentil Dhal with Coconut Cream, Cumin & Garam Masala 250g",250g,£10.80/kg,2.70,,
Sainsbury's Local,"Rice, Pasta, Pulses, Noodles",Pulses & Grains,Merchant Gourmet Puy Lentils 250g,250g,£11.20/kg,2.80,,
Sainsbury's Local,"Rice, Pasta, Pulses, Noodles",Pulses & Grains,Sainsbury's Coriander & Lemon Couscous 110g,110g,£8.64/kg,0.95,,
Sainsbury's Local,"Rice, Pasta, Pulses, Noodles",Pulses & Grains,Sainsbury's Cous Cous 500g,500g,£3.20/kg,1.60,,
Sainsbury's Local,"Rice, Pasta, Pulses, Noodles",Pulses & Grains,Sainsbury's Quinoa 300g,300g,£12.17/kg,3.65,,
Sainsbury's Local,"Rice, Pasta, Pulses, Noodles",Pulses & Grains,Sainsbury's Roasted Vegetable Couscous 110g,110g,£8.64/kg,0.95,,
Sainsbury's Local,"Rice, Pasta, Pulses, Noodles",Rice,Ben's Original Boil In Bag Long Grain Rice 8 x 62.5g,8pk,£8.70/kg,4.35,,
Sainsbury's Local,"Rice, Pasta, Pulses, Noodles",Rice,Kohinoor Gold Basmati Rice 2kg,2kg,£3.93/kg,7.85,,
Sainsbury's Local,"Rice, Pasta, Pulses, Noodles",Rice,Laila Basmati Rice 2kg,2kg,£2.98/kg,5.95,,
Sainsbury's Local,"Rice, Pasta, Pulses, Noodles",Rice,Sainsbury's Arborio Risotto Rice 500g,500g,£5.10/kg,2.55,,
Sainsbury's Local,"Rice, Pasta, Pulses, Noodles",Rice,Sainsbury's Basmati Rice 500g,500g,£4.50/kg,2.25,,
Sainsbury's Local,"Rice, Pasta, Pulses, Noodles",Rice,Sainsbury's Brown Rice 500g,500g,£2.50/kg,1.25,,
Sainsbury's Local,"Rice, Pasta, Pulses, Noodles",Rice,Sainsbury's Easy Cook Long Grain Rice 500g,500g,£2.90/kg,1.45,,
Sainsbury's Local,"Rice, Pasta, Pulses, Noodles",Rice,Sainsbury's Jasmine Rice 500g,500g,£3.90/kg,1.95,,
Sainsbury's Local,"Rice, Pasta, Pulses, Noodles",Rice,Tilda Pure Original Basmati 500g,500g,£7.80/kg,3.90,,
Sainsbury's Local,"Rice, Pasta, Pulses, Noodles","Rice, Pasta, Pulses, Noodles",Batchelors Big Super Noodles BBQ Beef Flavour 100g,100g,£16.50/kg,1.65,,
Sainsbury's Local,"Rice, Pasta, Pulses, Noodles","Rice, Pasta, Pulses, Noodles",Batchelors Big Super Noodles Chicken Flavour 100g,100g,£16.50/kg,1.65,,
Sainsbury's Local,"Rice, Pasta, Pulses, Noodles","Rice, Pasta, Pulses, Noodles",Batchelors Pasta 'N' Sauce Cheese & Broccoli 99g,99g,£15.66/kg,1.55,,
Sainsbury's Local,"Rice, Pasta, Pulses, Noodles","Rice, Pasta, Pulses, Noodles",Batchelors Super Noodles Chicken Flavour 90g,90g,£17.22/kg,1.55,,
Sainsbury's Local,"Rice, Pasta, Pulses, Noodles","Rice, Pasta, Pulses, Noodles",Ben's Original Boil In Bag Long Grain Rice 8 x 62.5g,8pk,£8.70/kg,4.35,,
Sainsbury's Local,"Rice, Pasta, Pulses, Noodles","Rice, Pasta, Pulses, Noodles",Ben's Original Golden Vegetable Microwave Rice 220g,220g,£5.23/kg,1.15,1.60,£0.45 off
Sainsbury's Local,"Rice, Pasta, Pulses, Noodles","Rice, Pasta, Pulses, Noodles",Ben's Original Long Grain Microwave Rice 220g,220g,£5.68/kg,1.25,,
Sainsbury's Local,"Rice, Pasta, Pulses, Noodles","Rice, Pasta, Pulses, Noodles",Ben's Original Spicy Mexican Microwave Rice 220g,220g,£5.23/kg,1.15,1.60,£0.45 off
Sainsbury's Local,"Rice, Pasta, Pulses, Noodles","Rice, Pasta, Pulses, Noodles",Ben's Original Street Food Chow Mein Style 250g,250g,£10.00/kg,2.50,3.30,£0.80 off
Sainsbury's Local,"Rice, Pasta, Pulses, Noodles","Rice, Pasta, Pulses, Noodles",Ben's Original Street Food Japanese Teriyaki Style 250g,250g,£10.00/kg,2.50,3.30,£0.80 off
Sainsbury's Local,"Rice, Pasta, Pulses, Noodles","Rice, Pasta, Pulses, Noodles",Cup Noodles Soba Wok Style Classic 90g,90g,£30.00/kg,2.70,,
Sainsbury's Local,"Rice, Pasta, Pulses, Noodles","Rice, Pasta, Pulses, Noodles",Cup Noodles Soba Wok Style Yakitori Chicken 89g,89g,£30.34/kg,2.70,,
Sainsbury's Local,"Rice, Pasta, Pulses, Noodles","Rice, Pasta, Pulses, Noodles",Cup Noodles Wok Style Soba Chilli 92g,92g,£29.35/kg,2.70,,
Sainsbury's Local,"Rice, Pasta, Pulses, Noodles","Rice, Pasta, Pulses, Noodles",Gefen Instant Noodle Soup Imitation Chicken Flavor 66g,66g,£32.58/kg,2.15,,
Sainsbury's Local,"Rice, Pasta, Pulses, Noodles","Rice, Pasta, Pulses, Noodles",Gefen Israeli Couscous 250g,250g,£6.40/kg,1.60,,
Sainsbury's Local,"Rice, Pasta, Pulses, Noodles","Rice, Pasta, Pulses, Noodles",Itsu Chilli Miso Noodles & Broth 65g,65g,£39.23/kg,2.55,,
Sainsbury's Local,"Rice, Pasta, Pulses, Noodles","Rice, Pasta, Pulses, Noodles",Itsu Katsu Curry Rice' Noodle Pot 63g,63g,£40.48/kg,2.55,,
Sainsbury's Local,"Rice, Pasta, Pulses, Noodles","Rice, Pasta, Pulses, Noodles",Itsu Noodles & Broth Chicken Ramen 64g,64g,£39.84/kg,2.55,,
Sainsbury's Local,"Rice, Pasta, Pulses, Noodles","Rice, Pasta, Pulses, Noodles",Itsu Satay Style Noodles & Broth 66g,66g,£38.64/kg,2.55,,
Sainsbury's Local,"Rice, Pasta, Pulses, Noodles","Rice, Pasta, Pulses, Noodles",Ko-Lee Go Noodles Chicken Special Flavour 85g,85g,£7.06/kg,0.60,,
Sainsbury's Local,"Rice, Pasta, Pulses, Noodles","Rice, Pasta, Pulses, Noodles",Kohinoor Gold Basmati Rice 2kg,2kg,£3.93/kg,7.85,,
Sainsbury's Local,"Rice, Pasta, Pulses, Noodles","Rice, Pasta, Pulses, Noodles",Laila Basmati Rice 2kg,2kg,£2.98/kg,5.95,,
Sainsbury's Local,"Rice, Pasta, Pulses, Noodles","Rice, Pasta, Pulses, Noodles",Laila Red Split Lentils 1kg,1kg,£2.50/kg,2.50,,
Sainsbury's Local,"Rice, Pasta, Pulses, Noodles","Rice, Pasta, Pulses, Noodles",Maggi 2-Minute Noodles Masala 70g,70g,£13.57/kg,0.95,,
Sainsbury's Local,"Rice, Pasta, Pulses, Noodles","Rice, Pasta, Pulses, Noodles",Mama Instant Rice Noodles 225g,225g,£9.78/kg,2.20,,
Sainsbury's Local,"Rice, Pasta, Pulses, Noodles","Rice, Pasta, Pulses, Noodles","Merchant Gourmet Black Lentil Dhal with Coconut Cream, Cumin & Garam Masala 250g",250g,£10.80/kg,2.70,,
Sainsbury's Local,"Rice, Pasta, Pulses, Noodles","Rice, Pasta, Pulses, Noodles",Merchant Gourmet Puy Lentils 250g,250g,£11.20/kg,2.80,,
Sainsbury's Local,"Rice, Pasta, Pulses, Noodles","Rice, Pasta, Pulses, Noodles",Merchant Gourmet Thai Green Lentil Curry 280g,280g,£11.25/kg,3.15,,
Sainsbury's Local,"Rice, Pasta, Pulses, Noodles","Rice, Pasta, Pulses, Noodles",Merchant Gourmet Tomatoey French Lentils 250g,250g,£10.80/kg,2.70,,
Sainsbury's Local,"Rice, Pasta, Pulses, Noodles","Rice, Pasta, Pulses, Noodles",Mug Shot Chicken & Sweetcorn Flavour Noodles 54g,54g,£21.30/kg,1.15,,
Sainsbury's Local,"Rice, Pasta, Pulses, Noodles","Rice, Pasta, Pulses, Noodles",Naked Big Eat Thai Style Green Curry Egg Noodles 104g,104g,£18.75/kg,1.95,,
Sainsbury's Local,"Rice, Pasta, Pulses, Noodles","Rice, Pasta, Pulses, Noodles",Naked Thai Style Sweet Chilli Egg Noodles 78g,78g,£20.51/kg,1.60,,
Sainsbury's Local,"Rice, Pasta, Pulses, Noodles","Rice, Pasta, Pulses, Noodles",Napolina Spaghetti 500g,500g,£3.70/kg,1.85,,
Sainsbury's Local,"Rice, Pasta, Pulses, Noodles","Rice, Pasta, Pulses, Noodles",Nissin Chicken Demae Ramen 100g,100g,£6.50/kg,0.65,0.85,£0.20 off
Sainsbury's Local,"Rice, Pasta, Pulses, Noodles","Rice, Pasta, Pulses, Noodles",Nissin Chilli Wok Style Soba 111g,111g,£14.86/kg,1.65,,
Sainsbury's Local,"Rice, Pasta, Pulses, Noodles","Rice, Pasta, Pulses, Noodles",Nissin Classic Wok Style Soba 109g,109g,£15.14/kg,1.65,,
Sainsbury's Local,"Rice, Pasta, Pulses, Noodles","Rice, Pasta, Pulses, Noodles",Nissin Cup Noodles 5 Spices Beef Flavour 64g,64g,£34.38/kg,2.20,,
Sainsbury's Local,"Rice, Pasta, Pulses, Noodles","Rice, Pasta, Pulses, Noodles",Nongshim Shin Cup Noodle 68g,68g,£23.53/kg,1.60,,
Sainsbury's Local,"Rice, Pasta, Pulses, Noodles","Rice, Pasta, Pulses, Noodles",Nongshim Shin Ramyun Noodle Soup Gourmet Spicy 5 x 120g (600g),5pk,£10.83/kg,6.50,,
Sainsbury's Local,"Rice, Pasta, Pulses, Noodles","Rice, Pasta, Pulses, Noodles",Pot Noodle Beef & Tomato King 114 g,114g,£16.67/kg,1.90,,
Sainsbury's Local,"Rice, Pasta, Pulses, Noodles","Rice, Pasta, Pulses, Noodles",Pot Noodle Bombay Bad Boy King 114 g,114g,£16.67/kg,1.90,,
Sainsbury's Local,"Rice, Pasta, Pulses, Noodles","Rice, Pasta, Pulses, Noodles",Pot Noodle Chicken & Mushroom Instant Noodles 90 g,90g,£18.33/kg,1.65,,
Sainsbury's Local,"Rice, Pasta, Pulses, Noodles","Rice, Pasta, Pulses, Noodles",Pot Noodle Chicken & Mushroom King 114 g,114g,£16.67/kg,1.90,,
Sainsbury's Local,"Rice, Pasta, Pulses, Noodles","Rice, Pasta, Pulses, Noodles",Pot Noodle Original Curry Instant Noodles 90 g,90g,£18.33/kg,1.65,,
Sainsbury's Local,"Rice, Pasta, Pulses, Noodles","Rice, Pasta, Pulses, Noodles",Pot Noodle Original Curry King 114 g,114g,£16.67/kg,1.90,,
Sainsbury's Local,"Rice, Pasta, Pulses, Noodles","Rice, Pasta, Pulses, Noodles",Sainsbury's Arborio Risotto Rice 500g,500g,£5.10/kg,2.55,,
Sainsbury's Local,"Rice, Pasta, Pulses, Noodles","Rice, Pasta, Pulses, Noodles",Sainsbury's Basmati Rice 250g,250g,£2.80/kg,0.70,,
Sainsbury's Local,"Rice, Pasta, Pulses, Noodles","Rice, Pasta, Pulses, Noodles",Sainsbury's Basmati Rice 500g,500g,£4.50/kg,2.25,,
Sainsbury's Local,"Rice, Pasta, Pulses, Noodles","Rice, Pasta, Pulses, Noodles",Sainsbury's Brown Rice 500g,500g,£2.50/kg,1.25,,
Sainsbury's Local,"Rice, Pasta, Pulses, Noodles","Rice, Pasta, Pulses, Noodles",Sainsbury's Conchiglie Shells Pasta 500g,500g,£2.00/kg,1.00,,
Sainsbury's Local,"Rice, Pasta, Pulses, Noodles","Rice, Pasta, Pulses, Noodles",Sainsbury's Coriander & Lemon Couscous 110g,110g,£8.64/kg,0.95,,
Sainsbury's Local,"Rice, Pasta, Pulses, Noodles","Rice, Pasta, Pulses, Noodles",Sainsbury's Cous Cous 500g,500g,£3.20/kg,1.60,,
Sainsbury's Local,"Rice, Pasta, Pulses, Noodles","Rice, Pasta, Pulses, Noodles",Sainsbury's Easy Cook Long Grain Rice 500g,500g,£2.90/kg,1.45,,
Sainsbury's Local,"Rice, Pasta, Pulses, Noodles","Rice, Pasta, Pulses, Noodles",Sainsbury's Egg Noodles 300g,300g,£5.67/kg,1.70,,
Sainsbury's Local,"Rice, Pasta, Pulses, Noodles","Rice, Pasta, Pulses, Noodles",Sainsbury's Free From Penne 500g,500g,£2.10/kg,1.05,,
Sainsbury's Local,"Rice, Pasta, Pulses, Noodles","Rice, Pasta, Pulses, Noodles",Sainsbury's Fusilli Pasta 500g,500g,£1.90/kg,0.95,,
Sainsbury's Local,"Rice, Pasta, Pulses, Noodles","Rice, Pasta, Pulses, Noodles",Sainsbury's Italian Rigatoni Tubes Pasta 500g,500g,£2.20/kg,1.10,,
Sainsbury's Local,"Rice, Pasta, Pulses, Noodles","Rice, Pasta, Pulses, Noodles",Sainsbury's Jasmine Rice 500g,500g,£3.90/kg,1.95,,
Sainsbury's Local,"Rice, Pasta, Pulses, Noodles","Rice, Pasta, Pulses, Noodles",Sainsbury's Lasagne Sheets Pasta 500g,500g,£2.00/kg,1.00,,
Sainsbury's Local,"Rice, Pasta, Pulses, Noodles","Rice, Pasta, Pulses, Noodles","Sainsbury's Mafalda Corta Pasta, Taste the Difference 500g",500g,£4.80/kg,2.40,,
Sainsbury's Local,"Rice, Pasta, Pulses, Noodles","Rice, Pasta, Pulses, Noodles","Sainsbury's Orzo Pasta, Taste the Difference 500g",500g,£4.80/kg,2.40,,
Sainsbury's Local,"Rice, Pasta, Pulses, Noodles","Rice, Pasta, Pulses, Noodles",Sainsbury's Penne Rigate Pasta 500g,500g,£2.00/kg,1.00,,
Sainsbury's Local,"Rice, Pasta, Pulses, Noodles","Rice, Pasta, Pulses, Noodles",Sainsbury's Quick to Cook Medium Noodles 300g,300g,£4.00/kg,1.20,,
Sainsbury's Local,"Rice, Pasta, Pulses, Noodles","Rice, Pasta, Pulses, Noodles",Sainsbury's Quinoa 300g,300g,£12.17/kg,3.65,,
Sainsbury's Local,"Rice, Pasta, Pulses, Noodles","Rice, Pasta, Pulses, Noodles",Sainsbury's Roasted Vegetable Couscous 110g,110g,£8.64/kg,0.95,,
Sainsbury's Local,"Rice, Pasta, Pulses, Noodles","Rice, Pasta, Pulses, Noodles",Sainsbury's Spaghetti Pasta 500g,500g,£2.00/kg,1.00,,
Sainsbury's Local,"Rice, Pasta, Pulses, Noodles","Rice, Pasta, Pulses, Noodles",Sainsbury's Tagliatelle Pasta 500g,500g,£2.00/kg,1.00,,
Sainsbury's Local,"Rice, Pasta, Pulses, Noodles","Rice, Pasta, Pulses, Noodles",Sainsbury's Wholewheat Fusilli Pasta 500g,500g,£2.00/kg,1.00,,
Sainsbury's Local,"Rice, Pasta, Pulses, Noodles","Rice, Pasta, Pulses, Noodles",Sharwood's Medium Egg Noodles 226g,226g,£10.40/kg,2.35,,
Sainsbury's Local,"Rice, Pasta, Pulses, Noodles","Rice, Pasta, Pulses, Noodles",Tilda Pure Microwave Basmati Rice Classics 250g,250g,£4.80/kg,1.20,,
Sainsbury's Local,"Rice, Pasta, Pulses, Noodles","Rice, Pasta, Pulses, Noodles",Tilda Pure Original Basmati 500g,500g,£7.80/kg,3.90,,
Sainsbury's Local,"Rice, Pasta, Pulses, Noodles","Rice, Pasta, Pulses, Noodles",Tilda Wholegrain Basmati Rice 250g,250g,£4.80/kg,1.20,,
Sainsbury's Local,"Rice, Pasta, Pulses, Noodles","Rice, Pasta, Pulses, Noodles",Veetee Basmati Rice 2 x 125g (250g),2pk,£6.40/kg,1.60,,
Sainsbury's Local,"Rice, Pasta, Pulses, Noodles","Rice, Pasta, Pulses, Noodles",Veetee Steam Sticky Rice 2 x 130g (260g),2pk,£7.69/kg,2.00,,
Sainsbury's Local,Salad & Herbs,Autumn is here,Sainsbury's Young Spinach 260g,260g,£7.31/kg,1.90,,
Sainsbury's Local,Salad & Herbs,Avocados,Large Avocado,1pk,£1.35 each,1.35,,
Sainsbury's Local,Salad & Herbs,Avocados,Sainsbury's Avocado,2pk,£1.03 each,2.05,,
Sainsbury's Local,Salad & Herbs,"Chilli, Ginger & Garlic",Sainsbury's Finger Chillies 80g,80g,£16.25/kg,1.30,,
Sainsbury's Local,Salad & Herbs,"Chilli, Ginger & Garlic",Sainsbury's Ginger 100g,100g,£15.00/kg,1.50,,
Sainsbury's Local,Salad & Herbs,"Chilli, Ginger & Garlic",Sainsbury's Large Garlic,1pk,£0.60 each,0.60,,
Sainsbury's Local,Salad & Herbs,"Chilli, Ginger & Garlic",Sainsbury's Mixed Chillies 80g,80g,£8.75/kg,0.70,,
Sainsbury's Local,Salad & Herbs,Cucumbers,Sainsbury's Baby Cucumbers,200g,£6.50/kg,1.30,,
Sainsbury's Local,Salad & Herbs,Cucumbers,Sainsbury's Large Cucumber,1pk,£1.20 each,1.20,,
Sainsbury's Local,Salad & Herbs,Cucumbers,Sainsbury's Whole Cucumber,1pk,£1.05 each,1.05,,
Sainsbury's Local,Salad & Herbs,Dressings & Croutons,Heinz Salad Cream Original 425g,425g,£10.00/kg,4.25,,
Sainsbury's Local,Salad & Herbs,Dressings & Croutons,Osem Mini Croutons 400g,400g,£8.38/kg,3.35,,
Sainsbury's Local,Salad & Herbs,Dressings & Croutons,Pizza Express House Light Dressing 235ml,235ml,£16.60/L,3.90,,
Sainsbury's Local,Salad & Herbs,Dressings & Croutons,Sainsbury's Caesar Dressing 150ml,150ml,£11.33/L,1.70,,
Sainsbury's Local,Salad & Herbs,Dressings & Croutons,Sainsbury's Taste the Difference French Style Dressing 255ml,255ml,£12.55/L,3.20,,
Sainsbury's Local,Salad & Herbs,Fresh Herbs,Sainsbury's Parsley 6g,6g,£208.33/kg,1.25,,
Sainsbury's Local,Salad & Herbs,Lettuce & Salad Bags,Florette Crispy 140g,140g,£8.21/kg,1.15,1.50,£0.35 off
Sainsbury's Local,Salad & Herbs,Lettuce & Salad Bags,Sainsbury's Baby Leaf Salad 90g,90g,£13.89/kg,1.25,,
Sainsbury's Local,Salad & Herbs,Lettuce & Salad Bags,Sainsbury's Baby Leaf Spinach 100g,120g,£11.67/kg,1.40,,
Sainsbury's Local,Salad & Herbs,Lettuce & Salad Bags,Sainsbury's Baby Leaf Spinach 200g,200g,£9.00/kg,1.80,,
Sainsbury's Local,Salad & Herbs,Lettuce & Salad Bags,Sainsbury's Bistro Salad 150g,150g,£11.33/kg,1.70,,
Sainsbury's Local,Salad & Herbs,Lettuce & Salad Bags,Sainsbury's Hearts of Romaine,2pk,£0.73 each,1.45,,
Sainsbury's Local,Salad & Herbs,Lettuce & Salad Bags,Sainsbury's Iceberg Lettuce,1pk,£1.10 each,1.10,,
Sainsbury's Local,Salad & Herbs,Lettuce & Salad Bags,Sainsbury's Iceberg Lettuce 200g,200g,£5.25/kg,1.05,,
Sainsbury's Local,Salad & Herbs,Lettuce & Salad Bags,Sainsbury's Italian Style Salad 100g,100g,£17.00/kg,1.70,,
Sainsbury's Local,Salad & Herbs,Lettuce & Salad Bags,Sainsbury's SO Organic Young Spinach 200g,200g,£13.75/kg,2.75,,
Sainsbury's Local,Salad & Herbs,Lettuce & Salad Bags,Sainsbury's Sweet Gem Lettuce,2pk,£0.70 each,1.40,,
Sainsbury's Local,Salad & Herbs,Lettuce & Salad Bags,Sainsbury's Sweet Leaf Salad 250g,250g,£4.60/kg,1.15,,
Sainsbury's Local,Salad & Herbs,Lettuce & Salad Bags,Sainsbury's Wild Rocket 60g,60g,£20.83/kg,1.25,,
Sainsbury's Local,Salad & Herbs,Lettuce & Salad Bags,Sainsbury's Young Spinach 260g,260g,£7.31/kg,1.90,,
Sainsbury's Local,Salad & Herbs,Midweek Meals Made Easy,Florette Crispy 140g,140g,£8.21/kg,1.15,1.50,£0.35 off
Sainsbury's Local,Salad & Herbs,Offers,Florette Crispy 140g,140g,£8.21/kg,1.15,1.50,£0.35 off
Sainsbury's Local,Salad & Herbs,Packed Lunch Picks,Sainsbury's Baby Cucumbers,200g,£6.50/kg,1.30,,
Sainsbury's Local,Salad & Herbs,Peppers,Red Pepper,1pk,£0.75 each,0.75,,
Sainsbury's Local,Salad & Herbs,Peppers,Sainsbury's Sweet Peppers,3pk,£0.77 each,2.30,,
Sainsbury's Local,Salad & Herbs,Peppers,Sainsbury's Taste the Difference Baby Sweet Peppers 270g,270g,£9.44/kg,2.55,,
Sainsbury's Local,Salad & Herbs,Peppers,Sainsbury's Taste the Difference Padron Peppers 180g,180g,£10.28/kg,1.85,,
Sainsbury's Local,Salad & Herbs,Peppers,Sainsbury's Taste the Difference Sweet Pointed Pepper,1pk,£1.00 each,1.00,,
Sainsbury's Local,Salad & Herbs,Salad & Herbs,Florette Crispy 140g,140g,£8.21/kg,1.15,1.50,£0.35 off
Sainsbury's Local,Salad & Herbs,Salad & Herbs,Heinz Salad Cream Original 425g,425g,£10.00/kg,4.25,,
Sainsbury's Local,Salad & Herbs,Salad & Herbs,Large Avocado,1pk,£1.35 each,1.35,,
Sainsbury's Local,Salad & Herbs,Salad & Herbs,Osem Mini Croutons 400g,400g,£8.38/kg,3.35,,
Sainsbury's Local,Salad & Herbs,Salad & Herbs,Pizza Express House Light Dressing 235ml,235ml,£16.60/L,3.90,,
Sainsbury's Local,Salad & Herbs,Salad & Herbs,Red Pepper,1pk,£0.75 each,0.75,,
Sainsbury's Local,Salad & Herbs,Salad & Herbs,Sainsbury's Avocado,2pk,£1.03 each,2.05,,
Sainsbury's Local,Salad & Herbs,Salad & Herbs,Sainsbury's Baby Cucumbers,200g,£6.50/kg,1.30,,
Sainsbury's Local,Salad & Herbs,Salad & Herbs,Sainsbury's Baby Leaf Salad 90g,90g,£13.89/kg,1.25,,
Sainsbury's Local,Salad & Herbs,Salad & Herbs,Sainsbury's Baby Leaf Spinach 100g,120g,£11.67/kg,1.40,,
Sainsbury's Local,Salad & Herbs,Salad & Herbs,Sainsbury's Baby Leaf Spinach 200g,200g,£9.00/kg,1.80,,
Sainsbury's Local,Salad & Herbs,Salad & Herbs,Sainsbury's Bistro Salad 150g,150g,£11.33/kg,1.70,,
Sainsbury's Local,Salad & Herbs,Salad & Herbs,Sainsbury's Caesar Dressing 150ml,150ml,£11.33/L,1.70,,
Sainsbury's Local,Salad & Herbs,Salad & Herbs,Sainsbury's Celery,1pk,£0.85 each,0.85,,
Sainsbury's Local,Salad & Herbs,Salad & Herbs,Sainsbury's Cherry Tomatoes,330g,£3.03/kg,1.00,,
Sainsbury's Local,Salad & Herbs,Salad & Herbs,Sainsbury's Finger Chillies 80g,80g,£16.25/kg,1.30,,
Sainsbury's Local,Salad & Herbs,Salad & Herbs,Sainsbury's Flavouripe Tomatoes,6pk,£0.18 each,1.10,,
Sainsbury's Local,Salad & Herbs,Salad & Herbs,Sainsbury's Ginger 100g,100g,£15.00/kg,1.50,,
Sainsbury's Local,Salad & Herbs,Salad & Herbs,Sainsbury's Hearts of Romaine,2pk,£0.73 each,1.45,,
Sainsbury's Local,Salad & Herbs,Salad & Herbs,Sainsbury's Iceberg Lettuce,1pk,£1.10 each,1.10,,
Sainsbury's Local,Salad & Herbs,Salad & Herbs,Sainsbury's Iceberg Lettuce 200g,200g,£5.25/kg,1.05,,
Sainsbury's Local,Salad & Herbs,Salad & Herbs,Sainsbury's Italian Style Salad 100g,100g,£17.00/kg,1.70,,
Sainsbury's Local,Salad & Herbs,Salad & Herbs,"Sainsbury's Jubilee Large Vine Tomatoes, Taste the Difference 450g",450g,£5.67/kg,2.55,,
Sainsbury's Local,Salad & Herbs,Salad & Herbs,Sainsbury's Large Cucumber,1pk,£1.20 each,1.20,,
Sainsbury's Local,Salad & Herbs,Salad & Herbs,Sainsbury's Large Garlic,1pk,£0.60 each,0.60,,
Sainsbury's Local,Salad & Herbs,Salad & Herbs,Sainsbury's Mixed Chillies 80g,80g,£8.75/kg,0.70,,
Sainsbury's Local,Salad & Herbs,Salad & Herbs,Sainsbury's Parsley 6g,6g,£208.33/kg,1.25,,
Sainsbury's Local,Salad & Herbs,Salad & Herbs,Sainsbury's SO Organic Celery,1pk,£1.80 each,1.80,,
Sainsbury's Local,Salad & Herbs,Salad & Herbs,Sainsbury's SO Organic Young Spinach 200g,200g,£13.75/kg,2.75,,
Sainsbury's Local,Salad & Herbs,Salad & Herbs,Sainsbury's Spring Onions,1pk,£0.85 each,0.85,,
Sainsbury's Local,Salad & Herbs,Salad & Herbs,Sainsbury's Sweet Gem Lettuce,2pk,£0.70 each,1.40,,
Sainsbury's Local,Salad & Herbs,Salad & Herbs,Sainsbury's Sweet Leaf Salad 250g,250g,£4.60/kg,1.15,,
Sainsbury's Local,Salad & Herbs,Salad & Herbs,Sainsbury's Sweet Peppers,3pk,£0.77 each,2.30,,
Sainsbury's Local,Salad & Herbs,Salad & Herbs,Sainsbury's Taste the Difference Baby Sweet Peppers 270g,270g,£9.44/kg,2.55,,
Sainsbury's Local,Salad & Herbs,Salad & Herbs,Sainsbury's Taste the Difference Best of British Vine Tomatoes,250g,£11.20/kg,2.80,,
Sainsbury's Local,Salad & Herbs,Salad & Herbs,Sainsbury's Taste the Difference French Style Dressing 255ml,255ml,£12.55/L,3.20,,
Sainsbury's Local,Salad & Herbs,Salad & Herbs,Sainsbury's Taste the Difference Majestic Vine Tomatoes,300g,£8.50/kg,2.55,,
Sainsbury's Local,Salad & Herbs,Salad & Herbs,Sainsbury's Taste the Difference Padron Peppers 180g,180g,£10.28/kg,1.85,,
Sainsbury's Local,Salad & Herbs,Salad & Herbs,Sainsbury's Taste the Difference Pomodorino Baby Plum Tomatoes,250g,£8.40/kg,2.10,,
Sainsbury's Local,Salad & Herbs,Salad & Herbs,Sainsbury's Taste the Difference Sweet Pointed Pepper,1pk,£1.00 each,1.00,,
Sainsbury's Local,Salad & Herbs,Salad & Herbs,Sainsbury's Taste the Difference Vittoria Cherry Vine Tomatoes,400g,£9.38/kg,3.75,,
Sainsbury's Local,Salad & Herbs,Salad & Herbs,"Sainsbury's Vittoria Cherry Vine Tomatoes, Taste the Difference 250g",250g,£11.20/kg,2.80,,
Sainsbury's Local,Salad & Herbs,Salad & Herbs,Sainsbury's Whole Cucumber,1pk,£1.05 each,1.05,,
Sainsbury's Local,Salad & Herbs,Salad & Herbs,Sainsbury's Wild Rocket 60g,60g,£20.83/kg,1.25,,
Sainsbury's Local,Salad & Herbs,Salad & Herbs,Sainsbury's Young Spinach 260g,260g,£7.31/kg,1.90,,
Sainsbury's Local,Salad & Herbs,Spring Onions & Celery,Sainsbury's Celery,1pk,£0.85 each,0.85,,
Sainsbury's Local,Salad & Herbs,Spring Onions & Celery,Sainsbury's SO Organic Celery,1pk,£1.80 each,1.80,,
Sainsbury's Local,Salad & Herbs,Spring Onions & Celery,Sainsbury's Spring Onions,1pk,£0.85 each,0.85,,
Sainsbury's Local,Salad & Herbs,Summer Eating,Pizza Express House Light Dressing 235ml,235ml,£16.60/L,3.90,,
Sainsbury's Local,Salad & Herbs,Taste the Difference this Summer,Sainsbury's Taste the Difference French Style Dressing 255ml,255ml,£12.55/L,3.20,,
Sainsbury's Local,Salad & Herbs,Tomatoes,Sainsbury's Cherry Tomatoes,330g,£3.03/kg,1.00,,
Sainsbury's Local,Salad & Herbs,Tomatoes,Sainsbury's Flavouripe Tomatoes,6pk,£0.18 each,1.10,,
Sainsbury's Local,Salad & Herbs,Tomatoes,"Sainsbury's Jubilee Large Vine Tomatoes, Taste the Difference 450g",450g,£5.67/kg,2.55,,
Sainsbury's Local,Salad & Herbs,Tomatoes,Sainsbury's Taste the Difference Best of British Vine Tomatoes,250g,£11.20/kg,2.80,,
Sainsbury's Local,Salad & Herbs,Tomatoes,Sainsbury's Taste the Difference Majestic Vine Tomatoes,300g,£8.50/kg,2.55,,
Sainsbury's Local,Salad & Herbs,Tomatoes,Sainsbury's Taste the Difference Pomodorino Baby Plum Tomatoes,250g,£8.40/kg,2.10,,
Sainsbury's Local,Salad & Herbs,Tomatoes,Sainsbury's Taste the Difference Vittoria Cherry Vine Tomatoes,400g,£9.38/kg,3.75,,
Sainsbury's Local,Salad & Herbs,Tomatoes,"Sainsbury's Vittoria Cherry Vine Tomatoes, Taste the Difference 250g",250g,£11.20/kg,2.80,,
Sainsbury's Local,Sexual Wellness,Condoms & Lubricants,Durex Extra Safe 12 Condoms,12pk,£1.13 each,13.50,,
Sainsbury's Local,Sexual Wellness,Condoms & Lubricants,Durex Extra Safe 3,3pk,£1.78 each,5.35,,
Sainsbury's Local,Sexual Wellness,Condoms & Lubricants,Durex Intense Orgasmic Gel 10ml,10ml,£600.00/L,6.00,,
Sainsbury's Local,Sexual Wellness,Condoms & Lubricants,Durex Play Silicone Based Perfect Glide Lubricant Gel 50ml,50ml,£258.00/L,12.90,,
Sainsbury's Local,Sexual Wellness,Condoms & Lubricants,Durex Thin Feel 3 Condoms,3pk,£1.87 each,5.60,,
Sainsbury's Local,Sexual Wellness,Condoms & Lubricants,Durex Thin Feel 6 Condoms,6pk,£1.46 each,8.75,,
Sainsbury's Local,Sexual Wellness,Pregnancy Tests,"Clearblue Pregnancy Test Digital with Weeks Indicator, 2 Digital Tests",2pk,£8.98 each,17.95,,
Sainsbury's Local,Sexual Wellness,Sexual Wellness,"Clearblue Pregnancy Test Digital with Weeks Indicator, 2 Digital Tests",2pk,£8.98 each,17.95,,
Sainsbury's Local,Sexual Wellness,Sexual Wellness,Durex Extra Safe 12 Condoms,12pk,£1.13 each,13.50,,
Sainsbury's Local,Sexual Wellness,Sexual Wellness,Durex Extra Safe 3,3pk,£1.78 each,5.35,,
Sainsbury's Local,Sexual Wellness,Sexual Wellness,Durex Intense Orgasmic Gel 10ml,10ml,£600.00/L,6.00,,
Sainsbury's Local,Sexual Wellness,Sexual Wellness,Durex Play Silicone Based Perfect Glide Lubricant Gel 50ml,50ml,£258.00/L,12.90,,
Sainsbury's Local,Sexual Wellness,Sexual Wellness,Durex Thin Feel 3 Condoms,3pk,£1.87 each,5.60,,
Sainsbury's Local,Sexual Wellness,Sexual Wellness,Durex Thin Feel 6 Condoms,6pk,£1.46 each,8.75,,
Sainsbury's Local,Spirits & Premixed Drinks,Aperitifs & Liquers,Aperol Alcoholic Aperitif 70cl,70cl,£32.57/L,22.80,,
Sainsbury's Local,Spirits & Premixed Drinks,Aperitifs & Liquers,Baileys x Terry’s Chocolate Orange Irish Cream Liqueur 17% vol 50cl,500ml,£44.40/L,22.20,,
Sainsbury's Local,Spirits & Premixed Drinks,Aperitifs & Liquers,Disaronno Originale 500ml,500ml,£49.60/L,24.80,,
Sainsbury's Local,Spirits & Premixed Drinks,Aperitifs & Liquers,Jack Daniel's Tennessee Honey 70 cL,70cl,£49.57/L,34.70,,
Sainsbury's Local,Spirits & Premixed Drinks,Aperitifs & Liquers,"MARTINI Extra Dry Vermouth Aperitivo, 75cl",75cl,£23.73/L,17.80,,
Sainsbury's Local,Spirits & Premixed Drinks,Aperitifs & Liquers,Pimm's Original No. 1 Cup Gin Based Liqueur 22% vol 1L Bottle,1L,£31.20/L,31.20,,
Sainsbury's Local,Spirits & Premixed Drinks,Aperitifs & Liquers,Tia Maria Cold Brew Coffee Liqueur 1 L,1L,£28.20/L,28.20,,
Sainsbury's Local,Spirits & Premixed Drinks,Aperitifs & Liquers,Tia Maria Cold Brew Coffee Liqueur 700 ml,700ml,£30.00/L,21.00,,
Sainsbury's Local,Spirits & Premixed Drinks,Brandy & Cognac,Courvoisier VS Cognac 70cl,70cl,£65.57/L,45.90,,
Sainsbury's Local,Spirits & Premixed Drinks,Brandy & Cognac,Hennessy Very Special Cognac 750ml,750ml,£71.07/L,53.30,,
Sainsbury's Local,Spirits & Premixed Drinks,Brandy & Cognac,Sainsbury's Napoleon Brandy VSOP 35cl,35cl,£30.71/L,10.75,,
Sainsbury's Local,Spirits & Premixed Drinks,Brandy & Cognac,Three Barrels 70cl,70cl,£42.50/L,29.75,,
Sainsbury's Local,Spirits & Premixed Drinks,Gin,"BOMBAY SAPPHIRE London Dry Gin, 70cl",70cl,£46.43/L,32.50,,
Sainsbury's Local,Spirits & Premixed Drinks,Gin,Gordon's Premium Pink Gin Based Flavoured Spirit Drink 35% vol 70cl,700ml,£38.43/L,26.90,,
Sainsbury's Local,Spirits & Premixed Drinks,Gin,Gordon’s London Dry Gin 37.7% vol 35cl,350ml,£46.43/L,16.25,,
Sainsbury's Local,Spirits & Premixed Drinks,Gin,Gordon’s Special Dry London Gin 37.5% vol 1L,1L,£33.75/L,33.75,,
Sainsbury's Local,Spirits & Premixed Drinks,Gin,Hollow & Bourne London Dry Gin 70cl,700ml,£27.21/L,19.05,,
Sainsbury's Local,Spirits & Premixed Drinks,Gin,Tanqueray London Dry Gin 43.1% vol 70cl,700ml,£46.43/L,32.50,,
Sainsbury's Local,Spirits & Premixed Drinks,Gin,Tanqueray London Dry Gin Award-Winning Premium Gin 41.3% vol 1L,1L,£41.25/L,41.25,,
Sainsbury's Local,Spirits & Premixed Drinks,Gin,Whitley Neill Rhubarb & Ginger Gin 70cl,70cl,£57.14/L,40.00,,
Sainsbury's Local,Spirits & Premixed Drinks,Premixed Drinks & Cocktails,"BOMBAY SAPPHIRE Gin & Tonic Premix Cocktail, 25cl",25cl,£13.20/L,3.30,,
Sainsbury's Local,Spirits & Premixed Drinks,Premixed Drinks & Cocktails,BuzzBallz Lime 'Rita Margarita Cocktail 200ml,200ml,£26.25/L,5.25,,
Sainsbury's Local,Spirits & Premixed Drinks,Premixed Drinks & Cocktails,BuzzBallz Strawberry 'Rita Cocktails 200ml,200ml,£26.25/L,5.25,,
Sainsbury's Local,Spirits & Premixed Drinks,Premixed Drinks & Cocktails,Gordon's Premium Pink Gin & Tonic 5% vol 250ml Can,250ml,£10.80/L,2.70,,
Sainsbury's Local,Spirits & Premixed Drinks,Premixed Drinks & Cocktails,Jack Daniel's and Coca-Cola 330ml Pre-Mixed Can,330ml,£8.94/L,2.95,,
Sainsbury's Local,Spirits & Premixed Drinks,Premixed Drinks & Cocktails,MOTH Margarita 125ml,125ml,£39.20/L,4.90,,
Sainsbury's Local,Spirits & Premixed Drinks,Premixed Drinks & Cocktails,MOTH: Cosmopolitan 125ml,125ml,£39.20/L,4.90,,
Sainsbury's Local,Spirits & Premixed Drinks,Premixed Drinks & Cocktails,Malibu Piña Colada Still Pre-Mixed Drink 250ml,250ml,£11.80/L,2.95,,
Sainsbury's Local,Spirits & Premixed Drinks,Premixed Drinks & Cocktails,Mojito with White Rum 250ml,250ml,£7.20/L,1.80,,
Sainsbury's Local,Spirits & Premixed Drinks,Premixed Drinks & Cocktails,Moth Passionfruit Martini 125ml,125ml,£37.60/L,4.70,,
Sainsbury's Local,Spirits & Premixed Drinks,Premixed Drinks & Cocktails,Moth Spicy Margarita Tequila 125ml,125ml,£37.60/L,4.70,,
Sainsbury's Local,Spirits & Premixed Drinks,Premixed Drinks & Cocktails,Nice Pale Rosé 187ml,187ml,£18.98/L,3.55,,
Sainsbury's Local,Spirits & Premixed Drinks,Premixed Drinks & Cocktails,Nice Sauvignon Blanc 187ml,187ml,£18.98/L,3.55,,
Sainsbury's Local,Spirits & Premixed Drinks,Premixed Drinks & Cocktails,Sainsbury's Gin & Diet Tonic 250ml,250ml,£5.20/L,1.30,,
Sainsbury's Local,Spirits & Premixed Drinks,Premixed Drinks & Cocktails,Sainsbury's Vodka Lime & Soda 250ml,250ml,£6.80/L,1.70,,
Sainsbury's Local,Spirits & Premixed Drinks,Premixed Drinks & Cocktails,White Claw Hard Seltzer Raspberry 330ml,330ml,£8.94/L,2.95,,
Sainsbury's Local,Spirits & Premixed Drinks,Rum,"BACARDÍ Carta Blanca Superior White Rum, 100cl",100cl,£33.30/L,33.30,,
Sainsbury's Local,Spirits & Premixed Drinks,Rum,"BACARDÍ Carta Blanca Superior White Rum, 70cl",70cl,£36.29/L,25.40,,
Sainsbury's Local,Spirits & Premixed Drinks,Rum,Captain Morgan Original Spiced Gold 35% vol 1L,1L,£32.65/L,32.65,,
Sainsbury's Local,Spirits & Premixed Drinks,Rum,Captain Morgan Spiced Gold 35% vol 70cl,700ml,£33.71/L,23.60,,
Sainsbury's Local,Spirits & Premixed Drinks,Rum,Malibu Original White Rum with Coconut Flavour 70cl,700ml,£30.86/L,21.60,,
Sainsbury's Local,Spirits & Premixed Drinks,Rum,Sainsbury's Caribbean Pearl Superior Dark Rum 35cl,35cl,£30.29/L,10.60,,
Sainsbury's Local,Spirits & Premixed Drinks,Rum,Sainsbury's Superior White Rum 35cl,35cl,£28.57/L,10.00,,
Sainsbury's Local,Spirits & Premixed Drinks,Rum,The Kraken Black Spiced Rum 70cl,70cl,£51.86/L,36.30,,
Sainsbury's Local,Spirits & Premixed Drinks,Spirits & Premixed Drinks,Absolut Original Swedish Vodka 35cl,35cl,£50.00/L,17.50,,
Sainsbury's Local,Spirits & Premixed Drinks,Spirits & Premixed Drinks,Absolut Vodka 700ml,700ml,£46.86/L,32.80,,
Sainsbury's Local,Spirits & Premixed Drinks,Spirits & Premixed Drinks,Aperol Alcoholic Aperitif 70cl,70cl,£32.57/L,22.80,,
Sainsbury's Local,Spirits & Premixed Drinks,Spirits & Premixed Drinks,"BACARDÍ Carta Blanca Superior White Rum, 100cl",100cl,£33.30/L,33.30,,
Sainsbury's Local,Spirits & Premixed Drinks,Spirits & Premixed Drinks,"BACARDÍ Carta Blanca Superior White Rum, 70cl",70cl,£36.29/L,25.40,,
Sainsbury's Local,Spirits & Premixed Drinks,Spirits & Premixed Drinks,"BOMBAY SAPPHIRE Gin & Tonic Premix Cocktail, 25cl",25cl,£13.20/L,3.30,,
Sainsbury's Local,Spirits & Premixed Drinks,Spirits & Premixed Drinks,"BOMBAY SAPPHIRE London Dry Gin, 70cl",70cl,£46.43/L,32.50,,
Sainsbury's Local,Spirits & Premixed Drinks,Spirits & Premixed Drinks,Baileys x Terry’s Chocolate Orange Irish Cream Liqueur 17% vol 50cl,500ml,£44.40/L,22.20,,
Sainsbury's Local,Spirits & Premixed Drinks,Spirits & Premixed Drinks,BuzzBallz Lime 'Rita Margarita Cocktail 200ml,200ml,£26.25/L,5.25,,
Sainsbury's Local,Spirits & Premixed Drinks,Spirits & Premixed Drinks,BuzzBallz Strawberry 'Rita Cocktails 200ml,200ml,£26.25/L,5.25,,
Sainsbury's Local,Spirits & Premixed Drinks,Spirits & Premixed Drinks,Captain Morgan Original Spiced Gold 35% vol 1L,1L,£32.65/L,32.65,,
Sainsbury's Local,Spirits & Premixed Drinks,Spirits & Premixed Drinks,Captain Morgan Spiced Gold 35% vol 70cl,700ml,£33.71/L,23.60,,
Sainsbury's Local,Spirits & Premixed Drinks,Spirits & Premixed Drinks,Courvoisier VS Cognac 70cl,70cl,£65.57/L,45.90,,
Sainsbury's Local,Spirits & Premixed Drinks,Spirits & Premixed Drinks,Crag & Glen Special Reserve Blended Scotch Whisky 70cl,70cl,£26.57/L,18.60,,
Sainsbury's Local,Spirits & Premixed Drinks,Spirits & Premixed Drinks,Disaronno Originale 500ml,500ml,£49.60/L,24.80,,
Sainsbury's Local,Spirits & Premixed Drinks,Spirits & Premixed Drinks,Glenfiddich 12 Year Old Single Malt Scotch Whisky 70cl,70cl,£83.29/L,58.30,,
Sainsbury's Local,Spirits & Premixed Drinks,Spirits & Premixed Drinks,Glenmorangie Highland Single Malt Scotch Whisky Aged 12 Years The Original 70cl,700ml,£80.57/L,56.40,,
Sainsbury's Local,Spirits & Premixed Drinks,Spirits & Premixed Drinks,Gordon's Premium Pink Gin & Tonic 5% vol 250ml Can,250ml,£10.80/L,2.70,,
Sainsbury's Local,Spirits & Premixed Drinks,Spirits & Premixed Drinks,Gordon's Premium Pink Gin Based Flavoured Spirit Drink 35% vol 70cl,700ml,£38.43/L,26.90,,
Sainsbury's Local,Spirits & Premixed Drinks,Spirits & Premixed Drinks,Gordon’s London Dry Gin 37.7% vol 35cl,350ml,£46.43/L,16.25,,
Sainsbury's Local,Spirits & Premixed Drinks,Spirits & Premixed Drinks,Gordon’s Special Dry London Gin 37.5% vol 1L,1L,£33.75/L,33.75,,
Sainsbury's Local,Spirits & Premixed Drinks,Spirits & Premixed Drinks,Grant's Triple Wood Blended Scotch Whisky 70cl,70cl,£31.00/L,21.70,,
Sainsbury's Local,Spirits & Premixed Drinks,Spirits & Premixed Drinks,Hennessy Very Special Cognac 750ml,750ml,£71.07/L,53.30,,
Sainsbury's Local,Spirits & Premixed Drinks,Spirits & Premixed Drinks,Hollow & Bourne London Dry Gin 70cl,700ml,£27.21/L,19.05,,
Sainsbury's Local,Spirits & Premixed Drinks,Spirits & Premixed Drinks,JJ Artisanal Vodka 70cl,70cl,£36.64/L,25.65,,
Sainsbury's Local,Spirits & Premixed Drinks,Spirits & Premixed Drinks,Jack Daniel's Old No. 7 Tennessee Whiskey 70 cL,70cl,£49.57/L,34.70,,
Sainsbury's Local,Spirits & Premixed Drinks,Spirits & Premixed Drinks,Jack Daniel's Tennessee Honey 70 cL,70cl,£49.57/L,34.70,,
Sainsbury's Local,Spirits & Premixed Drinks,Spirits & Premixed Drinks,Jack Daniel's and Coca-Cola 330ml Pre-Mixed Can,330ml,£8.94/L,2.95,,
Sainsbury's Local,Spirits & Premixed Drinks,Spirits & Premixed Drinks,Jameson Triple Distilled Irish Whiskey 700ml,700ml,£50.50/L,35.35,,
Sainsbury's Local,Spirits & Premixed Drinks,Spirits & Premixed Drinks,Johnnie Walker Red Label Blended Scotch Whisky 40% vol 70cl,700ml,£49.57/L,34.70,,
Sainsbury's Local,Spirits & Premixed Drinks,Spirits & Premixed Drinks,Jose Cuervo Especial Silver Tequila 70cl,70cl,£44.79/L,31.35,,
Sainsbury's Local,Spirits & Premixed Drinks,Spirits & Premixed Drinks,"MARTINI Extra Dry Vermouth Aperitivo, 75cl",75cl,£23.73/L,17.80,,
Sainsbury's Local,Spirits & Premixed Drinks,Spirits & Premixed Drinks,MOTH Margarita 125ml,125ml,£39.20/L,4.90,,
Sainsbury's Local,Spirits & Premixed Drinks,Spirits & Premixed Drinks,MOTH: Cosmopolitan 125ml,125ml,£39.20/L,4.90,,
Sainsbury's Local,Spirits & Premixed Drinks,Spirits & Premixed Drinks,Malibu Original White Rum with Coconut Flavour 70cl,700ml,£30.86/L,21.60,,
Sainsbury's Local,Spirits & Premixed Drinks,Spirits & Premixed Drinks,Malibu Piña Colada Still Pre-Mixed Drink 250ml,250ml,£11.80/L,2.95,,
Sainsbury's Local,Spirits & Premixed Drinks,Spirits & Premixed Drinks,Mojito with White Rum 250ml,250ml,£7.20/L,1.80,,
Sainsbury's Local,Spirits & Premixed Drinks,Spirits & Premixed Drinks,Monkey Shoulder Blended Malt Scotch Whisky 70cl,70cl,£60.21/L,42.15,,
Sainsbury's Local,Spirits & Premixed Drinks,Spirits & Premixed Drinks,Moth Passionfruit Martini 125ml,125ml,£37.60/L,4.70,,
Sainsbury's Local,Spirits & Premixed Drinks,Spirits & Premixed Drinks,Moth Spicy Margarita Tequila 125ml,125ml,£37.60/L,4.70,,
Sainsbury's Local,Spirits & Premixed Drinks,Spirits & Premixed Drinks,Nice Pale Rosé 187ml,187ml,£18.98/L,3.55,,
Sainsbury's Local,Spirits & Premixed Drinks,Spirits & Premixed Drinks,Nice Sauvignon Blanc 187ml,187ml,£18.98/L,3.55,,
Sainsbury's Local,Spirits & Premixed Drinks,Spirits & Premixed Drinks,Olmeca Altos 100% Agave Plata Tequila 70cl,70cl,£52.71/L,36.90,,
Sainsbury's Local,Spirits & Premixed Drinks,Spirits & Premixed Drinks,Pimm's Original No. 1 Cup Gin Based Liqueur 22% vol 1L Bottle,1L,£31.20/L,31.20,,
Sainsbury's Local,Spirits & Premixed Drinks,Spirits & Premixed Drinks,Sainsbury's Caribbean Pearl Superior Dark Rum 35cl,35cl,£30.29/L,10.60,,
Sainsbury's Local,Spirits & Premixed Drinks,Spirits & Premixed Drinks,Sainsbury's Gin & Diet Tonic 250ml,250ml,£5.20/L,1.30,,
Sainsbury's Local,Spirits & Premixed Drinks,Spirits & Premixed Drinks,Sainsbury's Napoleon Brandy VSOP 35cl,35cl,£30.71/L,10.75,,
Sainsbury's Local,Spirits & Premixed Drinks,Spirits & Premixed Drinks,Sainsbury's Superior White Rum 35cl,35cl,£28.57/L,10.00,,
Sainsbury's Local,Spirits & Premixed Drinks,Spirits & Premixed Drinks,Sainsbury's Vodka 35cl,35cl,£29.86/L,10.45,,
Sainsbury's Local,Spirits & Premixed Drinks,Spirits & Premixed Drinks,Sainsbury's Vodka 70cl,70cl,£28.57/L,20.00,,
Sainsbury's Local,Spirits & Premixed Drinks,Spirits & Premixed Drinks,Sainsbury's Vodka Lime & Soda 250ml,250ml,£6.80/L,1.70,,
Sainsbury's Local,Spirits & Premixed Drinks,Spirits & Premixed Drinks,Sierra Tequila Reposado 500ml,500ml,£49.20/L,24.60,,
Sainsbury's Local,Spirits & Premixed Drinks,Spirits & Premixed Drinks,Smirnoff No. 21 Vodka 37.5% vol 35cl,350ml,£46.43/L,16.25,,
Sainsbury's Local,Spirits & Premixed Drinks,Spirits & Premixed Drinks,Smirnoff No. 21 Vodka 37.5% vol 70cl,700ml,£36.64/L,25.65,,
Sainsbury's Local,Spirits & Premixed Drinks,Spirits & Premixed Drinks,Smirnoff Red Label Vodka 37.5% vol 1L,1L,£33.75/L,33.75,,
Sainsbury's Local,Spirits & Premixed Drinks,Spirits & Premixed Drinks,Talisker Skye Single Malt Scotch Whisky 45.8% vol 70cl,700ml,£94.79/L,66.35,,
Sainsbury's Local,Spirits & Premixed Drinks,Spirits & Premixed Drinks,Tanqueray London Dry Gin 43.1% vol 70cl,700ml,£46.43/L,32.50,,
Sainsbury's Local,Spirits & Premixed Drinks,Spirits & Premixed Drinks,Tanqueray London Dry Gin Award-Winning Premium Gin 41.3% vol 1L,1L,£41.25/L,41.25,,
Sainsbury's Local,Spirits & Premixed Drinks,Spirits & Premixed Drinks,The Famous Grouse Blended Scotch Whisky 1L,1L,£33.50/L,33.50,,
Sainsbury's Local,Spirits & Premixed Drinks,Spirits & Premixed Drinks,The Famous Grouse Blended Scotch Whisky 350ml,350ml,£47.00/L,16.45,,
Sainsbury's Local,Spirits & Premixed Drinks,Spirits & Premixed Drinks,The Famous Grouse Blended Scotch Whisky 700ml,700ml,£36.79/L,25.75,,
Sainsbury's Local,Spirits & Premixed Drinks,Spirits & Premixed Drinks,The Kraken Black Spiced Rum 70cl,70cl,£51.86/L,36.30,,
Sainsbury's Local,Spirits & Premixed Drinks,Spirits & Premixed Drinks,Three Barrels 70cl,70cl,£42.50/L,29.75,,
Sainsbury's Local,Spirits & Premixed Drinks,Spirits & Premixed Drinks,Tia Maria Cold Brew Coffee Liqueur 1 L,1L,£28.20/L,28.20,,
Sainsbury's Local,Spirits & Premixed Drinks,Spirits & Premixed Drinks,Tia Maria Cold Brew Coffee Liqueur 700 ml,700ml,£30.00/L,21.00,,
Sainsbury's Local,Spirits & Premixed Drinks,Spirits & Premixed Drinks,White Claw Hard Seltzer Raspberry 330ml,330ml,£8.94/L,2.95,,
Sainsbury's Local,Spirits & Premixed Drinks,Spirits & Premixed Drinks,Whitley Neill Rhubarb & Ginger Gin 70cl,70cl,£57.14/L,40.00,,
Sainsbury's Local,Spirits & Premixed Drinks,Summer Drinks,"BACARDÍ Carta Blanca Superior White Rum, 100cl",100cl,£33.30/L,33.30,,
Sainsbury's Local,Spirits & Premixed Drinks,Summer Drinks,"BOMBAY SAPPHIRE Gin & Tonic Premix Cocktail, 25cl",25cl,£13.20/L,3.30,,
Sainsbury's Local,Spirits & Premixed Drinks,Summer Drinks,"BOMBAY SAPPHIRE London Dry Gin, 70cl",70cl,£46.43/L,32.50,,
Sainsbury's Local,Spirits & Premixed Drinks,Summer Drinks,Disaronno Originale 500ml,500ml,£49.60/L,24.80,,
Sainsbury's Local,Spirits & Premixed Drinks,Summer Drinks,Jack Daniel's and Coca-Cola 330ml Pre-Mixed Can,330ml,£8.94/L,2.95,,
Sainsbury's Local,Spirits & Premixed Drinks,Summer Drinks,Smirnoff No. 21 Vodka 37.5% vol 70cl,700ml,£36.64/L,25.65,,
Sainsbury's Local,Spirits & Premixed Drinks,Summer Drinks,Smirnoff Red Label Vodka 37.5% vol 1L,1L,£33.75/L,33.75,,
Sainsbury's Local,Spirits & Premixed Drinks,Tequila & Mezcal,Jose Cuervo Especial Silver Tequila 70cl,70cl,£44.79/L,31.35,,
Sainsbury's Local,Spirits & Premixed Drinks,Tequila & Mezcal,Olmeca Altos 100% Agave Plata Tequila 70cl,70cl,£52.71/L,36.90,,
Sainsbury's Local,Spirits & Premixed Drinks,Tequila & Mezcal,Sierra Tequila Reposado 500ml,500ml,£49.20/L,24.60,,
Sainsbury's Local,Spirits & Premixed Drinks,Vodka,Absolut Original Swedish Vodka 35cl,35cl,£50.00/L,17.50,,
Sainsbury's Local,Spirits & Premixed Drinks,Vodka,Absolut Vodka 700ml,700ml,£46.86/L,32.80,,
Sainsbury's Local,Spirits & Premixed Drinks,Vodka,JJ Artisanal Vodka 70cl,70cl,£36.64/L,25.65,,
Sainsbury's Local,Spirits & Premixed Drinks,Vodka,Sainsbury's Vodka 35cl,35cl,£29.86/L,10.45,,
Sainsbury's Local,Spirits & Premixed Drinks,Vodka,Sainsbury's Vodka 70cl,70cl,£28.57/L,20.00,,
Sainsbury's Local,Spirits & Premixed Drinks,Vodka,Smirnoff No. 21 Vodka 37.5% vol 35cl,350ml,£46.43/L,16.25,,
Sainsbury's Local,Spirits & Premixed Drinks,Vodka,Smirnoff No. 21 Vodka 37.5% vol 70cl,700ml,£36.64/L,25.65,,
Sainsbury's Local,Spirits & Premixed Drinks,Vodka,Smirnoff Red Label Vodka 37.5% vol 1L,1L,£33.75/L,33.75,,
Sainsbury's Local,Spirits & Premixed Drinks,Whisky,Crag & Glen Special Reserve Blended Scotch Whisky 70cl,70cl,£26.57/L,18.60,,
Sainsbury's Local,Spirits & Premixed Drinks,Whisky,Glenfiddich 12 Year Old Single Malt Scotch Whisky 70cl,70cl,£83.29/L,58.30,,
Sainsbury's Local,Spirits & Premixed Drinks,Whisky,Glenmorangie Highland Single Malt Scotch Whisky Aged 12 Years The Original 70cl,700ml,£80.57/L,56.40,,
Sainsbury's Local,Spirits & Premixed Drinks,Whisky,Grant's Triple Wood Blended Scotch Whisky 70cl,70cl,£31.00/L,21.70,,
Sainsbury's Local,Spirits & Premixed Drinks,Whisky,Jack Daniel's Old No. 7 Tennessee Whiskey 70 cL,70cl,£49.57/L,34.70,,
Sainsbury's Local,Spirits & Premixed Drinks,Whisky,Jameson Triple Distilled Irish Whiskey 700ml,700ml,£50.50/L,35.35,,
Sainsbury's Local,Spirits & Premixed Drinks,Whisky,Johnnie Walker Red Label Blended Scotch Whisky 40% vol 70cl,700ml,£49.57/L,34.70,,
Sainsbury's Local,Spirits & Premixed Drinks,Whisky,Monkey Shoulder Blended Malt Scotch Whisky 70cl,70cl,£60.21/L,42.15,,
Sainsbury's Local,Spirits & Premixed Drinks,Whisky,Talisker Skye Single Malt Scotch Whisky 45.8% vol 70cl,700ml,£94.79/L,66.35,,
Sainsbury's Local,Spirits & Premixed Drinks,Whisky,The Famous Grouse Blended Scotch Whisky 1L,1L,£33.50/L,33.50,,
Sainsbury's Local,Spirits & Premixed Drinks,Whisky,The Famous Grouse Blended Scotch Whisky 350ml,350ml,£47.00/L,16.45,,
Sainsbury's Local,Spirits & Premixed Drinks,Whisky,The Famous Grouse Blended Scotch Whisky 700ml,700ml,£36.79/L,25.75,,
Sainsbury's Local,"Sugar, Flour, Baking",Baking Aids,Angel Delight Butterscotch Flavour 59g,59g,£22.03/kg,1.30,,
Sainsbury's Local,"Sugar, Flour, Baking",Baking Aids,Angel Delight Strawberry Flavour 59g,59g,£22.03/kg,1.30,,
Sainsbury's Local,"Sugar, Flour, Baking",Baking Aids,Askeys Treat! Chocolate Flavour Sauce 325g,325ml,£7.69/L,2.50,,
Sainsbury's Local,"Sugar, Flour, Baking",Baking Aids,Betty Crocker Chocolate Chip Cookie Mix 200g,200g,£13.25/kg,2.65,,
Sainsbury's Local,"Sugar, Flour, Baking",Baking Aids,Betty Crocker Chocolate Fudge Brownie Mix 415g,415g,£9.76/kg,4.05,,
Sainsbury's Local,"Sugar, Flour, Baking",Baking Aids,Betty Crocker Vanilla Buttercream Flavour Icing 400g,400g,£9.75/kg,3.90,,
Sainsbury's Local,"Sugar, Flour, Baking",Baking Aids,Bird's Original Custard Powder 350g,350g,£8.86/kg,3.10,,
Sainsbury's Local,"Sugar, Flour, Baking",Baking Aids,Cadbury Bournville Cocoa Powder Tin 250g,250g,£24.60/kg,6.15,,
Sainsbury's Local,"Sugar, Flour, Baking",Baking Aids,Carnation Condensed Milk 397g,397g,£6.05/kg,2.40,,
Sainsbury's Local,"Sugar, Flour, Baking",Baking Aids,Carnation Evaporated Milk 410g,410g,£5.12/kg,2.10,,
Sainsbury's Local,"Sugar, Flour, Baking",Baking Aids,Dr. Oetker Baking Powder 170g,170g,£10.29/kg,1.75,,
Sainsbury's Local,"Sugar, Flour, Baking",Baking Aids,Dr. Oetker Bicarbonate of Soda 200g,200g,£8.75/kg,1.75,,
Sainsbury's Local,"Sugar, Flour, Baking",Baking Aids,Dr. Oetker Extra Dark Chocolate 100g,100g,£34.50/kg,3.45,,
Sainsbury's Local,"Sugar, Flour, Baking",Baking Aids,Hartley's Raspberry Flavour Jelly 135g,135g,£11.85/kg,1.60,,
Sainsbury's Local,"Sugar, Flour, Baking",Baking Aids,Hartley's Strawberry Flavour Jelly 135g,135g,£11.85/kg,1.60,,
Sainsbury's Local,"Sugar, Flour, Baking",Baking Aids,Hartley's Strawberry Flavour Jelly Sugar Free Twin Pack 23g,23g,£73.91/kg,1.70,,
Sainsbury's Local,"Sugar, Flour, Baking",Baking Aids,Sainsbury's 100 Fairy Cake Cases,100pk,£0.02 each,2.20,,
Sainsbury's Local,"Sugar, Flour, Baking",Baking Aids,Sainsbury's Belgian Dark Cooking Chocolate 200g,200g,£17.00/kg,3.40,,
Sainsbury's Local,"Sugar, Flour, Baking",Baking Aids,Sainsbury's Belgian Milk Cooking Chocolate 200g,200g,£17.00/kg,3.40,,
Sainsbury's Local,"Sugar, Flour, Baking",Baking Aids,Sainsbury's Belgian White Cooking Chocolate 200g,200g,£17.00/kg,3.40,,
Sainsbury's Local,"Sugar, Flour, Baking",Baking Aids,Sainsbury's Cocoa Powder 250g,250g,£19.00/kg,4.75,,
Sainsbury's Local,"Sugar, Flour, Baking",Baking Aids,Sainsbury's Dark Chocolate Chips 100g,100g,£17.50/kg,1.75,,
Sainsbury's Local,"Sugar, Flour, Baking",Baking Aids,Sainsbury's Desiccated Coconut 250g,250g,£14.00/kg,3.50,,
Sainsbury's Local,"Sugar, Flour, Baking",Baking Aids,Sainsbury's Evaporated Milk 410g,410g,£2.20/kg,0.90,,
Sainsbury's Local,"Sugar, Flour, Baking",Baking Aids,Sainsbury's Fast Action Dried Yeast 8 Sachets 56g,56g,£36.61/kg,2.05,,
Sainsbury's Local,"Sugar, Flour, Baking",Baking Aids,Sainsbury's Ground Almonds 200g,200g,£22.25/kg,4.45,,
Sainsbury's Local,"Sugar, Flour, Baking",Baking Aids,Sainsbury's Icing Sugar 500g,500g,£3.40/kg,1.70,,
Sainsbury's Local,"Sugar, Flour, Baking",Baking Aids,Sainsbury's Milk Chocolate Chips 100g,100g,£17.50/kg,1.75,,
Sainsbury's Local,"Sugar, Flour, Baking",Baking Aids,Sainsbury's Multicoloured 100's & 1000's 80g,80g,£20.63/kg,1.65,,
Sainsbury's Local,"Sugar, Flour, Baking",Baking Aids,Sainsbury's No Added Sugar Instant Custard 72g,72g,£15.97/kg,1.15,,
Sainsbury's Local,"Sugar, Flour, Baking",Baking Aids,Sainsbury's Non Stick Baking Paper,,,2.45,,
Sainsbury's Local,"Sugar, Flour, Baking",Baking Aids,Sainsbury's Pancake Mix 155g,155g,£8.39/kg,1.30,,
Sainsbury's Local,"Sugar, Flour, Baking",Baking Aids,Sainsbury's Taste the Difference Madagascan Vanilla Extract 38ml,38ml,£84.21/L,3.20,,
Sainsbury's Local,"Sugar, Flour, Baking",Baking Aids,Sainsbury's White Chocolate Chips 100g,100g,£17.50/kg,1.75,,
Sainsbury's Local,"Sugar, Flour, Baking",Flour,Elephant Atta Medium Chapatti Flour 1.5kg,1.5kg,£2.47/kg,3.70,,
Sainsbury's Local,"Sugar, Flour, Baking",Flour,KTC Superfine Gram Flour 2kg,2kg,£2.03/kg,4.05,,
Sainsbury's Local,"Sugar, Flour, Baking",Flour,McDougalls Pre-Sifted Plain Flour 1.1kg,1.1kg,£1.82/kg,2.00,,
Sainsbury's Local,"Sugar, Flour, Baking",Flour,McDougalls Pre-Sifted Self Raising Flour 1.1kg,1.1kg,£2.27/kg,2.50,,
Sainsbury's Local,"Sugar, Flour, Baking",Flour,Sainsbury's Cornflour 500g,500g,£6.50/kg,3.25,,
Sainsbury's Local,"Sugar, Flour, Baking",Flour,Sainsbury's Strong Stoneground 100% Wholemeal Flour 1.5kg,1.5kg,£1.30/kg,1.95,,
Sainsbury's Local,"Sugar, Flour, Baking",Flour,Sainsbury's Strong White Unbleached Bread Flour 1.5kg,1.5kg,£1.27/kg,1.90,,
Sainsbury's Local,"Sugar, Flour, Baking",Ice Cream Parlour,Askeys Treat! Chocolate Flavour Sauce 325g,325ml,£7.69/L,2.50,,
Sainsbury's Local,"Sugar, Flour, Baking",In Store Prices,Dr. Oetker Bicarbonate of Soda 200g,200g,£8.75/kg,1.75,,
Sainsbury's Local,"Sugar, Flour, Baking",In Store Prices,Sainsbury's Non Stick Baking Paper,,,2.45,,
Sainsbury's Local,"Sugar, Flour, Baking",Sugar,Sainsbury's Fairtrade Dark Soft Brown Sugar 500g,500g,£4.50/kg,2.25,,
Sainsbury's Local,"Sugar, Flour, Baking",Sugar,Sainsbury's Fairtrade Demerara Cane Sugar 500g,500g,£3.80/kg,1.90,,
Sainsbury's Local,"Sugar, Flour, Baking",Sugar,Sainsbury's Fairtrade Light Brown Soft Cane Sugar 500g,500g,£4.50/kg,2.25,,
Sainsbury's Local,"Sugar, Flour, Baking",Sugar,Sainsbury's Granulated Sugar 1kg,1kg,£1.25/kg,1.25,,
Sainsbury's Local,"Sugar, Flour, Baking",Sugar,Sainsbury's White Caster Sugar 500g,500g,£2.90/kg,1.45,,
Sainsbury's Local,"Sugar, Flour, Baking",Sugar,Sweetex Calorie Free Sweeteners 600 Tablets,600pk,0.525p each,3.15,,
Sainsbury's Local,"Sugar, Flour, Baking","Sugar, Flour, Baking",Angel Delight Butterscotch Flavour 59g,59g,£22.03/kg,1.30,,
Sainsbury's Local,"Sugar, Flour, Baking","Sugar, Flour, Baking",Angel Delight Strawberry Flavour 59g,59g,£22.03/kg,1.30,,
Sainsbury's Local,"Sugar, Flour, Baking","Sugar, Flour, Baking",Askeys Treat! Chocolate Flavour Sauce 325g,325ml,£7.69/L,2.50,,
Sainsbury's Local,"Sugar, Flour, Baking","Sugar, Flour, Baking",Betty Crocker Chocolate Chip Cookie Mix 200g,200g,£13.25/kg,2.65,,
Sainsbury's Local,"Sugar, Flour, Baking","Sugar, Flour, Baking",Betty Crocker Chocolate Fudge Brownie Mix 415g,415g,£9.76/kg,4.05,,
Sainsbury's Local,"Sugar, Flour, Baking","Sugar, Flour, Baking",Betty Crocker Vanilla Buttercream Flavour Icing 400g,400g,£9.75/kg,3.90,,
Sainsbury's Local,"Sugar, Flour, Baking","Sugar, Flour, Baking",Bird's Original Custard Powder 350g,350g,£8.86/kg,3.10,,
Sainsbury's Local,"Sugar, Flour, Baking","Sugar, Flour, Baking",Cadbury Bournville Cocoa Powder Tin 250g,250g,£24.60/kg,6.15,,
Sainsbury's Local,"Sugar, Flour, Baking","Sugar, Flour, Baking",Carnation Condensed Milk 397g,397g,£6.05/kg,2.40,,
Sainsbury's Local,"Sugar, Flour, Baking","Sugar, Flour, Baking",Carnation Evaporated Milk 410g,410g,£5.12/kg,2.10,,
Sainsbury's Local,"Sugar, Flour, Baking","Sugar, Flour, Baking",Dr. Oetker Baking Powder 170g,170g,£10.29/kg,1.75,,
Sainsbury's Local,"Sugar, Flour, Baking","Sugar, Flour, Baking",Dr. Oetker Bicarbonate of Soda 200g,200g,£8.75/kg,1.75,,
Sainsbury's Local,"Sugar, Flour, Baking","Sugar, Flour, Baking",Dr. Oetker Extra Dark Chocolate 100g,100g,£34.50/kg,3.45,,
Sainsbury's Local,"Sugar, Flour, Baking","Sugar, Flour, Baking",Elephant Atta Medium Chapatti Flour 1.5kg,1.5kg,£2.47/kg,3.70,,
Sainsbury's Local,"Sugar, Flour, Baking","Sugar, Flour, Baking",Hartley's Raspberry Flavour Jelly 135g,135g,£11.85/kg,1.60,,
Sainsbury's Local,"Sugar, Flour, Baking","Sugar, Flour, Baking",Hartley's Strawberry Flavour Jelly 135g,135g,£11.85/kg,1.60,,
Sainsbury's Local,"Sugar, Flour, Baking","Sugar, Flour, Baking",Hartley's Strawberry Flavour Jelly Sugar Free Twin Pack 23g,23g,£73.91/kg,1.70,,
Sainsbury's Local,"Sugar, Flour, Baking","Sugar, Flour, Baking",KTC Superfine Gram Flour 2kg,2kg,£2.03/kg,4.05,,
Sainsbury's Local,"Sugar, Flour, Baking","Sugar, Flour, Baking",McDougalls Pre-Sifted Plain Flour 1.1kg,1.1kg,£1.82/kg,2.00,,
Sainsbury's Local,"Sugar, Flour, Baking","Sugar, Flour, Baking",McDougalls Pre-Sifted Self Raising Flour 1.1kg,1.1kg,£2.27/kg,2.50,,
Sainsbury's Local,"Sugar, Flour, Baking","Sugar, Flour, Baking",Sainsbury's 100 Fairy Cake Cases,100pk,£0.02 each,2.20,,
Sainsbury's Local,"Sugar, Flour, Baking","Sugar, Flour, Baking",Sainsbury's Belgian Dark Cooking Chocolate 200g,200g,£17.00/kg,3.40,,
Sainsbury's Local,"Sugar, Flour, Baking","Sugar, Flour, Baking",Sainsbury's Belgian Milk Cooking Chocolate 200g,200g,£17.00/kg,3.40,,
Sainsbury's Local,"Sugar, Flour, Baking","Sugar, Flour, Baking",Sainsbury's Belgian White Cooking Chocolate 200g,200g,£17.00/kg,3.40,,
Sainsbury's Local,"Sugar, Flour, Baking","Sugar, Flour, Baking",Sainsbury's Cocoa Powder 250g,250g,£19.00/kg,4.75,,
Sainsbury's Local,"Sugar, Flour, Baking","Sugar, Flour, Baking",Sainsbury's Cornflour 500g,500g,£6.50/kg,3.25,,
Sainsbury's Local,"Sugar, Flour, Baking","Sugar, Flour, Baking",Sainsbury's Dark Chocolate Chips 100g,100g,£17.50/kg,1.75,,
Sainsbury's Local,"Sugar, Flour, Baking","Sugar, Flour, Baking",Sainsbury's Desiccated Coconut 250g,250g,£14.00/kg,3.50,,
Sainsbury's Local,"Sugar, Flour, Baking","Sugar, Flour, Baking",Sainsbury's Evaporated Milk 410g,410g,£2.20/kg,0.90,,
Sainsbury's Local,"Sugar, Flour, Baking","Sugar, Flour, Baking",Sainsbury's Fairtrade Dark Soft Brown Sugar 500g,500g,£4.50/kg,2.25,,
Sainsbury's Local,"Sugar, Flour, Baking","Sugar, Flour, Baking",Sainsbury's Fairtrade Demerara Cane Sugar 500g,500g,£3.80/kg,1.90,,
Sainsbury's Local,"Sugar, Flour, Baking","Sugar, Flour, Baking",Sainsbury's Fairtrade Light Brown Soft Cane Sugar 500g,500g,£4.50/kg,2.25,,
Sainsbury's Local,"Sugar, Flour, Baking","Sugar, Flour, Baking",Sainsbury's Fast Action Dried Yeast 8 Sachets 56g,56g,£36.61/kg,2.05,,
Sainsbury's Local,"Sugar, Flour, Baking","Sugar, Flour, Baking",Sainsbury's Granulated Sugar 1kg,1kg,£1.25/kg,1.25,,
Sainsbury's Local,"Sugar, Flour, Baking","Sugar, Flour, Baking",Sainsbury's Ground Almonds 200g,200g,£22.25/kg,4.45,,
Sainsbury's Local,"Sugar, Flour, Baking","Sugar, Flour, Baking",Sainsbury's Icing Sugar 500g,500g,£3.40/kg,1.70,,
Sainsbury's Local,"Sugar, Flour, Baking","Sugar, Flour, Baking",Sainsbury's Milk Chocolate Chips 100g,100g,£17.50/kg,1.75,,
Sainsbury's Local,"Sugar, Flour, Baking","Sugar, Flour, Baking",Sainsbury's Multicoloured 100's & 1000's 80g,80g,£20.63/kg,1.65,,
Sainsbury's Local,"Sugar, Flour, Baking","Sugar, Flour, Baking",Sainsbury's No Added Sugar Instant Custard 72g,72g,£15.97/kg,1.15,,
Sainsbury's Local,"Sugar, Flour, Baking","Sugar, Flour, Baking",Sainsbury's Non Stick Baking Paper,,,2.45,,
Sainsbury's Local,"Sugar, Flour, Baking","Sugar, Flour, Baking",Sainsbury's Pancake Mix 155g,155g,£8.39/kg,1.30,,
Sainsbury's Local,"Sugar, Flour, Baking","Sugar, Flour, Baking",Sainsbury's Strong Stoneground 100% Wholemeal Flour 1.5kg,1.5kg,£1.30/kg,1.95,,
Sainsbury's Local,"Sugar, Flour, Baking","Sugar, Flour, Baking",Sainsbury's Strong White Unbleached Bread Flour 1.5kg,1.5kg,£1.27/kg,1.90,,
Sainsbury's Local,"Sugar, Flour, Baking","Sugar, Flour, Baking",Sainsbury's Taste the Difference Madagascan Vanilla Extract 38ml,38ml,£84.21/L,3.20,,
Sainsbury's Local,"Sugar, Flour, Baking","Sugar, Flour, Baking",Sainsbury's White Caster Sugar 500g,500g,£2.90/kg,1.45,,
Sainsbury's Local,"Sugar, Flour, Baking","Sugar, Flour, Baking",Sainsbury's White Chocolate Chips 100g,100g,£17.50/kg,1.75,,
Sainsbury's Local,"Sugar, Flour, Baking","Sugar, Flour, Baking",Sweetex Calorie Free Sweeteners 600 Tablets,600pk,0.525p each,3.15,,
Sainsbury's Local,Table Sauces & Condiments,Hot Sauce,Cholula Original Hot Sauce 150ml,150ml,£21.67/L,3.25,,
Sainsbury's Local,Table Sauces & Condiments,Hot Sauce,Nando's Creamy Peri-Peri Sauce 125g,125g,£22.00/kg,2.75,,
Sainsbury's Local,Table Sauces & Condiments,Hot Sauce,Nando's Medium Peri-Peri Sauce 125g,125g,£26.00/kg,3.25,,
Sainsbury's Local,Table Sauces & Condiments,Hot Sauce,Sainsbury's Sweet Chilli Sauce 280g,280g,£9.46/kg,2.65,,
Sainsbury's Local,Table Sauces & Condiments,Hot Sauce,Tabasco Pepper Sauce 60ml,60ml,£55.83/L,3.35,,
Sainsbury's Local,Table Sauces & Condiments,Ketchup,Heinz 50% Less Sugar & Salt Tomato Ketchup 665g,665g,£7.97/kg,5.30,,
Sainsbury's Local,Table Sauces & Condiments,Ketchup,Heinz Top Down Ketchup 460g,460g,£5.43/kg,2.50,3.50,£1 off
Sainsbury's Local,Table Sauces & Condiments,Mayonnaise & Condiments,Branston Small Chunk Pickle 360g,360g,£8.61/kg,3.10,,
Sainsbury's Local,Table Sauces & Condiments,Mayonnaise & Condiments,Geeta's Premium Mango Chutney Medium 320g,320g,£10.31/kg,3.30,,
Sainsbury's Local,Table Sauces & Condiments,Mayonnaise & Condiments,Gefen Lite Mayo 946ml,946ml,£8.51/L,8.05,,
Sainsbury's Local,Table Sauces & Condiments,Mayonnaise & Condiments,Heinz Classic BBQ Sauce 480g,480g,£7.81/kg,3.75,,
Sainsbury's Local,Table Sauces & Condiments,Mayonnaise & Condiments,Heinz Garlic Mayonnaise 375g,400ml,£11.25/L,4.50,,
Sainsbury's Local,Table Sauces & Condiments,Mayonnaise & Condiments,Hellmann's Light Mayonnaise 430ml,430ml,£7.79/L,3.35,,
Sainsbury's Local,Table Sauces & Condiments,Mayonnaise & Condiments,Hellmann's Real Mayonnaise 580ml,580ml,£7.16/L,4.15,,
Sainsbury's Local,Table Sauces & Condiments,Mayonnaise & Condiments,Nando's Mild Peri-Peri Mayo 265g,265g,£12.83/kg,3.40,,
Sainsbury's Local,Table Sauces & Condiments,Mayonnaise & Condiments,Ocean Spray Smooth Cranberry Sauce 200g,200g,£12.25/kg,2.45,,
Sainsbury's Local,Table Sauces & Condiments,Mayonnaise & Condiments,"Sainsbury's Caramelised Onion Chutney, Taste the Difference 230g",215g,£11.86/kg,2.55,,
Sainsbury's Local,Table Sauces & Condiments,Mayonnaise & Condiments,Sainsbury's Cranberry Sauce 250ml,250ml,£4.60/L,1.15,,
Sainsbury's Local,Table Sauces & Condiments,Mayonnaise & Condiments,Sainsbury's Taste the Difference Chilli Jam 200g,200g,£12.75/kg,2.55,,
Sainsbury's Local,Table Sauces & Condiments,Mayonnaise & Condiments,"Sainsbury's Tomato & Chilli Chutney, Taste the Difference 220g",220g,£11.59/kg,2.55,,
Sainsbury's Local,Table Sauces & Condiments,Mayonnaise & Condiments,Thomy Mayonnaise 265g,265g,£12.26/kg,3.25,,
Sainsbury's Local,Table Sauces & Condiments,Mustard,Colman's Original English Mustard 170 g,170g,£17.35/kg,2.95,,
Sainsbury's Local,Table Sauces & Condiments,Offers,Heinz Top Down Ketchup 460g,460g,£5.43/kg,2.50,3.50,£1 off
Sainsbury's Local,Table Sauces & Condiments,Other Sauces,Amoy Dark Soy Sauce 150ml,150ml,£15.00/L,2.25,,
Sainsbury's Local,Table Sauces & Condiments,Other Sauces,Amoy Light Soy Sauce 150ml,150ml,£15.00/L,2.25,,
Sainsbury's Local,Table Sauces & Condiments,Other Sauces,Colman's Sauce Apple 155 ml,155ml,£16.77/L,2.60,,
Sainsbury's Local,Table Sauces & Condiments,Other Sauces,Colman's Sauce Horseradish 136 g,136g,£19.12/kg,2.60,,
Sainsbury's Local,Table Sauces & Condiments,Other Sauces,Colman's Sauce Mint 165 g,165g,£15.76/kg,2.60,,
Sainsbury's Local,Table Sauces & Condiments,Other Sauces,Colman's Sauce Tartare 144 g,144g,£18.06/kg,2.60,,
Sainsbury's Local,Table Sauces & Condiments,Other Sauces,HP Brown Sauce 450g,450g,£10.33/kg,4.65,,
Sainsbury's Local,Table Sauces & Condiments,Other Sauces,Kikkoman Tamari Gluten Free Soy Sauce 250ml,250ml,£14.60/L,3.65,,
Sainsbury's Local,Table Sauces & Condiments,Other Sauces,Lea and Perrins Worcester Sauce 150ml,150ml,£20.33/L,3.05,,
Sainsbury's Local,Table Sauces & Condiments,Other Sauces,Sainsbury's BBQ Sauce 500g,500g,£2.70/kg,1.35,,
Sainsbury's Local,Table Sauces & Condiments,Other Sauces,Sainsbury's Dark Soy Sauce 150ml,150ml,£5.67/L,0.85,,
Sainsbury's Local,Table Sauces & Condiments,Salad Dressings & Croutons,Heinz Salad Cream Original 425g,425g,£10.00/kg,4.25,,
Sainsbury's Local,Table Sauces & Condiments,Salad Dressings & Croutons,Osem Mini Croutons 400g,400g,£8.38/kg,3.35,,
Sainsbury's Local,Table Sauces & Condiments,Salad Dressings & Croutons,Pizza Express House Light Dressing 235ml,235ml,£16.60/L,3.90,,
Sainsbury's Local,Table Sauces & Condiments,Salad Dressings & Croutons,Sainsbury's Caesar Dressing 150ml,150ml,£11.33/L,1.70,,
Sainsbury's Local,Table Sauces & Condiments,Salad Dressings & Croutons,Sainsbury's Taste the Difference French Style Dressing 255ml,255ml,£12.55/L,3.20,,
Sainsbury's Local,Table Sauces & Condiments,Summer Eating,Cholula Original Hot Sauce 150ml,150ml,£21.67/L,3.25,,
Sainsbury's Local,Table Sauces & Condiments,Summer Eating,Heinz Top Down Ketchup 460g,460g,£5.43/kg,2.50,3.50,£1 off
Sainsbury's Local,Table Sauces & Condiments,Summer Eating,Hellmann's Real Mayonnaise 580ml,580ml,£7.16/L,4.15,,
Sainsbury's Local,Table Sauces & Condiments,Summer Eating,Nando's Medium Peri-Peri Sauce 125g,125g,£26.00/kg,3.25,,
Sainsbury's Local,Table Sauces & Condiments,Summer Eating,Nando's Mild Peri-Peri Mayo 265g,265g,£12.83/kg,3.40,,
Sainsbury's Local,Table Sauces & Condiments,Summer Eating,Pizza Express House Light Dressing 235ml,235ml,£16.60/L,3.90,,
Sainsbury's Local,Table Sauces & Condiments,Summer Eating,Sainsbury's BBQ Sauce 500g,500g,£2.70/kg,1.35,,
Sainsbury's Local,Table Sauces & Condiments,Table Sauces & Condiments,Amoy Dark Soy Sauce 150ml,150ml,£15.00/L,2.25,,
Sainsbury's Local,Table Sauces & Condiments,Table Sauces & Condiments,Amoy Light Soy Sauce 150ml,150ml,£15.00/L,2.25,,
Sainsbury's Local,Table Sauces & Condiments,Table Sauces & Condiments,Branston Small Chunk Pickle 360g,360g,£8.61/kg,3.10,,
Sainsbury's Local,Table Sauces & Condiments,Table Sauces & Condiments,Cholula Original Hot Sauce 150ml,150ml,£21.67/L,3.25,,
Sainsbury's Local,Table Sauces & Condiments,Table Sauces & Condiments,Colman's Original English Mustard 170 g,170g,£17.35/kg,2.95,,
Sainsbury's Local,Table Sauces & Condiments,Table Sauces & Condiments,Colman's Sauce Apple 155 ml,155ml,£16.77/L,2.60,,
Sainsbury's Local,Table Sauces & Condiments,Table Sauces & Condiments,Colman's Sauce Horseradish 136 g,136g,£19.12/kg,2.60,,
Sainsbury's Local,Table Sauces & Condiments,Table Sauces & Condiments,Colman's Sauce Mint 165 g,165g,£15.76/kg,2.60,,
Sainsbury's Local,Table Sauces & Condiments,Table Sauces & Condiments,Colman's Sauce Tartare 144 g,144g,£18.06/kg,2.60,,
Sainsbury's Local,Table Sauces & Condiments,Table Sauces & Condiments,Geeta's Premium Mango Chutney Medium 320g,320g,£10.31/kg,3.30,,
Sainsbury's Local,Table Sauces & Condiments,Table Sauces & Condiments,Gefen Lite Mayo 946ml,946ml,£8.51/L,8.05,,
Sainsbury's Local,Table Sauces & Condiments,Table Sauces & Condiments,HP Brown Sauce 450g,450g,£10.33/kg,4.65,,
Sainsbury's Local,Table Sauces & Condiments,Table Sauces & Condiments,Heinz 50% Less Sugar & Salt Tomato Ketchup 665g,665g,£7.97/kg,5.30,,
Sainsbury's Local,Table Sauces & Condiments,Table Sauces & Condiments,Heinz Classic BBQ Sauce 480g,480g,£7.81/kg,3.75,,
Sainsbury's Local,Table Sauces & Condiments,Table Sauces & Condiments,Heinz Garlic Mayonnaise 375g,400ml,£11.25/L,4.50,,
Sainsbury's Local,Table Sauces & Condiments,Table Sauces & Condiments,Heinz Salad Cream Original 425g,425g,£10.00/kg,4.25,,
Sainsbury's Local,Table Sauces & Condiments,Table Sauces & Condiments,Heinz Top Down Ketchup 460g,460g,£5.43/kg,2.50,3.50,£1 off
Sainsbury's Local,Table Sauces & Condiments,Table Sauces & Condiments,Hellmann's Light Mayonnaise 430ml,430ml,£7.79/L,3.35,,
Sainsbury's Local,Table Sauces & Condiments,Table Sauces & Condiments,Hellmann's Real Mayonnaise 580ml,580ml,£7.16/L,4.15,,
Sainsbury's Local,Table Sauces & Condiments,Table Sauces & Condiments,Kikkoman Tamari Gluten Free Soy Sauce 250ml,250ml,£14.60/L,3.65,,
Sainsbury's Local,Table Sauces & Condiments,Table Sauces & Condiments,Lea and Perrins Worcester Sauce 150ml,150ml,£20.33/L,3.05,,
Sainsbury's Local,Table Sauces & Condiments,Table Sauces & Condiments,Nando's Creamy Peri-Peri Sauce 125g,125g,£22.00/kg,2.75,,
Sainsbury's Local,Table Sauces & Condiments,Table Sauces & Condiments,Nando's Medium Peri-Peri Sauce 125g,125g,£26.00/kg,3.25,,
Sainsbury's Local,Table Sauces & Condiments,Table Sauces & Condiments,Nando's Mild Peri-Peri Mayo 265g,265g,£12.83/kg,3.40,,
Sainsbury's Local,Table Sauces & Condiments,Table Sauces & Condiments,Ocean Spray Smooth Cranberry Sauce 200g,200g,£12.25/kg,2.45,,
Sainsbury's Local,Table Sauces & Condiments,Table Sauces & Condiments,Osem Mini Croutons 400g,400g,£8.38/kg,3.35,,
Sainsbury's Local,Table Sauces & Condiments,Table Sauces & Condiments,Pizza Express House Light Dressing 235ml,235ml,£16.60/L,3.90,,
Sainsbury's Local,Table Sauces & Condiments,Table Sauces & Condiments,Sainsbury's BBQ Sauce 500g,500g,£2.70/kg,1.35,,
Sainsbury's Local,Table Sauces & Condiments,Table Sauces & Condiments,Sainsbury's Caesar Dressing 150ml,150ml,£11.33/L,1.70,,
Sainsbury's Local,Table Sauces & Condiments,Table Sauces & Condiments,"Sainsbury's Caramelised Onion Chutney, Taste the Difference 230g",215g,£11.86/kg,2.55,,
Sainsbury's Local,Table Sauces & Condiments,Table Sauces & Condiments,Sainsbury's Cranberry Sauce 250ml,250ml,£4.60/L,1.15,,
Sainsbury's Local,Table Sauces & Condiments,Table Sauces & Condiments,Sainsbury's Dark Soy Sauce 150ml,150ml,£5.67/L,0.85,,
Sainsbury's Local,Table Sauces & Condiments,Table Sauces & Condiments,Sainsbury's Sweet Chilli Sauce 280g,280g,£9.46/kg,2.65,,
Sainsbury's Local,Table Sauces & Condiments,Table Sauces & Condiments,Sainsbury's Taste the Difference Chilli Jam 200g,200g,£12.75/kg,2.55,,
Sainsbury's Local,Table Sauces & Condiments,Table Sauces & Condiments,Sainsbury's Taste the Difference French Style Dressing 255ml,255ml,£12.55/L,3.20,,
Sainsbury's Local,Table Sauces & Condiments,Table Sauces & Condiments,"Sainsbury's Tomato & Chilli Chutney, Taste the Difference 220g",220g,£11.59/kg,2.55,,
Sainsbury's Local,Table Sauces & Condiments,Table Sauces & Condiments,Tabasco Pepper Sauce 60ml,60ml,£55.83/L,3.35,,
Sainsbury's Local,Table Sauces & Condiments,Table Sauces & Condiments,Thomy Mayonnaise 265g,265g,£12.26/kg,3.25,,
Sainsbury's Local,Table Sauces & Condiments,Taste the Difference this Summer,Sainsbury's Taste the Difference French Style Dressing 255ml,255ml,£12.55/L,3.20,,
Sainsbury's Local,"Tea, Coffee, Hot Drinks",Autumn is here,Cadbury Drinking Hot Chocolate 500g,500g,£12.30/kg,6.15,,
Sainsbury's Local,"Tea, Coffee, Hot Drinks",Autumn is here,Cadbury Instant Hot Chocolate 28g,28g,£25.00/kg,0.70,,
Sainsbury's Local,"Tea, Coffee, Hot Drinks",Autumn is here,Cadbury Instant Hot Chocolate 300g,300g,£18.00/kg,5.40,,
Sainsbury's Local,"Tea, Coffee, Hot Drinks",Autumn is here,Galaxy Instant Hot Chocolate 370g,370g,£8.11/kg,3.00,4.40,£1.40 off
Sainsbury's Local,"Tea, Coffee, Hot Drinks",Autumn is here,Horlicks Instant 32g,32g,£17.19/kg,0.55,,
Sainsbury's Local,"Tea, Coffee, Hot Drinks",Autumn is here,Nescafe Double Choc Mocha 8 x 20.9g (167.2g),8pk,£16.75/kg,2.80,,
Sainsbury's Local,"Tea, Coffee, Hot Drinks",Autumn is here,Nescafe Latte 8 x 18g (144g),8pk,£19.44/kg,2.80,,
Sainsbury's Local,"Tea, Coffee, Hot Drinks",Autumn is here,Nescafé Vanilla Latte 8 x 18.5g (148g),8pk,£18.92/kg,2.80,,
Sainsbury's Local,"Tea, Coffee, Hot Drinks",Autumn is here,Options Belgian Choc 11g,11g,£63.64/kg,0.70,,
Sainsbury's Local,"Tea, Coffee, Hot Drinks",Autumn is here,Options Belgian Choc 220g,220g,£33.18/kg,7.30,,
Sainsbury's Local,"Tea, Coffee, Hot Drinks",Autumn is here,Ovaltine Original Light 300g,300g,£19.00/kg,5.70,,
Sainsbury's Local,"Tea, Coffee, Hot Drinks",Autumn is here,Starbucks Caramel Latte 5 x 23g (115g),5pk,£24.78/kg,2.85,,
Sainsbury's Local,"Tea, Coffee, Hot Drinks",Autumn is here,Tassimo Costa 6 Latte 167.4g,167.4g,£46.59/kg,7.80,,
Sainsbury's Local,"Tea, Coffee, Hot Drinks",Coffee,Azera Americano 140g,140g,£80.00/kg,11.20,,
Sainsbury's Local,"Tea, Coffee, Hot Drinks",Coffee,Azera Americano 90g,90g,£44.44/kg,4.00,8.00,£4 off
Sainsbury's Local,"Tea, Coffee, Hot Drinks",Coffee,Azera Americano Intense 90g,90g,£105.56/kg,9.50,,
Sainsbury's Local,"Tea, Coffee, Hot Drinks",Coffee,Azera Decaff Americano 90g,90g,£105.56/kg,9.50,,
Sainsbury's Local,"Tea, Coffee, Hot Drinks",Coffee,Cafédirect 4 Organic Machu Picchu Ground Coffee 200g,200g,£39.75/kg,7.95,,
Sainsbury's Local,"Tea, Coffee, Hot Drinks",Coffee,Dolce Gusto Americano 16 x 8.5g (136g),16pk,£51.47/kg,7.00,,
Sainsbury's Local,"Tea, Coffee, Hot Drinks",Coffee,Dolce Gusto Café Au Lait 16 x 10g (160g),16pk,£43.75/kg,7.00,,
Sainsbury's Local,"Tea, Coffee, Hot Drinks",Coffee,Douwe Egberts Pure Gold Medium Roast 190g,190g,£52.63/kg,10.00,,
Sainsbury's Local,"Tea, Coffee, Hot Drinks",Coffee,Douwe Egberts Pure Gold Medium Roast 95gr,95g,£73.16/kg,6.95,,
Sainsbury's Local,"Tea, Coffee, Hot Drinks",Coffee,Kenco Millicano Americano Barista Style Instant Coffee with Arabica Beans 90g,90g,£101.67/kg,9.15,,
Sainsbury's Local,"Tea, Coffee, Hot Drinks",Coffee,L'OR Classique 100g,100g,£98.00/kg,9.80,,
Sainsbury's Local,"Tea, Coffee, Hot Drinks",Coffee,L'OR Espresso 10 Lungo Profondo Aluminium Capsules 52g,52g,£109.62/kg,5.70,,
Sainsbury's Local,"Tea, Coffee, Hot Drinks",Coffee,Lavazza Qualità Rossa Coffee Beans 250g,250g,£32.60/kg,8.15,,
Sainsbury's Local,"Tea, Coffee, Hot Drinks",Coffee,Lavazza Qualità Rossa Ground Coffee 250g,250g,£32.00/kg,8.00,,
Sainsbury's Local,"Tea, Coffee, Hot Drinks",Coffee,Nescafe Cappuccino 8 x 15.5g (124g),8pk,£25.00/kg,3.10,,
Sainsbury's Local,"Tea, Coffee, Hot Drinks",Coffee,Nescafe Cappuccino Decaf Unsweetened Taste 7 x 15g (105g),7pk,£26.67/kg,2.80,,
Sainsbury's Local,"Tea, Coffee, Hot Drinks",Coffee,Nescafe Double Choc Mocha 8 x 20.9g (167.2g),8pk,£16.75/kg,2.80,,
Sainsbury's Local,"Tea, Coffee, Hot Drinks",Coffee,Nescafe Latte 8 x 18g (144g),8pk,£19.44/kg,2.80,,
Sainsbury's Local,"Tea, Coffee, Hot Drinks",Coffee,Nescafe Roastery Dark Roast 95g,95g,£86.32/kg,8.20,,
Sainsbury's Local,"Tea, Coffee, Hot Drinks",Coffee,Nescafé 3 in 1 Original 8 x 16g (128g),8pk,£14.06/kg,1.80,,
Sainsbury's Local,"Tea, Coffee, Hot Drinks",Coffee,Nescafé Alta Rica 95g,95g,£86.32/kg,8.20,,
Sainsbury's Local,"Tea, Coffee, Hot Drinks",Coffee,Nescafé Cap Colombia 95g,95g,£86.32/kg,8.20,,
Sainsbury's Local,"Tea, Coffee, Hot Drinks",Coffee,Nescafé Cappuccino Unsweetened Taste 7 x 14.2g (99.4g),7pk,£31.19/kg,3.10,,
Sainsbury's Local,"Tea, Coffee, Hot Drinks",Coffee,Nescafé Dolce Gusto Cappuccino 186.4g,186.4g,£37.55/kg,7.00,,
Sainsbury's Local,"Tea, Coffee, Hot Drinks",Coffee,Nescafé Espresso 95g,95g,£86.32/kg,8.20,,
Sainsbury's Local,"Tea, Coffee, Hot Drinks",Coffee,Nescafé Gold Blend 190g,190g,£57.63/kg,10.95,,
Sainsbury's Local,"Tea, Coffee, Hot Drinks",Coffee,Nescafé Gold Blend Decaf 190g,190g,£57.63/kg,10.95,,
Sainsbury's Local,"Tea, Coffee, Hot Drinks",Coffee,Nescafé Original 190g,190g,£44.74/kg,8.50,,
Sainsbury's Local,"Tea, Coffee, Hot Drinks",Coffee,Nescafé Vanilla Latte 8 x 18.5g (148g),8pk,£18.92/kg,2.80,,
Sainsbury's Local,"Tea, Coffee, Hot Drinks",Coffee,"Sainsbury's Fairtrade Colombian Beans Strength 3, Taste the Difference 227g",227g,£26.65/kg,6.05,,
Sainsbury's Local,"Tea, Coffee, Hot Drinks",Coffee,"Sainsbury's Fairtrade Colombian Coffee Strength 3, Taste the Difference 227g",227g,£26.43/kg,6.00,,
Sainsbury's Local,"Tea, Coffee, Hot Drinks",Coffee,"Sainsbury's Fairtrade Italian Style Coffee, Strength 4 227g",227g,£21.15/kg,4.80,,
Sainsbury's Local,"Tea, Coffee, Hot Drinks",Coffee,Sainsbury's Gold Roast Freeze Dried Instant Coffee 200g,200g,£18.00/kg,3.60,,
Sainsbury's Local,"Tea, Coffee, Hot Drinks",Coffee,Sainsbury's Rich Roast Instant Coffee Granules 200g,200g,£13.25/kg,2.65,,
Sainsbury's Local,"Tea, Coffee, Hot Drinks",Coffee,Starbucks Caramel Latte 5 x 23g (115g),5pk,£24.78/kg,2.85,,
Sainsbury's Local,"Tea, Coffee, Hot Drinks",Coffee,Starbucks Espresso Roast 57g,57g,£106.14/kg,6.05,,
Sainsbury's Local,"Tea, Coffee, Hot Drinks",Coffee,Starbucks House Blend Lungo 52g,52g,£116.35/kg,6.05,,
Sainsbury's Local,"Tea, Coffee, Hot Drinks",Coffee,Tassimo Costa 6 Latte 167.4g,167.4g,£46.59/kg,7.80,,
Sainsbury's Local,"Tea, Coffee, Hot Drinks",Coffee,Taylors of Harrogate 10 Rich Italian Enveloped Coffee Bags 75g,75g,£66.67/kg,5.00,,
Sainsbury's Local,"Tea, Coffee, Hot Drinks",Coffee,Taylors of Harrogate Lazy Sunday Ground Roast Coffee 200g,200g,£36.75/kg,7.35,,
Sainsbury's Local,"Tea, Coffee, Hot Drinks",Coffee,Taylors of Harrogate Rich Italian Ground Roast Coffee 200g,200g,£36.75/kg,7.35,,
Sainsbury's Local,"Tea, Coffee, Hot Drinks",Hot Chocolate,Cadbury Drinking Hot Chocolate 500g,500g,£12.30/kg,6.15,,
Sainsbury's Local,"Tea, Coffee, Hot Drinks",Hot Chocolate,Cadbury Instant Hot Chocolate 28g,28g,£25.00/kg,0.70,,
Sainsbury's Local,"Tea, Coffee, Hot Drinks",Hot Chocolate,Cadbury Instant Hot Chocolate 300g,300g,£18.00/kg,5.40,,
Sainsbury's Local,"Tea, Coffee, Hot Drinks",Hot Chocolate,Galaxy Instant Hot Chocolate 370g,370g,£8.11/kg,3.00,4.40,£1.40 off
Sainsbury's Local,"Tea, Coffee, Hot Drinks",Hot Chocolate,Horlicks Instant 32g,32g,£17.19/kg,0.55,,
Sainsbury's Local,"Tea, Coffee, Hot Drinks",Hot Chocolate,Options Belgian Choc 11g,11g,£63.64/kg,0.70,,
Sainsbury's Local,"Tea, Coffee, Hot Drinks",Hot Chocolate,Options Belgian Choc 220g,220g,£33.18/kg,7.30,,
Sainsbury's Local,"Tea, Coffee, Hot Drinks",Hot Chocolate,Ovaltine Original Light 300g,300g,£19.00/kg,5.70,,
Sainsbury's Local,"Tea, Coffee, Hot Drinks",In Store Prices,Sainsbury's Rich Roast Instant Coffee Granules 200g,200g,£13.25/kg,2.65,,
Sainsbury's Local,"Tea, Coffee, Hot Drinks",Offers,Azera Americano 90g,90g,£44.44/kg,4.00,8.00,£4 off
Sainsbury's Local,"Tea, Coffee, Hot Drinks",Offers,Galaxy Instant Hot Chocolate 370g,370g,£8.11/kg,3.00,4.40,£1.40 off
Sainsbury's Local,"Tea, Coffee, Hot Drinks",Offers,PG Tips 70 Decaf Tea Bags 203g,203g,£10.34/kg,2.10,3.30,£1.20 off
Sainsbury's Local,"Tea, Coffee, Hot Drinks",Offers,PG Tips Limited Edition 160 Original Tea Bags 464g,464g,£9.70/kg,4.50,5.40,£0.90 off
Sainsbury's Local,"Tea, Coffee, Hot Drinks",Tea,Drink Me Chai Spiced Chai Latte 250g,250g,£23.00/kg,5.75,,
Sainsbury's Local,"Tea, Coffee, Hot Drinks",Tea,PG Tips 240 Original Tea Bags 696g,696g,£12.72/kg,8.85,,
Sainsbury's Local,"Tea, Coffee, Hot Drinks",Tea,PG Tips 70 Decaf Tea Bags 203g,203g,£10.34/kg,2.10,3.30,£1.20 off
Sainsbury's Local,"Tea, Coffee, Hot Drinks",Tea,PG Tips Limited Edition 160 Original Tea Bags 464g,464g,£9.70/kg,4.50,5.40,£0.90 off
Sainsbury's Local,"Tea, Coffee, Hot Drinks",Tea,PG tips Original Pyramid Tea Bags 80,232g,£20.47/kg,4.75,,
Sainsbury's Local,"Tea, Coffee, Hot Drinks",Tea,"Pukka 20 Organic Night Time with Chamomile, Lavender & Valerian 20g",20g,£332.50/kg,6.65,,
Sainsbury's Local,"Tea, Coffee, Hot Drinks",Tea,"Pukka 20 Organic Wellbeing with Lemon, Ginger & a Touch of Manuka Honey 34g",34g,£195.59/kg,6.65,,
Sainsbury's Local,"Tea, Coffee, Hot Drinks",Tea,Sainsbury's 20 Peppermint Infusion Bags 40g,40g,£33.75/kg,1.35,,
Sainsbury's Local,"Tea, Coffee, Hot Drinks",Tea,Sainsbury's Decaffeinated Red Label 80 Tea Bags 250g,250g,£10.40/kg,2.60,,
Sainsbury's Local,"Tea, Coffee, Hot Drinks",Tea,Sainsbury's Red Label 80 Tea Bags 250g,250g,£7.60/kg,1.90,,
Sainsbury's Local,"Tea, Coffee, Hot Drinks",Tea,Sainsbury's Taste the Difference 50 Earl Grey Fine Tea Bags 125g,125g,£19.60/kg,2.45,,
Sainsbury's Local,"Tea, Coffee, Hot Drinks",Tea,Taylors of Harrogate Yorkshire Gold 80 Tea Bags 250g,250g,£23.60/kg,5.90,,
Sainsbury's Local,"Tea, Coffee, Hot Drinks",Tea,Taylors of Harrogate Yorkshire Tea Decaf 80 Tea Bags 250g,250g,£23.00/kg,5.75,,
Sainsbury's Local,"Tea, Coffee, Hot Drinks",Tea,Tetley 80 Original Tea Bags 250g,250g,£17.40/kg,4.35,,
Sainsbury's Local,"Tea, Coffee, Hot Drinks",Tea,Tick Tock The Original Rooibos Tea 80 Biodegradable Bags 180g,180g,£28.61/kg,5.15,,
Sainsbury's Local,"Tea, Coffee, Hot Drinks",Tea,Twinings 20 Pure Green Tea 50g,50g,£68.00/kg,3.40,,
Sainsbury's Local,"Tea, Coffee, Hot Drinks",Tea,Twinings 20 Superblends Sleep Spiced Apple & Vanilla with Camomile & Passionflowers 30g,30g,£161.67/kg,4.85,,
Sainsbury's Local,"Tea, Coffee, Hot Drinks",Tea,Twinings English Breakfast 40 Tea Bags 100g,100g,£40.00/kg,4.00,,
Sainsbury's Local,"Tea, Coffee, Hot Drinks",Tea,Twinings Lemon & Ginger 30g,30g,£125.00/kg,3.75,,
Sainsbury's Local,"Tea, Coffee, Hot Drinks",Tea,Twinings Pure Camomile 30g,30g,£125.00/kg,3.75,,
Sainsbury's Local,"Tea, Coffee, Hot Drinks",Tea,Twinings Pure Peppermint 40g,40g,£93.75/kg,3.75,,
Sainsbury's Local,"Tea, Coffee, Hot Drinks",Tea,Twinings The Earl Grey 40 Tea Bags 100g,100g,£38.00/kg,3.80,,
Sainsbury's Local,"Tea, Coffee, Hot Drinks",Tea,Yorkshire Tea 80 Tea Bags 250g,250g,£20.60/kg,5.15,,
Sainsbury's Local,"Tea, Coffee, Hot Drinks","Tea, Coffee, Hot Drinks",Azera Americano 140g,140g,£80.00/kg,11.20,,
Sainsbury's Local,"Tea, Coffee, Hot Drinks","Tea, Coffee, Hot Drinks",Azera Americano 90g,90g,£44.44/kg,4.00,8.00,£4 off
Sainsbury's Local,"Tea, Coffee, Hot Drinks","Tea, Coffee, Hot Drinks",Azera Americano Intense 90g,90g,£105.56/kg,9.50,,
Sainsbury's Local,"Tea, Coffee, Hot Drinks","Tea, Coffee, Hot Drinks",Azera Decaff Americano 90g,90g,£105.56/kg,9.50,,
Sainsbury's Local,"Tea, Coffee, Hot Drinks","Tea, Coffee, Hot Drinks",Cadbury Drinking Hot Chocolate 500g,500g,£12.30/kg,6.15,,
Sainsbury's Local,"Tea, Coffee, Hot Drinks","Tea, Coffee, Hot Drinks",Cadbury Instant Hot Chocolate 28g,28g,£25.00/kg,0.70,,
Sainsbury's Local,"Tea, Coffee, Hot Drinks","Tea, Coffee, Hot Drinks",Cadbury Instant Hot Chocolate 300g,300g,£18.00/kg,5.40,,
Sainsbury's Local,"Tea, Coffee, Hot Drinks","Tea, Coffee, Hot Drinks",Cafédirect 4 Organic Machu Picchu Ground Coffee 200g,200g,£39.75/kg,7.95,,
Sainsbury's Local,"Tea, Coffee, Hot Drinks","Tea, Coffee, Hot Drinks",Dolce Gusto Americano 16 x 8.5g (136g),16pk,£51.47/kg,7.00,,
Sainsbury's Local,"Tea, Coffee, Hot Drinks","Tea, Coffee, Hot Drinks",Dolce Gusto Café Au Lait 16 x 10g (160g),16pk,£43.75/kg,7.00,,
Sainsbury's Local,"Tea, Coffee, Hot Drinks","Tea, Coffee, Hot Drinks",Douwe Egberts Pure Gold Medium Roast 190g,190g,£52.63/kg,10.00,,
Sainsbury's Local,"Tea, Coffee, Hot Drinks","Tea, Coffee, Hot Drinks",Douwe Egberts Pure Gold Medium Roast 95gr,95g,£73.16/kg,6.95,,
Sainsbury's Local,"Tea, Coffee, Hot Drinks","Tea, Coffee, Hot Drinks",Drink Me Chai Spiced Chai Latte 250g,250g,£23.00/kg,5.75,,
Sainsbury's Local,"Tea, Coffee, Hot Drinks","Tea, Coffee, Hot Drinks",Galaxy Instant Hot Chocolate 370g,370g,£8.11/kg,3.00,4.40,£1.40 off
Sainsbury's Local,"Tea, Coffee, Hot Drinks","Tea, Coffee, Hot Drinks",Horlicks Instant 32g,32g,£17.19/kg,0.55,,
Sainsbury's Local,"Tea, Coffee, Hot Drinks","Tea, Coffee, Hot Drinks",Kenco Millicano Americano Barista Style Instant Coffee with Arabica Beans 90g,90g,£101.67/kg,9.15,,
Sainsbury's Local,"Tea, Coffee, Hot Drinks","Tea, Coffee, Hot Drinks",L'OR Classique 100g,100g,£98.00/kg,9.80,,
Sainsbury's Local,"Tea, Coffee, Hot Drinks","Tea, Coffee, Hot Drinks",L'OR Espresso 10 Lungo Profondo Aluminium Capsules 52g,52g,£109.62/kg,5.70,,
Sainsbury's Local,"Tea, Coffee, Hot Drinks","Tea, Coffee, Hot Drinks",Lavazza Qualità Rossa Coffee Beans 250g,250g,£32.60/kg,8.15,,
Sainsbury's Local,"Tea, Coffee, Hot Drinks","Tea, Coffee, Hot Drinks",Lavazza Qualità Rossa Ground Coffee 250g,250g,£32.00/kg,8.00,,
Sainsbury's Local,"Tea, Coffee, Hot Drinks","Tea, Coffee, Hot Drinks",Nescafe Cappuccino 8 x 15.5g (124g),8pk,£25.00/kg,3.10,,
Sainsbury's Local,"Tea, Coffee, Hot Drinks","Tea, Coffee, Hot Drinks",Nescafe Cappuccino Decaf Unsweetened Taste 7 x 15g (105g),7pk,£26.67/kg,2.80,,
Sainsbury's Local,"Tea, Coffee, Hot Drinks","Tea, Coffee, Hot Drinks",Nescafe Double Choc Mocha 8 x 20.9g (167.2g),8pk,£16.75/kg,2.80,,
Sainsbury's Local,"Tea, Coffee, Hot Drinks","Tea, Coffee, Hot Drinks",Nescafe Latte 8 x 18g (144g),8pk,£19.44/kg,2.80,,
Sainsbury's Local,"Tea, Coffee, Hot Drinks","Tea, Coffee, Hot Drinks",Nescafe Roastery Dark Roast 95g,95g,£86.32/kg,8.20,,
Sainsbury's Local,"Tea, Coffee, Hot Drinks","Tea, Coffee, Hot Drinks",Nescafé 3 in 1 Original 8 x 16g (128g),8pk,£14.06/kg,1.80,,
Sainsbury's Local,"Tea, Coffee, Hot Drinks","Tea, Coffee, Hot Drinks",Nescafé Alta Rica 95g,95g,£86.32/kg,8.20,,
Sainsbury's Local,"Tea, Coffee, Hot Drinks","Tea, Coffee, Hot Drinks",Nescafé Cap Colombia 95g,95g,£86.32/kg,8.20,,
Sainsbury's Local,"Tea, Coffee, Hot Drinks","Tea, Coffee, Hot Drinks",Nescafé Cappuccino Unsweetened Taste 7 x 14.2g (99.4g),7pk,£31.19/kg,3.10,,
Sainsbury's Local,"Tea, Coffee, Hot Drinks","Tea, Coffee, Hot Drinks",Nescafé Dolce Gusto Cappuccino 186.4g,186.4g,£37.55/kg,7.00,,
Sainsbury's Local,"Tea, Coffee, Hot Drinks","Tea, Coffee, Hot Drinks",Nescafé Espresso 95g,95g,£86.32/kg,8.20,,
Sainsbury's Local,"Tea, Coffee, Hot Drinks","Tea, Coffee, Hot Drinks",Nescafé Gold Blend 190g,190g,£57.63/kg,10.95,,
Sainsbury's Local,"Tea, Coffee, Hot Drinks","Tea, Coffee, Hot Drinks",Nescafé Gold Blend Decaf 190g,190g,£57.63/kg,10.95,,
Sainsbury's Local,"Tea, Coffee, Hot Drinks","Tea, Coffee, Hot Drinks",Nescafé Original 190g,190g,£44.74/kg,8.50,,
Sainsbury's Local,"Tea, Coffee, Hot Drinks","Tea, Coffee, Hot Drinks",Nescafé Vanilla Latte 8 x 18.5g (148g),8pk,£18.92/kg,2.80,,
Sainsbury's Local,"Tea, Coffee, Hot Drinks","Tea, Coffee, Hot Drinks",Options Belgian Choc 11g,11g,£63.64/kg,0.70,,
Sainsbury's Local,"Tea, Coffee, Hot Drinks","Tea, Coffee, Hot Drinks",Options Belgian Choc 220g,220g,£33.18/kg,7.30,,
Sainsbury's Local,"Tea, Coffee, Hot Drinks","Tea, Coffee, Hot Drinks",Ovaltine Original Light 300g,300g,£19.00/kg,5.70,,
Sainsbury's Local,"Tea, Coffee, Hot Drinks","Tea, Coffee, Hot Drinks",PG Tips 240 Original Tea Bags 696g,696g,£12.72/kg,8.85,,
Sainsbury's Local,"Tea, Coffee, Hot Drinks","Tea, Coffee, Hot Drinks",PG Tips 70 Decaf Tea Bags 203g,203g,£10.34/kg,2.10,3.30,£1.20 off
Sainsbury's Local,"Tea, Coffee, Hot Drinks","Tea, Coffee, Hot Drinks",PG Tips Limited Edition 160 Original Tea Bags 464g,464g,£9.70/kg,4.50,5.40,£0.90 off
Sainsbury's Local,"Tea, Coffee, Hot Drinks","Tea, Coffee, Hot Drinks",PG tips Original Pyramid Tea Bags 80,232g,£20.47/kg,4.75,,
Sainsbury's Local,"Tea, Coffee, Hot Drinks","Tea, Coffee, Hot Drinks","Pukka 20 Organic Night Time with Chamomile, Lavender & Valerian 20g",20g,£332.50/kg,6.65,,
Sainsbury's Local,"Tea, Coffee, Hot Drinks","Tea, Coffee, Hot Drinks","Pukka 20 Organic Wellbeing with Lemon, Ginger & a Touch of Manuka Honey 34g",34g,£195.59/kg,6.65,,
Sainsbury's Local,"Tea, Coffee, Hot Drinks","Tea, Coffee, Hot Drinks",Sainsbury's 20 Peppermint Infusion Bags 40g,40g,£33.75/kg,1.35,,
Sainsbury's Local,"Tea, Coffee, Hot Drinks","Tea, Coffee, Hot Drinks",Sainsbury's Decaffeinated Red Label 80 Tea Bags 250g,250g,£10.40/kg,2.60,,
Sainsbury's Local,"Tea, Coffee, Hot Drinks","Tea, Coffee, Hot Drinks","Sainsbury's Fairtrade Colombian Beans Strength 3, Taste the Difference 227g",227g,£26.65/kg,6.05,,
Sainsbury's Local,"Tea, Coffee, Hot Drinks","Tea, Coffee, Hot Drinks","Sainsbury's Fairtrade Colombian Coffee Strength 3, Taste the Difference 227g",227g,£26.43/kg,6.00,,
Sainsbury's Local,"Tea, Coffee, Hot Drinks","Tea, Coffee, Hot Drinks","Sainsbury's Fairtrade Italian Style Coffee, Strength 4 227g",227g,£21.15/kg,4.80,,
Sainsbury's Local,"Tea, Coffee, Hot Drinks","Tea, Coffee, Hot Drinks",Sainsbury's Gold Roast Freeze Dried Instant Coffee 200g,200g,£18.00/kg,3.60,,
Sainsbury's Local,"Tea, Coffee, Hot Drinks","Tea, Coffee, Hot Drinks",Sainsbury's Red Label 80 Tea Bags 250g,250g,£7.60/kg,1.90,,
Sainsbury's Local,"Tea, Coffee, Hot Drinks","Tea, Coffee, Hot Drinks",Sainsbury's Rich Roast Instant Coffee Granules 200g,200g,£13.25/kg,2.65,,
Sainsbury's Local,"Tea, Coffee, Hot Drinks","Tea, Coffee, Hot Drinks",Sainsbury's Taste the Difference 50 Earl Grey Fine Tea Bags 125g,125g,£19.60/kg,2.45,,
Sainsbury's Local,"Tea, Coffee, Hot Drinks","Tea, Coffee, Hot Drinks",Starbucks Caramel Latte 5 x 23g (115g),5pk,£24.78/kg,2.85,,
Sainsbury's Local,"Tea, Coffee, Hot Drinks","Tea, Coffee, Hot Drinks",Starbucks Espresso Roast 57g,57g,£106.14/kg,6.05,,
Sainsbury's Local,"Tea, Coffee, Hot Drinks","Tea, Coffee, Hot Drinks",Starbucks House Blend Lungo 52g,52g,£116.35/kg,6.05,,
Sainsbury's Local,"Tea, Coffee, Hot Drinks","Tea, Coffee, Hot Drinks",Tassimo Costa 6 Latte 167.4g,167.4g,£46.59/kg,7.80,,
Sainsbury's Local,"Tea, Coffee, Hot Drinks","Tea, Coffee, Hot Drinks",Taylors of Harrogate 10 Rich Italian Enveloped Coffee Bags 75g,75g,£66.67/kg,5.00,,
Sainsbury's Local,"Tea, Coffee, Hot Drinks","Tea, Coffee, Hot Drinks",Taylors of Harrogate Lazy Sunday Ground Roast Coffee 200g,200g,£36.75/kg,7.35,,
Sainsbury's Local,"Tea, Coffee, Hot Drinks","Tea, Coffee, Hot Drinks",Taylors of Harrogate Rich Italian Ground Roast Coffee 200g,200g,£36.75/kg,7.35,,
Sainsbury's Local,"Tea, Coffee, Hot Drinks","Tea, Coffee, Hot Drinks",Taylors of Harrogate Yorkshire Gold 80 Tea Bags 250g,250g,£23.60/kg,5.90,,
Sainsbury's Local,"Tea, Coffee, Hot Drinks","Tea, Coffee, Hot Drinks",Taylors of Harrogate Yorkshire Tea Decaf 80 Tea Bags 250g,250g,£23.00/kg,5.75,,
Sainsbury's Local,"Tea, Coffee, Hot Drinks","Tea, Coffee, Hot Drinks",Tetley 80 Original Tea Bags 250g,250g,£17.40/kg,4.35,,
Sainsbury's Local,"Tea, Coffee, Hot Drinks","Tea, Coffee, Hot Drinks",Tick Tock The Original Rooibos Tea 80 Biodegradable Bags 180g,180g,£28.61/kg,5.15,,
Sainsbury's Local,"Tea, Coffee, Hot Drinks","Tea, Coffee, Hot Drinks",Twinings 20 Pure Green Tea 50g,50g,£68.00/kg,3.40,,
Sainsbury's Local,"Tea, Coffee, Hot Drinks","Tea, Coffee, Hot Drinks",Twinings 20 Superblends Sleep Spiced Apple & Vanilla with Camomile & Passionflowers 30g,30g,£161.67/kg,4.85,,
Sainsbury's Local,"Tea, Coffee, Hot Drinks","Tea, Coffee, Hot Drinks",Twinings English Breakfast 40 Tea Bags 100g,100g,£40.00/kg,4.00,,
Sainsbury's Local,"Tea, Coffee, Hot Drinks","Tea, Coffee, Hot Drinks",Twinings Lemon & Ginger 30g,30g,£125.00/kg,3.75,,
Sainsbury's Local,"Tea, Coffee, Hot Drinks","Tea, Coffee, Hot Drinks",Twinings Pure Camomile 30g,30g,£125.00/kg,3.75,,
Sainsbury's Local,"Tea, Coffee, Hot Drinks","Tea, Coffee, Hot Drinks",Twinings Pure Peppermint 40g,40g,£93.75/kg,3.75,,
Sainsbury's Local,"Tea, Coffee, Hot Drinks","Tea, Coffee, Hot Drinks",Twinings The Earl Grey 40 Tea Bags 100g,100g,£38.00/kg,3.80,,
Sainsbury's Local,"Tea, Coffee, Hot Drinks","Tea, Coffee, Hot Drinks",Yorkshire Tea 80 Tea Bags 250g,250g,£20.60/kg,5.15,,
Sainsbury's Local,Tins & Cans,Baked Beans,Heinz Baked Beans & Richmond Pork Sausages 415G,415g,£4.46/kg,1.85,2.20,£0.35 off
Sainsbury's Local,Tins & Cans,Baked Beans,Heinz Baked Beans 415g,415g,£4.70/kg,1.95,,
Sainsbury's Local,Tins & Cans,Baked Beans,Heinz Baked Beans Snap Pots 4 x 200g,4pk,£5.44/kg,4.35,,
Sainsbury's Local,Tins & Cans,Baked Beans,Heinz Beanz in a Rich Tomato Sauce 415g,415g,£4.70/kg,1.95,,
Sainsbury's Local,Tins & Cans,Baked Beans,Heinz Tinned Baked Beans 200g,200g,£7.00/kg,1.40,,
Sainsbury's Local,Tins & Cans,Baked Beans,Sainsbury's Baked Beans in Tasty Tomato Sauce 400g,400g,£1.38/kg,0.55,,
Sainsbury's Local,Tins & Cans,Baked Beans,Sainsbury's Reduced Sugar & Salt Baked Beans in Tasty Tomato Sauce 215g,215g,£1.63/kg,0.35,,
Sainsbury's Local,Tins & Cans,In Store Prices,Sainsbury's Coconut Cream 250ml,250ml,£9.20/L,2.30,,
Sainsbury's Local,Tins & Cans,Midweek Meals Made Easy,Old El Paso Refried Beans 435g,435g,£7.24/kg,3.15,,
Sainsbury's Local,Tins & Cans,Midweek Meals Made Easy,Sainsbury's Italian Passata 500g,500g,£1.70/kg,0.85,,
Sainsbury's Local,Tins & Cans,Offers,Heinz Baked Beans & Richmond Pork Sausages 415G,415g,£4.46/kg,1.85,2.20,£0.35 off
Sainsbury's Local,Tins & Cans,Offers,Sainsbury's Taste the Difference Sunsoaked Tomatoes 230g,230g,£21.74/kg,5.00,,3 for £10
Sainsbury's Local,Tins & Cans,Other Tinned & Pickled Food,Blue Dragon Coconut Milk 400ml,400ml,£7.50/L,3.00,,
Sainsbury's Local,Tins & Cans,Other Tinned & Pickled Food,Del Monte Fruit Cocktail in Juice 415g,415g,£4.10/kg,1.70,,
Sainsbury's Local,Tins & Cans,Other Tinned & Pickled Food,Heinz Spaghetti 400g,400g,£4.25/kg,1.70,,
Sainsbury's Local,Tins & Cans,Other Tinned & Pickled Food,Heinz Spaghetti Hoops 205g,205g,£5.85/kg,1.20,,
Sainsbury's Local,Tins & Cans,Other Tinned & Pickled Food,KTC Coconut Milk 400ml,400ml,£4.38/L,1.75,,
Sainsbury's Local,Tins & Cans,Other Tinned & Pickled Food,Mrs Elswood Cornichons 215g,215g,£9.53/kg,2.05,,
Sainsbury's Local,Tins & Cans,Other Tinned & Pickled Food,Mrs Elswood Whole Sweet Gherkins 670g,670g,£4.70/kg,3.15,,
Sainsbury's Local,Tins & Cans,Other Tinned & Pickled Food,Old El Paso Jalapeños 215g,215g,£11.63/kg,2.50,,
Sainsbury's Local,Tins & Cans,Other Tinned & Pickled Food,Sainsbury's Coconut Cream 250ml,250ml,£9.20/L,2.30,,
Sainsbury's Local,Tins & Cans,Other Tinned & Pickled Food,Sainsbury's Glace Cherries 200g,200g,£17.25/kg,3.45,,
Sainsbury's Local,Tins & Cans,Other Tinned & Pickled Food,Sainsbury's Inspired to Cook Capucine Capers 198g (125g*),198g,£13.13/kg,2.60,,
Sainsbury's Local,Tins & Cans,Other Tinned & Pickled Food,Sainsbury's Pickled Cornichons in Vinegar 340g (180g*),180g,£11.39/kg,2.05,,
Sainsbury's Local,Tins & Cans,Other Tinned & Pickled Food,Sainsbury's Pickled Gherkins in Vinegar 340g (170g*),170g,£10.88/kg,1.85,,
Sainsbury's Local,Tins & Cans,Other Tinned & Pickled Food,Sainsbury's Pickled Onions in Vinegar 440g (200g*),440g,£3.52/kg,1.55,,
Sainsbury's Local,Tins & Cans,Other Tinned & Pickled Food,Sainsbury's Prunes in Fruit Juice 410g,235g,£6.81/kg,1.60,,
Sainsbury's Local,Tins & Cans,Other Tinned & Pickled Food,Sainsbury's Sliced Pickled Beetroot in Vinegar 340g (215g*),200g,£7.50/kg,1.50,,
Sainsbury's Local,Tins & Cans,Other Tinned & Pickled Food,Spam Chopped Pork and Ham 340g,340g,£13.97/kg,4.75,,
Sainsbury's Local,Tins & Cans,Other Tinned & Pickled Food,Wikinger 8 Hot Dogs 550g,550g,£5.55/kg,3.05,,
Sainsbury's Local,Tins & Cans,Summer Eating,Sainsbury's Pickled Gherkins in Vinegar 340g (170g*),170g,£10.88/kg,1.85,,
Sainsbury's Local,Tins & Cans,Tinned Fish & Seafood,Princes Tuna Chunks in Spring Water 4 x 145g,4pk,£9.91/kg,5.75,,
Sainsbury's Local,Tins & Cans,Tinned Fish & Seafood,Sainsbury's Anchovy Fillets in Olive Oil 50g,50g,£40.00/kg,2.00,,
Sainsbury's Local,Tins & Cans,Tinned Fish & Seafood,Sainsbury's Mackerel Fillets in Olive Oil 125g,125g,£14.00/kg,1.75,,
Sainsbury's Local,Tins & Cans,Tinned Fish & Seafood,Sainsbury's Mackerel Fillets in Tomato Sauce 125g,125g,£14.00/kg,1.75,,
Sainsbury's Local,Tins & Cans,Tinned Fish & Seafood,Sainsbury's Sardines in Spring Water 120g,120g,£6.67/kg,0.80,,
Sainsbury's Local,Tins & Cans,Tinned Fish & Seafood,Sainsbury's Sardines in Sunflower Oil 120g,120g,£6.67/kg,0.80,,
Sainsbury's Local,Tins & Cans,Tinned Fish & Seafood,Sainsbury's Sardines in Tomato Sauce 120g,120g,£6.67/kg,0.80,,
Sainsbury's Local,Tins & Cans,Tinned Fish & Seafood,Sainsbury's Tuna Chunks in Spring Water 145g,145g,£8.28/kg,1.20,,
Sainsbury's Local,Tins & Cans,Tinned Fish & Seafood,Sainsbury's Tuna Chunks in Sunflower Oil 145g,145g,£8.28/kg,1.20,,
Sainsbury's Local,Tins & Cans,Tinned Fish & Seafood,Sainsbury's Tuna Steak with Brine 120g,120g,£20.42/kg,2.45,,
Sainsbury's Local,Tins & Cans,Tinned Fish & Seafood,Sainsbury's Tuna Steak with Spring Water 120g,120g,£20.42/kg,2.45,,
Sainsbury's Local,Tins & Cans,Tinned Fish & Seafood,Sainsbury's Tuna Steak with Sunflower Oil 120g,120g,£20.42/kg,2.45,,
Sainsbury's Local,Tins & Cans,Tinned Fish & Seafood,Sainsbury's Wild Pacific Pink Salmon 212g,212g,£9.67/kg,2.05,,
Sainsbury's Local,Tins & Cans,Tinned Soup,Batchelors Cup a Soup 4 Chicken & Vegetable with Croutons Sachets 110g,110g,£19.55/kg,2.15,,
Sainsbury's Local,Tins & Cans,Tinned Soup,Batchelors Cup a Soup 4 Cream of Vegetable with Croutons Sachets 122g,122g,£17.62/kg,2.15,,
Sainsbury's Local,Tins & Cans,Tinned Soup,Baxters Chicken Broth 400g,400g,£6.88/kg,2.75,,
Sainsbury's Local,Tins & Cans,Tinned Soup,Heinz Cream of Chicken Soup 400g,400g,£5.88/kg,2.35,,
Sainsbury's Local,Tins & Cans,Tinned Soup,Heinz Cream of Mushroom Soup 400g,400g,£5.88/kg,2.35,,
Sainsbury's Local,Tins & Cans,Tinned Soup,Heinz Cream of Tomato Cup Soup 88g,22g,£90.91/kg,2.00,,
Sainsbury's Local,Tins & Cans,Tinned Soup,Heinz Cream of Tomato Soup 400g,400g,£5.88/kg,2.35,,
Sainsbury's Local,Tins & Cans,Tinned Soup,Heinz Cream of Tomato Tinned Soup 4 x 400g,400g,£13.13/kg,5.25,,
Sainsbury's Local,Tins & Cans,Tinned Soup,Heinz Vegetable Soup 400g,400g,£5.88/kg,2.35,,
Sainsbury's Local,Tins & Cans,Tinned Soup,Sainsbury's Cream Of Tomato Soup 400g,400g,£2.38/kg,0.95,,
Sainsbury's Local,Tins & Cans,Tinned Soup,Yutaka Classic Miso Soup Paste 5 Sachets 90g,90g,£47.22/kg,4.25,,
Sainsbury's Local,Tins & Cans,Tinned Tomatoes & Puree,KTC Chopped Tomatoes in Tomato Juice 400g,400g,£2.00/kg,0.80,,
Sainsbury's Local,Tins & Cans,Tinned Tomatoes & Puree,Napolina Chopped Tomatoes in a Rich Tomato Juice 400g,400g,£3.50/kg,1.40,,
Sainsbury's Local,Tins & Cans,Tinned Tomatoes & Puree,Sainsbury's Inspired to Cook Sun-Dried Tomatoes 280g,280g,£12.86/kg,3.60,,
Sainsbury's Local,Tins & Cans,Tinned Tomatoes & Puree,Sainsbury's Italian Chopped Tomatoes 4 × 400g,4pk,£1.69/kg,2.70,,
Sainsbury's Local,Tins & Cans,Tinned Tomatoes & Puree,Sainsbury's Italian Chopped Tomatoes with Basil & Oregano 390g,390g,£2.95/kg,1.15,,
Sainsbury's Local,Tins & Cans,Tinned Tomatoes & Puree,Sainsbury's Italian Passata 500g,500g,£1.70/kg,0.85,,
Sainsbury's Local,Tins & Cans,Tinned Tomatoes & Puree,Sainsbury's Italian Plum Tomatoes in Tomato Juice 400g,400g,£1.88/kg,0.75,,
Sainsbury's Local,Tins & Cans,Tinned Tomatoes & Puree,Sainsbury's SO Organic Italian Chopped Tomatoes in Tomato Juice 400g,400g,£4.75/kg,1.90,,
Sainsbury's Local,Tins & Cans,Tinned Tomatoes & Puree,Sainsbury's Taste the Difference Italian Pomodorini Cherry Tomatoes in Rich Tomato Juice 400g,400g,£4.38/kg,1.75,,
Sainsbury's Local,Tins & Cans,Tinned Tomatoes & Puree,Tuscanini Crushed Tomatoes 700g,700g,£5.79/kg,4.05,,
Sainsbury's Local,Tins & Cans,"Tinned Vegetables, Beans & Pulses",Batchelors Original Mushy Peas 300g,300g,£3.00/kg,0.90,,
Sainsbury's Local,Tins & Cans,"Tinned Vegetables, Beans & Pulses",Bold Bean Co Queen Chickpeas 570g,570g,£6.84/kg,3.90,,
Sainsbury's Local,Tins & Cans,"Tinned Vegetables, Beans & Pulses",Farrow's Giant Marrowfat Peas 300g,300g,£3.67/kg,1.10,,
Sainsbury's Local,Tins & Cans,"Tinned Vegetables, Beans & Pulses",Green Giant Original 198g,198g,£6.31/kg,1.25,,
Sainsbury's Local,Tins & Cans,"Tinned Vegetables, Beans & Pulses",KTC Chick Peas in Salted Water 400g,400g,£2.00/kg,0.80,,
Sainsbury's Local,Tins & Cans,"Tinned Vegetables, Beans & Pulses",Old El Paso Refried Beans 435g,435g,£7.24/kg,3.15,,
Sainsbury's Local,Tins & Cans,"Tinned Vegetables, Beans & Pulses",Sainsbury's Baby Carrots In Water 300g (180g*),195g,£3.59/kg,0.70,,
Sainsbury's Local,Tins & Cans,"Tinned Vegetables, Beans & Pulses",Sainsbury's Black Beans in Water 400g (235g*),235g,£2.98/kg,0.70,,
Sainsbury's Local,Tins & Cans,"Tinned Vegetables, Beans & Pulses",Sainsbury's Garden Peas In Water 300g (185g*),185g,£4.86/kg,0.90,,
Sainsbury's Local,Tins & Cans,"Tinned Vegetables, Beans & Pulses",Sainsbury's Green Lentils in Water 400g,400g,£2.00/kg,0.80,,
Sainsbury's Local,Tins & Cans,"Tinned Vegetables, Beans & Pulses",Sainsbury's Peeled New Potatoes in Water 300g,300g,£3.67/kg,1.10,,
Sainsbury's Local,Tins & Cans,"Tinned Vegetables, Beans & Pulses",Sainsbury's Taste the Difference Sunsoaked Tomatoes 230g,230g,£21.74/kg,5.00,,3 for £10
Sainsbury's Local,Tins & Cans,Tins & Cans,Batchelors Cup a Soup 4 Chicken & Vegetable with Croutons Sachets 110g,110g,£19.55/kg,2.15,,
Sainsbury's Local,Tins & Cans,Tins & Cans,Batchelors Cup a Soup 4 Cream of Vegetable with Croutons Sachets 122g,122g,£17.62/kg,2.15,,
Sainsbury's Local,Tins & Cans,Tins & Cans,Batchelors Original Mushy Peas 300g,300g,£3.00/kg,0.90,,
Sainsbury's Local,Tins & Cans,Tins & Cans,Baxters Chicken Broth 400g,400g,£6.88/kg,2.75,,
Sainsbury's Local,Tins & Cans,Tins & Cans,Blue Dragon Coconut Milk 400ml,400ml,£7.50/L,3.00,,
Sainsbury's Local,Tins & Cans,Tins & Cans,Bold Bean Co Queen Chickpeas 570g,570g,£6.84/kg,3.90,,
Sainsbury's Local,Tins & Cans,Tins & Cans,Del Monte Fruit Cocktail in Juice 415g,415g,£4.10/kg,1.70,,
Sainsbury's Local,Tins & Cans,Tins & Cans,Farrow's Giant Marrowfat Peas 300g,300g,£3.67/kg,1.10,,
Sainsbury's Local,Tins & Cans,Tins & Cans,Green Giant Original 198g,198g,£6.31/kg,1.25,,
Sainsbury's Local,Tins & Cans,Tins & Cans,Heinz Baked Beans & Richmond Pork Sausages 415G,415g,£4.46/kg,1.85,2.20,£0.35 off
Sainsbury's Local,Tins & Cans,Tins & Cans,Heinz Baked Beans 415g,415g,£4.70/kg,1.95,,
Sainsbury's Local,Tins & Cans,Tins & Cans,Heinz Baked Beans Snap Pots 4 x 200g,4pk,£5.44/kg,4.35,,
Sainsbury's Local,Tins & Cans,Tins & Cans,Heinz Beanz in a Rich Tomato Sauce 415g,415g,£4.70/kg,1.95,,
Sainsbury's Local,Tins & Cans,Tins & Cans,Heinz Cream of Chicken Soup 400g,400g,£5.88/kg,2.35,,
Sainsbury's Local,Tins & Cans,Tins & Cans,Heinz Cream of Mushroom Soup 400g,400g,£5.88/kg,2.35,,
Sainsbury's Local,Tins & Cans,Tins & Cans,Heinz Cream of Tomato Cup Soup 88g,22g,£90.91/kg,2.00,,
Sainsbury's Local,Tins & Cans,Tins & Cans,Heinz Cream of Tomato Soup 400g,400g,£5.88/kg,2.35,,
Sainsbury's Local,Tins & Cans,Tins & Cans,Heinz Cream of Tomato Tinned Soup 4 x 400g,400g,£13.13/kg,5.25,,
Sainsbury's Local,Tins & Cans,Tins & Cans,Heinz Spaghetti 400g,400g,£4.25/kg,1.70,,
Sainsbury's Local,Tins & Cans,Tins & Cans,Heinz Spaghetti Hoops 205g,205g,£5.85/kg,1.20,,
Sainsbury's Local,Tins & Cans,Tins & Cans,Heinz Tinned Baked Beans 200g,200g,£7.00/kg,1.40,,
Sainsbury's Local,Tins & Cans,Tins & Cans,Heinz Vegetable Soup 400g,400g,£5.88/kg,2.35,,
Sainsbury's Local,Tins & Cans,Tins & Cans,KTC Chick Peas in Salted Water 400g,400g,£2.00/kg,0.80,,
Sainsbury's Local,Tins & Cans,Tins & Cans,KTC Chopped Tomatoes in Tomato Juice 400g,400g,£2.00/kg,0.80,,
Sainsbury's Local,Tins & Cans,Tins & Cans,KTC Coconut Milk 400ml,400ml,£4.38/L,1.75,,
Sainsbury's Local,Tins & Cans,Tins & Cans,Mrs Elswood Cornichons 215g,215g,£9.53/kg,2.05,,
Sainsbury's Local,Tins & Cans,Tins & Cans,Mrs Elswood Whole Sweet Gherkins 670g,670g,£4.70/kg,3.15,,
Sainsbury's Local,Tins & Cans,Tins & Cans,Napolina Chopped Tomatoes in a Rich Tomato Juice 400g,400g,£3.50/kg,1.40,,
Sainsbury's Local,Tins & Cans,Tins & Cans,Old El Paso Jalapeños 215g,215g,£11.63/kg,2.50,,
Sainsbury's Local,Tins & Cans,Tins & Cans,Old El Paso Refried Beans 435g,435g,£7.24/kg,3.15,,
Sainsbury's Local,Tins & Cans,Tins & Cans,Princes Tuna Chunks in Spring Water 4 x 145g,4pk,£9.91/kg,5.75,,
Sainsbury's Local,Tins & Cans,Tins & Cans,Sainsbury's Anchovy Fillets in Olive Oil 50g,50g,£40.00/kg,2.00,,
Sainsbury's Local,Tins & Cans,Tins & Cans,Sainsbury's Baby Carrots In Water 300g (180g*),195g,£3.59/kg,0.70,,
Sainsbury's Local,Tins & Cans,Tins & Cans,Sainsbury's Baked Beans in Tasty Tomato Sauce 400g,400g,£1.38/kg,0.55,,
Sainsbury's Local,Tins & Cans,Tins & Cans,Sainsbury's Black Beans in Water 400g (235g*),235g,£2.98/kg,0.70,,
Sainsbury's Local,Tins & Cans,Tins & Cans,Sainsbury's Coconut Cream 250ml,250ml,£9.20/L,2.30,,
Sainsbury's Local,Tins & Cans,Tins & Cans,Sainsbury's Cream Of Tomato Soup 400g,400g,£2.38/kg,0.95,,
Sainsbury's Local,Tins & Cans,Tins & Cans,Sainsbury's Garden Peas In Water 300g (185g*),185g,£4.86/kg,0.90,,
Sainsbury's Local,Tins & Cans,Tins & Cans,Sainsbury's Glace Cherries 200g,200g,£17.25/kg,3.45,,
Sainsbury's Local,Tins & Cans,Tins & Cans,Sainsbury's Green Lentils in Water 400g,400g,£2.00/kg,0.80,,
Sainsbury's Local,Tins & Cans,Tins & Cans,Sainsbury's Inspired to Cook Capucine Capers 198g (125g*),198g,£13.13/kg,2.60,,
Sainsbury's Local,Tins & Cans,Tins & Cans,Sainsbury's Inspired to Cook Sun-Dried Tomatoes 280g,280g,£12.86/kg,3.60,,
Sainsbury's Local,Tins & Cans,Tins & Cans,Sainsbury's Italian Chopped Tomatoes 4 × 400g,4pk,£1.69/kg,2.70,,
Sainsbury's Local,Tins & Cans,Tins & Cans,Sainsbury's Italian Chopped Tomatoes with Basil & Oregano 390g,390g,£2.95/kg,1.15,,
Sainsbury's Local,Tins & Cans,Tins & Cans,Sainsbury's Italian Passata 500g,500g,£1.70/kg,0.85,,
Sainsbury's Local,Tins & Cans,Tins & Cans,Sainsbury's Italian Plum Tomatoes in Tomato Juice 400g,400g,£1.88/kg,0.75,,
Sainsbury's Local,Tins & Cans,Tins & Cans,Sainsbury's Mackerel Fillets in Olive Oil 125g,125g,£14.00/kg,1.75,,
Sainsbury's Local,Tins & Cans,Tins & Cans,Sainsbury's Mackerel Fillets in Tomato Sauce 125g,125g,£14.00/kg,1.75,,
Sainsbury's Local,Tins & Cans,Tins & Cans,Sainsbury's Peeled New Potatoes in Water 300g,300g,£3.67/kg,1.10,,
Sainsbury's Local,Tins & Cans,Tins & Cans,Sainsbury's Pickled Cornichons in Vinegar 340g (180g*),180g,£11.39/kg,2.05,,
Sainsbury's Local,Tins & Cans,Tins & Cans,Sainsbury's Pickled Gherkins in Vinegar 340g (170g*),170g,£10.88/kg,1.85,,
Sainsbury's Local,Tins & Cans,Tins & Cans,Sainsbury's Pickled Onions in Vinegar 440g (200g*),440g,£3.52/kg,1.55,,
Sainsbury's Local,Tins & Cans,Tins & Cans,Sainsbury's Prunes in Fruit Juice 410g,235g,£6.81/kg,1.60,,
Sainsbury's Local,Tins & Cans,Tins & Cans,Sainsbury's Reduced Sugar & Salt Baked Beans in Tasty Tomato Sauce 215g,215g,£1.63/kg,0.35,,
Sainsbury's Local,Tins & Cans,Tins & Cans,Sainsbury's SO Organic Italian Chopped Tomatoes in Tomato Juice 400g,400g,£4.75/kg,1.90,,
Sainsbury's Local,Tins & Cans,Tins & Cans,Sainsbury's Sardines in Spring Water 120g,120g,£6.67/kg,0.80,,
Sainsbury's Local,Tins & Cans,Tins & Cans,Sainsbury's Sardines in Sunflower Oil 120g,120g,£6.67/kg,0.80,,
Sainsbury's Local,Tins & Cans,Tins & Cans,Sainsbury's Sardines in Tomato Sauce 120g,120g,£6.67/kg,0.80,,
Sainsbury's Local,Tins & Cans,Tins & Cans,Sainsbury's Sliced Pickled Beetroot in Vinegar 340g (215g*),200g,£7.50/kg,1.50,,
Sainsbury's Local,Tins & Cans,Tins & Cans,Sainsbury's Taste the Difference Italian Pomodorini Cherry Tomatoes in Rich Tomato Juice 400g,400g,£4.38/kg,1.75,,
Sainsbury's Local,Tins & Cans,Tins & Cans,Sainsbury's Taste the Difference Sunsoaked Tomatoes 230g,230g,£21.74/kg,5.00,,3 for £10
Sainsbury's Local,Tins & Cans,Tins & Cans,Sainsbury's Tuna Chunks in Spring Water 145g,145g,£8.28/kg,1.20,,
Sainsbury's Local,Tins & Cans,Tins & Cans,Sainsbury's Tuna Chunks in Sunflower Oil 145g,145g,£8.28/kg,1.20,,
Sainsbury's Local,Tins & Cans,Tins & Cans,Sainsbury's Tuna Steak with Brine 120g,120g,£20.42/kg,2.45,,
Sainsbury's Local,Tins & Cans,Tins & Cans,Sainsbury's Tuna Steak with Spring Water 120g,120g,£20.42/kg,2.45,,
Sainsbury's Local,Tins & Cans,Tins & Cans,Sainsbury's Tuna Steak with Sunflower Oil 120g,120g,£20.42/kg,2.45,,
Sainsbury's Local,Tins & Cans,Tins & Cans,Sainsbury's Wild Pacific Pink Salmon 212g,212g,£9.67/kg,2.05,,
Sainsbury's Local,Tins & Cans,Tins & Cans,Spam Chopped Pork and Ham 340g,340g,£13.97/kg,4.75,,
Sainsbury's Local,Tins & Cans,Tins & Cans,Tuscanini Crushed Tomatoes 700g,700g,£5.79/kg,4.05,,
Sainsbury's Local,Tins & Cans,Tins & Cans,Wikinger 8 Hot Dogs 550g,550g,£5.55/kg,3.05,,
Sainsbury's Local,Tins & Cans,Tins & Cans,Yutaka Classic Miso Soup Paste 5 Sachets 90g,90g,£47.22/kg,4.25,,
Sainsbury's Local,Vegetables,Autumn is here,Sainsbury's British Asparagus Tips 125g,100g,£23.00/kg,2.30,,
Sainsbury's Local,Vegetables,Autumn is here,Sainsbury's British Baby Potatoes,1kg,£1.15/kg,1.15,,
Sainsbury's Local,Vegetables,Autumn is here,Sainsbury's British Baking Potatoes,4pk,£0.21 each,0.85,,
Sainsbury's Local,Vegetables,Autumn is here,Sainsbury's Broccoli & Cauliflower 240g,240g,£6.88/kg,1.65,,
Sainsbury's Local,Vegetables,Autumn is here,Sainsbury's Carrot Batons 400g,400g,£2.50/kg,1.00,1.30,£0.30 off
Sainsbury's Local,Vegetables,Autumn is here,"Sainsbury's Carrot, Broccoli & Cauliflower 240g",240g,£6.88/kg,1.65,,
Sainsbury's Local,Vegetables,Autumn is here,Sainsbury's Cauliflower,1pk,£1.50 each,1.50,,
Sainsbury's Local,Vegetables,Autumn is here,Sainsbury's Curly Leaf Kale,200g,£6.25/kg,1.25,,
Sainsbury's Local,Vegetables,Autumn is here,"Sainsbury's Diced Onions, Inspired to Cook 200g",200g,£4.00/kg,0.80,,
Sainsbury's Local,Vegetables,Autumn is here,Sainsbury's Fine Beans 120g C,120g,£11.25/kg,1.35,,
Sainsbury's Local,Vegetables,Autumn is here,Sainsbury's SO Organic Broccoli,300g,£5.33/kg,1.60,,
Sainsbury's Local,Vegetables,Autumn is here,Sainsbury's Sweetcorn Cobettes x4,4pk,£0.36 each,1.45,,
Sainsbury's Local,Vegetables,Autumn is here,Sainsbury's Sweetheart Cabbage,1pk,£0.95 each,0.95,,
Sainsbury's Local,Vegetables,Autumn is here,Sainsbury's Tenderstem Broccoli 200g,200g,£9.50/kg,1.90,,
Sainsbury's Local,Vegetables,Autumn is here,Sainsbury's White Cabbage,1pk,£1.20 each,1.20,,
Sainsbury's Local,Vegetables,Avocados,Large Avocado,1pk,£1.35 each,1.35,,
Sainsbury's Local,Vegetables,Avocados,Sainsbury's Avocado,2pk,£1.03 each,2.05,,
Sainsbury's Local,Vegetables,Broccoli & Cauliflower,Sainsbury's Broccoli Florets 900g,900g,£1.78/kg,1.60,,
Sainsbury's Local,Vegetables,Broccoli & Cauliflower,Sainsbury's Cauliflower,1pk,£1.50 each,1.50,,
Sainsbury's Local,Vegetables,Broccoli & Cauliflower,Sainsbury's SO Organic Broccoli,300g,£5.33/kg,1.60,,
Sainsbury's Local,Vegetables,Broccoli & Cauliflower,Sainsbury's Tenderstem Broccoli 200g,200g,£9.50/kg,1.90,,
Sainsbury's Local,Vegetables,Carrots & Root Vegetables,"Sainsbury's British Sweet Spear Carrots, Taste the Difference 450g",450g,£5.00/kg,2.25,,
Sainsbury's Local,Vegetables,Carrots & Root Vegetables,Sainsbury's Carrots,500g,£1.00/kg,0.50,,
Sainsbury's Local,Vegetables,Carrots & Root Vegetables,Sainsbury's Chantenay Carrots 400g,400g,£2.88/kg,1.15,,
Sainsbury's Local,Vegetables,Carrots & Root Vegetables,Sainsbury's Cooked Beetroot in Natural Juices 250g,250g,£4.20/kg,1.05,,
Sainsbury's Local,Vegetables,Carrots & Root Vegetables,Sainsbury's Parsnips 500g,500g,£1.70/kg,0.85,,
Sainsbury's Local,Vegetables,Carrots & Root Vegetables,Sainsbury's SO Organic Carrots 750g,750g,£2.20/kg,1.65,,
Sainsbury's Local,Vegetables,Carrots & Root Vegetables,Sainsbury's Swede 525g,1pk,£1.43/kg,0.75,,
Sainsbury's Local,Vegetables,Cucumbers,Sainsbury's Baby Cucumbers,200g,£6.50/kg,1.30,,
Sainsbury's Local,Vegetables,Cucumbers,Sainsbury's Large Cucumber,1pk,£1.20 each,1.20,,
Sainsbury's Local,Vegetables,Cucumbers,Sainsbury's Whole Cucumber,1pk,£1.05 each,1.05,,
Sainsbury's Local,Vegetables,"Garlic, Ginger, Herbs, Spices",Sainsbury's Finger Chillies 80g,80g,£16.25/kg,1.30,,
Sainsbury's Local,Vegetables,"Garlic, Ginger, Herbs, Spices",Sainsbury's Ginger 100g,100g,£15.00/kg,1.50,,
Sainsbury's Local,Vegetables,"Garlic, Ginger, Herbs, Spices",Sainsbury's Large Garlic,1pk,£0.60 each,0.60,,
Sainsbury's Local,Vegetables,"Garlic, Ginger, Herbs, Spices",Sainsbury's Mixed Chillies 80g,80g,£8.75/kg,0.70,,
Sainsbury's Local,Vegetables,"Garlic, Ginger, Herbs, Spices",Sainsbury's Parsley 6g,6g,£208.33/kg,1.25,,
Sainsbury's Local,Vegetables,Midweek Meals Made Easy,Sainsbury's Broccoli Florets 900g,900g,£1.78/kg,1.60,,
Sainsbury's Local,Vegetables,Midweek Meals Made Easy,Sainsbury's Mediterranean Style Vegetables 400g,400g,£6.88/kg,2.75,,
Sainsbury's Local,Vegetables,Midweek Meals Made Easy,Sainsbury's Mixed Vegetable Stir Fry 325g,300g,£7.00/kg,2.10,,
Sainsbury's Local,Vegetables,Mushrooms,Sainsbury's Baby Button White Mushrooms 200g,200g,£6.50/kg,1.30,,
Sainsbury's Local,Vegetables,Mushrooms,Sainsbury's Closed Cup Chestnut Mushrooms 300g,300g,£5.00/kg,1.50,,
Sainsbury's Local,Vegetables,Mushrooms,Sainsbury's Closed Cup White Mushrooms 300g,300g,£3.33/kg,1.00,,
Sainsbury's Local,Vegetables,Mushrooms,Sainsbury's Large Flat White Mushrooms 250g,250g,£5.60/kg,1.40,,
Sainsbury's Local,Vegetables,Mushrooms,Sainsbury's SO Organic White Mushrooms 300g,300g,£6.00/kg,1.80,,
Sainsbury's Local,Vegetables,Mushrooms,"Sainsbury's Shiitake Mushrooms, Taste the Difference",120g,£17.50/kg,2.10,,
Sainsbury's Local,Vegetables,Offers,"Sainsbury's British Gems New Potatoes, Taste the Difference 750g",750g,£1.03/kg,0.77,1.55,£0.78 off
Sainsbury's Local,Vegetables,Offers,Sainsbury's Carrot Batons 400g,400g,£2.50/kg,1.00,1.30,£0.30 off
Sainsbury's Local,Vegetables,Offers,Sainsbury's Pak Choi 250g,250g,£5.00/kg,1.25,1.75,£0.50 off
Sainsbury's Local,Vegetables,Onions & Leeks,JS Red Onions x3,3pk,£0.47 each,1.40,,
Sainsbury's Local,Vegetables,Onions & Leeks,Sainsbury's Brown Onions x3,3pk,£0.40 each,1.20,,
Sainsbury's Local,Vegetables,Onions & Leeks,Sainsbury's Leeks 500g,500g,£3.80/kg,1.90,,
Sainsbury's Local,Vegetables,Onions & Leeks,Sainsbury's Spring Onions,1pk,£0.85 each,0.85,,
Sainsbury's Local,Vegetables,Onions & Leeks,Sainsbury's Taste the Difference Echalion Shallots,400g,£5.13/kg,2.05,,
Sainsbury's Local,Vegetables,Other Vegetables,Aubergine,1pk,£1.10 each,1.10,,
Sainsbury's Local,Vegetables,Other Vegetables,Sainsbury's Baby Ghost Munchkin Pumpkin,350g,£4.14/kg,1.45,,
Sainsbury's Local,Vegetables,Other Vegetables,Sainsbury's British Asparagus Tips 125g,100g,£23.00/kg,2.30,,
Sainsbury's Local,Vegetables,Other Vegetables,Sainsbury's British Munchkin Pumpkin,1pk,£1.45 each,1.45,,
Sainsbury's Local,Vegetables,Other Vegetables,Sainsbury's Brussels Sprouts,300g,£3.33/kg,1.00,,
Sainsbury's Local,Vegetables,Other Vegetables,Sainsbury's Celery,1pk,£0.85 each,0.85,,
Sainsbury's Local,Vegetables,Other Vegetables,Sainsbury's Courgettes 500g,500g,£4.00/kg,2.00,,
Sainsbury's Local,Vegetables,Other Vegetables,Sainsbury's Curly Leaf Kale,200g,£6.25/kg,1.25,,
Sainsbury's Local,Vegetables,Other Vegetables,Sainsbury's Edamame Beans 175g,175g,£14.86/kg,2.60,,
Sainsbury's Local,Vegetables,Other Vegetables,Sainsbury's Fine Beans 120g C,120g,£11.25/kg,1.35,,
Sainsbury's Local,Vegetables,Other Vegetables,Sainsbury's Pak Choi 250g,250g,£5.00/kg,1.25,1.75,£0.50 off
Sainsbury's Local,Vegetables,Other Vegetables,Sainsbury's SO Organic Celery,1pk,£1.80 each,1.80,,
Sainsbury's Local,Vegetables,Other Vegetables,Sainsbury's Sweetcorn Cobettes x4,4pk,£0.36 each,1.45,,
Sainsbury's Local,Vegetables,Other Vegetables,Sainsbury's Sweetheart Cabbage,1pk,£0.95 each,0.95,,
Sainsbury's Local,Vegetables,Other Vegetables,Sainsbury's White Cabbage,1pk,£1.20 each,1.20,,
Sainsbury's Local,Vegetables,Packed Lunch Picks,Sainsbury's Baby Cucumbers,200g,£6.50/kg,1.30,,
Sainsbury's Local,Vegetables,Potatoes,Sainsbury's Baking Sweet Potatoes 500g,500g,£5.00/kg,2.50,,
Sainsbury's Local,Vegetables,Potatoes,Sainsbury's British Baby Potatoes,1kg,£1.15/kg,1.15,,
Sainsbury's Local,Vegetables,Potatoes,Sainsbury's British Baking Potatoes,4pk,£0.21 each,0.85,,
Sainsbury's Local,Vegetables,Potatoes,"Sainsbury's British Gems New Potatoes, Taste the Difference 750g",750g,£1.03/kg,0.77,1.55,£0.78 off
Sainsbury's Local,Vegetables,Potatoes,Sainsbury's British White Potatoes,1.25kg,£1.20/kg,1.50,,
Sainsbury's Local,Vegetables,Potatoes,Sainsbury's Taste the Difference Vivaldi Baking Potatoes,4pk,£0.56 each,2.25,,
Sainsbury's Local,Vegetables,Prepared Vegetables,Sainsbury's Babycorn & Sugar Snap Peas,200g,£13.50/kg,2.70,,
Sainsbury's Local,Vegetables,Prepared Vegetables,Sainsbury's Beansprouts 300g,300g,£3.33/kg,1.00,,
Sainsbury's Local,Vegetables,Prepared Vegetables,Sainsbury's Broccoli & Cauliflower 240g,240g,£6.88/kg,1.65,,
Sainsbury's Local,Vegetables,Prepared Vegetables,Sainsbury's Carrot Batons 400g,400g,£2.50/kg,1.00,1.30,£0.30 off
Sainsbury's Local,Vegetables,Prepared Vegetables,"Sainsbury's Carrot, Broccoli & Cauliflower 240g",240g,£6.88/kg,1.65,,
Sainsbury's Local,Vegetables,Prepared Vegetables,"Sainsbury's Diced Onions, Inspired to Cook 200g",200g,£4.00/kg,0.80,,
Sainsbury's Local,Vegetables,Prepared Vegetables,Sainsbury's Mediterranean Style Vegetables 400g,400g,£6.88/kg,2.75,,
Sainsbury's Local,Vegetables,Prepared Vegetables,Sainsbury's Mixed Vegetable Stir Fry 325g,300g,£7.00/kg,2.10,,
Sainsbury's Local,Vegetables,Prepared Vegetables,"Sainsbury's Sugar Snaps Peas, Tenderstem Broccoli & Asparagus 200g",200g,£15.50/kg,3.10,,
Sainsbury's Local,Vegetables,Prepared Vegetables,Sainsbury's Sweet & Crunchy Stir Fry 600g,600g,£4.17/kg,2.50,,
Sainsbury's Local,Vegetables,Prepared Vegetables,Sainsbury's Taste the Difference Tenderstem Stir Fry 220g,220g,£12.95/kg,2.85,,
Sainsbury's Local,Vegetables,Tomatoes & Peppers,Red Pepper,1pk,£0.75 each,0.75,,
Sainsbury's Local,Vegetables,Tomatoes & Peppers,Sainsbury's Cherry Tomatoes,330g,£3.03/kg,1.00,,
Sainsbury's Local,Vegetables,Tomatoes & Peppers,Sainsbury's Flavouripe Tomatoes,6pk,£0.18 each,1.10,,
Sainsbury's Local,Vegetables,Tomatoes & Peppers,"Sainsbury's Jubilee Large Vine Tomatoes, Taste the Difference 450g",450g,£5.67/kg,2.55,,
Sainsbury's Local,Vegetables,Tomatoes & Peppers,Sainsbury's Sweet Peppers,3pk,£0.77 each,2.30,,
Sainsbury's Local,Vegetables,Tomatoes & Peppers,Sainsbury's Taste the Difference Baby Sweet Peppers 270g,270g,£9.44/kg,2.55,,
Sainsbury's Local,Vegetables,Tomatoes & Peppers,Sainsbury's Taste the Difference Best of British Vine Tomatoes,250g,£11.20/kg,2.80,,
Sainsbury's Local,Vegetables,Tomatoes & Peppers,Sainsbury's Taste the Difference Majestic Vine Tomatoes,300g,£8.50/kg,2.55,,
Sainsbury's Local,Vegetables,Tomatoes & Peppers,Sainsbury's Taste the Difference Padron Peppers 180g,180g,£10.28/kg,1.85,,
Sainsbury's Local,Vegetables,Tomatoes & Peppers,Sainsbury's Taste the Difference Pomodorino Baby Plum Tomatoes,250g,£8.40/kg,2.10,,
Sainsbury's Local,Vegetables,Tomatoes & Peppers,Sainsbury's Taste the Difference Sweet Pointed Pepper,1pk,£1.00 each,1.00,,
Sainsbury's Local,Vegetables,Tomatoes & Peppers,Sainsbury's Taste the Difference Vittoria Cherry Vine Tomatoes,400g,£9.38/kg,3.75,,
Sainsbury's Local,Vegetables,Tomatoes & Peppers,"Sainsbury's Vittoria Cherry Vine Tomatoes, Taste the Difference 250g",250g,£11.20/kg,2.80,,
Sainsbury's Local,Vegetables,Vegetables,Aubergine,1pk,£1.10 each,1.10,,
Sainsbury's Local,Vegetables,Vegetables,JS Red Onions x3,3pk,£0.47 each,1.40,,
Sainsbury's Local,Vegetables,Vegetables,Large Avocado,1pk,£1.35 each,1.35,,
Sainsbury's Local,Vegetables,Vegetables,Red Pepper,1pk,£0.75 each,0.75,,
Sainsbury's Local,Vegetables,Vegetables,Sainsbury's Avocado,2pk,£1.03 each,2.05,,
Sainsbury's Local,Vegetables,Vegetables,Sainsbury's Baby Button White Mushrooms 200g,200g,£6.50/kg,1.30,,
Sainsbury's Local,Vegetables,Vegetables,Sainsbury's Baby Cucumbers,200g,£6.50/kg,1.30,,
Sainsbury's Local,Vegetables,Vegetables,Sainsbury's Baby Ghost Munchkin Pumpkin,350g,£4.14/kg,1.45,,
Sainsbury's Local,Vegetables,Vegetables,Sainsbury's Babycorn & Sugar Snap Peas,200g,£13.50/kg,2.70,,
Sainsbury's Local,Vegetables,Vegetables,Sainsbury's Baking Sweet Potatoes 500g,500g,£5.00/kg,2.50,,
Sainsbury's Local,Vegetables,Vegetables,Sainsbury's Beansprouts 300g,300g,£3.33/kg,1.00,,
Sainsbury's Local,Vegetables,Vegetables,Sainsbury's British Asparagus Tips 125g,100g,£23.00/kg,2.30,,
Sainsbury's Local,Vegetables,Vegetables,Sainsbury's British Baby Potatoes,1kg,£1.15/kg,1.15,,
Sainsbury's Local,Vegetables,Vegetables,Sainsbury's British Baking Potatoes,4pk,£0.21 each,0.85,,
Sainsbury's Local,Vegetables,Vegetables,"Sainsbury's British Gems New Potatoes, Taste the Difference 750g",750g,£1.03/kg,0.77,1.55,£0.78 off
Sainsbury's Local,Vegetables,Vegetables,Sainsbury's British Munchkin Pumpkin,1pk,£1.45 each,1.45,,
Sainsbury's Local,Vegetables,Vegetables,"Sainsbury's British Sweet Spear Carrots, Taste the Difference 450g",450g,£5.00/kg,2.25,,
Sainsbury's Local,Vegetables,Vegetables,Sainsbury's British White Potatoes,1.25kg,£1.20/kg,1.50,,
Sainsbury's Local,Vegetables,Vegetables,Sainsbury's Broccoli & Cauliflower 240g,240g,£6.88/kg,1.65,,
Sainsbury's Local,Vegetables,Vegetables,Sainsbury's Broccoli Florets 900g,900g,£1.78/kg,1.60,,
Sainsbury's Local,Vegetables,Vegetables,Sainsbury's Brown Onions x3,3pk,£0.40 each,1.20,,
Sainsbury's Local,Vegetables,Vegetables,Sainsbury's Brussels Sprouts,300g,£3.33/kg,1.00,,
Sainsbury's Local,Vegetables,Vegetables,Sainsbury's Carrot Batons 400g,400g,£2.50/kg,1.00,1.30,£0.30 off
Sainsbury's Local,Vegetables,Vegetables,"Sainsbury's Carrot, Broccoli & Cauliflower 240g",240g,£6.88/kg,1.65,,
Sainsbury's Local,Vegetables,Vegetables,Sainsbury's Carrots,500g,£1.00/kg,0.50,,
Sainsbury's Local,Vegetables,Vegetables,Sainsbury's Cauliflower,1pk,£1.50 each,1.50,,
Sainsbury's Local,Vegetables,Vegetables,Sainsbury's Celery,1pk,£0.85 each,0.85,,
Sainsbury's Local,Vegetables,Vegetables,Sainsbury's Chantenay Carrots 400g,400g,£2.88/kg,1.15,,
Sainsbury's Local,Vegetables,Vegetables,Sainsbury's Cherry Tomatoes,330g,£3.03/kg,1.00,,
Sainsbury's Local,Vegetables,Vegetables,Sainsbury's Closed Cup Chestnut Mushrooms 300g,300g,£5.00/kg,1.50,,
Sainsbury's Local,Vegetables,Vegetables,Sainsbury's Closed Cup White Mushrooms 300g,300g,£3.33/kg,1.00,,
Sainsbury's Local,Vegetables,Vegetables,Sainsbury's Cooked Beetroot in Natural Juices 250g,250g,£4.20/kg,1.05,,
Sainsbury's Local,Vegetables,Vegetables,Sainsbury's Courgettes 500g,500g,£4.00/kg,2.00,,
Sainsbury's Local,Vegetables,Vegetables,Sainsbury's Curly Leaf Kale,200g,£6.25/kg,1.25,,
Sainsbury's Local,Vegetables,Vegetables,"Sainsbury's Diced Onions, Inspired to Cook 200g",200g,£4.00/kg,0.80,,
Sainsbury's Local,Vegetables,Vegetables,Sainsbury's Edamame Beans 175g,175g,£14.86/kg,2.60,,
Sainsbury's Local,Vegetables,Vegetables,Sainsbury's Fine Beans 120g C,120g,£11.25/kg,1.35,,
Sainsbury's Local,Vegetables,Vegetables,Sainsbury's Finger Chillies 80g,80g,£16.25/kg,1.30,,
Sainsbury's Local,Vegetables,Vegetables,Sainsbury's Flavouripe Tomatoes,6pk,£0.18 each,1.10,,
Sainsbury's Local,Vegetables,Vegetables,Sainsbury's Ginger 100g,100g,£15.00/kg,1.50,,
Sainsbury's Local,Vegetables,Vegetables,"Sainsbury's Jubilee Large Vine Tomatoes, Taste the Difference 450g",450g,£5.67/kg,2.55,,
Sainsbury's Local,Vegetables,Vegetables,Sainsbury's Large Cucumber,1pk,£1.20 each,1.20,,
Sainsbury's Local,Vegetables,Vegetables,Sainsbury's Large Flat White Mushrooms 250g,250g,£5.60/kg,1.40,,
Sainsbury's Local,Vegetables,Vegetables,Sainsbury's Large Garlic,1pk,£0.60 each,0.60,,
Sainsbury's Local,Vegetables,Vegetables,Sainsbury's Leeks 500g,500g,£3.80/kg,1.90,,
Sainsbury's Local,Vegetables,Vegetables,Sainsbury's Mediterranean Style Vegetables 400g,400g,£6.88/kg,2.75,,
Sainsbury's Local,Vegetables,Vegetables,Sainsbury's Mixed Chillies 80g,80g,£8.75/kg,0.70,,
Sainsbury's Local,Vegetables,Vegetables,Sainsbury's Mixed Vegetable Stir Fry 325g,300g,£7.00/kg,2.10,,
Sainsbury's Local,Vegetables,Vegetables,Sainsbury's Pak Choi 250g,250g,£5.00/kg,1.25,1.75,£0.50 off
Sainsbury's Local,Vegetables,Vegetables,Sainsbury's Parsley 6g,6g,£208.33/kg,1.25,,
Sainsbury's Local,Vegetables,Vegetables,Sainsbury's Parsnips 500g,500g,£1.70/kg,0.85,,
Sainsbury's Local,Vegetables,Vegetables,Sainsbury's SO Organic Broccoli,300g,£5.33/kg,1.60,,
Sainsbury's Local,Vegetables,Vegetables,Sainsbury's SO Organic Carrots 750g,750g,£2.20/kg,1.65,,
Sainsbury's Local,Vegetables,Vegetables,Sainsbury's SO Organic Celery,1pk,£1.80 each,1.80,,
Sainsbury's Local,Vegetables,Vegetables,Sainsbury's SO Organic White Mushrooms 300g,300g,£6.00/kg,1.80,,
Sainsbury's Local,Vegetables,Vegetables,"Sainsbury's Shiitake Mushrooms, Taste the Difference",120g,£17.50/kg,2.10,,
Sainsbury's Local,Vegetables,Vegetables,Sainsbury's Spring Onions,1pk,£0.85 each,0.85,,
Sainsbury's Local,Vegetables,Vegetables,"Sainsbury's Sugar Snaps Peas, Tenderstem Broccoli & Asparagus 200g",200g,£15.50/kg,3.10,,
Sainsbury's Local,Vegetables,Vegetables,Sainsbury's Swede 525g,1pk,£1.43/kg,0.75,,
Sainsbury's Local,Vegetables,Vegetables,Sainsbury's Sweet & Crunchy Stir Fry 600g,600g,£4.17/kg,2.50,,
Sainsbury's Local,Vegetables,Vegetables,Sainsbury's Sweet Peppers,3pk,£0.77 each,2.30,,
Sainsbury's Local,Vegetables,Vegetables,Sainsbury's Sweetcorn Cobettes x4,4pk,£0.36 each,1.45,,
Sainsbury's Local,Vegetables,Vegetables,Sainsbury's Sweetheart Cabbage,1pk,£0.95 each,0.95,,
Sainsbury's Local,Vegetables,Vegetables,Sainsbury's Taste the Difference Baby Sweet Peppers 270g,270g,£9.44/kg,2.55,,
Sainsbury's Local,Vegetables,Vegetables,Sainsbury's Taste the Difference Best of British Vine Tomatoes,250g,£11.20/kg,2.80,,
Sainsbury's Local,Vegetables,Vegetables,Sainsbury's Taste the Difference Echalion Shallots,400g,£5.13/kg,2.05,,
Sainsbury's Local,Vegetables,Vegetables,Sainsbury's Taste the Difference Majestic Vine Tomatoes,300g,£8.50/kg,2.55,,
Sainsbury's Local,Vegetables,Vegetables,Sainsbury's Taste the Difference Padron Peppers 180g,180g,£10.28/kg,1.85,,
Sainsbury's Local,Vegetables,Vegetables,Sainsbury's Taste the Difference Pomodorino Baby Plum Tomatoes,250g,£8.40/kg,2.10,,
Sainsbury's Local,Vegetables,Vegetables,Sainsbury's Taste the Difference Sweet Pointed Pepper,1pk,£1.00 each,1.00,,
Sainsbury's Local,Vegetables,Vegetables,Sainsbury's Taste the Difference Tenderstem Stir Fry 220g,220g,£12.95/kg,2.85,,
Sainsbury's Local,Vegetables,Vegetables,Sainsbury's Taste the Difference Vittoria Cherry Vine Tomatoes,400g,£9.38/kg,3.75,,
Sainsbury's Local,Vegetables,Vegetables,Sainsbury's Taste the Difference Vivaldi Baking Potatoes,4pk,£0.56 each,2.25,,
Sainsbury's Local,Vegetables,Vegetables,Sainsbury's Tenderstem Broccoli 200g,200g,£9.50/kg,1.90,,
Sainsbury's Local,Vegetables,Vegetables,"Sainsbury's Vittoria Cherry Vine Tomatoes, Taste the Difference 250g",250g,£11.20/kg,2.80,,
Sainsbury's Local,Vegetables,Vegetables,Sainsbury's White Cabbage,1pk,£1.20 each,1.20,,
Sainsbury's Local,Vegetables,Vegetables,Sainsbury's Whole Cucumber,1pk,£1.05 each,1.05,,
Sainsbury's Local,"Water, Soft Drinks, Mixers",Cola,Coca-Cola Cherry 1.75L Bottle,1.75L,£2.09/L,3.65,,
Sainsbury's Local,"Water, Soft Drinks, Mixers",Cola,Coca-Cola Cherry 500ml Bottle,500ml,£5.20/L,2.60,,
Sainsbury's Local,"Water, Soft Drinks, Mixers",Cola,Coca-Cola Original Taste 1.75L Bottle,1.75L,£2.11/L,3.70,,
Sainsbury's Local,"Water, Soft Drinks, Mixers",Cola,Coca-Cola Original Taste 330ml Can,330ml,£5.30/L,1.75,,
Sainsbury's Local,"Water, Soft Drinks, Mixers",Cola,Coca-Cola Original Taste 4 x 250ml Glass Bottles,4pk,£7.05/L,7.05,,
Sainsbury's Local,"Water, Soft Drinks, Mixers",Cola,Coca-Cola Original Taste 500ml Bottle,500ml,£5.40/L,2.70,,
Sainsbury's Local,"Water, Soft Drinks, Mixers",Cola,Coca-Cola Original Taste 500ml Superfan Can,500ml,£5.00/L,2.50,,
Sainsbury's Local,"Water, Soft Drinks, Mixers",Cola,Coca-Cola Original Taste 8 x 330ml Cans,8pk,£2.95/L,7.80,,
Sainsbury's Local,"Water, Soft Drinks, Mixers",Cola,Coca-Cola Zero Sugar 2L Bottle,2L,£0.88/L,1.75,2.75,£1 off
Sainsbury's Local,"Water, Soft Drinks, Mixers",Cola,Coca-Cola Zero Sugar 330ml Can,330ml,£4.85/L,1.60,,
Sainsbury's Local,"Water, Soft Drinks, Mixers",Cola,Coca-Cola Zero Sugar 500ml Bottle,500ml,£4.60/L,2.30,,
Sainsbury's Local,"Water, Soft Drinks, Mixers",Cola,Coca-Cola Zero Sugar 500ml Superfan Can,500ml,£4.60/L,2.30,,
Sainsbury's Local,"Water, Soft Drinks, Mixers",Cola,Coca-Cola Zero Sugar Cherry 500ml Bottle,500ml,£4.70/L,2.35,,
Sainsbury's Local,"Water, Soft Drinks, Mixers",Cola,Coca-Cola Zero sugar 8 x 330ml,2.64L,£2.67/L,7.05,,
Sainsbury's Local,"Water, Soft Drinks, Mixers",Cola,Diet Coke 330ml,330ml,£4.85/L,1.60,,
Sainsbury's Local,"Water, Soft Drinks, Mixers",Cola,Diet Coke Cherry Cola 500ml Bottle,500ml,£4.60/L,2.30,,
Sainsbury's Local,"Water, Soft Drinks, Mixers",Cola,Diet Coke Cola 18 x 330ml Cans,18pk,£2.17/L,12.90,,
Sainsbury's Local,"Water, Soft Drinks, Mixers",Cola,Diet Coke Cola 2L Bottle,2L,£0.88/L,1.75,2.75,£1 off
Sainsbury's Local,"Water, Soft Drinks, Mixers",Cola,Diet Coke Cola 4 x 250ml Glass Bottles,4pk,£6.50/L,6.50,,
Sainsbury's Local,"Water, Soft Drinks, Mixers",Cola,Diet Coke Cola 500ml Bottle,500ml,£4.60/L,2.30,,
Sainsbury's Local,"Water, Soft Drinks, Mixers",Cola,Diet Coke Cola 8 x 330ml Cans,8pk,£1.42/L,3.75,5.75,£2 off
Sainsbury's Local,"Water, Soft Drinks, Mixers",Cola,Diet Coke Cola Superfan 500ml Can,500ml,£4.60/L,2.30,,
Sainsbury's Local,"Water, Soft Drinks, Mixers",Cola,Pepsi 2 litres,2L,£1.53/L,3.05,,
Sainsbury's Local,"Water, Soft Drinks, Mixers",Cola,Pepsi 500ml,500ml,£4.70/L,2.35,,
Sainsbury's Local,"Water, Soft Drinks, Mixers",Cola,Pepsi Max 12 x 330ml,12pk,£1.97/L,7.80,,
Sainsbury's Local,"Water, Soft Drinks, Mixers",Cola,Pepsi Max 15 x 330ml,15pk,£1.77/L,8.75,,
Sainsbury's Local,"Water, Soft Drinks, Mixers",Cola,Pepsi Max 2 Litres,2L,£1.53/L,3.05,,
Sainsbury's Local,"Water, Soft Drinks, Mixers",Cola,Pepsi Max 330ml,330ml,£4.70/L,1.55,,
Sainsbury's Local,"Water, Soft Drinks, Mixers",Cola,Pepsi Max 500ml,500ml,£4.60/L,2.30,,
Sainsbury's Local,"Water, Soft Drinks, Mixers",Cola,Pepsi Max 8 x 330ml,8pk,£1.42/L,3.75,5.50,£1.75 off
Sainsbury's Local,"Water, Soft Drinks, Mixers",Cola,Pepsi Max Cherry 2 Litres,2L,£1.53/L,3.05,,
Sainsbury's Local,"Water, Soft Drinks, Mixers",Cola,Pepsi Max Cherry 500ml,500ml,£4.70/L,2.35,,
Sainsbury's Local,"Water, Soft Drinks, Mixers",Cola,Pepsi Max Cherry 8 x 330ml,8pk,£1.42/L,3.75,5.50,£1.75 off
Sainsbury's Local,"Water, Soft Drinks, Mixers",Cola,Pepsi Max Lime 500ml,500ml,£4.70/L,2.35,,
Sainsbury's Local,"Water, Soft Drinks, Mixers",Fizzy & Soft Drinks,Appletiser Sparkling Apple Juice 250ml Can,250ml,£6.80/L,1.70,,
Sainsbury's Local,"Water, Soft Drinks, Mixers",Fizzy & Soft Drinks,Appletiser Sparkling Apple Juice 750ml Glass Bottle,750ml,£6.87/L,5.15,,
Sainsbury's Local,"Water, Soft Drinks, Mixers",Fizzy & Soft Drinks,Capri Sun Orange 4 x 200ml,4pk,£3.31/L,2.65,,
Sainsbury's Local,"Water, Soft Drinks, Mixers",Fizzy & Soft Drinks,Capri-Sun Orange 330ml,330ml,£5.15/L,1.70,,
Sainsbury's Local,"Water, Soft Drinks, Mixers",Fizzy & Soft Drinks,Dr Pepper 2L Bottle,2L,£1.40/L,2.80,,
Sainsbury's Local,"Water, Soft Drinks, Mixers",Fizzy & Soft Drinks,Dr Pepper 500ml Bottle,500ml,£4.60/L,2.30,,
Sainsbury's Local,"Water, Soft Drinks, Mixers",Fizzy & Soft Drinks,Dr Pepper 8 x 330ml Cans,8pk,£2.03/L,5.35,,
Sainsbury's Local,"Water, Soft Drinks, Mixers",Fizzy & Soft Drinks,FEVER-TREE Premium Refreshingly Light Ginger Beer 500ml,500ml,£3.60/L,1.80,2.50,£0.70 off
Sainsbury's Local,"Water, Soft Drinks, Mixers",Fizzy & Soft Drinks,Fanta Fruit Twist 2L Bottle,2L,£1.40/L,2.80,,
Sainsbury's Local,"Water, Soft Drinks, Mixers",Fizzy & Soft Drinks,Fanta Fruit Twist 500ml Bottle,500ml,£4.60/L,2.30,,
Sainsbury's Local,"Water, Soft Drinks, Mixers",Fizzy & Soft Drinks,Fanta Orange 500ml Bottle,500ml,£4.60/L,2.30,,
Sainsbury's Local,"Water, Soft Drinks, Mixers",Fizzy & Soft Drinks,Fanta Orange Zero 2L Bottle,2L,£1.40/L,2.80,,
Sainsbury's Local,"Water, Soft Drinks, Mixers",Fizzy & Soft Drinks,Fanta Orange Zero 8 x 330ml Cans,8pk,£1.84/L,4.85,,
Sainsbury's Local,"Water, Soft Drinks, Mixers",Fizzy & Soft Drinks,Harry Brompton's London's Peach Iced Tea 500ml,500ml,£4.00/L,2.00,,
Sainsbury's Local,"Water, Soft Drinks, Mixers",Fizzy & Soft Drinks,Irn-Bru 2 Litre,2L,£1.30/L,2.60,,
Sainsbury's Local,"Water, Soft Drinks, Mixers",Fizzy & Soft Drinks,Irn-Bru 500ml,500ml,£4.70/L,2.35,,
Sainsbury's Local,"Water, Soft Drinks, Mixers",Fizzy & Soft Drinks,J2O Orange & Passion Fruit Still 4 x 250ml,4pk,£4.65/L,4.65,,
Sainsbury's Local,"Water, Soft Drinks, Mixers",Fizzy & Soft Drinks,J2O Still Orange & Passion Fruit 4 x 275ml,4pk,£6.23/L,6.85,,
Sainsbury's Local,"Water, Soft Drinks, Mixers",Fizzy & Soft Drinks,Lipton Lemon Ice Tea 1.25L,1.25L,£2.36/L,2.95,,
Sainsbury's Local,"Water, Soft Drinks, Mixers",Fizzy & Soft Drinks,Lipton Lemon Ice Tea 500ml,500ml,£4.70/L,2.35,,
Sainsbury's Local,"Water, Soft Drinks, Mixers",Fizzy & Soft Drinks,Lipton Mango Ice Tea 1.25L,1.25L,£2.36/L,2.95,,
Sainsbury's Local,"Water, Soft Drinks, Mixers",Fizzy & Soft Drinks,Lipton Peach Ice Tea 1.25L,1.25L,£2.36/L,2.95,,
Sainsbury's Local,"Water, Soft Drinks, Mixers",Fizzy & Soft Drinks,Lipton Peach Ice Tea 500ml,500ml,£4.70/L,2.35,,
Sainsbury's Local,"Water, Soft Drinks, Mixers",Fizzy & Soft Drinks,Moju Extra Strength Ginger 60ml,60ml,£53.33/L,3.20,,
Sainsbury's Local,"Water, Soft Drinks, Mixers",Fizzy & Soft Drinks,Moju Fresh Root Ginger 60ml,60ml,£45.00/L,2.70,,
Sainsbury's Local,"Water, Soft Drinks, Mixers",Fizzy & Soft Drinks,Moju Fresh Root Ginger 7x Shots 420ml,420ml,£17.74/L,7.45,,
Sainsbury's Local,"Water, Soft Drinks, Mixers",Fizzy & Soft Drinks,Moju Fresh Root Turmeric 7x Shots 420ml,420ml,£17.74/L,7.45,,
Sainsbury's Local,"Water, Soft Drinks, Mixers",Fizzy & Soft Drinks,Moju Hot Mango Immunity 60ml,60ml,£45.00/L,2.70,,
Sainsbury's Local,"Water, Soft Drinks, Mixers",Fizzy & Soft Drinks,Oasis Summer Fruits 500ml Bottle,500ml,£4.90/L,2.45,,
Sainsbury's Local,"Water, Soft Drinks, Mixers",Fizzy & Soft Drinks,Old Jamaica Regular Ginger Beer 2L,2L,£1.30/L,2.60,,
Sainsbury's Local,"Water, Soft Drinks, Mixers",Fizzy & Soft Drinks,Orangina Sparkling Orange Soft Drink 420ml,420ml,£4.76/L,2.00,,
Sainsbury's Local,"Water, Soft Drinks, Mixers",Fizzy & Soft Drinks,Poppi Raspberry Rose Soda 4 x 330ml,4pk,£4.55/L,6.00,,
Sainsbury's Local,"Water, Soft Drinks, Mixers",Fizzy & Soft Drinks,Poppi Strawberry Lemon Soda 330ml,330ml,£6.06/L,2.00,,
Sainsbury's Local,"Water, Soft Drinks, Mixers",Fizzy & Soft Drinks,Poppi Strawberry Lemon Soda 4 x 330ml,4pk,£4.55/L,6.00,,
Sainsbury's Local,"Water, Soft Drinks, Mixers",Fizzy & Soft Drinks,Poppi Wild Berry Soda 330ml,330ml,£6.06/L,2.00,,
Sainsbury's Local,"Water, Soft Drinks, Mixers",Fizzy & Soft Drinks,Poppi Wild Berry Soda 4 x 330ml,4pk,£4.55/L,6.00,,
Sainsbury's Local,"Water, Soft Drinks, Mixers",Fizzy & Soft Drinks,Ribena Blackcurrant Juice Drink No Added Sugar 500ml,500ml,£4.00/L,2.00,,
Sainsbury's Local,"Water, Soft Drinks, Mixers",Fizzy & Soft Drinks,Robinsons Fruit Shoot Apple & Blackcurrant 4 x 200ml,4pk,£4.00/L,3.20,,
Sainsbury's Local,"Water, Soft Drinks, Mixers",Fizzy & Soft Drinks,Robinsons Raspberry & Apple 500ml,500ml,£4.20/L,2.10,,
Sainsbury's Local,"Water, Soft Drinks, Mixers",Fizzy & Soft Drinks,Rubicon Sparkling Lychee 330ml,330ml,£3.18/L,1.05,,
Sainsbury's Local,"Water, Soft Drinks, Mixers",Fizzy & Soft Drinks,Rubicon Sparkling Mango 330ml,330ml,£3.18/L,1.05,,
Sainsbury's Local,"Water, Soft Drinks, Mixers",Fizzy & Soft Drinks,Rubicon Sparkling Mango 500ml,500ml,£4.90/L,2.45,,
Sainsbury's Local,"Water, Soft Drinks, Mixers",Fizzy & Soft Drinks,Rubicon Sparkling Passion 330ml,330ml,£3.18/L,1.05,,
Sainsbury's Local,"Water, Soft Drinks, Mixers",Fizzy & Soft Drinks,Sainsbury's Diet Lemonade 2L,2L,£0.43/L,0.85,,
Sainsbury's Local,"Water, Soft Drinks, Mixers",Fizzy & Soft Drinks,Sainsbury's Ginger Ale 1L,1L,£1.00/L,1.00,,
Sainsbury's Local,"Water, Soft Drinks, Mixers",Fizzy & Soft Drinks,Shloer White Grape Sparkling Juice Drink 750 ml,750ml,£4.87/L,3.65,,
Sainsbury's Local,"Water, Soft Drinks, Mixers",Fizzy & Soft Drinks,Tango Apple Sugar Free 2 Litres,2L,£1.20/L,2.40,,
Sainsbury's Local,"Water, Soft Drinks, Mixers",Fizzy & Soft Drinks,Tango Orange 500ml,500ml,£4.60/L,2.30,,
Sainsbury's Local,"Water, Soft Drinks, Mixers",Fizzy & Soft Drinks,The Turmeric Co. Raw Turmeric & Ginger 60ml,60ml,£45.00/L,2.70,,
Sainsbury's Local,"Water, Soft Drinks, Mixers",Fizzy & Soft Drinks,The Turmeric Co. Vitamin C + D3 60ml,60ml,£45.00/L,2.70,,
Sainsbury's Local,"Water, Soft Drinks, Mixers",Fizzy & Soft Drinks,Trip Elderflower Mint 250ml,250ml,£10.40/L,2.60,,
Sainsbury's Local,"Water, Soft Drinks, Mixers",Fizzy & Soft Drinks,Twinings Refresh Juicy Raspberry Lemonade with Hibiscus Sparkling Tea 250ml,250ml,£9.20/L,2.30,,
Sainsbury's Local,"Water, Soft Drinks, Mixers",Fizzy & Soft Drinks,Vimto,2L,£0.98/L,1.95,,
Sainsbury's Local,"Water, Soft Drinks, Mixers",Fizzy & Soft Drinks,Vimto 500ml,500ml,£3.50/L,1.75,,
Sainsbury's Local,"Water, Soft Drinks, Mixers",Fizzy & Soft Drinks,Vit Hit Lean & Green Apple + Elderflower 500ml,500ml,£4.40/L,2.20,,
Sainsbury's Local,"Water, Soft Drinks, Mixers",Fizzy & Soft Drinks,"Vit Hit Perform Orange, Mango + Passion Fruit 500ml",500ml,£4.40/L,2.20,,
Sainsbury's Local,"Water, Soft Drinks, Mixers",Fizzy & Soft Drinks,Vita Coco Extra Coconut 1L,1L,£3.00/L,3.00,4.40,£1.40 off
Sainsbury's Local,"Water, Soft Drinks, Mixers",Fizzy & Soft Drinks,Vita Coco Extra Coconut 500ml,500ml,£5.50/L,2.75,,
Sainsbury's Local,"Water, Soft Drinks, Mixers",Fizzy & Soft Drinks,Vita Coco The Original Coconut Water 1L,1L,£5.15/L,5.15,,
Sainsbury's Local,"Water, Soft Drinks, Mixers",Fizzy & Soft Drinks,Vita Coco The Original Coconut Water 500ml,500ml,£5.50/L,2.75,,
Sainsbury's Local,"Water, Soft Drinks, Mixers",Fizzy & Soft Drinks,"innocent Mango, Coconut Milk, Apple, Ginger Super Smoothie 300ml",300ml,£10.50/L,3.15,,
Sainsbury's Local,"Water, Soft Drinks, Mixers",Iced Coffee & Milk Drinks,Arctic Coffee Café Latte 330ml,330ml,£3.94/L,1.30,,
Sainsbury's Local,"Water, Soft Drinks, Mixers",Iced Coffee & Milk Drinks,Arctic Coffee Caramel Latte 330ml,330ml,£3.94/L,1.30,,
Sainsbury's Local,"Water, Soft Drinks, Mixers",Iced Coffee & Milk Drinks,Emmi Caffè Latte Skinny 370ml,370ml,£9.59/L,3.55,,
Sainsbury's Local,"Water, Soft Drinks, Mixers",Iced Coffee & Milk Drinks,Emmi Cappuccino Caffè Latte 370ml,370ml,£9.59/L,3.55,,
Sainsbury's Local,"Water, Soft Drinks, Mixers",Iced Coffee & Milk Drinks,Jimmy's Iced Coffee Original 380ml,380ml,£9.08/L,3.45,,
Sainsbury's Local,"Water, Soft Drinks, Mixers",Iced Coffee & Milk Drinks,Lavazza Caramel Latte Flavour 220ml,220ml,£10.91/L,2.40,,
Sainsbury's Local,"Water, Soft Drinks, Mixers",Iced Coffee & Milk Drinks,Lavazza Latte Macchiato 220ml,220ml,£10.91/L,2.40,,
Sainsbury's Local,"Water, Soft Drinks, Mixers",Iced Coffee & Milk Drinks,Rodd's Iced Coffee Original Oat Latte 250ml,250ml,£9.80/L,2.45,,
Sainsbury's Local,"Water, Soft Drinks, Mixers",Iced Coffee & Milk Drinks,Sainsbury's Chocolate Flavoured Milk 1l,1L,£1.35/L,1.35,,
Sainsbury's Local,"Water, Soft Drinks, Mixers",Iced Coffee & Milk Drinks,Shaken Udder Chocolush Milkshake 750ml,750ml,£2.67/L,2.00,2.95,£0.95 off
Sainsbury's Local,"Water, Soft Drinks, Mixers",Iced Coffee & Milk Drinks,Shaken Udder Double Choc Milkshake 330ml,330ml,£7.27/L,2.40,,
Sainsbury's Local,"Water, Soft Drinks, Mixers",Iced Coffee & Milk Drinks,Starbucks Caffè Latte Chilled Coffee 330ml,330ml,£10.91/L,3.60,,
Sainsbury's Local,"Water, Soft Drinks, Mixers",Iced Coffee & Milk Drinks,Starbucks Caramel Macchiato Flavour Chilled Coffee 330ml,330ml,£10.91/L,3.60,,
Sainsbury's Local,"Water, Soft Drinks, Mixers",Iced Coffee & Milk Drinks,Starbucks Frappuccino Indulgent Caramel Flavour Coffee Drink 250ml,250ml,£11.00/L,2.75,,
Sainsbury's Local,"Water, Soft Drinks, Mixers",Iced Coffee & Milk Drinks,Starbucks Frappuccino Limited Edition Pumpkin Spice Flavour Coffee Drink 250ml,250ml,£9.60/L,2.40,,
Sainsbury's Local,"Water, Soft Drinks, Mixers",Iced Coffee & Milk Drinks,Starbucks Tripleshot Espresso 300ml,300ml,£10.33/L,3.10,,
Sainsbury's Local,"Water, Soft Drinks, Mixers",Iced Coffee & Milk Drinks,Yazoo Chocolate Milk Drink 1L,1L,£2.15/L,2.15,,
Sainsbury's Local,"Water, Soft Drinks, Mixers",In Store Prices,Buxton Still Natural Mineral Water 1.5L,1.5L,£0.73/L,1.10,,
Sainsbury's Local,"Water, Soft Drinks, Mixers",In Store Prices,Buxton Still Natural Mineral Water 1L,1L,£1.95/L,1.95,,
Sainsbury's Local,"Water, Soft Drinks, Mixers",In Store Prices,Evian Natural Mineral Water 75cl,75cl,£2.67/L,2.00,,
Sainsbury's Local,"Water, Soft Drinks, Mixers",In Store Prices,Highland Spring Still Spring Water 750ml,750ml,£2.00/L,1.50,,
Sainsbury's Local,"Water, Soft Drinks, Mixers",In Store Prices,Lucozade Sport Drink Orange 500ml,500ml,£4.30/L,2.15,,
Sainsbury's Local,"Water, Soft Drinks, Mixers",In Store Prices,Sainsbury's Sparkling Lemon and Lime Flavoured Spring Water 1L,1L,£1.05/L,1.05,,
Sainsbury's Local,"Water, Soft Drinks, Mixers",In Store Prices,San Pellegrino Sparkling Natural Mineral Water 1L,1L,£1.95/L,1.95,,
Sainsbury's Local,"Water, Soft Drinks, Mixers",In Store Prices,Volvic Touch of Fruit Strawberry 750ml,750ml,£2.87/L,2.15,,
Sainsbury's Local,"Water, Soft Drinks, Mixers",In Store Prices,Volvic Touch of Mango Passion 750ml,750ml,£2.87/L,2.15,,
Sainsbury's Local,"Water, Soft Drinks, Mixers",Lemonade,7UP Zero Sugar 500ml,500ml,£4.70/L,2.35,,
Sainsbury's Local,"Water, Soft Drinks, Mixers",Lemonade,7UP Zero Sugar 8 x 330ml,8pk,£1.82/L,4.80,,
Sainsbury's Local,"Water, Soft Drinks, Mixers",Lemonade,7Up Pink Lemonade 2 Litres,2L,£1.15/L,2.30,,
Sainsbury's Local,"Water, Soft Drinks, Mixers",Lemonade,7Up Zero Sugar 2 Litres,2L,£1.05/L,2.10,,
Sainsbury's Local,"Water, Soft Drinks, Mixers",Lemonade,Sainsbury's Diet Bitter Lemon 1l,1L,£1.00/L,1.00,,
Sainsbury's Local,"Water, Soft Drinks, Mixers",Lemonade,Sainsbury's Lemonade 2L,2L,£0.43/L,0.85,,
Sainsbury's Local,"Water, Soft Drinks, Mixers",Lemonade,San Pellegrino Sparkling Lemon Beverage 330ml,330ml,£4.85/L,1.60,,
Sainsbury's Local,"Water, Soft Drinks, Mixers",Lemonade,Schweppes Lemonade 2L Bottle,2L,£0.88/L,1.75,,
Sainsbury's Local,"Water, Soft Drinks, Mixers",Lemonade,Schweppes Slimline Lemonade 2L Bottle,2L,£0.88/L,1.75,,
Sainsbury's Local,"Water, Soft Drinks, Mixers",Lemonade,Sprite Lemon Lime 2L Bottle,2L,£1.40/L,2.80,,
Sainsbury's Local,"Water, Soft Drinks, Mixers",Lemonade,Sprite Lemon Lime 500ml Bottle,500ml,£4.60/L,2.30,,
Sainsbury's Local,"Water, Soft Drinks, Mixers",Mornings Made Better,Nescafé Espresso Concentrated Iced Caramel Flavour 500ml,500ml,£13.10/L,6.55,,
Sainsbury's Local,"Water, Soft Drinks, Mixers",Offers,Coca-Cola Zero Sugar 2L Bottle,2L,£0.88/L,1.75,2.75,£1 off
Sainsbury's Local,"Water, Soft Drinks, Mixers",Offers,Diet Coke Cola 2L Bottle,2L,£0.88/L,1.75,2.75,£1 off
Sainsbury's Local,"Water, Soft Drinks, Mixers",Offers,Diet Coke Cola 8 x 330ml Cans,8pk,£1.42/L,3.75,5.75,£2 off
Sainsbury's Local,"Water, Soft Drinks, Mixers",Offers,FEVER-TREE Premium Refreshingly Light Ginger Beer 500ml,500ml,£3.60/L,1.80,2.50,£0.70 off
Sainsbury's Local,"Water, Soft Drinks, Mixers",Offers,Fever-Tree Refreshingly Light Mediterranean Tonic Water 500ml,500ml,£3.60/L,1.80,2.65,£0.85 off
Sainsbury's Local,"Water, Soft Drinks, Mixers",Offers,Lucozade Energy Drink Orange 900ml,900ml,£1.67/L,1.50,2.00,£0.50 off
Sainsbury's Local,"Water, Soft Drinks, Mixers",Offers,Lucozade Energy Drink Original 900ml,900ml,£1.67/L,1.50,2.00,£0.50 off
Sainsbury's Local,"Water, Soft Drinks, Mixers",Offers,Pepsi Max 8 x 330ml,8pk,£1.42/L,3.75,5.50,£1.75 off
Sainsbury's Local,"Water, Soft Drinks, Mixers",Offers,Pepsi Max Cherry 8 x 330ml,8pk,£1.42/L,3.75,5.50,£1.75 off
Sainsbury's Local,"Water, Soft Drinks, Mixers",Offers,Red Bull Energy Drink 4 x 250ml,4pk,£5.00/L,5.00,6.90,£1.90 off
Sainsbury's Local,"Water, Soft Drinks, Mixers",Offers,Red Bull Energy Drink Sugar Free 250ml x 4,4pk,£4.75/L,4.75,6.20,£1.45 off
Sainsbury's Local,"Water, Soft Drinks, Mixers",Offers,Robinsons Orange 1 Litre,1L,£1.50/L,1.50,2.50,£1 off
Sainsbury's Local,"Water, Soft Drinks, Mixers",Offers,Shaken Udder Chocolush Milkshake 750ml,750ml,£2.67/L,2.00,2.95,£0.95 off
Sainsbury's Local,"Water, Soft Drinks, Mixers",Offers,Vita Coco Extra Coconut 1L,1L,£3.00/L,3.00,4.40,£1.40 off
Sainsbury's Local,"Water, Soft Drinks, Mixers",Offers,Volvic Touch of Fruit Lemon & Lime Sugar Free Still Flavoured Water 1.5L,1.5L,£0.77/L,1.15,1.60,£0.45 off
Sainsbury's Local,"Water, Soft Drinks, Mixers",Offers,Volvic Touch of Fruit Strawberry Sugar Free Still Flavoured Water 1.5L,1.5L,£0.77/L,1.15,1.60,£0.45 off
Sainsbury's Local,"Water, Soft Drinks, Mixers",Packed Lunch Picks,Yazoo Chocolate Milk Drink 1L,1L,£2.15/L,2.15,,
Sainsbury's Local,"Water, Soft Drinks, Mixers",Sport & Energy Drinks,"Celsius Energy Drink, Sparkling Mango Lemonade 355ml",355ml,£6.20/L,2.20,,
Sainsbury's Local,"Water, Soft Drinks, Mixers",Sport & Energy Drinks,"Celsius Energy Drink, Sparkling Raspberry Peach 355ml",355ml,£6.20/L,2.20,,
Sainsbury's Local,"Water, Soft Drinks, Mixers",Sport & Energy Drinks,Huel Banana Flavour Ready-to-Drink Complete Meal 500ml,500ml,£8.30/L,4.15,,
Sainsbury's Local,"Water, Soft Drinks, Mixers",Sport & Energy Drinks,Huel Black Edition Strawberry Banana 500ml,500ml,£9.00/L,4.50,,
Sainsbury's Local,"Water, Soft Drinks, Mixers",Sport & Energy Drinks,Huel Chocolate Flavour Ready-To-Drink Complete Meal 500ml,500ml,£8.30/L,4.15,,
Sainsbury's Local,"Water, Soft Drinks, Mixers",Sport & Energy Drinks,Huel Iced Coffee Caramel 500ml,500ml,£8.30/L,4.15,,
Sainsbury's Local,"Water, Soft Drinks, Mixers",Sport & Energy Drinks,Huel Ready-to-drink Vanilla Flavour 500ml,500ml,£8.30/L,4.15,,
Sainsbury's Local,"Water, Soft Drinks, Mixers",Sport & Energy Drinks,Liquid IV Sugar Free White Peach Electrolyte Powder Mix 3 sachets,16g,£312.50/kg,5.00,,
Sainsbury's Local,"Water, Soft Drinks, Mixers",Sport & Energy Drinks,Lucozade Energy Drink Orange 4x380ml,4pk,£2.83/L,4.30,,
Sainsbury's Local,"Water, Soft Drinks, Mixers",Sport & Energy Drinks,Lucozade Energy Drink Orange 500ml,500ml,£4.00/L,2.00,,
Sainsbury's Local,"Water, Soft Drinks, Mixers",Sport & Energy Drinks,Lucozade Energy Drink Orange 900ml,900ml,£1.67/L,1.50,2.00,£0.50 off
Sainsbury's Local,"Water, Soft Drinks, Mixers",Sport & Energy Drinks,Lucozade Energy Drink Original 500ml,500ml,£4.00/L,2.00,,
Sainsbury's Local,"Water, Soft Drinks, Mixers",Sport & Energy Drinks,Lucozade Energy Drink Original 900ml,900ml,£1.67/L,1.50,2.00,£0.50 off
Sainsbury's Local,"Water, Soft Drinks, Mixers",Sport & Energy Drinks,Lucozade Energy Zero Sugar Drink Pink Lemonade 500ml,500ml,£4.00/L,2.00,,
Sainsbury's Local,"Water, Soft Drinks, Mixers",Sport & Energy Drinks,Lucozade Energy Zero Sugar Drink Pink Lemonade 900ml,900ml,£2.50/L,2.25,,
Sainsbury's Local,"Water, Soft Drinks, Mixers",Sport & Energy Drinks,Lucozade Sport Drink Orange 4 x 500ml,4pk,£2.93/L,5.85,,
Sainsbury's Local,"Water, Soft Drinks, Mixers",Sport & Energy Drinks,Lucozade Sport Drink Orange 500ml,500ml,£4.30/L,2.15,,
Sainsbury's Local,"Water, Soft Drinks, Mixers",Sport & Energy Drinks,Lucozade Sport Drink Raspberry 500ml,500ml,£4.40/L,2.20,,
Sainsbury's Local,"Water, Soft Drinks, Mixers",Sport & Energy Drinks,Monster Energy Drink 500ml,500ml,£5.00/L,2.50,,
Sainsbury's Local,"Water, Soft Drinks, Mixers",Sport & Energy Drinks,Monster Energy Drink Mango Loco 4 x 500ml,4pk,£4.68/L,9.35,,
Sainsbury's Local,"Water, Soft Drinks, Mixers",Sport & Energy Drinks,Monster Energy Drink Mango Loco 500ml,500ml,£5.00/L,2.50,,
Sainsbury's Local,"Water, Soft Drinks, Mixers",Sport & Energy Drinks,Monster Energy Drink Monarch 500ml,500ml,£5.50/L,2.75,,
Sainsbury's Local,"Water, Soft Drinks, Mixers",Sport & Energy Drinks,Monster Energy Drink Pipeline Punch 500ml Can,500ml,£5.00/L,2.50,,
Sainsbury's Local,"Water, Soft Drinks, Mixers",Sport & Energy Drinks,Monster Energy Drink Ultra Fiesta Mango Zero Sugar 500ml,500ml,£5.20/L,2.60,,
Sainsbury's Local,"Water, Soft Drinks, Mixers",Sport & Energy Drinks,Monster Energy Drink Ultra Rosa Zero Sugar 500ml Can,500ml,£4.80/L,2.40,,
Sainsbury's Local,"Water, Soft Drinks, Mixers",Sport & Energy Drinks,Monster Energy Drink Ultra Zero Sugar 4 x 500ml Cans,4pk,£3.98/L,7.95,,
Sainsbury's Local,"Water, Soft Drinks, Mixers",Sport & Energy Drinks,Monster Energy Drink Ultra Zero Sugar 500ml Can,500ml,£4.80/L,2.40,,
Sainsbury's Local,"Water, Soft Drinks, Mixers",Sport & Energy Drinks,Monster Energy Drink Zero Sugar 500ml Can,500ml,£4.80/L,2.40,,
Sainsbury's Local,"Water, Soft Drinks, Mixers",Sport & Energy Drinks,Phizz 20 Orange Tablets 86g,20pk,£104.65/kg,9.00,,
Sainsbury's Local,"Water, Soft Drinks, Mixers",Sport & Energy Drinks,Purdey's Natural Energy Apple & Grape 330ml,330ml,£7.12/L,2.35,,
Sainsbury's Local,"Water, Soft Drinks, Mixers",Sport & Energy Drinks,Raw Hydrate 100% Natural Electrolytes Hydration Juice 250ml,250ml,£11.00/L,2.75,,
Sainsbury's Local,"Water, Soft Drinks, Mixers",Sport & Energy Drinks,Red Bull Energy Drink 250ml,250ml,£9.00/L,2.25,,
Sainsbury's Local,"Water, Soft Drinks, Mixers",Sport & Energy Drinks,Red Bull Energy Drink 355ml,355ml,£7.75/L,2.75,,
Sainsbury's Local,"Water, Soft Drinks, Mixers",Sport & Energy Drinks,Red Bull Energy Drink 4 x 250ml,4pk,£5.00/L,5.00,6.90,£1.90 off
Sainsbury's Local,"Water, Soft Drinks, Mixers",Sport & Energy Drinks,Red Bull Energy Drink 473ml,473ml,£7.61/L,3.60,,
Sainsbury's Local,"Water, Soft Drinks, Mixers",Sport & Energy Drinks,Red Bull Energy Drink Sugar Free 250ml,250ml,£8.00/L,2.00,,
Sainsbury's Local,"Water, Soft Drinks, Mixers",Sport & Energy Drinks,Red Bull Energy Drink Sugar Free 250ml x 4,4pk,£4.75/L,4.75,6.20,£1.45 off
Sainsbury's Local,"Water, Soft Drinks, Mixers",Sport & Energy Drinks,Red Bull Energy Drink Sugar Free 355ml,355ml,£7.89/L,2.80,,
Sainsbury's Local,"Water, Soft Drinks, Mixers",Sport & Energy Drinks,Red Bull Energy Drink Sugar Free Peach Edition White Peach 4 x 250ml,4pk,£6.30/L,6.30,,
Sainsbury's Local,"Water, Soft Drinks, Mixers",Sport & Energy Drinks,Red Bull The Coconut Edition Coconut & Berry Energy Drink 250ml,250ml,£9.20/L,2.30,,
Sainsbury's Local,"Water, Soft Drinks, Mixers",Sport & Energy Drinks,Red Bull Zero 250ml,250ml,£8.00/L,2.00,,
Sainsbury's Local,"Water, Soft Drinks, Mixers",Sport & Energy Drinks,Relentless Origin Energy Drink 500ml,500ml,£2.60/L,1.30,,
Sainsbury's Local,"Water, Soft Drinks, Mixers",Squash & Cordials,Nescafé Espresso Concentrated Iced Caramel Flavour 500ml,500ml,£13.10/L,6.55,,
Sainsbury's Local,"Water, Soft Drinks, Mixers",Squash & Cordials,Ribena Blackcurrant Squash 850ml,850ml,£3.12/L,2.65,,
Sainsbury's Local,"Water, Soft Drinks, Mixers",Squash & Cordials,Robinsons Apple & Blackcurrant 1L,1L,£2.50/L,2.50,,
Sainsbury's Local,"Water, Soft Drinks, Mixers",Squash & Cordials,Robinsons Fruit Creations Zesty Orange & Mango 1L,1L,£3.30/L,3.30,,
Sainsbury's Local,"Water, Soft Drinks, Mixers",Squash & Cordials,Robinsons Mini Apple & Blackcurrant 66ml,66ml,£58.33/L,3.85,,
Sainsbury's Local,"Water, Soft Drinks, Mixers",Squash & Cordials,Robinsons Orange 1 Litre,1L,£1.50/L,1.50,2.50,£1 off
Sainsbury's Local,"Water, Soft Drinks, Mixers",Squash & Cordials,Sainsbury's Apple & Blackcurrant Squash 750ml,750ml,£3.67/L,2.75,,
Sainsbury's Local,"Water, Soft Drinks, Mixers",Squash & Cordials,Vimto No Added Sugar Real Fruit Squash 1 Litre,1L,£2.65/L,2.65,,
Sainsbury's Local,"Water, Soft Drinks, Mixers",Summer Drinks,Fanta Fruit Twist 2L Bottle,2L,£1.40/L,2.80,,
Sainsbury's Local,"Water, Soft Drinks, Mixers",Summer Drinks,Fanta Orange Zero 8 x 330ml Cans,8pk,£1.84/L,4.85,,
Sainsbury's Local,"Water, Soft Drinks, Mixers",Summer Drinks,Jimmy's Iced Coffee Original 380ml,380ml,£9.08/L,3.45,,
Sainsbury's Local,"Water, Soft Drinks, Mixers",Summer Drinks,Sainsbury's Apple & Blackcurrant Squash 750ml,750ml,£3.67/L,2.75,,
Sainsbury's Local,"Water, Soft Drinks, Mixers",Summer Drinks,Starbucks Caffè Latte Chilled Coffee 330ml,330ml,£10.91/L,3.60,,
Sainsbury's Local,"Water, Soft Drinks, Mixers",Summer Drinks,Starbucks Frappuccino Indulgent Caramel Flavour Coffee Drink 250ml,250ml,£11.00/L,2.75,,
Sainsbury's Local,"Water, Soft Drinks, Mixers",Summer Drinks,Starbucks Tripleshot Espresso 300ml,300ml,£10.33/L,3.10,,
Sainsbury's Local,"Water, Soft Drinks, Mixers",Summer Drinks,Vimto No Added Sugar Real Fruit Squash 1 Litre,1L,£2.65/L,2.65,,
Sainsbury's Local,"Water, Soft Drinks, Mixers",Tonics & Mixers,Fever-Tree Refreshingly Light Mediterranean Tonic Water 500ml,500ml,£3.60/L,1.80,2.65,£0.85 off
Sainsbury's Local,"Water, Soft Drinks, Mixers",Tonics & Mixers,Sainsbury's Diet Indian Tonic Water 1L,1L,£1.00/L,1.00,,
Sainsbury's Local,"Water, Soft Drinks, Mixers",Tonics & Mixers,Sainsbury's Indian Tonic Water 1L,1L,£1.00/L,1.00,,
Sainsbury's Local,"Water, Soft Drinks, Mixers",Tonics & Mixers,Sainsbury's Soda Water 1L,1L,£1.00/L,1.00,,
Sainsbury's Local,"Water, Soft Drinks, Mixers",Tonics & Mixers,Schweppes Indian Tonic Water 1L,1L,£2.30/L,2.30,,
Sainsbury's Local,"Water, Soft Drinks, Mixers",Tonics & Mixers,Schweppes Slimline Tonic Water 1L Bottle,1L,£2.50/L,2.50,,
Sainsbury's Local,"Water, Soft Drinks, Mixers",Tonics & Mixers,Schweppes Soda Water 1L,1L,£2.30/L,2.30,,
Sainsbury's Local,"Water, Soft Drinks, Mixers",Water,Aqua Libra Sparkling Water Infused with Cucumber Mint & Lime 4 x 330ml,4pk,£3.18/L,4.20,,
Sainsbury's Local,"Water, Soft Drinks, Mixers",Water,Buxton Still Natural Mineral Water 1.5L,1.5L,£0.73/L,1.10,,
Sainsbury's Local,"Water, Soft Drinks, Mixers",Water,Buxton Still Natural Mineral Water 1L,1L,£1.95/L,1.95,,
Sainsbury's Local,"Water, Soft Drinks, Mixers",Water,Buxton Still Natural Mineral Water 75cl,75cl,£2.00/L,1.50,,
Sainsbury's Local,"Water, Soft Drinks, Mixers",Water,Buxton Still Natural Mineral Water 8 x 50cl,8pk,£0.83/L,3.30,,
Sainsbury's Local,"Water, Soft Drinks, Mixers",Water,Cawston Press Rhubarb 330ml,330ml,£5.30/L,1.75,,
Sainsbury's Local,"Water, Soft Drinks, Mixers",Water,Dash Raspberry Sparkling Water 500ml,500ml,£4.70/L,2.35,,
Sainsbury's Local,"Water, Soft Drinks, Mixers",Water,Evian Natural Bottled Mineral Still Water 500ml,500ml,£3.30/L,1.65,,
Sainsbury's Local,"Water, Soft Drinks, Mixers",Water,Evian Natural Bottled Mineral Still Water Multipack 6x1.5L,6pk,£0.24/L,7.20,,
Sainsbury's Local,"Water, Soft Drinks, Mixers",Water,Evian Natural Mineral Water 6 x 50cl,6pk,£1.42/L,4.25,,
Sainsbury's Local,"Water, Soft Drinks, Mixers",Water,Evian Natural Mineral Water 75cl,75cl,£2.67/L,2.00,,
Sainsbury's Local,"Water, Soft Drinks, Mixers",Water,Evian Still Natural Mineral Water 1.5L,1.5L,£1.07/L,1.60,,
Sainsbury's Local,"Water, Soft Drinks, Mixers",Water,Highland Spring Eco Bottle Still Spring Water 1.5 Litre,1.5L,£0.90/L,1.35,,
Sainsbury's Local,"Water, Soft Drinks, Mixers",Water,Highland Spring Sparkling Spring Water 1.5L,1.5L,£0.93/L,1.40,,
Sainsbury's Local,"Water, Soft Drinks, Mixers",Water,Highland Spring Sparkling Spring Water 8 x 500ml,8pk,£0.91/L,3.65,,
Sainsbury's Local,"Water, Soft Drinks, Mixers",Water,Highland Spring Still Spring Water 12 x 500ml,12pk,£0.73/L,4.35,,
Sainsbury's Local,"Water, Soft Drinks, Mixers",Water,Highland Spring Still Spring Water 6 x 1.5L,6pk,£0.58/L,5.25,,
Sainsbury's Local,"Water, Soft Drinks, Mixers",Water,Highland Spring Still Spring Water 750ml,750ml,£2.00/L,1.50,,
Sainsbury's Local,"Water, Soft Drinks, Mixers",Water,Rubicon Black Cherry Raspberry Sparkling Spring Water 500ml,500ml,£4.90/L,2.45,,
Sainsbury's Local,"Water, Soft Drinks, Mixers",Water,Rubicon Orange Mango Sparkling Spring Water 500ml,500ml,£4.90/L,2.45,,
Sainsbury's Local,"Water, Soft Drinks, Mixers",Water,"Sainsbury's Bottled Sparkling Flavoured Water, Blackcurrant & Cherry 1L",1L,£1.05/L,1.05,,
Sainsbury's Local,"Water, Soft Drinks, Mixers",Water,Sainsbury's British Spring Water 500ml,500ml,£2.00/L,1.00,,
Sainsbury's Local,"Water, Soft Drinks, Mixers",Water,Sainsbury's Sparkling British Spring Water 2L,2L,£0.53/L,1.05,,
Sainsbury's Local,"Water, Soft Drinks, Mixers",Water,Sainsbury's Sparkling Lemon and Lime Flavoured Spring Water 1L,1L,£1.05/L,1.05,,
Sainsbury's Local,"Water, Soft Drinks, Mixers",Water,Sainsbury's Sparkling Mango and Passion Fruit Flavoured Spring Water 1L,1L,£1.05/L,1.05,,
Sainsbury's Local,"Water, Soft Drinks, Mixers",Water,Sainsbury's Still British Spring Water 12 x 500ml,12pk,£0.54/L,3.25,,
Sainsbury's Local,"Water, Soft Drinks, Mixers",Water,Sainsbury's Still British Spring Water 2L,2L,£0.53/L,1.05,,
Sainsbury's Local,"Water, Soft Drinks, Mixers",Water,Sainsbury's Still Strawberry and Kiwi Flavoured Spring Water 1L,1L,£1.05/L,1.05,,
Sainsbury's Local,"Water, Soft Drinks, Mixers",Water,San Pellegrino Sparkling Natural Mineral Water 1L,1L,£1.95/L,1.95,,
Sainsbury's Local,"Water, Soft Drinks, Mixers",Water,San Pellegrino Sparkling Natural Mineral Water 500ml,500ml,£3.30/L,1.65,,
Sainsbury's Local,"Water, Soft Drinks, Mixers",Water,Volvic Natural Mineral Water 1.5L,1.5L,£0.90/L,1.35,,
Sainsbury's Local,"Water, Soft Drinks, Mixers",Water,Volvic Touch of Fruit Cherry 750ml,750ml,£2.87/L,2.15,,
Sainsbury's Local,"Water, Soft Drinks, Mixers",Water,Volvic Touch of Fruit Lemon & Lime Sugar Free Still Flavoured Water 1.5L,1.5L,£0.77/L,1.15,1.60,£0.45 off
Sainsbury's Local,"Water, Soft Drinks, Mixers",Water,Volvic Touch of Fruit Strawberry 750ml,750ml,£2.87/L,2.15,,
Sainsbury's Local,"Water, Soft Drinks, Mixers",Water,Volvic Touch of Fruit Strawberry Sugar Free Still Flavoured Water 1.5L,1.5L,£0.77/L,1.15,1.60,£0.45 off
Sainsbury's Local,"Water, Soft Drinks, Mixers",Water,Volvic Touch of Mango Passion 750ml,750ml,£2.87/L,2.15,,
Sainsbury's Local,"Water, Soft Drinks, Mixers","Water, Soft Drinks, Mixers",7UP Zero Sugar 500ml,500ml,£4.70/L,2.35,,
Sainsbury's Local,"Water, Soft Drinks, Mixers","Water, Soft Drinks, Mixers",7UP Zero Sugar 8 x 330ml,8pk,£1.82/L,4.80,,
Sainsbury's Local,"Water, Soft Drinks, Mixers","Water, Soft Drinks, Mixers",7Up Pink Lemonade 2 Litres,2L,£1.15/L,2.30,,
Sainsbury's Local,"Water, Soft Drinks, Mixers","Water, Soft Drinks, Mixers",7Up Zero Sugar 2 Litres,2L,£1.05/L,2.10,,
Sainsbury's Local,"Water, Soft Drinks, Mixers","Water, Soft Drinks, Mixers",Appletiser Sparkling Apple Juice 250ml Can,250ml,£6.80/L,1.70,,
Sainsbury's Local,"Water, Soft Drinks, Mixers","Water, Soft Drinks, Mixers",Appletiser Sparkling Apple Juice 750ml Glass Bottle,750ml,£6.87/L,5.15,,
Sainsbury's Local,"Water, Soft Drinks, Mixers","Water, Soft Drinks, Mixers",Aqua Libra Sparkling Water Infused with Cucumber Mint & Lime 4 x 330ml,4pk,£3.18/L,4.20,,
Sainsbury's Local,"Water, Soft Drinks, Mixers","Water, Soft Drinks, Mixers",Arctic Coffee Café Latte 330ml,330ml,£3.94/L,1.30,,
Sainsbury's Local,"Water, Soft Drinks, Mixers","Water, Soft Drinks, Mixers",Arctic Coffee Caramel Latte 330ml,330ml,£3.94/L,1.30,,
Sainsbury's Local,"Water, Soft Drinks, Mixers","Water, Soft Drinks, Mixers",Buxton Still Natural Mineral Water 1.5L,1.5L,£0.73/L,1.10,,
Sainsbury's Local,"Water, Soft Drinks, Mixers","Water, Soft Drinks, Mixers",Buxton Still Natural Mineral Water 1L,1L,£1.95/L,1.95,,
Sainsbury's Local,"Water, Soft Drinks, Mixers","Water, Soft Drinks, Mixers",Buxton Still Natural Mineral Water 75cl,75cl,£2.00/L,1.50,,
Sainsbury's Local,"Water, Soft Drinks, Mixers","Water, Soft Drinks, Mixers",Buxton Still Natural Mineral Water 8 x 50cl,8pk,£0.83/L,3.30,,
Sainsbury's Local,"Water, Soft Drinks, Mixers","Water, Soft Drinks, Mixers",Capri Sun Orange 4 x 200ml,4pk,£3.31/L,2.65,,
Sainsbury's Local,"Water, Soft Drinks, Mixers","Water, Soft Drinks, Mixers",Capri-Sun Orange 330ml,330ml,£5.15/L,1.70,,
Sainsbury's Local,"Water, Soft Drinks, Mixers","Water, Soft Drinks, Mixers",Cawston Press Rhubarb 330ml,330ml,£5.30/L,1.75,,
Sainsbury's Local,"Water, Soft Drinks, Mixers","Water, Soft Drinks, Mixers","Celsius Energy Drink, Sparkling Mango Lemonade 355ml",355ml,£6.20/L,2.20,,
Sainsbury's Local,"Water, Soft Drinks, Mixers","Water, Soft Drinks, Mixers","Celsius Energy Drink, Sparkling Raspberry Peach 355ml",355ml,£6.20/L,2.20,,
Sainsbury's Local,"Water, Soft Drinks, Mixers","Water, Soft Drinks, Mixers",Coca-Cola Cherry 1.75L Bottle,1.75L,£2.09/L,3.65,,
Sainsbury's Local,"Water, Soft Drinks, Mixers","Water, Soft Drinks, Mixers",Coca-Cola Cherry 500ml Bottle,500ml,£5.20/L,2.60,,
Sainsbury's Local,"Water, Soft Drinks, Mixers","Water, Soft Drinks, Mixers",Coca-Cola Original Taste 1.75L Bottle,1.75L,£2.11/L,3.70,,
Sainsbury's Local,"Water, Soft Drinks, Mixers","Water, Soft Drinks, Mixers",Coca-Cola Original Taste 330ml Can,330ml,£5.30/L,1.75,,
Sainsbury's Local,"Water, Soft Drinks, Mixers","Water, Soft Drinks, Mixers",Coca-Cola Original Taste 4 x 250ml Glass Bottles,4pk,£7.05/L,7.05,,
Sainsbury's Local,"Water, Soft Drinks, Mixers","Water, Soft Drinks, Mixers",Coca-Cola Original Taste 500ml Bottle,500ml,£5.40/L,2.70,,
Sainsbury's Local,"Water, Soft Drinks, Mixers","Water, Soft Drinks, Mixers",Coca-Cola Original Taste 500ml Superfan Can,500ml,£5.00/L,2.50,,
Sainsbury's Local,"Water, Soft Drinks, Mixers","Water, Soft Drinks, Mixers",Coca-Cola Original Taste 8 x 330ml Cans,8pk,£2.95/L,7.80,,
Sainsbury's Local,"Water, Soft Drinks, Mixers","Water, Soft Drinks, Mixers",Coca-Cola Zero Sugar 2L Bottle,2L,£0.88/L,1.75,2.75,£1 off
Sainsbury's Local,"Water, Soft Drinks, Mixers","Water, Soft Drinks, Mixers",Coca-Cola Zero Sugar 330ml Can,330ml,£4.85/L,1.60,,
Sainsbury's Local,"Water, Soft Drinks, Mixers","Water, Soft Drinks, Mixers",Coca-Cola Zero Sugar 500ml Bottle,500ml,£4.60/L,2.30,,
Sainsbury's Local,"Water, Soft Drinks, Mixers","Water, Soft Drinks, Mixers",Coca-Cola Zero Sugar 500ml Superfan Can,500ml,£4.60/L,2.30,,
Sainsbury's Local,"Water, Soft Drinks, Mixers","Water, Soft Drinks, Mixers",Coca-Cola Zero Sugar Cherry 500ml Bottle,500ml,£4.70/L,2.35,,
Sainsbury's Local,"Water, Soft Drinks, Mixers","Water, Soft Drinks, Mixers",Coca-Cola Zero sugar 8 x 330ml,2.64L,£2.67/L,7.05,,
Sainsbury's Local,"Water, Soft Drinks, Mixers","Water, Soft Drinks, Mixers",Dash Raspberry Sparkling Water 500ml,500ml,£4.70/L,2.35,,
Sainsbury's Local,"Water, Soft Drinks, Mixers","Water, Soft Drinks, Mixers",Diet Coke 330ml,330ml,£4.85/L,1.60,,
Sainsbury's Local,"Water, Soft Drinks, Mixers","Water, Soft Drinks, Mixers",Diet Coke Cherry Cola 500ml Bottle,500ml,£4.60/L,2.30,,
Sainsbury's Local,"Water, Soft Drinks, Mixers","Water, Soft Drinks, Mixers",Diet Coke Cola 18 x 330ml Cans,18pk,£2.17/L,12.90,,
Sainsbury's Local,"Water, Soft Drinks, Mixers","Water, Soft Drinks, Mixers",Diet Coke Cola 2L Bottle,2L,£0.88/L,1.75,2.75,£1 off
Sainsbury's Local,"Water, Soft Drinks, Mixers","Water, Soft Drinks, Mixers",Diet Coke Cola 4 x 250ml Glass Bottles,4pk,£6.50/L,6.50,,
Sainsbury's Local,"Water, Soft Drinks, Mixers","Water, Soft Drinks, Mixers",Diet Coke Cola 500ml Bottle,500ml,£4.60/L,2.30,,
Sainsbury's Local,"Water, Soft Drinks, Mixers","Water, Soft Drinks, Mixers",Diet Coke Cola 8 x 330ml Cans,8pk,£1.42/L,3.75,5.75,£2 off
Sainsbury's Local,"Water, Soft Drinks, Mixers","Water, Soft Drinks, Mixers",Diet Coke Cola Superfan 500ml Can,500ml,£4.60/L,2.30,,
Sainsbury's Local,"Water, Soft Drinks, Mixers","Water, Soft Drinks, Mixers",Dr Pepper 2L Bottle,2L,£1.40/L,2.80,,
Sainsbury's Local,"Water, Soft Drinks, Mixers","Water, Soft Drinks, Mixers",Dr Pepper 500ml Bottle,500ml,£4.60/L,2.30,,
Sainsbury's Local,"Water, Soft Drinks, Mixers","Water, Soft Drinks, Mixers",Dr Pepper 8 x 330ml Cans,8pk,£2.03/L,5.35,,
Sainsbury's Local,"Water, Soft Drinks, Mixers","Water, Soft Drinks, Mixers",Emmi Caffè Latte Skinny 370ml,370ml,£9.59/L,3.55,,
Sainsbury's Local,"Water, Soft Drinks, Mixers","Water, Soft Drinks, Mixers",Emmi Cappuccino Caffè Latte 370ml,370ml,£9.59/L,3.55,,
Sainsbury's Local,"Water, Soft Drinks, Mixers","Water, Soft Drinks, Mixers",Evian Natural Bottled Mineral Still Water 500ml,500ml,£3.30/L,1.65,,
Sainsbury's Local,"Water, Soft Drinks, Mixers","Water, Soft Drinks, Mixers",Evian Natural Bottled Mineral Still Water Multipack 6x1.5L,6pk,£0.24/L,7.20,,
Sainsbury's Local,"Water, Soft Drinks, Mixers","Water, Soft Drinks, Mixers",Evian Natural Mineral Water 6 x 50cl,6pk,£1.42/L,4.25,,
Sainsbury's Local,"Water, Soft Drinks, Mixers","Water, Soft Drinks, Mixers",Evian Natural Mineral Water 75cl,75cl,£2.67/L,2.00,,
Sainsbury's Local,"Water, Soft Drinks, Mixers","Water, Soft Drinks, Mixers",Evian Still Natural Mineral Water 1.5L,1.5L,£1.07/L,1.60,,
Sainsbury's Local,"Water, Soft Drinks, Mixers","Water, Soft Drinks, Mixers",FEVER-TREE Premium Refreshingly Light Ginger Beer 500ml,500ml,£3.60/L,1.80,2.50,£0.70 off
Sainsbury's Local,"Water, Soft Drinks, Mixers","Water, Soft Drinks, Mixers",Fanta Fruit Twist 2L Bottle,2L,£1.40/L,2.80,,
Sainsbury's Local,"Water, Soft Drinks, Mixers","Water, Soft Drinks, Mixers",Fanta Fruit Twist 500ml Bottle,500ml,£4.60/L,2.30,,
Sainsbury's Local,"Water, Soft Drinks, Mixers","Water, Soft Drinks, Mixers",Fanta Orange 500ml Bottle,500ml,£4.60/L,2.30,,
Sainsbury's Local,"Water, Soft Drinks, Mixers","Water, Soft Drinks, Mixers",Fanta Orange Zero 2L Bottle,2L,£1.40/L,2.80,,
Sainsbury's Local,"Water, Soft Drinks, Mixers","Water, Soft Drinks, Mixers",Fanta Orange Zero 8 x 330ml Cans,8pk,£1.84/L,4.85,,
Sainsbury's Local,"Water, Soft Drinks, Mixers","Water, Soft Drinks, Mixers",Fever-Tree Refreshingly Light Mediterranean Tonic Water 500ml,500ml,£3.60/L,1.80,2.65,£0.85 off
Sainsbury's Local,"Water, Soft Drinks, Mixers","Water, Soft Drinks, Mixers",Harry Brompton's London's Peach Iced Tea 500ml,500ml,£4.00/L,2.00,,
Sainsbury's Local,"Water, Soft Drinks, Mixers","Water, Soft Drinks, Mixers",Highland Spring Eco Bottle Still Spring Water 1.5 Litre,1.5L,£0.90/L,1.35,,
Sainsbury's Local,"Water, Soft Drinks, Mixers","Water, Soft Drinks, Mixers",Highland Spring Sparkling Spring Water 1.5L,1.5L,£0.93/L,1.40,,
Sainsbury's Local,"Water, Soft Drinks, Mixers","Water, Soft Drinks, Mixers",Highland Spring Sparkling Spring Water 8 x 500ml,8pk,£0.91/L,3.65,,
Sainsbury's Local,"Water, Soft Drinks, Mixers","Water, Soft Drinks, Mixers",Highland Spring Still Spring Water 12 x 500ml,12pk,£0.73/L,4.35,,
Sainsbury's Local,"Water, Soft Drinks, Mixers","Water, Soft Drinks, Mixers",Highland Spring Still Spring Water 6 x 1.5L,6pk,£0.58/L,5.25,,
Sainsbury's Local,"Water, Soft Drinks, Mixers","Water, Soft Drinks, Mixers",Highland Spring Still Spring Water 750ml,750ml,£2.00/L,1.50,,
Sainsbury's Local,"Water, Soft Drinks, Mixers","Water, Soft Drinks, Mixers",Huel Banana Flavour Ready-to-Drink Complete Meal 500ml,500ml,£8.30/L,4.15,,
Sainsbury's Local,"Water, Soft Drinks, Mixers","Water, Soft Drinks, Mixers",Huel Black Edition Strawberry Banana 500ml,500ml,£9.00/L,4.50,,
Sainsbury's Local,"Water, Soft Drinks, Mixers","Water, Soft Drinks, Mixers",Huel Chocolate Flavour Ready-To-Drink Complete Meal 500ml,500ml,£8.30/L,4.15,,
Sainsbury's Local,"Water, Soft Drinks, Mixers","Water, Soft Drinks, Mixers",Huel Iced Coffee Caramel 500ml,500ml,£8.30/L,4.15,,
Sainsbury's Local,"Water, Soft Drinks, Mixers","Water, Soft Drinks, Mixers",Huel Ready-to-drink Vanilla Flavour 500ml,500ml,£8.30/L,4.15,,
Sainsbury's Local,"Water, Soft Drinks, Mixers","Water, Soft Drinks, Mixers",Irn-Bru 2 Litre,2L,£1.30/L,2.60,,
Sainsbury's Local,"Water, Soft Drinks, Mixers","Water, Soft Drinks, Mixers",Irn-Bru 500ml,500ml,£4.70/L,2.35,,
Sainsbury's Local,"Water, Soft Drinks, Mixers","Water, Soft Drinks, Mixers",J2O Orange & Passion Fruit Still 4 x 250ml,4pk,£4.65/L,4.65,,
Sainsbury's Local,"Water, Soft Drinks, Mixers","Water, Soft Drinks, Mixers",Jimmy's Iced Coffee Original 380ml,380ml,£9.08/L,3.45,,
Sainsbury's Local,"Water, Soft Drinks, Mixers","Water, Soft Drinks, Mixers",Lavazza Caramel Latte Flavour 220ml,220ml,£10.91/L,2.40,,
Sainsbury's Local,"Water, Soft Drinks, Mixers","Water, Soft Drinks, Mixers",Lavazza Latte Macchiato 220ml,220ml,£10.91/L,2.40,,
Sainsbury's Local,"Water, Soft Drinks, Mixers","Water, Soft Drinks, Mixers",Lipton Lemon Ice Tea 500ml,500ml,£4.70/L,2.35,,
Sainsbury's Local,"Water, Soft Drinks, Mixers","Water, Soft Drinks, Mixers",Lipton Mango Ice Tea 1.25L,1.25L,£2.36/L,2.95,,
Sainsbury's Local,"Water, Soft Drinks, Mixers","Water, Soft Drinks, Mixers",Lipton Peach Ice Tea 1.25L,1.25L,£2.36/L,2.95,,
Sainsbury's Local,"Water, Soft Drinks, Mixers","Water, Soft Drinks, Mixers",Lipton Peach Ice Tea 500ml,500ml,£4.70/L,2.35,,
Sainsbury's Local,"Water, Soft Drinks, Mixers","Water, Soft Drinks, Mixers",Liquid IV Sugar Free White Peach Electrolyte Powder Mix 3 sachets,16g,£312.50/kg,5.00,,
Sainsbury's Local,"Water, Soft Drinks, Mixers","Water, Soft Drinks, Mixers",Lucozade Energy Drink Orange 4x380ml,4pk,£2.83/L,4.30,,
Sainsbury's Local,"Water, Soft Drinks, Mixers","Water, Soft Drinks, Mixers",Lucozade Energy Drink Orange 500ml,500ml,£4.00/L,2.00,,
Sainsbury's Local,"Water, Soft Drinks, Mixers","Water, Soft Drinks, Mixers",Lucozade Energy Drink Orange 900ml,900ml,£1.67/L,1.50,2.00,£0.50 off
Sainsbury's Local,"Water, Soft Drinks, Mixers","Water, Soft Drinks, Mixers",Lucozade Energy Drink Original 500ml,500ml,£4.00/L,2.00,,
Sainsbury's Local,"Water, Soft Drinks, Mixers","Water, Soft Drinks, Mixers",Lucozade Energy Drink Original 900ml,900ml,£1.67/L,1.50,2.00,£0.50 off
Sainsbury's Local,"Water, Soft Drinks, Mixers","Water, Soft Drinks, Mixers",Lucozade Energy Zero Sugar Drink Pink Lemonade 500ml,500ml,£4.00/L,2.00,,
Sainsbury's Local,"Water, Soft Drinks, Mixers","Water, Soft Drinks, Mixers",Lucozade Energy Zero Sugar Drink Pink Lemonade 900ml,900ml,£2.50/L,2.25,,
Sainsbury's Local,"Water, Soft Drinks, Mixers","Water, Soft Drinks, Mixers",Lucozade Sport Drink Orange 4 x 500ml,4pk,£2.93/L,5.85,,
Sainsbury's Local,"Water, Soft Drinks, Mixers","Water, Soft Drinks, Mixers",Lucozade Sport Drink Orange 500ml,500ml,£4.30/L,2.15,,
Sainsbury's Local,"Water, Soft Drinks, Mixers","Water, Soft Drinks, Mixers",Lucozade Sport Drink Raspberry 500ml,500ml,£4.40/L,2.20,,
Sainsbury's Local,"Water, Soft Drinks, Mixers","Water, Soft Drinks, Mixers",Moju Extra Strength Ginger 60ml,60ml,£53.33/L,3.20,,
Sainsbury's Local,"Water, Soft Drinks, Mixers","Water, Soft Drinks, Mixers",Moju Fresh Root Ginger 7x Shots 420ml,420ml,£17.74/L,7.45,,
Sainsbury's Local,"Water, Soft Drinks, Mixers","Water, Soft Drinks, Mixers",Monster Energy Drink 500ml,500ml,£5.00/L,2.50,,
Sainsbury's Local,"Water, Soft Drinks, Mixers","Water, Soft Drinks, Mixers",Monster Energy Drink Mango Loco 4 x 500ml,4pk,£4.68/L,9.35,,
Sainsbury's Local,"Water, Soft Drinks, Mixers","Water, Soft Drinks, Mixers",Monster Energy Drink Mango Loco 500ml,500ml,£5.00/L,2.50,,
Sainsbury's Local,"Water, Soft Drinks, Mixers","Water, Soft Drinks, Mixers",Monster Energy Drink Monarch 500ml,500ml,£5.50/L,2.75,,
Sainsbury's Local,"Water, Soft Drinks, Mixers","Water, Soft Drinks, Mixers",Monster Energy Drink Pipeline Punch 500ml Can,500ml,£5.00/L,2.50,,
Sainsbury's Local,"Water, Soft Drinks, Mixers","Water, Soft Drinks, Mixers",Monster Energy Drink Ultra Fiesta Mango Zero Sugar 500ml,500ml,£5.20/L,2.60,,
Sainsbury's Local,"Water, Soft Drinks, Mixers","Water, Soft Drinks, Mixers",Monster Energy Drink Ultra Rosa Zero Sugar 500ml Can,500ml,£4.80/L,2.40,,
Sainsbury's Local,"Water, Soft Drinks, Mixers","Water, Soft Drinks, Mixers",Monster Energy Drink Ultra Zero Sugar 4 x 500ml Cans,4pk,£3.98/L,7.95,,
Sainsbury's Local,"Water, Soft Drinks, Mixers","Water, Soft Drinks, Mixers",Monster Energy Drink Ultra Zero Sugar 500ml Can,500ml,£4.80/L,2.40,,
Sainsbury's Local,"Water, Soft Drinks, Mixers","Water, Soft Drinks, Mixers",Monster Energy Drink Zero Sugar 500ml Can,500ml,£4.80/L,2.40,,
Sainsbury's Local,"Water, Soft Drinks, Mixers","Water, Soft Drinks, Mixers",Nescafé Espresso Concentrated Iced Caramel Flavour 500ml,500ml,£13.10/L,6.55,,
Sainsbury's Local,"Water, Soft Drinks, Mixers","Water, Soft Drinks, Mixers",Oasis Summer Fruits 500ml Bottle,500ml,£4.90/L,2.45,,
Sainsbury's Local,"Water, Soft Drinks, Mixers","Water, Soft Drinks, Mixers",Old Jamaica Regular Ginger Beer 2L,2L,£1.30/L,2.60,,
Sainsbury's Local,"Water, Soft Drinks, Mixers","Water, Soft Drinks, Mixers",Orangina Sparkling Orange Soft Drink 420ml,420ml,£4.76/L,2.00,,
Sainsbury's Local,"Water, Soft Drinks, Mixers","Water, Soft Drinks, Mixers",Pepsi 2 litres,2L,£1.53/L,3.05,,
Sainsbury's Local,"Water, Soft Drinks, Mixers","Water, Soft Drinks, Mixers",Pepsi 500ml,500ml,£4.70/L,2.35,,
Sainsbury's Local,"Water, Soft Drinks, Mixers","Water, Soft Drinks, Mixers",Pepsi Max 12 x 330ml,12pk,£1.97/L,7.80,,
Sainsbury's Local,"Water, Soft Drinks, Mixers","Water, Soft Drinks, Mixers",Pepsi Max 15 x 330ml,15pk,£1.77/L,8.75,,
Sainsbury's Local,"Water, Soft Drinks, Mixers","Water, Soft Drinks, Mixers",Pepsi Max 2 Litres,2L,£1.53/L,3.05,,
Sainsbury's Local,"Water, Soft Drinks, Mixers","Water, Soft Drinks, Mixers",Pepsi Max 330ml,330ml,£4.70/L,1.55,,
Sainsbury's Local,"Water, Soft Drinks, Mixers","Water, Soft Drinks, Mixers",Pepsi Max 500ml,500ml,£4.60/L,2.30,,
Sainsbury's Local,"Water, Soft Drinks, Mixers","Water, Soft Drinks, Mixers",Pepsi Max 8 x 330ml,8pk,£1.42/L,3.75,5.50,£1.75 off
Sainsbury's Local,"Water, Soft Drinks, Mixers","Water, Soft Drinks, Mixers",Pepsi Max Cherry 2 Litres,2L,£1.53/L,3.05,,
Sainsbury's Local,"Water, Soft Drinks, Mixers","Water, Soft Drinks, Mixers",Pepsi Max Cherry 500ml,500ml,£4.70/L,2.35,,
Sainsbury's Local,"Water, Soft Drinks, Mixers","Water, Soft Drinks, Mixers",Pepsi Max Cherry 8 x 330ml,8pk,£1.42/L,3.75,5.50,£1.75 off
Sainsbury's Local,"Water, Soft Drinks, Mixers","Water, Soft Drinks, Mixers",Pepsi Max Lime 500ml,500ml,£4.70/L,2.35,,
Sainsbury's Local,"Water, Soft Drinks, Mixers","Water, Soft Drinks, Mixers",Phizz 20 Orange Tablets 86g,20pk,£104.65/kg,9.00,,
Sainsbury's Local,"Water, Soft Drinks, Mixers","Water, Soft Drinks, Mixers",Poppi Raspberry Rose Soda 4 x 330ml,4pk,£4.55/L,6.00,,
Sainsbury's Local,"Water, Soft Drinks, Mixers","Water, Soft Drinks, Mixers",Poppi Strawberry Lemon Soda 330ml,330ml,£6.06/L,2.00,,
Sainsbury's Local,"Water, Soft Drinks, Mixers","Water, Soft Drinks, Mixers",Poppi Wild Berry Soda 330ml,330ml,£6.06/L,2.00,,
Sainsbury's Local,"Water, Soft Drinks, Mixers","Water, Soft Drinks, Mixers",Poppi Wild Berry Soda 4 x 330ml,4pk,£4.55/L,6.00,,
Sainsbury's Local,"Water, Soft Drinks, Mixers","Water, Soft Drinks, Mixers",Purdey's Natural Energy Apple & Grape 330ml,330ml,£7.12/L,2.35,,
Sainsbury's Local,"Water, Soft Drinks, Mixers","Water, Soft Drinks, Mixers",Raw Hydrate 100% Natural Electrolytes Hydration Juice 250ml,250ml,£11.00/L,2.75,,
Sainsbury's Local,"Water, Soft Drinks, Mixers","Water, Soft Drinks, Mixers",Red Bull Energy Drink 250ml,250ml,£9.00/L,2.25,,
Sainsbury's Local,"Water, Soft Drinks, Mixers","Water, Soft Drinks, Mixers",Red Bull Energy Drink 355ml,355ml,£7.75/L,2.75,,
Sainsbury's Local,"Water, Soft Drinks, Mixers","Water, Soft Drinks, Mixers",Red Bull Energy Drink 4 x 250ml,4pk,£5.00/L,5.00,6.90,£1.90 off
Sainsbury's Local,"Water, Soft Drinks, Mixers","Water, Soft Drinks, Mixers",Red Bull Energy Drink 473ml,473ml,£7.61/L,3.60,,
Sainsbury's Local,"Water, Soft Drinks, Mixers","Water, Soft Drinks, Mixers",Red Bull Energy Drink Sugar Free 250ml,250ml,£8.00/L,2.00,,
Sainsbury's Local,"Water, Soft Drinks, Mixers","Water, Soft Drinks, Mixers",Red Bull Energy Drink Sugar Free 250ml x 4,4pk,£4.75/L,4.75,6.20,£1.45 off
Sainsbury's Local,"Water, Soft Drinks, Mixers","Water, Soft Drinks, Mixers",Red Bull Energy Drink Sugar Free 355ml,355ml,£7.89/L,2.80,,
Sainsbury's Local,"Water, Soft Drinks, Mixers","Water, Soft Drinks, Mixers",Red Bull Energy Drink Sugar Free Peach Edition White Peach 4 x 250ml,4pk,£6.30/L,6.30,,
Sainsbury's Local,"Water, Soft Drinks, Mixers","Water, Soft Drinks, Mixers",Red Bull The Coconut Edition Coconut & Berry Energy Drink 250ml,250ml,£9.20/L,2.30,,
Sainsbury's Local,"Water, Soft Drinks, Mixers","Water, Soft Drinks, Mixers",Red Bull Zero 250ml,250ml,£8.00/L,2.00,,
Sainsbury's Local,"Water, Soft Drinks, Mixers","Water, Soft Drinks, Mixers",Relentless Origin Energy Drink 500ml,500ml,£2.60/L,1.30,,
Sainsbury's Local,"Water, Soft Drinks, Mixers","Water, Soft Drinks, Mixers",Ribena Blackcurrant Juice Drink No Added Sugar 500ml,500ml,£4.00/L,2.00,,
Sainsbury's Local,"Water, Soft Drinks, Mixers","Water, Soft Drinks, Mixers",Ribena Blackcurrant Squash 850ml,850ml,£3.12/L,2.65,,
Sainsbury's Local,"Water, Soft Drinks, Mixers","Water, Soft Drinks, Mixers",Robinsons Apple & Blackcurrant 1L,1L,£2.50/L,2.50,,
Sainsbury's Local,"Water, Soft Drinks, Mixers","Water, Soft Drinks, Mixers",Robinsons Fruit Creations Zesty Orange & Mango 1L,1L,£3.30/L,3.30,,
Sainsbury's Local,"Water, Soft Drinks, Mixers","Water, Soft Drinks, Mixers",Robinsons Fruit Shoot Apple & Blackcurrant 4 x 200ml,4pk,£4.00/L,3.20,,
Sainsbury's Local,"Water, Soft Drinks, Mixers","Water, Soft Drinks, Mixers",Robinsons Mini Apple & Blackcurrant 66ml,66ml,£58.33/L,3.85,,
Sainsbury's Local,"Water, Soft Drinks, Mixers","Water, Soft Drinks, Mixers",Robinsons Orange 1 Litre,1L,£1.50/L,1.50,2.50,£1 off
Sainsbury's Local,"Water, Soft Drinks, Mixers","Water, Soft Drinks, Mixers",Robinsons Raspberry & Apple 500ml,500ml,£4.20/L,2.10,,
Sainsbury's Local,"Water, Soft Drinks, Mixers","Water, Soft Drinks, Mixers",Rodd's Iced Coffee Original Oat Latte 250ml,250ml,£9.80/L,2.45,,
Sainsbury's Local,"Water, Soft Drinks, Mixers","Water, Soft Drinks, Mixers",Rubicon Black Cherry Raspberry Sparkling Spring Water 500ml,500ml,£4.90/L,2.45,,
Sainsbury's Local,"Water, Soft Drinks, Mixers","Water, Soft Drinks, Mixers",Rubicon Orange Mango Sparkling Spring Water 500ml,500ml,£4.90/L,2.45,,
Sainsbury's Local,"Water, Soft Drinks, Mixers","Water, Soft Drinks, Mixers",Rubicon Sparkling Lychee 330ml,330ml,£3.18/L,1.05,,
Sainsbury's Local,"Water, Soft Drinks, Mixers","Water, Soft Drinks, Mixers",Rubicon Sparkling Mango 330ml,330ml,£3.18/L,1.05,,
Sainsbury's Local,"Water, Soft Drinks, Mixers","Water, Soft Drinks, Mixers",Rubicon Sparkling Mango 500ml,500ml,£4.90/L,2.45,,
Sainsbury's Local,"Water, Soft Drinks, Mixers","Water, Soft Drinks, Mixers",Rubicon Sparkling Passion 330ml,330ml,£3.18/L,1.05,,
Sainsbury's Local,"Water, Soft Drinks, Mixers","Water, Soft Drinks, Mixers",Sainsbury's Apple & Blackcurrant Squash 750ml,750ml,£3.67/L,2.75,,
Sainsbury's Local,"Water, Soft Drinks, Mixers","Water, Soft Drinks, Mixers","Sainsbury's Bottled Sparkling Flavoured Water, Blackcurrant & Cherry 1L",1L,£1.05/L,1.05,,
Sainsbury's Local,"Water, Soft Drinks, Mixers","Water, Soft Drinks, Mixers",Sainsbury's British Spring Water 500ml,500ml,£2.00/L,1.00,,
Sainsbury's Local,"Water, Soft Drinks, Mixers","Water, Soft Drinks, Mixers",Sainsbury's Chocolate Flavoured Milk 1l,1L,£1.35/L,1.35,,
Sainsbury's Local,"Water, Soft Drinks, Mixers","Water, Soft Drinks, Mixers",Sainsbury's Diet Bitter Lemon 1l,1L,£1.00/L,1.00,,
Sainsbury's Local,"Water, Soft Drinks, Mixers","Water, Soft Drinks, Mixers",Sainsbury's Diet Indian Tonic Water 1L,1L,£1.00/L,1.00,,
Sainsbury's Local,"Water, Soft Drinks, Mixers","Water, Soft Drinks, Mixers",Sainsbury's Diet Lemonade 2L,2L,£0.43/L,0.85,,
Sainsbury's Local,"Water, Soft Drinks, Mixers","Water, Soft Drinks, Mixers",Sainsbury's Indian Tonic Water 1L,1L,£1.00/L,1.00,,
Sainsbury's Local,"Water, Soft Drinks, Mixers","Water, Soft Drinks, Mixers",Sainsbury's Lemonade 2L,2L,£0.43/L,0.85,,
Sainsbury's Local,"Water, Soft Drinks, Mixers","Water, Soft Drinks, Mixers",Sainsbury's Soda Water 1L,1L,£1.00/L,1.00,,
Sainsbury's Local,"Water, Soft Drinks, Mixers","Water, Soft Drinks, Mixers",Sainsbury's Sparkling British Spring Water 2L,2L,£0.53/L,1.05,,
Sainsbury's Local,"Water, Soft Drinks, Mixers","Water, Soft Drinks, Mixers",Sainsbury's Sparkling Lemon and Lime Flavoured Spring Water 1L,1L,£1.05/L,1.05,,
Sainsbury's Local,"Water, Soft Drinks, Mixers","Water, Soft Drinks, Mixers",Sainsbury's Sparkling Mango and Passion Fruit Flavoured Spring Water 1L,1L,£1.05/L,1.05,,
Sainsbury's Local,"Water, Soft Drinks, Mixers","Water, Soft Drinks, Mixers",Sainsbury's Still British Spring Water 12 x 500ml,12pk,£0.54/L,3.25,,
Sainsbury's Local,"Water, Soft Drinks, Mixers","Water, Soft Drinks, Mixers",Sainsbury's Still British Spring Water 2L,2L,£0.53/L,1.05,,
Sainsbury's Local,"Water, Soft Drinks, Mixers","Water, Soft Drinks, Mixers",Sainsbury's Still Strawberry and Kiwi Flavoured Spring Water 1L,1L,£1.05/L,1.05,,
Sainsbury's Local,"Water, Soft Drinks, Mixers","Water, Soft Drinks, Mixers",San Pellegrino Sparkling Lemon Beverage 330ml,330ml,£4.85/L,1.60,,
Sainsbury's Local,"Water, Soft Drinks, Mixers","Water, Soft Drinks, Mixers",San Pellegrino Sparkling Natural Mineral Water 1L,1L,£1.95/L,1.95,,
Sainsbury's Local,"Water, Soft Drinks, Mixers","Water, Soft Drinks, Mixers",San Pellegrino Sparkling Natural Mineral Water 500ml,500ml,£3.30/L,1.65,,
Sainsbury's Local,"Water, Soft Drinks, Mixers","Water, Soft Drinks, Mixers",Schweppes Indian Tonic Water 1L,1L,£2.30/L,2.30,,
Sainsbury's Local,"Water, Soft Drinks, Mixers","Water, Soft Drinks, Mixers",Schweppes Lemonade 2L Bottle,2L,£0.88/L,1.75,,
Sainsbury's Local,"Water, Soft Drinks, Mixers","Water, Soft Drinks, Mixers",Schweppes Slimline Lemonade 2L Bottle,2L,£0.88/L,1.75,,
Sainsbury's Local,"Water, Soft Drinks, Mixers","Water, Soft Drinks, Mixers",Schweppes Slimline Tonic Water 1L Bottle,1L,£2.50/L,2.50,,
Sainsbury's Local,"Water, Soft Drinks, Mixers","Water, Soft Drinks, Mixers",Schweppes Soda Water 1L,1L,£2.30/L,2.30,,
Sainsbury's Local,"Water, Soft Drinks, Mixers","Water, Soft Drinks, Mixers",Shaken Udder Chocolush Milkshake 750ml,750ml,£2.67/L,2.00,2.95,£0.95 off
Sainsbury's Local,"Water, Soft Drinks, Mixers","Water, Soft Drinks, Mixers",Shaken Udder Double Choc Milkshake 330ml,330ml,£7.27/L,2.40,,
Sainsbury's Local,"Water, Soft Drinks, Mixers","Water, Soft Drinks, Mixers",Sprite Lemon Lime 2L Bottle,2L,£1.40/L,2.80,,
Sainsbury's Local,"Water, Soft Drinks, Mixers","Water, Soft Drinks, Mixers",Sprite Lemon Lime 500ml Bottle,500ml,£4.60/L,2.30,,
Sainsbury's Local,"Water, Soft Drinks, Mixers","Water, Soft Drinks, Mixers",Starbucks Caffè Latte Chilled Coffee 330ml,330ml,£10.91/L,3.60,,
Sainsbury's Local,"Water, Soft Drinks, Mixers","Water, Soft Drinks, Mixers",Starbucks Caramel Macchiato Flavour Chilled Coffee 330ml,330ml,£10.91/L,3.60,,
Sainsbury's Local,"Water, Soft Drinks, Mixers","Water, Soft Drinks, Mixers",Starbucks Frappuccino Indulgent Caramel Flavour Coffee Drink 250ml,250ml,£11.00/L,2.75,,
Sainsbury's Local,"Water, Soft Drinks, Mixers","Water, Soft Drinks, Mixers",Starbucks Frappuccino Limited Edition Pumpkin Spice Flavour Coffee Drink 250ml,250ml,£9.60/L,2.40,,
Sainsbury's Local,"Water, Soft Drinks, Mixers","Water, Soft Drinks, Mixers",Starbucks Tripleshot Espresso 300ml,300ml,£10.33/L,3.10,,
Sainsbury's Local,"Water, Soft Drinks, Mixers","Water, Soft Drinks, Mixers",Tango Apple Sugar Free 2 Litres,2L,£1.20/L,2.40,,
Sainsbury's Local,"Water, Soft Drinks, Mixers","Water, Soft Drinks, Mixers",Tango Orange 500ml,500ml,£4.60/L,2.30,,
Sainsbury's Local,"Water, Soft Drinks, Mixers","Water, Soft Drinks, Mixers",Trip Elderflower Mint 250ml,250ml,£10.40/L,2.60,,
Sainsbury's Local,"Water, Soft Drinks, Mixers","Water, Soft Drinks, Mixers",Twinings Refresh Juicy Raspberry Lemonade with Hibiscus Sparkling Tea 250ml,250ml,£9.20/L,2.30,,
Sainsbury's Local,"Water, Soft Drinks, Mixers","Water, Soft Drinks, Mixers",Vimto,2L,£0.98/L,1.95,,
Sainsbury's Local,"Water, Soft Drinks, Mixers","Water, Soft Drinks, Mixers",Vimto 500ml,500ml,£3.50/L,1.75,,
Sainsbury's Local,"Water, Soft Drinks, Mixers","Water, Soft Drinks, Mixers",Vimto No Added Sugar Real Fruit Squash 1 Litre,1L,£2.65/L,2.65,,
Sainsbury's Local,"Water, Soft Drinks, Mixers","Water, Soft Drinks, Mixers",Vit Hit Lean & Green Apple + Elderflower 500ml,500ml,£4.40/L,2.20,,
Sainsbury's Local,"Water, Soft Drinks, Mixers","Water, Soft Drinks, Mixers",Vita Coco Extra Coconut 1L,1L,£3.00/L,3.00,4.40,£1.40 off
Sainsbury's Local,"Water, Soft Drinks, Mixers","Water, Soft Drinks, Mixers",Vita Coco Extra Coconut 500ml,500ml,£5.50/L,2.75,,
Sainsbury's Local,"Water, Soft Drinks, Mixers","Water, Soft Drinks, Mixers",Vita Coco The Original Coconut Water 1L,1L,£5.15/L,5.15,,
Sainsbury's Local,"Water, Soft Drinks, Mixers","Water, Soft Drinks, Mixers",Vita Coco The Original Coconut Water 500ml,500ml,£5.50/L,2.75,,
Sainsbury's Local,"Water, Soft Drinks, Mixers","Water, Soft Drinks, Mixers",Volvic Natural Mineral Water 1.5L,1.5L,£0.90/L,1.35,,
Sainsbury's Local,"Water, Soft Drinks, Mixers","Water, Soft Drinks, Mixers",Volvic Touch of Fruit Cherry 750ml,750ml,£2.87/L,2.15,,
Sainsbury's Local,"Water, Soft Drinks, Mixers","Water, Soft Drinks, Mixers",Volvic Touch of Fruit Lemon & Lime Sugar Free Still Flavoured Water 1.5L,1.5L,£0.77/L,1.15,1.60,£0.45 off
Sainsbury's Local,"Water, Soft Drinks, Mixers","Water, Soft Drinks, Mixers",Volvic Touch of Fruit Strawberry 750ml,750ml,£2.87/L,2.15,,
Sainsbury's Local,"Water, Soft Drinks, Mixers","Water, Soft Drinks, Mixers",Volvic Touch of Fruit Strawberry Sugar Free Still Flavoured Water 1.5L,1.5L,£0.77/L,1.15,1.60,£0.45 off
Sainsbury's Local,"Water, Soft Drinks, Mixers","Water, Soft Drinks, Mixers",Volvic Touch of Mango Passion 750ml,750ml,£2.87/L,2.15,,
Sainsbury's Local,"Water, Soft Drinks, Mixers","Water, Soft Drinks, Mixers",Yazoo Chocolate Milk Drink 1L,1L,£2.15/L,2.15,,
Sainsbury's Local,"Water, Soft Drinks, Mixers","Water, Soft Drinks, Mixers","innocent Mango, Coconut Milk, Apple, Ginger Super Smoothie 300ml",300ml,£10.50/L,3.15,,
Sainsbury's Local,Wine & Sparkling,Dessert & Fortified Wine,Harveys The Bristol Cream Solera Sherry 75cl,75cl,£25.80/L,19.35,,
Sainsbury's Local,Wine & Sparkling,Dessert & Fortified Wine,Kedem Traditional Kiddush Sweet Wine 75cl,75cl,£18.53/L,13.90,,
Sainsbury's Local,Wine & Sparkling,Dessert & Fortified Wine,Taylor's Late Bottled Vintage Port 75cl,75cl,£37.40/L,28.05,,
Sainsbury's Local,Wine & Sparkling,Non & Low Alcohol,McGuigan Alcohol Free Zero Shiraz 75cl,75cl,£8.33/L,6.25,,
Sainsbury's Local,Wine & Sparkling,Non & Low Alcohol,Nozeco Special Edition Alcohol Free Fine Sparkling 75cl,75cl,£6.53/L,4.90,,
Sainsbury's Local,Wine & Sparkling,Offers,Barefoot Pink Moscato 750ml,750ml,£9.67/L,7.25,8.25,£1 off
Sainsbury's Local,Wine & Sparkling,Offers,Baron de Guers Picpoul de Pinet 75cl,75cl,£13.67/L,10.25,12.50,£2.25 off
Sainsbury's Local,Wine & Sparkling,Offers,Campo Viejo Reserva 75cl,75cl,£13.67/L,10.25,12.50,£2.25 off
Sainsbury's Local,Wine & Sparkling,Offers,Freixenet Italian Rosé 750ml,750ml,£12.00/L,9.00,13.75,£4.75 off
Sainsbury's Local,Wine & Sparkling,Offers,Lanson Champagne Le Black Label Brut 375ml,375ml,£53.33/L,20.00,26.50,£6.50 off
Sainsbury's Local,Wine & Sparkling,Offers,Oyster Bay Marlborough Sauvignon Blanc 750ml,750ml,£12.67/L,9.50,12.25,£2.75 off
Sainsbury's Local,Wine & Sparkling,Offers,Sainsbury's Taste the Difference Marques de Almeida Albariño Rías Baixas 75cl,75cl,£15.33/L,11.50,13.50,£2 off
Sainsbury's Local,Wine & Sparkling,Offers,Taste the Difference Prosecco Rosé 75cl,75cl,£10.67/L,8.00,11.00,£3 off
Sainsbury's Local,Wine & Sparkling,Offers,Valdo Prosecco Extra Dry Marca Oro 750ml,750ml,£10.67/L,8.00,10.00,£2 off
Sainsbury's Local,Wine & Sparkling,"Prosecco, Champagne & Sparkling Wine",Champagne Lanson Le Black - Création 750ml,750ml,£80.87/L,60.65,,
Sainsbury's Local,Wine & Sparkling,"Prosecco, Champagne & Sparkling Wine",Edizione 789 Prosecco 75cl,75cl,£13.33/L,10.00,,
Sainsbury's Local,Wine & Sparkling,"Prosecco, Champagne & Sparkling Wine",Freixenet Italian Rosé 750ml,750ml,£12.00/L,9.00,13.75,£4.75 off
Sainsbury's Local,Wine & Sparkling,"Prosecco, Champagne & Sparkling Wine",Freixenet Prosecco 75cl,75cl,£22.93/L,17.20,,
Sainsbury's Local,Wine & Sparkling,"Prosecco, Champagne & Sparkling Wine",Kylie Minogue Prosecco Rosé 75cl,75cl,£21.67/L,16.25,,
Sainsbury's Local,Wine & Sparkling,"Prosecco, Champagne & Sparkling Wine",Lanson Champagne Le Black Label Brut 375ml,375ml,£53.33/L,20.00,26.50,£6.50 off
Sainsbury's Local,Wine & Sparkling,"Prosecco, Champagne & Sparkling Wine",Monopole Heidsieck & Co Blue Top Champagne Brut 750ml,750ml,£61.67/L,46.25,,
Sainsbury's Local,Wine & Sparkling,"Prosecco, Champagne & Sparkling Wine",Moët & Chandon Champagne Impérial Brut 75cl,75cl,£82.53/L,61.90,,
Sainsbury's Local,Wine & Sparkling,"Prosecco, Champagne & Sparkling Wine",Pol Guyot Sélection Champagne Brut 750ml,750ml,£35.87/L,26.90,,
Sainsbury's Local,Wine & Sparkling,"Prosecco, Champagne & Sparkling Wine","Sainsbury's Conegliano Prosecco, Taste the Difference 75cl",750ml,£18.33/L,13.75,,
Sainsbury's Local,Wine & Sparkling,"Prosecco, Champagne & Sparkling Wine",Taste the Difference Conegliano Prosecco Brut 20cl,20cl,£23.75/L,4.75,,
Sainsbury's Local,Wine & Sparkling,"Prosecco, Champagne & Sparkling Wine",Taste the Difference Crémant D'Alsace 75cl,75cl,£21.67/L,16.25,,
Sainsbury's Local,Wine & Sparkling,"Prosecco, Champagne & Sparkling Wine",Taste the Difference Prosecco Rosé 75cl,75cl,£10.67/L,8.00,11.00,£3 off
Sainsbury's Local,Wine & Sparkling,"Prosecco, Champagne & Sparkling Wine",Valdo Prosecco Extra Dry Marca Oro 750ml,750ml,£10.67/L,8.00,10.00,£2 off
Sainsbury's Local,Wine & Sparkling,Red Wine,19 Crimes Red Wine 750ml,750ml,£17.53/L,13.15,,
Sainsbury's Local,Wine & Sparkling,Red Wine,Apothic Cab Cabernet Sauvignon 750ml,750ml,£20.00/L,15.00,,
Sainsbury's Local,Wine & Sparkling,Red Wine,Barefoot Malbec 750ml,750ml,£15.00/L,11.25,,
Sainsbury's Local,Wine & Sparkling,Red Wine,Barefoot Merlot 750ml,750ml,£15.00/L,11.25,,
Sainsbury's Local,Wine & Sparkling,Red Wine,Beronia Reserva 2020 Rioja 750ml,750ml,£28.73/L,21.55,,
Sainsbury's Local,Wine & Sparkling,Red Wine,Bonpas Réserve de Bonpas 75cl,75cl,£16.67/L,12.50,,
Sainsbury's Local,Wine & Sparkling,Red Wine,Bouchard Aîné & Fils Pinot Noir 75cl,75cl,£15.87/L,11.90,,
Sainsbury's Local,Wine & Sparkling,Red Wine,Bread & Butter Cabernet Sauvignon 75cl,75cl,£28.33/L,21.25,,
Sainsbury's Local,Wine & Sparkling,Red Wine,Calvet Prestige Merlot Cabernet Sauvignon 75cl,75cl,£15.87/L,11.90,,
Sainsbury's Local,Wine & Sparkling,Red Wine,Campo Viejo Reserva 75cl,75cl,£13.67/L,10.25,12.50,£2.25 off
Sainsbury's Local,Wine & Sparkling,Red Wine,Campo Viejo Rioja Tempranillo 187ml,187ml,£23.53/L,4.40,,
Sainsbury's Local,Wine & Sparkling,Red Wine,Campo Viejo Rioja Tempranillo 750ml,750ml,£16.27/L,12.20,,
Sainsbury's Local,Wine & Sparkling,Red Wine,Casillero del Diablo Cabernet Sauvignon 75cl,75cl,£15.00/L,11.25,,
Sainsbury's Local,Wine & Sparkling,Red Wine,Jam Shed Shiraz 750ml,750ml,£15.40/L,11.55,,
Sainsbury's Local,Wine & Sparkling,Red Wine,La Masseria del Borgo Primitivo Manduria 75cl,75cl,£25.00/L,18.75,,
Sainsbury's Local,Wine & Sparkling,Red Wine,La Vieille Ferme 750ml,750ml,£15.40/L,11.55,,
Sainsbury's Local,Wine & Sparkling,Red Wine,McGuigan Estate Cabernet Sauvignon 75cl,75cl,£9.60/L,7.20,,
Sainsbury's Local,Wine & Sparkling,Red Wine,McGuigan Estate Merlot 187ml,187ml,£16.84/L,3.15,,
Sainsbury's Local,Wine & Sparkling,Red Wine,McGuigan Estate Merlot 75cl,75cl,£9.60/L,7.20,,
Sainsbury's Local,Wine & Sparkling,Red Wine,McGuigan Estate Shiraz 187ml,187ml,£16.84/L,3.15,,
Sainsbury's Local,Wine & Sparkling,Red Wine,McGuigan Estate Shiraz 75cl,75cl,£9.60/L,7.20,,
Sainsbury's Local,Wine & Sparkling,Red Wine,McGuigan Reserve Shiraz 75cl,75cl,£13.33/L,10.00,,
Sainsbury's Local,Wine & Sparkling,Red Wine,Mcguigan Black Label Malbec 75cl,75cl,£13.33/L,10.00,,
Sainsbury's Local,Wine & Sparkling,Red Wine,Mondelli Chianti Riserva 75cl,75cl,£15.40/L,11.55,,
Sainsbury's Local,Wine & Sparkling,Red Wine,Piccini Memŏro Rosso D'Italia 75cl,75cl,£16.67/L,12.50,,
Sainsbury's Local,Wine & Sparkling,Red Wine,Porta 6 Vidigal Wines 750ml,750ml,£15.40/L,11.55,,
Sainsbury's Local,Wine & Sparkling,Red Wine,Roc de Lussac Saint-Emilion 75cl,75cl,£19.20/L,14.40,,
Sainsbury's Local,Wine & Sparkling,Red Wine,"Sainsbury's Primitivo, Taste the Difference 75cl",750ml,£15.40/L,11.55,,
Sainsbury's Local,Wine & Sparkling,Red Wine,Sainsbury's Taste the Difference Châteauneuf-du-Pape 75cl,75cl,£40.00/L,30.00,,
Sainsbury's Local,Wine & Sparkling,Red Wine,"Sainsbury's Zurriago Malbec, Taste the Difference 75cl",750ml,£15.87/L,11.90,,
Sainsbury's Local,Wine & Sparkling,Red Wine,Santa Julia Family Reserve Malbec 75cl,75cl,£18.73/L,14.05,,
Sainsbury's Local,Wine & Sparkling,Red Wine,Taste the Difference Cepa Alegro Rioja Reserva 75cl,75cl,£18.73/L,14.05,,
Sainsbury's Local,Wine & Sparkling,Red Wine,Taste the Difference Côtes du Rhône Villages 75cl,75cl,£20.00/L,15.00,,
Sainsbury's Local,Wine & Sparkling,Red Wine,Taste the Difference Malbec Wine 75cl,75cl,£14.20/L,10.65,,
Sainsbury's Local,Wine & Sparkling,Red Wine,Taste the Difference Rioja Crianza 75cl,75cl,£16.27/L,12.20,,
Sainsbury's Local,Wine & Sparkling,Red Wine,Tenuta Santodeno Sangiovese Appassimento 750ml,750ml,£20.40/L,15.30,,
Sainsbury's Local,Wine & Sparkling,Red Wine,Trivento Private Reserve Malbec 75cl,75cl,£21.27/L,15.95,,
Sainsbury's Local,Wine & Sparkling,Red Wine,Trivento Reserve Malbec 18.7cl,18.7cl,£21.12/L,3.95,,
Sainsbury's Local,Wine & Sparkling,Red Wine,Trivento Reserve Malbec 750ml,750ml,£16.67/L,12.50,,
Sainsbury's Local,Wine & Sparkling,Red Wine,Yellow Tail Merlot 750ml,750ml,£15.00/L,11.25,,
Sainsbury's Local,Wine & Sparkling,Red Wine,Yellow Tail Shiraz 750ml,750ml,£15.00/L,11.25,,
Sainsbury's Local,Wine & Sparkling,Rose Wine,Barefoot Pink Moscato 750ml,750ml,£9.67/L,7.25,8.25,£1 off
Sainsbury's Local,Wine & Sparkling,Rose Wine,Barefoot White Zinfandel 750ml,750ml,£12.53/L,9.40,,
Sainsbury's Local,Wine & Sparkling,Rose Wine,Echo Falls Summer Berries Fruit Fusion 750ml,750ml,£10.60/L,7.95,,
Sainsbury's Local,Wine & Sparkling,Rose Wine,Gallo Family Vineyards White Zinfandel Rosé Wine 750ml,750ml,£10.87/L,8.15,,
Sainsbury's Local,Wine & Sparkling,Rose Wine,Kylie Minogue Signature Rosé 75cl,75cl,£17.53/L,13.15,,
Sainsbury's Local,Wine & Sparkling,Rose Wine,La Vieille Ferme Rose Wine 75cl,750ml,£15.40/L,11.55,,
Sainsbury's Local,Wine & Sparkling,Rose Wine,Miraval Côtes De Provence 750ml,750ml,£33.33/L,25.00,,
Sainsbury's Local,Wine & Sparkling,Rose Wine,Mondelli Pinot Grigio Blush 75cl,750ml,£11.07/L,8.30,,
Sainsbury's Local,Wine & Sparkling,Rose Wine,Roches de Provence Côtes de Provence 75cl,75cl,£19.60/L,14.70,,
Sainsbury's Local,Wine & Sparkling,Rose Wine,"Sainsbury's Pinot Grigio Dolomiti Blush Rose Wine, Taste the Difference 75cl",750ml,£15.00/L,11.25,,
Sainsbury's Local,Wine & Sparkling,Rose Wine,Taste the Difference Côtes De Provence Rosé 75cl,75cl,£20.87/L,15.65,,
Sainsbury's Local,Wine & Sparkling,Rose Wine,Taste the Difference Grenache Rosé Wine 75cl,75cl,£14.20/L,10.65,,
Sainsbury's Local,Wine & Sparkling,Rose Wine,Whispering Angel Limited Edition Côtes De Provence Rosé 750ml,750ml,£39.20/L,29.40,,
Sainsbury's Local,Wine & Sparkling,Summer Drinks,Edizione 789 Prosecco 75cl,75cl,£13.33/L,10.00,,
Sainsbury's Local,Wine & Sparkling,Summer Drinks,La Vieille Ferme Rose Wine 75cl,750ml,£15.40/L,11.55,,
Sainsbury's Local,Wine & Sparkling,Summer Drinks,"Sainsbury's Conegliano Prosecco, Taste the Difference 75cl",750ml,£18.33/L,13.75,,
Sainsbury's Local,Wine & Sparkling,Summer Drinks,Taste the Difference Côtes De Provence Rosé 75cl,75cl,£20.87/L,15.65,,
Sainsbury's Local,Wine & Sparkling,Summer Drinks,Taste the Difference Prosecco Rosé 75cl,75cl,£10.67/L,8.00,11.00,£3 off
Sainsbury's Local,Wine & Sparkling,Summer Drinks,Whispering Angel Limited Edition Côtes De Provence Rosé 750ml,750ml,£39.20/L,29.40,,
Sainsbury's Local,Wine & Sparkling,Taste the Difference this Summer,"Sainsbury's Chilean Sauvignon Blanc, Taste the Difference 75cl",750ml,£15.40/L,11.55,,
Sainsbury's Local,Wine & Sparkling,Taste the Difference this Summer,"Sainsbury's Pinot Grigio Dolomiti Blush Rose Wine, Taste the Difference 75cl",750ml,£15.00/L,11.25,,
Sainsbury's Local,Wine & Sparkling,Taste the Difference this Summer,Sainsbury's Taste the Difference Sauvignon Blanc 75cl,75cl,£15.00/L,11.25,,
Sainsbury's Local,Wine & Sparkling,Taste the Difference this Summer,Taste the Difference Gavi 75cl,75cl,£19.60/L,14.70,,
Sainsbury's Local,Wine & Sparkling,Taste the Difference this Summer,Taste the Difference Grenache Rosé Wine 75cl,75cl,£14.20/L,10.65,,
Sainsbury's Local,Wine & Sparkling,Taste the Difference this Summer,Taste the Difference Pinot Grigio 75cl,75cl,£15.00/L,11.25,,
Sainsbury's Local,Wine & Sparkling,White Wine,Barefoot Buttery Chardonnay 750ml,750ml,£15.00/L,11.25,,
Sainsbury's Local,Wine & Sparkling,White Wine,Barefoot Pinot Grigio 750ml,750ml,£15.00/L,11.25,,
Sainsbury's Local,Wine & Sparkling,White Wine,Baron de Guers Picpoul de Pinet 75cl,75cl,£13.67/L,10.25,12.50,£2.25 off
Sainsbury's Local,Wine & Sparkling,White Wine,Brancott Estate Sauvignon Blanc 750ml,750ml,£18.73/L,14.05,,
Sainsbury's Local,Wine & Sparkling,White Wine,Campo Viejo Blanco 750ml,750ml,£15.87/L,11.90,,
Sainsbury's Local,Wine & Sparkling,White Wine,Casillero del Diablo Pinot Grigio 75cl,75cl,£15.00/L,11.25,,
Sainsbury's Local,Wine & Sparkling,White Wine,Casillero del Diablo Sauvignon Blanc 75cl,75cl,£15.00/L,11.25,,
Sainsbury's Local,Wine & Sparkling,White Wine,Clearsprings Sauvignon Blanc 187ml,187ml,£16.84/L,3.15,,
Sainsbury's Local,Wine & Sparkling,White Wine,Clearsprings Sauvignon Blanc 2.25L,2.25L,£10.56/L,23.75,,
Sainsbury's Local,Wine & Sparkling,White Wine,Clearsprings Sauvignon Blanc 75cl,75cl,£12.07/L,9.05,,
Sainsbury's Local,Wine & Sparkling,White Wine,Edizione 789 di Mondelli Famoso Pinot Grigio 75cl,75cl,£11.07/L,8.30,,
Sainsbury's Local,Wine & Sparkling,White Wine,Hardys VR Chardonnay 750ml,750ml,£12.93/L,9.70,,
Sainsbury's Local,Wine & Sparkling,White Wine,La Vieille Ferme 750ml,750ml,£15.40/L,11.55,,
Sainsbury's Local,Wine & Sparkling,White Wine,McGuigan Reserve Sauvignon Blanc 75cl,75cl,£14.60/L,10.95,,
Sainsbury's Local,Wine & Sparkling,White Wine,Mcguigan Estate Chardonnay 75cl,75cl,£9.60/L,7.20,,
Sainsbury's Local,Wine & Sparkling,White Wine,Mondelli Pinot Grigio 75cl,750ml,£8.33/L,6.25,,
Sainsbury's Local,Wine & Sparkling,White Wine,Newlands Point Sauvignon Blanc 75cl,75cl,£14.20/L,10.65,,
Sainsbury's Local,Wine & Sparkling,White Wine,Oyster Bay Marlborough Sauvignon Blanc 750ml,750ml,£12.67/L,9.50,12.25,£2.75 off
Sainsbury's Local,Wine & Sparkling,White Wine,Phantom River Sauvignon Blanc 75cl,75cl,£12.07/L,9.05,,
Sainsbury's Local,Wine & Sparkling,White Wine,Pinot Pinot Pinot Grigio Fizz 200 ml e,200ml,£17.50/L,3.50,,
Sainsbury's Local,Wine & Sparkling,White Wine,Pinot Pinot Pinot Grigio Pink Fizz 200ml,200ml,£17.00/L,3.40,,
Sainsbury's Local,Wine & Sparkling,White Wine,"Sainsbury's Chilean Sauvignon Blanc, Taste the Difference 75cl",750ml,£15.40/L,11.55,,
Sainsbury's Local,Wine & Sparkling,White Wine,Sainsbury's Taste the Difference Marques de Almeida Albariño Rías Baixas 75cl,75cl,£15.33/L,11.50,13.50,£2 off
Sainsbury's Local,Wine & Sparkling,White Wine,Sainsbury's Taste the Difference Sauvignon Blanc 75cl,75cl,£15.00/L,11.25,,
Sainsbury's Local,Wine & Sparkling,White Wine,Sainsbury's Taste the Difference Sauvignon Blanc 75cl,75cl,£14.20/L,10.65,,
Sainsbury's Local,Wine & Sparkling,White Wine,Silver Moki Sauvignon Blanc 75cl,75cl,£16.27/L,12.20,,
Sainsbury's Local,Wine & Sparkling,White Wine,Squealing Pig Sauvignon Blanc 750ml,750ml,£17.53/L,13.15,,
Sainsbury's Local,Wine & Sparkling,White Wine,Taste the Difference Burgundy Mâcon-Villages 75cl,75cl,£21.67/L,16.25,,
Sainsbury's Local,Wine & Sparkling,White Wine,Taste the Difference Chablis 75cl,75cl,£28.33/L,21.25,,
Sainsbury's Local,Wine & Sparkling,White Wine,Taste the Difference Gavi 75cl,75cl,£19.60/L,14.70,,
Sainsbury's Local,Wine & Sparkling,White Wine,Taste the Difference Pinot Grigio 75cl,75cl,£15.00/L,11.25,,
Sainsbury's Local,Wine & Sparkling,White Wine,Taste the Difference Pinot Grigio 75cl,75cl,£15.87/L,11.90,,
Sainsbury's Local,Wine & Sparkling,White Wine,Taste the Difference Verdicchio Dei Castelli Di Jesi 75cl,75cl,£15.00/L,11.25,,
Sainsbury's Local,Wine & Sparkling,White Wine,Taste the Difference Viognier 75cl,75cl,£16.67/L,12.50,,
Sainsbury's Local,Wine & Sparkling,White Wine,Taste the Difference Viñedos Barrihuelo Rioja Blanco 75cl,75cl,£15.40/L,11.55,,
Sainsbury's Local,Wine & Sparkling,White Wine,The Ned Pinot Grigio 750ml,750ml,£20.00/L,15.00,,
Sainsbury's Local,Wine & Sparkling,White Wine,Torlonia Gavi 75cl,75cl,£25.87/L,19.40,,
Sainsbury's Local,Wine & Sparkling,White Wine,Torres Viña Sol Original 75cl,75cl,£14.20/L,10.65,,
Sainsbury's Local,Wine & Sparkling,White Wine,Villa Maria Private Bin Sauvignon Blanc 750ml,750ml,£19.60/L,14.70,,
Sainsbury's Local,Wine & Sparkling,White Wine,Yellow Tail Chardonnay 750ml,750ml,£15.00/L,11.25,,
Sainsbury's Local,Wine & Sparkling,White Wine,Yellow Tail Pinot Grigio 750ml,750ml,£15.00/L,11.25,,
Sainsbury's Local,Wine & Sparkling,Wine & Sparkling,19 Crimes Red Wine 750ml,750ml,£17.53/L,13.15,,
Sainsbury's Local,Wine & Sparkling,Wine & Sparkling,Apothic Cab Cabernet Sauvignon 750ml,750ml,£20.00/L,15.00,,
Sainsbury's Local,Wine & Sparkling,Wine & Sparkling,Barefoot Buttery Chardonnay 750ml,750ml,£15.00/L,11.25,,
Sainsbury's Local,Wine & Sparkling,Wine & Sparkling,Barefoot Malbec 750ml,750ml,£15.00/L,11.25,,
Sainsbury's Local,Wine & Sparkling,Wine & Sparkling,Barefoot Merlot 750ml,750ml,£15.00/L,11.25,,
Sainsbury's Local,Wine & Sparkling,Wine & Sparkling,Barefoot Pink Moscato 750ml,750ml,£9.67/L,7.25,8.25,£1 off
Sainsbury's Local,Wine & Sparkling,Wine & Sparkling,Barefoot Pinot Grigio 750ml,750ml,£15.00/L,11.25,,
Sainsbury's Local,Wine & Sparkling,Wine & Sparkling,Barefoot White Zinfandel 750ml,750ml,£12.53/L,9.40,,
Sainsbury's Local,Wine & Sparkling,Wine & Sparkling,Baron de Guers Picpoul de Pinet 75cl,75cl,£13.67/L,10.25,12.50,£2.25 off
Sainsbury's Local,Wine & Sparkling,Wine & Sparkling,Beronia Reserva 2020 Rioja 750ml,750ml,£28.73/L,21.55,,
Sainsbury's Local,Wine & Sparkling,Wine & Sparkling,Bonpas Réserve de Bonpas 75cl,75cl,£16.67/L,12.50,,
Sainsbury's Local,Wine & Sparkling,Wine & Sparkling,Bouchard Aîné & Fils Pinot Noir 75cl,75cl,£15.87/L,11.90,,
Sainsbury's Local,Wine & Sparkling,Wine & Sparkling,Brancott Estate Sauvignon Blanc 750ml,750ml,£18.73/L,14.05,,
Sainsbury's Local,Wine & Sparkling,Wine & Sparkling,Bread & Butter Cabernet Sauvignon 75cl,75cl,£28.33/L,21.25,,
Sainsbury's Local,Wine & Sparkling,Wine & Sparkling,Calvet Prestige Merlot Cabernet Sauvignon 75cl,75cl,£15.87/L,11.90,,
Sainsbury's Local,Wine & Sparkling,Wine & Sparkling,Campo Viejo Blanco 750ml,750ml,£15.87/L,11.90,,
Sainsbury's Local,Wine & Sparkling,Wine & Sparkling,Campo Viejo Reserva 75cl,75cl,£13.67/L,10.25,12.50,£2.25 off
Sainsbury's Local,Wine & Sparkling,Wine & Sparkling,Campo Viejo Rioja Tempranillo 187ml,187ml,£23.53/L,4.40,,
Sainsbury's Local,Wine & Sparkling,Wine & Sparkling,Campo Viejo Rioja Tempranillo 750ml,750ml,£16.27/L,12.20,,
Sainsbury's Local,Wine & Sparkling,Wine & Sparkling,Casillero del Diablo Cabernet Sauvignon 75cl,75cl,£15.00/L,11.25,,
Sainsbury's Local,Wine & Sparkling,Wine & Sparkling,Casillero del Diablo Pinot Grigio 75cl,75cl,£15.00/L,11.25,,
Sainsbury's Local,Wine & Sparkling,Wine & Sparkling,Casillero del Diablo Sauvignon Blanc 75cl,75cl,£15.00/L,11.25,,
Sainsbury's Local,Wine & Sparkling,Wine & Sparkling,Champagne Lanson Le Black - Création 750ml,750ml,£80.87/L,60.65,,
Sainsbury's Local,Wine & Sparkling,Wine & Sparkling,Clearsprings Sauvignon Blanc 187ml,187ml,£16.84/L,3.15,,
Sainsbury's Local,Wine & Sparkling,Wine & Sparkling,Clearsprings Sauvignon Blanc 2.25L,2.25L,£10.56/L,23.75,,
Sainsbury's Local,Wine & Sparkling,Wine & Sparkling,Clearsprings Sauvignon Blanc 75cl,75cl,£12.07/L,9.05,,
Sainsbury's Local,Wine & Sparkling,Wine & Sparkling,Echo Falls Summer Berries Fruit Fusion 750ml,750ml,£10.60/L,7.95,,
Sainsbury's Local,Wine & Sparkling,Wine & Sparkling,Edizione 789 Prosecco 75cl,75cl,£13.33/L,10.00,,
Sainsbury's Local,Wine & Sparkling,Wine & Sparkling,Edizione 789 di Mondelli Famoso Pinot Grigio 75cl,75cl,£11.07/L,8.30,,
Sainsbury's Local,Wine & Sparkling,Wine & Sparkling,Freixenet Italian Rosé 750ml,750ml,£12.00/L,9.00,13.75,£4.75 off
Sainsbury's Local,Wine & Sparkling,Wine & Sparkling,Freixenet Prosecco 75cl,75cl,£22.93/L,17.20,,
Sainsbury's Local,Wine & Sparkling,Wine & Sparkling,Gallo Family Vineyards White Zinfandel Rosé Wine 750ml,750ml,£10.87/L,8.15,,
Sainsbury's Local,Wine & Sparkling,Wine & Sparkling,Hardys VR Chardonnay 750ml,750ml,£12.93/L,9.70,,
Sainsbury's Local,Wine & Sparkling,Wine & Sparkling,Harveys The Bristol Cream Solera Sherry 75cl,75cl,£25.80/L,19.35,,
Sainsbury's Local,Wine & Sparkling,Wine & Sparkling,Jam Shed Shiraz 750ml,750ml,£15.40/L,11.55,,
Sainsbury's Local,Wine & Sparkling,Wine & Sparkling,Kedem Traditional Kiddush Sweet Wine 75cl,75cl,£18.53/L,13.90,,
Sainsbury's Local,Wine & Sparkling,Wine & Sparkling,Kylie Minogue Prosecco Rosé 75cl,75cl,£21.67/L,16.25,,
Sainsbury's Local,Wine & Sparkling,Wine & Sparkling,Kylie Minogue Signature Rosé 75cl,75cl,£17.53/L,13.15,,
Sainsbury's Local,Wine & Sparkling,Wine & Sparkling,La Masseria del Borgo Primitivo Manduria 75cl,75cl,£25.00/L,18.75,,
Sainsbury's Local,Wine & Sparkling,Wine & Sparkling,La Vieille Ferme 750ml,750ml,£15.40/L,11.55,,
Sainsbury's Local,Wine & Sparkling,Wine & Sparkling,La Vieille Ferme Rose Wine 75cl,750ml,£15.40/L,11.55,,
Sainsbury's Local,Wine & Sparkling,Wine & Sparkling,Lanson Champagne Le Black Label Brut 375ml,375ml,£53.33/L,20.00,26.50,£6.50 off
Sainsbury's Local,Wine & Sparkling,Wine & Sparkling,McGuigan Alcohol Free Zero Shiraz 75cl,75cl,£8.33/L,6.25,,
Sainsbury's Local,Wine & Sparkling,Wine & Sparkling,McGuigan Estate Cabernet Sauvignon 75cl,75cl,£9.60/L,7.20,,
Sainsbury's Local,Wine & Sparkling,Wine & Sparkling,McGuigan Estate Merlot 187ml,187ml,£16.84/L,3.15,,
Sainsbury's Local,Wine & Sparkling,Wine & Sparkling,McGuigan Estate Merlot 75cl,75cl,£9.60/L,7.20,,
Sainsbury's Local,Wine & Sparkling,Wine & Sparkling,McGuigan Estate Shiraz 187ml,187ml,£16.84/L,3.15,,
Sainsbury's Local,Wine & Sparkling,Wine & Sparkling,McGuigan Estate Shiraz 75cl,75cl,£9.60/L,7.20,,
Sainsbury's Local,Wine & Sparkling,Wine & Sparkling,McGuigan Reserve Sauvignon Blanc 75cl,75cl,£14.60/L,10.95,,
Sainsbury's Local,Wine & Sparkling,Wine & Sparkling,McGuigan Reserve Shiraz 75cl,75cl,£13.33/L,10.00,,
Sainsbury's Local,Wine & Sparkling,Wine & Sparkling,Mcguigan Black Label Malbec 75cl,75cl,£13.33/L,10.00,,
Sainsbury's Local,Wine & Sparkling,Wine & Sparkling,Mcguigan Estate Chardonnay 75cl,75cl,£9.60/L,7.20,,
Sainsbury's Local,Wine & Sparkling,Wine & Sparkling,Miraval Côtes De Provence 750ml,750ml,£33.33/L,25.00,,
Sainsbury's Local,Wine & Sparkling,Wine & Sparkling,Mondelli Chianti Riserva 75cl,75cl,£15.40/L,11.55,,
Sainsbury's Local,Wine & Sparkling,Wine & Sparkling,Mondelli Pinot Grigio 75cl,750ml,£8.33/L,6.25,,
Sainsbury's Local,Wine & Sparkling,Wine & Sparkling,Mondelli Pinot Grigio Blush 75cl,750ml,£11.07/L,8.30,,
Sainsbury's Local,Wine & Sparkling,Wine & Sparkling,Monopole Heidsieck & Co Blue Top Champagne Brut 750ml,750ml,£61.67/L,46.25,,
Sainsbury's Local,Wine & Sparkling,Wine & Sparkling,Moët & Chandon Champagne Impérial Brut 75cl,75cl,£82.53/L,61.90,,
Sainsbury's Local,Wine & Sparkling,Wine & Sparkling,Newlands Point Sauvignon Blanc 75cl,75cl,£14.20/L,10.65,,
Sainsbury's Local,Wine & Sparkling,Wine & Sparkling,Nozeco Special Edition Alcohol Free Fine Sparkling 75cl,75cl,£6.53/L,4.90,,
Sainsbury's Local,Wine & Sparkling,Wine & Sparkling,Oyster Bay Marlborough Sauvignon Blanc 750ml,750ml,£12.67/L,9.50,12.25,£2.75 off
Sainsbury's Local,Wine & Sparkling,Wine & Sparkling,Phantom River Sauvignon Blanc 75cl,75cl,£12.07/L,9.05,,
Sainsbury's Local,Wine & Sparkling,Wine & Sparkling,Piccini Memŏro Rosso D'Italia 75cl,75cl,£16.67/L,12.50,,
Sainsbury's Local,Wine & Sparkling,Wine & Sparkling,Pinot Pinot Pinot Grigio Fizz 200 ml e,200ml,£17.50/L,3.50,,
Sainsbury's Local,Wine & Sparkling,Wine & Sparkling,Pinot Pinot Pinot Grigio Pink Fizz 200ml,200ml,£17.00/L,3.40,,
Sainsbury's Local,Wine & Sparkling,Wine & Sparkling,Pol Guyot Sélection Champagne Brut 750ml,750ml,£35.87/L,26.90,,
Sainsbury's Local,Wine & Sparkling,Wine & Sparkling,Porta 6 Vidigal Wines 750ml,750ml,£15.40/L,11.55,,
Sainsbury's Local,Wine & Sparkling,Wine & Sparkling,Roc de Lussac Saint-Emilion 75cl,75cl,£19.20/L,14.40,,
Sainsbury's Local,Wine & Sparkling,Wine & Sparkling,Roches de Provence Côtes de Provence 75cl,75cl,£19.60/L,14.70,,
Sainsbury's Local,Wine & Sparkling,Wine & Sparkling,"Sainsbury's Chilean Sauvignon Blanc, Taste the Difference 75cl",750ml,£15.40/L,11.55,,
Sainsbury's Local,Wine & Sparkling,Wine & Sparkling,"Sainsbury's Conegliano Prosecco, Taste the Difference 75cl",750ml,£18.33/L,13.75,,
Sainsbury's Local,Wine & Sparkling,Wine & Sparkling,"Sainsbury's Pinot Grigio Dolomiti Blush Rose Wine, Taste the Difference 75cl",750ml,£15.00/L,11.25,,
Sainsbury's Local,Wine & Sparkling,Wine & Sparkling,"Sainsbury's Primitivo, Taste the Difference 75cl",750ml,£15.40/L,11.55,,
Sainsbury's Local,Wine & Sparkling,Wine & Sparkling,Sainsbury's Taste the Difference Châteauneuf-du-Pape 75cl,75cl,£40.00/L,30.00,,
Sainsbury's Local,Wine & Sparkling,Wine & Sparkling,Sainsbury's Taste the Difference Marques de Almeida Albariño Rías Baixas 75cl,75cl,£15.33/L,11.50,13.50,£2 off
Sainsbury's Local,Wine & Sparkling,Wine & Sparkling,Sainsbury's Taste the Difference Sauvignon Blanc 75cl,75cl,£15.00/L,11.25,,
Sainsbury's Local,Wine & Sparkling,Wine & Sparkling,Sainsbury's Taste the Difference Sauvignon Blanc 75cl,75cl,£14.20/L,10.65,,
Sainsbury's Local,Wine & Sparkling,Wine & Sparkling,"Sainsbury's Zurriago Malbec, Taste the Difference 75cl",750ml,£15.87/L,11.90,,
Sainsbury's Local,Wine & Sparkling,Wine & Sparkling,Santa Julia Family Reserve Malbec 75cl,75cl,£18.73/L,14.05,,
Sainsbury's Local,Wine & Sparkling,Wine & Sparkling,Silver Moki Sauvignon Blanc 75cl,75cl,£16.27/L,12.20,,
Sainsbury's Local,Wine & Sparkling,Wine & Sparkling,Squealing Pig Sauvignon Blanc 750ml,750ml,£17.53/L,13.15,,
Sainsbury's Local,Wine & Sparkling,Wine & Sparkling,Taste the Difference Burgundy Mâcon-Villages 75cl,75cl,£21.67/L,16.25,,
Sainsbury's Local,Wine & Sparkling,Wine & Sparkling,Taste the Difference Cepa Alegro Rioja Reserva 75cl,75cl,£18.73/L,14.05,,
Sainsbury's Local,Wine & Sparkling,Wine & Sparkling,Taste the Difference Chablis 75cl,75cl,£28.33/L,21.25,,
Sainsbury's Local,Wine & Sparkling,Wine & Sparkling,Taste the Difference Conegliano Prosecco Brut 20cl,20cl,£23.75/L,4.75,,
Sainsbury's Local,Wine & Sparkling,Wine & Sparkling,Taste the Difference Crémant D'Alsace 75cl,75cl,£21.67/L,16.25,,
Sainsbury's Local,Wine & Sparkling,Wine & Sparkling,Taste the Difference Côtes De Provence Rosé 75cl,75cl,£20.87/L,15.65,,
Sainsbury's Local,Wine & Sparkling,Wine & Sparkling,Taste the Difference Côtes du Rhône Villages 75cl,75cl,£20.00/L,15.00,,
Sainsbury's Local,Wine & Sparkling,Wine & Sparkling,Taste the Difference Gavi 75cl,75cl,£19.60/L,14.70,,
Sainsbury's Local,Wine & Sparkling,Wine & Sparkling,Taste the Difference Grenache Rosé Wine 75cl,75cl,£14.20/L,10.65,,
Sainsbury's Local,Wine & Sparkling,Wine & Sparkling,Taste the Difference Malbec Wine 75cl,75cl,£14.20/L,10.65,,
Sainsbury's Local,Wine & Sparkling,Wine & Sparkling,Taste the Difference Pinot Grigio 75cl,75cl,£15.00/L,11.25,,
Sainsbury's Local,Wine & Sparkling,Wine & Sparkling,Taste the Difference Pinot Grigio 75cl,75cl,£15.87/L,11.90,,
Sainsbury's Local,Wine & Sparkling,Wine & Sparkling,Taste the Difference Prosecco Rosé 75cl,75cl,£10.67/L,8.00,11.00,£3 off
Sainsbury's Local,Wine & Sparkling,Wine & Sparkling,Taste the Difference Rioja Crianza 75cl,75cl,£16.27/L,12.20,,
Sainsbury's Local,Wine & Sparkling,Wine & Sparkling,Taste the Difference Verdicchio Dei Castelli Di Jesi 75cl,75cl,£15.00/L,11.25,,
Sainsbury's Local,Wine & Sparkling,Wine & Sparkling,Taste the Difference Viognier 75cl,75cl,£16.67/L,12.50,,
Sainsbury's Local,Wine & Sparkling,Wine & Sparkling,Taste the Difference Viñedos Barrihuelo Rioja Blanco 75cl,75cl,£15.40/L,11.55,,
Sainsbury's Local,Wine & Sparkling,Wine & Sparkling,Taylor's Late Bottled Vintage Port 75cl,75cl,£37.40/L,28.05,,
Sainsbury's Local,Wine & Sparkling,Wine & Sparkling,Tenuta Santodeno Sangiovese Appassimento 750ml,750ml,£20.40/L,15.30,,
Sainsbury's Local,Wine & Sparkling,Wine & Sparkling,The Ned Pinot Grigio 750ml,750ml,£20.00/L,15.00,,
Sainsbury's Local,Wine & Sparkling,Wine & Sparkling,Torlonia Gavi 75cl,75cl,£25.87/L,19.40,,
Sainsbury's Local,Wine & Sparkling,Wine & Sparkling,Torres Viña Sol Original 75cl,75cl,£14.20/L,10.65,,
Sainsbury's Local,Wine & Sparkling,Wine & Sparkling,Trivento Private Reserve Malbec 75cl,75cl,£21.27/L,15.95,,
Sainsbury's Local,Wine & Sparkling,Wine & Sparkling,Trivento Reserve Malbec 18.7cl,18.7cl,£21.12/L,3.95,,
Sainsbury's Local,Wine & Sparkling,Wine & Sparkling,Trivento Reserve Malbec 750ml,750ml,£16.67/L,12.50,,
Sainsbury's Local,Wine & Sparkling,Wine & Sparkling,Valdo Prosecco Extra Dry Marca Oro 750ml,750ml,£10.67/L,8.00,10.00,£2 off
Sainsbury's Local,Wine & Sparkling,Wine & Sparkling,Villa Maria Private Bin Sauvignon Blanc 750ml,750ml,£19.60/L,14.70,,
Sainsbury's Local,Wine & Sparkling,Wine & Sparkling,Whispering Angel Limited Edition Côtes De Provence Rosé 750ml,750ml,£39.20/L,29.40,,
Sainsbury's Local,Wine & Sparkling,Wine & Sparkling,Yellow Tail Chardonnay 750ml,750ml,£15.00/L,11.25,,
Sainsbury's Local,Wine & Sparkling,Wine & Sparkling,Yellow Tail Merlot 750ml,750ml,£15.00/L,11.25,,
Sainsbury's Local,Wine & Sparkling,Wine & Sparkling,Yellow Tail Pinot Grigio 750ml,750ml,£15.00/L,11.25,,
Sainsbury's Local,Wine & Sparkling,Wine & Sparkling,Yellow Tail Shiraz 750ml,750ml,£15.00/L,11.25,,
Sainsbury's Local,Yoghurt,Flavoured Yoghurts,Activia Cherry Fat Free No Added Sugar Gut Health Fruit Yoghurt Multipack 4x115g,460g,£5.00/kg,2.30,3.00,£0.70 off
Sainsbury's Local,Yoghurt,Flavoured Yoghurts,Activia Fibre Walnut & Oat Gut Health Breakfast Yoghurt Multipack 4x115g,440g,£8.52/kg,3.75,,
Sainsbury's Local,Yoghurt,Flavoured Yoghurts,Activia Peach Fat Free No Added Sugar Gut Health Fruit Yoghurt Multipack 4x115g,460g,£5.00/kg,2.30,3.00,£0.70 off
Sainsbury's Local,Yoghurt,Flavoured Yoghurts,Activia Raspberry Chia Muesli Low Fat Gut Health Yoghurt Breakfast Pot 165g,165g,£12.12/kg,2.00,,
Sainsbury's Local,Yoghurt,Flavoured Yoghurts,Activia Rhubarb Gut Health Fruit Yoghurt Multipack 4x115g,4pk,£5.00/kg,2.30,3.00,£0.70 off
Sainsbury's Local,Yoghurt,Flavoured Yoghurts,Activia Strawberry Gut Health Fruit Yoghurt Multipack 4x115g,460g,£5.00/kg,2.30,3.00,£0.70 off
Sainsbury's Local,Yoghurt,Flavoured Yoghurts,Activia Vanilla & Granola Low Fat Gut Health Yoghurt Breakfast Pot with Spoon 165g,165g,£12.12/kg,2.00,,
Sainsbury's Local,Yoghurt,Flavoured Yoghurts,Arla Protein Mango Yogurt 200g,200g,£8.75/kg,1.75,,
Sainsbury's Local,Yoghurt,Flavoured Yoghurts,Arla Protein Raspberry 200g,200g,£8.75/kg,1.75,,
Sainsbury's Local,Yoghurt,Flavoured Yoghurts,Arla Protein Strawberry 200g,200g,£8.75/kg,1.75,,
Sainsbury's Local,Yoghurt,Flavoured Yoghurts,Arla Protein Strawberry Yogurt 200g,200g,£8.75/kg,1.75,,
Sainsbury's Local,Yoghurt,Flavoured Yoghurts,Biotiful Gut Health Kefir Protein Original 250g,250g,£5.60/kg,1.40,2.05,£0.65 off
Sainsbury's Local,Yoghurt,Flavoured Yoghurts,Fage Total 0% Fat Free Greek Recipe Strained Yoghurt with Honey 150g,150g,£14.00/kg,2.10,,
Sainsbury's Local,Yoghurt,Flavoured Yoghurts,Holy Moly Breakfast Avocado & Toast 75g,75g,£24.67/kg,1.85,,
Sainsbury's Local,Yoghurt,Flavoured Yoghurts,Lindahls Kvarg Raspberry Flavoured 150g,150g,£11.67/kg,1.75,,
Sainsbury's Local,Yoghurt,Flavoured Yoghurts,Lindahls Kvarg White Chocolate Flavour 150g,150g,£11.67/kg,1.75,,
Sainsbury's Local,Yoghurt,Flavoured Yoghurts,Lindahls Protein+ Immunity Lemon Flavoured 150g,150g,£11.67/kg,1.75,,
Sainsbury's Local,Yoghurt,Flavoured Yoghurts,Müller Bliss Whipped Greek Style Salted Caramel Flavour 4 x 100g (400g),4pk,£10.13/kg,4.05,,
Sainsbury's Local,Yoghurt,Flavoured Yoghurts,Müller Corner Banana Chocolate Flakes 124g,124g,£9.27/kg,1.15,,
Sainsbury's Local,Yoghurt,Flavoured Yoghurts,Müller Corner Strawberry 136g,136g,£8.46/kg,1.15,,
Sainsbury's Local,Yoghurt,Flavoured Yoghurts,Müller Corner Vanilla Chocolate Balls 124g,124g,£8.47/kg,1.05,,
Sainsbury's Local,Yoghurt,Flavoured Yoghurts,Müller Greek Style Light 4 x Luscious Lemon Yogurt,460g,£7.28/kg,3.35,,
Sainsbury's Local,Yoghurt,Flavoured Yoghurts,Müller Light Cherry 160g,160g,£8.13/kg,1.30,,
Sainsbury's Local,Yoghurt,Flavoured Yoghurts,Müller Light Smooth Toffee Flavour 160g,160g,£8.13/kg,1.30,,
Sainsbury's Local,Yoghurt,Flavoured Yoghurts,Müllerlight® Strawberry Fat Free Yogurt 175g,175g,£7.43/kg,1.30,,
Sainsbury's Local,Yoghurt,Flavoured Yoghurts,Nomadic Clusters Yogurt & Oats & Double Choc 169g,169g,£14.20/kg,2.40,,
Sainsbury's Local,Yoghurt,Flavoured Yoghurts,Nomadic Clusters Yogurt & Oats & Strawberry 169g,169g,£14.20/kg,2.40,,
Sainsbury's Local,Yoghurt,Flavoured Yoghurts,Nomadic Power Pot Vanilla Yogurt Granola Brownie Chunks 190g,190g,£15.26/kg,2.90,,
Sainsbury's Local,Yoghurt,Flavoured Yoghurts,"Onken Mango, Papaya, Passion Fruit 450g",450g,£5.56/kg,2.50,,
Sainsbury's Local,Yoghurt,Flavoured Yoghurts,Onken Strawberry 450g,450g,£5.56/kg,2.50,,
Sainsbury's Local,Yoghurt,Flavoured Yoghurts,Oykos Strawberry Luxury Greek Style Yoghurt Dessert 4x110g,4pk,£6.82/kg,3.00,,
Sainsbury's Local,Yoghurt,Flavoured Yoghurts,Sainsbury's Greek Style Yogurt 210g,210g,£11.43/kg,2.40,,
Sainsbury's Local,Yoghurt,Flavoured Yoghurts,Sainsbury's Taste the Difference Lemon Curd Yogurt 150g,150g,£7.67/kg,1.15,,
Sainsbury's Local,Yoghurt,Flavoured Yoghurts,"Sainsbury's West Country Black Cherry Yogurt, Taste the Difference 150g",150g,£7.67/kg,1.15,,
Sainsbury's Local,Yoghurt,Flavoured Yoghurts,"Sainsbury's West Country Madagascan Vanilla Yogurt, Taste the Difference 150g",150g,£7.67/kg,1.15,,
Sainsbury's Local,Yoghurt,Flavoured Yoghurts,The Coconut Collab Coconut Yog + Granola 135g,135g,£18.52/kg,2.50,,
Sainsbury's Local,Yoghurt,Flavoured Yoghurts,The Collective Great Dairy Gourmet Golden Mango British Live Yoghurt 425g,425g,£9.41/kg,4.00,,
Sainsbury's Local,Yoghurt,Flavoured Yoghurts,The Collective Great Dairy Gourmet Mouth-Waterin' Raspberry British Live Yoghurt 150g,150g,£12.33/kg,1.85,,
Sainsbury's Local,Yoghurt,Flavoured Yoghurts,Yeo Valley Organic Strawberry Live Whole Milk Yogurt 450g,450g,£6.00/kg,2.70,,
Sainsbury's Local,Yoghurt,Flavoured Yoghurts,"Yeo Valley Organic Strawberry, Peach & Apricot, Blackcurrant, Raspberry 440g (4 x 110g)",4pk,£7.95/kg,3.50,,
Sainsbury's Local,Yoghurt,Kids Yoghurts,Frubes Strawberry Banana Flavour Yoghurt Tubes 9 x 37g (333g),9pk,£8.86/kg,2.95,,
Sainsbury's Local,Yoghurt,Kids Yoghurts,Little Yeos Organic Fruity Favourites Whole Milk Yogurts 4 x 85g (340g),4pk,£7.06/kg,2.40,,
Sainsbury's Local,Yoghurt,Kids Yoghurts,Petits Filous Kids Strawberry Yoghurt Drink 4 x 100g,4pk,£7.63/kg,3.05,,
Sainsbury's Local,Yoghurt,Kids Yoghurts,The Collective Great Dairy Peach & Apricot Suckies 90g,90g,£15.56/kg,1.40,,
Sainsbury's Local,Yoghurt,Kids Yoghurts,The Collective Great Dairy Strawberry Suckies 90g,90g,£15.56/kg,1.40,,
Sainsbury's Local,Yoghurt,Kids Yoghurts,Yoplait Petits Filous Raspberry & Strawberry Fromage Frais Big Pots 4 x 100g,4pk,£1.34/kg,2.15,,
Sainsbury's Local,Yoghurt,Mornings Made Better,Biotiful Gut Health Kefir Drink Original 500ml,500ml,£4.00/L,2.00,2.90,£0.90 off
Sainsbury's Local,Yoghurt,Natural Yoghurts,Arla Skyr Natural Icelandic Style Yogurt 450g,450g,£6.89/kg,3.10,,
Sainsbury's Local,Yoghurt,Natural Yoghurts,Fage Total 0% Fat Greek Recipe Strained Yoghurt 450g,450g,£10.78/kg,4.85,,
Sainsbury's Local,Yoghurt,Natural Yoghurts,Fage Total 0% Fat Natural Fat Free Greek Recipe Strained Yoghurt 150g,150g,£14.00/kg,2.10,,
Sainsbury's Local,Yoghurt,Natural Yoghurts,Fage Total 5% Fat Natural Greek Recipe Strained Yoghurt 150g,150g,£14.00/kg,2.10,,
Sainsbury's Local,Yoghurt,Natural Yoghurts,Fage Total 5% Fat Natural Greek Recipe Strained Yoghurt 450g,450g,£10.67/kg,4.80,,
Sainsbury's Local,Yoghurt,Natural Yoghurts,Sainsbury's Greek Style Fat Free Natural Yogurt 500g,500g,£2.10/kg,1.05,,
Sainsbury's Local,Yoghurt,Natural Yoghurts,Sainsbury's Greek Style Natural Yogurt 200g,200g,£5.50/kg,1.10,,
Sainsbury's Local,Yoghurt,Natural Yoghurts,Sainsbury's Greek Style Natural Yogurt 500g,500g,£3.50/kg,1.75,,
Sainsbury's Local,Yoghurt,Natural Yoghurts,Sainsbury's Natural Yogurt 500g,500g,£3.40/kg,1.70,,
Sainsbury's Local,Yoghurt,Natural Yoghurts,Yeo Valley Organic Greek Style Natural 150g,150g,£8.00/kg,1.20,,
Sainsbury's Local,Yoghurt,Natural Yoghurts,Yeo Valley Organic Greek Style Natural 450g,450g,£6.78/kg,3.05,,
Sainsbury's Local,Yoghurt,Natural Yoghurts,Yeo Valley Organic Kefir Natural 350g,350g,£7.86/kg,2.75,,
Sainsbury's Local,Yoghurt,Natural Yoghurts,Yeo Valley Organic Natural Live Smooth & Creamy Yogurt 450g,450g,£5.89/kg,2.65,,
Sainsbury's Local,Yoghurt,Natural Yoghurts,Yeo Valley Organic Natural Live Smooth & Light Yogurt 150g,150g,£7.67/kg,1.15,,
Sainsbury's Local,Yoghurt,Offers,"Actimel Blueberry Immune Support Yoghurt Drink Multipack, 8x100g",8pk,£4.13/kg,3.30,4.00,£0.70 off
Sainsbury's Local,Yoghurt,Offers,"Actimel Multifruit Immune Support Yoghurt Drink Multipack, 8x100g",800g,£4.13/kg,3.30,4.00,£0.70 off
Sainsbury's Local,Yoghurt,Offers,"Actimel Strawberry Immune Support Yoghurt Drink Multipack, 8x100g",8pk,£4.13/kg,3.30,4.00,£0.70 off
Sainsbury's Local,Yoghurt,Offers,Activia Cherry Fat Free No Added Sugar Gut Health Fruit Yoghurt Multipack 4x115g,460g,£5.00/kg,2.30,3.00,£0.70 off
Sainsbury's Local,Yoghurt,Offers,Activia Peach Fat Free No Added Sugar Gut Health Fruit Yoghurt Multipack 4x115g,460g,£5.00/kg,2.30,3.00,£0.70 off
Sainsbury's Local,Yoghurt,Offers,Activia Rhubarb Gut Health Fruit Yoghurt Multipack 4x115g,4pk,£5.00/kg,2.30,3.00,£0.70 off
Sainsbury's Local,Yoghurt,Offers,Activia Strawberry Gut Health Fruit Yoghurt Multipack 4x115g,460g,£5.00/kg,2.30,3.00,£0.70 off
Sainsbury's Local,Yoghurt,Offers,Biotiful Gut Health Kefir Drink Cherry 500ml,500ml,£4.00/L,2.00,2.90,£0.90 off
Sainsbury's Local,Yoghurt,Offers,Biotiful Gut Health Kefir Drink Mango 500ml,500ml,£4.00/L,2.00,2.90,£0.90 off
Sainsbury's Local,Yoghurt,Offers,Biotiful Gut Health Kefir Drink Original 500ml,500ml,£4.00/L,2.00,2.90,£0.90 off
Sainsbury's Local,Yoghurt,Offers,Biotiful Gut Health Kefir Protein Original 250g,250g,£5.60/kg,1.40,2.05,£0.65 off
Sainsbury's Local,Yoghurt,Packed Lunch Picks,Little Yeos Organic Fruity Favourites Whole Milk Yogurts 4 x 85g (340g),4pk,£7.06/kg,2.40,,
Sainsbury's Local,Yoghurt,Packed Lunch Picks,The Collective Great Dairy Strawberry Suckies 90g,90g,£15.56/kg,1.40,,
Sainsbury's Local,Yoghurt,Yoghurt,"Actimel Blueberry Immune Support Yoghurt Drink Multipack, 8x100g",8pk,£4.13/kg,3.30,4.00,£0.70 off
Sainsbury's Local,Yoghurt,Yoghurt,"Actimel Multifruit Immune Support Yoghurt Drink Multipack, 8x100g",800g,£4.13/kg,3.30,4.00,£0.70 off
Sainsbury's Local,Yoghurt,Yoghurt,"Actimel Strawberry Immune Support Yoghurt Drink Multipack, 8x100g",8pk,£4.13/kg,3.30,4.00,£0.70 off
Sainsbury's Local,Yoghurt,Yoghurt,Activia Cherry Fat Free No Added Sugar Gut Health Fruit Yoghurt Multipack 4x115g,460g,£5.00/kg,2.30,3.00,£0.70 off
Sainsbury's Local,Yoghurt,Yoghurt,Activia Fibre Walnut & Oat Gut Health Breakfast Yoghurt Multipack 4x115g,440g,£8.52/kg,3.75,,
Sainsbury's Local,Yoghurt,Yoghurt,Activia Peach Fat Free No Added Sugar Gut Health Fruit Yoghurt Multipack 4x115g,460g,£5.00/kg,2.30,3.00,£0.70 off
Sainsbury's Local,Yoghurt,Yoghurt,Activia Raspberry Chia Muesli Low Fat Gut Health Yoghurt Breakfast Pot 165g,165g,£12.12/kg,2.00,,
Sainsbury's Local,Yoghurt,Yoghurt,Activia Rhubarb Gut Health Fruit Yoghurt Multipack 4x115g,4pk,£5.00/kg,2.30,3.00,£0.70 off
Sainsbury's Local,Yoghurt,Yoghurt,Activia Strawberry Gut Health Fruit Yoghurt Multipack 4x115g,460g,£5.00/kg,2.30,3.00,£0.70 off
Sainsbury's Local,Yoghurt,Yoghurt,Activia Vanilla & Granola Low Fat Gut Health Yoghurt Breakfast Pot with Spoon 165g,165g,£12.12/kg,2.00,,
Sainsbury's Local,Yoghurt,Yoghurt,Arla Protein Mango Yogurt 200g,200g,£8.75/kg,1.75,,
Sainsbury's Local,Yoghurt,Yoghurt,Arla Protein Raspberry 200g,200g,£8.75/kg,1.75,,
Sainsbury's Local,Yoghurt,Yoghurt,Arla Protein Strawberry 200g,200g,£8.75/kg,1.75,,
Sainsbury's Local,Yoghurt,Yoghurt,Arla Protein Strawberry Yogurt 200g,200g,£8.75/kg,1.75,,
Sainsbury's Local,Yoghurt,Yoghurt,Arla Skyr Natural Icelandic Style Yogurt 450g,450g,£6.89/kg,3.10,,
Sainsbury's Local,Yoghurt,Yoghurt,Benecol No Added Sugar Raspberry Yogurt Drink 6 x 67.5g (405g),6pk,£14.32/kg,5.80,,
Sainsbury's Local,Yoghurt,Yoghurt,Biotiful Gut Health Chocolate Kefir Protein Shake 330ml,330ml,£7.73/L,2.55,,
Sainsbury's Local,Yoghurt,Yoghurt,Biotiful Gut Health Kefir Drink Cherry 500ml,500ml,£4.00/L,2.00,2.90,£0.90 off
Sainsbury's Local,Yoghurt,Yoghurt,Biotiful Gut Health Kefir Drink Mango 500ml,500ml,£4.00/L,2.00,2.90,£0.90 off
Sainsbury's Local,Yoghurt,Yoghurt,Biotiful Gut Health Kefir Drink Original 500ml,500ml,£4.00/L,2.00,2.90,£0.90 off
Sainsbury's Local,Yoghurt,Yoghurt,Biotiful Gut Health Kefir Protein Original 250g,250g,£5.60/kg,1.40,2.05,£0.65 off
Sainsbury's Local,Yoghurt,Yoghurt,Fage Total 0% Fat Free Greek Recipe Strained Yoghurt with Honey 150g,150g,£14.00/kg,2.10,,
Sainsbury's Local,Yoghurt,Yoghurt,Fage Total 0% Fat Greek Recipe Strained Yoghurt 450g,450g,£10.78/kg,4.85,,
Sainsbury's Local,Yoghurt,Yoghurt,Fage Total 0% Fat Natural Fat Free Greek Recipe Strained Yoghurt 150g,150g,£14.00/kg,2.10,,
Sainsbury's Local,Yoghurt,Yoghurt,Fage Total 5% Fat Natural Greek Recipe Strained Yoghurt 150g,150g,£14.00/kg,2.10,,
Sainsbury's Local,Yoghurt,Yoghurt,Fage Total 5% Fat Natural Greek Recipe Strained Yoghurt 450g,450g,£10.67/kg,4.80,,
Sainsbury's Local,Yoghurt,Yoghurt,Frubes Strawberry Banana Flavour Yoghurt Tubes 9 x 37g (333g),9pk,£8.86/kg,2.95,,
Sainsbury's Local,Yoghurt,Yoghurt,Holy Moly Breakfast Avocado & Toast 75g,75g,£24.67/kg,1.85,,
Sainsbury's Local,Yoghurt,Yoghurt,Lindahls Kvarg Raspberry Flavoured 150g,150g,£11.67/kg,1.75,,
Sainsbury's Local,Yoghurt,Yoghurt,Lindahls Kvarg White Chocolate Flavour 150g,150g,£11.67/kg,1.75,,
Sainsbury's Local,Yoghurt,Yoghurt,Lindahls Protein+ Immunity Lemon Flavoured 150g,150g,£11.67/kg,1.75,,
Sainsbury's Local,Yoghurt,Yoghurt,Little Yeos Organic Fruity Favourites Whole Milk Yogurts 4 x 85g (340g),4pk,£7.06/kg,2.40,,
Sainsbury's Local,Yoghurt,Yoghurt,Müller Bliss Whipped Greek Style Salted Caramel Flavour 4 x 100g (400g),4pk,£10.13/kg,4.05,,
Sainsbury's Local,Yoghurt,Yoghurt,Müller Corner Banana Chocolate Flakes 124g,124g,£9.27/kg,1.15,,
Sainsbury's Local,Yoghurt,Yoghurt,Müller Corner Strawberry 136g,136g,£8.46/kg,1.15,,
Sainsbury's Local,Yoghurt,Yoghurt,Müller Corner Vanilla Chocolate Balls 124g,124g,£8.47/kg,1.05,,
Sainsbury's Local,Yoghurt,Yoghurt,Müller Greek Style Light 4 x Luscious Lemon Yogurt,460g,£7.28/kg,3.35,,
Sainsbury's Local,Yoghurt,Yoghurt,Müller Light Cherry 160g,160g,£8.13/kg,1.30,,
Sainsbury's Local,Yoghurt,Yoghurt,Müller Light Smooth Toffee Flavour 160g,160g,£8.13/kg,1.30,,
Sainsbury's Local,Yoghurt,Yoghurt,Müllerlight® Strawberry Fat Free Yogurt 175g,175g,£7.43/kg,1.30,,
Sainsbury's Local,Yoghurt,Yoghurt,Nomadic Clusters Yogurt & Oats & Double Choc 169g,169g,£14.20/kg,2.40,,
Sainsbury's Local,Yoghurt,Yoghurt,Nomadic Clusters Yogurt & Oats & Strawberry 169g,169g,£14.20/kg,2.40,,
Sainsbury's Local,Yoghurt,Yoghurt,Nomadic Power Pot Vanilla Yogurt Granola Brownie Chunks 190g,190g,£15.26/kg,2.90,,
Sainsbury's Local,Yoghurt,Yoghurt,"Onken Mango, Papaya, Passion Fruit 450g",450g,£5.56/kg,2.50,,
Sainsbury's Local,Yoghurt,Yoghurt,Onken Strawberry 450g,450g,£5.56/kg,2.50,,
Sainsbury's Local,Yoghurt,Yoghurt,Oykos Strawberry Luxury Greek Style Yoghurt Dessert 4x110g,4pk,£6.82/kg,3.00,,
Sainsbury's Local,Yoghurt,Yoghurt,Petits Filous Kids Strawberry Yoghurt Drink 4 x 100g,4pk,£7.63/kg,3.05,,
Sainsbury's Local,Yoghurt,Yoghurt,Sainsbury's Greek Style Fat Free Natural Yogurt 500g,500g,£2.10/kg,1.05,,
Sainsbury's Local,Yoghurt,Yoghurt,Sainsbury's Greek Style Natural Yogurt 200g,200g,£5.50/kg,1.10,,
Sainsbury's Local,Yoghurt,Yoghurt,Sainsbury's Greek Style Natural Yogurt 500g,500g,£3.50/kg,1.75,,
Sainsbury's Local,Yoghurt,Yoghurt,Sainsbury's Greek Style Yogurt 210g,210g,£11.43/kg,2.40,,
Sainsbury's Local,Yoghurt,Yoghurt,Sainsbury's Natural Yogurt 500g,500g,£3.40/kg,1.70,,
Sainsbury's Local,Yoghurt,Yoghurt,Sainsbury's Taste the Difference Lemon Curd Yogurt 150g,150g,£7.67/kg,1.15,,
Sainsbury's Local,Yoghurt,Yoghurt,"Sainsbury's West Country Black Cherry Yogurt, Taste the Difference 150g",150g,£7.67/kg,1.15,,
Sainsbury's Local,Yoghurt,Yoghurt,"Sainsbury's West Country Madagascan Vanilla Yogurt, Taste the Difference 150g",150g,£7.67/kg,1.15,,
Sainsbury's Local,Yoghurt,Yoghurt,The Coconut Collab Coconut Yog + Granola 135g,135g,£18.52/kg,2.50,,
Sainsbury's Local,Yoghurt,Yoghurt,The Collective Great Dairy Gourmet Golden Mango British Live Yoghurt 425g,425g,£9.41/kg,4.00,,
Sainsbury's Local,Yoghurt,Yoghurt,The Collective Great Dairy Gourmet Mouth-Waterin' Raspberry British Live Yoghurt 150g,150g,£12.33/kg,1.85,,
Sainsbury's Local,Yoghurt,Yoghurt,The Collective Great Dairy Peach & Apricot Suckies 90g,90g,£15.56/kg,1.40,,
Sainsbury's Local,Yoghurt,Yoghurt,The Collective Great Dairy Strawberry Suckies 90g,90g,£15.56/kg,1.40,,
Sainsbury's Local,Yoghurt,Yoghurt,Yeo Valley Organic Greek Style Natural 150g,150g,£8.00/kg,1.20,,
Sainsbury's Local,Yoghurt,Yoghurt,Yeo Valley Organic Greek Style Natural 450g,450g,£6.78/kg,3.05,,
Sainsbury's Local,Yoghurt,Yoghurt,Yeo Valley Organic Kefir Natural 350g,350g,£7.86/kg,2.75,,
Sainsbury's Local,Yoghurt,Yoghurt,Yeo Valley Organic Natural Live Smooth & Creamy Yogurt 450g,450g,£5.89/kg,2.65,,
Sainsbury's Local,Yoghurt,Yoghurt,Yeo Valley Organic Natural Live Smooth & Light Yogurt 150g,150g,£7.67/kg,1.15,,
Sainsbury's Local,Yoghurt,Yoghurt,Yeo Valley Organic Strawberry Live Whole Milk Yogurt 450g,450g,£6.00/kg,2.70,,
Sainsbury's Local,Yoghurt,Yoghurt,"Yeo Valley Organic Strawberry, Peach & Apricot, Blackcurrant, Raspberry 440g (4 x 110g)",4pk,£7.95/kg,3.50,,
Sainsbury's Local,Yoghurt,Yoghurt,Yoplait Petits Filous Raspberry & Strawberry Fromage Frais Big Pots 4 x 100g,4pk,£1.34/kg,2.15,,
Sainsbury's Local,Yoghurt,Yoghurt Drinks,"Actimel Blueberry Immune Support Yoghurt Drink Multipack, 8x100g",8pk,£4.13/kg,3.30,4.00,£0.70 off
Sainsbury's Local,Yoghurt,Yoghurt Drinks,"Actimel Multifruit Immune Support Yoghurt Drink Multipack, 8x100g",800g,£4.13/kg,3.30,4.00,£0.70 off
Sainsbury's Local,Yoghurt,Yoghurt Drinks,"Actimel Strawberry Immune Support Yoghurt Drink Multipack, 8x100g",8pk,£4.13/kg,3.30,4.00,£0.70 off
Sainsbury's Local,Yoghurt,Yoghurt Drinks,Benecol No Added Sugar Raspberry Yogurt Drink 6 x 67.5g (405g),6pk,£14.32/kg,5.80,,
Sainsbury's Local,Yoghurt,Yoghurt Drinks,Biotiful Gut Health Chocolate Kefir Protein Shake 330ml,330ml,£7.73/L,2.55,,
Sainsbury's Local,Yoghurt,Yoghurt Drinks,Biotiful Gut Health Kefir Drink Cherry 500ml,500ml,£4.00/L,2.00,2.90,£0.90 off
Sainsbury's Local,Yoghurt,Yoghurt Drinks,Biotiful Gut Health Kefir Drink Mango 500ml,500ml,£4.00/L,2.00,2.90,£0.90 off
Sainsbury's Local,Yoghurt,Yoghurt Drinks,Biotiful Gut Health Kefir Drink Original 500ml,500ml,£4.00/L,2.00,2.90,£0.90 off
