store,category,subcategory,product_name,pack_size,unit_price,price_gbp,was_price_gbp,offer
Waitrose Kentish Town,Baby,Baby,Aptamil 1 First Infant Milk Formula Powder 800g,800g,£19.94/kg,15.95,,
Waitrose Kentish Town,Baby,Baby,Aptamil 2 Follow On Milk 800g,800g,£20.63/kg,16.50,,
Waitrose Kentish Town,Baby,Baby,Aptamil 2 Follow On Ready to Drink Formula Milk 200ml,200ml,£8.25/L,1.65,,
Waitrose Kentish Town,Baby,Baby,Aptamil Advanced 1 First Infant Ready to Drink Formula Milk 200ml,200ml,£9.75/L,1.95,,
Waitrose Kentish Town,Baby,Baby,Aveeno Baby 2 in 1 Shampoo Conditioner 250ml,250ml,£24.32/L,6.08,8.10,25% off
Waitrose Kentish Town,Baby,Baby,Aveeno Baby Hair & Body Wash 250ml,250ml,£22.04/L,5.51,7.35,25% off
Waitrose Kentish Town,Baby,Baby,BEAR Yo Yos Mango 5s,5pk,£0.66 each,3.30,,
Waitrose Kentish Town,Baby,Baby,Bear Fruit Splits Sour Berry Mango 5x20g,100g,£33.00/kg,3.30,,
Waitrose Kentish Town,Baby,Baby,Calpol Infant Paracetamol 2+ Months 100ml,,,4.35,,
Waitrose Kentish Town,Baby,Baby,Calpol SixPlus Suspension Sugar Free 80ml,80ml,£53.75/L,4.30,,
Waitrose Kentish Town,Baby,Baby,Cow & Gate Ready to Feed First Infant Formula Milk Stage 1 4x200ml,800ml,£5.75/L,4.60,,
Waitrose Kentish Town,Baby,Baby,Eco by Naty Nappy Pants Size 6 (16+KG) x18,18pk,£0.42 each,7.56,9.45,20% off
Waitrose Kentish Town,Baby,Baby,Ella's K Banana & Coconut Puree 120g,120g,£13.75/kg,1.65,,
Waitrose Kentish Town,Baby,Baby,Ella's K Caribbean Chicken Meal 190g,190g,£13.68/kg,2.60,,
Waitrose Kentish Town,Baby,Baby,Ella's Kitchen Cheese & Apple Melty Sticks Snack 7m+ 16g,16g,£103.13/kg,1.65,,
Waitrose Kentish Town,Baby,Baby,Ella's Kitchen Chicken Mash Baby Food 130g,130g,£16.15/kg,2.10,,
Waitrose Kentish Town,Baby,Baby,Ella's Kitchen Dairy Free Banana with Coconut Yoghurt Alternative Pouch 90g,90g,£19.44/kg,1.75,,
Waitrose Kentish Town,Baby,Baby,"Ella's Kitchen Pears, Peas & Broccoli Puree Pouch 6m+ 120g",120g,£13.75/kg,1.65,,
Waitrose Kentish Town,Baby,Baby,Ella's Kitchen Spag Bol Meal Pouch 7m+ 130g,130g,£16.54/kg,2.15,,
Waitrose Kentish Town,Baby,Baby,Ella's Kitchen Squished Fruits Smoothie - The Red One 6+Months 5x90g,450g,£9.64/kg,4.34,5.10,15% off
Waitrose Kentish Town,Baby,Baby,Ella's Kitchen Strawberries & Apple Puree 120g,120g,£13.33/kg,1.60,,
Waitrose Kentish Town,Baby,Baby,Ella's Kitchen Strawberry Yogurt 6+ Months 90g,90g,£18.33/kg,1.65,,
Waitrose Kentish Town,Baby,Baby,Ellas Kitchen Apple + Berry Oats 7 Months 100g,100g,£16.00/kg,1.60,,
Waitrose Kentish Town,Baby,Baby,Ellas Kitchen Sweet Potatoes 70g,70g,£20.00/kg,1.40,,
Waitrose Kentish Town,Baby,Baby,HiPP Organic 2 Follow On Milk 800g (6 months),800g,£18.56/kg,14.85,,
Waitrose Kentish Town,Baby,Baby,HiPP Organic First Infant Milk Powder Stage 1 800g,800g,£19.25/kg,15.40,,
Waitrose Kentish Town,Baby,Baby,Johnson's Baby Oil 500ml,500ml,£10.00/L,5.00,,
Waitrose Kentish Town,Baby,Baby,Johnson's Baby Shampoo 500ml,500ml,£7.50/L,3.75,,
Waitrose Kentish Town,Baby,Baby,Johnsons Baby Cotton Buds 200 Pack,200pk,0.8p each,1.60,,
Waitrose Kentish Town,Baby,Baby,Kendamil Organic Baby First Infant Milk (from birth) 800g,800g,£20.19/kg,16.15,,
Waitrose Kentish Town,Baby,Baby,Kendamil Organic Baby Follow-On Milk 6-12 Months 800g,800g,£20.63/kg,16.50,,
Waitrose Kentish Town,Baby,Baby,Kiddylicious Strawberry & Banana Smoothie Melts Snack 12m+ 6g,6g,£183.33/kg,1.10,,
Waitrose Kentish Town,Baby,Baby,Kiddylicious Strawberry Fruity Bakes 132g,132g,£25.00/kg,3.30,,
Waitrose Kentish Town,Baby,Baby,Kiddylicious Veggie Straws Snack 9m+ 4x48g,192g,£17.45/kg,3.35,,
Waitrose Kentish Town,Baby,Baby,Mam Anti-Colic 260ml Baby Bottle 2pk Grey,260ml,£42.85/L,11.14,13.10,15% off
Waitrose Kentish Town,Baby,Baby,Mam Pure Night Soother Dummy 2-6m x 2,2pk,£3.73 each,7.45,,
Waitrose Kentish Town,Baby,Baby,Milton 28 Sterilising Tablets 112g,112g,£26.61/kg,2.98,3.50,15% off
Waitrose Kentish Town,Baby,Baby,Milton Baby Bottle Cleaner 500ml,500ml,£7.48/L,3.74,4.40,15% off
Waitrose Kentish Town,Baby,Baby,Milton Baby Sterilising Fluid 500g,500g,£6.04/kg,3.02,3.55,15% off
Waitrose Kentish Town,Baby,Baby,Nurofen Children Strawberry Suspension 100ml,,,5.40,,
Waitrose Kentish Town,Baby,Baby,Organix Gingerbread Men Biscuits 135g,135g,£22.00/kg,2.97,3.30,10% off
Waitrose Kentish Town,Baby,Baby,Organix Melty Sweetcorn Rings 20g,20g,£45.00/kg,0.90,,
Waitrose Kentish Town,Baby,Baby,Organix Raspberry & Apple Oaty Bars 6 x 23g,,,3.65,4.05,10% off
Waitrose Kentish Town,Baby,Baby,Pampers Baby Nappies Size 1 x50,50pk,£0.21 each,10.55,,
Waitrose Kentish Town,Baby,Baby,Pampers Baby Nappies Size 3 x40,40pk,£0.26 each,10.45,,
Waitrose Kentish Town,Baby,Baby,Pampers Baby-Dry Nappy Pants Size 5 33s,33pk,£0.40 each,13.05,,
Waitrose Kentish Town,Baby,Baby,Pampers Baby-Dry Size 4 x 44 Nappies (9-14kg),14kg,£0.99/kg,13.85,,
Waitrose Kentish Town,Baby,Baby,"Pampers New Baby Nappies Size 2, 44 per pack",44pk,£0.28 each,12.20,,
Waitrose Kentish Town,Baby,Baby,Pampers Sensitive Baby Wipes 4x52,52pk,£0.09 each,4.72,5.55,15% off
Waitrose Kentish Town,Baby,Baby,Pampers Sensitive Baby Wipes 52s,52pk,£0.03 each,1.55,,
Waitrose Kentish Town,Baby,Baby,"Piccolo Carrot, Sweet Potato & Butternut Squash 100g",100g,£19.00/kg,1.90,,
Waitrose Kentish Town,Baby,Baby,SMA Pro Follow on Milk 2 200ml,200ml,£6.25/L,1.25,,
Waitrose Kentish Town,Baby,Baby,Sudocrem Antiseptic Healing Cream 125g,125g,£44.00/kg,5.50,,
Waitrose Kentish Town,Baby,Baby,The Cheeky Panda - 60 Piece Biodegradable Bamboo Baby Wipes Pack - 320g,320g,£10.78/kg,3.45,,
Waitrose Kentish Town,Baby,Baby,Tommee Tippee Perfect Prep Replacement Filter x1,,,9.30,,
Waitrose Kentish Town,Baby,Baby,Tonic Kids Multivit Gummies 30 Each,30pk,£0.37 each,11.00,,
Waitrose Kentish Town,Baby,Baby,Waitrose Baby Cleansing Pads 100s,100pk,£0.05 each,4.90,,
Waitrose Kentish Town,Baby,Baby,Waitrose Essential Baby Wipes 80 per pack,80pk,£0.01 each,0.90,,
Waitrose Kentish Town,Baby,Baby,Waitrose Essential Cotton Buds 200 per pack,200pk,0.45p each,0.90,,
Waitrose Kentish Town,Baby,Baby,Waitrose Essential Cotton Cosmetic Pads 100 pack,100pk,£0.02 each,2.40,,
Waitrose Kentish Town,Baby,Baby,Waitrose Mini Nappy Sacks 75 per pack,75pk,£0.01 each,1.05,,
Waitrose Kentish Town,Baby,Baby,Water Wipes Original Biodegradable Baby Wipes 60s,60pk,£0.05 each,3.19,3.75,15% off
Waitrose Kentish Town,Baby,Baby Milk,Aptamil 1 First Infant Milk Formula Powder 800g,800g,£19.94/kg,15.95,,
Waitrose Kentish Town,Baby,Baby Milk,Aptamil 2 Follow On Milk 800g,800g,£20.63/kg,16.50,,
Waitrose Kentish Town,Baby,Baby Milk,Aptamil 2 Follow On Ready to Drink Formula Milk 200ml,200ml,£8.25/L,1.65,,
Waitrose Kentish Town,Baby,Baby Milk,Aptamil Advanced 1 First Infant Ready to Drink Formula Milk 200ml,200ml,£9.75/L,1.95,,
Waitrose Kentish Town,Baby,Baby Milk,Cow & Gate Ready to Feed First Infant Formula Milk Stage 1 4x200ml,800ml,£5.75/L,4.60,,
Waitrose Kentish Town,Baby,Baby Milk,HiPP Organic 2 Follow On Milk 800g (6 months),800g,£18.56/kg,14.85,,
Waitrose Kentish Town,Baby,Baby Milk,HiPP Organic First Infant Milk Powder Stage 1 800g,800g,£19.25/kg,15.40,,
Waitrose Kentish Town,Baby,Baby Milk,Kendamil Organic Baby First Infant Milk (from birth) 800g,800g,£20.19/kg,16.15,,
Waitrose Kentish Town,Baby,Baby Milk,Kendamil Organic Baby Follow-On Milk 6-12 Months 800g,800g,£20.63/kg,16.50,,
Waitrose Kentish Town,Baby,Baby Milk,SMA Pro Follow on Milk 2 200ml,200ml,£6.25/L,1.25,,
Waitrose Kentish Town,Baby,Baby Toiletries,Aveeno Baby 2 in 1 Shampoo Conditioner 250ml,250ml,£24.32/L,6.08,8.10,25% off
Waitrose Kentish Town,Baby,Baby Toiletries,Aveeno Baby Hair & Body Wash 250ml,250ml,£22.04/L,5.51,7.35,25% off
Waitrose Kentish Town,Baby,Baby Toiletries,Johnson's Baby Oil 500ml,500ml,£10.00/L,5.00,,
Waitrose Kentish Town,Baby,Baby Toiletries,Johnson's Baby Shampoo 500ml,500ml,£7.50/L,3.75,,
Waitrose Kentish Town,Baby,Baby Toiletries,Johnsons Baby Cotton Buds 200 Pack,200pk,0.8p each,1.60,,
Waitrose Kentish Town,Baby,Baby Toiletries,Sudocrem Antiseptic Healing Cream 125g,125g,£44.00/kg,5.50,,
Waitrose Kentish Town,Baby,Baby Toiletries,Waitrose Essential Cotton Buds 200 per pack,200pk,0.45p each,0.90,,
Waitrose Kentish Town,Baby,Baby Toiletries,Waitrose Essential Cotton Cosmetic Pads 100 pack,100pk,£0.02 each,2.40,,
Waitrose Kentish Town,Baby,Feeding & Accessories,Mam Anti-Colic 260ml Baby Bottle 2pk Grey,260ml,£42.85/L,11.14,13.10,15% off
Waitrose Kentish Town,Baby,Feeding & Accessories,Mam Pure Night Soother Dummy 2-6m x 2,2pk,£3.73 each,7.45,,
Waitrose Kentish Town,Baby,Feeding & Accessories,Milton 28 Sterilising Tablets 112g,112g,£26.61/kg,2.98,3.50,15% off
Waitrose Kentish Town,Baby,Feeding & Accessories,Milton Baby Bottle Cleaner 500ml,500ml,£7.48/L,3.74,4.40,15% off
Waitrose Kentish Town,Baby,Feeding & Accessories,Milton Baby Sterilising Fluid 500g,500g,£6.04/kg,3.02,3.55,15% off
Waitrose Kentish Town,Baby,Feeding & Accessories,Tommee Tippee Perfect Prep Replacement Filter x1,,,9.30,,
Waitrose Kentish Town,Baby,"Food, Snacks & Drinks",BEAR Yo Yos Mango 5s,5pk,£0.66 each,3.30,,
Waitrose Kentish Town,Baby,"Food, Snacks & Drinks",Bear Fruit Splits Sour Berry Mango 5x20g,100g,£33.00/kg,3.30,,
Waitrose Kentish Town,Baby,"Food, Snacks & Drinks",Ella's K Banana & Coconut Puree 120g,120g,£13.75/kg,1.65,,
Waitrose Kentish Town,Baby,"Food, Snacks & Drinks",Ella's K Caribbean Chicken Meal 190g,190g,£13.68/kg,2.60,,
Waitrose Kentish Town,Baby,"Food, Snacks & Drinks",Ella's Kitchen Cheese & Apple Melty Sticks Snack 7m+ 16g,16g,£103.13/kg,1.65,,
Waitrose Kentish Town,Baby,"Food, Snacks & Drinks",Ella's Kitchen Chicken Mash Baby Food 130g,130g,£16.15/kg,2.10,,
Waitrose Kentish Town,Baby,"Food, Snacks & Drinks",Ella's Kitchen Dairy Free Banana with Coconut Yoghurt Alternative Pouch 90g,90g,£19.44/kg,1.75,,
Waitrose Kentish Town,Baby,"Food, Snacks & Drinks","Ella's Kitchen Pears, Peas & Broccoli Puree Pouch 6m+ 120g",120g,£13.75/kg,1.65,,
Waitrose Kentish Town,Baby,"Food, Snacks & Drinks",Ella's Kitchen Spag Bol Meal Pouch 7m+ 130g,130g,£16.54/kg,2.15,,
Waitrose Kentish Town,Baby,"Food, Snacks & Drinks",Ella's Kitchen Squished Fruits Smoothie - The Red One 6+Months 5x90g,450g,£9.64/kg,4.34,5.10,15% off
Waitrose Kentish Town,Baby,"Food, Snacks & Drinks",Ella's Kitchen Strawberries & Apple Puree 120g,120g,£13.33/kg,1.60,,
Waitrose Kentish Town,Baby,"Food, Snacks & Drinks",Ella's Kitchen Strawberry Yogurt 6+ Months 90g,90g,£18.33/kg,1.65,,
Waitrose Kentish Town,Baby,"Food, Snacks & Drinks",Ellas Kitchen Apple + Berry Oats 7 Months 100g,100g,£16.00/kg,1.60,,
Waitrose Kentish Town,Baby,"Food, Snacks & Drinks",Ellas Kitchen Sweet Potatoes 70g,70g,£20.00/kg,1.40,,
Waitrose Kentish Town,Baby,"Food, Snacks & Drinks",Kiddylicious Strawberry & Banana Smoothie Melts Snack 12m+ 6g,6g,£183.33/kg,1.10,,
Waitrose Kentish Town,Baby,"Food, Snacks & Drinks",Kiddylicious Strawberry Fruity Bakes 132g,132g,£25.00/kg,3.30,,
Waitrose Kentish Town,Baby,"Food, Snacks & Drinks",Kiddylicious Veggie Straws Snack 9m+ 4x48g,192g,£17.45/kg,3.35,,
Waitrose Kentish Town,Baby,"Food, Snacks & Drinks",Organix Gingerbread Men Biscuits 135g,135g,£22.00/kg,2.97,3.30,10% off
Waitrose Kentish Town,Baby,"Food, Snacks & Drinks",Organix Melty Sweetcorn Rings 20g,20g,£45.00/kg,0.90,,
Waitrose Kentish Town,Baby,"Food, Snacks & Drinks",Organix Raspberry & Apple Oaty Bars 6 x 23g,,,3.65,4.05,10% off
Waitrose Kentish Town,Baby,"Food, Snacks & Drinks","Piccolo Carrot, Sweet Potato & Butternut Squash 100g",100g,£19.00/kg,1.90,,
Waitrose Kentish Town,Baby,Health,Calpol Infant Paracetamol 2+ Months 100ml,,,4.35,,
Waitrose Kentish Town,Baby,Health,Calpol SixPlus Suspension Sugar Free 80ml,80ml,£53.75/L,4.30,,
Waitrose Kentish Town,Baby,Health,Nurofen Children Strawberry Suspension 100ml,,,5.40,,
Waitrose Kentish Town,Baby,Health,Tonic Kids Multivit Gummies 30 Each,30pk,£0.37 each,11.00,,
Waitrose Kentish Town,Baby,Healthcare,Calpol Infant Paracetamol 2+ Months 100ml,,,4.35,,
Waitrose Kentish Town,Baby,Healthcare,Calpol SixPlus Suspension Sugar Free 80ml,80ml,£53.75/L,4.30,,
Waitrose Kentish Town,Baby,Healthcare,Nurofen Children Strawberry Suspension 100ml,,,5.40,,
Waitrose Kentish Town,Baby,Healthcare,Sudocrem Antiseptic Healing Cream 125g,125g,£44.00/kg,5.50,,
Waitrose Kentish Town,Baby,Nappies & Wipes,Eco by Naty Nappy Pants Size 6 (16+KG) x18,18pk,£0.42 each,7.56,9.45,20% off
Waitrose Kentish Town,Baby,Nappies & Wipes,Pampers Baby Nappies Size 1 x50,50pk,£0.21 each,10.55,,
Waitrose Kentish Town,Baby,Nappies & Wipes,Pampers Baby Nappies Size 3 x40,40pk,£0.26 each,10.45,,
Waitrose Kentish Town,Baby,Nappies & Wipes,Pampers Baby-Dry Nappy Pants Size 5 33s,33pk,£0.40 each,13.05,,
Waitrose Kentish Town,Baby,Nappies & Wipes,Pampers Baby-Dry Size 4 x 44 Nappies (9-14kg),14kg,£0.99/kg,13.85,,
Waitrose Kentish Town,Baby,Nappies & Wipes,"Pampers New Baby Nappies Size 2, 44 per pack",44pk,£0.28 each,12.20,,
Waitrose Kentish Town,Baby,Nappies & Wipes,Pampers Sensitive Baby Wipes 4x52,52pk,£0.09 each,4.72,5.55,15% off
Waitrose Kentish Town,Baby,Nappies & Wipes,Pampers Sensitive Baby Wipes 52s,52pk,£0.03 each,1.55,,
Waitrose Kentish Town,Baby,Nappies & Wipes,The Cheeky Panda - 60 Piece Biodegradable Bamboo Baby Wipes Pack - 320g,320g,£10.78/kg,3.45,,
Waitrose Kentish Town,Baby,Nappies & Wipes,Waitrose Baby Cleansing Pads 100s,100pk,£0.05 each,4.90,,
Waitrose Kentish Town,Baby,Nappies & Wipes,Waitrose Essential Baby Wipes 80 per pack,80pk,£0.01 each,0.90,,
Waitrose Kentish Town,Baby,Nappies & Wipes,Waitrose Mini Nappy Sacks 75 per pack,75pk,£0.01 each,1.05,,
Waitrose Kentish Town,Baby,Nappies & Wipes,Water Wipes Original Biodegradable Baby Wipes 60s,60pk,£0.05 each,3.19,3.75,15% off
Waitrose Kentish Town,Baby,Offers,Aveeno Baby 2 in 1 Shampoo Conditioner 250ml,250ml,£24.32/L,6.08,8.10,25% off
Waitrose Kentish Town,Baby,Offers,Aveeno Baby Hair & Body Wash 250ml,250ml,£22.04/L,5.51,7.35,25% off
Waitrose Kentish Town,Baby,Offers,Eco by Naty Nappy Pants Size 6 (16+KG) x18,18pk,£0.42 each,7.56,9.45,20% off
Waitrose Kentish Town,Baby,Offers,Ella's Kitchen Squished Fruits Smoothie - The Red One 6+Months 5x90g,450g,£9.64/kg,4.34,5.10,15% off
Waitrose Kentish Town,Baby,Offers,Mam Anti-Colic 260ml Baby Bottle 2pk Grey,260ml,£42.85/L,11.14,13.10,15% off
Waitrose Kentish Town,Baby,Offers,Milton 28 Sterilising Tablets 112g,112g,£26.61/kg,2.98,3.50,15% off
Waitrose Kentish Town,Baby,Offers,Milton Baby Bottle Cleaner 500ml,500ml,£7.48/L,3.74,4.40,15% off
Waitrose Kentish Town,Baby,Offers,Milton Baby Sterilising Fluid 500g,500g,£6.04/kg,3.02,3.55,15% off
Waitrose Kentish Town,Baby,Offers,Organix Gingerbread Men Biscuits 135g,135g,£22.00/kg,2.97,3.30,10% off
Waitrose Kentish Town,Baby,Offers,Organix Raspberry & Apple Oaty Bars 6 x 23g,,,3.65,4.05,10% off
Waitrose Kentish Town,Baby,Offers,Pampers Sensitive Baby Wipes 4x52,52pk,£0.09 each,4.72,5.55,15% off
Waitrose Kentish Town,Baby,Offers,Water Wipes Original Biodegradable Baby Wipes 60s,60pk,£0.05 each,3.19,3.75,15% off
Waitrose Kentish Town,Bakery,Back To Routine,Soreen Banana Lunchbox Loaves 5 Pack,5pk,£0.43 each,2.15,,
Waitrose Kentish Town,Bakery,Back To Routine,Waitrose Chocolate Mini Rolls 8s,,,3.87,4.30,10% off
Waitrose Kentish Town,Bakery,Back To Routine,Waitrose Seeded Tortilla Wraps 8 pack,8pk,£0.18 each,1.45,,
Waitrose Kentish Town,Bakery,Bakery,Barny Chocolate Sponge Bears 125g,125g,£11.60/kg,1.45,,
Waitrose Kentish Town,Bakery,Bakery,Bertinet Bakery Seeded Sourdough Bread Loaf 550g,550g,£4.55/kg,2.50,,
Waitrose Kentish Town,Bakery,Bakery,Bertinet Bakery White Sourdough Bread Loaf 500g,500g,£5.40/kg,2.70,,
Waitrose Kentish Town,Bakery,Bakery,Black Sheep Craft Bakery White Tiger Bread Bloomer 800g,800g,£2.69/kg,2.15,,
Waitrose Kentish Town,Bakery,Bakery,Bonne Maman 7 Madeleine Cakes 175g,175g,£15.43/kg,2.70,3.60,25% off
Waitrose Kentish Town,Bakery,Bakery,Chloe's All Butter Shortbread Sweethearts 100g,100g,£23.00/kg,2.30,,
Waitrose Kentish Town,Bakery,Bakery,Crosta & Mollica Piadina Emilana Flatbreads 3 Pack,,,2.00,2.35,15% off
Waitrose Kentish Town,Bakery,Bakery,Deli Kitchen Greek Style Flatbreads 4 Pack,,,2.15,,
Waitrose Kentish Town,Bakery,Bakery,Diforti - Barchette Hazelnut Chocolate - 150g,150g,£21.33/kg,3.20,,
Waitrose Kentish Town,Bakery,Bakery,Diforti - Cannoncini Sfoglia Hazelnut Chocolate - 150g,150g,£23.67/kg,3.55,,
Waitrose Kentish Town,Bakery,Bakery,Diforti - Cannoncini Sfoglia Pistachio - 150g,150g,£23.67/kg,3.55,,
Waitrose Kentish Town,Bakery,Bakery,Diforti - Sicilian Cannoli Hazelnut Chocolate - 150g,150g,£21.33/kg,3.20,,
Waitrose Kentish Town,Bakery,Bakery,Diforti - Sicilian Cannoli Pistachio - 150g,150g,£21.33/kg,3.20,,
Waitrose Kentish Town,Bakery,Bakery,Diforti - Sicilian Cannoli White Chocolate - 150g,150g,£23.67/kg,3.55,,
Waitrose Kentish Town,Bakery,Bakery,Diforti Aragostine Hazelnut Chocolate Pastries 150g,150g,£21.33/kg,3.20,,
Waitrose Kentish Town,Bakery,Bakery,Elephant Atta Chapattis 360g,360g,£5.83/kg,2.10,,
Waitrose Kentish Town,Bakery,Bakery,Fitzgeralds Part Baked Sourdough Baguettes x2,2pk,£1.13 each,2.25,,
Waitrose Kentish Town,Bakery,Bakery,Fitzgeralds Pre-Sliced Multiseed Bagel Slims 6 Pack,,,2.40,,
Waitrose Kentish Town,Bakery,Bakery,Fitzgeralds Soft Kids Wraps x6,6pk,£0.29 each,1.75,,
Waitrose Kentish Town,Bakery,Bakery,Genius Gluten Free Crumpets 4s,4pk,£0.68 each,2.70,,
Waitrose Kentish Town,Bakery,Bakery,Gran Luchito Soft Taco Wraps x10 300g,300g,£8.00/kg,2.40,,
Waitrose Kentish Town,Bakery,Bakery,Hadji Bey Original Rose Gift Pack 250g,250g,£34.60/kg,8.65,,
Waitrose Kentish Town,Bakery,Bakery,Hovis 1886 Hot Dog Roll 4 Pack,4pk,£0.45 each,1.80,,
Waitrose Kentish Town,Bakery,Bakery,Hovis Best of Both Medium 800g,800g,£1.04/kg,0.83,1.65,50% off
Waitrose Kentish Town,Bakery,Bakery,Hovis Premium Burger Buns 4 Pack,4pk,£0.45 each,1.80,,
Waitrose Kentish Town,Bakery,Bakery,Hovis Seed Sensations Bread Loaf 400g,,,1.31,1.45,10% off
Waitrose Kentish Town,Bakery,Bakery,Hovis Seed Sensations Original Seven Seeds Bread 800g,800g,£2.15/kg,1.72,2.15,20% off
Waitrose Kentish Town,Bakery,Bakery,Hovis Soft White Medium Sliced Loaf 800g,,,1.65,,
Waitrose Kentish Town,Bakery,Bakery,Hovis Wholemeal Medium Bread Loaf 800g,,,1.16,1.65,30% off
Waitrose Kentish Town,Bakery,Bakery,Jackson's Brown Bread Bloomer 800g,,,1.47,2.10,30% off
Waitrose Kentish Town,Bakery,Bakery,Jackson's White Bread Bloomer 800g,800g,£2.63/kg,2.10,,
Waitrose Kentish Town,Bakery,Bakery,Jacksons Half Brown Bread Bloomer Loaf 400g,400g,£4.25/kg,1.70,,
Waitrose Kentish Town,Bakery,Bakery,Jason's Sourdough Grains & Seeds 580g,580g,£3.14/kg,1.82,2.60,30% off
Waitrose Kentish Town,Bakery,Bakery,Jason's Sourdough White No8 580g,580g,£4.05/kg,2.35,,
Waitrose Kentish Town,Bakery,Bakery,New York Bakery Co Plain Bagels 5 per pack,5pk,£0.36 each,1.80,,
Waitrose Kentish Town,Bakery,Bakery,New York Bakery Co Sesame Bagels 5 per pack,5pk,£0.43 each,2.15,,
Waitrose Kentish Town,Bakery,Bakery,OGGS Mini Vanilla Cupcakes NEW 218g,218g,£18.53/kg,4.04,4.75,15% off
Waitrose Kentish Town,Bakery,Bakery,Old El Paso 8 Super Soft Flour Tortillas,,,2.15,,
Waitrose Kentish Town,Bakery,Bakery,Pagen Gifflar Cinnamon Rolls 260g,260g,£8.00/kg,2.08,2.60,20% off
Waitrose Kentish Town,Bakery,Bakery,Schneiderbrot Wholegrain Rye Bread 500g,500g,£3.30/kg,1.65,,
Waitrose Kentish Town,Bakery,Bakery,Soreen Banana Lunchbox Loaves 5 Pack,5pk,£0.43 each,2.15,,
Waitrose Kentish Town,Bakery,Bakery,Soreen Original Malt Loaf 260g,,,2.00,,
Waitrose Kentish Town,Bakery,Bakery,Tunnocks Milk Chocolate Tea Cake Biscuit 6x24g,144g,£14.24/kg,2.05,,
Waitrose Kentish Town,Bakery,Bakery,Unearthed Pastel De Nata 6 per pack,6pk,£0.83 each,4.95,,
Waitrose Kentish Town,Bakery,Bakery,Wafflemeister Toasting Waffles 8 Pack,8pk,£0.27 each,2.15,,
Waitrose Kentish Town,Bakery,Bakery,Waitrose 2 Garlic & Coriander Naans 260g,260g,£4.42/kg,1.15,,
Waitrose Kentish Town,Bakery,Bakery,Waitrose Almond Croissants 2 pack,2pk,£1.83 each,3.65,,
Waitrose Kentish Town,Bakery,Bakery,Waitrose Apple & Blackberry Crumble Dessert 500g,500g,£9.70/kg,4.85,,
Waitrose Kentish Town,Bakery,Bakery,Waitrose Brioche Burger Buns 4s,4pk,£0.46 each,1.85,,
Waitrose Kentish Town,Bakery,Bakery,Waitrose Brioche Rolls 8 Pack,8pk,£0.19 each,1.54,2.20,30% off
Waitrose Kentish Town,Bakery,Bakery,Waitrose Buttermilk Pancakes 240g,240g,£12.29/kg,2.95,,
Waitrose Kentish Town,Bakery,Bakery,Waitrose Carrot Cake,,,4.40,,
Waitrose Kentish Town,Bakery,Bakery,Waitrose Cecil Cake 1ea,,,10.45,,
Waitrose Kentish Town,Bakery,Bakery,Waitrose Chocolate Brownies 275g,275g,£15.64/kg,4.30,,
Waitrose Kentish Town,Bakery,Bakery,Waitrose Chocolate Chip Brioche Rolls 8 Pack,8pk,£0.28 each,2.20,,
Waitrose Kentish Town,Bakery,Bakery,Waitrose Chocolate Mini Rolls 8s,,,3.87,4.30,10% off
Waitrose Kentish Town,Bakery,Bakery,Waitrose Ciabatta Rolls 4 Pack,4pk,£0.45 each,1.80,,
Waitrose Kentish Town,Bakery,Bakery,Waitrose Croissants 4 per pack,4pk,£0.68 each,2.70,,
Waitrose Kentish Town,Bakery,Bakery,Waitrose Essential 4 Double Chocolate Muffins,,,1.61,2.30,30% off
Waitrose Kentish Town,Bakery,Bakery,Waitrose Essential Crumpets 8 Pack,8pk,£0.13 each,1.05,,
Waitrose Kentish Town,Bakery,Bakery,Waitrose Essential White Pitta Bread 6 per pack,6pk,£0.13 each,0.80,,
Waitrose Kentish Town,Bakery,Bakery,Waitrose Flame-Baked Plain Naan Breads 260g,260g,£4.15/kg,1.08,1.35,20% off
Waitrose Kentish Town,Bakery,Bakery,Waitrose Flapjack Mini Bites 260g,260g,£16.92/kg,4.40,,
Waitrose Kentish Town,Bakery,Bakery,Waitrose Free From 4 Chocolate Brownies 150g,150g,£22.00/kg,3.30,,
Waitrose Kentish Town,Bakery,Bakery,Waitrose Free From Gluten Sourdough Bread Cob 375g,375g,£10.27/kg,3.85,,
Waitrose Kentish Town,Bakery,Bakery,Waitrose Free From Tiger Bread Loaf 400g,400g,£9.38/kg,3.75,,
Waitrose Kentish Town,Bakery,Bakery,Waitrose Half Ciabattas 2 per pack,2pk,£1.30 each,2.60,,
Waitrose Kentish Town,Bakery,Bakery,Waitrose Hand Stretched Flatbreads 2 per pack,,,1.85,,
Waitrose Kentish Town,Bakery,Bakery,Waitrose Iced Avocado Gingerbread 75g,75g,£25.33/kg,1.90,,
Waitrose Kentish Town,Bakery,Bakery,Waitrose Lemon Drizzle Cake 400g,,,4.30,,
Waitrose Kentish Town,Bakery,Bakery,Waitrose Melton Mowbray Pork Pies 6 per pack,6pk,£0.63 each,3.75,,
Waitrose Kentish Town,Bakery,Bakery,Waitrose Meringue Nests 8 per pack,8pk,£0.25 each,1.96,2.30,15% off
Waitrose Kentish Town,Bakery,Bakery,Waitrose Mini Cornflake Cluster Bites 200g,200g,£19.35/kg,3.87,4.30,10% off
Waitrose Kentish Town,Bakery,Bakery,Waitrose Multiseeded Farmhouse Bread Batch Loaf 800g,,,1.85,,
Waitrose Kentish Town,Bakery,Bakery,Waitrose No.1 Baklava Selection 200g,200g,£22.00/kg,4.40,,
Waitrose Kentish Town,Bakery,Bakery,Waitrose No.1 Butter Croissants 2 Pack,2pk,£1.24 each,2.48,2.75,10% off
Waitrose Kentish Town,Bakery,Bakery,"Waitrose No.1 Chicken, Bacon & Leek Pie 500g",500g,£15.60/kg,7.80,,
Waitrose Kentish Town,Bakery,Bakery,Waitrose No.1 Chocolate Indulgence Cake 800g,,,7.90,,
Waitrose Kentish Town,Bakery,Bakery,Waitrose No.1 Dulce de Leche Caramel Cupcakes x2,2pk,£1.93 each,3.85,,
Waitrose Kentish Town,Bakery,Bakery,Waitrose No.1 Morello Cherry & Almond Tart 390g,390g,£21.15/kg,8.25,,
Waitrose Kentish Town,Bakery,Bakery,Waitrose No.1 Pain au Chocolat 2 pack,2pk,£1.33 each,2.66,2.95,10% off
Waitrose Kentish Town,Bakery,Bakery,Waitrose No.1 Rosemary & Sea Salt Focaccia 150g,150g,£18.33/kg,2.75,,
Waitrose Kentish Town,Bakery,Bakery,Waitrose No.1 Sicilian Lemon Tarts 2x75g,150g,£29.33/kg,4.40,5.50,20% off
Waitrose Kentish Town,Bakery,Bakery,Waitrose No.1 Wheat & Rye Sourdough Sliced 500g,500g,£5.90/kg,2.95,,
Waitrose Kentish Town,Bakery,Bakery,Waitrose Nuts & Raisins Loaf 270g,270g,£9.44/kg,2.55,,
Waitrose Kentish Town,Bakery,Bakery,Waitrose Pains au Chocolat 4 per pack,4pk,£0.74 each,2.95,,
Waitrose Kentish Town,Bakery,Bakery,Waitrose Rocky Road Mini Bites 234g,234g,£18.80/kg,4.40,,
Waitrose Kentish Town,Bakery,Bakery,Waitrose Seeded Tortilla Wraps 8 pack,8pk,£0.18 each,1.45,,
Waitrose Kentish Town,Bakery,Bakery,Waitrose Sliced Brioche Loaf 400g,400g,£7.38/kg,2.95,,
Waitrose Kentish Town,Bakery,Bakery,Waitrose Snowball Mini Bites Tubs 165g,165g,£26.67/kg,4.40,,
Waitrose Kentish Town,Bakery,Bakery,Waitrose Soft White Toastie Thick 800g,800g,£1.25/kg,1.00,,
Waitrose Kentish Town,Bakery,Bakery,Waitrose Sourdough Crumpets 6 per pack,6pk,£0.16 each,0.95,1.35,30% off
Waitrose Kentish Town,Bakery,Bakery,Waitrose Trifle Sponges 8s,8pk,£0.22 each,1.75,,
Waitrose Kentish Town,Bakery,Bakery,Waitrose Victoria Sponge Cake 1ea,,,4.30,,
Waitrose Kentish Town,Bakery,Bakery,Wildfarmed 4 Seeded Rolls 264g,264g,£8.90/kg,2.35,,
Waitrose Kentish Town,Bakery,Bread,Bertinet Bakery Seeded Sourdough Bread Loaf 550g,550g,£4.55/kg,2.50,,
Waitrose Kentish Town,Bakery,Bread,Bertinet Bakery White Sourdough Bread Loaf 500g,500g,£5.40/kg,2.70,,
Waitrose Kentish Town,Bakery,Bread,Black Sheep Craft Bakery White Tiger Bread Bloomer 800g,800g,£2.69/kg,2.15,,
Waitrose Kentish Town,Bakery,Bread,Fitzgeralds Part Baked Sourdough Baguettes x2,2pk,£1.13 each,2.25,,
Waitrose Kentish Town,Bakery,Bread,Hovis Best of Both Medium 800g,800g,£1.04/kg,0.83,1.65,50% off
Waitrose Kentish Town,Bakery,Bread,Hovis Seed Sensations Bread Loaf 400g,,,1.31,1.45,10% off
Waitrose Kentish Town,Bakery,Bread,Hovis Seed Sensations Original Seven Seeds Bread 800g,800g,£2.15/kg,1.72,2.15,20% off
Waitrose Kentish Town,Bakery,Bread,Hovis Soft White Medium Sliced Loaf 800g,,,1.65,,
Waitrose Kentish Town,Bakery,Bread,Hovis Wholemeal Medium Bread Loaf 800g,,,1.16,1.65,30% off
Waitrose Kentish Town,Bakery,Bread,Jackson's Brown Bread Bloomer 800g,,,1.47,2.10,30% off
Waitrose Kentish Town,Bakery,Bread,Jackson's White Bread Bloomer 800g,800g,£2.63/kg,2.10,,
Waitrose Kentish Town,Bakery,Bread,Jacksons Half Brown Bread Bloomer Loaf 400g,400g,£4.25/kg,1.70,,
Waitrose Kentish Town,Bakery,Bread,Jason's Sourdough Grains & Seeds 580g,580g,£3.14/kg,1.82,2.60,30% off
Waitrose Kentish Town,Bakery,Bread,Jason's Sourdough White No8 580g,580g,£4.05/kg,2.35,,
Waitrose Kentish Town,Bakery,Bread,Schneiderbrot Wholegrain Rye Bread 500g,500g,£3.30/kg,1.65,,
Waitrose Kentish Town,Bakery,Bread,Waitrose Ciabatta Rolls 4 Pack,4pk,£0.45 each,1.80,,
Waitrose Kentish Town,Bakery,Bread,Waitrose Free From Gluten Sourdough Bread Cob 375g,375g,£10.27/kg,3.85,,
Waitrose Kentish Town,Bakery,Bread,Waitrose Free From Tiger Bread Loaf 400g,400g,£9.38/kg,3.75,,
Waitrose Kentish Town,Bakery,Bread,Waitrose Half Ciabattas 2 per pack,2pk,£1.30 each,2.60,,
Waitrose Kentish Town,Bakery,Bread,Waitrose Multiseeded Farmhouse Bread Batch Loaf 800g,,,1.85,,
Waitrose Kentish Town,Bakery,Bread,Waitrose No.1 Rosemary & Sea Salt Focaccia 150g,150g,£18.33/kg,2.75,,
Waitrose Kentish Town,Bakery,Bread,Waitrose No.1 Wheat & Rye Sourdough Sliced 500g,500g,£5.90/kg,2.95,,
Waitrose Kentish Town,Bakery,Bread,Waitrose Soft White Toastie Thick 800g,800g,£1.25/kg,1.00,,
Waitrose Kentish Town,Bakery,Buns & Rolls,Fitzgeralds Pre-Sliced Multiseed Bagel Slims 6 Pack,,,2.40,,
Waitrose Kentish Town,Bakery,Buns & Rolls,Hovis 1886 Hot Dog Roll 4 Pack,4pk,£0.45 each,1.80,,
Waitrose Kentish Town,Bakery,Buns & Rolls,Hovis Premium Burger Buns 4 Pack,4pk,£0.45 each,1.80,,
Waitrose Kentish Town,Bakery,Buns & Rolls,New York Bakery Co Plain Bagels 5 per pack,5pk,£0.36 each,1.80,,
Waitrose Kentish Town,Bakery,Buns & Rolls,New York Bakery Co Sesame Bagels 5 per pack,5pk,£0.43 each,2.15,,
Waitrose Kentish Town,Bakery,Buns & Rolls,Waitrose Brioche Burger Buns 4s,4pk,£0.46 each,1.85,,
Waitrose Kentish Town,Bakery,Buns & Rolls,Wildfarmed 4 Seeded Rolls 264g,264g,£8.90/kg,2.35,,
Waitrose Kentish Town,Bakery,Croissants & Breakfast,Chloe's All Butter Shortbread Sweethearts 100g,100g,£23.00/kg,2.30,,
Waitrose Kentish Town,Bakery,Croissants & Breakfast,Diforti - Cannoncini Sfoglia Hazelnut Chocolate - 150g,150g,£23.67/kg,3.55,,
Waitrose Kentish Town,Bakery,Croissants & Breakfast,Diforti - Cannoncini Sfoglia Pistachio - 150g,150g,£23.67/kg,3.55,,
Waitrose Kentish Town,Bakery,Croissants & Breakfast,Diforti - Sicilian Cannoli Hazelnut Chocolate - 150g,150g,£21.33/kg,3.20,,
Waitrose Kentish Town,Bakery,Croissants & Breakfast,Diforti - Sicilian Cannoli Pistachio - 150g,150g,£21.33/kg,3.20,,
Waitrose Kentish Town,Bakery,Croissants & Breakfast,Diforti - Sicilian Cannoli White Chocolate - 150g,150g,£23.67/kg,3.55,,
Waitrose Kentish Town,Bakery,Croissants & Breakfast,Diforti Aragostine Hazelnut Chocolate Pastries 150g,150g,£21.33/kg,3.20,,
Waitrose Kentish Town,Bakery,Croissants & Breakfast,Genius Gluten Free Crumpets 4s,4pk,£0.68 each,2.70,,
Waitrose Kentish Town,Bakery,Croissants & Breakfast,Wafflemeister Toasting Waffles 8 Pack,8pk,£0.27 each,2.15,,
Waitrose Kentish Town,Bakery,Croissants & Breakfast,Waitrose Almond Croissants 2 pack,2pk,£1.83 each,3.65,,
Waitrose Kentish Town,Bakery,Croissants & Breakfast,Waitrose Brioche Rolls 8 Pack,8pk,£0.19 each,1.54,2.20,30% off
Waitrose Kentish Town,Bakery,Croissants & Breakfast,Waitrose Buttermilk Pancakes 240g,240g,£12.29/kg,2.95,,
Waitrose Kentish Town,Bakery,Croissants & Breakfast,Waitrose Chocolate Chip Brioche Rolls 8 Pack,8pk,£0.28 each,2.20,,
Waitrose Kentish Town,Bakery,Croissants & Breakfast,Waitrose Croissants 4 per pack,4pk,£0.68 each,2.70,,
Waitrose Kentish Town,Bakery,Croissants & Breakfast,Waitrose Essential Crumpets 8 Pack,8pk,£0.13 each,1.05,,
Waitrose Kentish Town,Bakery,Croissants & Breakfast,Waitrose Meringue Nests 8 per pack,8pk,£0.25 each,1.96,2.30,15% off
Waitrose Kentish Town,Bakery,Croissants & Breakfast,Waitrose No.1 Butter Croissants 2 Pack,2pk,£1.24 each,2.48,2.75,10% off
Waitrose Kentish Town,Bakery,Croissants & Breakfast,Waitrose No.1 Pain au Chocolat 2 pack,2pk,£1.33 each,2.66,2.95,10% off
Waitrose Kentish Town,Bakery,Croissants & Breakfast,Waitrose Pains au Chocolat 4 per pack,4pk,£0.74 each,2.95,,
Waitrose Kentish Town,Bakery,Croissants & Breakfast,Waitrose Sliced Brioche Loaf 400g,400g,£7.38/kg,2.95,,
Waitrose Kentish Town,Bakery,Croissants & Breakfast,Waitrose Sourdough Crumpets 6 per pack,6pk,£0.16 each,0.95,1.35,30% off
Waitrose Kentish Town,Bakery,"Crumbles, Sweet Pies & Tarts",Diforti - Barchette Hazelnut Chocolate - 150g,150g,£21.33/kg,3.20,,
Waitrose Kentish Town,Bakery,"Crumbles, Sweet Pies & Tarts",Waitrose Apple & Blackberry Crumble Dessert 500g,500g,£9.70/kg,4.85,,
Waitrose Kentish Town,Bakery,"Crumbles, Sweet Pies & Tarts",Waitrose No.1 Morello Cherry & Almond Tart 390g,390g,£21.15/kg,8.25,,
Waitrose Kentish Town,Bakery,"Crumbles, Sweet Pies & Tarts",Waitrose No.1 Sicilian Lemon Tarts 2x75g,150g,£29.33/kg,4.40,5.50,20% off
Waitrose Kentish Town,Bakery,Discover our Waitrose No.1 Range,Waitrose No.1 Butter Croissants 2 Pack,2pk,£1.24 each,2.48,2.75,10% off
Waitrose Kentish Town,Bakery,Discover our Waitrose No.1 Range,"Waitrose No.1 Chicken, Bacon & Leek Pie 500g",500g,£15.60/kg,7.80,,
Waitrose Kentish Town,Bakery,Discover our Waitrose No.1 Range,Waitrose No.1 Chocolate Indulgence Cake 800g,,,7.90,,
Waitrose Kentish Town,Bakery,Discover our Waitrose No.1 Range,Waitrose No.1 Dulce de Leche Caramel Cupcakes x2,2pk,£1.93 each,3.85,,
Waitrose Kentish Town,Bakery,Discover our Waitrose No.1 Range,Waitrose No.1 Morello Cherry & Almond Tart 390g,390g,£21.15/kg,8.25,,
Waitrose Kentish Town,Bakery,Discover our Waitrose No.1 Range,Waitrose No.1 Pain au Chocolat 2 pack,2pk,£1.33 each,2.66,2.95,10% off
Waitrose Kentish Town,Bakery,Discover our Waitrose No.1 Range,Waitrose No.1 Wheat & Rye Sourdough Sliced 500g,500g,£5.90/kg,2.95,,
Waitrose Kentish Town,Bakery,Offers,Bonne Maman 7 Madeleine Cakes 175g,175g,£15.43/kg,2.70,3.60,25% off
Waitrose Kentish Town,Bakery,Offers,Crosta & Mollica Piadina Emilana Flatbreads 3 Pack,,,2.00,2.35,15% off
Waitrose Kentish Town,Bakery,Offers,Hovis Best of Both Medium 800g,800g,£1.04/kg,0.83,1.65,50% off
Waitrose Kentish Town,Bakery,Offers,Hovis Seed Sensations Bread Loaf 400g,,,1.31,1.45,10% off
Waitrose Kentish Town,Bakery,Offers,Hovis Seed Sensations Original Seven Seeds Bread 800g,800g,£2.15/kg,1.72,2.15,20% off
Waitrose Kentish Town,Bakery,Offers,Hovis Wholemeal Medium Bread Loaf 800g,,,1.16,1.65,30% off
Waitrose Kentish Town,Bakery,Offers,Jackson's Brown Bread Bloomer 800g,,,1.47,2.10,30% off
Waitrose Kentish Town,Bakery,Offers,Jason's Sourdough Grains & Seeds 580g,580g,£3.14/kg,1.82,2.60,30% off
Waitrose Kentish Town,Bakery,Offers,OGGS Mini Vanilla Cupcakes NEW 218g,218g,£18.53/kg,4.04,4.75,15% off
Waitrose Kentish Town,Bakery,Offers,Pagen Gifflar Cinnamon Rolls 260g,260g,£8.00/kg,2.08,2.60,20% off
Waitrose Kentish Town,Bakery,Offers,Waitrose Brioche Rolls 8 Pack,8pk,£0.19 each,1.54,2.20,30% off
Waitrose Kentish Town,Bakery,Offers,Waitrose Chocolate Mini Rolls 8s,,,3.87,4.30,10% off
Waitrose Kentish Town,Bakery,Offers,Waitrose Essential 4 Double Chocolate Muffins,,,1.61,2.30,30% off
Waitrose Kentish Town,Bakery,Offers,Waitrose Flame-Baked Plain Naan Breads 260g,260g,£4.15/kg,1.08,1.35,20% off
Waitrose Kentish Town,Bakery,Offers,Waitrose Meringue Nests 8 per pack,8pk,£0.25 each,1.96,2.30,15% off
Waitrose Kentish Town,Bakery,Offers,Waitrose Mini Cornflake Cluster Bites 200g,200g,£19.35/kg,3.87,4.30,10% off
Waitrose Kentish Town,Bakery,Offers,Waitrose No.1 Butter Croissants 2 Pack,2pk,£1.24 each,2.48,2.75,10% off
Waitrose Kentish Town,Bakery,Offers,Waitrose No.1 Pain au Chocolat 2 pack,2pk,£1.33 each,2.66,2.95,10% off
Waitrose Kentish Town,Bakery,Offers,Waitrose No.1 Sicilian Lemon Tarts 2x75g,150g,£29.33/kg,4.40,5.50,20% off
Waitrose Kentish Town,Bakery,Offers,Waitrose Sourdough Crumpets 6 per pack,6pk,£0.16 each,0.95,1.35,30% off
Waitrose Kentish Town,Bakery,Savoury Pies,Waitrose Melton Mowbray Pork Pies 6 per pack,6pk,£0.63 each,3.75,,
Waitrose Kentish Town,Bakery,Savoury Pies,"Waitrose No.1 Chicken, Bacon & Leek Pie 500g",500g,£15.60/kg,7.80,,
Waitrose Kentish Town,Bakery,Scones & Teacakes,Soreen Original Malt Loaf 260g,,,2.00,,
Waitrose Kentish Town,Bakery,Scones & Teacakes,Tunnocks Milk Chocolate Tea Cake Biscuit 6x24g,144g,£14.24/kg,2.05,,
Waitrose Kentish Town,Bakery,Scones & Teacakes,Waitrose Nuts & Raisins Loaf 270g,270g,£9.44/kg,2.55,,
Waitrose Kentish Town,Bakery,Seasonal Bakery,Waitrose Iced Avocado Gingerbread 75g,75g,£25.33/kg,1.90,,
Waitrose Kentish Town,Bakery,Small Cakes & Treats,Barny Chocolate Sponge Bears 125g,125g,£11.60/kg,1.45,,
Waitrose Kentish Town,Bakery,Small Cakes & Treats,Bonne Maman 7 Madeleine Cakes 175g,175g,£15.43/kg,2.70,3.60,25% off
Waitrose Kentish Town,Bakery,Small Cakes & Treats,Hadji Bey Original Rose Gift Pack 250g,250g,£34.60/kg,8.65,,
Waitrose Kentish Town,Bakery,Small Cakes & Treats,OGGS Mini Vanilla Cupcakes NEW 218g,218g,£18.53/kg,4.04,4.75,15% off
Waitrose Kentish Town,Bakery,Small Cakes & Treats,Pagen Gifflar Cinnamon Rolls 260g,260g,£8.00/kg,2.08,2.60,20% off
Waitrose Kentish Town,Bakery,Small Cakes & Treats,Soreen Banana Lunchbox Loaves 5 Pack,5pk,£0.43 each,2.15,,
Waitrose Kentish Town,Bakery,Small Cakes & Treats,Unearthed Pastel De Nata 6 per pack,6pk,£0.83 each,4.95,,
Waitrose Kentish Town,Bakery,Small Cakes & Treats,Waitrose Chocolate Brownies 275g,275g,£15.64/kg,4.30,,
Waitrose Kentish Town,Bakery,Small Cakes & Treats,Waitrose Chocolate Mini Rolls 8s,,,3.87,4.30,10% off
Waitrose Kentish Town,Bakery,Small Cakes & Treats,Waitrose Essential 4 Double Chocolate Muffins,,,1.61,2.30,30% off
Waitrose Kentish Town,Bakery,Small Cakes & Treats,Waitrose Flapjack Mini Bites 260g,260g,£16.92/kg,4.40,,
Waitrose Kentish Town,Bakery,Small Cakes & Treats,Waitrose Free From 4 Chocolate Brownies 150g,150g,£22.00/kg,3.30,,
Waitrose Kentish Town,Bakery,Small Cakes & Treats,Waitrose Mini Cornflake Cluster Bites 200g,200g,£19.35/kg,3.87,4.30,10% off
Waitrose Kentish Town,Bakery,Small Cakes & Treats,Waitrose No.1 Baklava Selection 200g,200g,£22.00/kg,4.40,,
Waitrose Kentish Town,Bakery,Small Cakes & Treats,Waitrose No.1 Dulce de Leche Caramel Cupcakes x2,2pk,£1.93 each,3.85,,
Waitrose Kentish Town,Bakery,Small Cakes & Treats,Waitrose Rocky Road Mini Bites 234g,234g,£18.80/kg,4.40,,
Waitrose Kentish Town,Bakery,Small Cakes & Treats,Waitrose Snowball Mini Bites Tubs 165g,165g,£26.67/kg,4.40,,
Waitrose Kentish Town,Bakery,Small Cakes & Treats,Waitrose Trifle Sponges 8s,8pk,£0.22 each,1.75,,
Waitrose Kentish Town,Bakery,Sweet Treats,Waitrose Rocky Road Mini Bites 234g,234g,£18.80/kg,4.40,,
Waitrose Kentish Town,Bakery,The Friday Flex - Save 20%,Waitrose Flame-Baked Plain Naan Breads 260g,260g,£4.15/kg,1.08,1.35,20% off
Waitrose Kentish Town,Bakery,The Friday Flex - Save 20%,Waitrose No.1 Sicilian Lemon Tarts 2x75g,150g,£29.33/kg,4.40,5.50,20% off
Waitrose Kentish Town,Bakery,Whole Cakes,Waitrose Carrot Cake,,,4.40,,
Waitrose Kentish Town,Bakery,Whole Cakes,Waitrose Cecil Cake 1ea,,,10.45,,
Waitrose Kentish Town,Bakery,Whole Cakes,Waitrose Lemon Drizzle Cake 400g,,,4.30,,
Waitrose Kentish Town,Bakery,Whole Cakes,Waitrose No.1 Chocolate Indulgence Cake 800g,,,7.90,,
Waitrose Kentish Town,Bakery,Whole Cakes,Waitrose Victoria Sponge Cake 1ea,,,4.30,,
Waitrose Kentish Town,Bakery,"Wraps, Pittas & Naans",Crosta & Mollica Piadina Emilana Flatbreads 3 Pack,,,2.00,2.35,15% off
Waitrose Kentish Town,Bakery,"Wraps, Pittas & Naans",Deli Kitchen Greek Style Flatbreads 4 Pack,,,2.15,,
Waitrose Kentish Town,Bakery,"Wraps, Pittas & Naans",Elephant Atta Chapattis 360g,360g,£5.83/kg,2.10,,
Waitrose Kentish Town,Bakery,"Wraps, Pittas & Naans",Fitzgeralds Soft Kids Wraps x6,6pk,£0.29 each,1.75,,
Waitrose Kentish Town,Bakery,"Wraps, Pittas & Naans",Gran Luchito Soft Taco Wraps x10 300g,300g,£8.00/kg,2.40,,
Waitrose Kentish Town,Bakery,"Wraps, Pittas & Naans",Old El Paso 8 Super Soft Flour Tortillas,,,2.15,,
Waitrose Kentish Town,Bakery,"Wraps, Pittas & Naans",Waitrose 2 Garlic & Coriander Naans 260g,260g,£4.42/kg,1.15,,
Waitrose Kentish Town,Bakery,"Wraps, Pittas & Naans",Waitrose Essential White Pitta Bread 6 per pack,6pk,£0.13 each,0.80,,
Waitrose Kentish Town,Bakery,"Wraps, Pittas & Naans",Waitrose Flame-Baked Plain Naan Breads 260g,260g,£4.15/kg,1.08,1.35,20% off
Waitrose Kentish Town,Bakery,"Wraps, Pittas & Naans",Waitrose Hand Stretched Flatbreads 2 per pack,,,1.85,,
Waitrose Kentish Town,Bakery,"Wraps, Pittas & Naans",Waitrose Seeded Tortilla Wraps 8 pack,8pk,£0.18 each,1.45,,
Waitrose Kentish Town,Beauty & Toiletries,Bath & Shower,Bulldog Original Shower Gel 500ml,500ml,£8.78/L,4.39,5.85,25% off
Waitrose Kentish Town,Beauty & Toiletries,Bath & Shower,Dove Original Moisturising Beauty Bar Soap 90g,90g,£67.22/kg,6.05,,
Waitrose Kentish Town,Beauty & Toiletries,Bath & Shower,"Goodness Oud, Cedar & Amber Shower Gel 500ml",500ml,£10.00/L,5.00,,
Waitrose Kentish Town,Beauty & Toiletries,Bath & Shower,Neal's Yard  Restoring Bath Scents Collection 300ml,300ml,£86.67/L,26.00,,
Waitrose Kentish Town,Beauty & Toiletries,Bath & Shower,Neal's Yard Women's Balance Foaming Bath 200ml,200ml,£114.00/L,22.80,,
Waitrose Kentish Town,Beauty & Toiletries,Bath & Shower,Neal's Yard Women's Balance Shower Oil 200ml,,,25.00,,
Waitrose Kentish Town,Beauty & Toiletries,Bath & Shower,Pears Original Soap Bars 2x100g,200g,£13.50/kg,2.70,,
Waitrose Kentish Town,Beauty & Toiletries,Bath & Shower,Radox Muscle Soak 500ml,500ml,£4.50/L,2.25,,
Waitrose Kentish Town,Beauty & Toiletries,Bath & Shower,Sanex Biome Protect Moisture Shower Gel 450ml,450ml,£7.24/L,3.26,4.35,25% off
Waitrose Kentish Town,Beauty & Toiletries,Bath & Shower,Simple Refreshing Shower Gel 450ml,450ml,£5.67/L,2.55,3.00,15% off
Waitrose Kentish Town,Beauty & Toiletries,Bath & Shower,Treaclemoon Brazilian Love Shower Gel 500ml,500ml,£6.40/L,3.20,,
Waitrose Kentish Town,Beauty & Toiletries,Beauty & Toiletries,Always Dailies Normal Panty Liners 32s,32pk,£0.07 each,2.20,,
Waitrose Kentish Town,Beauty & Toiletries,Beauty & Toiletries,Always Discreet Long Incontinence Pads 8s,,,3.05,,
Waitrose Kentish Town,Beauty & Toiletries,Beauty & Toiletries,Always Discreet Normal Incontinence Pads 12s,12pk,£0.25 each,3.00,,
Waitrose Kentish Town,Beauty & Toiletries,Beauty & Toiletries,Always Maxi Night Pads 9s,9pk,£0.37 each,3.30,,
Waitrose Kentish Town,Beauty & Toiletries,Beauty & Toiletries,Always Ultra Normal Pads with Wings 13 per pack,14pk,£0.19 each,2.60,,
Waitrose Kentish Town,Beauty & Toiletries,Beauty & Toiletries,Always Ultra Secure Night Pads with Wings 16 Pack,18pk,£0.23 each,4.15,,
Waitrose Kentish Town,Beauty & Toiletries,Beauty & Toiletries,Ambre Solaire Super UV Over Make-up Mist 75ml,75ml,£205.33/L,15.40,,
Waitrose Kentish Town,Beauty & Toiletries,Beauty & Toiletries,Aussie Mega Shampoo 300ml,300ml,£21.00/L,6.30,,
Waitrose Kentish Town,Beauty & Toiletries,Beauty & Toiletries,Aussie Miracle Moist Conditioner 200ml,200ml,£31.25/L,6.25,,
Waitrose Kentish Town,Beauty & Toiletries,Beauty & Toiletries,Aussie Miracle Moist Shampoo 300ml,300ml,£21.00/L,6.30,,
Waitrose Kentish Town,Beauty & Toiletries,Beauty & Toiletries,Aveeno Cream 300ml,300ml,£33.33/L,10.00,,
Waitrose Kentish Town,Beauty & Toiletries,Beauty & Toiletries,Aveeno Moisturising Body Lotion 300ml,300ml,£37.00/L,11.10,,
Waitrose Kentish Town,Beauty & Toiletries,Beauty & Toiletries,Aveeno Moisturising Hand Cream 75ml,75ml,£87.33/L,6.55,,
Waitrose Kentish Town,Beauty & Toiletries,Beauty & Toiletries,Aveeno Shea Butter Skin Relief Moisturising Lotion 200ml,200ml,£43.75/L,8.75,,
Waitrose Kentish Town,Beauty & Toiletries,Beauty & Toiletries,Bamboo Balsam Facial Tissues 64 Sheets,64pk,£0.03 each,2.05,,
Waitrose Kentish Town,Beauty & Toiletries,Beauty & Toiletries,Batiste Blush Dry Shampoo 200ml,200ml,£21.50/L,4.30,,
Waitrose Kentish Town,Beauty & Toiletries,Beauty & Toiletries,Batiste Original Dry Shampoo 200ml,200ml,£20.25/L,4.05,,
Waitrose Kentish Town,Beauty & Toiletries,Beauty & Toiletries,Baylis & Harding Jasmine & Apple Hand Wash 500ml,500ml,£6.20/L,3.10,,
Waitrose Kentish Town,Beauty & Toiletries,Beauty & Toiletries,Baylis & Harding Pepper Hand Wash 500ml,500ml,£5.80/L,2.90,,
Waitrose Kentish Town,Beauty & Toiletries,Beauty & Toiletries,Bulldog Original Face Wash 150ml,150ml,£42.00/L,6.30,,
Waitrose Kentish Town,Beauty & Toiletries,Beauty & Toiletries,Bulldog Original Moisturiser 100ml,100ml,£83.00/L,8.30,,
Waitrose Kentish Town,Beauty & Toiletries,Beauty & Toiletries,Bulldog Original Shower Gel 500ml,500ml,£8.78/L,4.39,5.85,25% off
Waitrose Kentish Town,Beauty & Toiletries,Beauty & Toiletries,Carefree Cotton Breathable Pantyliners 20 pack,20pk,£0.06 each,1.15,,
Waitrose Kentish Town,Beauty & Toiletries,Beauty & Toiletries,Colgate Advanced White Toothpaste 125ml,125ml,£60.40/L,7.55,,
Waitrose Kentish Town,Beauty & Toiletries,Beauty & Toiletries,Colgate Cavity Protection Toothpaste 75ml,75ml,£25.33/L,1.90,,
Waitrose Kentish Town,Beauty & Toiletries,Beauty & Toiletries,Colgate Pump Max Fresh Cool Mint Toothpaste 100ml,100ml,£44.00/L,4.40,,
Waitrose Kentish Town,Beauty & Toiletries,Beauty & Toiletries,Collagen Lifter Conditioner 300ml,300ml,£23.50/L,7.05,,
Waitrose Kentish Town,Beauty & Toiletries,Beauty & Toiletries,Collagen Lifter Shampoo 400ml,400ml,£17.63/L,7.05,,
Waitrose Kentish Town,Beauty & Toiletries,Beauty & Toiletries,Cutex Ultra-Caring Nail Polish Remover 200ml,200ml,£19.00/L,3.80,,
Waitrose Kentish Town,Beauty & Toiletries,Beauty & Toiletries,Denman D3 Classic Styling Hair Brush,,,15.00,,
Waitrose Kentish Town,Beauty & Toiletries,Beauty & Toiletries,Dove Original Moisturising Beauty Bar Soap 90g,90g,£67.22/kg,6.05,,
Waitrose Kentish Town,Beauty & Toiletries,Beauty & Toiletries,Elnett Normal Hold Hairspray 200ml,200ml,£31.50/L,6.30,,
Waitrose Kentish Town,Beauty & Toiletries,Beauty & Toiletries,Femfresh Daily Intimate Wash 250ml,250ml,£11.72/L,2.93,3.45,15% off
Waitrose Kentish Town,Beauty & Toiletries,Beauty & Toiletries,Garnier Micellar Cleansing Water 400ml,400ml,£26.63/L,10.65,,
Waitrose Kentish Town,Beauty & Toiletries,Beauty & Toiletries,Garnier Moisture Bomb Sheet Mask 28g,28g,£144.64/kg,4.05,,
Waitrose Kentish Town,Beauty & Toiletries,Beauty & Toiletries,Gillette Blue II Plus Multipack 8 per pack,8pk,£0.60 each,4.80,,
Waitrose Kentish Town,Beauty & Toiletries,Beauty & Toiletries,Gillette Fusion 5 Blades 4 Pack,4pk,£3.75 each,15.00,,
Waitrose Kentish Town,Beauty & Toiletries,Beauty & Toiletries,Gillette Satin Care Shave Gel Sensitive 200ml,200ml,£13.15/L,2.63,3.50,25% off
Waitrose Kentish Town,Beauty & Toiletries,Beauty & Toiletries,Gillette Sensor 3 Comfort Razor 4 Pack,4pk,£1.20 each,4.80,6.40,25% off
Waitrose Kentish Town,Beauty & Toiletries,Beauty & Toiletries,Gillette Simply Venus Disposable Razor Multipack 4 per pack,4pk,£0.60 each,2.40,,
Waitrose Kentish Town,Beauty & Toiletries,Beauty & Toiletries,Gillette Venus Comfort Guide Spa Breeze Blades 4 Pack,4pk,£3.85 each,15.40,,
Waitrose Kentish Town,Beauty & Toiletries,Beauty & Toiletries,"Goodness Oud, Cedar & Amber Shower Gel 500ml",500ml,£10.00/L,5.00,,
Waitrose Kentish Town,Beauty & Toiletries,Beauty & Toiletries,Head & Shoulders 2in1 Shampoo 225ml,225ml,£14.22/L,3.20,,
Waitrose Kentish Town,Beauty & Toiletries,Beauty & Toiletries,Johnsons Baby Cotton Buds 200 Pack,200pk,0.8p each,1.60,,
Waitrose Kentish Town,Beauty & Toiletries,Beauty & Toiletries,Kleenex Balsam Tissues Mega Box 112 sheets,112pk,£0.04 each,4.50,,
Waitrose Kentish Town,Beauty & Toiletries,Beauty & Toiletries,Kleenex Ultra Soft Tissues Mega Box 112 sheets,112pk,£0.04 each,4.50,,
Waitrose Kentish Town,Beauty & Toiletries,Beauty & Toiletries,L'Oreal Age Perfect Day Face Cream 50ml,,,17.30,,
Waitrose Kentish Town,Beauty & Toiletries,Beauty & Toiletries,L'Oreal Casting Creme Gloss Hair Dye Medium Brown 1ea,,,15.10,,
Waitrose Kentish Town,Beauty & Toiletries,Beauty & Toiletries,Listerine Mouthwash Stay White 500ml,500ml,£13.00/L,6.50,,
Waitrose Kentish Town,Beauty & Toiletries,Beauty & Toiletries,Listerine Total Care Mouthwash 500ml,500ml,£13.20/L,6.60,,
Waitrose Kentish Town,Beauty & Toiletries,Beauty & Toiletries,NIVEA Original Care Lip Balm 4.8g,5g,£412.00/kg,2.06,2.75,25% off
Waitrose Kentish Town,Beauty & Toiletries,Beauty & Toiletries,Neal's Yard  Restoring Bath Scents Collection 300ml,300ml,£86.67/L,26.00,,
Waitrose Kentish Town,Beauty & Toiletries,Beauty & Toiletries,Neal's Yard Women's Balance Body Cream 200ml,200ml,£175.00/L,35.00,,
Waitrose Kentish Town,Beauty & Toiletries,Beauty & Toiletries,Neal's Yard Women's Balance Foaming Bath 200ml,200ml,£114.00/L,22.80,,
Waitrose Kentish Town,Beauty & Toiletries,Beauty & Toiletries,Neal's Yard Women's Balance Shower Oil 200ml,,,25.00,,
Waitrose Kentish Town,Beauty & Toiletries,Beauty & Toiletries,Neat Foaming Hand Wash Refill Grapefruit and Bergamot 30ml,30ml,£115.00/L,3.45,,
Waitrose Kentish Town,Beauty & Toiletries,Beauty & Toiletries,Neat Foaming Hand Wash Refill Mango and Fig 30ml,30ml,£115.00/L,3.45,,
Waitrose Kentish Town,Beauty & Toiletries,Beauty & Toiletries,Neat Foaming Hand Wash White 250ml,,,4.75,,
Waitrose Kentish Town,Beauty & Toiletries,Beauty & Toiletries,Nivea 3in1 Cleansing Face Wipes 25 wipes,10ml,£292.00/L,2.92,3.65,20% off
Waitrose Kentish Town,Beauty & Toiletries,Beauty & Toiletries,Nivea Men Sensitive Shaving Gel 200ml,200ml,£23.25/L,4.65,,
Waitrose Kentish Town,Beauty & Toiletries,Beauty & Toiletries,Nivea Sun After Sun Lotion 200ml,200ml,£60.00/L,12.00,,
Waitrose Kentish Town,Beauty & Toiletries,Beauty & Toiletries,Nivea Sun Cream 50+ Sensitive Protect 200ml,,,19.10,,
Waitrose Kentish Town,Beauty & Toiletries,Beauty & Toiletries,OGX Argan Oil Conditioner 385ml,385ml,£25.71/L,9.90,,
Waitrose Kentish Town,Beauty & Toiletries,Beauty & Toiletries,OGX Argan Oil Shampoo 385ml,385ml,£25.71/L,9.90,,
Waitrose Kentish Town,Beauty & Toiletries,Beauty & Toiletries,Olay Classic Beauty Fluid 200ml,200ml,£38.50/L,7.70,,
Waitrose Kentish Town,Beauty & Toiletries,Beauty & Toiletries,Oral-B Essential Floss 50m,,,2.25,3.00,25% off
Waitrose Kentish Town,Beauty & Toiletries,Beauty & Toiletries,Oral-B Pro-Expert Protect Toothpaste 75ml,75ml,£66.67/L,5.00,,
Waitrose Kentish Town,Beauty & Toiletries,Beauty & Toiletries,Oral-B Toothpaste 3D White Luxe Perfection 75ml,75ml,£66.00/L,4.95,6.60,25% off
Waitrose Kentish Town,Beauty & Toiletries,Beauty & Toiletries,Pears Original Soap Bars 2x100g,200g,£13.50/kg,2.70,,
Waitrose Kentish Town,Beauty & Toiletries,Beauty & Toiletries,Radox Muscle Soak 500ml,500ml,£4.50/L,2.25,,
Waitrose Kentish Town,Beauty & Toiletries,Beauty & Toiletries,Sanex Biome Protect Moisture Shower Gel 450ml,450ml,£7.24/L,3.26,4.35,25% off
Waitrose Kentish Town,Beauty & Toiletries,Beauty & Toiletries,Sani Hands Anti-Bacterial Hand Wipes 12 per pack,12pk,£0.13 each,1.60,,
Waitrose Kentish Town,Beauty & Toiletries,Beauty & Toiletries,Simple Age Resisting Biodegradable Face Wipes 20s,20pk,£0.22 each,4.48,6.40,30% off
Waitrose Kentish Town,Beauty & Toiletries,Beauty & Toiletries,Simple Biodegradable Face Wipes 25s,25pk,£0.16 each,4.00,,
Waitrose Kentish Town,Beauty & Toiletries,Beauty & Toiletries,Simple Hydrating Light Moisturiser 125ml,125ml,£35.20/L,4.40,,
Waitrose Kentish Town,Beauty & Toiletries,Beauty & Toiletries,Simple Kind To Skin Moisturising Facial Wash 150ml,150ml,£29.33/L,4.40,,
Waitrose Kentish Town,Beauty & Toiletries,Beauty & Toiletries,Simple Kind to Skin Eye Make-Up Remover 125ml,125ml,£37.60/L,4.70,,
Waitrose Kentish Town,Beauty & Toiletries,Beauty & Toiletries,Simple Kind to Skin Gentle Care Handwash 250ml,250ml,£7.48/L,1.87,2.20,15% off
Waitrose Kentish Town,Beauty & Toiletries,Beauty & Toiletries,Simple Micellar Cleansing Wipes 20 per pack,20pk,£0.23 each,4.69,6.70,30% off
Waitrose Kentish Town,Beauty & Toiletries,Beauty & Toiletries,Simple Refreshing Shower Gel 450ml,450ml,£5.67/L,2.55,3.00,15% off
Waitrose Kentish Town,Beauty & Toiletries,Beauty & Toiletries,Stop N Grow Nail Biting Treatment 7.5ml,,,5.50,,
Waitrose Kentish Town,Beauty & Toiletries,Beauty & Toiletries,Sure Cotton Dry 72h Deodorant 250ml,250ml,£21.60/L,5.40,,
Waitrose Kentish Town,Beauty & Toiletries,Beauty & Toiletries,Sure Invisible Pure 72h Deodorant 150ml,150ml,£19.73/L,2.96,3.95,25% off
Waitrose Kentish Town,Beauty & Toiletries,Beauty & Toiletries,Sure Men Invisible Ice Anti-Perspirant Deodorant 250ml,250ml,£21.60/L,5.40,,
Waitrose Kentish Town,Beauty & Toiletries,Beauty & Toiletries,Sure Women Anti-perspirant Deodorant Stick 40ml,40ml,£85.00/L,3.40,4.00,15% off
Waitrose Kentish Town,Beauty & Toiletries,Beauty & Toiletries,Tampax Compak Regular 18 per pack,18pk,£0.18 each,3.30,,
Waitrose Kentish Town,Beauty & Toiletries,Beauty & Toiletries,Tampax Compak Super Tampons 18 per pack,18pk,£0.18 each,3.30,,
Waitrose Kentish Town,Beauty & Toiletries,Beauty & Toiletries,Tampax Compak Super+ Tampons 16s,,,3.45,,
Waitrose Kentish Town,Beauty & Toiletries,Beauty & Toiletries,TePe Interdental Brush Yellow Size 4 6s,46pk,£0.08 each,3.85,,
Waitrose Kentish Town,Beauty & Toiletries,Beauty & Toiletries,Tena Maxi Night Pads 12 Pack,12pk,£0.51 each,6.15,,
Waitrose Kentish Town,Beauty & Toiletries,Beauty & Toiletries,The Cheeky Panda - Pads with Bamboo Lining Light/15 Pads - 150g,150g,£22.67/kg,3.40,,
Waitrose Kentish Town,Beauty & Toiletries,Beauty & Toiletries,The Cheeky Panda - Pads with Bamboo Lining Night/10 Pads - 182g,182g,£18.68/kg,3.40,,
Waitrose Kentish Town,Beauty & Toiletries,Beauty & Toiletries,The Cheeky Panda Biodegradable Bamboo Handy Wipes x12 50g,50g,£38.00/kg,1.90,,
Waitrose Kentish Town,Beauty & Toiletries,Beauty & Toiletries,Treaclemoon Brazilian Love Shower Gel 500ml,500ml,£6.40/L,3.20,,
Waitrose Kentish Town,Beauty & Toiletries,Beauty & Toiletries,Tweezerman Combo Nail Clipper Set 2 pack,,,19.80,,
Waitrose Kentish Town,Beauty & Toiletries,Beauty & Toiletries,Tweezerman Mini Slant Tweezer 1ea,,,19.80,,
Waitrose Kentish Town,Beauty & Toiletries,Beauty & Toiletries,Tweezerman Neon Hot Filemate Nail Files 2 pack,,,8.80,,
Waitrose Kentish Town,Beauty & Toiletries,Beauty & Toiletries,Ultrasun Family Sun Protection 30 SPF 100ml,100ml,£312.00/L,31.20,,
Waitrose Kentish Town,Beauty & Toiletries,Beauty & Toiletries,Vaseline Original Lip Balm Tin 20g,20g,£72.50/kg,1.45,,
Waitrose Kentish Town,Beauty & Toiletries,Beauty & Toiletries,Veet Silk & Fresh Hair Removal Cream 200ml,200ml,£40.60/L,8.12,9.55,15% off
Waitrose Kentish Town,Beauty & Toiletries,Beauty & Toiletries,Veet Wax Strips for Legs x20,,,7.40,9.25,20% off
Waitrose Kentish Town,Beauty & Toiletries,Beauty & Toiletries,Venus Spa Breeze Comfort Glide Razor 1 per pack,,,11.00,,
Waitrose Kentish Town,Beauty & Toiletries,Beauty & Toiletries,Vo5 Matt Long Lasting Hold Hair Clay 75ml,75ml,£78.67/L,5.90,,
Waitrose Kentish Town,Beauty & Toiletries,Beauty & Toiletries,Waitrose Essential Antibac Aloe Vera Hand Wash 250ml,250ml,£5.00/L,1.25,,
Waitrose Kentish Town,Beauty & Toiletries,Beauty & Toiletries,Waitrose Essential Cotton Buds 200 per pack,200pk,0.45p each,0.90,,
Waitrose Kentish Town,Beauty & Toiletries,Beauty & Toiletries,Waitrose Essential Cotton Cosmetic Pads 100 pack,100pk,£0.02 each,2.40,,
Waitrose Kentish Town,Beauty & Toiletries,Beauty & Toiletries,Waitrose Essential Flexi Toothbrush 2 per pack,2pk,£0.60 each,1.20,,
Waitrose Kentish Town,Beauty & Toiletries,Beauty & Toiletries,Waitrose Essential Fresh Mint Mouthwash 500ml,500ml,£3.50/L,1.75,,
Waitrose Kentish Town,Beauty & Toiletries,Beauty & Toiletries,Waitrose Essential Large Soft Tissues 100 Sheets,100pk,£0.02 each,2.30,,
Waitrose Kentish Town,Beauty & Toiletries,Beauty & Toiletries,Waitrose Essential Soft White Tissues 96 per pack,96pk,£0.02 each,1.55,,
Waitrose Kentish Town,Beauty & Toiletries,Beauty & Toiletries,Waitrose Extra Soft White Tissues 56 sheets,56pk,£0.03 each,1.40,,
Waitrose Kentish Town,Beauty & Toiletries,Beauty & Toiletries,Waitrose Ultra Soft Pocket Tissues 10x10 Sheets,10pk,£0.17 each,1.65,,
Waitrose Kentish Town,Beauty & Toiletries,Beauty & Toiletries,Wild Deodorant Refill Cotton 40g,40g,£190.00/kg,7.60,,
Waitrose Kentish Town,Beauty & Toiletries,Dental,Colgate Advanced White Toothpaste 125ml,125ml,£60.40/L,7.55,,
Waitrose Kentish Town,Beauty & Toiletries,Dental,Colgate Cavity Protection Toothpaste 75ml,75ml,£25.33/L,1.90,,
Waitrose Kentish Town,Beauty & Toiletries,Dental,Colgate Pump Max Fresh Cool Mint Toothpaste 100ml,100ml,£44.00/L,4.40,,
Waitrose Kentish Town,Beauty & Toiletries,Dental,Listerine Mouthwash Stay White 500ml,500ml,£13.00/L,6.50,,
Waitrose Kentish Town,Beauty & Toiletries,Dental,Listerine Total Care Mouthwash 500ml,500ml,£13.20/L,6.60,,
Waitrose Kentish Town,Beauty & Toiletries,Dental,Oral-B Essential Floss 50m,,,2.25,3.00,25% off
Waitrose Kentish Town,Beauty & Toiletries,Dental,Oral-B Pro-Expert Protect Toothpaste 75ml,75ml,£66.67/L,5.00,,
Waitrose Kentish Town,Beauty & Toiletries,Dental,Oral-B Toothpaste 3D White Luxe Perfection 75ml,75ml,£66.00/L,4.95,6.60,25% off
Waitrose Kentish Town,Beauty & Toiletries,Dental,TePe Interdental Brush Yellow Size 4 6s,46pk,£0.08 each,3.85,,
Waitrose Kentish Town,Beauty & Toiletries,Dental,Waitrose Essential Flexi Toothbrush 2 per pack,2pk,£0.60 each,1.20,,
Waitrose Kentish Town,Beauty & Toiletries,Dental,Waitrose Essential Fresh Mint Mouthwash 500ml,500ml,£3.50/L,1.75,,
Waitrose Kentish Town,Beauty & Toiletries,Deodorant,Sure Cotton Dry 72h Deodorant 250ml,250ml,£21.60/L,5.40,,
Waitrose Kentish Town,Beauty & Toiletries,Deodorant,Sure Invisible Pure 72h Deodorant 150ml,150ml,£19.73/L,2.96,3.95,25% off
Waitrose Kentish Town,Beauty & Toiletries,Deodorant,Sure Men Invisible Ice Anti-Perspirant Deodorant 250ml,250ml,£21.60/L,5.40,,
Waitrose Kentish Town,Beauty & Toiletries,Deodorant,Sure Women Anti-perspirant Deodorant Stick 40ml,40ml,£85.00/L,3.40,4.00,15% off
Waitrose Kentish Town,Beauty & Toiletries,Deodorant,Wild Deodorant Refill Cotton 40g,40g,£190.00/kg,7.60,,
Waitrose Kentish Town,Beauty & Toiletries,Hair Care,Aussie Mega Shampoo 300ml,300ml,£21.00/L,6.30,,
Waitrose Kentish Town,Beauty & Toiletries,Hair Care,Aussie Miracle Moist Conditioner 200ml,200ml,£31.25/L,6.25,,
Waitrose Kentish Town,Beauty & Toiletries,Hair Care,Aussie Miracle Moist Shampoo 300ml,300ml,£21.00/L,6.30,,
Waitrose Kentish Town,Beauty & Toiletries,Hair Care,Batiste Blush Dry Shampoo 200ml,200ml,£21.50/L,4.30,,
Waitrose Kentish Town,Beauty & Toiletries,Hair Care,Batiste Original Dry Shampoo 200ml,200ml,£20.25/L,4.05,,
Waitrose Kentish Town,Beauty & Toiletries,Hair Care,Collagen Lifter Conditioner 300ml,300ml,£23.50/L,7.05,,
Waitrose Kentish Town,Beauty & Toiletries,Hair Care,Collagen Lifter Shampoo 400ml,400ml,£17.63/L,7.05,,
Waitrose Kentish Town,Beauty & Toiletries,Hair Care,Denman D3 Classic Styling Hair Brush,,,15.00,,
Waitrose Kentish Town,Beauty & Toiletries,Hair Care,Elnett Normal Hold Hairspray 200ml,200ml,£31.50/L,6.30,,
Waitrose Kentish Town,Beauty & Toiletries,Hair Care,Head & Shoulders 2in1 Shampoo 225ml,225ml,£14.22/L,3.20,,
Waitrose Kentish Town,Beauty & Toiletries,Hair Care,L'Oreal Casting Creme Gloss Hair Dye Medium Brown 1ea,,,15.10,,
Waitrose Kentish Town,Beauty & Toiletries,Hair Care,OGX Argan Oil Conditioner 385ml,385ml,£25.71/L,9.90,,
Waitrose Kentish Town,Beauty & Toiletries,Hair Care,OGX Argan Oil Shampoo 385ml,385ml,£25.71/L,9.90,,
Waitrose Kentish Town,Beauty & Toiletries,Hair Care,Vo5 Matt Long Lasting Hold Hair Clay 75ml,75ml,£78.67/L,5.90,,
Waitrose Kentish Town,Beauty & Toiletries,Hand Soap & Sanitiser,Baylis & Harding Jasmine & Apple Hand Wash 500ml,500ml,£6.20/L,3.10,,
Waitrose Kentish Town,Beauty & Toiletries,Hand Soap & Sanitiser,Baylis & Harding Pepper Hand Wash 500ml,500ml,£5.80/L,2.90,,
Waitrose Kentish Town,Beauty & Toiletries,Hand Soap & Sanitiser,Neat Foaming Hand Wash Refill Grapefruit and Bergamot 30ml,30ml,£115.00/L,3.45,,
Waitrose Kentish Town,Beauty & Toiletries,Hand Soap & Sanitiser,Neat Foaming Hand Wash Refill Mango and Fig 30ml,30ml,£115.00/L,3.45,,
Waitrose Kentish Town,Beauty & Toiletries,Hand Soap & Sanitiser,Neat Foaming Hand Wash White 250ml,,,4.75,,
Waitrose Kentish Town,Beauty & Toiletries,Hand Soap & Sanitiser,Simple Kind to Skin Gentle Care Handwash 250ml,250ml,£7.48/L,1.87,2.20,15% off
Waitrose Kentish Town,Beauty & Toiletries,Hand Soap & Sanitiser,Waitrose Essential Antibac Aloe Vera Hand Wash 250ml,250ml,£5.00/L,1.25,,
Waitrose Kentish Town,Beauty & Toiletries,Healthcare,Nivea Sun Cream 50+ Sensitive Protect 200ml,,,19.10,,
Waitrose Kentish Town,Beauty & Toiletries,Household,Bamboo Balsam Facial Tissues 64 Sheets,64pk,£0.03 each,2.05,,
Waitrose Kentish Town,Beauty & Toiletries,Household,Kleenex Balsam Tissues Mega Box 112 sheets,112pk,£0.04 each,4.50,,
Waitrose Kentish Town,Beauty & Toiletries,Household,Kleenex Ultra Soft Tissues Mega Box 112 sheets,112pk,£0.04 each,4.50,,
Waitrose Kentish Town,Beauty & Toiletries,Incontinence,Always Discreet Long Incontinence Pads 8s,,,3.05,,
Waitrose Kentish Town,Beauty & Toiletries,Incontinence,Always Discreet Normal Incontinence Pads 12s,12pk,£0.25 each,3.00,,
Waitrose Kentish Town,Beauty & Toiletries,Intimate Hygiene,Femfresh Daily Intimate Wash 250ml,250ml,£11.72/L,2.93,3.45,15% off
Waitrose Kentish Town,Beauty & Toiletries,Makeup,Tweezerman Mini Slant Tweezer 1ea,,,19.80,,
Waitrose Kentish Town,Beauty & Toiletries,Offers,Bulldog Original Shower Gel 500ml,500ml,£8.78/L,4.39,5.85,25% off
Waitrose Kentish Town,Beauty & Toiletries,Offers,Femfresh Daily Intimate Wash 250ml,250ml,£11.72/L,2.93,3.45,15% off
Waitrose Kentish Town,Beauty & Toiletries,Offers,Gillette Satin Care Shave Gel Sensitive 200ml,200ml,£13.15/L,2.63,3.50,25% off
Waitrose Kentish Town,Beauty & Toiletries,Offers,Gillette Sensor 3 Comfort Razor 4 Pack,4pk,£1.20 each,4.80,6.40,25% off
Waitrose Kentish Town,Beauty & Toiletries,Offers,NIVEA Original Care Lip Balm 4.8g,5g,£412.00/kg,2.06,2.75,25% off
Waitrose Kentish Town,Beauty & Toiletries,Offers,Nivea 3in1 Cleansing Face Wipes 25 wipes,10ml,£292.00/L,2.92,3.65,20% off
Waitrose Kentish Town,Beauty & Toiletries,Offers,Oral-B Essential Floss 50m,,,2.25,3.00,25% off
Waitrose Kentish Town,Beauty & Toiletries,Offers,Oral-B Toothpaste 3D White Luxe Perfection 75ml,75ml,£66.00/L,4.95,6.60,25% off
Waitrose Kentish Town,Beauty & Toiletries,Offers,Sanex Biome Protect Moisture Shower Gel 450ml,450ml,£7.24/L,3.26,4.35,25% off
Waitrose Kentish Town,Beauty & Toiletries,Offers,Simple Age Resisting Biodegradable Face Wipes 20s,20pk,£0.22 each,4.48,6.40,30% off
Waitrose Kentish Town,Beauty & Toiletries,Offers,Simple Kind to Skin Gentle Care Handwash 250ml,250ml,£7.48/L,1.87,2.20,15% off
Waitrose Kentish Town,Beauty & Toiletries,Offers,Simple Micellar Cleansing Wipes 20 per pack,20pk,£0.23 each,4.69,6.70,30% off
Waitrose Kentish Town,Beauty & Toiletries,Offers,Simple Refreshing Shower Gel 450ml,450ml,£5.67/L,2.55,3.00,15% off
Waitrose Kentish Town,Beauty & Toiletries,Offers,Sure Invisible Pure 72h Deodorant 150ml,150ml,£19.73/L,2.96,3.95,25% off
Waitrose Kentish Town,Beauty & Toiletries,Offers,Sure Women Anti-perspirant Deodorant Stick 40ml,40ml,£85.00/L,3.40,4.00,15% off
Waitrose Kentish Town,Beauty & Toiletries,Offers,Veet Silk & Fresh Hair Removal Cream 200ml,200ml,£40.60/L,8.12,9.55,15% off
Waitrose Kentish Town,Beauty & Toiletries,Offers,Veet Wax Strips for Legs x20,,,7.40,9.25,20% off
Waitrose Kentish Town,Beauty & Toiletries,Period Products,Always Dailies Normal Panty Liners 32s,32pk,£0.07 each,2.20,,
Waitrose Kentish Town,Beauty & Toiletries,Period Products,Always Maxi Night Pads 9s,9pk,£0.37 each,3.30,,
Waitrose Kentish Town,Beauty & Toiletries,Period Products,Always Ultra Normal Pads with Wings 13 per pack,14pk,£0.19 each,2.60,,
Waitrose Kentish Town,Beauty & Toiletries,Period Products,Always Ultra Secure Night Pads with Wings 16 Pack,18pk,£0.23 each,4.15,,
Waitrose Kentish Town,Beauty & Toiletries,Period Products,Carefree Cotton Breathable Pantyliners 20 pack,20pk,£0.06 each,1.15,,
Waitrose Kentish Town,Beauty & Toiletries,Period Products,Tampax Compak Regular 18 per pack,18pk,£0.18 each,3.30,,
Waitrose Kentish Town,Beauty & Toiletries,Period Products,Tampax Compak Super Tampons 18 per pack,18pk,£0.18 each,3.30,,
Waitrose Kentish Town,Beauty & Toiletries,Period Products,Tampax Compak Super+ Tampons 16s,,,3.45,,
Waitrose Kentish Town,Beauty & Toiletries,Period Products,Tena Maxi Night Pads 12 Pack,12pk,£0.51 each,6.15,,
Waitrose Kentish Town,Beauty & Toiletries,Period Products,The Cheeky Panda - Pads with Bamboo Lining Light/15 Pads - 150g,150g,£22.67/kg,3.40,,
Waitrose Kentish Town,Beauty & Toiletries,Period Products,The Cheeky Panda - Pads with Bamboo Lining Night/10 Pads - 182g,182g,£18.68/kg,3.40,,
Waitrose Kentish Town,Beauty & Toiletries,Shaving & Hair Removal,Gillette Blue II Plus Multipack 8 per pack,8pk,£0.60 each,4.80,,
Waitrose Kentish Town,Beauty & Toiletries,Shaving & Hair Removal,Gillette Fusion 5 Blades 4 Pack,4pk,£3.75 each,15.00,,
Waitrose Kentish Town,Beauty & Toiletries,Shaving & Hair Removal,Gillette Satin Care Shave Gel Sensitive 200ml,200ml,£13.15/L,2.63,3.50,25% off
Waitrose Kentish Town,Beauty & Toiletries,Shaving & Hair Removal,Gillette Sensor 3 Comfort Razor 4 Pack,4pk,£1.20 each,4.80,6.40,25% off
Waitrose Kentish Town,Beauty & Toiletries,Shaving & Hair Removal,Gillette Simply Venus Disposable Razor Multipack 4 per pack,4pk,£0.60 each,2.40,,
Waitrose Kentish Town,Beauty & Toiletries,Shaving & Hair Removal,Gillette Venus Comfort Guide Spa Breeze Blades 4 Pack,4pk,£3.85 each,15.40,,
Waitrose Kentish Town,Beauty & Toiletries,Shaving & Hair Removal,Nivea Men Sensitive Shaving Gel 200ml,200ml,£23.25/L,4.65,,
Waitrose Kentish Town,Beauty & Toiletries,Shaving & Hair Removal,Veet Silk & Fresh Hair Removal Cream 200ml,200ml,£40.60/L,8.12,9.55,15% off
Waitrose Kentish Town,Beauty & Toiletries,Shaving & Hair Removal,Veet Wax Strips for Legs x20,,,7.40,9.25,20% off
Waitrose Kentish Town,Beauty & Toiletries,Shaving & Hair Removal,Venus Spa Breeze Comfort Glide Razor 1 per pack,,,11.00,,
Waitrose Kentish Town,Beauty & Toiletries,Skin & Body Care,Ambre Solaire Super UV Over Make-up Mist 75ml,75ml,£205.33/L,15.40,,
Waitrose Kentish Town,Beauty & Toiletries,Skin & Body Care,Aveeno Cream 300ml,300ml,£33.33/L,10.00,,
Waitrose Kentish Town,Beauty & Toiletries,Skin & Body Care,Aveeno Moisturising Body Lotion 300ml,300ml,£37.00/L,11.10,,
Waitrose Kentish Town,Beauty & Toiletries,Skin & Body Care,Aveeno Moisturising Hand Cream 75ml,75ml,£87.33/L,6.55,,
Waitrose Kentish Town,Beauty & Toiletries,Skin & Body Care,Aveeno Shea Butter Skin Relief Moisturising Lotion 200ml,200ml,£43.75/L,8.75,,
Waitrose Kentish Town,Beauty & Toiletries,Skin & Body Care,Bulldog Original Face Wash 150ml,150ml,£42.00/L,6.30,,
Waitrose Kentish Town,Beauty & Toiletries,Skin & Body Care,Bulldog Original Moisturiser 100ml,100ml,£83.00/L,8.30,,
Waitrose Kentish Town,Beauty & Toiletries,Skin & Body Care,Cutex Ultra-Caring Nail Polish Remover 200ml,200ml,£19.00/L,3.80,,
Waitrose Kentish Town,Beauty & Toiletries,Skin & Body Care,Garnier Micellar Cleansing Water 400ml,400ml,£26.63/L,10.65,,
Waitrose Kentish Town,Beauty & Toiletries,Skin & Body Care,Garnier Moisture Bomb Sheet Mask 28g,28g,£144.64/kg,4.05,,
Waitrose Kentish Town,Beauty & Toiletries,Skin & Body Care,Johnsons Baby Cotton Buds 200 Pack,200pk,0.8p each,1.60,,
Waitrose Kentish Town,Beauty & Toiletries,Skin & Body Care,L'Oreal Age Perfect Day Face Cream 50ml,,,17.30,,
Waitrose Kentish Town,Beauty & Toiletries,Skin & Body Care,NIVEA Original Care Lip Balm 4.8g,5g,£412.00/kg,2.06,2.75,25% off
Waitrose Kentish Town,Beauty & Toiletries,Skin & Body Care,Neal's Yard Women's Balance Body Cream 200ml,200ml,£175.00/L,35.00,,
Waitrose Kentish Town,Beauty & Toiletries,Skin & Body Care,Nivea 3in1 Cleansing Face Wipes 25 wipes,10ml,£292.00/L,2.92,3.65,20% off
Waitrose Kentish Town,Beauty & Toiletries,Skin & Body Care,Nivea Sun After Sun Lotion 200ml,200ml,£60.00/L,12.00,,
Waitrose Kentish Town,Beauty & Toiletries,Skin & Body Care,Nivea Sun Cream 50+ Sensitive Protect 200ml,,,19.10,,
Waitrose Kentish Town,Beauty & Toiletries,Skin & Body Care,Olay Classic Beauty Fluid 200ml,200ml,£38.50/L,7.70,,
Waitrose Kentish Town,Beauty & Toiletries,Skin & Body Care,Simple Age Resisting Biodegradable Face Wipes 20s,20pk,£0.22 each,4.48,6.40,30% off
Waitrose Kentish Town,Beauty & Toiletries,Skin & Body Care,Simple Hydrating Light Moisturiser 125ml,125ml,£35.20/L,4.40,,
Waitrose Kentish Town,Beauty & Toiletries,Skin & Body Care,Simple Kind To Skin Moisturising Facial Wash 150ml,150ml,£29.33/L,4.40,,
Waitrose Kentish Town,Beauty & Toiletries,Skin & Body Care,Simple Kind to Skin Eye Make-Up Remover 125ml,125ml,£37.60/L,4.70,,
Waitrose Kentish Town,Beauty & Toiletries,Skin & Body Care,Simple Micellar Cleansing Wipes 20 per pack,20pk,£0.23 each,4.69,6.70,30% off
Waitrose Kentish Town,Beauty & Toiletries,Skin & Body Care,Stop N Grow Nail Biting Treatment 7.5ml,,,5.50,,
Waitrose Kentish Town,Beauty & Toiletries,Skin & Body Care,Tweezerman Combo Nail Clipper Set 2 pack,,,19.80,,
Waitrose Kentish Town,Beauty & Toiletries,Skin & Body Care,Tweezerman Neon Hot Filemate Nail Files 2 pack,,,8.80,,
Waitrose Kentish Town,Beauty & Toiletries,Skin & Body Care,Ultrasun Family Sun Protection 30 SPF 100ml,100ml,£312.00/L,31.20,,
Waitrose Kentish Town,Beauty & Toiletries,Skin & Body Care,Vaseline Original Lip Balm Tin 20g,20g,£72.50/kg,1.45,,
Waitrose Kentish Town,Beauty & Toiletries,Skin & Body Care,Waitrose Essential Cotton Buds 200 per pack,200pk,0.45p each,0.90,,
Waitrose Kentish Town,Beauty & Toiletries,Skin & Body Care,Waitrose Essential Cotton Cosmetic Pads 100 pack,100pk,£0.02 each,2.40,,
Waitrose Kentish Town,Beauty & Toiletries,Sweet Treats,NIVEA Original Care Lip Balm 4.8g,5g,£412.00/kg,2.06,2.75,25% off
Waitrose Kentish Town,Beauty & Toiletries,Tissues & Wipes,Bamboo Balsam Facial Tissues 64 Sheets,64pk,£0.03 each,2.05,,
Waitrose Kentish Town,Beauty & Toiletries,Tissues & Wipes,Kleenex Balsam Tissues Mega Box 112 sheets,112pk,£0.04 each,4.50,,
Waitrose Kentish Town,Beauty & Toiletries,Tissues & Wipes,Kleenex Ultra Soft Tissues Mega Box 112 sheets,112pk,£0.04 each,4.50,,
Waitrose Kentish Town,Beauty & Toiletries,Tissues & Wipes,Sani Hands Anti-Bacterial Hand Wipes 12 per pack,12pk,£0.13 each,1.60,,
Waitrose Kentish Town,Beauty & Toiletries,Tissues & Wipes,Simple Biodegradable Face Wipes 25s,25pk,£0.16 each,4.00,,
Waitrose Kentish Town,Beauty & Toiletries,Tissues & Wipes,The Cheeky Panda Biodegradable Bamboo Handy Wipes x12 50g,50g,£38.00/kg,1.90,,
Waitrose Kentish Town,Beauty & Toiletries,Tissues & Wipes,Waitrose Essential Large Soft Tissues 100 Sheets,100pk,£0.02 each,2.30,,
Waitrose Kentish Town,Beauty & Toiletries,Tissues & Wipes,Waitrose Essential Soft White Tissues 96 per pack,96pk,£0.02 each,1.55,,
Waitrose Kentish Town,Beauty & Toiletries,Tissues & Wipes,Waitrose Extra Soft White Tissues 56 sheets,56pk,£0.03 each,1.40,,
Waitrose Kentish Town,Beauty & Toiletries,Tissues & Wipes,Waitrose Ultra Soft Pocket Tissues 10x10 Sheets,10pk,£0.17 each,1.65,,
Waitrose Kentish Town,Beer & Cider,Ales,Beavertown Gamma Ray Beer 4x330ml,1.32L,£6.82/L,9.00,,
Waitrose Kentish Town,Beer & Cider,Ales,Beavertown Neck Oil London IPA Beer 4x330ml,1.32L,£6.82/L,9.00,,
Waitrose Kentish Town,Beer & Cider,Ales,Brewdog Punk IPA Beer 440ml,440ml,£8.18/L,3.60,,
Waitrose Kentish Town,Beer & Cider,Ales,Brewdog Punk IPA Beer Cans 4x330ml,1.32L,£6.14/L,8.10,,
Waitrose Kentish Town,Beer & Cider,Ales,Brewdog Triple Hazy IPA Beer 440ml,440ml,£13.64/L,6.00,,
Waitrose Kentish Town,Beer & Cider,Ales,Brooklyn Brewery Pulp Art Hazy IPA Beer Cans4x330ml,1.32L,£5.42/L,7.15,,
Waitrose Kentish Town,Beer & Cider,Ales,Hawkstone IPA Beer 330ml,330ml,£9.55/L,3.15,,
Waitrose Kentish Town,Beer & Cider,Ales,Leffe Blonde Beer 4 x 330ml,1.32L,£5.19/L,6.85,,
Waitrose Kentish Town,Beer & Cider,Ales,Sierra Nevada Pale Ale Can 355ml,355ml,£7.61/L,2.70,,
Waitrose Kentish Town,Beer & Cider,Beer & Cider,Asahi Super Dry 0.0% Alcohol Free Beer 4x330ml,1.32L,£4.13/L,5.45,6.05,10% off
Waitrose Kentish Town,Beer & Cider,Beer & Cider,Asahi Super Dry Beer 620ml,620ml,£5.56/L,3.45,,
Waitrose Kentish Town,Beer & Cider,Beer & Cider,Asahi Super Dry Beer Bottles 4x330ml,1.32L,£6.82/L,9.00,,
Waitrose Kentish Town,Beer & Cider,Beer & Cider,Aspall Premier Cru Sparkling Cider 500ml,500ml,£7.60/L,3.80,,
Waitrose Kentish Town,Beer & Cider,Beer & Cider,Beavertown Gamma Ray Beer 4x330ml,1.32L,£6.82/L,9.00,,
Waitrose Kentish Town,Beer & Cider,Beer & Cider,Beavertown Neck Oil London IPA Beer 4x330ml,1.32L,£6.82/L,9.00,,
Waitrose Kentish Town,Beer & Cider,Beer & Cider,Birra Moretti Beer 660ml,660ml,£5.76/L,3.80,,
Waitrose Kentish Town,Beer & Cider,Beer & Cider,Birra Moretti Beer Bottles 4x330ml,1.32L,£6.82/L,9.00,,
Waitrose Kentish Town,Beer & Cider,Beer & Cider,Brewdog Punk IPA Alcohol Free Beer 4 x 330ml,1.32L,£4.58/L,6.05,,
Waitrose Kentish Town,Beer & Cider,Beer & Cider,Brewdog Punk IPA Beer 440ml,440ml,£8.18/L,3.60,,
Waitrose Kentish Town,Beer & Cider,Beer & Cider,Brewdog Punk IPA Beer Cans 4x330ml,1.32L,£6.14/L,8.10,,
Waitrose Kentish Town,Beer & Cider,Beer & Cider,Brewdog Triple Hazy IPA Beer 440ml,440ml,£13.64/L,6.00,,
Waitrose Kentish Town,Beer & Cider,Beer & Cider,Brooklyn Brewery Pulp Art Hazy IPA Beer Cans4x330ml,1.32L,£5.42/L,7.15,,
Waitrose Kentish Town,Beer & Cider,Beer & Cider,Camden Hells Beer 4 x 330ml,1.32L,£5.80/L,7.65,,
Waitrose Kentish Town,Beer & Cider,Beer & Cider,Camden Hells Lager Beer 330ml,330ml,£8.18/L,2.70,,2 for £4
Waitrose Kentish Town,Beer & Cider,Beer & Cider,Corona Cero Alcohol Free Beer 4x330ml,1.32L,£4.58/L,6.05,,
Waitrose Kentish Town,Beer & Cider,Beer & Cider,Corona Extra Premium Lager Beer 4x330ml,1.32L,£5.18/L,6.84,7.60,10% off
Waitrose Kentish Town,Beer & Cider,Beer & Cider,Crabbies Alcoholic Ginger Beer 500ml,500ml,£4.70/L,2.35,,
Waitrose Kentish Town,Beer & Cider,Beer & Cider,Cruzcampo Sevilla Orange 4 x 440ml,1.76L,£3.52/L,6.20,,
Waitrose Kentish Town,Beer & Cider,Beer & Cider,Diddly Squat - Alcoholic Ginger Beer 2.2% ABV - 330ml,330ml,£13.48/L,4.45,,
Waitrose Kentish Town,Beer & Cider,Beer & Cider,Erdinger Weissbier Beer 500ml,500ml,£6.80/L,3.40,,
Waitrose Kentish Town,Beer & Cider,Beer & Cider,Estrella Damm Beer 660ml,660ml,£6.14/L,4.05,,
Waitrose Kentish Town,Beer & Cider,Beer & Cider,Guinness Draught 0.0 Alcohol Free Stout Beer 4x440ml,1.76L,£3.58/L,6.30,,
Waitrose Kentish Town,Beer & Cider,Beer & Cider,Guinness Draught Beer Stout 4x440ml,1.76L,£4.26/L,7.50,,
Waitrose Kentish Town,Beer & Cider,Beer & Cider,Hacker-Pschorr Gold 500ml,500ml,£6.10/L,3.05,,
Waitrose Kentish Town,Beer & Cider,Beer & Cider,Hacker-Pschorr Kellerbier 500ml,500ml,£6.10/L,3.05,,
Waitrose Kentish Town,Beer & Cider,Beer & Cider,Hawkstone Cider 500ml,500ml,£6.90/L,3.45,,
Waitrose Kentish Town,Beer & Cider,Beer & Cider,Hawkstone Hedgerow Cider 500ml,500ml,£7.20/L,3.60,,
Waitrose Kentish Town,Beer & Cider,Beer & Cider,Hawkstone IPA Beer 330ml,330ml,£9.55/L,3.15,,
Waitrose Kentish Town,Beer & Cider,Beer & Cider,Hawkstone Premium Lager Beer 4x330ml,1.32L,£7.27/L,9.60,,
Waitrose Kentish Town,Beer & Cider,Beer & Cider,Hawkstone Session Lager Beer 330ml,330ml,£7.12/L,2.35,,
Waitrose Kentish Town,Beer & Cider,Beer & Cider,Henry Westons Vintage Cider 500ml,500ml,£5.94/L,2.97,3.30,10% off
Waitrose Kentish Town,Beer & Cider,Beer & Cider,Jubel Beer Cut With Grapefruit 440ml,440ml,£7.84/L,3.45,,
Waitrose Kentish Town,Beer & Cider,Beer & Cider,Jubel Beer Cut With Mango 440ml,440ml,£7.84/L,3.45,,3 for £7.50
Waitrose Kentish Town,Beer & Cider,Beer & Cider,Jubel Beer Cut With Peach 440ml,440ml,£7.84/L,3.45,,3 for £7.50
Waitrose Kentish Town,Beer & Cider,Beer & Cider,Kopparberg Mixed Fruit Cider 4x330ml,1.32L,£5.30/L,7.00,,
Waitrose Kentish Town,Beer & Cider,Beer & Cider,Kopparberg Mixed Fruit Vintage Cider 7% 500ml,500ml,£6.60/L,3.30,,
Waitrose Kentish Town,Beer & Cider,Beer & Cider,Kopparberg Strawberry & Lime 7% 500ml,500ml,£6.60/L,3.30,,
Waitrose Kentish Town,Beer & Cider,Beer & Cider,Kopparberg Strawberry & Lime Cider 500ml,500ml,£7.30/L,3.65,,
Waitrose Kentish Town,Beer & Cider,Beer & Cider,Kronenbourg 1664 Cans Beer 4x440ml,1.76L,£4.09/L,7.20,,
Waitrose Kentish Town,Beer & Cider,Beer & Cider,Leffe Blonde Beer 4 x 330ml,1.32L,£5.19/L,6.85,,
Waitrose Kentish Town,Beer & Cider,Beer & Cider,Lucky Saint Alcohol Free Lager Beer 4 x 330ml,1.32L,£4.70/L,6.21,6.90,10% off
Waitrose Kentish Town,Beer & Cider,Beer & Cider,Modelo Especial Lager Beer 4 x 355ml,1.42L,£4.86/L,6.90,,
Waitrose Kentish Town,Beer & Cider,Beer & Cider,Modelo Especial Lager Beer 620ml,620ml,£4.03/L,2.50,,
Waitrose Kentish Town,Beer & Cider,Beer & Cider,Old Mout Berries & Cherries Cider 500ml,500ml,£5.50/L,2.75,,
Waitrose Kentish Town,Beer & Cider,Beer & Cider,Peroni Nastro Azzurro 0.0% Alcohol Free Lager 4x330ml,1.32L,£4.91/L,6.48,7.20,10% off
Waitrose Kentish Town,Beer & Cider,Beer & Cider,Peroni Nastro Azzurro Beer 4x330ml,1.32L,£6.82/L,9.00,,
Waitrose Kentish Town,Beer & Cider,Beer & Cider,Peroni Nastro Azzurro Beer 4x440ml,1.76L,£5.00/L,8.80,,
Waitrose Kentish Town,Beer & Cider,Beer & Cider,Peroni Nastro Azzurro Beer 620ml,620ml,£6.13/L,3.80,,
Waitrose Kentish Town,Beer & Cider,Beer & Cider,Prime Time Lager Beer Cans 4x330ml,1.32L,£5.61/L,7.40,,
Waitrose Kentish Town,Beer & Cider,Beer & Cider,San Miguel Lager Beer Cans 4x440ml,1.76L,£4.32/L,7.60,,
Waitrose Kentish Town,Beer & Cider,Beer & Cider,Sierra Nevada Pale Ale Can 355ml,355ml,£7.61/L,2.70,,
Waitrose Kentish Town,Beer & Cider,Beer & Cider,Stella Artois Beer 4x440ml,1.76L,£3.53/L,6.21,6.90,10% off
Waitrose Kentish Town,Beer & Cider,Beer & Cider,Strongbow Original Cider Cans 4x440ml,1.76L,£3.58/L,6.30,,
Waitrose Kentish Town,Beer & Cider,Beer & Cider,Thatchers Gold Somerset Cider 4x440ml,1.76L,£3.92/L,6.90,,
Waitrose Kentish Town,Beer & Cider,Beer & Cider,Waitrose Low Alcohol Cider 1% 500ml,500ml,£4.30/L,2.15,,
Waitrose Kentish Town,Beer & Cider,Cider,Aspall Premier Cru Sparkling Cider 500ml,500ml,£7.60/L,3.80,,
Waitrose Kentish Town,Beer & Cider,Cider,Hawkstone Cider 500ml,500ml,£6.90/L,3.45,,
Waitrose Kentish Town,Beer & Cider,Cider,Hawkstone Hedgerow Cider 500ml,500ml,£7.20/L,3.60,,
Waitrose Kentish Town,Beer & Cider,Cider,Henry Westons Vintage Cider 500ml,500ml,£5.94/L,2.97,3.30,10% off
Waitrose Kentish Town,Beer & Cider,Cider,Kopparberg Mixed Fruit Cider 4x330ml,1.32L,£5.30/L,7.00,,
Waitrose Kentish Town,Beer & Cider,Cider,Kopparberg Mixed Fruit Vintage Cider 7% 500ml,500ml,£6.60/L,3.30,,
Waitrose Kentish Town,Beer & Cider,Cider,Kopparberg Strawberry & Lime 7% 500ml,500ml,£6.60/L,3.30,,
Waitrose Kentish Town,Beer & Cider,Cider,Kopparberg Strawberry & Lime Cider 500ml,500ml,£7.30/L,3.65,,
Waitrose Kentish Town,Beer & Cider,Cider,Old Mout Berries & Cherries Cider 500ml,500ml,£5.50/L,2.75,,
Waitrose Kentish Town,Beer & Cider,Cider,Strongbow Original Cider Cans 4x440ml,1.76L,£3.58/L,6.30,,
Waitrose Kentish Town,Beer & Cider,Cider,Thatchers Gold Somerset Cider 4x440ml,1.76L,£3.92/L,6.90,,
Waitrose Kentish Town,Beer & Cider,Delivered Chilled 🧊,Asahi Super Dry Beer 620ml,620ml,£5.56/L,3.45,,
Waitrose Kentish Town,Beer & Cider,Delivered Chilled 🧊,Birra Moretti Beer 660ml,660ml,£5.76/L,3.80,,
Waitrose Kentish Town,Beer & Cider,Delivered Chilled 🧊,Camden Hells Lager Beer 330ml,330ml,£8.18/L,2.70,,2 for £4
Waitrose Kentish Town,Beer & Cider,Delivered Chilled 🧊,Henry Westons Vintage Cider 500ml,500ml,£5.94/L,2.97,3.30,10% off
Waitrose Kentish Town,Beer & Cider,Delivered Chilled 🧊,Jubel Beer Cut With Peach 440ml,440ml,£7.84/L,3.45,,3 for £7.50
Waitrose Kentish Town,Beer & Cider,Lagers,Asahi Super Dry Beer 620ml,620ml,£5.56/L,3.45,,
Waitrose Kentish Town,Beer & Cider,Lagers,Asahi Super Dry Beer Bottles 4x330ml,1.32L,£6.82/L,9.00,,
Waitrose Kentish Town,Beer & Cider,Lagers,Birra Moretti Beer 660ml,660ml,£5.76/L,3.80,,
Waitrose Kentish Town,Beer & Cider,Lagers,Birra Moretti Beer Bottles 4x330ml,1.32L,£6.82/L,9.00,,
Waitrose Kentish Town,Beer & Cider,Lagers,Camden Hells Beer 4 x 330ml,1.32L,£5.80/L,7.65,,
Waitrose Kentish Town,Beer & Cider,Lagers,Camden Hells Lager Beer 330ml,330ml,£8.18/L,2.70,,2 for £4
Waitrose Kentish Town,Beer & Cider,Lagers,Corona Extra Premium Lager Beer 4x330ml,1.32L,£5.18/L,6.84,7.60,10% off
Waitrose Kentish Town,Beer & Cider,Lagers,Estrella Damm Beer 660ml,660ml,£6.14/L,4.05,,
Waitrose Kentish Town,Beer & Cider,Lagers,Hacker-Pschorr Gold 500ml,500ml,£6.10/L,3.05,,
Waitrose Kentish Town,Beer & Cider,Lagers,Hawkstone Premium Lager Beer 4x330ml,1.32L,£7.27/L,9.60,,
Waitrose Kentish Town,Beer & Cider,Lagers,Hawkstone Session Lager Beer 330ml,330ml,£7.12/L,2.35,,
Waitrose Kentish Town,Beer & Cider,Lagers,Kronenbourg 1664 Cans Beer 4x440ml,1.76L,£4.09/L,7.20,,
Waitrose Kentish Town,Beer & Cider,Lagers,Modelo Especial Lager Beer 4 x 355ml,1.42L,£4.86/L,6.90,,
Waitrose Kentish Town,Beer & Cider,Lagers,Modelo Especial Lager Beer 620ml,620ml,£4.03/L,2.50,,
Waitrose Kentish Town,Beer & Cider,Lagers,Peroni Nastro Azzurro Beer 4x330ml,1.32L,£6.82/L,9.00,,
Waitrose Kentish Town,Beer & Cider,Lagers,Peroni Nastro Azzurro Beer 4x440ml,1.76L,£5.00/L,8.80,,
Waitrose Kentish Town,Beer & Cider,Lagers,Peroni Nastro Azzurro Beer 620ml,620ml,£6.13/L,3.80,,
Waitrose Kentish Town,Beer & Cider,Lagers,Prime Time Lager Beer Cans 4x330ml,1.32L,£5.61/L,7.40,,
Waitrose Kentish Town,Beer & Cider,Lagers,San Miguel Lager Beer Cans 4x440ml,1.76L,£4.32/L,7.60,,
Waitrose Kentish Town,Beer & Cider,Lagers,Stella Artois Beer 4x440ml,1.76L,£3.53/L,6.21,6.90,10% off
Waitrose Kentish Town,Beer & Cider,Non & Low Alcohol,Asahi Super Dry 0.0% Alcohol Free Beer 4x330ml,1.32L,£4.13/L,5.45,6.05,10% off
Waitrose Kentish Town,Beer & Cider,Non & Low Alcohol,Brewdog Punk IPA Alcohol Free Beer 4 x 330ml,1.32L,£4.58/L,6.05,,
Waitrose Kentish Town,Beer & Cider,Non & Low Alcohol,Corona Cero Alcohol Free Beer 4x330ml,1.32L,£4.58/L,6.05,,
Waitrose Kentish Town,Beer & Cider,Non & Low Alcohol,Guinness Draught 0.0 Alcohol Free Stout Beer 4x440ml,1.76L,£3.58/L,6.30,,
Waitrose Kentish Town,Beer & Cider,Non & Low Alcohol,Lucky Saint Alcohol Free Lager Beer 4 x 330ml,1.32L,£4.70/L,6.21,6.90,10% off
Waitrose Kentish Town,Beer & Cider,Non & Low Alcohol,Peroni Nastro Azzurro 0.0% Alcohol Free Lager 4x330ml,1.32L,£4.91/L,6.48,7.20,10% off
Waitrose Kentish Town,Beer & Cider,Non & Low Alcohol,Waitrose Low Alcohol Cider 1% 500ml,500ml,£4.30/L,2.15,,
Waitrose Kentish Town,Beer & Cider,Offers,Asahi Super Dry 0.0% Alcohol Free Beer 4x330ml,1.32L,£4.13/L,5.45,6.05,10% off
Waitrose Kentish Town,Beer & Cider,Offers,Camden Hells Lager Beer 330ml,330ml,£8.18/L,2.70,,2 for £4
Waitrose Kentish Town,Beer & Cider,Offers,Corona Extra Premium Lager Beer 4x330ml,1.32L,£5.18/L,6.84,7.60,10% off
Waitrose Kentish Town,Beer & Cider,Offers,Henry Westons Vintage Cider 500ml,500ml,£5.94/L,2.97,3.30,10% off
Waitrose Kentish Town,Beer & Cider,Offers,Jubel Beer Cut With Mango 440ml,440ml,£7.84/L,3.45,,3 for £7.50
Waitrose Kentish Town,Beer & Cider,Offers,Jubel Beer Cut With Peach 440ml,440ml,£7.84/L,3.45,,3 for £7.50
Waitrose Kentish Town,Beer & Cider,Offers,Lucky Saint Alcohol Free Lager Beer 4 x 330ml,1.32L,£4.70/L,6.21,6.90,10% off
Waitrose Kentish Town,Beer & Cider,Offers,Peroni Nastro Azzurro 0.0% Alcohol Free Lager 4x330ml,1.32L,£4.91/L,6.48,7.20,10% off
Waitrose Kentish Town,Beer & Cider,Offers,Stella Artois Beer 4x440ml,1.76L,£3.53/L,6.21,6.90,10% off
Waitrose Kentish Town,Beer & Cider,Other Beers,Crabbies Alcoholic Ginger Beer 500ml,500ml,£4.70/L,2.35,,
Waitrose Kentish Town,Beer & Cider,Other Beers,Cruzcampo Sevilla Orange 4 x 440ml,1.76L,£3.52/L,6.20,,
Waitrose Kentish Town,Beer & Cider,Other Beers,Diddly Squat - Alcoholic Ginger Beer 2.2% ABV - 330ml,330ml,£13.48/L,4.45,,
Waitrose Kentish Town,Beer & Cider,Other Beers,Erdinger Weissbier Beer 500ml,500ml,£6.80/L,3.40,,
Waitrose Kentish Town,Beer & Cider,Other Beers,Hacker-Pschorr Kellerbier 500ml,500ml,£6.10/L,3.05,,
Waitrose Kentish Town,Beer & Cider,Other Beers,Jubel Beer Cut With Grapefruit 440ml,440ml,£7.84/L,3.45,,
Waitrose Kentish Town,Beer & Cider,Other Beers,Jubel Beer Cut With Mango 440ml,440ml,£7.84/L,3.45,,3 for £7.50
Waitrose Kentish Town,Beer & Cider,Other Beers,Jubel Beer Cut With Peach 440ml,440ml,£7.84/L,3.45,,3 for £7.50
Waitrose Kentish Town,Beer & Cider,Ready to Drink 🍸,Brewdog Punk IPA Beer 440ml,440ml,£8.18/L,3.60,,
Waitrose Kentish Town,Beer & Cider,Ready to Drink 🍸,Erdinger Weissbier Beer 500ml,500ml,£6.80/L,3.40,,
Waitrose Kentish Town,Beer & Cider,Ready to Drink 🍸,Estrella Damm Beer 660ml,660ml,£6.14/L,4.05,,
Waitrose Kentish Town,Beer & Cider,Ready to Drink 🍸,Hawkstone IPA Beer 330ml,330ml,£9.55/L,3.15,,
Waitrose Kentish Town,Beer & Cider,Ready to Drink 🍸,Jubel Beer Cut With Grapefruit 440ml,440ml,£7.84/L,3.45,,
Waitrose Kentish Town,Beer & Cider,Ready to Drink 🍸,Jubel Beer Cut With Mango 440ml,440ml,£7.84/L,3.45,,3 for £7.50
Waitrose Kentish Town,Beer & Cider,Ready to Drink 🍸,Kopparberg Strawberry & Lime Cider 500ml,500ml,£7.30/L,3.65,,
Waitrose Kentish Town,Beer & Cider,Stouts,Guinness Draught Beer Stout 4x440ml,1.76L,£4.26/L,7.50,,
Waitrose Kentish Town,Cereal & Cereal Bars,Back To Routine,Nature Valley Oats & Honey Granola Bars 5 Pack,5pk,£0.50 each,2.48,3.10,20% off
Waitrose Kentish Town,Cereal & Cereal Bars,Cereal,Kellogg's Fruit n Fibre Cereal 375g,375g,£6.67/kg,2.50,,
Waitrose Kentish Town,Cereal & Cereal Bars,Cereal,Quaker Oat So Simple Gluten Free Porridge 10 per pack,10pk,£0.48 each,4.80,,2 for £7
Waitrose Kentish Town,Cereal & Cereal Bars,Cereal,Turtle - Cocoa Pillows with Hazelnut Filling Cereal - 300g,300g,£19.17/kg,5.75,,
Waitrose Kentish Town,Cereal & Cereal Bars,Cereal,Turtle - Marshmallow Crunchies Cereal- 300g,300g,£16.83/kg,5.05,,
Waitrose Kentish Town,Cereal & Cereal Bars,Cereal,Turtle - Multigrain Flakes Cereal - 300g,300g,£19.33/kg,5.80,,
Waitrose Kentish Town,Cereal & Cereal Bars,Cereal,Turtle - Organic Chocolate Cornflakes with Dark Choc - 250g,250g,£30.00/kg,7.50,,
Waitrose Kentish Town,Cereal & Cereal Bars,Cereal,Turtle - Organic Colour Loops - 300g,300g,£17.00/kg,5.10,,
Waitrose Kentish Town,Cereal & Cereal Bars,Cereal,Turtle Organic Peanut Butter Pillows 300g,300g,£19.67/kg,5.90,,
Waitrose Kentish Town,Cereal & Cereal Bars,Cereal,Waitrose Essential Porridge Oats 1kg,1kg,£1.75/kg,1.75,,
Waitrose Kentish Town,Cereal & Cereal Bars,Cereal,Waitrose Essentials  Wholegrain Bran Flakes 750g,750g,£3.00/kg,2.25,,
Waitrose Kentish Town,Cereal & Cereal Bars,Cereal,Waitrose Fruit & Fibre Wheat Flakes 750g,750g,£3.53/kg,2.65,,
Waitrose Kentish Town,Cereal & Cereal Bars,Cereal & Cereal Bars,BelVita Breakfast Cocoa with Choc Chips Biscuits 5x45g,225g,£11.11/kg,2.50,,
Waitrose Kentish Town,Cereal & Cereal Bars,Cereal & Cereal Bars,Bio&Me Berry Burst Granola 350g,350g,£13.00/kg,4.55,,
Waitrose Kentish Town,Cereal & Cereal Bars,Cereal & Cereal Bars,Bio&Me Super Seedy & Nutty Granola 360g,360g,£12.64/kg,4.55,,
Waitrose Kentish Town,Cereal & Cereal Bars,Cereal & Cereal Bars,Deliciously Ella Bircher Muesli Cereal 400g,400g,£12.25/kg,4.90,,
Waitrose Kentish Town,Cereal & Cereal Bars,Cereal & Cereal Bars,Deliciously Ella Chocolate Topped Raisin Oat Bars 3x50g,150g,£25.67/kg,3.85,,
Waitrose Kentish Town,Cereal & Cereal Bars,Cereal & Cereal Bars,"Deliciously Ella Gluten Free & Vegan Apple, Raisin Oat Bars 3x50g",150g,£21.67/kg,3.25,,
Waitrose Kentish Town,Cereal & Cereal Bars,Cereal & Cereal Bars,Deliciously Ella Gluten Free & Vegan Cacao & Almond Bars 3x50g,150g,£21.67/kg,3.25,,
Waitrose Kentish Town,Cereal & Cereal Bars,Cereal & Cereal Bars,Deliciously Ella Gluten Free Almond Apple & Raisin Granola 350g,,,5.05,,
Waitrose Kentish Town,Cereal & Cereal Bars,Cereal & Cereal Bars,Deliciously Ella Gluten Free Vegan Peanut Butter Bars 3x50g,150g,£21.67/kg,3.25,,
Waitrose Kentish Town,Cereal & Cereal Bars,Cereal & Cereal Bars,Dorset Cereals Nutty Granola 450g,450g,£8.27/kg,3.72,4.65,20% off
Waitrose Kentish Town,Cereal & Cereal Bars,Cereal & Cereal Bars,ENatural Crunchy Gluten Free Peanut & Choc Protein Bars 3x40g,120g,£28.75/kg,3.45,,
Waitrose Kentish Town,Cereal & Cereal Bars,Cereal & Cereal Bars,Essential Fruit & Nut Muesli 1kg,1kg,£3.55/kg,3.55,,
Waitrose Kentish Town,Cereal & Cereal Bars,Cereal & Cereal Bars,Flahavan's Organic Porridge Oats 1kg,1kg,£3.40/kg,3.40,,
Waitrose Kentish Town,Cereal & Cereal Bars,Cereal & Cereal Bars,Fulfil Chocolate Salted Caramel Protein Bar 40g,40g,£73.75/kg,2.95,,
Waitrose Kentish Town,Cereal & Cereal Bars,Cereal & Cereal Bars,Go Ahead Apple Crispy Fruit Slices 4x43.6g,175g,£11.43/kg,2.00,,
Waitrose Kentish Town,Cereal & Cereal Bars,Cereal & Cereal Bars,Graze Cocoa Vanilla Oat Boosts 4x30g,120g,£29.17/kg,3.50,,
Waitrose Kentish Town,Cereal & Cereal Bars,Cereal & Cereal Bars,Graze Honey Oat Boosts 4x30g,120g,£26.67/kg,3.20,,
Waitrose Kentish Town,Cereal & Cereal Bars,Cereal & Cereal Bars,Graze Pecan & Milk Chocolate Brownie 135g,135g,£26.67/kg,3.60,,
Waitrose Kentish Town,Cereal & Cereal Bars,Cereal & Cereal Bars,Grenade Carb Killa White Chocolate Cookie Protein Bar 60g,60g,£45.33/kg,2.72,3.40,20% off
Waitrose Kentish Town,Cereal & Cereal Bars,Cereal & Cereal Bars,Grenade Choc Chip Salted Caramel 60g,60g,£45.33/kg,2.72,3.20,15% off
Waitrose Kentish Town,Cereal & Cereal Bars,Cereal & Cereal Bars,Grenade Cookie Dough Protein Bar 60g,60g,£46.67/kg,2.80,3.50,20% off
Waitrose Kentish Town,Cereal & Cereal Bars,Cereal & Cereal Bars,Jordans No Added Sugar Granola 425g,425g,£10.00/kg,4.25,,
Waitrose Kentish Town,Cereal & Cereal Bars,Cereal & Cereal Bars,Jordans Simply Granola with Honey 750g,750g,£5.11/kg,3.83,4.50,15% off
Waitrose Kentish Town,Cereal & Cereal Bars,Cereal & Cereal Bars,KIND Dark Chocolate Nut & Sea Salt Cereal Bar 40g,40g,£51.25/kg,2.05,,
Waitrose Kentish Town,Cereal & Cereal Bars,Cereal & Cereal Bars,KIND Dark Chocolate Nuts & Sea Salt 3x30g,90g,£38.00/kg,3.42,3.80,10% off
Waitrose Kentish Town,Cereal & Cereal Bars,Cereal & Cereal Bars,Kellogg's Coco Pops Cereal 480g,480g,£8.44/kg,4.05,,
Waitrose Kentish Town,Cereal & Cereal Bars,Cereal & Cereal Bars,Kellogg's Corn Flakes Cereal 450g,450g,£6.11/kg,2.75,,
Waitrose Kentish Town,Cereal & Cereal Bars,Cereal & Cereal Bars,Kellogg's Crunchy Nut Cereal 460g,500g,£7.66/kg,3.83,4.50,15% off
Waitrose Kentish Town,Cereal & Cereal Bars,Cereal & Cereal Bars,Kellogg's Frosties Cereal 470g,470g,£7.85/kg,3.69,4.10,10% off
Waitrose Kentish Town,Cereal & Cereal Bars,Cereal & Cereal Bars,Kellogg's Fruit n Fibre Cereal 375g,375g,£6.67/kg,2.50,,
Waitrose Kentish Town,Cereal & Cereal Bars,Cereal & Cereal Bars,Kellogg's Krave Choc Hazelnut Cereal 410g,410g,£9.00/kg,3.69,4.10,10% off
Waitrose Kentish Town,Cereal & Cereal Bars,Cereal & Cereal Bars,Kellogg's Krave Milk Chocolate Cereal 410g,410g,£9.00/kg,3.69,4.10,10% off
Waitrose Kentish Town,Cereal & Cereal Bars,Cereal & Cereal Bars,Kellogg's Rice Krispies Cereal 430g,430g,£9.30/kg,4.00,,
Waitrose Kentish Town,Cereal & Cereal Bars,Cereal & Cereal Bars,Kellogg's Rice Krispies Squares Marshmallow Cereal Bar 4x28g,112g,£23.21/kg,2.60,,
Waitrose Kentish Town,Cereal & Cereal Bars,Cereal & Cereal Bars,Kellogg's Special K Original Cereal 440g,440g,£9.43/kg,4.15,,
Waitrose Kentish Town,Cereal & Cereal Bars,Cereal & Cereal Bars,Kellogg's Special K Red Berries Cereal 500g,500g,£8.24/kg,4.12,4.85,15% off
Waitrose Kentish Town,Cereal & Cereal Bars,Cereal & Cereal Bars,Kind Protein Double Dark Chocolate 3x42g,126g,£34.92/kg,4.40,,
Waitrose Kentish Town,Cereal & Cereal Bars,Cereal & Cereal Bars,Lizi's High Protein Granola 350g,350g,£13.29/kg,4.65,,
Waitrose Kentish Town,Cereal & Cereal Bars,Cereal & Cereal Bars,Lizis Low Sugar Granola 450g,450g,£8.00/kg,3.60,4.50,20% off
Waitrose Kentish Town,Cereal & Cereal Bars,Cereal & Cereal Bars,Nakd Peanut Delight Bar 4 Pack 140g,140g,£21.71/kg,3.04,3.80,20% off
Waitrose Kentish Town,Cereal & Cereal Bars,Cereal & Cereal Bars,Nakd Protein Cocoa Hazelnut 3x45g,135g,£21.11/kg,2.85,3.80,25% off
Waitrose Kentish Town,Cereal & Cereal Bars,Cereal & Cereal Bars,Nakd Protein Peanut Butter 45g,45g,£41.11/kg,1.85,,
Waitrose Kentish Town,Cereal & Cereal Bars,Cereal & Cereal Bars,Nature Valley Crunchy & More Oats & Chocolate Cereal Bars 5x42g,210g,£11.81/kg,2.48,3.10,20% off
Waitrose Kentish Town,Cereal & Cereal Bars,Cereal & Cereal Bars,Nature Valley Crunchy Variety Cereal Bar Pack 5x42g,210g,£12.00/kg,2.52,3.15,20% off
Waitrose Kentish Town,Cereal & Cereal Bars,Cereal & Cereal Bars,Nature Valley Oats & Honey Granola Bars 5 Pack,5pk,£0.50 each,2.48,3.10,20% off
Waitrose Kentish Town,Cereal & Cereal Bars,Cereal & Cereal Bars,Nature Valley Protein Gluten Free Peanut & Chocolate Bars 4x40g 160g,160g,£23.75/kg,3.80,,
Waitrose Kentish Town,Cereal & Cereal Bars,Cereal & Cereal Bars,Neat  Bars Apricots & Pumpkin Seeds 50g,50g,£32.00/kg,1.60,,
Waitrose Kentish Town,Cereal & Cereal Bars,Cereal & Cereal Bars,Neat Bars Blueberries & Chia Seeds 45g,45g,£27.78/kg,1.25,,
Waitrose Kentish Town,Cereal & Cereal Bars,Cereal & Cereal Bars,"Neat Bars Cacao, Coconuts & Chia Seeds 45g",45g,£35.56/kg,1.60,,
Waitrose Kentish Town,Cereal & Cereal Bars,Cereal & Cereal Bars,Neat Bars Red Berries & Quinoa 50g,45g,£35.56/kg,1.60,,
Waitrose Kentish Town,Cereal & Cereal Bars,Cereal & Cereal Bars,Nestle Cheerios Multigrain 500g,500g,£8.00/kg,4.00,,
Waitrose Kentish Town,Cereal & Cereal Bars,Cereal & Cereal Bars,Nestle Curiously Cinnamon 375g,375g,£8.69/kg,3.26,4.35,25% off
Waitrose Kentish Town,Cereal & Cereal Bars,Cereal & Cereal Bars,Nestle Original Shreddies 460g,460g,£7.50/kg,3.45,,
Waitrose Kentish Town,Cereal & Cereal Bars,Cereal & Cereal Bars,Pip & Nut Peanut Butter Stuffed Original Oat Bar 3 x 48g,144g,£20.14/kg,2.90,,
Waitrose Kentish Town,Cereal & Cereal Bars,Cereal & Cereal Bars,Quaker Oat So Simple Gluten Free Porridge 10 per pack,10pk,£0.48 each,4.80,,2 for £7
Waitrose Kentish Town,Cereal & Cereal Bars,Cereal & Cereal Bars,Quaker Oat So Simple Golden Syrup Porridge 10x36g 360g,360g,£12.64/kg,4.55,,2 for £7
Waitrose Kentish Town,Cereal & Cereal Bars,Cereal & Cereal Bars,Quaker Oat So Simple Original Porridge 10 per pack,10pk,£0.41 each,4.05,,2 for £7
Waitrose Kentish Town,Cereal & Cereal Bars,Cereal & Cereal Bars,Quaker Rolled Oats 1kg,1kg,£3.50/kg,3.50,,
Waitrose Kentish Town,Cereal & Cereal Bars,Cereal & Cereal Bars,Rude Health - Crunchy Almond Granola - 400g,400g,£9.50/kg,3.80,,
Waitrose Kentish Town,Cereal & Cereal Bars,Cereal & Cereal Bars,Rude Health - Low Sugar Granola - 400g,400g,£11.38/kg,4.55,,
Waitrose Kentish Town,Cereal & Cereal Bars,Cereal & Cereal Bars,TREK GF Ve Cocoa Oat Flapjack 50g,50g,£39.20/kg,1.96,2.30,15% off
Waitrose Kentish Town,Cereal & Cereal Bars,Cereal & Cereal Bars,TREK Gluten Free Vegan Salted Caramel Flapjack 50g,50g,£35.80/kg,1.79,2.10,15% off
Waitrose Kentish Town,Cereal & Cereal Bars,Cereal & Cereal Bars,TREK White Choc & Raspberry Flapjacks 3x50g,150g,£28.00/kg,4.20,,
Waitrose Kentish Town,Cereal & Cereal Bars,Cereal & Cereal Bars,Turtle - Cocoa Pillows with Hazelnut Filling Cereal - 300g,300g,£19.17/kg,5.75,,
Waitrose Kentish Town,Cereal & Cereal Bars,Cereal & Cereal Bars,Turtle - Marshmallow Crunchies Cereal- 300g,300g,£16.83/kg,5.05,,
Waitrose Kentish Town,Cereal & Cereal Bars,Cereal & Cereal Bars,Turtle - Multigrain Flakes Cereal - 300g,300g,£19.33/kg,5.80,,
Waitrose Kentish Town,Cereal & Cereal Bars,Cereal & Cereal Bars,Turtle - Organic Chocolate Cornflakes with Dark Choc - 250g,250g,£30.00/kg,7.50,,
Waitrose Kentish Town,Cereal & Cereal Bars,Cereal & Cereal Bars,Turtle - Organic Colour Loops - 300g,300g,£17.00/kg,5.10,,
Waitrose Kentish Town,Cereal & Cereal Bars,Cereal & Cereal Bars,Turtle Organic Peanut Butter Pillows 300g,300g,£19.67/kg,5.90,,
Waitrose Kentish Town,Cereal & Cereal Bars,Cereal & Cereal Bars,Waitrose Berry Granola Cereal 1kg,1kg,£3.20/kg,3.20,,
Waitrose Kentish Town,Cereal & Cereal Bars,Cereal & Cereal Bars,Waitrose Essential Porridge Oats 1kg,1kg,£1.75/kg,1.75,,
Waitrose Kentish Town,Cereal & Cereal Bars,Cereal & Cereal Bars,Waitrose Essentials  Wholegrain Bran Flakes 750g,750g,£3.00/kg,2.25,,
Waitrose Kentish Town,Cereal & Cereal Bars,Cereal & Cereal Bars,Waitrose Fruit & Fibre Wheat Flakes 750g,750g,£3.53/kg,2.65,,
Waitrose Kentish Town,Cereal & Cereal Bars,Cereal & Cereal Bars,Waitrose Golden Syrup Porridge Pot 70g,70g,£15.00/kg,1.05,,
Waitrose Kentish Town,Cereal & Cereal Bars,Cereal & Cereal Bars,Waitrose Peanut & Cocoa Ball 40g,40g,£41.25/kg,1.65,,
Waitrose Kentish Town,Cereal & Cereal Bars,Cereal & Cereal Bars,Weetabix Cereal 24 per pack,24pk,£0.15 each,3.56,3.95,10% off
Waitrose Kentish Town,Cereal & Cereal Bars,Cereal & Cereal Bars,Weetabix Cereal 48 Biscuits,,,6.25,,
Waitrose Kentish Town,Cereal & Cereal Bars,Cereal & Cereal Bars,Weetabix Choc Chip Crispy Minis Cereal 500g,500g,£8.80/kg,4.40,,
Waitrose Kentish Town,Cereal & Cereal Bars,Cereal Bars,BelVita Breakfast Cocoa with Choc Chips Biscuits 5x45g,225g,£11.11/kg,2.50,,
Waitrose Kentish Town,Cereal & Cereal Bars,Cereal Bars,Deliciously Ella Chocolate Topped Raisin Oat Bars 3x50g,150g,£25.67/kg,3.85,,
Waitrose Kentish Town,Cereal & Cereal Bars,Cereal Bars,"Deliciously Ella Gluten Free & Vegan Apple, Raisin Oat Bars 3x50g",150g,£21.67/kg,3.25,,
Waitrose Kentish Town,Cereal & Cereal Bars,Cereal Bars,Deliciously Ella Gluten Free & Vegan Cacao & Almond Bars 3x50g,150g,£21.67/kg,3.25,,
Waitrose Kentish Town,Cereal & Cereal Bars,Cereal Bars,Deliciously Ella Gluten Free Vegan Peanut Butter Bars 3x50g,150g,£21.67/kg,3.25,,
Waitrose Kentish Town,Cereal & Cereal Bars,Cereal Bars,ENatural Crunchy Gluten Free Peanut & Choc Protein Bars 3x40g,120g,£28.75/kg,3.45,,
Waitrose Kentish Town,Cereal & Cereal Bars,Cereal Bars,Fulfil Chocolate Salted Caramel Protein Bar 40g,40g,£73.75/kg,2.95,,
Waitrose Kentish Town,Cereal & Cereal Bars,Cereal Bars,Go Ahead Apple Crispy Fruit Slices 4x43.6g,175g,£11.43/kg,2.00,,
Waitrose Kentish Town,Cereal & Cereal Bars,Cereal Bars,Graze Cocoa Vanilla Oat Boosts 4x30g,120g,£29.17/kg,3.50,,
Waitrose Kentish Town,Cereal & Cereal Bars,Cereal Bars,Graze Honey Oat Boosts 4x30g,120g,£26.67/kg,3.20,,
Waitrose Kentish Town,Cereal & Cereal Bars,Cereal Bars,Graze Pecan & Milk Chocolate Brownie 135g,135g,£26.67/kg,3.60,,
Waitrose Kentish Town,Cereal & Cereal Bars,Cereal Bars,Grenade Carb Killa White Chocolate Cookie Protein Bar 60g,60g,£45.33/kg,2.72,3.40,20% off
Waitrose Kentish Town,Cereal & Cereal Bars,Cereal Bars,Grenade Choc Chip Salted Caramel 60g,60g,£45.33/kg,2.72,3.20,15% off
Waitrose Kentish Town,Cereal & Cereal Bars,Cereal Bars,Grenade Cookie Dough Protein Bar 60g,60g,£46.67/kg,2.80,3.50,20% off
Waitrose Kentish Town,Cereal & Cereal Bars,Cereal Bars,KIND Dark Chocolate Nut & Sea Salt Cereal Bar 40g,40g,£51.25/kg,2.05,,
Waitrose Kentish Town,Cereal & Cereal Bars,Cereal Bars,KIND Dark Chocolate Nuts & Sea Salt 3x30g,90g,£38.00/kg,3.42,3.80,10% off
Waitrose Kentish Town,Cereal & Cereal Bars,Cereal Bars,Kellogg's Rice Krispies Squares Marshmallow Cereal Bar 4x28g,112g,£23.21/kg,2.60,,
Waitrose Kentish Town,Cereal & Cereal Bars,Cereal Bars,Kind Protein Double Dark Chocolate 3x42g,126g,£34.92/kg,4.40,,
Waitrose Kentish Town,Cereal & Cereal Bars,Cereal Bars,Nakd Peanut Delight Bar 4 Pack 140g,140g,£21.71/kg,3.04,3.80,20% off
Waitrose Kentish Town,Cereal & Cereal Bars,Cereal Bars,Nakd Protein Cocoa Hazelnut 3x45g,135g,£21.11/kg,2.85,3.80,25% off
Waitrose Kentish Town,Cereal & Cereal Bars,Cereal Bars,Nakd Protein Peanut Butter 45g,45g,£41.11/kg,1.85,,
Waitrose Kentish Town,Cereal & Cereal Bars,Cereal Bars,Nature Valley Crunchy & More Oats & Chocolate Cereal Bars 5x42g,210g,£11.81/kg,2.48,3.10,20% off
Waitrose Kentish Town,Cereal & Cereal Bars,Cereal Bars,Nature Valley Crunchy Variety Cereal Bar Pack 5x42g,210g,£12.00/kg,2.52,3.15,20% off
Waitrose Kentish Town,Cereal & Cereal Bars,Cereal Bars,Nature Valley Oats & Honey Granola Bars 5 Pack,5pk,£0.50 each,2.48,3.10,20% off
Waitrose Kentish Town,Cereal & Cereal Bars,Cereal Bars,Nature Valley Protein Gluten Free Peanut & Chocolate Bars 4x40g 160g,160g,£23.75/kg,3.80,,
Waitrose Kentish Town,Cereal & Cereal Bars,Cereal Bars,Neat  Bars Apricots & Pumpkin Seeds 50g,50g,£32.00/kg,1.60,,
Waitrose Kentish Town,Cereal & Cereal Bars,Cereal Bars,Neat Bars Blueberries & Chia Seeds 45g,45g,£27.78/kg,1.25,,
Waitrose Kentish Town,Cereal & Cereal Bars,Cereal Bars,"Neat Bars Cacao, Coconuts & Chia Seeds 45g",45g,£35.56/kg,1.60,,
Waitrose Kentish Town,Cereal & Cereal Bars,Cereal Bars,Neat Bars Red Berries & Quinoa 50g,45g,£35.56/kg,1.60,,
Waitrose Kentish Town,Cereal & Cereal Bars,Cereal Bars,Pip & Nut Peanut Butter Stuffed Original Oat Bar 3 x 48g,144g,£20.14/kg,2.90,,
Waitrose Kentish Town,Cereal & Cereal Bars,Cereal Bars,TREK GF Ve Cocoa Oat Flapjack 50g,50g,£39.20/kg,1.96,2.30,15% off
Waitrose Kentish Town,Cereal & Cereal Bars,Cereal Bars,TREK Gluten Free Vegan Salted Caramel Flapjack 50g,50g,£35.80/kg,1.79,2.10,15% off
Waitrose Kentish Town,Cereal & Cereal Bars,Cereal Bars,TREK White Choc & Raspberry Flapjacks 3x50g,150g,£28.00/kg,4.20,,
Waitrose Kentish Town,Cereal & Cereal Bars,Cereal Bars,Waitrose Peanut & Cocoa Ball 40g,40g,£41.25/kg,1.65,,
Waitrose Kentish Town,Cereal & Cereal Bars,"Granola, Muesli & Oats",Bio&Me Berry Burst Granola 350g,350g,£13.00/kg,4.55,,
Waitrose Kentish Town,Cereal & Cereal Bars,"Granola, Muesli & Oats",Bio&Me Super Seedy & Nutty Granola 360g,360g,£12.64/kg,4.55,,
Waitrose Kentish Town,Cereal & Cereal Bars,"Granola, Muesli & Oats",Deliciously Ella Bircher Muesli Cereal 400g,400g,£12.25/kg,4.90,,
Waitrose Kentish Town,Cereal & Cereal Bars,"Granola, Muesli & Oats",Deliciously Ella Gluten Free Almond Apple & Raisin Granola 350g,,,5.05,,
Waitrose Kentish Town,Cereal & Cereal Bars,"Granola, Muesli & Oats",Dorset Cereals Nutty Granola 450g,450g,£8.27/kg,3.72,4.65,20% off
Waitrose Kentish Town,Cereal & Cereal Bars,"Granola, Muesli & Oats",Essential Fruit & Nut Muesli 1kg,1kg,£3.55/kg,3.55,,
Waitrose Kentish Town,Cereal & Cereal Bars,"Granola, Muesli & Oats",Flahavan's Organic Porridge Oats 1kg,1kg,£3.40/kg,3.40,,
Waitrose Kentish Town,Cereal & Cereal Bars,"Granola, Muesli & Oats",Jordans No Added Sugar Granola 425g,425g,£10.00/kg,4.25,,
Waitrose Kentish Town,Cereal & Cereal Bars,"Granola, Muesli & Oats",Jordans Simply Granola with Honey 750g,750g,£5.11/kg,3.83,4.50,15% off
Waitrose Kentish Town,Cereal & Cereal Bars,"Granola, Muesli & Oats",Kellogg's Coco Pops Cereal 480g,480g,£8.44/kg,4.05,,
Waitrose Kentish Town,Cereal & Cereal Bars,"Granola, Muesli & Oats",Kellogg's Corn Flakes Cereal 450g,450g,£6.11/kg,2.75,,
Waitrose Kentish Town,Cereal & Cereal Bars,"Granola, Muesli & Oats",Kellogg's Crunchy Nut Cereal 460g,500g,£7.66/kg,3.83,4.50,15% off
Waitrose Kentish Town,Cereal & Cereal Bars,"Granola, Muesli & Oats",Kellogg's Frosties Cereal 470g,470g,£7.85/kg,3.69,4.10,10% off
Waitrose Kentish Town,Cereal & Cereal Bars,"Granola, Muesli & Oats",Kellogg's Krave Choc Hazelnut Cereal 410g,410g,£9.00/kg,3.69,4.10,10% off
Waitrose Kentish Town,Cereal & Cereal Bars,"Granola, Muesli & Oats",Kellogg's Krave Milk Chocolate Cereal 410g,410g,£9.00/kg,3.69,4.10,10% off
Waitrose Kentish Town,Cereal & Cereal Bars,"Granola, Muesli & Oats",Kellogg's Rice Krispies Cereal 430g,430g,£9.30/kg,4.00,,
Waitrose Kentish Town,Cereal & Cereal Bars,"Granola, Muesli & Oats",Kellogg's Special K Original Cereal 440g,440g,£9.43/kg,4.15,,
Waitrose Kentish Town,Cereal & Cereal Bars,"Granola, Muesli & Oats",Kellogg's Special K Red Berries Cereal 500g,500g,£8.24/kg,4.12,4.85,15% off
Waitrose Kentish Town,Cereal & Cereal Bars,"Granola, Muesli & Oats",Lizi's High Protein Granola 350g,350g,£13.29/kg,4.65,,
Waitrose Kentish Town,Cereal & Cereal Bars,"Granola, Muesli & Oats",Lizis Low Sugar Granola 450g,450g,£8.00/kg,3.60,4.50,20% off
Waitrose Kentish Town,Cereal & Cereal Bars,"Granola, Muesli & Oats",Nestle Cheerios Multigrain 500g,500g,£8.00/kg,4.00,,
Waitrose Kentish Town,Cereal & Cereal Bars,"Granola, Muesli & Oats",Nestle Curiously Cinnamon 375g,375g,£8.69/kg,3.26,4.35,25% off
Waitrose Kentish Town,Cereal & Cereal Bars,"Granola, Muesli & Oats",Nestle Original Shreddies 460g,460g,£7.50/kg,3.45,,
Waitrose Kentish Town,Cereal & Cereal Bars,"Granola, Muesli & Oats",Quaker Oat So Simple Golden Syrup Porridge 10x36g 360g,360g,£12.64/kg,4.55,,2 for £7
Waitrose Kentish Town,Cereal & Cereal Bars,"Granola, Muesli & Oats",Quaker Oat So Simple Original Porridge 10 per pack,10pk,£0.41 each,4.05,,2 for £7
Waitrose Kentish Town,Cereal & Cereal Bars,"Granola, Muesli & Oats",Quaker Rolled Oats 1kg,1kg,£3.50/kg,3.50,,
Waitrose Kentish Town,Cereal & Cereal Bars,"Granola, Muesli & Oats",Rude Health - Crunchy Almond Granola - 400g,400g,£9.50/kg,3.80,,
Waitrose Kentish Town,Cereal & Cereal Bars,"Granola, Muesli & Oats",Rude Health - Low Sugar Granola - 400g,400g,£11.38/kg,4.55,,
Waitrose Kentish Town,Cereal & Cereal Bars,"Granola, Muesli & Oats",Waitrose Berry Granola Cereal 1kg,1kg,£3.20/kg,3.20,,
Waitrose Kentish Town,Cereal & Cereal Bars,"Granola, Muesli & Oats",Waitrose Golden Syrup Porridge Pot 70g,70g,£15.00/kg,1.05,,
Waitrose Kentish Town,Cereal & Cereal Bars,"Granola, Muesli & Oats",Weetabix Cereal 24 per pack,24pk,£0.15 each,3.56,3.95,10% off
Waitrose Kentish Town,Cereal & Cereal Bars,"Granola, Muesli & Oats",Weetabix Cereal 48 Biscuits,,,6.25,,
Waitrose Kentish Town,Cereal & Cereal Bars,"Granola, Muesli & Oats",Weetabix Choc Chip Crispy Minis Cereal 500g,500g,£8.80/kg,4.40,,
Waitrose Kentish Town,Cereal & Cereal Bars,Latest Multibuy Offers,Quaker Oat So Simple Gluten Free Porridge 10 per pack,10pk,£0.48 each,4.80,,2 for £7
Waitrose Kentish Town,Cereal & Cereal Bars,Latest Multibuy Offers,Quaker Oat So Simple Golden Syrup Porridge 10x36g 360g,360g,£12.64/kg,4.55,,2 for £7
Waitrose Kentish Town,Cereal & Cereal Bars,Latest Multibuy Offers,Quaker Oat So Simple Original Porridge 10 per pack,10pk,£0.41 each,4.05,,2 for £7
Waitrose Kentish Town,Cereal & Cereal Bars,Offers,Dorset Cereals Nutty Granola 450g,450g,£8.27/kg,3.72,4.65,20% off
Waitrose Kentish Town,Cereal & Cereal Bars,Offers,Grenade Carb Killa White Chocolate Cookie Protein Bar 60g,60g,£45.33/kg,2.72,3.40,20% off
Waitrose Kentish Town,Cereal & Cereal Bars,Offers,Grenade Choc Chip Salted Caramel 60g,60g,£45.33/kg,2.72,3.20,15% off
Waitrose Kentish Town,Cereal & Cereal Bars,Offers,Grenade Cookie Dough Protein Bar 60g,60g,£46.67/kg,2.80,3.50,20% off
Waitrose Kentish Town,Cereal & Cereal Bars,Offers,Jordans Simply Granola with Honey 750g,750g,£5.11/kg,3.83,4.50,15% off
Waitrose Kentish Town,Cereal & Cereal Bars,Offers,KIND Dark Chocolate Nuts & Sea Salt 3x30g,90g,£38.00/kg,3.42,3.80,10% off
Waitrose Kentish Town,Cereal & Cereal Bars,Offers,Kellogg's Crunchy Nut Cereal 460g,500g,£7.66/kg,3.83,4.50,15% off
Waitrose Kentish Town,Cereal & Cereal Bars,Offers,Kellogg's Frosties Cereal 470g,470g,£7.85/kg,3.69,4.10,10% off
Waitrose Kentish Town,Cereal & Cereal Bars,Offers,Kellogg's Krave Choc Hazelnut Cereal 410g,410g,£9.00/kg,3.69,4.10,10% off
Waitrose Kentish Town,Cereal & Cereal Bars,Offers,Kellogg's Krave Milk Chocolate Cereal 410g,410g,£9.00/kg,3.69,4.10,10% off
Waitrose Kentish Town,Cereal & Cereal Bars,Offers,Kellogg's Special K Red Berries Cereal 500g,500g,£8.24/kg,4.12,4.85,15% off
Waitrose Kentish Town,Cereal & Cereal Bars,Offers,Lizis Low Sugar Granola 450g,450g,£8.00/kg,3.60,4.50,20% off
Waitrose Kentish Town,Cereal & Cereal Bars,Offers,Nakd Peanut Delight Bar 4 Pack 140g,140g,£21.71/kg,3.04,3.80,20% off
Waitrose Kentish Town,Cereal & Cereal Bars,Offers,Nakd Protein Cocoa Hazelnut 3x45g,135g,£21.11/kg,2.85,3.80,25% off
Waitrose Kentish Town,Cereal & Cereal Bars,Offers,Nature Valley Crunchy & More Oats & Chocolate Cereal Bars 5x42g,210g,£11.81/kg,2.48,3.10,20% off
Waitrose Kentish Town,Cereal & Cereal Bars,Offers,Nature Valley Crunchy Variety Cereal Bar Pack 5x42g,210g,£12.00/kg,2.52,3.15,20% off
Waitrose Kentish Town,Cereal & Cereal Bars,Offers,Nature Valley Oats & Honey Granola Bars 5 Pack,5pk,£0.50 each,2.48,3.10,20% off
Waitrose Kentish Town,Cereal & Cereal Bars,Offers,Nestle Curiously Cinnamon 375g,375g,£8.69/kg,3.26,4.35,25% off
Waitrose Kentish Town,Cereal & Cereal Bars,Offers,Quaker Oat So Simple Gluten Free Porridge 10 per pack,10pk,£0.48 each,4.80,,2 for £7
Waitrose Kentish Town,Cereal & Cereal Bars,Offers,Quaker Oat So Simple Golden Syrup Porridge 10x36g 360g,360g,£12.64/kg,4.55,,2 for £7
Waitrose Kentish Town,Cereal & Cereal Bars,Offers,Quaker Oat So Simple Original Porridge 10 per pack,10pk,£0.41 each,4.05,,2 for £7
Waitrose Kentish Town,Cereal & Cereal Bars,Offers,TREK GF Ve Cocoa Oat Flapjack 50g,50g,£39.20/kg,1.96,2.30,15% off
Waitrose Kentish Town,Cereal & Cereal Bars,Offers,TREK Gluten Free Vegan Salted Caramel Flapjack 50g,50g,£35.80/kg,1.79,2.10,15% off
Waitrose Kentish Town,Cereal & Cereal Bars,Offers,Weetabix Cereal 24 per pack,24pk,£0.15 each,3.56,3.95,10% off
Waitrose Kentish Town,Cheese,Back To Routine,Dairylea Ham & Cheese Lunchers 74g,74g,£22.30/kg,1.65,,
Waitrose Kentish Town,Cheese,Back To Routine,Waitrose Essential Cheese Slices 10s 200g,200g,£7.75/kg,1.55,,
Waitrose Kentish Town,Cheese,"Brie, Camembert & Soft Cheese",Président Camembert Cheese 250g,250g,£12.40/kg,3.10,,
Waitrose Kentish Town,Cheese,"Brie, Camembert & Soft Cheese",Waitrose Somerset Brie Cheese Strength 2 230g,230g,£15.87/kg,3.65,,
Waitrose Kentish Town,Cheese,Cheddar,Cathedral City Mature Cheddar Cheese 350g,350g,£12.14/kg,4.25,,
Waitrose Kentish Town,Cheese,Cheddar,Waitrose Duchy Organic Medium Cheddar Cheese Strength 3 350g,350g,£14.57/kg,5.10,,
Waitrose Kentish Town,Cheese,Cheddar,Waitrose Essential Extra Mature Cheddar Strength 6 350g,350g,£7.86/kg,2.75,,
Waitrose Kentish Town,Cheese,Cheddar,Waitrose Essential Mild British Cheddar 350g,350g,£7.86/kg,2.75,,
Waitrose Kentish Town,Cheese,Cheddar,Waitrose No.1 Cornish Quartz Extra Mature Cheddar Strength 6 200g,6pk,£0.58 each,3.50,,
Waitrose Kentish Town,Cheese,Cheese,All Things Cottage Cheese Natural 450g,450g,£7.11/kg,3.20,,
Waitrose Kentish Town,Cheese,Cheese,Boursin Garlic & Herbs Soft Cheese 150g,150g,£17.60/kg,2.64,3.30,20% off
Waitrose Kentish Town,Cheese,Cheese,Cathedral City Mature Cheddar Cheese 350g,350g,£12.14/kg,4.25,,
Waitrose Kentish Town,Cheese,Cheese,Cathedral City Plant Based Grated 150g,150g,£18.33/kg,2.75,,
Waitrose Kentish Town,Cheese,Cheese,Dairylea Ham & Cheese Lunchers 74g,74g,£22.30/kg,1.65,,
Waitrose Kentish Town,Cheese,Cheese,Essential Parmigiano Reggiano 175g,175g,£25.71/kg,4.50,,
Waitrose Kentish Town,Cheese,Cheese,Galbani Italian Mozzarella Cheese 125g,125g,£17.20/kg,2.15,,
Waitrose Kentish Town,Cheese,Cheese,Lava Cheese Chilli 60g,60g,£91.67/kg,5.50,,
Waitrose Kentish Town,Cheese,Cheese,Mini Babybel Original Cheese Snack 12x20g,240g,£15.63/kg,3.75,,
Waitrose Kentish Town,Cheese,Cheese,Philadelphia Light Soft Cream Cheese 165g,165g,£15.15/kg,2.50,,
Waitrose Kentish Town,Cheese,Cheese,Philadelphia Original Cream Cheese 165g,165g,£15.15/kg,2.50,,
Waitrose Kentish Town,Cheese,Cheese,Président Camembert Cheese 250g,250g,£12.40/kg,3.10,,
Waitrose Kentish Town,Cheese,Cheese,Serious Pig - Crunchy Snacking Cheese - 24g,24g,£68.75/kg,1.65,,
Waitrose Kentish Town,Cheese,Cheese,Serious Pig - Crunchy Snacking Cheese with Caramelised Onion - 24g,24g,£68.75/kg,1.65,,
Waitrose Kentish Town,Cheese,Cheese,Serious Pig - Crunchy Snacking Cheese with Rosemary - 24g,24g,£68.75/kg,1.65,,
Waitrose Kentish Town,Cheese,Cheese,Serious Pig - Crunchy Snacking Cheese with Truffle - 24g,24g,£77.08/kg,1.85,,
Waitrose Kentish Town,Cheese,Cheese,St Agur Blue Cheese 150g,150g,£25.00/kg,3.75,,
Waitrose Kentish Town,Cheese,Cheese,Strings & Things Cheestrings 8s,8pk,£0.39 each,3.10,,
Waitrose Kentish Town,Cheese,Cheese,Waitrose British Soft Goats Cheese 125g,,,2.75,,
Waitrose Kentish Town,Cheese,Cheese,Waitrose Duchy Organic Medium Cheddar Cheese Strength 3 350g,350g,£14.57/kg,5.10,,
Waitrose Kentish Town,Cheese,Cheese,Waitrose Essential Cheese Slices 10s 200g,200g,£7.75/kg,1.55,,
Waitrose Kentish Town,Cheese,Cheese,Waitrose Essential Cypriot Halloumi Cheese Strength 1 250g,250g,£12.80/kg,3.20,,
Waitrose Kentish Town,Cheese,Cheese,Waitrose Essential Extra Mature Cheddar Strength 6 350g,350g,£7.86/kg,2.75,,
Waitrose Kentish Town,Cheese,Cheese,Waitrose Essential Fat Free Natural Cottage Cheese 300g,300g,£5.83/kg,1.75,,
Waitrose Kentish Town,Cheese,Cheese,Waitrose Essential Greek Feta Cheese Strength 3 200g,200g,£12.50/kg,2.50,,
Waitrose Kentish Town,Cheese,Cheese,Waitrose Essential Italian Mascarpone Cheese 250g,250g,£10.00/kg,2.50,,
Waitrose Kentish Town,Cheese,Cheese,Waitrose Essential Italian Mozzarella 150g,150g,£12.00/kg,1.80,,
Waitrose Kentish Town,Cheese,Cheese,Waitrose Essential Italian Ricotta 250g,250g,£6.80/kg,1.70,,
Waitrose Kentish Town,Cheese,Cheese,Waitrose Essential Mature Grated Cheddar Cheese Strength 4 250g,250g,£12.00/kg,3.00,,
Waitrose Kentish Town,Cheese,Cheese,Waitrose Essential Mild British Cheddar 350g,350g,£7.86/kg,2.75,,
Waitrose Kentish Town,Cheese,Cheese,Waitrose Essential Natural Cottage Cheese 300g,300g,£5.83/kg,1.75,,
Waitrose Kentish Town,Cheese,Cheese,Waitrose Essential Red Leicester Cheese 350g,350g,£10.71/kg,3.75,,
Waitrose Kentish Town,Cheese,Cheese,Waitrose Essential Sliced Gouda Cheese 250g,250g,£12.40/kg,3.10,,
Waitrose Kentish Town,Cheese,Cheese,Waitrose Essentials  Med Sliced GB Cheddar 10s S3,10pk,£0.29 each,2.85,,
Waitrose Kentish Town,Cheese,Cheese,Waitrose Grated Cheddar & Mozzarella Cheese 250g,250g,£11.60/kg,2.90,,
Waitrose Kentish Town,Cheese,Cheese,Waitrose Grated Mozzarella Cheese 250g,250g,£12.00/kg,3.00,,
Waitrose Kentish Town,Cheese,Cheese,Waitrose Herby Halloumi Kebabs 240g,240g,£22.92/kg,5.50,,
Waitrose Kentish Town,Cheese,Cheese,Waitrose Long Clawson Stilton Cheese Strength 4 227g,227g,£20.93/kg,4.75,,
Waitrose Kentish Town,Cheese,Cheese,Waitrose No.1 Beemster Dutch Gouda Cheese 150g,,,3.55,,
Waitrose Kentish Town,Cheese,Cheese,Waitrose No.1 Burrata Cheese 150g,150g,£24.33/kg,3.65,,
Waitrose Kentish Town,Cheese,Cheese,Waitrose No.1 Cornish Quartz Extra Mature Cheddar Strength 6 200g,6pk,£0.58 each,3.50,,
Waitrose Kentish Town,Cheese,Cheese,Waitrose No.1 Le Fleuret French Soft Goats Cheese 150g,,,5.80,,
Waitrose Kentish Town,Cheese,Cheese,Waitrose No.1 Mountain Comté Cheese 200g,200g,£31.25/kg,6.25,,
Waitrose Kentish Town,Cheese,Cheese,Waitrose Parmigiano Reggiano DOP Shaved Strength 6 80g,80g,£37.50/kg,3.00,,
Waitrose Kentish Town,Cheese,Cheese,Waitrose Parmigiano Reggiano DOP Strength 6 250g,250g,£29.20/kg,7.30,,
Waitrose Kentish Town,Cheese,Cheese,Waitrose Smoked Red Fox Vintage Red Leicester 200g,200g,£18.00/kg,3.60,,
Waitrose Kentish Town,Cheese,Cheese,Waitrose Somerset Brie Cheese Strength 2 230g,230g,£15.87/kg,3.65,,
Waitrose Kentish Town,Cheese,Cheese Snacks,Dairylea Ham & Cheese Lunchers 74g,74g,£22.30/kg,1.65,,
Waitrose Kentish Town,Cheese,Cheese Snacks,Lava Cheese Chilli 60g,60g,£91.67/kg,5.50,,
Waitrose Kentish Town,Cheese,Cheese Snacks,Mini Babybel Original Cheese Snack 12x20g,240g,£15.63/kg,3.75,,
Waitrose Kentish Town,Cheese,Cheese Snacks,Serious Pig - Crunchy Snacking Cheese - 24g,24g,£68.75/kg,1.65,,
Waitrose Kentish Town,Cheese,Cheese Snacks,Serious Pig - Crunchy Snacking Cheese with Caramelised Onion - 24g,24g,£68.75/kg,1.65,,
Waitrose Kentish Town,Cheese,Cheese Snacks,Serious Pig - Crunchy Snacking Cheese with Rosemary - 24g,24g,£68.75/kg,1.65,,
Waitrose Kentish Town,Cheese,Cheese Snacks,Serious Pig - Crunchy Snacking Cheese with Truffle - 24g,24g,£77.08/kg,1.85,,
Waitrose Kentish Town,Cheese,Cheese Snacks,Strings & Things Cheestrings 8s,8pk,£0.39 each,3.10,,
Waitrose Kentish Town,Cheese,Discover our Duchy Organic Range 🥒,Waitrose Duchy Organic Medium Cheddar Cheese Strength 3 350g,350g,£14.57/kg,5.10,,
Waitrose Kentish Town,Cheese,Discover our Waitrose No.1 Range,Waitrose No.1 Beemster Dutch Gouda Cheese 150g,,,3.55,,
Waitrose Kentish Town,Cheese,Discover our Waitrose No.1 Range,Waitrose No.1 Le Fleuret French Soft Goats Cheese 150g,,,5.80,,
Waitrose Kentish Town,Cheese,Discover our Waitrose No.1 Range,Waitrose No.1 Mountain Comté Cheese 200g,200g,£31.25/kg,6.25,,
Waitrose Kentish Town,Cheese,Feta & Goats Cheese,Waitrose British Soft Goats Cheese 125g,,,2.75,,
Waitrose Kentish Town,Cheese,Feta & Goats Cheese,Waitrose Essential Greek Feta Cheese Strength 3 200g,200g,£12.50/kg,2.50,,
Waitrose Kentish Town,Cheese,Feta & Goats Cheese,Waitrose No.1 Le Fleuret French Soft Goats Cheese 150g,,,5.80,,
Waitrose Kentish Town,Cheese,Grated & Sliced Cheese,Waitrose Essential Cheese Slices 10s 200g,200g,£7.75/kg,1.55,,
Waitrose Kentish Town,Cheese,Grated & Sliced Cheese,Waitrose Essential Mature Grated Cheddar Cheese Strength 4 250g,250g,£12.00/kg,3.00,,
Waitrose Kentish Town,Cheese,Grated & Sliced Cheese,Waitrose Essential Sliced Gouda Cheese 250g,250g,£12.40/kg,3.10,,
Waitrose Kentish Town,Cheese,Grated & Sliced Cheese,Waitrose Essentials  Med Sliced GB Cheddar 10s S3,10pk,£0.29 each,2.85,,
Waitrose Kentish Town,Cheese,Grated & Sliced Cheese,Waitrose Grated Cheddar & Mozzarella Cheese 250g,250g,£11.60/kg,2.90,,
Waitrose Kentish Town,Cheese,Grated & Sliced Cheese,Waitrose Grated Mozzarella Cheese 250g,250g,£12.00/kg,3.00,,
Waitrose Kentish Town,Cheese,Mozzarella & Burrata,Galbani Italian Mozzarella Cheese 125g,125g,£17.20/kg,2.15,,
Waitrose Kentish Town,Cheese,Mozzarella & Burrata,Waitrose Essential Italian Mozzarella 150g,150g,£12.00/kg,1.80,,
Waitrose Kentish Town,Cheese,Mozzarella & Burrata,Waitrose No.1 Burrata Cheese 150g,150g,£24.33/kg,3.65,,
Waitrose Kentish Town,Cheese,Offers,Boursin Garlic & Herbs Soft Cheese 150g,150g,£17.60/kg,2.64,3.30,20% off
Waitrose Kentish Town,Cheese,Parmesan,Essential Parmigiano Reggiano 175g,175g,£25.71/kg,4.50,,
Waitrose Kentish Town,Cheese,Parmesan,Waitrose Parmigiano Reggiano DOP Shaved Strength 6 80g,80g,£37.50/kg,3.00,,
Waitrose Kentish Town,Cheese,Parmesan,Waitrose Parmigiano Reggiano DOP Strength 6 250g,250g,£29.20/kg,7.30,,
Waitrose Kentish Town,Cheese,Speciality & Other Cheese,All Things Cottage Cheese Natural 450g,450g,£7.11/kg,3.20,,
Waitrose Kentish Town,Cheese,Speciality & Other Cheese,Cathedral City Plant Based Grated 150g,150g,£18.33/kg,2.75,,
Waitrose Kentish Town,Cheese,Speciality & Other Cheese,St Agur Blue Cheese 150g,150g,£25.00/kg,3.75,,
Waitrose Kentish Town,Cheese,Speciality & Other Cheese,Waitrose Essential Cypriot Halloumi Cheese Strength 1 250g,250g,£12.80/kg,3.20,,
Waitrose Kentish Town,Cheese,Speciality & Other Cheese,Waitrose Essential Fat Free Natural Cottage Cheese 300g,300g,£5.83/kg,1.75,,
Waitrose Kentish Town,Cheese,Speciality & Other Cheese,Waitrose Essential Italian Mascarpone Cheese 250g,250g,£10.00/kg,2.50,,
Waitrose Kentish Town,Cheese,Speciality & Other Cheese,Waitrose Essential Italian Ricotta 250g,250g,£6.80/kg,1.70,,
Waitrose Kentish Town,Cheese,Speciality & Other Cheese,Waitrose Essential Natural Cottage Cheese 300g,300g,£5.83/kg,1.75,,
Waitrose Kentish Town,Cheese,Speciality & Other Cheese,Waitrose Essential Red Leicester Cheese 350g,350g,£10.71/kg,3.75,,
Waitrose Kentish Town,Cheese,Speciality & Other Cheese,Waitrose Herby Halloumi Kebabs 240g,240g,£22.92/kg,5.50,,
Waitrose Kentish Town,Cheese,Speciality & Other Cheese,Waitrose Long Clawson Stilton Cheese Strength 4 227g,227g,£20.93/kg,4.75,,
Waitrose Kentish Town,Cheese,Speciality & Other Cheese,Waitrose No.1 Beemster Dutch Gouda Cheese 150g,,,3.55,,
Waitrose Kentish Town,Cheese,Speciality & Other Cheese,Waitrose No.1 Mountain Comté Cheese 200g,200g,£31.25/kg,6.25,,
Waitrose Kentish Town,Cheese,Speciality & Other Cheese,Waitrose Smoked Red Fox Vintage Red Leicester 200g,200g,£18.00/kg,3.60,,
Waitrose Kentish Town,Cheese,Spreadable Cheese,Boursin Garlic & Herbs Soft Cheese 150g,150g,£17.60/kg,2.64,3.30,20% off
Waitrose Kentish Town,Cheese,Spreadable Cheese,Philadelphia Light Soft Cream Cheese 165g,165g,£15.15/kg,2.50,,
Waitrose Kentish Town,Cheese,Spreadable Cheese,Philadelphia Original Cream Cheese 165g,165g,£15.15/kg,2.50,,
Waitrose Kentish Town,Chocolate & Sweets,Back To Routine,McVities Penguin Milk 7s 172g,172g,£14.24/kg,2.45,,
Waitrose Kentish Town,Chocolate & Sweets,Chewing Gum & Mints,Airwaves Menthol & Eucalyptus Chewing Gum 46 per pack,46pk,£0.06 each,2.80,,
Waitrose Kentish Town,Chocolate & Sweets,Chewing Gum & Mints,Wrigleys Extra Peppermint Gum 84g,84g,£26.79/kg,2.25,,
Waitrose Kentish Town,Chocolate & Sweets,Chewing Gum & Mints,Wrigleys Extra Spearmint 46s,46pk,£0.07 each,3.30,,
Waitrose Kentish Town,Chocolate & Sweets,Chocolate & Sweets,Aero Peppermint Bubble Chocolate 92g,92g,£25.00/kg,2.30,,
Waitrose Kentish Town,Chocolate & Sweets,Chocolate & Sweets,Airwaves Menthol & Eucalyptus Chewing Gum 46 per pack,46pk,£0.06 each,2.80,,
Waitrose Kentish Town,Chocolate & Sweets,Chocolate & Sweets,Bahlsen Pick Up! Milk Chocolate Biscuits 5x28g,140g,£17.86/kg,2.50,,
Waitrose Kentish Town,Chocolate & Sweets,Chocolate & Sweets,Cadbury Crunchie Chocolate Bar 40g,40g,£31.25/kg,1.25,,
Waitrose Kentish Town,Chocolate & Sweets,Chocolate & Sweets,Cadbury Crunchie Rocks Chocolate Bag 110g,110g,£21.36/kg,2.35,,
Waitrose Kentish Town,Chocolate & Sweets,Chocolate & Sweets,Cadbury Dairy Milk Caramel Chocolate Bar 120g,120g,£18.75/kg,2.25,,
Waitrose Kentish Town,Chocolate & Sweets,Chocolate & Sweets,Cadbury Dairy Milk Caramel Chocolate Nibbles 120g,120g,£17.92/kg,2.15,,
Waitrose Kentish Town,Chocolate & Sweets,Chocolate & Sweets,Cadbury Dairy Milk Chocolate Bar 180g,180g,£14.78/kg,2.66,3.55,25% off
Waitrose Kentish Town,Chocolate & Sweets,Chocolate & Sweets,Cadbury Dairy Milk Chocolate Bars 4 per pack,4pk,£0.78 each,3.10,,
Waitrose Kentish Town,Chocolate & Sweets,Chocolate & Sweets,Cadbury Dairy Milk Chocolate Buttons 100g,100g,£21.50/kg,2.15,,
Waitrose Kentish Town,Chocolate & Sweets,Chocolate & Sweets,Cadbury Dairy Milk Fruit & Nut Chocolate Bar 180g,180g,£15.78/kg,2.84,3.55,20% off
Waitrose Kentish Town,Chocolate & Sweets,Chocolate & Sweets,Cadbury Dairy Milk Giant Chocolate Buttons  40g,40g,£31.25/kg,1.25,,
Waitrose Kentish Town,Chocolate & Sweets,Chocolate & Sweets,Cadbury Dairy Milk Marvellous Creations Chocolate 150g,150g,£16.53/kg,2.48,3.30,25% off
Waitrose Kentish Town,Chocolate & Sweets,Chocolate & Sweets,Cadbury Dairy Milk Wholenut Chocolate Bar 180g,180g,£13.78/kg,2.48,3.30,25% off
Waitrose Kentish Town,Chocolate & Sweets,Chocolate & Sweets,Cadbury Family Treatsize Bag 223g,223g,£25.34/kg,5.65,,
Waitrose Kentish Town,Chocolate & Sweets,Chocolate & Sweets,Cadbury Picnic Chocolate Bar 48g,48g,£26.04/kg,1.25,,
Waitrose Kentish Town,Chocolate & Sweets,Chocolate & Sweets,Cadbury Snack Pack 5x20g,100g,£17.50/kg,1.75,,
Waitrose Kentish Town,Chocolate & Sweets,Chocolate & Sweets,Cadbury Twirl Bites 175g,175g,£23.43/kg,4.10,,
Waitrose Kentish Town,Chocolate & Sweets,Chocolate & Sweets,Cadbury Twirl Chocolate 3 pack,3pk,£1.03 each,3.10,,
Waitrose Kentish Town,Chocolate & Sweets,Chocolate & Sweets,Cadbury Twirl Chocolate Bites 109g,109g,£21.10/kg,2.30,,
Waitrose Kentish Town,Chocolate & Sweets,Chocolate & Sweets,Cadbury Wispa Chocolate Bars 4 per pack,4pk,£0.78 each,3.10,,
Waitrose Kentish Town,Chocolate & Sweets,Chocolate & Sweets,Candy Kittens Sour Watermelon Sweets 140g,140g,£19.64/kg,2.75,,
Waitrose Kentish Town,Chocolate & Sweets,Chocolate & Sweets,Candy Kittens Wild Strawberry Sweets 140g,140g,£19.64/kg,2.75,,
Waitrose Kentish Town,Chocolate & Sweets,Chocolate & Sweets,Chloes Hazelnut & Cocoa Wafer Rolls 400g,400g,£10.50/kg,4.20,,
Waitrose Kentish Town,Chocolate & Sweets,Chocolate & Sweets,Danny's - Dubai Style Strawberry & Pistachio Knafeh Chocolate Bar - 190g,190g,£52.63/kg,10.00,,
Waitrose Kentish Town,Chocolate & Sweets,Chocolate & Sweets,Danny's Dubai Pistachio & Knafeh Chocolate Bar 190g,,,13.20,,
Waitrose Kentish Town,Chocolate & Sweets,Chocolate & Sweets,Deliciously Ella Chocolate Dipped Fruit and Nuts 90g,90g,£42.22/kg,3.80,,
Waitrose Kentish Town,Chocolate & Sweets,Chocolate & Sweets,Deliciously Ella Vegan Almond & Salted Caramel Cups 36g,36g,£52.78/kg,1.90,,
Waitrose Kentish Town,Chocolate & Sweets,Chocolate & Sweets,Diddly Squat - Fudge - 150g,150g,£41.00/kg,6.15,,
Waitrose Kentish Town,Chocolate & Sweets,Chocolate & Sweets,Ferrero Rocher 24s,24pk,£0.46 each,11.00,13.75,20% off
Waitrose Kentish Town,Chocolate & Sweets,Chocolate & Sweets,Forest Feast Dark Chocolate Mango 100g,100g,£50.00/kg,5.00,,
Waitrose Kentish Town,Chocolate & Sweets,Chocolate & Sweets,Forest Feast Dark Chocolate Sour Cherries 120g,120g,£41.67/kg,5.00,,
Waitrose Kentish Town,Chocolate & Sweets,Chocolate & Sweets,Forest Feast Salted Dark Chocolate Almonds 120g,120g,£36.25/kg,4.35,,
Waitrose Kentish Town,Chocolate & Sweets,Chocolate & Sweets,Fruit-tella Juicy Chews Bag 135g,135g,£11.11/kg,1.50,,
Waitrose Kentish Town,Chocolate & Sweets,Chocolate & Sweets,Galaxy Chocolate Minstrels Pouch 125g,125g,£33.60/kg,4.20,,
Waitrose Kentish Town,Chocolate & Sweets,Chocolate & Sweets,Galaxy Milk 100g,100g,£19.50/kg,1.95,,
Waitrose Kentish Town,Chocolate & Sweets,Chocolate & Sweets,Green & Black's Organic 70% Dark Chocolate Bar 90g,90g,£46.67/kg,4.20,,
Waitrose Kentish Town,Chocolate & Sweets,Chocolate & Sweets,Green & Black's Organic 85% Dark Chocolate Bar 90g,90g,£46.67/kg,4.20,,
Waitrose Kentish Town,Chocolate & Sweets,Chocolate & Sweets,Green & Black's Organic Milk Chocolate Bar 90g,90g,£46.67/kg,4.20,,
Waitrose Kentish Town,Chocolate & Sweets,Chocolate & Sweets,Green & Blacks Organic Hazelnut Dark Chocolate 90g,90g,£42.78/kg,3.85,,
Waitrose Kentish Town,Chocolate & Sweets,Chocolate & Sweets,Haribo Starmix Sweets 175g,175g,£11.43/kg,2.00,,
Waitrose Kentish Town,Chocolate & Sweets,Chocolate & Sweets,Haribo Starmix Sweets 22 Mini Bags,,,3.65,,
Waitrose Kentish Town,Chocolate & Sweets,Chocolate & Sweets,Haribo Tangfastics 175g,175g,£8.51/kg,1.49,1.65,10% off
Waitrose Kentish Town,Chocolate & Sweets,Chocolate & Sweets,KitKat Chocolate Bar 4 Finger 41.5g,42g,£28.57/kg,1.20,,
Waitrose Kentish Town,Chocolate & Sweets,Chocolate & Sweets,KitKat Chunky Chocolate Multipack 4 per pack,4pk,£0.56 each,2.24,2.80,20% off
Waitrose Kentish Town,Chocolate & Sweets,Chocolate & Sweets,Lindt Excellence Dark 70% Cocoa Chocolate Bar 100g,100g,£42.00/kg,4.20,,
Waitrose Kentish Town,Chocolate & Sweets,Chocolate & Sweets,Lindt Excellence Dark Orange Chocolate Bar 100g,100g,£42.00/kg,4.20,,
Waitrose Kentish Town,Chocolate & Sweets,Chocolate & Sweets,Lindt Excellence Milk Extra Creamy Chocolate Bar 100g,100g,£42.00/kg,4.20,,
Waitrose Kentish Town,Chocolate & Sweets,Chocolate & Sweets,Lindt Excellence Sea Salt Dark Chocolate Bar 100g,100g,£42.00/kg,4.20,,
Waitrose Kentish Town,Chocolate & Sweets,Chocolate & Sweets,Lindt Les Grandes Dark Chocolate Hazelnut Bar 150g,150g,£40.00/kg,6.00,,
Waitrose Kentish Town,Chocolate & Sweets,Chocolate & Sweets,Lindt Lindor Assorted Chocolate Truffles 200g,200g,£43.00/kg,8.60,,
Waitrose Kentish Town,Chocolate & Sweets,Chocolate & Sweets,Lindt Lindor Milk Chocolate Truffles Box 200g,200g,£45.00/kg,9.00,,
Waitrose Kentish Town,Chocolate & Sweets,Chocolate & Sweets,Lindt Lindor Pistachio Milk Chocolate Truffles 200g,200g,£41.25/kg,8.25,,
Waitrose Kentish Town,Chocolate & Sweets,Chocolate & Sweets,Loacker Napolitaner Wafers 90g,90g,£17.78/kg,1.60,,
Waitrose Kentish Town,Chocolate & Sweets,Chocolate & Sweets,Loacker Original Tortina Biscuits 126g,126g,£23.02/kg,2.90,,
Waitrose Kentish Town,Chocolate & Sweets,Chocolate & Sweets,M&M's Peanut Chocolate More to Share Pouch 220g,220g,£22.50/kg,4.95,,
Waitrose Kentish Town,Chocolate & Sweets,Chocolate & Sweets,Mallow and Marsh Double Chocolate Bar 35g,35g,£45.71/kg,1.60,,
Waitrose Kentish Town,Chocolate & Sweets,Chocolate & Sweets,Mallow and Marsh Raspberry Bar 35g,35g,£45.71/kg,1.60,,
Waitrose Kentish Town,Chocolate & Sweets,Chocolate & Sweets,Maltesers Chocolate Pouch 158g,158g,£31.33/kg,4.95,,
Waitrose Kentish Town,Chocolate & Sweets,Chocolate & Sweets,Maltesers Chocolate Pouch 37g,37g,£37.84/kg,1.40,,
Waitrose Kentish Town,Chocolate & Sweets,Chocolate & Sweets,Mars Chocolate Bar 4x39.4g,158g,£18.04/kg,2.85,,
Waitrose Kentish Town,Chocolate & Sweets,Chocolate & Sweets,Mars Fun Size Family Favourites 358g,358g,£18.44/kg,6.60,,
Waitrose Kentish Town,Chocolate & Sweets,Chocolate & Sweets,Maynards Wine Gums 130g,130g,£9.62/kg,1.25,,
Waitrose Kentish Town,Chocolate & Sweets,Chocolate & Sweets,McVities Penguin Milk 7s 172g,172g,£14.24/kg,2.45,,
Waitrose Kentish Town,Chocolate & Sweets,Chocolate & Sweets,Mighty Fine - Honeycomb Dipped in Milk Chocolate Pouch - 90g,90g,£38.89/kg,3.50,,
Waitrose Kentish Town,Chocolate & Sweets,Chocolate & Sweets,Mighty Fine - Honeycomb Dipped in Salted Caramel Chocolate Pouch - 90g,90g,£40.56/kg,3.65,,
Waitrose Kentish Town,Chocolate & Sweets,Chocolate & Sweets,Mighty Fine Vegan Salted Caramel Honeycomb Chocolate Dips 90g,90g,£42.22/kg,3.80,,
Waitrose Kentish Town,Chocolate & Sweets,Chocolate & Sweets,Milkybar Chocolate Buttons Pouch 94g,94g,£22.87/kg,2.15,,
Waitrose Kentish Town,Chocolate & Sweets,Chocolate & Sweets,Montezuma's Dark Chocolate Buttons 120g,120g,£50.42/kg,6.05,,
Waitrose Kentish Town,Chocolate & Sweets,Chocolate & Sweets,Montezumas Milk Choc Buttons 120g,120g,£50.42/kg,6.05,,
Waitrose Kentish Town,Chocolate & Sweets,Chocolate & Sweets,Monty Bojangles Choccy Scoffy Chocolate Truffles 135g,135g,£41.85/kg,5.65,,
Waitrose Kentish Town,Chocolate & Sweets,Chocolate & Sweets,Nerds Sweets Fruits 113g,113g,£19.91/kg,2.25,,
Waitrose Kentish Town,Chocolate & Sweets,Chocolate & Sweets,Otherly Cold Brew Coffee Oat Milk Chocolate 120g,120g,£41.58/kg,4.99,,
Waitrose Kentish Town,Chocolate & Sweets,Chocolate & Sweets,Otherly Salted Caramel Oat Milk Chocolate 120g,120g,£41.58/kg,4.99,,
Waitrose Kentish Town,Chocolate & Sweets,Chocolate & Sweets,Otherly Sea Salt Oat Milk Chocolate 120g,120g,£41.58/kg,4.99,,
Waitrose Kentish Town,Chocolate & Sweets,Chocolate & Sweets,Rocky Mountain - Mega Marshmallows - 340g,340g,£11.32/kg,3.85,,
Waitrose Kentish Town,Chocolate & Sweets,Chocolate & Sweets,Rowntree's Fruit Pastilles Sweets Sharing Bag 143g,143g,£13.99/kg,2.00,,
Waitrose Kentish Town,Chocolate & Sweets,Chocolate & Sweets,Shades By Niko The Originals Sweets 150g,150g,£13.67/kg,2.05,,
Waitrose Kentish Town,Chocolate & Sweets,Chocolate & Sweets,Skittles Fruit Sweets Pouch 152g,152g,£10.20/kg,1.55,,
Waitrose Kentish Town,Chocolate & Sweets,Chocolate & Sweets,Snickers Chocolate Bars Multipack 4 per pack,4pk,£0.71 each,2.85,,
Waitrose Kentish Town,Chocolate & Sweets,Chocolate & Sweets,The Mallows Caramel-Filled Dulce Chocolate 80g,80g,£94.38/kg,7.55,,
Waitrose Kentish Town,Chocolate & Sweets,Chocolate & Sweets,The Natural Confectionery Co. Jelly Snakes Sweets Bag 130g,130g,£14.23/kg,1.85,,
Waitrose Kentish Town,Chocolate & Sweets,Chocolate & Sweets,Tim Tam Original Chocolate Biscuits 163g,163g,£13.50/kg,2.20,2.75,20% off
Waitrose Kentish Town,Chocolate & Sweets,Chocolate & Sweets,Tony's Chocolonely Milk Chocolate 180g,180g,£22.22/kg,4.00,,
Waitrose Kentish Town,Chocolate & Sweets,Chocolate & Sweets,Tony's Chocolonely Milk Chocolate Caramel Sea Salt 180g,180g,£22.22/kg,4.00,,
Waitrose Kentish Town,Chocolate & Sweets,Chocolate & Sweets,Tunnocks Milk Choc Caramel Wafer Biscuit 8x30g,240g,£13.33/kg,3.20,,
Waitrose Kentish Town,Chocolate & Sweets,Chocolate & Sweets,Twix Chocolate Bars 4 per pack,4pk,£0.78 each,3.10,,
Waitrose Kentish Town,Chocolate & Sweets,Chocolate & Sweets,Twix Chocolate Biscuit Fingers Multipack 9x20g,180g,£20.00/kg,3.60,,
Waitrose Kentish Town,Chocolate & Sweets,Chocolate & Sweets,UP UP Espresso chocolate 130g,130g,£36.54/kg,4.75,,
Waitrose Kentish Town,Chocolate & Sweets,Chocolate & Sweets,Waitrose Belgian Dark Chocolate 54% 180g,180g,£23.33/kg,4.20,,
Waitrose Kentish Town,Chocolate & Sweets,Chocolate & Sweets,Waitrose Belgian Dark Chocolate 72% 180g,180g,£23.33/kg,4.20,,
Waitrose Kentish Town,Chocolate & Sweets,Chocolate & Sweets,Waitrose Belgian Milk Chocolate 180g,180g,£23.33/kg,4.20,,
Waitrose Kentish Town,Chocolate & Sweets,Chocolate & Sweets,Waitrose Belgian White Chocolate 180g,180g,£23.33/kg,4.20,,
Waitrose Kentish Town,Chocolate & Sweets,Chocolate & Sweets,Waitrose Chocolate Coated Peanuts 135g,135g,£18.52/kg,2.50,,
Waitrose Kentish Town,Chocolate & Sweets,Chocolate & Sweets,Waitrose Chocolate Coated Raisins 135g,135g,£18.52/kg,2.50,,
Waitrose Kentish Town,Chocolate & Sweets,Chocolate & Sweets,Waitrose Fizzy Strawberry Flavour Laces Sweets 65g,65g,£11.54/kg,0.75,,
Waitrose Kentish Town,Chocolate & Sweets,Chocolate & Sweets,Waitrose Fruit Jellies Sweets 200g,200g,£8.00/kg,1.60,,
Waitrose Kentish Town,Chocolate & Sweets,Chocolate & Sweets,Waitrose Fruit Pastilles Sweets 200g,200g,£8.00/kg,1.60,,
Waitrose Kentish Town,Chocolate & Sweets,Chocolate & Sweets,Waitrose Jelly Babies Sweets 200g,200g,£8.00/kg,1.60,,
Waitrose Kentish Town,Chocolate & Sweets,Chocolate & Sweets,Waitrose No.1 49% Dominican Republic Milk Chocolate 100g,100g,£36.00/kg,3.60,,
Waitrose Kentish Town,Chocolate & Sweets,Chocolate & Sweets,Waitrose No.1 75% Madagascar Dark Chocolate 100g,100g,£36.00/kg,3.60,,
Waitrose Kentish Town,Chocolate & Sweets,Chocolate & Sweets,Waitrose No.1 Fairtrade Peru Dark Chocolate 100g,100g,£33.00/kg,3.30,,
Waitrose Kentish Town,Chocolate & Sweets,Chocolate & Sweets,Wrigleys Extra Peppermint Gum 84g,84g,£26.79/kg,2.25,,
Waitrose Kentish Town,Chocolate & Sweets,Chocolate & Sweets,Wrigleys Extra Spearmint 46s,46pk,£0.07 each,3.30,,
Waitrose Kentish Town,Chocolate & Sweets,Chocolate Bars,Bahlsen Pick Up! Milk Chocolate Biscuits 5x28g,140g,£17.86/kg,2.50,,
Waitrose Kentish Town,Chocolate & Sweets,Chocolate Bars,Cadbury Crunchie Chocolate Bar 40g,40g,£31.25/kg,1.25,,
Waitrose Kentish Town,Chocolate & Sweets,Chocolate Bars,Cadbury Dairy Milk Caramel Chocolate Bar 120g,120g,£18.75/kg,2.25,,
Waitrose Kentish Town,Chocolate & Sweets,Chocolate Bars,Cadbury Dairy Milk Chocolate Bar 180g,180g,£14.78/kg,2.66,3.55,25% off
Waitrose Kentish Town,Chocolate & Sweets,Chocolate Bars,Cadbury Dairy Milk Chocolate Bars 4 per pack,4pk,£0.78 each,3.10,,
Waitrose Kentish Town,Chocolate & Sweets,Chocolate Bars,Cadbury Dairy Milk Fruit & Nut Chocolate Bar 180g,180g,£15.78/kg,2.84,3.55,20% off
Waitrose Kentish Town,Chocolate & Sweets,Chocolate Bars,Cadbury Dairy Milk Marvellous Creations Chocolate 150g,150g,£16.53/kg,2.48,3.30,25% off
Waitrose Kentish Town,Chocolate & Sweets,Chocolate Bars,Cadbury Dairy Milk Wholenut Chocolate Bar 180g,180g,£13.78/kg,2.48,3.30,25% off
Waitrose Kentish Town,Chocolate & Sweets,Chocolate Bars,Cadbury Picnic Chocolate Bar 48g,48g,£26.04/kg,1.25,,
Waitrose Kentish Town,Chocolate & Sweets,Chocolate Bars,Cadbury Snack Pack 5x20g,100g,£17.50/kg,1.75,,
Waitrose Kentish Town,Chocolate & Sweets,Chocolate Bars,Cadbury Twirl Chocolate 3 pack,3pk,£1.03 each,3.10,,
Waitrose Kentish Town,Chocolate & Sweets,Chocolate Bars,Cadbury Wispa Chocolate Bars 4 per pack,4pk,£0.78 each,3.10,,
Waitrose Kentish Town,Chocolate & Sweets,Chocolate Bars,Chloes Hazelnut & Cocoa Wafer Rolls 400g,400g,£10.50/kg,4.20,,
Waitrose Kentish Town,Chocolate & Sweets,Chocolate Bars,Danny's - Dubai Style Strawberry & Pistachio Knafeh Chocolate Bar - 190g,190g,£52.63/kg,10.00,,
Waitrose Kentish Town,Chocolate & Sweets,Chocolate Bars,Danny's Dubai Pistachio & Knafeh Chocolate Bar 190g,,,13.20,,
Waitrose Kentish Town,Chocolate & Sweets,Chocolate Bars,Galaxy Milk 100g,100g,£19.50/kg,1.95,,
Waitrose Kentish Town,Chocolate & Sweets,Chocolate Bars,Green & Black's Organic 70% Dark Chocolate Bar 90g,90g,£46.67/kg,4.20,,
Waitrose Kentish Town,Chocolate & Sweets,Chocolate Bars,Green & Black's Organic 85% Dark Chocolate Bar 90g,90g,£46.67/kg,4.20,,
Waitrose Kentish Town,Chocolate & Sweets,Chocolate Bars,Green & Black's Organic Milk Chocolate Bar 90g,90g,£46.67/kg,4.20,,
Waitrose Kentish Town,Chocolate & Sweets,Chocolate Bars,Green & Blacks Organic Hazelnut Dark Chocolate 90g,90g,£42.78/kg,3.85,,
Waitrose Kentish Town,Chocolate & Sweets,Chocolate Bars,Kinder Bueno milk & hazelnuts Chocolate Bar 43g,43g,£26.74/kg,1.15,,
Waitrose Kentish Town,Chocolate & Sweets,Chocolate Bars,Kinder Chocolate Mini Bars (8 Pack),8pk,£0.24 each,1.90,,
Waitrose Kentish Town,Chocolate & Sweets,Chocolate Bars,KitKat Chocolate Bar 4 Finger 41.5g,42g,£28.57/kg,1.20,,
Waitrose Kentish Town,Chocolate & Sweets,Chocolate Bars,KitKat Chunky Chocolate Multipack 4 per pack,4pk,£0.56 each,2.24,2.80,20% off
Waitrose Kentish Town,Chocolate & Sweets,Chocolate Bars,Lindt Excellence Dark 70% Cocoa Chocolate Bar 100g,100g,£42.00/kg,4.20,,
Waitrose Kentish Town,Chocolate & Sweets,Chocolate Bars,Lindt Excellence Dark Orange Chocolate Bar 100g,100g,£42.00/kg,4.20,,
Waitrose Kentish Town,Chocolate & Sweets,Chocolate Bars,Lindt Excellence Milk Extra Creamy Chocolate Bar 100g,100g,£42.00/kg,4.20,,
Waitrose Kentish Town,Chocolate & Sweets,Chocolate Bars,Lindt Excellence Sea Salt Dark Chocolate Bar 100g,100g,£42.00/kg,4.20,,
Waitrose Kentish Town,Chocolate & Sweets,Chocolate Bars,Lindt Les Grandes Dark Chocolate Hazelnut Bar 150g,150g,£40.00/kg,6.00,,
Waitrose Kentish Town,Chocolate & Sweets,Chocolate Bars,Loacker Napolitaner Wafers 90g,90g,£17.78/kg,1.60,,
Waitrose Kentish Town,Chocolate & Sweets,Chocolate Bars,Loacker Original Tortina Biscuits 126g,126g,£23.02/kg,2.90,,
Waitrose Kentish Town,Chocolate & Sweets,Chocolate Bars,Mallow and Marsh Double Chocolate Bar 35g,35g,£45.71/kg,1.60,,
Waitrose Kentish Town,Chocolate & Sweets,Chocolate Bars,Maltesers Chocolate Pouch 37g,37g,£37.84/kg,1.40,,
Waitrose Kentish Town,Chocolate & Sweets,Chocolate Bars,Mars Chocolate Bar 4x39.4g,158g,£18.04/kg,2.85,,
Waitrose Kentish Town,Chocolate & Sweets,Chocolate Bars,McVities Penguin Milk 7s 172g,172g,£14.24/kg,2.45,,
Waitrose Kentish Town,Chocolate & Sweets,Chocolate Bars,Otherly Cold Brew Coffee Oat Milk Chocolate 120g,120g,£41.58/kg,4.99,,
Waitrose Kentish Town,Chocolate & Sweets,Chocolate Bars,Otherly Salted Caramel Oat Milk Chocolate 120g,120g,£41.58/kg,4.99,,
Waitrose Kentish Town,Chocolate & Sweets,Chocolate Bars,Otherly Sea Salt Oat Milk Chocolate 120g,120g,£41.58/kg,4.99,,
Waitrose Kentish Town,Chocolate & Sweets,Chocolate Bars,Snickers Chocolate Bars Multipack 4 per pack,4pk,£0.71 each,2.85,,
Waitrose Kentish Town,Chocolate & Sweets,Chocolate Bars,Tim Tam Original Chocolate Biscuits 163g,163g,£13.50/kg,2.20,2.75,20% off
Waitrose Kentish Town,Chocolate & Sweets,Chocolate Bars,Tony's Chocolonely Milk Chocolate 180g,180g,£22.22/kg,4.00,,
Waitrose Kentish Town,Chocolate & Sweets,Chocolate Bars,Tony's Chocolonely Milk Chocolate Caramel Sea Salt 180g,180g,£22.22/kg,4.00,,
Waitrose Kentish Town,Chocolate & Sweets,Chocolate Bars,Tunnocks Milk Choc Caramel Wafer Biscuit 8x30g,240g,£13.33/kg,3.20,,
Waitrose Kentish Town,Chocolate & Sweets,Chocolate Bars,Twix Chocolate Bars 4 per pack,4pk,£0.78 each,3.10,,
Waitrose Kentish Town,Chocolate & Sweets,Chocolate Bars,Twix Chocolate Biscuit Fingers Multipack 9x20g,180g,£20.00/kg,3.60,,
Waitrose Kentish Town,Chocolate & Sweets,Chocolate Bars,UP UP Espresso chocolate 130g,130g,£36.54/kg,4.75,,
Waitrose Kentish Town,Chocolate & Sweets,Chocolate Bars,Waitrose Belgian Dark Chocolate 54% 180g,180g,£23.33/kg,4.20,,
Waitrose Kentish Town,Chocolate & Sweets,Chocolate Bars,Waitrose Belgian Dark Chocolate 72% 180g,180g,£23.33/kg,4.20,,
Waitrose Kentish Town,Chocolate & Sweets,Chocolate Bars,Waitrose Belgian Milk Chocolate 180g,180g,£23.33/kg,4.20,,
Waitrose Kentish Town,Chocolate & Sweets,Chocolate Bars,Waitrose No.1 49% Dominican Republic Milk Chocolate 100g,100g,£36.00/kg,3.60,,
Waitrose Kentish Town,Chocolate & Sweets,Chocolate Bars,Waitrose No.1 75% Madagascar Dark Chocolate 100g,100g,£36.00/kg,3.60,,
Waitrose Kentish Town,Chocolate & Sweets,Chocolate Bars,Waitrose No.1 Fairtrade Peru Dark Chocolate 100g,100g,£33.00/kg,3.30,,
Waitrose Kentish Town,Chocolate & Sweets,Chocolate Boxes & Gifts,Ferrero Rocher 24s,24pk,£0.46 each,11.00,13.75,20% off
Waitrose Kentish Town,Chocolate & Sweets,Chocolate Boxes & Gifts,Lindt Lindor Assorted Chocolate Truffles 200g,200g,£43.00/kg,8.60,,
Waitrose Kentish Town,Chocolate & Sweets,Chocolate Boxes & Gifts,Lindt Lindor Milk Chocolate Truffles Box 200g,200g,£45.00/kg,9.00,,
Waitrose Kentish Town,Chocolate & Sweets,Chocolate Boxes & Gifts,Lindt Lindor Pistachio Milk Chocolate Truffles 200g,200g,£41.25/kg,8.25,,
Waitrose Kentish Town,Chocolate & Sweets,Chocolate Boxes & Gifts,Monty Bojangles Choccy Scoffy Chocolate Truffles 135g,135g,£41.85/kg,5.65,,
Waitrose Kentish Town,Chocolate & Sweets,Chocolate Boxes & Gifts,Waitrose Belgian White Chocolate 180g,180g,£23.33/kg,4.20,,
Waitrose Kentish Town,Chocolate & Sweets,Chocolate Pouches & Bags,Aero Peppermint Bubble Chocolate 92g,92g,£25.00/kg,2.30,,
Waitrose Kentish Town,Chocolate & Sweets,Chocolate Pouches & Bags,Cadbury Crunchie Rocks Chocolate Bag 110g,110g,£21.36/kg,2.35,,
Waitrose Kentish Town,Chocolate & Sweets,Chocolate Pouches & Bags,Cadbury Dairy Milk Caramel Chocolate Nibbles 120g,120g,£17.92/kg,2.15,,
Waitrose Kentish Town,Chocolate & Sweets,Chocolate Pouches & Bags,Cadbury Dairy Milk Chocolate Buttons 100g,100g,£21.50/kg,2.15,,
Waitrose Kentish Town,Chocolate & Sweets,Chocolate Pouches & Bags,Cadbury Dairy Milk Giant Chocolate Buttons  40g,40g,£31.25/kg,1.25,,
Waitrose Kentish Town,Chocolate & Sweets,Chocolate Pouches & Bags,Cadbury Family Treatsize Bag 223g,223g,£25.34/kg,5.65,,
Waitrose Kentish Town,Chocolate & Sweets,Chocolate Pouches & Bags,Cadbury Twirl Bites 175g,175g,£23.43/kg,4.10,,
Waitrose Kentish Town,Chocolate & Sweets,Chocolate Pouches & Bags,Cadbury Twirl Chocolate Bites 109g,109g,£21.10/kg,2.30,,
Waitrose Kentish Town,Chocolate & Sweets,Chocolate Pouches & Bags,Deliciously Ella Chocolate Dipped Fruit and Nuts 90g,90g,£42.22/kg,3.80,,
Waitrose Kentish Town,Chocolate & Sweets,Chocolate Pouches & Bags,Deliciously Ella Vegan Almond & Salted Caramel Cups 36g,36g,£52.78/kg,1.90,,
Waitrose Kentish Town,Chocolate & Sweets,Chocolate Pouches & Bags,Forest Feast Dark Chocolate Mango 100g,100g,£50.00/kg,5.00,,
Waitrose Kentish Town,Chocolate & Sweets,Chocolate Pouches & Bags,Forest Feast Dark Chocolate Sour Cherries 120g,120g,£41.67/kg,5.00,,
Waitrose Kentish Town,Chocolate & Sweets,Chocolate Pouches & Bags,Forest Feast Salted Dark Chocolate Almonds 120g,120g,£36.25/kg,4.35,,
Waitrose Kentish Town,Chocolate & Sweets,Chocolate Pouches & Bags,Galaxy Chocolate Minstrels Pouch 125g,125g,£33.60/kg,4.20,,
Waitrose Kentish Town,Chocolate & Sweets,Chocolate Pouches & Bags,M&M's Peanut Chocolate More to Share Pouch 220g,220g,£22.50/kg,4.95,,
Waitrose Kentish Town,Chocolate & Sweets,Chocolate Pouches & Bags,Maltesers Chocolate Pouch 158g,158g,£31.33/kg,4.95,,
Waitrose Kentish Town,Chocolate & Sweets,Chocolate Pouches & Bags,Mars Fun Size Family Favourites 358g,358g,£18.44/kg,6.60,,
Waitrose Kentish Town,Chocolate & Sweets,Chocolate Pouches & Bags,Mighty Fine - Honeycomb Dipped in Milk Chocolate Pouch - 90g,90g,£38.89/kg,3.50,,
Waitrose Kentish Town,Chocolate & Sweets,Chocolate Pouches & Bags,Mighty Fine - Honeycomb Dipped in Salted Caramel Chocolate Pouch - 90g,90g,£40.56/kg,3.65,,
Waitrose Kentish Town,Chocolate & Sweets,Chocolate Pouches & Bags,Mighty Fine Vegan Salted Caramel Honeycomb Chocolate Dips 90g,90g,£42.22/kg,3.80,,
Waitrose Kentish Town,Chocolate & Sweets,Chocolate Pouches & Bags,Milkybar Chocolate Buttons Pouch 94g,94g,£22.87/kg,2.15,,
Waitrose Kentish Town,Chocolate & Sweets,Chocolate Pouches & Bags,Montezuma's Dark Chocolate Buttons 120g,120g,£50.42/kg,6.05,,
Waitrose Kentish Town,Chocolate & Sweets,Chocolate Pouches & Bags,Montezumas Milk Choc Buttons 120g,120g,£50.42/kg,6.05,,
Waitrose Kentish Town,Chocolate & Sweets,Chocolate Pouches & Bags,Waitrose Chocolate Coated Peanuts 135g,135g,£18.52/kg,2.50,,
Waitrose Kentish Town,Chocolate & Sweets,Chocolate Pouches & Bags,Waitrose Chocolate Coated Raisins 135g,135g,£18.52/kg,2.50,,
Waitrose Kentish Town,Chocolate & Sweets,Offers,Cadbury Dairy Milk Chocolate Bar 180g,180g,£14.78/kg,2.66,3.55,25% off
Waitrose Kentish Town,Chocolate & Sweets,Offers,Cadbury Dairy Milk Fruit & Nut Chocolate Bar 180g,180g,£15.78/kg,2.84,3.55,20% off
Waitrose Kentish Town,Chocolate & Sweets,Offers,Cadbury Dairy Milk Marvellous Creations Chocolate 150g,150g,£16.53/kg,2.48,3.30,25% off
Waitrose Kentish Town,Chocolate & Sweets,Offers,Cadbury Dairy Milk Wholenut Chocolate Bar 180g,180g,£13.78/kg,2.48,3.30,25% off
Waitrose Kentish Town,Chocolate & Sweets,Offers,Ferrero Rocher 24s,24pk,£0.46 each,11.00,13.75,20% off
Waitrose Kentish Town,Chocolate & Sweets,Offers,Haribo Tangfastics 175g,175g,£8.51/kg,1.49,1.65,10% off
Waitrose Kentish Town,Chocolate & Sweets,Offers,KitKat Chunky Chocolate Multipack 4 per pack,4pk,£0.56 each,2.24,2.80,20% off
Waitrose Kentish Town,Chocolate & Sweets,Offers,Tim Tam Original Chocolate Biscuits 163g,163g,£13.50/kg,2.20,2.75,20% off
Waitrose Kentish Town,Chocolate & Sweets,Sweet Treats,Cadbury Crunchie Rocks Chocolate Bag 110g,110g,£21.36/kg,2.35,,
Waitrose Kentish Town,Chocolate & Sweets,Sweet Treats,Cadbury Dairy Milk Caramel Chocolate Nibbles 120g,120g,£17.92/kg,2.15,,
Waitrose Kentish Town,Chocolate & Sweets,Sweet Treats,Cadbury Dairy Milk Chocolate Bar 180g,180g,£14.78/kg,2.66,3.55,25% off
Waitrose Kentish Town,Chocolate & Sweets,Sweet Treats,Cadbury Dairy Milk Chocolate Bars 4 per pack,4pk,£0.78 each,3.10,,
Waitrose Kentish Town,Chocolate & Sweets,Sweet Treats,Cadbury Dairy Milk Chocolate Buttons 100g,100g,£21.50/kg,2.15,,
Waitrose Kentish Town,Chocolate & Sweets,Sweet Treats,Cadbury Dairy Milk Fruit & Nut Chocolate Bar 180g,180g,£15.78/kg,2.84,3.55,20% off
Waitrose Kentish Town,Chocolate & Sweets,Sweet Treats,Cadbury Dairy Milk Marvellous Creations Chocolate 150g,150g,£16.53/kg,2.48,3.30,25% off
Waitrose Kentish Town,Chocolate & Sweets,Sweet Treats,Cadbury Family Treatsize Bag 223g,223g,£25.34/kg,5.65,,
Waitrose Kentish Town,Chocolate & Sweets,Sweet Treats,Cadbury Twirl Chocolate 3 pack,3pk,£1.03 each,3.10,,
Waitrose Kentish Town,Chocolate & Sweets,Sweet Treats,Cadbury Twirl Chocolate Bites 109g,109g,£21.10/kg,2.30,,
Waitrose Kentish Town,Chocolate & Sweets,Sweet Treats,Cadbury Wispa Chocolate Bars 4 per pack,4pk,£0.78 each,3.10,,
Waitrose Kentish Town,Chocolate & Sweets,Sweet Treats,Candy Kittens Sour Watermelon Sweets 140g,140g,£19.64/kg,2.75,,
Waitrose Kentish Town,Chocolate & Sweets,Sweet Treats,Candy Kittens Wild Strawberry Sweets 140g,140g,£19.64/kg,2.75,,
Waitrose Kentish Town,Chocolate & Sweets,Sweet Treats,Haribo Starmix Sweets 175g,175g,£11.43/kg,2.00,,
Waitrose Kentish Town,Chocolate & Sweets,Sweet Treats,Haribo Starmix Sweets 22 Mini Bags,,,3.65,,
Waitrose Kentish Town,Chocolate & Sweets,Sweet Treats,Haribo Tangfastics 175g,175g,£8.51/kg,1.49,1.65,10% off
Waitrose Kentish Town,Chocolate & Sweets,Sweet Treats,Kinder Chocolate Mini Bars (8 Pack),8pk,£0.24 each,1.90,,
Waitrose Kentish Town,Chocolate & Sweets,Sweet Treats,KitKat Chunky Chocolate Multipack 4 per pack,4pk,£0.56 each,2.24,2.80,20% off
Waitrose Kentish Town,Chocolate & Sweets,Sweet Treats,Lindt Excellence Sea Salt Dark Chocolate Bar 100g,100g,£42.00/kg,4.20,,
Waitrose Kentish Town,Chocolate & Sweets,Sweet Treats,Lindt Lindor Pistachio Milk Chocolate Truffles 200g,200g,£41.25/kg,8.25,,
Waitrose Kentish Town,Chocolate & Sweets,Sweet Treats,M&M's Peanut Chocolate More to Share Pouch 220g,220g,£22.50/kg,4.95,,
Waitrose Kentish Town,Chocolate & Sweets,Sweet Treats,Mallow and Marsh Double Chocolate Bar 35g,35g,£45.71/kg,1.60,,
Waitrose Kentish Town,Chocolate & Sweets,Sweet Treats,Mallow and Marsh Raspberry Bar 35g,35g,£45.71/kg,1.60,,
Waitrose Kentish Town,Chocolate & Sweets,Sweet Treats,Maltesers Chocolate Pouch 158g,158g,£31.33/kg,4.95,,
Waitrose Kentish Town,Chocolate & Sweets,Sweet Treats,Mars Fun Size Family Favourites 358g,358g,£18.44/kg,6.60,,
Waitrose Kentish Town,Chocolate & Sweets,Sweet Treats,Milkybar Chocolate Buttons Pouch 94g,94g,£22.87/kg,2.15,,
Waitrose Kentish Town,Chocolate & Sweets,Sweet Treats,Montezuma's Dark Chocolate Buttons 120g,120g,£50.42/kg,6.05,,
Waitrose Kentish Town,Chocolate & Sweets,Sweet Treats,Rowntree's Fruit Pastilles Sweets Sharing Bag 143g,143g,£13.99/kg,2.00,,
Waitrose Kentish Town,Chocolate & Sweets,Sweet Treats,Skittles Fruit Sweets Pouch 152g,152g,£10.20/kg,1.55,,
Waitrose Kentish Town,Chocolate & Sweets,Sweet Treats,Snickers Chocolate Bars Multipack 4 per pack,4pk,£0.71 each,2.85,,
Waitrose Kentish Town,Chocolate & Sweets,Sweet Treats,The Natural Confectionery Co. Jelly Snakes Sweets Bag 130g,130g,£14.23/kg,1.85,,
Waitrose Kentish Town,Chocolate & Sweets,Sweet Treats,Tony's Chocolonely Milk Chocolate 180g,180g,£22.22/kg,4.00,,
Waitrose Kentish Town,Chocolate & Sweets,Sweet Treats,Tony's Chocolonely Milk Chocolate Caramel Sea Salt 180g,180g,£22.22/kg,4.00,,
Waitrose Kentish Town,Chocolate & Sweets,Sweet Treats,Twix Chocolate Bars 4 per pack,4pk,£0.78 each,3.10,,
Waitrose Kentish Town,Chocolate & Sweets,Sweet Treats,Twix Chocolate Biscuit Fingers Multipack 9x20g,180g,£20.00/kg,3.60,,
Waitrose Kentish Town,Chocolate & Sweets,Sweet Treats,Waitrose Belgian Dark Chocolate 72% 180g,180g,£23.33/kg,4.20,,
Waitrose Kentish Town,Chocolate & Sweets,Sweet Treats,Waitrose Chocolate Coated Raisins 135g,135g,£18.52/kg,2.50,,
Waitrose Kentish Town,Chocolate & Sweets,Sweet Treats,Waitrose Fizzy Strawberry Flavour Laces Sweets 65g,65g,£11.54/kg,0.75,,
Waitrose Kentish Town,Chocolate & Sweets,Sweet Treats,Waitrose No.1 Fairtrade Peru Dark Chocolate 100g,100g,£33.00/kg,3.30,,
Waitrose Kentish Town,Chocolate & Sweets,Sweets,Candy Kittens Sour Watermelon Sweets 140g,140g,£19.64/kg,2.75,,
Waitrose Kentish Town,Chocolate & Sweets,Sweets,Candy Kittens Wild Strawberry Sweets 140g,140g,£19.64/kg,2.75,,
Waitrose Kentish Town,Chocolate & Sweets,Sweets,Diddly Squat - Fudge - 150g,150g,£41.00/kg,6.15,,
Waitrose Kentish Town,Chocolate & Sweets,Sweets,Fruit-tella Juicy Chews Bag 135g,135g,£11.11/kg,1.50,,
Waitrose Kentish Town,Chocolate & Sweets,Sweets,Haribo Starmix Sweets 175g,175g,£11.43/kg,2.00,,
Waitrose Kentish Town,Chocolate & Sweets,Sweets,Haribo Starmix Sweets 22 Mini Bags,,,3.65,,
Waitrose Kentish Town,Chocolate & Sweets,Sweets,Haribo Tangfastics 175g,175g,£8.51/kg,1.49,1.65,10% off
Waitrose Kentish Town,Chocolate & Sweets,Sweets,Mallow and Marsh Raspberry Bar 35g,35g,£45.71/kg,1.60,,
Waitrose Kentish Town,Chocolate & Sweets,Sweets,Maynards Wine Gums 130g,130g,£9.62/kg,1.25,,
Waitrose Kentish Town,Chocolate & Sweets,Sweets,Nerds Sweets Fruits 113g,113g,£19.91/kg,2.25,,
Waitrose Kentish Town,Chocolate & Sweets,Sweets,Rocky Mountain - Mega Marshmallows - 340g,340g,£11.32/kg,3.85,,
Waitrose Kentish Town,Chocolate & Sweets,Sweets,Rowntree's Fruit Pastilles Sweets Sharing Bag 143g,143g,£13.99/kg,2.00,,
Waitrose Kentish Town,Chocolate & Sweets,Sweets,Shades By Niko The Originals Sweets 150g,150g,£13.67/kg,2.05,,
Waitrose Kentish Town,Chocolate & Sweets,Sweets,Skittles Fruit Sweets Pouch 152g,152g,£10.20/kg,1.55,,
Waitrose Kentish Town,Chocolate & Sweets,Sweets,The Mallows Caramel-Filled Dulce Chocolate 80g,80g,£94.38/kg,7.55,,
Waitrose Kentish Town,Chocolate & Sweets,Sweets,The Natural Confectionery Co. Jelly Snakes Sweets Bag 130g,130g,£14.23/kg,1.85,,
Waitrose Kentish Town,Chocolate & Sweets,Sweets,Waitrose Fizzy Strawberry Flavour Laces Sweets 65g,65g,£11.54/kg,0.75,,
Waitrose Kentish Town,Chocolate & Sweets,Sweets,Waitrose Fruit Jellies Sweets 200g,200g,£8.00/kg,1.60,,
Waitrose Kentish Town,Chocolate & Sweets,Sweets,Waitrose Fruit Pastilles Sweets 200g,200g,£8.00/kg,1.60,,
Waitrose Kentish Town,Chocolate & Sweets,Sweets,Waitrose Jelly Babies Sweets 200g,200g,£8.00/kg,1.60,,
Waitrose Kentish Town,Cooking Sauces & Ingredients,Chef's Pantry,All Dressed Up Miso Sesame Dressing 250ml,250ml,£22.00/L,5.50,,
Waitrose Kentish Town,Cooking Sauces & Ingredients,Chef's Pantry,Amoy Light Soy Sauce 150ml,150ml,£15.00/L,2.25,,
Waitrose Kentish Town,Cooking Sauces & Ingredients,Chef's Pantry,Kikkoman Less Salt Soy Sauce 150ml,150ml,£22.00/L,3.30,,
Waitrose Kentish Town,Cooking Sauces & Ingredients,Chef's Pantry,Lamiri Harissa 200g,200g,£32.50/kg,6.50,,
Waitrose Kentish Town,Cooking Sauces & Ingredients,Chef's Pantry,Poon's London - Fermented Soy Bean Paste - 160g,160g,£33.75/kg,5.40,,
Waitrose Kentish Town,Cooking Sauces & Ingredients,Chef's Pantry,Poon's London - Soy Bean Doubanjiang - 160g,160g,£40.94/kg,6.55,,
Waitrose Kentish Town,Cooking Sauces & Ingredients,Chef's Pantry,Roni B's Filipino Black Bean Chilli Paste 190ml,190ml,£32.89/L,6.25,,
Waitrose Kentish Town,Cooking Sauces & Ingredients,Chef's Pantry,Waitrose Cooks' Ingredients Tahini 300g,300g,£11.50/kg,3.45,,
Waitrose Kentish Town,Cooking Sauces & Ingredients,Chef's Pantry,Waitrose Dark Soya Sauce 283ml,283ml,£5.30/L,1.50,,
Waitrose Kentish Town,Cooking Sauces & Ingredients,Chef's Pantry,Waitrose Reduced Salt Light Soya Sauce 250ml,250ml,£6.00/L,1.50,,
Waitrose Kentish Town,Cooking Sauces & Ingredients,Cooking Sauces & Ingredients,Aagrah - Butter Chicken Tarka Sauce - 270g,270g,£14.63/kg,3.95,,
Waitrose Kentish Town,Cooking Sauces & Ingredients,Cooking Sauces & Ingredients,All Dressed Up Miso Sesame Dressing 250ml,250ml,£22.00/L,5.50,,
Waitrose Kentish Town,Cooking Sauces & Ingredients,Cooking Sauces & Ingredients,Amoy Light Soy Sauce 150ml,150ml,£15.00/L,2.25,,
Waitrose Kentish Town,Cooking Sauces & Ingredients,Cooking Sauces & Ingredients,Aspall Org Raw Apple Cyder Vinegar 500ml,500ml,£9.50/L,4.75,,
Waitrose Kentish Town,Cooking Sauces & Ingredients,Cooking Sauces & Ingredients,Belazu Chilli Harissa Pesto 165g,165g,£21.82/kg,3.60,,
Waitrose Kentish Town,Cooking Sauces & Ingredients,Cooking Sauces & Ingredients,Belazu Early Harvest Olive Oil 500ml,500ml,£29.70/L,14.85,,
Waitrose Kentish Town,Cooking Sauces & Ingredients,Cooking Sauces & Ingredients,Belazu Rose Harissa Paste 170g,170g,£27.53/kg,4.68,5.50,15% off
Waitrose Kentish Town,Cooking Sauces & Ingredients,Cooking Sauces & Ingredients,Belazu Traditional Genovese Pesto 165g,165g,£20.36/kg,3.36,3.95,15% off
Waitrose Kentish Town,Cooking Sauces & Ingredients,Cooking Sauces & Ingredients,Belazu Truffle & Artichoke Pesto 165g,165g,£23.94/kg,3.95,,
Waitrose Kentish Town,Cooking Sauces & Ingredients,Cooking Sauces & Ingredients,Belazu Verdemanda Extra Virgin Olive Oil 500ml,500ml,£44.00/L,22.00,,
Waitrose Kentish Town,Cooking Sauces & Ingredients,Cooking Sauces & Ingredients,Bisto Best Turkey Gravy Granules 150g,150g,£21.00/kg,3.15,,
Waitrose Kentish Town,Cooking Sauces & Ingredients,Cooking Sauces & Ingredients,Bisto Gravy Granules 190g,190g,£20.26/kg,3.85,,
Waitrose Kentish Town,Cooking Sauces & Ingredients,Cooking Sauces & Ingredients,Bisto Gravy Granules 300g,300g,£18.00/kg,5.40,,
Waitrose Kentish Town,Cooking Sauces & Ingredients,Cooking Sauces & Ingredients,Borough Broth Organic Chicken Bone Broth 150ml,150ml,£36.67/L,5.50,,
Waitrose Kentish Town,Cooking Sauces & Ingredients,Cooking Sauces & Ingredients,Colman's Chilli Con Carne Recipe Mix 50g,50g,£22.00/kg,1.10,,
Waitrose Kentish Town,Cooking Sauces & Ingredients,Cooking Sauces & Ingredients,Cooks' Ingredients Onion Granules 45g,45g,£44.44/kg,2.00,,
Waitrose Kentish Town,Cooking Sauces & Ingredients,Cooking Sauces & Ingredients,Cornish Sea Salt Crystals 225g,225g,£10.89/kg,2.45,,
Waitrose Kentish Town,Cooking Sauces & Ingredients,Cooking Sauces & Ingredients,Diddly Squat - Chilli Pasta Sauce - 250g,250g,£29.40/kg,7.35,,
Waitrose Kentish Town,Cooking Sauces & Ingredients,Cooking Sauces & Ingredients,Dolmio Original Bolognese Sauce 450g,450g,£5.44/kg,2.45,,
Waitrose Kentish Town,Cooking Sauces & Ingredients,Cooking Sauces & Ingredients,Dolmio Tomato Pasta Lasagne Sauce 450g,450g,£5.22/kg,2.35,,
Waitrose Kentish Town,Cooking Sauces & Ingredients,Cooking Sauces & Ingredients,Dunn's River All Purpose Seasoning 100g,100g,£15.00/kg,1.50,,
Waitrose Kentish Town,Cooking Sauces & Ingredients,Cooking Sauces & Ingredients,Dunn's River Jerk Seasoning Paste 300g,300g,£10.67/kg,3.20,,
Waitrose Kentish Town,Cooking Sauces & Ingredients,Cooking Sauces & Ingredients,Dylan's Chilli Infused Oil 230ml,230ml,£25.87/L,5.95,,
Waitrose Kentish Town,Cooking Sauces & Ingredients,Cooking Sauces & Ingredients,Emma Basic Breadcrumbs Panko 200g,200g,£17.50/kg,3.50,,
Waitrose Kentish Town,Cooking Sauces & Ingredients,Cooking Sauces & Ingredients,Emma Basic Furikake seasoning 100g,100g,£49.90/kg,4.99,,
Waitrose Kentish Town,Cooking Sauces & Ingredients,Cooking Sauces & Ingredients,Emma Basic JAPANESE STYLE CURRY 200g,200g,£19.95/kg,3.99,,
Waitrose Kentish Town,Cooking Sauces & Ingredients,Cooking Sauces & Ingredients,Emma Basic Japanese Dashi Sauce Carton 200ml,200ml,£17.50/L,3.50,,
Waitrose Kentish Town,Cooking Sauces & Ingredients,Cooking Sauces & Ingredients,Emma Basic Seaweed Sushi Nori 5 Full Sheets,,,2.70,,
Waitrose Kentish Town,Cooking Sauces & Ingredients,Cooking Sauces & Ingredients,Emma Basic Toasted Pure Sesame Seed Oil 500ml,500ml,£19.98/L,9.99,,
Waitrose Kentish Town,Cooking Sauces & Ingredients,Cooking Sauces & Ingredients,Filippo Berio Extra Virgin Olive Oil 500ml,500ml,£21.00/L,10.50,,
Waitrose Kentish Town,Cooking Sauces & Ingredients,Cooking Sauces & Ingredients,Flavour Hacks Roasted Garlic Paste 130g,130g,£23.85/kg,3.10,3.65,15% off
Waitrose Kentish Town,Cooking Sauces & Ingredients,Cooking Sauces & Ingredients,Freja - Beef Instant Bone Broth (Box of 4 x 15g Sachets) - 60g,60g,£112.50/kg,6.75,,
Waitrose Kentish Town,Cooking Sauces & Ingredients,Cooking Sauces & Ingredients,Freja - Chicken Instant Bone Broth (Box of 4 x 15g Sachets) - 60g,60g,£112.50/kg,6.75,,
Waitrose Kentish Town,Cooking Sauces & Ingredients,Cooking Sauces & Ingredients,Freja - Fish Bone Broth - 500ml,500ml,£14.50/L,7.25,,
Waitrose Kentish Town,Cooking Sauces & Ingredients,Cooking Sauces & Ingredients,Freja - Vegan Broth - 500ml,500ml,£13.70/L,6.85,,
Waitrose Kentish Town,Cooking Sauces & Ingredients,Cooking Sauces & Ingredients,FryLight Olive Oil Spray 190ml,190ml,£18.42/L,3.50,,
Waitrose Kentish Town,Cooking Sauces & Ingredients,Cooking Sauces & Ingredients,Gymkhana Butter Masala Cooking Sauce 300ml,300ml,£22.50/L,6.75,,
Waitrose Kentish Town,Cooking Sauces & Ingredients,Cooking Sauces & Ingredients,Gymkhana Classic Tandoori Marinade 190g,190g,£30.26/kg,5.75,,
Waitrose Kentish Town,Cooking Sauces & Ingredients,Cooking Sauces & Ingredients,Gymkhana Garlic & Chilli Marinade 190g,,,6.30,,
Waitrose Kentish Town,Cooking Sauces & Ingredients,Cooking Sauces & Ingredients,Gymkhana Goan Curry Cooking Sauce 300ml,300ml,£22.50/L,6.75,,
Waitrose Kentish Town,Cooking Sauces & Ingredients,Cooking Sauces & Ingredients,Gymkhana Korma Cooking Sauce 300ml,300ml,£24.67/L,7.40,,
Waitrose Kentish Town,Cooking Sauces & Ingredients,Cooking Sauces & Ingredients,Gymkhana Rogan Josh Cooking Sauce 350g,,,6.75,,
Waitrose Kentish Town,Cooking Sauces & Ingredients,Cooking Sauces & Ingredients,Gymkhana Tikka Masala Cooking Sauce 300ml,300ml,£24.67/L,7.40,,
Waitrose Kentish Town,Cooking Sauces & Ingredients,Cooking Sauces & Ingredients,Gymkhana Vindaloo Cooking Sauce 300ml,300ml,£24.67/L,7.40,,
Waitrose Kentish Town,Cooking Sauces & Ingredients,Cooking Sauces & Ingredients,Heinz Bolognese Pasta Sauce 350g,350g,£5.51/kg,1.93,2.75,30% off
Waitrose Kentish Town,Cooking Sauces & Ingredients,Cooking Sauces & Ingredients,Honest Umami 321 All Purpose MSG flavour boost 120g,120g,£32.92/kg,3.95,,
Waitrose Kentish Town,Cooking Sauces & Ingredients,Cooking Sauces & Ingredients,Honest Umami Chilli MSG flavour boost 100g,100g,£39.50/kg,3.95,,
Waitrose Kentish Town,Cooking Sauces & Ingredients,Cooking Sauces & Ingredients,Honest Umami Pure MSG flavour boost 120g,120g,£32.92/kg,3.95,,
Waitrose Kentish Town,Cooking Sauces & Ingredients,Cooking Sauces & Ingredients,Honest Umami Salt & Pepper MSG flavour boost 100g,100g,£39.50/kg,3.95,,
Waitrose Kentish Town,Cooking Sauces & Ingredients,Cooking Sauces & Ingredients,Itsu Classic Ramen Brilliant Broth 500ml,500ml,£6.00/L,3.00,,
Waitrose Kentish Town,Cooking Sauces & Ingredients,Cooking Sauces & Ingredients,Itsu Sesame Chicken Broth for Noodles 1L,1L,£5.20/L,5.20,,
Waitrose Kentish Town,Cooking Sauces & Ingredients,Cooking Sauces & Ingredients,Kallo GF Organic Beef Stock Cube 8 per pack,8pk,£0.30 each,2.40,,
Waitrose Kentish Town,Cooking Sauces & Ingredients,Cooking Sauces & Ingredients,Kallo GF Organic Chicken Stock Cube 8 per pack,8pk,£0.30 each,2.40,,
Waitrose Kentish Town,Cooking Sauces & Ingredients,Cooking Sauces & Ingredients,Kallo GF Organic Veg Stock Cube 8 per pack,8pk,£0.30 each,2.40,,
Waitrose Kentish Town,Cooking Sauces & Ingredients,Cooking Sauces & Ingredients,Kikkoman Less Salt Soy Sauce 150ml,150ml,£22.00/L,3.30,,
Waitrose Kentish Town,Cooking Sauces & Ingredients,Cooking Sauces & Ingredients,Kikkoman Soy Sauce 150ml,150ml,£22.00/L,3.30,,
Waitrose Kentish Town,Cooking Sauces & Ingredients,Cooking Sauces & Ingredients,Knorr Aromat All Purpose Savoury Seasoning 90g,90g,£22.67/kg,2.04,2.40,15% off
Waitrose Kentish Town,Cooking Sauces & Ingredients,Cooking Sauces & Ingredients,Knorr Gluten Free Chicken Stock Cubes x8,8pk,£0.26 each,2.04,2.40,15% off
Waitrose Kentish Town,Cooking Sauces & Ingredients,Cooking Sauces & Ingredients,Knorr Gluten Free Chicken Stock Pot 4x28g,112g,£18.21/kg,2.04,2.40,15% off
Waitrose Kentish Town,Cooking Sauces & Ingredients,Cooking Sauces & Ingredients,Lamiri Harissa 200g,200g,£32.50/kg,6.50,,
Waitrose Kentish Town,Cooking Sauces & Ingredients,Cooking Sauces & Ingredients,Maldon Sea Salt Flakes 250g,250g,£14.20/kg,3.55,,
Waitrose Kentish Town,Cooking Sauces & Ingredients,Cooking Sauces & Ingredients,Marigold Swiss Vegetable Bouillon Stock Powder 150g,150g,£17.40/kg,2.61,2.90,10% off
Waitrose Kentish Town,Cooking Sauces & Ingredients,Cooking Sauces & Ingredients,Miso Tasty Organic White Miso Paste 200g,200g,£19.15/kg,3.83,4.50,15% off
Waitrose Kentish Town,Cooking Sauces & Ingredients,Cooking Sauces & Ingredients,Mutti Pizza Sauce Classica 400g,400g,£7.25/kg,2.90,,
Waitrose Kentish Town,Cooking Sauces & Ingredients,Cooking Sauces & Ingredients,Mutti Tomato Pasta Sauce with Parmesan 400g,400g,£7.25/kg,2.90,,
Waitrose Kentish Town,Cooking Sauces & Ingredients,Cooking Sauces & Ingredients,Old El Paso Original Smoky BBQ Fajita Kit 500g,500g,£7.06/kg,3.53,4.15,15% off
Waitrose Kentish Town,Cooking Sauces & Ingredients,Cooking Sauces & Ingredients,Old El Paso Paprika & Garlic Seasoning Mix 25g,25g,£58.00/kg,1.45,,
Waitrose Kentish Town,Cooking Sauces & Ingredients,Cooking Sauces & Ingredients,Olivado Organic Extra Virgin Avocado Oil 250ml,250ml,£24.20/L,6.05,,
Waitrose Kentish Town,Cooking Sauces & Ingredients,Cooking Sauces & Ingredients,Ottolenghi Shawarma Marinade 180g,180g,£25.00/kg,4.50,,
Waitrose Kentish Town,Cooking Sauces & Ingredients,Cooking Sauces & Ingredients,Oxo Chicken Stock Cube 12s 71g,71g,£44.37/kg,3.15,,
Waitrose Kentish Town,Cooking Sauces & Ingredients,Cooking Sauces & Ingredients,Oxo Signature Beef Stock 500ml,500ml,£5.70/L,2.85,,
Waitrose Kentish Town,Cooking Sauces & Ingredients,Cooking Sauces & Ingredients,Paxo Breadcrumbs 227g,227g,£9.25/kg,2.10,,
Waitrose Kentish Town,Cooking Sauces & Ingredients,Cooking Sauces & Ingredients,Paxo Stuffing Mix Sage & Onion 170g,170g,£19.71/kg,3.35,,
Waitrose Kentish Town,Cooking Sauces & Ingredients,Cooking Sauces & Ingredients,Payst Pad Thai Stir-Fry Sauce 190ml,190ml,£26.26/L,4.99,,
Waitrose Kentish Town,Cooking Sauces & Ingredients,Cooking Sauces & Ingredients,Poon's London - Fermented Soy Bean Paste - 160g,160g,£33.75/kg,5.40,,
Waitrose Kentish Town,Cooking Sauces & Ingredients,Cooking Sauces & Ingredients,Poon's London - Soy Bean Doubanjiang - 160g,160g,£40.94/kg,6.55,,
Waitrose Kentish Town,Cooking Sauces & Ingredients,Cooking Sauces & Ingredients,Potts - Beef & Red Wine Gravy - 350g,350g,£10.00/kg,3.50,,
Waitrose Kentish Town,Cooking Sauces & Ingredients,Cooking Sauces & Ingredients,Potts - Carbonara Sauce - 350g,350g,£12.86/kg,4.50,,
Waitrose Kentish Town,Cooking Sauces & Ingredients,Cooking Sauces & Ingredients,Roni B's Filipino Black Bean Chilli Paste 190ml,190ml,£32.89/L,6.25,,
Waitrose Kentish Town,Cooking Sauces & Ingredients,Cooking Sauces & Ingredients,S&B Golden Curry Sauce Mix 92g,92g,£23.37/kg,2.15,,
Waitrose Kentish Town,Cooking Sauces & Ingredients,Cooking Sauces & Ingredients,Sacla Classic Basil Pesto 190g,190g,£21.84/kg,4.15,,
Waitrose Kentish Town,Cooking Sauces & Ingredients,Cooking Sauces & Ingredients,Sacla Fiery Chilli Pesto 190g,190g,£21.84/kg,4.15,,
Waitrose Kentish Town,Cooking Sauces & Ingredients,Cooking Sauces & Ingredients,Sacla Sun-Dried Tomato Pesto 190g,190g,£21.84/kg,4.15,,
Waitrose Kentish Town,Cooking Sauces & Ingredients,Cooking Sauces & Ingredients,Sacla Vegan Basil Pesto 190g,190g,£16.84/kg,3.20,4.00,20% off
Waitrose Kentish Town,Cooking Sauces & Ingredients,Cooking Sauces & Ingredients,Sarsons Distilled Malt Vinegar 568ml,568ml,£3.70/L,2.10,,
Waitrose Kentish Town,Cooking Sauces & Ingredients,Cooking Sauces & Ingredients,Sarsons Malt Vinegar 400ml,400ml,£5.50/L,2.20,,
Waitrose Kentish Town,Cooking Sauces & Ingredients,Cooking Sauces & Ingredients,Saucerer Grasso's Creamy Vodka sauce 510ml,510ml,£15.69/L,8.00,,
Waitrose Kentish Town,Cooking Sauces & Ingredients,Cooking Sauces & Ingredients,Saucerer Pizza sauce 190g,190g,£22.37/kg,4.25,,
Waitrose Kentish Town,Cooking Sauces & Ingredients,Cooking Sauces & Ingredients,The Garlic Farm - Garlic Puree - 110g,110g,£33.64/kg,3.70,,
Waitrose Kentish Town,Cooking Sauces & Ingredients,Cooking Sauces & Ingredients,The Groovy Food Company Virgin Organic Coconut Oil 283ml,283ml,£21.91/L,6.20,,
Waitrose Kentish Town,Cooking Sauces & Ingredients,Cooking Sauces & Ingredients,The Spice Tailor  Thai Massaman Curry 275g,275g,£13.45/kg,3.70,4.35,15% off
Waitrose Kentish Town,Cooking Sauces & Ingredients,Cooking Sauces & Ingredients,The Spice Tailor Coconut Curry Kit 225g,225g,£20.00/kg,4.50,,
Waitrose Kentish Town,Cooking Sauces & Ingredients,Cooking Sauces & Ingredients,The Spice Tailor Indonesian Rendang Curry Kit 275g,275g,£13.45/kg,3.70,4.35,15% off
Waitrose Kentish Town,Cooking Sauces & Ingredients,Cooking Sauces & Ingredients,The Spice Tailor Thai Green Curry Kit 275g,275g,£13.45/kg,3.70,4.35,15% off
Waitrose Kentish Town,Cooking Sauces & Ingredients,Cooking Sauces & Ingredients,The Spice Tailor Thai Red Curry Kit 275g,275g,£13.45/kg,3.70,4.35,15% off
Waitrose Kentish Town,Cooking Sauces & Ingredients,Cooking Sauces & Ingredients,The Spice Tailor Tikka Masala Kit 300g,300g,£15.83/kg,4.75,,
Waitrose Kentish Town,Cooking Sauces & Ingredients,Cooking Sauces & Ingredients,TruffleHunter  - Minced Black Truffle - 50g,50g,£416.00/kg,20.80,,
Waitrose Kentish Town,Cooking Sauces & Ingredients,Cooking Sauces & Ingredients,Two Rivers Lion's Mane Mushroom Broth 510ml,510ml,£17.45/L,8.90,,
Waitrose Kentish Town,Cooking Sauces & Ingredients,Cooking Sauces & Ingredients,Wagamama Katsu Curry Sauce 340g,340g,£8.82/kg,3.00,,
Waitrose Kentish Town,Cooking Sauces & Ingredients,Cooking Sauces & Ingredients,Waitrose Arrabbiata Pasta Sauce 350g,350g,£11.14/kg,3.90,,
Waitrose Kentish Town,Cooking Sauces & Ingredients,Cooking Sauces & Ingredients,Waitrose Arrabbiata Sauce 350g,350g,£7.57/kg,2.65,,
Waitrose Kentish Town,Cooking Sauces & Ingredients,Cooking Sauces & Ingredients,Waitrose Balsamic Vinegar of Modena 250ml,250ml,£21.80/L,5.45,,
Waitrose Kentish Town,Cooking Sauces & Ingredients,Cooking Sauces & Ingredients,Waitrose Cherry Tomato & Basil Sauce (350g),350g,£7.71/kg,2.70,,
Waitrose Kentish Town,Cooking Sauces & Ingredients,Cooking Sauces & Ingredients,Waitrose Cherry Tomato & Basil Sauce 350g,350g,£7.71/kg,2.70,,
Waitrose Kentish Town,Cooking Sauces & Ingredients,Cooking Sauces & Ingredients,Waitrose Chip Shop Curry Sauce 180g,180g,£15.83/kg,2.85,,
Waitrose Kentish Town,Cooking Sauces & Ingredients,Cooking Sauces & Ingredients,Waitrose Chow Mein Stir Fry Sauce 120g,120g,£7.92/kg,0.95,,
Waitrose Kentish Town,Cooking Sauces & Ingredients,Cooking Sauces & Ingredients,Waitrose Cook's Ingredients Basil Dried Herb 16g,16g,£112.50/kg,1.80,,
Waitrose Kentish Town,Cooking Sauces & Ingredients,Cooking Sauces & Ingredients,Waitrose Cook's Ingredients Oregano Dried Herb 12g,12g,£150.00/kg,1.80,,
Waitrose Kentish Town,Cooking Sauces & Ingredients,Cooking Sauces & Ingredients,Waitrose Cooks Ingredients Deep South Cajun Rub 40g,40g,£45.00/kg,1.80,,
Waitrose Kentish Town,Cooking Sauces & Ingredients,Cooking Sauces & Ingredients,Waitrose Cooks Ingredients Mexican Style Seasoning 50g,50g,£60.00/kg,3.00,,
Waitrose Kentish Town,Cooking Sauces & Ingredients,Cooking Sauces & Ingredients,Waitrose Cooks Ingredients Roast Potato Seasoning 65g,65g,£30.77/kg,2.00,,
Waitrose Kentish Town,Cooking Sauces & Ingredients,Cooking Sauces & Ingredients,Waitrose Cooks' Black Peppercorns 100g,100g,£36.00/kg,3.60,,
Waitrose Kentish Town,Cooking Sauces & Ingredients,Cooking Sauces & Ingredients,Waitrose Cooks' Coarse Black Pepper 38g,38g,£52.63/kg,2.00,,
Waitrose Kentish Town,Cooking Sauces & Ingredients,Cooking Sauces & Ingredients,Waitrose Cooks' Gochujang Chilli Paste 105g,105g,£20.95/kg,2.20,,
Waitrose Kentish Town,Cooking Sauces & Ingredients,Cooking Sauces & Ingredients,Waitrose Cooks' Ingredients Bay Leaves 3g,3g,£600.00/kg,1.80,,
Waitrose Kentish Town,Cooking Sauces & Ingredients,Cooking Sauces & Ingredients,Waitrose Cooks' Ingredients Black Peppercorn Mill 42g,42g,£42.86/kg,1.80,,
Waitrose Kentish Town,Cooking Sauces & Ingredients,Cooking Sauces & Ingredients,Waitrose Cooks' Ingredients Blush Himalayan Salt 95g,95g,£37.89/kg,3.60,,
Waitrose Kentish Town,Cooking Sauces & Ingredients,Cooking Sauces & Ingredients,Waitrose Cooks' Ingredients Cayenne Pepper 40g,40g,£45.00/kg,1.80,,
Waitrose Kentish Town,Cooking Sauces & Ingredients,Cooking Sauces & Ingredients,Waitrose Cooks' Ingredients Chilli Flakes 27g,27g,£66.67/kg,1.80,,
Waitrose Kentish Town,Cooking Sauces & Ingredients,Cooking Sauces & Ingredients,Waitrose Cooks' Ingredients Cinnamon Sticks 18g,18g,£100.00/kg,1.80,,
Waitrose Kentish Town,Cooking Sauces & Ingredients,Cooking Sauces & Ingredients,Waitrose Cooks' Ingredients Coriander 42g,42g,£42.86/kg,1.80,,
Waitrose Kentish Town,Cooking Sauces & Ingredients,Cooking Sauces & Ingredients,Waitrose Cooks' Ingredients Cumin Seeds 40g,40g,£50.00/kg,2.00,,
Waitrose Kentish Town,Cooking Sauces & Ingredients,Cooking Sauces & Ingredients,Waitrose Cooks' Ingredients Dried Dill Herbs 15g,15g,£143.33/kg,2.15,,
Waitrose Kentish Town,Cooking Sauces & Ingredients,Cooking Sauces & Ingredients,Waitrose Cooks' Ingredients Garlic Granules 52g,52g,£34.62/kg,1.80,,
Waitrose Kentish Town,Cooking Sauces & Ingredients,Cooking Sauces & Ingredients,Waitrose Cooks' Ingredients Ground Cinnamon 32g,32g,£56.25/kg,1.80,,
Waitrose Kentish Town,Cooking Sauces & Ingredients,Cooking Sauces & Ingredients,Waitrose Cooks' Ingredients Ground Cumin 40g,40g,£45.00/kg,1.80,,
Waitrose Kentish Town,Cooking Sauces & Ingredients,Cooking Sauces & Ingredients,Waitrose Cooks' Ingredients Ground Ginger 32g,32g,£56.25/kg,1.80,,
Waitrose Kentish Town,Cooking Sauces & Ingredients,Cooking Sauces & Ingredients,Waitrose Cooks' Ingredients Mixed Herbs 11.5g,12g,£150.00/kg,1.80,,
Waitrose Kentish Town,Cooking Sauces & Ingredients,Cooking Sauces & Ingredients,Waitrose Cooks' Ingredients Paprika 45g,45g,£40.00/kg,1.80,,
Waitrose Kentish Town,Cooking Sauces & Ingredients,Cooking Sauces & Ingredients,Waitrose Cooks' Ingredients Rosemary 22g,22g,£81.82/kg,1.80,,
Waitrose Kentish Town,Cooking Sauces & Ingredients,Cooking Sauces & Ingredients,Waitrose Cooks' Ingredients Saffron 0.4g,1g,"£4,600.00/kg",4.60,,
Waitrose Kentish Town,Cooking Sauces & Ingredients,Cooking Sauces & Ingredients,Waitrose Cooks' Ingredients Sweet Smoked Paprika 40g,40g,£45.00/kg,1.80,,
Waitrose Kentish Town,Cooking Sauces & Ingredients,Cooking Sauces & Ingredients,Waitrose Cooks' Ingredients Tahini 300g,300g,£11.50/kg,3.45,,
Waitrose Kentish Town,Cooking Sauces & Ingredients,Cooking Sauces & Ingredients,Waitrose Cooks' Ingredients Thyme 18g,18g,£100.00/kg,1.80,,
Waitrose Kentish Town,Cooking Sauces & Ingredients,Cooking Sauces & Ingredients,Waitrose Cooks' Ingredients Turmeric 42g,42g,£42.86/kg,1.80,,
Waitrose Kentish Town,Cooking Sauces & Ingredients,Cooking Sauces & Ingredients,Waitrose Cooks' Lime Juice 200ml,200ml,£6.00/L,1.20,,
Waitrose Kentish Town,Cooking Sauces & Ingredients,Cooking Sauces & Ingredients,Waitrose Cooks' Panko Breadcrumbs 150g,150g,£18.33/kg,2.75,,
Waitrose Kentish Town,Cooking Sauces & Ingredients,Cooking Sauces & Ingredients,Waitrose Cooks' Salad Croutons 100g,100g,£16.00/kg,1.60,,
Waitrose Kentish Town,Cooking Sauces & Ingredients,Cooking Sauces & Ingredients,Waitrose Crispy Fried Onions 100g,100g,£20.50/kg,2.05,,
Waitrose Kentish Town,Cooking Sauces & Ingredients,Cooking Sauces & Ingredients,Waitrose Dark Soya Sauce 283ml,283ml,£5.30/L,1.50,,
Waitrose Kentish Town,Cooking Sauces & Ingredients,Cooking Sauces & Ingredients,Waitrose Essential Cider Vinegar 500ml,500ml,£5.00/L,2.50,,
Waitrose Kentish Town,Cooking Sauces & Ingredients,Cooking Sauces & Ingredients,Waitrose Essential Light in Colour Olive Oil 1 litre,,,7.70,,
Waitrose Kentish Town,Cooking Sauces & Ingredients,Cooking Sauces & Ingredients,Waitrose Essential Olive Oil 1litre,,,7.90,,
Waitrose Kentish Town,Cooking Sauces & Ingredients,Cooking Sauces & Ingredients,Waitrose Essential Olive Oil 500ml,500ml,£11.00/L,5.50,,
Waitrose Kentish Town,Cooking Sauces & Ingredients,Cooking Sauces & Ingredients,Waitrose Essential Red Wine Vinegar 500ml,500ml,£5.20/L,2.60,,
Waitrose Kentish Town,Cooking Sauces & Ingredients,Cooking Sauces & Ingredients,Waitrose Essential Sunflower & Extra Virgin Olive Oil 500ml,500ml,£4.90/L,2.45,,
Waitrose Kentish Town,Cooking Sauces & Ingredients,Cooking Sauces & Ingredients,Waitrose Essential Sunflower Oil 1l,1L,£2.90/L,2.90,,
Waitrose Kentish Town,Cooking Sauces & Ingredients,Cooking Sauces & Ingredients,Waitrose Essential Tomato & Basil Pasta Sauce 340g,340g,£3.53/kg,1.20,,
Waitrose Kentish Town,Cooking Sauces & Ingredients,Cooking Sauces & Ingredients,Waitrose Essential Vegetable Oil 1 litre,,,2.20,,
Waitrose Kentish Town,Cooking Sauces & Ingredients,Cooking Sauces & Ingredients,Waitrose Essential White Wine Vinegar 500ml,500ml,£4.90/L,2.45,,
Waitrose Kentish Town,Cooking Sauces & Ingredients,Cooking Sauces & Ingredients,Waitrose Extra Virgin Olive Oil 1L,1L,£8.65/L,8.65,,
Waitrose Kentish Town,Cooking Sauces & Ingredients,Cooking Sauces & Ingredients,Waitrose Fine Crystal Sea Salt 350g,350g,£6.00/kg,2.10,,
Waitrose Kentish Town,Cooking Sauces & Ingredients,Cooking Sauces & Ingredients,Waitrose Garlic Infused Olive Oil 250ml,250ml,£18.00/L,4.50,,
Waitrose Kentish Town,Cooking Sauces & Ingredients,Cooking Sauces & Ingredients,Waitrose Glaze Balsamic Vinegar 215ml,215ml,£13.02/L,2.80,,
Waitrose Kentish Town,Cooking Sauces & Ingredients,Cooking Sauces & Ingredients,Waitrose Green Basil Pesto Sauce 190g,190g,£12.63/kg,2.40,,
Waitrose Kentish Town,Cooking Sauces & Ingredients,Cooking Sauces & Ingredients,Waitrose Hoisin Sauce 240g,240g,£11.88/kg,2.85,,
Waitrose Kentish Town,Cooking Sauces & Ingredients,Cooking Sauces & Ingredients,Waitrose House BBQ Marinade 275g,275g,£8.00/kg,2.20,,
Waitrose Kentish Town,Cooking Sauces & Ingredients,Cooking Sauces & Ingredients,Waitrose Lemon Juice 250ml,250ml,£7.00/L,1.75,,
Waitrose Kentish Town,Cooking Sauces & Ingredients,Cooking Sauces & Ingredients,Waitrose Nam Pla Fish Sauce 150ml,150ml,£14.67/L,2.20,,
Waitrose Kentish Town,Cooking Sauces & Ingredients,Cooking Sauces & Ingredients,Waitrose No.1 'Nduja & Calabrian Chilli Sauce for Pasta 290g,290g,£14.48/kg,4.20,,
Waitrose Kentish Town,Cooking Sauces & Ingredients,Cooking Sauces & Ingredients,Waitrose No.1 Pesto alla Genovese 145g,,,3.85,,
Waitrose Kentish Town,Cooking Sauces & Ingredients,Cooking Sauces & Ingredients,Waitrose No.1 Tomato & Vodka Pasta Sauce 300g,300g,£13.67/kg,4.10,,
Waitrose Kentish Town,Cooking Sauces & Ingredients,Cooking Sauces & Ingredients,Waitrose Reduced Salt Light Soya Sauce 250ml,250ml,£6.00/L,1.50,,
Waitrose Kentish Town,Cooking Sauces & Ingredients,Cooking Sauces & Ingredients,Waitrose Sweet & Sour Stir Fry Sauce 120g,120g,£7.50/kg,0.90,,
Waitrose Kentish Town,Cooking Sauces & Ingredients,Cooking Sauces & Ingredients,Waitrose Teriyaki Sauce 150ml,150ml,£15.33/L,2.30,,
Waitrose Kentish Town,Cooking Sauces & Ingredients,Cooking Sauces & Ingredients,Waitrose Toasted Sesame Oil 250ml,250ml,£13.60/L,3.40,,
Waitrose Kentish Town,Cooking Sauces & Ingredients,Cooking Sauces & Ingredients,Waitrose Tomato & Mascarpone Sauce 350g,350g,£7.14/kg,2.50,,
Waitrose Kentish Town,Cooking Sauces & Ingredients,Cooking Sauces & Ingredients,Willys Organic Live Apple Cider Vinegar 500ml,500ml,£17.30/L,8.65,,
Waitrose Kentish Town,Cooking Sauces & Ingredients,Discover our Waitrose No.1 Range,Waitrose No.1 Pesto alla Genovese 145g,,,3.85,,
Waitrose Kentish Town,Cooking Sauces & Ingredients,Gravy & Stocks,Bisto Best Turkey Gravy Granules 150g,150g,£21.00/kg,3.15,,
Waitrose Kentish Town,Cooking Sauces & Ingredients,Gravy & Stocks,Bisto Gravy Granules 190g,190g,£20.26/kg,3.85,,
Waitrose Kentish Town,Cooking Sauces & Ingredients,Gravy & Stocks,Bisto Gravy Granules 300g,300g,£18.00/kg,5.40,,
Waitrose Kentish Town,Cooking Sauces & Ingredients,Gravy & Stocks,Borough Broth Organic Chicken Bone Broth 150ml,150ml,£36.67/L,5.50,,
Waitrose Kentish Town,Cooking Sauces & Ingredients,Gravy & Stocks,Freja - Beef Instant Bone Broth (Box of 4 x 15g Sachets) - 60g,60g,£112.50/kg,6.75,,
Waitrose Kentish Town,Cooking Sauces & Ingredients,Gravy & Stocks,Freja - Chicken Instant Bone Broth (Box of 4 x 15g Sachets) - 60g,60g,£112.50/kg,6.75,,
Waitrose Kentish Town,Cooking Sauces & Ingredients,Gravy & Stocks,Freja - Fish Bone Broth - 500ml,500ml,£14.50/L,7.25,,
Waitrose Kentish Town,Cooking Sauces & Ingredients,Gravy & Stocks,Freja - Vegan Broth - 500ml,500ml,£13.70/L,6.85,,
Waitrose Kentish Town,Cooking Sauces & Ingredients,Gravy & Stocks,Itsu Classic Ramen Brilliant Broth 500ml,500ml,£6.00/L,3.00,,
Waitrose Kentish Town,Cooking Sauces & Ingredients,Gravy & Stocks,Itsu Sesame Chicken Broth for Noodles 1L,1L,£5.20/L,5.20,,
Waitrose Kentish Town,Cooking Sauces & Ingredients,Gravy & Stocks,Kallo GF Organic Beef Stock Cube 8 per pack,8pk,£0.30 each,2.40,,
Waitrose Kentish Town,Cooking Sauces & Ingredients,Gravy & Stocks,Kallo GF Organic Chicken Stock Cube 8 per pack,8pk,£0.30 each,2.40,,
Waitrose Kentish Town,Cooking Sauces & Ingredients,Gravy & Stocks,Kallo GF Organic Veg Stock Cube 8 per pack,8pk,£0.30 each,2.40,,
Waitrose Kentish Town,Cooking Sauces & Ingredients,Gravy & Stocks,Knorr Gluten Free Chicken Stock Cubes x8,8pk,£0.26 each,2.04,2.40,15% off
Waitrose Kentish Town,Cooking Sauces & Ingredients,Gravy & Stocks,Knorr Gluten Free Chicken Stock Pot 4x28g,112g,£18.21/kg,2.04,2.40,15% off
Waitrose Kentish Town,Cooking Sauces & Ingredients,Gravy & Stocks,Marigold Swiss Vegetable Bouillon Stock Powder 150g,150g,£17.40/kg,2.61,2.90,10% off
Waitrose Kentish Town,Cooking Sauces & Ingredients,Gravy & Stocks,Oxo Chicken Stock Cube 12s 71g,71g,£44.37/kg,3.15,,
Waitrose Kentish Town,Cooking Sauces & Ingredients,Gravy & Stocks,Oxo Signature Beef Stock 500ml,500ml,£5.70/L,2.85,,
Waitrose Kentish Town,Cooking Sauces & Ingredients,Gravy & Stocks,Potts - Beef & Red Wine Gravy - 350g,350g,£10.00/kg,3.50,,
Waitrose Kentish Town,Cooking Sauces & Ingredients,Gravy & Stocks,Two Rivers Lion's Mane Mushroom Broth 510ml,510ml,£17.45/L,8.90,,
Waitrose Kentish Town,Cooking Sauces & Ingredients,Herbs & Spices,Belazu Rose Harissa Paste 170g,170g,£27.53/kg,4.68,5.50,15% off
Waitrose Kentish Town,Cooking Sauces & Ingredients,Herbs & Spices,Cooks' Ingredients Onion Granules 45g,45g,£44.44/kg,2.00,,
Waitrose Kentish Town,Cooking Sauces & Ingredients,Herbs & Spices,Cornish Sea Salt Crystals 225g,225g,£10.89/kg,2.45,,
Waitrose Kentish Town,Cooking Sauces & Ingredients,Herbs & Spices,Dunn's River All Purpose Seasoning 100g,100g,£15.00/kg,1.50,,
Waitrose Kentish Town,Cooking Sauces & Ingredients,Herbs & Spices,Dunn's River Jerk Seasoning Paste 300g,300g,£10.67/kg,3.20,,
Waitrose Kentish Town,Cooking Sauces & Ingredients,Herbs & Spices,Emma Basic Furikake seasoning 100g,100g,£49.90/kg,4.99,,
Waitrose Kentish Town,Cooking Sauces & Ingredients,Herbs & Spices,Flavour Hacks Roasted Garlic Paste 130g,130g,£23.85/kg,3.10,3.65,15% off
Waitrose Kentish Town,Cooking Sauces & Ingredients,Herbs & Spices,Honest Umami Chilli MSG flavour boost 100g,100g,£39.50/kg,3.95,,
Waitrose Kentish Town,Cooking Sauces & Ingredients,Herbs & Spices,Honest Umami Pure MSG flavour boost 120g,120g,£32.92/kg,3.95,,
Waitrose Kentish Town,Cooking Sauces & Ingredients,Herbs & Spices,Honest Umami Salt & Pepper MSG flavour boost 100g,100g,£39.50/kg,3.95,,
Waitrose Kentish Town,Cooking Sauces & Ingredients,Herbs & Spices,Knorr Aromat All Purpose Savoury Seasoning 90g,90g,£22.67/kg,2.04,2.40,15% off
Waitrose Kentish Town,Cooking Sauces & Ingredients,Herbs & Spices,Lamiri Harissa 200g,200g,£32.50/kg,6.50,,
Waitrose Kentish Town,Cooking Sauces & Ingredients,Herbs & Spices,Maldon Sea Salt Flakes 250g,250g,£14.20/kg,3.55,,
Waitrose Kentish Town,Cooking Sauces & Ingredients,Herbs & Spices,Old El Paso Paprika & Garlic Seasoning Mix 25g,25g,£58.00/kg,1.45,,
Waitrose Kentish Town,Cooking Sauces & Ingredients,Herbs & Spices,Roni B's Filipino Black Bean Chilli Paste 190ml,190ml,£32.89/L,6.25,,
Waitrose Kentish Town,Cooking Sauces & Ingredients,Herbs & Spices,The Garlic Farm - Garlic Puree - 110g,110g,£33.64/kg,3.70,,
Waitrose Kentish Town,Cooking Sauces & Ingredients,Herbs & Spices,Waitrose Cook's Ingredients Basil Dried Herb 16g,16g,£112.50/kg,1.80,,
Waitrose Kentish Town,Cooking Sauces & Ingredients,Herbs & Spices,Waitrose Cook's Ingredients Oregano Dried Herb 12g,12g,£150.00/kg,1.80,,
Waitrose Kentish Town,Cooking Sauces & Ingredients,Herbs & Spices,Waitrose Cooks Ingredients Deep South Cajun Rub 40g,40g,£45.00/kg,1.80,,
Waitrose Kentish Town,Cooking Sauces & Ingredients,Herbs & Spices,Waitrose Cooks Ingredients Mexican Style Seasoning 50g,50g,£60.00/kg,3.00,,
Waitrose Kentish Town,Cooking Sauces & Ingredients,Herbs & Spices,Waitrose Cooks Ingredients Roast Potato Seasoning 65g,65g,£30.77/kg,2.00,,
Waitrose Kentish Town,Cooking Sauces & Ingredients,Herbs & Spices,Waitrose Cooks' Black Peppercorns 100g,100g,£36.00/kg,3.60,,
Waitrose Kentish Town,Cooking Sauces & Ingredients,Herbs & Spices,Waitrose Cooks' Coarse Black Pepper 38g,38g,£52.63/kg,2.00,,
Waitrose Kentish Town,Cooking Sauces & Ingredients,Herbs & Spices,Waitrose Cooks' Ingredients Bay Leaves 3g,3g,£600.00/kg,1.80,,
Waitrose Kentish Town,Cooking Sauces & Ingredients,Herbs & Spices,Waitrose Cooks' Ingredients Black Peppercorn Mill 42g,42g,£42.86/kg,1.80,,
Waitrose Kentish Town,Cooking Sauces & Ingredients,Herbs & Spices,Waitrose Cooks' Ingredients Blush Himalayan Salt 95g,95g,£37.89/kg,3.60,,
Waitrose Kentish Town,Cooking Sauces & Ingredients,Herbs & Spices,Waitrose Cooks' Ingredients Cayenne Pepper 40g,40g,£45.00/kg,1.80,,
Waitrose Kentish Town,Cooking Sauces & Ingredients,Herbs & Spices,Waitrose Cooks' Ingredients Chilli Flakes 27g,27g,£66.67/kg,1.80,,
Waitrose Kentish Town,Cooking Sauces & Ingredients,Herbs & Spices,Waitrose Cooks' Ingredients Cinnamon Sticks 18g,18g,£100.00/kg,1.80,,
Waitrose Kentish Town,Cooking Sauces & Ingredients,Herbs & Spices,Waitrose Cooks' Ingredients Coriander 42g,42g,£42.86/kg,1.80,,
Waitrose Kentish Town,Cooking Sauces & Ingredients,Herbs & Spices,Waitrose Cooks' Ingredients Cumin Seeds 40g,40g,£50.00/kg,2.00,,
Waitrose Kentish Town,Cooking Sauces & Ingredients,Herbs & Spices,Waitrose Cooks' Ingredients Dried Dill Herbs 15g,15g,£143.33/kg,2.15,,
Waitrose Kentish Town,Cooking Sauces & Ingredients,Herbs & Spices,Waitrose Cooks' Ingredients Garlic Granules 52g,52g,£34.62/kg,1.80,,
Waitrose Kentish Town,Cooking Sauces & Ingredients,Herbs & Spices,Waitrose Cooks' Ingredients Ground Cinnamon 32g,32g,£56.25/kg,1.80,,
Waitrose Kentish Town,Cooking Sauces & Ingredients,Herbs & Spices,Waitrose Cooks' Ingredients Ground Cumin 40g,40g,£45.00/kg,1.80,,
Waitrose Kentish Town,Cooking Sauces & Ingredients,Herbs & Spices,Waitrose Cooks' Ingredients Ground Ginger 32g,32g,£56.25/kg,1.80,,
Waitrose Kentish Town,Cooking Sauces & Ingredients,Herbs & Spices,Waitrose Cooks' Ingredients Mixed Herbs 11.5g,12g,£150.00/kg,1.80,,
Waitrose Kentish Town,Cooking Sauces & Ingredients,Herbs & Spices,Waitrose Cooks' Ingredients Paprika 45g,45g,£40.00/kg,1.80,,
Waitrose Kentish Town,Cooking Sauces & Ingredients,Herbs & Spices,Waitrose Cooks' Ingredients Rosemary 22g,22g,£81.82/kg,1.80,,
Waitrose Kentish Town,Cooking Sauces & Ingredients,Herbs & Spices,Waitrose Cooks' Ingredients Saffron 0.4g,1g,"£4,600.00/kg",4.60,,
Waitrose Kentish Town,Cooking Sauces & Ingredients,Herbs & Spices,Waitrose Cooks' Ingredients Sweet Smoked Paprika 40g,40g,£45.00/kg,1.80,,
Waitrose Kentish Town,Cooking Sauces & Ingredients,Herbs & Spices,Waitrose Cooks' Ingredients Thyme 18g,18g,£100.00/kg,1.80,,
Waitrose Kentish Town,Cooking Sauces & Ingredients,Herbs & Spices,Waitrose Cooks' Ingredients Turmeric 42g,42g,£42.86/kg,1.80,,
Waitrose Kentish Town,Cooking Sauces & Ingredients,Herbs & Spices,Waitrose Fine Crystal Sea Salt 350g,350g,£6.00/kg,2.10,,
Waitrose Kentish Town,Cooking Sauces & Ingredients,"Meat, Fish & Poultry",Borough Broth Organic Chicken Bone Broth 150ml,150ml,£36.67/L,5.50,,
Waitrose Kentish Town,Cooking Sauces & Ingredients,"Meat, Fish & Poultry",Freja - Fish Bone Broth - 500ml,500ml,£14.50/L,7.25,,
Waitrose Kentish Town,Cooking Sauces & Ingredients,Offers,Belazu Rose Harissa Paste 170g,170g,£27.53/kg,4.68,5.50,15% off
Waitrose Kentish Town,Cooking Sauces & Ingredients,Offers,Belazu Traditional Genovese Pesto 165g,165g,£20.36/kg,3.36,3.95,15% off
Waitrose Kentish Town,Cooking Sauces & Ingredients,Offers,Flavour Hacks Roasted Garlic Paste 130g,130g,£23.85/kg,3.10,3.65,15% off
Waitrose Kentish Town,Cooking Sauces & Ingredients,Offers,Heinz Bolognese Pasta Sauce 350g,350g,£5.51/kg,1.93,2.75,30% off
Waitrose Kentish Town,Cooking Sauces & Ingredients,Offers,Knorr Aromat All Purpose Savoury Seasoning 90g,90g,£22.67/kg,2.04,2.40,15% off
Waitrose Kentish Town,Cooking Sauces & Ingredients,Offers,Knorr Gluten Free Chicken Stock Cubes x8,8pk,£0.26 each,2.04,2.40,15% off
Waitrose Kentish Town,Cooking Sauces & Ingredients,Offers,Knorr Gluten Free Chicken Stock Pot 4x28g,112g,£18.21/kg,2.04,2.40,15% off
Waitrose Kentish Town,Cooking Sauces & Ingredients,Offers,Marigold Swiss Vegetable Bouillon Stock Powder 150g,150g,£17.40/kg,2.61,2.90,10% off
Waitrose Kentish Town,Cooking Sauces & Ingredients,Offers,Miso Tasty Organic White Miso Paste 200g,200g,£19.15/kg,3.83,4.50,15% off
Waitrose Kentish Town,Cooking Sauces & Ingredients,Offers,Old El Paso Original Smoky BBQ Fajita Kit 500g,500g,£7.06/kg,3.53,4.15,15% off
Waitrose Kentish Town,Cooking Sauces & Ingredients,Offers,Sacla Vegan Basil Pesto 190g,190g,£16.84/kg,3.20,4.00,20% off
Waitrose Kentish Town,Cooking Sauces & Ingredients,Offers,The Spice Tailor  Thai Massaman Curry 275g,275g,£13.45/kg,3.70,4.35,15% off
Waitrose Kentish Town,Cooking Sauces & Ingredients,Offers,The Spice Tailor Indonesian Rendang Curry Kit 275g,275g,£13.45/kg,3.70,4.35,15% off
Waitrose Kentish Town,Cooking Sauces & Ingredients,Offers,The Spice Tailor Thai Green Curry Kit 275g,275g,£13.45/kg,3.70,4.35,15% off
Waitrose Kentish Town,Cooking Sauces & Ingredients,Offers,The Spice Tailor Thai Red Curry Kit 275g,275g,£13.45/kg,3.70,4.35,15% off
Waitrose Kentish Town,Cooking Sauces & Ingredients,Oil & Vinegar,Aspall Org Raw Apple Cyder Vinegar 500ml,500ml,£9.50/L,4.75,,
Waitrose Kentish Town,Cooking Sauces & Ingredients,Oil & Vinegar,Belazu Early Harvest Olive Oil 500ml,500ml,£29.70/L,14.85,,
Waitrose Kentish Town,Cooking Sauces & Ingredients,Oil & Vinegar,Belazu Verdemanda Extra Virgin Olive Oil 500ml,500ml,£44.00/L,22.00,,
Waitrose Kentish Town,Cooking Sauces & Ingredients,Oil & Vinegar,Dylan's Chilli Infused Oil 230ml,230ml,£25.87/L,5.95,,
Waitrose Kentish Town,Cooking Sauces & Ingredients,Oil & Vinegar,Emma Basic Toasted Pure Sesame Seed Oil 500ml,500ml,£19.98/L,9.99,,
Waitrose Kentish Town,Cooking Sauces & Ingredients,Oil & Vinegar,Filippo Berio Extra Virgin Olive Oil 500ml,500ml,£21.00/L,10.50,,
Waitrose Kentish Town,Cooking Sauces & Ingredients,Oil & Vinegar,FryLight Olive Oil Spray 190ml,190ml,£18.42/L,3.50,,
Waitrose Kentish Town,Cooking Sauces & Ingredients,Oil & Vinegar,Olivado Organic Extra Virgin Avocado Oil 250ml,250ml,£24.20/L,6.05,,
Waitrose Kentish Town,Cooking Sauces & Ingredients,Oil & Vinegar,Sarsons Distilled Malt Vinegar 568ml,568ml,£3.70/L,2.10,,
Waitrose Kentish Town,Cooking Sauces & Ingredients,Oil & Vinegar,Sarsons Malt Vinegar 400ml,400ml,£5.50/L,2.20,,
Waitrose Kentish Town,Cooking Sauces & Ingredients,Oil & Vinegar,The Groovy Food Company Virgin Organic Coconut Oil 283ml,283ml,£21.91/L,6.20,,
Waitrose Kentish Town,Cooking Sauces & Ingredients,Oil & Vinegar,Waitrose Balsamic Vinegar of Modena 250ml,250ml,£21.80/L,5.45,,
Waitrose Kentish Town,Cooking Sauces & Ingredients,Oil & Vinegar,Waitrose Essential Cider Vinegar 500ml,500ml,£5.00/L,2.50,,
Waitrose Kentish Town,Cooking Sauces & Ingredients,Oil & Vinegar,Waitrose Essential Light in Colour Olive Oil 1 litre,,,7.70,,
Waitrose Kentish Town,Cooking Sauces & Ingredients,Oil & Vinegar,Waitrose Essential Olive Oil 1litre,,,7.90,,
Waitrose Kentish Town,Cooking Sauces & Ingredients,Oil & Vinegar,Waitrose Essential Olive Oil 500ml,500ml,£11.00/L,5.50,,
Waitrose Kentish Town,Cooking Sauces & Ingredients,Oil & Vinegar,Waitrose Essential Red Wine Vinegar 500ml,500ml,£5.20/L,2.60,,
Waitrose Kentish Town,Cooking Sauces & Ingredients,Oil & Vinegar,Waitrose Essential Sunflower & Extra Virgin Olive Oil 500ml,500ml,£4.90/L,2.45,,
Waitrose Kentish Town,Cooking Sauces & Ingredients,Oil & Vinegar,Waitrose Essential Sunflower Oil 1l,1L,£2.90/L,2.90,,
Waitrose Kentish Town,Cooking Sauces & Ingredients,Oil & Vinegar,Waitrose Essential Vegetable Oil 1 litre,,,2.20,,
Waitrose Kentish Town,Cooking Sauces & Ingredients,Oil & Vinegar,Waitrose Essential White Wine Vinegar 500ml,500ml,£4.90/L,2.45,,
Waitrose Kentish Town,Cooking Sauces & Ingredients,Oil & Vinegar,Waitrose Extra Virgin Olive Oil 1L,1L,£8.65/L,8.65,,
Waitrose Kentish Town,Cooking Sauces & Ingredients,Oil & Vinegar,Waitrose Garlic Infused Olive Oil 250ml,250ml,£18.00/L,4.50,,
Waitrose Kentish Town,Cooking Sauces & Ingredients,Oil & Vinegar,Waitrose Glaze Balsamic Vinegar 215ml,215ml,£13.02/L,2.80,,
Waitrose Kentish Town,Cooking Sauces & Ingredients,Oil & Vinegar,Waitrose Toasted Sesame Oil 250ml,250ml,£13.60/L,3.40,,
Waitrose Kentish Town,Cooking Sauces & Ingredients,Oil & Vinegar,Willys Organic Live Apple Cider Vinegar 500ml,500ml,£17.30/L,8.65,,
Waitrose Kentish Town,Cooking Sauces & Ingredients,Other Cooking Ingredients,All Dressed Up Miso Sesame Dressing 250ml,250ml,£22.00/L,5.50,,
Waitrose Kentish Town,Cooking Sauces & Ingredients,Other Cooking Ingredients,Amoy Light Soy Sauce 150ml,150ml,£15.00/L,2.25,,
Waitrose Kentish Town,Cooking Sauces & Ingredients,Other Cooking Ingredients,Emma Basic Breadcrumbs Panko 200g,200g,£17.50/kg,3.50,,
Waitrose Kentish Town,Cooking Sauces & Ingredients,Other Cooking Ingredients,Emma Basic Japanese Dashi Sauce Carton 200ml,200ml,£17.50/L,3.50,,
Waitrose Kentish Town,Cooking Sauces & Ingredients,Other Cooking Ingredients,Emma Basic Seaweed Sushi Nori 5 Full Sheets,,,2.70,,
Waitrose Kentish Town,Cooking Sauces & Ingredients,Other Cooking Ingredients,Honest Umami 321 All Purpose MSG flavour boost 120g,120g,£32.92/kg,3.95,,
Waitrose Kentish Town,Cooking Sauces & Ingredients,Other Cooking Ingredients,Kikkoman Less Salt Soy Sauce 150ml,150ml,£22.00/L,3.30,,
Waitrose Kentish Town,Cooking Sauces & Ingredients,Other Cooking Ingredients,Kikkoman Soy Sauce 150ml,150ml,£22.00/L,3.30,,
Waitrose Kentish Town,Cooking Sauces & Ingredients,Other Cooking Ingredients,Miso Tasty Organic White Miso Paste 200g,200g,£19.15/kg,3.83,4.50,15% off
Waitrose Kentish Town,Cooking Sauces & Ingredients,Other Cooking Ingredients,Ottolenghi Shawarma Marinade 180g,180g,£25.00/kg,4.50,,
Waitrose Kentish Town,Cooking Sauces & Ingredients,Other Cooking Ingredients,Paxo Breadcrumbs 227g,227g,£9.25/kg,2.10,,
Waitrose Kentish Town,Cooking Sauces & Ingredients,Other Cooking Ingredients,Payst Pad Thai Stir-Fry Sauce 190ml,190ml,£26.26/L,4.99,,
Waitrose Kentish Town,Cooking Sauces & Ingredients,Other Cooking Ingredients,Poon's London - Fermented Soy Bean Paste - 160g,160g,£33.75/kg,5.40,,
Waitrose Kentish Town,Cooking Sauces & Ingredients,Other Cooking Ingredients,Poon's London - Soy Bean Doubanjiang - 160g,160g,£40.94/kg,6.55,,
Waitrose Kentish Town,Cooking Sauces & Ingredients,Other Cooking Ingredients,TruffleHunter  - Minced Black Truffle - 50g,50g,£416.00/kg,20.80,,
Waitrose Kentish Town,Cooking Sauces & Ingredients,Other Cooking Ingredients,Wagamama Katsu Curry Sauce 340g,340g,£8.82/kg,3.00,,
Waitrose Kentish Town,Cooking Sauces & Ingredients,Other Cooking Ingredients,Waitrose Chow Mein Stir Fry Sauce 120g,120g,£7.92/kg,0.95,,
Waitrose Kentish Town,Cooking Sauces & Ingredients,Other Cooking Ingredients,Waitrose Cooks' Gochujang Chilli Paste 105g,105g,£20.95/kg,2.20,,
Waitrose Kentish Town,Cooking Sauces & Ingredients,Other Cooking Ingredients,Waitrose Cooks' Ingredients Tahini 300g,300g,£11.50/kg,3.45,,
Waitrose Kentish Town,Cooking Sauces & Ingredients,Other Cooking Ingredients,Waitrose Cooks' Lime Juice 200ml,200ml,£6.00/L,1.20,,
Waitrose Kentish Town,Cooking Sauces & Ingredients,Other Cooking Ingredients,Waitrose Cooks' Panko Breadcrumbs 150g,150g,£18.33/kg,2.75,,
Waitrose Kentish Town,Cooking Sauces & Ingredients,Other Cooking Ingredients,Waitrose Cooks' Salad Croutons 100g,100g,£16.00/kg,1.60,,
Waitrose Kentish Town,Cooking Sauces & Ingredients,Other Cooking Ingredients,Waitrose Crispy Fried Onions 100g,100g,£20.50/kg,2.05,,
Waitrose Kentish Town,Cooking Sauces & Ingredients,Other Cooking Ingredients,Waitrose Dark Soya Sauce 283ml,283ml,£5.30/L,1.50,,
Waitrose Kentish Town,Cooking Sauces & Ingredients,Other Cooking Ingredients,Waitrose Hoisin Sauce 240g,240g,£11.88/kg,2.85,,
Waitrose Kentish Town,Cooking Sauces & Ingredients,Other Cooking Ingredients,Waitrose House BBQ Marinade 275g,275g,£8.00/kg,2.20,,
Waitrose Kentish Town,Cooking Sauces & Ingredients,Other Cooking Ingredients,Waitrose Lemon Juice 250ml,250ml,£7.00/L,1.75,,
Waitrose Kentish Town,Cooking Sauces & Ingredients,Other Cooking Ingredients,Waitrose Nam Pla Fish Sauce 150ml,150ml,£14.67/L,2.20,,
Waitrose Kentish Town,Cooking Sauces & Ingredients,Other Cooking Ingredients,Waitrose Reduced Salt Light Soya Sauce 250ml,250ml,£6.00/L,1.50,,
Waitrose Kentish Town,Cooking Sauces & Ingredients,Other Cooking Ingredients,Waitrose Sweet & Sour Stir Fry Sauce 120g,120g,£7.50/kg,0.90,,
Waitrose Kentish Town,Cooking Sauces & Ingredients,Other Cooking Ingredients,Waitrose Teriyaki Sauce 150ml,150ml,£15.33/L,2.30,,
Waitrose Kentish Town,Cooking Sauces & Ingredients,"Pastes, Purees & Mixes",Aagrah - Butter Chicken Tarka Sauce - 270g,270g,£14.63/kg,3.95,,
Waitrose Kentish Town,Cooking Sauces & Ingredients,"Pastes, Purees & Mixes",Belazu Chilli Harissa Pesto 165g,165g,£21.82/kg,3.60,,
Waitrose Kentish Town,Cooking Sauces & Ingredients,"Pastes, Purees & Mixes",Belazu Traditional Genovese Pesto 165g,165g,£20.36/kg,3.36,3.95,15% off
Waitrose Kentish Town,Cooking Sauces & Ingredients,"Pastes, Purees & Mixes",Belazu Truffle & Artichoke Pesto 165g,165g,£23.94/kg,3.95,,
Waitrose Kentish Town,Cooking Sauces & Ingredients,"Pastes, Purees & Mixes",Colman's Chilli Con Carne Recipe Mix 50g,50g,£22.00/kg,1.10,,
Waitrose Kentish Town,Cooking Sauces & Ingredients,"Pastes, Purees & Mixes",Diddly Squat - Chilli Pasta Sauce - 250g,250g,£29.40/kg,7.35,,
Waitrose Kentish Town,Cooking Sauces & Ingredients,"Pastes, Purees & Mixes",Dolmio Original Bolognese Sauce 450g,450g,£5.44/kg,2.45,,
Waitrose Kentish Town,Cooking Sauces & Ingredients,"Pastes, Purees & Mixes",Dolmio Tomato Pasta Lasagne Sauce 450g,450g,£5.22/kg,2.35,,
Waitrose Kentish Town,Cooking Sauces & Ingredients,"Pastes, Purees & Mixes",Emma Basic JAPANESE STYLE CURRY 200g,200g,£19.95/kg,3.99,,
Waitrose Kentish Town,Cooking Sauces & Ingredients,"Pastes, Purees & Mixes",Gymkhana Butter Masala Cooking Sauce 300ml,300ml,£22.50/L,6.75,,
Waitrose Kentish Town,Cooking Sauces & Ingredients,"Pastes, Purees & Mixes",Gymkhana Classic Tandoori Marinade 190g,190g,£30.26/kg,5.75,,
Waitrose Kentish Town,Cooking Sauces & Ingredients,"Pastes, Purees & Mixes",Gymkhana Garlic & Chilli Marinade 190g,,,6.30,,
Waitrose Kentish Town,Cooking Sauces & Ingredients,"Pastes, Purees & Mixes",Gymkhana Goan Curry Cooking Sauce 300ml,300ml,£22.50/L,6.75,,
Waitrose Kentish Town,Cooking Sauces & Ingredients,"Pastes, Purees & Mixes",Gymkhana Korma Cooking Sauce 300ml,300ml,£24.67/L,7.40,,
Waitrose Kentish Town,Cooking Sauces & Ingredients,"Pastes, Purees & Mixes",Gymkhana Rogan Josh Cooking Sauce 350g,,,6.75,,
Waitrose Kentish Town,Cooking Sauces & Ingredients,"Pastes, Purees & Mixes",Gymkhana Tikka Masala Cooking Sauce 300ml,300ml,£24.67/L,7.40,,
Waitrose Kentish Town,Cooking Sauces & Ingredients,"Pastes, Purees & Mixes",Gymkhana Vindaloo Cooking Sauce 300ml,300ml,£24.67/L,7.40,,
Waitrose Kentish Town,Cooking Sauces & Ingredients,"Pastes, Purees & Mixes",Heinz Bolognese Pasta Sauce 350g,350g,£5.51/kg,1.93,2.75,30% off
Waitrose Kentish Town,Cooking Sauces & Ingredients,"Pastes, Purees & Mixes",Mutti Pizza Sauce Classica 400g,400g,£7.25/kg,2.90,,
Waitrose Kentish Town,Cooking Sauces & Ingredients,"Pastes, Purees & Mixes",Mutti Tomato Pasta Sauce with Parmesan 400g,400g,£7.25/kg,2.90,,
Waitrose Kentish Town,Cooking Sauces & Ingredients,"Pastes, Purees & Mixes",Old El Paso Original Smoky BBQ Fajita Kit 500g,500g,£7.06/kg,3.53,4.15,15% off
Waitrose Kentish Town,Cooking Sauces & Ingredients,"Pastes, Purees & Mixes",Paxo Stuffing Mix Sage & Onion 170g,170g,£19.71/kg,3.35,,
Waitrose Kentish Town,Cooking Sauces & Ingredients,"Pastes, Purees & Mixes",Potts - Carbonara Sauce - 350g,350g,£12.86/kg,4.50,,
Waitrose Kentish Town,Cooking Sauces & Ingredients,"Pastes, Purees & Mixes",S&B Golden Curry Sauce Mix 92g,92g,£23.37/kg,2.15,,
Waitrose Kentish Town,Cooking Sauces & Ingredients,"Pastes, Purees & Mixes",Sacla Classic Basil Pesto 190g,190g,£21.84/kg,4.15,,
Waitrose Kentish Town,Cooking Sauces & Ingredients,"Pastes, Purees & Mixes",Sacla Fiery Chilli Pesto 190g,190g,£21.84/kg,4.15,,
Waitrose Kentish Town,Cooking Sauces & Ingredients,"Pastes, Purees & Mixes",Sacla Sun-Dried Tomato Pesto 190g,190g,£21.84/kg,4.15,,
Waitrose Kentish Town,Cooking Sauces & Ingredients,"Pastes, Purees & Mixes",Sacla Vegan Basil Pesto 190g,190g,£16.84/kg,3.20,4.00,20% off
Waitrose Kentish Town,Cooking Sauces & Ingredients,"Pastes, Purees & Mixes",Saucerer Grasso's Creamy Vodka sauce 510ml,510ml,£15.69/L,8.00,,
Waitrose Kentish Town,Cooking Sauces & Ingredients,"Pastes, Purees & Mixes",Saucerer Pizza sauce 190g,190g,£22.37/kg,4.25,,
Waitrose Kentish Town,Cooking Sauces & Ingredients,"Pastes, Purees & Mixes",The Spice Tailor  Thai Massaman Curry 275g,275g,£13.45/kg,3.70,4.35,15% off
Waitrose Kentish Town,Cooking Sauces & Ingredients,"Pastes, Purees & Mixes",The Spice Tailor Coconut Curry Kit 225g,225g,£20.00/kg,4.50,,
Waitrose Kentish Town,Cooking Sauces & Ingredients,"Pastes, Purees & Mixes",The Spice Tailor Indonesian Rendang Curry Kit 275g,275g,£13.45/kg,3.70,4.35,15% off
Waitrose Kentish Town,Cooking Sauces & Ingredients,"Pastes, Purees & Mixes",The Spice Tailor Thai Green Curry Kit 275g,275g,£13.45/kg,3.70,4.35,15% off
Waitrose Kentish Town,Cooking Sauces & Ingredients,"Pastes, Purees & Mixes",The Spice Tailor Thai Red Curry Kit 275g,275g,£13.45/kg,3.70,4.35,15% off
Waitrose Kentish Town,Cooking Sauces & Ingredients,"Pastes, Purees & Mixes",The Spice Tailor Tikka Masala Kit 300g,300g,£15.83/kg,4.75,,
Waitrose Kentish Town,Cooking Sauces & Ingredients,"Pastes, Purees & Mixes",Waitrose Arrabbiata Pasta Sauce 350g,350g,£11.14/kg,3.90,,
Waitrose Kentish Town,Cooking Sauces & Ingredients,"Pastes, Purees & Mixes",Waitrose Arrabbiata Sauce 350g,350g,£7.57/kg,2.65,,
Waitrose Kentish Town,Cooking Sauces & Ingredients,"Pastes, Purees & Mixes",Waitrose Cherry Tomato & Basil Sauce (350g),350g,£7.71/kg,2.70,,
Waitrose Kentish Town,Cooking Sauces & Ingredients,"Pastes, Purees & Mixes",Waitrose Cherry Tomato & Basil Sauce 350g,350g,£7.71/kg,2.70,,
Waitrose Kentish Town,Cooking Sauces & Ingredients,"Pastes, Purees & Mixes",Waitrose Chip Shop Curry Sauce 180g,180g,£15.83/kg,2.85,,
Waitrose Kentish Town,Cooking Sauces & Ingredients,"Pastes, Purees & Mixes",Waitrose Essential Tomato & Basil Pasta Sauce 340g,340g,£3.53/kg,1.20,,
Waitrose Kentish Town,Cooking Sauces & Ingredients,"Pastes, Purees & Mixes",Waitrose Green Basil Pesto Sauce 190g,190g,£12.63/kg,2.40,,
Waitrose Kentish Town,Cooking Sauces & Ingredients,"Pastes, Purees & Mixes",Waitrose No.1 'Nduja & Calabrian Chilli Sauce for Pasta 290g,290g,£14.48/kg,4.20,,
Waitrose Kentish Town,Cooking Sauces & Ingredients,"Pastes, Purees & Mixes",Waitrose No.1 Pesto alla Genovese 145g,,,3.85,,
Waitrose Kentish Town,Cooking Sauces & Ingredients,"Pastes, Purees & Mixes",Waitrose No.1 Tomato & Vodka Pasta Sauce 300g,300g,£13.67/kg,4.10,,
Waitrose Kentish Town,Cooking Sauces & Ingredients,"Pastes, Purees & Mixes",Waitrose Tomato & Mascarpone Sauce 350g,350g,£7.14/kg,2.50,,
Waitrose Kentish Town,"Crisps, Snacks, Biscuits",Back To Routine,Nature Valley Oats & Honey Granola Bars 5 Pack,5pk,£0.50 each,2.48,3.10,20% off
Waitrose Kentish Town,"Crisps, Snacks, Biscuits",Back To Routine,Waitrose Essential Variety Crisps 6x25g,,,1.30,,
Waitrose Kentish Town,"Crisps, Snacks, Biscuits",Back To Routine,Walkers Baked Sea Salt Multipack Crisps 6x22g,132g,£19.70/kg,2.60,,
Waitrose Kentish Town,"Crisps, Snacks, Biscuits",Back To Routine,Walkers Quavers Cheese Multipack Crisps 6x16g,96g,£29.17/kg,2.80,,
Waitrose Kentish Town,"Crisps, Snacks, Biscuits",Back To Routine,Walkers Ready Salted Multipack Crisps 6x25g,150g,£14.93/kg,2.24,2.80,20% off
Waitrose Kentish Town,"Crisps, Snacks, Biscuits",Biscuits,Bahlsen Choco Leibniz Dark Chocolate Biscuit 125g,125g,£19.60/kg,2.45,,
Waitrose Kentish Town,"Crisps, Snacks, Biscuits",Biscuits,Bahlsen Choco Leibniz Milk Chocolate Biscuit 125g,125g,£16.80/kg,2.10,,
Waitrose Kentish Town,"Crisps, Snacks, Biscuits",Biscuits,Border Dark Chocolate Gingers 150g,150g,£17.33/kg,2.60,,
Waitrose Kentish Town,"Crisps, Snacks, Biscuits",Biscuits,Cadbury Milk Chocolate Fingers Biscuits 114g,114g,£17.19/kg,1.96,2.80,30% off
Waitrose Kentish Town,"Crisps, Snacks, Biscuits",Biscuits,Diforti - Frisbi Pistachio - 200g,200g,£17.75/kg,3.55,,
Waitrose Kentish Town,"Crisps, Snacks, Biscuits",Biscuits,Foxs Half-Coated Milk Choc Cookies 175g,175g,£12.86/kg,2.25,3.00,25% off
Waitrose Kentish Town,"Crisps, Snacks, Biscuits",Biscuits,HobNob Oaty Cookie Milk Choc 155g,155g,£13.23/kg,2.05,,
Waitrose Kentish Town,"Crisps, Snacks, Biscuits",Biscuits,Island Bakery Lemon Melts Biscuits 133g,133g,£40.98/kg,5.45,,
Waitrose Kentish Town,"Crisps, Snacks, Biscuits",Biscuits,Lotus Biscoff Biscuits 250g,250g,£8.60/kg,2.15,,
Waitrose Kentish Town,"Crisps, Snacks, Biscuits",Biscuits,Lu Petit Beurre Salt 167g,167g,£15.57/kg,2.60,,
Waitrose Kentish Town,"Crisps, Snacks, Biscuits",Biscuits,Maryland Chocolate Chip Cookies (200g),200g,£10.75/kg,2.15,,
Waitrose Kentish Town,"Crisps, Snacks, Biscuits",Biscuits,McVitie's Digestive Biscuits 315g,360g,£5.69/kg,2.05,,
Waitrose Kentish Town,"Crisps, Snacks, Biscuits",Biscuits,McVitie's Digestives Dark Chocolate 433g,433g,£9.35/kg,4.05,,
Waitrose Kentish Town,"Crisps, Snacks, Biscuits",Biscuits,McVitie's Digestives Dark Chocolate Biscuit 266g,266g,£9.47/kg,2.52,2.80,10% off
Waitrose Kentish Town,"Crisps, Snacks, Biscuits",Biscuits,McVitie's Digestives Milk Chocolate Biscuit 266g,266g,£9.47/kg,2.52,2.80,10% off
Waitrose Kentish Town,"Crisps, Snacks, Biscuits",Biscuits,McVitie's Ginger Nuts Biscuits 250g,250g,£8.20/kg,2.05,,
Waitrose Kentish Town,"Crisps, Snacks, Biscuits",Biscuits,McVitie's Hobnobs Milk Chocolate Biscuit 262g,262g,£9.62/kg,2.52,2.80,10% off
Waitrose Kentish Town,"Crisps, Snacks, Biscuits",Biscuits,McVitie's Jaffa Cakes 10 pack,10pk,£0.16 each,1.58,1.75,10% off
Waitrose Kentish Town,"Crisps, Snacks, Biscuits",Biscuits,McVitie's Rich Tea Biscuits 300g,300g,£7.00/kg,2.10,,
Waitrose Kentish Town,"Crisps, Snacks, Biscuits",Biscuits,My Favourite Bear - Muddy Bear All Butter Chocolate Biscuits with Milk Chocolate Chips  - 100g,100g,£29.00/kg,2.90,,
Waitrose Kentish Town,"Crisps, Snacks, Biscuits",Biscuits,Nutella Biscuits 20 Pieces 276g,276g,£15.22/kg,4.20,,
Waitrose Kentish Town,"Crisps, Snacks, Biscuits",Biscuits,Oreo Original Biscuits 154g,154g,£11.69/kg,1.80,,
Waitrose Kentish Town,"Crisps, Snacks, Biscuits",Biscuits,Prewetts Gluten Free Dark Chocolate Ginger Cookies 150g,150g,£24.00/kg,3.60,,
Waitrose Kentish Town,"Crisps, Snacks, Biscuits",Biscuits,Waitrose 8 Dark Chocolate Ginger Biscuits 180g,180g,£20.83/kg,3.75,,
Waitrose Kentish Town,"Crisps, Snacks, Biscuits",Biscuits,Waitrose All Butter Shortbread Biscuit Fingers 200g,200g,£7.50/kg,1.50,,
Waitrose Kentish Town,"Crisps, Snacks, Biscuits",Biscuits,Waitrose Chocolate & Hazelnut Cookies (200g),200g,£14.75/kg,2.95,,
Waitrose Kentish Town,"Crisps, Snacks, Biscuits",Biscuits,Waitrose Essential Custard Creams 200g,,,0.50,,
Waitrose Kentish Town,"Crisps, Snacks, Biscuits",Biscuits,Waitrose Essential Malted Milk Biscuits 200g,200g,£3.75/kg,0.75,,
Waitrose Kentish Town,"Crisps, Snacks, Biscuits",Biscuits,Waitrose Essential Shortbread Biscuits 400g,400g,£3.88/kg,1.55,,
Waitrose Kentish Town,"Crisps, Snacks, Biscuits",Biscuits,Waitrose Essentials  Bourbon Creams 400g,400g,£3.13/kg,1.25,,
Waitrose Kentish Town,"Crisps, Snacks, Biscuits",Biscuits,Waitrose Free From Gluten Triple Choc Cookies 150g,150g,£24.33/kg,3.65,,
Waitrose Kentish Town,"Crisps, Snacks, Biscuits",Biscuits,Waitrose No.1 Almond Cantuccini 180g,180g,£19.17/kg,3.45,,
Waitrose Kentish Town,"Crisps, Snacks, Biscuits",Biscuits,Waitrose Stem Ginger Cookies 200g,200g,£14.75/kg,2.95,,
Waitrose Kentish Town,"Crisps, Snacks, Biscuits",Biscuits,Waitrose White Chocolate Cookies (200g),200g,£14.75/kg,2.95,,
Waitrose Kentish Town,"Crisps, Snacks, Biscuits",Breadsticks & Savoury Snacks,Crosta & Mollica Tarallini Fennel Seed Crisps 180g,180g,£13.89/kg,2.50,,
Waitrose Kentish Town,"Crisps, Snacks, Biscuits",Breadsticks & Savoury Snacks,Emily Salted Seaweed Sharing Crisps 50g,50g,£53.00/kg,2.65,,
Waitrose Kentish Town,"Crisps, Snacks, Biscuits",Breadsticks & Savoury Snacks,Itsu Crispy Seaweed Thins Multipack 20g,20g,£165.00/kg,3.30,,
Waitrose Kentish Town,"Crisps, Snacks, Biscuits",Breadsticks & Savoury Snacks,Nairns Cheese Oatcakes 200g,200g,£10.25/kg,2.05,,
Waitrose Kentish Town,"Crisps, Snacks, Biscuits",Breadsticks & Savoury Snacks,Olly's Pretzel Thins Salted 140g,140g,£15.71/kg,2.20,,
Waitrose Kentish Town,"Crisps, Snacks, Biscuits",Breadsticks & Savoury Snacks,Olly's Pretzel Thins Sweet Chilli 140g,140g,£15.71/kg,2.20,,
Waitrose Kentish Town,"Crisps, Snacks, Biscuits",Breadsticks & Savoury Snacks,Penn State Original Sea Salted Pretzels 175g,175g,£12.29/kg,2.15,,
Waitrose Kentish Town,"Crisps, Snacks, Biscuits",Breadsticks & Savoury Snacks,Ryvita Dark Rye Crispbread 250g,250g,£8.80/kg,2.20,,
Waitrose Kentish Town,"Crisps, Snacks, Biscuits",Breadsticks & Savoury Snacks,Sharwood's Plain Poppadoms 8 per pack,8pk,£0.29 each,2.32,2.90,20% off
Waitrose Kentish Town,"Crisps, Snacks, Biscuits",Breadsticks & Savoury Snacks,Trimlyne Melba Toast 100g,100g,£16.50/kg,1.65,,
Waitrose Kentish Town,"Crisps, Snacks, Biscuits",Breadsticks & Savoury Snacks,Waitrose Mini Poppadoms 80g,80g,£19.38/kg,1.55,,
Waitrose Kentish Town,"Crisps, Snacks, Biscuits",Breadsticks & Savoury Snacks,Waitrose No.1 Taggiasca Olive Lingue Crispbread 100g,100g,£22.50/kg,2.25,,
Waitrose Kentish Town,"Crisps, Snacks, Biscuits",Breadsticks & Savoury Snacks,Walkers Sensations Mango & Chilli Chutney Sharing Poppadom Crisps 82.5g,83g,£33.13/kg,2.75,,
Waitrose Kentish Town,"Crisps, Snacks, Biscuits",Cereal & Snack Bars,BelVita Breakfast Cocoa with Choc Chips Biscuits 5x45g,225g,£11.11/kg,2.50,,
Waitrose Kentish Town,"Crisps, Snacks, Biscuits",Cereal & Snack Bars,Deliciously Ella Chocolate Topped Raisin Oat Bars 3x50g,150g,£25.67/kg,3.85,,
Waitrose Kentish Town,"Crisps, Snacks, Biscuits",Cereal & Snack Bars,"Deliciously Ella Gluten Free & Vegan Apple, Raisin Oat Bars 3x50g",150g,£21.67/kg,3.25,,
Waitrose Kentish Town,"Crisps, Snacks, Biscuits",Cereal & Snack Bars,Deliciously Ella Gluten Free & Vegan Cacao & Almond Bars 3x50g,150g,£21.67/kg,3.25,,
Waitrose Kentish Town,"Crisps, Snacks, Biscuits",Cereal & Snack Bars,Deliciously Ella Gluten Free Vegan Peanut Butter Bars 3x50g,150g,£21.67/kg,3.25,,
Waitrose Kentish Town,"Crisps, Snacks, Biscuits",Cereal & Snack Bars,Go Ahead Apple Crispy Fruit Slices 4x43.6g,175g,£11.43/kg,2.00,,
Waitrose Kentish Town,"Crisps, Snacks, Biscuits",Cereal & Snack Bars,Graze Cocoa Vanilla Oat Boosts 4x30g,120g,£29.17/kg,3.50,,
Waitrose Kentish Town,"Crisps, Snacks, Biscuits",Cereal & Snack Bars,Graze Honey Oat Boosts 4x30g,120g,£26.67/kg,3.20,,
Waitrose Kentish Town,"Crisps, Snacks, Biscuits",Cereal & Snack Bars,Graze Pecan & Milk Chocolate Brownie 135g,135g,£26.67/kg,3.60,,
Waitrose Kentish Town,"Crisps, Snacks, Biscuits",Cereal & Snack Bars,KIND Dark Chocolate Nut & Sea Salt Cereal Bar 40g,40g,£51.25/kg,2.05,,
Waitrose Kentish Town,"Crisps, Snacks, Biscuits",Cereal & Snack Bars,KIND Dark Chocolate Nuts & Sea Salt 3x30g,90g,£38.00/kg,3.42,3.80,10% off
Waitrose Kentish Town,"Crisps, Snacks, Biscuits",Cereal & Snack Bars,Kellogg's Rice Krispies Squares Marshmallow Cereal Bar 4x28g,112g,£23.21/kg,2.60,,
Waitrose Kentish Town,"Crisps, Snacks, Biscuits",Cereal & Snack Bars,Nakd Peanut Delight Bar 4 Pack 140g,140g,£21.71/kg,3.04,3.80,20% off
Waitrose Kentish Town,"Crisps, Snacks, Biscuits",Cereal & Snack Bars,Nature Valley Crunchy & More Oats & Chocolate Cereal Bars 5x42g,210g,£11.81/kg,2.48,3.10,20% off
Waitrose Kentish Town,"Crisps, Snacks, Biscuits",Cereal & Snack Bars,Nature Valley Crunchy Variety Cereal Bar Pack 5x42g,210g,£12.00/kg,2.52,3.15,20% off
Waitrose Kentish Town,"Crisps, Snacks, Biscuits",Cereal & Snack Bars,Nature Valley Oats & Honey Granola Bars 5 Pack,5pk,£0.50 each,2.48,3.10,20% off
Waitrose Kentish Town,"Crisps, Snacks, Biscuits",Cereal & Snack Bars,Neat  Bars Apricots & Pumpkin Seeds 50g,50g,£32.00/kg,1.60,,
Waitrose Kentish Town,"Crisps, Snacks, Biscuits",Cereal & Snack Bars,Neat Bars Blueberries & Chia Seeds 45g,45g,£27.78/kg,1.25,,
Waitrose Kentish Town,"Crisps, Snacks, Biscuits",Cereal & Snack Bars,"Neat Bars Cacao, Coconuts & Chia Seeds 45g",45g,£35.56/kg,1.60,,
Waitrose Kentish Town,"Crisps, Snacks, Biscuits",Cereal & Snack Bars,Neat Bars Red Berries & Quinoa 50g,45g,£35.56/kg,1.60,,
Waitrose Kentish Town,"Crisps, Snacks, Biscuits",Cereal & Snack Bars,Pip & Nut Peanut Butter Stuffed Original Oat Bar 3 x 48g,144g,£20.14/kg,2.90,,
Waitrose Kentish Town,"Crisps, Snacks, Biscuits",Cereal & Snack Bars,TREK GF Ve Cocoa Oat Flapjack 50g,50g,£39.20/kg,1.96,2.30,15% off
Waitrose Kentish Town,"Crisps, Snacks, Biscuits",Crackers,Carr's Table Water Cracker Biscuits 200g,200g,£15.75/kg,3.15,,
Waitrose Kentish Town,"Crisps, Snacks, Biscuits",Crackers,Carrs Melts Cheese 150g,150g,£12.27/kg,1.84,2.30,20% off
Waitrose Kentish Town,"Crisps, Snacks, Biscuits",Crackers,Cheez-It Snapd Double Cheese 150g,150g,£18.33/kg,2.75,,
Waitrose Kentish Town,"Crisps, Snacks, Biscuits",Crackers,Deliciously Ella Lightly Salted Cracker Thins 100g,100g,£27.50/kg,2.75,,
Waitrose Kentish Town,"Crisps, Snacks, Biscuits",Crackers,Jacob's Cream Crackers 300g,300g,£7.33/kg,2.20,,
Waitrose Kentish Town,"Crisps, Snacks, Biscuits",Crackers,Jacobs Selection Crackers For Cheese 300g,300g,£15.50/kg,4.65,,
Waitrose Kentish Town,"Crisps, Snacks, Biscuits",Crackers,Mr Filbert's - Sweet Chilli Rice Crackers - 150g,150g,£27.33/kg,4.10,,
Waitrose Kentish Town,"Crisps, Snacks, Biscuits",Crackers,Peter's Yard Fig & Spelt Sourdough Crackers 100g,100g,£26.50/kg,2.65,,
Waitrose Kentish Town,"Crisps, Snacks, Biscuits",Crackers,Peter's Yard Original Sourdough Crackers 90g,90g,£35.00/kg,3.15,,
Waitrose Kentish Town,"Crisps, Snacks, Biscuits",Crackers,Peter's Yard Rosemary & Salt Crackers 90g,90g,£32.22/kg,2.90,,
Waitrose Kentish Town,"Crisps, Snacks, Biscuits",Crackers,Roka Cheese Crispies 100g,100g,£29.50/kg,2.95,,
Waitrose Kentish Town,"Crisps, Snacks, Biscuits",Crackers,Rosales Original Olive Oil Tortas 180g,180g,£23.61/kg,4.25,,
Waitrose Kentish Town,"Crisps, Snacks, Biscuits",Crackers,Snack Organisation Sweet Chilli Rice Crackers 100g,100g,£13.00/kg,1.30,,
Waitrose Kentish Town,"Crisps, Snacks, Biscuits",Crackers,TUC Original Crackers 150g,150g,£12.00/kg,1.80,2.00,10% off
Waitrose Kentish Town,"Crisps, Snacks, Biscuits",Crackers,Waitrose Essentials  High Bake Water Biscuits 200g,200g,£7.75/kg,1.55,,
Waitrose Kentish Town,"Crisps, Snacks, Biscuits","Crisps, Snacks, Biscuits",BEAR Fruit Mango Passionfruit 85g,85g,£32.00/kg,2.72,3.40,20% off
Waitrose Kentish Town,"Crisps, Snacks, Biscuits","Crisps, Snacks, Biscuits",BEAR Yo Yos Raspberry 5s,5pk,£0.72 each,3.60,,
Waitrose Kentish Town,"Crisps, Snacks, Biscuits","Crisps, Snacks, Biscuits",BEAR Yo Yos Strawberry 5s,5pk,£0.72 each,3.60,,
Waitrose Kentish Town,"Crisps, Snacks, Biscuits","Crisps, Snacks, Biscuits",Bahlsen Choco Leibniz Dark Chocolate Biscuit 125g,125g,£19.60/kg,2.45,,
Waitrose Kentish Town,"Crisps, Snacks, Biscuits","Crisps, Snacks, Biscuits",Bahlsen Choco Leibniz Milk Chocolate Biscuit 125g,125g,£16.80/kg,2.10,,
Waitrose Kentish Town,"Crisps, Snacks, Biscuits","Crisps, Snacks, Biscuits",BelVita Breakfast Cocoa with Choc Chips Biscuits 5x45g,225g,£11.11/kg,2.50,,
Waitrose Kentish Town,"Crisps, Snacks, Biscuits","Crisps, Snacks, Biscuits",Billy Franks - Buffalo Hot Wing Turkey Jerky - 30g,30g,£101.67/kg,3.05,,
Waitrose Kentish Town,"Crisps, Snacks, Biscuits","Crisps, Snacks, Biscuits",Billy Franks - Cheeseburger Beef Jerky - 30g,30g,£101.67/kg,3.05,,
Waitrose Kentish Town,"Crisps, Snacks, Biscuits","Crisps, Snacks, Biscuits",Billy Franks - Teriyaki Beef Jerky - 30g,30g,£101.67/kg,3.05,,
Waitrose Kentish Town,"Crisps, Snacks, Biscuits","Crisps, Snacks, Biscuits",Blanco Nino Chilli Tortilla Chips 170g,170g,£19.41/kg,3.30,,
Waitrose Kentish Town,"Crisps, Snacks, Biscuits","Crisps, Snacks, Biscuits",Blanco Nino Chipotle Tortilla Chips 170g,170g,£17.65/kg,3.00,,
Waitrose Kentish Town,"Crisps, Snacks, Biscuits","Crisps, Snacks, Biscuits",Blanco Nino Jalapeno Tortilla Chips 170g,170g,£17.65/kg,3.00,,
Waitrose Kentish Town,"Crisps, Snacks, Biscuits","Crisps, Snacks, Biscuits",Blanco Nino Meaty Asado Traditional Tortilla Chips - 170g,,,3.25,,
Waitrose Kentish Town,"Crisps, Snacks, Biscuits","Crisps, Snacks, Biscuits",Blanco Nino Salted Tortilla Chips 170g,170g,£19.41/kg,3.30,,
Waitrose Kentish Town,"Crisps, Snacks, Biscuits","Crisps, Snacks, Biscuits",Border Dark Chocolate Gingers 150g,150g,£17.33/kg,2.60,,
Waitrose Kentish Town,"Crisps, Snacks, Biscuits","Crisps, Snacks, Biscuits",Butterkist Toffee Popcorn 170g,170g,£14.71/kg,2.50,,
Waitrose Kentish Town,"Crisps, Snacks, Biscuits","Crisps, Snacks, Biscuits",Cadbury Milk Chocolate Fingers Biscuits 114g,114g,£17.19/kg,1.96,2.80,30% off
Waitrose Kentish Town,"Crisps, Snacks, Biscuits","Crisps, Snacks, Biscuits",Carr's Table Water Cracker Biscuits 200g,200g,£15.75/kg,3.15,,
Waitrose Kentish Town,"Crisps, Snacks, Biscuits","Crisps, Snacks, Biscuits",Carrs Melts Cheese 150g,150g,£12.27/kg,1.84,2.30,20% off
Waitrose Kentish Town,"Crisps, Snacks, Biscuits","Crisps, Snacks, Biscuits",Cheez-It Snapd Double Cheese 150g,150g,£18.33/kg,2.75,,
Waitrose Kentish Town,"Crisps, Snacks, Biscuits","Crisps, Snacks, Biscuits",Crosta & Mollica Tarallini Fennel Seed Crisps 180g,180g,£13.89/kg,2.50,,
Waitrose Kentish Town,"Crisps, Snacks, Biscuits","Crisps, Snacks, Biscuits",Crunchy Baked Cheese Shiitake Mushroom Chips 40g,40g,£63.75/kg,2.55,,
Waitrose Kentish Town,"Crisps, Snacks, Biscuits","Crisps, Snacks, Biscuits",Crunchy Miso Caramel Shiitake Mushroom Chips 40g,40g,£63.75/kg,2.55,,
Waitrose Kentish Town,"Crisps, Snacks, Biscuits","Crisps, Snacks, Biscuits",Crunchy Okra Chips 40g,40g,£63.75/kg,2.55,,
Waitrose Kentish Town,"Crisps, Snacks, Biscuits","Crisps, Snacks, Biscuits",Crunchy Oyster Mushroom Chips 40g,40g,£63.75/kg,2.55,,
Waitrose Kentish Town,"Crisps, Snacks, Biscuits","Crisps, Snacks, Biscuits",Crunchy Shiitake Mushroom Chips 40g,40g,£63.75/kg,2.55,,
Waitrose Kentish Town,"Crisps, Snacks, Biscuits","Crisps, Snacks, Biscuits",Crunchy Truffle Shiitake Mushroom Chips 40g,40g,£63.75/kg,2.55,,
Waitrose Kentish Town,"Crisps, Snacks, Biscuits","Crisps, Snacks, Biscuits",Crunchy Trumpet Mushroom Chips 40g,40g,£63.75/kg,2.55,,
Waitrose Kentish Town,"Crisps, Snacks, Biscuits","Crisps, Snacks, Biscuits",Deliciously Ella Chocolate Topped Raisin Oat Bars 3x50g,150g,£25.67/kg,3.85,,
Waitrose Kentish Town,"Crisps, Snacks, Biscuits","Crisps, Snacks, Biscuits","Deliciously Ella Gluten Free & Vegan Apple, Raisin Oat Bars 3x50g",150g,£21.67/kg,3.25,,
Waitrose Kentish Town,"Crisps, Snacks, Biscuits","Crisps, Snacks, Biscuits",Deliciously Ella Gluten Free & Vegan Cacao & Almond Bars 3x50g,150g,£21.67/kg,3.25,,
Waitrose Kentish Town,"Crisps, Snacks, Biscuits","Crisps, Snacks, Biscuits",Deliciously Ella Gluten Free Vegan Peanut Butter Bars 3x50g,150g,£21.67/kg,3.25,,
Waitrose Kentish Town,"Crisps, Snacks, Biscuits","Crisps, Snacks, Biscuits",Deliciously Ella Lightly Salted Cracker Thins 100g,100g,£27.50/kg,2.75,,
Waitrose Kentish Town,"Crisps, Snacks, Biscuits","Crisps, Snacks, Biscuits",Diforti - Frisbi Pistachio - 200g,200g,£17.75/kg,3.55,,
Waitrose Kentish Town,"Crisps, Snacks, Biscuits","Crisps, Snacks, Biscuits",Doritos Chilli Heatwave Sharing Tortilla Chips 180g,180g,£17.50/kg,3.15,,2 for £5
Waitrose Kentish Town,"Crisps, Snacks, Biscuits","Crisps, Snacks, Biscuits",Doritos Chilli Heatwave Tortilla Chips 160g,160g,£20.63/kg,3.30,,2 for £5
Waitrose Kentish Town,"Crisps, Snacks, Biscuits","Crisps, Snacks, Biscuits",Doritos Cool Original Tortilla Chips 180g,180g,£16.67/kg,3.00,,2 for £5
Waitrose Kentish Town,"Crisps, Snacks, Biscuits","Crisps, Snacks, Biscuits",Doritos Tangy Cheese Tortilla Chips 180g,180g,£16.67/kg,3.00,,2 for £5
Waitrose Kentish Town,"Crisps, Snacks, Biscuits","Crisps, Snacks, Biscuits",ENatural Crunchy Gluten Free Peanut & Choc Protein Bars 3x40g,120g,£28.75/kg,3.45,,
Waitrose Kentish Town,"Crisps, Snacks, Biscuits","Crisps, Snacks, Biscuits",Eat Real Hummus Chips Tomato and Basil 110g,110g,£24.09/kg,2.65,,
Waitrose Kentish Town,"Crisps, Snacks, Biscuits","Crisps, Snacks, Biscuits",Ember Beef Biltong Chilli 45g,45g,£101.11/kg,4.55,,
Waitrose Kentish Town,"Crisps, Snacks, Biscuits","Crisps, Snacks, Biscuits",Ember Beef Biltong Original 45g,45g,£88.89/kg,4.00,,
Waitrose Kentish Town,"Crisps, Snacks, Biscuits","Crisps, Snacks, Biscuits",Emily Salted Seaweed Sharing Crisps 50g,50g,£53.00/kg,2.65,,
Waitrose Kentish Town,"Crisps, Snacks, Biscuits","Crisps, Snacks, Biscuits",Emma Basic Roasted Black Sesame Seeds 150g,150g,£19.93/kg,2.99,,
Waitrose Kentish Town,"Crisps, Snacks, Biscuits","Crisps, Snacks, Biscuits",Emma Basic Roasted White Sesame Seeds 150g,150g,£19.93/kg,2.99,,
Waitrose Kentish Town,"Crisps, Snacks, Biscuits","Crisps, Snacks, Biscuits",Forest Feast - Pink Lady Apple Wedges - 150g,150g,£30.00/kg,4.50,,
Waitrose Kentish Town,"Crisps, Snacks, Biscuits","Crisps, Snacks, Biscuits",Forest Feast Dried Mango 100g,100g,£43.00/kg,4.30,,
Waitrose Kentish Town,"Crisps, Snacks, Biscuits","Crisps, Snacks, Biscuits",Foxs Half-Coated Milk Choc Cookies 175g,175g,£12.86/kg,2.25,3.00,25% off
Waitrose Kentish Town,"Crisps, Snacks, Biscuits","Crisps, Snacks, Biscuits",Fulfil Chocolate Salted Caramel Protein Bar 40g,40g,£73.75/kg,2.95,,
Waitrose Kentish Town,"Crisps, Snacks, Biscuits","Crisps, Snacks, Biscuits",Go Ahead Apple Crispy Fruit Slices 4x43.6g,175g,£11.43/kg,2.00,,
Waitrose Kentish Town,"Crisps, Snacks, Biscuits","Crisps, Snacks, Biscuits",Graze Cocoa Vanilla Oat Boosts 4x30g,120g,£29.17/kg,3.50,,
Waitrose Kentish Town,"Crisps, Snacks, Biscuits","Crisps, Snacks, Biscuits",Graze Honey Oat Boosts 4x30g,120g,£26.67/kg,3.20,,
Waitrose Kentish Town,"Crisps, Snacks, Biscuits","Crisps, Snacks, Biscuits",Graze Marmite Crunch Snack Mix 100g,100g,£37.00/kg,3.70,,
Waitrose Kentish Town,"Crisps, Snacks, Biscuits","Crisps, Snacks, Biscuits",Graze Pecan & Milk Chocolate Brownie 135g,135g,£26.67/kg,3.60,,
Waitrose Kentish Town,"Crisps, Snacks, Biscuits","Crisps, Snacks, Biscuits",Grenade Carb Killa White Chocolate Cookie Protein Bar 60g,60g,£45.33/kg,2.72,3.40,20% off
Waitrose Kentish Town,"Crisps, Snacks, Biscuits","Crisps, Snacks, Biscuits",Grenade Choc Chip Salted Caramel 60g,60g,£45.33/kg,2.72,3.20,15% off
Waitrose Kentish Town,"Crisps, Snacks, Biscuits","Crisps, Snacks, Biscuits",Grenade Cookie Dough Protein Bar 60g,60g,£46.67/kg,2.80,3.50,20% off
Waitrose Kentish Town,"Crisps, Snacks, Biscuits","Crisps, Snacks, Biscuits",HobNob Oaty Cookie Milk Choc 155g,155g,£13.23/kg,2.05,,
Waitrose Kentish Town,"Crisps, Snacks, Biscuits","Crisps, Snacks, Biscuits",Howdah Bombay Mix Crisps 150g,150g,£22.00/kg,3.30,,
Waitrose Kentish Town,"Crisps, Snacks, Biscuits","Crisps, Snacks, Biscuits",Howdah Bombay Sweet Chilli Crisps 130g,130g,£25.38/kg,3.30,,
Waitrose Kentish Town,"Crisps, Snacks, Biscuits","Crisps, Snacks, Biscuits",Hula Hoops BBQ Beef Crisps 6x24g,144g,£20.14/kg,2.90,,
Waitrose Kentish Town,"Crisps, Snacks, Biscuits","Crisps, Snacks, Biscuits",Hula Hoops Big Hoops BBQ Beef Crisps 45g,45g,£33.33/kg,1.50,,
Waitrose Kentish Town,"Crisps, Snacks, Biscuits","Crisps, Snacks, Biscuits",Hula Hoops Original Multipack Crisps 6 per pack,6pk,£0.48 each,2.90,,
Waitrose Kentish Town,"Crisps, Snacks, Biscuits","Crisps, Snacks, Biscuits",Hula Hoops Variety Multipack Crisps 6x24g,144g,£20.14/kg,2.90,,
Waitrose Kentish Town,"Crisps, Snacks, Biscuits","Crisps, Snacks, Biscuits",Island Bakery Lemon Melts Biscuits 133g,133g,£40.98/kg,5.45,,
Waitrose Kentish Town,"Crisps, Snacks, Biscuits","Crisps, Snacks, Biscuits",Itsu Crispy Seaweed Thins Multipack 20g,20g,£165.00/kg,3.30,,
Waitrose Kentish Town,"Crisps, Snacks, Biscuits","Crisps, Snacks, Biscuits",Jacob's Cream Crackers 300g,300g,£7.33/kg,2.20,,
Waitrose Kentish Town,"Crisps, Snacks, Biscuits","Crisps, Snacks, Biscuits",Jacob's Twiglets 150g,150g,£17.07/kg,2.56,3.20,20% off
Waitrose Kentish Town,"Crisps, Snacks, Biscuits","Crisps, Snacks, Biscuits",Jacobs Mini Cheddars Original Multipack 6 per pack,6pk,£0.40 each,2.40,,
Waitrose Kentish Town,"Crisps, Snacks, Biscuits","Crisps, Snacks, Biscuits",Jacobs Selection Crackers For Cheese 300g,300g,£15.50/kg,4.65,,
Waitrose Kentish Town,"Crisps, Snacks, Biscuits","Crisps, Snacks, Biscuits",KIND Dark Chocolate Nut & Sea Salt Cereal Bar 40g,40g,£51.25/kg,2.05,,
Waitrose Kentish Town,"Crisps, Snacks, Biscuits","Crisps, Snacks, Biscuits",KIND Dark Chocolate Nuts & Sea Salt 3x30g,90g,£38.00/kg,3.42,3.80,10% off
Waitrose Kentish Town,"Crisps, Snacks, Biscuits","Crisps, Snacks, Biscuits",KP Dry Roasted Peanuts 250g,250g,£14.40/kg,3.60,,
Waitrose Kentish Town,"Crisps, Snacks, Biscuits","Crisps, Snacks, Biscuits",KP Original Salted Peanuts 250g,250g,£12.96/kg,3.24,3.60,10% off
Waitrose Kentish Town,"Crisps, Snacks, Biscuits","Crisps, Snacks, Biscuits",Kallo Belgian Milk Chocolate Rice Cake Minis 4x21g,84g,£49.40/kg,4.15,,
Waitrose Kentish Town,"Crisps, Snacks, Biscuits","Crisps, Snacks, Biscuits",Kallo Lightly Salted Corn Cakes 130g,130g,£15.77/kg,2.05,,
Waitrose Kentish Town,"Crisps, Snacks, Biscuits","Crisps, Snacks, Biscuits",Kallo Rice Cakes Lightly Salted Wholegrain Low Fat 130g,130g,£14.23/kg,1.85,,
Waitrose Kentish Town,"Crisps, Snacks, Biscuits","Crisps, Snacks, Biscuits",Kellogg's Rice Krispies Squares Marshmallow Cereal Bar 4x28g,112g,£23.21/kg,2.60,,
Waitrose Kentish Town,"Crisps, Snacks, Biscuits","Crisps, Snacks, Biscuits",Kettle Chips Lightly Salted Crisps 5x30g,150g,£21.33/kg,3.20,,
Waitrose Kentish Town,"Crisps, Snacks, Biscuits","Crisps, Snacks, Biscuits",Kettle Chips Mature Cheddar & Red Onion Crisps 130g,130g,£24.62/kg,3.20,,
Waitrose Kentish Town,"Crisps, Snacks, Biscuits","Crisps, Snacks, Biscuits",Kettle Chips Sea Salt & Balsamic Vinegar Crisps 130g,130g,£24.62/kg,3.20,,
Waitrose Kentish Town,"Crisps, Snacks, Biscuits","Crisps, Snacks, Biscuits",Kettle Tortilla Cheese & Onion 140g,140g,£20.71/kg,2.90,,
Waitrose Kentish Town,"Crisps, Snacks, Biscuits","Crisps, Snacks, Biscuits",Kettle Tortilla Salt & Pepper 140g,140g,£20.71/kg,2.90,,
Waitrose Kentish Town,"Crisps, Snacks, Biscuits","Crisps, Snacks, Biscuits",Kind Protein Double Dark Chocolate 3x42g,126g,£34.92/kg,4.40,,
Waitrose Kentish Town,"Crisps, Snacks, Biscuits","Crisps, Snacks, Biscuits",Kooky - Freeze Dried Banana 12g,12g,£145.83/kg,1.75,,
Waitrose Kentish Town,"Crisps, Snacks, Biscuits","Crisps, Snacks, Biscuits",Kooky - Freeze Dried Jackfruit Family Sharing Bag 92g,92g,£108.70/kg,10.00,,
Waitrose Kentish Town,"Crisps, Snacks, Biscuits","Crisps, Snacks, Biscuits",Kooky - Freeze Dried Mango - 12g,12g,£154.17/kg,1.85,,
Waitrose Kentish Town,"Crisps, Snacks, Biscuits","Crisps, Snacks, Biscuits",Kooky - Freeze Dried Mango Family Sharing Bag 92g,92g,£108.70/kg,10.00,,
Waitrose Kentish Town,"Crisps, Snacks, Biscuits","Crisps, Snacks, Biscuits",Kooky - Freeze Dried Mangosteen - 12g,12g,£166.67/kg,2.00,,
Waitrose Kentish Town,"Crisps, Snacks, Biscuits","Crisps, Snacks, Biscuits",Kooky - Freeze Dried Pineapple 12g,12g,£200.00/kg,2.40,,
Waitrose Kentish Town,"Crisps, Snacks, Biscuits","Crisps, Snacks, Biscuits",Kooky - Gently Dried Banana - 25g,25g,£58.00/kg,1.45,,
Waitrose Kentish Town,"Crisps, Snacks, Biscuits","Crisps, Snacks, Biscuits",Kooky - Gently Dried Banana Family Sharing Bag 380g,380g,£26.32/kg,10.00,,
Waitrose Kentish Town,"Crisps, Snacks, Biscuits","Crisps, Snacks, Biscuits",Kooky - Gently Dried Dragon Fruit - 20g,20g,£77.50/kg,1.55,,
Waitrose Kentish Town,"Crisps, Snacks, Biscuits","Crisps, Snacks, Biscuits",Kooky - Gently Dried Mango - 25g,25g,£52.00/kg,1.30,,
Waitrose Kentish Town,"Crisps, Snacks, Biscuits","Crisps, Snacks, Biscuits",Kooky - Gently Dried Mango Family Sharing Bag 380g,380g,£26.32/kg,10.00,,
Waitrose Kentish Town,"Crisps, Snacks, Biscuits","Crisps, Snacks, Biscuits",Lava Cheese Bacon Crisps 60g,60g,£81.67/kg,4.90,,
Waitrose Kentish Town,"Crisps, Snacks, Biscuits","Crisps, Snacks, Biscuits",Lava Cheese Sour Cream & Onion 60g,60g,£91.67/kg,5.50,,
Waitrose Kentish Town,"Crisps, Snacks, Biscuits","Crisps, Snacks, Biscuits",Linwoods Organic Cold Milled Flaxseed 425g,425g,£18.59/kg,7.90,,
Waitrose Kentish Town,"Crisps, Snacks, Biscuits","Crisps, Snacks, Biscuits",Lotus Biscoff Biscuits 250g,250g,£8.60/kg,2.15,,
Waitrose Kentish Town,"Crisps, Snacks, Biscuits","Crisps, Snacks, Biscuits",Lu Petit Beurre Salt 167g,167g,£15.57/kg,2.60,,
Waitrose Kentish Town,"Crisps, Snacks, Biscuits","Crisps, Snacks, Biscuits",Made For Drink - Biltong: 100% Grass Fed Beef - 30g,30g,£100.00/kg,3.00,,
Waitrose Kentish Town,"Crisps, Snacks, Biscuits","Crisps, Snacks, Biscuits",Made For Drink - English Truffle Potato Crisps - 150g,150g,£20.67/kg,3.10,,
Waitrose Kentish Town,"Crisps, Snacks, Biscuits","Crisps, Snacks, Biscuits",Manomasa Chipotle & Lime Tortilla Chips 140g,140g,£12.50/kg,1.75,,
Waitrose Kentish Town,"Crisps, Snacks, Biscuits","Crisps, Snacks, Biscuits",Manomasa Manchego & Green Olive Crisps 140g,140g,£19.64/kg,2.75,,
Waitrose Kentish Town,"Crisps, Snacks, Biscuits","Crisps, Snacks, Biscuits",Maryland Chocolate Chip Cookies (200g),200g,£10.75/kg,2.15,,
Waitrose Kentish Town,"Crisps, Snacks, Biscuits","Crisps, Snacks, Biscuits",McCoy's Ridge Cut Flame Grilled Steak Crisps 45g,45g,£33.33/kg,1.50,,
Waitrose Kentish Town,"Crisps, Snacks, Biscuits","Crisps, Snacks, Biscuits",McCoy's The Classics Ridge Cut Variety Crisp Pack 6x25g,150g,£15.73/kg,2.36,2.95,20% off
Waitrose Kentish Town,"Crisps, Snacks, Biscuits","Crisps, Snacks, Biscuits",McVitie's Digestive Biscuits 315g,360g,£5.69/kg,2.05,,
Waitrose Kentish Town,"Crisps, Snacks, Biscuits","Crisps, Snacks, Biscuits",McVitie's Digestives Dark Chocolate 433g,433g,£9.35/kg,4.05,,
Waitrose Kentish Town,"Crisps, Snacks, Biscuits","Crisps, Snacks, Biscuits",McVitie's Digestives Dark Chocolate Biscuit 266g,266g,£9.47/kg,2.52,2.80,10% off
Waitrose Kentish Town,"Crisps, Snacks, Biscuits","Crisps, Snacks, Biscuits",McVitie's Digestives Milk Chocolate Biscuit 266g,266g,£9.47/kg,2.52,2.80,10% off
Waitrose Kentish Town,"Crisps, Snacks, Biscuits","Crisps, Snacks, Biscuits",McVitie's Ginger Nuts Biscuits 250g,250g,£8.20/kg,2.05,,
Waitrose Kentish Town,"Crisps, Snacks, Biscuits","Crisps, Snacks, Biscuits",McVitie's Hobnobs Milk Chocolate Biscuit 262g,262g,£9.62/kg,2.52,2.80,10% off
Waitrose Kentish Town,"Crisps, Snacks, Biscuits","Crisps, Snacks, Biscuits",McVitie's Jaffa Cakes 10 pack,10pk,£0.16 each,1.58,1.75,10% off
Waitrose Kentish Town,"Crisps, Snacks, Biscuits","Crisps, Snacks, Biscuits",McVitie's Rich Tea Biscuits 300g,300g,£7.00/kg,2.10,,
Waitrose Kentish Town,"Crisps, Snacks, Biscuits","Crisps, Snacks, Biscuits",Mini Cheddars Original 12x23g,276g,£11.74/kg,3.24,4.05,20% off
Waitrose Kentish Town,"Crisps, Snacks, Biscuits","Crisps, Snacks, Biscuits",Mister Free'd Blue Maize Tortilla Chips 135g,135g,£14.52/kg,1.96,2.30,15% off
Waitrose Kentish Town,"Crisps, Snacks, Biscuits","Crisps, Snacks, Biscuits",Mr Filbert's - Sweet Chilli Rice Crackers - 150g,150g,£27.33/kg,4.10,,
Waitrose Kentish Town,"Crisps, Snacks, Biscuits","Crisps, Snacks, Biscuits",Mr Filbert's Black Truffle Potato Crisps 125g,125g,£37.60/kg,4.70,,
Waitrose Kentish Town,"Crisps, Snacks, Biscuits","Crisps, Snacks, Biscuits",My Favourite Bear - Muddy Bear All Butter Chocolate Biscuits with Milk Chocolate Chips  - 100g,100g,£29.00/kg,2.90,,
Waitrose Kentish Town,"Crisps, Snacks, Biscuits","Crisps, Snacks, Biscuits",Nairns Cheese Oatcakes 200g,200g,£10.25/kg,2.05,,
Waitrose Kentish Town,"Crisps, Snacks, Biscuits","Crisps, Snacks, Biscuits",Nakd Peanut Delight Bar 4 Pack 140g,140g,£21.71/kg,3.04,3.80,20% off
Waitrose Kentish Town,"Crisps, Snacks, Biscuits","Crisps, Snacks, Biscuits",Nakd Protein Cocoa Hazelnut 3x45g,135g,£21.11/kg,2.85,3.80,25% off
Waitrose Kentish Town,"Crisps, Snacks, Biscuits","Crisps, Snacks, Biscuits",Nakd Protein Peanut Butter 45g,45g,£41.11/kg,1.85,,
Waitrose Kentish Town,"Crisps, Snacks, Biscuits","Crisps, Snacks, Biscuits",Nature Valley Crunchy & More Oats & Chocolate Cereal Bars 5x42g,210g,£11.81/kg,2.48,3.10,20% off
Waitrose Kentish Town,"Crisps, Snacks, Biscuits","Crisps, Snacks, Biscuits",Nature Valley Crunchy Variety Cereal Bar Pack 5x42g,210g,£12.00/kg,2.52,3.15,20% off
Waitrose Kentish Town,"Crisps, Snacks, Biscuits","Crisps, Snacks, Biscuits",Nature Valley Oats & Honey Granola Bars 5 Pack,5pk,£0.50 each,2.48,3.10,20% off
Waitrose Kentish Town,"Crisps, Snacks, Biscuits","Crisps, Snacks, Biscuits",Nature Valley Protein Gluten Free Peanut & Chocolate Bars 4x40g 160g,160g,£23.75/kg,3.80,,
Waitrose Kentish Town,"Crisps, Snacks, Biscuits","Crisps, Snacks, Biscuits",Naturya Organic Chia Seeds 175g,175g,£31.43/kg,5.50,,
Waitrose Kentish Town,"Crisps, Snacks, Biscuits","Crisps, Snacks, Biscuits",Neat  Bars Apricots & Pumpkin Seeds 50g,50g,£32.00/kg,1.60,,
Waitrose Kentish Town,"Crisps, Snacks, Biscuits","Crisps, Snacks, Biscuits",Neat Bars Blueberries & Chia Seeds 45g,45g,£27.78/kg,1.25,,
Waitrose Kentish Town,"Crisps, Snacks, Biscuits","Crisps, Snacks, Biscuits","Neat Bars Cacao, Coconuts & Chia Seeds 45g",45g,£35.56/kg,1.60,,
Waitrose Kentish Town,"Crisps, Snacks, Biscuits","Crisps, Snacks, Biscuits",Neat Bars Red Berries & Quinoa 50g,45g,£35.56/kg,1.60,,
Waitrose Kentish Town,"Crisps, Snacks, Biscuits","Crisps, Snacks, Biscuits",Nudie - Katsu Curry Cauliflower Crisps - 80g,80g,£35.63/kg,2.85,,
Waitrose Kentish Town,"Crisps, Snacks, Biscuits","Crisps, Snacks, Biscuits",Nutella Biscuits 20 Pieces 276g,276g,£15.22/kg,4.20,,
Waitrose Kentish Town,"Crisps, Snacks, Biscuits","Crisps, Snacks, Biscuits",Olly's Pretzel Thins Salted 140g,140g,£15.71/kg,2.20,,
Waitrose Kentish Town,"Crisps, Snacks, Biscuits","Crisps, Snacks, Biscuits",Olly's Pretzel Thins Sweet Chilli 140g,140g,£15.71/kg,2.20,,
Waitrose Kentish Town,"Crisps, Snacks, Biscuits","Crisps, Snacks, Biscuits",Oreo Original Biscuits 154g,154g,£11.69/kg,1.80,,
Waitrose Kentish Town,"Crisps, Snacks, Biscuits","Crisps, Snacks, Biscuits",Penn State Original Sea Salted Pretzels 175g,175g,£12.29/kg,2.15,,
Waitrose Kentish Town,"Crisps, Snacks, Biscuits","Crisps, Snacks, Biscuits",Peter's Yard Fig & Spelt Sourdough Crackers 100g,100g,£26.50/kg,2.65,,
Waitrose Kentish Town,"Crisps, Snacks, Biscuits","Crisps, Snacks, Biscuits",Peter's Yard Original Sourdough Crackers 90g,90g,£35.00/kg,3.15,,
Waitrose Kentish Town,"Crisps, Snacks, Biscuits","Crisps, Snacks, Biscuits",Peter's Yard Rosemary & Salt Crackers 90g,90g,£32.22/kg,2.90,,
Waitrose Kentish Town,"Crisps, Snacks, Biscuits","Crisps, Snacks, Biscuits",Pip & Nut Peanut Butter Stuffed Original Oat Bar 3 x 48g,144g,£20.14/kg,2.90,,
Waitrose Kentish Town,"Crisps, Snacks, Biscuits","Crisps, Snacks, Biscuits",Popchips Barbeque Crisps 85g,85g,£31.76/kg,2.70,,
Waitrose Kentish Town,"Crisps, Snacks, Biscuits","Crisps, Snacks, Biscuits",Popchips Salt & Vinegar Crisps 85g,85g,£31.76/kg,2.70,,
Waitrose Kentish Town,"Crisps, Snacks, Biscuits","Crisps, Snacks, Biscuits",Popchips Sea Salt Crisps 85g,85g,£31.76/kg,2.70,,
Waitrose Kentish Town,"Crisps, Snacks, Biscuits","Crisps, Snacks, Biscuits",Popchips Sour Cream & Onion Potato Chips 85g,85g,£31.76/kg,2.70,,
Waitrose Kentish Town,"Crisps, Snacks, Biscuits","Crisps, Snacks, Biscuits",Prewetts Gluten Free Dark Chocolate Ginger Cookies 150g,150g,£24.00/kg,3.60,,
Waitrose Kentish Town,"Crisps, Snacks, Biscuits","Crisps, Snacks, Biscuits",Pringles Crisps Original 165g,165g,£12.30/kg,2.03,2.70,25% off
Waitrose Kentish Town,"Crisps, Snacks, Biscuits","Crisps, Snacks, Biscuits",Pringles Crisps Sour Cream & Onion 165g,165g,£15.52/kg,2.56,3.20,20% off
Waitrose Kentish Town,"Crisps, Snacks, Biscuits","Crisps, Snacks, Biscuits",Pringles Salt & Vinegar Crisps 165g,165g,£11.82/kg,1.95,2.60,25% off
Waitrose Kentish Town,"Crisps, Snacks, Biscuits","Crisps, Snacks, Biscuits",Pringles Texas BBQ Sauce 165g,165g,£11.58/kg,1.91,2.55,25% off
Waitrose Kentish Town,"Crisps, Snacks, Biscuits","Crisps, Snacks, Biscuits",Proper Chips Barbecue Lentil Chips 85g,85g,£26.47/kg,2.25,,
Waitrose Kentish Town,"Crisps, Snacks, Biscuits","Crisps, Snacks, Biscuits",Proper Chips House Hot Sauce 85g,85g,£29.41/kg,2.50,,
Waitrose Kentish Town,"Crisps, Snacks, Biscuits","Crisps, Snacks, Biscuits",Proper Chips Lentil Chips Sea Salt 85g,85g,£29.41/kg,2.50,,
Waitrose Kentish Town,"Crisps, Snacks, Biscuits","Crisps, Snacks, Biscuits",Proper Corn Lightly Sea Salted Popcorn 70g,70g,£28.57/kg,2.00,2.50,20% off
Waitrose Kentish Town,"Crisps, Snacks, Biscuits","Crisps, Snacks, Biscuits",Proper Corn Sweet & Salty Popcorn 90g,90g,£20.89/kg,1.88,2.50,25% off
Waitrose Kentish Town,"Crisps, Snacks, Biscuits","Crisps, Snacks, Biscuits",Propercorn Sweet & Salty Popcorn 6x14g,84g,£30.36/kg,2.55,,
Waitrose Kentish Town,"Crisps, Snacks, Biscuits","Crisps, Snacks, Biscuits",Roka Cheese Crispies 100g,100g,£29.50/kg,2.95,,
Waitrose Kentish Town,"Crisps, Snacks, Biscuits","Crisps, Snacks, Biscuits",Rosales Original Olive Oil Tortas 180g,180g,£23.61/kg,4.25,,
Waitrose Kentish Town,"Crisps, Snacks, Biscuits","Crisps, Snacks, Biscuits",Ryvita Dark Rye Crispbread 250g,250g,£8.80/kg,2.20,,
Waitrose Kentish Town,"Crisps, Snacks, Biscuits","Crisps, Snacks, Biscuits",San Nicasio Smoked Paprika Crisps 150g,150g,£26.33/kg,3.95,,
Waitrose Kentish Town,"Crisps, Snacks, Biscuits","Crisps, Snacks, Biscuits",Serious Pig - Chilli Snackalami - 30g,30g,£73.33/kg,2.20,,
Waitrose Kentish Town,"Crisps, Snacks, Biscuits","Crisps, Snacks, Biscuits",Serious Pig - Classic Snackalami - 30g,30g,£63.33/kg,1.90,,
Waitrose Kentish Town,"Crisps, Snacks, Biscuits","Crisps, Snacks, Biscuits",Serious Pig - Sausage flavour Crisps - 40g,40g,£30.00/kg,1.20,,
Waitrose Kentish Town,"Crisps, Snacks, Biscuits","Crisps, Snacks, Biscuits",Serious Pig - Snackalami 'Fennel' - 30g,30g,£63.33/kg,1.90,,
Waitrose Kentish Town,"Crisps, Snacks, Biscuits","Crisps, Snacks, Biscuits",Serious Pig - Snackingham Chorizo Air-Dried Ham - 35g,35g,£82.86/kg,2.90,,
Waitrose Kentish Town,"Crisps, Snacks, Biscuits","Crisps, Snacks, Biscuits",Serious Pig - Snackingham Classic Air-Dried Ham - 35g,35g,£71.43/kg,2.50,,
Waitrose Kentish Town,"Crisps, Snacks, Biscuits","Crisps, Snacks, Biscuits",Sharwood's Plain Poppadoms 8 per pack,8pk,£0.29 each,2.32,2.90,20% off
Waitrose Kentish Town,"Crisps, Snacks, Biscuits","Crisps, Snacks, Biscuits",Smally's Beef Snack Sticks - Jalapeno 40g,40g,£62.50/kg,2.50,,
Waitrose Kentish Town,"Crisps, Snacks, Biscuits","Crisps, Snacks, Biscuits",Smally's Chilli Biltong 28g,28g,£85.71/kg,2.40,,
Waitrose Kentish Town,"Crisps, Snacks, Biscuits","Crisps, Snacks, Biscuits",Smally's Original Biltong 28g,35g,£68.57/kg,2.40,,
Waitrose Kentish Town,"Crisps, Snacks, Biscuits","Crisps, Snacks, Biscuits",Snack Organisation Sweet Chilli Rice Crackers 100g,100g,£13.00/kg,1.30,,
Waitrose Kentish Town,"Crisps, Snacks, Biscuits","Crisps, Snacks, Biscuits",Snack a Jacks Caramel Rice and Corn Cakes 159g,159g,£16.35/kg,2.60,,
Waitrose Kentish Town,"Crisps, Snacks, Biscuits","Crisps, Snacks, Biscuits","Soffle's Black Pepper, Olive Oil & Sea Salt Pitta Chips 165g",165g,£16.06/kg,2.65,,
Waitrose Kentish Town,"Crisps, Snacks, Biscuits","Crisps, Snacks, Biscuits",Soffle's Pitta Chips Chilli & Garlic 165g,165g,£16.36/kg,2.70,,
Waitrose Kentish Town,"Crisps, Snacks, Biscuits","Crisps, Snacks, Biscuits",Soffle's Rosemary & Thyme Pitta Chips 165g,165g,£16.36/kg,2.70,,
Waitrose Kentish Town,"Crisps, Snacks, Biscuits","Crisps, Snacks, Biscuits",Sunbites Sour Cream & Cracked Black Pepper Multipack Crisps 6x25g,150g,£19.00/kg,2.85,,
Waitrose Kentish Town,"Crisps, Snacks, Biscuits","Crisps, Snacks, Biscuits",Sunbites Sun Ripened Sweet Chilli Crisps Multipack 6 x 25g,150g,£18.00/kg,2.70,,
Waitrose Kentish Town,"Crisps, Snacks, Biscuits","Crisps, Snacks, Biscuits",Superbon Pimento Chips 125g,125g,£24.00/kg,3.00,,
Waitrose Kentish Town,"Crisps, Snacks, Biscuits","Crisps, Snacks, Biscuits",Superbon Salted Chips 125g,125g,£24.00/kg,3.00,,
Waitrose Kentish Town,"Crisps, Snacks, Biscuits","Crisps, Snacks, Biscuits",Superbon Seaweed Chips 125g,135g,£25.56/kg,3.45,,
Waitrose Kentish Town,"Crisps, Snacks, Biscuits","Crisps, Snacks, Biscuits",Superbon Truffle Chips 125g,125g,£27.60/kg,3.45,,
Waitrose Kentish Town,"Crisps, Snacks, Biscuits","Crisps, Snacks, Biscuits",Superbon Yellow Paprika Chips 125g,125g,£24.00/kg,3.00,,
Waitrose Kentish Town,"Crisps, Snacks, Biscuits","Crisps, Snacks, Biscuits",TREK GF Ve Cocoa Oat Flapjack 50g,50g,£39.20/kg,1.96,2.30,15% off
Waitrose Kentish Town,"Crisps, Snacks, Biscuits","Crisps, Snacks, Biscuits",TREK Gluten Free Vegan Salted Caramel Flapjack 50g,50g,£35.80/kg,1.79,2.10,15% off
Waitrose Kentish Town,"Crisps, Snacks, Biscuits","Crisps, Snacks, Biscuits",TREK White Choc & Raspberry Flapjacks 3x50g,150g,£28.00/kg,4.20,,
Waitrose Kentish Town,"Crisps, Snacks, Biscuits","Crisps, Snacks, Biscuits",TUC Original Crackers 150g,150g,£12.00/kg,1.80,2.00,10% off
Waitrose Kentish Town,"Crisps, Snacks, Biscuits","Crisps, Snacks, Biscuits",The Curators Sweet Chilli Chips 85g,85g,£38.24/kg,3.25,,
Waitrose Kentish Town,"Crisps, Snacks, Biscuits","Crisps, Snacks, Biscuits",The Curators Tangy Cheese Chips 85g,85g,£38.24/kg,3.25,,
Waitrose Kentish Town,"Crisps, Snacks, Biscuits","Crisps, Snacks, Biscuits",Torres - Cured Cheese Crisps - 150g,150g,£34.33/kg,5.15,,
Waitrose Kentish Town,"Crisps, Snacks, Biscuits","Crisps, Snacks, Biscuits",Torres - Smoked Paprika Crisps - 150g,150g,£34.33/kg,5.15,,
Waitrose Kentish Town,"Crisps, Snacks, Biscuits","Crisps, Snacks, Biscuits",Torres Black Truffle Potato Crisps 125g,125g,£44.00/kg,5.50,,
Waitrose Kentish Town,"Crisps, Snacks, Biscuits","Crisps, Snacks, Biscuits",Torres Iberico Ham Potato Crisps 150g,150g,£36.67/kg,5.50,,
Waitrose Kentish Town,"Crisps, Snacks, Biscuits","Crisps, Snacks, Biscuits",Trimlyne Melba Toast 100g,100g,£16.50/kg,1.65,,
Waitrose Kentish Town,"Crisps, Snacks, Biscuits","Crisps, Snacks, Biscuits",True Dates - Sour Apple Flavoured Dates - 100g,100g,£23.50/kg,2.35,,
Waitrose Kentish Town,"Crisps, Snacks, Biscuits","Crisps, Snacks, Biscuits",Two Farmers - Hereford Hop Cheese & Onion Sharing Bag - 150g,150g,£18.67/kg,2.80,,
Waitrose Kentish Town,"Crisps, Snacks, Biscuits","Crisps, Snacks, Biscuits",Two Farmers - Lightly Salted Sharing Bag - 150g,150g,£18.67/kg,2.80,,
Waitrose Kentish Town,"Crisps, Snacks, Biscuits","Crisps, Snacks, Biscuits",Two Farmers - Salt & Cider Vinegar Sharing Bag - 150g,150g,£18.67/kg,2.80,,
Waitrose Kentish Town,"Crisps, Snacks, Biscuits","Crisps, Snacks, Biscuits",Tyrrells Furrows Sea Salted Crisps 150g,150g,£22.00/kg,3.30,,
Waitrose Kentish Town,"Crisps, Snacks, Biscuits","Crisps, Snacks, Biscuits",Tyrrells Lightly Sea Salted Crisps 150g,150g,£22.00/kg,3.30,,
Waitrose Kentish Town,"Crisps, Snacks, Biscuits","Crisps, Snacks, Biscuits",Tyrrells Posh Prawn Cocktail Crisps 150g,150g,£20.33/kg,3.05,,
Waitrose Kentish Town,"Crisps, Snacks, Biscuits","Crisps, Snacks, Biscuits",Tyrrells Sea Salt Cider Vinegar Crisps 150g,150g,£22.00/kg,3.30,,
Waitrose Kentish Town,"Crisps, Snacks, Biscuits","Crisps, Snacks, Biscuits",Tyrrells Sweet Chilli & Red Pepper Crisps 150g,150g,£18.33/kg,2.75,,
Waitrose Kentish Town,"Crisps, Snacks, Biscuits","Crisps, Snacks, Biscuits","Tyrrells Veg Crisps Beetroot, Parsnip & Carrot 125g",125g,£25.20/kg,3.15,,
Waitrose Kentish Town,"Crisps, Snacks, Biscuits","Crisps, Snacks, Biscuits",Waitrose 30+ Super Plant Fibre 300g,300g,£18.17/kg,5.45,,
Waitrose Kentish Town,"Crisps, Snacks, Biscuits","Crisps, Snacks, Biscuits",Waitrose 8 Dark Chocolate Ginger Biscuits 180g,180g,£20.83/kg,3.75,,
Waitrose Kentish Town,"Crisps, Snacks, Biscuits","Crisps, Snacks, Biscuits",Waitrose All Butter Shortbread Biscuit Fingers 200g,200g,£7.50/kg,1.50,,
Waitrose Kentish Town,"Crisps, Snacks, Biscuits","Crisps, Snacks, Biscuits",Waitrose Almond Nuts 150g,150g,£23.33/kg,3.50,,
Waitrose Kentish Town,"Crisps, Snacks, Biscuits","Crisps, Snacks, Biscuits",Waitrose Almonds 100g,100g,£22.00/kg,2.20,,
Waitrose Kentish Town,"Crisps, Snacks, Biscuits","Crisps, Snacks, Biscuits",Waitrose Black Sesame Seeds 50g,50g,£44.00/kg,2.20,,
Waitrose Kentish Town,"Crisps, Snacks, Biscuits","Crisps, Snacks, Biscuits",Waitrose Bombay Mix 200g,200g,£9.50/kg,1.90,,
Waitrose Kentish Town,"Crisps, Snacks, Biscuits","Crisps, Snacks, Biscuits",Waitrose Cashew Nuts 400g,400g,£20.25/kg,8.10,,
Waitrose Kentish Town,"Crisps, Snacks, Biscuits","Crisps, Snacks, Biscuits",Waitrose Chia Seeds 150g,150g,£18.33/kg,2.75,,
Waitrose Kentish Town,"Crisps, Snacks, Biscuits","Crisps, Snacks, Biscuits",Waitrose Chocolate & Hazelnut Cookies (200g),200g,£14.75/kg,2.95,,
Waitrose Kentish Town,"Crisps, Snacks, Biscuits","Crisps, Snacks, Biscuits",Waitrose Dark Chocolate Rice Cakes 100g,100g,£22.00/kg,2.20,,
Waitrose Kentish Town,"Crisps, Snacks, Biscuits","Crisps, Snacks, Biscuits",Waitrose Duchy Organic Dried Pitted Dates 250g,250g,£17.80/kg,4.45,,
Waitrose Kentish Town,"Crisps, Snacks, Biscuits","Crisps, Snacks, Biscuits",Waitrose Essential Custard Creams 200g,,,0.50,,
Waitrose Kentish Town,"Crisps, Snacks, Biscuits","Crisps, Snacks, Biscuits",Waitrose Essential Malted Milk Biscuits 200g,200g,£3.75/kg,0.75,,
Waitrose Kentish Town,"Crisps, Snacks, Biscuits","Crisps, Snacks, Biscuits",Waitrose Essential Multi-Pack Ready Salted Crisps 6x25g,150g,£8.67/kg,1.30,,
Waitrose Kentish Town,"Crisps, Snacks, Biscuits","Crisps, Snacks, Biscuits",Waitrose Essential Raisins 500g,500g,£5.60/kg,2.80,,
Waitrose Kentish Town,"Crisps, Snacks, Biscuits","Crisps, Snacks, Biscuits",Waitrose Essential Roasted Salted Large Peanuts 500g,500g,£6.10/kg,3.05,,
Waitrose Kentish Town,"Crisps, Snacks, Biscuits","Crisps, Snacks, Biscuits",Waitrose Essential Shortbread Biscuits 400g,400g,£3.88/kg,1.55,,
Waitrose Kentish Town,"Crisps, Snacks, Biscuits","Crisps, Snacks, Biscuits",Waitrose Essential Variety Crisps 6x25g,,,1.30,,
Waitrose Kentish Town,"Crisps, Snacks, Biscuits","Crisps, Snacks, Biscuits",Waitrose Essentials  Bourbon Creams 400g,400g,£3.13/kg,1.25,,
Waitrose Kentish Town,"Crisps, Snacks, Biscuits","Crisps, Snacks, Biscuits",Waitrose Essentials  High Bake Water Biscuits 200g,200g,£7.75/kg,1.55,,
Waitrose Kentish Town,"Crisps, Snacks, Biscuits","Crisps, Snacks, Biscuits",Waitrose Flaked Almonds 200g,200g,£22.25/kg,4.45,,
Waitrose Kentish Town,"Crisps, Snacks, Biscuits","Crisps, Snacks, Biscuits",Waitrose Free From Gluten Triple Choc Cookies 150g,150g,£24.33/kg,3.65,,
Waitrose Kentish Town,"Crisps, Snacks, Biscuits","Crisps, Snacks, Biscuits",Waitrose Ground Almonds 200g,200g,£18.75/kg,3.75,,
Waitrose Kentish Town,"Crisps, Snacks, Biscuits","Crisps, Snacks, Biscuits",Waitrose High Fibre Fruit & Nut Mix 40g,40g,£20.00/kg,0.80,,
Waitrose Kentish Town,"Crisps, Snacks, Biscuits","Crisps, Snacks, Biscuits",Waitrose Milk Chocolate Rice Cakes 100g,100g,£22.00/kg,2.20,,
Waitrose Kentish Town,"Crisps, Snacks, Biscuits","Crisps, Snacks, Biscuits",Waitrose Mini Poppadoms 80g,80g,£19.38/kg,1.55,,
Waitrose Kentish Town,"Crisps, Snacks, Biscuits","Crisps, Snacks, Biscuits",Waitrose Mixed Nuts 400g,400g,£20.25/kg,8.10,,
Waitrose Kentish Town,"Crisps, Snacks, Biscuits","Crisps, Snacks, Biscuits",Waitrose Mixed Seeds 250g,250g,£12.20/kg,3.05,,
Waitrose Kentish Town,"Crisps, Snacks, Biscuits","Crisps, Snacks, Biscuits",Waitrose No.1 Almond Cantuccini 180g,180g,£19.17/kg,3.45,,
Waitrose Kentish Town,"Crisps, Snacks, Biscuits","Crisps, Snacks, Biscuits",Waitrose No.1 Hand-cooked Beef & Bearnaise Crisps 150g,150g,£8.67/kg,1.30,,
Waitrose Kentish Town,"Crisps, Snacks, Biscuits","Crisps, Snacks, Biscuits",Waitrose No.1 Parmesan & Black Pepper Crispies 75g,75g,£42.67/kg,3.20,,
Waitrose Kentish Town,"Crisps, Snacks, Biscuits","Crisps, Snacks, Biscuits",Waitrose No.1 Pecorino and Truffle Crisps 150g,150g,£11.67/kg,1.75,,
Waitrose Kentish Town,"Crisps, Snacks, Biscuits","Crisps, Snacks, Biscuits",Waitrose No.1 Taggiasca Olive Lingue Crispbread 100g,100g,£22.50/kg,2.25,,
Waitrose Kentish Town,"Crisps, Snacks, Biscuits","Crisps, Snacks, Biscuits",Waitrose No.1 Wild Garlic & Rosemary Nuts 150g,150g,£20.67/kg,3.10,,
Waitrose Kentish Town,"Crisps, Snacks, Biscuits","Crisps, Snacks, Biscuits",Waitrose Nut & Fruit Mix 250g,250g,£16.80/kg,4.20,,
Waitrose Kentish Town,"Crisps, Snacks, Biscuits","Crisps, Snacks, Biscuits",Waitrose Peanut & Cocoa Ball 40g,40g,£41.25/kg,1.65,,
Waitrose Kentish Town,"Crisps, Snacks, Biscuits","Crisps, Snacks, Biscuits",Waitrose Pecans 150g,150g,£23.00/kg,3.45,,
Waitrose Kentish Town,"Crisps, Snacks, Biscuits","Crisps, Snacks, Biscuits",Waitrose Pine Nut Kernels 100g,100g,£49.50/kg,4.95,,
Waitrose Kentish Town,"Crisps, Snacks, Biscuits","Crisps, Snacks, Biscuits",Waitrose Pistachio Kernels 150g,150g,£42.00/kg,6.30,,
Waitrose Kentish Town,"Crisps, Snacks, Biscuits","Crisps, Snacks, Biscuits",Waitrose Prawn Crackers 65g,65g,£26.15/kg,1.70,,
Waitrose Kentish Town,"Crisps, Snacks, Biscuits","Crisps, Snacks, Biscuits","Waitrose Raisin, Nut & Cranberry Mix 400g",400g,£18.50/kg,7.40,,
Waitrose Kentish Town,"Crisps, Snacks, Biscuits","Crisps, Snacks, Biscuits",Waitrose Roasted and Salted Cashews 100g,100g,£22.00/kg,2.20,,
Waitrose Kentish Town,"Crisps, Snacks, Biscuits","Crisps, Snacks, Biscuits",Waitrose Salt & Black Pepper Crisps Mix 150g,150g,£15.67/kg,2.35,,
Waitrose Kentish Town,"Crisps, Snacks, Biscuits","Crisps, Snacks, Biscuits",Waitrose Salt & Vinegar Mix 150g,150g,£14.33/kg,2.15,,
Waitrose Kentish Town,"Crisps, Snacks, Biscuits","Crisps, Snacks, Biscuits",Waitrose Salt & Vinegar Popped Tortillas 80g,80g,£27.50/kg,2.20,,
Waitrose Kentish Town,"Crisps, Snacks, Biscuits","Crisps, Snacks, Biscuits",Waitrose Sea Salted Popcorn 80g,80g,£16.25/kg,1.30,,
Waitrose Kentish Town,"Crisps, Snacks, Biscuits","Crisps, Snacks, Biscuits",Waitrose Seed Berry & Goji Mix 180g,180g,£15.83/kg,2.85,,
Waitrose Kentish Town,"Crisps, Snacks, Biscuits","Crisps, Snacks, Biscuits",Waitrose Sesame Seeds 175g,175g,£13.43/kg,2.35,,
Waitrose Kentish Town,"Crisps, Snacks, Biscuits","Crisps, Snacks, Biscuits",Waitrose Soft Apricots 250g,250g,£20.20/kg,5.05,,
Waitrose Kentish Town,"Crisps, Snacks, Biscuits","Crisps, Snacks, Biscuits",Waitrose Soft Dates 270g,270g,£10.37/kg,2.80,,
Waitrose Kentish Town,"Crisps, Snacks, Biscuits","Crisps, Snacks, Biscuits",Waitrose Soft Figs 250g,250g,£14.80/kg,3.70,,
Waitrose Kentish Town,"Crisps, Snacks, Biscuits","Crisps, Snacks, Biscuits",Waitrose Soft Prunes 500g,500g,£8.80/kg,4.40,,
Waitrose Kentish Town,"Crisps, Snacks, Biscuits","Crisps, Snacks, Biscuits",Waitrose Sour Cream & Chive Crisp Mix 150g,150g,£15.67/kg,2.35,,
Waitrose Kentish Town,"Crisps, Snacks, Biscuits","Crisps, Snacks, Biscuits",Waitrose Stem Ginger Cookies 200g,200g,£14.75/kg,2.95,,
Waitrose Kentish Town,"Crisps, Snacks, Biscuits","Crisps, Snacks, Biscuits",Waitrose Sweet & Salty Popcorn 100g,100g,£13.00/kg,1.30,,
Waitrose Kentish Town,"Crisps, Snacks, Biscuits","Crisps, Snacks, Biscuits",Waitrose Sweet Paprika Popped Tortillas 80g,80g,£27.50/kg,2.20,,
Waitrose Kentish Town,"Crisps, Snacks, Biscuits","Crisps, Snacks, Biscuits",Waitrose Sweet Popcorn 100g,100g,£13.00/kg,1.30,,
Waitrose Kentish Town,"Crisps, Snacks, Biscuits","Crisps, Snacks, Biscuits",Waitrose Walnuts 150g,150g,£24.00/kg,3.60,,
Waitrose Kentish Town,"Crisps, Snacks, Biscuits","Crisps, Snacks, Biscuits",Waitrose White Chocolate Cookies (200g),200g,£14.75/kg,2.95,,
Waitrose Kentish Town,"Crisps, Snacks, Biscuits","Crisps, Snacks, Biscuits",Walkers Baked Sea Salt Multipack Crisps 6x22g,132g,£19.70/kg,2.60,,
Waitrose Kentish Town,"Crisps, Snacks, Biscuits","Crisps, Snacks, Biscuits",Walkers Baked Variety Crisps Multipack 6 x 22g,132g,£19.70/kg,2.60,,
Waitrose Kentish Town,"Crisps, Snacks, Biscuits","Crisps, Snacks, Biscuits",Walkers Cheese & Onion Crisps 45g,45g,£28.89/kg,1.30,,
Waitrose Kentish Town,"Crisps, Snacks, Biscuits","Crisps, Snacks, Biscuits",Walkers Cheese & Onion Multipack Crisps 6x25g,150g,£14.93/kg,2.24,2.80,20% off
Waitrose Kentish Town,"Crisps, Snacks, Biscuits","Crisps, Snacks, Biscuits",Walkers Classic Variety Multipack Crisps 6x25g,150g,£14.93/kg,2.24,2.80,20% off
Waitrose Kentish Town,"Crisps, Snacks, Biscuits","Crisps, Snacks, Biscuits",Walkers French Fries Variety Crisps Multipack 6x18g,108g,£24.07/kg,2.60,,
Waitrose Kentish Town,"Crisps, Snacks, Biscuits","Crisps, Snacks, Biscuits",Walkers Prawn Cocktail Grab Bag Crisps 45g,45g,£18.89/kg,0.85,,
Waitrose Kentish Town,"Crisps, Snacks, Biscuits","Crisps, Snacks, Biscuits",Walkers Prawn Cocktail Multipack Crisps 6x25g,150g,£15.67/kg,2.35,,
Waitrose Kentish Town,"Crisps, Snacks, Biscuits","Crisps, Snacks, Biscuits",Walkers Quavers Cheese Grab Bag Crisps 34g,34g,£41.18/kg,1.40,,
Waitrose Kentish Town,"Crisps, Snacks, Biscuits","Crisps, Snacks, Biscuits",Walkers Quavers Cheese Multipack Crisps 6x16g,96g,£29.17/kg,2.80,,
Waitrose Kentish Town,"Crisps, Snacks, Biscuits","Crisps, Snacks, Biscuits",Walkers Ready Salted Grab Bag Crisps 45g,45g,£28.89/kg,1.30,,
Waitrose Kentish Town,"Crisps, Snacks, Biscuits","Crisps, Snacks, Biscuits",Walkers Ready Salted Multipack Crisps 6x25g,150g,£14.93/kg,2.24,2.80,20% off
Waitrose Kentish Town,"Crisps, Snacks, Biscuits","Crisps, Snacks, Biscuits",Walkers Salt & Vinegar Multipack Crisps 6x25g,150g,£18.67/kg,2.80,,
Waitrose Kentish Town,"Crisps, Snacks, Biscuits","Crisps, Snacks, Biscuits",Walkers Salt Vinegar Grab Bag Crisps 45g,45g,£18.89/kg,0.85,,
Waitrose Kentish Town,"Crisps, Snacks, Biscuits","Crisps, Snacks, Biscuits",Walkers Sensations Mango & Chilli Chutney Sharing Poppadom Crisps 82.5g,83g,£33.13/kg,2.75,,
Waitrose Kentish Town,"Crisps, Snacks, Biscuits","Crisps, Snacks, Biscuits",Walkers Sensations Thai Sweet Chilli Crisps 150g,150g,£20.00/kg,3.00,,2 for £5
Waitrose Kentish Town,"Crisps, Snacks, Biscuits","Crisps, Snacks, Biscuits",Walkers Wotsits Giants Really Cheesy Crisps 130g,130g,£18.46/kg,2.40,3.00,20% off
Waitrose Kentish Town,"Crisps, Snacks, Biscuits","Crisps, Snacks, Biscuits",Walkers Wotsits Really Cheesy Multipack Crisps 6x16.5g,99g,£22.32/kg,2.21,2.60,15% off
Waitrose Kentish Town,"Crisps, Snacks, Biscuits","Crisps, Snacks, Biscuits",What a Date Organic Dates with Pistachio 50g,50g,£66.00/kg,3.30,,
Waitrose Kentish Town,"Crisps, Snacks, Biscuits","Crisps, Snacks, Biscuits",Zaytoun - Large Box of Medjoul Dates - 500g,500g,£20.70/kg,10.35,,
Waitrose Kentish Town,"Crisps, Snacks, Biscuits",Discover our Duchy Organic Range 🥒,Waitrose Duchy Organic Dried Pitted Dates 250g,250g,£17.80/kg,4.45,,
Waitrose Kentish Town,"Crisps, Snacks, Biscuits",Discover our Waitrose No.1 Range,Waitrose No.1 Almond Cantuccini 180g,180g,£19.17/kg,3.45,,
Waitrose Kentish Town,"Crisps, Snacks, Biscuits",Discover our Waitrose No.1 Range,Waitrose No.1 Hand-cooked Beef & Bearnaise Crisps 150g,150g,£8.67/kg,1.30,,
Waitrose Kentish Town,"Crisps, Snacks, Biscuits",Discover our Waitrose No.1 Range,Waitrose No.1 Parmesan & Black Pepper Crispies 75g,75g,£42.67/kg,3.20,,
Waitrose Kentish Town,"Crisps, Snacks, Biscuits",Discover our Waitrose No.1 Range,Waitrose No.1 Wild Garlic & Rosemary Nuts 150g,150g,£20.67/kg,3.10,,
Waitrose Kentish Town,"Crisps, Snacks, Biscuits",Dried Fruit,BEAR Fruit Mango Passionfruit 85g,85g,£32.00/kg,2.72,3.40,20% off
Waitrose Kentish Town,"Crisps, Snacks, Biscuits",Dried Fruit,BEAR Yo Yos Raspberry 5s,5pk,£0.72 each,3.60,,
Waitrose Kentish Town,"Crisps, Snacks, Biscuits",Dried Fruit,BEAR Yo Yos Strawberry 5s,5pk,£0.72 each,3.60,,
Waitrose Kentish Town,"Crisps, Snacks, Biscuits",Dried Fruit,Forest Feast - Pink Lady Apple Wedges - 150g,150g,£30.00/kg,4.50,,
Waitrose Kentish Town,"Crisps, Snacks, Biscuits",Dried Fruit,Forest Feast Dried Mango 100g,100g,£43.00/kg,4.30,,
Waitrose Kentish Town,"Crisps, Snacks, Biscuits",Dried Fruit,Kooky - Freeze Dried Banana 12g,12g,£145.83/kg,1.75,,
Waitrose Kentish Town,"Crisps, Snacks, Biscuits",Dried Fruit,Kooky - Freeze Dried Jackfruit Family Sharing Bag 92g,92g,£108.70/kg,10.00,,
Waitrose Kentish Town,"Crisps, Snacks, Biscuits",Dried Fruit,Kooky - Freeze Dried Mango - 12g,12g,£154.17/kg,1.85,,
Waitrose Kentish Town,"Crisps, Snacks, Biscuits",Dried Fruit,Kooky - Freeze Dried Mango Family Sharing Bag 92g,92g,£108.70/kg,10.00,,
Waitrose Kentish Town,"Crisps, Snacks, Biscuits",Dried Fruit,Kooky - Freeze Dried Mangosteen - 12g,12g,£166.67/kg,2.00,,
Waitrose Kentish Town,"Crisps, Snacks, Biscuits",Dried Fruit,Kooky - Freeze Dried Pineapple 12g,12g,£200.00/kg,2.40,,
Waitrose Kentish Town,"Crisps, Snacks, Biscuits",Dried Fruit,Kooky - Gently Dried Banana - 25g,25g,£58.00/kg,1.45,,
Waitrose Kentish Town,"Crisps, Snacks, Biscuits",Dried Fruit,Kooky - Gently Dried Banana Family Sharing Bag 380g,380g,£26.32/kg,10.00,,
Waitrose Kentish Town,"Crisps, Snacks, Biscuits",Dried Fruit,Kooky - Gently Dried Dragon Fruit - 20g,20g,£77.50/kg,1.55,,
Waitrose Kentish Town,"Crisps, Snacks, Biscuits",Dried Fruit,Kooky - Gently Dried Mango - 25g,25g,£52.00/kg,1.30,,
Waitrose Kentish Town,"Crisps, Snacks, Biscuits",Dried Fruit,Kooky - Gently Dried Mango Family Sharing Bag 380g,380g,£26.32/kg,10.00,,
Waitrose Kentish Town,"Crisps, Snacks, Biscuits",Dried Fruit,True Dates - Sour Apple Flavoured Dates - 100g,100g,£23.50/kg,2.35,,
Waitrose Kentish Town,"Crisps, Snacks, Biscuits",Dried Fruit,Waitrose Duchy Organic Dried Pitted Dates 250g,250g,£17.80/kg,4.45,,
Waitrose Kentish Town,"Crisps, Snacks, Biscuits",Dried Fruit,Waitrose Essential Raisins 500g,500g,£5.60/kg,2.80,,
Waitrose Kentish Town,"Crisps, Snacks, Biscuits",Dried Fruit,"Waitrose Raisin, Nut & Cranberry Mix 400g",400g,£18.50/kg,7.40,,
Waitrose Kentish Town,"Crisps, Snacks, Biscuits",Dried Fruit,Waitrose Soft Apricots 250g,250g,£20.20/kg,5.05,,
Waitrose Kentish Town,"Crisps, Snacks, Biscuits",Dried Fruit,Waitrose Soft Dates 270g,270g,£10.37/kg,2.80,,
Waitrose Kentish Town,"Crisps, Snacks, Biscuits",Dried Fruit,Waitrose Soft Figs 250g,250g,£14.80/kg,3.70,,
Waitrose Kentish Town,"Crisps, Snacks, Biscuits",Dried Fruit,Waitrose Soft Prunes 500g,500g,£8.80/kg,4.40,,
Waitrose Kentish Town,"Crisps, Snacks, Biscuits",Dried Fruit,What a Date Organic Dates with Pistachio 50g,50g,£66.00/kg,3.30,,
Waitrose Kentish Town,"Crisps, Snacks, Biscuits",Dried Fruit,Zaytoun - Large Box of Medjoul Dates - 500g,500g,£20.70/kg,10.35,,
Waitrose Kentish Town,"Crisps, Snacks, Biscuits",Latest Multibuy Offers,Doritos Chilli Heatwave Sharing Tortilla Chips 180g,180g,£17.50/kg,3.15,,2 for £5
Waitrose Kentish Town,"Crisps, Snacks, Biscuits",Latest Multibuy Offers,Doritos Chilli Heatwave Tortilla Chips 160g,160g,£20.63/kg,3.30,,2 for £5
Waitrose Kentish Town,"Crisps, Snacks, Biscuits",Latest Multibuy Offers,Doritos Cool Original Tortilla Chips 180g,180g,£16.67/kg,3.00,,2 for £5
Waitrose Kentish Town,"Crisps, Snacks, Biscuits",Latest Multibuy Offers,Doritos Tangy Cheese Tortilla Chips 180g,180g,£16.67/kg,3.00,,2 for £5
Waitrose Kentish Town,"Crisps, Snacks, Biscuits",Latest Multibuy Offers,Walkers Sensations Thai Sweet Chilli Crisps 150g,150g,£20.00/kg,3.00,,2 for £5
Waitrose Kentish Town,"Crisps, Snacks, Biscuits",Meat Snacks,Billy Franks - Buffalo Hot Wing Turkey Jerky - 30g,30g,£101.67/kg,3.05,,
Waitrose Kentish Town,"Crisps, Snacks, Biscuits",Meat Snacks,Billy Franks - Cheeseburger Beef Jerky - 30g,30g,£101.67/kg,3.05,,
Waitrose Kentish Town,"Crisps, Snacks, Biscuits",Meat Snacks,Billy Franks - Teriyaki Beef Jerky - 30g,30g,£101.67/kg,3.05,,
Waitrose Kentish Town,"Crisps, Snacks, Biscuits",Meat Snacks,Ember Beef Biltong Chilli 45g,45g,£101.11/kg,4.55,,
Waitrose Kentish Town,"Crisps, Snacks, Biscuits",Meat Snacks,Ember Beef Biltong Original 45g,45g,£88.89/kg,4.00,,
Waitrose Kentish Town,"Crisps, Snacks, Biscuits",Meat Snacks,Made For Drink - Biltong: 100% Grass Fed Beef - 30g,30g,£100.00/kg,3.00,,
Waitrose Kentish Town,"Crisps, Snacks, Biscuits",Meat Snacks,Serious Pig - Chilli Snackalami - 30g,30g,£73.33/kg,2.20,,
Waitrose Kentish Town,"Crisps, Snacks, Biscuits",Meat Snacks,Serious Pig - Classic Snackalami - 30g,30g,£63.33/kg,1.90,,
Waitrose Kentish Town,"Crisps, Snacks, Biscuits",Meat Snacks,Serious Pig - Snackalami 'Fennel' - 30g,30g,£63.33/kg,1.90,,
Waitrose Kentish Town,"Crisps, Snacks, Biscuits",Meat Snacks,Serious Pig - Snackingham Chorizo Air-Dried Ham - 35g,35g,£82.86/kg,2.90,,
Waitrose Kentish Town,"Crisps, Snacks, Biscuits",Meat Snacks,Serious Pig - Snackingham Classic Air-Dried Ham - 35g,35g,£71.43/kg,2.50,,
Waitrose Kentish Town,"Crisps, Snacks, Biscuits",Meat Snacks,Smally's Beef Snack Sticks - Jalapeno 40g,40g,£62.50/kg,2.50,,
Waitrose Kentish Town,"Crisps, Snacks, Biscuits",Meat Snacks,Smally's Chilli Biltong 28g,28g,£85.71/kg,2.40,,
Waitrose Kentish Town,"Crisps, Snacks, Biscuits",Meat Snacks,Smally's Original Biltong 28g,35g,£68.57/kg,2.40,,
Waitrose Kentish Town,"Crisps, Snacks, Biscuits",Multipack Crisps,Hula Hoops BBQ Beef Crisps 6x24g,144g,£20.14/kg,2.90,,
Waitrose Kentish Town,"Crisps, Snacks, Biscuits",Multipack Crisps,Hula Hoops Original Multipack Crisps 6 per pack,6pk,£0.48 each,2.90,,
Waitrose Kentish Town,"Crisps, Snacks, Biscuits",Multipack Crisps,Hula Hoops Variety Multipack Crisps 6x24g,144g,£20.14/kg,2.90,,
Waitrose Kentish Town,"Crisps, Snacks, Biscuits",Multipack Crisps,Jacobs Mini Cheddars Original Multipack 6 per pack,6pk,£0.40 each,2.40,,
Waitrose Kentish Town,"Crisps, Snacks, Biscuits",Multipack Crisps,Kettle Chips Lightly Salted Crisps 5x30g,150g,£21.33/kg,3.20,,
Waitrose Kentish Town,"Crisps, Snacks, Biscuits",Multipack Crisps,McCoy's The Classics Ridge Cut Variety Crisp Pack 6x25g,150g,£15.73/kg,2.36,2.95,20% off
Waitrose Kentish Town,"Crisps, Snacks, Biscuits",Multipack Crisps,Mini Cheddars Original 12x23g,276g,£11.74/kg,3.24,4.05,20% off
Waitrose Kentish Town,"Crisps, Snacks, Biscuits",Multipack Crisps,Sunbites Sour Cream & Cracked Black Pepper Multipack Crisps 6x25g,150g,£19.00/kg,2.85,,
Waitrose Kentish Town,"Crisps, Snacks, Biscuits",Multipack Crisps,Sunbites Sun Ripened Sweet Chilli Crisps Multipack 6 x 25g,150g,£18.00/kg,2.70,,
Waitrose Kentish Town,"Crisps, Snacks, Biscuits",Multipack Crisps,Waitrose Essential Multi-Pack Ready Salted Crisps 6x25g,150g,£8.67/kg,1.30,,
Waitrose Kentish Town,"Crisps, Snacks, Biscuits",Multipack Crisps,Waitrose Essential Variety Crisps 6x25g,,,1.30,,
Waitrose Kentish Town,"Crisps, Snacks, Biscuits",Multipack Crisps,Walkers Baked Sea Salt Multipack Crisps 6x22g,132g,£19.70/kg,2.60,,
Waitrose Kentish Town,"Crisps, Snacks, Biscuits",Multipack Crisps,Walkers Baked Variety Crisps Multipack 6 x 22g,132g,£19.70/kg,2.60,,
Waitrose Kentish Town,"Crisps, Snacks, Biscuits",Multipack Crisps,Walkers Cheese & Onion Multipack Crisps 6x25g,150g,£14.93/kg,2.24,2.80,20% off
Waitrose Kentish Town,"Crisps, Snacks, Biscuits",Multipack Crisps,Walkers Classic Variety Multipack Crisps 6x25g,150g,£14.93/kg,2.24,2.80,20% off
Waitrose Kentish Town,"Crisps, Snacks, Biscuits",Multipack Crisps,Walkers French Fries Variety Crisps Multipack 6x18g,108g,£24.07/kg,2.60,,
Waitrose Kentish Town,"Crisps, Snacks, Biscuits",Multipack Crisps,Walkers Prawn Cocktail Multipack Crisps 6x25g,150g,£15.67/kg,2.35,,
Waitrose Kentish Town,"Crisps, Snacks, Biscuits",Multipack Crisps,Walkers Quavers Cheese Multipack Crisps 6x16g,96g,£29.17/kg,2.80,,
Waitrose Kentish Town,"Crisps, Snacks, Biscuits",Multipack Crisps,Walkers Ready Salted Multipack Crisps 6x25g,150g,£14.93/kg,2.24,2.80,20% off
Waitrose Kentish Town,"Crisps, Snacks, Biscuits",Multipack Crisps,Walkers Salt & Vinegar Multipack Crisps 6x25g,150g,£18.67/kg,2.80,,
Waitrose Kentish Town,"Crisps, Snacks, Biscuits",Multipack Crisps,Walkers Wotsits Really Cheesy Multipack Crisps 6x16.5g,99g,£22.32/kg,2.21,2.60,15% off
Waitrose Kentish Town,"Crisps, Snacks, Biscuits",Nuts & Seeds,Doritos Chilli Heatwave Tortilla Chips 160g,160g,£20.63/kg,3.30,,2 for £5
Waitrose Kentish Town,"Crisps, Snacks, Biscuits",Nuts & Seeds,Emma Basic Roasted Black Sesame Seeds 150g,150g,£19.93/kg,2.99,,
Waitrose Kentish Town,"Crisps, Snacks, Biscuits",Nuts & Seeds,Emma Basic Roasted White Sesame Seeds 150g,150g,£19.93/kg,2.99,,
Waitrose Kentish Town,"Crisps, Snacks, Biscuits",Nuts & Seeds,Graze Marmite Crunch Snack Mix 100g,100g,£37.00/kg,3.70,,
Waitrose Kentish Town,"Crisps, Snacks, Biscuits",Nuts & Seeds,KP Dry Roasted Peanuts 250g,250g,£14.40/kg,3.60,,
Waitrose Kentish Town,"Crisps, Snacks, Biscuits",Nuts & Seeds,KP Original Salted Peanuts 250g,250g,£12.96/kg,3.24,3.60,10% off
Waitrose Kentish Town,"Crisps, Snacks, Biscuits",Nuts & Seeds,Linwoods Organic Cold Milled Flaxseed 425g,425g,£18.59/kg,7.90,,
Waitrose Kentish Town,"Crisps, Snacks, Biscuits",Nuts & Seeds,Naturya Organic Chia Seeds 175g,175g,£31.43/kg,5.50,,
Waitrose Kentish Town,"Crisps, Snacks, Biscuits",Nuts & Seeds,Waitrose 30+ Super Plant Fibre 300g,300g,£18.17/kg,5.45,,
Waitrose Kentish Town,"Crisps, Snacks, Biscuits",Nuts & Seeds,Waitrose Almond Nuts 150g,150g,£23.33/kg,3.50,,
Waitrose Kentish Town,"Crisps, Snacks, Biscuits",Nuts & Seeds,Waitrose Almonds 100g,100g,£22.00/kg,2.20,,
Waitrose Kentish Town,"Crisps, Snacks, Biscuits",Nuts & Seeds,Waitrose Black Sesame Seeds 50g,50g,£44.00/kg,2.20,,
Waitrose Kentish Town,"Crisps, Snacks, Biscuits",Nuts & Seeds,Waitrose Cashew Nuts 400g,400g,£20.25/kg,8.10,,
Waitrose Kentish Town,"Crisps, Snacks, Biscuits",Nuts & Seeds,Waitrose Chia Seeds 150g,150g,£18.33/kg,2.75,,
Waitrose Kentish Town,"Crisps, Snacks, Biscuits",Nuts & Seeds,Waitrose Essential Roasted Salted Large Peanuts 500g,500g,£6.10/kg,3.05,,
Waitrose Kentish Town,"Crisps, Snacks, Biscuits",Nuts & Seeds,Waitrose Flaked Almonds 200g,200g,£22.25/kg,4.45,,
Waitrose Kentish Town,"Crisps, Snacks, Biscuits",Nuts & Seeds,Waitrose Ground Almonds 200g,200g,£18.75/kg,3.75,,
Waitrose Kentish Town,"Crisps, Snacks, Biscuits",Nuts & Seeds,Waitrose High Fibre Fruit & Nut Mix 40g,40g,£20.00/kg,0.80,,
Waitrose Kentish Town,"Crisps, Snacks, Biscuits",Nuts & Seeds,Waitrose Mixed Nuts 400g,400g,£20.25/kg,8.10,,
Waitrose Kentish Town,"Crisps, Snacks, Biscuits",Nuts & Seeds,Waitrose Mixed Seeds 250g,250g,£12.20/kg,3.05,,
Waitrose Kentish Town,"Crisps, Snacks, Biscuits",Nuts & Seeds,Waitrose No.1 Wild Garlic & Rosemary Nuts 150g,150g,£20.67/kg,3.10,,
Waitrose Kentish Town,"Crisps, Snacks, Biscuits",Nuts & Seeds,Waitrose Nut & Fruit Mix 250g,250g,£16.80/kg,4.20,,
Waitrose Kentish Town,"Crisps, Snacks, Biscuits",Nuts & Seeds,Waitrose Pecans 150g,150g,£23.00/kg,3.45,,
Waitrose Kentish Town,"Crisps, Snacks, Biscuits",Nuts & Seeds,Waitrose Pine Nut Kernels 100g,100g,£49.50/kg,4.95,,
Waitrose Kentish Town,"Crisps, Snacks, Biscuits",Nuts & Seeds,Waitrose Pistachio Kernels 150g,150g,£42.00/kg,6.30,,
Waitrose Kentish Town,"Crisps, Snacks, Biscuits",Nuts & Seeds,Waitrose Roasted and Salted Cashews 100g,100g,£22.00/kg,2.20,,
Waitrose Kentish Town,"Crisps, Snacks, Biscuits",Nuts & Seeds,Waitrose Seed Berry & Goji Mix 180g,180g,£15.83/kg,2.85,,
Waitrose Kentish Town,"Crisps, Snacks, Biscuits",Nuts & Seeds,Waitrose Sesame Seeds 175g,175g,£13.43/kg,2.35,,
Waitrose Kentish Town,"Crisps, Snacks, Biscuits",Nuts & Seeds,Waitrose Walnuts 150g,150g,£24.00/kg,3.60,,
Waitrose Kentish Town,"Crisps, Snacks, Biscuits",Offers,BEAR Fruit Mango Passionfruit 85g,85g,£32.00/kg,2.72,3.40,20% off
Waitrose Kentish Town,"Crisps, Snacks, Biscuits",Offers,Cadbury Milk Chocolate Fingers Biscuits 114g,114g,£17.19/kg,1.96,2.80,30% off
Waitrose Kentish Town,"Crisps, Snacks, Biscuits",Offers,Carrs Melts Cheese 150g,150g,£12.27/kg,1.84,2.30,20% off
Waitrose Kentish Town,"Crisps, Snacks, Biscuits",Offers,Doritos Chilli Heatwave Sharing Tortilla Chips 180g,180g,£17.50/kg,3.15,,2 for £5
Waitrose Kentish Town,"Crisps, Snacks, Biscuits",Offers,Doritos Chilli Heatwave Tortilla Chips 160g,160g,£20.63/kg,3.30,,2 for £5
Waitrose Kentish Town,"Crisps, Snacks, Biscuits",Offers,Doritos Cool Original Tortilla Chips 180g,180g,£16.67/kg,3.00,,2 for £5
Waitrose Kentish Town,"Crisps, Snacks, Biscuits",Offers,Doritos Tangy Cheese Tortilla Chips 180g,180g,£16.67/kg,3.00,,2 for £5
Waitrose Kentish Town,"Crisps, Snacks, Biscuits",Offers,Foxs Half-Coated Milk Choc Cookies 175g,175g,£12.86/kg,2.25,3.00,25% off
Waitrose Kentish Town,"Crisps, Snacks, Biscuits",Offers,Grenade Carb Killa White Chocolate Cookie Protein Bar 60g,60g,£45.33/kg,2.72,3.40,20% off
Waitrose Kentish Town,"Crisps, Snacks, Biscuits",Offers,Grenade Choc Chip Salted Caramel 60g,60g,£45.33/kg,2.72,3.20,15% off
Waitrose Kentish Town,"Crisps, Snacks, Biscuits",Offers,Grenade Cookie Dough Protein Bar 60g,60g,£46.67/kg,2.80,3.50,20% off
Waitrose Kentish Town,"Crisps, Snacks, Biscuits",Offers,Jacob's Twiglets 150g,150g,£17.07/kg,2.56,3.20,20% off
Waitrose Kentish Town,"Crisps, Snacks, Biscuits",Offers,KIND Dark Chocolate Nuts & Sea Salt 3x30g,90g,£38.00/kg,3.42,3.80,10% off
Waitrose Kentish Town,"Crisps, Snacks, Biscuits",Offers,KP Original Salted Peanuts 250g,250g,£12.96/kg,3.24,3.60,10% off
Waitrose Kentish Town,"Crisps, Snacks, Biscuits",Offers,McCoy's The Classics Ridge Cut Variety Crisp Pack 6x25g,150g,£15.73/kg,2.36,2.95,20% off
Waitrose Kentish Town,"Crisps, Snacks, Biscuits",Offers,McVitie's Digestives Dark Chocolate Biscuit 266g,266g,£9.47/kg,2.52,2.80,10% off
Waitrose Kentish Town,"Crisps, Snacks, Biscuits",Offers,McVitie's Digestives Milk Chocolate Biscuit 266g,266g,£9.47/kg,2.52,2.80,10% off
Waitrose Kentish Town,"Crisps, Snacks, Biscuits",Offers,McVitie's Hobnobs Milk Chocolate Biscuit 262g,262g,£9.62/kg,2.52,2.80,10% off
Waitrose Kentish Town,"Crisps, Snacks, Biscuits",Offers,McVitie's Jaffa Cakes 10 pack,10pk,£0.16 each,1.58,1.75,10% off
Waitrose Kentish Town,"Crisps, Snacks, Biscuits",Offers,Mini Cheddars Original 12x23g,276g,£11.74/kg,3.24,4.05,20% off
Waitrose Kentish Town,"Crisps, Snacks, Biscuits",Offers,Mister Free'd Blue Maize Tortilla Chips 135g,135g,£14.52/kg,1.96,2.30,15% off
Waitrose Kentish Town,"Crisps, Snacks, Biscuits",Offers,Nakd Peanut Delight Bar 4 Pack 140g,140g,£21.71/kg,3.04,3.80,20% off
Waitrose Kentish Town,"Crisps, Snacks, Biscuits",Offers,Nakd Protein Cocoa Hazelnut 3x45g,135g,£21.11/kg,2.85,3.80,25% off
Waitrose Kentish Town,"Crisps, Snacks, Biscuits",Offers,Nature Valley Crunchy & More Oats & Chocolate Cereal Bars 5x42g,210g,£11.81/kg,2.48,3.10,20% off
Waitrose Kentish Town,"Crisps, Snacks, Biscuits",Offers,Nature Valley Crunchy Variety Cereal Bar Pack 5x42g,210g,£12.00/kg,2.52,3.15,20% off
Waitrose Kentish Town,"Crisps, Snacks, Biscuits",Offers,Nature Valley Oats & Honey Granola Bars 5 Pack,5pk,£0.50 each,2.48,3.10,20% off
Waitrose Kentish Town,"Crisps, Snacks, Biscuits",Offers,Pringles Crisps Original 165g,165g,£12.30/kg,2.03,2.70,25% off
Waitrose Kentish Town,"Crisps, Snacks, Biscuits",Offers,Pringles Crisps Sour Cream & Onion 165g,165g,£15.52/kg,2.56,3.20,20% off
Waitrose Kentish Town,"Crisps, Snacks, Biscuits",Offers,Pringles Salt & Vinegar Crisps 165g,165g,£11.82/kg,1.95,2.60,25% off
Waitrose Kentish Town,"Crisps, Snacks, Biscuits",Offers,Pringles Texas BBQ Sauce 165g,165g,£11.58/kg,1.91,2.55,25% off
Waitrose Kentish Town,"Crisps, Snacks, Biscuits",Offers,Proper Corn Lightly Sea Salted Popcorn 70g,70g,£28.57/kg,2.00,2.50,20% off
Waitrose Kentish Town,"Crisps, Snacks, Biscuits",Offers,Proper Corn Sweet & Salty Popcorn 90g,90g,£20.89/kg,1.88,2.50,25% off
Waitrose Kentish Town,"Crisps, Snacks, Biscuits",Offers,Sharwood's Plain Poppadoms 8 per pack,8pk,£0.29 each,2.32,2.90,20% off
Waitrose Kentish Town,"Crisps, Snacks, Biscuits",Offers,TREK GF Ve Cocoa Oat Flapjack 50g,50g,£39.20/kg,1.96,2.30,15% off
Waitrose Kentish Town,"Crisps, Snacks, Biscuits",Offers,TREK Gluten Free Vegan Salted Caramel Flapjack 50g,50g,£35.80/kg,1.79,2.10,15% off
Waitrose Kentish Town,"Crisps, Snacks, Biscuits",Offers,TUC Original Crackers 150g,150g,£12.00/kg,1.80,2.00,10% off
Waitrose Kentish Town,"Crisps, Snacks, Biscuits",Offers,Walkers Cheese & Onion Multipack Crisps 6x25g,150g,£14.93/kg,2.24,2.80,20% off
Waitrose Kentish Town,"Crisps, Snacks, Biscuits",Offers,Walkers Classic Variety Multipack Crisps 6x25g,150g,£14.93/kg,2.24,2.80,20% off
Waitrose Kentish Town,"Crisps, Snacks, Biscuits",Offers,Walkers Ready Salted Multipack Crisps 6x25g,150g,£14.93/kg,2.24,2.80,20% off
Waitrose Kentish Town,"Crisps, Snacks, Biscuits",Offers,Walkers Sensations Thai Sweet Chilli Crisps 150g,150g,£20.00/kg,3.00,,2 for £5
Waitrose Kentish Town,"Crisps, Snacks, Biscuits",Offers,Walkers Wotsits Giants Really Cheesy Crisps 130g,130g,£18.46/kg,2.40,3.00,20% off
Waitrose Kentish Town,"Crisps, Snacks, Biscuits",Offers,Walkers Wotsits Really Cheesy Multipack Crisps 6x16.5g,99g,£22.32/kg,2.21,2.60,15% off
Waitrose Kentish Town,"Crisps, Snacks, Biscuits",Popcorn,Butterkist Toffee Popcorn 170g,170g,£14.71/kg,2.50,,
Waitrose Kentish Town,"Crisps, Snacks, Biscuits",Popcorn,Proper Corn Lightly Sea Salted Popcorn 70g,70g,£28.57/kg,2.00,2.50,20% off
Waitrose Kentish Town,"Crisps, Snacks, Biscuits",Popcorn,Proper Corn Sweet & Salty Popcorn 90g,90g,£20.89/kg,1.88,2.50,25% off
Waitrose Kentish Town,"Crisps, Snacks, Biscuits",Popcorn,Propercorn Sweet & Salty Popcorn 6x14g,84g,£30.36/kg,2.55,,
Waitrose Kentish Town,"Crisps, Snacks, Biscuits",Popcorn,Waitrose Sea Salted Popcorn 80g,80g,£16.25/kg,1.30,,
Waitrose Kentish Town,"Crisps, Snacks, Biscuits",Popcorn,Waitrose Sweet & Salty Popcorn 100g,100g,£13.00/kg,1.30,,
Waitrose Kentish Town,"Crisps, Snacks, Biscuits",Popcorn,Waitrose Sweet Popcorn 100g,100g,£13.00/kg,1.30,,
Waitrose Kentish Town,"Crisps, Snacks, Biscuits",Protein Bars,ENatural Crunchy Gluten Free Peanut & Choc Protein Bars 3x40g,120g,£28.75/kg,3.45,,
Waitrose Kentish Town,"Crisps, Snacks, Biscuits",Protein Bars,Fulfil Chocolate Salted Caramel Protein Bar 40g,40g,£73.75/kg,2.95,,
Waitrose Kentish Town,"Crisps, Snacks, Biscuits",Protein Bars,Grenade Carb Killa White Chocolate Cookie Protein Bar 60g,60g,£45.33/kg,2.72,3.40,20% off
Waitrose Kentish Town,"Crisps, Snacks, Biscuits",Protein Bars,Grenade Choc Chip Salted Caramel 60g,60g,£45.33/kg,2.72,3.20,15% off
Waitrose Kentish Town,"Crisps, Snacks, Biscuits",Protein Bars,Grenade Cookie Dough Protein Bar 60g,60g,£46.67/kg,2.80,3.50,20% off
Waitrose Kentish Town,"Crisps, Snacks, Biscuits",Protein Bars,Kind Protein Double Dark Chocolate 3x42g,126g,£34.92/kg,4.40,,
Waitrose Kentish Town,"Crisps, Snacks, Biscuits",Protein Bars,Nakd Protein Cocoa Hazelnut 3x45g,135g,£21.11/kg,2.85,3.80,25% off
Waitrose Kentish Town,"Crisps, Snacks, Biscuits",Protein Bars,Nakd Protein Peanut Butter 45g,45g,£41.11/kg,1.85,,
Waitrose Kentish Town,"Crisps, Snacks, Biscuits",Protein Bars,Nature Valley Protein Gluten Free Peanut & Chocolate Bars 4x40g 160g,160g,£23.75/kg,3.80,,
Waitrose Kentish Town,"Crisps, Snacks, Biscuits",Protein Bars,TREK Gluten Free Vegan Salted Caramel Flapjack 50g,50g,£35.80/kg,1.79,2.10,15% off
Waitrose Kentish Town,"Crisps, Snacks, Biscuits",Protein Bars,TREK White Choc & Raspberry Flapjacks 3x50g,150g,£28.00/kg,4.20,,
Waitrose Kentish Town,"Crisps, Snacks, Biscuits",Protein Bars,Waitrose Peanut & Cocoa Ball 40g,40g,£41.25/kg,1.65,,
Waitrose Kentish Town,"Crisps, Snacks, Biscuits",Rice & Corn Cakes,Kallo Belgian Milk Chocolate Rice Cake Minis 4x21g,84g,£49.40/kg,4.15,,
Waitrose Kentish Town,"Crisps, Snacks, Biscuits",Rice & Corn Cakes,Kallo Lightly Salted Corn Cakes 130g,130g,£15.77/kg,2.05,,
Waitrose Kentish Town,"Crisps, Snacks, Biscuits",Rice & Corn Cakes,Kallo Rice Cakes Lightly Salted Wholegrain Low Fat 130g,130g,£14.23/kg,1.85,,
Waitrose Kentish Town,"Crisps, Snacks, Biscuits",Rice & Corn Cakes,Snack a Jacks Caramel Rice and Corn Cakes 159g,159g,£16.35/kg,2.60,,
Waitrose Kentish Town,"Crisps, Snacks, Biscuits",Rice & Corn Cakes,Waitrose Dark Chocolate Rice Cakes 100g,100g,£22.00/kg,2.20,,
Waitrose Kentish Town,"Crisps, Snacks, Biscuits",Rice & Corn Cakes,Waitrose Milk Chocolate Rice Cakes 100g,100g,£22.00/kg,2.20,,
Waitrose Kentish Town,"Crisps, Snacks, Biscuits",Sharing Crisps,Eat Real Hummus Chips Tomato and Basil 110g,110g,£24.09/kg,2.65,,
Waitrose Kentish Town,"Crisps, Snacks, Biscuits",Sharing Crisps,Howdah Bombay Mix Crisps 150g,150g,£22.00/kg,3.30,,
Waitrose Kentish Town,"Crisps, Snacks, Biscuits",Sharing Crisps,Howdah Bombay Sweet Chilli Crisps 130g,130g,£25.38/kg,3.30,,
Waitrose Kentish Town,"Crisps, Snacks, Biscuits",Sharing Crisps,Jacob's Twiglets 150g,150g,£17.07/kg,2.56,3.20,20% off
Waitrose Kentish Town,"Crisps, Snacks, Biscuits",Sharing Crisps,Kettle Chips Mature Cheddar & Red Onion Crisps 130g,130g,£24.62/kg,3.20,,
Waitrose Kentish Town,"Crisps, Snacks, Biscuits",Sharing Crisps,Kettle Chips Sea Salt & Balsamic Vinegar Crisps 130g,130g,£24.62/kg,3.20,,
Waitrose Kentish Town,"Crisps, Snacks, Biscuits",Sharing Crisps,Made For Drink - English Truffle Potato Crisps - 150g,150g,£20.67/kg,3.10,,
Waitrose Kentish Town,"Crisps, Snacks, Biscuits",Sharing Crisps,Manomasa Chipotle & Lime Tortilla Chips 140g,140g,£12.50/kg,1.75,,
Waitrose Kentish Town,"Crisps, Snacks, Biscuits",Sharing Crisps,Manomasa Manchego & Green Olive Crisps 140g,140g,£19.64/kg,2.75,,
Waitrose Kentish Town,"Crisps, Snacks, Biscuits",Sharing Crisps,Mr Filbert's Black Truffle Potato Crisps 125g,125g,£37.60/kg,4.70,,
Waitrose Kentish Town,"Crisps, Snacks, Biscuits",Sharing Crisps,Popchips Barbeque Crisps 85g,85g,£31.76/kg,2.70,,
Waitrose Kentish Town,"Crisps, Snacks, Biscuits",Sharing Crisps,Popchips Salt & Vinegar Crisps 85g,85g,£31.76/kg,2.70,,
Waitrose Kentish Town,"Crisps, Snacks, Biscuits",Sharing Crisps,Popchips Sour Cream & Onion Potato Chips 85g,85g,£31.76/kg,2.70,,
Waitrose Kentish Town,"Crisps, Snacks, Biscuits",Sharing Crisps,Pringles Crisps Original 165g,165g,£12.30/kg,2.03,2.70,25% off
Waitrose Kentish Town,"Crisps, Snacks, Biscuits",Sharing Crisps,Pringles Crisps Sour Cream & Onion 165g,165g,£15.52/kg,2.56,3.20,20% off
Waitrose Kentish Town,"Crisps, Snacks, Biscuits",Sharing Crisps,Pringles Salt & Vinegar Crisps 165g,165g,£11.82/kg,1.95,2.60,25% off
Waitrose Kentish Town,"Crisps, Snacks, Biscuits",Sharing Crisps,Pringles Texas BBQ Sauce 165g,165g,£11.58/kg,1.91,2.55,25% off
Waitrose Kentish Town,"Crisps, Snacks, Biscuits",Sharing Crisps,Proper Chips Barbecue Lentil Chips 85g,85g,£26.47/kg,2.25,,
Waitrose Kentish Town,"Crisps, Snacks, Biscuits",Sharing Crisps,Proper Chips House Hot Sauce 85g,85g,£29.41/kg,2.50,,
Waitrose Kentish Town,"Crisps, Snacks, Biscuits",Sharing Crisps,Proper Chips Lentil Chips Sea Salt 85g,85g,£29.41/kg,2.50,,
Waitrose Kentish Town,"Crisps, Snacks, Biscuits",Sharing Crisps,San Nicasio Smoked Paprika Crisps 150g,150g,£26.33/kg,3.95,,
Waitrose Kentish Town,"Crisps, Snacks, Biscuits",Sharing Crisps,"Soffle's Black Pepper, Olive Oil & Sea Salt Pitta Chips 165g",165g,£16.06/kg,2.65,,
Waitrose Kentish Town,"Crisps, Snacks, Biscuits",Sharing Crisps,Soffle's Pitta Chips Chilli & Garlic 165g,165g,£16.36/kg,2.70,,
Waitrose Kentish Town,"Crisps, Snacks, Biscuits",Sharing Crisps,Soffle's Rosemary & Thyme Pitta Chips 165g,165g,£16.36/kg,2.70,,
Waitrose Kentish Town,"Crisps, Snacks, Biscuits",Sharing Crisps,Superbon Pimento Chips 125g,125g,£24.00/kg,3.00,,
Waitrose Kentish Town,"Crisps, Snacks, Biscuits",Sharing Crisps,Superbon Salted Chips 125g,125g,£24.00/kg,3.00,,
Waitrose Kentish Town,"Crisps, Snacks, Biscuits",Sharing Crisps,Superbon Seaweed Chips 125g,135g,£25.56/kg,3.45,,
Waitrose Kentish Town,"Crisps, Snacks, Biscuits",Sharing Crisps,Superbon Truffle Chips 125g,125g,£27.60/kg,3.45,,
Waitrose Kentish Town,"Crisps, Snacks, Biscuits",Sharing Crisps,Superbon Yellow Paprika Chips 125g,125g,£24.00/kg,3.00,,
Waitrose Kentish Town,"Crisps, Snacks, Biscuits",Sharing Crisps,Torres - Cured Cheese Crisps - 150g,150g,£34.33/kg,5.15,,
Waitrose Kentish Town,"Crisps, Snacks, Biscuits",Sharing Crisps,Torres - Smoked Paprika Crisps - 150g,150g,£34.33/kg,5.15,,
Waitrose Kentish Town,"Crisps, Snacks, Biscuits",Sharing Crisps,Torres Black Truffle Potato Crisps 125g,125g,£44.00/kg,5.50,,
Waitrose Kentish Town,"Crisps, Snacks, Biscuits",Sharing Crisps,Torres Extra Virgin Olive Oil Crisps 125g,125g,£41.20/kg,5.15,,
Waitrose Kentish Town,"Crisps, Snacks, Biscuits",Sharing Crisps,Torres Iberico Ham Potato Crisps 150g,150g,£36.67/kg,5.50,,
Waitrose Kentish Town,"Crisps, Snacks, Biscuits",Sharing Crisps,Two Farmers - Hereford Hop Cheese & Onion Sharing Bag - 150g,150g,£18.67/kg,2.80,,
Waitrose Kentish Town,"Crisps, Snacks, Biscuits",Sharing Crisps,Two Farmers - Lightly Salted Sharing Bag - 150g,150g,£18.67/kg,2.80,,
Waitrose Kentish Town,"Crisps, Snacks, Biscuits",Sharing Crisps,Two Farmers - Salt & Cider Vinegar Sharing Bag - 150g,150g,£18.67/kg,2.80,,
Waitrose Kentish Town,"Crisps, Snacks, Biscuits",Sharing Crisps,Tyrrells Furrows Sea Salted Crisps 150g,150g,£22.00/kg,3.30,,
Waitrose Kentish Town,"Crisps, Snacks, Biscuits",Sharing Crisps,Tyrrells Lightly Sea Salted Crisps 150g,150g,£22.00/kg,3.30,,
Waitrose Kentish Town,"Crisps, Snacks, Biscuits",Sharing Crisps,Tyrrells Posh Prawn Cocktail Crisps 150g,150g,£20.33/kg,3.05,,
Waitrose Kentish Town,"Crisps, Snacks, Biscuits",Sharing Crisps,Tyrrells Sea Salt Cider Vinegar Crisps 150g,150g,£22.00/kg,3.30,,
Waitrose Kentish Town,"Crisps, Snacks, Biscuits",Sharing Crisps,Tyrrells Sweet Chilli & Red Pepper Crisps 150g,150g,£18.33/kg,2.75,,
Waitrose Kentish Town,"Crisps, Snacks, Biscuits",Sharing Crisps,"Tyrrells Veg Crisps Beetroot, Parsnip & Carrot 125g",125g,£25.20/kg,3.15,,
Waitrose Kentish Town,"Crisps, Snacks, Biscuits",Sharing Crisps,Waitrose Bombay Mix 200g,200g,£9.50/kg,1.90,,
Waitrose Kentish Town,"Crisps, Snacks, Biscuits",Sharing Crisps,Waitrose No.1 Hand-cooked Beef & Bearnaise Crisps 150g,150g,£8.67/kg,1.30,,
Waitrose Kentish Town,"Crisps, Snacks, Biscuits",Sharing Crisps,Waitrose No.1 Pecorino and Truffle Crisps 150g,150g,£11.67/kg,1.75,,
Waitrose Kentish Town,"Crisps, Snacks, Biscuits",Sharing Crisps,Waitrose Salt & Black Pepper Crisps Mix 150g,150g,£15.67/kg,2.35,,
Waitrose Kentish Town,"Crisps, Snacks, Biscuits",Sharing Crisps,Waitrose Salt & Vinegar Mix 150g,150g,£14.33/kg,2.15,,
Waitrose Kentish Town,"Crisps, Snacks, Biscuits",Sharing Crisps,Waitrose Sour Cream & Chive Crisp Mix 150g,150g,£15.67/kg,2.35,,
Waitrose Kentish Town,"Crisps, Snacks, Biscuits",Sharing Crisps,Walkers Sensations Thai Sweet Chilli Crisps 150g,150g,£20.00/kg,3.00,,2 for £5
Waitrose Kentish Town,"Crisps, Snacks, Biscuits",Sharing Crisps,Walkers Wotsits Giants Really Cheesy Crisps 130g,130g,£18.46/kg,2.40,3.00,20% off
Waitrose Kentish Town,"Crisps, Snacks, Biscuits",Single Crisps,Crunchy Baked Cheese Shiitake Mushroom Chips 40g,40g,£63.75/kg,2.55,,
Waitrose Kentish Town,"Crisps, Snacks, Biscuits",Single Crisps,Crunchy Miso Caramel Shiitake Mushroom Chips 40g,40g,£63.75/kg,2.55,,
Waitrose Kentish Town,"Crisps, Snacks, Biscuits",Single Crisps,Crunchy Okra Chips 40g,40g,£63.75/kg,2.55,,
Waitrose Kentish Town,"Crisps, Snacks, Biscuits",Single Crisps,Crunchy Oyster Mushroom Chips 40g,40g,£63.75/kg,2.55,,
Waitrose Kentish Town,"Crisps, Snacks, Biscuits",Single Crisps,Crunchy Shiitake Mushroom Chips 40g,40g,£63.75/kg,2.55,,
Waitrose Kentish Town,"Crisps, Snacks, Biscuits",Single Crisps,Crunchy Truffle Shiitake Mushroom Chips 40g,40g,£63.75/kg,2.55,,
Waitrose Kentish Town,"Crisps, Snacks, Biscuits",Single Crisps,Crunchy Trumpet Mushroom Chips 40g,40g,£63.75/kg,2.55,,
Waitrose Kentish Town,"Crisps, Snacks, Biscuits",Single Crisps,Hula Hoops Big Hoops BBQ Beef Crisps 45g,45g,£33.33/kg,1.50,,
Waitrose Kentish Town,"Crisps, Snacks, Biscuits",Single Crisps,Lava Cheese Bacon Crisps 60g,60g,£81.67/kg,4.90,,
Waitrose Kentish Town,"Crisps, Snacks, Biscuits",Single Crisps,Lava Cheese Sour Cream & Onion 60g,60g,£91.67/kg,5.50,,
Waitrose Kentish Town,"Crisps, Snacks, Biscuits",Single Crisps,McCoy's Ridge Cut Flame Grilled Steak Crisps 45g,45g,£33.33/kg,1.50,,
Waitrose Kentish Town,"Crisps, Snacks, Biscuits",Single Crisps,Nudie - Katsu Curry Cauliflower Crisps - 80g,80g,£35.63/kg,2.85,,
Waitrose Kentish Town,"Crisps, Snacks, Biscuits",Single Crisps,Popchips Sea Salt Crisps 85g,85g,£31.76/kg,2.70,,
Waitrose Kentish Town,"Crisps, Snacks, Biscuits",Single Crisps,Serious Pig - Sausage flavour Crisps - 40g,40g,£30.00/kg,1.20,,
Waitrose Kentish Town,"Crisps, Snacks, Biscuits",Single Crisps,The Curators Sweet Chilli Chips 85g,85g,£38.24/kg,3.25,,
Waitrose Kentish Town,"Crisps, Snacks, Biscuits",Single Crisps,The Curators Tangy Cheese Chips 85g,85g,£38.24/kg,3.25,,
Waitrose Kentish Town,"Crisps, Snacks, Biscuits",Single Crisps,Waitrose No.1 Parmesan & Black Pepper Crispies 75g,75g,£42.67/kg,3.20,,
Waitrose Kentish Town,"Crisps, Snacks, Biscuits",Single Crisps,Waitrose Prawn Crackers 65g,65g,£26.15/kg,1.70,,
Waitrose Kentish Town,"Crisps, Snacks, Biscuits",Single Crisps,Walkers Cheese & Onion Crisps 45g,45g,£28.89/kg,1.30,,
Waitrose Kentish Town,"Crisps, Snacks, Biscuits",Single Crisps,Walkers Prawn Cocktail Grab Bag Crisps 45g,45g,£18.89/kg,0.85,,
Waitrose Kentish Town,"Crisps, Snacks, Biscuits",Single Crisps,Walkers Quavers Cheese Grab Bag Crisps 34g,34g,£41.18/kg,1.40,,
Waitrose Kentish Town,"Crisps, Snacks, Biscuits",Single Crisps,Walkers Ready Salted Grab Bag Crisps 45g,45g,£28.89/kg,1.30,,
Waitrose Kentish Town,"Crisps, Snacks, Biscuits",Single Crisps,Walkers Salt Vinegar Grab Bag Crisps 45g,45g,£18.89/kg,0.85,,
Waitrose Kentish Town,"Crisps, Snacks, Biscuits",The Friday Flex - Save 20%,Sharwood's Plain Poppadoms 8 per pack,8pk,£0.29 each,2.32,2.90,20% off
Waitrose Kentish Town,"Crisps, Snacks, Biscuits",Tortilla Chips,Blanco Nino Chilli Tortilla Chips 170g,170g,£19.41/kg,3.30,,
Waitrose Kentish Town,"Crisps, Snacks, Biscuits",Tortilla Chips,Blanco Nino Chipotle Tortilla Chips 170g,170g,£17.65/kg,3.00,,
Waitrose Kentish Town,"Crisps, Snacks, Biscuits",Tortilla Chips,Blanco Nino Jalapeno Tortilla Chips 170g,170g,£17.65/kg,3.00,,
Waitrose Kentish Town,"Crisps, Snacks, Biscuits",Tortilla Chips,Blanco Nino Meaty Asado Traditional Tortilla Chips - 170g,,,3.25,,
Waitrose Kentish Town,"Crisps, Snacks, Biscuits",Tortilla Chips,Blanco Nino Salted Tortilla Chips 170g,170g,£19.41/kg,3.30,,
Waitrose Kentish Town,"Crisps, Snacks, Biscuits",Tortilla Chips,Doritos Chilli Heatwave Sharing Tortilla Chips 180g,180g,£17.50/kg,3.15,,2 for £5
Waitrose Kentish Town,"Crisps, Snacks, Biscuits",Tortilla Chips,Doritos Cool Original Tortilla Chips 180g,180g,£16.67/kg,3.00,,2 for £5
Waitrose Kentish Town,"Crisps, Snacks, Biscuits",Tortilla Chips,Doritos Tangy Cheese Tortilla Chips 180g,180g,£16.67/kg,3.00,,2 for £5
Waitrose Kentish Town,"Crisps, Snacks, Biscuits",Tortilla Chips,Kettle Tortilla Cheese & Onion 140g,140g,£20.71/kg,2.90,,
Waitrose Kentish Town,"Crisps, Snacks, Biscuits",Tortilla Chips,Kettle Tortilla Salt & Pepper 140g,140g,£20.71/kg,2.90,,
Waitrose Kentish Town,"Crisps, Snacks, Biscuits",Tortilla Chips,Mister Free'd Blue Maize Tortilla Chips 135g,135g,£14.52/kg,1.96,2.30,15% off
Waitrose Kentish Town,"Crisps, Snacks, Biscuits",Tortilla Chips,Waitrose Salt & Vinegar Popped Tortillas 80g,80g,£27.50/kg,2.20,,
Waitrose Kentish Town,"Crisps, Snacks, Biscuits",Tortilla Chips,Waitrose Sweet Paprika Popped Tortillas 80g,80g,£27.50/kg,2.20,,
Waitrose Kentish Town,"Crisps, Snacks, Biscuits",Trending,Superbon Pimento Chips 125g,125g,£24.00/kg,3.00,,
Waitrose Kentish Town,"Crisps, Snacks, Biscuits",Trending,Superbon Salted Chips 125g,125g,£24.00/kg,3.00,,
Waitrose Kentish Town,"Crisps, Snacks, Biscuits",Trending,Superbon Seaweed Chips 125g,135g,£25.56/kg,3.45,,
Waitrose Kentish Town,"Crisps, Snacks, Biscuits",Trending,Superbon Truffle Chips 125g,125g,£27.60/kg,3.45,,
Waitrose Kentish Town,"Crisps, Snacks, Biscuits",Trending,Superbon Yellow Paprika Chips 125g,125g,£24.00/kg,3.00,,
Waitrose Kentish Town,"Deli, Dips, Food To Go",Antipasti & Dips,Belazu Black Olive Tapenade 170g,170g,£25.00/kg,4.25,,
Waitrose Kentish Town,"Deli, Dips, Food To Go",Antipasti & Dips,Doritos Hot Salsa Sharing Dip 300g,300g,£10.00/kg,3.00,,2 for £5
Waitrose Kentish Town,"Deli, Dips, Food To Go",Antipasti & Dips,Doritos Mild Salsa Sharing Dip 300g,300g,£9.00/kg,2.70,,2 for £5
Waitrose Kentish Town,"Deli, Dips, Food To Go",Antipasti & Dips,Gran Luchito Chipotle Salsa 300g,300g,£11.33/kg,3.40,,
Waitrose Kentish Town,"Deli, Dips, Food To Go",Antipasti & Dips,Holy Moly Smashed Avocado (150g),150g,£17.00/kg,2.55,,
Waitrose Kentish Town,"Deli, Dips, Food To Go",Antipasti & Dips,Sabra Houmous Extra Dip 200g,200g,£13.50/kg,2.70,,
Waitrose Kentish Town,"Deli, Dips, Food To Go",Antipasti & Dips,Waitrose Cheese & Onion Crispbakes 230g,230g,£11.96/kg,2.75,,
Waitrose Kentish Town,"Deli, Dips, Food To Go",Antipasti & Dips,Waitrose Duchy Organic Houmous 200g,,,2.15,,
Waitrose Kentish Town,"Deli, Dips, Food To Go",Antipasti & Dips,Waitrose Essential Houmous 200g,200g,£8.50/kg,1.70,,
Waitrose Kentish Town,"Deli, Dips, Food To Go",Antipasti & Dips,Waitrose Extra Virgin Olive Oil Houmous Dip 200g,200g,£9.25/kg,1.85,,
Waitrose Kentish Town,"Deli, Dips, Food To Go",Antipasti & Dips,Waitrose Feta & Honey Filo Rolls 120g,120g,£36.67/kg,4.40,,
Waitrose Kentish Town,"Deli, Dips, Food To Go",Antipasti & Dips,Waitrose Guacamole 170g,170g,£11.47/kg,1.95,,
Waitrose Kentish Town,"Deli, Dips, Food To Go",Antipasti & Dips,Waitrose No.1 Creamy Pecorino Dip 170g,170g,£19.41/kg,3.30,,
Waitrose Kentish Town,"Deli, Dips, Food To Go",Antipasti & Dips,Waitrose No.1 EV Olive Oil Houmous Dip 170g,170g,£19.41/kg,3.30,,
Waitrose Kentish Town,"Deli, Dips, Food To Go",Antipasti & Dips,Waitrose No.1 Vegetable Antipasti Arancini with Basil Pesto 230g,230g,£16.52/kg,3.80,4.75,20% off
Waitrose Kentish Town,"Deli, Dips, Food To Go",Antipasti & Dips,Waitrose No.1 Watercress Tzatziki Dip 170g,170g,£19.41/kg,3.30,,
Waitrose Kentish Town,"Deli, Dips, Food To Go",Antipasti & Dips,Waitrose Red Pepper Houmous 200g,200g,£6.85/kg,1.37,1.95,30% off
Waitrose Kentish Town,"Deli, Dips, Food To Go",Antipasti & Dips,Waitrose Sour Cream & Chive Dip 200g,200g,£10.25/kg,2.05,,
Waitrose Kentish Town,"Deli, Dips, Food To Go",Antipasti & Dips,Waitrose Sun-dried Tomatoes 280g,280g,£14.29/kg,4.00,,
Waitrose Kentish Town,"Deli, Dips, Food To Go",Antipasti & Dips,Waitrose Sweet Potato Falafel 192g,192g,£16.04/kg,3.08,4.40,30% off
Waitrose Kentish Town,"Deli, Dips, Food To Go",Antipasti & Dips,Waitrose Sweetcorn Fritters 200g,,,4.10,,
Waitrose Kentish Town,"Deli, Dips, Food To Go",Antipasti & Dips,Waitrose Tex Mex Trio Dip 240g,240g,£11.25/kg,2.70,,
Waitrose Kentish Town,"Deli, Dips, Food To Go",Antipasti & Dips,Waitrose Tomato Salsa 200g,200g,£9.75/kg,1.95,,
Waitrose Kentish Town,"Deli, Dips, Food To Go",Antipasti & Dips,Waitrose Tzatziki Dip 200g,200g,£9.75/kg,1.95,,
Waitrose Kentish Town,"Deli, Dips, Food To Go",Back To Routine,Waitrose Apple Mango Strawberry & Blueberry 265g,265g,£10.45/kg,2.77,3.95,30% off
Waitrose Kentish Town,"Deli, Dips, Food To Go",Back To Routine,Waitrose Essential Honey Roast Ham Finely Sliced 140g,140g,£15.71/kg,2.20,,
Waitrose Kentish Town,"Deli, Dips, Food To Go",Back To Routine,Waitrose Prepared Pineapple Chunks 275g,275g,£11.45/kg,3.15,,
Waitrose Kentish Town,"Deli, Dips, Food To Go",Chef's Pantry,Gran Luchito Chipotle Salsa 300g,300g,£11.33/kg,3.40,,
Waitrose Kentish Town,"Deli, Dips, Food To Go",Cooked Meats,Dicky's Pork Rillette 125g,125g,£51.92/kg,6.49,,
Waitrose Kentish Town,"Deli, Dips, Food To Go",Cooked Meats,Dicky's Venison Rillette 125g,125g,£51.92/kg,6.49,,
Waitrose Kentish Town,"Deli, Dips, Food To Go",Cooked Meats,Pate Pour Vous - Chicken Liver Pâté With Port Wine - 180g,180g,£20.00/kg,3.60,,
Waitrose Kentish Town,"Deli, Dips, Food To Go",Cooked Meats,Waitrose British Roast Chicken Breast 6 Slices 130g,130g,£32.31/kg,4.20,,
Waitrose Kentish Town,"Deli, Dips, Food To Go",Cooked Meats,Waitrose Chipotle & Lime Chicken Pieces 160g,160g,£20.38/kg,3.26,4.65,30% off
Waitrose Kentish Town,"Deli, Dips, Food To Go",Cooked Meats,Waitrose Cumberland Picnic Eggs 200g,200g,£20.50/kg,4.10,,
Waitrose Kentish Town,"Deli, Dips, Food To Go",Cooked Meats,Waitrose No.1 Chicken Liver Parfait 75g,75g,£72.00/kg,5.40,,
Waitrose Kentish Town,"Deli, Dips, Food To Go",Cooked Meats,Waitrose No.1 Free Range Applewood Smoked Turkey 80g,80g,£61.88/kg,4.95,,
Waitrose Kentish Town,"Deli, Dips, Food To Go",Cooked Meats,Waitrose Sweet Chilli Roast Chicken Pieces 160g,160g,£23.25/kg,3.72,4.65,20% off
Waitrose Kentish Town,"Deli, Dips, Food To Go","Deli, Dips, Food To Go",Belazu Black Olive Tapenade 170g,170g,£25.00/kg,4.25,,
Waitrose Kentish Town,"Deli, Dips, Food To Go","Deli, Dips, Food To Go",Dicky's Pork Rillette 125g,125g,£51.92/kg,6.49,,
Waitrose Kentish Town,"Deli, Dips, Food To Go","Deli, Dips, Food To Go",Dicky's Venison Rillette 125g,125g,£51.92/kg,6.49,,
Waitrose Kentish Town,"Deli, Dips, Food To Go","Deli, Dips, Food To Go",Doritos Hot Salsa Sharing Dip 300g,300g,£10.00/kg,3.00,,2 for £5
Waitrose Kentish Town,"Deli, Dips, Food To Go","Deli, Dips, Food To Go",Doritos Mild Salsa Sharing Dip 300g,300g,£9.00/kg,2.70,,2 for £5
Waitrose Kentish Town,"Deli, Dips, Food To Go","Deli, Dips, Food To Go",East Coast Cured Porcini & Truffle Salami 120g,120g,£68.75/kg,8.25,,
Waitrose Kentish Town,"Deli, Dips, Food To Go","Deli, Dips, Food To Go",East Coast Cured Whisky Oak Smoked Nduja 130g,130g,£57.69/kg,7.50,,
Waitrose Kentish Town,"Deli, Dips, Food To Go","Deli, Dips, Food To Go",Fragata Olives Filled with Anchovy drained 150g,150g,£18.33/kg,2.75,,
Waitrose Kentish Town,"Deli, Dips, Food To Go","Deli, Dips, Food To Go",Gaea Pitted Kalamata Olives drained 160g,160g,£20.44/kg,3.27,3.85,15% off
Waitrose Kentish Town,"Deli, Dips, Food To Go","Deli, Dips, Food To Go",Gran Luchito Chipotle Salsa 300g,300g,£11.33/kg,3.40,,
Waitrose Kentish Town,"Deli, Dips, Food To Go","Deli, Dips, Food To Go",Holy Moly Smashed Avocado (150g),150g,£17.00/kg,2.55,,
Waitrose Kentish Town,"Deli, Dips, Food To Go","Deli, Dips, Food To Go",Karine & Jeff - Savory Squash & Carrot Bisque - 500ml,500ml,£12.10/L,6.05,,
Waitrose Kentish Town,"Deli, Dips, Food To Go","Deli, Dips, Food To Go",Leafy Rainbow Prepared Salad 290g,290g,£7.59/kg,2.20,4.40,50% off
Waitrose Kentish Town,"Deli, Dips, Food To Go","Deli, Dips, Food To Go",Mr Filbert's - Snack Salami Chorizo - 38g,38g,£65.79/kg,2.50,,
Waitrose Kentish Town,"Deli, Dips, Food To Go","Deli, Dips, Food To Go",New Covent Garden Chicken Soup 560g,560g,£5.09/kg,2.85,,
Waitrose Kentish Town,"Deli, Dips, Food To Go","Deli, Dips, Food To Go",OLLY's - Olives - Basil & Garlic - 50g,50g,£30.00/kg,1.50,,
Waitrose Kentish Town,"Deli, Dips, Food To Go","Deli, Dips, Food To Go",OLLY's - Olives - Chilli Rosemary - 50g,50g,£33.00/kg,1.65,,
Waitrose Kentish Town,"Deli, Dips, Food To Go","Deli, Dips, Food To Go",Pate Pour Vous - Chicken Liver Pâté With Port Wine - 180g,180g,£20.00/kg,3.60,,
Waitrose Kentish Town,"Deli, Dips, Food To Go","Deli, Dips, Food To Go",Pelagonia - Pepper Stuffed Olives - 300g,300g,£12.33/kg,3.70,,
Waitrose Kentish Town,"Deli, Dips, Food To Go","Deli, Dips, Food To Go",Pollen and Grace Mexican Bowl 400g,400g,£7.58/kg,3.03,6.05,50% off
Waitrose Kentish Town,"Deli, Dips, Food To Go","Deli, Dips, Food To Go",Renourish Immunity Soup 500g,500g,£7.90/kg,3.95,,
Waitrose Kentish Town,"Deli, Dips, Food To Go","Deli, Dips, Food To Go",Renourish Restore Soup 500g,500g,£7.90/kg,3.95,,
Waitrose Kentish Town,"Deli, Dips, Food To Go","Deli, Dips, Food To Go",Sabra Houmous Extra Dip 200g,200g,£13.50/kg,2.70,,
Waitrose Kentish Town,"Deli, Dips, Food To Go","Deli, Dips, Food To Go",Waitrose Apple Mango Strawberry & Blueberry 265g,265g,£10.45/kg,2.77,3.95,30% off
Waitrose Kentish Town,"Deli, Dips, Food To Go","Deli, Dips, Food To Go",Waitrose British Finely Sliced Honey Roast Ham 115g,115g,£31.30/kg,3.60,,
Waitrose Kentish Town,"Deli, Dips, Food To Go","Deli, Dips, Food To Go",Waitrose British Roast Chicken Breast 6 Slices 130g,130g,£32.31/kg,4.20,,
Waitrose Kentish Town,"Deli, Dips, Food To Go","Deli, Dips, Food To Go",Waitrose Broccoli Spinach Ricotta Quiche 400g,,,4.35,,
Waitrose Kentish Town,"Deli, Dips, Food To Go","Deli, Dips, Food To Go",Waitrose Butternut Squash & Tarragon Soup 600g,600g,£5.33/kg,3.20,,
Waitrose Kentish Town,"Deli, Dips, Food To Go","Deli, Dips, Food To Go",Waitrose Caesar Salad 250g,250g,£7.44/kg,1.86,2.65,30% off
Waitrose Kentish Town,"Deli, Dips, Food To Go","Deli, Dips, Food To Go",Waitrose Cheese & Onion Crispbakes 230g,230g,£11.96/kg,2.75,,
Waitrose Kentish Town,"Deli, Dips, Food To Go","Deli, Dips, Food To Go",Waitrose Cheese & Onion Quiche 400g,400g,£10.88/kg,4.35,,
Waitrose Kentish Town,"Deli, Dips, Food To Go","Deli, Dips, Food To Go",Waitrose Chicken & Vegetable Broth 600g,600g,£5.33/kg,3.20,,
Waitrose Kentish Town,"Deli, Dips, Food To Go","Deli, Dips, Food To Go",Waitrose Chipotle & Lime Chicken Pieces 160g,160g,£20.38/kg,3.26,4.65,30% off
Waitrose Kentish Town,"Deli, Dips, Food To Go","Deli, Dips, Food To Go",Waitrose Chorizo & Gouda Involtini 80g,80g,£55.00/kg,4.40,,
Waitrose Kentish Town,"Deli, Dips, Food To Go","Deli, Dips, Food To Go",Waitrose Chorizo Ring 225g,225g,£18.22/kg,4.10,,
Waitrose Kentish Town,"Deli, Dips, Food To Go","Deli, Dips, Food To Go",Waitrose Cream of Chicken Soup 600g,600g,£5.50/kg,3.30,,
Waitrose Kentish Town,"Deli, Dips, Food To Go","Deli, Dips, Food To Go",Waitrose Creamy Carrot & Coriander Soup 600g,600g,£5.50/kg,3.30,,
Waitrose Kentish Town,"Deli, Dips, Food To Go","Deli, Dips, Food To Go",Waitrose Cumberland Picnic Eggs 200g,200g,£20.50/kg,4.10,,
Waitrose Kentish Town,"Deli, Dips, Food To Go","Deli, Dips, Food To Go",Waitrose Deli Style Coleslaw 300g,300g,£4.57/kg,1.37,1.95,30% off
Waitrose Kentish Town,"Deli, Dips, Food To Go","Deli, Dips, Food To Go",Waitrose Diced Chorizo 2x60g,120g,£29.17/kg,3.50,,
Waitrose Kentish Town,"Deli, Dips, Food To Go","Deli, Dips, Food To Go",Waitrose Duchy Organic Houmous 200g,,,2.15,,
Waitrose Kentish Town,"Deli, Dips, Food To Go","Deli, Dips, Food To Go",Waitrose Essential Honey Roast Ham Finely Sliced 140g,140g,£15.71/kg,2.20,,
Waitrose Kentish Town,"Deli, Dips, Food To Go","Deli, Dips, Food To Go",Waitrose Essential Houmous 200g,200g,£8.50/kg,1.70,,
Waitrose Kentish Town,"Deli, Dips, Food To Go","Deli, Dips, Food To Go",Waitrose Essential Pitted Black Olives 350g,350g,£4.86/kg,1.70,,
Waitrose Kentish Town,"Deli, Dips, Food To Go","Deli, Dips, Food To Go",Waitrose Extra Virgin Olive Oil Houmous Dip 200g,200g,£9.25/kg,1.85,,
Waitrose Kentish Town,"Deli, Dips, Food To Go","Deli, Dips, Food To Go",Waitrose Feta & Honey Filo Rolls 120g,120g,£36.67/kg,4.40,,
Waitrose Kentish Town,"Deli, Dips, Food To Go","Deli, Dips, Food To Go","Waitrose Freekeh, Black Rice & Chickpeas Salad 300g",300g,£9.67/kg,2.90,,
Waitrose Kentish Town,"Deli, Dips, Food To Go","Deli, Dips, Food To Go",Waitrose Fruit Berry Medley 230g,230g,£9.61/kg,2.21,3.15,30% off
Waitrose Kentish Town,"Deli, Dips, Food To Go","Deli, Dips, Food To Go",Waitrose Garlic & Jalapeno Stuffed Olives 150g,150g,£28.67/kg,4.30,,
Waitrose Kentish Town,"Deli, Dips, Food To Go","Deli, Dips, Food To Go",Waitrose Greek Kalamata Olives 300g,300g,£12.00/kg,3.60,,
Waitrose Kentish Town,"Deli, Dips, Food To Go","Deli, Dips, Food To Go",Waitrose Guacamole 170g,170g,£11.47/kg,1.95,,
Waitrose Kentish Town,"Deli, Dips, Food To Go","Deli, Dips, Food To Go",Waitrose Italian Antipasto Platter 105g,105g,£37.14/kg,3.90,,
Waitrose Kentish Town,"Deli, Dips, Food To Go","Deli, Dips, Food To Go",Waitrose Italian Milano Salami 16 Slices 80g,80g,£31.25/kg,2.50,,
Waitrose Kentish Town,"Deli, Dips, Food To Go","Deli, Dips, Food To Go",Waitrose Italian Prosciutto Cotto 110g,110g,£35.00/kg,3.85,,
Waitrose Kentish Town,"Deli, Dips, Food To Go","Deli, Dips, Food To Go",Waitrose Italian Prosciutto Crudo 6 Slices 80g,80g,£50.00/kg,4.00,,
Waitrose Kentish Town,"Deli, Dips, Food To Go","Deli, Dips, Food To Go",Waitrose Mango & Strawberry 225g,225g,£11.51/kg,2.59,3.70,30% off
Waitrose Kentish Town,"Deli, Dips, Food To Go","Deli, Dips, Food To Go",Waitrose Mango Chunks 280g,280g,£14.29/kg,4.00,,
Waitrose Kentish Town,"Deli, Dips, Food To Go","Deli, Dips, Food To Go",Waitrose Manzanilla Olives & Manchego 150g,150g,£29.33/kg,4.40,,
Waitrose Kentish Town,"Deli, Dips, Food To Go","Deli, Dips, Food To Go",Waitrose Melon Slices 280g,280g,£11.25/kg,3.15,,
Waitrose Kentish Town,"Deli, Dips, Food To Go","Deli, Dips, Food To Go",Waitrose Melton Mowbray Pork Pies 6 per pack,6pk,£0.63 each,3.75,,
Waitrose Kentish Town,"Deli, Dips, Food To Go","Deli, Dips, Food To Go",Waitrose Mozzarella Tomato & Pesto Salad 220g,,,3.08,4.40,30% off
Waitrose Kentish Town,"Deli, Dips, Food To Go","Deli, Dips, Food To Go",Waitrose No.1 Chicken Liver Parfait 75g,75g,£72.00/kg,5.40,,
Waitrose Kentish Town,"Deli, Dips, Food To Go","Deli, Dips, Food To Go","Waitrose No.1 Chicken, Bacon & Leek Pie 500g",500g,£15.60/kg,7.80,,
Waitrose Kentish Town,"Deli, Dips, Food To Go","Deli, Dips, Food To Go",Waitrose No.1 Creamy Pecorino Dip 170g,170g,£19.41/kg,3.30,,
Waitrose Kentish Town,"Deli, Dips, Food To Go","Deli, Dips, Food To Go",Waitrose No.1 EV Olive Oil Houmous Dip 170g,170g,£19.41/kg,3.30,,
Waitrose Kentish Town,"Deli, Dips, Food To Go","Deli, Dips, Food To Go",Waitrose No.1 Free Range Applewood Smoked Turkey 80g,80g,£61.88/kg,4.95,,
Waitrose Kentish Town,"Deli, Dips, Food To Go","Deli, Dips, Food To Go",Waitrose No.1 Outdoor Bred Pork Sausage Rolls 2 per pack,2pk,£1.60 each,3.20,,
Waitrose Kentish Town,"Deli, Dips, Food To Go","Deli, Dips, Food To Go",Waitrose No.1 Quartz Cheddar &Shallot Tart 2x120g,240g,£16.04/kg,3.85,5.50,30% off
Waitrose Kentish Town,"Deli, Dips, Food To Go","Deli, Dips, Food To Go",Waitrose No.1 Vegetable Antipasti Arancini with Basil Pesto 230g,230g,£16.52/kg,3.80,4.75,20% off
Waitrose Kentish Town,"Deli, Dips, Food To Go","Deli, Dips, Food To Go",Waitrose No.1 Watercress Tzatziki Dip 170g,170g,£19.41/kg,3.30,,
Waitrose Kentish Town,"Deli, Dips, Food To Go","Deli, Dips, Food To Go",Waitrose Nocellara Olives 150g,150g,£28.67/kg,4.30,,
Waitrose Kentish Town,"Deli, Dips, Food To Go","Deli, Dips, Food To Go",Waitrose Parma Ham 6 Slices,,,4.00,,
Waitrose Kentish Town,"Deli, Dips, Food To Go","Deli, Dips, Food To Go",Waitrose Prepared Pineapple Chunks 275g,275g,£11.45/kg,3.15,,
Waitrose Kentish Town,"Deli, Dips, Food To Go","Deli, Dips, Food To Go",Waitrose Prepared Pomegranate 210g,210g,£15.24/kg,3.20,,
Waitrose Kentish Town,"Deli, Dips, Food To Go","Deli, Dips, Food To Go",Waitrose Quiche Lorraine 400g,400g,£5.33/kg,2.13,4.25,50% off
Waitrose Kentish Town,"Deli, Dips, Food To Go","Deli, Dips, Food To Go",Waitrose Red Pepper Houmous 200g,200g,£6.85/kg,1.37,1.95,30% off
Waitrose Kentish Town,"Deli, Dips, Food To Go","Deli, Dips, Food To Go",Waitrose Snack Sausage Rolls 360g,360g,£10.69/kg,3.85,,
Waitrose Kentish Town,"Deli, Dips, Food To Go","Deli, Dips, Food To Go",Waitrose Sour Cream & Chive Dip 200g,200g,£10.25/kg,2.05,,
Waitrose Kentish Town,"Deli, Dips, Food To Go","Deli, Dips, Food To Go",Waitrose Spinach & Feta Parcels 112g,112g,£39.29/kg,4.40,,
Waitrose Kentish Town,"Deli, Dips, Food To Go","Deli, Dips, Food To Go",Waitrose Summer Roast Garlic Aioli Potato Salad 250g,250g,£7.16/kg,1.79,2.55,30% off
Waitrose Kentish Town,"Deli, Dips, Food To Go","Deli, Dips, Food To Go",Waitrose Summer Smokey Chipotle Slaw 250g,250g,£9.40/kg,2.35,,
Waitrose Kentish Town,"Deli, Dips, Food To Go","Deli, Dips, Food To Go",Waitrose Sun-dried Tomatoes 280g,280g,£14.29/kg,4.00,,
Waitrose Kentish Town,"Deli, Dips, Food To Go","Deli, Dips, Food To Go",Waitrose Sweet Chilli Roast Chicken Pieces 160g,160g,£23.25/kg,3.72,4.65,20% off
Waitrose Kentish Town,"Deli, Dips, Food To Go","Deli, Dips, Food To Go",Waitrose Sweet Potato Falafel 192g,192g,£16.04/kg,3.08,4.40,30% off
Waitrose Kentish Town,"Deli, Dips, Food To Go","Deli, Dips, Food To Go",Waitrose Sweetcorn Fritters 200g,,,4.10,,
Waitrose Kentish Town,"Deli, Dips, Food To Go","Deli, Dips, Food To Go",Waitrose Tex Mex Trio Dip 240g,240g,£11.25/kg,2.70,,
Waitrose Kentish Town,"Deli, Dips, Food To Go","Deli, Dips, Food To Go",Waitrose Tomato & Fresh Basil Soup 600g,600g,£5.33/kg,3.20,,
Waitrose Kentish Town,"Deli, Dips, Food To Go","Deli, Dips, Food To Go",Waitrose Tomato Salsa 200g,200g,£9.75/kg,1.95,,
Waitrose Kentish Town,"Deli, Dips, Food To Go","Deli, Dips, Food To Go",Waitrose Tzatziki Dip 200g,200g,£9.75/kg,1.95,,
Waitrose Kentish Town,"Deli, Dips, Food To Go","Deli, Dips, Food To Go",Waitrose Watermelon 300g,300g,£12.33/kg,3.70,,
Waitrose Kentish Town,"Deli, Dips, Food To Go","Deli, Dips, Food To Go",Waitrose Watermelon fingers 600g,600g,£8.75/kg,5.25,,
Waitrose Kentish Town,"Deli, Dips, Food To Go","Deli, Dips, Food To Go",Yorkshire Provender Roast Chicken Soup with Vegetables 600g,600g,£6.67/kg,4.00,,
Waitrose Kentish Town,"Deli, Dips, Food To Go",Discover our Waitrose No.1 Range,Waitrose No.1 Chicken Liver Parfait 75g,75g,£72.00/kg,5.40,,
Waitrose Kentish Town,"Deli, Dips, Food To Go",Discover our Waitrose No.1 Range,"Waitrose No.1 Chicken, Bacon & Leek Pie 500g",500g,£15.60/kg,7.80,,
Waitrose Kentish Town,"Deli, Dips, Food To Go",Discover our Waitrose No.1 Range,Waitrose No.1 Free Range Applewood Smoked Turkey 80g,80g,£61.88/kg,4.95,,
Waitrose Kentish Town,"Deli, Dips, Food To Go",Discover our Waitrose No.1 Range,Waitrose No.1 Quartz Cheddar &Shallot Tart 2x120g,240g,£16.04/kg,3.85,5.50,30% off
Waitrose Kentish Town,"Deli, Dips, Food To Go",Easy Meals,Karine & Jeff - Savory Squash & Carrot Bisque - 500ml,500ml,£12.10/L,6.05,,
Waitrose Kentish Town,"Deli, Dips, Food To Go",Easy Meals,New Covent Garden Chicken Soup 560g,560g,£5.09/kg,2.85,,
Waitrose Kentish Town,"Deli, Dips, Food To Go",Easy Meals,Renourish Immunity Soup 500g,500g,£7.90/kg,3.95,,
Waitrose Kentish Town,"Deli, Dips, Food To Go",Easy Meals,Renourish Restore Soup 500g,500g,£7.90/kg,3.95,,
Waitrose Kentish Town,"Deli, Dips, Food To Go",Easy Meals,Waitrose Broccoli Spinach Ricotta Quiche 400g,,,4.35,,
Waitrose Kentish Town,"Deli, Dips, Food To Go",Easy Meals,Waitrose Butternut Squash & Tarragon Soup 600g,600g,£5.33/kg,3.20,,
Waitrose Kentish Town,"Deli, Dips, Food To Go",Easy Meals,Waitrose Cheese & Onion Crispbakes 230g,230g,£11.96/kg,2.75,,
Waitrose Kentish Town,"Deli, Dips, Food To Go",Easy Meals,Waitrose Cheese & Onion Quiche 400g,400g,£10.88/kg,4.35,,
Waitrose Kentish Town,"Deli, Dips, Food To Go",Easy Meals,Waitrose Chicken & Vegetable Broth 600g,600g,£5.33/kg,3.20,,
Waitrose Kentish Town,"Deli, Dips, Food To Go",Easy Meals,Waitrose Deli Style Coleslaw 300g,300g,£4.57/kg,1.37,1.95,30% off
Waitrose Kentish Town,"Deli, Dips, Food To Go",Easy Meals,Waitrose Mozzarella Tomato & Pesto Salad 220g,,,3.08,4.40,30% off
Waitrose Kentish Town,"Deli, Dips, Food To Go",Easy Meals,Waitrose Summer Roast Garlic Aioli Potato Salad 250g,250g,£7.16/kg,1.79,2.55,30% off
Waitrose Kentish Town,"Deli, Dips, Food To Go",Easy Meals,Waitrose Summer Smokey Chipotle Slaw 250g,250g,£9.40/kg,2.35,,
Waitrose Kentish Town,"Deli, Dips, Food To Go",Easy Meals,Yorkshire Provender Roast Chicken Soup with Vegetables 600g,600g,£6.67/kg,4.00,,
Waitrose Kentish Town,"Deli, Dips, Food To Go",Fruit & Veg,Leafy Rainbow Prepared Salad 290g,290g,£7.59/kg,2.20,4.40,50% off
Waitrose Kentish Town,"Deli, Dips, Food To Go",Fruit & Veg,Waitrose Caesar Salad 250g,250g,£7.44/kg,1.86,2.65,30% off
Waitrose Kentish Town,"Deli, Dips, Food To Go",Fruit & Veg,Waitrose Fruit Berry Medley 230g,230g,£9.61/kg,2.21,3.15,30% off
Waitrose Kentish Town,"Deli, Dips, Food To Go",Fruit & Veg,Waitrose Mango & Strawberry 225g,225g,£11.51/kg,2.59,3.70,30% off
Waitrose Kentish Town,"Deli, Dips, Food To Go",Fruit & Veg,Waitrose Melon Slices 280g,280g,£11.25/kg,3.15,,
Waitrose Kentish Town,"Deli, Dips, Food To Go",Fruit & Veg,Waitrose Watermelon 300g,300g,£12.33/kg,3.70,,
Waitrose Kentish Town,"Deli, Dips, Food To Go",Ham,Waitrose British Finely Sliced Honey Roast Ham 115g,115g,£31.30/kg,3.60,,
Waitrose Kentish Town,"Deli, Dips, Food To Go",Ham,Waitrose Essential Honey Roast Ham Finely Sliced 140g,140g,£15.71/kg,2.20,,
Waitrose Kentish Town,"Deli, Dips, Food To Go",Ham,Waitrose Italian Prosciutto Cotto 110g,110g,£35.00/kg,3.85,,
Waitrose Kentish Town,"Deli, Dips, Food To Go",Latest Multibuy Offers,Doritos Hot Salsa Sharing Dip 300g,300g,£10.00/kg,3.00,,2 for £5
Waitrose Kentish Town,"Deli, Dips, Food To Go",Latest Multibuy Offers,Doritos Mild Salsa Sharing Dip 300g,300g,£9.00/kg,2.70,,2 for £5
Waitrose Kentish Town,"Deli, Dips, Food To Go",Latest Multibuy Offers,Holy Moly Smashed Avocado (150g),150g,£17.00/kg,2.55,,
Waitrose Kentish Town,"Deli, Dips, Food To Go",Offers,Doritos Hot Salsa Sharing Dip 300g,300g,£10.00/kg,3.00,,2 for £5
Waitrose Kentish Town,"Deli, Dips, Food To Go",Offers,Doritos Mild Salsa Sharing Dip 300g,300g,£9.00/kg,2.70,,2 for £5
Waitrose Kentish Town,"Deli, Dips, Food To Go",Offers,Gaea Pitted Kalamata Olives drained 160g,160g,£20.44/kg,3.27,3.85,15% off
Waitrose Kentish Town,"Deli, Dips, Food To Go",Offers,Leafy Rainbow Prepared Salad 290g,290g,£7.59/kg,2.20,4.40,50% off
Waitrose Kentish Town,"Deli, Dips, Food To Go",Offers,Pollen and Grace Mexican Bowl 400g,400g,£7.58/kg,3.03,6.05,50% off
Waitrose Kentish Town,"Deli, Dips, Food To Go",Offers,Waitrose Apple Mango Strawberry & Blueberry 265g,265g,£10.45/kg,2.77,3.95,30% off
Waitrose Kentish Town,"Deli, Dips, Food To Go",Offers,Waitrose Caesar Salad 250g,250g,£7.44/kg,1.86,2.65,30% off
Waitrose Kentish Town,"Deli, Dips, Food To Go",Offers,Waitrose Chipotle & Lime Chicken Pieces 160g,160g,£20.38/kg,3.26,4.65,30% off
Waitrose Kentish Town,"Deli, Dips, Food To Go",Offers,Waitrose Deli Style Coleslaw 300g,300g,£4.57/kg,1.37,1.95,30% off
Waitrose Kentish Town,"Deli, Dips, Food To Go",Offers,Waitrose Fruit Berry Medley 230g,230g,£9.61/kg,2.21,3.15,30% off
Waitrose Kentish Town,"Deli, Dips, Food To Go",Offers,Waitrose Mango & Strawberry 225g,225g,£11.51/kg,2.59,3.70,30% off
Waitrose Kentish Town,"Deli, Dips, Food To Go",Offers,Waitrose Mozzarella Tomato & Pesto Salad 220g,,,3.08,4.40,30% off
Waitrose Kentish Town,"Deli, Dips, Food To Go",Offers,Waitrose No.1 Quartz Cheddar &Shallot Tart 2x120g,240g,£16.04/kg,3.85,5.50,30% off
Waitrose Kentish Town,"Deli, Dips, Food To Go",Offers,Waitrose No.1 Vegetable Antipasti Arancini with Basil Pesto 230g,230g,£16.52/kg,3.80,4.75,20% off
Waitrose Kentish Town,"Deli, Dips, Food To Go",Offers,Waitrose Quiche Lorraine 400g,400g,£5.33/kg,2.13,4.25,50% off
Waitrose Kentish Town,"Deli, Dips, Food To Go",Offers,Waitrose Red Pepper Houmous 200g,200g,£6.85/kg,1.37,1.95,30% off
Waitrose Kentish Town,"Deli, Dips, Food To Go",Offers,Waitrose Summer Roast Garlic Aioli Potato Salad 250g,250g,£7.16/kg,1.79,2.55,30% off
Waitrose Kentish Town,"Deli, Dips, Food To Go",Offers,Waitrose Sweet Chilli Roast Chicken Pieces 160g,160g,£23.25/kg,3.72,4.65,20% off
Waitrose Kentish Town,"Deli, Dips, Food To Go",Offers,Waitrose Sweet Potato Falafel 192g,192g,£16.04/kg,3.08,4.40,30% off
Waitrose Kentish Town,"Deli, Dips, Food To Go",Olives,Fragata Olives Filled with Anchovy drained 150g,150g,£18.33/kg,2.75,,
Waitrose Kentish Town,"Deli, Dips, Food To Go",Olives,Gaea Pitted Kalamata Olives drained 160g,160g,£20.44/kg,3.27,3.85,15% off
Waitrose Kentish Town,"Deli, Dips, Food To Go",Olives,OLLY's - Olives - Basil & Garlic - 50g,50g,£30.00/kg,1.50,,
Waitrose Kentish Town,"Deli, Dips, Food To Go",Olives,OLLY's - Olives - Chilli Rosemary - 50g,50g,£33.00/kg,1.65,,
Waitrose Kentish Town,"Deli, Dips, Food To Go",Olives,Pelagonia - Pepper Stuffed Olives - 300g,300g,£12.33/kg,3.70,,
Waitrose Kentish Town,"Deli, Dips, Food To Go",Olives,Waitrose Essential Pitted Black Olives 350g,350g,£4.86/kg,1.70,,
Waitrose Kentish Town,"Deli, Dips, Food To Go",Olives,Waitrose Garlic & Jalapeno Stuffed Olives 150g,150g,£28.67/kg,4.30,,
Waitrose Kentish Town,"Deli, Dips, Food To Go",Olives,Waitrose Greek Kalamata Olives 300g,300g,£12.00/kg,3.60,,
Waitrose Kentish Town,"Deli, Dips, Food To Go",Olives,Waitrose Manzanilla Olives & Manchego 150g,150g,£29.33/kg,4.40,,
Waitrose Kentish Town,"Deli, Dips, Food To Go",Olives,Waitrose Nocellara Olives 150g,150g,£28.67/kg,4.30,,
Waitrose Kentish Town,"Deli, Dips, Food To Go","Pies, Quiche & Tarts",Waitrose Broccoli Spinach Ricotta Quiche 400g,,,4.35,,
Waitrose Kentish Town,"Deli, Dips, Food To Go","Pies, Quiche & Tarts",Waitrose Cheese & Onion Quiche 400g,400g,£10.88/kg,4.35,,
Waitrose Kentish Town,"Deli, Dips, Food To Go","Pies, Quiche & Tarts",Waitrose Melton Mowbray Pork Pies 6 per pack,6pk,£0.63 each,3.75,,
Waitrose Kentish Town,"Deli, Dips, Food To Go","Pies, Quiche & Tarts","Waitrose No.1 Chicken, Bacon & Leek Pie 500g",500g,£15.60/kg,7.80,,
Waitrose Kentish Town,"Deli, Dips, Food To Go","Pies, Quiche & Tarts",Waitrose No.1 Quartz Cheddar &Shallot Tart 2x120g,240g,£16.04/kg,3.85,5.50,30% off
Waitrose Kentish Town,"Deli, Dips, Food To Go","Pies, Quiche & Tarts",Waitrose Quiche Lorraine 400g,400g,£5.33/kg,2.13,4.25,50% off
Waitrose Kentish Town,"Deli, Dips, Food To Go",Prepared Fruit,Waitrose Apple Mango Strawberry & Blueberry 265g,265g,£10.45/kg,2.77,3.95,30% off
Waitrose Kentish Town,"Deli, Dips, Food To Go",Prepared Fruit,Waitrose Fruit Berry Medley 230g,230g,£9.61/kg,2.21,3.15,30% off
Waitrose Kentish Town,"Deli, Dips, Food To Go",Prepared Fruit,Waitrose Mango & Strawberry 225g,225g,£11.51/kg,2.59,3.70,30% off
Waitrose Kentish Town,"Deli, Dips, Food To Go",Prepared Fruit,Waitrose Mango Chunks 280g,280g,£14.29/kg,4.00,,
Waitrose Kentish Town,"Deli, Dips, Food To Go",Prepared Fruit,Waitrose Melon Slices 280g,280g,£11.25/kg,3.15,,
Waitrose Kentish Town,"Deli, Dips, Food To Go",Prepared Fruit,Waitrose Prepared Pineapple Chunks 275g,275g,£11.45/kg,3.15,,
Waitrose Kentish Town,"Deli, Dips, Food To Go",Prepared Fruit,Waitrose Prepared Pomegranate 210g,210g,£15.24/kg,3.20,,
Waitrose Kentish Town,"Deli, Dips, Food To Go",Prepared Fruit,Waitrose Watermelon 300g,300g,£12.33/kg,3.70,,
Waitrose Kentish Town,"Deli, Dips, Food To Go",Prepared Fruit,Waitrose Watermelon fingers 600g,600g,£8.75/kg,5.25,,
Waitrose Kentish Town,"Deli, Dips, Food To Go",Salad Bowls,Leafy Rainbow Prepared Salad 290g,290g,£7.59/kg,2.20,4.40,50% off
Waitrose Kentish Town,"Deli, Dips, Food To Go",Salad Bowls,Pollen and Grace Mexican Bowl 400g,400g,£7.58/kg,3.03,6.05,50% off
Waitrose Kentish Town,"Deli, Dips, Food To Go",Salad Bowls,Waitrose Caesar Salad 250g,250g,£7.44/kg,1.86,2.65,30% off
Waitrose Kentish Town,"Deli, Dips, Food To Go",Salad Bowls,Waitrose Deli Style Coleslaw 300g,300g,£4.57/kg,1.37,1.95,30% off
Waitrose Kentish Town,"Deli, Dips, Food To Go",Salad Bowls,"Waitrose Freekeh, Black Rice & Chickpeas Salad 300g",300g,£9.67/kg,2.90,,
Waitrose Kentish Town,"Deli, Dips, Food To Go",Salad Bowls,Waitrose Mozzarella Tomato & Pesto Salad 220g,,,3.08,4.40,30% off
Waitrose Kentish Town,"Deli, Dips, Food To Go",Salad Bowls,Waitrose Summer Roast Garlic Aioli Potato Salad 250g,250g,£7.16/kg,1.79,2.55,30% off
Waitrose Kentish Town,"Deli, Dips, Food To Go",Salad Bowls,Waitrose Summer Smokey Chipotle Slaw 250g,250g,£9.40/kg,2.35,,
Waitrose Kentish Town,"Deli, Dips, Food To Go",Salami & Continental Meats,East Coast Cured Porcini & Truffle Salami 120g,120g,£68.75/kg,8.25,,
Waitrose Kentish Town,"Deli, Dips, Food To Go",Salami & Continental Meats,East Coast Cured Whisky Oak Smoked Nduja 130g,130g,£57.69/kg,7.50,,
Waitrose Kentish Town,"Deli, Dips, Food To Go",Salami & Continental Meats,Mr Filbert's - Snack Salami Chorizo - 38g,38g,£65.79/kg,2.50,,
Waitrose Kentish Town,"Deli, Dips, Food To Go",Salami & Continental Meats,Waitrose Chorizo & Gouda Involtini 80g,80g,£55.00/kg,4.40,,
Waitrose Kentish Town,"Deli, Dips, Food To Go",Salami & Continental Meats,Waitrose Chorizo Ring 225g,225g,£18.22/kg,4.10,,
Waitrose Kentish Town,"Deli, Dips, Food To Go",Salami & Continental Meats,Waitrose Diced Chorizo 2x60g,120g,£29.17/kg,3.50,,
Waitrose Kentish Town,"Deli, Dips, Food To Go",Salami & Continental Meats,Waitrose Italian Antipasto Platter 105g,105g,£37.14/kg,3.90,,
Waitrose Kentish Town,"Deli, Dips, Food To Go",Salami & Continental Meats,Waitrose Italian Milano Salami 16 Slices 80g,80g,£31.25/kg,2.50,,
Waitrose Kentish Town,"Deli, Dips, Food To Go",Salami & Continental Meats,Waitrose Italian Prosciutto Crudo 6 Slices 80g,80g,£50.00/kg,4.00,,
Waitrose Kentish Town,"Deli, Dips, Food To Go",Salami & Continental Meats,Waitrose Parma Ham 6 Slices,,,4.00,,
Waitrose Kentish Town,"Deli, Dips, Food To Go",Sausage Rolls & Pasties,Waitrose No.1 Outdoor Bred Pork Sausage Rolls 2 per pack,2pk,£1.60 each,3.20,,
Waitrose Kentish Town,"Deli, Dips, Food To Go",Sausage Rolls & Pasties,Waitrose Snack Sausage Rolls 360g,360g,£10.69/kg,3.85,,
Waitrose Kentish Town,"Deli, Dips, Food To Go",Sausage Rolls & Pasties,Waitrose Spinach & Feta Parcels 112g,112g,£39.29/kg,4.40,,
Waitrose Kentish Town,"Deli, Dips, Food To Go",Soups,Karine & Jeff - Savory Squash & Carrot Bisque - 500ml,500ml,£12.10/L,6.05,,
Waitrose Kentish Town,"Deli, Dips, Food To Go",Soups,New Covent Garden Chicken Soup 560g,560g,£5.09/kg,2.85,,
Waitrose Kentish Town,"Deli, Dips, Food To Go",Soups,Renourish Immunity Soup 500g,500g,£7.90/kg,3.95,,
Waitrose Kentish Town,"Deli, Dips, Food To Go",Soups,Renourish Restore Soup 500g,500g,£7.90/kg,3.95,,
Waitrose Kentish Town,"Deli, Dips, Food To Go",Soups,Waitrose Butternut Squash & Tarragon Soup 600g,600g,£5.33/kg,3.20,,
Waitrose Kentish Town,"Deli, Dips, Food To Go",Soups,Waitrose Chicken & Vegetable Broth 600g,600g,£5.33/kg,3.20,,
Waitrose Kentish Town,"Deli, Dips, Food To Go",Soups,Waitrose Cream of Chicken Soup 600g,600g,£5.50/kg,3.30,,
Waitrose Kentish Town,"Deli, Dips, Food To Go",Soups,Waitrose Creamy Carrot & Coriander Soup 600g,600g,£5.50/kg,3.30,,
Waitrose Kentish Town,"Deli, Dips, Food To Go",Soups,Waitrose Tomato & Fresh Basil Soup 600g,600g,£5.33/kg,3.20,,
Waitrose Kentish Town,"Deli, Dips, Food To Go",Soups,Yorkshire Provender Roast Chicken Soup with Vegetables 600g,600g,£6.67/kg,4.00,,
Waitrose Kentish Town,"Deli, Dips, Food To Go",The Friday Flex - Save 20%,Waitrose No.1 Vegetable Antipasti Arancini with Basil Pesto 230g,230g,£16.52/kg,3.80,4.75,20% off
Waitrose Kentish Town,Desserts,Cakes,Waitrose Carrot Cake,,,4.40,,
Waitrose Kentish Town,Desserts,Cakes,Waitrose Cecil Cake 1ea,,,10.45,,
Waitrose Kentish Town,Desserts,Cakes,Waitrose Lemon Drizzle Cake 400g,,,4.30,,
Waitrose Kentish Town,Desserts,Cakes,Waitrose No.1 Chocolate Indulgence Cake 800g,,,7.90,,
Waitrose Kentish Town,Desserts,Cakes,Waitrose Victoria Sponge Cake 1ea,,,4.30,,
Waitrose Kentish Town,Desserts,Canned Desserts,Ambrosia Deluxe Rice Pudding Pots 2 x 110g,220g,£9.55/kg,2.10,,
Waitrose Kentish Town,Desserts,Cheesecakes,Gu Spanish Lemon Cheesecakes Desserts 2x90g,180g,£21.50/kg,3.87,4.55,15% off
Waitrose Kentish Town,Desserts,Cheesecakes,Gü Zillionaire's Salted Caramel Cheesecakes 2x91.5g,183g,£24.86/kg,4.55,,
Waitrose Kentish Town,Desserts,Cheesecakes,Waitrose New York Cheesecake Dessert 540g,540g,£10.65/kg,5.75,,
Waitrose Kentish Town,Desserts,Cheesecakes,Waitrose No.1 Caramel Brownie Basque Cheesecake 470g,470g,£18.62/kg,8.75,,
Waitrose Kentish Town,Desserts,Chilled Desserts,Rachel's Organic Rice Pudding 2 x 150g,2pk,£1.13 each,2.25,2.50,10% off
Waitrose Kentish Town,Desserts,Chilled Desserts,Waitrose Chocolate Mousse Dessert 100g,100g,£14.00/kg,1.40,,
Waitrose Kentish Town,Desserts,Chilled Desserts,Waitrose Tiramisu 500g,500g,£7.50/kg,3.75,,
Waitrose Kentish Town,Desserts,"Crumbles, Pies & Tarts",Diforti - Barchette Hazelnut Chocolate - 150g,150g,£21.33/kg,3.20,,
Waitrose Kentish Town,Desserts,"Crumbles, Pies & Tarts",Waitrose Apple & Blackberry Crumble Dessert 500g,500g,£9.70/kg,4.85,,
Waitrose Kentish Town,Desserts,"Crumbles, Pies & Tarts",Waitrose No.1 Morello Cherry & Almond Tart 390g,390g,£21.15/kg,8.25,,
Waitrose Kentish Town,Desserts,"Crumbles, Pies & Tarts",Waitrose No.1 Sicilian Lemon Tarts 2x75g,150g,£29.33/kg,4.40,5.50,20% off
Waitrose Kentish Town,Desserts,"Custard, Cream & Jelly Desserts",Ambrosia Devon Custard 400g,400g,£5.50/kg,2.20,,
Waitrose Kentish Town,Desserts,"Custard, Cream & Jelly Desserts",Ambrosia Light Devon Custard 150g,150g,£7.33/kg,1.10,,
Waitrose Kentish Town,Desserts,"Custard, Cream & Jelly Desserts",Bonne Maman Crème Caramel Dessert 4 per pack,4pk,£0.84 each,3.35,,
Waitrose Kentish Town,Desserts,"Custard, Cream & Jelly Desserts",Hartley's 10 Cal Jelly Raspberry 175g,175g,£6.00/kg,1.05,,
Waitrose Kentish Town,Desserts,"Custard, Cream & Jelly Desserts",Waitrose Caramel Panna Cotta Dessert 2 per pack,2pk,£1.25 each,2.50,,
Waitrose Kentish Town,Desserts,"Custard, Cream & Jelly Desserts",Waitrose Chocolate Eclair Dessert 2 per pack,2pk,£1.20 each,2.40,,
Waitrose Kentish Town,Desserts,"Custard, Cream & Jelly Desserts",Waitrose Chocolate Profiteroles 12 pack 230g,230g,£15.83/kg,3.64,4.55,20% off
Waitrose Kentish Town,Desserts,"Custard, Cream & Jelly Desserts",Waitrose No.1 Madagascan Vanilla Custard 500g,500g,£6.80/kg,3.40,,
Waitrose Kentish Town,Desserts,"Custard, Cream & Jelly Desserts",Waitrose No.1 Pistachio Tiramisu 450g,450g,£16.89/kg,7.60,,
Waitrose Kentish Town,Desserts,"Custard, Cream & Jelly Desserts",Waitrose Raspberry Jelly 17g,17g,£72.35/kg,1.23,1.75,30% off
Waitrose Kentish Town,Desserts,Desserts,Ambrosia Deluxe Rice Pudding Pots 2 x 110g,220g,£9.55/kg,2.10,,
Waitrose Kentish Town,Desserts,Desserts,Ambrosia Devon Custard 400g,400g,£5.50/kg,2.20,,
Waitrose Kentish Town,Desserts,Desserts,Ambrosia Light Devon Custard 150g,150g,£7.33/kg,1.10,,
Waitrose Kentish Town,Desserts,Desserts,Bonne Maman Crème Caramel Dessert 4 per pack,4pk,£0.84 each,3.35,,
Waitrose Kentish Town,Desserts,Desserts,Diforti - Barchette Hazelnut Chocolate - 150g,150g,£21.33/kg,3.20,,
Waitrose Kentish Town,Desserts,Desserts,Gu Spanish Lemon Cheesecakes Desserts 2x90g,180g,£21.50/kg,3.87,4.55,15% off
Waitrose Kentish Town,Desserts,Desserts,Gü Hot Chocolate Melting Middles Sponge Puddings 2 Pack,2pk,£2.28 each,4.55,,
Waitrose Kentish Town,Desserts,Desserts,Gü Zillionaire's Salted Caramel Cheesecakes 2x91.5g,183g,£24.86/kg,4.55,,
Waitrose Kentish Town,Desserts,Desserts,Hartley's 10 Cal Jelly Raspberry 175g,175g,£6.00/kg,1.05,,
Waitrose Kentish Town,Desserts,Desserts,Rachel's Organic Rice Pudding 2 x 150g,2pk,£1.13 each,2.25,2.50,10% off
Waitrose Kentish Town,Desserts,Desserts,Waitrose Apple & Blackberry Crumble Dessert 500g,500g,£9.70/kg,4.85,,
Waitrose Kentish Town,Desserts,Desserts,Waitrose Caramel Panna Cotta Dessert 2 per pack,2pk,£1.25 each,2.50,,
Waitrose Kentish Town,Desserts,Desserts,Waitrose Carrot Cake,,,4.40,,
Waitrose Kentish Town,Desserts,Desserts,Waitrose Cecil Cake 1ea,,,10.45,,
Waitrose Kentish Town,Desserts,Desserts,Waitrose Chocolate Eclair Dessert 2 per pack,2pk,£1.20 each,2.40,,
Waitrose Kentish Town,Desserts,Desserts,Waitrose Chocolate Mousse Dessert 100g,100g,£14.00/kg,1.40,,
Waitrose Kentish Town,Desserts,Desserts,Waitrose Chocolate Profiteroles 12 pack 230g,230g,£15.83/kg,3.64,4.55,20% off
Waitrose Kentish Town,Desserts,Desserts,Waitrose Lemon Drizzle Cake 400g,,,4.30,,
Waitrose Kentish Town,Desserts,Desserts,Waitrose New York Cheesecake Dessert 540g,540g,£10.65/kg,5.75,,
Waitrose Kentish Town,Desserts,Desserts,Waitrose No.1 Caramel Brownie Basque Cheesecake 470g,470g,£18.62/kg,8.75,,
Waitrose Kentish Town,Desserts,Desserts,Waitrose No.1 Chocolate Indulgence Cake 800g,,,7.90,,
Waitrose Kentish Town,Desserts,Desserts,Waitrose No.1 Madagascan Vanilla Custard 500g,500g,£6.80/kg,3.40,,
Waitrose Kentish Town,Desserts,Desserts,Waitrose No.1 Melt in the Middle Chocolate Puddings 2x100g,,,2.84,3.55,20% off
Waitrose Kentish Town,Desserts,Desserts,Waitrose No.1 Morello Cherry & Almond Tart 390g,390g,£21.15/kg,8.25,,
Waitrose Kentish Town,Desserts,Desserts,Waitrose No.1 Pistachio Tiramisu 450g,450g,£16.89/kg,7.60,,
Waitrose Kentish Town,Desserts,Desserts,Waitrose No.1 Sicilian Lemon Tarts 2x75g,150g,£29.33/kg,4.40,5.50,20% off
Waitrose Kentish Town,Desserts,Desserts,Waitrose No.1 Sticky Cinnamon Bun Pudding 205g,205g,£26.34/kg,5.40,,
Waitrose Kentish Town,Desserts,Desserts,Waitrose No.1 Sticky Toffee Pudding 400g,400g,£15.00/kg,6.00,,
Waitrose Kentish Town,Desserts,Desserts,Waitrose Raspberry Jelly 17g,17g,£72.35/kg,1.23,1.75,30% off
Waitrose Kentish Town,Desserts,Desserts,Waitrose Sticky Toffee Puddings 2 per pack,2pk,£1.60 each,3.20,,
Waitrose Kentish Town,Desserts,Desserts,Waitrose Tiramisu 500g,500g,£7.50/kg,3.75,,
Waitrose Kentish Town,Desserts,Desserts,Waitrose Victoria Sponge Cake 1ea,,,4.30,,
Waitrose Kentish Town,Desserts,Discover our Waitrose No.1 Range,Waitrose No.1 Caramel Brownie Basque Cheesecake 470g,470g,£18.62/kg,8.75,,
Waitrose Kentish Town,Desserts,Discover our Waitrose No.1 Range,Waitrose No.1 Chocolate Indulgence Cake 800g,,,7.90,,
Waitrose Kentish Town,Desserts,Discover our Waitrose No.1 Range,Waitrose No.1 Morello Cherry & Almond Tart 390g,390g,£21.15/kg,8.25,,
Waitrose Kentish Town,Desserts,Discover our Waitrose No.1 Range,Waitrose No.1 Pistachio Tiramisu 450g,450g,£16.89/kg,7.60,,
Waitrose Kentish Town,Desserts,Discover our Waitrose No.1 Range,Waitrose No.1 Sticky Cinnamon Bun Pudding 205g,205g,£26.34/kg,5.40,,
Waitrose Kentish Town,Desserts,Discover our Waitrose No.1 Range,Waitrose No.1 Sticky Toffee Pudding 400g,400g,£15.00/kg,6.00,,
Waitrose Kentish Town,Desserts,Offers,Gu Spanish Lemon Cheesecakes Desserts 2x90g,180g,£21.50/kg,3.87,4.55,15% off
Waitrose Kentish Town,Desserts,Offers,Rachel's Organic Rice Pudding 2 x 150g,2pk,£1.13 each,2.25,2.50,10% off
Waitrose Kentish Town,Desserts,Offers,Waitrose Chocolate Profiteroles 12 pack 230g,230g,£15.83/kg,3.64,4.55,20% off
Waitrose Kentish Town,Desserts,Offers,Waitrose No.1 Melt in the Middle Chocolate Puddings 2x100g,,,2.84,3.55,20% off
Waitrose Kentish Town,Desserts,Offers,Waitrose No.1 Sicilian Lemon Tarts 2x75g,150g,£29.33/kg,4.40,5.50,20% off
Waitrose Kentish Town,Desserts,Offers,Waitrose Raspberry Jelly 17g,17g,£72.35/kg,1.23,1.75,30% off
Waitrose Kentish Town,Desserts,Sponge Puddings,Gü Hot Chocolate Melting Middles Sponge Puddings 2 Pack,2pk,£2.28 each,4.55,,
Waitrose Kentish Town,Desserts,Sponge Puddings,Waitrose No.1 Melt in the Middle Chocolate Puddings 2x100g,,,2.84,3.55,20% off
Waitrose Kentish Town,Desserts,Sponge Puddings,Waitrose No.1 Sticky Cinnamon Bun Pudding 205g,205g,£26.34/kg,5.40,,
Waitrose Kentish Town,Desserts,Sponge Puddings,Waitrose No.1 Sticky Toffee Pudding 400g,400g,£15.00/kg,6.00,,
Waitrose Kentish Town,Desserts,Sponge Puddings,Waitrose Sticky Toffee Puddings 2 per pack,2pk,£1.60 each,3.20,,
Waitrose Kentish Town,Desserts,The Friday Flex - Save 20%,Waitrose Chocolate Profiteroles 12 pack 230g,230g,£15.83/kg,3.64,4.55,20% off
Waitrose Kentish Town,Desserts,The Friday Flex - Save 20%,Waitrose No.1 Melt in the Middle Chocolate Puddings 2x100g,,,2.84,3.55,20% off
Waitrose Kentish Town,Desserts,The Friday Flex - Save 20%,Waitrose No.1 Sicilian Lemon Tarts 2x75g,150g,£29.33/kg,4.40,5.50,20% off
Waitrose Kentish Town,Flowers,Flowers,Single Rose 1ea,,,1.80,,
Waitrose Kentish Town,Frozen,Bakery,Waitrose Essential Garlic Baguettes 2 per pack,2pk,£1.00 each,2.00,,
Waitrose Kentish Town,Frozen,Bread & Pastry Sheets,Frozen Puff Pastry Sheets 375g,,,2.80,,
Waitrose Kentish Town,Frozen,"Chips, Fries & Potatoes",Birds Eye Original Potato Waffles 10 pack,10pk,£0.27 each,2.70,,
Waitrose Kentish Town,Frozen,"Chips, Fries & Potatoes",Frozen Potato Rosti 500g,,,3.16,3.95,20% off
Waitrose Kentish Town,Frozen,"Chips, Fries & Potatoes",McCain Crispy Frozen French Fries 900g,900g,£3.20/kg,2.88,3.60,20% off
Waitrose Kentish Town,Frozen,"Chips, Fries & Potatoes",McCain Frozen Hash Browns 625g,625g,£4.88/kg,3.05,,
Waitrose Kentish Town,Frozen,"Chips, Fries & Potatoes",Strong Roots Oven Baked Sweet Potato Fries 500g,500g,£8.20/kg,4.10,,
Waitrose Kentish Town,Frozen,"Chips, Fries & Potatoes",Waitrose Essential Frozen Crinkle Cut Oven Chips 900g,900g,£1.83/kg,1.65,,
Waitrose Kentish Town,Frozen,"Chips, Fries & Potatoes",Waitrose Essential Frozen French Fries 900g,900g,£1.94/kg,1.75,,
Waitrose Kentish Town,Frozen,"Chips, Fries & Potatoes",Waitrose Frites 300g,300g,£9.17/kg,2.75,,
Waitrose Kentish Town,Frozen,Desserts & Sweet Pastries,Waitrose Frozen Pains au Chocolat 8 pack,8pk,£0.68 each,5.40,,
Waitrose Kentish Town,Frozen,Frozen,Birds Eye Chicken Dippers 38 pack,,,7.00,,
Waitrose Kentish Town,Frozen,Frozen,Birds Eye Original Potato Waffles 10 pack,10pk,£0.27 each,2.70,,
Waitrose Kentish Town,Frozen,Frozen,Chicago Town Stuffed Crust Loaded Cheese Frozen Pizza 630g,630g,£8.29/kg,5.22,5.80,10% off
Waitrose Kentish Town,Frozen,Frozen,Crosta & Mollica Sourdough Margherita Frozen Pizza 2x,2pk,£3.30 each,6.60,,
Waitrose Kentish Town,Frozen,Frozen,Essential Frozen Margherita Pizza 300g,,,2.05,,
Waitrose Kentish Town,Frozen,Frozen,Frozen Blackberries 300g,,,4.35,,
Waitrose Kentish Town,Frozen,Frozen,Frozen Broccoli 900g,,,2.00,,
Waitrose Kentish Town,Frozen,Frozen,Frozen Chunky Vegetable Mix 500g,,,1.75,,
Waitrose Kentish Town,Frozen,Frozen,Frozen Potato Rosti 500g,,,3.16,3.95,20% off
Waitrose Kentish Town,Frozen,Frozen,Frozen Puff Pastry Sheets 375g,,,2.80,,
Waitrose Kentish Town,Frozen,Frozen,Frozen Sweetcorn 500g,,,1.55,,
Waitrose Kentish Town,Frozen,Frozen,Itsu Korean BBQ Beef Gyoza 12 Dumplings 240g,240g,£17.67/kg,4.24,5.30,20% off
Waitrose Kentish Town,Frozen,Frozen,Linda McCartney's 6 Vegetarian Sausage Rolls 342g,342g,£9.21/kg,3.15,,
Waitrose Kentish Town,Frozen,Frozen,Linda McCartney's Vegetarian Mozzarella Burgers 2x113.5g,227g,£12.11/kg,2.75,,
Waitrose Kentish Town,Frozen,Frozen,McCain Crispy Frozen French Fries 900g,900g,£3.20/kg,2.88,3.60,20% off
Waitrose Kentish Town,Frozen,Frozen,McCain Frozen Hash Browns 625g,625g,£4.88/kg,3.05,,
Waitrose Kentish Town,Frozen,Frozen,Moving Mountains Plant Based Quarter Pounder Burgers 2x,2pk,£1.88 each,3.75,,
Waitrose Kentish Town,Frozen,Frozen,Quorn Vegetarian Crispy Nuggets 300g,300g,£10.50/kg,3.15,,
Waitrose Kentish Town,Frozen,Frozen,Quorn Vegetarian Mince 300g,300g,£8.93/kg,2.68,3.15,15% off
Waitrose Kentish Town,Frozen,Frozen,Strong Roots Oven Baked Sweet Potato Fries 500g,500g,£8.20/kg,4.10,,
Waitrose Kentish Town,Frozen,Frozen,The Ice Co Crushed Ice 2kg,2kg,£0.83/kg,1.65,,
Waitrose Kentish Town,Frozen,Frozen,The Ice Co Premium Ice Cubes 2kg,2kg,£0.83/kg,1.65,,
Waitrose Kentish Town,Frozen,Frozen,Waitrose Battered Cod Fish Fillets x2,2pk,£2.93 each,5.85,,
Waitrose Kentish Town,Frozen,Frozen,Waitrose Breaded Haddock Fish Fillet 2 per pack,2pk,£2.70 each,5.40,,
Waitrose Kentish Town,Frozen,Frozen,Waitrose Chilled Fresh Ready to Eat Edamame 160g,160g,£5.63/kg,0.90,1.80,50% off
Waitrose Kentish Town,Frozen,Frozen,Waitrose Cook's Frozen Chopped Basil 75g,75g,£38.67/kg,2.90,,
Waitrose Kentish Town,Frozen,Frozen,Waitrose Cooks' Ingredients Frozen Chopped Shallots 300g,300g,£5.67/kg,1.70,,
Waitrose Kentish Town,Frozen,Frozen,Waitrose Essential Frozen ASC Cooked King Prawn 250g,250g,£20.80/kg,5.20,,
Waitrose Kentish Town,Frozen,Frozen,Waitrose Essential Frozen Berries 1kg,1kg,£5.70/kg,5.70,,
Waitrose Kentish Town,Frozen,Frozen,Waitrose Essential Frozen Blueberries 400g,400g,£8.88/kg,3.55,,
Waitrose Kentish Town,Frozen,Frozen,Waitrose Essential Frozen Crinkle Cut Oven Chips 900g,900g,£1.83/kg,1.65,,
Waitrose Kentish Town,Frozen,Frozen,Waitrose Essential Frozen French Fries 900g,900g,£1.94/kg,1.75,,
Waitrose Kentish Town,Frozen,Frozen,Waitrose Essential Frozen Fruit Mango Chunks 450g,450g,£8.11/kg,3.65,,
Waitrose Kentish Town,Frozen,Frozen,Waitrose Essential Frozen Peas 725g,725g,£2.48/kg,1.80,,
Waitrose Kentish Town,Frozen,Frozen,Waitrose Essential Frozen Strawberries 400g,400g,£8.88/kg,3.55,,
Waitrose Kentish Town,Frozen,Frozen,Waitrose Essential Garlic Baguettes 2 per pack,2pk,£1.00 each,2.00,,
Waitrose Kentish Town,Frozen,Frozen,Waitrose Frites 300g,300g,£9.17/kg,2.75,,
Waitrose Kentish Town,Frozen,Frozen,Waitrose Frozen Breaded Cod Fish Fingers 6 x 400g,400g,£12.13/kg,4.85,,
Waitrose Kentish Town,Frozen,Frozen,Waitrose Frozen British Chicken Kievs 2 Pack 284g,284g,£11.62/kg,3.30,,
Waitrose Kentish Town,Frozen,Frozen,Waitrose Frozen Cauliflower Cheese 500g,500g,£4.32/kg,2.16,2.70,20% off
Waitrose Kentish Town,Frozen,Frozen,Waitrose Frozen Pains au Chocolat 8 pack,8pk,£0.68 each,5.40,,
Waitrose Kentish Town,Frozen,Frozen,Waitrose Frozen Pea & Asparagus Risotto 350g,,,5.30,,
Waitrose Kentish Town,Frozen,Frozen,Waitrose Pepperoni Pizza 413g,385g,£10.00/kg,3.85,5.50,30% off
Waitrose Kentish Town,Frozen,Frozen,itsu Frozen Chicken Gyoza 12 per pack,12pk,£0.40 each,4.85,,
Waitrose Kentish Town,Frozen,Frozen,itsu Frozen Vegetable Fusion Gyoza 20 per pack,20pk,£0.19 each,3.88,4.85,20% off
Waitrose Kentish Town,Frozen,Frozen,itsu Korean Style Crispy Chicken 340g,340g,£12.82/kg,4.36,5.45,20% off
Waitrose Kentish Town,Frozen,Frozen Fruit,Frozen Blackberries 300g,,,4.35,,
Waitrose Kentish Town,Frozen,Frozen Fruit,Waitrose Essential Frozen Berries 1kg,1kg,£5.70/kg,5.70,,
Waitrose Kentish Town,Frozen,Frozen Fruit,Waitrose Essential Frozen Blueberries 400g,400g,£8.88/kg,3.55,,
Waitrose Kentish Town,Frozen,Frozen Fruit,Waitrose Essential Frozen Fruit Mango Chunks 450g,450g,£8.11/kg,3.65,,
Waitrose Kentish Town,Frozen,Frozen Fruit,Waitrose Essential Frozen Strawberries 400g,400g,£8.88/kg,3.55,,
Waitrose Kentish Town,Frozen,Frozen Vegetables,Frozen Broccoli 900g,,,2.00,,
Waitrose Kentish Town,Frozen,Frozen Vegetables,Frozen Chunky Vegetable Mix 500g,,,1.75,,
Waitrose Kentish Town,Frozen,Frozen Vegetables,Frozen Sweetcorn 500g,,,1.55,,
Waitrose Kentish Town,Frozen,Frozen Vegetables,Waitrose Chilled Fresh Ready to Eat Edamame 160g,160g,£5.63/kg,0.90,1.80,50% off
Waitrose Kentish Town,Frozen,Frozen Vegetables,Waitrose Cook's Frozen Chopped Basil 75g,75g,£38.67/kg,2.90,,
Waitrose Kentish Town,Frozen,Frozen Vegetables,Waitrose Cooks' Ingredients Frozen Chopped Shallots 300g,300g,£5.67/kg,1.70,,
Waitrose Kentish Town,Frozen,Frozen Vegetables,Waitrose Essential Frozen Peas 725g,725g,£2.48/kg,1.80,,
Waitrose Kentish Town,Frozen,Fruit & Veg,Waitrose Chilled Fresh Ready to Eat Edamame 160g,160g,£5.63/kg,0.90,1.80,50% off
Waitrose Kentish Town,Frozen,Garlic Bread,Waitrose Essential Garlic Baguettes 2 per pack,2pk,£1.00 each,2.00,,
Waitrose Kentish Town,Frozen,Ice,The Ice Co Crushed Ice 2kg,2kg,£0.83/kg,1.65,,
Waitrose Kentish Town,Frozen,Ice,The Ice Co Premium Ice Cubes 2kg,2kg,£0.83/kg,1.65,,
Waitrose Kentish Town,Frozen,Meat & Poultry,Birds Eye Chicken Dippers 38 pack,,,7.00,,
Waitrose Kentish Town,Frozen,Meat & Poultry,Waitrose Frozen British Chicken Kievs 2 Pack 284g,284g,£11.62/kg,3.30,,
Waitrose Kentish Town,Frozen,Meat & Poultry,itsu Korean Style Crispy Chicken 340g,340g,£12.82/kg,4.36,5.45,20% off
Waitrose Kentish Town,Frozen,Meat Alternatives,Linda McCartney's Vegetarian Mozzarella Burgers 2x113.5g,227g,£12.11/kg,2.75,,
Waitrose Kentish Town,Frozen,Meat Alternatives,Moving Mountains Plant Based Quarter Pounder Burgers 2x,2pk,£1.88 each,3.75,,
Waitrose Kentish Town,Frozen,Meat Alternatives,Quorn Vegetarian Crispy Nuggets 300g,300g,£10.50/kg,3.15,,
Waitrose Kentish Town,Frozen,Meat Alternatives,Quorn Vegetarian Mince 300g,300g,£8.93/kg,2.68,3.15,15% off
Waitrose Kentish Town,Frozen,"Meat, Fish & Poultry",Waitrose Breaded Haddock Fish Fillet 2 per pack,2pk,£2.70 each,5.40,,
Waitrose Kentish Town,Frozen,Offers,Chicago Town Stuffed Crust Loaded Cheese Frozen Pizza 630g,630g,£8.29/kg,5.22,5.80,10% off
Waitrose Kentish Town,Frozen,Offers,Frozen Potato Rosti 500g,,,3.16,3.95,20% off
Waitrose Kentish Town,Frozen,Offers,Itsu Korean BBQ Beef Gyoza 12 Dumplings 240g,240g,£17.67/kg,4.24,5.30,20% off
Waitrose Kentish Town,Frozen,Offers,McCain Crispy Frozen French Fries 900g,900g,£3.20/kg,2.88,3.60,20% off
Waitrose Kentish Town,Frozen,Offers,Quorn Vegetarian Mince 300g,300g,£8.93/kg,2.68,3.15,15% off
Waitrose Kentish Town,Frozen,Offers,Waitrose Chilled Fresh Ready to Eat Edamame 160g,160g,£5.63/kg,0.90,1.80,50% off
Waitrose Kentish Town,Frozen,Offers,Waitrose Frozen Cauliflower Cheese 500g,500g,£4.32/kg,2.16,2.70,20% off
Waitrose Kentish Town,Frozen,Offers,Waitrose Pepperoni Pizza 413g,385g,£10.00/kg,3.85,5.50,30% off
Waitrose Kentish Town,Frozen,Offers,itsu Frozen Vegetable Fusion Gyoza 20 per pack,20pk,£0.19 each,3.88,4.85,20% off
Waitrose Kentish Town,Frozen,Offers,itsu Korean Style Crispy Chicken 340g,340g,£12.82/kg,4.36,5.45,20% off
Waitrose Kentish Town,Frozen,Pizza,Chicago Town Stuffed Crust Loaded Cheese Frozen Pizza 630g,630g,£8.29/kg,5.22,5.80,10% off
Waitrose Kentish Town,Frozen,Pizza,Crosta & Mollica Sourdough Margherita Frozen Pizza 2x,2pk,£3.30 each,6.60,,
Waitrose Kentish Town,Frozen,Pizza,Essential Frozen Margherita Pizza 300g,,,2.05,,
Waitrose Kentish Town,Frozen,Pizza,Waitrose Pepperoni Pizza 413g,385g,£10.00/kg,3.85,5.50,30% off
Waitrose Kentish Town,Frozen,Ready Meals,Waitrose Frozen Pea & Asparagus Risotto 350g,,,5.30,,
Waitrose Kentish Town,Frozen,Savoury Pastries,Linda McCartney's 6 Vegetarian Sausage Rolls 342g,342g,£9.21/kg,3.15,,
Waitrose Kentish Town,Frozen,Seafood,Waitrose Battered Cod Fish Fillets x2,2pk,£2.93 each,5.85,,
Waitrose Kentish Town,Frozen,Seafood,Waitrose Breaded Haddock Fish Fillet 2 per pack,2pk,£2.70 each,5.40,,
Waitrose Kentish Town,Frozen,Seafood,Waitrose Essential Frozen ASC Cooked King Prawn 250g,250g,£20.80/kg,5.20,,
Waitrose Kentish Town,Frozen,Seafood,Waitrose Frozen Breaded Cod Fish Fingers 6 x 400g,400g,£12.13/kg,4.85,,
Waitrose Kentish Town,Frozen,Side Dishes,Itsu Korean BBQ Beef Gyoza 12 Dumplings 240g,240g,£17.67/kg,4.24,5.30,20% off
Waitrose Kentish Town,Frozen,Side Dishes,Waitrose Frozen Cauliflower Cheese 500g,500g,£4.32/kg,2.16,2.70,20% off
Waitrose Kentish Town,Frozen,Side Dishes,itsu Frozen Chicken Gyoza 12 per pack,12pk,£0.40 each,4.85,,
Waitrose Kentish Town,Frozen,Side Dishes,itsu Frozen Vegetable Fusion Gyoza 20 per pack,20pk,£0.19 each,3.88,4.85,20% off
Waitrose Kentish Town,Frozen,The Friday Flex - Save 20%,Frozen Potato Rosti 500g,,,3.16,3.95,20% off
Waitrose Kentish Town,Frozen,The Friday Flex - Save 20%,Itsu Korean BBQ Beef Gyoza 12 Dumplings 240g,240g,£17.67/kg,4.24,5.30,20% off
Waitrose Kentish Town,Frozen,The Friday Flex - Save 20%,McCain Crispy Frozen French Fries 900g,900g,£3.20/kg,2.88,3.60,20% off
Waitrose Kentish Town,Frozen,The Friday Flex - Save 20%,Waitrose Frozen Cauliflower Cheese 500g,500g,£4.32/kg,2.16,2.70,20% off
Waitrose Kentish Town,Frozen,The Friday Flex - Save 20%,itsu Frozen Vegetable Fusion Gyoza 20 per pack,20pk,£0.19 each,3.88,4.85,20% off
Waitrose Kentish Town,Frozen,The Friday Flex - Save 20%,itsu Korean Style Crispy Chicken 340g,340g,£12.82/kg,4.36,5.45,20% off
Waitrose Kentish Town,Fruit,Apples & Pears,Waitrose Duchy Organic Gala Apples minimum 4 per pack,4pk,£0.56 each,2.24,2.80,20% off
Waitrose Kentish Town,Fruit,Apples & Pears,Waitrose Granny Smith Apples 6 pack,,,2.20,,
Waitrose Kentish Town,Fruit,Apples & Pears,Waitrose Perfectly Ripe Conference Pear 4 per pack,4pk,£0.46 each,1.82,2.60,30% off
Waitrose Kentish Town,Fruit,Apples & Pears,Waitrose Pink Lady Apples 4 per pack,4pk,£0.69 each,2.75,,
Waitrose Kentish Town,Fruit,Back To Routine,Waitrose Apple Mango Strawberry & Blueberry 265g,265g,£10.45/kg,2.77,3.95,30% off
Waitrose Kentish Town,Fruit,Back To Routine,Waitrose Essential Fairtrade Bananas 5 pack,,,1.15,,
Waitrose Kentish Town,Fruit,Back To Routine,Waitrose Granny Smith Apples 6 pack,,,2.20,,
Waitrose Kentish Town,Fruit,Back To Routine,Waitrose Prepared Pineapple Chunks 275g,275g,£11.45/kg,3.15,,
Waitrose Kentish Town,Fruit,Bananas,Waitrose Essential Fairtrade Bananas 5 pack,,,1.15,,
Waitrose Kentish Town,Fruit,Bananas,Waitrose Small Fairtrade Bananas 7 per pack,7pk,£0.20 each,1.40,,
Waitrose Kentish Town,Fruit,Berries,Waitrose British Strawberries 400g,400g,£6.05/kg,2.42,3.45,30% off
Waitrose Kentish Town,Fruit,Berries,Waitrose Essential Blueberries 150g,150g,£15.67/kg,2.35,,
Waitrose Kentish Town,Fruit,Berries,Waitrose Essential Raspberries 150g,150g,£16.67/kg,2.50,,
Waitrose Kentish Town,Fruit,Berries,Waitrose Mixed Berries 190g,190g,£16.32/kg,3.10,,
Waitrose Kentish Town,Fruit,Berries,Waitrose No.1 Speciality British Strawberries 365g,200g,£16.00/kg,3.20,4.00,20% off
Waitrose Kentish Town,Fruit,Berries,Waitrose No.1 Speciality Raspberries 150g,150g,£15.67/kg,2.35,3.35,30% off
Waitrose Kentish Town,Fruit,Berries,Waitrose Raspberries 225g,225g,£18.44/kg,4.15,,
Waitrose Kentish Town,Fruit,Citrus Fruit,Waitrose Cooks' Ingredients Unwaxed Lemons 4 pack,,,1.90,,
Waitrose Kentish Town,Fruit,Citrus Fruit,Waitrose Essential Easy Peelers Oranges 600g,600g,£2.83/kg,1.70,,
Waitrose Kentish Town,Fruit,Citrus Fruit,Waitrose Essential Lemon 1ea,,,0.40,,
Waitrose Kentish Town,Fruit,Citrus Fruit,Waitrose Essential Lime 1ea,,,0.35,,
Waitrose Kentish Town,Fruit,Citrus Fruit,Waitrose Essential Red Grapefruit 1ea,,,0.75,,
Waitrose Kentish Town,Fruit,Citrus Fruit,Waitrose Essentials Limes 5s,5pk,£0.34 each,1.70,,
Waitrose Kentish Town,Fruit,Citrus Fruit,Waitrose Extra Large Oranges 4 per pack,4pk,£0.88 each,3.50,,
Waitrose Kentish Town,Fruit,Discover our Duchy Organic Range 🥒,Waitrose Duchy Organic Gala Apples minimum 4 per pack,4pk,£0.56 each,2.24,2.80,20% off
Waitrose Kentish Town,Fruit,Fruit,Waitrose Apple Mango Strawberry & Blueberry 265g,265g,£10.45/kg,2.77,3.95,30% off
Waitrose Kentish Town,Fruit,Fruit,Waitrose British Strawberries 400g,400g,£6.05/kg,2.42,3.45,30% off
Waitrose Kentish Town,Fruit,Fruit,Waitrose Cooks' Ingredients Unwaxed Lemons 4 pack,,,1.90,,
Waitrose Kentish Town,Fruit,Fruit,Waitrose Duchy Organic Gala Apples minimum 4 per pack,4pk,£0.56 each,2.24,2.80,20% off
Waitrose Kentish Town,Fruit,Fruit,Waitrose Essential Blueberries 150g,150g,£15.67/kg,2.35,,
Waitrose Kentish Town,Fruit,Fruit,Waitrose Essential Easy Peelers Oranges 600g,600g,£2.83/kg,1.70,,
Waitrose Kentish Town,Fruit,Fruit,Waitrose Essential Fairtrade Bananas 5 pack,,,1.15,,
Waitrose Kentish Town,Fruit,Fruit,Waitrose Essential Lemon 1ea,,,0.40,,
Waitrose Kentish Town,Fruit,Fruit,Waitrose Essential Lime 1ea,,,0.35,,
Waitrose Kentish Town,Fruit,Fruit,Waitrose Essential Raspberries 150g,150g,£16.67/kg,2.50,,
Waitrose Kentish Town,Fruit,Fruit,Waitrose Essential Red Grapefruit 1ea,,,0.75,,
Waitrose Kentish Town,Fruit,Fruit,Waitrose Essentials Limes 5s,5pk,£0.34 each,1.70,,
Waitrose Kentish Town,Fruit,Fruit,Waitrose Extra Large Oranges 4 per pack,4pk,£0.88 each,3.50,,
Waitrose Kentish Town,Fruit,Fruit,Waitrose Fruit Berry Medley 230g,230g,£9.61/kg,2.21,3.15,30% off
Waitrose Kentish Town,Fruit,Fruit,Waitrose Granny Smith Apples 6 pack,,,2.20,,
Waitrose Kentish Town,Fruit,Fruit,Waitrose Green Seedless Grapes 500g,500g,£4.16/kg,2.08,2.60,20% off
Waitrose Kentish Town,Fruit,Fruit,Waitrose Large Passion Fruit 2 pack,,,2.75,,
Waitrose Kentish Town,Fruit,Fruit,Waitrose Mango & Strawberry 225g,225g,£11.51/kg,2.59,3.70,30% off
Waitrose Kentish Town,Fruit,Fruit,Waitrose Mango Chunks 280g,280g,£14.29/kg,4.00,,
Waitrose Kentish Town,Fruit,Fruit,Waitrose Melon Slices 280g,280g,£11.25/kg,3.15,,
Waitrose Kentish Town,Fruit,Fruit,Waitrose Mixed Berries 190g,190g,£16.32/kg,3.10,,
Waitrose Kentish Town,Fruit,Fruit,Waitrose No.1 Speciality British Strawberries 365g,200g,£16.00/kg,3.20,4.00,20% off
Waitrose Kentish Town,Fruit,Fruit,Waitrose No.1 Speciality Raspberries 150g,150g,£15.67/kg,2.35,3.35,30% off
Waitrose Kentish Town,Fruit,Fruit,Waitrose Perfectly Ripe Conference Pear 4 per pack,4pk,£0.46 each,1.82,2.60,30% off
Waitrose Kentish Town,Fruit,Fruit,Waitrose Perfectly Ripe Kiwi Fruit 4 per pack,4pk,£0.71 each,2.85,,
Waitrose Kentish Town,Fruit,Fruit,Waitrose Perfectly Ripe Large Mango Each,,,1.89,2.70,30% off
Waitrose Kentish Town,Fruit,Fruit,Waitrose Perfectly Ripe Mango 2 per pack,2pk,£0.92 each,1.83,3.65,50% off
Waitrose Kentish Town,Fruit,Fruit,Waitrose Pink Lady Apples 4 per pack,4pk,£0.69 each,2.75,,
Waitrose Kentish Town,Fruit,Fruit,Waitrose Plums 4 per pack,4pk,£0.53 each,2.12,2.65,20% off
Waitrose Kentish Town,Fruit,Fruit,Waitrose Prepared Pineapple Chunks 275g,275g,£11.45/kg,3.15,,
Waitrose Kentish Town,Fruit,Fruit,Waitrose Prepared Pomegranate 210g,210g,£15.24/kg,3.20,,
Waitrose Kentish Town,Fruit,Fruit,Waitrose Raspberries 225g,225g,£18.44/kg,4.15,,
Waitrose Kentish Town,Fruit,Fruit,Waitrose Red Seedless Grapes 500g,500g,£4.20/kg,2.10,3.00,30% off
Waitrose Kentish Town,Fruit,Fruit,Waitrose Seedless Grape Selection 400g,400g,£6.63/kg,2.65,,
Waitrose Kentish Town,Fruit,Fruit,Waitrose Small Fairtrade Bananas 7 per pack,7pk,£0.20 each,1.40,,
Waitrose Kentish Town,Fruit,Fruit,Waitrose Watermelon 300g,300g,£12.33/kg,3.70,,
Waitrose Kentish Town,Fruit,Fruit,Waitrose Watermelon fingers 600g,600g,£8.75/kg,5.25,,
Waitrose Kentish Town,Fruit,Fruit & Veg,Waitrose British Strawberries 400g,400g,£6.05/kg,2.42,3.45,30% off
Waitrose Kentish Town,Fruit,Fruit & Veg,Waitrose Cooks' Ingredients Unwaxed Lemons 4 pack,,,1.90,,
Waitrose Kentish Town,Fruit,Fruit & Veg,Waitrose Essential Easy Peelers Oranges 600g,600g,£2.83/kg,1.70,,
Waitrose Kentish Town,Fruit,Fruit & Veg,Waitrose Essential Lemon 1ea,,,0.40,,
Waitrose Kentish Town,Fruit,Fruit & Veg,Waitrose Essential Raspberries 150g,150g,£16.67/kg,2.50,,
Waitrose Kentish Town,Fruit,Fruit & Veg,Waitrose Essential Red Grapefruit 1ea,,,0.75,,
Waitrose Kentish Town,Fruit,Fruit & Veg,Waitrose Essentials Limes 5s,5pk,£0.34 each,1.70,,
Waitrose Kentish Town,Fruit,Fruit & Veg,Waitrose Extra Large Oranges 4 per pack,4pk,£0.88 each,3.50,,
Waitrose Kentish Town,Fruit,Fruit & Veg,Waitrose Fruit Berry Medley 230g,230g,£9.61/kg,2.21,3.15,30% off
Waitrose Kentish Town,Fruit,Fruit & Veg,Waitrose Green Seedless Grapes 500g,500g,£4.16/kg,2.08,2.60,20% off
Waitrose Kentish Town,Fruit,Fruit & Veg,Waitrose Large Passion Fruit 2 pack,,,2.75,,
Waitrose Kentish Town,Fruit,Fruit & Veg,Waitrose Mango & Strawberry 225g,225g,£11.51/kg,2.59,3.70,30% off
Waitrose Kentish Town,Fruit,Fruit & Veg,Waitrose Melon Slices 280g,280g,£11.25/kg,3.15,,
Waitrose Kentish Town,Fruit,Fruit & Veg,Waitrose Mixed Berries 190g,190g,£16.32/kg,3.10,,
Waitrose Kentish Town,Fruit,Fruit & Veg,Waitrose No.1 Speciality British Strawberries 365g,200g,£16.00/kg,3.20,4.00,20% off
Waitrose Kentish Town,Fruit,Fruit & Veg,Waitrose Perfectly Ripe Conference Pear 4 per pack,4pk,£0.46 each,1.82,2.60,30% off
Waitrose Kentish Town,Fruit,Fruit & Veg,Waitrose Perfectly Ripe Large Mango Each,,,1.89,2.70,30% off
Waitrose Kentish Town,Fruit,Fruit & Veg,Waitrose Perfectly Ripe Mango 2 per pack,2pk,£0.92 each,1.83,3.65,50% off
Waitrose Kentish Town,Fruit,Fruit & Veg,Waitrose Plums 4 per pack,4pk,£0.53 each,2.12,2.65,20% off
Waitrose Kentish Town,Fruit,Fruit & Veg,Waitrose Raspberries 225g,225g,£18.44/kg,4.15,,
Waitrose Kentish Town,Fruit,Fruit & Veg,Waitrose Red Seedless Grapes 500g,500g,£4.20/kg,2.10,3.00,30% off
Waitrose Kentish Town,Fruit,Fruit & Veg,Waitrose Seedless Grape Selection 400g,400g,£6.63/kg,2.65,,
Waitrose Kentish Town,Fruit,Fruit & Veg,Waitrose Small Fairtrade Bananas 7 per pack,7pk,£0.20 each,1.40,,
Waitrose Kentish Town,Fruit,Fruit & Veg,Waitrose Watermelon 300g,300g,£12.33/kg,3.70,,
Waitrose Kentish Town,Fruit,Grapes,Waitrose Green Seedless Grapes 500g,500g,£4.16/kg,2.08,2.60,20% off
Waitrose Kentish Town,Fruit,Grapes,Waitrose Red Seedless Grapes 500g,500g,£4.20/kg,2.10,3.00,30% off
Waitrose Kentish Town,Fruit,Grapes,Waitrose Seedless Grape Selection 400g,400g,£6.63/kg,2.65,,
Waitrose Kentish Town,Fruit,Offers,Waitrose Apple Mango Strawberry & Blueberry 265g,265g,£10.45/kg,2.77,3.95,30% off
Waitrose Kentish Town,Fruit,Offers,Waitrose British Strawberries 400g,400g,£6.05/kg,2.42,3.45,30% off
Waitrose Kentish Town,Fruit,Offers,Waitrose Duchy Organic Gala Apples minimum 4 per pack,4pk,£0.56 each,2.24,2.80,20% off
Waitrose Kentish Town,Fruit,Offers,Waitrose Fruit Berry Medley 230g,230g,£9.61/kg,2.21,3.15,30% off
Waitrose Kentish Town,Fruit,Offers,Waitrose Green Seedless Grapes 500g,500g,£4.16/kg,2.08,2.60,20% off
Waitrose Kentish Town,Fruit,Offers,Waitrose Mango & Strawberry 225g,225g,£11.51/kg,2.59,3.70,30% off
Waitrose Kentish Town,Fruit,Offers,Waitrose No.1 Speciality British Strawberries 365g,200g,£16.00/kg,3.20,4.00,20% off
Waitrose Kentish Town,Fruit,Offers,Waitrose No.1 Speciality Raspberries 150g,150g,£15.67/kg,2.35,3.35,30% off
Waitrose Kentish Town,Fruit,Offers,Waitrose Perfectly Ripe Conference Pear 4 per pack,4pk,£0.46 each,1.82,2.60,30% off
Waitrose Kentish Town,Fruit,Offers,Waitrose Perfectly Ripe Large Mango Each,,,1.89,2.70,30% off
Waitrose Kentish Town,Fruit,Offers,Waitrose Perfectly Ripe Mango 2 per pack,2pk,£0.92 each,1.83,3.65,50% off
Waitrose Kentish Town,Fruit,Offers,Waitrose Plums 4 per pack,4pk,£0.53 each,2.12,2.65,20% off
Waitrose Kentish Town,Fruit,Offers,Waitrose Red Seedless Grapes 500g,500g,£4.20/kg,2.10,3.00,30% off
Waitrose Kentish Town,Fruit,Other Fruit,Waitrose Large Passion Fruit 2 pack,,,2.75,,
Waitrose Kentish Town,Fruit,Other Fruit,Waitrose Perfectly Ripe Kiwi Fruit 4 per pack,4pk,£0.71 each,2.85,,
Waitrose Kentish Town,Fruit,Other Fruit,Waitrose Perfectly Ripe Large Mango Each,,,1.89,2.70,30% off
Waitrose Kentish Town,Fruit,Other Fruit,Waitrose Perfectly Ripe Mango 2 per pack,2pk,£0.92 each,1.83,3.65,50% off
Waitrose Kentish Town,Fruit,Other Fruit,Waitrose Plums 4 per pack,4pk,£0.53 each,2.12,2.65,20% off
Waitrose Kentish Town,Fruit,Prepared Fruit,Waitrose Apple Mango Strawberry & Blueberry 265g,265g,£10.45/kg,2.77,3.95,30% off
Waitrose Kentish Town,Fruit,Prepared Fruit,Waitrose Fruit Berry Medley 230g,230g,£9.61/kg,2.21,3.15,30% off
Waitrose Kentish Town,Fruit,Prepared Fruit,Waitrose Mango & Strawberry 225g,225g,£11.51/kg,2.59,3.70,30% off
Waitrose Kentish Town,Fruit,Prepared Fruit,Waitrose Mango Chunks 280g,280g,£14.29/kg,4.00,,
Waitrose Kentish Town,Fruit,Prepared Fruit,Waitrose Melon Slices 280g,280g,£11.25/kg,3.15,,
Waitrose Kentish Town,Fruit,Prepared Fruit,Waitrose Prepared Pineapple Chunks 275g,275g,£11.45/kg,3.15,,
Waitrose Kentish Town,Fruit,Prepared Fruit,Waitrose Prepared Pomegranate 210g,210g,£15.24/kg,3.20,,
Waitrose Kentish Town,Fruit,Prepared Fruit,Waitrose Watermelon 300g,300g,£12.33/kg,3.70,,
Waitrose Kentish Town,Fruit,Prepared Fruit,Waitrose Watermelon fingers 600g,600g,£8.75/kg,5.25,,
Waitrose Kentish Town,Fruit Juice & Smoothies,Apple Juice,Daily Dose Leckford Estate Apple Juice 900ml,900ml,£4.56/L,4.10,,
Waitrose Kentish Town,Fruit Juice & Smoothies,Apple Juice,PIP Organic - Cloudy Apple Juice - 180ml,180ml,£8.33/L,1.50,,
Waitrose Kentish Town,Fruit Juice & Smoothies,Apple Juice,Waitrose Essential Pure Apple Juice 1L,1L,£1.90/L,1.90,,
Waitrose Kentish Town,Fruit Juice & Smoothies,Apple Juice,Waitrose Essential Pure Apple Juice 6 Pack (200ml x 6),,,2.40,,
Waitrose Kentish Town,Fruit Juice & Smoothies,Apple Juice,Waitrose Pressed Apple Juice 1l,1L,£2.20/L,2.20,,
Waitrose Kentish Town,Fruit Juice & Smoothies,Back To Routine,Waitrose Essential Pure Apple Juice 6 Pack (200ml x 6),,,2.40,,
Waitrose Kentish Town,Fruit Juice & Smoothies,Discover our Waitrose No.1 Range,Waitrose No.1 Sicilian Blood Orange Juice 1l,1L,£4.00/L,4.00,,
Waitrose Kentish Town,Fruit Juice & Smoothies,Fruit Juice & Smoothies,Appletiser Bottle 750ml,750ml,£4.25/L,3.19,4.25,25% off
Waitrose Kentish Town,Fruit Juice & Smoothies,Fruit Juice & Smoothies,Beet It Organic Beetroot Juice 1L,,,4.00,,
Waitrose Kentish Town,Fruit Juice & Smoothies,Fruit Juice & Smoothies,Big Tom Spiced Tomato Juice 750ml,750ml,£5.40/L,4.05,,
Waitrose Kentish Town,Fruit Juice & Smoothies,Fruit Juice & Smoothies,Daily Dose Apple & Ginger 900ml,900ml,£4.56/L,4.10,,
Waitrose Kentish Town,Fruit Juice & Smoothies,Fruit Juice & Smoothies,Daily Dose Leckford Estate Apple Juice 900ml,900ml,£4.56/L,4.10,,
Waitrose Kentish Town,Fruit Juice & Smoothies,Fruit Juice & Smoothies,Innocent Apple & Mango Juice 1.35L,1.35L,£3.74/L,5.05,,
Waitrose Kentish Town,Fruit Juice & Smoothies,Fruit Juice & Smoothies,Innocent Energise Smoothie 750ml,,,3.64,5.20,30% off
Waitrose Kentish Town,Fruit Juice & Smoothies,Fruit Juice & Smoothies,Innocent Orange Mango Smoothie 4x150ml,,,4.20,,
Waitrose Kentish Town,Fruit Juice & Smoothies,Fruit Juice & Smoothies,Innocent Smoothie Strawberries & Bananas 750ml,750ml,£5.33/L,4.00,,
Waitrose Kentish Town,Fruit Juice & Smoothies,Fruit Juice & Smoothies,J2O Orange & Passionfruit 4x275ml,1.1L,£4.13/L,4.54,6.05,25% off
Waitrose Kentish Town,Fruit Juice & Smoothies,Fruit Juice & Smoothies,Mockingbird Raw Greens Virgin Smoothie 750ml,750ml,£6.80/L,5.10,,
Waitrose Kentish Town,Fruit Juice & Smoothies,Fruit Juice & Smoothies,Mockingbird Raw Tropical Greens 750ml,750ml,£5.07/L,3.80,,
Waitrose Kentish Town,Fruit Juice & Smoothies,Fruit Juice & Smoothies,Ocean Spray Cranberry Classic 1l,1L,£1.94/L,1.94,2.15,10% off
Waitrose Kentish Town,Fruit Juice & Smoothies,Fruit Juice & Smoothies,Oye Yaar Original Juice 60ml,60ml,£62.50/L,3.75,,
Waitrose Kentish Town,Fruit Juice & Smoothies,Fruit Juice & Smoothies,PIP Organic - Cloudy Apple Juice - 180ml,180ml,£8.33/L,1.50,,
Waitrose Kentish Town,Fruit Juice & Smoothies,Fruit Juice & Smoothies,Rubicon Mango Juice Drink 1L,1L,£2.16/L,2.16,2.40,10% off
Waitrose Kentish Town,Fruit Juice & Smoothies,Fruit Juice & Smoothies,Simplee Aloe Vera Passionfruit 1 Litre,1L,£3.40/L,3.40,,
Waitrose Kentish Town,Fruit Juice & Smoothies,Fruit Juice & Smoothies,Tropicana Pineapple Juice 850ml,850ml,£4.76/L,4.05,,
Waitrose Kentish Town,Fruit Juice & Smoothies,Fruit Juice & Smoothies,Tropicana Smooth Orange Juice 900ml,900ml,£4.17/L,3.75,,
Waitrose Kentish Town,Fruit Juice & Smoothies,Fruit Juice & Smoothies,Waitrose Essential No Added Sugar Cranberry Juice Drink 1 litre,,,1.90,,
Waitrose Kentish Town,Fruit Juice & Smoothies,Fruit Juice & Smoothies,Waitrose Essential Pure Apple Juice 1L,1L,£1.90/L,1.90,,
Waitrose Kentish Town,Fruit Juice & Smoothies,Fruit Juice & Smoothies,Waitrose Essential Pure Apple Juice 6 Pack (200ml x 6),,,2.40,,
Waitrose Kentish Town,Fruit Juice & Smoothies,Fruit Juice & Smoothies,Waitrose Essential Pure Orange Juice 1L,1L,£2.20/L,2.20,,
Waitrose Kentish Town,Fruit Juice & Smoothies,Fruit Juice & Smoothies,Waitrose Freshly Squeezed Orange Juice 250ml,250ml,£6.40/L,1.60,,
Waitrose Kentish Town,Fruit Juice & Smoothies,Fruit Juice & Smoothies,Waitrose Ginger Shot 100ml,100ml,£19.00/L,1.90,,
Waitrose Kentish Town,Fruit Juice & Smoothies,Fruit Juice & Smoothies,Waitrose Mango & Passionfruit Smoothie 750ml,750ml,£2.93/L,2.20,,
Waitrose Kentish Town,Fruit Juice & Smoothies,Fruit Juice & Smoothies,Waitrose No.1 Fresh Bits Orange Juice 1L,1L,£3.75/L,3.75,,
Waitrose Kentish Town,Fruit Juice & Smoothies,Fruit Juice & Smoothies,Waitrose No.1 Sicilian Blood Orange Juice 1l,1L,£4.00/L,4.00,,
Waitrose Kentish Town,Fruit Juice & Smoothies,Fruit Juice & Smoothies,Waitrose Orange Juice with Bits 1l,1L,£2.50/L,2.50,,
Waitrose Kentish Town,Fruit Juice & Smoothies,Fruit Juice & Smoothies,Waitrose Pineapple Juice 1l,1L,£2.85/L,2.85,,
Waitrose Kentish Town,Fruit Juice & Smoothies,Fruit Juice & Smoothies,Waitrose Pressed Apple & Mango Juice 1L,1L,£2.35/L,2.35,,
Waitrose Kentish Town,Fruit Juice & Smoothies,Fruit Juice & Smoothies,Waitrose Pressed Apple Juice 1l,1L,£2.20/L,2.20,,
Waitrose Kentish Town,Fruit Juice & Smoothies,Fruit Juice & Smoothies,Waitrose Smooth Orange Juice 1l,1L,£2.50/L,2.50,,
Waitrose Kentish Town,Fruit Juice & Smoothies,Fruit Juice & Smoothies,Waitrose Tomato Juice 1litre,,,2.40,,
Waitrose Kentish Town,Fruit Juice & Smoothies,Offers,Appletiser Bottle 750ml,750ml,£4.25/L,3.19,4.25,25% off
Waitrose Kentish Town,Fruit Juice & Smoothies,Offers,Innocent Energise Smoothie 750ml,,,3.64,5.20,30% off
Waitrose Kentish Town,Fruit Juice & Smoothies,Offers,J2O Orange & Passionfruit 4x275ml,1.1L,£4.13/L,4.54,6.05,25% off
Waitrose Kentish Town,Fruit Juice & Smoothies,Offers,Ocean Spray Cranberry Classic 1l,1L,£1.94/L,1.94,2.15,10% off
Waitrose Kentish Town,Fruit Juice & Smoothies,Offers,Rubicon Mango Juice Drink 1L,1L,£2.16/L,2.16,2.40,10% off
Waitrose Kentish Town,Fruit Juice & Smoothies,Orange Juice,Tropicana Smooth Orange Juice 900ml,900ml,£4.17/L,3.75,,
Waitrose Kentish Town,Fruit Juice & Smoothies,Orange Juice,Waitrose Essential Pure Orange Juice 1L,1L,£2.20/L,2.20,,
Waitrose Kentish Town,Fruit Juice & Smoothies,Orange Juice,Waitrose Freshly Squeezed Orange Juice 250ml,250ml,£6.40/L,1.60,,
Waitrose Kentish Town,Fruit Juice & Smoothies,Orange Juice,Waitrose No.1 Fresh Bits Orange Juice 1L,1L,£3.75/L,3.75,,
Waitrose Kentish Town,Fruit Juice & Smoothies,Orange Juice,Waitrose No.1 Sicilian Blood Orange Juice 1l,1L,£4.00/L,4.00,,
Waitrose Kentish Town,Fruit Juice & Smoothies,Orange Juice,Waitrose Orange Juice with Bits 1l,1L,£2.50/L,2.50,,
Waitrose Kentish Town,Fruit Juice & Smoothies,Orange Juice,Waitrose Smooth Orange Juice 1l,1L,£2.50/L,2.50,,
Waitrose Kentish Town,Fruit Juice & Smoothies,Smoothies & Fruit Juice,Appletiser Bottle 750ml,750ml,£4.25/L,3.19,4.25,25% off
Waitrose Kentish Town,Fruit Juice & Smoothies,Smoothies & Fruit Juice,Beet It Organic Beetroot Juice 1L,,,4.00,,
Waitrose Kentish Town,Fruit Juice & Smoothies,Smoothies & Fruit Juice,Big Tom Spiced Tomato Juice 750ml,750ml,£5.40/L,4.05,,
Waitrose Kentish Town,Fruit Juice & Smoothies,Smoothies & Fruit Juice,Daily Dose Apple & Ginger 900ml,900ml,£4.56/L,4.10,,
Waitrose Kentish Town,Fruit Juice & Smoothies,Smoothies & Fruit Juice,Innocent Apple & Mango Juice 1.35L,1.35L,£3.74/L,5.05,,
Waitrose Kentish Town,Fruit Juice & Smoothies,Smoothies & Fruit Juice,Innocent Energise Smoothie 750ml,,,3.64,5.20,30% off
Waitrose Kentish Town,Fruit Juice & Smoothies,Smoothies & Fruit Juice,Innocent Orange Mango Smoothie 4x150ml,,,4.20,,
Waitrose Kentish Town,Fruit Juice & Smoothies,Smoothies & Fruit Juice,Innocent Smoothie Strawberries & Bananas 750ml,750ml,£5.33/L,4.00,,
Waitrose Kentish Town,Fruit Juice & Smoothies,Smoothies & Fruit Juice,J2O Orange & Passionfruit 4x275ml,1.1L,£4.13/L,4.54,6.05,25% off
Waitrose Kentish Town,Fruit Juice & Smoothies,Smoothies & Fruit Juice,Mockingbird Raw Greens Virgin Smoothie 750ml,750ml,£6.80/L,5.10,,
Waitrose Kentish Town,Fruit Juice & Smoothies,Smoothies & Fruit Juice,Mockingbird Raw Tropical Greens 750ml,750ml,£5.07/L,3.80,,
Waitrose Kentish Town,Fruit Juice & Smoothies,Smoothies & Fruit Juice,Ocean Spray Cranberry Classic 1l,1L,£1.94/L,1.94,2.15,10% off
Waitrose Kentish Town,Fruit Juice & Smoothies,Smoothies & Fruit Juice,Oye Yaar Original Juice 60ml,60ml,£62.50/L,3.75,,
Waitrose Kentish Town,Fruit Juice & Smoothies,Smoothies & Fruit Juice,Rubicon Mango Juice Drink 1L,1L,£2.16/L,2.16,2.40,10% off
Waitrose Kentish Town,Fruit Juice & Smoothies,Smoothies & Fruit Juice,Simplee Aloe Vera Passionfruit 1 Litre,1L,£3.40/L,3.40,,
Waitrose Kentish Town,Fruit Juice & Smoothies,Smoothies & Fruit Juice,Tropicana Pineapple Juice 850ml,850ml,£4.76/L,4.05,,
Waitrose Kentish Town,Fruit Juice & Smoothies,Smoothies & Fruit Juice,Waitrose Essential No Added Sugar Cranberry Juice Drink 1 litre,,,1.90,,
Waitrose Kentish Town,Fruit Juice & Smoothies,Smoothies & Fruit Juice,Waitrose Ginger Shot 100ml,100ml,£19.00/L,1.90,,
Waitrose Kentish Town,Fruit Juice & Smoothies,Smoothies & Fruit Juice,Waitrose Mango & Passionfruit Smoothie 750ml,750ml,£2.93/L,2.20,,
Waitrose Kentish Town,Fruit Juice & Smoothies,Smoothies & Fruit Juice,Waitrose Pineapple Juice 1l,1L,£2.85/L,2.85,,
Waitrose Kentish Town,Fruit Juice & Smoothies,Smoothies & Fruit Juice,Waitrose Pressed Apple & Mango Juice 1L,1L,£2.35/L,2.35,,
Waitrose Kentish Town,Fruit Juice & Smoothies,Smoothies & Fruit Juice,Waitrose Tomato Juice 1litre,,,2.40,,
Waitrose Kentish Town,"Gifts, Parties, Toys",Gift Wrap & Cards,John Lewis Bright Star Bottle Gift Bag 1ea,,,0.70,,
Waitrose Kentish Town,"Gifts, Parties, Toys",Gifts,Ferrero Rocher 24s,24pk,£0.46 each,11.00,13.75,20% off
Waitrose Kentish Town,"Gifts, Parties, Toys",Gifts,John Lewis Coastal Breeze Scented Candle 200g,,,2.40,,
Waitrose Kentish Town,"Gifts, Parties, Toys",Gifts,John Lewis Lavender Eucalyptus Scented Candle 1ea,,,4.20,,
Waitrose Kentish Town,"Gifts, Parties, Toys",Gifts,Lindt Lindor Assorted Chocolate Truffles 200g,200g,£43.00/kg,8.60,,
Waitrose Kentish Town,"Gifts, Parties, Toys",Gifts,Lindt Lindor Milk Chocolate Truffles Box 200g,200g,£45.00/kg,9.00,,
Waitrose Kentish Town,"Gifts, Parties, Toys",Gifts,Lindt Lindor Pistachio Milk Chocolate Truffles 200g,200g,£41.25/kg,8.25,,
Waitrose Kentish Town,"Gifts, Parties, Toys",Gifts,Monty Bojangles Choccy Scoffy Chocolate Truffles 135g,135g,£41.85/kg,5.65,,
Waitrose Kentish Town,"Gifts, Parties, Toys",Gifts,Waitrose Belgian White Chocolate 180g,180g,£23.33/kg,4.20,,
Waitrose Kentish Town,"Gifts, Parties, Toys","Gifts, Parties, Toys",Ferrero Rocher 24s,24pk,£0.46 each,11.00,13.75,20% off
Waitrose Kentish Town,"Gifts, Parties, Toys","Gifts, Parties, Toys",John Lewis Bright Star Bottle Gift Bag 1ea,,,0.70,,
Waitrose Kentish Town,"Gifts, Parties, Toys","Gifts, Parties, Toys",John Lewis Coastal Breeze Scented Candle 200g,,,2.40,,
Waitrose Kentish Town,"Gifts, Parties, Toys","Gifts, Parties, Toys",John Lewis Lavender Eucalyptus Scented Candle 1ea,,,4.20,,
Waitrose Kentish Town,"Gifts, Parties, Toys","Gifts, Parties, Toys",Lindt Lindor Assorted Chocolate Truffles 200g,200g,£43.00/kg,8.60,,
Waitrose Kentish Town,"Gifts, Parties, Toys","Gifts, Parties, Toys",Lindt Lindor Milk Chocolate Truffles Box 200g,200g,£45.00/kg,9.00,,
Waitrose Kentish Town,"Gifts, Parties, Toys","Gifts, Parties, Toys",Lindt Lindor Pistachio Milk Chocolate Truffles 200g,200g,£41.25/kg,8.25,,
Waitrose Kentish Town,"Gifts, Parties, Toys","Gifts, Parties, Toys",Monty Bojangles Choccy Scoffy Chocolate Truffles 135g,135g,£41.85/kg,5.65,,
Waitrose Kentish Town,"Gifts, Parties, Toys","Gifts, Parties, Toys",Waitrose Belgian White Chocolate 180g,180g,£23.33/kg,4.20,,
Waitrose Kentish Town,"Gifts, Parties, Toys",Sweet Treats,Lindt Lindor Pistachio Milk Chocolate Truffles 200g,200g,£41.25/kg,8.25,,
Waitrose Kentish Town,Health Care,Allergy & Hayfever,Beconase Hayfever Nasal Spray 100 Sprays,,,7.55,,
Waitrose Kentish Town,Health Care,Allergy & Hayfever,Benadryl Allergy Relief Capsules 12s,12pk,£0.63 each,7.60,,
Waitrose Kentish Town,Health Care,Allergy & Hayfever,Galpharm Allergy Cetirizine Tablets 30s,30pk,£0.12 each,3.60,,
Waitrose Kentish Town,Health Care,Allergy & Hayfever,Piriteze Allergy Tablets 14s,14pk,£0.51 each,7.15,,
Waitrose Kentish Town,Health Care,Allergy & Hayfever,Piriteze Allergy Tablets 30s,30pk,£0.44 each,13.20,,
Waitrose Kentish Town,Health Care,"Cough, Cold & Flu",Benylin Chesty Coughs Non Drowsy Syrup 125ml,125g,£55.20/kg,6.90,,
Waitrose Kentish Town,Health Care,"Cough, Cold & Flu",Covonia Dry & Tickly Cough Syrup 150ml,,,6.95,,
Waitrose Kentish Town,Health Care,"Cough, Cold & Flu",Covonia Dry & Tickly Sugar Free Cough Syrup 150ml,150ml,£47.67/L,7.15,,
Waitrose Kentish Town,Health Care,"Cough, Cold & Flu",Fisherman's Friend Original Lozenges 25g,25g,£44.00/kg,1.10,,
Waitrose Kentish Town,Health Care,"Cough, Cold & Flu",Halls Soothers Blackcurrant 45g,45g,£24.44/kg,1.10,,
Waitrose Kentish Town,Health Care,"Cough, Cold & Flu",Lemsip Max Cold & Flu Capsules 16s,16pk,£0.39 each,6.30,,
Waitrose Kentish Town,Health Care,"Cough, Cold & Flu",Lemsip Max Cold & Flu Day & Night Capsules 16s,16pk,£0.49 each,7.90,,
Waitrose Kentish Town,Health Care,"Cough, Cold & Flu",Lemsip Max Cold & Flu Lemon 10s,10pk,£0.79 each,7.90,,
Waitrose Kentish Town,Health Care,"Cough, Cold & Flu",Ricola Honey Lemon Echinacea Lozenges 75g,75g,£22.67/kg,1.70,,
Waitrose Kentish Town,Health Care,"Cough, Cold & Flu",Strepsil Honey & Lemon Lozenges 36s,36pk,£0.19 each,6.70,,
Waitrose Kentish Town,Health Care,"Cough, Cold & Flu",Sudafed Blocked Nose Spray 15ml,15ml,£503.33/L,7.55,,
Waitrose Kentish Town,Health Care,"Cough, Cold & Flu",Vicks Inhaler Nasal Stick 1ea,150g,£22.00/kg,3.30,,
Waitrose Kentish Town,Health Care,"Cough, Cold & Flu",Waitrose Essential Max Strength Cold Day & Night Capsules 16s,16pk,£0.20 each,3.20,,
Waitrose Kentish Town,Health Care,Digestive Health,Buscopan IBS Relief Tablets 20s,20pk,£0.47 each,9.35,,
Waitrose Kentish Town,Health Care,Digestive Health,Dulcolax Adult Tablets 20s,20pk,£0.20 each,4.05,,
Waitrose Kentish Town,Health Care,Digestive Health,Gaviscon Advance Aniseed 250ml,250ml,£57.60/L,14.40,,
Waitrose Kentish Town,Health Care,Digestive Health,Gaviscon Double Action Berry Tablets 24s,24pk,£0.30 each,7.29,8.10,10% off
Waitrose Kentish Town,Health Care,Digestive Health,Gaviscon Double Action Mint 150ml,150ml,£53.00/L,7.95,,
Waitrose Kentish Town,Health Care,Digestive Health,Gaviscon Double Action Mint Tablets 24s,24pk,£0.31 each,7.52,8.35,10% off
Waitrose Kentish Town,Health Care,Digestive Health,Imodium Instants Tablets 6s,,,6.90,,
Waitrose Kentish Town,Health Care,Digestive Health,Nexium Control Tablets 7s,7pk,£1.04 each,7.25,,
Waitrose Kentish Town,Health Care,Digestive Health,Rennie Peppermint Tablets 24s,24pk,£0.16 each,3.85,,
Waitrose Kentish Town,Health Care,Digestive Health,Rennie Peppermint Tablets 72s,72pk,£0.12 each,8.65,,
Waitrose Kentish Town,Health Care,Digestive Health,Waitrose Essential Diarrhoea Relief Capsules 6 capsules,6pk,£0.32 each,1.90,,
Waitrose Kentish Town,Health Care,Digestive Health,Waitrose Senna 7.5MG Tablets Adult 20s,20pk,£0.05 each,1.05,,
Waitrose Kentish Town,Health Care,First Aid,Compeed Blister Plasters Mixed 10s,10pk,£1.22 each,12.20,,
Waitrose Kentish Town,Health Care,First Aid,Elastoplast Extra Tough Strips 12s,,,3.95,,
Waitrose Kentish Town,Health Care,First Aid,Elastoplast Fabric Breathable Plasters 40 per pack,40pk,£0.08 each,3.15,3.50,10% off
Waitrose Kentish Town,Health Care,First Aid,Fruit & Veg Zero Waste Bag 1ea,,,2.50,,
Waitrose Kentish Town,Health Care,First Aid,Savlon Antiseptic Cream 30g,30g,£100.00/kg,3.00,,
Waitrose Kentish Town,Health Care,First Aid,Waitrose Essential Clear Plasters 40s,40pk,£0.05 each,1.85,,
Waitrose Kentish Town,Health Care,First Aid,Waitrose Essential Fabric Plasters 40s,40pk,£0.04 each,1.65,,
Waitrose Kentish Town,Health Care,First Aid,Waitrose Essential Sterile Self Adhesive Dressing 5s,5pk,£0.41 each,2.05,,
Waitrose Kentish Town,Health Care,First Aid,Waitrose Essential Washproof Plasters 40s,40pk,£0.05 each,1.85,,
Waitrose Kentish Town,Health Care,Foot Care,Canesten Dual Action Athlete's Foot Cream 30g,30g,£238.33/kg,7.15,,
Waitrose Kentish Town,Health Care,Health Care,Always Discreet Long Incontinence Pads 8s,,,3.05,,
Waitrose Kentish Town,Health Care,Health Care,Always Discreet Normal Incontinence Pads 12s,12pk,£0.25 each,3.00,,
Waitrose Kentish Town,Health Care,Health Care,Anadin Extra Caplets 16s,16pk,£0.19 each,3.10,,
Waitrose Kentish Town,Health Care,Health Care,Bassetts Raspberry Multivitamins 30s,30pk,£0.26 each,7.70,,
Waitrose Kentish Town,Health Care,Health Care,Beconase Hayfever Nasal Spray 100 Sprays,,,7.55,,
Waitrose Kentish Town,Health Care,Health Care,Benadryl Allergy Relief Capsules 12s,12pk,£0.63 each,7.60,,
Waitrose Kentish Town,Health Care,Health Care,Benylin Chesty Coughs Non Drowsy Syrup 125ml,125g,£55.20/kg,6.90,,
Waitrose Kentish Town,Health Care,Health Care,Berocca Immuno Orange Gummies 60s,60pk,£0.26 each,15.40,,
Waitrose Kentish Town,Health Care,Health Care,Berocca Orange Tablets 15 per pack,15pk,£0.52 each,7.75,,
Waitrose Kentish Town,Health Care,Health Care,BetterYou Magnesium Sleep Spray 100ml,100ml,£161.00/L,16.10,,
Waitrose Kentish Town,Health Care,Health Care,Buscopan IBS Relief Tablets 20s,20pk,£0.47 each,9.35,,
Waitrose Kentish Town,Health Care,Health Care,Canesten Dual Action Athlete's Foot Cream 30g,30g,£238.33/kg,7.15,,
Waitrose Kentish Town,Health Care,Health Care,Canesten Thrush Combi Internal Cream,,,21.30,,
Waitrose Kentish Town,Health Care,Health Care,Canesten Thrush Combi Pessary & Cream,,,19.80,,
Waitrose Kentish Town,Health Care,Health Care,Compeed Blister Plasters Mixed 10s,10pk,£1.22 each,12.20,,
Waitrose Kentish Town,Health Care,Health Care,Covonia Dry & Tickly Cough Syrup 150ml,,,6.95,,
Waitrose Kentish Town,Health Care,Health Care,Covonia Dry & Tickly Sugar Free Cough Syrup 150ml,150ml,£47.67/L,7.15,,
Waitrose Kentish Town,Health Care,Health Care,Dulcolax Adult Tablets 20s,20pk,£0.20 each,4.05,,
Waitrose Kentish Town,Health Care,Health Care,Durex Extra Safe Thick Condoms 12,12pk,£1.17 each,14.00,,
Waitrose Kentish Town,Health Care,Health Care,Durex Nude Regular Fit 10s,10pk,£1.82 each,18.15,,
Waitrose Kentish Town,Health Care,Health Care,Durex Play Feel Pleasure Gel 50ml,50ml,£145.00/L,7.25,,
Waitrose Kentish Town,Health Care,Health Care,Durex Real Feel Regular Fit 10s,10pk,£1.70 each,17.00,,
Waitrose Kentish Town,Health Care,Health Care,Durex Thin Feel Condoms 12 per pack,12pk,£1.33 each,16.00,,
Waitrose Kentish Town,Health Care,Health Care,Elastoplast Extra Tough Strips 12s,,,3.95,,
Waitrose Kentish Town,Health Care,Health Care,Elastoplast Fabric Breathable Plasters 40 per pack,40pk,£0.08 each,3.15,3.50,10% off
Waitrose Kentish Town,Health Care,Health Care,Feroglobin Iron & Vitamin B Capsules 30s,30pk,£0.21 each,6.25,,
Waitrose Kentish Town,Health Care,Health Care,Fisherman's Friend Original Lozenges 25g,25g,£44.00/kg,1.10,,
Waitrose Kentish Town,Health Care,Health Care,Flowflex Rapid Antigen Covid Test 1 Pack,,,2.75,,
Waitrose Kentish Town,Health Care,Health Care,Fruit & Veg Zero Waste Bag 1ea,,,2.50,,
Waitrose Kentish Town,Health Care,Health Care,Galpharm Allergy Cetirizine Tablets 30s,30pk,£0.12 each,3.60,,
Waitrose Kentish Town,Health Care,Health Care,Galpharm Aspirin Gastro Resist 28s,28pk,£0.08 each,2.20,,
Waitrose Kentish Town,Health Care,Health Care,Gaviscon Advance Aniseed 250ml,250ml,£57.60/L,14.40,,
Waitrose Kentish Town,Health Care,Health Care,Gaviscon Double Action Berry Tablets 24s,24pk,£0.30 each,7.29,8.10,10% off
Waitrose Kentish Town,Health Care,Health Care,Gaviscon Double Action Mint 150ml,150ml,£53.00/L,7.95,,
Waitrose Kentish Town,Health Care,Health Care,Gaviscon Double Action Mint Tablets 24s,24pk,£0.31 each,7.52,8.35,10% off
Waitrose Kentish Town,Health Care,Health Care,Halls Soothers Blackcurrant 45g,45g,£24.44/kg,1.10,,
Waitrose Kentish Town,Health Care,Health Care,Imodium Instants Tablets 6s,,,6.90,,
Waitrose Kentish Town,Health Care,Health Care,Lemsip Max Cold & Flu Capsules 16s,16pk,£0.39 each,6.30,,
Waitrose Kentish Town,Health Care,Health Care,Lemsip Max Cold & Flu Day & Night Capsules 16s,16pk,£0.49 each,7.90,,
Waitrose Kentish Town,Health Care,Health Care,Lemsip Max Cold & Flu Lemon 10s,10pk,£0.79 each,7.90,,
Waitrose Kentish Town,Health Care,Health Care,Nexium Control Tablets 7s,7pk,£1.04 each,7.25,,
Waitrose Kentish Town,Health Care,Health Care,Nurofen Express Capsules 16s,,,5.50,,
Waitrose Kentish Town,Health Care,Health Care,Nurofen Express Tablets 16s,16pk,£0.29 each,4.65,,
Waitrose Kentish Town,Health Care,Health Care,Nurofen Migraine Pain Caplets 12s,,,4.60,,
Waitrose Kentish Town,Health Care,Health Care,Nurofen Tablets 16s,16pk,£0.19 each,3.00,,
Waitrose Kentish Town,Health Care,Health Care,Nuromol Dual Action Pain Relief Tablets x12,12pk,£0.47 each,5.60,,
Waitrose Kentish Town,Health Care,Health Care,Panadol Advance Tablets 16s,16pk,£0.17 each,2.75,,
Waitrose Kentish Town,Health Care,Health Care,Panadol Extra Soluble Tablets 24s,24pk,£0.32 each,7.60,,
Waitrose Kentish Town,Health Care,Health Care,PhD Smart Protein Salted Caramel 500g,,,26.85,,
Waitrose Kentish Town,Health Care,Health Care,Piriteze Allergy Tablets 14s,14pk,£0.51 each,7.15,,
Waitrose Kentish Town,Health Care,Health Care,Piriteze Allergy Tablets 30s,30pk,£0.44 each,13.20,,
Waitrose Kentish Town,Health Care,Health Care,Rennie Peppermint Tablets 24s,24pk,£0.16 each,3.85,,
Waitrose Kentish Town,Health Care,Health Care,Rennie Peppermint Tablets 72s,72pk,£0.12 each,8.65,,
Waitrose Kentish Town,Health Care,Health Care,Ricola Honey Lemon Echinacea Lozenges 75g,75g,£22.67/kg,1.70,,
Waitrose Kentish Town,Health Care,Health Care,Savlon Antiseptic Cream 30g,30g,£100.00/kg,3.00,,
Waitrose Kentish Town,Health Care,Health Care,Seven Seas Cod Liver Oil Multivitamin Tablets x90,90pk,£0.18 each,16.50,,
Waitrose Kentish Town,Health Care,Health Care,Seven Seas Omega Oils Base Capsules 30 Each,30pk,£0.35 each,10.45,,
Waitrose Kentish Town,Health Care,Health Care,Solgar Magnesium Citrate Tablets 60s,60pk,£0.28 each,16.50,,
Waitrose Kentish Town,Health Care,Health Care,Strepsil Honey & Lemon Lozenges 36s,36pk,£0.19 each,6.70,,
Waitrose Kentish Town,Health Care,Health Care,Sudafed Blocked Nose Spray 15ml,15ml,£503.33/L,7.55,,
Waitrose Kentish Town,Health Care,Health Care,Together Health Magnesium 30 Capsules,30pk,£0.26 each,7.70,,
Waitrose Kentish Town,Health Care,Health Care,Vicks Inhaler Nasal Stick 1ea,150g,£22.00/kg,3.30,,
Waitrose Kentish Town,Health Care,Health Care,Vitabiotics Perfectil Original Tablets 30s,30pk,£0.24 each,7.15,,
Waitrose Kentish Town,Health Care,Health Care,Vitabiotics Ultra Omega 3 Tablets 60s,60pk,£0.15 each,9.19,12.25,25% off
Waitrose Kentish Town,Health Care,Health Care,Vitabiotics Ultra Vitamin C Tablets 60 per pack,60pk,£0.12 each,7.15,,
Waitrose Kentish Town,Health Care,Health Care,Vitabiotics Ultra Vitamin D Tablets 96 per pack,96pk,£0.06 each,5.50,,
Waitrose Kentish Town,Health Care,Health Care,Vitabiotics Wellman Original Tablets 30s,30pk,£0.25 each,7.60,,
Waitrose Kentish Town,Health Care,Health Care,Vitabiotics Wellwoman Original Tablets 30s,30pk,£0.24 each,7.25,,
Waitrose Kentish Town,Health Care,Health Care,Vital Proteins Collagen Peptides 284g,284g,£116.20/kg,33.00,,
Waitrose Kentish Town,Health Care,Health Care,Voltarol Back & Muscle Pain Gel 100g,100g,£161.00/kg,16.10,,
Waitrose Kentish Town,Health Care,Health Care,Voltarol Back & Muscle Pain Gel 50g,50g,£198.00/kg,9.90,,
Waitrose Kentish Town,Health Care,Health Care,Waitrose Effervescent Vitamin C and Zinc Orange 20s,20pk,£0.11 each,2.20,,
Waitrose Kentish Town,Health Care,Health Care,Waitrose Essential Aspirin Tablets 16s,16pk,£0.05 each,0.80,,
Waitrose Kentish Town,Health Care,Health Care,Waitrose Essential Clear Plasters 40s,40pk,£0.05 each,1.85,,
Waitrose Kentish Town,Health Care,Health Care,Waitrose Essential Diarrhoea Relief Capsules 6 capsules,6pk,£0.32 each,1.90,,
Waitrose Kentish Town,Health Care,Health Care,Waitrose Essential Fabric Plasters 40s,40pk,£0.04 each,1.65,,
Waitrose Kentish Town,Health Care,Health Care,Waitrose Essential Max Strength Cold Day & Night Capsules 16s,16pk,£0.20 each,3.20,,
Waitrose Kentish Town,Health Care,Health Care,Waitrose Essential Oval Ibuprofen Tablets 16s,16pk,£0.05 each,0.80,,
Waitrose Kentish Town,Health Care,Health Care,Waitrose Essential Oval Paracetamol Tablets 16s,16pk,£0.05 each,0.80,,
Waitrose Kentish Town,Health Care,Health Care,Waitrose Essential Paracetamol Plus Tablets 16s,16pk,£0.08 each,1.30,,
Waitrose Kentish Town,Health Care,Health Care,Waitrose Essential Paracetamol Tablets 16s,16pk,£0.05 each,0.80,,
Waitrose Kentish Town,Health Care,Health Care,Waitrose Essential Round Ibuprofen Tablets 16s,16pk,£0.05 each,0.80,,
Waitrose Kentish Town,Health Care,Health Care,Waitrose Essential Sterile Self Adhesive Dressing 5s,5pk,£0.41 each,2.05,,
Waitrose Kentish Town,Health Care,Health Care,Waitrose Essential Washproof Plasters 40s,40pk,£0.05 each,1.85,,
Waitrose Kentish Town,Health Care,Health Care,Waitrose Senna 7.5MG Tablets Adult 20s,20pk,£0.05 each,1.05,,
Waitrose Kentish Town,Health Care,Health Care,"Zooki Marine Collagen 5,000mg 15ml",15ml,£200.00/L,3.00,,
Waitrose Kentish Town,Health Care,Healthcare,Anadin Extra Caplets 16s,16pk,£0.19 each,3.10,,
Waitrose Kentish Town,Health Care,Healthcare,Beconase Hayfever Nasal Spray 100 Sprays,,,7.55,,
Waitrose Kentish Town,Health Care,Healthcare,Benylin Chesty Coughs Non Drowsy Syrup 125ml,125g,£55.20/kg,6.90,,
Waitrose Kentish Town,Health Care,Healthcare,Buscopan IBS Relief Tablets 20s,20pk,£0.47 each,9.35,,
Waitrose Kentish Town,Health Care,Healthcare,Covonia Dry & Tickly Cough Syrup 150ml,,,6.95,,
Waitrose Kentish Town,Health Care,Healthcare,Dulcolax Adult Tablets 20s,20pk,£0.20 each,4.05,,
Waitrose Kentish Town,Health Care,Healthcare,Elastoplast Extra Tough Strips 12s,,,3.95,,
Waitrose Kentish Town,Health Care,Healthcare,Elastoplast Fabric Breathable Plasters 40 per pack,40pk,£0.08 each,3.15,3.50,10% off
Waitrose Kentish Town,Health Care,Healthcare,Flowflex Rapid Antigen Covid Test 1 Pack,,,2.75,,
Waitrose Kentish Town,Health Care,Healthcare,Galpharm Allergy Cetirizine Tablets 30s,30pk,£0.12 each,3.60,,
Waitrose Kentish Town,Health Care,Healthcare,Galpharm Aspirin Gastro Resist 28s,28pk,£0.08 each,2.20,,
Waitrose Kentish Town,Health Care,Healthcare,Gaviscon Advance Aniseed 250ml,250ml,£57.60/L,14.40,,
Waitrose Kentish Town,Health Care,Healthcare,Gaviscon Double Action Berry Tablets 24s,24pk,£0.30 each,7.29,8.10,10% off
Waitrose Kentish Town,Health Care,Healthcare,Gaviscon Double Action Mint Tablets 24s,24pk,£0.31 each,7.52,8.35,10% off
Waitrose Kentish Town,Health Care,Healthcare,Halls Soothers Blackcurrant 45g,45g,£24.44/kg,1.10,,
Waitrose Kentish Town,Health Care,Healthcare,Imodium Instants Tablets 6s,,,6.90,,
Waitrose Kentish Town,Health Care,Healthcare,Lemsip Max Cold & Flu Capsules 16s,16pk,£0.39 each,6.30,,
Waitrose Kentish Town,Health Care,Healthcare,Lemsip Max Cold & Flu Day & Night Capsules 16s,16pk,£0.49 each,7.90,,
Waitrose Kentish Town,Health Care,Healthcare,Lemsip Max Cold & Flu Lemon 10s,10pk,£0.79 each,7.90,,
Waitrose Kentish Town,Health Care,Healthcare,Nurofen Express Capsules 16s,,,5.50,,
Waitrose Kentish Town,Health Care,Healthcare,Nurofen Express Tablets 16s,16pk,£0.29 each,4.65,,
Waitrose Kentish Town,Health Care,Healthcare,Nurofen Migraine Pain Caplets 12s,,,4.60,,
Waitrose Kentish Town,Health Care,Healthcare,Nurofen Tablets 16s,16pk,£0.19 each,3.00,,
Waitrose Kentish Town,Health Care,Healthcare,Nuromol Dual Action Pain Relief Tablets x12,12pk,£0.47 each,5.60,,
Waitrose Kentish Town,Health Care,Healthcare,Panadol Advance Tablets 16s,16pk,£0.17 each,2.75,,
Waitrose Kentish Town,Health Care,Healthcare,Panadol Extra Soluble Tablets 24s,24pk,£0.32 each,7.60,,
Waitrose Kentish Town,Health Care,Healthcare,Piriteze Allergy Tablets 14s,14pk,£0.51 each,7.15,,
Waitrose Kentish Town,Health Care,Healthcare,Piriteze Allergy Tablets 30s,30pk,£0.44 each,13.20,,
Waitrose Kentish Town,Health Care,Healthcare,Rennie Peppermint Tablets 72s,72pk,£0.12 each,8.65,,
Waitrose Kentish Town,Health Care,Healthcare,Ricola Honey Lemon Echinacea Lozenges 75g,75g,£22.67/kg,1.70,,
Waitrose Kentish Town,Health Care,Healthcare,Savlon Antiseptic Cream 30g,30g,£100.00/kg,3.00,,
Waitrose Kentish Town,Health Care,Healthcare,Strepsil Honey & Lemon Lozenges 36s,36pk,£0.19 each,6.70,,
Waitrose Kentish Town,Health Care,Healthcare,Sudafed Blocked Nose Spray 15ml,15ml,£503.33/L,7.55,,
Waitrose Kentish Town,Health Care,Healthcare,Vicks Inhaler Nasal Stick 1ea,150g,£22.00/kg,3.30,,
Waitrose Kentish Town,Health Care,Healthcare,Voltarol Back & Muscle Pain Gel 50g,50g,£198.00/kg,9.90,,
Waitrose Kentish Town,Health Care,Healthcare,Waitrose Essential Aspirin Tablets 16s,16pk,£0.05 each,0.80,,
Waitrose Kentish Town,Health Care,Healthcare,Waitrose Essential Diarrhoea Relief Capsules 6 capsules,6pk,£0.32 each,1.90,,
Waitrose Kentish Town,Health Care,Healthcare,Waitrose Essential Fabric Plasters 40s,40pk,£0.04 each,1.65,,
Waitrose Kentish Town,Health Care,Healthcare,Waitrose Essential Max Strength Cold Day & Night Capsules 16s,16pk,£0.20 each,3.20,,
Waitrose Kentish Town,Health Care,Healthcare,Waitrose Essential Oval Ibuprofen Tablets 16s,16pk,£0.05 each,0.80,,
Waitrose Kentish Town,Health Care,Healthcare,Waitrose Essential Oval Paracetamol Tablets 16s,16pk,£0.05 each,0.80,,
Waitrose Kentish Town,Health Care,Healthcare,Waitrose Essential Paracetamol Tablets 16s,16pk,£0.05 each,0.80,,
Waitrose Kentish Town,Health Care,Healthcare,Waitrose Essential Round Ibuprofen Tablets 16s,16pk,£0.05 each,0.80,,
Waitrose Kentish Town,Health Care,Healthcare,Waitrose Essential Sterile Self Adhesive Dressing 5s,5pk,£0.41 each,2.05,,
Waitrose Kentish Town,Health Care,Healthcare,Waitrose Essential Washproof Plasters 40s,40pk,£0.05 each,1.85,,
Waitrose Kentish Town,Health Care,Healthcare,Waitrose Senna 7.5MG Tablets Adult 20s,20pk,£0.05 each,1.05,,
Waitrose Kentish Town,Health Care,Incontinence,Always Discreet Long Incontinence Pads 8s,,,3.05,,
Waitrose Kentish Town,Health Care,Incontinence,Always Discreet Normal Incontinence Pads 12s,12pk,£0.25 each,3.00,,
Waitrose Kentish Town,Health Care,Offers,Elastoplast Fabric Breathable Plasters 40 per pack,40pk,£0.08 each,3.15,3.50,10% off
Waitrose Kentish Town,Health Care,Offers,Gaviscon Double Action Berry Tablets 24s,24pk,£0.30 each,7.29,8.10,10% off
Waitrose Kentish Town,Health Care,Offers,Gaviscon Double Action Mint Tablets 24s,24pk,£0.31 each,7.52,8.35,10% off
Waitrose Kentish Town,Health Care,Offers,Vitabiotics Ultra Omega 3 Tablets 60s,60pk,£0.15 each,9.19,12.25,25% off
Waitrose Kentish Town,Health Care,Pain Relief,Anadin Extra Caplets 16s,16pk,£0.19 each,3.10,,
Waitrose Kentish Town,Health Care,Pain Relief,Nurofen Express Capsules 16s,,,5.50,,
Waitrose Kentish Town,Health Care,Pain Relief,Nurofen Express Tablets 16s,16pk,£0.29 each,4.65,,
Waitrose Kentish Town,Health Care,Pain Relief,Nurofen Migraine Pain Caplets 12s,,,4.60,,
Waitrose Kentish Town,Health Care,Pain Relief,Nurofen Tablets 16s,16pk,£0.19 each,3.00,,
Waitrose Kentish Town,Health Care,Pain Relief,Nuromol Dual Action Pain Relief Tablets x12,12pk,£0.47 each,5.60,,
Waitrose Kentish Town,Health Care,Pain Relief,Panadol Advance Tablets 16s,16pk,£0.17 each,2.75,,
Waitrose Kentish Town,Health Care,Pain Relief,Panadol Extra Soluble Tablets 24s,24pk,£0.32 each,7.60,,
Waitrose Kentish Town,Health Care,Pain Relief,Voltarol Back & Muscle Pain Gel 100g,100g,£161.00/kg,16.10,,
Waitrose Kentish Town,Health Care,Pain Relief,Voltarol Back & Muscle Pain Gel 50g,50g,£198.00/kg,9.90,,
Waitrose Kentish Town,Health Care,Pain Relief,Waitrose Essential Aspirin Tablets 16s,16pk,£0.05 each,0.80,,
Waitrose Kentish Town,Health Care,Pain Relief,Waitrose Essential Oval Ibuprofen Tablets 16s,16pk,£0.05 each,0.80,,
Waitrose Kentish Town,Health Care,Pain Relief,Waitrose Essential Oval Paracetamol Tablets 16s,16pk,£0.05 each,0.80,,
Waitrose Kentish Town,Health Care,Pain Relief,Waitrose Essential Paracetamol Plus Tablets 16s,16pk,£0.08 each,1.30,,
Waitrose Kentish Town,Health Care,Pain Relief,Waitrose Essential Paracetamol Tablets 16s,16pk,£0.05 each,0.80,,
Waitrose Kentish Town,Health Care,Pain Relief,Waitrose Essential Round Ibuprofen Tablets 16s,16pk,£0.05 each,0.80,,
Waitrose Kentish Town,Health Care,Pharmacy,BetterYou Magnesium Sleep Spray 100ml,100ml,£161.00/L,16.10,,
Waitrose Kentish Town,Health Care,Pharmacy,Canesten Thrush Combi Internal Cream,,,21.30,,
Waitrose Kentish Town,Health Care,Pharmacy,Canesten Thrush Combi Pessary & Cream,,,19.80,,
Waitrose Kentish Town,Health Care,Pharmacy,Galpharm Aspirin Gastro Resist 28s,28pk,£0.08 each,2.20,,
Waitrose Kentish Town,Health Care,"Save It, Don't Waste It ♲",Fruit & Veg Zero Waste Bag 1ea,,,2.50,,
Waitrose Kentish Town,Health Care,Sexual Health & Wellness,Durex Extra Safe Thick Condoms 12,12pk,£1.17 each,14.00,,
Waitrose Kentish Town,Health Care,Sexual Health & Wellness,Durex Nude Regular Fit 10s,10pk,£1.82 each,18.15,,
Waitrose Kentish Town,Health Care,Sexual Health & Wellness,Durex Play Feel Pleasure Gel 50ml,50ml,£145.00/L,7.25,,
Waitrose Kentish Town,Health Care,Sexual Health & Wellness,Durex Real Feel Regular Fit 10s,10pk,£1.70 each,17.00,,
Waitrose Kentish Town,Health Care,Sexual Health & Wellness,Durex Thin Feel Condoms 12 per pack,12pk,£1.33 each,16.00,,
Waitrose Kentish Town,Health Care,Vitamins & Supplements,Bassetts Raspberry Multivitamins 30s,30pk,£0.26 each,7.70,,
Waitrose Kentish Town,Health Care,Vitamins & Supplements,Berocca Immuno Orange Gummies 60s,60pk,£0.26 each,15.40,,
Waitrose Kentish Town,Health Care,Vitamins & Supplements,Berocca Orange Tablets 15 per pack,15pk,£0.52 each,7.75,,
Waitrose Kentish Town,Health Care,Vitamins & Supplements,Feroglobin Iron & Vitamin B Capsules 30s,30pk,£0.21 each,6.25,,
Waitrose Kentish Town,Health Care,Vitamins & Supplements,Flowflex Rapid Antigen Covid Test 1 Pack,,,2.75,,
Waitrose Kentish Town,Health Care,Vitamins & Supplements,PhD Smart Protein Salted Caramel 500g,,,26.85,,
Waitrose Kentish Town,Health Care,Vitamins & Supplements,Seven Seas Cod Liver Oil Multivitamin Tablets x90,90pk,£0.18 each,16.50,,
Waitrose Kentish Town,Health Care,Vitamins & Supplements,Seven Seas Omega Oils Base Capsules 30 Each,30pk,£0.35 each,10.45,,
Waitrose Kentish Town,Health Care,Vitamins & Supplements,Solgar Magnesium Citrate Tablets 60s,60pk,£0.28 each,16.50,,
Waitrose Kentish Town,Health Care,Vitamins & Supplements,Together Health Magnesium 30 Capsules,30pk,£0.26 each,7.70,,
Waitrose Kentish Town,Health Care,Vitamins & Supplements,Vitabiotics Perfectil Original Tablets 30s,30pk,£0.24 each,7.15,,
Waitrose Kentish Town,Health Care,Vitamins & Supplements,Vitabiotics Ultra Omega 3 Tablets 60s,60pk,£0.15 each,9.19,12.25,25% off
Waitrose Kentish Town,Health Care,Vitamins & Supplements,Vitabiotics Ultra Vitamin C Tablets 60 per pack,60pk,£0.12 each,7.15,,
Waitrose Kentish Town,Health Care,Vitamins & Supplements,Vitabiotics Ultra Vitamin D Tablets 96 per pack,96pk,£0.06 each,5.50,,
Waitrose Kentish Town,Health Care,Vitamins & Supplements,Vitabiotics Wellman Original Tablets 30s,30pk,£0.25 each,7.60,,
Waitrose Kentish Town,Health Care,Vitamins & Supplements,Vitabiotics Wellwoman Original Tablets 30s,30pk,£0.24 each,7.25,,
Waitrose Kentish Town,Health Care,Vitamins & Supplements,Vital Proteins Collagen Peptides 284g,284g,£116.20/kg,33.00,,
Waitrose Kentish Town,Health Care,Vitamins & Supplements,Waitrose Effervescent Vitamin C and Zinc Orange 20s,20pk,£0.11 each,2.20,,
Waitrose Kentish Town,Health Care,Vitamins & Supplements,"Zooki Marine Collagen 5,000mg 15ml",15ml,£200.00/L,3.00,,
Waitrose Kentish Town,Ice Cream,Frozen,Ben & Jerry's Banoffee Pie Sundae 427ml,427ml,£15.46/L,6.60,,
Waitrose Kentish Town,Ice Cream,Frozen,Ben & Jerry's Churrificaly Churros Ice Cream 465ml,465ml,£13.76/L,6.40,,
Waitrose Kentish Town,Ice Cream,Frozen,Ben & Jerry's Phish Food Ice Cream 465ml,465ml,£9.42/L,4.38,6.25,30% off
Waitrose Kentish Town,Ice Cream,Frozen,Cornetto Classico Ice Cream 6 per pack,6pk,£0.53 each,3.20,4.00,20% off
Waitrose Kentish Town,Ice Cream,Frozen,Cornetto Soft Cookie and Chocolate Ice Creams 4x140ml,560ml,£7.50/L,4.20,,
Waitrose Kentish Town,Ice Cream,Frozen,Haagen-Dazs Matcha Ice Cream 460ml,460ml,£14.35/L,6.60,,
Waitrose Kentish Town,Ice Cream,Frozen,Halo Top Gooey Brownie Ice Cream 460ml,460ml,£13.15/L,6.05,,
Waitrose Kentish Town,Ice Cream,Frozen,Halo Top Honeycomb Crunch Ice Cream 460ml,460ml,£13.15/L,6.05,,
Waitrose Kentish Town,Ice Cream,Frozen,Häagen-Dazs Caramel Minicup Ice Cream Collection 4 per pack,4pk,£1.29 each,5.16,6.45,20% off
Waitrose Kentish Town,Ice Cream,Frozen,Häagen-Dazs Salted Caramel Ice Cream 460ml,460ml,£14.02/L,6.45,,
Waitrose Kentish Town,Ice Cream,Frozen,Häagen-Dazs Vanilla Ice Cream 460ml,460ml,£14.02/L,6.45,,
Waitrose Kentish Town,Ice Cream,Frozen,Häagen-Dazs Vanilla Minicup Ice Cream Collection  4 per pack,4pk,£1.31 each,5.24,6.55,20% off
Waitrose Kentish Town,Ice Cream,Frozen,Little Jude's Milk Lollies 6x45ml,270ml,£14.26/L,3.85,,
Waitrose Kentish Town,Ice Cream,Frozen,Little Moons Brown Butter Caramel Mochi 180g,180g,£32.22/kg,5.80,,
Waitrose Kentish Town,Ice Cream,Frozen,Little Moons Matcha Green Tea Mochi 192g,192g,£27.34/kg,5.25,,
Waitrose Kentish Town,Ice Cream,Frozen,Little Moons Passionfruit & Mango Mochi Ice Cream 192g,192g,£29.43/kg,5.65,,
Waitrose Kentish Town,Ice Cream,Frozen,Little Moons Pistachio Mochi Ice Cream 192g,192g,£29.43/kg,5.65,,
Waitrose Kentish Town,Ice Cream,Frozen,Lotus Biscoff Sandwich Ice Cream 4x80ml,320ml,£12.81/L,4.10,,
Waitrose Kentish Town,Ice Cream,Frozen,Magnum Classic Ice Cream 3 per pack,3pk,£1.01 each,3.02,3.55,15% off
Waitrose Kentish Town,Ice Cream,Frozen,Magnum Double Gold Caramel Billionaire Ice Cream Sticks 3x85ml,255ml,£19.22/L,4.90,,
Waitrose Kentish Town,Ice Cream,Frozen,Magnum Signature Pistachio 3x90ml,270ml,£18.15/L,4.90,,
Waitrose Kentish Town,Ice Cream,Frozen,Nestlé Fab Strawberry Ice Lolly 6x58ml,348ml,£7.10/L,2.47,2.90,15% off
Waitrose Kentish Town,Ice Cream,Frozen,Nestlé Rowntree's Fruit Pastilles Lollies 4x65ml,260ml,£10.96/L,2.85,,
Waitrose Kentish Town,Ice Cream,Frozen,Nuii Pistachio Ice Cream Sticks 3x90ml,270ml,£16.11/L,4.35,,
Waitrose Kentish Town,Ice Cream,Frozen,Nutella Ice Cream 470ml,470ml,£13.40/L,6.30,,
Waitrose Kentish Town,Ice Cream,Frozen,Oreo Ice Cream Sandwiches with Cookie Pieces 4x110ml,440ml,£12.50/L,5.50,,
Waitrose Kentish Town,Ice Cream,Frozen,Ottolenghi Madagascan Vanilla & Miso Caramel Ice Cream 480ml,480ml,£13.75/L,6.60,,
Waitrose Kentish Town,Ice Cream,Frozen,Ottolenghi Roasted Pistachio & Sour Cherry Ice Cream 480ml,480ml,£13.75/L,6.60,,
Waitrose Kentish Town,Ice Cream,Frozen,Solero Exotic Ice Lolly 3 per pack,3pk,£0.83 each,2.48,3.10,20% off
Waitrose Kentish Town,Ice Cream,Frozen,Twister Mini Pineapple 6x50ml,300ml,£10.67/L,3.20,,
Waitrose Kentish Town,Ice Cream,Frozen,Waitrose Alphonso Mango Sorbet 500ml,500ml,£7.00/L,3.50,,
Waitrose Kentish Town,Ice Cream,Frozen,Waitrose No.1 Santo Domingo Chocolate Ice Cream 480ml,480ml,£10.10/L,4.85,,
Waitrose Kentish Town,Ice Cream,Frozen,Waitrose Raspberry Sorbet 500ml,500ml,£7.20/L,3.60,,
Waitrose Kentish Town,Ice Cream,Frozen,Waitrose Valencia Orange Ice Lolly 4 per pack,4pk,£0.80 each,3.20,,
Waitrose Kentish Town,Ice Cream,Ice Cream,Ben & Jerry's Banoffee Pie Sundae 427ml,427ml,£15.46/L,6.60,,
Waitrose Kentish Town,Ice Cream,Ice Cream,Ben & Jerry's Chocolate Fudge Brownie Ice Cream 465ml,465ml,£12.47/L,5.80,,
Waitrose Kentish Town,Ice Cream,Ice Cream,Ben & Jerry's Churrificaly Churros Ice Cream 465ml,465ml,£13.76/L,6.40,,
Waitrose Kentish Town,Ice Cream,Ice Cream,Ben & Jerry's Cookie Dough Ice Cream 465ml,465ml,£12.47/L,5.80,,
Waitrose Kentish Town,Ice Cream,Ice Cream,Ben & Jerry's Minter Wonderland Ice Cream 465ml,,,6.40,,
Waitrose Kentish Town,Ice Cream,Ice Cream,Ben & Jerry's Phish Food Ice Cream 465ml,465ml,£9.42/L,4.38,6.25,30% off
Waitrose Kentish Town,Ice Cream,Ice Cream,Cornetto Classico Ice Cream 6 per pack,6pk,£0.53 each,3.20,4.00,20% off
Waitrose Kentish Town,Ice Cream,Ice Cream,Cornetto Soft Cookie and Chocolate Ice Creams 4x140ml,560ml,£7.50/L,4.20,,
Waitrose Kentish Town,Ice Cream,Ice Cream,Haagen-Dazs Matcha Ice Cream 460ml,460ml,£14.35/L,6.60,,
Waitrose Kentish Town,Ice Cream,Ice Cream,Halo Top Gooey Brownie Ice Cream 460ml,460ml,£13.15/L,6.05,,
Waitrose Kentish Town,Ice Cream,Ice Cream,Halo Top Honeycomb Crunch Ice Cream 460ml,460ml,£13.15/L,6.05,,
Waitrose Kentish Town,Ice Cream,Ice Cream,Häagen-Dazs Caramel Minicup Ice Cream Collection 4 per pack,4pk,£1.29 each,5.16,6.45,20% off
Waitrose Kentish Town,Ice Cream,Ice Cream,Häagen-Dazs Salted Caramel Ice Cream 460ml,460ml,£14.02/L,6.45,,
Waitrose Kentish Town,Ice Cream,Ice Cream,Häagen-Dazs Vanilla Ice Cream 460ml,460ml,£14.02/L,6.45,,
Waitrose Kentish Town,Ice Cream,Ice Cream,Häagen-Dazs Vanilla Minicup Ice Cream Collection  4 per pack,4pk,£1.31 each,5.24,6.55,20% off
Waitrose Kentish Town,Ice Cream,Ice Cream,Little Jude's Milk Lollies 6x45ml,270ml,£14.26/L,3.85,,
Waitrose Kentish Town,Ice Cream,Ice Cream,Little Moons Brown Butter Caramel Mochi 180g,180g,£32.22/kg,5.80,,
Waitrose Kentish Town,Ice Cream,Ice Cream,Little Moons Matcha Green Tea Mochi 192g,192g,£27.34/kg,5.25,,
Waitrose Kentish Town,Ice Cream,Ice Cream,Little Moons Passionfruit & Mango Mochi Ice Cream 192g,192g,£29.43/kg,5.65,,
Waitrose Kentish Town,Ice Cream,Ice Cream,Little Moons Pistachio Mochi Ice Cream 192g,192g,£29.43/kg,5.65,,
Waitrose Kentish Town,Ice Cream,Ice Cream,Lotus Biscoff Sandwich Ice Cream 4x80ml,320ml,£12.81/L,4.10,,
Waitrose Kentish Town,Ice Cream,Ice Cream,Mackie's Traditional Ice Cream 1litre,1L,£4.05/L,4.05,,
Waitrose Kentish Town,Ice Cream,Ice Cream,Magnum Classic Ice Cream 3 per pack,3pk,£1.01 each,3.02,3.55,15% off
Waitrose Kentish Town,Ice Cream,Ice Cream,Magnum Double Gold Caramel Billionaire Ice Cream Sticks 3x85ml,255ml,£19.22/L,4.90,,
Waitrose Kentish Town,Ice Cream,Ice Cream,Magnum Signature Pistachio 3x90ml,270ml,£18.15/L,4.90,,
Waitrose Kentish Town,Ice Cream,Ice Cream,Nestlé Fab Strawberry Ice Lolly 6x58ml,348ml,£7.10/L,2.47,2.90,15% off
Waitrose Kentish Town,Ice Cream,Ice Cream,Nestlé Rowntree's Fruit Pastilles Lollies 4x65ml,260ml,£10.96/L,2.85,,
Waitrose Kentish Town,Ice Cream,Ice Cream,Nuii Pistachio Ice Cream Sticks 3x90ml,270ml,£16.11/L,4.35,,
Waitrose Kentish Town,Ice Cream,Ice Cream,Nutella Ice Cream 470ml,470ml,£13.40/L,6.30,,
Waitrose Kentish Town,Ice Cream,Ice Cream,Oreo Ice Cream Sandwiches with Cookie Pieces 4x110ml,440ml,£12.50/L,5.50,,
Waitrose Kentish Town,Ice Cream,Ice Cream,Ottolenghi Madagascan Vanilla & Miso Caramel Ice Cream 480ml,480ml,£13.75/L,6.60,,
Waitrose Kentish Town,Ice Cream,Ice Cream,Ottolenghi Roasted Pistachio & Sour Cherry Ice Cream 480ml,480ml,£13.75/L,6.60,,
Waitrose Kentish Town,Ice Cream,Ice Cream,Ottolenghi Salted Malted Chocolate Ice Cream 480ml,480ml,£13.75/L,6.60,,
Waitrose Kentish Town,Ice Cream,Ice Cream,Ottolenghi Strawberry Sumac Ice Cream 480ml,480ml,£13.75/L,6.60,,
Waitrose Kentish Town,Ice Cream,Ice Cream,Remeo Gelato Pistachio Siciliano Ice Cream 462ml,462ml,£14.50/L,6.70,,
Waitrose Kentish Town,Ice Cream,Ice Cream,Solero Exotic Ice Lolly 3 per pack,3pk,£0.83 each,2.48,3.10,20% off
Waitrose Kentish Town,Ice Cream,Ice Cream,Solero Mini Exotic & Berry Bliss 6x50ml,300ml,£12.83/L,3.85,,
Waitrose Kentish Town,Ice Cream,Ice Cream,Swedish Glace Smooth Vanilla Vegan Ice Cream 750ml,750ml,£5.53/L,4.15,,
Waitrose Kentish Town,Ice Cream,Ice Cream,Twister Mini Pineapple 6x50ml,300ml,£10.67/L,3.20,,
Waitrose Kentish Town,Ice Cream,Ice Cream,Waitrose Alphonso Mango Sorbet 500ml,500ml,£7.00/L,3.50,,
Waitrose Kentish Town,Ice Cream,Ice Cream,Waitrose No.1 Colombian Coffee Ice Cream 500ml,500ml,£9.70/L,4.85,,
Waitrose Kentish Town,Ice Cream,Ice Cream,Waitrose No.1 Madagascan Vanilla Ice Cream 500ml,500ml,£9.70/L,4.85,,
Waitrose Kentish Town,Ice Cream,Ice Cream,Waitrose No.1 Santo Domingo Chocolate Ice Cream 480ml,480ml,£10.10/L,4.85,,
Waitrose Kentish Town,Ice Cream,Ice Cream,Waitrose Raspberry Sorbet 500ml,500ml,£7.20/L,3.60,,
Waitrose Kentish Town,Ice Cream,Ice Cream,Waitrose Valencia Orange Ice Lolly 4 per pack,4pk,£0.80 each,3.20,,
Waitrose Kentish Town,Ice Cream,Ice Cream,Waitrose Waffle Ice Cream Cones 10s,10pk,£0.18 each,1.80,,
Waitrose Kentish Town,Ice Cream,Ice Cream Tubs,Ben & Jerry's Banoffee Pie Sundae 427ml,427ml,£15.46/L,6.60,,
Waitrose Kentish Town,Ice Cream,Ice Cream Tubs,Ben & Jerry's Chocolate Fudge Brownie Ice Cream 465ml,465ml,£12.47/L,5.80,,
Waitrose Kentish Town,Ice Cream,Ice Cream Tubs,Ben & Jerry's Churrificaly Churros Ice Cream 465ml,465ml,£13.76/L,6.40,,
Waitrose Kentish Town,Ice Cream,Ice Cream Tubs,Ben & Jerry's Cookie Dough Ice Cream 465ml,465ml,£12.47/L,5.80,,
Waitrose Kentish Town,Ice Cream,Ice Cream Tubs,Ben & Jerry's Minter Wonderland Ice Cream 465ml,,,6.40,,
Waitrose Kentish Town,Ice Cream,Ice Cream Tubs,Ben & Jerry's Phish Food Ice Cream 465ml,465ml,£9.42/L,4.38,6.25,30% off
Waitrose Kentish Town,Ice Cream,Ice Cream Tubs,Haagen-Dazs Matcha Ice Cream 460ml,460ml,£14.35/L,6.60,,
Waitrose Kentish Town,Ice Cream,Ice Cream Tubs,Halo Top Gooey Brownie Ice Cream 460ml,460ml,£13.15/L,6.05,,
Waitrose Kentish Town,Ice Cream,Ice Cream Tubs,Halo Top Honeycomb Crunch Ice Cream 460ml,460ml,£13.15/L,6.05,,
Waitrose Kentish Town,Ice Cream,Ice Cream Tubs,Häagen-Dazs Caramel Minicup Ice Cream Collection 4 per pack,4pk,£1.29 each,5.16,6.45,20% off
Waitrose Kentish Town,Ice Cream,Ice Cream Tubs,Häagen-Dazs Salted Caramel Ice Cream 460ml,460ml,£14.02/L,6.45,,
Waitrose Kentish Town,Ice Cream,Ice Cream Tubs,Häagen-Dazs Vanilla Ice Cream 460ml,460ml,£14.02/L,6.45,,
Waitrose Kentish Town,Ice Cream,Ice Cream Tubs,Häagen-Dazs Vanilla Minicup Ice Cream Collection  4 per pack,4pk,£1.31 each,5.24,6.55,20% off
Waitrose Kentish Town,Ice Cream,Ice Cream Tubs,Little Moons Brown Butter Caramel Mochi 180g,180g,£32.22/kg,5.80,,
Waitrose Kentish Town,Ice Cream,Ice Cream Tubs,Little Moons Matcha Green Tea Mochi 192g,192g,£27.34/kg,5.25,,
Waitrose Kentish Town,Ice Cream,Ice Cream Tubs,Mackie's Traditional Ice Cream 1litre,1L,£4.05/L,4.05,,
Waitrose Kentish Town,Ice Cream,Ice Cream Tubs,Nutella Ice Cream 470ml,470ml,£13.40/L,6.30,,
Waitrose Kentish Town,Ice Cream,Ice Cream Tubs,Ottolenghi Madagascan Vanilla & Miso Caramel Ice Cream 480ml,480ml,£13.75/L,6.60,,
Waitrose Kentish Town,Ice Cream,Ice Cream Tubs,Ottolenghi Roasted Pistachio & Sour Cherry Ice Cream 480ml,480ml,£13.75/L,6.60,,
Waitrose Kentish Town,Ice Cream,Ice Cream Tubs,Ottolenghi Salted Malted Chocolate Ice Cream 480ml,480ml,£13.75/L,6.60,,
Waitrose Kentish Town,Ice Cream,Ice Cream Tubs,Ottolenghi Strawberry Sumac Ice Cream 480ml,480ml,£13.75/L,6.60,,
Waitrose Kentish Town,Ice Cream,Ice Cream Tubs,Remeo Gelato Pistachio Siciliano Ice Cream 462ml,462ml,£14.50/L,6.70,,
Waitrose Kentish Town,Ice Cream,Ice Cream Tubs,Swedish Glace Smooth Vanilla Vegan Ice Cream 750ml,750ml,£5.53/L,4.15,,
Waitrose Kentish Town,Ice Cream,Ice Cream Tubs,Waitrose Alphonso Mango Sorbet 500ml,500ml,£7.00/L,3.50,,
Waitrose Kentish Town,Ice Cream,Ice Cream Tubs,Waitrose No.1 Colombian Coffee Ice Cream 500ml,500ml,£9.70/L,4.85,,
Waitrose Kentish Town,Ice Cream,Ice Cream Tubs,Waitrose No.1 Madagascan Vanilla Ice Cream 500ml,500ml,£9.70/L,4.85,,
Waitrose Kentish Town,Ice Cream,Ice Cream Tubs,Waitrose No.1 Santo Domingo Chocolate Ice Cream 480ml,480ml,£10.10/L,4.85,,
Waitrose Kentish Town,Ice Cream,Ice Cream Tubs,Waitrose Raspberry Sorbet 500ml,500ml,£7.20/L,3.60,,
Waitrose Kentish Town,Ice Cream,Single Serves,Cornetto Classico Ice Cream 6 per pack,6pk,£0.53 each,3.20,4.00,20% off
Waitrose Kentish Town,Ice Cream,Single Serves,Cornetto Soft Cookie and Chocolate Ice Creams 4x140ml,560ml,£7.50/L,4.20,,
Waitrose Kentish Town,Ice Cream,Single Serves,Little Jude's Milk Lollies 6x45ml,270ml,£14.26/L,3.85,,
Waitrose Kentish Town,Ice Cream,Single Serves,Little Moons Passionfruit & Mango Mochi Ice Cream 192g,192g,£29.43/kg,5.65,,
Waitrose Kentish Town,Ice Cream,Single Serves,Little Moons Pistachio Mochi Ice Cream 192g,192g,£29.43/kg,5.65,,
Waitrose Kentish Town,Ice Cream,Single Serves,Lotus Biscoff Sandwich Ice Cream 4x80ml,320ml,£12.81/L,4.10,,
Waitrose Kentish Town,Ice Cream,Single Serves,Magnum Classic Ice Cream 3 per pack,3pk,£1.01 each,3.02,3.55,15% off
Waitrose Kentish Town,Ice Cream,Single Serves,Magnum Double Gold Caramel Billionaire Ice Cream Sticks 3x85ml,255ml,£19.22/L,4.90,,
Waitrose Kentish Town,Ice Cream,Single Serves,Magnum Signature Pistachio 3x90ml,270ml,£18.15/L,4.90,,
Waitrose Kentish Town,Ice Cream,Single Serves,Nestlé Fab Strawberry Ice Lolly 6x58ml,348ml,£7.10/L,2.47,2.90,15% off
Waitrose Kentish Town,Ice Cream,Single Serves,Nestlé Rowntree's Fruit Pastilles Lollies 4x65ml,260ml,£10.96/L,2.85,,
Waitrose Kentish Town,Ice Cream,Single Serves,Nuii Pistachio Ice Cream Sticks 3x90ml,270ml,£16.11/L,4.35,,
Waitrose Kentish Town,Ice Cream,Single Serves,Oreo Ice Cream Sandwiches with Cookie Pieces 4x110ml,440ml,£12.50/L,5.50,,
Waitrose Kentish Town,Ice Cream,Single Serves,Solero Exotic Ice Lolly 3 per pack,3pk,£0.83 each,2.48,3.10,20% off
Waitrose Kentish Town,Ice Cream,Single Serves,Solero Mini Exotic & Berry Bliss 6x50ml,300ml,£12.83/L,3.85,,
Waitrose Kentish Town,Ice Cream,Single Serves,Twister Mini Pineapple 6x50ml,300ml,£10.67/L,3.20,,
Waitrose Kentish Town,Ice Cream,Single Serves,Waitrose Valencia Orange Ice Lolly 4 per pack,4pk,£0.80 each,3.20,,
Waitrose Kentish Town,Ice Cream,Single Serves,Waitrose Waffle Ice Cream Cones 10s,10pk,£0.18 each,1.80,,
Waitrose Kentish Town,"Jams, Honey, Spreads",Discover our Waitrose No.1 Range,Waitrose No.1 Canadian Maple Syrup Dark 330g,330g,£20.30/kg,6.70,,
Waitrose Kentish Town,"Jams, Honey, Spreads",Honey,Black Bee British Honey + Pollen 227g,227g,£37.44/kg,8.50,,
Waitrose Kentish Town,"Jams, Honey, Spreads",Honey,Black Bee Honey Hot Honey 227g,227g,£39.65/kg,9.00,,
Waitrose Kentish Town,"Jams, Honey, Spreads",Honey,Black Bee Orchard Honey 227g,227g,£35.24/kg,8.00,,
Waitrose Kentish Town,"Jams, Honey, Spreads",Honey,Diddly Squat - Bee Juice Pure Honey - 350g,350g,£46.00/kg,16.10,,
Waitrose Kentish Town,"Jams, Honey, Spreads",Honey,JD's Original Hot Honey 260g,260g,£20.19/kg,5.25,,
Waitrose Kentish Town,"Jams, Honey, Spreads",Honey,JD's Smoked Hot Honey 260g,,,5.25,,
Waitrose Kentish Town,"Jams, Honey, Spreads",Honey,Rowse Organic Honey 340g,340g,£14.12/kg,4.80,,
Waitrose Kentish Town,"Jams, Honey, Spreads",Honey,Rowse Runny Squeezy Honey 340g,340g,£9.50/kg,3.23,3.80,15% off
Waitrose Kentish Town,"Jams, Honey, Spreads",Honey,Steens Raw Manuka Honey MGO 515+ 225g,225g,£85.33/kg,19.20,,
Waitrose Kentish Town,"Jams, Honey, Spreads",Honey,Waitrose Essential Squeezy Honey 454g,454g,£5.29/kg,2.40,,
Waitrose Kentish Town,"Jams, Honey, Spreads",Honey,Waitrose No.1 New Zealand Manuka Honey 100+ MGO 225g,225g,£48.89/kg,11.00,,
Waitrose Kentish Town,"Jams, Honey, Spreads",Jam,Bonne Maman Apricot Conserve 370g,370g,£9.08/kg,3.36,3.95,15% off
Waitrose Kentish Town,"Jams, Honey, Spreads",Jam,Bonne Maman Black Cherry Conserve 370g,370g,£11.89/kg,4.40,,
Waitrose Kentish Town,"Jams, Honey, Spreads",Jam,Bonne Maman Blackcurrant Conserve 370g,370g,£9.08/kg,3.36,3.95,15% off
Waitrose Kentish Town,"Jams, Honey, Spreads",Jam,Bonne Maman Blueberry Conserve 370g,370g,£11.89/kg,4.40,,
Waitrose Kentish Town,"Jams, Honey, Spreads",Jam,Bonne Maman Strawberry Conserve Jam 370g,370g,£9.08/kg,3.36,3.95,15% off
Waitrose Kentish Town,"Jams, Honey, Spreads",Jam,Frank Cooper's Original Oxford Marmalade 454g,454g,£9.25/kg,4.20,,
Waitrose Kentish Town,"Jams, Honey, Spreads",Jam,St Dalfour Raspberry Spread 284g,284g,£13.20/kg,3.75,,
Waitrose Kentish Town,"Jams, Honey, Spreads",Jam,St Dalfour Strawberry Spread 284g,284g,£13.20/kg,3.75,,
Waitrose Kentish Town,"Jams, Honey, Spreads",Jam,Tracklements Fresh Chilli Jam 210g,210g,£22.86/kg,4.80,,
Waitrose Kentish Town,"Jams, Honey, Spreads",Jam,Waitrose Blackcurrant Preserve Jam 340g,340g,£9.56/kg,3.25,,
Waitrose Kentish Town,"Jams, Honey, Spreads",Jam,Waitrose Morello Cherry Jam 340g,,,3.25,,
Waitrose Kentish Town,"Jams, Honey, Spreads",Jam,Waitrose Strawberry Preserve Jam 340g,340g,£9.12/kg,3.10,,
Waitrose Kentish Town,"Jams, Honey, Spreads","Jams, Honey, Spreads",Black Bee British Honey + Pollen 227g,227g,£37.44/kg,8.50,,
Waitrose Kentish Town,"Jams, Honey, Spreads","Jams, Honey, Spreads",Black Bee Honey Hot Honey 227g,227g,£39.65/kg,9.00,,
Waitrose Kentish Town,"Jams, Honey, Spreads","Jams, Honey, Spreads",Black Bee Orchard Honey 227g,227g,£35.24/kg,8.00,,
Waitrose Kentish Town,"Jams, Honey, Spreads","Jams, Honey, Spreads",Bonne Maman Apricot Conserve 370g,370g,£9.08/kg,3.36,3.95,15% off
Waitrose Kentish Town,"Jams, Honey, Spreads","Jams, Honey, Spreads",Bonne Maman Black Cherry Conserve 370g,370g,£11.89/kg,4.40,,
Waitrose Kentish Town,"Jams, Honey, Spreads","Jams, Honey, Spreads",Bonne Maman Blackcurrant Conserve 370g,370g,£9.08/kg,3.36,3.95,15% off
Waitrose Kentish Town,"Jams, Honey, Spreads","Jams, Honey, Spreads",Bonne Maman Blueberry Conserve 370g,370g,£11.89/kg,4.40,,
Waitrose Kentish Town,"Jams, Honey, Spreads","Jams, Honey, Spreads",Bonne Maman Strawberry Conserve Jam 370g,370g,£9.08/kg,3.36,3.95,15% off
Waitrose Kentish Town,"Jams, Honey, Spreads","Jams, Honey, Spreads",Diddly Squat - Bee Juice Pure Honey - 350g,350g,£46.00/kg,16.10,,
Waitrose Kentish Town,"Jams, Honey, Spreads","Jams, Honey, Spreads",Diforti Pistachio Spread 190g,190g,£52.63/kg,10.00,,
Waitrose Kentish Town,"Jams, Honey, Spreads","Jams, Honey, Spreads",Frank Cooper's Original Oxford Marmalade 454g,454g,£9.25/kg,4.20,,
Waitrose Kentish Town,"Jams, Honey, Spreads","Jams, Honey, Spreads",Harry's Nut Butter Hazelnut & Cacao 330g,330g,£16.97/kg,5.60,,
Waitrose Kentish Town,"Jams, Honey, Spreads","Jams, Honey, Spreads",Harry's Super Crunchy Peanut Butter 330g,330g,£16.67/kg,5.50,,
Waitrose Kentish Town,"Jams, Honey, Spreads","Jams, Honey, Spreads",JD's Original Hot Honey 260g,260g,£20.19/kg,5.25,,
Waitrose Kentish Town,"Jams, Honey, Spreads","Jams, Honey, Spreads",JD's Smoked Hot Honey 260g,,,5.25,,
Waitrose Kentish Town,"Jams, Honey, Spreads","Jams, Honey, Spreads",Lotus Biscoff Spread 400g,400g,£10.00/kg,4.00,,
Waitrose Kentish Town,"Jams, Honey, Spreads","Jams, Honey, Spreads",Lyle's Squeezy Golden Syrup 700g,700g,£4.71/kg,3.30,,
Waitrose Kentish Town,"Jams, Honey, Spreads","Jams, Honey, Spreads",ManiLife Deep Roast Smooth Peanut Butter 275g,275g,£13.96/kg,3.84,4.80,20% off
Waitrose Kentish Town,"Jams, Honey, Spreads","Jams, Honey, Spreads",Marmite Yeast Extract 250g,250g,£16.80/kg,4.20,,
Waitrose Kentish Town,"Jams, Honey, Spreads","Jams, Honey, Spreads",Nutella Hazelnut Spread 350g,350g,£11.29/kg,3.95,,
Waitrose Kentish Town,"Jams, Honey, Spreads","Jams, Honey, Spreads",Pip&Nut Crunchy Peanut Butter 300g,300g,£13.33/kg,4.00,,
Waitrose Kentish Town,"Jams, Honey, Spreads","Jams, Honey, Spreads",Rhythm 108 Pistachio Spread 250g,250g,£22.88/kg,5.72,7.15,20% off
Waitrose Kentish Town,"Jams, Honey, Spreads","Jams, Honey, Spreads",Rowse Organic Honey 340g,340g,£14.12/kg,4.80,,
Waitrose Kentish Town,"Jams, Honey, Spreads","Jams, Honey, Spreads",Rowse Runny Squeezy Honey 340g,340g,£9.50/kg,3.23,3.80,15% off
Waitrose Kentish Town,"Jams, Honey, Spreads","Jams, Honey, Spreads",St Dalfour Raspberry Spread 284g,284g,£13.20/kg,3.75,,
Waitrose Kentish Town,"Jams, Honey, Spreads","Jams, Honey, Spreads",St Dalfour Strawberry Spread 284g,284g,£13.20/kg,3.75,,
Waitrose Kentish Town,"Jams, Honey, Spreads","Jams, Honey, Spreads",Steens Raw Manuka Honey MGO 515+ 225g,225g,£85.33/kg,19.20,,
Waitrose Kentish Town,"Jams, Honey, Spreads","Jams, Honey, Spreads",Tracklements Fresh Chilli Jam 210g,210g,£22.86/kg,4.80,,
Waitrose Kentish Town,"Jams, Honey, Spreads","Jams, Honey, Spreads",Waitrose 100% Almond Butter - Smooth 340g,340g,£16.18/kg,5.50,,
Waitrose Kentish Town,"Jams, Honey, Spreads","Jams, Honey, Spreads",Waitrose Blackcurrant Preserve Jam 340g,340g,£9.56/kg,3.25,,
Waitrose Kentish Town,"Jams, Honey, Spreads","Jams, Honey, Spreads",Waitrose Ess Crunchy Peanut Butter 340g,340g,£5.88/kg,2.00,,
Waitrose Kentish Town,"Jams, Honey, Spreads","Jams, Honey, Spreads",Waitrose Essential Smooth Peanut Butter 340g,,,1.75,,
Waitrose Kentish Town,"Jams, Honey, Spreads","Jams, Honey, Spreads",Waitrose Essential Squeezy Honey 454g,454g,£5.29/kg,2.40,,
Waitrose Kentish Town,"Jams, Honey, Spreads","Jams, Honey, Spreads",Waitrose Morello Cherry Jam 340g,,,3.25,,
Waitrose Kentish Town,"Jams, Honey, Spreads","Jams, Honey, Spreads",Waitrose No.1 Canadian Maple Syrup Dark 330g,330g,£20.30/kg,6.70,,
Waitrose Kentish Town,"Jams, Honey, Spreads","Jams, Honey, Spreads",Waitrose No.1 Medium Canadian Maple Syrup Amber 330g,330g,£20.30/kg,6.70,,
Waitrose Kentish Town,"Jams, Honey, Spreads","Jams, Honey, Spreads",Waitrose No.1 New Zealand Manuka Honey 100+ MGO 225g,225g,£48.89/kg,11.00,,
Waitrose Kentish Town,"Jams, Honey, Spreads","Jams, Honey, Spreads",Waitrose Strawberry Preserve Jam 340g,340g,£9.12/kg,3.10,,
Waitrose Kentish Town,"Jams, Honey, Spreads","Jams, Honey, Spreads",Whole Earth Crunchy Peanut Butter 454g,454g,£13.11/kg,5.95,,
Waitrose Kentish Town,"Jams, Honey, Spreads","Jams, Honey, Spreads",Whole Earth Smooth Peanut Butter Spread 454g,454g,£13.11/kg,5.95,,
Waitrose Kentish Town,"Jams, Honey, Spreads",Offers,Bonne Maman Apricot Conserve 370g,370g,£9.08/kg,3.36,3.95,15% off
Waitrose Kentish Town,"Jams, Honey, Spreads",Offers,Bonne Maman Blackcurrant Conserve 370g,370g,£9.08/kg,3.36,3.95,15% off
Waitrose Kentish Town,"Jams, Honey, Spreads",Offers,Bonne Maman Strawberry Conserve Jam 370g,370g,£9.08/kg,3.36,3.95,15% off
Waitrose Kentish Town,"Jams, Honey, Spreads",Offers,ManiLife Deep Roast Smooth Peanut Butter 275g,275g,£13.96/kg,3.84,4.80,20% off
Waitrose Kentish Town,"Jams, Honey, Spreads",Offers,Rhythm 108 Pistachio Spread 250g,250g,£22.88/kg,5.72,7.15,20% off
Waitrose Kentish Town,"Jams, Honey, Spreads",Offers,Rowse Runny Squeezy Honey 340g,340g,£9.50/kg,3.23,3.80,15% off
Waitrose Kentish Town,"Jams, Honey, Spreads",Other Spreads,Diforti Pistachio Spread 190g,190g,£52.63/kg,10.00,,
Waitrose Kentish Town,"Jams, Honey, Spreads",Other Spreads,Lotus Biscoff Spread 400g,400g,£10.00/kg,4.00,,
Waitrose Kentish Town,"Jams, Honey, Spreads",Other Spreads,Marmite Yeast Extract 250g,250g,£16.80/kg,4.20,,
Waitrose Kentish Town,"Jams, Honey, Spreads",Other Spreads,Nutella Hazelnut Spread 350g,350g,£11.29/kg,3.95,,
Waitrose Kentish Town,"Jams, Honey, Spreads",Other Spreads,Rhythm 108 Pistachio Spread 250g,250g,£22.88/kg,5.72,7.15,20% off
Waitrose Kentish Town,"Jams, Honey, Spreads",Peanut Butter & Nut Butters,Harry's Nut Butter Hazelnut & Cacao 330g,330g,£16.97/kg,5.60,,
Waitrose Kentish Town,"Jams, Honey, Spreads",Peanut Butter & Nut Butters,Harry's Super Crunchy Peanut Butter 330g,330g,£16.67/kg,5.50,,
Waitrose Kentish Town,"Jams, Honey, Spreads",Peanut Butter & Nut Butters,ManiLife Deep Roast Smooth Peanut Butter 275g,275g,£13.96/kg,3.84,4.80,20% off
Waitrose Kentish Town,"Jams, Honey, Spreads",Peanut Butter & Nut Butters,Pip&Nut Crunchy Peanut Butter 300g,300g,£13.33/kg,4.00,,
Waitrose Kentish Town,"Jams, Honey, Spreads",Peanut Butter & Nut Butters,Waitrose 100% Almond Butter - Smooth 340g,340g,£16.18/kg,5.50,,
Waitrose Kentish Town,"Jams, Honey, Spreads",Peanut Butter & Nut Butters,Waitrose Ess Crunchy Peanut Butter 340g,340g,£5.88/kg,2.00,,
Waitrose Kentish Town,"Jams, Honey, Spreads",Peanut Butter & Nut Butters,Waitrose Essential Smooth Peanut Butter 340g,,,1.75,,
Waitrose Kentish Town,"Jams, Honey, Spreads",Peanut Butter & Nut Butters,Whole Earth Crunchy Peanut Butter 454g,454g,£13.11/kg,5.95,,
Waitrose Kentish Town,"Jams, Honey, Spreads",Peanut Butter & Nut Butters,Whole Earth Smooth Peanut Butter Spread 454g,454g,£13.11/kg,5.95,,
Waitrose Kentish Town,"Jams, Honey, Spreads",Syrup,Lyle's Squeezy Golden Syrup 700g,700g,£4.71/kg,3.30,,
Waitrose Kentish Town,"Jams, Honey, Spreads",Syrup,Waitrose No.1 Canadian Maple Syrup Dark 330g,330g,£20.30/kg,6.70,,
Waitrose Kentish Town,"Jams, Honey, Spreads",Syrup,Waitrose No.1 Medium Canadian Maple Syrup Amber 330g,330g,£20.30/kg,6.70,,
Waitrose Kentish Town,"Laundry, Cleaning, Household",Batteries & Household,2 Port USB Wall Charger USB-A & USB-C 35W 1ea,,,9.99,,
Waitrose Kentish Town,"Laundry, Cleaning, Household",Batteries & Household,"20000mAh 10W Portable Power Bank with Integrated USB-C, Micro USB & Lightning Cables",,,24.99,,
Waitrose Kentish Town,"Laundry, Cleaning, Household",Batteries & Household,3 Button Wireless Optical Mouse USB-A Receiver Black 1ea,,,9.99,,
Waitrose Kentish Town,"Laundry, Cleaning, Household",Batteries & Household,4lite WiZ A60 Dimmable Multicolour LED Smart Bulb B22 Bayonet 1ea,,,12.49,,
Waitrose Kentish Town,"Laundry, Cleaning, Household",Batteries & Household,4lite WiZ A60 Dimmable Multicolour LED Smart Bulb E27 Screw 1ea,,,12.49,,
Waitrose Kentish Town,"Laundry, Cleaning, Household",Batteries & Household,4lite WiZ C37 Candle Dimmable Warm White LED Smart Bulb E14 Screw 1ea,,,12.49,,
Waitrose Kentish Town,"Laundry, Cleaning, Household",Batteries & Household,ANYDAY A4 Notebook,,,2.25,,
Waitrose Kentish Town,"Laundry, Cleaning, Household",Batteries & Household,Apple 20w USB C Power Adapter,,,17.15,,
Waitrose Kentish Town,"Laundry, Cleaning, Household",Batteries & Household,Dudao 30000mAh 65W PD Quick Charge USB-C / 2x USB-A Laptop Power Bank,,,59.99,,
Waitrose Kentish Town,"Laundry, Cleaning, Household",Batteries & Household,Duracell Lithium 2032 Batteries 2 per pack,2pk,£2.95 each,5.90,,
Waitrose Kentish Town,"Laundry, Cleaning, Household",Batteries & Household,Duracell Plus 9V Batteries x2,2pk,£5.00 each,10.00,,
Waitrose Kentish Town,"Laundry, Cleaning, Household",Batteries & Household,Duracell Plus AA Batteries 8 Pack,,,9.50,,
Waitrose Kentish Town,"Laundry, Cleaning, Household",Batteries & Household,Duracell Plus AA Batteries x4,4pk,£0.76 each,3.05,,
Waitrose Kentish Town,"Laundry, Cleaning, Household",Batteries & Household,Duracell Plus AAA Batteries 8 Pack,8pk,£0.73 each,5.85,,
Waitrose Kentish Town,"Laundry, Cleaning, Household",Batteries & Household,Duracell Plus Batteries AAA MN 2400 4 per pack,4pk,£0.81 each,3.25,,
Waitrose Kentish Town,"Laundry, Cleaning, Household",Batteries & Household,Duracell Plus C Batteries 4 Pack,4pk,£2.64 each,10.55,,
Waitrose Kentish Town,"Laundry, Cleaning, Household",Batteries & Household,Duracell Plus D Batteries Alkaline 4 Pack,4pk,£2.64 each,10.55,,
Waitrose Kentish Town,"Laundry, Cleaning, Household",Batteries & Household,Energizer CR2032 3V Lithium Coin Cell Battery - Pack of 2,2pk,£1.50 each,2.99,,
Waitrose Kentish Town,"Laundry, Cleaning, Household",Batteries & Household,Fujifilm Instax Mini 12 Instant Camera - Clay White,,,79.99,,
Waitrose Kentish Town,"Laundry, Cleaning, Household",Batteries & Household,Fujifilm Instax Mini Heart Sketch Photo Film 10 pack,,,11.99,,
Waitrose Kentish Town,"Laundry, Cleaning, Household",Batteries & Household,Fujifilm Instax Mini Instant Photo Film Monochrome 10 pack,,,11.99,,
Waitrose Kentish Town,"Laundry, Cleaning, Household",Batteries & Household,Fujifilm Instax Mini Instant Photo Film White 20 pack,,,17.99,,
Waitrose Kentish Town,"Laundry, Cleaning, Household",Batteries & Household,Fujifilm Instax Mini Soft Lavender Photo Film 10 pack,,,11.99,,
Waitrose Kentish Town,"Laundry, Cleaning, Household",Batteries & Household,Kodak Charmera Keychain Digital Camera 1ea,,,35.00,,
Waitrose Kentish Town,"Laundry, Cleaning, Household",Batteries & Household,Korbond 50 Safety Pins,,,1.30,,
Waitrose Kentish Town,"Laundry, Cleaning, Household",Batteries & Household,Korbond Threaded Needles x6,,,1.40,,
Waitrose Kentish Town,"Laundry, Cleaning, Household",Batteries & Household,Lightning Connector to 3.5mm Female Jack Headphone Adapter - 5cm,,,7.99,,
Waitrose Kentish Town,"Laundry, Cleaning, Household",Batteries & Household,"Lightning Connector to USB-C 27W High Speed Cable - Braided, 3m",,,8.99,,
Waitrose Kentish Town,"Laundry, Cleaning, Household",Batteries & Household,Loctite Precision Super Glue 5G,5g,£770.00/kg,3.85,,
Waitrose Kentish Town,"Laundry, Cleaning, Household",Batteries & Household,"Maplin 10,000mAh Power Bank with Integrated Cables 1ea",,,22.99,,
Waitrose Kentish Town,"Laundry, Cleaning, Household",Batteries & Household,"Maplin 10x AA & 10x AAA Extra Long Life Batteries, 20pcs",,,7.99,,
Waitrose Kentish Town,"Laundry, Cleaning, Household",Batteries & Household,"Maplin 12x AA & 6x AAA Extra Long Life Batteries, 18pcs",18pk,£0.42 each,7.49,,
Waitrose Kentish Town,"Laundry, Cleaning, Household",Batteries & Household,Maplin 4 Socket UK Extension Lead with 3x USB-A / 1x USB-C Ports Power Switch Surge protection 2m,,,24.99,,
Waitrose Kentish Town,"Laundry, Cleaning, Household",Batteries & Household,Maplin 65W 2 Port USB Wall Charger 1x USB-A 1x USB-C GaN PD,,,24.99,,
Waitrose Kentish Town,"Laundry, Cleaning, Household",Batteries & Household,"Maplin AA Extra Long Life Batteries, 10pcs",,,5.99,,
Waitrose Kentish Town,"Laundry, Cleaning, Household",Batteries & Household,"Maplin AAA Extra Long Life Batteries, 10pcs",,,5.99,,
Waitrose Kentish Town,"Laundry, Cleaning, Household",Batteries & Household,Maplin Bluetooth 5.3 Wireless Earphones Noise Cancelling 1ea,,,22.99,,
Waitrose Kentish Town,"Laundry, Cleaning, Household",Batteries & Household,"Maplin HDMI Cable Black, 3m",,,7.99,,
Waitrose Kentish Town,"Laundry, Cleaning, Household",Batteries & Household,Maplin Lightning Connector to USB-A Cable 3m White,,,8.99,,
Waitrose Kentish Town,"Laundry, Cleaning, Household",Batteries & Household,Maplin RF Male to RF Female TV Aerial Coaxial Cable - Black - 2m,,,4.99,,
Waitrose Kentish Town,"Laundry, Cleaning, Household",Batteries & Household,Maplin USB-C to USB-A Cable Braided 3m,,,7.99,,
Waitrose Kentish Town,"Laundry, Cleaning, Household",Batteries & Household,"Maplin USB-C to USB-C 60W Braided Cable - Black, 3m",,,8.99,,
Waitrose Kentish Town,"Laundry, Cleaning, Household",Batteries & Household,Maplin Wired Earbuds Hands Free Calling White USB-C 1ea,,,9.99,,
Waitrose Kentish Town,"Laundry, Cleaning, Household",Batteries & Household,Maplin Worldwide Travel Adapter with USB Charging & Carry Case,,,22.99,,
Waitrose Kentish Town,"Laundry, Cleaning, Household",Batteries & Household,Nikkai USB-C to 4 Port USB-A Hub 13cm,,,9.99,,
Waitrose Kentish Town,"Laundry, Cleaning, Household",Batteries & Household,Nikkai USB-C to Ethernet Gigabit Adapter 0.15m,,,9.99,,
Waitrose Kentish Town,"Laundry, Cleaning, Household",Batteries & Household,Oxycool 10cm Handheld Fan USB-C Rechargeable 3 Speed inc Desk Stand,,,9.99,,
Waitrose Kentish Town,"Laundry, Cleaning, Household",Batteries & Household,PRAKTICA Disposable Camera Black & White Film 1ea,,,14.99,,
Waitrose Kentish Town,"Laundry, Cleaning, Household",Batteries & Household,PRAKTICA Luxmedia 35mm Disposable Film Camera 1ea,,,19.99,,
Waitrose Kentish Town,"Laundry, Cleaning, Household",Batteries & Household,Sellotape Original Golden 50m,,,2.10,,
Waitrose Kentish Town,"Laundry, Cleaning, Household",Batteries & Household,Staedtler Noris HB Pencils 5 pack,,,3.30,,
Waitrose Kentish Town,"Laundry, Cleaning, Household",Batteries & Household,Staedtler Textsurfer Highlighter Pens 4 pack,,,2.97,3.30,10% off
Waitrose Kentish Town,"Laundry, Cleaning, Household",Batteries & Household,Terry Check Tea Towel Blue 1ea,,,1.85,,
Waitrose Kentish Town,"Laundry, Cleaning, Household",Batteries & Household,"UK to Europe Travel Adapter, 2pcs",,,6.99,,
Waitrose Kentish Town,"Laundry, Cleaning, Household",Batteries & Household,USB-A to USB-C/ Lightning / Micro USB-B Cable Braided 1.2m Black,,,8.99,,
Waitrose Kentish Town,"Laundry, Cleaning, Household",Batteries & Household,USB-C to 3.5mm Female Jack Headphone Adapter - 5cm,,,7.99,,
Waitrose Kentish Town,"Laundry, Cleaning, Household",Batteries & Household,USB-C to HDMI Cable Supports Ultra HD 4K@60Hz 2m,,,14.99,,
Waitrose Kentish Town,"Laundry, Cleaning, Household",Batteries & Household,USB-C to USB-A Braided Cable 1m,,,7.99,,
Waitrose Kentish Town,"Laundry, Cleaning, Household",Batteries & Household,"USB-C to USB-C Fast Charge Black Braided Cable, 1m",,,7.99,,
Waitrose Kentish Town,"Laundry, Cleaning, Household",Batteries & Household,Wireless Headphones Bluetooth V5.3  Noise Cancelling Black,,,22.99,,
Waitrose Kentish Town,"Laundry, Cleaning, Household",Batteries & Household,Worldwide to UK Travel Adapter 1ea,,,5.99,,
Waitrose Kentish Town,"Laundry, Cleaning, Household",Batteries & Household,Zebra Z-Grip Black Ballpoint Pens x3,,,1.32,1.55,15% off
Waitrose Kentish Town,"Laundry, Cleaning, Household",Batteries & Household,"iPhone Lightning to USB-A Braided Cable Silver, 1m",,,7.99,,
Waitrose Kentish Town,"Laundry, Cleaning, Household",Batteries & Household,"iPhone Lightning to USB-C Fast Charge Cable Silver, 1m",,,9.99,,
Waitrose Kentish Town,"Laundry, Cleaning, Household",Bin Bags,Waitrose 20 x 75L Tie Handle Refuse Sacks,1500L,0.22p/L,3.30,,
Waitrose Kentish Town,"Laundry, Cleaning, Household",Bin Bags,Waitrose 30 Extra Strong 30L Tall Kitchen Bin Liners,30L,£0.16/L,4.90,,
Waitrose Kentish Town,"Laundry, Cleaning, Household",Bin Bags,Waitrose Essential Pedal Bin Bag Liners 25L 30 per pack,25L,£0.10/L,2.60,,
Waitrose Kentish Town,"Laundry, Cleaning, Household",Bin Bags,Waitrose Green Compostable Caddy Liners 20x12L,12L,£0.23/L,2.70,,
Waitrose Kentish Town,"Laundry, Cleaning, Household",Bin Bags,Waitrose Large Tie Handle Refuse Sacks 15x100L,100L,£0.05/L,4.85,,
Waitrose Kentish Town,"Laundry, Cleaning, Household",Bin Bags,Zero Waste Bag (Minimum value £10),,,5.00,,
Waitrose Kentish Town,"Laundry, Cleaning, Household",Candles & Home Fragrance,Airwick Active Fresh Cotton Spray 237ml,237ml,£23.21/L,5.50,,
Waitrose Kentish Town,"Laundry, Cleaning, Household",Candles & Home Fragrance,Essential Ivory Pillar Candles 4 pack,,,3.00,,
Waitrose Kentish Town,"Laundry, Cleaning, Household",Candles & Home Fragrance,Febreze Air Freshener Spray Blossom 185ml,185ml,£20.81/L,3.85,,
Waitrose Kentish Town,"Laundry, Cleaning, Household",Candles & Home Fragrance,Febreze Cotton Fresh Bathroom Air Freshener 75ml,75ml,£50.00/L,3.75,,
Waitrose Kentish Town,"Laundry, Cleaning, Household",Candles & Home Fragrance,John Lewis Coastal Breeze Scented Candle 200g,,,2.40,,
Waitrose Kentish Town,"Laundry, Cleaning, Household",Candles & Home Fragrance,John Lewis Lavender Eucalyptus Scented Candle 1ea,,,4.20,,
Waitrose Kentish Town,"Laundry, Cleaning, Household",Cleaning,Bloo Power Active Fresh Flowers Toilet Rim Block Duo 2 x 50g,100g,£28.00/kg,2.80,3.50,20% off
Waitrose Kentish Town,"Laundry, Cleaning, Household",Cleaning,Buster Bathroom Plughole Unblocker 300ml,300ml,£16.67/L,5.00,,
Waitrose Kentish Town,"Laundry, Cleaning, Household",Cleaning,Cif Lemon Cream 500ml,500ml,£3.80/L,1.90,,
Waitrose Kentish Town,"Laundry, Cleaning, Household",Cleaning,Cif Power & Shine Bathroom Cleaner Spray 700ml,700ml,£4.29/L,3.00,3.75,20% off
Waitrose Kentish Town,"Laundry, Cleaning, Household",Cleaning,Cillit Bang Black Mould Remover 750ml,750ml,£7.33/L,5.50,,
Waitrose Kentish Town,"Laundry, Cleaning, Household",Cleaning,Dettol Anti-Bac Biodegradable Surface Wipes 126s,126pk,£0.05 each,6.65,,
Waitrose Kentish Town,"Laundry, Cleaning, Household",Cleaning,Dettol Anti-Bac Cleaning Spray 750ml,750ml,£4.03/L,3.02,3.55,15% off
Waitrose Kentish Town,"Laundry, Cleaning, Household",Cleaning,Domestos Original Thick Bleach 750ml,750ml,£2.47/L,1.85,,
Waitrose Kentish Town,"Laundry, Cleaning, Household",Cleaning,Domestos Power 5 Lime Toilet Rim Block 55g,55g,£39.09/kg,2.15,,
Waitrose Kentish Town,"Laundry, Cleaning, Household",Cleaning,Dr Beckmann Carpet Stain Remover 650ml,650ml,£6.34/L,4.12,4.85,15% off
Waitrose Kentish Town,"Laundry, Cleaning, Household",Cleaning,Fairy Original Green Washing Up Liquid 320ml,320ml,£3.84/L,1.23,1.45,15% off
Waitrose Kentish Town,"Laundry, Cleaning, Household",Cleaning,Flash Bathroom Spray 800ml,800ml,£3.60/L,2.88,3.60,20% off
Waitrose Kentish Town,"Laundry, Cleaning, Household",Cleaning,Flash Cleaning Antibac Bathroom Spray 800ml,800ml,£4.63/L,3.70,,
Waitrose Kentish Town,"Laundry, Cleaning, Household",Cleaning,Flash Multi Purpose Bleach Cleaning Spray 800ml,800ml,£4.63/L,3.70,,
Waitrose Kentish Town,"Laundry, Cleaning, Household",Cleaning,Harpic Active Fresh Mountain Pine Toilet Cleaner 750ml,750ml,£2.27/L,1.70,,
Waitrose Kentish Town,"Laundry, Cleaning, Household",Cleaning,Harpic Toilet Limescale Remover Original 750ml,750ml,£2.77/L,2.08,2.60,20% off
Waitrose Kentish Town,"Laundry, Cleaning, Household",Cleaning,Marigold Xtra Life Kitchen Gloves Medium 1 pair,,,3.19,3.75,15% off
Waitrose Kentish Town,"Laundry, Cleaning, Household",Cleaning,Method Anti-Bac Cleaner Rhubarb 828ml,828ml,£3.99/L,3.30,4.40,25% off
Waitrose Kentish Town,"Laundry, Cleaning, Household",Cleaning,Mr Muscle Power Gel Sink & Drain 500ml,500ml,£7.72/L,3.86,5.15,25% off
Waitrose Kentish Town,"Laundry, Cleaning, Household",Cleaning,Oven Pride Deep Cleaner 500ml,500ml,£11.00/L,5.50,,
Waitrose Kentish Town,"Laundry, Cleaning, Household",Cleaning,Pledge Clean It Jasmine Multi-Surface 250ml,250ml,£8.80/L,2.20,2.75,20% off
Waitrose Kentish Town,"Laundry, Cleaning, Household",Cleaning,Spontex Washups Sponge Scourers 4 pack,4pk,£0.41 each,1.65,,
Waitrose Kentish Town,"Laundry, Cleaning, Household",Cleaning,Vanish Gold Carpet Care Spray 500ml,500ml,£14.40/L,7.20,,
Waitrose Kentish Town,"Laundry, Cleaning, Household",Cleaning,Viakal Limescale Remover Disinfectant Spray 500ml,500ml,£8.80/L,4.40,,
Waitrose Kentish Town,"Laundry, Cleaning, Household",Cleaning,Waitrose Essential All Purpose Cloths 10 per pack,10pk,£0.14 each,1.40,,
Waitrose Kentish Town,"Laundry, Cleaning, Household",Cleaning,Waitrose Essential Antibacterial Floor Wipes 15s,,,1.40,,
Waitrose Kentish Town,"Laundry, Cleaning, Household",Cleaning,Waitrose Essential Citrus Thick Bleach 750ml,750ml,£1.33/L,1.00,,
Waitrose Kentish Town,"Laundry, Cleaning, Household",Cleaning,Waitrose Essential Original Thick Bleach 750ml,750ml,£1.27/L,0.95,,
Waitrose Kentish Town,"Laundry, Cleaning, Household",Cleaning,Windolene Glass Cleaner Spray 750ml,750ml,£5.00/L,3.75,,
Waitrose Kentish Town,"Laundry, Cleaning, Household",Dishwashing,Crystale Dishwasher Salt 900g,900g,£2.17/kg,1.95,,
Waitrose Kentish Town,"Laundry, Cleaning, Household",Dishwashing,Ecover Dishwasher Tablets Classic 25s,25pk,£0.32 each,8.05,,
Waitrose Kentish Town,"Laundry, Cleaning, Household",Dishwashing,Ecover Lemon & Aloe Vera Washing Up Liquid 950ml,950ml,£4.34/L,4.12,4.85,15% off
Waitrose Kentish Town,"Laundry, Cleaning, Household",Dishwashing,Ecover Washing-up Liquid Camomile & Clementine 950ml,950ml,£4.34/L,4.12,4.85,15% off
Waitrose Kentish Town,"Laundry, Cleaning, Household",Dishwashing,Fairy Max Power Original Washing Up Liquid 730ml,730ml,£5.25/L,3.83,4.50,15% off
Waitrose Kentish Town,"Laundry, Cleaning, Household",Dishwashing,Fairy Platinum Lemon Washing Up Liquid 520ml,520ml,£6.35/L,3.30,,
Waitrose Kentish Town,"Laundry, Cleaning, Household",Dishwashing,Fairy Platinum Plus Deep Clean Dishwasher Tablets 36s,36pk,£0.39 each,13.95,,
Waitrose Kentish Town,"Laundry, Cleaning, Household",Dishwashing,Fairy Quick Wash Original Washing Up Liquid 520ml,520ml,£6.35/L,3.30,,
Waitrose Kentish Town,"Laundry, Cleaning, Household",Dishwashing,Finish Dishwasher Cleaner Twin Pack 2x250ml,500ml,£19.40/L,9.70,,
Waitrose Kentish Town,"Laundry, Cleaning, Household",Dishwashing,Finish Dishwasher Rinse Aid 400ml,400ml,£11.90/L,4.76,5.60,15% off
Waitrose Kentish Town,"Laundry, Cleaning, Household",Dishwashing,Finish Ultimate Lemon Dishwasher Tablets 55s,55pk,£0.17 each,9.35,13.35,30% off
Waitrose Kentish Town,"Laundry, Cleaning, Household",Dishwashing,Finish Ultimate Plus Lemon Dishwasher Tablets 48s,48pk,£0.38 each,18.15,,
Waitrose Kentish Town,"Laundry, Cleaning, Household",Food Storage,Bacofoil All Purpose Zipper Bags Medium x12,,,3.40,,
Waitrose Kentish Town,"Laundry, Cleaning, Household",Food Storage,Waitrose Essential Aluminium Foil 20m x 300mm,,,4.25,,
Waitrose Kentish Town,"Laundry, Cleaning, Household",Food Storage,Waitrose Essential Medium Tie Handle Bags 40s,40pk,£0.06 each,2.45,,
Waitrose Kentish Town,"Laundry, Cleaning, Household",Homeware & Kitchenware,John Lewis Can Opener 1ea,,,3.25,,
Waitrose Kentish Town,"Laundry, Cleaning, Household",Homeware & Kitchenware,John Lewis Soft Touch Y-Shaped Peeler 1ea,,,6.60,,
Waitrose Kentish Town,"Laundry, Cleaning, Household",Homeware & Kitchenware,John Lewis White Napkins 20 per pack,20pk,£0.04 each,0.85,,
Waitrose Kentish Town,"Laundry, Cleaning, Household",Homeware & Kitchenware,Waitrose Home Paper Straws 50 per pack,50pk,£0.02 each,1.20,,
Waitrose Kentish Town,"Laundry, Cleaning, Household",Homeware & Kitchenware,Waitrose Home Silicone Spatula 1ea,,,5.50,,
Waitrose Kentish Town,"Laundry, Cleaning, Household",Homeware & Kitchenware,Waitrose Home Stainless Steel Whisk 1ea,,,6.60,,
Waitrose Kentish Town,"Laundry, Cleaning, Household",Homeware & Kitchenware,Waitrose White Paper Plates 24 pack,24pk,£0.06 each,1.40,,
Waitrose Kentish Town,"Laundry, Cleaning, Household",Household,Andrex Supreme Quilts Toilet Paper 4 Rolls,4pk,£0.88 each,3.50,,
Waitrose Kentish Town,"Laundry, Cleaning, Household",Household,Bamboo Balsam Facial Tissues 64 Sheets,64pk,£0.03 each,2.05,,
Waitrose Kentish Town,"Laundry, Cleaning, Household",Household,Bloo Power Active Fresh Flowers Toilet Rim Block Duo 2 x 50g,100g,£28.00/kg,2.80,3.50,20% off
Waitrose Kentish Town,"Laundry, Cleaning, Household",Household,Cheeky Panda Toilet Tissue 9x190 Sheets,9pk,£0.63 each,5.65,,
Waitrose Kentish Town,"Laundry, Cleaning, Household",Household,Cif Power & Shine Bathroom Cleaner Spray 700ml,700ml,£4.29/L,3.00,3.75,20% off
Waitrose Kentish Town,"Laundry, Cleaning, Household",Household,Cillit Bang Black Mould Remover 750ml,750ml,£7.33/L,5.50,,
Waitrose Kentish Town,"Laundry, Cleaning, Household",Household,Classic Soft Mega Toilet Rolls 6 Pack 6x270 Sheets,6pk,£1.19 each,7.15,,
Waitrose Kentish Town,"Laundry, Cleaning, Household",Household,Comfort Pure Fresh & Mild Fabric Conditioner 58 Washes 870ml,870ml,£5.00/L,4.35,5.80,25% off
Waitrose Kentish Town,"Laundry, Cleaning, Household",Household,Crystale Dishwasher Salt 900g,900g,£2.17/kg,1.95,,
Waitrose Kentish Town,"Laundry, Cleaning, Household",Household,Dettol Anti-Bac Biodegradable Surface Wipes 126s,126pk,£0.05 each,6.65,,
Waitrose Kentish Town,"Laundry, Cleaning, Household",Household,Dettol Anti-Bac Cleaning Spray 750ml,750ml,£4.03/L,3.02,3.55,15% off
Waitrose Kentish Town,"Laundry, Cleaning, Household",Household,Domestos Original Thick Bleach 750ml,750ml,£2.47/L,1.85,,
Waitrose Kentish Town,"Laundry, Cleaning, Household",Household,Domestos Power 5 Lime Toilet Rim Block 55g,55g,£39.09/kg,2.15,,
Waitrose Kentish Town,"Laundry, Cleaning, Household",Household,Dr Beckmann Carpet Stain Remover 650ml,650ml,£6.34/L,4.12,4.85,15% off
Waitrose Kentish Town,"Laundry, Cleaning, Household",Household,Ecover Lemon & Aloe Vera Washing Up Liquid 950ml,950ml,£4.34/L,4.12,4.85,15% off
Waitrose Kentish Town,"Laundry, Cleaning, Household",Household,Ecover Non Bio Detergent 42 washes 1.5litre,1.5L,£7.00/L,10.50,,
Waitrose Kentish Town,"Laundry, Cleaning, Household",Household,Fairy Max Power Original Washing Up Liquid 730ml,730ml,£5.25/L,3.83,4.50,15% off
Waitrose Kentish Town,"Laundry, Cleaning, Household",Household,Fairy Non Bio Laundry Pods 22 per pack,22pk,£0.28 each,6.16,7.25,15% off
Waitrose Kentish Town,"Laundry, Cleaning, Household",Household,Fairy Original Green Washing Up Liquid 320ml,320ml,£3.84/L,1.23,1.45,15% off
Waitrose Kentish Town,"Laundry, Cleaning, Household",Household,Fairy Quick Wash Original Washing Up Liquid 520ml,520ml,£6.35/L,3.30,,
Waitrose Kentish Town,"Laundry, Cleaning, Household",Household,Finish Dishwasher Rinse Aid 400ml,400ml,£11.90/L,4.76,5.60,15% off
Waitrose Kentish Town,"Laundry, Cleaning, Household",Household,Flash Bathroom Spray 800ml,800ml,£3.60/L,2.88,3.60,20% off
Waitrose Kentish Town,"Laundry, Cleaning, Household",Household,Flash Multi Purpose Bleach Cleaning Spray 800ml,800ml,£4.63/L,3.70,,
Waitrose Kentish Town,"Laundry, Cleaning, Household",Household,Harpic Toilet Limescale Remover Original 750ml,750ml,£2.77/L,2.08,2.60,20% off
Waitrose Kentish Town,"Laundry, Cleaning, Household",Household,Kleenex Balsam Tissues Mega Box 112 sheets,112pk,£0.04 each,4.50,,
Waitrose Kentish Town,"Laundry, Cleaning, Household",Household,Kleenex Ultra Soft Tissues Mega Box 112 sheets,112pk,£0.04 each,4.50,,
Waitrose Kentish Town,"Laundry, Cleaning, Household",Household,Lenor Outdoor Summer Breeze Fabric Conditioner   770ml,770ml,£6.09/L,4.69,6.70,30% off
Waitrose Kentish Town,"Laundry, Cleaning, Household",Household,Marigold Xtra Life Kitchen Gloves Medium 1 pair,,,3.19,3.75,15% off
Waitrose Kentish Town,"Laundry, Cleaning, Household",Household,Method Anti-Bac Cleaner Rhubarb 828ml,828ml,£3.99/L,3.30,4.40,25% off
Waitrose Kentish Town,"Laundry, Cleaning, Household",Household,Mr Muscle Power Gel Sink & Drain 500ml,500ml,£7.72/L,3.86,5.15,25% off
Waitrose Kentish Town,"Laundry, Cleaning, Household",Household,Persil 3 In 1 Non Bio Laundry Washing Capsules 48W,,,11.45,,
Waitrose Kentish Town,"Laundry, Cleaning, Household",Household,Persil Liquid 35W Nonbio 945ml,945ml,£8.73/L,8.25,,
Waitrose Kentish Town,"Laundry, Cleaning, Household",Household,Pledge Clean It Jasmine Multi-Surface 250ml,250ml,£8.80/L,2.20,2.75,20% off
Waitrose Kentish Town,"Laundry, Cleaning, Household",Household,Plenty Original Kitchen Roll 2s,2pk,£3.00 each,6.00,,
Waitrose Kentish Town,"Laundry, Cleaning, Household",Household,Regina Blitz 3 Ply Kitchen Roll 100sheets,100pk,£0.04 each,4.20,,
Waitrose Kentish Town,"Laundry, Cleaning, Household",Household,Spontex Washups Sponge Scourers 4 pack,4pk,£0.41 each,1.65,,
Waitrose Kentish Town,"Laundry, Cleaning, Household",Household,Vanish Gold Carpet Care Spray 500ml,500ml,£14.40/L,7.20,,
Waitrose Kentish Town,"Laundry, Cleaning, Household",Household,Vanish Gold Laundry Stain Remover Colours Powder 450g,470g,£10.85/kg,5.10,,
Waitrose Kentish Town,"Laundry, Cleaning, Household",Household,Vanish Gold PowerGel Laundry Stain Remover 200ml,200ml,£28.90/L,5.78,8.25,30% off
Waitrose Kentish Town,"Laundry, Cleaning, Household",Household,Vanish Oxi Spray 500ml,500ml,£16.00/L,8.00,,
Waitrose Kentish Town,"Laundry, Cleaning, Household",Household,Waitrose ECO Strong White Kitchen Roll 2 per pack,2pk,£1.48 each,2.95,,
Waitrose Kentish Town,"Laundry, Cleaning, Household",Household,Waitrose Essential All Purpose Cloths 10 per pack,10pk,£0.14 each,1.40,,
Waitrose Kentish Town,"Laundry, Cleaning, Household",Household,Waitrose Essential Citrus Thick Bleach 750ml,750ml,£1.33/L,1.00,,
Waitrose Kentish Town,"Laundry, Cleaning, Household",Household,Waitrose Essential Extra Length Kitchen Rolls 2 per pack,2pk,£1.45 each,2.90,,
Waitrose Kentish Town,"Laundry, Cleaning, Household",Household,Waitrose Essential Original Thick Bleach 750ml,750ml,£1.27/L,0.95,,
Waitrose Kentish Town,"Laundry, Cleaning, Household",Household,Waitrose Essential White Toilet Tissue x4,4pk,£0.58 each,2.30,,
Waitrose Kentish Town,"Laundry, Cleaning, Household",Household,Waitrose Essential White Ultra Soft Toilet Paper Roll 9 x 240 Sheets,240pk,£0.02 each,4.25,,
Waitrose Kentish Town,"Laundry, Cleaning, Household",Household,Who Gives a Crap Classic Soft Recycled Toilet Roll 1ea,,,1.50,,
Waitrose Kentish Town,"Laundry, Cleaning, Household",Household,Who Gives a Crap Extra Soft Bamboo Toilet Roll 1ea,,,1.50,,
Waitrose Kentish Town,"Laundry, Cleaning, Household",Household,Windolene Glass Cleaner Spray 750ml,750ml,£5.00/L,3.75,,
Waitrose Kentish Town,"Laundry, Cleaning, Household",Kitchen Roll,Plenty Max Kitchen Roll 2 x 70 Sheets,2pk,£2.83 each,5.65,,
Waitrose Kentish Town,"Laundry, Cleaning, Household",Kitchen Roll,Plenty Original Kitchen Roll 2s,2pk,£3.00 each,6.00,,
Waitrose Kentish Town,"Laundry, Cleaning, Household",Kitchen Roll,Regina Blitz 3 Ply Kitchen Roll 100sheets,100pk,£0.04 each,4.20,,
Waitrose Kentish Town,"Laundry, Cleaning, Household",Kitchen Roll,Waitrose ECO Strong White Kitchen Roll 2 per pack,2pk,£1.48 each,2.95,,
Waitrose Kentish Town,"Laundry, Cleaning, Household",Kitchen Roll,Waitrose Essential Extra Length Kitchen Rolls 2 per pack,2pk,£1.45 each,2.90,,
Waitrose Kentish Town,"Laundry, Cleaning, Household",Laundry,Ariel 3in1 Original Washing Capsules 33 Pack,,,11.90,,
Waitrose Kentish Town,"Laundry, Cleaning, Household",Laundry,Comfort Pure Fresh & Mild Fabric Conditioner 58 Washes 870ml,870ml,£5.00/L,4.35,5.80,25% off
Waitrose Kentish Town,"Laundry, Cleaning, Household",Laundry,Ecover Non Bio Detergent 42 washes 1.5litre,1.5L,£7.00/L,10.50,,
Waitrose Kentish Town,"Laundry, Cleaning, Household",Laundry,Fairy Non Bio Laundry Pods 22 per pack,22pk,£0.28 each,6.16,7.25,15% off
Waitrose Kentish Town,"Laundry, Cleaning, Household",Laundry,Fairy Non Bio Washing Capsules 33s,34pk,£0.30 each,10.15,,
Waitrose Kentish Town,"Laundry, Cleaning, Household",Laundry,Fairy Platinum Washing Capsules 52s,44pk,£0.42 each,18.40,,
Waitrose Kentish Town,"Laundry, Cleaning, Household",Laundry,Febreze Cotton Fresh Spray 375ml,375ml,£9.33/L,3.50,,
Waitrose Kentish Town,"Laundry, Cleaning, Household",Laundry,Lenor Outdoor Summer Breeze Fabric Conditioner   770ml,770ml,£6.09/L,4.69,6.70,30% off
Waitrose Kentish Town,"Laundry, Cleaning, Household",Laundry,Lenor Unstoppables Laundry Fresh In-Wash Scent Booster 176g,176g,£25.85/kg,4.55,,
Waitrose Kentish Town,"Laundry, Cleaning, Household",Laundry,Napisan Non Bio Laundry Stain Remover 800g,800g,£10.50/kg,8.40,,
Waitrose Kentish Town,"Laundry, Cleaning, Household",Laundry,Persil 3 In 1 Non Bio Laundry Washing Capsules 48W,,,11.45,,
Waitrose Kentish Town,"Laundry, Cleaning, Household",Laundry,Persil Liquid 35W Nonbio 945ml,945ml,£8.73/L,8.25,,
Waitrose Kentish Town,"Laundry, Cleaning, Household",Laundry,Vanish Gold Laundry Stain Remover Colours Powder 450g,470g,£10.85/kg,5.10,,
Waitrose Kentish Town,"Laundry, Cleaning, Household",Laundry,Vanish Gold PowerGel Laundry Stain Remover 200ml,200ml,£28.90/L,5.78,8.25,30% off
Waitrose Kentish Town,"Laundry, Cleaning, Household",Laundry,Vanish Oxi Action Whitening Booster Laundry Powder 850g,850g,£11.00/kg,9.35,,
Waitrose Kentish Town,"Laundry, Cleaning, Household",Laundry,Vanish Oxi Spray 500ml,500ml,£16.00/L,8.00,,
Waitrose Kentish Town,"Laundry, Cleaning, Household","Laundry, Cleaning, Household",2 Port USB Wall Charger USB-A & USB-C 35W 1ea,,,9.99,,
Waitrose Kentish Town,"Laundry, Cleaning, Household","Laundry, Cleaning, Household","20000mAh 10W Portable Power Bank with Integrated USB-C, Micro USB & Lightning Cables",,,24.99,,
Waitrose Kentish Town,"Laundry, Cleaning, Household","Laundry, Cleaning, Household",3 Button Wireless Optical Mouse USB-A Receiver Black 1ea,,,9.99,,
Waitrose Kentish Town,"Laundry, Cleaning, Household","Laundry, Cleaning, Household",4lite WiZ A60 Dimmable Multicolour LED Smart Bulb B22 Bayonet 1ea,,,12.49,,
Waitrose Kentish Town,"Laundry, Cleaning, Household","Laundry, Cleaning, Household",4lite WiZ A60 Dimmable Multicolour LED Smart Bulb E27 Screw 1ea,,,12.49,,
Waitrose Kentish Town,"Laundry, Cleaning, Household","Laundry, Cleaning, Household",4lite WiZ C37 Candle Dimmable Warm White LED Smart Bulb E14 Screw 1ea,,,12.49,,
Waitrose Kentish Town,"Laundry, Cleaning, Household","Laundry, Cleaning, Household",ANYDAY A4 Notebook,,,2.25,,
Waitrose Kentish Town,"Laundry, Cleaning, Household","Laundry, Cleaning, Household",Airwick Active Fresh Cotton Spray 237ml,237ml,£23.21/L,5.50,,
Waitrose Kentish Town,"Laundry, Cleaning, Household","Laundry, Cleaning, Household",Andrex Classic Clean Washlets 36 Sheets,36pk,£0.05 each,1.75,,
Waitrose Kentish Town,"Laundry, Cleaning, Household","Laundry, Cleaning, Household",Andrex Supreme Quilts Toilet Paper 4 Rolls,4pk,£0.88 each,3.50,,
Waitrose Kentish Town,"Laundry, Cleaning, Household","Laundry, Cleaning, Household",Apple 20w USB C Power Adapter,,,17.15,,
Waitrose Kentish Town,"Laundry, Cleaning, Household","Laundry, Cleaning, Household",Ariel 3in1 Original Washing Capsules 33 Pack,,,11.90,,
Waitrose Kentish Town,"Laundry, Cleaning, Household","Laundry, Cleaning, Household",Bacofoil All Purpose Zipper Bags Medium x12,,,3.40,,
Waitrose Kentish Town,"Laundry, Cleaning, Household","Laundry, Cleaning, Household",Bamboo Balsam Facial Tissues 64 Sheets,64pk,£0.03 each,2.05,,
Waitrose Kentish Town,"Laundry, Cleaning, Household","Laundry, Cleaning, Household",Bloo Power Active Fresh Flowers Toilet Rim Block Duo 2 x 50g,100g,£28.00/kg,2.80,3.50,20% off
Waitrose Kentish Town,"Laundry, Cleaning, Household","Laundry, Cleaning, Household",Buster Bathroom Plughole Unblocker 300ml,300ml,£16.67/L,5.00,,
Waitrose Kentish Town,"Laundry, Cleaning, Household","Laundry, Cleaning, Household",Cheeky Panda Toilet Tissue 9x190 Sheets,9pk,£0.63 each,5.65,,
Waitrose Kentish Town,"Laundry, Cleaning, Household","Laundry, Cleaning, Household",Cif Lemon Cream 500ml,500ml,£3.80/L,1.90,,
Waitrose Kentish Town,"Laundry, Cleaning, Household","Laundry, Cleaning, Household",Cif Power & Shine Bathroom Cleaner Spray 700ml,700ml,£4.29/L,3.00,3.75,20% off
Waitrose Kentish Town,"Laundry, Cleaning, Household","Laundry, Cleaning, Household",Cillit Bang Black Mould Remover 750ml,750ml,£7.33/L,5.50,,
Waitrose Kentish Town,"Laundry, Cleaning, Household","Laundry, Cleaning, Household",Classic Soft Mega Toilet Rolls 6 Pack 6x270 Sheets,6pk,£1.19 each,7.15,,
Waitrose Kentish Town,"Laundry, Cleaning, Household","Laundry, Cleaning, Household",Comfort Pure Fresh & Mild Fabric Conditioner 58 Washes 870ml,870ml,£5.00/L,4.35,5.80,25% off
Waitrose Kentish Town,"Laundry, Cleaning, Household","Laundry, Cleaning, Household",Crystale Dishwasher Salt 900g,900g,£2.17/kg,1.95,,
Waitrose Kentish Town,"Laundry, Cleaning, Household","Laundry, Cleaning, Household",Dettol Anti-Bac Biodegradable Surface Wipes 126s,126pk,£0.05 each,6.65,,
Waitrose Kentish Town,"Laundry, Cleaning, Household","Laundry, Cleaning, Household",Dettol Anti-Bac Cleaning Spray 750ml,750ml,£4.03/L,3.02,3.55,15% off
Waitrose Kentish Town,"Laundry, Cleaning, Household","Laundry, Cleaning, Household",Domestos Original Thick Bleach 750ml,750ml,£2.47/L,1.85,,
Waitrose Kentish Town,"Laundry, Cleaning, Household","Laundry, Cleaning, Household",Domestos Power 5 Lime Toilet Rim Block 55g,55g,£39.09/kg,2.15,,
Waitrose Kentish Town,"Laundry, Cleaning, Household","Laundry, Cleaning, Household",Dr Beckmann Carpet Stain Remover 650ml,650ml,£6.34/L,4.12,4.85,15% off
Waitrose Kentish Town,"Laundry, Cleaning, Household","Laundry, Cleaning, Household",Dudao 30000mAh 65W PD Quick Charge USB-C / 2x USB-A Laptop Power Bank,,,59.99,,
Waitrose Kentish Town,"Laundry, Cleaning, Household","Laundry, Cleaning, Household",Duracell Lithium 2032 Batteries 2 per pack,2pk,£2.95 each,5.90,,
Waitrose Kentish Town,"Laundry, Cleaning, Household","Laundry, Cleaning, Household",Duracell Plus 9V Batteries x2,2pk,£5.00 each,10.00,,
Waitrose Kentish Town,"Laundry, Cleaning, Household","Laundry, Cleaning, Household",Duracell Plus AA Batteries 8 Pack,,,9.50,,
Waitrose Kentish Town,"Laundry, Cleaning, Household","Laundry, Cleaning, Household",Duracell Plus AA Batteries x4,4pk,£0.76 each,3.05,,
Waitrose Kentish Town,"Laundry, Cleaning, Household","Laundry, Cleaning, Household",Duracell Plus AAA Batteries 8 Pack,8pk,£0.73 each,5.85,,
Waitrose Kentish Town,"Laundry, Cleaning, Household","Laundry, Cleaning, Household",Duracell Plus Batteries AAA MN 2400 4 per pack,4pk,£0.81 each,3.25,,
Waitrose Kentish Town,"Laundry, Cleaning, Household","Laundry, Cleaning, Household",Duracell Plus C Batteries 4 Pack,4pk,£2.64 each,10.55,,
Waitrose Kentish Town,"Laundry, Cleaning, Household","Laundry, Cleaning, Household",Duracell Plus D Batteries Alkaline 4 Pack,4pk,£2.64 each,10.55,,
Waitrose Kentish Town,"Laundry, Cleaning, Household","Laundry, Cleaning, Household",Ecover Dishwasher Tablets Classic 25s,25pk,£0.32 each,8.05,,
Waitrose Kentish Town,"Laundry, Cleaning, Household","Laundry, Cleaning, Household",Ecover Lemon & Aloe Vera Washing Up Liquid 950ml,950ml,£4.34/L,4.12,4.85,15% off
Waitrose Kentish Town,"Laundry, Cleaning, Household","Laundry, Cleaning, Household",Ecover Non Bio Detergent 42 washes 1.5litre,1.5L,£7.00/L,10.50,,
Waitrose Kentish Town,"Laundry, Cleaning, Household","Laundry, Cleaning, Household",Ecover Washing-up Liquid Camomile & Clementine 950ml,950ml,£4.34/L,4.12,4.85,15% off
Waitrose Kentish Town,"Laundry, Cleaning, Household","Laundry, Cleaning, Household",Energizer CR2032 3V Lithium Coin Cell Battery - Pack of 2,2pk,£1.50 each,2.99,,
Waitrose Kentish Town,"Laundry, Cleaning, Household","Laundry, Cleaning, Household",Essential Ivory Pillar Candles 4 pack,,,3.00,,
Waitrose Kentish Town,"Laundry, Cleaning, Household","Laundry, Cleaning, Household",Fairy Max Power Original Washing Up Liquid 730ml,730ml,£5.25/L,3.83,4.50,15% off
Waitrose Kentish Town,"Laundry, Cleaning, Household","Laundry, Cleaning, Household",Fairy Non Bio Laundry Pods 22 per pack,22pk,£0.28 each,6.16,7.25,15% off
Waitrose Kentish Town,"Laundry, Cleaning, Household","Laundry, Cleaning, Household",Fairy Non Bio Washing Capsules 33s,34pk,£0.30 each,10.15,,
Waitrose Kentish Town,"Laundry, Cleaning, Household","Laundry, Cleaning, Household",Fairy Original Green Washing Up Liquid 320ml,320ml,£3.84/L,1.23,1.45,15% off
Waitrose Kentish Town,"Laundry, Cleaning, Household","Laundry, Cleaning, Household",Fairy Platinum Lemon Washing Up Liquid 520ml,520ml,£6.35/L,3.30,,
Waitrose Kentish Town,"Laundry, Cleaning, Household","Laundry, Cleaning, Household",Fairy Platinum Plus Deep Clean Dishwasher Tablets 36s,36pk,£0.39 each,13.95,,
Waitrose Kentish Town,"Laundry, Cleaning, Household","Laundry, Cleaning, Household",Fairy Platinum Washing Capsules 52s,44pk,£0.42 each,18.40,,
Waitrose Kentish Town,"Laundry, Cleaning, Household","Laundry, Cleaning, Household",Fairy Quick Wash Original Washing Up Liquid 520ml,520ml,£6.35/L,3.30,,
Waitrose Kentish Town,"Laundry, Cleaning, Household","Laundry, Cleaning, Household",Febreze Air Freshener Spray Blossom 185ml,185ml,£20.81/L,3.85,,
Waitrose Kentish Town,"Laundry, Cleaning, Household","Laundry, Cleaning, Household",Febreze Cotton Fresh Bathroom Air Freshener 75ml,75ml,£50.00/L,3.75,,
Waitrose Kentish Town,"Laundry, Cleaning, Household","Laundry, Cleaning, Household",Febreze Cotton Fresh Spray 375ml,375ml,£9.33/L,3.50,,
Waitrose Kentish Town,"Laundry, Cleaning, Household","Laundry, Cleaning, Household",Finish Dishwasher Cleaner Twin Pack 2x250ml,500ml,£19.40/L,9.70,,
Waitrose Kentish Town,"Laundry, Cleaning, Household","Laundry, Cleaning, Household",Finish Dishwasher Rinse Aid 400ml,400ml,£11.90/L,4.76,5.60,15% off
Waitrose Kentish Town,"Laundry, Cleaning, Household","Laundry, Cleaning, Household",Finish Ultimate Lemon Dishwasher Tablets 55s,55pk,£0.17 each,9.35,13.35,30% off
Waitrose Kentish Town,"Laundry, Cleaning, Household","Laundry, Cleaning, Household",Finish Ultimate Plus Lemon Dishwasher Tablets 48s,48pk,£0.38 each,18.15,,
Waitrose Kentish Town,"Laundry, Cleaning, Household","Laundry, Cleaning, Household",Flash Bathroom Spray 800ml,800ml,£3.60/L,2.88,3.60,20% off
Waitrose Kentish Town,"Laundry, Cleaning, Household","Laundry, Cleaning, Household",Flash Cleaning Antibac Bathroom Spray 800ml,800ml,£4.63/L,3.70,,
Waitrose Kentish Town,"Laundry, Cleaning, Household","Laundry, Cleaning, Household",Flash Multi Purpose Bleach Cleaning Spray 800ml,800ml,£4.63/L,3.70,,
Waitrose Kentish Town,"Laundry, Cleaning, Household","Laundry, Cleaning, Household",Fujifilm Instax Mini 12 Instant Camera - Clay White,,,79.99,,
Waitrose Kentish Town,"Laundry, Cleaning, Household","Laundry, Cleaning, Household",Fujifilm Instax Mini Heart Sketch Photo Film 10 pack,,,11.99,,
Waitrose Kentish Town,"Laundry, Cleaning, Household","Laundry, Cleaning, Household",Fujifilm Instax Mini Instant Photo Film Monochrome 10 pack,,,11.99,,
Waitrose Kentish Town,"Laundry, Cleaning, Household","Laundry, Cleaning, Household",Fujifilm Instax Mini Instant Photo Film White 20 pack,,,17.99,,
Waitrose Kentish Town,"Laundry, Cleaning, Household","Laundry, Cleaning, Household",Fujifilm Instax Mini Soft Lavender Photo Film 10 pack,,,11.99,,
Waitrose Kentish Town,"Laundry, Cleaning, Household","Laundry, Cleaning, Household",Harpic Active Fresh Mountain Pine Toilet Cleaner 750ml,750ml,£2.27/L,1.70,,
Waitrose Kentish Town,"Laundry, Cleaning, Household","Laundry, Cleaning, Household",Harpic Toilet Limescale Remover Original 750ml,750ml,£2.77/L,2.08,2.60,20% off
Waitrose Kentish Town,"Laundry, Cleaning, Household","Laundry, Cleaning, Household",John Lewis Can Opener 1ea,,,3.25,,
Waitrose Kentish Town,"Laundry, Cleaning, Household","Laundry, Cleaning, Household",John Lewis Coastal Breeze Scented Candle 200g,,,2.40,,
Waitrose Kentish Town,"Laundry, Cleaning, Household","Laundry, Cleaning, Household",John Lewis Lavender Eucalyptus Scented Candle 1ea,,,4.20,,
Waitrose Kentish Town,"Laundry, Cleaning, Household","Laundry, Cleaning, Household",John Lewis Soft Touch Y-Shaped Peeler 1ea,,,6.60,,
Waitrose Kentish Town,"Laundry, Cleaning, Household","Laundry, Cleaning, Household",John Lewis White Napkins 20 per pack,20pk,£0.04 each,0.85,,
Waitrose Kentish Town,"Laundry, Cleaning, Household","Laundry, Cleaning, Household",Kleenex Balsam Tissues Mega Box 112 sheets,112pk,£0.04 each,4.50,,
Waitrose Kentish Town,"Laundry, Cleaning, Household","Laundry, Cleaning, Household",Kleenex Ultra Soft Tissues Mega Box 112 sheets,112pk,£0.04 each,4.50,,
Waitrose Kentish Town,"Laundry, Cleaning, Household","Laundry, Cleaning, Household",Kodak Charmera Keychain Digital Camera 1ea,,,35.00,,
Waitrose Kentish Town,"Laundry, Cleaning, Household","Laundry, Cleaning, Household",Korbond 50 Safety Pins,,,1.30,,
Waitrose Kentish Town,"Laundry, Cleaning, Household","Laundry, Cleaning, Household",Korbond Threaded Needles x6,,,1.40,,
Waitrose Kentish Town,"Laundry, Cleaning, Household","Laundry, Cleaning, Household",Lenor Outdoor Summer Breeze Fabric Conditioner   770ml,770ml,£6.09/L,4.69,6.70,30% off
Waitrose Kentish Town,"Laundry, Cleaning, Household","Laundry, Cleaning, Household",Lenor Unstoppables Laundry Fresh In-Wash Scent Booster 176g,176g,£25.85/kg,4.55,,
Waitrose Kentish Town,"Laundry, Cleaning, Household","Laundry, Cleaning, Household",Lightning Connector to 3.5mm Female Jack Headphone Adapter - 5cm,,,7.99,,
Waitrose Kentish Town,"Laundry, Cleaning, Household","Laundry, Cleaning, Household","Lightning Connector to USB-C 27W High Speed Cable - Braided, 3m",,,8.99,,
Waitrose Kentish Town,"Laundry, Cleaning, Household","Laundry, Cleaning, Household",Loctite Precision Super Glue 5G,5g,£770.00/kg,3.85,,
Waitrose Kentish Town,"Laundry, Cleaning, Household","Laundry, Cleaning, Household","Maplin 10,000mAh Power Bank with Integrated Cables 1ea",,,22.99,,
Waitrose Kentish Town,"Laundry, Cleaning, Household","Laundry, Cleaning, Household","Maplin 10x AA & 10x AAA Extra Long Life Batteries, 20pcs",,,7.99,,
Waitrose Kentish Town,"Laundry, Cleaning, Household","Laundry, Cleaning, Household","Maplin 12x AA & 6x AAA Extra Long Life Batteries, 18pcs",18pk,£0.42 each,7.49,,
Waitrose Kentish Town,"Laundry, Cleaning, Household","Laundry, Cleaning, Household",Maplin 65W 2 Port USB Wall Charger 1x USB-A 1x USB-C GaN PD,,,24.99,,
Waitrose Kentish Town,"Laundry, Cleaning, Household","Laundry, Cleaning, Household",Maplin Lightning Connector to USB-A Cable 3m White,,,8.99,,
Waitrose Kentish Town,"Laundry, Cleaning, Household","Laundry, Cleaning, Household",Maplin RF Male to RF Female TV Aerial Coaxial Cable - Black - 2m,,,4.99,,
Waitrose Kentish Town,"Laundry, Cleaning, Household","Laundry, Cleaning, Household",Maplin USB-C to USB-A Cable Braided 3m,,,7.99,,
Waitrose Kentish Town,"Laundry, Cleaning, Household","Laundry, Cleaning, Household","Maplin USB-C to USB-C 60W Braided Cable - Black, 3m",,,8.99,,
Waitrose Kentish Town,"Laundry, Cleaning, Household","Laundry, Cleaning, Household",Maplin Wired Earbuds Hands Free Calling White USB-C 1ea,,,9.99,,
Waitrose Kentish Town,"Laundry, Cleaning, Household","Laundry, Cleaning, Household",Maplin Worldwide Travel Adapter with USB Charging & Carry Case,,,22.99,,
Waitrose Kentish Town,"Laundry, Cleaning, Household","Laundry, Cleaning, Household",Marigold Xtra Life Kitchen Gloves Medium 1 pair,,,3.19,3.75,15% off
Waitrose Kentish Town,"Laundry, Cleaning, Household","Laundry, Cleaning, Household",Method Anti-Bac Cleaner Rhubarb 828ml,828ml,£3.99/L,3.30,4.40,25% off
Waitrose Kentish Town,"Laundry, Cleaning, Household","Laundry, Cleaning, Household",Mr Muscle Power Gel Sink & Drain 500ml,500ml,£7.72/L,3.86,5.15,25% off
Waitrose Kentish Town,"Laundry, Cleaning, Household","Laundry, Cleaning, Household",Napisan Non Bio Laundry Stain Remover 800g,800g,£10.50/kg,8.40,,
Waitrose Kentish Town,"Laundry, Cleaning, Household","Laundry, Cleaning, Household",Nikkai USB-C to 4 Port USB-A Hub 13cm,,,9.99,,
Waitrose Kentish Town,"Laundry, Cleaning, Household","Laundry, Cleaning, Household",Nikkai USB-C to Ethernet Gigabit Adapter 0.15m,,,9.99,,
Waitrose Kentish Town,"Laundry, Cleaning, Household","Laundry, Cleaning, Household",Oven Pride Deep Cleaner 500ml,500ml,£11.00/L,5.50,,
Waitrose Kentish Town,"Laundry, Cleaning, Household","Laundry, Cleaning, Household",Oxycool 10cm Handheld Fan USB-C Rechargeable 3 Speed inc Desk Stand,,,9.99,,
Waitrose Kentish Town,"Laundry, Cleaning, Household","Laundry, Cleaning, Household",PRAKTICA Disposable Camera Black & White Film 1ea,,,14.99,,
Waitrose Kentish Town,"Laundry, Cleaning, Household","Laundry, Cleaning, Household",PRAKTICA Luxmedia 35mm Disposable Film Camera 1ea,,,19.99,,
Waitrose Kentish Town,"Laundry, Cleaning, Household","Laundry, Cleaning, Household",Persil 3 In 1 Non Bio Laundry Washing Capsules 48W,,,11.45,,
Waitrose Kentish Town,"Laundry, Cleaning, Household","Laundry, Cleaning, Household",Persil Liquid 35W Nonbio 945ml,945ml,£8.73/L,8.25,,
Waitrose Kentish Town,"Laundry, Cleaning, Household","Laundry, Cleaning, Household",Pledge Clean It Jasmine Multi-Surface 250ml,250ml,£8.80/L,2.20,2.75,20% off
Waitrose Kentish Town,"Laundry, Cleaning, Household","Laundry, Cleaning, Household",Plenty Max Kitchen Roll 2 x 70 Sheets,2pk,£2.83 each,5.65,,
Waitrose Kentish Town,"Laundry, Cleaning, Household","Laundry, Cleaning, Household",Plenty Original Kitchen Roll 2s,2pk,£3.00 each,6.00,,
Waitrose Kentish Town,"Laundry, Cleaning, Household","Laundry, Cleaning, Household",Regina Blitz 3 Ply Kitchen Roll 100sheets,100pk,£0.04 each,4.20,,
Waitrose Kentish Town,"Laundry, Cleaning, Household","Laundry, Cleaning, Household",Sani Hands Anti-Bacterial Hand Wipes 12 per pack,12pk,£0.13 each,1.60,,
Waitrose Kentish Town,"Laundry, Cleaning, Household","Laundry, Cleaning, Household",Sellotape Original Golden 50m,,,2.10,,
Waitrose Kentish Town,"Laundry, Cleaning, Household","Laundry, Cleaning, Household",Simple Biodegradable Face Wipes 25s,25pk,£0.16 each,4.00,,
Waitrose Kentish Town,"Laundry, Cleaning, Household","Laundry, Cleaning, Household",Spontex Washups Sponge Scourers 4 pack,4pk,£0.41 each,1.65,,
Waitrose Kentish Town,"Laundry, Cleaning, Household","Laundry, Cleaning, Household",Staedtler Noris HB Pencils 5 pack,,,3.30,,
Waitrose Kentish Town,"Laundry, Cleaning, Household","Laundry, Cleaning, Household",Staedtler Textsurfer Highlighter Pens 4 pack,,,2.97,3.30,10% off
Waitrose Kentish Town,"Laundry, Cleaning, Household","Laundry, Cleaning, Household",Terry Check Tea Towel Blue 1ea,,,1.85,,
Waitrose Kentish Town,"Laundry, Cleaning, Household","Laundry, Cleaning, Household",The Cheeky Panda Biodegradable Bamboo Handy Wipes x12 50g,50g,£38.00/kg,1.90,,
Waitrose Kentish Town,"Laundry, Cleaning, Household","Laundry, Cleaning, Household",Vanish Gold Carpet Care Spray 500ml,500ml,£14.40/L,7.20,,
Waitrose Kentish Town,"Laundry, Cleaning, Household","Laundry, Cleaning, Household",Vanish Gold Laundry Stain Remover Colours Powder 450g,470g,£10.85/kg,5.10,,
Waitrose Kentish Town,"Laundry, Cleaning, Household","Laundry, Cleaning, Household",Vanish Gold PowerGel Laundry Stain Remover 200ml,200ml,£28.90/L,5.78,8.25,30% off
Waitrose Kentish Town,"Laundry, Cleaning, Household","Laundry, Cleaning, Household",Vanish Oxi Action Whitening Booster Laundry Powder 850g,850g,£11.00/kg,9.35,,
Waitrose Kentish Town,"Laundry, Cleaning, Household","Laundry, Cleaning, Household",Vanish Oxi Spray 500ml,500ml,£16.00/L,8.00,,
Waitrose Kentish Town,"Laundry, Cleaning, Household","Laundry, Cleaning, Household",Viakal Limescale Remover Disinfectant Spray 500ml,500ml,£8.80/L,4.40,,
Waitrose Kentish Town,"Laundry, Cleaning, Household","Laundry, Cleaning, Household",Waitrose 20 x 75L Tie Handle Refuse Sacks,1500L,0.22p/L,3.30,,
Waitrose Kentish Town,"Laundry, Cleaning, Household","Laundry, Cleaning, Household",Waitrose 30 Extra Strong 30L Tall Kitchen Bin Liners,30L,£0.16/L,4.90,,
Waitrose Kentish Town,"Laundry, Cleaning, Household","Laundry, Cleaning, Household",Waitrose ECO Strong White Kitchen Roll 2 per pack,2pk,£1.48 each,2.95,,
Waitrose Kentish Town,"Laundry, Cleaning, Household","Laundry, Cleaning, Household",Waitrose Essential All Purpose Cloths 10 per pack,10pk,£0.14 each,1.40,,
Waitrose Kentish Town,"Laundry, Cleaning, Household","Laundry, Cleaning, Household",Waitrose Essential Aluminium Foil 20m x 300mm,,,4.25,,
Waitrose Kentish Town,"Laundry, Cleaning, Household","Laundry, Cleaning, Household",Waitrose Essential Antibacterial Floor Wipes 15s,,,1.40,,
Waitrose Kentish Town,"Laundry, Cleaning, Household","Laundry, Cleaning, Household",Waitrose Essential Citrus Thick Bleach 750ml,750ml,£1.33/L,1.00,,
Waitrose Kentish Town,"Laundry, Cleaning, Household","Laundry, Cleaning, Household",Waitrose Essential Extra Length Kitchen Rolls 2 per pack,2pk,£1.45 each,2.90,,
Waitrose Kentish Town,"Laundry, Cleaning, Household","Laundry, Cleaning, Household",Waitrose Essential Large Soft Tissues 100 Sheets,100pk,£0.02 each,2.30,,
Waitrose Kentish Town,"Laundry, Cleaning, Household","Laundry, Cleaning, Household",Waitrose Essential Medium Tie Handle Bags 40s,40pk,£0.06 each,2.45,,
Waitrose Kentish Town,"Laundry, Cleaning, Household","Laundry, Cleaning, Household",Waitrose Essential Original Thick Bleach 750ml,750ml,£1.27/L,0.95,,
Waitrose Kentish Town,"Laundry, Cleaning, Household","Laundry, Cleaning, Household",Waitrose Essential Pedal Bin Bag Liners 25L 30 per pack,25L,£0.10/L,2.60,,
Waitrose Kentish Town,"Laundry, Cleaning, Household","Laundry, Cleaning, Household",Waitrose Essential Soft White Tissues 96 per pack,96pk,£0.02 each,1.55,,
Waitrose Kentish Town,"Laundry, Cleaning, Household","Laundry, Cleaning, Household",Waitrose Essential White Toilet Tissue x4,4pk,£0.58 each,2.30,,
Waitrose Kentish Town,"Laundry, Cleaning, Household","Laundry, Cleaning, Household",Waitrose Essential White Ultra Soft Toilet Paper Roll 9 x 240 Sheets,240pk,£0.02 each,4.25,,
Waitrose Kentish Town,"Laundry, Cleaning, Household","Laundry, Cleaning, Household",Waitrose Extra Soft White Tissues 56 sheets,56pk,£0.03 each,1.40,,
Waitrose Kentish Town,"Laundry, Cleaning, Household","Laundry, Cleaning, Household",Waitrose Green Compostable Caddy Liners 20x12L,12L,£0.23/L,2.70,,
Waitrose Kentish Town,"Laundry, Cleaning, Household","Laundry, Cleaning, Household",Waitrose Home Paper Straws 50 per pack,50pk,£0.02 each,1.20,,
Waitrose Kentish Town,"Laundry, Cleaning, Household","Laundry, Cleaning, Household",Waitrose Home Silicone Spatula 1ea,,,5.50,,
Waitrose Kentish Town,"Laundry, Cleaning, Household","Laundry, Cleaning, Household",Waitrose Home Stainless Steel Whisk 1ea,,,6.60,,
Waitrose Kentish Town,"Laundry, Cleaning, Household","Laundry, Cleaning, Household",Waitrose Large Tie Handle Refuse Sacks 15x100L,100L,£0.05/L,4.85,,
Waitrose Kentish Town,"Laundry, Cleaning, Household","Laundry, Cleaning, Household",Waitrose Ultra Soft Pocket Tissues 10x10 Sheets,10pk,£0.17 each,1.65,,
Waitrose Kentish Town,"Laundry, Cleaning, Household","Laundry, Cleaning, Household",Waitrose White Paper Plates 24 pack,24pk,£0.06 each,1.40,,
Waitrose Kentish Town,"Laundry, Cleaning, Household","Laundry, Cleaning, Household",Who Gives a Crap Classic Soft Recycled Toilet Roll 1ea,,,1.50,,
Waitrose Kentish Town,"Laundry, Cleaning, Household","Laundry, Cleaning, Household",Who Gives a Crap Extra Soft Bamboo Toilet Roll 1ea,,,1.50,,
Waitrose Kentish Town,"Laundry, Cleaning, Household","Laundry, Cleaning, Household",Windolene Glass Cleaner Spray 750ml,750ml,£5.00/L,3.75,,
Waitrose Kentish Town,"Laundry, Cleaning, Household","Laundry, Cleaning, Household",Zebra Z-Grip Black Ballpoint Pens x3,,,1.32,1.55,15% off
Waitrose Kentish Town,"Laundry, Cleaning, Household","Laundry, Cleaning, Household",Zero Waste Bag (Minimum value £10),,,5.00,,
Waitrose Kentish Town,"Laundry, Cleaning, Household","Laundry, Cleaning, Household","iPhone Lightning to USB-C Fast Charge Cable Silver, 1m",,,9.99,,
Waitrose Kentish Town,"Laundry, Cleaning, Household",Offers,Bloo Power Active Fresh Flowers Toilet Rim Block Duo 2 x 50g,100g,£28.00/kg,2.80,3.50,20% off
Waitrose Kentish Town,"Laundry, Cleaning, Household",Offers,Cif Power & Shine Bathroom Cleaner Spray 700ml,700ml,£4.29/L,3.00,3.75,20% off
Waitrose Kentish Town,"Laundry, Cleaning, Household",Offers,Comfort Pure Fresh & Mild Fabric Conditioner 58 Washes 870ml,870ml,£5.00/L,4.35,5.80,25% off
Waitrose Kentish Town,"Laundry, Cleaning, Household",Offers,Dettol Anti-Bac Cleaning Spray 750ml,750ml,£4.03/L,3.02,3.55,15% off
Waitrose Kentish Town,"Laundry, Cleaning, Household",Offers,Dr Beckmann Carpet Stain Remover 650ml,650ml,£6.34/L,4.12,4.85,15% off
Waitrose Kentish Town,"Laundry, Cleaning, Household",Offers,Ecover Lemon & Aloe Vera Washing Up Liquid 950ml,950ml,£4.34/L,4.12,4.85,15% off
Waitrose Kentish Town,"Laundry, Cleaning, Household",Offers,Ecover Washing-up Liquid Camomile & Clementine 950ml,950ml,£4.34/L,4.12,4.85,15% off
Waitrose Kentish Town,"Laundry, Cleaning, Household",Offers,Fairy Max Power Original Washing Up Liquid 730ml,730ml,£5.25/L,3.83,4.50,15% off
Waitrose Kentish Town,"Laundry, Cleaning, Household",Offers,Fairy Non Bio Laundry Pods 22 per pack,22pk,£0.28 each,6.16,7.25,15% off
Waitrose Kentish Town,"Laundry, Cleaning, Household",Offers,Fairy Original Green Washing Up Liquid 320ml,320ml,£3.84/L,1.23,1.45,15% off
Waitrose Kentish Town,"Laundry, Cleaning, Household",Offers,Finish Dishwasher Rinse Aid 400ml,400ml,£11.90/L,4.76,5.60,15% off
Waitrose Kentish Town,"Laundry, Cleaning, Household",Offers,Finish Ultimate Lemon Dishwasher Tablets 55s,55pk,£0.17 each,9.35,13.35,30% off
Waitrose Kentish Town,"Laundry, Cleaning, Household",Offers,Flash Bathroom Spray 800ml,800ml,£3.60/L,2.88,3.60,20% off
Waitrose Kentish Town,"Laundry, Cleaning, Household",Offers,Harpic Toilet Limescale Remover Original 750ml,750ml,£2.77/L,2.08,2.60,20% off
Waitrose Kentish Town,"Laundry, Cleaning, Household",Offers,Lenor Outdoor Summer Breeze Fabric Conditioner   770ml,770ml,£6.09/L,4.69,6.70,30% off
Waitrose Kentish Town,"Laundry, Cleaning, Household",Offers,Marigold Xtra Life Kitchen Gloves Medium 1 pair,,,3.19,3.75,15% off
Waitrose Kentish Town,"Laundry, Cleaning, Household",Offers,Method Anti-Bac Cleaner Rhubarb 828ml,828ml,£3.99/L,3.30,4.40,25% off
Waitrose Kentish Town,"Laundry, Cleaning, Household",Offers,Mr Muscle Power Gel Sink & Drain 500ml,500ml,£7.72/L,3.86,5.15,25% off
Waitrose Kentish Town,"Laundry, Cleaning, Household",Offers,Pledge Clean It Jasmine Multi-Surface 250ml,250ml,£8.80/L,2.20,2.75,20% off
Waitrose Kentish Town,"Laundry, Cleaning, Household",Offers,Staedtler Textsurfer Highlighter Pens 4 pack,,,2.97,3.30,10% off
Waitrose Kentish Town,"Laundry, Cleaning, Household",Offers,Vanish Gold PowerGel Laundry Stain Remover 200ml,200ml,£28.90/L,5.78,8.25,30% off
Waitrose Kentish Town,"Laundry, Cleaning, Household",Offers,Zebra Z-Grip Black Ballpoint Pens x3,,,1.32,1.55,15% off
Waitrose Kentish Town,"Laundry, Cleaning, Household","Save It, Don't Waste It ♲",Zero Waste Bag (Minimum value £10),,,5.00,,
Waitrose Kentish Town,"Laundry, Cleaning, Household",Tissues & Wipes,Bamboo Balsam Facial Tissues 64 Sheets,64pk,£0.03 each,2.05,,
Waitrose Kentish Town,"Laundry, Cleaning, Household",Tissues & Wipes,Kleenex Balsam Tissues Mega Box 112 sheets,112pk,£0.04 each,4.50,,
Waitrose Kentish Town,"Laundry, Cleaning, Household",Tissues & Wipes,Kleenex Ultra Soft Tissues Mega Box 112 sheets,112pk,£0.04 each,4.50,,
Waitrose Kentish Town,"Laundry, Cleaning, Household",Tissues & Wipes,Sani Hands Anti-Bacterial Hand Wipes 12 per pack,12pk,£0.13 each,1.60,,
Waitrose Kentish Town,"Laundry, Cleaning, Household",Tissues & Wipes,Simple Biodegradable Face Wipes 25s,25pk,£0.16 each,4.00,,
Waitrose Kentish Town,"Laundry, Cleaning, Household",Tissues & Wipes,The Cheeky Panda Biodegradable Bamboo Handy Wipes x12 50g,50g,£38.00/kg,1.90,,
Waitrose Kentish Town,"Laundry, Cleaning, Household",Tissues & Wipes,Waitrose Essential Large Soft Tissues 100 Sheets,100pk,£0.02 each,2.30,,
Waitrose Kentish Town,"Laundry, Cleaning, Household",Tissues & Wipes,Waitrose Essential Soft White Tissues 96 per pack,96pk,£0.02 each,1.55,,
Waitrose Kentish Town,"Laundry, Cleaning, Household",Tissues & Wipes,Waitrose Extra Soft White Tissues 56 sheets,56pk,£0.03 each,1.40,,
Waitrose Kentish Town,"Laundry, Cleaning, Household",Tissues & Wipes,Waitrose Ultra Soft Pocket Tissues 10x10 Sheets,10pk,£0.17 each,1.65,,
Waitrose Kentish Town,"Laundry, Cleaning, Household",Toilet Roll,Andrex Classic Clean Washlets 36 Sheets,36pk,£0.05 each,1.75,,
Waitrose Kentish Town,"Laundry, Cleaning, Household",Toilet Roll,Andrex Supreme Quilts Toilet Paper 4 Rolls,4pk,£0.88 each,3.50,,
Waitrose Kentish Town,"Laundry, Cleaning, Household",Toilet Roll,Cheeky Panda Toilet Tissue 9x190 Sheets,9pk,£0.63 each,5.65,,
Waitrose Kentish Town,"Laundry, Cleaning, Household",Toilet Roll,Classic Soft Mega Toilet Rolls 6 Pack 6x270 Sheets,6pk,£1.19 each,7.15,,
Waitrose Kentish Town,"Laundry, Cleaning, Household",Toilet Roll,Waitrose Essential White Toilet Tissue x4,4pk,£0.58 each,2.30,,
Waitrose Kentish Town,"Laundry, Cleaning, Household",Toilet Roll,Waitrose Essential White Ultra Soft Toilet Paper Roll 9 x 240 Sheets,240pk,£0.02 each,4.25,,
Waitrose Kentish Town,"Laundry, Cleaning, Household",Toilet Roll,Who Gives a Crap Classic Soft Recycled Toilet Roll 1ea,,,1.50,,
Waitrose Kentish Town,"Laundry, Cleaning, Household",Toilet Roll,Who Gives a Crap Extra Soft Bamboo Toilet Roll 1ea,,,1.50,,
Waitrose Kentish Town,Meat Alternatives,Chilled Meat Alternatives,Beyond Meat Burger 226g,226g,£24.78/kg,5.60,,
Waitrose Kentish Town,Meat Alternatives,Chilled Meat Alternatives,This Isn't Chicken Plant Based Pieces 170g,170g,£20.94/kg,3.56,4.45,20% off
Waitrose Kentish Town,Meat Alternatives,Frozen Meat Alternatives,Linda McCartney's Vegetarian Mozzarella Burgers 2x113.5g,227g,£12.11/kg,2.75,,
Waitrose Kentish Town,Meat Alternatives,Frozen Meat Alternatives,Moving Mountains Plant Based Quarter Pounder Burgers 2x,2pk,£1.88 each,3.75,,
Waitrose Kentish Town,Meat Alternatives,Frozen Meat Alternatives,Quorn Vegetarian Crispy Nuggets 300g,300g,£10.50/kg,3.15,,
Waitrose Kentish Town,Meat Alternatives,Frozen Meat Alternatives,Quorn Vegetarian Mince 300g,300g,£8.93/kg,2.68,3.15,15% off
Waitrose Kentish Town,Meat Alternatives,Meat Alternatives,Beyond Meat Burger 226g,226g,£24.78/kg,5.60,,
Waitrose Kentish Town,Meat Alternatives,Meat Alternatives,Clearspring Tofu 300g,300g,£6.50/kg,1.95,,
Waitrose Kentish Town,Meat Alternatives,Meat Alternatives,Linda McCartney's Vegetarian Mozzarella Burgers 2x113.5g,227g,£12.11/kg,2.75,,
Waitrose Kentish Town,Meat Alternatives,Meat Alternatives,Moving Mountains Plant Based Quarter Pounder Burgers 2x,2pk,£1.88 each,3.75,,
Waitrose Kentish Town,Meat Alternatives,Meat Alternatives,Quorn Vegetarian Crispy Nuggets 300g,300g,£10.50/kg,3.15,,
Waitrose Kentish Town,Meat Alternatives,Meat Alternatives,Quorn Vegetarian Mince 300g,300g,£8.93/kg,2.68,3.15,15% off
Waitrose Kentish Town,Meat Alternatives,Meat Alternatives,The Tofoo Co. Naked Tofu 280g,280g,£9.29/kg,2.60,,
Waitrose Kentish Town,Meat Alternatives,Meat Alternatives,This Isn't Chicken Plant Based Pieces 170g,170g,£20.94/kg,3.56,4.45,20% off
Waitrose Kentish Town,Meat Alternatives,Meat Alternatives,Tiba Tempeh Organic Sweet Chilli Pieces 200g,200g,£16.00/kg,3.20,,
Waitrose Kentish Town,Meat Alternatives,Offers,Quorn Vegetarian Mince 300g,300g,£8.93/kg,2.68,3.15,15% off
Waitrose Kentish Town,Meat Alternatives,Offers,This Isn't Chicken Plant Based Pieces 170g,170g,£20.94/kg,3.56,4.45,20% off
Waitrose Kentish Town,Meat Alternatives,Tofu,Clearspring Tofu 300g,300g,£6.50/kg,1.95,,
Waitrose Kentish Town,Meat Alternatives,Tofu,The Tofoo Co. Naked Tofu 280g,280g,£9.29/kg,2.60,,
Waitrose Kentish Town,Meat Alternatives,Tofu,Tiba Tempeh Organic Sweet Chilli Pieces 200g,200g,£16.00/kg,3.20,,
Waitrose Kentish Town,"Meat, Poultry, Fish",Bacon,Waitrose Cooks Ingredients Unsmoked Pancetta 130g,130g,£24.62/kg,3.20,,
Waitrose Kentish Town,"Meat, Poultry, Fish",Bacon,Waitrose Cooks' Beechwood Smoked Diced Pancetta 2x77g,154g,£19.48/kg,3.00,,
Waitrose Kentish Town,"Meat, Poultry, Fish",Bacon,Waitrose Dry Cured 8 Unsmoked Back Bacon Rashers 250g,250g,£18.00/kg,4.50,,
Waitrose Kentish Town,"Meat, Poultry, Fish",Bacon,Waitrose Dry Cured Smoked Back Bacon 8 Rashers 250g,250g,£16.60/kg,4.15,,
Waitrose Kentish Town,"Meat, Poultry, Fish","Beef, Lamb & Veal",Easy to Cook Middle Eastern Inspired Spiced Beef Koftas 450g,450g,£13.44/kg,6.05,,
Waitrose Kentish Town,"Meat, Poultry, Fish","Beef, Lamb & Veal",Waitrose BBQ Lamb Kebabs 400g,,,6.05,,
Waitrose Kentish Town,"Meat, Poultry, Fish","Beef, Lamb & Veal",Waitrose British Beef Stir Fry Strips 250g,250g,£22.80/kg,5.70,,
Waitrose Kentish Town,"Meat, Poultry, Fish","Beef, Lamb & Veal",Waitrose British Native Breed Beef Rump Steak 200g,,,6.55,,
Waitrose Kentish Town,"Meat, Poultry, Fish","Beef, Lamb & Veal",Waitrose Duchy Organic British Beef Meatballs 300g,300g,£18.00/kg,5.40,,
Waitrose Kentish Town,"Meat, Poultry, Fish","Beef, Lamb & Veal",Waitrose Duchy Organic British Beef Mince 12% Fat 500g,500g,£13.76/kg,6.88,8.60,20% off
Waitrose Kentish Town,"Meat, Poultry, Fish","Beef, Lamb & Veal",Waitrose Essential British Beef Mince 20% Fat 500g,500g,£8.20/kg,4.10,,
Waitrose Kentish Town,"Meat, Poultry, Fish","Beef, Lamb & Veal",Waitrose Essential British Beef Rump Steak 230g,230g,£26.96/kg,6.20,,
Waitrose Kentish Town,"Meat, Poultry, Fish",Breaded Chicken,Waitrose Buttermilk Chicken Mini Fillets 305g,305g,£15.90/kg,4.85,,
Waitrose Kentish Town,"Meat, Poultry, Fish",Breaded Chicken,Waitrose Chicken Kievs 2 per pack,2pk,£2.83 each,5.65,,
Waitrose Kentish Town,"Meat, Poultry, Fish",Breaded Chicken,Waitrose Chicken Souvlaki Sizzlers 320g,,,6.05,,
Waitrose Kentish Town,"Meat, Poultry, Fish",Breaded Chicken,Waitrose Essential Breaded Chicken Breast Steak 380g,380g,£8.55/kg,3.25,,
Waitrose Kentish Town,"Meat, Poultry, Fish",Breaded Chicken,Waitrose Frozen Chicken Goujons 625g,625g,£8.88/kg,5.55,,
Waitrose Kentish Town,"Meat, Poultry, Fish",Breaded Chicken,Waitrose No.1 Parmigiano Reggiano & Truffle Chicken Kiev 530g (serves 2),530g,£20.38/kg,10.80,,
Waitrose Kentish Town,"Meat, Poultry, Fish",Breaded Chicken,Waitrose Popcorn Chicken & Sauce Pot 200g,200g,£18.25/kg,3.65,,
Waitrose Kentish Town,"Meat, Poultry, Fish",Breaded Chicken,Waitrose Southern Fried Chicken Mini Fillets 305g,305g,£13.54/kg,4.13,5.90,30% off
Waitrose Kentish Town,"Meat, Poultry, Fish",Breaded Fish & Seafood,Waitrose 2 Melt in the Middle Cod & Parsley Sauce Fishcakes,,,5.80,,
Waitrose Kentish Town,"Meat, Poultry, Fish",Breaded Fish & Seafood,Waitrose No.1 Bubbly Beer Battered Haddock 365g,365g,£19.73/kg,7.20,9.00,20% off
Waitrose Kentish Town,"Meat, Poultry, Fish",Burgers,Waitrose 4 British Native Breed Beef Quarterpounders 454g,,,8.40,,
Waitrose Kentish Town,"Meat, Poultry, Fish",Burgers,Waitrose Rump Steak Burgers 2s,2pk,£2.90 each,5.80,,
Waitrose Kentish Town,"Meat, Poultry, Fish",Burgers,Waitrose Summer 4 New York Style Beef Burgers 454g,454g,£13.00/kg,5.90,,
Waitrose Kentish Town,"Meat, Poultry, Fish",Chicken & Poultry,Easy to Cook Chorizo & Manchego Stuffed Chicken Breasts 455g,455g,£17.25/kg,7.85,,
Waitrose Kentish Town,"Meat, Poultry, Fish",Chicken & Poultry,"Easy to Cook Honey, Soy & Ginger Chicken Breasts 302g",302g,£18.87/kg,5.70,,
Waitrose Kentish Town,"Meat, Poultry, Fish",Chicken & Poultry,Essential Diced Chicken Breast418g,418g,£12.56/kg,5.25,,
Waitrose Kentish Town,"Meat, Poultry, Fish",Chicken & Poultry,Gressingham Half Aromatic Duck 540g,540g,£15.48/kg,8.36,10.45,20% off
Waitrose Kentish Town,"Meat, Poultry, Fish",Chicken & Poultry,Waitrose BBQ 4 Chicken Tikka Kebabs - 250g,250g,£23.60/kg,5.90,,
Waitrose Kentish Town,"Meat, Poultry, Fish",Chicken & Poultry,Waitrose Easy To Cook Chicken Asparagus & Prosciutto 346g,346g,£15.69/kg,5.43,7.75,30% off
Waitrose Kentish Town,"Meat, Poultry, Fish",Chicken & Poultry,"Waitrose Easy To Cook Ginger, Coriander & Lime Chicken Breasts 285g (serves 2)",285g,£21.05/kg,6.00,,
Waitrose Kentish Town,"Meat, Poultry, Fish",Chicken & Poultry,Waitrose Essential 8% Turkey Thigh Mince 500g,500g,£9.60/kg,4.80,,
Waitrose Kentish Town,"Meat, Poultry, Fish",Chicken & Poultry,Waitrose Essential British Chicken Mini Breast Fillets 400g,400g,£13.50/kg,5.40,,
Waitrose Kentish Town,"Meat, Poultry, Fish",Chicken & Poultry,Waitrose Essential British Chicken Thighs 1kg,1kg,£4.25/kg,4.25,,
Waitrose Kentish Town,"Meat, Poultry, Fish",Chicken & Poultry,Waitrose Essential British Medium Whole Chicken 1.5kg,1.5kg,£4.50/kg,6.75,,
Waitrose Kentish Town,"Meat, Poultry, Fish",Chicken & Poultry,Waitrose Essential Chicken Thigh Fillets 500g,,,9.80,,
Waitrose Kentish Town,"Meat, Poultry, Fish",Chicken & Poultry,Waitrose Gochujang Drumsticks,,,6.05,,
Waitrose Kentish Town,"Meat, Poultry, Fish",Chicken & Poultry,Waitrose Nashville Chicken Wings 400g,,,4.24,6.05,30% off
Waitrose Kentish Town,"Meat, Poultry, Fish",Chicken & Poultry,Waitrose Slower Reared British Chicken Breast Fillets 600g,600g,£10.33/kg,6.20,,
Waitrose Kentish Town,"Meat, Poultry, Fish",Chicken & Poultry,Waitrose Summer 4 Tikka Chicken Breast Kebabs 250g,250g,£22.00/kg,5.50,,
Waitrose Kentish Town,"Meat, Poultry, Fish",Discover our Duchy Organic Range 🥒,Waitrose Duchy Organic 2 Salmon Fish Fillets 265g,265g,£36.60/kg,9.70,,
Waitrose Kentish Town,"Meat, Poultry, Fish",Discover our Duchy Organic Range 🥒,Waitrose Duchy Organic British Beef Mince 12% Fat 500g,500g,£13.76/kg,6.88,8.60,20% off
Waitrose Kentish Town,"Meat, Poultry, Fish",Discover our Waitrose No.1 Range,Waitrose No.1 Pork Stuffing Balls 340g,340g,£13.82/kg,4.70,,
Waitrose Kentish Town,"Meat, Poultry, Fish",Fish,Waitrose 2 Sea Bass Fish Fillets 180g,180g,£43.33/kg,7.80,,
Waitrose Kentish Town,"Meat, Poultry, Fish",Fish,Waitrose BBQ 4 Teriyaki Salmon Kebabs - 230g,230g,£26.30/kg,6.05,,
Waitrose Kentish Town,"Meat, Poultry, Fish",Fish,Waitrose Duchy Organic 2 Salmon Fish Fillets 265g,265g,£36.60/kg,9.70,,
Waitrose Kentish Town,"Meat, Poultry, Fish",Fish,Waitrose Summer 4 Teriyaki Salmon Fish Kebabs 230g,230g,£23.91/kg,5.50,,
Waitrose Kentish Town,"Meat, Poultry, Fish","Meat, Fish & Poultry",Easy to Cook Chorizo & Manchego Stuffed Chicken Breasts 455g,455g,£17.25/kg,7.85,,
Waitrose Kentish Town,"Meat, Poultry, Fish","Meat, Fish & Poultry","Easy to Cook Honey, Soy & Ginger Chicken Breasts 302g",302g,£18.87/kg,5.70,,
Waitrose Kentish Town,"Meat, Poultry, Fish","Meat, Fish & Poultry",Easy to Cook Middle Eastern Inspired Spiced Beef Koftas 450g,450g,£13.44/kg,6.05,,
Waitrose Kentish Town,"Meat, Poultry, Fish","Meat, Fish & Poultry",Essential Diced Chicken Breast418g,418g,£12.56/kg,5.25,,
Waitrose Kentish Town,"Meat, Poultry, Fish","Meat, Fish & Poultry",Heck Chicken Italia Chipolatas Sausages 10,10pk,£0.40 each,4.00,,
Waitrose Kentish Town,"Meat, Poultry, Fish","Meat, Fish & Poultry",Waitrose 12 Pork & Herb Chipolatas 375g,375g,£11.73/kg,4.40,,
Waitrose Kentish Town,"Meat, Poultry, Fish","Meat, Fish & Poultry",Waitrose 2 Melt in the Middle Cod & Parsley Sauce Fishcakes,,,5.80,,
Waitrose Kentish Town,"Meat, Poultry, Fish","Meat, Fish & Poultry",Waitrose 2 Sea Bass Fish Fillets 180g,180g,£43.33/kg,7.80,,
Waitrose Kentish Town,"Meat, Poultry, Fish","Meat, Fish & Poultry",Waitrose 4 British Native Breed Beef Quarterpounders 454g,,,8.40,,
Waitrose Kentish Town,"Meat, Poultry, Fish","Meat, Fish & Poultry",Waitrose 6 Red Onion Pork Sausages 400g,400g,£5.50/kg,2.20,4.40,50% off
Waitrose Kentish Town,"Meat, Poultry, Fish","Meat, Fish & Poultry",Waitrose BBQ 4 Chicken Tikka Kebabs - 250g,250g,£23.60/kg,5.90,,
Waitrose Kentish Town,"Meat, Poultry, Fish","Meat, Fish & Poultry",Waitrose BBQ 4 Teriyaki Salmon Kebabs - 230g,230g,£26.30/kg,6.05,,
Waitrose Kentish Town,"Meat, Poultry, Fish","Meat, Fish & Poultry",Waitrose BBQ Lamb Kebabs 400g,,,6.05,,
Waitrose Kentish Town,"Meat, Poultry, Fish","Meat, Fish & Poultry",Waitrose BBQ Tomato & Mozzarella Pork Kebabs 300g,300g,£20.17/kg,6.05,,
Waitrose Kentish Town,"Meat, Poultry, Fish","Meat, Fish & Poultry",Waitrose British Beef Stir Fry Strips 250g,250g,£22.80/kg,5.70,,
Waitrose Kentish Town,"Meat, Poultry, Fish","Meat, Fish & Poultry",Waitrose British Native Breed Beef Rump Steak 200g,,,6.55,,
Waitrose Kentish Town,"Meat, Poultry, Fish","Meat, Fish & Poultry",Waitrose Chestnut Scottish Smoked Salmon 100g,100g,£65.00/kg,6.50,,
Waitrose Kentish Town,"Meat, Poultry, Fish","Meat, Fish & Poultry",Waitrose Chicken Souvlaki Sizzlers 320g,,,6.05,,
Waitrose Kentish Town,"Meat, Poultry, Fish","Meat, Fish & Poultry",Waitrose Duchy Organic British Beef Meatballs 300g,300g,£18.00/kg,5.40,,
Waitrose Kentish Town,"Meat, Poultry, Fish","Meat, Fish & Poultry",Waitrose Easy To Cook Chicken Asparagus & Prosciutto 346g,346g,£15.69/kg,5.43,7.75,30% off
Waitrose Kentish Town,"Meat, Poultry, Fish","Meat, Fish & Poultry","Waitrose Easy To Cook Ginger, Coriander & Lime Chicken Breasts 285g (serves 2)",285g,£21.05/kg,6.00,,
Waitrose Kentish Town,"Meat, Poultry, Fish","Meat, Fish & Poultry",Waitrose Essential 8% Turkey Thigh Mince 500g,500g,£9.60/kg,4.80,,
Waitrose Kentish Town,"Meat, Poultry, Fish","Meat, Fish & Poultry",Waitrose Essential Breaded Chicken Breast Steak 380g,380g,£8.55/kg,3.25,,
Waitrose Kentish Town,"Meat, Poultry, Fish","Meat, Fish & Poultry",Waitrose Essential British Beef Rump Steak 230g,230g,£26.96/kg,6.20,,
Waitrose Kentish Town,"Meat, Poultry, Fish","Meat, Fish & Poultry",Waitrose Essential British Chicken Thighs 1kg,1kg,£4.25/kg,4.25,,
Waitrose Kentish Town,"Meat, Poultry, Fish","Meat, Fish & Poultry",Waitrose Essential British Medium Whole Chicken 1.5kg,1.5kg,£4.50/kg,6.75,,
Waitrose Kentish Town,"Meat, Poultry, Fish","Meat, Fish & Poultry",Waitrose Essential Chicken Thigh Fillets 500g,,,9.80,,
Waitrose Kentish Town,"Meat, Poultry, Fish","Meat, Fish & Poultry",Waitrose Free Range Pork 5% Fat Lean Mince 500g,500g,£9.10/kg,4.55,,
Waitrose Kentish Town,"Meat, Poultry, Fish","Meat, Fish & Poultry",Waitrose Gochujang Drumsticks,,,6.05,,
Waitrose Kentish Town,"Meat, Poultry, Fish","Meat, Fish & Poultry",Waitrose Hot Smoked Mackerel Fillets 210g,,,4.80,,
Waitrose Kentish Town,"Meat, Poultry, Fish","Meat, Fish & Poultry",Waitrose Hot Smoked Salmon Sweet Chilli 160g,160g,£44.69/kg,7.15,,
Waitrose Kentish Town,"Meat, Poultry, Fish","Meat, Fish & Poultry",Waitrose Nashville Chicken Wings 400g,,,4.24,6.05,30% off
Waitrose Kentish Town,"Meat, Poultry, Fish","Meat, Fish & Poultry",Waitrose Rump Steak Burgers 2s,2pk,£2.90 each,5.80,,
Waitrose Kentish Town,"Meat, Poultry, Fish","Meat, Fish & Poultry",Waitrose Slower Reared British Chicken Breast Fillets 600g,600g,£10.33/kg,6.20,,
Waitrose Kentish Town,"Meat, Poultry, Fish","Meat, Fish & Poultry",Waitrose Summer 4 New York Style Beef Burgers 454g,454g,£13.00/kg,5.90,,
Waitrose Kentish Town,"Meat, Poultry, Fish","Meat, Fish & Poultry",Waitrose Summer 4 Teriyaki Salmon Fish Kebabs 230g,230g,£23.91/kg,5.50,,
Waitrose Kentish Town,"Meat, Poultry, Fish","Meat, Fish & Poultry",Waitrose Summer 4 Tikka Chicken Breast Kebabs 250g,250g,£22.00/kg,5.50,,
Waitrose Kentish Town,"Meat, Poultry, Fish","Meat, Poultry, Fish",Easy to Cook Chorizo & Manchego Stuffed Chicken Breasts 455g,455g,£17.25/kg,7.85,,
Waitrose Kentish Town,"Meat, Poultry, Fish","Meat, Poultry, Fish","Easy to Cook Honey, Soy & Ginger Chicken Breasts 302g",302g,£18.87/kg,5.70,,
Waitrose Kentish Town,"Meat, Poultry, Fish","Meat, Poultry, Fish",Easy to Cook Middle Eastern Inspired Spiced Beef Koftas 450g,450g,£13.44/kg,6.05,,
Waitrose Kentish Town,"Meat, Poultry, Fish","Meat, Poultry, Fish",Essential Diced Chicken Breast418g,418g,£12.56/kg,5.25,,
Waitrose Kentish Town,"Meat, Poultry, Fish","Meat, Poultry, Fish",Gressingham Half Aromatic Duck 540g,540g,£15.48/kg,8.36,10.45,20% off
Waitrose Kentish Town,"Meat, Poultry, Fish","Meat, Poultry, Fish",Heck Chicken Italia Chipolatas Sausages 10,10pk,£0.40 each,4.00,,
Waitrose Kentish Town,"Meat, Poultry, Fish","Meat, Poultry, Fish",Waitrose 12 Pork & Herb Chipolatas 375g,375g,£11.73/kg,4.40,,
Waitrose Kentish Town,"Meat, Poultry, Fish","Meat, Poultry, Fish",Waitrose 2 Melt in the Middle Cod & Parsley Sauce Fishcakes,,,5.80,,
Waitrose Kentish Town,"Meat, Poultry, Fish","Meat, Poultry, Fish",Waitrose 2 Sea Bass Fish Fillets 180g,180g,£43.33/kg,7.80,,
Waitrose Kentish Town,"Meat, Poultry, Fish","Meat, Poultry, Fish",Waitrose 4 British Native Breed Beef Quarterpounders 454g,,,8.40,,
Waitrose Kentish Town,"Meat, Poultry, Fish","Meat, Poultry, Fish",Waitrose 6 Red Onion Pork Sausages 400g,400g,£5.50/kg,2.20,4.40,50% off
Waitrose Kentish Town,"Meat, Poultry, Fish","Meat, Poultry, Fish",Waitrose BBQ 4 Chicken Tikka Kebabs - 250g,250g,£23.60/kg,5.90,,
Waitrose Kentish Town,"Meat, Poultry, Fish","Meat, Poultry, Fish",Waitrose BBQ 4 Teriyaki Salmon Kebabs - 230g,230g,£26.30/kg,6.05,,
Waitrose Kentish Town,"Meat, Poultry, Fish","Meat, Poultry, Fish",Waitrose BBQ Lamb Kebabs 400g,,,6.05,,
Waitrose Kentish Town,"Meat, Poultry, Fish","Meat, Poultry, Fish",Waitrose BBQ Tomato & Mozzarella Pork Kebabs 300g,300g,£20.17/kg,6.05,,
Waitrose Kentish Town,"Meat, Poultry, Fish","Meat, Poultry, Fish",Waitrose British Beef Stir Fry Strips 250g,250g,£22.80/kg,5.70,,
Waitrose Kentish Town,"Meat, Poultry, Fish","Meat, Poultry, Fish",Waitrose British Native Breed Beef Rump Steak 200g,,,6.55,,
Waitrose Kentish Town,"Meat, Poultry, Fish","Meat, Poultry, Fish",Waitrose Buttermilk Chicken Mini Fillets 305g,305g,£15.90/kg,4.85,,
Waitrose Kentish Town,"Meat, Poultry, Fish","Meat, Poultry, Fish",Waitrose Chestnut Scottish Smoked Salmon 100g,100g,£65.00/kg,6.50,,
Waitrose Kentish Town,"Meat, Poultry, Fish","Meat, Poultry, Fish",Waitrose Chicken Kievs 2 per pack,2pk,£2.83 each,5.65,,
Waitrose Kentish Town,"Meat, Poultry, Fish","Meat, Poultry, Fish",Waitrose Chicken Souvlaki Sizzlers 320g,,,6.05,,
Waitrose Kentish Town,"Meat, Poultry, Fish","Meat, Poultry, Fish",Waitrose Cocktail Sausages 260g,,,1.75,3.50,50% off
Waitrose Kentish Town,"Meat, Poultry, Fish","Meat, Poultry, Fish",Waitrose Cooks Ingredients Unsmoked Pancetta 130g,130g,£24.62/kg,3.20,,
Waitrose Kentish Town,"Meat, Poultry, Fish","Meat, Poultry, Fish",Waitrose Cooks' Beechwood Smoked Diced Pancetta 2x77g,154g,£19.48/kg,3.00,,
Waitrose Kentish Town,"Meat, Poultry, Fish","Meat, Poultry, Fish",Waitrose Dry Cured 8 Unsmoked Back Bacon Rashers 250g,250g,£18.00/kg,4.50,,
Waitrose Kentish Town,"Meat, Poultry, Fish","Meat, Poultry, Fish",Waitrose Dry Cured Smoked Back Bacon 8 Rashers 250g,250g,£16.60/kg,4.15,,
Waitrose Kentish Town,"Meat, Poultry, Fish","Meat, Poultry, Fish",Waitrose Duchy Organic 2 Salmon Fish Fillets 265g,265g,£36.60/kg,9.70,,
Waitrose Kentish Town,"Meat, Poultry, Fish","Meat, Poultry, Fish",Waitrose Duchy Organic British Beef Meatballs 300g,300g,£18.00/kg,5.40,,
Waitrose Kentish Town,"Meat, Poultry, Fish","Meat, Poultry, Fish",Waitrose Duchy Organic British Beef Mince 12% Fat 500g,500g,£13.76/kg,6.88,8.60,20% off
Waitrose Kentish Town,"Meat, Poultry, Fish","Meat, Poultry, Fish",Waitrose Easy To Cook Chicken Asparagus & Prosciutto 346g,346g,£15.69/kg,5.43,7.75,30% off
Waitrose Kentish Town,"Meat, Poultry, Fish","Meat, Poultry, Fish","Waitrose Easy To Cook Ginger, Coriander & Lime Chicken Breasts 285g (serves 2)",285g,£21.05/kg,6.00,,
Waitrose Kentish Town,"Meat, Poultry, Fish","Meat, Poultry, Fish",Waitrose Essential 8% Turkey Thigh Mince 500g,500g,£9.60/kg,4.80,,
Waitrose Kentish Town,"Meat, Poultry, Fish","Meat, Poultry, Fish",Waitrose Essential Breaded Chicken Breast Steak 380g,380g,£8.55/kg,3.25,,
Waitrose Kentish Town,"Meat, Poultry, Fish","Meat, Poultry, Fish",Waitrose Essential British Beef Mince 20% Fat 500g,500g,£8.20/kg,4.10,,
Waitrose Kentish Town,"Meat, Poultry, Fish","Meat, Poultry, Fish",Waitrose Essential British Beef Rump Steak 230g,230g,£26.96/kg,6.20,,
Waitrose Kentish Town,"Meat, Poultry, Fish","Meat, Poultry, Fish",Waitrose Essential British Chicken Mini Breast Fillets 400g,400g,£13.50/kg,5.40,,
Waitrose Kentish Town,"Meat, Poultry, Fish","Meat, Poultry, Fish",Waitrose Essential British Chicken Thighs 1kg,1kg,£4.25/kg,4.25,,
Waitrose Kentish Town,"Meat, Poultry, Fish","Meat, Poultry, Fish",Waitrose Essential British Medium Whole Chicken 1.5kg,1.5kg,£4.50/kg,6.75,,
Waitrose Kentish Town,"Meat, Poultry, Fish","Meat, Poultry, Fish",Waitrose Essential Chicken Thigh Fillets 500g,,,9.80,,
Waitrose Kentish Town,"Meat, Poultry, Fish","Meat, Poultry, Fish",Waitrose Free Range Pork 5% Fat Lean Mince 500g,500g,£9.10/kg,4.55,,
Waitrose Kentish Town,"Meat, Poultry, Fish","Meat, Poultry, Fish",Waitrose Frozen Chicken Goujons 625g,625g,£8.88/kg,5.55,,
Waitrose Kentish Town,"Meat, Poultry, Fish","Meat, Poultry, Fish",Waitrose Gochujang Drumsticks,,,6.05,,
Waitrose Kentish Town,"Meat, Poultry, Fish","Meat, Poultry, Fish",Waitrose Hot Smoked Mackerel Fillets 210g,,,4.80,,
Waitrose Kentish Town,"Meat, Poultry, Fish","Meat, Poultry, Fish",Waitrose Hot Smoked Salmon Sweet Chilli 160g,160g,£44.69/kg,7.15,,
Waitrose Kentish Town,"Meat, Poultry, Fish","Meat, Poultry, Fish",Waitrose Mild Scottish Oak Smoked Salmon 100g,100g,£57.50/kg,5.75,,
Waitrose Kentish Town,"Meat, Poultry, Fish","Meat, Poultry, Fish",Waitrose Nashville Chicken Wings 400g,,,4.24,6.05,30% off
Waitrose Kentish Town,"Meat, Poultry, Fish","Meat, Poultry, Fish",Waitrose No.1 2 Prawn Cocktails 170g,170g,£25.88/kg,4.40,5.50,20% off
Waitrose Kentish Town,"Meat, Poultry, Fish","Meat, Poultry, Fish",Waitrose No.1 Bubbly Beer Battered Haddock 365g,365g,£19.73/kg,7.20,9.00,20% off
Waitrose Kentish Town,"Meat, Poultry, Fish","Meat, Poultry, Fish",Waitrose No.1 Free Range Lincolnshire Pork Sausages 6 pack 400g,400g,£14.13/kg,5.65,,
Waitrose Kentish Town,"Meat, Poultry, Fish","Meat, Poultry, Fish",Waitrose No.1 Free Range Pork & Onion Sausagemeat 375g,375g,£10.93/kg,4.10,,
Waitrose Kentish Town,"Meat, Poultry, Fish","Meat, Poultry, Fish",Waitrose No.1 Free Range Pork Sausages 6 per pack,6pk,£0.88 each,5.25,,
Waitrose Kentish Town,"Meat, Poultry, Fish","Meat, Poultry, Fish",Waitrose No.1 Parmigiano Reggiano & Truffle Chicken Kiev 530g (serves 2),530g,£20.38/kg,10.80,,
Waitrose Kentish Town,"Meat, Poultry, Fish","Meat, Poultry, Fish",Waitrose No.1 Pork Stuffing Balls 340g,340g,£13.82/kg,4.70,,
Waitrose Kentish Town,"Meat, Poultry, Fish","Meat, Poultry, Fish",Waitrose Popcorn Chicken & Sauce Pot 200g,200g,£18.25/kg,3.65,,
Waitrose Kentish Town,"Meat, Poultry, Fish","Meat, Poultry, Fish",Waitrose Rump Steak Burgers 2s,2pk,£2.90 each,5.80,,
Waitrose Kentish Town,"Meat, Poultry, Fish","Meat, Poultry, Fish",Waitrose Slower Reared British Chicken Breast Fillets 600g,600g,£10.33/kg,6.20,,
Waitrose Kentish Town,"Meat, Poultry, Fish","Meat, Poultry, Fish",Waitrose Southern Fried Chicken Mini Fillets 305g,305g,£13.54/kg,4.13,5.90,30% off
Waitrose Kentish Town,"Meat, Poultry, Fish","Meat, Poultry, Fish",Waitrose Summer 4 New York Style Beef Burgers 454g,454g,£13.00/kg,5.90,,
Waitrose Kentish Town,"Meat, Poultry, Fish","Meat, Poultry, Fish",Waitrose Summer 4 Teriyaki Salmon Fish Kebabs 230g,230g,£23.91/kg,5.50,,
Waitrose Kentish Town,"Meat, Poultry, Fish","Meat, Poultry, Fish",Waitrose Summer 4 Tikka Chicken Breast Kebabs 250g,250g,£22.00/kg,5.50,,
Waitrose Kentish Town,"Meat, Poultry, Fish",Offers,Gressingham Half Aromatic Duck 540g,540g,£15.48/kg,8.36,10.45,20% off
Waitrose Kentish Town,"Meat, Poultry, Fish",Offers,Waitrose 6 Red Onion Pork Sausages 400g,400g,£5.50/kg,2.20,4.40,50% off
Waitrose Kentish Town,"Meat, Poultry, Fish",Offers,Waitrose Cocktail Sausages 260g,,,1.75,3.50,50% off
Waitrose Kentish Town,"Meat, Poultry, Fish",Offers,Waitrose Duchy Organic British Beef Mince 12% Fat 500g,500g,£13.76/kg,6.88,8.60,20% off
Waitrose Kentish Town,"Meat, Poultry, Fish",Offers,Waitrose Easy To Cook Chicken Asparagus & Prosciutto 346g,346g,£15.69/kg,5.43,7.75,30% off
Waitrose Kentish Town,"Meat, Poultry, Fish",Offers,Waitrose Nashville Chicken Wings 400g,,,4.24,6.05,30% off
Waitrose Kentish Town,"Meat, Poultry, Fish",Offers,Waitrose No.1 2 Prawn Cocktails 170g,170g,£25.88/kg,4.40,5.50,20% off
Waitrose Kentish Town,"Meat, Poultry, Fish",Offers,Waitrose No.1 Bubbly Beer Battered Haddock 365g,365g,£19.73/kg,7.20,9.00,20% off
Waitrose Kentish Town,"Meat, Poultry, Fish",Offers,Waitrose Southern Fried Chicken Mini Fillets 305g,305g,£13.54/kg,4.13,5.90,30% off
Waitrose Kentish Town,"Meat, Poultry, Fish",Pork,Waitrose BBQ Tomato & Mozzarella Pork Kebabs 300g,300g,£20.17/kg,6.05,,
Waitrose Kentish Town,"Meat, Poultry, Fish",Pork,Waitrose Free Range Pork 5% Fat Lean Mince 500g,500g,£9.10/kg,4.55,,
Waitrose Kentish Town,"Meat, Poultry, Fish",Pork,Waitrose No.1 Pork Stuffing Balls 340g,340g,£13.82/kg,4.70,,
Waitrose Kentish Town,"Meat, Poultry, Fish",Ready to Eat Fish,Waitrose Chestnut Scottish Smoked Salmon 100g,100g,£65.00/kg,6.50,,
Waitrose Kentish Town,"Meat, Poultry, Fish",Ready to Eat Fish,Waitrose Hot Smoked Mackerel Fillets 210g,,,4.80,,
Waitrose Kentish Town,"Meat, Poultry, Fish",Ready to Eat Fish,Waitrose Hot Smoked Salmon Sweet Chilli 160g,160g,£44.69/kg,7.15,,
Waitrose Kentish Town,"Meat, Poultry, Fish",Ready to Eat Fish,Waitrose Mild Scottish Oak Smoked Salmon 100g,100g,£57.50/kg,5.75,,
Waitrose Kentish Town,"Meat, Poultry, Fish",Ready to Eat Fish,Waitrose No.1 2 Prawn Cocktails 170g,170g,£25.88/kg,4.40,5.50,20% off
Waitrose Kentish Town,"Meat, Poultry, Fish",Sausages,Heck Chicken Italia Chipolatas Sausages 10,10pk,£0.40 each,4.00,,
Waitrose Kentish Town,"Meat, Poultry, Fish",Sausages,Waitrose 12 Pork & Herb Chipolatas 375g,375g,£11.73/kg,4.40,,
Waitrose Kentish Town,"Meat, Poultry, Fish",Sausages,Waitrose 6 Red Onion Pork Sausages 400g,400g,£5.50/kg,2.20,4.40,50% off
Waitrose Kentish Town,"Meat, Poultry, Fish",Sausages,Waitrose Cocktail Sausages 260g,,,1.75,3.50,50% off
Waitrose Kentish Town,"Meat, Poultry, Fish",Sausages,Waitrose No.1 Free Range Lincolnshire Pork Sausages 6 pack 400g,400g,£14.13/kg,5.65,,
Waitrose Kentish Town,"Meat, Poultry, Fish",Sausages,Waitrose No.1 Free Range Pork & Onion Sausagemeat 375g,375g,£10.93/kg,4.10,,
Waitrose Kentish Town,"Meat, Poultry, Fish",Sausages,Waitrose No.1 Free Range Pork Sausages 6 per pack,6pk,£0.88 each,5.25,,
Waitrose Kentish Town,"Meat, Poultry, Fish",The Friday Flex - Save 20%,Gressingham Half Aromatic Duck 540g,540g,£15.48/kg,8.36,10.45,20% off
Waitrose Kentish Town,"Meat, Poultry, Fish",The Friday Flex - Save 20%,Waitrose No.1 2 Prawn Cocktails 170g,170g,£25.88/kg,4.40,5.50,20% off
Waitrose Kentish Town,"Meat, Poultry, Fish",The Friday Flex - Save 20%,Waitrose No.1 Bubbly Beer Battered Haddock 365g,365g,£19.73/kg,7.20,9.00,20% off
Waitrose Kentish Town,"Milk, Eggs, Dairy",Butter & Spreads,Anchor Slightly Salted Spreadable Butter 400g,400g,£12.38/kg,4.95,,
Waitrose Kentish Town,"Milk, Eggs, Dairy",Butter & Spreads,Lurpak Spreadable Lighter Butter 400g,400g,£10.63/kg,4.25,5.00,15% off
Waitrose Kentish Town,"Milk, Eggs, Dairy",Butter & Spreads,Lurpak Spreadable Slightly Salted Butter 200g,200g,£14.75/kg,2.95,,
Waitrose Kentish Town,"Milk, Eggs, Dairy",Butter & Spreads,Lurpak Spreadable Slightly Salted Butter 400g,400g,£10.30/kg,4.12,4.85,15% off
Waitrose Kentish Town,"Milk, Eggs, Dairy",Butter & Spreads,President Slightly Salted Butter 250g,250g,£15.20/kg,3.80,,
Waitrose Kentish Town,"Milk, Eggs, Dairy",Butter & Spreads,Waitrose Essential Salted Dairy Butter 250g,250g,£8.00/kg,2.00,,
Waitrose Kentish Town,"Milk, Eggs, Dairy",Butter & Spreads,Waitrose Essential Unsalted Dairy Butter 250g,250g,£9.60/kg,2.40,,
Waitrose Kentish Town,"Milk, Eggs, Dairy",Butter & Spreads,Waitrose Sea Salt Crystal French Butter 250g,250g,£10.80/kg,2.70,,
Waitrose Kentish Town,"Milk, Eggs, Dairy",Cream,Rodda's Clotted Cream 227g,227g,£15.42/kg,3.50,,
Waitrose Kentish Town,"Milk, Eggs, Dairy",Cream,Waitrose Essential Double Cream 300ml,300ml,£6.50/L,1.95,,
Waitrose Kentish Town,"Milk, Eggs, Dairy",Cream,Waitrose Essential Single Cream 300ml,300ml,£5.17/L,1.55,,
Waitrose Kentish Town,"Milk, Eggs, Dairy",Cream,Waitrose Essential Soured Cream 150ml,150ml,£6.00/L,0.90,,
Waitrose Kentish Town,"Milk, Eggs, Dairy",Cream,Waitrose Essential Soured Cream 300ml,300ml,£4.33/L,1.30,,
Waitrose Kentish Town,"Milk, Eggs, Dairy",Cream,Waitrose French Crème Fraîche 200ml,200ml,£9.00/L,1.80,,
Waitrose Kentish Town,"Milk, Eggs, Dairy",Dairy Alternatives,Alpro Dairy Free Greek Style Plain Yoghurt 400g,400g,£5.85/kg,2.34,2.60,10% off
Waitrose Kentish Town,"Milk, Eggs, Dairy",Dairy Alternatives,Alpro Plain No Sugars Yoghurt Alternative 500g,,,2.48,2.75,10% off
Waitrose Kentish Town,"Milk, Eggs, Dairy",Dairy Alternatives,Clearspring Tofu 300g,300g,£6.50/kg,1.95,,
Waitrose Kentish Town,"Milk, Eggs, Dairy",Dairy Alternatives,The Collaborative Little Chocolate Dessert Pots Dairy Free x4,4pk,£0.83 each,3.30,,
Waitrose Kentish Town,"Milk, Eggs, Dairy",Dairy Alternatives,The Tofoo Co. Naked Tofu 280g,280g,£9.29/kg,2.60,,
Waitrose Kentish Town,"Milk, Eggs, Dairy",Dairy Alternatives,Tiba Tempeh Organic Sweet Chilli Pieces 200g,200g,£16.00/kg,3.20,,
Waitrose Kentish Town,"Milk, Eggs, Dairy",Dairy Free Drinks,Alpro Almond Milk Roasted Unsweetened 1L,1L,£2.50/L,2.50,,
Waitrose Kentish Town,"Milk, Eggs, Dairy",Dairy Free Drinks,Alpro Oat Growing Up Milk 1L,1L,£2.30/L,2.30,,
Waitrose Kentish Town,"Milk, Eggs, Dairy",Dairy Free Drinks,Alpro Oat No Sugars Long Life Drink 1L,1L,£2.40/L,2.40,,
Waitrose Kentish Town,"Milk, Eggs, Dairy",Dairy Free Drinks,Alpro Soya No Sugars Long Life Drink 1L,1L,£2.00/L,2.00,,
Waitrose Kentish Town,"Milk, Eggs, Dairy",Dairy Free Drinks,Moma Pistachio Oat Drink 1 Litre,1L,£2.20/L,2.20,,
Waitrose Kentish Town,"Milk, Eggs, Dairy",Dairy Free Drinks,Oatier Barista Oat 1 litre,1L,£2.50/L,2.50,,
Waitrose Kentish Town,"Milk, Eggs, Dairy",Dairy Free Drinks,Oatier Barista Oat Milk Gluten Free 1L,1L,£2.50/L,2.50,,
Waitrose Kentish Town,"Milk, Eggs, Dairy",Dairy Free Drinks,Oatly Oat Drink Semi Milk 1l,1L,£2.45/L,2.45,,
Waitrose Kentish Town,"Milk, Eggs, Dairy",Dairy Free Drinks,Oatly Oat Milk Drink Barista Edition 1l,1L,£2.45/L,2.45,,
Waitrose Kentish Town,"Milk, Eggs, Dairy",Dairy Free Drinks,Oatly Whole Oat Milk Drink 1L,,,2.45,,
Waitrose Kentish Town,"Milk, Eggs, Dairy",Dairy Free Drinks,Plenish Organic Oat Barista 1litre,1L,£2.45/L,2.45,,
Waitrose Kentish Town,"Milk, Eggs, Dairy",Dairy Free Drinks,Rude Health Almond Long Life Organic Milk Alternative 1litre,1L,£2.40/L,2.40,,
Waitrose Kentish Town,"Milk, Eggs, Dairy",Dairy Free Drinks,Rude Health Oat Milk Dairy Free 1 Litre,1L,£2.04/L,2.04,2.40,15% off
Waitrose Kentish Town,"Milk, Eggs, Dairy",Dairy Free Drinks,Waitrose Essential Unsweetened Soya Milk Drink 1l,1L,£1.50/L,1.50,,
Waitrose Kentish Town,"Milk, Eggs, Dairy",Discover our Duchy Organic Range 🥒,Waitrose Duchy Organic British Free Range Eggs Large 6 per pack,6pk,£0.58 each,3.45,,
Waitrose Kentish Town,"Milk, Eggs, Dairy",Discover our Duchy Organic Range 🥒,Waitrose Duchy Organic Semi Skimmed Milk 2 Pints,,,2.05,,
Waitrose Kentish Town,"Milk, Eggs, Dairy",Eggs,Clarence Court Free Range Large Burford Browns Eggs 10 per pack,10pk,£0.64 each,6.35,,
Waitrose Kentish Town,"Milk, Eggs, Dairy",Eggs,Waitrose British Blacktail Free Range Eggs Medium 6 per pack,6pk,£0.32 each,1.90,,
Waitrose Kentish Town,"Milk, Eggs, Dairy",Eggs,Waitrose Duchy Organic British Free Range Eggs Large 6 per pack,6pk,£0.58 each,3.45,,
Waitrose Kentish Town,"Milk, Eggs, Dairy",Eggs,Waitrose Essentials Free Range White Eggs 6,6pk,£0.25 each,1.50,,
Waitrose Kentish Town,"Milk, Eggs, Dairy",Eggs,Waitrose Organic Duchy British Free Range Eggs Medium 6 per pack,6pk,£0.52 each,3.10,,
Waitrose Kentish Town,"Milk, Eggs, Dairy",Milk,Arla Lactofree Semi Skimmed Milk Drink 1l,1L,£2.65/L,2.65,,
Waitrose Kentish Town,"Milk, Eggs, Dairy",Milk,Cravendale Filtered Semi Skimmed Milk 1L,1L,£2.25/L,2.25,,
Waitrose Kentish Town,"Milk, Eggs, Dairy",Milk,Cravendale Filtered Whole Milk 1L,1L,£2.10/L,2.10,,
Waitrose Kentish Town,"Milk, Eggs, Dairy",Milk,Waitrose Duchy Organic Semi Skimmed Milk 2 Pints,,,2.05,,
Waitrose Kentish Town,"Milk, Eggs, Dairy",Milk,Waitrose Essential Semi-Skimmed Milk 1.13l,1.13L,£1.15/L,1.30,,
Waitrose Kentish Town,"Milk, Eggs, Dairy",Milk,Waitrose Essential Skimmed Milk 2 Pints 1.136l,1.14L,£1.19/L,1.35,,
Waitrose Kentish Town,"Milk, Eggs, Dairy",Milk,Waitrose Essential Whole Milk 2 Pints 1.136l,1.14L,£1.14/L,1.30,,
Waitrose Kentish Town,"Milk, Eggs, Dairy",Milk,Waitrose Essentials Semi Skimmed Milk 4pints,2.27L,£0.84/L,1.90,,
Waitrose Kentish Town,"Milk, Eggs, Dairy","Milk, Eggs, Dairy",Alpro Almond Milk Roasted Unsweetened 1L,1L,£2.50/L,2.50,,
Waitrose Kentish Town,"Milk, Eggs, Dairy","Milk, Eggs, Dairy",Alpro Dairy Free Greek Style Plain Yoghurt 400g,400g,£5.85/kg,2.34,2.60,10% off
Waitrose Kentish Town,"Milk, Eggs, Dairy","Milk, Eggs, Dairy",Alpro Oat Growing Up Milk 1L,1L,£2.30/L,2.30,,
Waitrose Kentish Town,"Milk, Eggs, Dairy","Milk, Eggs, Dairy",Alpro Oat No Sugars Long Life Drink 1L,1L,£2.40/L,2.40,,
Waitrose Kentish Town,"Milk, Eggs, Dairy","Milk, Eggs, Dairy",Alpro Plain No Sugars Yoghurt Alternative 500g,,,2.48,2.75,10% off
Waitrose Kentish Town,"Milk, Eggs, Dairy","Milk, Eggs, Dairy",Alpro Soya No Sugars Long Life Drink 1L,1L,£2.00/L,2.00,,
Waitrose Kentish Town,"Milk, Eggs, Dairy","Milk, Eggs, Dairy",Anchor Slightly Salted Spreadable Butter 400g,400g,£12.38/kg,4.95,,
Waitrose Kentish Town,"Milk, Eggs, Dairy","Milk, Eggs, Dairy",Arla Lactofree Semi Skimmed Milk Drink 1l,1L,£2.65/L,2.65,,
Waitrose Kentish Town,"Milk, Eggs, Dairy","Milk, Eggs, Dairy",Clarence Court Free Range Large Burford Browns Eggs 10 per pack,10pk,£0.64 each,6.35,,
Waitrose Kentish Town,"Milk, Eggs, Dairy","Milk, Eggs, Dairy",Clearspring Tofu 300g,300g,£6.50/kg,1.95,,
Waitrose Kentish Town,"Milk, Eggs, Dairy","Milk, Eggs, Dairy",Cravendale Filtered Semi Skimmed Milk 1L,1L,£2.25/L,2.25,,
Waitrose Kentish Town,"Milk, Eggs, Dairy","Milk, Eggs, Dairy",Cravendale Filtered Whole Milk 1L,1L,£2.10/L,2.10,,
Waitrose Kentish Town,"Milk, Eggs, Dairy","Milk, Eggs, Dairy",Jus Rol Puff Pastry Sheet 320g,320g,£6.72/kg,2.15,,
Waitrose Kentish Town,"Milk, Eggs, Dairy","Milk, Eggs, Dairy",Lurpak Spreadable Lighter Butter 400g,400g,£10.63/kg,4.25,5.00,15% off
Waitrose Kentish Town,"Milk, Eggs, Dairy","Milk, Eggs, Dairy",Lurpak Spreadable Slightly Salted Butter 200g,200g,£14.75/kg,2.95,,
Waitrose Kentish Town,"Milk, Eggs, Dairy","Milk, Eggs, Dairy",Lurpak Spreadable Slightly Salted Butter 400g,400g,£10.30/kg,4.12,4.85,15% off
Waitrose Kentish Town,"Milk, Eggs, Dairy","Milk, Eggs, Dairy",Moma Pistachio Oat Drink 1 Litre,1L,£2.20/L,2.20,,
Waitrose Kentish Town,"Milk, Eggs, Dairy","Milk, Eggs, Dairy",Northern Dough Co. Original Pizza Dough 2x220g,440g,£6.82/kg,3.00,,
Waitrose Kentish Town,"Milk, Eggs, Dairy","Milk, Eggs, Dairy",Oatier Barista Oat 1 litre,1L,£2.50/L,2.50,,
Waitrose Kentish Town,"Milk, Eggs, Dairy","Milk, Eggs, Dairy",Oatier Barista Oat Milk Gluten Free 1L,1L,£2.50/L,2.50,,
Waitrose Kentish Town,"Milk, Eggs, Dairy","Milk, Eggs, Dairy",Oatly Oat Drink Semi Milk 1l,1L,£2.45/L,2.45,,
Waitrose Kentish Town,"Milk, Eggs, Dairy","Milk, Eggs, Dairy",Oatly Oat Milk Drink Barista Edition 1l,1L,£2.45/L,2.45,,
Waitrose Kentish Town,"Milk, Eggs, Dairy","Milk, Eggs, Dairy",Oatly Whole Oat Milk Drink 1L,,,2.45,,
Waitrose Kentish Town,"Milk, Eggs, Dairy","Milk, Eggs, Dairy",Plenish Organic Oat Barista 1litre,1L,£2.45/L,2.45,,
Waitrose Kentish Town,"Milk, Eggs, Dairy","Milk, Eggs, Dairy",President Slightly Salted Butter 250g,250g,£15.20/kg,3.80,,
Waitrose Kentish Town,"Milk, Eggs, Dairy","Milk, Eggs, Dairy",Rodda's Clotted Cream 227g,227g,£15.42/kg,3.50,,
Waitrose Kentish Town,"Milk, Eggs, Dairy","Milk, Eggs, Dairy",Rude Health Almond Long Life Organic Milk Alternative 1litre,1L,£2.40/L,2.40,,
Waitrose Kentish Town,"Milk, Eggs, Dairy","Milk, Eggs, Dairy",Rude Health Oat Milk Dairy Free 1 Litre,1L,£2.04/L,2.04,2.40,15% off
Waitrose Kentish Town,"Milk, Eggs, Dairy","Milk, Eggs, Dairy",The Collaborative Little Chocolate Dessert Pots Dairy Free x4,4pk,£0.83 each,3.30,,
Waitrose Kentish Town,"Milk, Eggs, Dairy","Milk, Eggs, Dairy",The Tofoo Co. Naked Tofu 280g,280g,£9.29/kg,2.60,,
Waitrose Kentish Town,"Milk, Eggs, Dairy","Milk, Eggs, Dairy",Tiba Tempeh Organic Sweet Chilli Pieces 200g,200g,£16.00/kg,3.20,,
Waitrose Kentish Town,"Milk, Eggs, Dairy","Milk, Eggs, Dairy",Waitrose British Blacktail Free Range Eggs Medium 6 per pack,6pk,£0.32 each,1.90,,
Waitrose Kentish Town,"Milk, Eggs, Dairy","Milk, Eggs, Dairy",Waitrose Duchy Organic British Free Range Eggs Large 6 per pack,6pk,£0.58 each,3.45,,
Waitrose Kentish Town,"Milk, Eggs, Dairy","Milk, Eggs, Dairy",Waitrose Duchy Organic Semi Skimmed Milk 2 Pints,,,2.05,,
Waitrose Kentish Town,"Milk, Eggs, Dairy","Milk, Eggs, Dairy",Waitrose Essential Double Cream 300ml,300ml,£6.50/L,1.95,,
Waitrose Kentish Town,"Milk, Eggs, Dairy","Milk, Eggs, Dairy",Waitrose Essential Salted Dairy Butter 250g,250g,£8.00/kg,2.00,,
Waitrose Kentish Town,"Milk, Eggs, Dairy","Milk, Eggs, Dairy",Waitrose Essential Semi-Skimmed Milk 1.13l,1.13L,£1.15/L,1.30,,
Waitrose Kentish Town,"Milk, Eggs, Dairy","Milk, Eggs, Dairy",Waitrose Essential Single Cream 300ml,300ml,£5.17/L,1.55,,
Waitrose Kentish Town,"Milk, Eggs, Dairy","Milk, Eggs, Dairy",Waitrose Essential Skimmed Milk 2 Pints 1.136l,1.14L,£1.19/L,1.35,,
Waitrose Kentish Town,"Milk, Eggs, Dairy","Milk, Eggs, Dairy",Waitrose Essential Soured Cream 150ml,150ml,£6.00/L,0.90,,
Waitrose Kentish Town,"Milk, Eggs, Dairy","Milk, Eggs, Dairy",Waitrose Essential Soured Cream 300ml,300ml,£4.33/L,1.30,,
Waitrose Kentish Town,"Milk, Eggs, Dairy","Milk, Eggs, Dairy",Waitrose Essential Unsalted Dairy Butter 250g,250g,£9.60/kg,2.40,,
Waitrose Kentish Town,"Milk, Eggs, Dairy","Milk, Eggs, Dairy",Waitrose Essential Unsweetened Soya Milk Drink 1l,1L,£1.50/L,1.50,,
Waitrose Kentish Town,"Milk, Eggs, Dairy","Milk, Eggs, Dairy",Waitrose Essential Whole Milk 2 Pints 1.136l,1.14L,£1.14/L,1.30,,
Waitrose Kentish Town,"Milk, Eggs, Dairy","Milk, Eggs, Dairy",Waitrose Essentials Free Range White Eggs 6,6pk,£0.25 each,1.50,,
Waitrose Kentish Town,"Milk, Eggs, Dairy","Milk, Eggs, Dairy",Waitrose Essentials Semi Skimmed Milk 4pints,2.27L,£0.84/L,1.90,,
Waitrose Kentish Town,"Milk, Eggs, Dairy","Milk, Eggs, Dairy",Waitrose French Crème Fraîche 200ml,200ml,£9.00/L,1.80,,
Waitrose Kentish Town,"Milk, Eggs, Dairy","Milk, Eggs, Dairy",Waitrose Organic Duchy British Free Range Eggs Medium 6 per pack,6pk,£0.52 each,3.10,,
Waitrose Kentish Town,"Milk, Eggs, Dairy","Milk, Eggs, Dairy",Waitrose Sea Salt Crystal French Butter 250g,250g,£10.80/kg,2.70,,
Waitrose Kentish Town,"Milk, Eggs, Dairy",Offers,Alpro Dairy Free Greek Style Plain Yoghurt 400g,400g,£5.85/kg,2.34,2.60,10% off
Waitrose Kentish Town,"Milk, Eggs, Dairy",Offers,Alpro Plain No Sugars Yoghurt Alternative 500g,,,2.48,2.75,10% off
Waitrose Kentish Town,"Milk, Eggs, Dairy",Offers,Lurpak Spreadable Lighter Butter 400g,400g,£10.63/kg,4.25,5.00,15% off
Waitrose Kentish Town,"Milk, Eggs, Dairy",Offers,Lurpak Spreadable Slightly Salted Butter 400g,400g,£10.30/kg,4.12,4.85,15% off
Waitrose Kentish Town,"Milk, Eggs, Dairy",Offers,Rude Health Oat Milk Dairy Free 1 Litre,1L,£2.04/L,2.04,2.40,15% off
Waitrose Kentish Town,"Milk, Eggs, Dairy",Ready-Made Pastry & Dough,Jus Rol Puff Pastry Sheet 320g,320g,£6.72/kg,2.15,,
Waitrose Kentish Town,"Milk, Eggs, Dairy",Ready-Made Pastry & Dough,Northern Dough Co. Original Pizza Dough 2x220g,440g,£6.82/kg,3.00,,
Waitrose Kentish Town,"Milk, Eggs, Dairy",Yoghurt,Alpro Dairy Free Greek Style Plain Yoghurt 400g,400g,£5.85/kg,2.34,2.60,10% off
Waitrose Kentish Town,"Milk, Eggs, Dairy",Yoghurt,Alpro Plain No Sugars Yoghurt Alternative 500g,,,2.48,2.75,10% off
Waitrose Kentish Town,Pet,Cat Food,Dreamies Adult Cat Treat Biscuits With Chicken 60g,60g,£29.17/kg,1.75,,
Waitrose Kentish Town,Pet,Cat Food,Dreamies Chicken Cat Treats 200g,200g,£25.25/kg,5.05,,
Waitrose Kentish Town,Pet,Cat Food,Encore Fish Selection Wet Cat Food 5x50g,250g,£23.20/kg,5.80,,
Waitrose Kentish Town,Pet,Cat Food,FELIX Doubly Delicious Meat Selection in Jelly Wet Cat Food 12x100g,1.2kg,£4.29/kg,5.15,,
Waitrose Kentish Town,Pet,Cat Food,Felix 1+ Ocean Wet Cat Food 12x100g,1.2kg,£4.58/kg,5.50,,
Waitrose Kentish Town,Pet,Cat Food,Felix As Good As It Looks Meat Selection in Jelly 12x100g,1.2kg,£4.46/kg,5.35,,
Waitrose Kentish Town,Pet,Cat Food,Felix As Good as it Looks Mixed Selection in Jelly 40x100g,4kg,£3.96/kg,15.85,,
Waitrose Kentish Town,Pet,Cat Food,Felix Original Fish Mixed Selection in Gravy 12x85g,1.02kg,£4.46/kg,4.55,,
Waitrose Kentish Town,Pet,Cat Food,Felix Senior Mixed in Jelly 12x85g,1.02kg,£4.66/kg,4.75,,
Waitrose Kentish Town,Pet,Cat Food,HiLife Chicken Breast Treats Cat 30g,30g,£183.33/kg,5.50,,
Waitrose Kentish Town,Pet,Cat Food,Iams Chicken Kitten Dry Cat Food 800g,800g,£7.69/kg,6.15,,
Waitrose Kentish Town,Pet,Cat Food,Purina Felix 7+ Fish Selection Cat Food 12x100g,1.2kg,£4.08/kg,4.90,,
Waitrose Kentish Town,Pet,Cat Food,Purina Felix Junior Mixed Selection Kitten Food 12x100g,1.2kg,£4.29/kg,5.15,,
Waitrose Kentish Town,Pet,Cat Food,Purina Gourmet Fish Wet Cat Food 6x50g,300g,£9.33/kg,2.80,,
Waitrose Kentish Town,Pet,Cat Food,Purina Gourmet Gravy Wet Cat Food 12x85g,1.02kg,£6.47/kg,6.60,,
Waitrose Kentish Town,Pet,Cat Food,Purina Gourmet Mon Petit Fish Cat Food 6x50g,300g,£9.33/kg,2.80,,
Waitrose Kentish Town,Pet,Cat Food,Purina Gourmet Mon Petit Poultry Cat Food 6x50g,300g,£9.33/kg,2.80,,
Waitrose Kentish Town,Pet,Cat Food,Purina Gourmet Pate Mix Cat Food 8x85g,680g,£8.24/kg,5.60,,
Waitrose Kentish Town,Pet,Cat Food,Purina Gourmet Perle Adult Cat Food Pouches Ocean Delicacies In Gravy 12x85g  1020g,1.02kg,£6.47/kg,6.60,,
Waitrose Kentish Town,Pet,Cat Food,Purina Gourmet Perle Cat Food Pouches Country Medley 1020g,1.02kg,£5.82/kg,5.94,6.60,10% off
Waitrose Kentish Town,Pet,Cat Food,Purina One Adult Cat Salmon And Whole Grains 800g,800g,£10.50/kg,8.40,,
Waitrose Kentish Town,Pet,Cat Food,Purina One Adult Dry Cat Food Chicken And Wholegrains 800g,800g,£10.50/kg,8.40,,
Waitrose Kentish Town,Pet,Cat Food,Scrumbles - Complete Dry Cat Food for Adult & Senior (Chicken with Salmon) - 750g,,,8.80,,
Waitrose Kentish Town,Pet,Cat Food,Waitrose Complete & Balance Chicken & Veg Cat Food 950g,950g,£2.79/kg,2.65,,
Waitrose Kentish Town,Pet,Cat Food,Waitrose Essential Chicken in Jelly Wet Cat Food 400g,400g,£2.63/kg,1.05,,
Waitrose Kentish Town,Pet,Cat Food,Waitrose Meat Chunks in Jelly Selection Dog Food 6 x 400g,2.4kg,£2.33/kg,5.60,,
Waitrose Kentish Town,Pet,Cat Food,Whiskas 1+ Poultry Selection in Jelly 12x100g,1.2kg,£4.38/kg,5.25,,
Waitrose Kentish Town,Pet,Cat Food,Whiskas 7+ Fish in Jelly Wet Cat Food 12x85g,1.02kg,£5.20/kg,5.30,,
Waitrose Kentish Town,Pet,Cat Food,Whiskas Senior 7+ Adult Dry Cat Food with Chicken 800g,800g,£7.56/kg,6.05,,
Waitrose Kentish Town,Pet,Cat Litter,Catsan Hygiene Cat Litter 10l,10L,£0.92/L,9.20,,
Waitrose Kentish Town,Pet,Dog Food,BHeads Adult Beef Wet Dog Food 300g,300g,£8.00/kg,2.40,,
Waitrose Kentish Town,Pet,Dog Food,Bakers Small Dog Chicken 1.1kg,1.1kg,£4.32/kg,4.75,,
Waitrose Kentish Town,Pet,Dog Food,Barking Heads Adult Chicken Wet Dog Food 300g,300g,£8.83/kg,2.65,,
Waitrose Kentish Town,Pet,Dog Food,Butcher's Tripe Loaf Wet Dog Food 6 x 400g,2.4kg,£3.17/kg,7.60,,
Waitrose Kentish Town,Pet,Dog Food,Butchers Recipes In Jelly Wet Dog Food 6x400g,2.4kg,£3.17/kg,7.60,,
Waitrose Kentish Town,Pet,Dog Food,Forthglade Chicken Complete GF 395g,395g,£5.57/kg,2.20,,
Waitrose Kentish Town,Pet,Dog Food,Good Boy Mega Chewy Twist With Chicken 70g,70g,£47.14/kg,3.30,,
Waitrose Kentish Town,Pet,Dog Food,Harringtons Adult Dry Dog Food Rich in Turkey with Vegetables 1.7kg,1.7kg,£3.88/kg,6.60,,
Waitrose Kentish Town,Pet,Dog Food,LKitchen Dog Chicken Bites 70g,70g,£61.43/kg,4.30,,
Waitrose Kentish Town,Pet,Dog Food,LKitchen Org Puppy Dinner Dog Food 150g,150g,£14.67/kg,2.20,,
Waitrose Kentish Town,Pet,Dog Food,Lily's Kitchen Homestyle Chicken & Turkey Casserole Dog Food 400g,400g,£8.83/kg,3.53,4.15,15% off
Waitrose Kentish Town,Pet,Dog Food,Lily's Kitchen Organic Chicken Supper Dog Food 150g,150g,£14.67/kg,2.20,,
Waitrose Kentish Town,Pet,Dog Food,Pedigree DentaStix Small Dog Dental Chews 5x110g,550g,£12.29/kg,6.76,8.45,20% off
Waitrose Kentish Town,Pet,Dog Food,Scrumbles Chicken Wet Dog Food 150g,150g,£10.00/kg,1.50,,
Waitrose Kentish Town,Pet,Dog Food,Scrumbles Duck Wet Dog Food 150g,150g,£10.00/kg,1.50,,
Waitrose Kentish Town,Pet,Dog Food,Scrumbles Gnashers Dog Dental Sticks 7 Pack,7pk,£0.58 each,4.05,,
Waitrose Kentish Town,Pet,Dog Food,Scrumbles Nibbles Calming Dog Treats 100g,100g,£30.00/kg,3.00,,
Waitrose Kentish Town,Pet,Dog Food,Scumbles Chicken Duck Softies Dog Treats 90g,90g,£33.33/kg,3.00,,
Waitrose Kentish Town,Pet,Dog Food,Smally's Beef Snack Sticks Original 40g,40g,£62.50/kg,2.50,,
Waitrose Kentish Town,Pet,Dog Food,Waitrose Beef Dinner with Potatoes Wet Dog Food 300g,300g,£5.50/kg,1.65,,
Waitrose Kentish Town,Pet,Dog Food,Waitrose Chicken Game Jelly Wet Dog Food 400g,400g,£3.00/kg,1.20,,
Waitrose Kentish Town,Pet,Dog Food,Waitrose Chicken Meaty Strips Dog Treats 200g,200g,£5.75/kg,1.15,,
Waitrose Kentish Town,Pet,Dog Food,Waitrose Complete & Balance Adult Dry Dog Food Chicken & Veg 2.5kg,2.5kg,£1.94/kg,4.85,,
Waitrose Kentish Town,Pet,Dog Food,Waitrose Dog Biscuits 800g,800g,£3.63/kg,2.90,,
Waitrose Kentish Town,Pet,Dog Food,Waitrose Dog Dental Sticks 180g,180g,£6.11/kg,1.10,,
Waitrose Kentish Town,Pet,Dog Food,Waitrose Ess Chicken Terrine Dog Food 150g,150g,£4.67/kg,0.70,,
Waitrose Kentish Town,Pet,"Grooming, Healthcare & Accessories",Beco Eco Poo Bags 60ea,,,3.24,4.05,20% off
Waitrose Kentish Town,Pet,"Grooming, Healthcare & Accessories",Goodchap's - 25cm Eco Ball Rope Dog Toy,,,6.90,,
Waitrose Kentish Town,Pet,Offers,Beco Eco Poo Bags 60ea,,,3.24,4.05,20% off
Waitrose Kentish Town,Pet,Offers,Lily's Kitchen Homestyle Chicken & Turkey Casserole Dog Food 400g,400g,£8.83/kg,3.53,4.15,15% off
Waitrose Kentish Town,Pet,Offers,Pedigree DentaStix Small Dog Dental Chews 5x110g,550g,£12.29/kg,6.76,8.45,20% off
Waitrose Kentish Town,Pet,Offers,Purina Gourmet Perle Cat Food Pouches Country Medley 1020g,1.02kg,£5.82/kg,5.94,6.60,10% off
Waitrose Kentish Town,Pet,Pet,BHeads Adult Beef Wet Dog Food 300g,300g,£8.00/kg,2.40,,
Waitrose Kentish Town,Pet,Pet,Bakers Small Dog Chicken 1.1kg,1.1kg,£4.32/kg,4.75,,
Waitrose Kentish Town,Pet,Pet,Barking Heads Adult Chicken Wet Dog Food 300g,300g,£8.83/kg,2.65,,
Waitrose Kentish Town,Pet,Pet,Beco Eco Poo Bags 60ea,,,3.24,4.05,20% off
Waitrose Kentish Town,Pet,Pet,Butcher's Tripe Loaf Wet Dog Food 6 x 400g,2.4kg,£3.17/kg,7.60,,
Waitrose Kentish Town,Pet,Pet,Butchers Recipes In Jelly Wet Dog Food 6x400g,2.4kg,£3.17/kg,7.60,,
Waitrose Kentish Town,Pet,Pet,Catsan Hygiene Cat Litter 10l,10L,£0.92/L,9.20,,
Waitrose Kentish Town,Pet,Pet,Dreamies Adult Cat Treat Biscuits With Chicken 60g,60g,£29.17/kg,1.75,,
Waitrose Kentish Town,Pet,Pet,Dreamies Chicken Cat Treats 200g,200g,£25.25/kg,5.05,,
Waitrose Kentish Town,Pet,Pet,Encore Fish Selection Wet Cat Food 5x50g,250g,£23.20/kg,5.80,,
Waitrose Kentish Town,Pet,Pet,FELIX Doubly Delicious Meat Selection in Jelly Wet Cat Food 12x100g,1.2kg,£4.29/kg,5.15,,
Waitrose Kentish Town,Pet,Pet,Felix 1+ Ocean Wet Cat Food 12x100g,1.2kg,£4.58/kg,5.50,,
Waitrose Kentish Town,Pet,Pet,Felix As Good As It Looks Meat Selection in Jelly 12x100g,1.2kg,£4.46/kg,5.35,,
Waitrose Kentish Town,Pet,Pet,Felix As Good as it Looks Mixed Selection in Jelly 40x100g,4kg,£3.96/kg,15.85,,
Waitrose Kentish Town,Pet,Pet,Felix Original Fish Mixed Selection in Gravy 12x85g,1.02kg,£4.46/kg,4.55,,
Waitrose Kentish Town,Pet,Pet,Felix Senior Mixed in Jelly 12x85g,1.02kg,£4.66/kg,4.75,,
Waitrose Kentish Town,Pet,Pet,Forthglade Chicken Complete GF 395g,395g,£5.57/kg,2.20,,
Waitrose Kentish Town,Pet,Pet,Good Boy Mega Chewy Twist With Chicken 70g,70g,£47.14/kg,3.30,,
Waitrose Kentish Town,Pet,Pet,Goodchap's - 25cm Eco Ball Rope Dog Toy,,,6.90,,
Waitrose Kentish Town,Pet,Pet,Harringtons Adult Dry Dog Food Rich in Turkey with Vegetables 1.7kg,1.7kg,£3.88/kg,6.60,,
Waitrose Kentish Town,Pet,Pet,HiLife Chicken Breast Treats Cat 30g,30g,£183.33/kg,5.50,,
Waitrose Kentish Town,Pet,Pet,Iams Chicken Kitten Dry Cat Food 800g,800g,£7.69/kg,6.15,,
Waitrose Kentish Town,Pet,Pet,LKitchen Dog Chicken Bites 70g,70g,£61.43/kg,4.30,,
Waitrose Kentish Town,Pet,Pet,LKitchen Org Puppy Dinner Dog Food 150g,150g,£14.67/kg,2.20,,
Waitrose Kentish Town,Pet,Pet,Lily's Kitchen Homestyle Chicken & Turkey Casserole Dog Food 400g,400g,£8.83/kg,3.53,4.15,15% off
Waitrose Kentish Town,Pet,Pet,Lily's Kitchen Organic Chicken Supper Dog Food 150g,150g,£14.67/kg,2.20,,
Waitrose Kentish Town,Pet,Pet,Pedigree DentaStix Small Dog Dental Chews 5x110g,550g,£12.29/kg,6.76,8.45,20% off
Waitrose Kentish Town,Pet,Pet,Purina Felix 7+ Fish Selection Cat Food 12x100g,1.2kg,£4.08/kg,4.90,,
Waitrose Kentish Town,Pet,Pet,Purina Felix Junior Mixed Selection Kitten Food 12x100g,1.2kg,£4.29/kg,5.15,,
Waitrose Kentish Town,Pet,Pet,Purina Gourmet Fish Wet Cat Food 6x50g,300g,£9.33/kg,2.80,,
Waitrose Kentish Town,Pet,Pet,Purina Gourmet Gravy Wet Cat Food 12x85g,1.02kg,£6.47/kg,6.60,,
Waitrose Kentish Town,Pet,Pet,Purina Gourmet Mon Petit Fish Cat Food 6x50g,300g,£9.33/kg,2.80,,
Waitrose Kentish Town,Pet,Pet,Purina Gourmet Mon Petit Poultry Cat Food 6x50g,300g,£9.33/kg,2.80,,
Waitrose Kentish Town,Pet,Pet,Purina Gourmet Pate Mix Cat Food 8x85g,680g,£8.24/kg,5.60,,
Waitrose Kentish Town,Pet,Pet,Purina Gourmet Perle Adult Cat Food Pouches Ocean Delicacies In Gravy 12x85g  1020g,1.02kg,£6.47/kg,6.60,,
Waitrose Kentish Town,Pet,Pet,Purina Gourmet Perle Cat Food Pouches Country Medley 1020g,1.02kg,£5.82/kg,5.94,6.60,10% off
Waitrose Kentish Town,Pet,Pet,Purina One Adult Cat Salmon And Whole Grains 800g,800g,£10.50/kg,8.40,,
Waitrose Kentish Town,Pet,Pet,Purina One Adult Dry Cat Food Chicken And Wholegrains 800g,800g,£10.50/kg,8.40,,
Waitrose Kentish Town,Pet,Pet,Scrumbles - Complete Dry Cat Food for Adult & Senior (Chicken with Salmon) - 750g,,,8.80,,
Waitrose Kentish Town,Pet,Pet,Scrumbles Chicken Wet Dog Food 150g,150g,£10.00/kg,1.50,,
Waitrose Kentish Town,Pet,Pet,Scrumbles Duck Wet Dog Food 150g,150g,£10.00/kg,1.50,,
Waitrose Kentish Town,Pet,Pet,Scrumbles Gnashers Dog Dental Sticks 7 Pack,7pk,£0.58 each,4.05,,
Waitrose Kentish Town,Pet,Pet,Scrumbles Nibbles Calming Dog Treats 100g,100g,£30.00/kg,3.00,,
Waitrose Kentish Town,Pet,Pet,Scumbles Chicken Duck Softies Dog Treats 90g,90g,£33.33/kg,3.00,,
Waitrose Kentish Town,Pet,Pet,Smally's Beef Snack Sticks Original 40g,40g,£62.50/kg,2.50,,
Waitrose Kentish Town,Pet,Pet,Waitrose Beef Dinner with Potatoes Wet Dog Food 300g,300g,£5.50/kg,1.65,,
Waitrose Kentish Town,Pet,Pet,Waitrose Chicken Game Jelly Wet Dog Food 400g,400g,£3.00/kg,1.20,,
Waitrose Kentish Town,Pet,Pet,Waitrose Chicken Meaty Strips Dog Treats 200g,200g,£5.75/kg,1.15,,
Waitrose Kentish Town,Pet,Pet,Waitrose Complete & Balance Adult Dry Dog Food Chicken & Veg 2.5kg,2.5kg,£1.94/kg,4.85,,
Waitrose Kentish Town,Pet,Pet,Waitrose Complete & Balance Chicken & Veg Cat Food 950g,950g,£2.79/kg,2.65,,
Waitrose Kentish Town,Pet,Pet,Waitrose Dog Biscuits 800g,800g,£3.63/kg,2.90,,
Waitrose Kentish Town,Pet,Pet,Waitrose Dog Dental Sticks 180g,180g,£6.11/kg,1.10,,
Waitrose Kentish Town,Pet,Pet,Waitrose Ess Chicken Terrine Dog Food 150g,150g,£4.67/kg,0.70,,
Waitrose Kentish Town,Pet,Pet,Waitrose Essential Chicken in Jelly Wet Cat Food 400g,400g,£2.63/kg,1.05,,
Waitrose Kentish Town,Pet,Pet,Waitrose Meat Chunks in Jelly Selection Dog Food 6 x 400g,2.4kg,£2.33/kg,5.60,,
Waitrose Kentish Town,Pet,Pet,Whiskas 1+ Poultry Selection in Jelly 12x100g,1.2kg,£4.38/kg,5.25,,
Waitrose Kentish Town,Pet,Pet,Whiskas 7+ Fish in Jelly Wet Cat Food 12x85g,1.02kg,£5.20/kg,5.30,,
Waitrose Kentish Town,Pet,Pet,Whiskas Senior 7+ Adult Dry Cat Food with Chicken 800g,800g,£7.56/kg,6.05,,
Waitrose Kentish Town,"Pizza, Pasta, Ready Meals",Discover our Waitrose No.1 Range,Waitrose No.1 Beef Lasagne 400g,,,8.80,11.00,20% off
Waitrose Kentish Town,"Pizza, Pasta, Ready Meals",Discover our Waitrose No.1 Range,Waitrose No.1 Butter Chicken Masala for 2 400g,400g,£18.13/kg,7.25,,
Waitrose Kentish Town,"Pizza, Pasta, Ready Meals",Discover our Waitrose No.1 Range,"Waitrose No.1 Chicken, Bacon & Leek Pie 500g",500g,£15.60/kg,7.80,,
Waitrose Kentish Town,"Pizza, Pasta, Ready Meals",Discover our Waitrose No.1 Range,Waitrose No.1 Quartz Cheddar &Shallot Tart 2x120g,240g,£16.04/kg,3.85,5.50,30% off
Waitrose Kentish Town,"Pizza, Pasta, Ready Meals",Discover our Waitrose No.1 Range,Waitrose No.1 Slow Cooked Beef Madras Curry for 2 400g,400g,£20.00/kg,8.00,,
Waitrose Kentish Town,"Pizza, Pasta, Ready Meals",Discover our Waitrose No.1 Range,Waitrose No.1 Spicy Calabrian Salami Sourdough Pizza 490g,490g,£11.84/kg,5.80,7.25,20% off
Waitrose Kentish Town,"Pizza, Pasta, Ready Meals",Discover our Waitrose No.1 Range,Waitrose No.1 Wild Garlic & Pesto Tortelloni 250g,250g,£15.40/kg,3.85,5.50,30% off
Waitrose Kentish Town,"Pizza, Pasta, Ready Meals",Discover our Waitrose No.1 Range,Waitrose No.1 Woodfire Margherita Sourdough Pizza 465g,465g,£13.87/kg,6.45,,
Waitrose Kentish Town,"Pizza, Pasta, Ready Meals",Easy Meals,"Charlie Bigham's Bacon, Butternut & Sage Pasta For Two 700g",700g,£15.64/kg,10.95,,
Waitrose Kentish Town,"Pizza, Pasta, Ready Meals",Easy Meals,Charlie Bigham's Macaroni Cheese with Crispy Bacon 360g,,,7.15,,
Waitrose Kentish Town,"Pizza, Pasta, Ready Meals",Easy Meals,Charlie Bigham's Spaghetti Bolognese 360g,360g,£19.86/kg,7.15,,
Waitrose Kentish Town,"Pizza, Pasta, Ready Meals",Easy Meals,Charlie Bigham's Thai Green Curry 403g,403g,£17.74/kg,7.15,,
Waitrose Kentish Town,"Pizza, Pasta, Ready Meals",Easy Meals,Waitrose Broccoli Spinach Ricotta Quiche 400g,,,4.35,,
Waitrose Kentish Town,"Pizza, Pasta, Ready Meals",Easy Meals,Waitrose Cheese & Onion Quiche 400g,400g,£10.88/kg,4.35,,
Waitrose Kentish Town,"Pizza, Pasta, Ready Meals",Easy Meals,Waitrose Essential Tomato & Mozzarella Tortelloni 300g,300g,£8.00/kg,2.40,,
Waitrose Kentish Town,"Pizza, Pasta, Ready Meals",Easy Meals,Waitrose Fresh Gnocchi 500g,500g,£5.50/kg,2.75,,
Waitrose Kentish Town,"Pizza, Pasta, Ready Meals",Easy Meals,Waitrose Fresh Tagliatelle Pasta 500g,500g,£5.50/kg,2.75,,
Waitrose Kentish Town,"Pizza, Pasta, Ready Meals",Easy Meals,Waitrose Indian Chicken Korma Curry with Pilau Rice 400g,400g,£11.50/kg,4.60,,
Waitrose Kentish Town,"Pizza, Pasta, Ready Meals",Easy Meals,Waitrose Indian Chicken Tikka Masala & Rice Ready Meal 400g,400g,£11.50/kg,4.60,,
Waitrose Kentish Town,"Pizza, Pasta, Ready Meals",Easy Meals,Waitrose Italian Chicken Arrabbiata 400g,400g,£11.50/kg,4.60,,
Waitrose Kentish Town,"Pizza, Pasta, Ready Meals",Easy Meals,Waitrose Italian Chicken Fettuccine 400g,400g,£11.00/kg,4.40,,
Waitrose Kentish Town,"Pizza, Pasta, Ready Meals",Easy Meals,Waitrose Italian Pesto Chicken Pasta 375g,375g,£11.20/kg,4.20,,
Waitrose Kentish Town,"Pizza, Pasta, Ready Meals",Easy Meals,Waitrose Italian Spaghetti & Meatballs 400g,400g,£5.75/kg,2.30,4.60,50% off
Waitrose Kentish Town,"Pizza, Pasta, Ready Meals",Easy Meals,Waitrose Italian Spaghetti Bolognese Ready Meal  400g,400g,£7.88/kg,3.15,4.50,30% off
Waitrose Kentish Town,"Pizza, Pasta, Ready Meals",Easy Meals,Waitrose Italian Spaghetti Carbonara Ready Meal  400g,400g,£5.63/kg,2.25,4.50,50% off
Waitrose Kentish Town,"Pizza, Pasta, Ready Meals",Easy Meals,Waitrose Mashed Potato 450g,450g,£7.11/kg,3.20,,
Waitrose Kentish Town,"Pizza, Pasta, Ready Meals",Easy Meals,Waitrose Mushroom & Ricotta Ravioli 250g,,,4.05,,
Waitrose Kentish Town,"Pizza, Pasta, Ready Meals",Easy Meals,Waitrose Prosciutto Cappelletti 310g,310g,£13.55/kg,4.20,,
Waitrose Kentish Town,"Pizza, Pasta, Ready Meals",Easy Meals,Waitrose Pumpkin and Pine Nut Fiorelli 250g,250g,£11.76/kg,2.94,4.20,30% off
Waitrose Kentish Town,"Pizza, Pasta, Ready Meals",Filled Pasta,Waitrose Essential Tomato & Mozzarella Tortelloni 300g,300g,£8.00/kg,2.40,,
Waitrose Kentish Town,"Pizza, Pasta, Ready Meals",Filled Pasta,Waitrose Mushroom & Ricotta Ravioli 250g,,,4.05,,
Waitrose Kentish Town,"Pizza, Pasta, Ready Meals",Filled Pasta,Waitrose Prosciutto Cappelletti 310g,310g,£13.55/kg,4.20,,
Waitrose Kentish Town,"Pizza, Pasta, Ready Meals",Filled Pasta,Waitrose Pumpkin and Pine Nut Fiorelli 250g,250g,£11.76/kg,2.94,4.20,30% off
Waitrose Kentish Town,"Pizza, Pasta, Ready Meals",Filled Pasta,Waitrose Spinach & Ricotta Ravioli 310g,310g,£13.55/kg,4.20,,
Waitrose Kentish Town,"Pizza, Pasta, Ready Meals",Fresh Pasta,Garofalo - Potato Gnocchi - 500g,500g,£3.60/kg,1.80,,
Waitrose Kentish Town,"Pizza, Pasta, Ready Meals",Fresh Pasta,Waitrose Fresh Gnocchi 500g,500g,£5.50/kg,2.75,,
Waitrose Kentish Town,"Pizza, Pasta, Ready Meals",Fresh Pasta,Waitrose Fresh Penne Pasta 500g,500g,£5.70/kg,2.85,,
Waitrose Kentish Town,"Pizza, Pasta, Ready Meals",Fresh Pasta,Waitrose Fresh Tagliatelle Pasta 500g,500g,£5.50/kg,2.75,,
Waitrose Kentish Town,"Pizza, Pasta, Ready Meals",Fresh Pasta,Waitrose No.1 Wild Garlic & Pesto Tortelloni 250g,250g,£15.40/kg,3.85,5.50,30% off
Waitrose Kentish Town,"Pizza, Pasta, Ready Meals",Fresh Pizza,Crosta and Mollica Stromboli Pizza 447g,447g,£8.01/kg,3.58,7.15,50% off
Waitrose Kentish Town,"Pizza, Pasta, Ready Meals",Fresh Pizza,Pizza Express Classic American Pizza 250g,250g,£21.12/kg,5.28,6.60,20% off
Waitrose Kentish Town,"Pizza, Pasta, Ready Meals",Fresh Pizza,Pizza Express Classic Margherita Pizza 245g,245g,£21.55/kg,5.28,6.60,20% off
Waitrose Kentish Town,"Pizza, Pasta, Ready Meals",Fresh Pizza,Waitrose Garlic Mushroom and Spinach Pizza 395g,395g,£8.43/kg,3.33,4.75,30% off
Waitrose Kentish Town,"Pizza, Pasta, Ready Meals",Fresh Pizza,Waitrose Margherita Pizza 410g,356g,£10.67/kg,3.80,,
Waitrose Kentish Town,"Pizza, Pasta, Ready Meals",Fresh Pizza,"Waitrose Mushroom, Bacon & Mascarpone Pizza 440g",440g,£13.41/kg,5.90,,
Waitrose Kentish Town,"Pizza, Pasta, Ready Meals",Fresh Pizza,Waitrose No.1 Mushroom & Truffle Sourdough Pizza 438g,438g,£13.24/kg,5.80,7.25,20% off
Waitrose Kentish Town,"Pizza, Pasta, Ready Meals",Fresh Pizza,Waitrose No.1 Spicy Calabrian Salami Sourdough Pizza 490g,490g,£11.84/kg,5.80,7.25,20% off
Waitrose Kentish Town,"Pizza, Pasta, Ready Meals",Fresh Pizza,Waitrose No.1 Woodfire Margherita Sourdough Pizza 465g,465g,£13.87/kg,6.45,,
Waitrose Kentish Town,"Pizza, Pasta, Ready Meals",Fruit & Veg,Waitrose Wild Garlic Baby Potatoes 400g,400g,£7.75/kg,3.10,,
Waitrose Kentish Town,"Pizza, Pasta, Ready Meals",Garlic Bread & Dough Balls,Pizza Express Original Dough Balls 200g,200g,£19.40/kg,3.88,4.85,20% off
Waitrose Kentish Town,"Pizza, Pasta, Ready Meals",Garlic Bread & Dough Balls,Waitrose Extra Virgin Olive Oil & Garlic Flatbread 165g,165g,£17.88/kg,2.95,,
Waitrose Kentish Town,"Pizza, Pasta, Ready Meals",Garlic Bread & Dough Balls,Waitrose No.1 Hand-Stretched Roasted Garlic & Buffalo Mozzarella Flatbread 230g,230g,£15.13/kg,3.48,4.35,20% off
Waitrose Kentish Town,"Pizza, Pasta, Ready Meals","Meat, Fish & Poultry",Waitrose High Protein Beef & Pork Meatballs 400g,400g,£13.75/kg,5.50,,
Waitrose Kentish Town,"Pizza, Pasta, Ready Meals",Offers,Charlie Bigham's Chicken Tikka Masala & Pilau Rice Ready Meal 805g,805g,£10.68/kg,8.60,10.75,20% off
Waitrose Kentish Town,"Pizza, Pasta, Ready Meals",Offers,Charlie Bigham's Cottage Pie 325g,325g,£17.60/kg,5.72,7.15,20% off
Waitrose Kentish Town,"Pizza, Pasta, Ready Meals",Offers,Charlie Bigham's Lasagne Ready Meal 690g,690g,£12.46/kg,8.60,10.75,20% off
Waitrose Kentish Town,"Pizza, Pasta, Ready Meals",Offers,Charlie Bigham’s Fish Pie for One (340g),340g,£16.82/kg,5.72,7.15,20% off
Waitrose Kentish Town,"Pizza, Pasta, Ready Meals",Offers,Crosta and Mollica Stromboli Pizza 447g,447g,£8.01/kg,3.58,7.15,50% off
Waitrose Kentish Town,"Pizza, Pasta, Ready Meals",Offers,Pizza Express Classic American Pizza 250g,250g,£21.12/kg,5.28,6.60,20% off
Waitrose Kentish Town,"Pizza, Pasta, Ready Meals",Offers,Pizza Express Classic Margherita Pizza 245g,245g,£21.55/kg,5.28,6.60,20% off
Waitrose Kentish Town,"Pizza, Pasta, Ready Meals",Offers,Pizza Express Original Dough Balls 200g,200g,£19.40/kg,3.88,4.85,20% off
Waitrose Kentish Town,"Pizza, Pasta, Ready Meals",Offers,Waitrose Chicken & Parmesan Fettuccine - 400g,400g,£8.60/kg,3.44,4.30,20% off
Waitrose Kentish Town,"Pizza, Pasta, Ready Meals",Offers,Waitrose Garlic Mushroom and Spinach Pizza 395g,395g,£8.43/kg,3.33,4.75,30% off
Waitrose Kentish Town,"Pizza, Pasta, Ready Meals",Offers,Waitrose Italian Spaghetti & Meatballs 400g,400g,£5.75/kg,2.30,4.60,50% off
Waitrose Kentish Town,"Pizza, Pasta, Ready Meals",Offers,Waitrose Italian Spaghetti Bolognese Ready Meal  400g,400g,£7.88/kg,3.15,4.50,30% off
Waitrose Kentish Town,"Pizza, Pasta, Ready Meals",Offers,Waitrose Italian Spaghetti Carbonara Ready Meal  400g,400g,£5.63/kg,2.25,4.50,50% off
Waitrose Kentish Town,"Pizza, Pasta, Ready Meals",Offers,Waitrose No.1 Beef Lasagne 400g,,,8.80,11.00,20% off
Waitrose Kentish Town,"Pizza, Pasta, Ready Meals",Offers,Waitrose No.1 Green Vegetable Medley 225g,225g,£15.29/kg,3.44,4.30,20% off
Waitrose Kentish Town,"Pizza, Pasta, Ready Meals",Offers,Waitrose No.1 Hand-Stretched Roasted Garlic & Buffalo Mozzarella Flatbread 230g,230g,£15.13/kg,3.48,4.35,20% off
Waitrose Kentish Town,"Pizza, Pasta, Ready Meals",Offers,Waitrose No.1 Mushroom & Truffle Sourdough Pizza 438g,438g,£13.24/kg,5.80,7.25,20% off
Waitrose Kentish Town,"Pizza, Pasta, Ready Meals",Offers,Waitrose No.1 Quartz Cheddar &Shallot Tart 2x120g,240g,£16.04/kg,3.85,5.50,30% off
Waitrose Kentish Town,"Pizza, Pasta, Ready Meals",Offers,Waitrose No.1 Spicy Calabrian Salami Sourdough Pizza 490g,490g,£11.84/kg,5.80,7.25,20% off
Waitrose Kentish Town,"Pizza, Pasta, Ready Meals",Offers,Waitrose No.1 Spinach and Ricotta Lasagne 400g,,,8.80,11.00,20% off
Waitrose Kentish Town,"Pizza, Pasta, Ready Meals",Offers,Waitrose No.1 Triple Cooked Chips 400g,400g,£8.80/kg,3.52,4.40,20% off
Waitrose Kentish Town,"Pizza, Pasta, Ready Meals",Offers,Waitrose No.1 Wild Garlic & Pesto Tortelloni 250g,250g,£15.40/kg,3.85,5.50,30% off
Waitrose Kentish Town,"Pizza, Pasta, Ready Meals",Offers,Waitrose Pumpkin and Pine Nut Fiorelli 250g,250g,£11.76/kg,2.94,4.20,30% off
Waitrose Kentish Town,"Pizza, Pasta, Ready Meals",Offers,Waitrose Quiche Lorraine 400g,400g,£5.33/kg,2.13,4.25,50% off
Waitrose Kentish Town,"Pizza, Pasta, Ready Meals","Pies, Quiche & Tarts",Waitrose Broccoli Spinach Ricotta Quiche 400g,,,4.35,,
Waitrose Kentish Town,"Pizza, Pasta, Ready Meals","Pies, Quiche & Tarts",Waitrose Cheese & Onion Quiche 400g,400g,£10.88/kg,4.35,,
Waitrose Kentish Town,"Pizza, Pasta, Ready Meals","Pies, Quiche & Tarts",Waitrose Melton Mowbray Pork Pies 6 per pack,6pk,£0.63 each,3.75,,
Waitrose Kentish Town,"Pizza, Pasta, Ready Meals","Pies, Quiche & Tarts","Waitrose No.1 Chicken, Bacon & Leek Pie 500g",500g,£15.60/kg,7.80,,
Waitrose Kentish Town,"Pizza, Pasta, Ready Meals","Pies, Quiche & Tarts",Waitrose No.1 Quartz Cheddar &Shallot Tart 2x120g,240g,£16.04/kg,3.85,5.50,30% off
Waitrose Kentish Town,"Pizza, Pasta, Ready Meals","Pies, Quiche & Tarts",Waitrose Quiche Lorraine 400g,400g,£5.33/kg,2.13,4.25,50% off
Waitrose Kentish Town,"Pizza, Pasta, Ready Meals","Pizza, Pasta, Ready Meals","Charlie Bigham's Bacon, Butternut & Sage Pasta For Two 700g",700g,£15.64/kg,10.95,,
Waitrose Kentish Town,"Pizza, Pasta, Ready Meals","Pizza, Pasta, Ready Meals",Charlie Bigham's Chicken Tikka Masala & Pilau Rice Ready Meal 805g,805g,£10.68/kg,8.60,10.75,20% off
Waitrose Kentish Town,"Pizza, Pasta, Ready Meals","Pizza, Pasta, Ready Meals",Charlie Bigham's Cottage Pie 325g,325g,£17.60/kg,5.72,7.15,20% off
Waitrose Kentish Town,"Pizza, Pasta, Ready Meals","Pizza, Pasta, Ready Meals",Charlie Bigham's Lasagne Ready Meal 690g,690g,£12.46/kg,8.60,10.75,20% off
Waitrose Kentish Town,"Pizza, Pasta, Ready Meals","Pizza, Pasta, Ready Meals",Charlie Bigham's Macaroni Cheese with Crispy Bacon 360g,,,7.15,,
Waitrose Kentish Town,"Pizza, Pasta, Ready Meals","Pizza, Pasta, Ready Meals",Charlie Bigham's Spaghetti Bolognese 360g,360g,£19.86/kg,7.15,,
Waitrose Kentish Town,"Pizza, Pasta, Ready Meals","Pizza, Pasta, Ready Meals",Charlie Bigham's Thai Green Curry 403g,403g,£17.74/kg,7.15,,
Waitrose Kentish Town,"Pizza, Pasta, Ready Meals","Pizza, Pasta, Ready Meals",Charlie Bigham’s Fish Pie for One (340g),340g,£16.82/kg,5.72,7.15,20% off
Waitrose Kentish Town,"Pizza, Pasta, Ready Meals","Pizza, Pasta, Ready Meals",Crosta and Mollica Stromboli Pizza 447g,447g,£8.01/kg,3.58,7.15,50% off
Waitrose Kentish Town,"Pizza, Pasta, Ready Meals","Pizza, Pasta, Ready Meals",Garofalo - Potato Gnocchi - 500g,500g,£3.60/kg,1.80,,
Waitrose Kentish Town,"Pizza, Pasta, Ready Meals","Pizza, Pasta, Ready Meals",Gran Luchito Chilli Con Carne Sauce 450g,450g,£9.67/kg,4.35,,
Waitrose Kentish Town,"Pizza, Pasta, Ready Meals","Pizza, Pasta, Ready Meals",Pizza Express Classic American Pizza 250g,250g,£21.12/kg,5.28,6.60,20% off
Waitrose Kentish Town,"Pizza, Pasta, Ready Meals","Pizza, Pasta, Ready Meals",Pizza Express Classic Margherita Pizza 245g,245g,£21.55/kg,5.28,6.60,20% off
Waitrose Kentish Town,"Pizza, Pasta, Ready Meals","Pizza, Pasta, Ready Meals",Pizza Express Original Dough Balls 200g,200g,£19.40/kg,3.88,4.85,20% off
Waitrose Kentish Town,"Pizza, Pasta, Ready Meals","Pizza, Pasta, Ready Meals",Waitrose Broccoli Spinach Ricotta Quiche 400g,,,4.35,,
Waitrose Kentish Town,"Pizza, Pasta, Ready Meals","Pizza, Pasta, Ready Meals",Waitrose Cheese & Onion Quiche 400g,400g,£10.88/kg,4.35,,
Waitrose Kentish Town,"Pizza, Pasta, Ready Meals","Pizza, Pasta, Ready Meals",Waitrose Chicken & Parmesan Fettuccine - 400g,400g,£8.60/kg,3.44,4.30,20% off
Waitrose Kentish Town,"Pizza, Pasta, Ready Meals","Pizza, Pasta, Ready Meals",Waitrose Essential Tomato & Mozzarella Tortelloni 300g,300g,£8.00/kg,2.40,,
Waitrose Kentish Town,"Pizza, Pasta, Ready Meals","Pizza, Pasta, Ready Meals",Waitrose Extra Virgin Olive Oil & Garlic Flatbread 165g,165g,£17.88/kg,2.95,,
Waitrose Kentish Town,"Pizza, Pasta, Ready Meals","Pizza, Pasta, Ready Meals",Waitrose Fresh Gnocchi 500g,500g,£5.50/kg,2.75,,
Waitrose Kentish Town,"Pizza, Pasta, Ready Meals","Pizza, Pasta, Ready Meals",Waitrose Fresh Penne Pasta 500g,500g,£5.70/kg,2.85,,
Waitrose Kentish Town,"Pizza, Pasta, Ready Meals","Pizza, Pasta, Ready Meals",Waitrose Fresh Tagliatelle Pasta 500g,500g,£5.50/kg,2.75,,
Waitrose Kentish Town,"Pizza, Pasta, Ready Meals","Pizza, Pasta, Ready Meals",Waitrose Garlic Mushroom and Spinach Pizza 395g,395g,£8.43/kg,3.33,4.75,30% off
Waitrose Kentish Town,"Pizza, Pasta, Ready Meals","Pizza, Pasta, Ready Meals",Waitrose High Protein Beef & Pork Meatballs 400g,400g,£13.75/kg,5.50,,
Waitrose Kentish Town,"Pizza, Pasta, Ready Meals","Pizza, Pasta, Ready Meals",Waitrose Indian Chicken Korma Curry with Pilau Rice 400g,400g,£11.50/kg,4.60,,
Waitrose Kentish Town,"Pizza, Pasta, Ready Meals","Pizza, Pasta, Ready Meals",Waitrose Indian Chicken Tikka Masala & Rice Ready Meal 400g,400g,£11.50/kg,4.60,,
Waitrose Kentish Town,"Pizza, Pasta, Ready Meals","Pizza, Pasta, Ready Meals",Waitrose Italian Chicken Arrabbiata 400g,400g,£11.50/kg,4.60,,
Waitrose Kentish Town,"Pizza, Pasta, Ready Meals","Pizza, Pasta, Ready Meals",Waitrose Italian Chicken Fettuccine 400g,400g,£11.00/kg,4.40,,
Waitrose Kentish Town,"Pizza, Pasta, Ready Meals","Pizza, Pasta, Ready Meals",Waitrose Italian Pesto Chicken Pasta 375g,375g,£11.20/kg,4.20,,
Waitrose Kentish Town,"Pizza, Pasta, Ready Meals","Pizza, Pasta, Ready Meals",Waitrose Italian Spaghetti & Meatballs 400g,400g,£5.75/kg,2.30,4.60,50% off
Waitrose Kentish Town,"Pizza, Pasta, Ready Meals","Pizza, Pasta, Ready Meals",Waitrose Italian Spaghetti Bolognese Ready Meal  400g,400g,£7.88/kg,3.15,4.50,30% off
Waitrose Kentish Town,"Pizza, Pasta, Ready Meals","Pizza, Pasta, Ready Meals",Waitrose Italian Spaghetti Carbonara Ready Meal  400g,400g,£5.63/kg,2.25,4.50,50% off
Waitrose Kentish Town,"Pizza, Pasta, Ready Meals","Pizza, Pasta, Ready Meals",Waitrose Margherita Pizza 410g,356g,£10.67/kg,3.80,,
Waitrose Kentish Town,"Pizza, Pasta, Ready Meals","Pizza, Pasta, Ready Meals",Waitrose Mashed Potato 450g,450g,£7.11/kg,3.20,,
Waitrose Kentish Town,"Pizza, Pasta, Ready Meals","Pizza, Pasta, Ready Meals",Waitrose Melton Mowbray Pork Pies 6 per pack,6pk,£0.63 each,3.75,,
Waitrose Kentish Town,"Pizza, Pasta, Ready Meals","Pizza, Pasta, Ready Meals",Waitrose Mushroom & Ricotta Ravioli 250g,,,4.05,,
Waitrose Kentish Town,"Pizza, Pasta, Ready Meals","Pizza, Pasta, Ready Meals","Waitrose Mushroom, Bacon & Mascarpone Pizza 440g",440g,£13.41/kg,5.90,,
Waitrose Kentish Town,"Pizza, Pasta, Ready Meals","Pizza, Pasta, Ready Meals",Waitrose No.1 Beef Lasagne 400g,,,8.80,11.00,20% off
Waitrose Kentish Town,"Pizza, Pasta, Ready Meals","Pizza, Pasta, Ready Meals",Waitrose No.1 Butter Chicken Masala for 2 400g,400g,£18.13/kg,7.25,,
Waitrose Kentish Town,"Pizza, Pasta, Ready Meals","Pizza, Pasta, Ready Meals","Waitrose No.1 Chicken, Bacon & Leek Pie 500g",500g,£15.60/kg,7.80,,
Waitrose Kentish Town,"Pizza, Pasta, Ready Meals","Pizza, Pasta, Ready Meals",Waitrose No.1 Green Vegetable Medley 225g,225g,£15.29/kg,3.44,4.30,20% off
Waitrose Kentish Town,"Pizza, Pasta, Ready Meals","Pizza, Pasta, Ready Meals",Waitrose No.1 Hand-Stretched Roasted Garlic & Buffalo Mozzarella Flatbread 230g,230g,£15.13/kg,3.48,4.35,20% off
Waitrose Kentish Town,"Pizza, Pasta, Ready Meals","Pizza, Pasta, Ready Meals",Waitrose No.1 Maris Piper Mash,,,4.40,,
Waitrose Kentish Town,"Pizza, Pasta, Ready Meals","Pizza, Pasta, Ready Meals",Waitrose No.1 Mushroom & Truffle Sourdough Pizza 438g,438g,£13.24/kg,5.80,7.25,20% off
Waitrose Kentish Town,"Pizza, Pasta, Ready Meals","Pizza, Pasta, Ready Meals",Waitrose No.1 Quartz Cheddar &Shallot Tart 2x120g,240g,£16.04/kg,3.85,5.50,30% off
Waitrose Kentish Town,"Pizza, Pasta, Ready Meals","Pizza, Pasta, Ready Meals",Waitrose No.1 Slow Cooked Beef Madras Curry for 2 400g,400g,£20.00/kg,8.00,,
Waitrose Kentish Town,"Pizza, Pasta, Ready Meals","Pizza, Pasta, Ready Meals",Waitrose No.1 Spicy Calabrian Salami Sourdough Pizza 490g,490g,£11.84/kg,5.80,7.25,20% off
Waitrose Kentish Town,"Pizza, Pasta, Ready Meals","Pizza, Pasta, Ready Meals",Waitrose No.1 Spinach and Ricotta Lasagne 400g,,,8.80,11.00,20% off
Waitrose Kentish Town,"Pizza, Pasta, Ready Meals","Pizza, Pasta, Ready Meals",Waitrose No.1 Triple Cooked Chips 400g,400g,£8.80/kg,3.52,4.40,20% off
Waitrose Kentish Town,"Pizza, Pasta, Ready Meals","Pizza, Pasta, Ready Meals",Waitrose No.1 Triple Cooked Fries with Cornish Sea Salt,,,4.40,,
Waitrose Kentish Town,"Pizza, Pasta, Ready Meals","Pizza, Pasta, Ready Meals",Waitrose No.1 Wild Garlic & Pesto Tortelloni 250g,250g,£15.40/kg,3.85,5.50,30% off
Waitrose Kentish Town,"Pizza, Pasta, Ready Meals","Pizza, Pasta, Ready Meals",Waitrose No.1 Woodfire Margherita Sourdough Pizza 465g,465g,£13.87/kg,6.45,,
Waitrose Kentish Town,"Pizza, Pasta, Ready Meals","Pizza, Pasta, Ready Meals",Waitrose Pilau Rice 250g,250g,£4.20/kg,1.05,,
Waitrose Kentish Town,"Pizza, Pasta, Ready Meals","Pizza, Pasta, Ready Meals",Waitrose Prosciutto Cappelletti 310g,310g,£13.55/kg,4.20,,
Waitrose Kentish Town,"Pizza, Pasta, Ready Meals","Pizza, Pasta, Ready Meals",Waitrose Pumpkin and Pine Nut Fiorelli 250g,250g,£11.76/kg,2.94,4.20,30% off
Waitrose Kentish Town,"Pizza, Pasta, Ready Meals","Pizza, Pasta, Ready Meals",Waitrose Quiche Lorraine 400g,400g,£5.33/kg,2.13,4.25,50% off
Waitrose Kentish Town,"Pizza, Pasta, Ready Meals","Pizza, Pasta, Ready Meals",Waitrose Spinach & Ricotta Ravioli 310g,310g,£13.55/kg,4.20,,
Waitrose Kentish Town,"Pizza, Pasta, Ready Meals","Pizza, Pasta, Ready Meals",Waitrose Wild Garlic Baby Potatoes 400g,400g,£7.75/kg,3.10,,
Waitrose Kentish Town,"Pizza, Pasta, Ready Meals",Ready Meals,"Charlie Bigham's Bacon, Butternut & Sage Pasta For Two 700g",700g,£15.64/kg,10.95,,
Waitrose Kentish Town,"Pizza, Pasta, Ready Meals",Ready Meals,Charlie Bigham's Chicken Tikka Masala & Pilau Rice Ready Meal 805g,805g,£10.68/kg,8.60,10.75,20% off
Waitrose Kentish Town,"Pizza, Pasta, Ready Meals",Ready Meals,Charlie Bigham's Cottage Pie 325g,325g,£17.60/kg,5.72,7.15,20% off
Waitrose Kentish Town,"Pizza, Pasta, Ready Meals",Ready Meals,Charlie Bigham's Lasagne Ready Meal 690g,690g,£12.46/kg,8.60,10.75,20% off
Waitrose Kentish Town,"Pizza, Pasta, Ready Meals",Ready Meals,Charlie Bigham's Macaroni Cheese with Crispy Bacon 360g,,,7.15,,
Waitrose Kentish Town,"Pizza, Pasta, Ready Meals",Ready Meals,Charlie Bigham's Spaghetti Bolognese 360g,360g,£19.86/kg,7.15,,
Waitrose Kentish Town,"Pizza, Pasta, Ready Meals",Ready Meals,Charlie Bigham's Thai Green Curry 403g,403g,£17.74/kg,7.15,,
Waitrose Kentish Town,"Pizza, Pasta, Ready Meals",Ready Meals,Charlie Bigham’s Fish Pie for One (340g),340g,£16.82/kg,5.72,7.15,20% off
Waitrose Kentish Town,"Pizza, Pasta, Ready Meals",Ready Meals,Gran Luchito Chilli Con Carne Sauce 450g,450g,£9.67/kg,4.35,,
Waitrose Kentish Town,"Pizza, Pasta, Ready Meals",Ready Meals,Waitrose Chicken & Parmesan Fettuccine - 400g,400g,£8.60/kg,3.44,4.30,20% off
Waitrose Kentish Town,"Pizza, Pasta, Ready Meals",Ready Meals,Waitrose High Protein Beef & Pork Meatballs 400g,400g,£13.75/kg,5.50,,
Waitrose Kentish Town,"Pizza, Pasta, Ready Meals",Ready Meals,Waitrose Indian Chicken Korma Curry with Pilau Rice 400g,400g,£11.50/kg,4.60,,
Waitrose Kentish Town,"Pizza, Pasta, Ready Meals",Ready Meals,Waitrose Indian Chicken Tikka Masala & Rice Ready Meal 400g,400g,£11.50/kg,4.60,,
Waitrose Kentish Town,"Pizza, Pasta, Ready Meals",Ready Meals,Waitrose Italian Chicken Arrabbiata 400g,400g,£11.50/kg,4.60,,
Waitrose Kentish Town,"Pizza, Pasta, Ready Meals",Ready Meals,Waitrose Italian Chicken Fettuccine 400g,400g,£11.00/kg,4.40,,
Waitrose Kentish Town,"Pizza, Pasta, Ready Meals",Ready Meals,Waitrose Italian Pesto Chicken Pasta 375g,375g,£11.20/kg,4.20,,
Waitrose Kentish Town,"Pizza, Pasta, Ready Meals",Ready Meals,Waitrose Italian Spaghetti & Meatballs 400g,400g,£5.75/kg,2.30,4.60,50% off
Waitrose Kentish Town,"Pizza, Pasta, Ready Meals",Ready Meals,Waitrose Italian Spaghetti Bolognese Ready Meal  400g,400g,£7.88/kg,3.15,4.50,30% off
Waitrose Kentish Town,"Pizza, Pasta, Ready Meals",Ready Meals,Waitrose Italian Spaghetti Carbonara Ready Meal  400g,400g,£5.63/kg,2.25,4.50,50% off
Waitrose Kentish Town,"Pizza, Pasta, Ready Meals",Ready Meals,Waitrose No.1 Beef Lasagne 400g,,,8.80,11.00,20% off
Waitrose Kentish Town,"Pizza, Pasta, Ready Meals",Ready Meals,Waitrose No.1 Butter Chicken Masala for 2 400g,400g,£18.13/kg,7.25,,
Waitrose Kentish Town,"Pizza, Pasta, Ready Meals",Ready Meals,Waitrose No.1 Slow Cooked Beef Madras Curry for 2 400g,400g,£20.00/kg,8.00,,
Waitrose Kentish Town,"Pizza, Pasta, Ready Meals",Ready Meals,Waitrose No.1 Spinach and Ricotta Lasagne 400g,,,8.80,11.00,20% off
Waitrose Kentish Town,"Pizza, Pasta, Ready Meals",Ready Meals,Waitrose Pilau Rice 250g,250g,£4.20/kg,1.05,,
Waitrose Kentish Town,"Pizza, Pasta, Ready Meals",Starters & Side Dishes,Waitrose Mashed Potato 450g,450g,£7.11/kg,3.20,,
Waitrose Kentish Town,"Pizza, Pasta, Ready Meals",Starters & Side Dishes,Waitrose No.1 Green Vegetable Medley 225g,225g,£15.29/kg,3.44,4.30,20% off
Waitrose Kentish Town,"Pizza, Pasta, Ready Meals",Starters & Side Dishes,Waitrose No.1 Maris Piper Mash,,,4.40,,
Waitrose Kentish Town,"Pizza, Pasta, Ready Meals",Starters & Side Dishes,Waitrose No.1 Triple Cooked Chips 400g,400g,£8.80/kg,3.52,4.40,20% off
Waitrose Kentish Town,"Pizza, Pasta, Ready Meals",Starters & Side Dishes,Waitrose No.1 Triple Cooked Fries with Cornish Sea Salt,,,4.40,,
Waitrose Kentish Town,"Pizza, Pasta, Ready Meals",Starters & Side Dishes,Waitrose Wild Garlic Baby Potatoes 400g,400g,£7.75/kg,3.10,,
Waitrose Kentish Town,"Pizza, Pasta, Ready Meals",The Friday Flex - Save 20%,Charlie Bigham's Chicken Tikka Masala & Pilau Rice Ready Meal 805g,805g,£10.68/kg,8.60,10.75,20% off
Waitrose Kentish Town,"Pizza, Pasta, Ready Meals",The Friday Flex - Save 20%,Charlie Bigham's Cottage Pie 325g,325g,£17.60/kg,5.72,7.15,20% off
Waitrose Kentish Town,"Pizza, Pasta, Ready Meals",The Friday Flex - Save 20%,Charlie Bigham's Lasagne Ready Meal 690g,690g,£12.46/kg,8.60,10.75,20% off
Waitrose Kentish Town,"Pizza, Pasta, Ready Meals",The Friday Flex - Save 20%,Charlie Bigham’s Fish Pie for One (340g),340g,£16.82/kg,5.72,7.15,20% off
Waitrose Kentish Town,"Pizza, Pasta, Ready Meals",The Friday Flex - Save 20%,Pizza Express Classic American Pizza 250g,250g,£21.12/kg,5.28,6.60,20% off
Waitrose Kentish Town,"Pizza, Pasta, Ready Meals",The Friday Flex - Save 20%,Pizza Express Classic Margherita Pizza 245g,245g,£21.55/kg,5.28,6.60,20% off
Waitrose Kentish Town,"Pizza, Pasta, Ready Meals",The Friday Flex - Save 20%,Pizza Express Original Dough Balls 200g,200g,£19.40/kg,3.88,4.85,20% off
Waitrose Kentish Town,"Pizza, Pasta, Ready Meals",The Friday Flex - Save 20%,Waitrose Chicken & Parmesan Fettuccine - 400g,400g,£8.60/kg,3.44,4.30,20% off
Waitrose Kentish Town,"Pizza, Pasta, Ready Meals",The Friday Flex - Save 20%,Waitrose No.1 Green Vegetable Medley 225g,225g,£15.29/kg,3.44,4.30,20% off
Waitrose Kentish Town,"Pizza, Pasta, Ready Meals",The Friday Flex - Save 20%,Waitrose No.1 Hand-Stretched Roasted Garlic & Buffalo Mozzarella Flatbread 230g,230g,£15.13/kg,3.48,4.35,20% off
Waitrose Kentish Town,"Pizza, Pasta, Ready Meals",The Friday Flex - Save 20%,Waitrose No.1 Mushroom & Truffle Sourdough Pizza 438g,438g,£13.24/kg,5.80,7.25,20% off
Waitrose Kentish Town,"Pizza, Pasta, Ready Meals",The Friday Flex - Save 20%,Waitrose No.1 Spinach and Ricotta Lasagne 400g,,,8.80,11.00,20% off
Waitrose Kentish Town,"Pizza, Pasta, Ready Meals",The Friday Flex - Save 20%,Waitrose No.1 Triple Cooked Chips 400g,400g,£8.80/kg,3.52,4.40,20% off
Waitrose Kentish Town,"Rice, Pasta, Pulses, Noodles",Discover our Duchy Organic Range 🥒,Waitrose Duchy Organic Wholegrain Rice 500g,500g,£4.90/kg,2.45,,
Waitrose Kentish Town,"Rice, Pasta, Pulses, Noodles",Microwave Rice & Grains,Gran Luchito Refried Beans with Chipotle 430g,430g,£6.40/kg,2.75,,
Waitrose Kentish Town,"Rice, Pasta, Pulses, Noodles",Microwave Rice & Grains,Merchant Gourmet French Lentils 250g,250g,£9.80/kg,2.45,,
Waitrose Kentish Town,"Rice, Pasta, Pulses, Noodles",Microwave Rice & Grains,Merchant Gourmet Puy Lentils 250g,250g,£9.80/kg,2.45,,
Waitrose Kentish Town,"Rice, Pasta, Pulses, Noodles",Microwave Rice & Grains,Merchant Gourmet Spanish Grains 250g,250g,£9.80/kg,2.45,,
Waitrose Kentish Town,"Rice, Pasta, Pulses, Noodles",Microwave Rice & Grains,Tilda Spicy Mexican Rice 250g,250g,£8.60/kg,2.15,,
Waitrose Kentish Town,"Rice, Pasta, Pulses, Noodles",Microwave Rice & Grains,Tilda Wholegrain Basmati Microwave Rice 250g,250g,£5.56/kg,1.39,1.85,25% off
Waitrose Kentish Town,"Rice, Pasta, Pulses, Noodles",Microwave Rice & Grains,Waitrose Basmati Rice 250g,250g,£3.60/kg,0.90,,
Waitrose Kentish Town,"Rice, Pasta, Pulses, Noodles",Microwave Rice & Grains,Waitrose Long Grain Rice 250g,250g,£3.40/kg,0.85,,
Waitrose Kentish Town,"Rice, Pasta, Pulses, Noodles",Microwave Rice & Grains,Waitrose Mexican Style Rice 250g,250g,£4.00/kg,1.00,,
Waitrose Kentish Town,"Rice, Pasta, Pulses, Noodles",Microwave Rice & Grains,Waitrose Wholegrain Rice 250g,250g,£3.40/kg,0.85,,
Waitrose Kentish Town,"Rice, Pasta, Pulses, Noodles",Noodles,Clearspring Organic Brown Rice Udon Noodles 200g,200g,£19.50/kg,3.90,,
Waitrose Kentish Town,"Rice, Pasta, Pulses, Noodles",Noodles,Clearspring Organic Japanese Udon Noodles 200g,200g,£17.00/kg,3.40,,
Waitrose Kentish Town,"Rice, Pasta, Pulses, Noodles",Noodles,Emma Basic Soba Noodles 250g,250g,£7.96/kg,1.99,,
Waitrose Kentish Town,"Rice, Pasta, Pulses, Noodles",Noodles,Emma Basic Udon Noodles 250g,250g,£7.96/kg,1.99,,
Waitrose Kentish Town,"Rice, Pasta, Pulses, Noodles",Noodles,Itsu Udon Noodles 150g,150g,£7.33/kg,1.10,,
Waitrose Kentish Town,"Rice, Pasta, Pulses, Noodles",Noodles,Nissin Soba Classic Noodles 90g,90g,£20.00/kg,1.80,2.40,25% off
Waitrose Kentish Town,"Rice, Pasta, Pulses, Noodles",Noodles,Poon's London - Rice Noodles - 200g,200g,£15.50/kg,3.10,,
Waitrose Kentish Town,"Rice, Pasta, Pulses, Noodles",Noodles,Pot Noodle Beef & Tomato 90g,90g,£17.78/kg,1.60,,
Waitrose Kentish Town,"Rice, Pasta, Pulses, Noodles",Noodles,Pot Noodle Chicken & Mushroom 90g,90g,£16.11/kg,1.45,,
Waitrose Kentish Town,"Rice, Pasta, Pulses, Noodles",Noodles,Waitrose Medium Egg Noodles 250g,250g,£5.40/kg,1.35,,
Waitrose Kentish Town,"Rice, Pasta, Pulses, Noodles",Noodles,Waitrose Rice Noodles 180g,180g,£8.89/kg,1.60,,
Waitrose Kentish Town,"Rice, Pasta, Pulses, Noodles",Noodles,itsu Chilli Miso Rice Noodles 63g,63g,£34.44/kg,2.17,2.55,15% off
Waitrose Kentish Town,"Rice, Pasta, Pulses, Noodles",Noodles,itsu Katsu Rice Noodles 63g,63g,£34.44/kg,2.17,2.55,15% off
Waitrose Kentish Town,"Rice, Pasta, Pulses, Noodles",Noodles,itsu Satay Rice Noodles 64g,64g,£30.63/kg,1.96,2.30,15% off
Waitrose Kentish Town,"Rice, Pasta, Pulses, Noodles",Offers,Ainsley Harriott Roasted Vegetable Cous Cous 100g,100g,£8.90/kg,0.89,1.05,15% off
Waitrose Kentish Town,"Rice, Pasta, Pulses, Noodles",Offers,Nissin Soba Classic Noodles 90g,90g,£20.00/kg,1.80,2.40,25% off
Waitrose Kentish Town,"Rice, Pasta, Pulses, Noodles",Offers,Tilda Wholegrain Basmati Microwave Rice 250g,250g,£5.56/kg,1.39,1.85,25% off
Waitrose Kentish Town,"Rice, Pasta, Pulses, Noodles",Offers,itsu Chilli Miso Rice Noodles 63g,63g,£34.44/kg,2.17,2.55,15% off
Waitrose Kentish Town,"Rice, Pasta, Pulses, Noodles",Offers,itsu Katsu Rice Noodles 63g,63g,£34.44/kg,2.17,2.55,15% off
Waitrose Kentish Town,"Rice, Pasta, Pulses, Noodles",Offers,itsu Satay Rice Noodles 64g,64g,£30.63/kg,1.96,2.30,15% off
Waitrose Kentish Town,"Rice, Pasta, Pulses, Noodles",Pasta,De Cecco Penne Rigate Dry Pasta 500g,500g,£4.30/kg,2.15,,
Waitrose Kentish Town,"Rice, Pasta, Pulses, Noodles",Pasta,De Cecco Spaghetti Pasta 500g,500g,£4.40/kg,2.20,,
Waitrose Kentish Town,"Rice, Pasta, Pulses, Noodles",Pasta,Garofalo - High Protein Fusilli - 500g,500g,£8.80/kg,4.40,,
Waitrose Kentish Town,"Rice, Pasta, Pulses, Noodles",Pasta,Garofalo - High Protein Mezze Maniche - 500g,500g,£8.80/kg,4.40,,
Waitrose Kentish Town,"Rice, Pasta, Pulses, Noodles",Pasta,Garofalo - High Protein Penne - 500g,500g,£8.80/kg,4.40,,
Waitrose Kentish Town,"Rice, Pasta, Pulses, Noodles",Pasta,Garofalo - High Protein Spaghetti - 500g,500g,£8.80/kg,4.40,,
Waitrose Kentish Town,"Rice, Pasta, Pulses, Noodles",Pasta,Garofalo - Linguine - 500g,500g,£4.00/kg,2.00,,
Waitrose Kentish Town,"Rice, Pasta, Pulses, Noodles",Pasta,Garofalo - Orecchiette - 500g,500g,£4.20/kg,2.10,,
Waitrose Kentish Town,"Rice, Pasta, Pulses, Noodles",Pasta,Garofalo - Orzo (Rice Shaped Pasta) - 500g,500g,£3.40/kg,1.70,,
Waitrose Kentish Town,"Rice, Pasta, Pulses, Noodles",Pasta,Garofalo - Pappardelle - 500g,500g,£5.00/kg,2.50,,
Waitrose Kentish Town,"Rice, Pasta, Pulses, Noodles",Pasta,Garofalo - Rigatoni - 500g,500g,£4.00/kg,2.00,,
Waitrose Kentish Town,"Rice, Pasta, Pulses, Noodles",Pasta,Garofalo - Spaghetti - 500g,500g,£4.00/kg,2.00,,
Waitrose Kentish Town,"Rice, Pasta, Pulses, Noodles",Pasta,Garofalo Penne Ziti Rigate Dry Pasta 500g,500ml,£4.00/L,2.00,,
Waitrose Kentish Town,"Rice, Pasta, Pulses, Noodles",Pasta,Garofalo Schiaffoni Dry Pasta 500g,500g,£5.00/kg,2.50,,
Waitrose Kentish Town,"Rice, Pasta, Pulses, Noodles",Pasta,Waitrose Conchiglie Rigate Pasta 500g,500g,£3.90/kg,1.95,,
Waitrose Kentish Town,"Rice, Pasta, Pulses, Noodles",Pasta,Waitrose Egg Lasagne Pasta Sheets 375g,375g,£5.33/kg,2.00,,
Waitrose Kentish Town,"Rice, Pasta, Pulses, Noodles",Pasta,Waitrose Elicoidali Rigati Pasta 500g,500g,£3.60/kg,1.80,,
Waitrose Kentish Town,"Rice, Pasta, Pulses, Noodles",Pasta,Waitrose Essential Macaroni Pasta 500g,500g,£1.70/kg,0.85,,
Waitrose Kentish Town,"Rice, Pasta, Pulses, Noodles",Pasta,Waitrose Essential Penne Pasta 500g,,,0.90,,
Waitrose Kentish Town,"Rice, Pasta, Pulses, Noodles",Pasta,Waitrose Essentials  Lasagne Pasta Sheets 375g,375g,£2.80/kg,1.05,,
Waitrose Kentish Town,"Rice, Pasta, Pulses, Noodles",Pasta,Waitrose Free From Fusilli Pasta 500g,500g,£4.20/kg,2.10,,
Waitrose Kentish Town,"Rice, Pasta, Pulses, Noodles",Pasta,Waitrose Free From Spaghetti Pasta 500g,500g,£4.20/kg,2.10,,
Waitrose Kentish Town,"Rice, Pasta, Pulses, Noodles",Pasta,Waitrose Fusilli Pasta 500g,500g,£3.90/kg,1.95,,
Waitrose Kentish Town,"Rice, Pasta, Pulses, Noodles",Pasta,Waitrose Orzo Pasta 500g,500g,£4.10/kg,2.05,,
Waitrose Kentish Town,"Rice, Pasta, Pulses, Noodles",Pasta,Waitrose Spaghetti Pasta 500g,500g,£3.90/kg,1.95,,
Waitrose Kentish Town,"Rice, Pasta, Pulses, Noodles",Pasta,Waitrose Wholewheat Penne Pasta 500g,500g,£3.90/kg,1.95,,
Waitrose Kentish Town,"Rice, Pasta, Pulses, Noodles",Pulses & Grains,Ainsley Harriott Roasted Vegetable Cous Cous 100g,100g,£8.90/kg,0.89,1.05,15% off
Waitrose Kentish Town,"Rice, Pasta, Pulses, Noodles",Pulses & Grains,Waitrose 30+ Plant Booster Protein Mix 300g,300g,£18.17/kg,5.45,,
Waitrose Kentish Town,"Rice, Pasta, Pulses, Noodles",Pulses & Grains,Waitrose Chickpeas 500g,500g,£5.30/kg,2.65,,
Waitrose Kentish Town,"Rice, Pasta, Pulses, Noodles",Pulses & Grains,Waitrose Couscous 500g,500g,£3.00/kg,1.50,,
Waitrose Kentish Town,"Rice, Pasta, Pulses, Noodles",Pulses & Grains,Waitrose Pearl Barley 500g,500g,£2.90/kg,1.45,,
Waitrose Kentish Town,"Rice, Pasta, Pulses, Noodles",Pulses & Grains,Waitrose Quinoa 500g,500g,£9.10/kg,4.55,,
Waitrose Kentish Town,"Rice, Pasta, Pulses, Noodles",Pulses & Grains,Waitrose Red Split Lentils 500g,500g,£4.70/kg,2.35,,
Waitrose Kentish Town,"Rice, Pasta, Pulses, Noodles",Rice,Emma Basic Sushi Rice 500g,500g,£5.00/kg,2.50,,
Waitrose Kentish Town,"Rice, Pasta, Pulses, Noodles",Rice,Poon's London - Jasmine Rice - 250g,250g,£10.40/kg,2.60,,
Waitrose Kentish Town,"Rice, Pasta, Pulses, Noodles",Rice,Tilda Fragrant Jasmine Rice 500g,500g,£7.20/kg,3.60,,
Waitrose Kentish Town,"Rice, Pasta, Pulses, Noodles",Rice,Tilda Pure Basmati Rice 500g,500g,£7.20/kg,3.60,,
Waitrose Kentish Town,"Rice, Pasta, Pulses, Noodles",Rice,Waitrose Arborio Risotto Rice 500g,500g,£5.70/kg,2.85,,
Waitrose Kentish Town,"Rice, Pasta, Pulses, Noodles",Rice,Waitrose Duchy Organic Wholegrain Rice 500g,500g,£4.90/kg,2.45,,
Waitrose Kentish Town,"Rice, Pasta, Pulses, Noodles",Rice,Waitrose Sushi Rice 500g,500g,£5.20/kg,2.60,,
Waitrose Kentish Town,"Rice, Pasta, Pulses, Noodles",Rice,Waitrose White Basmati Rice 500g,500g,£4.20/kg,2.10,,
Waitrose Kentish Town,"Rice, Pasta, Pulses, Noodles","Rice, Pasta, Pulses, Noodles",Ainsley Harriott Roasted Vegetable Cous Cous 100g,100g,£8.90/kg,0.89,1.05,15% off
Waitrose Kentish Town,"Rice, Pasta, Pulses, Noodles","Rice, Pasta, Pulses, Noodles",Clearspring Organic Brown Rice Udon Noodles 200g,200g,£19.50/kg,3.90,,
Waitrose Kentish Town,"Rice, Pasta, Pulses, Noodles","Rice, Pasta, Pulses, Noodles",Clearspring Organic Japanese Udon Noodles 200g,200g,£17.00/kg,3.40,,
Waitrose Kentish Town,"Rice, Pasta, Pulses, Noodles","Rice, Pasta, Pulses, Noodles",De Cecco Penne Rigate Dry Pasta 500g,500g,£4.30/kg,2.15,,
Waitrose Kentish Town,"Rice, Pasta, Pulses, Noodles","Rice, Pasta, Pulses, Noodles",De Cecco Spaghetti Pasta 500g,500g,£4.40/kg,2.20,,
Waitrose Kentish Town,"Rice, Pasta, Pulses, Noodles","Rice, Pasta, Pulses, Noodles",Emma Basic Soba Noodles 250g,250g,£7.96/kg,1.99,,
Waitrose Kentish Town,"Rice, Pasta, Pulses, Noodles","Rice, Pasta, Pulses, Noodles",Emma Basic Sushi Rice 500g,500g,£5.00/kg,2.50,,
Waitrose Kentish Town,"Rice, Pasta, Pulses, Noodles","Rice, Pasta, Pulses, Noodles",Emma Basic Udon Noodles 250g,250g,£7.96/kg,1.99,,
Waitrose Kentish Town,"Rice, Pasta, Pulses, Noodles","Rice, Pasta, Pulses, Noodles",Garofalo - High Protein Fusilli - 500g,500g,£8.80/kg,4.40,,
Waitrose Kentish Town,"Rice, Pasta, Pulses, Noodles","Rice, Pasta, Pulses, Noodles",Garofalo - High Protein Mezze Maniche - 500g,500g,£8.80/kg,4.40,,
Waitrose Kentish Town,"Rice, Pasta, Pulses, Noodles","Rice, Pasta, Pulses, Noodles",Garofalo - High Protein Penne - 500g,500g,£8.80/kg,4.40,,
Waitrose Kentish Town,"Rice, Pasta, Pulses, Noodles","Rice, Pasta, Pulses, Noodles",Garofalo - High Protein Spaghetti - 500g,500g,£8.80/kg,4.40,,
Waitrose Kentish Town,"Rice, Pasta, Pulses, Noodles","Rice, Pasta, Pulses, Noodles",Garofalo - Linguine - 500g,500g,£4.00/kg,2.00,,
Waitrose Kentish Town,"Rice, Pasta, Pulses, Noodles","Rice, Pasta, Pulses, Noodles",Garofalo - Orecchiette - 500g,500g,£4.20/kg,2.10,,
Waitrose Kentish Town,"Rice, Pasta, Pulses, Noodles","Rice, Pasta, Pulses, Noodles",Garofalo - Orzo (Rice Shaped Pasta) - 500g,500g,£3.40/kg,1.70,,
Waitrose Kentish Town,"Rice, Pasta, Pulses, Noodles","Rice, Pasta, Pulses, Noodles",Garofalo - Pappardelle - 500g,500g,£5.00/kg,2.50,,
Waitrose Kentish Town,"Rice, Pasta, Pulses, Noodles","Rice, Pasta, Pulses, Noodles",Garofalo - Rigatoni - 500g,500g,£4.00/kg,2.00,,
Waitrose Kentish Town,"Rice, Pasta, Pulses, Noodles","Rice, Pasta, Pulses, Noodles",Garofalo - Spaghetti - 500g,500g,£4.00/kg,2.00,,
Waitrose Kentish Town,"Rice, Pasta, Pulses, Noodles","Rice, Pasta, Pulses, Noodles",Garofalo Penne Ziti Rigate Dry Pasta 500g,500ml,£4.00/L,2.00,,
Waitrose Kentish Town,"Rice, Pasta, Pulses, Noodles","Rice, Pasta, Pulses, Noodles",Garofalo Schiaffoni Dry Pasta 500g,500g,£5.00/kg,2.50,,
Waitrose Kentish Town,"Rice, Pasta, Pulses, Noodles","Rice, Pasta, Pulses, Noodles",Gran Luchito Refried Beans with Chipotle 430g,430g,£6.40/kg,2.75,,
Waitrose Kentish Town,"Rice, Pasta, Pulses, Noodles","Rice, Pasta, Pulses, Noodles",Itsu Udon Noodles 150g,150g,£7.33/kg,1.10,,
Waitrose Kentish Town,"Rice, Pasta, Pulses, Noodles","Rice, Pasta, Pulses, Noodles",Merchant Gourmet French Lentils 250g,250g,£9.80/kg,2.45,,
Waitrose Kentish Town,"Rice, Pasta, Pulses, Noodles","Rice, Pasta, Pulses, Noodles",Merchant Gourmet Puy Lentils 250g,250g,£9.80/kg,2.45,,
Waitrose Kentish Town,"Rice, Pasta, Pulses, Noodles","Rice, Pasta, Pulses, Noodles",Merchant Gourmet Spanish Grains 250g,250g,£9.80/kg,2.45,,
Waitrose Kentish Town,"Rice, Pasta, Pulses, Noodles","Rice, Pasta, Pulses, Noodles",Nissin Soba Classic Noodles 90g,90g,£20.00/kg,1.80,2.40,25% off
Waitrose Kentish Town,"Rice, Pasta, Pulses, Noodles","Rice, Pasta, Pulses, Noodles",Poon's London - Jasmine Rice - 250g,250g,£10.40/kg,2.60,,
Waitrose Kentish Town,"Rice, Pasta, Pulses, Noodles","Rice, Pasta, Pulses, Noodles",Poon's London - Rice Noodles - 200g,200g,£15.50/kg,3.10,,
Waitrose Kentish Town,"Rice, Pasta, Pulses, Noodles","Rice, Pasta, Pulses, Noodles",Pot Noodle Beef & Tomato 90g,90g,£17.78/kg,1.60,,
Waitrose Kentish Town,"Rice, Pasta, Pulses, Noodles","Rice, Pasta, Pulses, Noodles",Pot Noodle Chicken & Mushroom 90g,90g,£16.11/kg,1.45,,
Waitrose Kentish Town,"Rice, Pasta, Pulses, Noodles","Rice, Pasta, Pulses, Noodles",Tilda Fragrant Jasmine Rice 500g,500g,£7.20/kg,3.60,,
Waitrose Kentish Town,"Rice, Pasta, Pulses, Noodles","Rice, Pasta, Pulses, Noodles",Tilda Pure Basmati Rice 500g,500g,£7.20/kg,3.60,,
Waitrose Kentish Town,"Rice, Pasta, Pulses, Noodles","Rice, Pasta, Pulses, Noodles",Tilda Spicy Mexican Rice 250g,250g,£8.60/kg,2.15,,
Waitrose Kentish Town,"Rice, Pasta, Pulses, Noodles","Rice, Pasta, Pulses, Noodles",Tilda Wholegrain Basmati Microwave Rice 250g,250g,£5.56/kg,1.39,1.85,25% off
Waitrose Kentish Town,"Rice, Pasta, Pulses, Noodles","Rice, Pasta, Pulses, Noodles",Waitrose 30+ Plant Booster Protein Mix 300g,300g,£18.17/kg,5.45,,
Waitrose Kentish Town,"Rice, Pasta, Pulses, Noodles","Rice, Pasta, Pulses, Noodles",Waitrose Arborio Risotto Rice 500g,500g,£5.70/kg,2.85,,
Waitrose Kentish Town,"Rice, Pasta, Pulses, Noodles","Rice, Pasta, Pulses, Noodles",Waitrose Basmati Rice 250g,250g,£3.60/kg,0.90,,
Waitrose Kentish Town,"Rice, Pasta, Pulses, Noodles","Rice, Pasta, Pulses, Noodles",Waitrose Chickpeas 500g,500g,£5.30/kg,2.65,,
Waitrose Kentish Town,"Rice, Pasta, Pulses, Noodles","Rice, Pasta, Pulses, Noodles",Waitrose Conchiglie Rigate Pasta 500g,500g,£3.90/kg,1.95,,
Waitrose Kentish Town,"Rice, Pasta, Pulses, Noodles","Rice, Pasta, Pulses, Noodles",Waitrose Couscous 500g,500g,£3.00/kg,1.50,,
Waitrose Kentish Town,"Rice, Pasta, Pulses, Noodles","Rice, Pasta, Pulses, Noodles",Waitrose Duchy Organic Wholegrain Rice 500g,500g,£4.90/kg,2.45,,
Waitrose Kentish Town,"Rice, Pasta, Pulses, Noodles","Rice, Pasta, Pulses, Noodles",Waitrose Egg Lasagne Pasta Sheets 375g,375g,£5.33/kg,2.00,,
Waitrose Kentish Town,"Rice, Pasta, Pulses, Noodles","Rice, Pasta, Pulses, Noodles",Waitrose Elicoidali Rigati Pasta 500g,500g,£3.60/kg,1.80,,
Waitrose Kentish Town,"Rice, Pasta, Pulses, Noodles","Rice, Pasta, Pulses, Noodles",Waitrose Essential Macaroni Pasta 500g,500g,£1.70/kg,0.85,,
Waitrose Kentish Town,"Rice, Pasta, Pulses, Noodles","Rice, Pasta, Pulses, Noodles",Waitrose Essential Penne Pasta 500g,,,0.90,,
Waitrose Kentish Town,"Rice, Pasta, Pulses, Noodles","Rice, Pasta, Pulses, Noodles",Waitrose Essentials  Lasagne Pasta Sheets 375g,375g,£2.80/kg,1.05,,
Waitrose Kentish Town,"Rice, Pasta, Pulses, Noodles","Rice, Pasta, Pulses, Noodles",Waitrose Free From Fusilli Pasta 500g,500g,£4.20/kg,2.10,,
Waitrose Kentish Town,"Rice, Pasta, Pulses, Noodles","Rice, Pasta, Pulses, Noodles",Waitrose Free From Spaghetti Pasta 500g,500g,£4.20/kg,2.10,,
Waitrose Kentish Town,"Rice, Pasta, Pulses, Noodles","Rice, Pasta, Pulses, Noodles",Waitrose Fusilli Pasta 500g,500g,£3.90/kg,1.95,,
Waitrose Kentish Town,"Rice, Pasta, Pulses, Noodles","Rice, Pasta, Pulses, Noodles",Waitrose Long Grain Rice 250g,250g,£3.40/kg,0.85,,
Waitrose Kentish Town,"Rice, Pasta, Pulses, Noodles","Rice, Pasta, Pulses, Noodles",Waitrose Medium Egg Noodles 250g,250g,£5.40/kg,1.35,,
Waitrose Kentish Town,"Rice, Pasta, Pulses, Noodles","Rice, Pasta, Pulses, Noodles",Waitrose Mexican Style Rice 250g,250g,£4.00/kg,1.00,,
Waitrose Kentish Town,"Rice, Pasta, Pulses, Noodles","Rice, Pasta, Pulses, Noodles",Waitrose Orzo Pasta 500g,500g,£4.10/kg,2.05,,
Waitrose Kentish Town,"Rice, Pasta, Pulses, Noodles","Rice, Pasta, Pulses, Noodles",Waitrose Pearl Barley 500g,500g,£2.90/kg,1.45,,
Waitrose Kentish Town,"Rice, Pasta, Pulses, Noodles","Rice, Pasta, Pulses, Noodles",Waitrose Quinoa 500g,500g,£9.10/kg,4.55,,
Waitrose Kentish Town,"Rice, Pasta, Pulses, Noodles","Rice, Pasta, Pulses, Noodles",Waitrose Red Split Lentils 500g,500g,£4.70/kg,2.35,,
Waitrose Kentish Town,"Rice, Pasta, Pulses, Noodles","Rice, Pasta, Pulses, Noodles",Waitrose Rice Noodles 180g,180g,£8.89/kg,1.60,,
Waitrose Kentish Town,"Rice, Pasta, Pulses, Noodles","Rice, Pasta, Pulses, Noodles",Waitrose Spaghetti Pasta 500g,500g,£3.90/kg,1.95,,
Waitrose Kentish Town,"Rice, Pasta, Pulses, Noodles","Rice, Pasta, Pulses, Noodles",Waitrose Sushi Rice 500g,500g,£5.20/kg,2.60,,
Waitrose Kentish Town,"Rice, Pasta, Pulses, Noodles","Rice, Pasta, Pulses, Noodles",Waitrose White Basmati Rice 500g,500g,£4.20/kg,2.10,,
Waitrose Kentish Town,"Rice, Pasta, Pulses, Noodles","Rice, Pasta, Pulses, Noodles",Waitrose Wholegrain Rice 250g,250g,£3.40/kg,0.85,,
Waitrose Kentish Town,"Rice, Pasta, Pulses, Noodles","Rice, Pasta, Pulses, Noodles",Waitrose Wholewheat Penne Pasta 500g,500g,£3.90/kg,1.95,,
Waitrose Kentish Town,"Rice, Pasta, Pulses, Noodles","Rice, Pasta, Pulses, Noodles",itsu Chilli Miso Rice Noodles 63g,63g,£34.44/kg,2.17,2.55,15% off
Waitrose Kentish Town,"Rice, Pasta, Pulses, Noodles","Rice, Pasta, Pulses, Noodles",itsu Katsu Rice Noodles 63g,63g,£34.44/kg,2.17,2.55,15% off
Waitrose Kentish Town,"Rice, Pasta, Pulses, Noodles","Rice, Pasta, Pulses, Noodles",itsu Satay Rice Noodles 64g,64g,£30.63/kg,1.96,2.30,15% off
Waitrose Kentish Town,Salad & Herbs,Avocados,Waitrose Extra Large Avocado 1ea,,,1.80,,
Waitrose Kentish Town,Salad & Herbs,Avocados,Waitrose Ripe & Ripening Avocados 2 per pack,,,2.15,,
Waitrose Kentish Town,Salad & Herbs,Back To Routine,Waitrose Baby Cucumbers 200g,200g,£6.50/kg,1.30,,
Waitrose Kentish Town,Salad & Herbs,Chef's Pantry,All Dressed Up House Dressing 250ml,250ml,£22.20/L,5.55,,
Waitrose Kentish Town,Salad & Herbs,Chef's Pantry,Heinz Original Salad Cream 425g,425g,£7.15/kg,3.04,3.80,20% off
Waitrose Kentish Town,Salad & Herbs,Chef's Pantry,PizzaExp House Dressing 235ml,235ml,£14.47/L,3.40,,
Waitrose Kentish Town,Salad & Herbs,Chef's Pantry,PizzaExpress House Light Dressing 235ml,235ml,£12.30/L,2.89,3.40,15% off
Waitrose Kentish Town,Salad & Herbs,Chef's Pantry,Waitrose Caesar Dressing 235ml,235ml,£11.06/L,2.60,,
Waitrose Kentish Town,Salad & Herbs,Chef's Pantry,Waitrose French Salad Dressing 150ml,,,1.75,,
Waitrose Kentish Town,Salad & Herbs,"Chilli, Ginger & Garlic",Natoora Org Root Ginger 130g,130g,£16.54/kg,2.15,,
Waitrose Kentish Town,Salad & Herbs,"Chilli, Ginger & Garlic",Waitrose Cooks' Ingredients Red Chillies 50g,50g,£10.60/kg,0.53,0.75,30% off
Waitrose Kentish Town,Salad & Herbs,"Chilli, Ginger & Garlic",Waitrose Garlic,,,0.70,,
Waitrose Kentish Town,Salad & Herbs,"Chilli, Ginger & Garlic",Waitrose Jalapeno Chillies 100g,100g,£15.50/kg,1.55,,
Waitrose Kentish Town,Salad & Herbs,Cucumbers,Waitrose Baby Cucumbers 200g,200g,£6.50/kg,1.30,,
Waitrose Kentish Town,Salad & Herbs,Cucumbers,Waitrose Duchy Organic Salad Cucumber x1,,,1.30,1.85,30% off
Waitrose Kentish Town,Salad & Herbs,Cucumbers,Waitrose Essential Cucumber 1ea,,,1.10,,
Waitrose Kentish Town,Salad & Herbs,Discover our Duchy Organic Range 🥒,Waitrose Duchy Organic Cherry Vine Tomatoes 200g,200g,£12.00/kg,2.40,,
Waitrose Kentish Town,Salad & Herbs,Discover our Duchy Organic Range 🥒,Waitrose Duchy Organic Little Gem Lettuce 2 per pack,2pk,£0.70 each,1.40,1.75,20% off
Waitrose Kentish Town,Salad & Herbs,Discover our Duchy Organic Range 🥒,Waitrose Duchy Organic Salad Cucumber x1,,,1.30,1.85,30% off
Waitrose Kentish Town,Salad & Herbs,Dressings & Croutons,All Dressed Up House Dressing 250ml,250ml,£22.20/L,5.55,,
Waitrose Kentish Town,Salad & Herbs,Dressings & Croutons,Heinz Original Salad Cream 425g,425g,£7.15/kg,3.04,3.80,20% off
Waitrose Kentish Town,Salad & Herbs,Dressings & Croutons,PizzaExp House Dressing 235ml,235ml,£14.47/L,3.40,,
Waitrose Kentish Town,Salad & Herbs,Dressings & Croutons,PizzaExpress House Light Dressing 235ml,235ml,£12.30/L,2.89,3.40,15% off
Waitrose Kentish Town,Salad & Herbs,Dressings & Croutons,Waitrose Caesar Dressing 235ml,235ml,£11.06/L,2.60,,
Waitrose Kentish Town,Salad & Herbs,Dressings & Croutons,Waitrose French Salad Dressing 150ml,,,1.75,,
Waitrose Kentish Town,Salad & Herbs,Dressings & Croutons,Waitrose Honey & Mustard Salad Dressing 235ml,235ml,£13.19/L,3.10,,
Waitrose Kentish Town,Salad & Herbs,Fresh Herbs,Cooks' Ingredients Mint 25g,25g,£47.60/kg,1.19,1.70,30% off
Waitrose Kentish Town,Salad & Herbs,Fresh Herbs,Cooks' Ingredients Parsley 10g,10g,£180.00/kg,1.80,,
Waitrose Kentish Town,Salad & Herbs,Fruit & Veg,Cooks' Ingredients Mint 25g,25g,£47.60/kg,1.19,1.70,30% off
Waitrose Kentish Town,Salad & Herbs,Fruit & Veg,Cooks' Ingredients Parsley 10g,10g,£180.00/kg,1.80,,
Waitrose Kentish Town,Salad & Herbs,Fruit & Veg,Waitrose Classic Vine Tomatoes 450g,450g,£5.22/kg,2.35,,
Waitrose Kentish Town,Salad & Herbs,Fruit & Veg,Waitrose Cooks' Ingredients Red Chillies 50g,50g,£10.60/kg,0.53,0.75,30% off
Waitrose Kentish Town,Salad & Herbs,Fruit & Veg,Waitrose Essential Celery 1ea,,,1.00,,
Waitrose Kentish Town,Salad & Herbs,Fruit & Veg,Waitrose Essential Cucumber 1ea,,,1.10,,
Waitrose Kentish Town,Salad & Herbs,Fruit & Veg,Waitrose Essential Iceberg Lettuce each,,,1.50,,
Waitrose Kentish Town,Salad & Herbs,Fruit & Veg,Waitrose Essential Little Gem Lettuce 2s,2pk,£0.34 each,0.67,0.95,30% off
Waitrose Kentish Town,Salad & Herbs,Fruit & Veg,Waitrose Essential Mixed Salad 100g,100g,£8.80/kg,0.88,1.25,30% off
Waitrose Kentish Town,Salad & Herbs,Fruit & Veg,Waitrose Essential Tomatoes 6 per pack,6pk,£0.16 each,0.96,1.20,20% off
Waitrose Kentish Town,Salad & Herbs,Fruit & Veg,Waitrose Essentials  Cherry Tomatoes 500g,500g,£2.24/kg,1.12,1.60,30% off
Waitrose Kentish Town,Salad & Herbs,Fruit & Veg,Waitrose Essentials  Mixed Peppers,,,1.80,,
Waitrose Kentish Town,Salad & Herbs,Fruit & Veg,Waitrose Extra Large Avocado 1ea,,,1.80,,
Waitrose Kentish Town,Salad & Herbs,Fruit & Veg,Waitrose Jalapeno Chillies 100g,100g,£15.50/kg,1.55,,
Waitrose Kentish Town,Salad & Herbs,Fruit & Veg,Waitrose Lambs Lettuce 90g,,,2.25,,
Waitrose Kentish Town,Salad & Herbs,Fruit & Veg,Waitrose Red Romano Peppers 180g,180g,£10.00/kg,1.80,,
Waitrose Kentish Town,Salad & Herbs,Fruit & Veg,Waitrose Ripe & Ripening Avocados 2 per pack,,,2.15,,
Waitrose Kentish Town,Salad & Herbs,Fruit & Veg,Waitrose Ruby Gem Lettuce 2s,2pk,£0.73 each,1.45,,
Waitrose Kentish Town,Salad & Herbs,Fruit & Veg,Waitrose Sweet Cos Lettuce 1ea,,,1.23,1.75,30% off
Waitrose Kentish Town,Salad & Herbs,Fruit & Veg,Waitrose Trimmed Salad Onions 125g,125g,£6.40/kg,0.80,1.60,50% off
Waitrose Kentish Town,Salad & Herbs,Fruit & Veg,Waitrose Wild Rocket 90g,90g,£13.33/kg,1.20,1.50,20% off
Waitrose Kentish Town,Salad & Herbs,Lettuce & Salad Bags,Waitrose Baby Spinach 120g,120g,£14.17/kg,1.70,,
Waitrose Kentish Town,Salad & Herbs,Lettuce & Salad Bags,Waitrose Beetroot Salad 140g,140g,£10.00/kg,1.40,,
Waitrose Kentish Town,Salad & Herbs,Lettuce & Salad Bags,Waitrose Duchy Organic Little Gem Lettuce 2 per pack,2pk,£0.70 each,1.40,1.75,20% off
Waitrose Kentish Town,Salad & Herbs,Lettuce & Salad Bags,Waitrose Essential Iceberg Lettuce each,,,1.50,,
Waitrose Kentish Town,Salad & Herbs,Lettuce & Salad Bags,Waitrose Essential Little Gem Lettuce 2s,2pk,£0.34 each,0.67,0.95,30% off
Waitrose Kentish Town,Salad & Herbs,Lettuce & Salad Bags,Waitrose Essential Mixed Salad 100g,100g,£8.80/kg,0.88,1.25,30% off
Waitrose Kentish Town,Salad & Herbs,Lettuce & Salad Bags,Waitrose Lambs Lettuce 90g,,,2.25,,
Waitrose Kentish Town,Salad & Herbs,Lettuce & Salad Bags,Waitrose Ruby Gem Lettuce 2s,2pk,£0.73 each,1.45,,
Waitrose Kentish Town,Salad & Herbs,Lettuce & Salad Bags,Waitrose Summer Italian Salad Kit 120g,120g,£16.67/kg,2.00,2.50,20% off
Waitrose Kentish Town,Salad & Herbs,Lettuce & Salad Bags,Waitrose Sweet Cos Lettuce 1ea,,,1.23,1.75,30% off
Waitrose Kentish Town,Salad & Herbs,Lettuce & Salad Bags,Waitrose Wild Rocket 90g,90g,£13.33/kg,1.20,1.50,20% off
Waitrose Kentish Town,Salad & Herbs,Offers,Cooks' Ingredients Mint 25g,25g,£47.60/kg,1.19,1.70,30% off
Waitrose Kentish Town,Salad & Herbs,Offers,Heinz Original Salad Cream 425g,425g,£7.15/kg,3.04,3.80,20% off
Waitrose Kentish Town,Salad & Herbs,Offers,PizzaExpress House Light Dressing 235ml,235ml,£12.30/L,2.89,3.40,15% off
Waitrose Kentish Town,Salad & Herbs,Offers,Waitrose Cooks' Ingredients Red Chillies 50g,50g,£10.60/kg,0.53,0.75,30% off
Waitrose Kentish Town,Salad & Herbs,Offers,Waitrose Duchy Organic Little Gem Lettuce 2 per pack,2pk,£0.70 each,1.40,1.75,20% off
Waitrose Kentish Town,Salad & Herbs,Offers,Waitrose Duchy Organic Salad Cucumber x1,,,1.30,1.85,30% off
Waitrose Kentish Town,Salad & Herbs,Offers,Waitrose Essential Little Gem Lettuce 2s,2pk,£0.34 each,0.67,0.95,30% off
Waitrose Kentish Town,Salad & Herbs,Offers,Waitrose Essential Mixed Salad 100g,100g,£8.80/kg,0.88,1.25,30% off
Waitrose Kentish Town,Salad & Herbs,Offers,Waitrose Essential Tomatoes 6 per pack,6pk,£0.16 each,0.96,1.20,20% off
Waitrose Kentish Town,Salad & Herbs,Offers,Waitrose Essentials  Cherry Tomatoes 500g,500g,£2.24/kg,1.12,1.60,30% off
Waitrose Kentish Town,Salad & Herbs,Offers,Waitrose Summer Italian Salad Kit 120g,120g,£16.67/kg,2.00,2.50,20% off
Waitrose Kentish Town,Salad & Herbs,Offers,Waitrose Sweet Cos Lettuce 1ea,,,1.23,1.75,30% off
Waitrose Kentish Town,Salad & Herbs,Offers,Waitrose Trimmed Salad Onions 125g,125g,£6.40/kg,0.80,1.60,50% off
Waitrose Kentish Town,Salad & Herbs,Offers,Waitrose Wild Rocket 90g,90g,£13.33/kg,1.20,1.50,20% off
Waitrose Kentish Town,Salad & Herbs,Peppers,Waitrose Essentials  Mixed Peppers,,,1.80,,
Waitrose Kentish Town,Salad & Herbs,Peppers,Waitrose Red Romano Peppers 180g,180g,£10.00/kg,1.80,,
Waitrose Kentish Town,Salad & Herbs,Salad & Herbs,All Dressed Up House Dressing 250ml,250ml,£22.20/L,5.55,,
Waitrose Kentish Town,Salad & Herbs,Salad & Herbs,Cooks' Ingredients Mint 25g,25g,£47.60/kg,1.19,1.70,30% off
Waitrose Kentish Town,Salad & Herbs,Salad & Herbs,Cooks' Ingredients Parsley 10g,10g,£180.00/kg,1.80,,
Waitrose Kentish Town,Salad & Herbs,Salad & Herbs,Heinz Original Salad Cream 425g,425g,£7.15/kg,3.04,3.80,20% off
Waitrose Kentish Town,Salad & Herbs,Salad & Herbs,Natoora Org Root Ginger 130g,130g,£16.54/kg,2.15,,
Waitrose Kentish Town,Salad & Herbs,Salad & Herbs,PizzaExp House Dressing 235ml,235ml,£14.47/L,3.40,,
Waitrose Kentish Town,Salad & Herbs,Salad & Herbs,PizzaExpress House Light Dressing 235ml,235ml,£12.30/L,2.89,3.40,15% off
Waitrose Kentish Town,Salad & Herbs,Salad & Herbs,Waitrose Baby Cucumbers 200g,200g,£6.50/kg,1.30,,
Waitrose Kentish Town,Salad & Herbs,Salad & Herbs,Waitrose Baby Spinach 120g,120g,£14.17/kg,1.70,,
Waitrose Kentish Town,Salad & Herbs,Salad & Herbs,Waitrose Beetroot Salad 140g,140g,£10.00/kg,1.40,,
Waitrose Kentish Town,Salad & Herbs,Salad & Herbs,Waitrose Caesar Dressing 235ml,235ml,£11.06/L,2.60,,
Waitrose Kentish Town,Salad & Herbs,Salad & Herbs,Waitrose Cherry Vine Tomatoes 400g,400g,£8.63/kg,3.45,,
Waitrose Kentish Town,Salad & Herbs,Salad & Herbs,Waitrose Classic Vine Tomatoes 450g,450g,£5.22/kg,2.35,,
Waitrose Kentish Town,Salad & Herbs,Salad & Herbs,Waitrose Cooks' Ingredients Red Chillies 50g,50g,£10.60/kg,0.53,0.75,30% off
Waitrose Kentish Town,Salad & Herbs,Salad & Herbs,Waitrose Duchy Organic Cherry Vine Tomatoes 200g,200g,£12.00/kg,2.40,,
Waitrose Kentish Town,Salad & Herbs,Salad & Herbs,Waitrose Duchy Organic Little Gem Lettuce 2 per pack,2pk,£0.70 each,1.40,1.75,20% off
Waitrose Kentish Town,Salad & Herbs,Salad & Herbs,Waitrose Duchy Organic Salad Cucumber x1,,,1.30,1.85,30% off
Waitrose Kentish Town,Salad & Herbs,Salad & Herbs,Waitrose Essential Celery 1ea,,,1.00,,
Waitrose Kentish Town,Salad & Herbs,Salad & Herbs,Waitrose Essential Cucumber 1ea,,,1.10,,
Waitrose Kentish Town,Salad & Herbs,Salad & Herbs,Waitrose Essential Iceberg Lettuce each,,,1.50,,
Waitrose Kentish Town,Salad & Herbs,Salad & Herbs,Waitrose Essential Little Gem Lettuce 2s,2pk,£0.34 each,0.67,0.95,30% off
Waitrose Kentish Town,Salad & Herbs,Salad & Herbs,Waitrose Essential Mixed Salad 100g,100g,£8.80/kg,0.88,1.25,30% off
Waitrose Kentish Town,Salad & Herbs,Salad & Herbs,Waitrose Essential Tomatoes 6 per pack,6pk,£0.16 each,0.96,1.20,20% off
Waitrose Kentish Town,Salad & Herbs,Salad & Herbs,Waitrose Essentials  Cherry Tomatoes 500g,500g,£2.24/kg,1.12,1.60,30% off
Waitrose Kentish Town,Salad & Herbs,Salad & Herbs,Waitrose Essentials  Mixed Peppers,,,1.80,,
Waitrose Kentish Town,Salad & Herbs,Salad & Herbs,Waitrose Extra Large Avocado 1ea,,,1.80,,
Waitrose Kentish Town,Salad & Herbs,Salad & Herbs,Waitrose French Salad Dressing 150ml,,,1.75,,
Waitrose Kentish Town,Salad & Herbs,Salad & Herbs,Waitrose Garlic,,,0.70,,
Waitrose Kentish Town,Salad & Herbs,Salad & Herbs,Waitrose Honey & Mustard Salad Dressing 235ml,235ml,£13.19/L,3.10,,
Waitrose Kentish Town,Salad & Herbs,Salad & Herbs,Waitrose Jalapeno Chillies 100g,100g,£15.50/kg,1.55,,
Waitrose Kentish Town,Salad & Herbs,Salad & Herbs,Waitrose Lambs Lettuce 90g,,,2.25,,
Waitrose Kentish Town,Salad & Herbs,Salad & Herbs,Waitrose Red Romano Peppers 180g,180g,£10.00/kg,1.80,,
Waitrose Kentish Town,Salad & Herbs,Salad & Herbs,Waitrose Ripe & Ripening Avocados 2 per pack,,,2.15,,
Waitrose Kentish Town,Salad & Herbs,Salad & Herbs,Waitrose Ruby Gem Lettuce 2s,2pk,£0.73 each,1.45,,
Waitrose Kentish Town,Salad & Herbs,Salad & Herbs,Waitrose Summer Italian Salad Kit 120g,120g,£16.67/kg,2.00,2.50,20% off
Waitrose Kentish Town,Salad & Herbs,Salad & Herbs,Waitrose Sweet Cos Lettuce 1ea,,,1.23,1.75,30% off
Waitrose Kentish Town,Salad & Herbs,Salad & Herbs,Waitrose Trimmed Salad Onions 125g,125g,£6.40/kg,0.80,1.60,50% off
Waitrose Kentish Town,Salad & Herbs,Salad & Herbs,Waitrose Wild Rocket 90g,90g,£13.33/kg,1.20,1.50,20% off
Waitrose Kentish Town,Salad & Herbs,Spring Onions & Celery,Waitrose Essential Celery 1ea,,,1.00,,
Waitrose Kentish Town,Salad & Herbs,Spring Onions & Celery,Waitrose Trimmed Salad Onions 125g,125g,£6.40/kg,0.80,1.60,50% off
Waitrose Kentish Town,Salad & Herbs,The Friday Flex - Save 20%,Waitrose Summer Italian Salad Kit 120g,120g,£16.67/kg,2.00,2.50,20% off
Waitrose Kentish Town,Salad & Herbs,Tomatoes,Waitrose Cherry Vine Tomatoes 400g,400g,£8.63/kg,3.45,,
Waitrose Kentish Town,Salad & Herbs,Tomatoes,Waitrose Classic Vine Tomatoes 450g,450g,£5.22/kg,2.35,,
Waitrose Kentish Town,Salad & Herbs,Tomatoes,Waitrose Duchy Organic Cherry Vine Tomatoes 200g,200g,£12.00/kg,2.40,,
Waitrose Kentish Town,Salad & Herbs,Tomatoes,Waitrose Essential Tomatoes 6 per pack,6pk,£0.16 each,0.96,1.20,20% off
Waitrose Kentish Town,Salad & Herbs,Tomatoes,Waitrose Essentials  Cherry Tomatoes 500g,500g,£2.24/kg,1.12,1.60,30% off
Waitrose Kentish Town,Sexual Wellness,Condoms & Lubricants,Durex Extra Safe Thick Condoms 12,12pk,£1.17 each,14.00,,
Waitrose Kentish Town,Sexual Wellness,Condoms & Lubricants,Durex Nude Regular Fit 10s,10pk,£1.82 each,18.15,,
Waitrose Kentish Town,Sexual Wellness,Condoms & Lubricants,Durex Play Feel Pleasure Gel 50ml,50ml,£145.00/L,7.25,,
Waitrose Kentish Town,Sexual Wellness,Condoms & Lubricants,Durex Real Feel Regular Fit 10s,10pk,£1.70 each,17.00,,
Waitrose Kentish Town,Sexual Wellness,Condoms & Lubricants,Durex Thin Feel Condoms 12 per pack,12pk,£1.33 each,16.00,,
Waitrose Kentish Town,Sexual Wellness,Sexual Wellness,Durex Extra Safe Thick Condoms 12,12pk,£1.17 each,14.00,,
Waitrose Kentish Town,Sexual Wellness,Sexual Wellness,Durex Nude Regular Fit 10s,10pk,£1.82 each,18.15,,
Waitrose Kentish Town,Sexual Wellness,Sexual Wellness,Durex Play Feel Pleasure Gel 50ml,50ml,£145.00/L,7.25,,
Waitrose Kentish Town,Sexual Wellness,Sexual Wellness,Durex Real Feel Regular Fit 10s,10pk,£1.70 each,17.00,,
Waitrose Kentish Town,Sexual Wellness,Sexual Wellness,Durex Thin Feel Condoms 12 per pack,12pk,£1.33 each,16.00,,
Waitrose Kentish Town,Spirits & Premixed Drinks,Aperitifs & Liquers,Aperol 70cl,700ml,£31.71/L,22.20,,
Waitrose Kentish Town,Spirits & Premixed Drinks,Aperitifs & Liquers,Aperol Spritz 4x200ml,800ml,£17.31/L,13.85,,
Waitrose Kentish Town,Spirits & Premixed Drinks,Aperitifs & Liquers,Baileys Original Irish Cream Liqueur 70cl,700ml,£31.71/L,22.20,,
Waitrose Kentish Town,Spirits & Premixed Drinks,Aperitifs & Liquers,Diddly Squat - Honey Whiskey Liqueur 30% ABV - 200ml,200ml,£150.00/L,30.00,,
Waitrose Kentish Town,Spirits & Premixed Drinks,Aperitifs & Liquers,Disaronno Originale Liqueur 500ml,500ml,£49.60/L,24.80,,
Waitrose Kentish Town,Spirits & Premixed Drinks,Aperitifs & Liquers,Kahlua Coffee Liqueur 700ml,700ml,£30.43/L,21.30,,
Waitrose Kentish Town,Spirits & Premixed Drinks,Aperitifs & Liquers,Martini Rosso Vermouth 75cl,750ml,£15.31/L,11.48,13.50,15% off
Waitrose Kentish Town,Spirits & Premixed Drinks,Brandy & Cognac,Courvoisier VSOP Cognac 70cl,700ml,£83.29/L,58.30,,
Waitrose Kentish Town,Spirits & Premixed Drinks,Brandy & Cognac,Waitrose 3 Year Old French Brandy 35cl,350ml,£27.43/L,9.60,,
Waitrose Kentish Town,Spirits & Premixed Drinks,Delivered Chilled 🧊,Absolut & Sprite 250ml,250ml,£11.40/L,2.85,,
Waitrose Kentish Town,Spirits & Premixed Drinks,Delivered Chilled 🧊,Bombay Sapphire Premium Gin & Tonic Can 250ml,250ml,£12.80/L,3.20,,
Waitrose Kentish Town,Spirits & Premixed Drinks,Delivered Chilled 🧊,Buzzballz Passionfruit Martini Ready to Drink Cocktail 200ml,,,4.60,,3 for £10
Waitrose Kentish Town,Spirits & Premixed Drinks,Delivered Chilled 🧊,Buzzballz Strawberry Rita Ready to Drink Cocktail 200ml,,,4.60,,3 for £10
Waitrose Kentish Town,Spirits & Premixed Drinks,Delivered Chilled 🧊,Gordon's Premium Pink Distilled Gin and Tonic 250ml,250ml,£11.60/L,2.90,,
Waitrose Kentish Town,Spirits & Premixed Drinks,Delivered Chilled 🧊,MOTH Margarita 125ml,125ml,£40.00/L,5.00,,3 for £10
Waitrose Kentish Town,Spirits & Premixed Drinks,Delivered Chilled 🧊,MOTH Mojito 200ml,200ml,£25.00/L,5.00,,
Waitrose Kentish Town,Spirits & Premixed Drinks,Delivered Chilled 🧊,MOTH Negroni 125ml,125ml,£39.20/L,4.90,,3 for £10
Waitrose Kentish Town,Spirits & Premixed Drinks,Delivered Chilled 🧊,Pimm's No.1 & Lemonade 250ml,250ml,£12.00/L,3.00,,
Waitrose Kentish Town,Spirits & Premixed Drinks,Delivered Chilled 🧊,Whitebox Cocktails - Spicy Margarita Can 100ml,100ml,£45.00/L,4.50,,
Waitrose Kentish Town,Spirits & Premixed Drinks,Gin,Bombay Sapphire Gin 70cl,700ml,£43.71/L,30.60,,
Waitrose Kentish Town,Spirits & Premixed Drinks,Gin,Gordon's 0.0 Alcohol Free Gin 70cl,700ml,£25.57/L,17.90,,
Waitrose Kentish Town,Spirits & Premixed Drinks,Gin,Gordon's London Dry Gin 70cl,700ml,£33.43/L,23.40,,
Waitrose Kentish Town,Spirits & Premixed Drinks,Gin,Gordon's Premium Pink Distilled Gin 70cl,700ml,£34.29/L,24.00,,
Waitrose Kentish Town,Spirits & Premixed Drinks,Gin,Hammond's Ratio London Dry Gin 700ml,700ml,£61.29/L,42.90,,
Waitrose Kentish Town,Spirits & Premixed Drinks,Gin,Hendricks Gin 70cl,,,45.00,,
Waitrose Kentish Town,Spirits & Premixed Drinks,Gin,Mermaid Gin 700ml,700ml,£72.36/L,50.65,,
Waitrose Kentish Town,Spirits & Premixed Drinks,Gin,Mermaid Pink Gin 700ml,700ml,£72.36/L,50.65,,
Waitrose Kentish Town,Spirits & Premixed Drinks,Gin,Roku Gin 70cl,700ml,£54.21/L,37.95,,
Waitrose Kentish Town,Spirits & Premixed Drinks,Gin,Tanqueray London Dry Gin 70cl,700ml,£40.29/L,28.20,,
Waitrose Kentish Town,Spirits & Premixed Drinks,Gin,Waitrose London Dry Gin 1l,1L,£24.30/L,24.30,,
Waitrose Kentish Town,Spirits & Premixed Drinks,Latest Multibuy Offers,Camden Pale Ale 330ml,330ml,£8.18/L,2.70,,2 for £4
Waitrose Kentish Town,Spirits & Premixed Drinks,Non & Low Alcohol,Botivo Sparkling Non-Alcoholic Aperitivo 250ml,250ml,£15.40/L,3.85,,
Waitrose Kentish Town,Spirits & Premixed Drinks,Non & Low Alcohol,Tanqueray Alcohol Free Gin 70cl,700ml,£23.79/L,16.65,22.20,25% off
Waitrose Kentish Town,Spirits & Premixed Drinks,Non & Low Alcohol,Waitrose Non-Alcoholic Mojito Cocktail 250ml,250ml,£8.00/L,2.00,,
Waitrose Kentish Town,Spirits & Premixed Drinks,Non & Low Alcohol,Waitrose Non-Alcoholic Paloma Cocktail 250ml,250ml,£8.00/L,2.00,,
Waitrose Kentish Town,Spirits & Premixed Drinks,Offers,Buzzballz Choco Tease Ready to Drink Cocktail 200ml,,,4.60,,3 for £10
Waitrose Kentish Town,Spirits & Premixed Drinks,Offers,Buzzballz Passionfruit Martini Ready to Drink Cocktail 200ml,,,4.60,,3 for £10
Waitrose Kentish Town,Spirits & Premixed Drinks,Offers,Buzzballz Strawberry Rita Ready to Drink Cocktail 200ml,,,4.60,,3 for £10
Waitrose Kentish Town,Spirits & Premixed Drinks,Offers,Camden Pale Ale 330ml,330ml,£8.18/L,2.70,,2 for £4
Waitrose Kentish Town,Spirits & Premixed Drinks,Offers,MOTH Espresso Martini 125ml,125ml,£40.00/L,5.00,,3 for £10
Waitrose Kentish Town,Spirits & Premixed Drinks,Offers,MOTH Margarita 125ml,125ml,£40.00/L,5.00,,3 for £10
Waitrose Kentish Town,Spirits & Premixed Drinks,Offers,MOTH Negroni 125ml,125ml,£39.20/L,4.90,,3 for £10
Waitrose Kentish Town,Spirits & Premixed Drinks,Offers,Malibu Coconut & Pineapple Rum 250ml,250ml,£11.60/L,2.90,,3 for £6
Waitrose Kentish Town,Spirits & Premixed Drinks,Offers,Martini Rosso Vermouth 75cl,750ml,£15.31/L,11.48,13.50,15% off
Waitrose Kentish Town,Spirits & Premixed Drinks,Offers,Tanqueray Alcohol Free Gin 70cl,700ml,£23.79/L,16.65,22.20,25% off
Waitrose Kentish Town,Spirits & Premixed Drinks,Premixed Drinks & Cocktails,Absolut & Sprite 250ml,250ml,£11.40/L,2.85,,
Waitrose Kentish Town,Spirits & Premixed Drinks,Premixed Drinks & Cocktails,Bombay Sapphire Premium Gin & Tonic Can 250ml,250ml,£12.80/L,3.20,,
Waitrose Kentish Town,Spirits & Premixed Drinks,Premixed Drinks & Cocktails,BuzzBallz Berry Cherry Limeade 200ml,200ml,£23.00/L,4.60,,
Waitrose Kentish Town,Spirits & Premixed Drinks,Premixed Drinks & Cocktails,Buzzballz Choco Tease Ready to Drink Cocktail 200ml,,,4.60,,3 for £10
Waitrose Kentish Town,Spirits & Premixed Drinks,Premixed Drinks & Cocktails,Buzzballz Passionfruit Martini Ready to Drink Cocktail 200ml,,,4.60,,3 for £10
Waitrose Kentish Town,Spirits & Premixed Drinks,Premixed Drinks & Cocktails,Buzzballz Strawberry Rita Ready to Drink Cocktail 200ml,,,4.60,,3 for £10
Waitrose Kentish Town,Spirits & Premixed Drinks,Premixed Drinks & Cocktails,Cointreau Daiquiri Ready to Drink Cocktail 200ml,,,4.45,,
Waitrose Kentish Town,Spirits & Premixed Drinks,Premixed Drinks & Cocktails,EDMUNDS Cocktails - Margarita 14.6% ABV - 6 x 1L,,,22.20,,
Waitrose Kentish Town,Spirits & Premixed Drinks,Premixed Drinks & Cocktails,Fever Tree Classic Margarita Mixer 500ml,500ml,£10.70/L,5.35,,
Waitrose Kentish Town,Spirits & Premixed Drinks,Premixed Drinks & Cocktails,Gordon's Premium Pink Distilled Gin and Tonic 250ml,250ml,£11.60/L,2.90,,
Waitrose Kentish Town,Spirits & Premixed Drinks,Premixed Drinks & Cocktails,Gordon's Special London Dry Gin and Diet Tonic 250ml,250ml,£11.60/L,2.90,,
Waitrose Kentish Town,Spirits & Premixed Drinks,Premixed Drinks & Cocktails,Gordon's Special London Dry Gin and Tonic 250ml,250ml,£12.00/L,3.00,,
Waitrose Kentish Town,Spirits & Premixed Drinks,Premixed Drinks & Cocktails,MOTH Espresso Martini 125ml,125ml,£40.00/L,5.00,,3 for £10
Waitrose Kentish Town,Spirits & Premixed Drinks,Premixed Drinks & Cocktails,MOTH Mango Margarita 125ml,125ml,£30.80/L,3.85,,
Waitrose Kentish Town,Spirits & Premixed Drinks,Premixed Drinks & Cocktails,MOTH Margarita 125ml,125ml,£40.00/L,5.00,,3 for £10
Waitrose Kentish Town,Spirits & Premixed Drinks,Premixed Drinks & Cocktails,MOTH Mojito 200ml,200ml,£25.00/L,5.00,,
Waitrose Kentish Town,Spirits & Premixed Drinks,Premixed Drinks & Cocktails,MOTH Negroni 125ml,125ml,£39.20/L,4.90,,3 for £10
Waitrose Kentish Town,Spirits & Premixed Drinks,Premixed Drinks & Cocktails,MOTH Old Fashioned 100ml,100ml,£50.00/L,5.00,,
Waitrose Kentish Town,Spirits & Premixed Drinks,Premixed Drinks & Cocktails,MOTH Pina Colada Cocktail 200ml,200ml,£22.75/L,4.55,,
Waitrose Kentish Town,Spirits & Premixed Drinks,Premixed Drinks & Cocktails,MOTH Strawberry Daiquiri 125ml,125ml,£30.80/L,3.85,,
Waitrose Kentish Town,Spirits & Premixed Drinks,Premixed Drinks & Cocktails,Malibu Coconut & Pineapple Rum 250ml,250ml,£11.60/L,2.90,,3 for £6
Waitrose Kentish Town,Spirits & Premixed Drinks,Premixed Drinks & Cocktails,Mermaid - Gin & Light Tonic RTD Can 6% Abv - 250ml,250ml,£14.80/L,3.70,,
Waitrose Kentish Town,Spirits & Premixed Drinks,Premixed Drinks & Cocktails,Pimentae Tommy's Margarita 125ml,125ml,£38.40/L,4.80,,
Waitrose Kentish Town,Spirits & Premixed Drinks,Premixed Drinks & Cocktails,Pimm's No 1 Cup 70cl,700ml,£36.86/L,25.80,,
Waitrose Kentish Town,Spirits & Premixed Drinks,Premixed Drinks & Cocktails,Pimm's No.1 & Lemonade 250ml,250ml,£12.00/L,3.00,,
Waitrose Kentish Town,Spirits & Premixed Drinks,Premixed Drinks & Cocktails,Tanqueray Sevilla Gin Tonic 250ml,250ml,£13.20/L,3.30,,
Waitrose Kentish Town,Spirits & Premixed Drinks,Premixed Drinks & Cocktails,Waitrose Non-Alcoholic Spicy Margarita Cocktail 250ml,250ml,£8.00/L,2.00,,
Waitrose Kentish Town,Spirits & Premixed Drinks,Premixed Drinks & Cocktails,WhiteClaw Hard Seltzer Natural Lime 330ml,330ml,£5.45/L,1.80,,
Waitrose Kentish Town,Spirits & Premixed Drinks,Premixed Drinks & Cocktails,Whitebox Cocktails - Chipper's Old Fashioned Can 100ml,100ml,£45.00/L,4.50,,
Waitrose Kentish Town,Spirits & Premixed Drinks,Premixed Drinks & Cocktails,Whitebox Cocktails - Pocket Negroni Can 100ml,100ml,£45.00/L,4.50,,
Waitrose Kentish Town,Spirits & Premixed Drinks,Premixed Drinks & Cocktails,Whitebox Cocktails - Spicy Margarita Can 100ml,100ml,£45.00/L,4.50,,
Waitrose Kentish Town,Spirits & Premixed Drinks,Premixed Drinks & Cocktails,Whitebox Cocktails - Squeezy's Margarita Can 100ml,100ml,£43.00/L,4.30,,
Waitrose Kentish Town,Spirits & Premixed Drinks,Premixed Drinks & Cocktails,Wonderland Espresso Martini 700ml,,,1.90,,
Waitrose Kentish Town,Spirits & Premixed Drinks,Ready to Drink 🍸,Aperol Spritz 4x200ml,800ml,£17.31/L,13.85,,
Waitrose Kentish Town,Spirits & Premixed Drinks,Ready to Drink 🍸,Buzzballz Choco Tease Ready to Drink Cocktail 200ml,,,4.60,,3 for £10
Waitrose Kentish Town,Spirits & Premixed Drinks,Ready to Drink 🍸,Gordon's Special London Dry Gin and Diet Tonic 250ml,250ml,£11.60/L,2.90,,
Waitrose Kentish Town,Spirits & Premixed Drinks,Ready to Drink 🍸,Gordon's Special London Dry Gin and Tonic 250ml,250ml,£12.00/L,3.00,,
Waitrose Kentish Town,Spirits & Premixed Drinks,Ready to Drink 🍸,MOTH Espresso Martini 125ml,125ml,£40.00/L,5.00,,3 for £10
Waitrose Kentish Town,Spirits & Premixed Drinks,Ready to Drink 🍸,MOTH Old Fashioned 100ml,100ml,£50.00/L,5.00,,
Waitrose Kentish Town,Spirits & Premixed Drinks,Ready to Drink 🍸,MOTH Pina Colada Cocktail 200ml,200ml,£22.75/L,4.55,,
Waitrose Kentish Town,Spirits & Premixed Drinks,Ready to Drink 🍸,Malibu Coconut & Pineapple Rum 250ml,250ml,£11.60/L,2.90,,3 for £6
Waitrose Kentish Town,Spirits & Premixed Drinks,Ready to Drink 🍸,Whitebox Cocktails - Chipper's Old Fashioned Can 100ml,100ml,£45.00/L,4.50,,
Waitrose Kentish Town,Spirits & Premixed Drinks,Ready to Drink 🍸,Whitebox Cocktails - Pocket Negroni Can 100ml,100ml,£45.00/L,4.50,,
Waitrose Kentish Town,Spirits & Premixed Drinks,Ready to Drink 🍸,Whitebox Cocktails - Squeezy's Margarita Can 100ml,100ml,£43.00/L,4.30,,
Waitrose Kentish Town,Spirits & Premixed Drinks,Rum,Bacardi Carta Blanca Rum 75cl,750ml,£28.13/L,21.10,,
Waitrose Kentish Town,Spirits & Premixed Drinks,Rum,Havana Club Rum 7 Year Old 70cl,700ml,£52.29/L,36.60,,
Waitrose Kentish Town,Spirits & Premixed Drinks,Rum,The Kraken Black Spiced Rum 70cl,700ml,£51.86/L,36.30,,
Waitrose Kentish Town,Spirits & Premixed Drinks,Spirits & Pre-mixed Cocktails,Absolut Vodka 70cl,700ml,£41.14/L,28.80,,
Waitrose Kentish Town,Spirits & Premixed Drinks,Spirits & Pre-mixed Cocktails,Belvedere Organic Vodka 70cl,700ml,£61.29/L,42.90,,
Waitrose Kentish Town,Spirits & Premixed Drinks,Spirits & Pre-mixed Cocktails,Bombay Sapphire Gin 70cl,700ml,£43.71/L,30.60,,
Waitrose Kentish Town,Spirits & Premixed Drinks,Spirits & Pre-mixed Cocktails,Courvoisier VSOP Cognac 70cl,700ml,£83.29/L,58.30,,
Waitrose Kentish Town,Spirits & Premixed Drinks,Spirits & Pre-mixed Cocktails,El Jimador Tequila Reposado 70cl,700ml,£51.86/L,36.30,,
Waitrose Kentish Town,Spirits & Premixed Drinks,Spirits & Pre-mixed Cocktails,Gordon's London Dry Gin 70cl,700ml,£33.43/L,23.40,,
Waitrose Kentish Town,Spirits & Premixed Drinks,Spirits & Pre-mixed Cocktails,Gordon's Premium Pink Distilled Gin 70cl,700ml,£34.29/L,24.00,,
Waitrose Kentish Town,Spirits & Premixed Drinks,Spirits & Pre-mixed Cocktails,Grey Goose Vodka 70cl,700ml,£83.93/L,58.75,,
Waitrose Kentish Town,Spirits & Premixed Drinks,Spirits & Pre-mixed Cocktails,Havana Club Rum 7 Year Old 70cl,700ml,£52.29/L,36.60,,
Waitrose Kentish Town,Spirits & Premixed Drinks,Spirits & Pre-mixed Cocktails,Jack Daniel's Tennessee Whiskey 70cl,700ml,£44.79/L,31.35,,
Waitrose Kentish Town,Spirits & Premixed Drinks,Spirits & Pre-mixed Cocktails,Patrón Silver Tequila 70cl,700ml,£85.71/L,60.00,,
Waitrose Kentish Town,Spirits & Premixed Drinks,Spirits & Pre-mixed Cocktails,Pimm's No 1 Cup 70cl,700ml,£36.86/L,25.80,,
Waitrose Kentish Town,Spirits & Premixed Drinks,Spirits & Pre-mixed Cocktails,Smirnoff Vodka Red Label 70cl,700ml,£34.29/L,24.00,,
Waitrose Kentish Town,Spirits & Premixed Drinks,Spirits & Pre-mixed Cocktails,Talisker Skye Single Malt Scotch Whisky 70cl,700ml,£82.29/L,57.60,,
Waitrose Kentish Town,Spirits & Premixed Drinks,Spirits & Pre-mixed Cocktails,Tanqueray London Dry Gin 70cl,700ml,£40.29/L,28.20,,
Waitrose Kentish Town,Spirits & Premixed Drinks,Spirits & Pre-mixed Cocktails,Tanqueray Sevilla Gin Tonic 250ml,250ml,£13.20/L,3.30,,
Waitrose Kentish Town,Spirits & Premixed Drinks,Spirits & Pre-mixed Cocktails,Waitrose 3 Year Old French Brandy 35cl,350ml,£27.43/L,9.60,,
Waitrose Kentish Town,Spirits & Premixed Drinks,Spirits & Premixed Drinks,Absolut & Sprite 250ml,250ml,£11.40/L,2.85,,
Waitrose Kentish Town,Spirits & Premixed Drinks,Spirits & Premixed Drinks,Absolut Vodka 350ml,350ml,£41.71/L,14.60,,
Waitrose Kentish Town,Spirits & Premixed Drinks,Spirits & Premixed Drinks,Absolut Vodka 70cl,700ml,£41.14/L,28.80,,
Waitrose Kentish Town,Spirits & Premixed Drinks,Spirits & Premixed Drinks,Aperol 70cl,700ml,£31.71/L,22.20,,
Waitrose Kentish Town,Spirits & Premixed Drinks,Spirits & Premixed Drinks,Aperol Spritz 4x200ml,800ml,£17.31/L,13.85,,
Waitrose Kentish Town,Spirits & Premixed Drinks,Spirits & Premixed Drinks,Bacardi Carta Blanca Rum 75cl,750ml,£28.13/L,21.10,,
Waitrose Kentish Town,Spirits & Premixed Drinks,Spirits & Premixed Drinks,Baileys Original Irish Cream Liqueur 70cl,700ml,£31.71/L,22.20,,
Waitrose Kentish Town,Spirits & Premixed Drinks,Spirits & Premixed Drinks,Belvedere Organic Vodka 70cl,700ml,£61.29/L,42.90,,
Waitrose Kentish Town,Spirits & Premixed Drinks,Spirits & Premixed Drinks,Bombay Sapphire Gin 70cl,700ml,£43.71/L,30.60,,
Waitrose Kentish Town,Spirits & Premixed Drinks,Spirits & Premixed Drinks,Bombay Sapphire Premium Gin & Tonic Can 250ml,250ml,£12.80/L,3.20,,
Waitrose Kentish Town,Spirits & Premixed Drinks,Spirits & Premixed Drinks,Botivo Sparkling Non-Alcoholic Aperitivo 250ml,250ml,£15.40/L,3.85,,
Waitrose Kentish Town,Spirits & Premixed Drinks,Spirits & Premixed Drinks,BuzzBallz Berry Cherry Limeade 200ml,200ml,£23.00/L,4.60,,
Waitrose Kentish Town,Spirits & Premixed Drinks,Spirits & Premixed Drinks,Buzzballz Choco Tease Ready to Drink Cocktail 200ml,,,4.60,,3 for £10
Waitrose Kentish Town,Spirits & Premixed Drinks,Spirits & Premixed Drinks,Buzzballz Passionfruit Martini Ready to Drink Cocktail 200ml,,,4.60,,3 for £10
Waitrose Kentish Town,Spirits & Premixed Drinks,Spirits & Premixed Drinks,Buzzballz Strawberry Rita Ready to Drink Cocktail 200ml,,,4.60,,3 for £10
Waitrose Kentish Town,Spirits & Premixed Drinks,Spirits & Premixed Drinks,Camden Pale Ale 330ml,330ml,£8.18/L,2.70,,2 for £4
Waitrose Kentish Town,Spirits & Premixed Drinks,Spirits & Premixed Drinks,Cointreau Daiquiri Ready to Drink Cocktail 200ml,,,4.45,,
Waitrose Kentish Town,Spirits & Premixed Drinks,Spirits & Premixed Drinks,Courvoisier VSOP Cognac 70cl,700ml,£83.29/L,58.30,,
Waitrose Kentish Town,Spirits & Premixed Drinks,Spirits & Premixed Drinks,Diddly Squat - Cow Juice Vodka 40% ABV - 500ml,500ml,£90.00/L,45.00,,
Waitrose Kentish Town,Spirits & Premixed Drinks,Spirits & Premixed Drinks,Diddly Squat - Honey Whiskey Liqueur 30% ABV - 200ml,200ml,£150.00/L,30.00,,
Waitrose Kentish Town,Spirits & Premixed Drinks,Spirits & Premixed Drinks,Disaronno Originale Liqueur 500ml,500ml,£49.60/L,24.80,,
Waitrose Kentish Town,Spirits & Premixed Drinks,Spirits & Premixed Drinks,EDMUNDS Cocktails - Margarita 14.6% ABV - 6 x 1L,,,22.20,,
Waitrose Kentish Town,Spirits & Premixed Drinks,Spirits & Premixed Drinks,El Jimador Tequila Reposado 70cl,700ml,£51.86/L,36.30,,
Waitrose Kentish Town,Spirits & Premixed Drinks,Spirits & Premixed Drinks,Fever Tree Classic Margarita Mixer 500ml,500ml,£10.70/L,5.35,,
Waitrose Kentish Town,Spirits & Premixed Drinks,Spirits & Premixed Drinks,Gordon's 0.0 Alcohol Free Gin 70cl,700ml,£25.57/L,17.90,,
Waitrose Kentish Town,Spirits & Premixed Drinks,Spirits & Premixed Drinks,Gordon's London Dry Gin 70cl,700ml,£33.43/L,23.40,,
Waitrose Kentish Town,Spirits & Premixed Drinks,Spirits & Premixed Drinks,Gordon's Premium Pink Distilled Gin 70cl,700ml,£34.29/L,24.00,,
Waitrose Kentish Town,Spirits & Premixed Drinks,Spirits & Premixed Drinks,Gordon's Premium Pink Distilled Gin and Tonic 250ml,250ml,£11.60/L,2.90,,
Waitrose Kentish Town,Spirits & Premixed Drinks,Spirits & Premixed Drinks,Gordon's Special London Dry Gin and Diet Tonic 250ml,250ml,£11.60/L,2.90,,
Waitrose Kentish Town,Spirits & Premixed Drinks,Spirits & Premixed Drinks,Gordon's Special London Dry Gin and Tonic 250ml,250ml,£12.00/L,3.00,,
Waitrose Kentish Town,Spirits & Premixed Drinks,Spirits & Premixed Drinks,Grey Goose Vodka 70cl,700ml,£83.93/L,58.75,,
Waitrose Kentish Town,Spirits & Premixed Drinks,Spirits & Premixed Drinks,Hammond's Ratio London Dry Gin 700ml,700ml,£61.29/L,42.90,,
Waitrose Kentish Town,Spirits & Premixed Drinks,Spirits & Premixed Drinks,Havana Club Rum 7 Year Old 70cl,700ml,£52.29/L,36.60,,
Waitrose Kentish Town,Spirits & Premixed Drinks,Spirits & Premixed Drinks,Hendricks Gin 70cl,,,45.00,,
Waitrose Kentish Town,Spirits & Premixed Drinks,Spirits & Premixed Drinks,Jack Daniel's Tennessee Whiskey 70cl,700ml,£44.79/L,31.35,,
Waitrose Kentish Town,Spirits & Premixed Drinks,Spirits & Premixed Drinks,Kahlua Coffee Liqueur 700ml,700ml,£30.43/L,21.30,,
Waitrose Kentish Town,Spirits & Premixed Drinks,Spirits & Premixed Drinks,MOTH Espresso Martini 125ml,125ml,£40.00/L,5.00,,3 for £10
Waitrose Kentish Town,Spirits & Premixed Drinks,Spirits & Premixed Drinks,MOTH Mango Margarita 125ml,125ml,£30.80/L,3.85,,
Waitrose Kentish Town,Spirits & Premixed Drinks,Spirits & Premixed Drinks,MOTH Margarita 125ml,125ml,£40.00/L,5.00,,3 for £10
Waitrose Kentish Town,Spirits & Premixed Drinks,Spirits & Premixed Drinks,MOTH Mojito 200ml,200ml,£25.00/L,5.00,,
Waitrose Kentish Town,Spirits & Premixed Drinks,Spirits & Premixed Drinks,MOTH Negroni 125ml,125ml,£39.20/L,4.90,,3 for £10
Waitrose Kentish Town,Spirits & Premixed Drinks,Spirits & Premixed Drinks,MOTH Old Fashioned 100ml,100ml,£50.00/L,5.00,,
Waitrose Kentish Town,Spirits & Premixed Drinks,Spirits & Premixed Drinks,MOTH Pina Colada Cocktail 200ml,200ml,£22.75/L,4.55,,
Waitrose Kentish Town,Spirits & Premixed Drinks,Spirits & Premixed Drinks,MOTH Strawberry Daiquiri 125ml,125ml,£30.80/L,3.85,,
Waitrose Kentish Town,Spirits & Premixed Drinks,Spirits & Premixed Drinks,Malibu Coconut & Pineapple Rum 250ml,250ml,£11.60/L,2.90,,3 for £6
Waitrose Kentish Town,Spirits & Premixed Drinks,Spirits & Premixed Drinks,Martini Rosso Vermouth 75cl,750ml,£15.31/L,11.48,13.50,15% off
Waitrose Kentish Town,Spirits & Premixed Drinks,Spirits & Premixed Drinks,Mermaid - Gin & Light Tonic RTD Can 6% Abv - 250ml,250ml,£14.80/L,3.70,,
Waitrose Kentish Town,Spirits & Premixed Drinks,Spirits & Premixed Drinks,Mermaid Gin 700ml,700ml,£72.36/L,50.65,,
Waitrose Kentish Town,Spirits & Premixed Drinks,Spirits & Premixed Drinks,Mermaid Pink Gin 700ml,700ml,£72.36/L,50.65,,
Waitrose Kentish Town,Spirits & Premixed Drinks,Spirits & Premixed Drinks,Nikka Whisky From The Barrel 50cl,500ml,£110.00/L,55.00,,
Waitrose Kentish Town,Spirits & Premixed Drinks,Spirits & Premixed Drinks,Patrón Silver Tequila 70cl,700ml,£85.71/L,60.00,,
Waitrose Kentish Town,Spirits & Premixed Drinks,Spirits & Premixed Drinks,Pimentae Tommy's Margarita 125ml,125ml,£38.40/L,4.80,,
Waitrose Kentish Town,Spirits & Premixed Drinks,Spirits & Premixed Drinks,Pimm's No 1 Cup 70cl,700ml,£36.86/L,25.80,,
Waitrose Kentish Town,Spirits & Premixed Drinks,Spirits & Premixed Drinks,Pimm's No.1 & Lemonade 250ml,250ml,£12.00/L,3.00,,
Waitrose Kentish Town,Spirits & Premixed Drinks,Spirits & Premixed Drinks,Roku Gin 70cl,700ml,£54.21/L,37.95,,
Waitrose Kentish Town,Spirits & Premixed Drinks,Spirits & Premixed Drinks,Smirnoff Vodka Red Label 70cl,700ml,£34.29/L,24.00,,
Waitrose Kentish Town,Spirits & Premixed Drinks,Spirits & Premixed Drinks,Stolichnaya Vodka 70cl,700ml,£45.57/L,31.90,,
Waitrose Kentish Town,Spirits & Premixed Drinks,Spirits & Premixed Drinks,Talisker Skye Single Malt Scotch Whisky 70cl,700ml,£82.29/L,57.60,,
Waitrose Kentish Town,Spirits & Premixed Drinks,Spirits & Premixed Drinks,Tanqueray Alcohol Free Gin 70cl,700ml,£23.79/L,16.65,22.20,25% off
Waitrose Kentish Town,Spirits & Premixed Drinks,Spirits & Premixed Drinks,Tanqueray London Dry Gin 70cl,700ml,£40.29/L,28.20,,
Waitrose Kentish Town,Spirits & Premixed Drinks,Spirits & Premixed Drinks,Tanqueray Sevilla Gin Tonic 250ml,250ml,£13.20/L,3.30,,
Waitrose Kentish Town,Spirits & Premixed Drinks,Spirits & Premixed Drinks,The Kraken Black Spiced Rum 70cl,700ml,£51.86/L,36.30,,
Waitrose Kentish Town,Spirits & Premixed Drinks,Spirits & Premixed Drinks,Waitrose 3 Year Old French Brandy 35cl,350ml,£27.43/L,9.60,,
Waitrose Kentish Town,Spirits & Premixed Drinks,Spirits & Premixed Drinks,Waitrose Blended Scotch Whisky 70cl,700ml,£28.29/L,19.80,,
Waitrose Kentish Town,Spirits & Premixed Drinks,Spirits & Premixed Drinks,Waitrose London Dry Gin 1l,1L,£24.30/L,24.30,,
Waitrose Kentish Town,Spirits & Premixed Drinks,Spirits & Premixed Drinks,Waitrose Non-Alcoholic Mojito Cocktail 250ml,250ml,£8.00/L,2.00,,
Waitrose Kentish Town,Spirits & Premixed Drinks,Spirits & Premixed Drinks,Waitrose Non-Alcoholic Paloma Cocktail 250ml,250ml,£8.00/L,2.00,,
Waitrose Kentish Town,Spirits & Premixed Drinks,Spirits & Premixed Drinks,Waitrose Non-Alcoholic Spicy Margarita Cocktail 250ml,250ml,£8.00/L,2.00,,
Waitrose Kentish Town,Spirits & Premixed Drinks,Spirits & Premixed Drinks,Waitrose Vodka 70cl,700ml,£21.43/L,15.00,,
Waitrose Kentish Town,Spirits & Premixed Drinks,Spirits & Premixed Drinks,WhiteClaw Hard Seltzer Natural Lime 330ml,330ml,£5.45/L,1.80,,
Waitrose Kentish Town,Spirits & Premixed Drinks,Spirits & Premixed Drinks,Whitebox Cocktails - Chipper's Old Fashioned Can 100ml,100ml,£45.00/L,4.50,,
Waitrose Kentish Town,Spirits & Premixed Drinks,Spirits & Premixed Drinks,Whitebox Cocktails - Pocket Negroni Can 100ml,100ml,£45.00/L,4.50,,
Waitrose Kentish Town,Spirits & Premixed Drinks,Spirits & Premixed Drinks,Whitebox Cocktails - Spicy Margarita Can 100ml,100ml,£45.00/L,4.50,,
Waitrose Kentish Town,Spirits & Premixed Drinks,Spirits & Premixed Drinks,Whitebox Cocktails - Squeezy's Margarita Can 100ml,100ml,£43.00/L,4.30,,
Waitrose Kentish Town,Spirits & Premixed Drinks,Spirits & Premixed Drinks,Wonderland Espresso Martini 700ml,,,1.90,,
Waitrose Kentish Town,Spirits & Premixed Drinks,Spirits & Premixed Drinks,Woodford Reserve Double Oaked Bourbon Whiskey 70cl,700ml,£97.71/L,68.40,,
Waitrose Kentish Town,Spirits & Premixed Drinks,Tequila & Mezcal,El Jimador Tequila Reposado 70cl,700ml,£51.86/L,36.30,,
Waitrose Kentish Town,Spirits & Premixed Drinks,Tequila & Mezcal,Patrón Silver Tequila 70cl,700ml,£85.71/L,60.00,,
Waitrose Kentish Town,Spirits & Premixed Drinks,Vodka,Absolut Vodka 350ml,350ml,£41.71/L,14.60,,
Waitrose Kentish Town,Spirits & Premixed Drinks,Vodka,Absolut Vodka 70cl,700ml,£41.14/L,28.80,,
Waitrose Kentish Town,Spirits & Premixed Drinks,Vodka,Belvedere Organic Vodka 70cl,700ml,£61.29/L,42.90,,
Waitrose Kentish Town,Spirits & Premixed Drinks,Vodka,Diddly Squat - Cow Juice Vodka 40% ABV - 500ml,500ml,£90.00/L,45.00,,
Waitrose Kentish Town,Spirits & Premixed Drinks,Vodka,Grey Goose Vodka 70cl,700ml,£83.93/L,58.75,,
Waitrose Kentish Town,Spirits & Premixed Drinks,Vodka,Smirnoff Vodka Red Label 70cl,700ml,£34.29/L,24.00,,
Waitrose Kentish Town,Spirits & Premixed Drinks,Vodka,Stolichnaya Vodka 70cl,700ml,£45.57/L,31.90,,
Waitrose Kentish Town,Spirits & Premixed Drinks,Vodka,Waitrose Vodka 70cl,700ml,£21.43/L,15.00,,
Waitrose Kentish Town,Spirits & Premixed Drinks,Whisky,Camden Pale Ale 330ml,330ml,£8.18/L,2.70,,2 for £4
Waitrose Kentish Town,Spirits & Premixed Drinks,Whisky,Jack Daniel's Tennessee Whiskey 70cl,700ml,£44.79/L,31.35,,
Waitrose Kentish Town,Spirits & Premixed Drinks,Whisky,Nikka Whisky From The Barrel 50cl,500ml,£110.00/L,55.00,,
Waitrose Kentish Town,Spirits & Premixed Drinks,Whisky,Talisker Skye Single Malt Scotch Whisky 70cl,700ml,£82.29/L,57.60,,
Waitrose Kentish Town,Spirits & Premixed Drinks,Whisky,Waitrose Blended Scotch Whisky 70cl,700ml,£28.29/L,19.80,,
Waitrose Kentish Town,Spirits & Premixed Drinks,Whisky,Woodford Reserve Double Oaked Bourbon Whiskey 70cl,700ml,£97.71/L,68.40,,
Waitrose Kentish Town,Spirits & Premixed Drinks,Wine & Sparkling,Martini Rosso Vermouth 75cl,750ml,£15.31/L,11.48,13.50,15% off
Waitrose Kentish Town,"Sugar, Flour, Baking",Baking Aids,Allinson's Easy Bake Yeast Sachets 42g,42g,£42.86/kg,1.80,,
Waitrose Kentish Town,"Sugar, Flour, Baking",Baking Aids,Betty Crocker Choc Chip Cookie Mix 200g,200g,£13.25/kg,2.65,,
Waitrose Kentish Town,"Sugar, Flour, Baking",Baking Aids,Betty Crocker Choc Fudge Brownie Mix 415g,415g,£9.64/kg,4.00,,
Waitrose Kentish Town,"Sugar, Flour, Baking",Baking Aids,Betty Crocker Choc Fudge Icing 400g,400g,£9.75/kg,3.90,,
Waitrose Kentish Town,"Sugar, Flour, Baking",Baking Aids,Betty Crocker Vanilla Buttercream Icing 400g,400g,£9.75/kg,3.90,,
Waitrose Kentish Town,"Sugar, Flour, Baking",Baking Aids,Green & Black's Organic Fairtrade Cocoa Powder 125g,125g,£36.80/kg,4.60,,
Waitrose Kentish Town,"Sugar, Flour, Baking",Baking Aids,Hartley's Raspberry Jelly 135g,135g,£10.00/kg,1.35,,
Waitrose Kentish Town,"Sugar, Flour, Baking",Baking Aids,Minuto Pancake Shaker 155g,155g,£7.10/kg,1.10,,
Waitrose Kentish Town,"Sugar, Flour, Baking",Baking Aids,Nestle Carnation Condensed Milk 397g,397g,£4.61/kg,1.83,2.15,15% off
Waitrose Kentish Town,"Sugar, Flour, Baking",Baking Aids,Nestle Carnation Evaporated Milk 410g,410g,£4.27/kg,1.75,,
Waitrose Kentish Town,"Sugar, Flour, Baking",Baking Aids,Nielsen-Massey Vanilla Extract 60ml,60ml,£128.33/L,7.70,,
Waitrose Kentish Town,"Sugar, Flour, Baking",Baking Aids,Waitrose Baking Powder 160g,160g,£9.38/kg,1.50,,
Waitrose Kentish Town,"Sugar, Flour, Baking",Baking Aids,Waitrose Cooks' Ingredients Bicarbonate of Soda 180g,180g,£9.17/kg,1.65,,
Waitrose Kentish Town,"Sugar, Flour, Baking",Baking Aids,Waitrose Dark Cooking Chocolate 180g,180g,£21.39/kg,3.85,,
Waitrose Kentish Town,"Sugar, Flour, Baking",Baking Aids,Waitrose Desiccated Coconut 250g,250g,£12.00/kg,3.00,,
Waitrose Kentish Town,"Sugar, Flour, Baking",Baking Aids,Waitrose Fairtrade Milk Chocolate Chips 100g,100g,£22.50/kg,2.25,,
Waitrose Kentish Town,"Sugar, Flour, Baking",Flour,McDougalls Self Raising Flour 1.1Kg,1.1kg,£2.23/kg,2.45,,
Waitrose Kentish Town,"Sugar, Flour, Baking",Flour,Waitrose 00 Grade Pasta Flour 1kg,1kg,£1.85/kg,1.85,,
Waitrose Kentish Town,"Sugar, Flour, Baking",Flour,Waitrose Cornflour 250g,250g,£6.80/kg,1.70,,
Waitrose Kentish Town,"Sugar, Flour, Baking",Flour,Waitrose Essential Self Raising White Flour 500g,500g,£1.30/kg,0.65,,
Waitrose Kentish Town,"Sugar, Flour, Baking",Flour,Waitrose Essentials  Strong White Bread Flour 1500g,1.5kg,£1.03/kg,1.55,,
Waitrose Kentish Town,"Sugar, Flour, Baking",Offers,Nestle Carnation Condensed Milk 397g,397g,£4.61/kg,1.83,2.15,15% off
Waitrose Kentish Town,"Sugar, Flour, Baking",Ready-Made Pastry & Dough,Jus Rol Puff Pastry Sheet 320g,320g,£6.72/kg,2.15,,
Waitrose Kentish Town,"Sugar, Flour, Baking",Sugar,Silver Spoon Granulated Sugar 1kg,1kg,£1.50/kg,1.50,,
Waitrose Kentish Town,"Sugar, Flour, Baking",Sugar,Silver Spoon Granulated Sugar 500g,500g,£2.20/kg,1.10,,
Waitrose Kentish Town,"Sugar, Flour, Baking",Sugar,Sweetex Sweetener Tablets 800s,800pk,0.494p each,3.95,,
Waitrose Kentish Town,"Sugar, Flour, Baking",Sugar,Tate & Lyle Fairtrade Caster Sugar 1kg,1kg,£3.30/kg,3.30,,
Waitrose Kentish Town,"Sugar, Flour, Baking",Sugar,Tate & Lyle Fairtrade Icing Sugar 500g,500g,£3.80/kg,1.90,,
Waitrose Kentish Town,"Sugar, Flour, Baking",Sugar,Tate & Lyle Jam Sugar 1kg,1kg,£3.10/kg,3.10,,
Waitrose Kentish Town,"Sugar, Flour, Baking",Sugar,The Groovy Food Co Agave Nectar 250ml,250ml,£14.40/L,3.60,,
Waitrose Kentish Town,"Sugar, Flour, Baking",Sugar,Truvia Stevia Leaf Sweetener 270g,270g,£25.37/kg,6.85,,
Waitrose Kentish Town,"Sugar, Flour, Baking",Sugar,Waitrose Dark Brown Muscovado Sugar 1kg,1kg,£4.10/kg,4.10,,
Waitrose Kentish Town,"Sugar, Flour, Baking",Sugar,Waitrose Demerara Sugar 1000g,1kg,£3.00/kg,3.00,,
Waitrose Kentish Town,"Sugar, Flour, Baking",Sugar,Waitrose Light Brown Soft Sugar 1000g,1kg,£4.10/kg,4.10,,
Waitrose Kentish Town,"Sugar, Flour, Baking","Sugar, Flour, Baking",Allinson's Easy Bake Yeast Sachets 42g,42g,£42.86/kg,1.80,,
Waitrose Kentish Town,"Sugar, Flour, Baking","Sugar, Flour, Baking",Betty Crocker Choc Chip Cookie Mix 200g,200g,£13.25/kg,2.65,,
Waitrose Kentish Town,"Sugar, Flour, Baking","Sugar, Flour, Baking",Betty Crocker Choc Fudge Brownie Mix 415g,415g,£9.64/kg,4.00,,
Waitrose Kentish Town,"Sugar, Flour, Baking","Sugar, Flour, Baking",Betty Crocker Choc Fudge Icing 400g,400g,£9.75/kg,3.90,,
Waitrose Kentish Town,"Sugar, Flour, Baking","Sugar, Flour, Baking",Betty Crocker Vanilla Buttercream Icing 400g,400g,£9.75/kg,3.90,,
Waitrose Kentish Town,"Sugar, Flour, Baking","Sugar, Flour, Baking",Green & Black's Organic Fairtrade Cocoa Powder 125g,125g,£36.80/kg,4.60,,
Waitrose Kentish Town,"Sugar, Flour, Baking","Sugar, Flour, Baking",Hartley's Raspberry Jelly 135g,135g,£10.00/kg,1.35,,
Waitrose Kentish Town,"Sugar, Flour, Baking","Sugar, Flour, Baking",Jus Rol Puff Pastry Sheet 320g,320g,£6.72/kg,2.15,,
Waitrose Kentish Town,"Sugar, Flour, Baking","Sugar, Flour, Baking",McDougalls Self Raising Flour 1.1Kg,1.1kg,£2.23/kg,2.45,,
Waitrose Kentish Town,"Sugar, Flour, Baking","Sugar, Flour, Baking",Minuto Pancake Shaker 155g,155g,£7.10/kg,1.10,,
Waitrose Kentish Town,"Sugar, Flour, Baking","Sugar, Flour, Baking",Nestle Carnation Condensed Milk 397g,397g,£4.61/kg,1.83,2.15,15% off
Waitrose Kentish Town,"Sugar, Flour, Baking","Sugar, Flour, Baking",Nestle Carnation Evaporated Milk 410g,410g,£4.27/kg,1.75,,
Waitrose Kentish Town,"Sugar, Flour, Baking","Sugar, Flour, Baking",Nielsen-Massey Vanilla Extract 60ml,60ml,£128.33/L,7.70,,
Waitrose Kentish Town,"Sugar, Flour, Baking","Sugar, Flour, Baking",Silver Spoon Granulated Sugar 1kg,1kg,£1.50/kg,1.50,,
Waitrose Kentish Town,"Sugar, Flour, Baking","Sugar, Flour, Baking",Silver Spoon Granulated Sugar 500g,500g,£2.20/kg,1.10,,
Waitrose Kentish Town,"Sugar, Flour, Baking","Sugar, Flour, Baking",Sweetex Sweetener Tablets 800s,800pk,0.494p each,3.95,,
Waitrose Kentish Town,"Sugar, Flour, Baking","Sugar, Flour, Baking",Tate & Lyle Fairtrade Caster Sugar 1kg,1kg,£3.30/kg,3.30,,
Waitrose Kentish Town,"Sugar, Flour, Baking","Sugar, Flour, Baking",Tate & Lyle Fairtrade Icing Sugar 500g,500g,£3.80/kg,1.90,,
Waitrose Kentish Town,"Sugar, Flour, Baking","Sugar, Flour, Baking",Tate & Lyle Jam Sugar 1kg,1kg,£3.10/kg,3.10,,
Waitrose Kentish Town,"Sugar, Flour, Baking","Sugar, Flour, Baking",The Groovy Food Co Agave Nectar 250ml,250ml,£14.40/L,3.60,,
Waitrose Kentish Town,"Sugar, Flour, Baking","Sugar, Flour, Baking",Truvia Stevia Leaf Sweetener 270g,270g,£25.37/kg,6.85,,
Waitrose Kentish Town,"Sugar, Flour, Baking","Sugar, Flour, Baking",Waitrose 00 Grade Pasta Flour 1kg,1kg,£1.85/kg,1.85,,
Waitrose Kentish Town,"Sugar, Flour, Baking","Sugar, Flour, Baking",Waitrose Baking Powder 160g,160g,£9.38/kg,1.50,,
Waitrose Kentish Town,"Sugar, Flour, Baking","Sugar, Flour, Baking",Waitrose Cooks' Ingredients Bicarbonate of Soda 180g,180g,£9.17/kg,1.65,,
Waitrose Kentish Town,"Sugar, Flour, Baking","Sugar, Flour, Baking",Waitrose Cornflour 250g,250g,£6.80/kg,1.70,,
Waitrose Kentish Town,"Sugar, Flour, Baking","Sugar, Flour, Baking",Waitrose Dark Brown Muscovado Sugar 1kg,1kg,£4.10/kg,4.10,,
Waitrose Kentish Town,"Sugar, Flour, Baking","Sugar, Flour, Baking",Waitrose Dark Cooking Chocolate 180g,180g,£21.39/kg,3.85,,
Waitrose Kentish Town,"Sugar, Flour, Baking","Sugar, Flour, Baking",Waitrose Demerara Sugar 1000g,1kg,£3.00/kg,3.00,,
Waitrose Kentish Town,"Sugar, Flour, Baking","Sugar, Flour, Baking",Waitrose Desiccated Coconut 250g,250g,£12.00/kg,3.00,,
Waitrose Kentish Town,"Sugar, Flour, Baking","Sugar, Flour, Baking",Waitrose Essential Self Raising White Flour 500g,500g,£1.30/kg,0.65,,
Waitrose Kentish Town,"Sugar, Flour, Baking","Sugar, Flour, Baking",Waitrose Essentials  Strong White Bread Flour 1500g,1.5kg,£1.03/kg,1.55,,
Waitrose Kentish Town,"Sugar, Flour, Baking","Sugar, Flour, Baking",Waitrose Fairtrade Milk Chocolate Chips 100g,100g,£22.50/kg,2.25,,
Waitrose Kentish Town,"Sugar, Flour, Baking","Sugar, Flour, Baking",Waitrose Light Brown Soft Sugar 1000g,1kg,£4.10/kg,4.10,,
Waitrose Kentish Town,Table Sauces & Condiments,Chef's Pantry,All Dressed Up House Dressing 250ml,250ml,£22.20/L,5.55,,
Waitrose Kentish Town,Table Sauces & Condiments,Chef's Pantry,Amoy Light Soy Sauce 150ml,150ml,£15.00/L,2.25,,
Waitrose Kentish Town,Table Sauces & Condiments,Chef's Pantry,Blue Dragon Sweet Chilli Sauce 380g,380g,£9.74/kg,3.70,,
Waitrose Kentish Town,Table Sauces & Condiments,Chef's Pantry,Cholula Chipotle Hot Sauce 150ml,150ml,£19.67/L,2.95,,
Waitrose Kentish Town,Table Sauces & Condiments,Chef's Pantry,Cholula Original Hot Sauce 150ml,150ml,£19.67/L,2.95,,
Waitrose Kentish Town,Table Sauces & Condiments,Chef's Pantry,French's Classic Yellow Mustard 397g,397g,£9.95/kg,3.95,,
Waitrose Kentish Town,Table Sauces & Condiments,Chef's Pantry,HP Original Sauce 450g,450g,£7.20/kg,3.24,4.05,20% off
Waitrose Kentish Town,Table Sauces & Condiments,Chef's Pantry,Heinz Burger Sauce 400ml,400ml,£8.75/L,3.50,,
Waitrose Kentish Town,Table Sauces & Condiments,Chef's Pantry,Heinz Original Salad Cream 425g,425g,£7.15/kg,3.04,3.80,20% off
Waitrose Kentish Town,Table Sauces & Condiments,Chef's Pantry,Heinz Tomato Ketchup 50% Less Sugar & Salt 665g,665g,£6.69/kg,4.45,,
Waitrose Kentish Town,Table Sauces & Condiments,Chef's Pantry,Hellmann's Light Mayonnaise 430ml,430ml,£6.23/L,2.68,3.35,20% off
Waitrose Kentish Town,Table Sauces & Condiments,Chef's Pantry,Hellmann's Real Mayonnaise 430ml,430ml,£6.63/L,2.85,3.35,15% off
Waitrose Kentish Town,Table Sauces & Condiments,Chef's Pantry,Hellmann's Roasted Garlic Mayonnaise 430ml,,,2.70,,
Waitrose Kentish Town,Table Sauces & Condiments,Chef's Pantry,Hellmann's Squeezy Real Mayonnaise 750ml,750ml,£6.33/L,4.75,,
Waitrose Kentish Town,Table Sauces & Condiments,Chef's Pantry,Kenko Mayonnaise 500g,500g,£9.90/kg,4.95,,
Waitrose Kentish Town,Table Sauces & Condiments,Chef's Pantry,Kikkoman Less Salt Soy Sauce 150ml,150ml,£22.00/L,3.30,,
Waitrose Kentish Town,Table Sauces & Condiments,Chef's Pantry,Lucy's Dressings - Truffle Mayonnaise - 175g,175g,£35.71/kg,6.25,,
Waitrose Kentish Town,Table Sauces & Condiments,Chef's Pantry,Maille Traditional Dijon Mustard 215g,215g,£17.02/kg,3.66,4.30,15% off
Waitrose Kentish Town,Table Sauces & Condiments,Chef's Pantry,Maille Wholegrain Mustard 210g,210g,£17.43/kg,3.66,4.30,15% off
Waitrose Kentish Town,Table Sauces & Condiments,Chef's Pantry,Nando's Peri-Peri Medium Sauce 500g,500g,£10.30/kg,5.15,,
Waitrose Kentish Town,Table Sauces & Condiments,Chef's Pantry,Nando's Sweet Chilli Jam 285g,285g,£12.63/kg,3.60,,
Waitrose Kentish Town,Table Sauces & Condiments,Chef's Pantry,PizzaExp House Dressing 235ml,235ml,£14.47/L,3.40,,
Waitrose Kentish Town,Table Sauces & Condiments,Chef's Pantry,PizzaExpress House Light Dressing 235ml,235ml,£12.30/L,2.89,3.40,15% off
Waitrose Kentish Town,Table Sauces & Condiments,Chef's Pantry,Poon's London - Extraordinary Chilli Oil - 125g,125g,£50.00/kg,6.25,,
Waitrose Kentish Town,Table Sauces & Condiments,Chef's Pantry,Roni B's Filipino Garlic Chilli Oil 190ml,190ml,£34.21/L,6.50,,
Waitrose Kentish Town,Table Sauces & Condiments,Chef's Pantry,Tabasco Pepper Sauce 57ml,57ml,£39.30/L,2.24,3.20,30% off
Waitrose Kentish Town,Table Sauces & Condiments,Chef's Pantry,The Garlic Farm - Garlic Mayonnaise - 240g,240g,£19.79/kg,4.75,,
Waitrose Kentish Town,Table Sauces & Condiments,Chef's Pantry,Tonkotsu Extra Hot Japanese Chilli Oil 190ml,190ml,£31.32/L,5.95,,
Waitrose Kentish Town,Table Sauces & Condiments,Chef's Pantry,Tonkotsu Japanese Chilli Ketchup 190ml,190ml,£28.95/L,5.50,,
Waitrose Kentish Town,Table Sauces & Condiments,Chef's Pantry,Tonkotsu Japanese Chilli Oil 190ml,190ml,£28.95/L,5.50,,
Waitrose Kentish Town,Table Sauces & Condiments,Chef's Pantry,Umami Bros Japanese Style Mayonnaise 350ml,350ml,£19.86/L,6.95,,
Waitrose Kentish Town,Table Sauces & Condiments,Chef's Pantry,Uni-Eagle Sriracha Hot Chilli Sauce 430ml,430ml,£9.30/L,4.00,,
Waitrose Kentish Town,Table Sauces & Condiments,Chef's Pantry,Waitrose Caesar Dressing 235ml,235ml,£11.06/L,2.60,,
Waitrose Kentish Town,Table Sauces & Condiments,Chef's Pantry,Waitrose Dark Soya Sauce 283ml,283ml,£5.30/L,1.50,,
Waitrose Kentish Town,Table Sauces & Condiments,Chef's Pantry,Waitrose Essential Mayonnaise 379g,379g,£4.35/kg,1.65,,
Waitrose Kentish Town,Table Sauces & Condiments,Chef's Pantry,Waitrose French Salad Dressing 150ml,,,1.75,,
Waitrose Kentish Town,Table Sauces & Condiments,Chef's Pantry,Waitrose Reduced Salt Light Soya Sauce 250ml,250ml,£6.00/L,1.50,,
Waitrose Kentish Town,Table Sauces & Condiments,Chef's Pantry,White Mausu - Smoky Chilli Oil - 240g,240g,£27.50/kg,6.60,,
Waitrose Kentish Town,Table Sauces & Condiments,Discover our Waitrose No.1 Range,Waitrose No.1 Fig & Balsamic Chutney 120g,120g,£27.50/kg,3.30,,
Waitrose Kentish Town,Table Sauces & Condiments,Hot Sauce,Blue Dragon Sweet Chilli Sauce 380g,380g,£9.74/kg,3.70,,
Waitrose Kentish Town,Table Sauces & Condiments,Hot Sauce,Cholula Chipotle Hot Sauce 150ml,150ml,£19.67/L,2.95,,
Waitrose Kentish Town,Table Sauces & Condiments,Hot Sauce,Cholula Original Hot Sauce 150ml,150ml,£19.67/L,2.95,,
Waitrose Kentish Town,Table Sauces & Condiments,Hot Sauce,Frank's RedHot Buffalo Wings Sauce 148ml,148ml,£18.92/L,2.80,,
Waitrose Kentish Town,Table Sauces & Condiments,Hot Sauce,Frank's RedHot Original Pepper Sauce 148ml,148ml,£20.95/L,3.10,,
Waitrose Kentish Town,Table Sauces & Condiments,Hot Sauce,JD's XXTRA Hot Honey 260g,,,5.25,,
Waitrose Kentish Town,Table Sauces & Condiments,Hot Sauce,Nando's Peri-Peri Medium Sauce 500g,500g,£10.30/kg,5.15,,
Waitrose Kentish Town,Table Sauces & Condiments,Hot Sauce,Nandos Hot Peri-Peri Sauce 125g,125g,£23.20/kg,2.90,,
Waitrose Kentish Town,Table Sauces & Condiments,Hot Sauce,Nandos Medium Peri-Peri Sauce 125g,125g,£23.20/kg,2.90,,
Waitrose Kentish Town,Table Sauces & Condiments,Hot Sauce,Poon's London - Extraordinary Chilli Oil - 125g,125g,£50.00/kg,6.25,,
Waitrose Kentish Town,Table Sauces & Condiments,Hot Sauce,Roni B's Filipino Garlic Chilli Oil 190ml,190ml,£34.21/L,6.50,,
Waitrose Kentish Town,Table Sauces & Condiments,Hot Sauce,Tabasco Pepper Sauce 57ml,57ml,£39.30/L,2.24,3.20,30% off
Waitrose Kentish Town,Table Sauces & Condiments,Hot Sauce,Tonkotsu Extra Hot Japanese Chilli Oil 190ml,190ml,£31.32/L,5.95,,
Waitrose Kentish Town,Table Sauces & Condiments,Hot Sauce,Tonkotsu Japanese Chilli Ketchup 190ml,190ml,£28.95/L,5.50,,
Waitrose Kentish Town,Table Sauces & Condiments,Hot Sauce,Tonkotsu Japanese Chilli Oil 190ml,190ml,£28.95/L,5.50,,
Waitrose Kentish Town,Table Sauces & Condiments,Hot Sauce,Uni-Eagle Sriracha Hot Chilli Sauce 430ml,430ml,£9.30/L,4.00,,
Waitrose Kentish Town,Table Sauces & Condiments,Hot Sauce,White Mausu - Smoky Chilli Oil - 240g,240g,£27.50/kg,6.60,,
Waitrose Kentish Town,Table Sauces & Condiments,Ketchup,Heinz Tomato Ketchup 50% Less Sugar & Salt 665g,665g,£6.69/kg,4.45,,
Waitrose Kentish Town,Table Sauces & Condiments,Ketchup,Stokes Tomato Ketchup 300g,300g,£11.67/kg,3.50,,
Waitrose Kentish Town,Table Sauces & Condiments,Mayonnaise & Condiments,Branston Original Pickle 360g,,,2.65,,
Waitrose Kentish Town,Table Sauces & Condiments,Mayonnaise & Condiments,Diddly Squat - Habanero Chilli Chutney - 280g,280g,£26.25/kg,7.35,,
Waitrose Kentish Town,Table Sauces & Condiments,Mayonnaise & Condiments,Dylan's Piccalilli 170g,170g,£33.82/kg,5.75,,
Waitrose Kentish Town,Table Sauces & Condiments,Mayonnaise & Condiments,Geeta's Premium Mango Chutney 320g,320g,£8.78/kg,2.81,3.30,15% off
Waitrose Kentish Town,Table Sauces & Condiments,Mayonnaise & Condiments,HP Classic BBQ Sauce 465g,465g,£8.71/kg,4.05,,
Waitrose Kentish Town,Table Sauces & Condiments,Mayonnaise & Condiments,Hellmann's Light Mayonnaise 430ml,430ml,£6.23/L,2.68,3.35,20% off
Waitrose Kentish Town,Table Sauces & Condiments,Mayonnaise & Condiments,Hellmann's Real Mayonnaise 430ml,430ml,£6.63/L,2.85,3.35,15% off
Waitrose Kentish Town,Table Sauces & Condiments,Mayonnaise & Condiments,Hellmann's Roasted Garlic Mayonnaise 430ml,,,2.70,,
Waitrose Kentish Town,Table Sauces & Condiments,Mayonnaise & Condiments,Hellmann's Squeezy Real Mayonnaise 750ml,750ml,£6.33/L,4.75,,
Waitrose Kentish Town,Table Sauces & Condiments,Mayonnaise & Condiments,Kenko Mayonnaise 500g,500g,£9.90/kg,4.95,,
Waitrose Kentish Town,Table Sauces & Condiments,Mayonnaise & Condiments,Lucy's Dressings - Truffle Mayonnaise - 175g,175g,£35.71/kg,6.25,,
Waitrose Kentish Town,Table Sauces & Condiments,Mayonnaise & Condiments,Nando's Perinaise Hot 265g,265g,£11.32/kg,3.00,,
Waitrose Kentish Town,Table Sauces & Condiments,Mayonnaise & Condiments,Nando's Sweet Chilli Jam 285g,285g,£12.63/kg,3.60,,
Waitrose Kentish Town,Table Sauces & Condiments,Mayonnaise & Condiments,Nandos Perinaise Mild Peri Mayo 265g,265g,£12.08/kg,3.20,,
Waitrose Kentish Town,Table Sauces & Condiments,Mayonnaise & Condiments,Ocean Spray Whole Cranberry Sauce 200g,200g,£11.00/kg,2.20,,
Waitrose Kentish Town,Table Sauces & Condiments,Mayonnaise & Condiments,Patak's Medium Lime Pickle 250g,250g,£12.40/kg,3.10,,
Waitrose Kentish Town,Table Sauces & Condiments,Mayonnaise & Condiments,Sharwood's Mango Chutney 360g,360g,£7.08/kg,2.55,3.00,15% off
Waitrose Kentish Town,Table Sauces & Condiments,Mayonnaise & Condiments,The Garlic Farm - Garlic Mayonnaise - 240g,240g,£19.79/kg,4.75,,
Waitrose Kentish Town,Table Sauces & Condiments,Mayonnaise & Condiments,Umami Bros Japanese Style Mayonnaise 350ml,350ml,£19.86/L,6.95,,
Waitrose Kentish Town,Table Sauces & Condiments,Mayonnaise & Condiments,Waitrose Apple & Pear Chutney 315g,315g,£9.84/kg,3.10,,
Waitrose Kentish Town,Table Sauces & Condiments,Mayonnaise & Condiments,Waitrose Caramelised Red Onion Chutney 350g,350g,£9.57/kg,3.35,,
Waitrose Kentish Town,Table Sauces & Condiments,Mayonnaise & Condiments,Waitrose English Mint Sauce 195g,195g,£9.23/kg,1.80,,
Waitrose Kentish Town,Table Sauces & Condiments,Mayonnaise & Condiments,Waitrose Essential Mayonnaise 379g,379g,£4.35/kg,1.65,,
Waitrose Kentish Town,Table Sauces & Condiments,Mayonnaise & Condiments,Waitrose Essential Mustard Piccalilli 460g,460g,£4.78/kg,2.20,,
Waitrose Kentish Town,Table Sauces & Condiments,Mayonnaise & Condiments,Waitrose No.1 Fig & Balsamic Chutney 120g,120g,£27.50/kg,3.30,,
Waitrose Kentish Town,Table Sauces & Condiments,Mustard,French's Classic Yellow Mustard 397g,397g,£9.95/kg,3.95,,
Waitrose Kentish Town,Table Sauces & Condiments,Mustard,Maille Traditional Dijon Mustard 215g,215g,£17.02/kg,3.66,4.30,15% off
Waitrose Kentish Town,Table Sauces & Condiments,Mustard,Maille Wholegrain Mustard 210g,210g,£17.43/kg,3.66,4.30,15% off
Waitrose Kentish Town,Table Sauces & Condiments,Mustard,Waitrose Essential Dijon Mustard 180g,180g,£7.78/kg,1.40,,
Waitrose Kentish Town,Table Sauces & Condiments,Offers,Geeta's Premium Mango Chutney 320g,320g,£8.78/kg,2.81,3.30,15% off
Waitrose Kentish Town,Table Sauces & Condiments,Offers,HP Original Sauce 450g,450g,£7.20/kg,3.24,4.05,20% off
Waitrose Kentish Town,Table Sauces & Condiments,Offers,Heinz Original Salad Cream 425g,425g,£7.15/kg,3.04,3.80,20% off
Waitrose Kentish Town,Table Sauces & Condiments,Offers,Hellmann's Light Mayonnaise 430ml,430ml,£6.23/L,2.68,3.35,20% off
Waitrose Kentish Town,Table Sauces & Condiments,Offers,Hellmann's Real Mayonnaise 430ml,430ml,£6.63/L,2.85,3.35,15% off
Waitrose Kentish Town,Table Sauces & Condiments,Offers,Maille Traditional Dijon Mustard 215g,215g,£17.02/kg,3.66,4.30,15% off
Waitrose Kentish Town,Table Sauces & Condiments,Offers,Maille Wholegrain Mustard 210g,210g,£17.43/kg,3.66,4.30,15% off
Waitrose Kentish Town,Table Sauces & Condiments,Offers,PizzaExpress House Light Dressing 235ml,235ml,£12.30/L,2.89,3.40,15% off
Waitrose Kentish Town,Table Sauces & Condiments,Offers,Sharwood's Mango Chutney 360g,360g,£7.08/kg,2.55,3.00,15% off
Waitrose Kentish Town,Table Sauces & Condiments,Offers,Tabasco Pepper Sauce 57ml,57ml,£39.30/L,2.24,3.20,30% off
Waitrose Kentish Town,Table Sauces & Condiments,Other Sauces,Amoy Light Soy Sauce 150ml,150ml,£15.00/L,2.25,,
Waitrose Kentish Town,Table Sauces & Condiments,Other Sauces,Colmans Apple Sauce 155g,155g,£16.13/kg,2.50,,
Waitrose Kentish Town,Table Sauces & Condiments,Other Sauces,HP Original Sauce 450g,450g,£7.20/kg,3.24,4.05,20% off
Waitrose Kentish Town,Table Sauces & Condiments,Other Sauces,Heinz Burger Sauce 400ml,400ml,£8.75/L,3.50,,
Waitrose Kentish Town,Table Sauces & Condiments,Other Sauces,Kikkoman Less Salt Soy Sauce 150ml,150ml,£22.00/L,3.30,,
Waitrose Kentish Town,Table Sauces & Condiments,Other Sauces,Kikkoman Soy Sauce 150ml,150ml,£22.00/L,3.30,,
Waitrose Kentish Town,Table Sauces & Condiments,Other Sauces,Lea & Perrins Worcestershire Sauce 290ml,290ml,£14.48/L,4.20,,
Waitrose Kentish Town,Table Sauces & Condiments,Other Sauces,Waitrose Dark Soya Sauce 283ml,283ml,£5.30/L,1.50,,
Waitrose Kentish Town,Table Sauces & Condiments,Other Sauces,Waitrose Essential Creamed Horseradish Sauce 180g,180g,£8.06/kg,1.45,,
Waitrose Kentish Town,Table Sauces & Condiments,Other Sauces,Waitrose Essentials  Tartare Sauce 290g,290g,£6.21/kg,1.80,,
Waitrose Kentish Town,Table Sauces & Condiments,Other Sauces,Waitrose Reduced Salt Light Soya Sauce 250ml,250ml,£6.00/L,1.50,,
Waitrose Kentish Town,Table Sauces & Condiments,Salad Dressings & Croutons,All Dressed Up House Dressing 250ml,250ml,£22.20/L,5.55,,
Waitrose Kentish Town,Table Sauces & Condiments,Salad Dressings & Croutons,Heinz Original Salad Cream 425g,425g,£7.15/kg,3.04,3.80,20% off
Waitrose Kentish Town,Table Sauces & Condiments,Salad Dressings & Croutons,PizzaExp House Dressing 235ml,235ml,£14.47/L,3.40,,
Waitrose Kentish Town,Table Sauces & Condiments,Salad Dressings & Croutons,PizzaExpress House Light Dressing 235ml,235ml,£12.30/L,2.89,3.40,15% off
Waitrose Kentish Town,Table Sauces & Condiments,Salad Dressings & Croutons,Waitrose Caesar Dressing 235ml,235ml,£11.06/L,2.60,,
Waitrose Kentish Town,Table Sauces & Condiments,Salad Dressings & Croutons,Waitrose French Salad Dressing 150ml,,,1.75,,
Waitrose Kentish Town,Table Sauces & Condiments,Salad Dressings & Croutons,Waitrose Honey & Mustard Salad Dressing 235ml,235ml,£13.19/L,3.10,,
Waitrose Kentish Town,Table Sauces & Condiments,Table Sauces & Condiments,All Dressed Up House Dressing 250ml,250ml,£22.20/L,5.55,,
Waitrose Kentish Town,Table Sauces & Condiments,Table Sauces & Condiments,Amoy Light Soy Sauce 150ml,150ml,£15.00/L,2.25,,
Waitrose Kentish Town,Table Sauces & Condiments,Table Sauces & Condiments,Blue Dragon Sweet Chilli Sauce 380g,380g,£9.74/kg,3.70,,
Waitrose Kentish Town,Table Sauces & Condiments,Table Sauces & Condiments,Branston Original Pickle 360g,,,2.65,,
Waitrose Kentish Town,Table Sauces & Condiments,Table Sauces & Condiments,Cholula Chipotle Hot Sauce 150ml,150ml,£19.67/L,2.95,,
Waitrose Kentish Town,Table Sauces & Condiments,Table Sauces & Condiments,Cholula Original Hot Sauce 150ml,150ml,£19.67/L,2.95,,
Waitrose Kentish Town,Table Sauces & Condiments,Table Sauces & Condiments,Colmans Apple Sauce 155g,155g,£16.13/kg,2.50,,
Waitrose Kentish Town,Table Sauces & Condiments,Table Sauces & Condiments,Diddly Squat - Habanero Chilli Chutney - 280g,280g,£26.25/kg,7.35,,
Waitrose Kentish Town,Table Sauces & Condiments,Table Sauces & Condiments,Dylan's Piccalilli 170g,170g,£33.82/kg,5.75,,
Waitrose Kentish Town,Table Sauces & Condiments,Table Sauces & Condiments,Frank's RedHot Buffalo Wings Sauce 148ml,148ml,£18.92/L,2.80,,
Waitrose Kentish Town,Table Sauces & Condiments,Table Sauces & Condiments,Frank's RedHot Original Pepper Sauce 148ml,148ml,£20.95/L,3.10,,
Waitrose Kentish Town,Table Sauces & Condiments,Table Sauces & Condiments,French's Classic Yellow Mustard 397g,397g,£9.95/kg,3.95,,
Waitrose Kentish Town,Table Sauces & Condiments,Table Sauces & Condiments,Geeta's Premium Mango Chutney 320g,320g,£8.78/kg,2.81,3.30,15% off
Waitrose Kentish Town,Table Sauces & Condiments,Table Sauces & Condiments,HP Classic BBQ Sauce 465g,465g,£8.71/kg,4.05,,
Waitrose Kentish Town,Table Sauces & Condiments,Table Sauces & Condiments,HP Original Sauce 450g,450g,£7.20/kg,3.24,4.05,20% off
Waitrose Kentish Town,Table Sauces & Condiments,Table Sauces & Condiments,Heinz Burger Sauce 400ml,400ml,£8.75/L,3.50,,
Waitrose Kentish Town,Table Sauces & Condiments,Table Sauces & Condiments,Heinz Original Salad Cream 425g,425g,£7.15/kg,3.04,3.80,20% off
Waitrose Kentish Town,Table Sauces & Condiments,Table Sauces & Condiments,Heinz Tomato Ketchup 50% Less Sugar & Salt 665g,665g,£6.69/kg,4.45,,
Waitrose Kentish Town,Table Sauces & Condiments,Table Sauces & Condiments,Hellmann's Light Mayonnaise 430ml,430ml,£6.23/L,2.68,3.35,20% off
Waitrose Kentish Town,Table Sauces & Condiments,Table Sauces & Condiments,Hellmann's Real Mayonnaise 430ml,430ml,£6.63/L,2.85,3.35,15% off
Waitrose Kentish Town,Table Sauces & Condiments,Table Sauces & Condiments,Hellmann's Roasted Garlic Mayonnaise 430ml,,,2.70,,
Waitrose Kentish Town,Table Sauces & Condiments,Table Sauces & Condiments,Hellmann's Squeezy Real Mayonnaise 750ml,750ml,£6.33/L,4.75,,
Waitrose Kentish Town,Table Sauces & Condiments,Table Sauces & Condiments,JD's XXTRA Hot Honey 260g,,,5.25,,
Waitrose Kentish Town,Table Sauces & Condiments,Table Sauces & Condiments,Kenko Mayonnaise 500g,500g,£9.90/kg,4.95,,
Waitrose Kentish Town,Table Sauces & Condiments,Table Sauces & Condiments,Kikkoman Less Salt Soy Sauce 150ml,150ml,£22.00/L,3.30,,
Waitrose Kentish Town,Table Sauces & Condiments,Table Sauces & Condiments,Kikkoman Soy Sauce 150ml,150ml,£22.00/L,3.30,,
Waitrose Kentish Town,Table Sauces & Condiments,Table Sauces & Condiments,Lea & Perrins Worcestershire Sauce 290ml,290ml,£14.48/L,4.20,,
Waitrose Kentish Town,Table Sauces & Condiments,Table Sauces & Condiments,Lucy's Dressings - Truffle Mayonnaise - 175g,175g,£35.71/kg,6.25,,
Waitrose Kentish Town,Table Sauces & Condiments,Table Sauces & Condiments,Maille Traditional Dijon Mustard 215g,215g,£17.02/kg,3.66,4.30,15% off
Waitrose Kentish Town,Table Sauces & Condiments,Table Sauces & Condiments,Maille Wholegrain Mustard 210g,210g,£17.43/kg,3.66,4.30,15% off
Waitrose Kentish Town,Table Sauces & Condiments,Table Sauces & Condiments,Nando's Peri-Peri Medium Sauce 500g,500g,£10.30/kg,5.15,,
Waitrose Kentish Town,Table Sauces & Condiments,Table Sauces & Condiments,Nando's Perinaise Hot 265g,265g,£11.32/kg,3.00,,
Waitrose Kentish Town,Table Sauces & Condiments,Table Sauces & Condiments,Nando's Sweet Chilli Jam 285g,285g,£12.63/kg,3.60,,
Waitrose Kentish Town,Table Sauces & Condiments,Table Sauces & Condiments,Nandos Hot Peri-Peri Sauce 125g,125g,£23.20/kg,2.90,,
Waitrose Kentish Town,Table Sauces & Condiments,Table Sauces & Condiments,Nandos Medium Peri-Peri Sauce 125g,125g,£23.20/kg,2.90,,
Waitrose Kentish Town,Table Sauces & Condiments,Table Sauces & Condiments,Nandos Perinaise Mild Peri Mayo 265g,265g,£12.08/kg,3.20,,
Waitrose Kentish Town,Table Sauces & Condiments,Table Sauces & Condiments,Ocean Spray Whole Cranberry Sauce 200g,200g,£11.00/kg,2.20,,
Waitrose Kentish Town,Table Sauces & Condiments,Table Sauces & Condiments,Patak's Medium Lime Pickle 250g,250g,£12.40/kg,3.10,,
Waitrose Kentish Town,Table Sauces & Condiments,Table Sauces & Condiments,PizzaExp House Dressing 235ml,235ml,£14.47/L,3.40,,
Waitrose Kentish Town,Table Sauces & Condiments,Table Sauces & Condiments,PizzaExpress House Light Dressing 235ml,235ml,£12.30/L,2.89,3.40,15% off
Waitrose Kentish Town,Table Sauces & Condiments,Table Sauces & Condiments,Poon's London - Extraordinary Chilli Oil - 125g,125g,£50.00/kg,6.25,,
Waitrose Kentish Town,Table Sauces & Condiments,Table Sauces & Condiments,Roni B's Filipino Garlic Chilli Oil 190ml,190ml,£34.21/L,6.50,,
Waitrose Kentish Town,Table Sauces & Condiments,Table Sauces & Condiments,Sharwood's Mango Chutney 360g,360g,£7.08/kg,2.55,3.00,15% off
Waitrose Kentish Town,Table Sauces & Condiments,Table Sauces & Condiments,Stokes Tomato Ketchup 300g,300g,£11.67/kg,3.50,,
Waitrose Kentish Town,Table Sauces & Condiments,Table Sauces & Condiments,Tabasco Pepper Sauce 57ml,57ml,£39.30/L,2.24,3.20,30% off
Waitrose Kentish Town,Table Sauces & Condiments,Table Sauces & Condiments,The Garlic Farm - Garlic Mayonnaise - 240g,240g,£19.79/kg,4.75,,
Waitrose Kentish Town,Table Sauces & Condiments,Table Sauces & Condiments,Tonkotsu Extra Hot Japanese Chilli Oil 190ml,190ml,£31.32/L,5.95,,
Waitrose Kentish Town,Table Sauces & Condiments,Table Sauces & Condiments,Tonkotsu Japanese Chilli Ketchup 190ml,190ml,£28.95/L,5.50,,
Waitrose Kentish Town,Table Sauces & Condiments,Table Sauces & Condiments,Tonkotsu Japanese Chilli Oil 190ml,190ml,£28.95/L,5.50,,
Waitrose Kentish Town,Table Sauces & Condiments,Table Sauces & Condiments,Umami Bros Japanese Style Mayonnaise 350ml,350ml,£19.86/L,6.95,,
Waitrose Kentish Town,Table Sauces & Condiments,Table Sauces & Condiments,Uni-Eagle Sriracha Hot Chilli Sauce 430ml,430ml,£9.30/L,4.00,,
Waitrose Kentish Town,Table Sauces & Condiments,Table Sauces & Condiments,Waitrose Apple & Pear Chutney 315g,315g,£9.84/kg,3.10,,
Waitrose Kentish Town,Table Sauces & Condiments,Table Sauces & Condiments,Waitrose Caesar Dressing 235ml,235ml,£11.06/L,2.60,,
Waitrose Kentish Town,Table Sauces & Condiments,Table Sauces & Condiments,Waitrose Caramelised Red Onion Chutney 350g,350g,£9.57/kg,3.35,,
Waitrose Kentish Town,Table Sauces & Condiments,Table Sauces & Condiments,Waitrose Dark Soya Sauce 283ml,283ml,£5.30/L,1.50,,
Waitrose Kentish Town,Table Sauces & Condiments,Table Sauces & Condiments,Waitrose English Mint Sauce 195g,195g,£9.23/kg,1.80,,
Waitrose Kentish Town,Table Sauces & Condiments,Table Sauces & Condiments,Waitrose Essential Creamed Horseradish Sauce 180g,180g,£8.06/kg,1.45,,
Waitrose Kentish Town,Table Sauces & Condiments,Table Sauces & Condiments,Waitrose Essential Dijon Mustard 180g,180g,£7.78/kg,1.40,,
Waitrose Kentish Town,Table Sauces & Condiments,Table Sauces & Condiments,Waitrose Essential Mayonnaise 379g,379g,£4.35/kg,1.65,,
Waitrose Kentish Town,Table Sauces & Condiments,Table Sauces & Condiments,Waitrose Essential Mustard Piccalilli 460g,460g,£4.78/kg,2.20,,
Waitrose Kentish Town,Table Sauces & Condiments,Table Sauces & Condiments,Waitrose Essentials  Tartare Sauce 290g,290g,£6.21/kg,1.80,,
Waitrose Kentish Town,Table Sauces & Condiments,Table Sauces & Condiments,Waitrose French Salad Dressing 150ml,,,1.75,,
Waitrose Kentish Town,Table Sauces & Condiments,Table Sauces & Condiments,Waitrose Honey & Mustard Salad Dressing 235ml,235ml,£13.19/L,3.10,,
Waitrose Kentish Town,Table Sauces & Condiments,Table Sauces & Condiments,Waitrose No.1 Fig & Balsamic Chutney 120g,120g,£27.50/kg,3.30,,
Waitrose Kentish Town,Table Sauces & Condiments,Table Sauces & Condiments,Waitrose Reduced Salt Light Soya Sauce 250ml,250ml,£6.00/L,1.50,,
Waitrose Kentish Town,Table Sauces & Condiments,Table Sauces & Condiments,White Mausu - Smoky Chilli Oil - 240g,240g,£27.50/kg,6.60,,
Waitrose Kentish Town,"Tea, Coffee, Hot Drinks",Coffee,Caffe Nero Classico Coffee Capsules 10 per pack,10pk,£0.49 each,4.85,,
Waitrose Kentish Town,"Tea, Coffee, Hot Drinks",Coffee,Caffè Nero Classico Filter Ground Coffee 200g,200g,£29.50/kg,5.90,,
Waitrose Kentish Town,"Tea, Coffee, Hot Drinks",Coffee,Clipper Organic Fairtrade Decaf Instant Coffee 100g,100g,£85.00/kg,8.50,,
Waitrose Kentish Town,"Tea, Coffee, Hot Drinks",Coffee,Clipper Organic Fairtrade Instant Coffee 100g,100g,£85.00/kg,8.50,,
Waitrose Kentish Town,"Tea, Coffee, Hot Drinks",Coffee,Cups Full Pace Medium Coffee Bags x10 105g,105g,£113.33/kg,11.90,,
Waitrose Kentish Town,"Tea, Coffee, Hot Drinks",Coffee,Cups Full Power Strong Coffee Bags x10 105g,105g,£113.33/kg,11.90,,
Waitrose Kentish Town,"Tea, Coffee, Hot Drinks",Coffee,Grind Ground House Blend 200g,200g,£34.50/kg,6.90,,
Waitrose Kentish Town,"Tea, Coffee, Hot Drinks",Coffee,Grind House Blend Coffee Pods x10,10pk,£0.54 each,5.35,,
Waitrose Kentish Town,"Tea, Coffee, Hot Drinks",Coffee,Grind Whole Bean House Blend 200g,200g,£34.50/kg,6.90,,
Waitrose Kentish Town,"Tea, Coffee, Hot Drinks",Coffee,Illy Classico Beans 250g,250g,£36.20/kg,9.05,,
Waitrose Kentish Town,"Tea, Coffee, Hot Drinks",Coffee,Illy Classico Espresso Pods 10s 57g,57g,£89.82/kg,5.12,6.40,20% off
Waitrose Kentish Town,"Tea, Coffee, Hot Drinks",Coffee,Illy Classico Filter Ground Coffee 250g,250g,£36.20/kg,9.05,,
Waitrose Kentish Town,"Tea, Coffee, Hot Drinks",Coffee,Illy Classico Lungo Coffee Capsules 10s,10pk,£0.50 each,5.00,6.25,20% off
Waitrose Kentish Town,"Tea, Coffee, Hot Drinks",Coffee,Illy Ground Coffee 95g,95g,£79.58/kg,7.56,9.45,20% off
Waitrose Kentish Town,"Tea, Coffee, Hot Drinks",Coffee,L'OR Decaffeinato Ristretto Pod 10s 52g,52g,£89.42/kg,4.65,,
Waitrose Kentish Town,"Tea, Coffee, Hot Drinks",Coffee,LOR Espresso Lungo Pods 10s 52g,52g,£89.42/kg,4.65,,
Waitrose Kentish Town,"Tea, Coffee, Hot Drinks",Coffee,Lavazza Qualita Rossa Espresso Coffee 250g,250g,£28.20/kg,7.05,,
Waitrose Kentish Town,"Tea, Coffee, Hot Drinks",Coffee,Little's - Creamy Caramel Nespresso Compatible Capsules  - 55g,55g,£84.55/kg,4.65,,
Waitrose Kentish Town,"Tea, Coffee, Hot Drinks",Coffee,Little's Coffee - Premium Origin Instant Coffee Italian Rich Roast - 100g,100g,£70.00/kg,7.00,,
Waitrose Kentish Town,"Tea, Coffee, Hot Drinks",Coffee,Little's French Vanilla Pods 10 Pack 52g,,,4.65,,
Waitrose Kentish Town,"Tea, Coffee, Hot Drinks",Coffee,Nescafe Cappuccino Coffee 7s,7pk,£0.49 each,3.40,,
Waitrose Kentish Town,"Tea, Coffee, Hot Drinks",Coffee,Nescafe Gold Blend Instant Coffee 200g,,,11.80,,
Waitrose Kentish Town,"Tea, Coffee, Hot Drinks",Coffee,Nescafé Azera Americano Instant Coffee 90g,90g,£60.67/kg,5.46,7.80,30% off
Waitrose Kentish Town,"Tea, Coffee, Hot Drinks",Coffee,Roastworks Coffee Co. - Colombia Whole Bean Coffee - 200g,200g,£41.50/kg,8.30,,
Waitrose Kentish Town,"Tea, Coffee, Hot Drinks",Coffee,Roastworks Coffee Co. - Ethiopia Natural Ground Coffee - 200g,200g,£41.50/kg,8.30,,
Waitrose Kentish Town,"Tea, Coffee, Hot Drinks",Coffee,Starbucks by Nespresso Espresso 10s 55g,55g,£93.64/kg,5.15,,
Waitrose Kentish Town,"Tea, Coffee, Hot Drinks",Coffee,Starbucks by Nespresso House Blend 10s,10pk,£0.40 each,4.04,5.05,20% off
Waitrose Kentish Town,"Tea, Coffee, Hot Drinks",Coffee,Tassimo Kenco Americano Grand Coffee Pods 16s 144g,144g,£49.31/kg,7.10,,
Waitrose Kentish Town,"Tea, Coffee, Hot Drinks",Coffee,Taylors Rich Italian Ground Coffee Bags 10x7.5g 75g,75g,£57.33/kg,4.30,,
Waitrose Kentish Town,"Tea, Coffee, Hot Drinks",Coffee,Taylors of Harrogate Lazy Sunday Ground Coffee 200g,200g,£31.50/kg,6.30,,
Waitrose Kentish Town,"Tea, Coffee, Hot Drinks",Coffee,Union Revelation Espresso Beans 200g,200g,£41.25/kg,8.25,,
Waitrose Kentish Town,"Tea, Coffee, Hot Drinks",Coffee,Union Revelation Espresso Beans 500g,500g,£37.40/kg,18.70,,
Waitrose Kentish Town,"Tea, Coffee, Hot Drinks",Coffee,Waitrose Colombian Coffee Beans 227g,227g,£21.37/kg,4.85,,
Waitrose Kentish Town,"Tea, Coffee, Hot Drinks",Coffee,Waitrose Colombian Ground Coffee 227g,227g,£21.37/kg,4.85,,
Waitrose Kentish Town,"Tea, Coffee, Hot Drinks",Coffee,Waitrose Essential Rich Roast Ground Coffee 100g,,,2.20,,
Waitrose Kentish Town,"Tea, Coffee, Hot Drinks",Coffee,Waitrose Fairtrade Italian Style Coffee Beans 454g,454g,£17.18/kg,7.80,,
Waitrose Kentish Town,"Tea, Coffee, Hot Drinks",Coffee,Waitrose Italian Style Ground Coffee 227g,227g,£16.96/kg,3.85,,
Waitrose Kentish Town,"Tea, Coffee, Hot Drinks",Coffee,Waitrose No.1 Fairtrade Sumatra Mandheling Ground Coffee 227g,227g,£22.47/kg,5.10,,
Waitrose Kentish Town,"Tea, Coffee, Hot Drinks",Coffee,Waitrose No.1 Organic Fairtrade Colombian Rsrv Ground Coffee 227g,227g,£22.91/kg,5.20,,
Waitrose Kentish Town,"Tea, Coffee, Hot Drinks",Coffee,Waitrose No.1 Sumatra Mandheling Coffee Beans 227g,227g,£22.47/kg,5.10,,
Waitrose Kentish Town,"Tea, Coffee, Hot Drinks",Discover our Waitrose No.1 Range,Waitrose No.1 Fairtrade Sumatra Mandheling Ground Coffee 227g,227g,£22.47/kg,5.10,,
Waitrose Kentish Town,"Tea, Coffee, Hot Drinks",Discover our Waitrose No.1 Range,Waitrose No.1 Organic Fairtrade Colombian Rsrv Ground Coffee 227g,227g,£22.91/kg,5.20,,
Waitrose Kentish Town,"Tea, Coffee, Hot Drinks",Discover our Waitrose No.1 Range,Waitrose No.1 Sumatra Mandheling Coffee Beans 227g,227g,£22.47/kg,5.10,,
Waitrose Kentish Town,"Tea, Coffee, Hot Drinks",Hot Chocolate,Cadbury Drinking Chocolate 500g,500g,£10.30/kg,5.15,,
Waitrose Kentish Town,"Tea, Coffee, Hot Drinks",Hot Chocolate,Options Belgian Hot Chocolate 220g,220g,£25.68/kg,5.65,,
Waitrose Kentish Town,"Tea, Coffee, Hot Drinks",Offers,Clearspring Organic Japanese Matcha Shot Green Tea Powder 8 Sachets,,,6.38,7.50,15% off
Waitrose Kentish Town,"Tea, Coffee, Hot Drinks",Offers,Clipper Organic Fairtrade Green Tea Bags x80,80pk,£0.05 each,3.61,5.15,30% off
Waitrose Kentish Town,"Tea, Coffee, Hot Drinks",Offers,Illy Classico Espresso Pods 10s 57g,57g,£89.82/kg,5.12,6.40,20% off
Waitrose Kentish Town,"Tea, Coffee, Hot Drinks",Offers,Illy Classico Lungo Coffee Capsules 10s,10pk,£0.50 each,5.00,6.25,20% off
Waitrose Kentish Town,"Tea, Coffee, Hot Drinks",Offers,Illy Ground Coffee 95g,95g,£79.58/kg,7.56,9.45,20% off
Waitrose Kentish Town,"Tea, Coffee, Hot Drinks",Offers,Nescafé Azera Americano Instant Coffee 90g,90g,£60.67/kg,5.46,7.80,30% off
Waitrose Kentish Town,"Tea, Coffee, Hot Drinks",Offers,Pukka Lemon Ginger Honey Tea Bags 20s,20pk,£0.20 each,4.00,5.00,20% off
Waitrose Kentish Town,"Tea, Coffee, Hot Drinks",Offers,Pukka Night Time Herbal Tea Sachets 20 per pack,20pk,£0.23 each,4.56,5.70,20% off
Waitrose Kentish Town,"Tea, Coffee, Hot Drinks",Offers,Pukka Org Three Ginger Tea 20s 36g,36g,£130.00/kg,4.68,5.85,20% off
Waitrose Kentish Town,"Tea, Coffee, Hot Drinks",Offers,Pukka Three Mint Herbal Tea Sachets 20 per pack,20pk,£0.23 each,4.56,5.70,20% off
Waitrose Kentish Town,"Tea, Coffee, Hot Drinks",Offers,Starbucks by Nespresso House Blend 10s,10pk,£0.40 each,4.04,5.05,20% off
Waitrose Kentish Town,"Tea, Coffee, Hot Drinks",Offers,Taylors of Harrogate Yorkshire Tea Bags 80 per pack,80pk,£0.04 each,3.40,4.00,15% off
Waitrose Kentish Town,"Tea, Coffee, Hot Drinks",Offers,Teapigs Mao Feng Green Tea 40s 100g,100g,£96.80/kg,9.68,12.10,20% off
Waitrose Kentish Town,"Tea, Coffee, Hot Drinks",Tea,Clearspring Organic Japanese Matcha Shot Green Tea Powder 8 Sachets,,,6.38,7.50,15% off
Waitrose Kentish Town,"Tea, Coffee, Hot Drinks",Tea,Clipper Organic Fairtrade Green Tea Bags x80,80pk,£0.05 each,3.61,5.15,30% off
Waitrose Kentish Town,"Tea, Coffee, Hot Drinks",Tea,Good & Proper Chamomile 45g,45g,£98.89/kg,4.45,,
Waitrose Kentish Town,"Tea, Coffee, Hot Drinks",Tea,Good & Proper Earl Grey 90g,90g,£66.67/kg,6.00,,
Waitrose Kentish Town,"Tea, Coffee, Hot Drinks",Tea,Good & Proper English Breakfast 90g,90g,£66.67/kg,6.00,,
Waitrose Kentish Town,"Tea, Coffee, Hot Drinks",Tea,Good & Proper Hibiscus Tea 75g,75g,£80.00/kg,6.00,,
Waitrose Kentish Town,"Tea, Coffee, Hot Drinks",Tea,Good & Proper Jade Tips Tea 75g,75g,£93.33/kg,7.00,,
Waitrose Kentish Town,"Tea, Coffee, Hot Drinks",Tea,Good & Proper Jasmine Pearls 50g,50g,£160.00/kg,8.00,,
Waitrose Kentish Town,"Tea, Coffee, Hot Drinks",Tea,Good & Proper Peppermint Tea 30g,30g,£166.67/kg,5.00,,
Waitrose Kentish Town,"Tea, Coffee, Hot Drinks",Tea,Good & Proper Rooibos 75g,75g,£80.00/kg,6.00,,
Waitrose Kentish Town,"Tea, Coffee, Hot Drinks",Tea,Good & Proper White Peony Tea 60g,60g,£116.67/kg,7.00,,
Waitrose Kentish Town,"Tea, Coffee, Hot Drinks",Tea,OMGTea Organic Matcha Green Tea Powder 30g,30g,£796.67/kg,23.90,,
Waitrose Kentish Town,"Tea, Coffee, Hot Drinks",Tea,PG Tips Original Tea Bags 80s,80pk,£0.05 each,3.85,,
Waitrose Kentish Town,"Tea, Coffee, Hot Drinks",Tea,PerfectTed - 10 Original Matcha Pods - 15g,15g,£370.00/kg,5.55,,
Waitrose Kentish Town,"Tea, Coffee, Hot Drinks",Tea,PerfectTed - 10 Strawberry Matcha Pods - 50g,50g,£111.00/kg,5.55,,
Waitrose Kentish Town,"Tea, Coffee, Hot Drinks",Tea,PerfectTed - 10 Vanilla Matcha Pods - 50g,50g,£111.00/kg,5.55,,
Waitrose Kentish Town,"Tea, Coffee, Hot Drinks",Tea,PerfectTed - Blueberry Matcha Powder - 75g,75g,£147.33/kg,11.05,,
Waitrose Kentish Town,"Tea, Coffee, Hot Drinks",Tea,PerfectTed - Pistachio Matcha Powder - 75g,75g,£147.33/kg,11.05,,
Waitrose Kentish Town,"Tea, Coffee, Hot Drinks",Tea,PerfectTed - Strawberry Matcha Powder - 75g,75g,£147.33/kg,11.05,,
Waitrose Kentish Town,"Tea, Coffee, Hot Drinks",Tea,PerfectTed - Vanilla Matcha Powder Sticks - 35g,35g,£171.43/kg,6.00,,
Waitrose Kentish Town,"Tea, Coffee, Hot Drinks",Tea,PerfectTed Matcha Powder Sticks Variety 8 Pack 33g,33g,£200.00/kg,6.60,,
Waitrose Kentish Town,"Tea, Coffee, Hot Drinks",Tea,Pukka Lemon Ginger Honey Tea Bags 20s,20pk,£0.20 each,4.00,5.00,20% off
Waitrose Kentish Town,"Tea, Coffee, Hot Drinks",Tea,Pukka Night Time Herbal Tea Sachets 20 per pack,20pk,£0.23 each,4.56,5.70,20% off
Waitrose Kentish Town,"Tea, Coffee, Hot Drinks",Tea,Pukka Org Three Ginger Tea 20s 36g,36g,£130.00/kg,4.68,5.85,20% off
Waitrose Kentish Town,"Tea, Coffee, Hot Drinks",Tea,Pukka Three Mint Herbal Tea Sachets 20 per pack,20pk,£0.23 each,4.56,5.70,20% off
Waitrose Kentish Town,"Tea, Coffee, Hot Drinks",Tea,Spill Black Tea 80 Teabags,80pk,£0.08 each,6.50,,
Waitrose Kentish Town,"Tea, Coffee, Hot Drinks",Tea,Taylors Decaf Yorkshire Tea 80s,80pk,£0.06 each,5.10,,
Waitrose Kentish Town,"Tea, Coffee, Hot Drinks",Tea,Taylors Yorkshire Gold Tea 80s,80pk,£0.06 each,4.95,,
Waitrose Kentish Town,"Tea, Coffee, Hot Drinks",Tea,Taylors of Harrogate Yorkshire Tea Bags 80 per pack,80pk,£0.04 each,3.40,4.00,15% off
Waitrose Kentish Town,"Tea, Coffee, Hot Drinks",Tea,TeaIndia Masala Chai Tea Bags 40s 100g,100g,£37.00/kg,3.70,,
Waitrose Kentish Town,"Tea, Coffee, Hot Drinks",Tea,Teapigs Chamomile Flowers Tea 15s 22.5g,23g,£239.13/kg,5.50,,
Waitrose Kentish Town,"Tea, Coffee, Hot Drinks",Tea,Teapigs Mao Feng Green Tea 40s 100g,100g,£96.80/kg,9.68,12.10,20% off
Waitrose Kentish Town,"Tea, Coffee, Hot Drinks",Tea,Teapigs Peppermint Tea 15s 30g,30g,£183.33/kg,5.50,,
Waitrose Kentish Town,"Tea, Coffee, Hot Drinks",Tea,Tick Tock Original Rooibos Tea Bags x40,40pk,£0.08 each,3.30,,
Waitrose Kentish Town,"Tea, Coffee, Hot Drinks",Tea,Twinings Earl Grey 120 Tea Bags 300g,300g,£25.17/kg,7.55,,
Waitrose Kentish Town,"Tea, Coffee, Hot Drinks",Tea,Twinings Earl Grey Tea 80s,80pk,£0.07 each,5.80,,
Waitrose Kentish Town,"Tea, Coffee, Hot Drinks",Tea,Twinings English Breakfast Decaf 40 per pack 110g,110g,£41.82/kg,4.60,,
Waitrose Kentish Town,"Tea, Coffee, Hot Drinks",Tea,Twinings English Breakfast Tea 80s,80pk,£0.07 each,5.80,,
Waitrose Kentish Town,"Tea, Coffee, Hot Drinks",Tea,Twinings English Breakfast Tea Bags 80 per pack,100pk,£0.06 each,5.50,,
Waitrose Kentish Town,"Tea, Coffee, Hot Drinks",Tea,Waitrose Camomile Infusion Tea 20s,20pk,£0.07 each,1.40,,
Waitrose Kentish Town,"Tea, Coffee, Hot Drinks",Tea,Waitrose English Breakfast Loose Tea 125g,125g,£20.40/kg,2.55,,
Waitrose Kentish Town,"Tea, Coffee, Hot Drinks",Tea,Waitrose Peppermint Tea 20s,20pk,£0.07 each,1.40,,
Waitrose Kentish Town,"Tea, Coffee, Hot Drinks","Tea, Coffee, Hot Drinks",Cadbury Drinking Chocolate 500g,500g,£10.30/kg,5.15,,
Waitrose Kentish Town,"Tea, Coffee, Hot Drinks","Tea, Coffee, Hot Drinks",Caffe Nero Classico Coffee Capsules 10 per pack,10pk,£0.49 each,4.85,,
Waitrose Kentish Town,"Tea, Coffee, Hot Drinks","Tea, Coffee, Hot Drinks",Caffè Nero Classico Filter Ground Coffee 200g,200g,£29.50/kg,5.90,,
Waitrose Kentish Town,"Tea, Coffee, Hot Drinks","Tea, Coffee, Hot Drinks",Clearspring Organic Japanese Matcha Shot Green Tea Powder 8 Sachets,,,6.38,7.50,15% off
Waitrose Kentish Town,"Tea, Coffee, Hot Drinks","Tea, Coffee, Hot Drinks",Clipper Organic Fairtrade Decaf Instant Coffee 100g,100g,£85.00/kg,8.50,,
Waitrose Kentish Town,"Tea, Coffee, Hot Drinks","Tea, Coffee, Hot Drinks",Clipper Organic Fairtrade Green Tea Bags x80,80pk,£0.05 each,3.61,5.15,30% off
Waitrose Kentish Town,"Tea, Coffee, Hot Drinks","Tea, Coffee, Hot Drinks",Clipper Organic Fairtrade Instant Coffee 100g,100g,£85.00/kg,8.50,,
Waitrose Kentish Town,"Tea, Coffee, Hot Drinks","Tea, Coffee, Hot Drinks",Cups Full Pace Medium Coffee Bags x10 105g,105g,£113.33/kg,11.90,,
Waitrose Kentish Town,"Tea, Coffee, Hot Drinks","Tea, Coffee, Hot Drinks",Cups Full Power Strong Coffee Bags x10 105g,105g,£113.33/kg,11.90,,
Waitrose Kentish Town,"Tea, Coffee, Hot Drinks","Tea, Coffee, Hot Drinks",Good & Proper Chamomile 45g,45g,£98.89/kg,4.45,,
Waitrose Kentish Town,"Tea, Coffee, Hot Drinks","Tea, Coffee, Hot Drinks",Good & Proper Earl Grey 90g,90g,£66.67/kg,6.00,,
Waitrose Kentish Town,"Tea, Coffee, Hot Drinks","Tea, Coffee, Hot Drinks",Good & Proper English Breakfast 90g,90g,£66.67/kg,6.00,,
Waitrose Kentish Town,"Tea, Coffee, Hot Drinks","Tea, Coffee, Hot Drinks",Good & Proper Hibiscus Tea 75g,75g,£80.00/kg,6.00,,
Waitrose Kentish Town,"Tea, Coffee, Hot Drinks","Tea, Coffee, Hot Drinks",Good & Proper Jade Tips Tea 75g,75g,£93.33/kg,7.00,,
Waitrose Kentish Town,"Tea, Coffee, Hot Drinks","Tea, Coffee, Hot Drinks",Good & Proper Jasmine Pearls 50g,50g,£160.00/kg,8.00,,
Waitrose Kentish Town,"Tea, Coffee, Hot Drinks","Tea, Coffee, Hot Drinks",Good & Proper Peppermint Tea 30g,30g,£166.67/kg,5.00,,
Waitrose Kentish Town,"Tea, Coffee, Hot Drinks","Tea, Coffee, Hot Drinks",Good & Proper Rooibos 75g,75g,£80.00/kg,6.00,,
Waitrose Kentish Town,"Tea, Coffee, Hot Drinks","Tea, Coffee, Hot Drinks",Good & Proper White Peony Tea 60g,60g,£116.67/kg,7.00,,
Waitrose Kentish Town,"Tea, Coffee, Hot Drinks","Tea, Coffee, Hot Drinks",Grind Ground House Blend 200g,200g,£34.50/kg,6.90,,
Waitrose Kentish Town,"Tea, Coffee, Hot Drinks","Tea, Coffee, Hot Drinks",Grind House Blend Coffee Pods x10,10pk,£0.54 each,5.35,,
Waitrose Kentish Town,"Tea, Coffee, Hot Drinks","Tea, Coffee, Hot Drinks",Grind Whole Bean House Blend 200g,200g,£34.50/kg,6.90,,
Waitrose Kentish Town,"Tea, Coffee, Hot Drinks","Tea, Coffee, Hot Drinks",Illy Classico Beans 250g,250g,£36.20/kg,9.05,,
Waitrose Kentish Town,"Tea, Coffee, Hot Drinks","Tea, Coffee, Hot Drinks",Illy Classico Espresso Pods 10s 57g,57g,£89.82/kg,5.12,6.40,20% off
Waitrose Kentish Town,"Tea, Coffee, Hot Drinks","Tea, Coffee, Hot Drinks",Illy Classico Filter Ground Coffee 250g,250g,£36.20/kg,9.05,,
Waitrose Kentish Town,"Tea, Coffee, Hot Drinks","Tea, Coffee, Hot Drinks",Illy Classico Lungo Coffee Capsules 10s,10pk,£0.50 each,5.00,6.25,20% off
Waitrose Kentish Town,"Tea, Coffee, Hot Drinks","Tea, Coffee, Hot Drinks",Illy Ground Coffee 95g,95g,£79.58/kg,7.56,9.45,20% off
Waitrose Kentish Town,"Tea, Coffee, Hot Drinks","Tea, Coffee, Hot Drinks",L'OR Decaffeinato Ristretto Pod 10s 52g,52g,£89.42/kg,4.65,,
Waitrose Kentish Town,"Tea, Coffee, Hot Drinks","Tea, Coffee, Hot Drinks",LOR Espresso Lungo Pods 10s 52g,52g,£89.42/kg,4.65,,
Waitrose Kentish Town,"Tea, Coffee, Hot Drinks","Tea, Coffee, Hot Drinks",Lavazza Qualita Rossa Espresso Coffee 250g,250g,£28.20/kg,7.05,,
Waitrose Kentish Town,"Tea, Coffee, Hot Drinks","Tea, Coffee, Hot Drinks",Little's - Creamy Caramel Nespresso Compatible Capsules  - 55g,55g,£84.55/kg,4.65,,
Waitrose Kentish Town,"Tea, Coffee, Hot Drinks","Tea, Coffee, Hot Drinks",Little's Coffee - Premium Origin Instant Coffee Italian Rich Roast - 100g,100g,£70.00/kg,7.00,,
Waitrose Kentish Town,"Tea, Coffee, Hot Drinks","Tea, Coffee, Hot Drinks",Little's French Vanilla Pods 10 Pack 52g,,,4.65,,
Waitrose Kentish Town,"Tea, Coffee, Hot Drinks","Tea, Coffee, Hot Drinks",Nescafe Cappuccino Coffee 7s,7pk,£0.49 each,3.40,,
Waitrose Kentish Town,"Tea, Coffee, Hot Drinks","Tea, Coffee, Hot Drinks",Nescafe Gold Blend Instant Coffee 200g,,,11.80,,
Waitrose Kentish Town,"Tea, Coffee, Hot Drinks","Tea, Coffee, Hot Drinks",Nescafé Azera Americano Instant Coffee 90g,90g,£60.67/kg,5.46,7.80,30% off
Waitrose Kentish Town,"Tea, Coffee, Hot Drinks","Tea, Coffee, Hot Drinks",OMGTea Organic Matcha Green Tea Powder 30g,30g,£796.67/kg,23.90,,
Waitrose Kentish Town,"Tea, Coffee, Hot Drinks","Tea, Coffee, Hot Drinks",Options Belgian Hot Chocolate 220g,220g,£25.68/kg,5.65,,
Waitrose Kentish Town,"Tea, Coffee, Hot Drinks","Tea, Coffee, Hot Drinks",PG Tips Original Tea Bags 80s,80pk,£0.05 each,3.85,,
Waitrose Kentish Town,"Tea, Coffee, Hot Drinks","Tea, Coffee, Hot Drinks",PerfectTed - 10 Original Matcha Pods - 15g,15g,£370.00/kg,5.55,,
Waitrose Kentish Town,"Tea, Coffee, Hot Drinks","Tea, Coffee, Hot Drinks",PerfectTed - 10 Strawberry Matcha Pods - 50g,50g,£111.00/kg,5.55,,
Waitrose Kentish Town,"Tea, Coffee, Hot Drinks","Tea, Coffee, Hot Drinks",PerfectTed - 10 Vanilla Matcha Pods - 50g,50g,£111.00/kg,5.55,,
Waitrose Kentish Town,"Tea, Coffee, Hot Drinks","Tea, Coffee, Hot Drinks",PerfectTed - Blueberry Matcha Powder - 75g,75g,£147.33/kg,11.05,,
Waitrose Kentish Town,"Tea, Coffee, Hot Drinks","Tea, Coffee, Hot Drinks",PerfectTed - Pistachio Matcha Powder - 75g,75g,£147.33/kg,11.05,,
Waitrose Kentish Town,"Tea, Coffee, Hot Drinks","Tea, Coffee, Hot Drinks",PerfectTed - Strawberry Matcha Powder - 75g,75g,£147.33/kg,11.05,,
Waitrose Kentish Town,"Tea, Coffee, Hot Drinks","Tea, Coffee, Hot Drinks",PerfectTed - Vanilla Matcha Powder Sticks - 35g,35g,£171.43/kg,6.00,,
Waitrose Kentish Town,"Tea, Coffee, Hot Drinks","Tea, Coffee, Hot Drinks",PerfectTed Matcha Powder Sticks Variety 8 Pack 33g,33g,£200.00/kg,6.60,,
Waitrose Kentish Town,"Tea, Coffee, Hot Drinks","Tea, Coffee, Hot Drinks",Pukka Lemon Ginger Honey Tea Bags 20s,20pk,£0.20 each,4.00,5.00,20% off
Waitrose Kentish Town,"Tea, Coffee, Hot Drinks","Tea, Coffee, Hot Drinks",Pukka Night Time Herbal Tea Sachets 20 per pack,20pk,£0.23 each,4.56,5.70,20% off
Waitrose Kentish Town,"Tea, Coffee, Hot Drinks","Tea, Coffee, Hot Drinks",Pukka Org Three Ginger Tea 20s 36g,36g,£130.00/kg,4.68,5.85,20% off
Waitrose Kentish Town,"Tea, Coffee, Hot Drinks","Tea, Coffee, Hot Drinks",Pukka Three Mint Herbal Tea Sachets 20 per pack,20pk,£0.23 each,4.56,5.70,20% off
Waitrose Kentish Town,"Tea, Coffee, Hot Drinks","Tea, Coffee, Hot Drinks",Roastworks Coffee Co. - Colombia Whole Bean Coffee - 200g,200g,£41.50/kg,8.30,,
Waitrose Kentish Town,"Tea, Coffee, Hot Drinks","Tea, Coffee, Hot Drinks",Roastworks Coffee Co. - Ethiopia Natural Ground Coffee - 200g,200g,£41.50/kg,8.30,,
Waitrose Kentish Town,"Tea, Coffee, Hot Drinks","Tea, Coffee, Hot Drinks",Spill Black Tea 80 Teabags,80pk,£0.08 each,6.50,,
Waitrose Kentish Town,"Tea, Coffee, Hot Drinks","Tea, Coffee, Hot Drinks",Starbucks by Nespresso Espresso 10s 55g,55g,£93.64/kg,5.15,,
Waitrose Kentish Town,"Tea, Coffee, Hot Drinks","Tea, Coffee, Hot Drinks",Starbucks by Nespresso House Blend 10s,10pk,£0.40 each,4.04,5.05,20% off
Waitrose Kentish Town,"Tea, Coffee, Hot Drinks","Tea, Coffee, Hot Drinks",Tassimo Kenco Americano Grand Coffee Pods 16s 144g,144g,£49.31/kg,7.10,,
Waitrose Kentish Town,"Tea, Coffee, Hot Drinks","Tea, Coffee, Hot Drinks",Taylors Decaf Yorkshire Tea 80s,80pk,£0.06 each,5.10,,
Waitrose Kentish Town,"Tea, Coffee, Hot Drinks","Tea, Coffee, Hot Drinks",Taylors Rich Italian Ground Coffee Bags 10x7.5g 75g,75g,£57.33/kg,4.30,,
Waitrose Kentish Town,"Tea, Coffee, Hot Drinks","Tea, Coffee, Hot Drinks",Taylors Yorkshire Gold Tea 80s,80pk,£0.06 each,4.95,,
Waitrose Kentish Town,"Tea, Coffee, Hot Drinks","Tea, Coffee, Hot Drinks",Taylors of Harrogate Lazy Sunday Ground Coffee 200g,200g,£31.50/kg,6.30,,
Waitrose Kentish Town,"Tea, Coffee, Hot Drinks","Tea, Coffee, Hot Drinks",Taylors of Harrogate Yorkshire Tea Bags 80 per pack,80pk,£0.04 each,3.40,4.00,15% off
Waitrose Kentish Town,"Tea, Coffee, Hot Drinks","Tea, Coffee, Hot Drinks",TeaIndia Masala Chai Tea Bags 40s 100g,100g,£37.00/kg,3.70,,
Waitrose Kentish Town,"Tea, Coffee, Hot Drinks","Tea, Coffee, Hot Drinks",Teapigs Chamomile Flowers Tea 15s 22.5g,23g,£239.13/kg,5.50,,
Waitrose Kentish Town,"Tea, Coffee, Hot Drinks","Tea, Coffee, Hot Drinks",Teapigs Mao Feng Green Tea 40s 100g,100g,£96.80/kg,9.68,12.10,20% off
Waitrose Kentish Town,"Tea, Coffee, Hot Drinks","Tea, Coffee, Hot Drinks",Teapigs Peppermint Tea 15s 30g,30g,£183.33/kg,5.50,,
Waitrose Kentish Town,"Tea, Coffee, Hot Drinks","Tea, Coffee, Hot Drinks",Tick Tock Original Rooibos Tea Bags x40,40pk,£0.08 each,3.30,,
Waitrose Kentish Town,"Tea, Coffee, Hot Drinks","Tea, Coffee, Hot Drinks",Twinings Earl Grey 120 Tea Bags 300g,300g,£25.17/kg,7.55,,
Waitrose Kentish Town,"Tea, Coffee, Hot Drinks","Tea, Coffee, Hot Drinks",Twinings Earl Grey Tea 80s,80pk,£0.07 each,5.80,,
Waitrose Kentish Town,"Tea, Coffee, Hot Drinks","Tea, Coffee, Hot Drinks",Twinings English Breakfast Decaf 40 per pack 110g,110g,£41.82/kg,4.60,,
Waitrose Kentish Town,"Tea, Coffee, Hot Drinks","Tea, Coffee, Hot Drinks",Twinings English Breakfast Tea 80s,80pk,£0.07 each,5.80,,
Waitrose Kentish Town,"Tea, Coffee, Hot Drinks","Tea, Coffee, Hot Drinks",Twinings English Breakfast Tea Bags 80 per pack,100pk,£0.06 each,5.50,,
Waitrose Kentish Town,"Tea, Coffee, Hot Drinks","Tea, Coffee, Hot Drinks",Union Revelation Espresso Beans 200g,200g,£41.25/kg,8.25,,
Waitrose Kentish Town,"Tea, Coffee, Hot Drinks","Tea, Coffee, Hot Drinks",Union Revelation Espresso Beans 500g,500g,£37.40/kg,18.70,,
Waitrose Kentish Town,"Tea, Coffee, Hot Drinks","Tea, Coffee, Hot Drinks",Waitrose Camomile Infusion Tea 20s,20pk,£0.07 each,1.40,,
Waitrose Kentish Town,"Tea, Coffee, Hot Drinks","Tea, Coffee, Hot Drinks",Waitrose Colombian Coffee Beans 227g,227g,£21.37/kg,4.85,,
Waitrose Kentish Town,"Tea, Coffee, Hot Drinks","Tea, Coffee, Hot Drinks",Waitrose Colombian Ground Coffee 227g,227g,£21.37/kg,4.85,,
Waitrose Kentish Town,"Tea, Coffee, Hot Drinks","Tea, Coffee, Hot Drinks",Waitrose English Breakfast Loose Tea 125g,125g,£20.40/kg,2.55,,
Waitrose Kentish Town,"Tea, Coffee, Hot Drinks","Tea, Coffee, Hot Drinks",Waitrose Essential Rich Roast Ground Coffee 100g,,,2.20,,
Waitrose Kentish Town,"Tea, Coffee, Hot Drinks","Tea, Coffee, Hot Drinks",Waitrose Fairtrade Italian Style Coffee Beans 454g,454g,£17.18/kg,7.80,,
Waitrose Kentish Town,"Tea, Coffee, Hot Drinks","Tea, Coffee, Hot Drinks",Waitrose Italian Style Ground Coffee 227g,227g,£16.96/kg,3.85,,
Waitrose Kentish Town,"Tea, Coffee, Hot Drinks","Tea, Coffee, Hot Drinks",Waitrose No.1 Fairtrade Sumatra Mandheling Ground Coffee 227g,227g,£22.47/kg,5.10,,
Waitrose Kentish Town,"Tea, Coffee, Hot Drinks","Tea, Coffee, Hot Drinks",Waitrose No.1 Organic Fairtrade Colombian Rsrv Ground Coffee 227g,227g,£22.91/kg,5.20,,
Waitrose Kentish Town,"Tea, Coffee, Hot Drinks","Tea, Coffee, Hot Drinks",Waitrose No.1 Sumatra Mandheling Coffee Beans 227g,227g,£22.47/kg,5.10,,
Waitrose Kentish Town,"Tea, Coffee, Hot Drinks","Tea, Coffee, Hot Drinks",Waitrose Peppermint Tea 20s,20pk,£0.07 each,1.40,,
Waitrose Kentish Town,"Tea, Coffee, Hot Drinks",Trending,PerfectTed - 10 Strawberry Matcha Pods - 50g,50g,£111.00/kg,5.55,,
Waitrose Kentish Town,"Tea, Coffee, Hot Drinks",Trending,PerfectTed - Vanilla Matcha Powder Sticks - 35g,35g,£171.43/kg,6.00,,
Waitrose Kentish Town,"Tea, Coffee, Hot Drinks",Trending,PerfectTed Matcha Powder Sticks Variety 8 Pack 33g,33g,£200.00/kg,6.60,,
Waitrose Kentish Town,Tins & Cans,Baked Beans,Branston Baked Beans 410g,410g,£2.56/kg,1.05,,
Waitrose Kentish Town,Tins & Cans,Baked Beans,Essential Baked Beans in Tomato Sauce 420g,420g,£1.43/kg,0.60,,
Waitrose Kentish Town,Tins & Cans,Baked Beans,Heinz Beanz Baked Beans 415g,415g,£3.73/kg,1.55,,
Waitrose Kentish Town,Tins & Cans,Discover our Duchy Organic Range 🥒,Waitrose Duchy Organic Black Beans in Water 255g,255g,£5.49/kg,1.40,,
Waitrose Kentish Town,Tins & Cans,Discover our Duchy Organic Range 🥒,Waitrose Duchy Organic Butter Beans 244g,244g,£5.74/kg,1.40,,
Waitrose Kentish Town,Tins & Cans,Easy Meals,Vadasz Raw Kimchi 400g,400g,£13.38/kg,5.35,,
Waitrose Kentish Town,Tins & Cans,Offers,Mrs Elswood Gherkin Spears with Dill drained 360g,360g,£8.03/kg,2.89,3.40,15% off
Waitrose Kentish Town,Tins & Cans,Offers,Mrs Elswood Haimisha Gherkins drained 360g,360g,£8.03/kg,2.89,3.40,15% off
Waitrose Kentish Town,Tins & Cans,Offers,Mrs Elswood Sweet Gherkin Slices drained 310g,310g,£9.32/kg,2.89,3.40,15% off
Waitrose Kentish Town,Tins & Cans,Other Tinned & Pickled Food,Cooks' Ingredients Nonpareille Capers drained 95g,95g,£38.42/kg,3.65,,
Waitrose Kentish Town,Tins & Cans,Other Tinned & Pickled Food,Del Monte Peach Slices in Juice - drained 250g,250g,£6.00/kg,1.50,,
Waitrose Kentish Town,Tins & Cans,Other Tinned & Pickled Food,Emma Basic Kimchi Furikake Seasoning 100g,100g,£54.90/kg,5.49,,
Waitrose Kentish Town,Tins & Cans,Other Tinned & Pickled Food,Heinz Hoops in Tomato Sauce 400g,400g,£4.00/kg,1.60,,
Waitrose Kentish Town,Tins & Cans,Other Tinned & Pickled Food,Mezzetta Sliced Jalapeno Peppers drained 227g,227g,£16.96/kg,3.85,,
Waitrose Kentish Town,Tins & Cans,Other Tinned & Pickled Food,Mrs Elswood Gherkin Spears with Dill drained 360g,360g,£8.03/kg,2.89,3.40,15% off
Waitrose Kentish Town,Tins & Cans,Other Tinned & Pickled Food,Mrs Elswood Haimisha Gherkins drained 360g,360g,£8.03/kg,2.89,3.40,15% off
Waitrose Kentish Town,Tins & Cans,Other Tinned & Pickled Food,Mrs Elswood Sweet Gherkin Slices drained 310g,310g,£9.32/kg,2.89,3.40,15% off
Waitrose Kentish Town,Tins & Cans,Other Tinned & Pickled Food,Vadasz Raw Kimchi 400g,400g,£13.38/kg,5.35,,
Waitrose Kentish Town,Tins & Cans,Other Tinned & Pickled Food,Waitrose Cocktail Gherkins 290g,290g,£4.83/kg,1.40,,
Waitrose Kentish Town,Tins & Cans,Other Tinned & Pickled Food,Waitrose Essential Coconut Cream 160ml,160ml,£8.44/L,1.35,,
Waitrose Kentish Town,Tins & Cans,Other Tinned & Pickled Food,Waitrose Essential Coconut Milk 400ml,400ml,£3.38/L,1.35,,
Waitrose Kentish Town,Tins & Cans,Other Tinned & Pickled Food,Waitrose Essential Peach Halves in Fruit Juice drained 248g,248g,£5.44/kg,1.35,,
Waitrose Kentish Town,Tins & Cans,Other Tinned & Pickled Food,Waitrose Essential Reduced Fat Coconut Milk 400ml,400ml,£3.13/L,1.25,,
Waitrose Kentish Town,Tins & Cans,Other Tinned & Pickled Food,Waitrose Pickled Silverskin Onions drained 150g,150g,£9.00/kg,1.35,,
Waitrose Kentish Town,Tins & Cans,Other Tinned & Pickled Food,Ye Olde Oak Premium Hot Dogs 184g,184g,£8.42/kg,1.55,,
Waitrose Kentish Town,Tins & Cans,Tinned Fish & Seafood,Minerva MSC Tuna Chunks in Water 4 x 160g,640g,£8.13/kg,5.20,,
Waitrose Kentish Town,Tins & Cans,Tinned Fish & Seafood,Minerva MSC Tuna Steak in Olive Oil 4 x 200g,800g,£9.63/kg,7.70,,
Waitrose Kentish Town,Tins & Cans,Tinned Fish & Seafood,Minerva MSC Tuna Steak in Spring Water 200g,200g,£12.25/kg,2.45,,
Waitrose Kentish Town,Tins & Cans,Tinned Fish & Seafood,Rio Mare MSC Tuna in Olive Oil 3x80g,240g,£22.92/kg,5.50,,
Waitrose Kentish Town,Tins & Cans,Tinned Fish & Seafood,Waitrose Essential Sardines In Olive Oil 120g,120g,£14.17/kg,1.70,,
Waitrose Kentish Town,Tins & Cans,Tinned Fish & Seafood,Waitrose Tuna Pate 115g,,,2.65,,
Waitrose Kentish Town,Tins & Cans,Tinned Soup,Heinz Classic Cream of Tomato Soup 400g,400g,£4.75/kg,1.90,,
Waitrose Kentish Town,Tins & Cans,Tinned Soup,Heinz Cream of Chicken Soup 400g,400g,£4.75/kg,1.90,,
Waitrose Kentish Town,Tins & Cans,Tinned Soup,Heinz Cream of Tomato Cup Soup 4x22g,88g,£20.45/kg,1.80,,
Waitrose Kentish Town,Tins & Cans,Tinned Soup,Karine & Jeff - Provençal Soup - 500ml,500ml,£12.10/L,6.05,,
Waitrose Kentish Town,Tins & Cans,Tinned Soup,Karine & Jeff - Thaï Coconut Milk Soup - 500ml,500ml,£12.10/L,6.05,,
Waitrose Kentish Town,Tins & Cans,Tinned Tomatoes & Puree,Mutti Classic Passata 400g,400g,£5.63/kg,2.25,,
Waitrose Kentish Town,Tins & Cans,Tinned Tomatoes & Puree,Mutti Finely Chopped Tomatoes 4 x 400g,1.6kg,£4.22/kg,6.75,,
Waitrose Kentish Town,Tins & Cans,Tinned Tomatoes & Puree,Mutti Finely Chopped Tomatoes 400g,400g,£3.88/kg,1.55,,
Waitrose Kentish Town,Tins & Cans,Tinned Tomatoes & Puree,Waitrose Duchy Organic Chopped Tomatoes In Natural Juice 400g,400g,£4.50/kg,1.80,,
Waitrose Kentish Town,Tins & Cans,Tinned Tomatoes & Puree,Waitrose Essential Canned Plum Tomatoes 400g,400g,£1.88/kg,0.75,,
Waitrose Kentish Town,Tins & Cans,Tinned Tomatoes & Puree,Waitrose Essential Chopped Tomatoes 400g,,,2.70,,
Waitrose Kentish Town,Tins & Cans,Tinned Tomatoes & Puree,Waitrose Essential Chopped Tomatoes in Natural Juice 400g,400g,£1.63/kg,0.65,,
Waitrose Kentish Town,Tins & Cans,Tinned Tomatoes & Puree,Waitrose Tomato Puree 200g,200g,£5.50/kg,1.10,,
Waitrose Kentish Town,Tins & Cans,"Tinned Vegetables, Beans & Pulses",Bold Bean Co. Queen Chickpeas 570g,570g,£5.88/kg,3.35,,
Waitrose Kentish Town,Tins & Cans,"Tinned Vegetables, Beans & Pulses",Bold Bean Queen Butter Beans 570g,570g,£6.75/kg,3.85,,
Waitrose Kentish Town,Tins & Cans,"Tinned Vegetables, Beans & Pulses",Epicure Organic Black Beans 400g,400g,£3.25/kg,1.30,,
Waitrose Kentish Town,Tins & Cans,"Tinned Vegetables, Beans & Pulses",Essential Lentils in Water 260g,260g,£3.08/kg,0.80,,
Waitrose Kentish Town,Tins & Cans,"Tinned Vegetables, Beans & Pulses",Essential Red Kidney Beans in Water drained 240g,240g,£3.33/kg,0.80,,
Waitrose Kentish Town,Tins & Cans,"Tinned Vegetables, Beans & Pulses",Green Giant Original Sweetcorn drained 165g,,,1.05,,
Waitrose Kentish Town,Tins & Cans,"Tinned Vegetables, Beans & Pulses",Ottolenghi Queen Black Chickpeas 570g,570g,£6.93/kg,3.95,,
Waitrose Kentish Town,Tins & Cans,"Tinned Vegetables, Beans & Pulses",Waitrose Duchy Organic Black Beans in Water 255g,255g,£5.49/kg,1.40,,
Waitrose Kentish Town,Tins & Cans,"Tinned Vegetables, Beans & Pulses",Waitrose Duchy Organic Butter Beans 244g,244g,£5.74/kg,1.40,,
Waitrose Kentish Town,Tins & Cans,"Tinned Vegetables, Beans & Pulses",Waitrose Essential Black Eyed Beans 400g,400g,£1.88/kg,0.75,,
Waitrose Kentish Town,Tins & Cans,"Tinned Vegetables, Beans & Pulses",Waitrose Essential Canned Garden Peas drained 185g,185g,£4.86/kg,0.90,,
Waitrose Kentish Town,Tins & Cans,"Tinned Vegetables, Beans & Pulses",Waitrose Essential Cannellini Beans 400g,400g,£1.50/kg,0.60,,
Waitrose Kentish Town,Tins & Cans,"Tinned Vegetables, Beans & Pulses",Waitrose Essential Sweetcorn 195g,195g,£4.36/kg,0.85,,
Waitrose Kentish Town,Tins & Cans,"Tinned Vegetables, Beans & Pulses",Waitrose Essentials  Chickpeas in Water 240g,240g,£2.50/kg,0.60,,
Waitrose Kentish Town,Tins & Cans,"Tinned Vegetables, Beans & Pulses",Waitrose Sun-dried Tomatoes 280g,280g,£14.29/kg,4.00,,
Waitrose Kentish Town,Tins & Cans,Tins & Cans,Bold Bean Co. Queen Chickpeas 570g,570g,£5.88/kg,3.35,,
Waitrose Kentish Town,Tins & Cans,Tins & Cans,Bold Bean Queen Butter Beans 570g,570g,£6.75/kg,3.85,,
Waitrose Kentish Town,Tins & Cans,Tins & Cans,Branston Baked Beans 410g,410g,£2.56/kg,1.05,,
Waitrose Kentish Town,Tins & Cans,Tins & Cans,Cooks' Ingredients Nonpareille Capers drained 95g,95g,£38.42/kg,3.65,,
Waitrose Kentish Town,Tins & Cans,Tins & Cans,Del Monte Peach Slices in Juice - drained 250g,250g,£6.00/kg,1.50,,
Waitrose Kentish Town,Tins & Cans,Tins & Cans,Emma Basic Kimchi Furikake Seasoning 100g,100g,£54.90/kg,5.49,,
Waitrose Kentish Town,Tins & Cans,Tins & Cans,Epicure Organic Black Beans 400g,400g,£3.25/kg,1.30,,
Waitrose Kentish Town,Tins & Cans,Tins & Cans,Essential Baked Beans in Tomato Sauce 420g,420g,£1.43/kg,0.60,,
Waitrose Kentish Town,Tins & Cans,Tins & Cans,Essential Lentils in Water 260g,260g,£3.08/kg,0.80,,
Waitrose Kentish Town,Tins & Cans,Tins & Cans,Essential Red Kidney Beans in Water drained 240g,240g,£3.33/kg,0.80,,
Waitrose Kentish Town,Tins & Cans,Tins & Cans,Green Giant Original Sweetcorn drained 165g,,,1.05,,
Waitrose Kentish Town,Tins & Cans,Tins & Cans,Heinz Beanz Baked Beans 415g,415g,£3.73/kg,1.55,,
Waitrose Kentish Town,Tins & Cans,Tins & Cans,Heinz Classic Cream of Tomato Soup 400g,400g,£4.75/kg,1.90,,
Waitrose Kentish Town,Tins & Cans,Tins & Cans,Heinz Cream of Chicken Soup 400g,400g,£4.75/kg,1.90,,
Waitrose Kentish Town,Tins & Cans,Tins & Cans,Heinz Cream of Tomato Cup Soup 4x22g,88g,£20.45/kg,1.80,,
Waitrose Kentish Town,Tins & Cans,Tins & Cans,Heinz Hoops in Tomato Sauce 400g,400g,£4.00/kg,1.60,,
Waitrose Kentish Town,Tins & Cans,Tins & Cans,Karine & Jeff - Provençal Soup - 500ml,500ml,£12.10/L,6.05,,
Waitrose Kentish Town,Tins & Cans,Tins & Cans,Karine & Jeff - Thaï Coconut Milk Soup - 500ml,500ml,£12.10/L,6.05,,
Waitrose Kentish Town,Tins & Cans,Tins & Cans,Mezzetta Sliced Jalapeno Peppers drained 227g,227g,£16.96/kg,3.85,,
Waitrose Kentish Town,Tins & Cans,Tins & Cans,Minerva MSC Tuna Chunks in Water 4 x 160g,640g,£8.13/kg,5.20,,
Waitrose Kentish Town,Tins & Cans,Tins & Cans,Minerva MSC Tuna Steak in Olive Oil 4 x 200g,800g,£9.63/kg,7.70,,
Waitrose Kentish Town,Tins & Cans,Tins & Cans,Minerva MSC Tuna Steak in Spring Water 200g,200g,£12.25/kg,2.45,,
Waitrose Kentish Town,Tins & Cans,Tins & Cans,Mrs Elswood Gherkin Spears with Dill drained 360g,360g,£8.03/kg,2.89,3.40,15% off
Waitrose Kentish Town,Tins & Cans,Tins & Cans,Mrs Elswood Haimisha Gherkins drained 360g,360g,£8.03/kg,2.89,3.40,15% off
Waitrose Kentish Town,Tins & Cans,Tins & Cans,Mrs Elswood Sweet Gherkin Slices drained 310g,310g,£9.32/kg,2.89,3.40,15% off
Waitrose Kentish Town,Tins & Cans,Tins & Cans,Mutti Classic Passata 400g,400g,£5.63/kg,2.25,,
Waitrose Kentish Town,Tins & Cans,Tins & Cans,Mutti Finely Chopped Tomatoes 4 x 400g,1.6kg,£4.22/kg,6.75,,
Waitrose Kentish Town,Tins & Cans,Tins & Cans,Mutti Finely Chopped Tomatoes 400g,400g,£3.88/kg,1.55,,
Waitrose Kentish Town,Tins & Cans,Tins & Cans,Ottolenghi Queen Black Chickpeas 570g,570g,£6.93/kg,3.95,,
Waitrose Kentish Town,Tins & Cans,Tins & Cans,Rio Mare MSC Tuna in Olive Oil 3x80g,240g,£22.92/kg,5.50,,
Waitrose Kentish Town,Tins & Cans,Tins & Cans,Vadasz Raw Kimchi 400g,400g,£13.38/kg,5.35,,
Waitrose Kentish Town,Tins & Cans,Tins & Cans,Waitrose Cocktail Gherkins 290g,290g,£4.83/kg,1.40,,
Waitrose Kentish Town,Tins & Cans,Tins & Cans,Waitrose Duchy Organic Black Beans in Water 255g,255g,£5.49/kg,1.40,,
Waitrose Kentish Town,Tins & Cans,Tins & Cans,Waitrose Duchy Organic Butter Beans 244g,244g,£5.74/kg,1.40,,
Waitrose Kentish Town,Tins & Cans,Tins & Cans,Waitrose Duchy Organic Chopped Tomatoes In Natural Juice 400g,400g,£4.50/kg,1.80,,
Waitrose Kentish Town,Tins & Cans,Tins & Cans,Waitrose Essential Black Eyed Beans 400g,400g,£1.88/kg,0.75,,
Waitrose Kentish Town,Tins & Cans,Tins & Cans,Waitrose Essential Canned Garden Peas drained 185g,185g,£4.86/kg,0.90,,
Waitrose Kentish Town,Tins & Cans,Tins & Cans,Waitrose Essential Canned Plum Tomatoes 400g,400g,£1.88/kg,0.75,,
Waitrose Kentish Town,Tins & Cans,Tins & Cans,Waitrose Essential Cannellini Beans 400g,400g,£1.50/kg,0.60,,
Waitrose Kentish Town,Tins & Cans,Tins & Cans,Waitrose Essential Chopped Tomatoes 400g,,,2.70,,
Waitrose Kentish Town,Tins & Cans,Tins & Cans,Waitrose Essential Chopped Tomatoes in Natural Juice 400g,400g,£1.63/kg,0.65,,
Waitrose Kentish Town,Tins & Cans,Tins & Cans,Waitrose Essential Coconut Cream 160ml,160ml,£8.44/L,1.35,,
Waitrose Kentish Town,Tins & Cans,Tins & Cans,Waitrose Essential Coconut Milk 400ml,400ml,£3.38/L,1.35,,
Waitrose Kentish Town,Tins & Cans,Tins & Cans,Waitrose Essential Peach Halves in Fruit Juice drained 248g,248g,£5.44/kg,1.35,,
Waitrose Kentish Town,Tins & Cans,Tins & Cans,Waitrose Essential Reduced Fat Coconut Milk 400ml,400ml,£3.13/L,1.25,,
Waitrose Kentish Town,Tins & Cans,Tins & Cans,Waitrose Essential Sardines In Olive Oil 120g,120g,£14.17/kg,1.70,,
Waitrose Kentish Town,Tins & Cans,Tins & Cans,Waitrose Essential Sweetcorn 195g,195g,£4.36/kg,0.85,,
Waitrose Kentish Town,Tins & Cans,Tins & Cans,Waitrose Essentials  Chickpeas in Water 240g,240g,£2.50/kg,0.60,,
Waitrose Kentish Town,Tins & Cans,Tins & Cans,Waitrose Pickled Silverskin Onions drained 150g,150g,£9.00/kg,1.35,,
Waitrose Kentish Town,Tins & Cans,Tins & Cans,Waitrose Sun-dried Tomatoes 280g,280g,£14.29/kg,4.00,,
Waitrose Kentish Town,Tins & Cans,Tins & Cans,Waitrose Tomato Puree 200g,200g,£5.50/kg,1.10,,
Waitrose Kentish Town,Tins & Cans,Tins & Cans,Waitrose Tuna Pate 115g,,,2.65,,
Waitrose Kentish Town,Tins & Cans,Tins & Cans,Ye Olde Oak Premium Hot Dogs 184g,184g,£8.42/kg,1.55,,
Waitrose Kentish Town,Vegetables,Avocados,Waitrose Extra Large Avocado 1ea,,,1.80,,
Waitrose Kentish Town,Vegetables,Avocados,Waitrose Ripe & Ripening Avocados 2 per pack,,,2.15,,
Waitrose Kentish Town,Vegetables,Back To Routine,Waitrose Baby Cucumbers 200g,200g,£6.50/kg,1.30,,
Waitrose Kentish Town,Vegetables,Broccoli & Cauliflower,Waitrose Broccoli Crown 300g,300g,£3.60/kg,1.08,1.35,20% off
Waitrose Kentish Town,Vegetables,Broccoli & Cauliflower,Waitrose Essential Loose Cauliflower 1ea,,,1.50,,
Waitrose Kentish Town,Vegetables,Broccoli & Cauliflower,Waitrose Tenderstem Broccoli Spears 200g,200g,£9.00/kg,1.80,,
Waitrose Kentish Town,Vegetables,Carrots & Root Vegetables,Waitrose Baby Beetroot 250g,,,1.10,,
Waitrose Kentish Town,Vegetables,Carrots & Root Vegetables,Waitrose Baby Parsnips 300g,300g,£8.67/kg,2.60,,
Waitrose Kentish Town,Vegetables,Carrots & Root Vegetables,Waitrose Essential Carrots 1kg,1kg,£0.80/kg,0.80,,
Waitrose Kentish Town,Vegetables,Carrots & Root Vegetables,Waitrose French Breakfast Salad Radishes 150g,,,1.60,,
Waitrose Kentish Town,Vegetables,Carrots & Root Vegetables,Waitrose Sweet Kingdom Orange Mini Carrots 240g,240g,£7.92/kg,1.90,,
Waitrose Kentish Town,Vegetables,Cucumbers,Waitrose Baby Cucumbers 200g,200g,£6.50/kg,1.30,,
Waitrose Kentish Town,Vegetables,Cucumbers,Waitrose Duchy Organic Salad Cucumber x1,,,1.30,1.85,30% off
Waitrose Kentish Town,Vegetables,Cucumbers,Waitrose Essential Cucumber 1ea,,,1.10,,
Waitrose Kentish Town,Vegetables,Discover our Duchy Organic Range 🥒,Waitrose Duchy Organic Cherry Vine Tomatoes 200g,200g,£12.00/kg,2.40,,
Waitrose Kentish Town,Vegetables,Discover our Duchy Organic Range 🥒,Waitrose Duchy Organic Great Britain Leeks 350g,350g,£5.49/kg,1.92,2.40,20% off
Waitrose Kentish Town,Vegetables,Discover our Duchy Organic Range 🥒,Waitrose Duchy Organic Onions 750g,750g,£2.53/kg,1.90,,
Waitrose Kentish Town,Vegetables,Discover our Duchy Organic Range 🥒,Waitrose Duchy Organic Salad Cucumber x1,,,1.30,1.85,30% off
Waitrose Kentish Town,Vegetables,Fruit & Veg,Cooks' Ingredients Mint 25g,25g,£47.60/kg,1.19,1.70,30% off
Waitrose Kentish Town,Vegetables,Fruit & Veg,Cooks' Ingredients Parsley 10g,10g,£180.00/kg,1.80,,
Waitrose Kentish Town,Vegetables,Fruit & Veg,Fullgreen Cauliflower Rice 200g,200g,£9.20/kg,1.84,2.45,25% off
Waitrose Kentish Town,Vegetables,Fruit & Veg,Waitrose Asparagus Tips 100g,100g,£22.50/kg,2.25,,
Waitrose Kentish Town,Vegetables,Fruit & Veg,Waitrose Baby Beetroot 250g,,,1.10,,
Waitrose Kentish Town,Vegetables,Fruit & Veg,Waitrose Baby New Potatoes 750g,750g,£2.73/kg,2.05,,
Waitrose Kentish Town,Vegetables,Fruit & Veg,Waitrose Baby Pak Choi 90g,90g,£24.44/kg,2.20,,
Waitrose Kentish Town,Vegetables,Fruit & Veg,Waitrose Baby Parsnips 300g,300g,£8.67/kg,2.60,,
Waitrose Kentish Town,Vegetables,Fruit & Veg,Waitrose British Extra Large Potatoes 4s,4pk,£0.50 each,2.00,,
Waitrose Kentish Town,Vegetables,Fruit & Veg,Waitrose British Large Flat Mushrooms 250g,,,1.50,,
Waitrose Kentish Town,Vegetables,Fruit & Veg,Waitrose Broccoli Crown 300g,300g,£3.60/kg,1.08,1.35,20% off
Waitrose Kentish Town,Vegetables,Fruit & Veg,Waitrose Button Mushrooms 200g,200g,£7.50/kg,1.50,,
Waitrose Kentish Town,Vegetables,Fruit & Veg,Waitrose Chestnut Mushrooms 450g,450g,£5.56/kg,2.50,,
Waitrose Kentish Town,Vegetables,Fruit & Veg,Waitrose Classic Vine Tomatoes 450g,450g,£5.22/kg,2.35,,
Waitrose Kentish Town,Vegetables,Fruit & Veg,Waitrose Cooks' Ingredients Red Chillies 50g,50g,£10.60/kg,0.53,0.75,30% off
Waitrose Kentish Town,Vegetables,Fruit & Veg,Waitrose Courgettes 500g,500g,£4.50/kg,2.25,,
Waitrose Kentish Town,Vegetables,Fruit & Veg,Waitrose Essential Aubergine 1ea,,,1.05,,
Waitrose Kentish Town,Vegetables,Fruit & Veg,Waitrose Essential Butternut Squash 1ea,,,2.15,,
Waitrose Kentish Town,Vegetables,Fruit & Veg,Waitrose Essential Carrots 1kg,1kg,£0.80/kg,0.80,,
Waitrose Kentish Town,Vegetables,Fruit & Veg,Waitrose Essential Celery 1ea,,,1.00,,
Waitrose Kentish Town,Vegetables,Fruit & Veg,Waitrose Essential Cucumber 1ea,,,1.10,,
Waitrose Kentish Town,Vegetables,Fruit & Veg,Waitrose Essential Loose Cauliflower 1ea,,,1.50,,
Waitrose Kentish Town,Vegetables,Fruit & Veg,Waitrose Essential Pointed Spring Cabbage 1ea,,,0.75,1.50,50% off
Waitrose Kentish Town,Vegetables,Fruit & Veg,Waitrose Essential Tomatoes 6 per pack,6pk,£0.16 each,0.96,1.20,20% off
Waitrose Kentish Town,Vegetables,Fruit & Veg,Waitrose Essentials  Cherry Tomatoes 500g,500g,£2.24/kg,1.12,1.60,30% off
Waitrose Kentish Town,Vegetables,Fruit & Veg,Waitrose Essentials  Mixed Peppers,,,1.80,,
Waitrose Kentish Town,Vegetables,Fruit & Veg,Waitrose Extra Large Avocado 1ea,,,1.80,,
Waitrose Kentish Town,Vegetables,Fruit & Veg,Waitrose French Breakfast Salad Radishes 150g,,,1.60,,
Waitrose Kentish Town,Vegetables,Fruit & Veg,Waitrose Jalapeno Chillies 100g,100g,£15.50/kg,1.55,,
Waitrose Kentish Town,Vegetables,Fruit & Veg,Waitrose Large Onions 2 per pack,2pk,£0.85 each,1.70,,
Waitrose Kentish Town,Vegetables,Fruit & Veg,"Waitrose Peas, Sweetcorn, Carrots & Broccoli 350g",350g,£7.00/kg,2.45,,
Waitrose Kentish Town,Vegetables,Fruit & Veg,Waitrose Red Onions 3 per pack,3pk,£0.33 each,1.00,,
Waitrose Kentish Town,Vegetables,Fruit & Veg,Waitrose Red Romano Peppers 180g,180g,£10.00/kg,1.80,,
Waitrose Kentish Town,Vegetables,Fruit & Veg,Waitrose Ripe & Ripening Avocados 2 per pack,,,2.15,,
Waitrose Kentish Town,Vegetables,Fruit & Veg,Waitrose Sweet & Tender Stir Fry 300g,,,2.75,,
Waitrose Kentish Town,Vegetables,Fruit & Veg,Waitrose Sweet Kingdom Orange Mini Carrots 240g,240g,£7.92/kg,1.90,,
Waitrose Kentish Town,Vegetables,Fruit & Veg,Waitrose Trimmed Fine Green Beans 200g,200g,£6.80/kg,1.36,1.70,20% off
Waitrose Kentish Town,Vegetables,Fruit & Veg,Waitrose Trimmed Salad Onions 125g,125g,£6.40/kg,0.80,1.60,50% off
Waitrose Kentish Town,Vegetables,"Garlic, Ginger, Herbs, Spices",Cooks' Ingredients Mint 25g,25g,£47.60/kg,1.19,1.70,30% off
Waitrose Kentish Town,Vegetables,"Garlic, Ginger, Herbs, Spices",Cooks' Ingredients Parsley 10g,10g,£180.00/kg,1.80,,
Waitrose Kentish Town,Vegetables,"Garlic, Ginger, Herbs, Spices",Natoora Org Root Ginger 130g,130g,£16.54/kg,2.15,,
Waitrose Kentish Town,Vegetables,"Garlic, Ginger, Herbs, Spices",Waitrose Cooks' Ingredients Red Chillies 50g,50g,£10.60/kg,0.53,0.75,30% off
Waitrose Kentish Town,Vegetables,"Garlic, Ginger, Herbs, Spices",Waitrose Garlic,,,0.70,,
Waitrose Kentish Town,Vegetables,"Garlic, Ginger, Herbs, Spices",Waitrose Jalapeno Chillies 100g,100g,£15.50/kg,1.55,,
Waitrose Kentish Town,Vegetables,Mushrooms,Waitrose British Large Flat Mushrooms 250g,,,1.50,,
Waitrose Kentish Town,Vegetables,Mushrooms,Waitrose Button Mushrooms 200g,200g,£7.50/kg,1.50,,
Waitrose Kentish Town,Vegetables,Mushrooms,Waitrose Chestnut Mushrooms 250g,250g,£5.40/kg,1.35,,
Waitrose Kentish Town,Vegetables,Mushrooms,Waitrose Chestnut Mushrooms 450g,450g,£5.56/kg,2.50,,
Waitrose Kentish Town,Vegetables,Mushrooms,Waitrose Dried Porcini Mushrooms 30g,30g,£125.00/kg,3.75,,
Waitrose Kentish Town,Vegetables,Offers,Cooks' Ingredients Mint 25g,25g,£47.60/kg,1.19,1.70,30% off
Waitrose Kentish Town,Vegetables,Offers,Fullgreen Cauliflower Rice 200g,200g,£9.20/kg,1.84,2.45,25% off
Waitrose Kentish Town,Vegetables,Offers,Waitrose Broccoli Crown 300g,300g,£3.60/kg,1.08,1.35,20% off
Waitrose Kentish Town,Vegetables,Offers,Waitrose Cooks' Ingredients Red Chillies 50g,50g,£10.60/kg,0.53,0.75,30% off
Waitrose Kentish Town,Vegetables,Offers,Waitrose Duchy Organic Great Britain Leeks 350g,350g,£5.49/kg,1.92,2.40,20% off
Waitrose Kentish Town,Vegetables,Offers,Waitrose Duchy Organic Salad Cucumber x1,,,1.30,1.85,30% off
Waitrose Kentish Town,Vegetables,Offers,Waitrose Essential Pointed Spring Cabbage 1ea,,,0.75,1.50,50% off
Waitrose Kentish Town,Vegetables,Offers,Waitrose Essential Tomatoes 6 per pack,6pk,£0.16 each,0.96,1.20,20% off
Waitrose Kentish Town,Vegetables,Offers,Waitrose Essentials  Cherry Tomatoes 500g,500g,£2.24/kg,1.12,1.60,30% off
Waitrose Kentish Town,Vegetables,Offers,Waitrose Trimmed Fine Green Beans 200g,200g,£6.80/kg,1.36,1.70,20% off
Waitrose Kentish Town,Vegetables,Offers,Waitrose Trimmed Salad Onions 125g,125g,£6.40/kg,0.80,1.60,50% off
Waitrose Kentish Town,Vegetables,Onions & Leeks,Waitrose Duchy Organic Great Britain Leeks 350g,350g,£5.49/kg,1.92,2.40,20% off
Waitrose Kentish Town,Vegetables,Onions & Leeks,Waitrose Duchy Organic Onions 750g,750g,£2.53/kg,1.90,,
Waitrose Kentish Town,Vegetables,Onions & Leeks,Waitrose Large Onions 2 per pack,2pk,£0.85 each,1.70,,
Waitrose Kentish Town,Vegetables,Onions & Leeks,Waitrose Onions 4 per pack,4pk,£0.33 each,1.30,,
Waitrose Kentish Town,Vegetables,Onions & Leeks,Waitrose Red Onions 3 per pack,3pk,£0.33 each,1.00,,
Waitrose Kentish Town,Vegetables,Onions & Leeks,Waitrose Trimmed Salad Onions 125g,125g,£6.40/kg,0.80,1.60,50% off
Waitrose Kentish Town,Vegetables,Other Vegetables,Waitrose Asparagus Tips 100g,100g,£22.50/kg,2.25,,
Waitrose Kentish Town,Vegetables,Other Vegetables,Waitrose Baby Pak Choi 90g,90g,£24.44/kg,2.20,,
Waitrose Kentish Town,Vegetables,Other Vegetables,Waitrose Courgettes 500g,500g,£4.50/kg,2.25,,
Waitrose Kentish Town,Vegetables,Other Vegetables,Waitrose Essential Aubergine 1ea,,,1.05,,
Waitrose Kentish Town,Vegetables,Other Vegetables,Waitrose Essential Butternut Squash 1ea,,,2.15,,
Waitrose Kentish Town,Vegetables,Other Vegetables,Waitrose Essential Celery 1ea,,,1.00,,
Waitrose Kentish Town,Vegetables,Other Vegetables,Waitrose Essential Pointed Spring Cabbage 1ea,,,0.75,1.50,50% off
Waitrose Kentish Town,Vegetables,Other Vegetables,Waitrose Trimmed Fine Green Beans 200g,200g,£6.80/kg,1.36,1.70,20% off
Waitrose Kentish Town,Vegetables,Potatoes,Waitrose Baby New Potatoes 750g,750g,£2.73/kg,2.05,,
Waitrose Kentish Town,Vegetables,Potatoes,Waitrose British Extra Large Potatoes 4s,4pk,£0.50 each,2.00,,
Waitrose Kentish Town,Vegetables,Prepared Vegetables,Fullgreen Cauliflower Rice 200g,200g,£9.20/kg,1.84,2.45,25% off
Waitrose Kentish Town,Vegetables,Prepared Vegetables,"Waitrose Peas, Sweetcorn, Carrots & Broccoli 350g",350g,£7.00/kg,2.45,,
Waitrose Kentish Town,Vegetables,Prepared Vegetables,Waitrose Sweet & Tender Stir Fry 300g,,,2.75,,
Waitrose Kentish Town,Vegetables,Tomatoes & Peppers,Waitrose Cherry Vine Tomatoes 400g,400g,£8.63/kg,3.45,,
Waitrose Kentish Town,Vegetables,Tomatoes & Peppers,Waitrose Classic Vine Tomatoes 450g,450g,£5.22/kg,2.35,,
Waitrose Kentish Town,Vegetables,Tomatoes & Peppers,Waitrose Duchy Organic Cherry Vine Tomatoes 200g,200g,£12.00/kg,2.40,,
Waitrose Kentish Town,Vegetables,Tomatoes & Peppers,Waitrose Essential Tomatoes 6 per pack,6pk,£0.16 each,0.96,1.20,20% off
Waitrose Kentish Town,Vegetables,Tomatoes & Peppers,Waitrose Essentials  Cherry Tomatoes 500g,500g,£2.24/kg,1.12,1.60,30% off
Waitrose Kentish Town,Vegetables,Tomatoes & Peppers,Waitrose Essentials  Mixed Peppers,,,1.80,,
Waitrose Kentish Town,Vegetables,Tomatoes & Peppers,Waitrose Red Romano Peppers 180g,180g,£10.00/kg,1.80,,
Waitrose Kentish Town,Vegetables,Vegetables,Cooks' Ingredients Mint 25g,25g,£47.60/kg,1.19,1.70,30% off
Waitrose Kentish Town,Vegetables,Vegetables,Cooks' Ingredients Parsley 10g,10g,£180.00/kg,1.80,,
Waitrose Kentish Town,Vegetables,Vegetables,Fullgreen Cauliflower Rice 200g,200g,£9.20/kg,1.84,2.45,25% off
Waitrose Kentish Town,Vegetables,Vegetables,Natoora Org Root Ginger 130g,130g,£16.54/kg,2.15,,
Waitrose Kentish Town,Vegetables,Vegetables,Waitrose Asparagus Tips 100g,100g,£22.50/kg,2.25,,
Waitrose Kentish Town,Vegetables,Vegetables,Waitrose Baby Beetroot 250g,,,1.10,,
Waitrose Kentish Town,Vegetables,Vegetables,Waitrose Baby Cucumbers 200g,200g,£6.50/kg,1.30,,
Waitrose Kentish Town,Vegetables,Vegetables,Waitrose Baby New Potatoes 750g,750g,£2.73/kg,2.05,,
Waitrose Kentish Town,Vegetables,Vegetables,Waitrose Baby Pak Choi 90g,90g,£24.44/kg,2.20,,
Waitrose Kentish Town,Vegetables,Vegetables,Waitrose Baby Parsnips 300g,300g,£8.67/kg,2.60,,
Waitrose Kentish Town,Vegetables,Vegetables,Waitrose British Extra Large Potatoes 4s,4pk,£0.50 each,2.00,,
Waitrose Kentish Town,Vegetables,Vegetables,Waitrose British Large Flat Mushrooms 250g,,,1.50,,
Waitrose Kentish Town,Vegetables,Vegetables,Waitrose Broccoli Crown 300g,300g,£3.60/kg,1.08,1.35,20% off
Waitrose Kentish Town,Vegetables,Vegetables,Waitrose Button Mushrooms 200g,200g,£7.50/kg,1.50,,
Waitrose Kentish Town,Vegetables,Vegetables,Waitrose Cherry Vine Tomatoes 400g,400g,£8.63/kg,3.45,,
Waitrose Kentish Town,Vegetables,Vegetables,Waitrose Chestnut Mushrooms 250g,250g,£5.40/kg,1.35,,
Waitrose Kentish Town,Vegetables,Vegetables,Waitrose Chestnut Mushrooms 450g,450g,£5.56/kg,2.50,,
Waitrose Kentish Town,Vegetables,Vegetables,Waitrose Classic Vine Tomatoes 450g,450g,£5.22/kg,2.35,,
Waitrose Kentish Town,Vegetables,Vegetables,Waitrose Cooks' Ingredients Red Chillies 50g,50g,£10.60/kg,0.53,0.75,30% off
Waitrose Kentish Town,Vegetables,Vegetables,Waitrose Courgettes 500g,500g,£4.50/kg,2.25,,
Waitrose Kentish Town,Vegetables,Vegetables,Waitrose Dried Porcini Mushrooms 30g,30g,£125.00/kg,3.75,,
Waitrose Kentish Town,Vegetables,Vegetables,Waitrose Duchy Organic Cherry Vine Tomatoes 200g,200g,£12.00/kg,2.40,,
Waitrose Kentish Town,Vegetables,Vegetables,Waitrose Duchy Organic Great Britain Leeks 350g,350g,£5.49/kg,1.92,2.40,20% off
Waitrose Kentish Town,Vegetables,Vegetables,Waitrose Duchy Organic Onions 750g,750g,£2.53/kg,1.90,,
Waitrose Kentish Town,Vegetables,Vegetables,Waitrose Duchy Organic Salad Cucumber x1,,,1.30,1.85,30% off
Waitrose Kentish Town,Vegetables,Vegetables,Waitrose Essential Aubergine 1ea,,,1.05,,
Waitrose Kentish Town,Vegetables,Vegetables,Waitrose Essential Butternut Squash 1ea,,,2.15,,
Waitrose Kentish Town,Vegetables,Vegetables,Waitrose Essential Carrots 1kg,1kg,£0.80/kg,0.80,,
Waitrose Kentish Town,Vegetables,Vegetables,Waitrose Essential Celery 1ea,,,1.00,,
Waitrose Kentish Town,Vegetables,Vegetables,Waitrose Essential Cucumber 1ea,,,1.10,,
Waitrose Kentish Town,Vegetables,Vegetables,Waitrose Essential Loose Cauliflower 1ea,,,1.50,,
Waitrose Kentish Town,Vegetables,Vegetables,Waitrose Essential Pointed Spring Cabbage 1ea,,,0.75,1.50,50% off
Waitrose Kentish Town,Vegetables,Vegetables,Waitrose Essential Tomatoes 6 per pack,6pk,£0.16 each,0.96,1.20,20% off
Waitrose Kentish Town,Vegetables,Vegetables,Waitrose Essentials  Cherry Tomatoes 500g,500g,£2.24/kg,1.12,1.60,30% off
Waitrose Kentish Town,Vegetables,Vegetables,Waitrose Essentials  Mixed Peppers,,,1.80,,
Waitrose Kentish Town,Vegetables,Vegetables,Waitrose Extra Large Avocado 1ea,,,1.80,,
Waitrose Kentish Town,Vegetables,Vegetables,Waitrose French Breakfast Salad Radishes 150g,,,1.60,,
Waitrose Kentish Town,Vegetables,Vegetables,Waitrose Garlic,,,0.70,,
Waitrose Kentish Town,Vegetables,Vegetables,Waitrose Jalapeno Chillies 100g,100g,£15.50/kg,1.55,,
Waitrose Kentish Town,Vegetables,Vegetables,Waitrose Large Onions 2 per pack,2pk,£0.85 each,1.70,,
Waitrose Kentish Town,Vegetables,Vegetables,Waitrose Onions 4 per pack,4pk,£0.33 each,1.30,,
Waitrose Kentish Town,Vegetables,Vegetables,"Waitrose Peas, Sweetcorn, Carrots & Broccoli 350g",350g,£7.00/kg,2.45,,
Waitrose Kentish Town,Vegetables,Vegetables,Waitrose Red Onions 3 per pack,3pk,£0.33 each,1.00,,
Waitrose Kentish Town,Vegetables,Vegetables,Waitrose Red Romano Peppers 180g,180g,£10.00/kg,1.80,,
Waitrose Kentish Town,Vegetables,Vegetables,Waitrose Ripe & Ripening Avocados 2 per pack,,,2.15,,
Waitrose Kentish Town,Vegetables,Vegetables,Waitrose Sweet & Tender Stir Fry 300g,,,2.75,,
Waitrose Kentish Town,Vegetables,Vegetables,Waitrose Sweet Kingdom Orange Mini Carrots 240g,240g,£7.92/kg,1.90,,
Waitrose Kentish Town,Vegetables,Vegetables,Waitrose Tenderstem Broccoli Spears 200g,200g,£9.00/kg,1.80,,
Waitrose Kentish Town,Vegetables,Vegetables,Waitrose Trimmed Fine Green Beans 200g,200g,£6.80/kg,1.36,1.70,20% off
Waitrose Kentish Town,Vegetables,Vegetables,Waitrose Trimmed Salad Onions 125g,125g,£6.40/kg,0.80,1.60,50% off
Waitrose Kentish Town,"Water, Soft Drinks, Mixers",Cola,Coca-Cola Classic 500ml,500ml,£4.60/L,2.30,,
Waitrose Kentish Town,"Water, Soft Drinks, Mixers",Cola,Coca-Cola Coke 1.75L,1.75L,£1.74/L,3.05,,
Waitrose Kentish Town,"Water, Soft Drinks, Mixers",Cola,Coca-Cola Coke Zero 8x330ml,2.64L,£1.79/L,4.72,5.90,20% off
Waitrose Kentish Town,"Water, Soft Drinks, Mixers",Cola,Coca-Cola Coke Zero Sugar Bottle 2L,2L,£1.48/L,2.95,,
Waitrose Kentish Town,"Water, Soft Drinks, Mixers",Cola,Coca-Cola Original Taste 8x330ml,2.64L,£2.18/L,5.75,,
Waitrose Kentish Town,"Water, Soft Drinks, Mixers",Cola,Coca-Cola Zero 500ml,500ml,£4.30/L,2.15,,
Waitrose Kentish Town,"Water, Soft Drinks, Mixers",Cola,Coke Zero Sugar Cola Drink 330ml,330ml,£4.85/L,1.60,,
Waitrose Kentish Town,"Water, Soft Drinks, Mixers",Cola,Diet Coke 330ml,330ml,£4.85/L,1.60,,
Waitrose Kentish Town,"Water, Soft Drinks, Mixers",Cola,Diet Coke 8x330ml,2.64L,£1.82/L,4.80,6.00,20% off
Waitrose Kentish Town,"Water, Soft Drinks, Mixers",Cola,Diet Coke Cola 2L,2L,£1.50/L,3.00,,
Waitrose Kentish Town,"Water, Soft Drinks, Mixers",Cola,Pepsi Cola 2L,2L,£1.53/L,3.05,,
Waitrose Kentish Town,"Water, Soft Drinks, Mixers",Cola,Pepsi Cola 8x330ml,2.64L,£1.89/L,5.00,6.25,20% off
Waitrose Kentish Town,"Water, Soft Drinks, Mixers",Cola,Pepsi Diet Cola 2L,2L,£1.40/L,2.80,,
Waitrose Kentish Town,"Water, Soft Drinks, Mixers",Cola,Pepsi Max 500ml,500ml,£4.30/L,2.15,,
Waitrose Kentish Town,"Water, Soft Drinks, Mixers",Cola,Pepsi Max Cherry 2litre,,,2.80,,
Waitrose Kentish Town,"Water, Soft Drinks, Mixers",Cola,Pepsi Max Cherry 500ml,500ml,£4.70/L,2.35,,
Waitrose Kentish Town,"Water, Soft Drinks, Mixers",Cola,Pepsi Max Cherry 8x330ml,2.64L,£1.99/L,5.25,,
Waitrose Kentish Town,"Water, Soft Drinks, Mixers",Cola,Pepsi Max No Sugar Cola Cans 8x330ml,2.64L,£2.10/L,5.55,,
Waitrose Kentish Town,"Water, Soft Drinks, Mixers",Cola,Pepsi Max No Sugar Cola Drink 2L,2L,£1.40/L,2.80,,
Waitrose Kentish Town,"Water, Soft Drinks, Mixers",Delivered Chilled 🧊,Dot Dot Bubble Tea - Mango Passionfruit Bubble Tea - 250ml,250ml,£14.20/L,3.55,,
Waitrose Kentish Town,"Water, Soft Drinks, Mixers",Delivered Chilled 🧊,Equinox Organic Kombucha Raspberry & Elderflower 275ml,275ml,£9.45/L,2.60,,
Waitrose Kentish Town,"Water, Soft Drinks, Mixers",Delivered Chilled 🧊,Holos Ginger and Hibiscus Kombucha 330ml,330ml,£10.61/L,3.50,,
Waitrose Kentish Town,"Water, Soft Drinks, Mixers",Delivered Chilled 🧊,Lipton Peach Ice Tea 500ml,500ml,£4.60/L,2.30,,
Waitrose Kentish Town,"Water, Soft Drinks, Mixers",Delivered Chilled 🧊,Living Things Soda - Watermelon & Lime - 330ml,330ml,£7.27/L,2.40,,
Waitrose Kentish Town,"Water, Soft Drinks, Mixers",Delivered Chilled 🧊,Lucozade Sport Orange 500ml,500ml,£4.60/L,2.30,,
Waitrose Kentish Town,"Water, Soft Drinks, Mixers",Delivered Chilled 🧊,Oasis Summer Fruits Bottle 500ml,500ml,£4.70/L,2.35,,
Waitrose Kentish Town,"Water, Soft Drinks, Mixers",Delivered Chilled 🧊,Red Bull Energy Drink 250ml,250ml,£9.00/L,2.25,,
Waitrose Kentish Town,"Water, Soft Drinks, Mixers",Delivered Chilled 🧊,San Pellegrino Aranciata Rossa  330ml,330ml,£5.15/L,1.70,,
Waitrose Kentish Town,"Water, Soft Drinks, Mixers",Delivered Chilled 🧊,San Pellegrino Lemon Drink 330ml,330ml,£5.15/L,1.70,,
Waitrose Kentish Town,"Water, Soft Drinks, Mixers",Delivered Chilled 🧊,San Pellegrino Sparkling Natural Mineral Water 500ml,500ml,£3.40/L,1.70,,
Waitrose Kentish Town,"Water, Soft Drinks, Mixers",Discover our Waitrose No.1 Range,Waitrose No.1 Deeside Sparkling Water 750ml,750ml,£2.33/L,1.75,,
Waitrose Kentish Town,"Water, Soft Drinks, Mixers",Discover our Waitrose No.1 Range,Waitrose No.1 Deeside Still Water 750ml,750ml,£2.33/L,1.75,,
Waitrose Kentish Town,"Water, Soft Drinks, Mixers",Fizzy & Soft Drinks,Agua De Madre Fresca Raspberry Lemonade 330ml,330ml,£7.85/L,2.59,,
Waitrose Kentish Town,"Water, Soft Drinks, Mixers",Fizzy & Soft Drinks,Agua De Madre Ginger & Turmeric Culture Shot 60ml,60ml,£58.33/L,3.50,,
Waitrose Kentish Town,"Water, Soft Drinks, Mixers",Fizzy & Soft Drinks,Agua de Madre Remedio Blackcurrant & Ginger 250ml,250ml,£44.00/L,11.00,,
Waitrose Kentish Town,"Water, Soft Drinks, Mixers",Fizzy & Soft Drinks,Appletiser 6x250ml,1.5L,£3.77/L,5.65,,
Waitrose Kentish Town,"Water, Soft Drinks, Mixers",Fizzy & Soft Drinks,Artisan Drinks - Pink Grapefruit & Blood Orange Soda - 250ml,250ml,£7.80/L,1.95,,
Waitrose Kentish Town,"Water, Soft Drinks, Mixers",Fizzy & Soft Drinks,Bottlegreen Elderberry & Elderflower Presse 750ml,,,5.80,,
Waitrose Kentish Town,"Water, Soft Drinks, Mixers",Fizzy & Soft Drinks,Cellular Elderflower & Peach Electrolyte Soda 330ml,330ml,£7.03/L,2.32,,
Waitrose Kentish Town,"Water, Soft Drinks, Mixers",Fizzy & Soft Drinks,Coconaut Watermelon Coconut Water 320ml,320ml,£7.81/L,2.50,,
Waitrose Kentish Town,"Water, Soft Drinks, Mixers",Fizzy & Soft Drinks,Dot Dot Bubble Tea - Mango Passionfruit Bubble Tea - 250ml,250ml,£14.20/L,3.55,,
Waitrose Kentish Town,"Water, Soft Drinks, Mixers",Fizzy & Soft Drinks,Dot Dot Bubble Tea - Mango Passionfruit Bubble Tea Multipack - 4 x 250ml,1L,£12.50/L,12.50,,
Waitrose Kentish Town,"Water, Soft Drinks, Mixers",Fizzy & Soft Drinks,Dot Dot Bubble Tea - Sparkling Lychee Rose Bubble Tea - 250ml,250ml,£12.20/L,3.05,,
Waitrose Kentish Town,"Water, Soft Drinks, Mixers",Fizzy & Soft Drinks,Dot Dot Bubble Tea - Sparkling Mango Mango Bubble Tea - 250ml,250ml,£12.20/L,3.05,,
Waitrose Kentish Town,"Water, Soft Drinks, Mixers",Fizzy & Soft Drinks,Dot Dot Bubble Tea - Sparkling Matcha Lemonade Bubble Tea - 250ml,250ml,£12.20/L,3.05,,
Waitrose Kentish Town,"Water, Soft Drinks, Mixers",Fizzy & Soft Drinks,Dot Dot Cold Brew Americano Bubble Coffee 250ml,250ml,£14.00/L,3.50,,
Waitrose Kentish Town,"Water, Soft Drinks, Mixers",Fizzy & Soft Drinks,Dot Dot Lychee Rose Bubble Tea 250ml,250ml,£14.00/L,3.50,,
Waitrose Kentish Town,"Water, Soft Drinks, Mixers",Fizzy & Soft Drinks,Dot Dot Yuzu Lemon Bubble Tea 250ml,250ml,£14.00/L,3.50,,
Waitrose Kentish Town,"Water, Soft Drinks, Mixers",Fizzy & Soft Drinks,Dr Pepper Cola 500ml,500ml,£4.60/L,2.30,,
Waitrose Kentish Town,"Water, Soft Drinks, Mixers",Fizzy & Soft Drinks,Equinox Cherry Kombucha 250ml,250ml,£8.60/L,2.15,,
Waitrose Kentish Town,"Water, Soft Drinks, Mixers",Fizzy & Soft Drinks,Equinox Organic Kombucha Raspberry & Elderflower 275ml,275ml,£9.45/L,2.60,,
Waitrose Kentish Town,"Water, Soft Drinks, Mixers",Fizzy & Soft Drinks,Fanta Fruit Twist Drink 500ml,500ml,£4.60/L,2.30,,
Waitrose Kentish Town,"Water, Soft Drinks, Mixers",Fizzy & Soft Drinks,Fanta Orange Zero 2L,2L,£1.35/L,2.70,,
Waitrose Kentish Town,"Water, Soft Drinks, Mixers",Fizzy & Soft Drinks,Fanta Orange Zero 8x330ml,2.64L,£1.68/L,4.44,5.55,20% off
Waitrose Kentish Town,"Water, Soft Drinks, Mixers",Fizzy & Soft Drinks,Fanta Orange Zero Bottle 500ml,500ml,£4.50/L,2.25,,
Waitrose Kentish Town,"Water, Soft Drinks, Mixers",Fizzy & Soft Drinks,Fentiman Ginger Beer 750ml,750ml,£4.00/L,3.00,4.00,25% off
Waitrose Kentish Town,"Water, Soft Drinks, Mixers",Fizzy & Soft Drinks,Fever-Tree Light Ginger Ale 500ml,500ml,£5.30/L,2.65,,
Waitrose Kentish Town,"Water, Soft Drinks, Mixers",Fizzy & Soft Drinks,Hip Pop Sparkling Ginger & Turmeric Drink Cans 4x330ml,1.32L,£3.67/L,4.84,6.05,20% off
Waitrose Kentish Town,"Water, Soft Drinks, Mixers",Fizzy & Soft Drinks,Hip Pop Sparkling Tropical Peach Drink Cans 4x330ml,1.32L,£3.67/L,4.84,6.05,20% off
Waitrose Kentish Town,"Water, Soft Drinks, Mixers",Fizzy & Soft Drinks,Holos Citra Hops Organic Kombucha 330ml,330ml,£10.61/L,3.50,,
Waitrose Kentish Town,"Water, Soft Drinks, Mixers",Fizzy & Soft Drinks,Holos Ginger and Hibiscus Kombucha 330ml,330ml,£10.61/L,3.50,,
Waitrose Kentish Town,"Water, Soft Drinks, Mixers",Fizzy & Soft Drinks,J2O Glitter Berry 4x275ml,1.1L,£4.59/L,5.05,,
Waitrose Kentish Town,"Water, Soft Drinks, Mixers",Fizzy & Soft Drinks,KAYTEA Blackcurrant Grape 330ml,330ml,£5.00/L,1.65,,
Waitrose Kentish Town,"Water, Soft Drinks, Mixers",Fizzy & Soft Drinks,KAYTEA Jasmine Grapefruit 330ml,330ml,£6.03/L,1.99,,
Waitrose Kentish Town,"Water, Soft Drinks, Mixers",Fizzy & Soft Drinks,KAYTEA Mango Yuzu 330ml,330ml,£6.03/L,1.99,,
Waitrose Kentish Town,"Water, Soft Drinks, Mixers",Fizzy & Soft Drinks,KAYTEA White Peach 330ml,330ml,£6.03/L,1.99,,
Waitrose Kentish Town,"Water, Soft Drinks, Mixers",Fizzy & Soft Drinks,Lipton Lemon Ice Tea Drink 500ml,500ml,£4.60/L,2.30,,
Waitrose Kentish Town,"Water, Soft Drinks, Mixers",Fizzy & Soft Drinks,Lipton Peach Ice Tea 1.25litre,,,1.82,2.60,30% off
Waitrose Kentish Town,"Water, Soft Drinks, Mixers",Fizzy & Soft Drinks,Lipton Peach Ice Tea 500ml,500ml,£4.60/L,2.30,,
Waitrose Kentish Town,"Water, Soft Drinks, Mixers",Fizzy & Soft Drinks,Living Things Rhubarb & Apple Soda 4x330ml,1.32L,£5.00/L,6.60,,
Waitrose Kentish Town,"Water, Soft Drinks, Mixers",Fizzy & Soft Drinks,Living Things Soda - Lemon & Ginger - 330ml,330ml,£7.27/L,2.40,,
Waitrose Kentish Town,"Water, Soft Drinks, Mixers",Fizzy & Soft Drinks,Living Things Soda - Peach & Blood Orange - 330ml,330ml,£7.27/L,2.40,,
Waitrose Kentish Town,"Water, Soft Drinks, Mixers",Fizzy & Soft Drinks,Living Things Soda - Watermelon & Lime - 330ml,330ml,£7.27/L,2.40,,
Waitrose Kentish Town,"Water, Soft Drinks, Mixers",Fizzy & Soft Drinks,Living Things Watermelon & Lime Soda 4x330ml,1.32L,£5.00/L,6.60,,
Waitrose Kentish Town,"Water, Soft Drinks, Mixers",Fizzy & Soft Drinks,MOJU Fresh Root Ginger Shots Dosing Bottle 420ml,420ml,£16.43/L,6.90,,
Waitrose Kentish Town,"Water, Soft Drinks, Mixers",Fizzy & Soft Drinks,MOJU Ginger Shots Multipack 3x60ml,180ml,£28.89/L,5.20,,
Waitrose Kentish Town,"Water, Soft Drinks, Mixers",Fizzy & Soft Drinks,MOJU Turmeric Shots Dosing Bottle 420ml,,,6.90,,
Waitrose Kentish Town,"Water, Soft Drinks, Mixers",Fizzy & Soft Drinks,Oasis Citrus Punch Bottle 500ml,500ml,£4.90/L,2.45,,
Waitrose Kentish Town,"Water, Soft Drinks, Mixers",Fizzy & Soft Drinks,Oasis Summer Fruits Bottle 500ml,500ml,£4.70/L,2.35,,
Waitrose Kentish Town,"Water, Soft Drinks, Mixers",Fizzy & Soft Drinks,PerfectTed Apple & Raspberry Natural Energy Drink  250ml,250ml,£9.20/L,2.30,,
Waitrose Kentish Town,"Water, Soft Drinks, Mixers",Fizzy & Soft Drinks,Remedy Kombucha Wild Berry 4x330ml,1.32L,£4.58/L,6.05,,
Waitrose Kentish Town,"Water, Soft Drinks, Mixers",Fizzy & Soft Drinks,Ribena Light Blackcurrant 500ml,500ml,£4.20/L,2.10,,
Waitrose Kentish Town,"Water, Soft Drinks, Mixers",Fizzy & Soft Drinks,Robinsons Fruit Shoot Low Sugar Blackcurrant & Apple 4x200ml,800ml,£2.76/L,2.21,2.60,15% off
Waitrose Kentish Town,"Water, Soft Drinks, Mixers",Fizzy & Soft Drinks,San Pellegrino Aranciata Orange Drink 6x330ml,1.98L,£2.85/L,5.65,,
Waitrose Kentish Town,"Water, Soft Drinks, Mixers",Fizzy & Soft Drinks,San Pellegrino Aranciata Rossa  330ml,330ml,£5.15/L,1.70,,
Waitrose Kentish Town,"Water, Soft Drinks, Mixers",Fizzy & Soft Drinks,San Pellegrino Aranciata Rossa 6x330ml,1.98L,£2.93/L,5.80,,
Waitrose Kentish Town,"Water, Soft Drinks, Mixers",Fizzy & Soft Drinks,San Pellegrino Melograno & Arancia 6x330ml,1.98L,£2.93/L,5.80,,
Waitrose Kentish Town,"Water, Soft Drinks, Mixers",Fizzy & Soft Drinks,Schweppes Ginger Ale 1L,,,1.83,2.15,15% off
Waitrose Kentish Town,"Water, Soft Drinks, Mixers",Fizzy & Soft Drinks,Shloer Sparkling Drink Red Grape 750ml,750ml,£4.87/L,3.65,,
Waitrose Kentish Town,"Water, Soft Drinks, Mixers",Fizzy & Soft Drinks,Shloer Sparkling White Grape Juice Drink 750ml,750ml,£4.20/L,3.15,,
Waitrose Kentish Town,"Water, Soft Drinks, Mixers",Fizzy & Soft Drinks,Simplee Natural Aloe Vera Drink 1litre,,,3.40,,
Waitrose Kentish Town,"Water, Soft Drinks, Mixers",Fizzy & Soft Drinks,TRIP CBD Elderflower Mint Sparkling Drink 4x250ml,1L,£7.15/L,7.15,,
Waitrose Kentish Town,"Water, Soft Drinks, Mixers",Fizzy & Soft Drinks,TRIP CBD Peach Ginger Sparkling Drink 4x250ml,1L,£7.15/L,7.15,,
Waitrose Kentish Town,"Water, Soft Drinks, Mixers",Fizzy & Soft Drinks,TRIP Mindful Blend Cherry Lemon 4 x 250ml,1L,£7.15/L,7.15,,
Waitrose Kentish Town,"Water, Soft Drinks, Mixers",Fizzy & Soft Drinks,The BerryCo White Tea Peach 1litre,,,3.10,,
Waitrose Kentish Town,"Water, Soft Drinks, Mixers",Fizzy & Soft Drinks,Vita Coco Organic Coconut Water 1L,1L,£5.80/L,5.80,,
Waitrose Kentish Town,"Water, Soft Drinks, Mixers",Fizzy & Soft Drinks,Vita Coco Pressed Coconut Water 1 litre,,,4.60,,
Waitrose Kentish Town,"Water, Soft Drinks, Mixers",Fizzy & Soft Drinks,Waitrose Ginger Beer 330ml,,,1.15,,
Waitrose Kentish Town,"Water, Soft Drinks, Mixers",Fizzy & Soft Drinks,Waitrose No.1 Sparkling Elderflower Presse 750ml,750ml,£2.60/L,1.95,,
Waitrose Kentish Town,"Water, Soft Drinks, Mixers",Fizzy & Soft Drinks,Willy's ACV Apple Switchel 4x250ml,1L,£6.05/L,6.05,,
Waitrose Kentish Town,"Water, Soft Drinks, Mixers",Fizzy & Soft Drinks,"Willys ACV - Sparkling Apple, Kombucha & ACV Drink - 250ml",250ml,£9.40/L,2.35,,
Waitrose Kentish Town,"Water, Soft Drinks, Mixers",Fizzy & Soft Drinks,"Willys ACV - Sparkling Blackcurrant, Kombucha & ACV Drink - 250ml",250ml,£8.80/L,2.20,,
Waitrose Kentish Town,"Water, Soft Drinks, Mixers",Fizzy & Soft Drinks,"Willys ACV - Sparkling Raspberry, Kombucha & ACV Drink - 250ml",250ml,£8.80/L,2.20,,
Waitrose Kentish Town,"Water, Soft Drinks, Mixers",Fizzy & Soft Drinks,XOXO Ginger & Lemon Prebiotic Soda 330ml,330ml,£6.67/L,2.20,,
Waitrose Kentish Town,"Water, Soft Drinks, Mixers",Fizzy & Soft Drinks,XOXO Lychee Prebiotic Soda 330ml,330ml,£6.67/L,2.20,,
Waitrose Kentish Town,"Water, Soft Drinks, Mixers",Fizzy & Soft Drinks,XOXO Orange Prebiotic Soda 330ml,330ml,£6.67/L,2.20,,
Waitrose Kentish Town,"Water, Soft Drinks, Mixers",Fizzy & Soft Drinks,XOXO Red Berries Prebiotic Soda 330ml,330ml,£6.67/L,2.20,,
Waitrose Kentish Town,"Water, Soft Drinks, Mixers",Fizzy & Soft Drinks,XOXO Tropical Prebiotic Soda 330ml,330ml,£6.67/L,2.20,,
Waitrose Kentish Town,"Water, Soft Drinks, Mixers",Fizzy & Soft Drinks,XOXO Watermelon Prebiotic Soda 330ml,330ml,£6.67/L,2.20,,
Waitrose Kentish Town,"Water, Soft Drinks, Mixers",Iced Coffee & Milk Drinks,Jimmy's Iced Coffee Original 250ml,250ml,£8.00/L,2.00,,
Waitrose Kentish Town,"Water, Soft Drinks, Mixers",Iced Coffee & Milk Drinks,Jimmy's Iced Coffee Original 250ml,250ml,£8.20/L,2.05,,
Waitrose Kentish Town,"Water, Soft Drinks, Mixers",Iced Coffee & Milk Drinks,Jimmy's Oat Iced Coffee 250ml,250ml,£7.40/L,1.85,,
Waitrose Kentish Town,"Water, Soft Drinks, Mixers",Iced Coffee & Milk Drinks,Lost Sheep Coffee - Iced Coffee Caramel Latte - 250ml,250ml,£9.00/L,2.25,,
Waitrose Kentish Town,"Water, Soft Drinks, Mixers",Iced Coffee & Milk Drinks,Lost Sheep Coffee - Iced Coffee Latte - 250ml,250ml,£9.00/L,2.25,,
Waitrose Kentish Town,"Water, Soft Drinks, Mixers",Iced Coffee & Milk Drinks,Lost Sheep Coffee - Iced Coffee Mocha - 250ml,250ml,£9.00/L,2.25,,
Waitrose Kentish Town,"Water, Soft Drinks, Mixers",Iced Coffee & Milk Drinks,Nolo - Caramel Swirl Decaf Cold Brew Coffee with Added Fibre - 250ml,250ml,£9.20/L,2.30,,
Waitrose Kentish Town,"Water, Soft Drinks, Mixers",Iced Coffee & Milk Drinks,PerfectTed Strawberry Matcha Latte Dairy Free Drink 250ml,250ml,£9.20/L,2.30,,
Waitrose Kentish Town,"Water, Soft Drinks, Mixers",Iced Coffee & Milk Drinks,PerfectTed Vanilla Matcha Latte Dairy Free Drink 250ml,250ml,£9.20/L,2.30,,
Waitrose Kentish Town,"Water, Soft Drinks, Mixers",Iced Coffee & Milk Drinks,Shaken Udder Chocolush! Chocolate Milk Drink 750ml,750ml,£3.31/L,2.48,3.10,20% off
Waitrose Kentish Town,"Water, Soft Drinks, Mixers",Iced Coffee & Milk Drinks,Starbucks Caffe Latte Iced Coffee 220ml,220ml,£11.14/L,2.45,,
Waitrose Kentish Town,"Water, Soft Drinks, Mixers",Iced Coffee & Milk Drinks,Starbucks Skinny Latte Iced Coffee No Added Sugar 220ml,220ml,£11.14/L,2.45,,
Waitrose Kentish Town,"Water, Soft Drinks, Mixers",Latest Multibuy Offers,Evian Still Mineral Water 1.5l,1.5L,£1.13/L,1.70,,2 for £3
Waitrose Kentish Town,"Water, Soft Drinks, Mixers",Latest Multibuy Offers,Robinson No Added Sugar Apple & Blackcurrant Squash 1l,1L,£2.25/L,2.25,,2 for £3.50
Waitrose Kentish Town,"Water, Soft Drinks, Mixers",Latest Multibuy Offers,Robinson No Added Sugar Lemon Squash 1l,1L,£2.25/L,2.25,,2 for £3.50
Waitrose Kentish Town,"Water, Soft Drinks, Mixers",Latest Multibuy Offers,Robinson No Added Sugar Summer Fruits Squash 1l,1L,£2.25/L,2.25,,2 for £3.50
Waitrose Kentish Town,"Water, Soft Drinks, Mixers",Latest Multibuy Offers,Robinsons No Added Sugar Orange Squash 1l,1L,£2.25/L,2.25,,2 for £3.50
Waitrose Kentish Town,"Water, Soft Drinks, Mixers",Latest Multibuy Offers,Schweppes Original Soda Water Bottle 1L,1L,£2.10/L,2.10,,3 for £3.50
Waitrose Kentish Town,"Water, Soft Drinks, Mixers",Latest Multibuy Offers,Schweppes Slimline Tonic Water 1L,1L,£2.10/L,2.10,,3 for £3.50
Waitrose Kentish Town,"Water, Soft Drinks, Mixers",Lemonade,7UP Zero Sugar Lemonade Drink 2L,2L,£1.15/L,2.30,,
Waitrose Kentish Town,"Water, Soft Drinks, Mixers",Lemonade,Agua De Madre Fresca Peach Lemonade 330ml,330ml,£7.85/L,2.59,,
Waitrose Kentish Town,"Water, Soft Drinks, Mixers",Lemonade,Fentimans Rose Lemonade 750ml,750ml,£4.11/L,3.08,4.10,25% off
Waitrose Kentish Town,"Water, Soft Drinks, Mixers",Lemonade,Fever-Tree Mexican Lime Soda 500ml,500ml,£5.40/L,2.70,,
Waitrose Kentish Town,"Water, Soft Drinks, Mixers",Lemonade,Fever-Tree Refreshingly Light Sicilian Lemonade 500ml,500ml,£5.30/L,2.65,,
Waitrose Kentish Town,"Water, Soft Drinks, Mixers",Lemonade,San Pellegrino Lemon Drink 330ml,330ml,£5.15/L,1.70,,
Waitrose Kentish Town,"Water, Soft Drinks, Mixers",Lemonade,San Pellegrino Lemon Drink 6x330ml,1.98L,£2.85/L,5.65,,
Waitrose Kentish Town,"Water, Soft Drinks, Mixers",Lemonade,Sprite 8x330ml,2.64L,£1.51/L,3.98,5.30,25% off
Waitrose Kentish Town,"Water, Soft Drinks, Mixers",Lemonade,Sprite Lemonade 2L,2L,£1.35/L,2.70,,
Waitrose Kentish Town,"Water, Soft Drinks, Mixers",Lemonade,Sprite No Sugar 500ml,500ml,£4.40/L,2.20,,
Waitrose Kentish Town,"Water, Soft Drinks, Mixers",Lemonade,Sprite No Sugar 8x330ml,2.64L,£1.67/L,4.40,5.50,20% off
Waitrose Kentish Town,"Water, Soft Drinks, Mixers",Lemonade,Waitrose No Added Sugar Cloudy Lemonade 2L,2L,£0.63/L,1.25,,
Waitrose Kentish Town,"Water, Soft Drinks, Mixers",Offers,Bottlegreen Cordial Elderflower 500ml,500ml,£8.16/L,4.08,5.10,20% off
Waitrose Kentish Town,"Water, Soft Drinks, Mixers",Offers,Bottlegreen Ginger & Lemongrass Cordial 500ml,500ml,£8.16/L,4.08,5.10,20% off
Waitrose Kentish Town,"Water, Soft Drinks, Mixers",Offers,Bottlegreen Lime & Mint Cordial 500ml,500ml,£7.60/L,3.80,4.75,20% off
Waitrose Kentish Town,"Water, Soft Drinks, Mixers",Offers,Coca-Cola Coke Zero 8x330ml,2.64L,£1.79/L,4.72,5.90,20% off
Waitrose Kentish Town,"Water, Soft Drinks, Mixers",Offers,Dash Lime Sparkling Water 4x330ml,1.32L,£2.70/L,3.57,5.10,30% off
Waitrose Kentish Town,"Water, Soft Drinks, Mixers",Offers,Dash Peach Sparkling Water 4x330ml,1.32L,£2.70/L,3.57,5.10,30% off
Waitrose Kentish Town,"Water, Soft Drinks, Mixers",Offers,Dash Water Raspberry Infused Sparkling Water 4x330ml,1.32L,£2.70/L,3.57,5.10,30% off
Waitrose Kentish Town,"Water, Soft Drinks, Mixers",Offers,Diet Coke 8x330ml,2.64L,£1.82/L,4.80,6.00,20% off
Waitrose Kentish Town,"Water, Soft Drinks, Mixers",Offers,Evian Still Mineral Water 1.5l,1.5L,£1.13/L,1.70,,2 for £3
Waitrose Kentish Town,"Water, Soft Drinks, Mixers",Offers,Fanta Orange Zero 8x330ml,2.64L,£1.68/L,4.44,5.55,20% off
Waitrose Kentish Town,"Water, Soft Drinks, Mixers",Offers,Fentiman Ginger Beer 750ml,750ml,£4.00/L,3.00,4.00,25% off
Waitrose Kentish Town,"Water, Soft Drinks, Mixers",Offers,Fentimans Rose Lemonade 750ml,750ml,£4.11/L,3.08,4.10,25% off
Waitrose Kentish Town,"Water, Soft Drinks, Mixers",Offers,Fever-Tree Indian Tonic Water 500ml,500ml,£4.60/L,2.30,2.70,15% off
Waitrose Kentish Town,"Water, Soft Drinks, Mixers",Offers,Fever-Tree Mediterranean Tonic Water 500ml,500ml,£4.60/L,2.30,2.70,15% off
Waitrose Kentish Town,"Water, Soft Drinks, Mixers",Offers,Hip Pop Sparkling Ginger & Turmeric Drink Cans 4x330ml,1.32L,£3.67/L,4.84,6.05,20% off
Waitrose Kentish Town,"Water, Soft Drinks, Mixers",Offers,Hip Pop Sparkling Tropical Peach Drink Cans 4x330ml,1.32L,£3.67/L,4.84,6.05,20% off
Waitrose Kentish Town,"Water, Soft Drinks, Mixers",Offers,Lipton Peach Ice Tea 1.25litre,,,1.82,2.60,30% off
Waitrose Kentish Town,"Water, Soft Drinks, Mixers",Offers,Mockingbird Raw Press Raw Hydration + Blend 750ml,750ml,£4.53/L,3.40,4.85,30% off
Waitrose Kentish Town,"Water, Soft Drinks, Mixers",Offers,Pepsi Cola 8x330ml,2.64L,£1.89/L,5.00,6.25,20% off
Waitrose Kentish Town,"Water, Soft Drinks, Mixers",Offers,Red Bull Sugar Free Energy Drink 4x250ml,1L,£4.65/L,4.65,6.20,25% off
Waitrose Kentish Town,"Water, Soft Drinks, Mixers",Offers,Robinson No Added Sugar Apple & Blackcurrant Squash 1l,1L,£2.25/L,2.25,,2 for £3.50
Waitrose Kentish Town,"Water, Soft Drinks, Mixers",Offers,Robinson No Added Sugar Lemon Squash 1l,1L,£2.25/L,2.25,,2 for £3.50
Waitrose Kentish Town,"Water, Soft Drinks, Mixers",Offers,Robinson No Added Sugar Summer Fruits Squash 1l,1L,£2.25/L,2.25,,2 for £3.50
Waitrose Kentish Town,"Water, Soft Drinks, Mixers",Offers,Robinsons Fruit Shoot Low Sugar Blackcurrant & Apple 4x200ml,800ml,£2.76/L,2.21,2.60,15% off
Waitrose Kentish Town,"Water, Soft Drinks, Mixers",Offers,Robinsons No Added Sugar Orange Squash 1l,1L,£2.25/L,2.25,,2 for £3.50
Waitrose Kentish Town,"Water, Soft Drinks, Mixers",Offers,Schweppes Ginger Ale 1L,,,1.83,2.15,15% off
Waitrose Kentish Town,"Water, Soft Drinks, Mixers",Offers,Schweppes Original Soda Water Bottle 1L,1L,£2.10/L,2.10,,3 for £3.50
Waitrose Kentish Town,"Water, Soft Drinks, Mixers",Offers,Schweppes Slimline Tonic Water 1L,1L,£2.10/L,2.10,,3 for £3.50
Waitrose Kentish Town,"Water, Soft Drinks, Mixers",Offers,Shaken Udder Chocolush! Chocolate Milk Drink 750ml,750ml,£3.31/L,2.48,3.10,20% off
Waitrose Kentish Town,"Water, Soft Drinks, Mixers",Offers,Sprite 8x330ml,2.64L,£1.51/L,3.98,5.30,25% off
Waitrose Kentish Town,"Water, Soft Drinks, Mixers",Offers,Sprite No Sugar 8x330ml,2.64L,£1.67/L,4.40,5.50,20% off
Waitrose Kentish Town,"Water, Soft Drinks, Mixers",Offers,Volvic Touch Of Fruit Sugar Free Strawberry Still Water 1.5L,1.5L,£0.93/L,1.40,1.65,15% off
Waitrose Kentish Town,"Water, Soft Drinks, Mixers",Offers,Volvic Touch of Fruit Lemon & Lime Still Water 1.5L,1.5L,£0.93/L,1.40,1.65,15% off
Waitrose Kentish Town,"Water, Soft Drinks, Mixers",Sport & Energy Drinks,Arla Protein Chocolate Milk 479ml,479ml,£5.01/L,2.40,,
Waitrose Kentish Town,"Water, Soft Drinks, Mixers",Sport & Energy Drinks,Cellular Lime & Sea Salt Electrolyte Soda 330ml,330ml,£7.03/L,2.32,,
Waitrose Kentish Town,"Water, Soft Drinks, Mixers",Sport & Energy Drinks,Huel Banana Complete Meal Drink 500ml,500ml,£8.30/L,4.15,,
Waitrose Kentish Town,"Water, Soft Drinks, Mixers",Sport & Energy Drinks,Huel Chocolate Complete Meal Drink 500ml,500ml,£8.00/L,4.00,,
Waitrose Kentish Town,"Water, Soft Drinks, Mixers",Sport & Energy Drinks,Huel Vanilla Complete Meal Drink 500ml,500ml,£8.00/L,4.00,,
Waitrose Kentish Town,"Water, Soft Drinks, Mixers",Sport & Energy Drinks,Lucozade Energy Orange 4x380ml,1.52L,£2.47/L,3.75,,
Waitrose Kentish Town,"Water, Soft Drinks, Mixers",Sport & Energy Drinks,Lucozade Energy Orange Drink 500ml,500ml,£4.20/L,2.10,,
Waitrose Kentish Town,"Water, Soft Drinks, Mixers",Sport & Energy Drinks,Lucozade Energy Original 4x380ml,1.52L,£2.47/L,3.75,,
Waitrose Kentish Town,"Water, Soft Drinks, Mixers",Sport & Energy Drinks,Lucozade Sport Orange 500ml,500ml,£4.60/L,2.30,,
Waitrose Kentish Town,"Water, Soft Drinks, Mixers",Sport & Energy Drinks,Lucozade Sport Orange Drink 4x500ml,2L,£2.38/L,4.75,,
Waitrose Kentish Town,"Water, Soft Drinks, Mixers",Sport & Energy Drinks,Lucozade Sport Raspberry 500ml,500ml,£4.60/L,2.30,,
Waitrose Kentish Town,"Water, Soft Drinks, Mixers",Sport & Energy Drinks,Lucozade Sport Raspberry Drink 4x500ml,2L,£2.73/L,5.45,,
Waitrose Kentish Town,"Water, Soft Drinks, Mixers",Sport & Energy Drinks,Mockingbird Raw Press Raw Hydration + Blend 750ml,750ml,£4.53/L,3.40,4.85,30% off
Waitrose Kentish Town,"Water, Soft Drinks, Mixers",Sport & Energy Drinks,Monster Energy Drink 500ml,500ml,£4.80/L,2.40,,
Waitrose Kentish Town,"Water, Soft Drinks, Mixers",Sport & Energy Drinks,Monster Energy Ultra (4 x 500ml),2L,£3.58/L,7.15,,
Waitrose Kentish Town,"Water, Soft Drinks, Mixers",Sport & Energy Drinks,Monster Energy Ultra Zero Sugar 500ml,500ml,£4.60/L,2.30,,
Waitrose Kentish Town,"Water, Soft Drinks, Mixers",Sport & Energy Drinks,Monster Mango Loco Energy Drink Can 500ml,500ml,£5.00/L,2.50,,
Waitrose Kentish Town,"Water, Soft Drinks, Mixers",Sport & Energy Drinks,Nuro Pink Citrush Energy Drink 250ml,250ml,£7.44/L,1.86,,
Waitrose Kentish Town,"Water, Soft Drinks, Mixers",Sport & Energy Drinks,Phizz Mixed Berry 3-in-1 Hydration Tablets 20s,20pk,£0.28 each,5.50,,
Waitrose Kentish Town,"Water, Soft Drinks, Mixers",Sport & Energy Drinks,Red Bull Energy Drink (4 x 250ml),1L,£6.25/L,6.25,,
Waitrose Kentish Town,"Water, Soft Drinks, Mixers",Sport & Energy Drinks,Red Bull Energy Drink 250ml,250ml,£9.00/L,2.25,,
Waitrose Kentish Town,"Water, Soft Drinks, Mixers",Sport & Energy Drinks,Red Bull Energy Drink 473ml,473ml,£7.61/L,3.60,,
Waitrose Kentish Town,"Water, Soft Drinks, Mixers",Sport & Energy Drinks,Red Bull Sugar Free Energy Drink 250ml,250ml,£8.20/L,2.05,,
Waitrose Kentish Town,"Water, Soft Drinks, Mixers",Sport & Energy Drinks,Red Bull Sugar Free Energy Drink 4x250ml,1L,£4.65/L,4.65,6.20,25% off
Waitrose Kentish Town,"Water, Soft Drinks, Mixers",Squash & Cordials,Belvoir Farm Peach Bellini Mocktail 750ml,750ml,£5.33/L,4.00,,
Waitrose Kentish Town,"Water, Soft Drinks, Mixers",Squash & Cordials,Belvoir Ginger Cordial 500ml,500ml,£9.90/L,4.95,,
Waitrose Kentish Town,"Water, Soft Drinks, Mixers",Squash & Cordials,Bottlegreen Cordial Elderflower 500ml,500ml,£8.16/L,4.08,5.10,20% off
Waitrose Kentish Town,"Water, Soft Drinks, Mixers",Squash & Cordials,Bottlegreen Ginger & Lemongrass Cordial 500ml,500ml,£8.16/L,4.08,5.10,20% off
Waitrose Kentish Town,"Water, Soft Drinks, Mixers",Squash & Cordials,Bottlegreen Lime & Mint Cordial 500ml,500ml,£7.60/L,3.80,4.75,20% off
Waitrose Kentish Town,"Water, Soft Drinks, Mixers",Squash & Cordials,Ribena Blackcurrant 850ml,850ml,£3.12/L,2.65,,
Waitrose Kentish Town,"Water, Soft Drinks, Mixers",Squash & Cordials,Robinson No Added Sugar Apple & Blackcurrant Squash 1l,1L,£2.25/L,2.25,,2 for £3.50
Waitrose Kentish Town,"Water, Soft Drinks, Mixers",Squash & Cordials,Robinson No Added Sugar Lemon Squash 1l,1L,£2.25/L,2.25,,2 for £3.50
Waitrose Kentish Town,"Water, Soft Drinks, Mixers",Squash & Cordials,Robinson No Added Sugar Summer Fruits Squash 1l,1L,£2.25/L,2.25,,2 for £3.50
Waitrose Kentish Town,"Water, Soft Drinks, Mixers",Squash & Cordials,Robinsons No Added Sugar Orange Squash 1l,1L,£2.25/L,2.25,,2 for £3.50
Waitrose Kentish Town,"Water, Soft Drinks, Mixers",Squash & Cordials,Waitrose Apple & Elderflower Juice Squash 1L,1L,£2.25/L,2.25,,
Waitrose Kentish Town,"Water, Soft Drinks, Mixers",Squash & Cordials,Waitrose Essential Lemon Squash Juice 1.5L,1.5L,£1.10/L,1.65,,
Waitrose Kentish Town,"Water, Soft Drinks, Mixers",Squash & Cordials,Waitrose Essential Orange Squash Juice 1.5L,1.5L,£1.13/L,1.70,,
Waitrose Kentish Town,"Water, Soft Drinks, Mixers",Squash & Cordials,Waitrose Essential Summer Fruits Squash Juice 1.5L,1.5L,£1.10/L,1.65,,
Waitrose Kentish Town,"Water, Soft Drinks, Mixers",Squash & Cordials,Waitrose No Added Sugar Lime Juice Cordial 1 litre,,,1.55,,
Waitrose Kentish Town,"Water, Soft Drinks, Mixers",Tonics & Mixers,Fever-Tree Indian Tonic Water 500ml,500ml,£4.60/L,2.30,2.70,15% off
Waitrose Kentish Town,"Water, Soft Drinks, Mixers",Tonics & Mixers,Fever-Tree Indian Tonic Water 8x150ml,1.2L,£5.13/L,6.15,,
Waitrose Kentish Town,"Water, Soft Drinks, Mixers",Tonics & Mixers,Fever-Tree Light Elderflower Tonic Water 8x150ml,1.2L,£4.92/L,5.90,,
Waitrose Kentish Town,"Water, Soft Drinks, Mixers",Tonics & Mixers,Fever-Tree Light Indian Tonic Water 500ml,500ml,£4.90/L,2.45,,
Waitrose Kentish Town,"Water, Soft Drinks, Mixers",Tonics & Mixers,Fever-Tree Mediterranean Tonic Water 500ml,500ml,£4.60/L,2.30,2.70,15% off
Waitrose Kentish Town,"Water, Soft Drinks, Mixers",Tonics & Mixers,Fever-Tree Refreshingly Light Elderflower Tonic 500ml,500ml,£5.30/L,2.65,,
Waitrose Kentish Town,"Water, Soft Drinks, Mixers",Tonics & Mixers,Fever-Tree Refreshingly Light Mediterranean Tonic 8x150ml,1.2L,£4.79/L,5.75,,
Waitrose Kentish Town,"Water, Soft Drinks, Mixers",Tonics & Mixers,Fever-Tree Refreshingly Light Rhubarb & Raspberry 500ml,500ml,£5.30/L,2.65,,
Waitrose Kentish Town,"Water, Soft Drinks, Mixers",Tonics & Mixers,Fever-Tree Refreshingly Light Tonic Water 8x150ml,1.2L,£4.79/L,5.75,,
Waitrose Kentish Town,"Water, Soft Drinks, Mixers",Tonics & Mixers,Match Indian Tonic Water 4x200ml,800ml,£12.38/L,9.90,,
Waitrose Kentish Town,"Water, Soft Drinks, Mixers",Tonics & Mixers,Schweppes Indian Tonic Water 1L,1L,£2.30/L,2.30,,
Waitrose Kentish Town,"Water, Soft Drinks, Mixers",Tonics & Mixers,Schweppes Lemonade 1 litre,,,1.85,,
Waitrose Kentish Town,"Water, Soft Drinks, Mixers",Tonics & Mixers,Schweppes Original Soda Water Bottle 1L,1L,£2.10/L,2.10,,3 for £3.50
Waitrose Kentish Town,"Water, Soft Drinks, Mixers",Tonics & Mixers,Schweppes Slimline Lemonade 1 litre,,,1.85,,
Waitrose Kentish Town,"Water, Soft Drinks, Mixers",Tonics & Mixers,Schweppes Slimline Tonic Water 1L,1L,£2.10/L,2.10,,3 for £3.50
Waitrose Kentish Town,"Water, Soft Drinks, Mixers",Tonics & Mixers,Waitrose Essential Club Soda 1L,1L,£0.85/L,0.85,,
Waitrose Kentish Town,"Water, Soft Drinks, Mixers",Tonics & Mixers,Waitrose Essential Indian Tonic Water 1L,1L,£1.00/L,1.00,,
Waitrose Kentish Town,"Water, Soft Drinks, Mixers",Tonics & Mixers,Waitrose Essential Sugar Free Indian Tonic Water 1L,1L,£1.00/L,1.00,,
Waitrose Kentish Town,"Water, Soft Drinks, Mixers",Trending,Agua De Madre Fresca Peach Lemonade 330ml,330ml,£7.85/L,2.59,,
Waitrose Kentish Town,"Water, Soft Drinks, Mixers",Trending,Agua De Madre Fresca Raspberry Lemonade 330ml,330ml,£7.85/L,2.59,,
Waitrose Kentish Town,"Water, Soft Drinks, Mixers",Trending,Dot Dot Bubble Tea - Sparkling Matcha Lemonade Bubble Tea - 250ml,250ml,£12.20/L,3.05,,
Waitrose Kentish Town,"Water, Soft Drinks, Mixers",Water,Aqua Libra Cucumber Mint and Lime 4x330ml,1.32L,£3.45/L,4.55,,
Waitrose Kentish Town,"Water, Soft Drinks, Mixers",Water,Aqua Libra Orange & Mango Sparkling Water 4x330ml,1.32L,£3.45/L,4.55,,
Waitrose Kentish Town,"Water, Soft Drinks, Mixers",Water,Buxton Still Mineral Water 1.5L,1.5L,£1.10/L,1.65,,
Waitrose Kentish Town,"Water, Soft Drinks, Mixers",Water,Buxton Still Mineral Water 1L,1L,£2.05/L,2.05,,
Waitrose Kentish Town,"Water, Soft Drinks, Mixers",Water,Dash Lime Sparkling Water 4x330ml,1.32L,£2.70/L,3.57,5.10,30% off
Waitrose Kentish Town,"Water, Soft Drinks, Mixers",Water,Dash Peach Sparkling Water 4x330ml,1.32L,£2.70/L,3.57,5.10,30% off
Waitrose Kentish Town,"Water, Soft Drinks, Mixers",Water,Dash Water Raspberry Infused Sparkling Water 4x330ml,1.32L,£2.70/L,3.57,5.10,30% off
Waitrose Kentish Town,"Water, Soft Drinks, Mixers",Water,Evian Still Mineral Water 1.5l,1.5L,£1.13/L,1.70,,2 for £3
Waitrose Kentish Town,"Water, Soft Drinks, Mixers",Water,Evian Still Mineral Water 6 x 500ml,3L,£1.07/L,3.20,,
Waitrose Kentish Town,"Water, Soft Drinks, Mixers",Water,Evian Still Water Sports Cap 75cl,750ml,£2.80/L,2.10,,
Waitrose Kentish Town,"Water, Soft Drinks, Mixers",Water,Highland Spring Sparkling Water 1.5L,1.5L,£1.03/L,1.55,,
Waitrose Kentish Town,"Water, Soft Drinks, Mixers",Water,Highland Spring Still Water 1.5L,1.5L,£0.83/L,1.25,,
Waitrose Kentish Town,"Water, Soft Drinks, Mixers",Water,OHMG Water Variety Pack 4 x 330ml,1.32L,£5.00/L,6.60,,
Waitrose Kentish Town,"Water, Soft Drinks, Mixers",Water,San Pellegrino Sparkling Mineral Water 6x250ml,1.5L,£3.00/L,4.50,,
Waitrose Kentish Town,"Water, Soft Drinks, Mixers",Water,San Pellegrino Sparkling Natural Mineral Water 1l,1L,£1.90/L,1.90,,
Waitrose Kentish Town,"Water, Soft Drinks, Mixers",Water,San Pellegrino Sparkling Natural Mineral Water 500ml,500ml,£3.40/L,1.70,,
Waitrose Kentish Town,"Water, Soft Drinks, Mixers",Water,San Pellegrino Sparkling Natural Mineral Water 750ml,750ml,£3.07/L,2.30,,
Waitrose Kentish Town,"Water, Soft Drinks, Mixers",Water,Volvic Still Mineral Water 1.5L,1.5L,£0.93/L,1.40,,
Waitrose Kentish Town,"Water, Soft Drinks, Mixers",Water,Volvic Touch Of Fruit Strawberry Sugar Free 750ml,750ml,£2.93/L,2.20,,
Waitrose Kentish Town,"Water, Soft Drinks, Mixers",Water,Volvic Touch Of Fruit Sugar Free Strawberry Still Water 1.5L,1.5L,£0.93/L,1.40,1.65,15% off
Waitrose Kentish Town,"Water, Soft Drinks, Mixers",Water,Volvic Touch of Fruit Lemon & Lime Still Water 1.5L,1.5L,£0.93/L,1.40,1.65,15% off
Waitrose Kentish Town,"Water, Soft Drinks, Mixers",Water,Waitrose Essential Carbonated Natural Mineral Water 2l,2L,£0.58/L,1.15,,
Waitrose Kentish Town,"Water, Soft Drinks, Mixers",Water,Waitrose Essential Sparkling Mineral Water 6x500ml,3L,£0.75/L,2.25,,
Waitrose Kentish Town,"Water, Soft Drinks, Mixers",Water,Waitrose Essential Still Mineral Water 6x500ml,3L,£0.68/L,2.05,,
Waitrose Kentish Town,"Water, Soft Drinks, Mixers",Water,Waitrose Essential Still Natural Mineral Water 2l,2L,£0.58/L,1.15,,
Waitrose Kentish Town,"Water, Soft Drinks, Mixers",Water,Waitrose Essential Still Natural Mineral Water 500ml,500ml,£2.00/L,1.00,,
Waitrose Kentish Town,"Water, Soft Drinks, Mixers",Water,Waitrose No.1 Deeside Sparkling Water 750ml,750ml,£2.33/L,1.75,,
Waitrose Kentish Town,"Water, Soft Drinks, Mixers",Water,Waitrose No.1 Deeside Still Water 750ml,750ml,£2.33/L,1.75,,
Waitrose Kentish Town,"Water, Soft Drinks, Mixers","Water, Soft Drinks, Mixers",7UP Zero Sugar Lemonade Drink 2L,2L,£1.15/L,2.30,,
Waitrose Kentish Town,"Water, Soft Drinks, Mixers","Water, Soft Drinks, Mixers",Agua De Madre Fresca Peach Lemonade 330ml,330ml,£7.85/L,2.59,,
Waitrose Kentish Town,"Water, Soft Drinks, Mixers","Water, Soft Drinks, Mixers",Agua De Madre Ginger & Turmeric Culture Shot 60ml,60ml,£58.33/L,3.50,,
Waitrose Kentish Town,"Water, Soft Drinks, Mixers","Water, Soft Drinks, Mixers",Agua de Madre Remedio Blackcurrant & Ginger 250ml,250ml,£44.00/L,11.00,,
Waitrose Kentish Town,"Water, Soft Drinks, Mixers","Water, Soft Drinks, Mixers",Aqua Libra Cucumber Mint and Lime 4x330ml,1.32L,£3.45/L,4.55,,
Waitrose Kentish Town,"Water, Soft Drinks, Mixers","Water, Soft Drinks, Mixers",Aqua Libra Orange & Mango Sparkling Water 4x330ml,1.32L,£3.45/L,4.55,,
Waitrose Kentish Town,"Water, Soft Drinks, Mixers","Water, Soft Drinks, Mixers",Arla Protein Chocolate Milk 479ml,479ml,£5.01/L,2.40,,
Waitrose Kentish Town,"Water, Soft Drinks, Mixers","Water, Soft Drinks, Mixers",Belvoir Farm Peach Bellini Mocktail 750ml,750ml,£5.33/L,4.00,,
Waitrose Kentish Town,"Water, Soft Drinks, Mixers","Water, Soft Drinks, Mixers",Belvoir Ginger Cordial 500ml,500ml,£9.90/L,4.95,,
Waitrose Kentish Town,"Water, Soft Drinks, Mixers","Water, Soft Drinks, Mixers",Bottlegreen Cordial Elderflower 500ml,500ml,£8.16/L,4.08,5.10,20% off
Waitrose Kentish Town,"Water, Soft Drinks, Mixers","Water, Soft Drinks, Mixers",Bottlegreen Ginger & Lemongrass Cordial 500ml,500ml,£8.16/L,4.08,5.10,20% off
Waitrose Kentish Town,"Water, Soft Drinks, Mixers","Water, Soft Drinks, Mixers",Bottlegreen Lime & Mint Cordial 500ml,500ml,£7.60/L,3.80,4.75,20% off
Waitrose Kentish Town,"Water, Soft Drinks, Mixers","Water, Soft Drinks, Mixers",Buxton Still Mineral Water 1.5L,1.5L,£1.10/L,1.65,,
Waitrose Kentish Town,"Water, Soft Drinks, Mixers","Water, Soft Drinks, Mixers",Buxton Still Mineral Water 1L,1L,£2.05/L,2.05,,
Waitrose Kentish Town,"Water, Soft Drinks, Mixers","Water, Soft Drinks, Mixers",Cellular Lime & Sea Salt Electrolyte Soda 330ml,330ml,£7.03/L,2.32,,
Waitrose Kentish Town,"Water, Soft Drinks, Mixers","Water, Soft Drinks, Mixers",Coca-Cola Classic 500ml,500ml,£4.60/L,2.30,,
Waitrose Kentish Town,"Water, Soft Drinks, Mixers","Water, Soft Drinks, Mixers",Coca-Cola Coke 1.75L,1.75L,£1.74/L,3.05,,
Waitrose Kentish Town,"Water, Soft Drinks, Mixers","Water, Soft Drinks, Mixers",Coca-Cola Coke Zero 8x330ml,2.64L,£1.79/L,4.72,5.90,20% off
Waitrose Kentish Town,"Water, Soft Drinks, Mixers","Water, Soft Drinks, Mixers",Coca-Cola Coke Zero Sugar Bottle 2L,2L,£1.48/L,2.95,,
Waitrose Kentish Town,"Water, Soft Drinks, Mixers","Water, Soft Drinks, Mixers",Coca-Cola Original Taste 8x330ml,2.64L,£2.18/L,5.75,,
Waitrose Kentish Town,"Water, Soft Drinks, Mixers","Water, Soft Drinks, Mixers",Coca-Cola Zero 500ml,500ml,£4.30/L,2.15,,
Waitrose Kentish Town,"Water, Soft Drinks, Mixers","Water, Soft Drinks, Mixers",Coke Zero Sugar Cola Drink 330ml,330ml,£4.85/L,1.60,,
Waitrose Kentish Town,"Water, Soft Drinks, Mixers","Water, Soft Drinks, Mixers",Dash Lime Sparkling Water 4x330ml,1.32L,£2.70/L,3.57,5.10,30% off
Waitrose Kentish Town,"Water, Soft Drinks, Mixers","Water, Soft Drinks, Mixers",Dash Peach Sparkling Water 4x330ml,1.32L,£2.70/L,3.57,5.10,30% off
Waitrose Kentish Town,"Water, Soft Drinks, Mixers","Water, Soft Drinks, Mixers",Dash Water Raspberry Infused Sparkling Water 4x330ml,1.32L,£2.70/L,3.57,5.10,30% off
Waitrose Kentish Town,"Water, Soft Drinks, Mixers","Water, Soft Drinks, Mixers",Diet Coke 330ml,330ml,£4.85/L,1.60,,
Waitrose Kentish Town,"Water, Soft Drinks, Mixers","Water, Soft Drinks, Mixers",Diet Coke 8x330ml,2.64L,£1.82/L,4.80,6.00,20% off
Waitrose Kentish Town,"Water, Soft Drinks, Mixers","Water, Soft Drinks, Mixers",Diet Coke Cola 2L,2L,£1.50/L,3.00,,
Waitrose Kentish Town,"Water, Soft Drinks, Mixers","Water, Soft Drinks, Mixers",Dot Dot Bubble Tea - Mango Passionfruit Bubble Tea Multipack - 4 x 250ml,1L,£12.50/L,12.50,,
Waitrose Kentish Town,"Water, Soft Drinks, Mixers","Water, Soft Drinks, Mixers",Dot Dot Cold Brew Americano Bubble Coffee 250ml,250ml,£14.00/L,3.50,,
Waitrose Kentish Town,"Water, Soft Drinks, Mixers","Water, Soft Drinks, Mixers",Dot Dot Lychee Rose Bubble Tea 250ml,250ml,£14.00/L,3.50,,
Waitrose Kentish Town,"Water, Soft Drinks, Mixers","Water, Soft Drinks, Mixers",Dot Dot Yuzu Lemon Bubble Tea 250ml,250ml,£14.00/L,3.50,,
Waitrose Kentish Town,"Water, Soft Drinks, Mixers","Water, Soft Drinks, Mixers",Dr Pepper Cola 500ml,500ml,£4.60/L,2.30,,
Waitrose Kentish Town,"Water, Soft Drinks, Mixers","Water, Soft Drinks, Mixers",Equinox Organic Kombucha Raspberry & Elderflower 275ml,275ml,£9.45/L,2.60,,
Waitrose Kentish Town,"Water, Soft Drinks, Mixers","Water, Soft Drinks, Mixers",Evian Still Mineral Water 1.5l,1.5L,£1.13/L,1.70,,2 for £3
Waitrose Kentish Town,"Water, Soft Drinks, Mixers","Water, Soft Drinks, Mixers",Evian Still Mineral Water 6 x 500ml,3L,£1.07/L,3.20,,
Waitrose Kentish Town,"Water, Soft Drinks, Mixers","Water, Soft Drinks, Mixers",Evian Still Water Sports Cap 75cl,750ml,£2.80/L,2.10,,
Waitrose Kentish Town,"Water, Soft Drinks, Mixers","Water, Soft Drinks, Mixers",Fanta Fruit Twist Drink 500ml,500ml,£4.60/L,2.30,,
Waitrose Kentish Town,"Water, Soft Drinks, Mixers","Water, Soft Drinks, Mixers",Fanta Orange Zero 2L,2L,£1.35/L,2.70,,
Waitrose Kentish Town,"Water, Soft Drinks, Mixers","Water, Soft Drinks, Mixers",Fanta Orange Zero 8x330ml,2.64L,£1.68/L,4.44,5.55,20% off
Waitrose Kentish Town,"Water, Soft Drinks, Mixers","Water, Soft Drinks, Mixers",Fanta Orange Zero Bottle 500ml,500ml,£4.50/L,2.25,,
Waitrose Kentish Town,"Water, Soft Drinks, Mixers","Water, Soft Drinks, Mixers",Fentiman Ginger Beer 750ml,750ml,£4.00/L,3.00,4.00,25% off
Waitrose Kentish Town,"Water, Soft Drinks, Mixers","Water, Soft Drinks, Mixers",Fentimans Rose Lemonade 750ml,750ml,£4.11/L,3.08,4.10,25% off
Waitrose Kentish Town,"Water, Soft Drinks, Mixers","Water, Soft Drinks, Mixers",Fever-Tree Indian Tonic Water 500ml,500ml,£4.60/L,2.30,2.70,15% off
Waitrose Kentish Town,"Water, Soft Drinks, Mixers","Water, Soft Drinks, Mixers",Fever-Tree Indian Tonic Water 8x150ml,1.2L,£5.13/L,6.15,,
Waitrose Kentish Town,"Water, Soft Drinks, Mixers","Water, Soft Drinks, Mixers",Fever-Tree Light Elderflower Tonic Water 8x150ml,1.2L,£4.92/L,5.90,,
Waitrose Kentish Town,"Water, Soft Drinks, Mixers","Water, Soft Drinks, Mixers",Fever-Tree Light Ginger Ale 500ml,500ml,£5.30/L,2.65,,
Waitrose Kentish Town,"Water, Soft Drinks, Mixers","Water, Soft Drinks, Mixers",Fever-Tree Light Indian Tonic Water 500ml,500ml,£4.90/L,2.45,,
Waitrose Kentish Town,"Water, Soft Drinks, Mixers","Water, Soft Drinks, Mixers",Fever-Tree Mediterranean Tonic Water 500ml,500ml,£4.60/L,2.30,2.70,15% off
Waitrose Kentish Town,"Water, Soft Drinks, Mixers","Water, Soft Drinks, Mixers",Fever-Tree Mexican Lime Soda 500ml,500ml,£5.40/L,2.70,,
Waitrose Kentish Town,"Water, Soft Drinks, Mixers","Water, Soft Drinks, Mixers",Fever-Tree Refreshingly Light Elderflower Tonic 500ml,500ml,£5.30/L,2.65,,
Waitrose Kentish Town,"Water, Soft Drinks, Mixers","Water, Soft Drinks, Mixers",Fever-Tree Refreshingly Light Mediterranean Tonic 8x150ml,1.2L,£4.79/L,5.75,,
Waitrose Kentish Town,"Water, Soft Drinks, Mixers","Water, Soft Drinks, Mixers",Fever-Tree Refreshingly Light Rhubarb & Raspberry 500ml,500ml,£5.30/L,2.65,,
Waitrose Kentish Town,"Water, Soft Drinks, Mixers","Water, Soft Drinks, Mixers",Fever-Tree Refreshingly Light Sicilian Lemonade 500ml,500ml,£5.30/L,2.65,,
Waitrose Kentish Town,"Water, Soft Drinks, Mixers","Water, Soft Drinks, Mixers",Fever-Tree Refreshingly Light Tonic Water 8x150ml,1.2L,£4.79/L,5.75,,
Waitrose Kentish Town,"Water, Soft Drinks, Mixers","Water, Soft Drinks, Mixers",Highland Spring Sparkling Water 1.5L,1.5L,£1.03/L,1.55,,
Waitrose Kentish Town,"Water, Soft Drinks, Mixers","Water, Soft Drinks, Mixers",Highland Spring Still Water 1.5L,1.5L,£0.83/L,1.25,,
Waitrose Kentish Town,"Water, Soft Drinks, Mixers","Water, Soft Drinks, Mixers",Hip Pop Sparkling Ginger & Turmeric Drink Cans 4x330ml,1.32L,£3.67/L,4.84,6.05,20% off
Waitrose Kentish Town,"Water, Soft Drinks, Mixers","Water, Soft Drinks, Mixers",Hip Pop Sparkling Tropical Peach Drink Cans 4x330ml,1.32L,£3.67/L,4.84,6.05,20% off
Waitrose Kentish Town,"Water, Soft Drinks, Mixers","Water, Soft Drinks, Mixers",Huel Banana Complete Meal Drink 500ml,500ml,£8.30/L,4.15,,
Waitrose Kentish Town,"Water, Soft Drinks, Mixers","Water, Soft Drinks, Mixers",Huel Chocolate Complete Meal Drink 500ml,500ml,£8.00/L,4.00,,
Waitrose Kentish Town,"Water, Soft Drinks, Mixers","Water, Soft Drinks, Mixers",Huel Vanilla Complete Meal Drink 500ml,500ml,£8.00/L,4.00,,
Waitrose Kentish Town,"Water, Soft Drinks, Mixers","Water, Soft Drinks, Mixers",Jimmy's Iced Coffee Original 250ml,250ml,£8.00/L,2.00,,
Waitrose Kentish Town,"Water, Soft Drinks, Mixers","Water, Soft Drinks, Mixers",Jimmy's Iced Coffee Original 250ml,250ml,£8.20/L,2.05,,
Waitrose Kentish Town,"Water, Soft Drinks, Mixers","Water, Soft Drinks, Mixers",Jimmy's Oat Iced Coffee 250ml,250ml,£7.40/L,1.85,,
Waitrose Kentish Town,"Water, Soft Drinks, Mixers","Water, Soft Drinks, Mixers",KAYTEA Jasmine Grapefruit 330ml,330ml,£6.03/L,1.99,,
Waitrose Kentish Town,"Water, Soft Drinks, Mixers","Water, Soft Drinks, Mixers",KAYTEA Mango Yuzu 330ml,330ml,£6.03/L,1.99,,
Waitrose Kentish Town,"Water, Soft Drinks, Mixers","Water, Soft Drinks, Mixers",Lipton Lemon Ice Tea Drink 500ml,500ml,£4.60/L,2.30,,
Waitrose Kentish Town,"Water, Soft Drinks, Mixers","Water, Soft Drinks, Mixers",Lipton Peach Ice Tea 1.25litre,,,1.82,2.60,30% off
Waitrose Kentish Town,"Water, Soft Drinks, Mixers","Water, Soft Drinks, Mixers",Lipton Peach Ice Tea 500ml,500ml,£4.60/L,2.30,,
Waitrose Kentish Town,"Water, Soft Drinks, Mixers","Water, Soft Drinks, Mixers",Living Things Soda - Lemon & Ginger - 330ml,330ml,£7.27/L,2.40,,
Waitrose Kentish Town,"Water, Soft Drinks, Mixers","Water, Soft Drinks, Mixers",Living Things Soda - Watermelon & Lime - 330ml,330ml,£7.27/L,2.40,,
Waitrose Kentish Town,"Water, Soft Drinks, Mixers","Water, Soft Drinks, Mixers",Lost Sheep Coffee - Iced Coffee Caramel Latte - 250ml,250ml,£9.00/L,2.25,,
Waitrose Kentish Town,"Water, Soft Drinks, Mixers","Water, Soft Drinks, Mixers",Lost Sheep Coffee - Iced Coffee Latte - 250ml,250ml,£9.00/L,2.25,,
Waitrose Kentish Town,"Water, Soft Drinks, Mixers","Water, Soft Drinks, Mixers",Lost Sheep Coffee - Iced Coffee Mocha - 250ml,250ml,£9.00/L,2.25,,
Waitrose Kentish Town,"Water, Soft Drinks, Mixers","Water, Soft Drinks, Mixers",Lucozade Energy Orange 4x380ml,1.52L,£2.47/L,3.75,,
Waitrose Kentish Town,"Water, Soft Drinks, Mixers","Water, Soft Drinks, Mixers",Lucozade Energy Orange Drink 500ml,500ml,£4.20/L,2.10,,
Waitrose Kentish Town,"Water, Soft Drinks, Mixers","Water, Soft Drinks, Mixers",Lucozade Energy Original 4x380ml,1.52L,£2.47/L,3.75,,
Waitrose Kentish Town,"Water, Soft Drinks, Mixers","Water, Soft Drinks, Mixers",Lucozade Sport Orange 500ml,500ml,£4.60/L,2.30,,
Waitrose Kentish Town,"Water, Soft Drinks, Mixers","Water, Soft Drinks, Mixers",Lucozade Sport Orange Drink 4x500ml,2L,£2.38/L,4.75,,
Waitrose Kentish Town,"Water, Soft Drinks, Mixers","Water, Soft Drinks, Mixers",Lucozade Sport Raspberry 500ml,500ml,£4.60/L,2.30,,
Waitrose Kentish Town,"Water, Soft Drinks, Mixers","Water, Soft Drinks, Mixers",Lucozade Sport Raspberry Drink 4x500ml,2L,£2.73/L,5.45,,
Waitrose Kentish Town,"Water, Soft Drinks, Mixers","Water, Soft Drinks, Mixers",MOJU Fresh Root Ginger Shots Dosing Bottle 420ml,420ml,£16.43/L,6.90,,
Waitrose Kentish Town,"Water, Soft Drinks, Mixers","Water, Soft Drinks, Mixers",MOJU Ginger Shots Multipack 3x60ml,180ml,£28.89/L,5.20,,
Waitrose Kentish Town,"Water, Soft Drinks, Mixers","Water, Soft Drinks, Mixers",Match Indian Tonic Water 4x200ml,800ml,£12.38/L,9.90,,
Waitrose Kentish Town,"Water, Soft Drinks, Mixers","Water, Soft Drinks, Mixers",Mockingbird Raw Press Raw Hydration + Blend 750ml,750ml,£4.53/L,3.40,4.85,30% off
Waitrose Kentish Town,"Water, Soft Drinks, Mixers","Water, Soft Drinks, Mixers",Monster Energy Drink 500ml,500ml,£4.80/L,2.40,,
Waitrose Kentish Town,"Water, Soft Drinks, Mixers","Water, Soft Drinks, Mixers",Monster Energy Ultra (4 x 500ml),2L,£3.58/L,7.15,,
Waitrose Kentish Town,"Water, Soft Drinks, Mixers","Water, Soft Drinks, Mixers",Monster Energy Ultra Zero Sugar 500ml,500ml,£4.60/L,2.30,,
Waitrose Kentish Town,"Water, Soft Drinks, Mixers","Water, Soft Drinks, Mixers",Monster Mango Loco Energy Drink Can 500ml,500ml,£5.00/L,2.50,,
Waitrose Kentish Town,"Water, Soft Drinks, Mixers","Water, Soft Drinks, Mixers",Nolo - Caramel Swirl Decaf Cold Brew Coffee with Added Fibre - 250ml,250ml,£9.20/L,2.30,,
Waitrose Kentish Town,"Water, Soft Drinks, Mixers","Water, Soft Drinks, Mixers",Nuro Pink Citrush Energy Drink 250ml,250ml,£7.44/L,1.86,,
Waitrose Kentish Town,"Water, Soft Drinks, Mixers","Water, Soft Drinks, Mixers",OHMG Water Variety Pack 4 x 330ml,1.32L,£5.00/L,6.60,,
Waitrose Kentish Town,"Water, Soft Drinks, Mixers","Water, Soft Drinks, Mixers",Oasis Citrus Punch Bottle 500ml,500ml,£4.90/L,2.45,,
Waitrose Kentish Town,"Water, Soft Drinks, Mixers","Water, Soft Drinks, Mixers",Oasis Summer Fruits Bottle 500ml,500ml,£4.70/L,2.35,,
Waitrose Kentish Town,"Water, Soft Drinks, Mixers","Water, Soft Drinks, Mixers",Pepsi Cola 2L,2L,£1.53/L,3.05,,
Waitrose Kentish Town,"Water, Soft Drinks, Mixers","Water, Soft Drinks, Mixers",Pepsi Cola 8x330ml,2.64L,£1.89/L,5.00,6.25,20% off
Waitrose Kentish Town,"Water, Soft Drinks, Mixers","Water, Soft Drinks, Mixers",Pepsi Diet Cola 2L,2L,£1.40/L,2.80,,
Waitrose Kentish Town,"Water, Soft Drinks, Mixers","Water, Soft Drinks, Mixers",Pepsi Max 500ml,500ml,£4.30/L,2.15,,
Waitrose Kentish Town,"Water, Soft Drinks, Mixers","Water, Soft Drinks, Mixers",Pepsi Max Cherry 2litre,,,2.80,,
Waitrose Kentish Town,"Water, Soft Drinks, Mixers","Water, Soft Drinks, Mixers",Pepsi Max Cherry 500ml,500ml,£4.70/L,2.35,,
Waitrose Kentish Town,"Water, Soft Drinks, Mixers","Water, Soft Drinks, Mixers",Pepsi Max Cherry 8x330ml,2.64L,£1.99/L,5.25,,
Waitrose Kentish Town,"Water, Soft Drinks, Mixers","Water, Soft Drinks, Mixers",Pepsi Max No Sugar Cola Cans 8x330ml,2.64L,£2.10/L,5.55,,
Waitrose Kentish Town,"Water, Soft Drinks, Mixers","Water, Soft Drinks, Mixers",Pepsi Max No Sugar Cola Drink 2L,2L,£1.40/L,2.80,,
Waitrose Kentish Town,"Water, Soft Drinks, Mixers","Water, Soft Drinks, Mixers",PerfectTed Apple & Raspberry Natural Energy Drink  250ml,250ml,£9.20/L,2.30,,
Waitrose Kentish Town,"Water, Soft Drinks, Mixers","Water, Soft Drinks, Mixers",PerfectTed Strawberry Matcha Latte Dairy Free Drink 250ml,250ml,£9.20/L,2.30,,
Waitrose Kentish Town,"Water, Soft Drinks, Mixers","Water, Soft Drinks, Mixers",PerfectTed Vanilla Matcha Latte Dairy Free Drink 250ml,250ml,£9.20/L,2.30,,
Waitrose Kentish Town,"Water, Soft Drinks, Mixers","Water, Soft Drinks, Mixers",Phizz Mixed Berry 3-in-1 Hydration Tablets 20s,20pk,£0.28 each,5.50,,
Waitrose Kentish Town,"Water, Soft Drinks, Mixers","Water, Soft Drinks, Mixers",Red Bull Energy Drink (4 x 250ml),1L,£6.25/L,6.25,,
Waitrose Kentish Town,"Water, Soft Drinks, Mixers","Water, Soft Drinks, Mixers",Red Bull Energy Drink 250ml,250ml,£9.00/L,2.25,,
Waitrose Kentish Town,"Water, Soft Drinks, Mixers","Water, Soft Drinks, Mixers",Red Bull Energy Drink 473ml,473ml,£7.61/L,3.60,,
Waitrose Kentish Town,"Water, Soft Drinks, Mixers","Water, Soft Drinks, Mixers",Red Bull Sugar Free Energy Drink 250ml,250ml,£8.20/L,2.05,,
Waitrose Kentish Town,"Water, Soft Drinks, Mixers","Water, Soft Drinks, Mixers",Red Bull Sugar Free Energy Drink 4x250ml,1L,£4.65/L,4.65,6.20,25% off
Waitrose Kentish Town,"Water, Soft Drinks, Mixers","Water, Soft Drinks, Mixers",Ribena Blackcurrant 850ml,850ml,£3.12/L,2.65,,
Waitrose Kentish Town,"Water, Soft Drinks, Mixers","Water, Soft Drinks, Mixers",Ribena Light Blackcurrant 500ml,500ml,£4.20/L,2.10,,
Waitrose Kentish Town,"Water, Soft Drinks, Mixers","Water, Soft Drinks, Mixers",Robinson No Added Sugar Apple & Blackcurrant Squash 1l,1L,£2.25/L,2.25,,2 for £3.50
Waitrose Kentish Town,"Water, Soft Drinks, Mixers","Water, Soft Drinks, Mixers",Robinson No Added Sugar Lemon Squash 1l,1L,£2.25/L,2.25,,2 for £3.50
Waitrose Kentish Town,"Water, Soft Drinks, Mixers","Water, Soft Drinks, Mixers",Robinson No Added Sugar Summer Fruits Squash 1l,1L,£2.25/L,2.25,,2 for £3.50
Waitrose Kentish Town,"Water, Soft Drinks, Mixers","Water, Soft Drinks, Mixers",Robinsons Fruit Shoot Low Sugar Blackcurrant & Apple 4x200ml,800ml,£2.76/L,2.21,2.60,15% off
Waitrose Kentish Town,"Water, Soft Drinks, Mixers","Water, Soft Drinks, Mixers",Robinsons No Added Sugar Orange Squash 1l,1L,£2.25/L,2.25,,2 for £3.50
Waitrose Kentish Town,"Water, Soft Drinks, Mixers","Water, Soft Drinks, Mixers",San Pellegrino Aranciata Orange Drink 6x330ml,1.98L,£2.85/L,5.65,,
Waitrose Kentish Town,"Water, Soft Drinks, Mixers","Water, Soft Drinks, Mixers",San Pellegrino Aranciata Rossa  330ml,330ml,£5.15/L,1.70,,
Waitrose Kentish Town,"Water, Soft Drinks, Mixers","Water, Soft Drinks, Mixers",San Pellegrino Aranciata Rossa 6x330ml,1.98L,£2.93/L,5.80,,
Waitrose Kentish Town,"Water, Soft Drinks, Mixers","Water, Soft Drinks, Mixers",San Pellegrino Lemon Drink 330ml,330ml,£5.15/L,1.70,,
Waitrose Kentish Town,"Water, Soft Drinks, Mixers","Water, Soft Drinks, Mixers",San Pellegrino Lemon Drink 6x330ml,1.98L,£2.85/L,5.65,,
Waitrose Kentish Town,"Water, Soft Drinks, Mixers","Water, Soft Drinks, Mixers",San Pellegrino Melograno & Arancia 6x330ml,1.98L,£2.93/L,5.80,,
Waitrose Kentish Town,"Water, Soft Drinks, Mixers","Water, Soft Drinks, Mixers",San Pellegrino Sparkling Mineral Water 6x250ml,1.5L,£3.00/L,4.50,,
Waitrose Kentish Town,"Water, Soft Drinks, Mixers","Water, Soft Drinks, Mixers",San Pellegrino Sparkling Natural Mineral Water 1l,1L,£1.90/L,1.90,,
Waitrose Kentish Town,"Water, Soft Drinks, Mixers","Water, Soft Drinks, Mixers",San Pellegrino Sparkling Natural Mineral Water 500ml,500ml,£3.40/L,1.70,,
Waitrose Kentish Town,"Water, Soft Drinks, Mixers","Water, Soft Drinks, Mixers",San Pellegrino Sparkling Natural Mineral Water 750ml,750ml,£3.07/L,2.30,,
Waitrose Kentish Town,"Water, Soft Drinks, Mixers","Water, Soft Drinks, Mixers",Schweppes Ginger Ale 1L,,,1.83,2.15,15% off
Waitrose Kentish Town,"Water, Soft Drinks, Mixers","Water, Soft Drinks, Mixers",Schweppes Indian Tonic Water 1L,1L,£2.30/L,2.30,,
Waitrose Kentish Town,"Water, Soft Drinks, Mixers","Water, Soft Drinks, Mixers",Schweppes Lemonade 1 litre,,,1.85,,
Waitrose Kentish Town,"Water, Soft Drinks, Mixers","Water, Soft Drinks, Mixers",Schweppes Original Soda Water Bottle 1L,1L,£2.10/L,2.10,,3 for £3.50
Waitrose Kentish Town,"Water, Soft Drinks, Mixers","Water, Soft Drinks, Mixers",Schweppes Slimline Lemonade 1 litre,,,1.85,,
Waitrose Kentish Town,"Water, Soft Drinks, Mixers","Water, Soft Drinks, Mixers",Schweppes Slimline Tonic Water 1L,1L,£2.10/L,2.10,,3 for £3.50
Waitrose Kentish Town,"Water, Soft Drinks, Mixers","Water, Soft Drinks, Mixers",Shaken Udder Chocolush! Chocolate Milk Drink 750ml,750ml,£3.31/L,2.48,3.10,20% off
Waitrose Kentish Town,"Water, Soft Drinks, Mixers","Water, Soft Drinks, Mixers",Shloer Sparkling Drink Red Grape 750ml,750ml,£4.87/L,3.65,,
Waitrose Kentish Town,"Water, Soft Drinks, Mixers","Water, Soft Drinks, Mixers",Shloer Sparkling White Grape Juice Drink 750ml,750ml,£4.20/L,3.15,,
Waitrose Kentish Town,"Water, Soft Drinks, Mixers","Water, Soft Drinks, Mixers",Simplee Natural Aloe Vera Drink 1litre,,,3.40,,
Waitrose Kentish Town,"Water, Soft Drinks, Mixers","Water, Soft Drinks, Mixers",Sprite 8x330ml,2.64L,£1.51/L,3.98,5.30,25% off
Waitrose Kentish Town,"Water, Soft Drinks, Mixers","Water, Soft Drinks, Mixers",Sprite Lemonade 2L,2L,£1.35/L,2.70,,
Waitrose Kentish Town,"Water, Soft Drinks, Mixers","Water, Soft Drinks, Mixers",Sprite No Sugar 500ml,500ml,£4.40/L,2.20,,
Waitrose Kentish Town,"Water, Soft Drinks, Mixers","Water, Soft Drinks, Mixers",Sprite No Sugar 8x330ml,2.64L,£1.67/L,4.40,5.50,20% off
Waitrose Kentish Town,"Water, Soft Drinks, Mixers","Water, Soft Drinks, Mixers",Starbucks Caffe Latte Iced Coffee 220ml,220ml,£11.14/L,2.45,,
Waitrose Kentish Town,"Water, Soft Drinks, Mixers","Water, Soft Drinks, Mixers",Starbucks Skinny Latte Iced Coffee No Added Sugar 220ml,220ml,£11.14/L,2.45,,
Waitrose Kentish Town,"Water, Soft Drinks, Mixers","Water, Soft Drinks, Mixers",TRIP CBD Elderflower Mint Sparkling Drink 4x250ml,1L,£7.15/L,7.15,,
Waitrose Kentish Town,"Water, Soft Drinks, Mixers","Water, Soft Drinks, Mixers",TRIP CBD Peach Ginger Sparkling Drink 4x250ml,1L,£7.15/L,7.15,,
Waitrose Kentish Town,"Water, Soft Drinks, Mixers","Water, Soft Drinks, Mixers",The BerryCo White Tea Peach 1litre,,,3.10,,
Waitrose Kentish Town,"Water, Soft Drinks, Mixers","Water, Soft Drinks, Mixers",Vita Coco Organic Coconut Water 1L,1L,£5.80/L,5.80,,
Waitrose Kentish Town,"Water, Soft Drinks, Mixers","Water, Soft Drinks, Mixers",Vita Coco Pressed Coconut Water 1 litre,,,4.60,,
Waitrose Kentish Town,"Water, Soft Drinks, Mixers","Water, Soft Drinks, Mixers",Volvic Still Mineral Water 1.5L,1.5L,£0.93/L,1.40,,
Waitrose Kentish Town,"Water, Soft Drinks, Mixers","Water, Soft Drinks, Mixers",Volvic Touch Of Fruit Strawberry Sugar Free 750ml,750ml,£2.93/L,2.20,,
Waitrose Kentish Town,"Water, Soft Drinks, Mixers","Water, Soft Drinks, Mixers",Volvic Touch Of Fruit Sugar Free Strawberry Still Water 1.5L,1.5L,£0.93/L,1.40,1.65,15% off
Waitrose Kentish Town,"Water, Soft Drinks, Mixers","Water, Soft Drinks, Mixers",Volvic Touch of Fruit Lemon & Lime Still Water 1.5L,1.5L,£0.93/L,1.40,1.65,15% off
Waitrose Kentish Town,"Water, Soft Drinks, Mixers","Water, Soft Drinks, Mixers",Waitrose Apple & Elderflower Juice Squash 1L,1L,£2.25/L,2.25,,
Waitrose Kentish Town,"Water, Soft Drinks, Mixers","Water, Soft Drinks, Mixers",Waitrose Essential Carbonated Natural Mineral Water 2l,2L,£0.58/L,1.15,,
Waitrose Kentish Town,"Water, Soft Drinks, Mixers","Water, Soft Drinks, Mixers",Waitrose Essential Club Soda 1L,1L,£0.85/L,0.85,,
Waitrose Kentish Town,"Water, Soft Drinks, Mixers","Water, Soft Drinks, Mixers",Waitrose Essential Indian Tonic Water 1L,1L,£1.00/L,1.00,,
Waitrose Kentish Town,"Water, Soft Drinks, Mixers","Water, Soft Drinks, Mixers",Waitrose Essential Lemon Squash Juice 1.5L,1.5L,£1.10/L,1.65,,
Waitrose Kentish Town,"Water, Soft Drinks, Mixers","Water, Soft Drinks, Mixers",Waitrose Essential Orange Squash Juice 1.5L,1.5L,£1.13/L,1.70,,
Waitrose Kentish Town,"Water, Soft Drinks, Mixers","Water, Soft Drinks, Mixers",Waitrose Essential Sparkling Mineral Water 6x500ml,3L,£0.75/L,2.25,,
Waitrose Kentish Town,"Water, Soft Drinks, Mixers","Water, Soft Drinks, Mixers",Waitrose Essential Still Mineral Water 6x500ml,3L,£0.68/L,2.05,,
Waitrose Kentish Town,"Water, Soft Drinks, Mixers","Water, Soft Drinks, Mixers",Waitrose Essential Still Natural Mineral Water 2l,2L,£0.58/L,1.15,,
Waitrose Kentish Town,"Water, Soft Drinks, Mixers","Water, Soft Drinks, Mixers",Waitrose Essential Still Natural Mineral Water 500ml,500ml,£2.00/L,1.00,,
Waitrose Kentish Town,"Water, Soft Drinks, Mixers","Water, Soft Drinks, Mixers",Waitrose Essential Sugar Free Indian Tonic Water 1L,1L,£1.00/L,1.00,,
Waitrose Kentish Town,"Water, Soft Drinks, Mixers","Water, Soft Drinks, Mixers",Waitrose Essential Summer Fruits Squash Juice 1.5L,1.5L,£1.10/L,1.65,,
Waitrose Kentish Town,"Water, Soft Drinks, Mixers","Water, Soft Drinks, Mixers",Waitrose Ginger Beer 330ml,,,1.15,,
Waitrose Kentish Town,"Water, Soft Drinks, Mixers","Water, Soft Drinks, Mixers",Waitrose No Added Sugar Cloudy Lemonade 2L,2L,£0.63/L,1.25,,
Waitrose Kentish Town,"Water, Soft Drinks, Mixers","Water, Soft Drinks, Mixers",Waitrose No Added Sugar Lime Juice Cordial 1 litre,,,1.55,,
Waitrose Kentish Town,"Water, Soft Drinks, Mixers","Water, Soft Drinks, Mixers",Waitrose No.1 Deeside Sparkling Water 750ml,750ml,£2.33/L,1.75,,
Waitrose Kentish Town,"Water, Soft Drinks, Mixers","Water, Soft Drinks, Mixers",Waitrose No.1 Deeside Still Water 750ml,750ml,£2.33/L,1.75,,
Waitrose Kentish Town,"Water, Soft Drinks, Mixers","Water, Soft Drinks, Mixers",Waitrose No.1 Sparkling Elderflower Presse 750ml,750ml,£2.60/L,1.95,,
Waitrose Kentish Town,"Water, Soft Drinks, Mixers","Water, Soft Drinks, Mixers",Willy's ACV Apple Switchel 4x250ml,1L,£6.05/L,6.05,,
Waitrose Kentish Town,"Water, Soft Drinks, Mixers","Water, Soft Drinks, Mixers","Willys ACV - Sparkling Blackcurrant, Kombucha & ACV Drink - 250ml",250ml,£8.80/L,2.20,,
Waitrose Kentish Town,"Water, Soft Drinks, Mixers","Water, Soft Drinks, Mixers","Willys ACV - Sparkling Raspberry, Kombucha & ACV Drink - 250ml",250ml,£8.80/L,2.20,,
Waitrose Kentish Town,"Water, Soft Drinks, Mixers","Water, Soft Drinks, Mixers",XOXO Ginger & Lemon Prebiotic Soda 330ml,330ml,£6.67/L,2.20,,
Waitrose Kentish Town,"Water, Soft Drinks, Mixers","Water, Soft Drinks, Mixers",XOXO Lychee Prebiotic Soda 330ml,330ml,£6.67/L,2.20,,
Waitrose Kentish Town,"Water, Soft Drinks, Mixers","Water, Soft Drinks, Mixers",XOXO Orange Prebiotic Soda 330ml,330ml,£6.67/L,2.20,,
Waitrose Kentish Town,"Water, Soft Drinks, Mixers","Water, Soft Drinks, Mixers",XOXO Red Berries Prebiotic Soda 330ml,330ml,£6.67/L,2.20,,
Waitrose Kentish Town,"Water, Soft Drinks, Mixers","Water, Soft Drinks, Mixers",XOXO Watermelon Prebiotic Soda 330ml,330ml,£6.67/L,2.20,,
Waitrose Kentish Town,Wine & Sparkling,Delivered Chilled 🧊,La Gioiosa Amorosa Rose Sparkling Wine NV Brut 75cl,750ml,£16.80/L,12.60,,
Waitrose Kentish Town,Wine & Sparkling,Delivered Chilled 🧊,La Vieille Ferme Rose 75cl,750ml,£13.20/L,9.90,,
Waitrose Kentish Town,Wine & Sparkling,Delivered Chilled 🧊,Mirabeau en Provence Rose Wine 75cl,750ml,£22.40/L,16.80,,
Waitrose Kentish Town,Wine & Sparkling,Delivered Chilled 🧊,Picpoul De Pinet Les Canots White Wine 75cl,750ml,£16.13/L,12.10,,
Waitrose Kentish Town,Wine & Sparkling,Delivered Chilled 🧊,The Ned Sauvignon Blanc White Wine 75cl,750ml,£19.20/L,14.40,,
Waitrose Kentish Town,Wine & Sparkling,Delivered Chilled 🧊,Waitrose Blueprint New Zealand Sauvignon Blanc 75cl,750ml,£11.60/L,8.70,,
Waitrose Kentish Town,Wine & Sparkling,Delivered Chilled 🧊,Waitrose Cava Brut 75cl,750ml,£13.60/L,10.20,,
Waitrose Kentish Town,Wine & Sparkling,Delivered Chilled 🧊,Whispering Angel Rosé Wine 75cl,750ml,£43.87/L,32.90,,
Waitrose Kentish Town,Wine & Sparkling,Dessert & Fortified Wine,Taylor's Late Bottled Vintage Port 75cl,750ml,£33.20/L,24.90,,
Waitrose Kentish Town,Wine & Sparkling,Discover our Waitrose No.1 Range,Waitrose No.1 Barossa Shiraz 75cl,750ml,£20.53/L,15.40,,
Waitrose Kentish Town,Wine & Sparkling,Discover our Waitrose No.1 Range,Waitrose No.1 Riesling 75cl,750ml,£18.33/L,13.75,,
Waitrose Kentish Town,Wine & Sparkling,Discover our Waitrose No.1 Range,Waitrose No.1 Valpolicella Ripasso Classic 75cl,750ml,£23.47/L,17.60,,
Waitrose Kentish Town,Wine & Sparkling,Mulled Wine,Waitrose Mulled Wine Kit 21g,21g,£95.24/kg,2.00,,
Waitrose Kentish Town,Wine & Sparkling,Non & Low Alcohol,Belvoir Farm Hugo Spritz Mocktail 750ml,750ml,£5.33/L,4.00,,
Waitrose Kentish Town,Wine & Sparkling,Non & Low Alcohol,McGuigan Zero Sauvignon Blanc Alcohol Free Wine 75cl,750ml,£7.33/L,5.50,,
Waitrose Kentish Town,Wine & Sparkling,Non & Low Alcohol,Nozeco Sparkling White Alcohol-Free 75cl,750ml,£5.47/L,4.10,,
Waitrose Kentish Town,Wine & Sparkling,Non & Low Alcohol,Thomson & Scott Noughty Alcohol Free Sparkling Wine 75cl,750ml,£16.13/L,12.10,,
Waitrose Kentish Town,Wine & Sparkling,Non & Low Alcohol,Thomson & Scott Noughty Sparkling Rose Alcohol Free Wine 75cl,750ml,£16.13/L,12.10,,
Waitrose Kentish Town,Wine & Sparkling,Non & Low Alcohol,Waitrose No.1 Non-Alcoholic Sparkling Citrus Spritz 750ml,750ml,£4.07/L,3.05,,
Waitrose Kentish Town,Wine & Sparkling,"Prosecco, Champagne & Sparkling Wine",Bird in Hand Sparkling 75cl,750ml,£23.47/L,17.60,,
Waitrose Kentish Town,Wine & Sparkling,"Prosecco, Champagne & Sparkling Wine",Bollinger Special Cuvée Brut NV Champagne 75cl,750ml,£88.00/L,66.00,,
Waitrose Kentish Town,Wine & Sparkling,"Prosecco, Champagne & Sparkling Wine",Canti Prosecco DOC Millesimato Sparkling Wine 75ml,75ml,£132.00/L,9.90,,
Waitrose Kentish Town,Wine & Sparkling,"Prosecco, Champagne & Sparkling Wine",Charles Lecouvey Champagne Brut NV 75cl,750ml,£44.00/L,33.00,,
Waitrose Kentish Town,Wine & Sparkling,"Prosecco, Champagne & Sparkling Wine",Cuvee Royale Brut Cremant de Limoux Sparkling Wine 75cl,750ml,£22.40/L,16.80,,
Waitrose Kentish Town,Wine & Sparkling,"Prosecco, Champagne & Sparkling Wine",Diddly Squat - Le Pop' Sparkling Wine 12% ABV - 750ml,750ml,£72.47/L,54.35,,
Waitrose Kentish Town,Wine & Sparkling,"Prosecco, Champagne & Sparkling Wine",Dom Perignon Vintage Champagne 75cl,750ml,£308.00/L,231.00,,
Waitrose Kentish Town,Wine & Sparkling,"Prosecco, Champagne & Sparkling Wine",Freixenet Cordon Negro Brut Cava 20cl,200ml,£20.25/L,4.05,,
Waitrose Kentish Town,Wine & Sparkling,"Prosecco, Champagne & Sparkling Wine",La Gioiosa Amorosa Rose Sparkling Wine NV Brut 75cl,750ml,£16.80/L,12.60,,
Waitrose Kentish Town,Wine & Sparkling,"Prosecco, Champagne & Sparkling Wine",Laurent-Perrier Brut Champagne 75cl,750ml,£89.60/L,67.20,,
Waitrose Kentish Town,Wine & Sparkling,"Prosecco, Champagne & Sparkling Wine",Prince Alexandre Crémant de Loire 75cl,500ml,£37.20/L,18.60,,
Waitrose Kentish Town,Wine & Sparkling,"Prosecco, Champagne & Sparkling Wine",San Leo Nerello Mascalese Garganega Rosato Wine 75cl,750ml,£15.40/L,11.55,,
Waitrose Kentish Town,Wine & Sparkling,"Prosecco, Champagne & Sparkling Wine",Tapi Marlborough Sparkling Cuvée Brut NV 75cl,750ml,£29.33/L,22.00,,
Waitrose Kentish Town,Wine & Sparkling,"Prosecco, Champagne & Sparkling Wine",Veuve Clicquot Ponsardin Brut Champagne 75cl,750ml,£88.33/L,66.25,,
Waitrose Kentish Town,Wine & Sparkling,"Prosecco, Champagne & Sparkling Wine",Waitrose Brut NV Champagne 37.5cl,375ml,£44.00/L,16.50,,
Waitrose Kentish Town,Wine & Sparkling,"Prosecco, Champagne & Sparkling Wine",Waitrose Cava Brut 75cl,750ml,£13.60/L,10.20,,
Waitrose Kentish Town,Wine & Sparkling,"Prosecco, Champagne & Sparkling Wine",Waitrose Leckford Estate Brut 75cl,750ml,£51.33/L,38.50,,
Waitrose Kentish Town,Wine & Sparkling,"Prosecco, Champagne & Sparkling Wine",Waitrose No.1 Castillo Perelada Cava Brut 75cl,750ml,£18.33/L,13.75,,
Waitrose Kentish Town,Wine & Sparkling,"Prosecco, Champagne & Sparkling Wine",Waitrose Prosecco 75cl,750ml,£13.33/L,10.00,,
Waitrose Kentish Town,Wine & Sparkling,Ready to Drink 🍸,Cloudy Bay Sauvignon Blanc 75cl,750ml,£36.20/L,27.15,,
Waitrose Kentish Town,Wine & Sparkling,Ready to Drink 🍸,Waitrose Brut NV Champagne 37.5cl,375ml,£44.00/L,16.50,,
Waitrose Kentish Town,Wine & Sparkling,Red Wine,Beaujolais Cuvee des Vignerons Red Wine 75cl,750ml,£16.80/L,12.60,,
Waitrose Kentish Town,Wine & Sparkling,Red Wine,Beronia Rioja Reserva Red Wine 75cl,750ml,£28.00/L,21.00,,
Waitrose Kentish Town,Wine & Sparkling,Red Wine,Campo Viejo Rioja Tempranillo Red Wine 75cl,750ml,£13.33/L,10.00,,
Waitrose Kentish Town,Wine & Sparkling,Red Wine,Casillero Del Diablo Cabernet Sauvignon Red Wine 75cl,750ml,£13.60/L,10.20,,
Waitrose Kentish Town,Wine & Sparkling,Red Wine,Château La Croix de Marbuzet Saint-Estèphe 75cl,750ml,£33.00/L,24.75,,
Waitrose Kentish Town,Wine & Sparkling,Red Wine,Croix des Coteaux Saint-Émilion AOC 75cl,750ml,£23.47/L,17.60,,
Waitrose Kentish Town,Wine & Sparkling,Red Wine,De Loach OFS California Pinot Noir Red Wine 750ml,,,16.50,,
Waitrose Kentish Town,Wine & Sparkling,Red Wine,Esprit de Puisseguin Saint-Émilion Red Wine 75cl,750ml,£24.00/L,18.00,,
Waitrose Kentish Town,Wine & Sparkling,Red Wine,Evans & Tate Wild Cape Cabernet Sauvignon 75cl,750ml,£17.60/L,13.20,,
Waitrose Kentish Town,Wine & Sparkling,Red Wine,Les Dauphins Cotes du Rhone Red Can 200ml,200ml,£15.00/L,3.00,,
Waitrose Kentish Town,Wine & Sparkling,Red Wine,Melini Chianti Classico Red Wine 75cl,750ml,£19.80/L,14.85,,
Waitrose Kentish Town,Wine & Sparkling,Red Wine,Melini Chianti Riserva 75cl,750ml,£15.73/L,11.80,,
Waitrose Kentish Town,Wine & Sparkling,Red Wine,Morellino di Scansano Riserva Roggiano 75cl,750ml,£20.53/L,15.40,,
Waitrose Kentish Town,Wine & Sparkling,Red Wine,Norton Coleccion Malbec Red Wine 75cl,750ml,£19.20/L,14.40,,
Waitrose Kentish Town,Wine & Sparkling,Red Wine,Norton Malbec Reserve Finca Agrelo 75cl,750ml,£25.67/L,19.25,,
Waitrose Kentish Town,Wine & Sparkling,Red Wine,Oxford Landing Shiraz Red Wine 75cl,750ml,£11.00/L,8.25,,
Waitrose Kentish Town,Wine & Sparkling,Red Wine,Terre di Faiano Primitivo Organico Red Wine 75cl,750ml,£18.40/L,13.80,,
Waitrose Kentish Town,Wine & Sparkling,Red Wine,The Whale Caller Shiraz Cab Sauv Red Wine 75cl,750ml,£11.00/L,8.25,,
Waitrose Kentish Town,Wine & Sparkling,Red Wine,Trivento Malbec Reserve Red Wine 75cl,750ml,£13.60/L,10.20,,
Waitrose Kentish Town,Wine & Sparkling,Red Wine,Villa Blanche Pinot Noir Red Wine 75cl,750ml,£15.73/L,11.80,,
Waitrose Kentish Town,Wine & Sparkling,Red Wine,Waitrose Blueprint Malbec 75cl,750ml,£11.73/L,8.80,,
Waitrose Kentish Town,Wine & Sparkling,Red Wine,Waitrose Chianti Red Wine 75cl,750ml,£13.60/L,10.20,,
Waitrose Kentish Town,Wine & Sparkling,Red Wine,Waitrose Loved & Found Touriga Franca 75cl,750ml,£13.93/L,10.45,,
Waitrose Kentish Town,Wine & Sparkling,Red Wine,Waitrose No.1 Barossa Shiraz 75cl,750ml,£20.53/L,15.40,,
Waitrose Kentish Town,Wine & Sparkling,Red Wine,Waitrose No.1 Gigondas 75cl,750ml,£35.20/L,26.40,,
Waitrose Kentish Town,Wine & Sparkling,Red Wine,Waitrose No.1 Malbec 75cl,750ml,£22.00/L,16.50,,
Waitrose Kentish Town,Wine & Sparkling,Red Wine,Waitrose No.1 Valpolicella Ripasso Classic 75cl,750ml,£23.47/L,17.60,,
Waitrose Kentish Town,Wine & Sparkling,Red Wine,Waitrose Rich and Intense Italian Red Wine 75cl,750ml,£9.53/L,7.15,,
Waitrose Kentish Town,Wine & Sparkling,Red Wine,Yellow Tail Shiraz Red Wine 75cl,750ml,£12.47/L,9.35,,
Waitrose Kentish Town,Wine & Sparkling,Rose Wine,Babylonstoren Mourvedre Rose 75cl,750ml,£26.40/L,19.80,,
Waitrose Kentish Town,Wine & Sparkling,Rose Wine,Esprit de Buganay Côtes de Provence Rosé Wine 75cl,750ml,£25.20/L,18.90,,
Waitrose Kentish Town,Wine & Sparkling,Rose Wine,G de Galoupet Rosé Wine 75cl,750ml,£33.33/L,25.00,,
Waitrose Kentish Town,Wine & Sparkling,Rose Wine,Italia Pinot Grigio Rosé Wine 75cl,750ml,£15.20/L,11.40,,
Waitrose Kentish Town,Wine & Sparkling,Rose Wine,La Vieille Ferme Rose 75cl,750ml,£13.20/L,9.90,,
Waitrose Kentish Town,Wine & Sparkling,Rose Wine,Le Bijou Rosé De Sophie Valrose Coteaux De Béziers 75cl,750ml,£18.40/L,13.80,,
Waitrose Kentish Town,Wine & Sparkling,Rose Wine,Mirabeau en Provence Rose Wine 75cl,750ml,£22.40/L,16.80,,
Waitrose Kentish Town,Wine & Sparkling,Rose Wine,Ultimate Provence Côtes de Provence Rosé Wine 75cl,750ml,£32.27/L,24.20,,
Waitrose Kentish Town,Wine & Sparkling,Rose Wine,Whispering Angel Rosé Wine 75cl,750ml,£43.87/L,32.90,,
Waitrose Kentish Town,Wine & Sparkling,White Wine,Alta Italia Pinot Grigio White Wine 75cl,750ml,£14.67/L,11.00,,
Waitrose Kentish Town,Wine & Sparkling,White Wine,Barefoot Pinot Grigio White Wine 75cl,750ml,£12.80/L,9.60,,
Waitrose Kentish Town,Wine & Sparkling,White Wine,Brancott Estate Sauvignon Blanc 75cl,750ml,£17.20/L,12.90,,
Waitrose Kentish Town,Wine & Sparkling,White Wine,Canaletto Pinot Grigio 75cl,750ml,£13.73/L,10.30,,
Waitrose Kentish Town,Wine & Sparkling,White Wine,Cape Mentelle Marri Chardonnay 75cl,750ml,£23.47/L,17.60,,
Waitrose Kentish Town,Wine & Sparkling,White Wine,Cave de Lugny Chardonnay Mâcon-Villages White Wine 75cl,750ml,£21.27/L,15.95,,
Waitrose Kentish Town,Wine & Sparkling,White Wine,Cloudy Bay Sauvignon Blanc 75cl,750ml,£36.20/L,27.15,,
Waitrose Kentish Town,Wine & Sparkling,White Wine,Colle del Sol Verdicchio dei Castelli di Jesi Classico 75cl,750ml,£14.67/L,11.00,,
Waitrose Kentish Town,Wine & Sparkling,White Wine,Dark Horse Chardonnay White Wine 75cl,750ml,£18.00/L,13.50,,
Waitrose Kentish Town,Wine & Sparkling,White Wine,Felsner Moosburgerin Grüner Veltliner 75cl,750ml,£20.93/L,15.70,,
Waitrose Kentish Town,Wine & Sparkling,White Wine,La Monetta Gavi White Wine 75cl,750ml,£24.00/L,18.00,,
Waitrose Kentish Town,Wine & Sparkling,White Wine,Laurent Miquel Nocturnes Viognier White Wine 75cl,750ml,£16.80/L,12.60,,
Waitrose Kentish Town,Wine & Sparkling,White Wine,Le Sablou Bergerac Sauvignon Blanc 75cl,750ml,£13.60/L,10.20,,
Waitrose Kentish Town,Wine & Sparkling,White Wine,Louis Latour White Burgundy 75cl,750ml,£27.87/L,20.90,,
Waitrose Kentish Town,Wine & Sparkling,White Wine,Luis Felipe Edwards Bin Series Sauvignon Blanc White Wine 75cl,750ml,£13.93/L,10.45,,
Waitrose Kentish Town,Wine & Sparkling,White Wine,Most Wanted Sauvignon Blanc White Wine Can 187ml,187ml,£17.65/L,3.30,,
Waitrose Kentish Town,Wine & Sparkling,White Wine,Oxford Landing Sauvignon Blanc White Wine 75cl,750ml,£12.00/L,9.00,,
Waitrose Kentish Town,Wine & Sparkling,White Wine,Picpoul De Pinet Les Canots White Wine 75cl,750ml,£16.13/L,12.10,,
Waitrose Kentish Town,Wine & Sparkling,White Wine,Roberto Sarotto Langhe Arneis 75cl,750ml,£26.40/L,19.80,,
Waitrose Kentish Town,Wine & Sparkling,White Wine,Rustenberg Chardonnay White Wine 75cl,750ml,£25.60/L,19.20,,
Waitrose Kentish Town,Wine & Sparkling,White Wine,Secret Cellar Pinot Grigio (75cl),750ml,£13.20/L,9.90,,
Waitrose Kentish Town,Wine & Sparkling,White Wine,Solefino Bianco Romagna 2024 75cl,750ml,£17.60/L,13.20,,
Waitrose Kentish Town,Wine & Sparkling,White Wine,The Ned Sauvignon Blanc White Wine 75cl,750ml,£19.20/L,14.40,,
Waitrose Kentish Town,Wine & Sparkling,White Wine,Tiki Ridge Sauvignon Blanc  White Wine 75cl,750ml,£17.60/L,13.20,,
Waitrose Kentish Town,Wine & Sparkling,White Wine,Villa Maria Private Bin Sauvignon Blanc 75cl,750ml,£18.00/L,13.50,,
Waitrose Kentish Town,Wine & Sparkling,White Wine,Waitrose Blueprint New Zealand Sauvignon Blanc 75cl,750ml,£11.60/L,8.70,,
Waitrose Kentish Town,Wine & Sparkling,White Wine,Waitrose Blueprint White Burgundy 37.5cl,750ml,£12.00/L,9.00,,
Waitrose Kentish Town,Wine & Sparkling,White Wine,Waitrose Crisp and Floral Italian White Wine 75cl,750ml,£7.93/L,5.95,,
Waitrose Kentish Town,Wine & Sparkling,White Wine,Waitrose Dry German Riesling White Wine 75cl,750ml,£10.00/L,7.50,,
Waitrose Kentish Town,Wine & Sparkling,White Wine,Waitrose Loved & Found Viorica White Wine 75cl,750ml,£13.93/L,10.45,,
Waitrose Kentish Town,Wine & Sparkling,White Wine,Waitrose Loved and Found Braucol White Wine 75cl,750ml,£13.93/L,10.45,,
Waitrose Kentish Town,Wine & Sparkling,White Wine,Waitrose No.1 Astrolabe Awatere Sauvignon 75cl,750ml,£17.60/L,13.20,,
Waitrose Kentish Town,Wine & Sparkling,White Wine,Waitrose No.1 Chablis 75cl,750ml,£18.93/L,14.20,,
Waitrose Kentish Town,Wine & Sparkling,White Wine,Waitrose No.1 La Val Albariño 75cl,750ml,£20.53/L,15.40,,
Waitrose Kentish Town,Wine & Sparkling,White Wine,Waitrose No.1 Riesling 75cl,750ml,£18.33/L,13.75,,
Waitrose Kentish Town,Wine & Sparkling,White Wine,Waitrose Pinot Grigio White Wine 75cl,750ml,£11.60/L,8.70,,
Waitrose Kentish Town,Wine & Sparkling,Wine & Sparkling,Alta Italia Pinot Grigio White Wine 75cl,750ml,£14.67/L,11.00,,
Waitrose Kentish Town,Wine & Sparkling,Wine & Sparkling,Babylonstoren Mourvedre Rose 75cl,750ml,£26.40/L,19.80,,
Waitrose Kentish Town,Wine & Sparkling,Wine & Sparkling,Barefoot Pinot Grigio White Wine 75cl,750ml,£12.80/L,9.60,,
Waitrose Kentish Town,Wine & Sparkling,Wine & Sparkling,Beaujolais Cuvee des Vignerons Red Wine 75cl,750ml,£16.80/L,12.60,,
Waitrose Kentish Town,Wine & Sparkling,Wine & Sparkling,Belvoir Farm Hugo Spritz Mocktail 750ml,750ml,£5.33/L,4.00,,
Waitrose Kentish Town,Wine & Sparkling,Wine & Sparkling,Beronia Rioja Reserva Red Wine 75cl,750ml,£28.00/L,21.00,,
Waitrose Kentish Town,Wine & Sparkling,Wine & Sparkling,Bird in Hand Sparkling 75cl,750ml,£23.47/L,17.60,,
Waitrose Kentish Town,Wine & Sparkling,Wine & Sparkling,Bollinger Special Cuvée Brut NV Champagne 75cl,750ml,£88.00/L,66.00,,
Waitrose Kentish Town,Wine & Sparkling,Wine & Sparkling,Brancott Estate Sauvignon Blanc 75cl,750ml,£17.20/L,12.90,,
Waitrose Kentish Town,Wine & Sparkling,Wine & Sparkling,Campo Viejo Rioja Tempranillo Red Wine 75cl,750ml,£13.33/L,10.00,,
Waitrose Kentish Town,Wine & Sparkling,Wine & Sparkling,Canaletto Pinot Grigio 75cl,750ml,£13.73/L,10.30,,
Waitrose Kentish Town,Wine & Sparkling,Wine & Sparkling,Canti Prosecco DOC Millesimato Sparkling Wine 75ml,75ml,£132.00/L,9.90,,
Waitrose Kentish Town,Wine & Sparkling,Wine & Sparkling,Cape Mentelle Marri Chardonnay 75cl,750ml,£23.47/L,17.60,,
Waitrose Kentish Town,Wine & Sparkling,Wine & Sparkling,Casillero Del Diablo Cabernet Sauvignon Red Wine 75cl,750ml,£13.60/L,10.20,,
Waitrose Kentish Town,Wine & Sparkling,Wine & Sparkling,Cave de Lugny Chardonnay Mâcon-Villages White Wine 75cl,750ml,£21.27/L,15.95,,
Waitrose Kentish Town,Wine & Sparkling,Wine & Sparkling,Charles Lecouvey Champagne Brut NV 75cl,750ml,£44.00/L,33.00,,
Waitrose Kentish Town,Wine & Sparkling,Wine & Sparkling,Château La Croix de Marbuzet Saint-Estèphe 75cl,750ml,£33.00/L,24.75,,
Waitrose Kentish Town,Wine & Sparkling,Wine & Sparkling,Cloudy Bay Sauvignon Blanc 75cl,750ml,£36.20/L,27.15,,
Waitrose Kentish Town,Wine & Sparkling,Wine & Sparkling,Colle del Sol Verdicchio dei Castelli di Jesi Classico 75cl,750ml,£14.67/L,11.00,,
Waitrose Kentish Town,Wine & Sparkling,Wine & Sparkling,Croix des Coteaux Saint-Émilion AOC 75cl,750ml,£23.47/L,17.60,,
Waitrose Kentish Town,Wine & Sparkling,Wine & Sparkling,Cuvee Royale Brut Cremant de Limoux Sparkling Wine 75cl,750ml,£22.40/L,16.80,,
Waitrose Kentish Town,Wine & Sparkling,Wine & Sparkling,Dark Horse Chardonnay White Wine 75cl,750ml,£18.00/L,13.50,,
Waitrose Kentish Town,Wine & Sparkling,Wine & Sparkling,De Loach OFS California Pinot Noir Red Wine 750ml,,,16.50,,
Waitrose Kentish Town,Wine & Sparkling,Wine & Sparkling,Diddly Squat - Le Pop' Sparkling Wine 12% ABV - 750ml,750ml,£72.47/L,54.35,,
Waitrose Kentish Town,Wine & Sparkling,Wine & Sparkling,Dom Perignon Vintage Champagne 75cl,750ml,£308.00/L,231.00,,
Waitrose Kentish Town,Wine & Sparkling,Wine & Sparkling,Esprit de Buganay Côtes de Provence Rosé Wine 75cl,750ml,£25.20/L,18.90,,
Waitrose Kentish Town,Wine & Sparkling,Wine & Sparkling,Esprit de Puisseguin Saint-Émilion Red Wine 75cl,750ml,£24.00/L,18.00,,
Waitrose Kentish Town,Wine & Sparkling,Wine & Sparkling,Evans & Tate Wild Cape Cabernet Sauvignon 75cl,750ml,£17.60/L,13.20,,
Waitrose Kentish Town,Wine & Sparkling,Wine & Sparkling,Felsner Moosburgerin Grüner Veltliner 75cl,750ml,£20.93/L,15.70,,
Waitrose Kentish Town,Wine & Sparkling,Wine & Sparkling,Freixenet Cordon Negro Brut Cava 20cl,200ml,£20.25/L,4.05,,
Waitrose Kentish Town,Wine & Sparkling,Wine & Sparkling,G de Galoupet Rosé Wine 75cl,750ml,£33.33/L,25.00,,
Waitrose Kentish Town,Wine & Sparkling,Wine & Sparkling,Italia Pinot Grigio Rosé Wine 75cl,750ml,£15.20/L,11.40,,
Waitrose Kentish Town,Wine & Sparkling,Wine & Sparkling,La Gioiosa Amorosa Rose Sparkling Wine NV Brut 75cl,750ml,£16.80/L,12.60,,
Waitrose Kentish Town,Wine & Sparkling,Wine & Sparkling,La Monetta Gavi White Wine 75cl,750ml,£24.00/L,18.00,,
Waitrose Kentish Town,Wine & Sparkling,Wine & Sparkling,La Vieille Ferme Rose 75cl,750ml,£13.20/L,9.90,,
Waitrose Kentish Town,Wine & Sparkling,Wine & Sparkling,Laurent Miquel Nocturnes Viognier White Wine 75cl,750ml,£16.80/L,12.60,,
Waitrose Kentish Town,Wine & Sparkling,Wine & Sparkling,Laurent-Perrier Brut Champagne 75cl,750ml,£89.60/L,67.20,,
Waitrose Kentish Town,Wine & Sparkling,Wine & Sparkling,Le Bijou Rosé De Sophie Valrose Coteaux De Béziers 75cl,750ml,£18.40/L,13.80,,
Waitrose Kentish Town,Wine & Sparkling,Wine & Sparkling,Le Sablou Bergerac Sauvignon Blanc 75cl,750ml,£13.60/L,10.20,,
Waitrose Kentish Town,Wine & Sparkling,Wine & Sparkling,Les Dauphins Cotes du Rhone Red Can 200ml,200ml,£15.00/L,3.00,,
Waitrose Kentish Town,Wine & Sparkling,Wine & Sparkling,Louis Latour White Burgundy 75cl,750ml,£27.87/L,20.90,,
Waitrose Kentish Town,Wine & Sparkling,Wine & Sparkling,Luis Felipe Edwards Bin Series Sauvignon Blanc White Wine 75cl,750ml,£13.93/L,10.45,,
Waitrose Kentish Town,Wine & Sparkling,Wine & Sparkling,McGuigan Zero Sauvignon Blanc Alcohol Free Wine 75cl,750ml,£7.33/L,5.50,,
Waitrose Kentish Town,Wine & Sparkling,Wine & Sparkling,Melini Chianti Classico Red Wine 75cl,750ml,£19.80/L,14.85,,
Waitrose Kentish Town,Wine & Sparkling,Wine & Sparkling,Melini Chianti Riserva 75cl,750ml,£15.73/L,11.80,,
Waitrose Kentish Town,Wine & Sparkling,Wine & Sparkling,Mirabeau en Provence Rose Wine 75cl,750ml,£22.40/L,16.80,,
Waitrose Kentish Town,Wine & Sparkling,Wine & Sparkling,Morellino di Scansano Riserva Roggiano 75cl,750ml,£20.53/L,15.40,,
Waitrose Kentish Town,Wine & Sparkling,Wine & Sparkling,Most Wanted Sauvignon Blanc White Wine Can 187ml,187ml,£17.65/L,3.30,,
Waitrose Kentish Town,Wine & Sparkling,Wine & Sparkling,Norton Coleccion Malbec Red Wine 75cl,750ml,£19.20/L,14.40,,
Waitrose Kentish Town,Wine & Sparkling,Wine & Sparkling,Norton Malbec Reserve Finca Agrelo 75cl,750ml,£25.67/L,19.25,,
Waitrose Kentish Town,Wine & Sparkling,Wine & Sparkling,Nozeco Sparkling White Alcohol-Free 75cl,750ml,£5.47/L,4.10,,
Waitrose Kentish Town,Wine & Sparkling,Wine & Sparkling,Oxford Landing Sauvignon Blanc White Wine 75cl,750ml,£12.00/L,9.00,,
Waitrose Kentish Town,Wine & Sparkling,Wine & Sparkling,Oxford Landing Shiraz Red Wine 75cl,750ml,£11.00/L,8.25,,
Waitrose Kentish Town,Wine & Sparkling,Wine & Sparkling,Picpoul De Pinet Les Canots White Wine 75cl,750ml,£16.13/L,12.10,,
Waitrose Kentish Town,Wine & Sparkling,Wine & Sparkling,Prince Alexandre Crémant de Loire 75cl,500ml,£37.20/L,18.60,,
Waitrose Kentish Town,Wine & Sparkling,Wine & Sparkling,Roberto Sarotto Langhe Arneis 75cl,750ml,£26.40/L,19.80,,
Waitrose Kentish Town,Wine & Sparkling,Wine & Sparkling,Rustenberg Chardonnay White Wine 75cl,750ml,£25.60/L,19.20,,
Waitrose Kentish Town,Wine & Sparkling,Wine & Sparkling,San Leo Nerello Mascalese Garganega Rosato Wine 75cl,750ml,£15.40/L,11.55,,
Waitrose Kentish Town,Wine & Sparkling,Wine & Sparkling,Secret Cellar Pinot Grigio (75cl),750ml,£13.20/L,9.90,,
Waitrose Kentish Town,Wine & Sparkling,Wine & Sparkling,Solefino Bianco Romagna 2024 75cl,750ml,£17.60/L,13.20,,
Waitrose Kentish Town,Wine & Sparkling,Wine & Sparkling,Tapi Marlborough Sparkling Cuvée Brut NV 75cl,750ml,£29.33/L,22.00,,
Waitrose Kentish Town,Wine & Sparkling,Wine & Sparkling,Taylor's Late Bottled Vintage Port 75cl,750ml,£33.20/L,24.90,,
Waitrose Kentish Town,Wine & Sparkling,Wine & Sparkling,Terre di Faiano Primitivo Organico Red Wine 75cl,750ml,£18.40/L,13.80,,
Waitrose Kentish Town,Wine & Sparkling,Wine & Sparkling,The Ned Sauvignon Blanc White Wine 75cl,750ml,£19.20/L,14.40,,
Waitrose Kentish Town,Wine & Sparkling,Wine & Sparkling,The Whale Caller Shiraz Cab Sauv Red Wine 75cl,750ml,£11.00/L,8.25,,
Waitrose Kentish Town,Wine & Sparkling,Wine & Sparkling,Thomson & Scott Noughty Alcohol Free Sparkling Wine 75cl,750ml,£16.13/L,12.10,,
Waitrose Kentish Town,Wine & Sparkling,Wine & Sparkling,Thomson & Scott Noughty Sparkling Rose Alcohol Free Wine 75cl,750ml,£16.13/L,12.10,,
Waitrose Kentish Town,Wine & Sparkling,Wine & Sparkling,Tiki Ridge Sauvignon Blanc  White Wine 75cl,750ml,£17.60/L,13.20,,
Waitrose Kentish Town,Wine & Sparkling,Wine & Sparkling,Trivento Malbec Reserve Red Wine 75cl,750ml,£13.60/L,10.20,,
Waitrose Kentish Town,Wine & Sparkling,Wine & Sparkling,Ultimate Provence Côtes de Provence Rosé Wine 75cl,750ml,£32.27/L,24.20,,
Waitrose Kentish Town,Wine & Sparkling,Wine & Sparkling,Veuve Clicquot Ponsardin Brut Champagne 75cl,750ml,£88.33/L,66.25,,
Waitrose Kentish Town,Wine & Sparkling,Wine & Sparkling,Villa Blanche Pinot Noir Red Wine 75cl,750ml,£15.73/L,11.80,,
Waitrose Kentish Town,Wine & Sparkling,Wine & Sparkling,Villa Maria Private Bin Sauvignon Blanc 75cl,750ml,£18.00/L,13.50,,
Waitrose Kentish Town,Wine & Sparkling,Wine & Sparkling,Waitrose Blueprint Malbec 75cl,750ml,£11.73/L,8.80,,
Waitrose Kentish Town,Wine & Sparkling,Wine & Sparkling,Waitrose Blueprint New Zealand Sauvignon Blanc 75cl,750ml,£11.60/L,8.70,,
Waitrose Kentish Town,Wine & Sparkling,Wine & Sparkling,Waitrose Blueprint White Burgundy 37.5cl,750ml,£12.00/L,9.00,,
Waitrose Kentish Town,Wine & Sparkling,Wine & Sparkling,Waitrose Brut NV Champagne 37.5cl,375ml,£44.00/L,16.50,,
Waitrose Kentish Town,Wine & Sparkling,Wine & Sparkling,Waitrose Cava Brut 75cl,750ml,£13.60/L,10.20,,
Waitrose Kentish Town,Wine & Sparkling,Wine & Sparkling,Waitrose Chianti Red Wine 75cl,750ml,£13.60/L,10.20,,
Waitrose Kentish Town,Wine & Sparkling,Wine & Sparkling,Waitrose Crisp and Floral Italian White Wine 75cl,750ml,£7.93/L,5.95,,
Waitrose Kentish Town,Wine & Sparkling,Wine & Sparkling,Waitrose Dry German Riesling White Wine 75cl,750ml,£10.00/L,7.50,,
Waitrose Kentish Town,Wine & Sparkling,Wine & Sparkling,Waitrose Leckford Estate Brut 75cl,750ml,£51.33/L,38.50,,
Waitrose Kentish Town,Wine & Sparkling,Wine & Sparkling,Waitrose Loved & Found Touriga Franca 75cl,750ml,£13.93/L,10.45,,
Waitrose Kentish Town,Wine & Sparkling,Wine & Sparkling,Waitrose Loved & Found Viorica White Wine 75cl,750ml,£13.93/L,10.45,,
Waitrose Kentish Town,Wine & Sparkling,Wine & Sparkling,Waitrose Loved and Found Braucol White Wine 75cl,750ml,£13.93/L,10.45,,
Waitrose Kentish Town,Wine & Sparkling,Wine & Sparkling,Waitrose Mulled Wine Kit 21g,21g,£95.24/kg,2.00,,
Waitrose Kentish Town,Wine & Sparkling,Wine & Sparkling,Waitrose No.1 Astrolabe Awatere Sauvignon 75cl,750ml,£17.60/L,13.20,,
Waitrose Kentish Town,Wine & Sparkling,Wine & Sparkling,Waitrose No.1 Barossa Shiraz 75cl,750ml,£20.53/L,15.40,,
Waitrose Kentish Town,Wine & Sparkling,Wine & Sparkling,Waitrose No.1 Castillo Perelada Cava Brut 75cl,750ml,£18.33/L,13.75,,
Waitrose Kentish Town,Wine & Sparkling,Wine & Sparkling,Waitrose No.1 Chablis 75cl,750ml,£18.93/L,14.20,,
Waitrose Kentish Town,Wine & Sparkling,Wine & Sparkling,Waitrose No.1 Gigondas 75cl,750ml,£35.20/L,26.40,,
Waitrose Kentish Town,Wine & Sparkling,Wine & Sparkling,Waitrose No.1 La Val Albariño 75cl,750ml,£20.53/L,15.40,,
Waitrose Kentish Town,Wine & Sparkling,Wine & Sparkling,Waitrose No.1 Malbec 75cl,750ml,£22.00/L,16.50,,
Waitrose Kentish Town,Wine & Sparkling,Wine & Sparkling,Waitrose No.1 Non-Alcoholic Sparkling Citrus Spritz 750ml,750ml,£4.07/L,3.05,,
Waitrose Kentish Town,Wine & Sparkling,Wine & Sparkling,Waitrose No.1 Riesling 75cl,750ml,£18.33/L,13.75,,
Waitrose Kentish Town,Wine & Sparkling,Wine & Sparkling,Waitrose No.1 Valpolicella Ripasso Classic 75cl,750ml,£23.47/L,17.60,,
Waitrose Kentish Town,Wine & Sparkling,Wine & Sparkling,Waitrose Pinot Grigio White Wine 75cl,750ml,£11.60/L,8.70,,
Waitrose Kentish Town,Wine & Sparkling,Wine & Sparkling,Waitrose Prosecco 75cl,750ml,£13.33/L,10.00,,
Waitrose Kentish Town,Wine & Sparkling,Wine & Sparkling,Waitrose Rich and Intense Italian Red Wine 75cl,750ml,£9.53/L,7.15,,
Waitrose Kentish Town,Wine & Sparkling,Wine & Sparkling,Whispering Angel Rosé Wine 75cl,750ml,£43.87/L,32.90,,
Waitrose Kentish Town,Wine & Sparkling,Wine & Sparkling,Yellow Tail Shiraz Red Wine 75cl,750ml,£12.47/L,9.35,,
Waitrose Kentish Town,Yoghurt,Back To Routine,Petits Filous Strawberry & Raspberry Yogurt Pots 4x85g,340g,£5.88/kg,2.00,,
Waitrose Kentish Town,Yoghurt,Flavoured Yoghurts,Activia Strawberry Yogurts 4x115g,460g,£4.72/kg,2.17,3.10,30% off
Waitrose Kentish Town,Yoghurt,Flavoured Yoghurts,Bonne Maman Raspberry & Blackberry Yogurt 450g,450g,£7.33/kg,3.30,,
Waitrose Kentish Town,Yoghurt,Flavoured Yoghurts,Bonne Maman Rhubarb & Strawberry Yoghurt 450g,450g,£5.33/kg,2.40,3.20,25% off
Waitrose Kentish Town,Yoghurt,Flavoured Yoghurts,Grain Up Banana Bread Overnight Oats 300g,300g,£17.67/kg,5.30,,
Waitrose Kentish Town,Yoghurt,Flavoured Yoghurts,Grain Up Banana Bread Overnight Oats 60g,60g,£26.67/kg,1.60,,
Waitrose Kentish Town,Yoghurt,Flavoured Yoghurts,Grain Up Choconut Brownie Overnight Oats 300g,300g,£17.67/kg,5.30,,
Waitrose Kentish Town,Yoghurt,Flavoured Yoghurts,Lindahls Kvarg Vanilla Quark Yoghurt 150g,150g,£8.00/kg,1.20,1.50,20% off
Waitrose Kentish Town,Yoghurt,Flavoured Yoghurts,Muller Choc Digestive Dessert Yoghurt 124g,124g,£7.66/kg,0.95,,
Waitrose Kentish Town,Yoghurt,Flavoured Yoghurts,Müller Corner Vanilla Yogurt with Chocolate Balls 124g,,,1.00,,
Waitrose Kentish Town,Yoghurt,Flavoured Yoghurts,Rachel's Organic Greek Style Coconut Yogurt 450g,450g,£4.91/kg,2.21,2.60,15% off
Waitrose Kentish Town,Yoghurt,Flavoured Yoghurts,The Collective Dairy Mango Yoghurt 450g,450g,£6.89/kg,3.10,,
Waitrose Kentish Town,Yoghurt,Flavoured Yoghurts,Waitrose Protein Strawberry Yogurt 200g,200g,£6.50/kg,1.30,,
Waitrose Kentish Town,Yoghurt,Flavoured Yoghurts,Waitrose Protein Vanilla Yogurt 200g,200g,£6.50/kg,1.30,,
Waitrose Kentish Town,Yoghurt,Flavoured Yoghurts,Waitrose Protein Yogurt Natural 450g,450g,£4.89/kg,2.20,,
Waitrose Kentish Town,Yoghurt,Flavoured Yoghurts,Yeo Valley Organic Strawberry Yogurt 450g,450g,£5.56/kg,2.50,,
Waitrose Kentish Town,Yoghurt,Frozen,Waitrose Frozen Coconut Kefir Yogurt 480ml,480ml,£7.29/L,3.50,,
Waitrose Kentish Town,Yoghurt,Kids Yoghurts,Petits Filous Strawberry & Raspberry Yogurt Pots 4x85g,340g,£5.88/kg,2.00,,
Waitrose Kentish Town,Yoghurt,Kids Yoghurts,The Collective Dairy For Kids Strawberry Suckies Yoghurt 90g,90g,£11.11/kg,1.00,,
Waitrose Kentish Town,Yoghurt,Natural Yoghurts,Arla Skyr Simply Natural Yoghurt 450g,450g,£5.89/kg,2.65,,
Waitrose Kentish Town,Yoghurt,Natural Yoghurts,FAGE Total 0% Fat Yoghurt 450g,450g,£7.47/kg,3.36,3.95,15% off
Waitrose Kentish Town,Yoghurt,Natural Yoghurts,Fage Total 5% Fat Yoghurt 450g,450g,£8.78/kg,3.95,,
Waitrose Kentish Town,Yoghurt,Natural Yoghurts,Waitrose Essential Greek Style Yoghurt 500g,500g,£2.40/kg,1.20,,
Waitrose Kentish Town,Yoghurt,Natural Yoghurts,Waitrose No.1 Fat Free Natural Strained Greek Yogurt 500g,500g,£5.00/kg,2.50,,
Waitrose Kentish Town,Yoghurt,Natural Yoghurts,Waitrose No.1 Natural Strained Greek Yogurt 500g,500g,£5.00/kg,2.50,,
Waitrose Kentish Town,Yoghurt,Natural Yoghurts,Yeo Valley Organic Natural Kefir Yoghurt 350g,350g,£5.11/kg,1.79,2.10,15% off
Waitrose Kentish Town,Yoghurt,Natural Yoghurts,Yeo Valley Organic Natural Yogurt 450g,,,2.35,,
Waitrose Kentish Town,Yoghurt,Offers,Actimel Strawberry Yogurt Drink x12,12pk,£0.36 each,4.32,5.40,20% off
Waitrose Kentish Town,Yoghurt,Offers,Activia Strawberry Yogurts 4x115g,460g,£4.72/kg,2.17,3.10,30% off
Waitrose Kentish Town,Yoghurt,Offers,Bonne Maman Rhubarb & Strawberry Yoghurt 450g,450g,£5.33/kg,2.40,3.20,25% off
Waitrose Kentish Town,Yoghurt,Offers,FAGE Total 0% Fat Yoghurt 450g,450g,£7.47/kg,3.36,3.95,15% off
Waitrose Kentish Town,Yoghurt,Offers,Lindahls Kvarg Vanilla Quark Yoghurt 150g,150g,£8.00/kg,1.20,1.50,20% off
Waitrose Kentish Town,Yoghurt,Offers,Rachel's Organic Greek Style Coconut Yogurt 450g,450g,£4.91/kg,2.21,2.60,15% off
Waitrose Kentish Town,Yoghurt,Offers,Yeo Valley Organic Natural Kefir Yoghurt 350g,350g,£5.11/kg,1.79,2.10,15% off
Waitrose Kentish Town,Yoghurt,Yoghurt,Actimel Strawberry Yogurt Drink x12,12pk,£0.36 each,4.32,5.40,20% off
Waitrose Kentish Town,Yoghurt,Yoghurt,Activia Strawberry Yogurts 4x115g,460g,£4.72/kg,2.17,3.10,30% off
Waitrose Kentish Town,Yoghurt,Yoghurt,Agua de Madre Blood Orange Bitters Water Kefir 25cl,250ml,£11.40/L,2.85,,
Waitrose Kentish Town,Yoghurt,Yoghurt,Agua de Madre Lemon & Ginger Water Kefir 25cl,250ml,£11.40/L,2.85,,
Waitrose Kentish Town,Yoghurt,Yoghurt,Agua de Madre Pink Grapefruit & Lime Water Kefir 25cl,250ml,£11.40/L,2.85,,
Waitrose Kentish Town,Yoghurt,Yoghurt,Arla Skyr Simply Natural Yoghurt 450g,450g,£5.89/kg,2.65,,
Waitrose Kentish Town,Yoghurt,Yoghurt,Biotiful Natural Kefir Drink 500ml,500ml,£5.50/L,2.75,,
Waitrose Kentish Town,Yoghurt,Yoghurt,Bonne Maman Raspberry & Blackberry Yogurt 450g,450g,£7.33/kg,3.30,,
Waitrose Kentish Town,Yoghurt,Yoghurt,Bonne Maman Rhubarb & Strawberry Yoghurt 450g,450g,£5.33/kg,2.40,3.20,25% off
Waitrose Kentish Town,Yoghurt,Yoghurt,FAGE Total 0% Fat Yoghurt 450g,450g,£7.47/kg,3.36,3.95,15% off
Waitrose Kentish Town,Yoghurt,Yoghurt,Fage Total 5% Fat Yoghurt 450g,450g,£8.78/kg,3.95,,
Waitrose Kentish Town,Yoghurt,Yoghurt,Fix8 Raspberry Lemonade Kefir Water 4x250ml,1L,£6.00/L,6.00,,
Waitrose Kentish Town,Yoghurt,Yoghurt,Fix8 Water Kefir Peach & Mango 330ml,330ml,£8.64/L,2.85,,
Waitrose Kentish Town,Yoghurt,Yoghurt,Grain Up Banana Bread Overnight Oats 300g,300g,£17.67/kg,5.30,,
Waitrose Kentish Town,Yoghurt,Yoghurt,Grain Up Banana Bread Overnight Oats 60g,60g,£26.67/kg,1.60,,
Waitrose Kentish Town,Yoghurt,Yoghurt,Grain Up Choconut Brownie Overnight Oats 300g,300g,£17.67/kg,5.30,,
Waitrose Kentish Town,Yoghurt,Yoghurt,Lindahls Kvarg Vanilla Quark Yoghurt 150g,150g,£8.00/kg,1.20,1.50,20% off
Waitrose Kentish Town,Yoghurt,Yoghurt,Muller Choc Digestive Dessert Yoghurt 124g,124g,£7.66/kg,0.95,,
Waitrose Kentish Town,Yoghurt,Yoghurt,Müller Corner Vanilla Yogurt with Chocolate Balls 124g,,,1.00,,
Waitrose Kentish Town,Yoghurt,Yoghurt,Petits Filous Strawberry & Raspberry Yogurt Pots 4x85g,340g,£5.88/kg,2.00,,
Waitrose Kentish Town,Yoghurt,Yoghurt,Rachel's Organic Greek Style Coconut Yogurt 450g,450g,£4.91/kg,2.21,2.60,15% off
Waitrose Kentish Town,Yoghurt,Yoghurt,The Collective Dairy For Kids Strawberry Suckies Yoghurt 90g,90g,£11.11/kg,1.00,,
Waitrose Kentish Town,Yoghurt,Yoghurt,The Collective Dairy Mango Yoghurt 450g,450g,£6.89/kg,3.10,,
Waitrose Kentish Town,Yoghurt,Yoghurt,Waitrose Essential Greek Style Yoghurt 500g,500g,£2.40/kg,1.20,,
Waitrose Kentish Town,Yoghurt,Yoghurt,Waitrose Frozen Coconut Kefir Yogurt 480ml,480ml,£7.29/L,3.50,,
Waitrose Kentish Town,Yoghurt,Yoghurt,Waitrose No.1 Fat Free Natural Strained Greek Yogurt 500g,500g,£5.00/kg,2.50,,
Waitrose Kentish Town,Yoghurt,Yoghurt,Waitrose No.1 Natural Strained Greek Yogurt 500g,500g,£5.00/kg,2.50,,
Waitrose Kentish Town,Yoghurt,Yoghurt,Waitrose Protein Strawberry Yogurt 200g,200g,£6.50/kg,1.30,,
Waitrose Kentish Town,Yoghurt,Yoghurt,Waitrose Protein Vanilla Yogurt 200g,200g,£6.50/kg,1.30,,
Waitrose Kentish Town,Yoghurt,Yoghurt,Waitrose Protein Yogurt Natural 450g,450g,£4.89/kg,2.20,,
Waitrose Kentish Town,Yoghurt,Yoghurt,Yakult Original Yogurt Drink 8x65ml,520ml,£8.37/L,4.35,,
Waitrose Kentish Town,Yoghurt,Yoghurt,Yeo Valley Organic Natural Kefir Yoghurt 350g,350g,£5.11/kg,1.79,2.10,15% off
Waitrose Kentish Town,Yoghurt,Yoghurt,Yeo Valley Organic Natural Yogurt 450g,,,2.35,,
Waitrose Kentish Town,Yoghurt,Yoghurt,Yeo Valley Organic Strawberry Yogurt 450g,450g,£5.56/kg,2.50,,
Waitrose Kentish Town,Yoghurt,Yoghurt Drinks,Actimel Strawberry Yogurt Drink x12,12pk,£0.36 each,4.32,5.40,20% off
Waitrose Kentish Town,Yoghurt,Yoghurt Drinks,Agua de Madre Blood Orange Bitters Water Kefir 25cl,250ml,£11.40/L,2.85,,
Waitrose Kentish Town,Yoghurt,Yoghurt Drinks,Agua de Madre Lemon & Ginger Water Kefir 25cl,250ml,£11.40/L,2.85,,
Waitrose Kentish Town,Yoghurt,Yoghurt Drinks,Agua de Madre Pink Grapefruit & Lime Water Kefir 25cl,250ml,£11.40/L,2.85,,
Waitrose Kentish Town,Yoghurt,Yoghurt Drinks,Biotiful Natural Kefir Drink 500ml,500ml,£5.50/L,2.75,,
Waitrose Kentish Town,Yoghurt,Yoghurt Drinks,Fix8 Raspberry Lemonade Kefir Water 4x250ml,1L,£6.00/L,6.00,,
Waitrose Kentish Town,Yoghurt,Yoghurt Drinks,Fix8 Water Kefir Peach & Mango 330ml,330ml,£8.64/L,2.85,,
Waitrose Kentish Town,Yoghurt,Yoghurt Drinks,Waitrose Frozen Coconut Kefir Yogurt 480ml,480ml,£7.29/L,3.50,,
Waitrose Kentish Town,Yoghurt,Yoghurt Drinks,Yakult Original Yogurt Drink 8x65ml,520ml,£8.37/L,4.35,,
