store,category,subcategory,product_name,pack_size,unit_price,price_gbp,was_price_gbp,offer
Waitrose Barnet,Baby,Baby Milk,Aptamil 2 Follow On Milk 200ml,200ml,£8.00/L,1.60,,3 for £3.60
Waitrose Barnet,Baby,Baby Milk,Aptamil 2 Follow On Milk 800g,800g,£22.94/kg,18.35,,
Waitrose Barnet,Baby,Baby Milk,Aptamil 3 Toddler Milk Ready To Drink 200ml,200ml,£8.50/L,1.70,,
Waitrose Barnet,Baby,Baby Milk,Aptamil Advanced 1 First Infant Milk From Birth 4x200ml 4x200ml,800ml,£9.00/L,7.20,,
Waitrose Barnet,Baby,Baby Milk,Aptamil First Infant Milk From Birth Stage 1 800g,800g,£21.75/kg,17.40,,
Waitrose Barnet,Baby,"Food, Snacks & Drinks",Aptamil Multigrain Banana Cereal 200g,200g,£15.90/kg,3.18,5.30,40% off
Waitrose Barnet,Baby,Baby Toiletries,Aveeno Baby Dermexa Cream 150ml,150ml,£88.00/L,13.20,,
Waitrose Barnet,Baby,Baby Toiletries,Aveeno Baby Dermexa Wash 250ml,250ml,£47.80/L,11.95,,
Waitrose Barnet,Baby,Baby Toiletries,Aveeno Baby Gentle Bath & Wash 400ml,400ml,£25.50/L,10.20,,
Waitrose Barnet,Baby,Baby Toiletries,Aveeno Baby Hair & Body Wash 250ml,250ml,£35.20/L,8.80,,
Waitrose Barnet,Baby,Baby Toiletries,Aveeno Baby Moisturising Lotion 150ml,150ml,£58.67/L,8.80,,
Waitrose Barnet,Baby,Back to Routine 🎒,Bear Yo Yos Mango 5s,5pk,£0.47 each,2.34,3.60,35% off
Waitrose Barnet,Baby,Baby Toiletries,Bepanthen Nappy Ointment 100g,100g,£119.50/kg,11.95,,
Waitrose Barnet,Baby,Health,Bonjela Junior Gel for Mouth Ulcers 15g,15g,£420.00/kg,6.30,,
Waitrose Barnet,Baby,Baby Toiletries,Calendula Shampoo & Body Wash 400,400ml,£40.50/L,16.20,,
Waitrose Barnet,Baby,Health,Calpol Infant Paracetamol 2+Months 100ml,100ml,£47.50/L,4.75,,
Waitrose Barnet,Baby,Health,Calpol Six Plus Paracetamol Syringe 80ml,80ml,£58.75/L,4.70,,
Waitrose Barnet,Baby,Health,Calpol Sugar Free Infant 100ml,100ml,£47.00/L,4.70,,
Waitrose Barnet,Baby,"Food, Snacks & Drinks",Cerelac Wheat Mixed Fruits 400g,400g,£14.88/kg,5.95,,
Waitrose Barnet,Baby,Baby Toiletries,Childs Farm Baby Bubble Bath 250ml,250ml,£26.40/L,6.60,,
Waitrose Barnet,Baby,Baby Toiletries,Childs Farm Hair & Body Wash Blackberry & Apple 250ml,250ml,£28.80/L,7.20,,
Waitrose Barnet,Baby,Baby Toiletries,Childs Farm Hair & Body Wash Sweet Orange 500ml,500ml,£22.20/L,11.10,,
Waitrose Barnet,Baby,Baby Toiletries,Childs Farm Tangle Taming Conditioner Strawberry & Mint 250ml,250ml,£28.80/L,7.20,,
Waitrose Barnet,Baby,Baby Toiletries,Childs Farm Tangle Taming Shampoo Strawberry & Mint 250ml,250ml,£28.80/L,7.20,,
Waitrose Barnet,Baby,"Food, Snacks & Drinks",Cow & Gate Spaghetti Bolognese 12 Months + 230g,230g,£12.17/kg,2.80,,
Waitrose Barnet,Baby,"Food, Snacks & Drinks",Ella's Kitchen Banana Baby Brekkie 100g,100g,£18.00/kg,1.80,,
Waitrose Barnet,Baby,"Food, Snacks & Drinks",Ella's Kitchen Bananas & Coconuts 120g,120g,£15.00/kg,1.80,,
Waitrose Barnet,Baby,"Food, Snacks & Drinks",Ella's Kitchen Blueberries Apples + Bananas 120g,120g,£15.00/kg,1.80,,
Waitrose Barnet,Baby,"Food, Snacks & Drinks",Ella's Kitchen Chicken Casserole 190g,190g,£14.74/kg,2.80,,
Waitrose Barnet,Baby,"Food, Snacks & Drinks",Ella's Kitchen Chicken Mash 130g,130g,£18.08/kg,2.35,,5 for £9
Waitrose Barnet,Baby,"Food, Snacks & Drinks",Ella's Kitchen Organic Crispy Sticks Pesto 18m+ 22g,22g,£90.91/kg,2.00,,
Waitrose Barnet,Baby,"Food, Snacks & Drinks",Ella's Kitchen Organic Safari Crackers 18m+… 100g,100g,£30.00/kg,3.00,,
Waitrose Barnet,Baby,"Food, Snacks & Drinks",Ella's Kitchen Organic Sausage Pasta Bake 12m+ 200g,200g,£14.50/kg,2.90,,
Waitrose Barnet,Baby,"Food, Snacks & Drinks",Ella's Kitchen Organic Spaghetti Beefy Bolognese 12m+ 200g 200g,200g,£14.50/kg,2.90,,
Waitrose Barnet,Baby,"Food, Snacks & Drinks",Ella's Kitchen Organic Veggie Mac & Cheese 12m+ 200g,200g,£14.50/kg,2.90,,
Waitrose Barnet,Baby,"Food, Snacks & Drinks",Ella's Kitchen Puree Apples 70g,70g,£20.00/kg,1.40,,3 for £3.60
Waitrose Barnet,Baby,"Food, Snacks & Drinks",Ella's Kitchen Puree Mangoes 70g,70g,£20.00/kg,1.40,,3 for £3.60
Waitrose Barnet,Baby,"Food, Snacks & Drinks",Ella's Kitchen Puree Pears 70g,70g,£20.00/kg,1.40,,3 for £3.60
Waitrose Barnet,Baby,"Food, Snacks & Drinks",Ella's Kitchen Puree Prunes 70g,70g,£20.00/kg,1.40,,3 for £3.60
Waitrose Barnet,Baby,"Food, Snacks & Drinks",Ella's Kitchen Strawberries & Apple 120g,120g,£15.00/kg,1.80,,
Waitrose Barnet,Baby,"Food, Snacks & Drinks",Ella's Kitchen The Red One Squished Fruits 5x90g,450g,£9.51/kg,4.28,5.70,25% off
Waitrose Barnet,Baby,"Food, Snacks & Drinks",Ella's Organic Safari Crackers Carrot & Rosemary 18m+ 100g,100g,£30.00/kg,3.00,,
Waitrose Barnet,Baby,Baby Toiletries,Essential Oval Cosmetic Pads 50Each,1pk,£2.45 each,2.45,,
Waitrose Barnet,Baby,Baby Milk,HiPP 2 Organic Follow On Milk 200ml,200ml,£8.50/L,1.70,,
Waitrose Barnet,Baby,Baby Milk,HiPP Organic First Infant Milk From Birth Stage 1 200ml,200ml,£8.50/L,1.70,,
Waitrose Barnet,Baby,Nappies & Wipes,Huggies DryNites Bed Mats 7s,7pk,£1.37 each,9.60,,
Waitrose Barnet,Baby,Nappies & Wipes,Huggies DryNites Pyjama Pants Boy 4-7 yrs 10s,10pk,£0.68 each,6.80,,
Waitrose Barnet,Baby,Nappies & Wipes,Huggies DryNites Pyjama Pants Girl 4-7yrs 10s,10pk,£0.68 each,6.80,,
Waitrose Barnet,Baby,Nappies & Wipes,Huggies Little Swimmers Size 2-3 Swim nappies 12s,12pk,£0.55 each,6.60,,
Waitrose Barnet,Baby,Health,Infacol Simeticone Colic Relief 55ml,55ml,£137.27/L,7.55,,
Waitrose Barnet,Baby,Baby Toiletries,Johnson's Baby Shampoo 500ml,500ml,£6.30/L,3.15,4.20,25% off
Waitrose Barnet,Baby,Baby Toiletries,Johnson's Cotton Buds 200s,200pk,0.875p each,1.75,,
Waitrose Barnet,Baby,Baby Toiletries,Johnson's Natural Baby Powder 400g,400g,£9.65/kg,3.86,5.15,25% off
Waitrose Barnet,Baby,"Food, Snacks & Drinks",Kendamil Creamy Porridge 150g,150g,£20.67/kg,3.10,,
Waitrose Barnet,Baby,Baby Milk,Kendamil Follow On Milk Ready to Feed 250ml,250ml,£6.40/L,1.60,,
Waitrose Barnet,Baby,Baby Milk,Kendamil Organic Milk From Birth Stage 1 800g,800g,£22.50/kg,18.00,,
Waitrose Barnet,Baby,Baby Milk,Kendamil Organic Ready To Feed Stage 1 200ml,200ml,£7.75/L,1.55,,
Waitrose Barnet,Baby,Baby Milk,Kendamil Organic Ready To Feed Stage 2 200ml,200ml,£8.00/L,1.60,,
Waitrose Barnet,Baby,Baby Milk,Kendamil Ready To Feed First Infant Milk Stage 1 250ml,250ml,£6.00/L,1.50,,
Waitrose Barnet,Baby,"Food, Snacks & Drinks",Kiddylicious Fruity Bakes Strawberry 132g,132g,£27.27/kg,3.60,,
Waitrose Barnet,Baby,"Food, Snacks & Drinks",Kiddylicious Melts Strawberry & Banana 6g,6g,£200.00/kg,1.20,,
Waitrose Barnet,Baby,"Food, Snacks & Drinks",Kiddylicious Strawberry Smoothie Melts 4x6g,24g,£112.50/kg,2.70,3.60,25% off
Waitrose Barnet,Baby,"Food, Snacks & Drinks",Kiddylicious Strawberry Wriggles 12g,12g,£95.83/kg,1.15,,3 for £3
Waitrose Barnet,Baby,"Food, Snacks & Drinks",Kiddylicious Veggie Straws 12g,12g,£95.83/kg,1.15,,3 for £3
Waitrose Barnet,Baby,Feeding & Accessories,Lansinoh Breastmilk Storage Bags 25Each,25pk,£0.28 each,6.95,,
Waitrose Barnet,Baby,Feeding & Accessories,Lansinoh For HPa Lanolin 40ml,40ml,£375.00/L,15.00,,
Waitrose Barnet,Baby,Health,Mini Drops Multivitamin 50ml,50ml,£215.00/L,10.75,,
Waitrose Barnet,Baby,Nappies & Wipes,Naty BioEmbrace Nappies Size 3 (4-9KG) 30x1Each,30pk,£0.36 each,10.70,,
Waitrose Barnet,Baby,Health,Nurofen for Children Orange Liquid Ibuprofen 100ml,100ml,£61.00/L,6.10,,
Waitrose Barnet,Baby,"Food, Snacks & Drinks",Organix Apple Rice Cakes 40g,40g,£38.50/kg,1.54,2.05,25% off
Waitrose Barnet,Baby,"Food, Snacks & Drinks",Organix Apple Rice Cakes 4x18g,72g,£59.72/kg,4.30,,
Waitrose Barnet,Baby,"Food, Snacks & Drinks",Organix Carrot Cake Oaty Bars 6x23g,138g,£32.25/kg,4.45,,
Waitrose Barnet,Baby,"Food, Snacks & Drinks",Organix Gingerbread Men Toddler Snacks 135g,135g,£26.67/kg,3.60,,
Waitrose Barnet,Baby,"Food, Snacks & Drinks",Organix Gruffalo Cocoa & Vanilla Biscuits 5x20g,100g,£36.00/kg,3.60,,
Waitrose Barnet,Baby,"Food, Snacks & Drinks",Organix Jammie Monsters Biscuits 64g,64g,£56.25/kg,3.60,,
Waitrose Barnet,Baby,"Food, Snacks & Drinks",Organix Mini Cheese Crackers 4x20g,80g,£45.00/kg,3.60,,
Waitrose Barnet,Baby,"Food, Snacks & Drinks",Organix Plain Rice Cake Clouds 0.04Kg,40g,£51.25/kg,2.05,,
Waitrose Barnet,Baby,"Food, Snacks & Drinks",Organix Raspberry & Apple Soft Oaty Bars 6x23g,138g,£32.25/kg,4.45,,
Waitrose Barnet,Baby,"Food, Snacks & Drinks",Organix Summer Fruits Rice Cakes 40g,40g,£38.50/kg,1.54,2.05,25% off
Waitrose Barnet,Baby,Nappies & Wipes,Pampers Baby Dry Nappies Full Cut Taped Size 4 25Each,25pk,£0.27 each,6.72,9.60,30% off
Waitrose Barnet,Baby,Nappies & Wipes,"Pampers Baby Dry Nappy Pants Size 7, 16 Nappies, 17kg-19kg 16Each",18pk,£0.53 each,9.60,,
Waitrose Barnet,Baby,Nappies & Wipes,Pampers Baby-Dry 6 Extra Large 13-18kg 33s,33pk,£0.44 each,14.40,,3 for £25.20
Waitrose Barnet,Baby,Nappies & Wipes,"Pampers Baby-Dry Nappy Pants Size 5, 21 Nappies, 12-17kg 21Each",21pk,£0.46 each,9.60,,
Waitrose Barnet,Baby,Nappies & Wipes,Pampers Baby-Dry Pants Size 4 9-15kg 38s,38pk,£0.38 each,14.40,,3 for £25.20
Waitrose Barnet,Baby,Nappies & Wipes,Pampers Baby-Dry Pants Size 5 33s,33pk,£0.44 each,14.40,,3 for £25.20
Waitrose Barnet,Baby,Nappies & Wipes,Pampers Baby-Dry Pants Size 6 14-19kg 28s,28pk,£0.51 each,14.40,,3 for £25.20
Waitrose Barnet,Baby,Nappies & Wipes,Pampers Baby-Dry Size 4 9-14kg 44s,44pk,£0.33 each,14.40,,3 for £25.20
Waitrose Barnet,Baby,Nappies & Wipes,Pampers Baby-Dry Size 5 11-16kg 39s,39pk,£0.37 each,14.40,,3 for £25.20
Waitrose Barnet,Baby,Nappies & Wipes,Pampers Premium Protection New Baby Size 3 40Each,40pk,£0.29 each,11.40,,
Waitrose Barnet,Baby,Nappies & Wipes,Pampers Sensitive Baby Wipes 1 Pack 52s,52pk,£0.03 each,1.80,,
Waitrose Barnet,Baby,"Food, Snacks & Drinks","Piccolo Mini Blends Sweet Potato, Apple & Strawberry 4x90g",360g,£15.97/kg,5.75,,
Waitrose Barnet,Baby,"Food, Snacks & Drinks",Piccolo Organic Multigrain Twirls 4x15g,60g,£69.17/kg,4.15,,
Waitrose Barnet,Baby,"Food, Snacks & Drinks","Piccolo Sweet Potato, Apple & Beetroot 100g",100g,£21.00/kg,2.10,,
Waitrose Barnet,Baby,Nappies & Wipes,Waitrose 64 Fragrance Free Baby Wipes 64s,1pk,£1.30 each,1.30,,
Waitrose Barnet,Baby,Nappies & Wipes,Waitrose Mini Nappy Sacks 75s,1pk,£1.20 each,1.20,,
Waitrose Barnet,Baby,Nappies & Wipes,WaterWipes Soothing Clean Baby Wipes 60s 60Each,60pk,£0.07 each,4.20,,
Waitrose Barnet,Baby,Nappies & Wipes,Waterwipes Biodegradable 60s,60pk,£0.07 each,4.20,,
Waitrose Barnet,Baby,Baby Toiletries,Weleda Calendula Shampoo & Body Wash 200ml,200ml,£37.50/L,7.50,10.00,25% off
Waitrose Barnet,Baby,Health,Wellbaby Multi-Vitamin Liquid 150ml,150ml,£43.67/L,6.55,,
Waitrose Barnet,Baby,"Food, Snacks & Drinks",Yeo Valley Organic Little Yeos Blueberry & Banana Kids Yogurt Pouch 90g,90g,£13.33/kg,1.20,,
Waitrose Barnet,Bakery,Back to Routine 🎒,Bonne Maman 7 Madeleine Cakes 175g,175g,£14.86/kg,2.60,4.00,35% off
Waitrose Barnet,Bakery,Back to Routine 🎒,Deli Kitchen Plain Folded Flatbreads 6,6pk,£0.20 each,1.20,2.00,40% off
Waitrose Barnet,Bakery,Back to Routine 🎒,Fitzgeralds Multiseed & Cereal Bagel Slims 6s,1pk,£2.12 each,2.12,2.65,20% off
Waitrose Barnet,Bakery,Back to Routine 🎒,Fitzgeralds Sourdough Bagels 5s,1pk,£2.12 each,2.12,2.65,20% off
Waitrose Barnet,Bakery,Back to Routine 🎒,Hovis Seed Sensations Multiseeded Sliced Bread 800g,800g,£2.40/kg,1.92,2.40,20% off
Waitrose Barnet,Bakery,Back to Routine 🎒,Soreen 5 Lunchbox Loaves 150g,150g,£10.20/kg,1.53,2.35,35% off
Waitrose Barnet,Bakery,Back to Routine 🎒,Waitrose 4 Buttermilk Pancakes 4s,1pk,£2.35 each,2.35,,
Waitrose Barnet,Bakery,Small Cakes & Treats,5 Raspberry Jam Doughnuts 5s,1pk,£1.60 each,1.60,,
Waitrose Barnet,Bakery,"Wraps, Pittas & Naans",BFree Gluten Free High Protein Pittas 220g,220g,£19.09/kg,4.20,,
Waitrose Barnet,Bakery,Seasonal Bakery,Bakers Christmas Gift Box 458g,458g,£11.14/kg,5.10,,
Waitrose Barnet,Bakery,Bread,Bertinet Bakery Malted Wheat Sourdough Bread 500g,500g,£5.50/kg,2.75,,
Waitrose Barnet,Bakery,Bread,Bertinet Bakery Rustic Country White Sourdough Bread 500g,500g,£6.00/kg,3.00,,
Waitrose Barnet,Bakery,Bread,Bertinet Bakery Seeded Sourdough Bread 550g,550g,£5.45/kg,3.00,,
Waitrose Barnet,Bakery,Bread,Bertinet Bakery Seven Seeds & Grains Sourdough Bread 500g,500g,£6.00/kg,3.00,,
Waitrose Barnet,Bakery,Bread,Biona Organic Chia & Flax Seed Rye Bread 500g,500g,£7.20/kg,3.60,,
Waitrose Barnet,Bakery,Bread,Biona Organic Rye Bread 500g,500g,£7.20/kg,3.60,,
Waitrose Barnet,Bakery,Bread,Black Sheep Craft Bakery White Tiger Bloomer 800g,800g,£3.25/kg,2.60,,
Waitrose Barnet,Bakery,Small Cakes & Treats,Cadbury 10 Caramel Mini Rolls 10s,1pk,£5.10 each,5.10,,
Waitrose Barnet,Bakery,Small Cakes & Treats,Cadbury Crunchie Cake Bars 5s,5pk,£0.60 each,3.00,,
Waitrose Barnet,Bakery,Small Cakes & Treats,Cadbury Milk Chocolate Cake Bars 5s,5pk,£0.60 each,3.00,,
Waitrose Barnet,Bakery,Small Cakes & Treats,Cadbury Mini Rolls Milk Chocolate 10s,10pk,£0.51 each,5.10,,
Waitrose Barnet,Bakery,Savoury Pies,Charlie Bigham's Chicken & Mushroom Ceramic Pie 300g,300g,£26.00/kg,7.80,,2 for £14.40
Waitrose Barnet,Bakery,Savoury Pies,"Charlie Bigham's Chicken, Ham & Leek Full Pastry Pie 270g",270g,£24.44/kg,6.60,,2 for £10.80
Waitrose Barnet,Bakery,Savoury Pies,Charlie Bigham's Steak & Ale Ceramic Pie 300g,300g,£26.00/kg,7.80,,2 for £14.40
Waitrose Barnet,Bakery,Small Cakes & Treats,Cooks' Ingredients Mini Eton Mess Meringues 12s,1pk,£2.65 each,2.65,,
Waitrose Barnet,Bakery,Bread,Crosta & Mollica Pane Pugliese 400g,400g,£8.13/kg,3.25,,
Waitrose Barnet,Bakery,"Wraps, Pittas & Naans",Crosta & Mollica Piadina Flatbreads 3s,1pk,£2.60 each,2.60,,
Waitrose Barnet,Bakery,"Wraps, Pittas & Naans",Deli Kitchen 2 Persian Style Flatbreads 180g,180g,£6.50/kg,1.17,1.80,35% off
Waitrose Barnet,Bakery,Bread,Deli Kitchen 4 Sliced Focaccia 4s,1pk,£2.40 each,2.40,,
Waitrose Barnet,Bakery,"Wraps, Pittas & Naans",Elephant Atta Chapattis 360g,360g,£6.39/kg,2.30,,
Waitrose Barnet,Bakery,Buns & Rolls,Essential 4 White Sesame Seed Buns 4s,1pk,£1.20 each,1.20,,
Waitrose Barnet,Bakery,Small Cakes & Treats,Essential 5 Chocolate Chip Cake Bars 5s,1pk,£1.20 each,1.20,,
Waitrose Barnet,Bakery,Croissants & Breakfast,Essential Crumpets 8s 8s,1pk,£0.85 each,0.85,,
Waitrose Barnet,Bakery,Small Cakes & Treats,Essential Plain Fairy Cakes 12s,1pk,£2.10 each,2.10,,
Waitrose Barnet,Bakery,Croissants & Breakfast,Essential Scotch Pancakes 6s,1pk,£0.85 each,0.85,,
Waitrose Barnet,Bakery,Buns & Rolls,Essential White Floured Baps 6s,1pk,£1.20 each,1.20,,
Waitrose Barnet,Bakery,Buns & Rolls,Essential White Giant Baps 4s,1pk,£1.20 each,1.20,,
Waitrose Barnet,Bakery,Buns & Rolls,Essential Wholemeal Baps 6s,1pk,£1.20 each,1.20,,
Waitrose Barnet,Bakery,Buns & Rolls,Essential Wholemeal Giant Baps 4s,1pk,£1.20 each,1.20,,
Waitrose Barnet,Bakery,Small Cakes & Treats,Fiona Cairns 4 Buttercream Topped Cupcakes 4s,1pk,£8.75 each,8.75,,
Waitrose Barnet,Bakery,Small Cakes & Treats,Fiona Cairns 6 Chocolate Fairy Cakes 6s,6pk,£1.46 each,8.75,,
Waitrose Barnet,Bakery,Whole Cakes,Fiona Cairns Golden Sponge Pink Boutique Cake each,1pk,£24.00 each,24.00,,
Waitrose Barnet,Bakery,Whole Cakes,Fiona Cairns Lemon & Elderflower Loaf Cake each,1pk,£9.60 each,9.60,,
Waitrose Barnet,Bakery,Whole Cakes,Fiona Cairns Millionaire Loaf Cake 480g,480g,£20.00/kg,9.60,,
Waitrose Barnet,Bakery,Whole Cakes,Fiona Cairns Mini Pink Boutique Cake each,1pk,£10.80 each,10.80,,
Waitrose Barnet,Bakery,Whole Cakes,Fiona Cairns Raspberry & Pistachio Cake each,1pk,£24.00 each,24.00,,
Waitrose Barnet,Bakery,Bread,Fitzgeralds 2 Multiseed Baguettes 250g,250g,£10.00/kg,2.50,,
Waitrose Barnet,Bakery,Buns & Rolls,Fitzgeralds 4 Bake at Home Stonebaked Rustic Rolls 4s,1pk,£2.50 each,2.50,,
Waitrose Barnet,Bakery,Buns & Rolls,Fitzgeralds Multiseed & Cereal Bagels 5s,1pk,£2.12 each,2.12,2.65,20% off
Waitrose Barnet,Bakery,Bread,GAIL's Farmer's Brown Sourdough 750g,750g,£7.87/kg,5.90,,
Waitrose Barnet,Bakery,Bread,GAIL's Potato & Rosemary Sourdough 650g,650g,£9.77/kg,6.35,,
Waitrose Barnet,Bakery,Bread,GAIL's San Francisco Sourdough 650g,650g,£9.15/kg,5.95,,
Waitrose Barnet,Bakery,Bread,GAIL's Sourdough 650g,650g,£8.92/kg,5.80,,
Waitrose Barnet,Bakery,Buns & Rolls,Genius Gluten Free Brioche Burger Buns 2x70g,140g,£19.29/kg,2.70,,
Waitrose Barnet,Bakery,Croissants & Breakfast,Genius Gluten Free Crumpets 4s,4pk,£0.75 each,3.00,,
Waitrose Barnet,Bakery,"Wraps, Pittas & Naans",Gran Luchito 10 Mexican Soft Taco Wraps 300g,300g,£8.83/kg,2.65,,
Waitrose Barnet,Bakery,"Wraps, Pittas & Naans",Gran Luchito Burrito Wraps 360g,360g,£7.36/kg,2.65,,
Waitrose Barnet,Bakery,Scones & Teacakes,Higgidy Extra Mature Cheddar & Spring Onion Scone Bites 130g,130g,£33.85/kg,4.40,,
Waitrose Barnet,Bakery,Buns & Rolls,Hovis 4 Hot Dog Rolls 4s,4pk,£0.50 each,2.00,,
Waitrose Barnet,Bakery,Bread,Hovis Original Granary Medium Sliced Bread 800g,800g,£3.13/kg,2.50,,
Waitrose Barnet,Bakery,Bread,Hovis Original Granary Thick Sliced Bread 400g,400g,£3.88/kg,1.55,,
Waitrose Barnet,Bakery,Bread,Hovis Seed Sensations Multiseeded Sliced Bread 400g,400g,£3.88/kg,1.55,,
Waitrose Barnet,Bakery,Bread,Hovis Soft White Thick Sliced White Bread 800g,800g,£2.25/kg,1.80,,
Waitrose Barnet,Bakery,Bread,Hovis Wholemeal Medium Sliced Bread 800g,800g,£2.25/kg,1.80,,
Waitrose Barnet,Bakery,Bread,Hovis Wholemeal Thick Sliced Bread 800g,800g,£2.25/kg,1.80,,
Waitrose Barnet,Bakery,Buns & Rolls,Irwin's Together 4 Potato Slims 4s,1pk,£2.65 each,2.65,,
Waitrose Barnet,Bakery,Croissants & Breakfast,Irwin's Together Ancient Grain Muffins 4s,4pk,£0.48 each,1.90,,
Waitrose Barnet,Bakery,Bread,Irwin's Together Brown Soda Bread 400g,400g,£6.63/kg,2.65,,
Waitrose Barnet,Bakery,Scones & Teacakes,Irwin's Together Fruit Loaf 400g,400g,£7.00/kg,2.80,,
Waitrose Barnet,Bakery,Bread,Jacksons Multigrain Brown Bloomer 400g,400g,£5.00/kg,2.00,,
Waitrose Barnet,Bakery,Bread,Jacksons Multiseed Bloomer 800g,800g,£3.00/kg,2.40,,
Waitrose Barnet,Bakery,Bread,Jacksons Soft White Bloomer 800g,800g,£3.00/kg,2.40,,
Waitrose Barnet,Bakery,Bread,Jacksons Super Seeded Bloomer 800g,800g,£3.25/kg,2.60,,
Waitrose Barnet,Bakery,Buns & Rolls,Jason's Every Day Tiger Rolls 4s,1pk,£1.75 each,1.75,,
Waitrose Barnet,Bakery,Buns & Rolls,Jason's Every Day White Bread Rolls with Sourdough 4s,1pk,£2.10 each,2.10,,
Waitrose Barnet,Bakery,Bread,Jason's Sourdough Superb Sprouted Grains 450g,450g,£6.22/kg,2.80,,
Waitrose Barnet,Bakery,Bread,Jason's Sourdough The Great White 450g,450g,£8.00/kg,3.60,,
Waitrose Barnet,Bakery,Bread,Jason's Sourdough White Ciabattin 900g,900g,£4.44/kg,4.00,,
Waitrose Barnet,Bakery,Bread,Jason's Sourdough Wholemeal Ciabattin Bread 580g,580g,£4.83/kg,2.80,,
Waitrose Barnet,Bakery,Bread,Jason's White Sourdough 580g,580g,£5.69/kg,3.30,,
Waitrose Barnet,Bakery,Whole Cakes,Just Love Carrot Cake Each,1pk,£22.20 each,22.20,,
Waitrose Barnet,Bakery,Small Cakes & Treats,McVitie's Jaffa Cakes Original Triple Pack Biscuits 30s,30pk,£0.16 each,4.90,,
Waitrose Barnet,Bakery,"Crumbles, Sweet Pies & Tarts",Mr Kipling 4 Birthday Cake Tarts 4s,4pk,£0.75 each,3.00,,
Waitrose Barnet,Bakery,Small Cakes & Treats,Mr Kipling 8 Angel Slices 8s,8pk,£0.59 each,4.75,,
Waitrose Barnet,Bakery,Small Cakes & Treats,Mr Kipling Custard Whirls 4s,4pk,£0.60 each,2.40,,
Waitrose Barnet,Bakery,Small Cakes & Treats,Mr Kipling French Fancies 8s,8pk,£0.51 each,4.10,,
Waitrose Barnet,Bakery,Small Cakes & Treats,Mr Kipling Mini Battenbergs 5s,5pk,£0.72 each,3.60,,
Waitrose Barnet,Bakery,Small Cakes & Treats,Mr Kipling Viennese Whirls 6s,6pk,£0.44 each,2.63,3.50,25% off
Waitrose Barnet,Bakery,Small Cakes & Treats,Mrs Crimble's 6 Lemon French Madeleines 6x30g,180g,£19.44/kg,3.50,,
Waitrose Barnet,Bakery,Buns & Rolls,New York Bakery 5 Everything NYC Bagels 5s,1pk,£2.65 each,2.65,,
Waitrose Barnet,Bakery,Buns & Rolls,New York Bakery Fibre Plus Bagels MultiSeed & Grain 5s,1pk,£2.65 each,2.65,,
Waitrose Barnet,Bakery,Buns & Rolls,New York Bakery Gluten Free Original Bagels 4s,1pk,£3.90 each,3.90,,
Waitrose Barnet,Bakery,Buns & Rolls,New York Bakery Sesame Bagels 5s,1pk,£2.40 each,2.40,,
Waitrose Barnet,Bakery,Croissants & Breakfast,No.1 2 Brioche Rolls 2s,1pk,£2.40 each,2.40,,
Waitrose Barnet,Bakery,Croissants & Breakfast,No.1 2 Pains au Chocolat 2s,1pk,£3.30 each,3.30,,
Waitrose Barnet,Bakery,"Crumbles, Sweet Pies & Tarts",No.1 2 Sicilian Lemon Tarts 2x75g,150g,£40.00/kg,6.00,,
Waitrose Barnet,Bakery,Whole Cakes,No.1 Belgian Chocolate Torte 535g,535g,£16.82/kg,9.00,,
Waitrose Barnet,Bakery,"Crumbles, Sweet Pies & Tarts",No.1 Bramley Apple Danish Tart 520g,520g,£17.31/kg,9.00,,
Waitrose Barnet,Bakery,Whole Cakes,No.1 Chocolate Celebration Cake each,1pk,£24.00 each,24.00,,
Waitrose Barnet,Bakery,Small Cakes & Treats,No.1 Molten Salted Caramel Chocolate Brownie 400g,400g,£18.00/kg,7.20,,
Waitrose Barnet,Bakery,"Crumbles, Sweet Pies & Tarts",No.1 Morello Cherry & Almond Tart 390g,390g,£23.08/kg,9.00,,
Waitrose Barnet,Bakery,Bread,No.1 Rye and Wheat Dark Sourdough Bread 500g,500g,£6.00/kg,3.00,,
Waitrose Barnet,Bakery,Savoury Pies,No.1 Slow Cooked Steak & Red Wine Pie 500g,500g,£21.60/kg,10.80,,
Waitrose Barnet,Bakery,Bread,No.1 Spelt Sourdough Bread 500g,500g,£6.00/kg,3.00,,
Waitrose Barnet,Bakery,Whole Cakes,No.1 Victoria Sponge each,1pk,£7.80 each,7.80,,
Waitrose Barnet,Bakery,Bread,No.1 Wheat & Rye Sourdough Sliced Bread 500g,500g,£6.00/kg,3.00,,
Waitrose Barnet,Bakery,Bread,No.1 White Sourdough Bread 500g,500g,£5.40/kg,2.70,,
Waitrose Barnet,Bakery,Small Cakes & Treats,OGGS Mini Vanilla Cupcakes 9s,9pk,£0.57 each,5.15,,
Waitrose Barnet,Bakery,"Wraps, Pittas & Naans",Old El Paso 12 Crunchy Taco Shells 156g,156g,£13.85/kg,2.16,2.70,20% off
Waitrose Barnet,Bakery,"Wraps, Pittas & Naans",Old El Paso 8 Super Soft Flour Tortillas 326g,326g,£7.36/kg,2.40,,
Waitrose Barnet,Bakery,"Wraps, Pittas & Naans",Patak's Mini Naan Bread Dippers 10Each,1pk,£2.70 each,2.70,,
Waitrose Barnet,Bakery,Savoury Pies,Pieminister Kate & Sidney British Beef Steak & Kidney Pie 255g,255g,£23.53/kg,6.00,,
Waitrose Barnet,Bakery,Savoury Pies,Pieminister Moo & Blue British Beef Steak & Stilton Pie 255g,255g,£23.53/kg,6.00,,
Waitrose Barnet,Bakery,Savoury Pies,Pieminister Mooless Moo Pie with plant based 'steak' & Craft Ale 255g,255g,£23.53/kg,6.00,,
Waitrose Barnet,Bakery,Savoury Pies,"Pieminister The Greek Filo Pie with Spinach, Feta, Lemon & Dill Each",1pk,£6.00 each,6.00,,
Waitrose Barnet,Bakery,Savoury Pies,"Pieminister Wild Shroom Pie with Mushroom, Asparagus & Cream 255g",255g,£23.53/kg,6.00,,
Waitrose Barnet,Bakery,Savoury Pies,Pukka All Steak Pie 209g,209g,£14.83/kg,3.10,,
Waitrose Barnet,Bakery,Scones & Teacakes,Real Lancashire Eccles Cakes 4s,1pk,£3.30 each,3.30,,
Waitrose Barnet,Bakery,Bread,Schneider Brot Rye Bread with Sunflower Seeds 500g,500g,£3.60/kg,1.80,,
Waitrose Barnet,Bakery,Bread,Schär Gluten Free Wholesome Seeded Loaf 300g,300g,£10.27/kg,3.08,3.85,20% off
Waitrose Barnet,Bakery,"Wraps, Pittas & Naans",Sharwood's Plain Mini Naans 4s,4pk,£0.63 each,2.50,,
Waitrose Barnet,Bakery,"Wraps, Pittas & Naans",Sharwood's Plain Naans 2s,2pk,£1.25 each,2.50,,
Waitrose Barnet,Bakery,Small Cakes & Treats,Soreen 5 Lunchbox Loaves Banana 5s,1pk,£1.88 each,1.88,2.35,20% off
Waitrose Barnet,Bakery,Scones & Teacakes,Soreen Sliced Malt Loaf 290g,290g,£6.62/kg,1.92,2.40,20% off
Waitrose Barnet,Bakery,Buns & Rolls,St Pierre 4 Burger Buns (Pre-Sliced) 4s,4pk,£0.75 each,3.00,,
Waitrose Barnet,Bakery,Croissants & Breakfast,St Pierre 6 Chocolate Filled Crêpes 6s,6pk,£0.46 each,2.75,,
Waitrose Barnet,Bakery,Croissants & Breakfast,St Pierre 6 Croissants 6s,6pk,£0.46 each,2.75,,
Waitrose Barnet,Bakery,Small Cakes & Treats,Studio Bakery Traybake Selection Box 6s,1pk,£8.40 each,8.40,,
Waitrose Barnet,Bakery,Seasonal Bakery,Talking Tables Christmas Food Picks 10pk 10s,10pk,£0.30 each,3.00,,
Waitrose Barnet,Bakery,Scones & Teacakes,Tan Y Castell Welshcakes 6s,1pk,£1.75 each,1.75,,
Waitrose Barnet,Bakery,Croissants & Breakfast,Tregroes Toffee Waffles 8s,1pk,£2.60 each,2.60,,
Waitrose Barnet,Bakery,Scones & Teacakes,Tunnock's Milk Chocolate Tea Cakes 6x24g,144g,£15.28/kg,2.20,,
Waitrose Barnet,Bakery,Croissants & Breakfast,Wafflemeister Belgian Waffle Chocolate Coated 5s,1pk,£2.16 each,2.16,2.70,20% off
Waitrose Barnet,Bakery,Croissants & Breakfast,Wafflemeister Belgian Waffles 5s,1pk,£2.70 each,2.70,,£2.16 loyalty card (£2.16 each)
Waitrose Barnet,Bakery,Croissants & Breakfast,Wafflemeister Toasting Waffle 4s,1pk,£1.88 each,1.88,2.35,20% off
Waitrose Barnet,Bakery,Croissants & Breakfast,Waitrose 2 Almond Croissants 2s,1pk,£3.00 each,3.00,,
Waitrose Barnet,Bakery,"Crumbles, Sweet Pies & Tarts",Waitrose 2 Apple & Cream Turnovers 2s,1pk,£3.00 each,3.00,,
Waitrose Barnet,Bakery,Bread,Waitrose 2 Bake at Home White Baguettes 2s,1pk,£1.50 each,1.50,,
Waitrose Barnet,Bakery,"Crumbles, Sweet Pies & Tarts",Waitrose 2 Bramley Apple Crumbles 2x125g,250g,£14.40/kg,3.60,,
Waitrose Barnet,Bakery,Croissants & Breakfast,Waitrose 2 Cinnamon Buns 2s,1pk,£3.00 each,3.00,,
Waitrose Barnet,Bakery,Small Cakes & Treats,Waitrose 2 Cream Slices 130g,130g,£18.46/kg,2.40,,
Waitrose Barnet,Bakery,"Crumbles, Sweet Pies & Tarts",Waitrose 2 Egg Custard Tarts 2x86.5g,173g,£9.25/kg,1.60,,
Waitrose Barnet,Bakery,"Crumbles, Sweet Pies & Tarts",Waitrose 2 Frozen French Apple Tarts 2x77.5g,155g,£30.97/kg,4.80,,
Waitrose Barnet,Bakery,"Wraps, Pittas & Naans",Waitrose 2 Gunpowder Spiced Flatbreads 2s,1pk,£2.40 each,2.40,,
Waitrose Barnet,Bakery,Croissants & Breakfast,Waitrose 2 Lemon & Sultana Danish 2s,1pk,£3.00 each,3.00,,
Waitrose Barnet,Bakery,Small Cakes & Treats,Waitrose 2 Raspberry Yum Yums 2s,1pk,£1.52 each,1.52,1.90,20% off
Waitrose Barnet,Bakery,"Wraps, Pittas & Naans",Waitrose 2 Tandoori Garlic & Coriander Naans 2x130g,260g,£12.88/kg,3.35,,
Waitrose Barnet,Bakery,"Wraps, Pittas & Naans",Waitrose 2 Tandoori Plain Naans 2x130g 2x130g,260g,£12.88/kg,3.35,,
Waitrose Barnet,Bakery,Scones & Teacakes,Waitrose 4 All Butter Cheese Scones 4s,1pk,£2.50 each,2.50,,
Waitrose Barnet,Bakery,Croissants & Breakfast,Waitrose 4 Blueberry Pancakes 4s,1pk,£2.35 each,2.35,,
Waitrose Barnet,Bakery,Buns & Rolls,Waitrose 4 Brioche Burger Buns 4s,1pk,£2.10 each,2.10,,
Waitrose Barnet,Bakery,Buns & Rolls,Waitrose 4 Brioche Hot Dog Rolls 4s,1pk,£2.10 each,2.10,,
Waitrose Barnet,Bakery,Buns & Rolls,Waitrose 4 Corn & Jalapeno Flatbuns 4s,1pk,£2.40 each,2.40,,
Waitrose Barnet,Bakery,Croissants & Breakfast,Waitrose 4 English Muffins 4s,1pk,£1.80 each,1.80,,
Waitrose Barnet,Bakery,Bread,Waitrose 4 Frozen White Rustic Baguettes 520g,520g,£6.92/kg,3.60,,
Waitrose Barnet,Bakery,Small Cakes & Treats,Waitrose 4 Glazed Yum Yums 4s,1pk,£2.15 each,2.15,,
Waitrose Barnet,Bakery,Buns & Rolls,Waitrose 4 Milk Buns 4s,1pk,£2.40 each,2.40,,
Waitrose Barnet,Bakery,Small Cakes & Treats,Waitrose 5 Brownie Bars 5s,1pk,£2.15 each,2.15,,
Waitrose Barnet,Bakery,Small Cakes & Treats,Waitrose 5 Flapjacks 5s,1pk,£2.15 each,2.15,,
Waitrose Barnet,Bakery,Small Cakes & Treats,Waitrose 5 Mini Cecils Cakes 5s,1pk,£4.70 each,4.70,,
Waitrose Barnet,Bakery,Croissants & Breakfast,Waitrose 6 Buttermilk Pancakes 240g,240g,£13.54/kg,3.25,,
Waitrose Barnet,Bakery,"Wraps, Pittas & Naans",Waitrose 6 High Protein Tortilla Wraps 6s,1pk,£2.20 each,2.20,,
Waitrose Barnet,Bakery,Small Cakes & Treats,Waitrose 6 Iced Fairy Cakes 6s,1pk,£3.00 each,3.00,,
Waitrose Barnet,Bakery,Small Cakes & Treats,Waitrose 6 Iced Finger Buns 6s,1pk,£2.15 each,2.15,,
Waitrose Barnet,Bakery,Buns & Rolls,Waitrose 6 Large Mixed Rolls 6s,1pk,£2.40 each,2.40,,
Waitrose Barnet,Bakery,Savoury Pies,Waitrose 6 Melton Mowbray Pork Pies 300g,300g,£14.00/kg,4.20,,3 for £8
Waitrose Barnet,Bakery,"Wraps, Pittas & Naans",Waitrose 6 White Pittas 6s,1pk,£0.80 each,0.80,,
Waitrose Barnet,Bakery,Croissants & Breakfast,Waitrose 8 Brioche Rolls 8s,1pk,£2.40 each,2.40,,
Waitrose Barnet,Bakery,"Wraps, Pittas & Naans",Waitrose 8 Large Wholemeal Tortilla Wraps 8s,1pk,£1.75 each,1.75,,
Waitrose Barnet,Bakery,"Wraps, Pittas & Naans",Waitrose 8 Seeded Tortilla Wraps 8s,1pk,£1.75 each,1.75,,
Waitrose Barnet,Bakery,"Wraps, Pittas & Naans",Waitrose 8 Wheat & Corn Tortillas 8s,1pk,£2.20 each,2.20,,
Waitrose Barnet,Bakery,Small Cakes & Treats,Waitrose 9 Mini Coffee Cupcakes 9s,1pk,£4.80 each,4.80,,
Waitrose Barnet,Bakery,"Crumbles, Sweet Pies & Tarts",Waitrose Bakewell Tart 290g,290g,£15.86/kg,4.60,,
Waitrose Barnet,Bakery,Small Cakes & Treats,Waitrose Banana Bread Muffins 4s,1pk,£2.40 each,2.40,,
Waitrose Barnet,Bakery,Whole Cakes,Waitrose Banana Loaf Cake Each,1pk,£3.35 each,3.35,,
Waitrose Barnet,Bakery,"Crumbles, Sweet Pies & Tarts",Waitrose Bramley Apple & Blackberry Crumble 500g,500g,£10.80/kg,5.40,,
Waitrose Barnet,Bakery,"Crumbles, Sweet Pies & Tarts",Waitrose Bramley Apple Pie 550g,550g,£9.82/kg,5.40,,
Waitrose Barnet,Bakery,Small Cakes & Treats,Waitrose Brownie Mini Bites 280g,280g,£17.14/kg,4.80,,
Waitrose Barnet,Bakery,Whole Cakes,Waitrose Cecil Chocolate Sponge Cake each,1pk,£11.40 each,11.40,,
Waitrose Barnet,Bakery,Whole Cakes,Waitrose Cherry Madeira Cake 350g,350g,£10.14/kg,3.55,,
Waitrose Barnet,Bakery,Savoury Pies,Waitrose Chicken & Leek Pie 550g,550g,£10.91/kg,6.00,,
Waitrose Barnet,Bakery,Small Cakes & Treats,Waitrose Chocolate Cupcakes 4s,1pk,£3.84 each,3.84,4.80,20% off
Waitrose Barnet,Bakery,Small Cakes & Treats,Waitrose Chocolate Mini Rolls 17s,1pk,£4.80 each,4.80,,
Waitrose Barnet,Bakery,Whole Cakes,Waitrose Chocolate Swiss Roll each,1pk,£2.50 each,2.50,,
Waitrose Barnet,Bakery,Seasonal Bakery,Waitrose Christmas Cake Kit 1.57Kg,1.57kg,£11.27/kg,17.70,,
Waitrose Barnet,Bakery,Buns & Rolls,Waitrose Ciabatta Rolls 4s,1pk,£2.15 each,2.15,,
Waitrose Barnet,Bakery,Whole Cakes,Waitrose Country Style Fruit Cake each,1pk,£5.15 each,5.15,,
Waitrose Barnet,Bakery,Croissants & Breakfast,Waitrose Croissants 4s,1pk,£2.40 each,2.40,,
Waitrose Barnet,Bakery,Small Cakes & Treats,Waitrose Double Chocolate Muffins 4s,1pk,£2.00 each,2.00,,
Waitrose Barnet,Bakery,Croissants & Breakfast,Waitrose Easter 4 Richly Fruited Hot Cross Buns 4s,1pk,£2.70 each,2.70,,
Waitrose Barnet,Bakery,Croissants & Breakfast,Waitrose Easter 4 St Clements Hot Cross Buns 4s,1pk,£2.70 each,2.70,,
Waitrose Barnet,Bakery,Croissants & Breakfast,Waitrose Easter 9 Richly Fruited Mini Hot Cross Buns 9s,1pk,£2.70 each,2.70,,
Waitrose Barnet,Bakery,Small Cakes & Treats,Waitrose Flapjack Mini Bites 260g,260g,£18.46/kg,4.80,,
Waitrose Barnet,Bakery,Croissants & Breakfast,Waitrose Free From 4 Hot Cross Buns 260g,260g,£11.54/kg,3.00,,
Waitrose Barnet,Bakery,Small Cakes & Treats,Waitrose Free From 5 Angel Cake Slices 5Each,1pk,£3.70 each,3.70,,
Waitrose Barnet,Bakery,Whole Cakes,Waitrose Free From Carrot Cake with Cream Cheese Frosting each,1pk,£4.80 each,4.80,,
Waitrose Barnet,Bakery,Gluten Free,Waitrose Free From GF Caramel Crispies 115g,115g,£36.52/kg,4.20,,
Waitrose Barnet,Bakery,Small Cakes & Treats,Waitrose Free From GF Florentine Flapjacks 125g,125g,£33.60/kg,4.20,,
Waitrose Barnet,Bakery,Bread,Waitrose Free From Gluten Sourdough 375g,375g,£11.47/kg,4.30,,
Waitrose Barnet,Bakery,Buns & Rolls,Waitrose Free From Oaty Rolls 240g,240g,£15.00/kg,3.60,,
Waitrose Barnet,Bakery,Bread,Waitrose Free From Sliced Mixed Seed Loaf 400g,400g,£9.63/kg,3.85,,
Waitrose Barnet,Bakery,Small Cakes & Treats,Waitrose Free From Sticky Toffee Muffins 1Each,1pk,£3.70 each,3.70,,
Waitrose Barnet,Bakery,Whole Cakes,Waitrose Free From Victoria Sandwich 1Each,1pk,£4.80 each,4.80,,
Waitrose Barnet,Bakery,Croissants & Breakfast,Waitrose Frozen 8 Butter Croissants 440g,440g,£13.64/kg,6.00,,
Waitrose Barnet,Bakery,Small Cakes & Treats,Waitrose Fruity Mini Cupcakes 9s,1pk,£4.80 each,4.80,,
Waitrose Barnet,Bakery,"Wraps, Pittas & Naans",Waitrose Garlic & Coriander Naans 220g,220g,£7.27/kg,1.60,,
Waitrose Barnet,Bakery,"Wraps, Pittas & Naans",Waitrose Large Tortilla Wraps 8s,1pk,£1.75 each,1.75,,
Waitrose Barnet,Bakery,Whole Cakes,Waitrose Lemon Drizzle Cake each,1pk,£5.15 each,5.15,,
Waitrose Barnet,Bakery,Whole Cakes,Waitrose Lemon Loaf Cake each,1pk,£3.60 each,3.60,,
Waitrose Barnet,Bakery,"Crumbles, Sweet Pies & Tarts",Waitrose Lemon Tart 300g,300g,£15.33/kg,4.60,,
Waitrose Barnet,Bakery,Whole Cakes,Waitrose Make It Special Chocolate Birthday Cake 1.191kg,1.19kg,£16.62/kg,19.80,,
Waitrose Barnet,Bakery,Savoury Pies,Waitrose Melton Mowbray Pork Pie 145g,145g,£15.86/kg,2.30,,
Waitrose Barnet,Bakery,Small Cakes & Treats,Waitrose Millionaire Mini Bites 288g,288g,£16.67/kg,4.80,,
Waitrose Barnet,Bakery,Small Cakes & Treats,Waitrose Mini Cornflake Cluster Bites 200g,200g,£24.00/kg,4.80,,
Waitrose Barnet,Bakery,Croissants & Breakfast,Waitrose Mini Pains Au Chocolat 6s,1pk,£2.70 each,2.70,,
Waitrose Barnet,Bakery,Bread,Waitrose Multi-Seeded Farmhouse 400g,400g,£3.75/kg,1.50,,
Waitrose Barnet,Bakery,Croissants & Breakfast,Waitrose Pains Au Chocolat 4s,1pk,£3.30 each,3.30,,
Waitrose Barnet,Bakery,Whole Cakes,Waitrose Peach Melba Cake each,1pk,£5.15 each,5.15,,
Waitrose Barnet,Bakery,Bread,Waitrose Plain Ciabatta each,1pk,£3.00 each,3.00,,
Waitrose Barnet,Bakery,"Wraps, Pittas & Naans",Waitrose Plain Naan 220g,220g,£7.27/kg,1.60,,
Waitrose Barnet,Bakery,Savoury Pies,Waitrose Pork & Apple Mini Pies 200g,200g,£22.50/kg,4.50,,3 for £8
Waitrose Barnet,Bakery,Whole Cakes,Waitrose Raspberry Swiss Roll each,1pk,£2.50 each,2.50,,
Waitrose Barnet,Bakery,"Crumbles, Sweet Pies & Tarts",Waitrose Rhubarb Crumble 500g,500g,£10.80/kg,5.40,,
Waitrose Barnet,Bakery,Small Cakes & Treats,Waitrose Rose & Lemon Turkish Delight 285g,285g,£14.74/kg,4.20,,
Waitrose Barnet,Bakery,Bread,Waitrose Soft White Farmhouse Sliced Bread 400g,400g,£3.25/kg,1.30,,
Waitrose Barnet,Bakery,Bread,Waitrose Soft White Farmhouse Sliced Bread 800g,800g,£2.25/kg,1.80,,
Waitrose Barnet,Bakery,Bread,Waitrose Soft White Toastie Thick Sliced Bread 800g,800g,£1.50/kg,1.20,,
Waitrose Barnet,Bakery,Savoury Pies,Waitrose Steak & Ale Pie 200g,200g,£19.00/kg,3.80,,
Waitrose Barnet,Bakery,Bread,Waitrose Super Soft White Medium Sliced Bread 800g,800g,£1.50/kg,1.20,,
Waitrose Barnet,Bakery,Small Cakes & Treats,Waitrose Teacake Mini Bites 169g,169g,£28.40/kg,4.80,,
Waitrose Barnet,Bakery,"Crumbles, Sweet Pies & Tarts",Waitrose Treacle Tart 300g,300g,£15.33/kg,4.60,,
Waitrose Barnet,Bakery,Whole Cakes,Waitrose Victoria Sandwich Cake each,1pk,£5.15 each,5.15,,
Waitrose Barnet,Bakery,Bread,Waitrose Wholemeal Farmhouse Thick Sliced 400g,400g,£3.25/kg,1.30,,
Waitrose Barnet,Bakery,"Wraps, Pittas & Naans",Warburtons Gluten Free 4 Soft Pittas White 240g,240g,£15.83/kg,3.80,,
Waitrose Barnet,Bakery,Buns & Rolls,Warburtons Gluten Free 4 Super Soft Sliced Square Rolls 240g,240g,£16.25/kg,3.90,,
Waitrose Barnet,Bakery,Buns & Rolls,Wildfarmed 4 White Rolls 4s,1pk,£2.20 each,2.20,,
Waitrose Barnet,Bakery,Bread,Wildfarmed Sliced Seeded Bread 550g,550g,£4.91/kg,2.70,,
Waitrose Barnet,Bakery,Bread,Wildfarmed Sourdough 640g,640g,£4.69/kg,3.00,,
Waitrose Barnet,Beauty & Toiletries,Bath & Shower,Baylis & Harding Goodness Sleep Lavendar & Bergamot Bath Soak 500ml,500ml,£9.46/L,4.73,6.30,25% off
Waitrose Barnet,Beauty & Toiletries,Bath & Shower,Bulldog Lemon & Bergamot Shower Gel 500ml,500ml,£12.60/L,6.30,,
Waitrose Barnet,Beauty & Toiletries,Bath & Shower,Dove Deeply Nourishing Advanced Care Body Wash Shower Gel 400ml,400ml,£9.68/L,3.87,5.95,35% off
Waitrose Barnet,Beauty & Toiletries,Bath & Shower,Dove Hydrate Body Wash Shower Gel 450ml,450ml,£10.11/L,4.55,,
Waitrose Barnet,Beauty & Toiletries,Bath & Shower,Dove Men +Care Shower Gel Sandalwood and Vanilla 400ml 400ml,400ml,£11.88/L,4.75,,
Waitrose Barnet,Beauty & Toiletries,Bath & Shower,Dove Men+Care Clean Comfort Body & Face Wash 400ml,400ml,£7.73/L,3.09,4.75,35% off
Waitrose Barnet,Beauty & Toiletries,Bath & Shower,Faith in Nature Grapefruit & Orange Body Wash 400ml,400ml,£21.00/L,8.40,,
Waitrose Barnet,Beauty & Toiletries,Bath & Shower,Faith in Nature Lavender & Geranium Body Wash 400ml,400ml,£21.00/L,8.40,,
Waitrose Barnet,Beauty & Toiletries,Bath & Shower,Heath Relax Hair + Body Wash 250ml,250ml,£38.40/L,9.60,,
Waitrose Barnet,Beauty & Toiletries,Bath & Shower,Heath Rescue Hair + Body Wash 250ml,250ml,£38.40/L,9.60,,
Waitrose Barnet,Beauty & Toiletries,Bath & Shower,Kind Natured Cashmere Rose & Oud Decadent Bath Foam 500ml,500ml,£14.40/L,7.20,,
Waitrose Barnet,Beauty & Toiletries,Bath & Shower,Kind Natured Cashmere Rose & Oud Decadent Body Wash 250ml,250ml,£28.80/L,7.20,,
Waitrose Barnet,Beauty & Toiletries,Bath & Shower,Kind Natured Cashmere Rose & Oud Gentle Glycerin Soap 100g,100g,£48.00/kg,4.80,,
Waitrose Barnet,Beauty & Toiletries,Bath & Shower,Korres Greek Olive Blossom Shower Gel 250ml,250ml,£57.60/L,14.40,,
Waitrose Barnet,Beauty & Toiletries,Bath & Shower,Korres Pure Greek Olive Blossom Soap 125g,125g,£57.60/kg,7.20,,
Waitrose Barnet,Beauty & Toiletries,Bath & Shower,Korres Pure Greek Olive Honey Pear Shower Gel 250ml,250ml,£57.60/L,14.40,,
Waitrose Barnet,Beauty & Toiletries,Bath & Shower,L'Oreal Men Expert Total Clean Shower Gel 400ml,400ml,£8.75/L,3.50,,
Waitrose Barnet,Beauty & Toiletries,Bath & Shower,Little Soap Co. Pure Lavender Soap Bar 110g,110g,£43.64/kg,4.80,,
Waitrose Barnet,Beauty & Toiletries,Bath & Shower,Little Soap Co. Pure Rose Geranium Soap Bar 110g,110g,£43.64/kg,4.80,,
Waitrose Barnet,Beauty & Toiletries,Bath & Shower,Lynx XXL Africa Shower Gel 500ml,500ml,£9.50/L,4.75,,
Waitrose Barnet,Beauty & Toiletries,Bath & Shower,Man Cave Cedarwood Shower Gel 200ml,200ml,£34.75/L,6.95,,
Waitrose Barnet,Beauty & Toiletries,Bath & Shower,ManCave Amber & Vetiver Shower Gel 200ml,200ml,£34.75/L,6.95,,
Waitrose Barnet,Beauty & Toiletries,Bath & Shower,ManCave Energise Shower Gel 200ml,200ml,£34.75/L,6.95,,
Waitrose Barnet,Beauty & Toiletries,Bath & Shower,Neal's Yard Aromatic Foaming Bath 200ml,200ml,£114.00/L,22.80,,
Waitrose Barnet,Beauty & Toiletries,Bath & Shower,Neal's Yard Bee Lovely Bath And Shower 295ml,295ml,£61.02/L,18.00,,
Waitrose Barnet,Beauty & Toiletries,Bath & Shower,Neal's Yard Remedies Women's Balance Foaming Bath 200ml,200ml,£114.00/L,22.80,,
Waitrose Barnet,Beauty & Toiletries,Bath & Shower,Neal's Yard Seaweed & Arnica Foaming Bath 200ml,200ml,£114.00/L,22.80,,
Waitrose Barnet,Beauty & Toiletries,Bath & Shower,Original Source Coconut & Shea Shower Gel 250ml,250ml,£4.92/L,1.23,2.05,40% off
Waitrose Barnet,Beauty & Toiletries,Bath & Shower,Pears Transparent Soap 2x100g,200g,£14.75/kg,2.95,,
Waitrose Barnet,Beauty & Toiletries,Bath & Shower,Radox Mineral Therapy Feel Awake 2-in-1 Gel 450ml,450ml,£6.00/L,2.70,,
Waitrose Barnet,Beauty & Toiletries,Bath & Shower,Radox Mineral Therapy Feel Relaxed Bath Soak 500ml,500ml,£5.20/L,2.60,,
Waitrose Barnet,Beauty & Toiletries,Bath & Shower,Radox Mineral Therapy Muscle Soak Bath Soak 500ml,500ml,£5.20/L,2.60,,
Waitrose Barnet,Beauty & Toiletries,Bath & Shower,Retreat Clarifying Hand & Body Wash 300ml,300ml,£40.00/L,12.00,,
Waitrose Barnet,Beauty & Toiletries,Bath & Shower,Retreat Invigorating Body Polish 300g,300g,£56.00/kg,16.80,,
Waitrose Barnet,Beauty & Toiletries,Bath & Shower,Retreat Purifying Oil Body Wash 300ml,300ml,£48.00/L,14.40,,
Waitrose Barnet,Beauty & Toiletries,Bath & Shower,Rock Face Power Shower Gel 500ml 500ml,500ml,£11.30/L,5.65,,
Waitrose Barnet,Beauty & Toiletries,Bath & Shower,Rudy Sicilian Lemon Shower Gel 700ml,700ml,£24.00/L,16.80,,
Waitrose Barnet,Beauty & Toiletries,Bath & Shower,Sanctuary Spa Signature Collection Body Wash 250ml,250ml,£36.80/L,9.20,,
Waitrose Barnet,Beauty & Toiletries,Bath & Shower,Sanctuary Spa Signature Natural Oils Salt Scrub 650g,650g,£33.23/kg,21.60,,
Waitrose Barnet,Beauty & Toiletries,Bath & Shower,Sanctuary Spa Signature Natural Oils Ultra Rich Shower Oil 250ml,250ml,£45.60/L,11.40,,
Waitrose Barnet,Beauty & Toiletries,Bath & Shower,Sanex Moisturising Shower Gel 450ml,450ml,£6.87/L,3.09,4.75,35% off
Waitrose Barnet,Beauty & Toiletries,Bath & Shower,Sanex Zero% Sensitive Shower Gel 450ml,450ml,£6.87/L,3.09,4.75,35% off
Waitrose Barnet,Beauty & Toiletries,Bath & Shower,SenSpa Detox & Purify Body Wash 250ml,250ml,£33.60/L,8.40,,
Waitrose Barnet,Beauty & Toiletries,Bath & Shower,SenSpa Detox and Purify Muscle Soak 300ml,300ml,£30.00/L,9.00,,
Waitrose Barnet,Beauty & Toiletries,Bath & Shower,SenSpa Relax & Calm Body Wash 250ml,250ml,£33.60/L,8.40,,
Waitrose Barnet,Beauty & Toiletries,Bath & Shower,Simple Kind to Skin Refreshing Shower Gel 450ml,450ml,£5.00/L,2.25,3.00,25% off
Waitrose Barnet,Beauty & Toiletries,Bath & Shower,Simple Sensitive Shower Gel 450ml,450ml,£5.00/L,2.25,3.00,25% off
Waitrose Barnet,Beauty & Toiletries,Bath & Shower,Simple Soaps 4x100g,400g,£6.20/kg,2.48,3.30,25% off
Waitrose Barnet,Beauty & Toiletries,Bath & Shower,Sundae Birthday Cake Shower Foam 265ml,265ml,£58.87/L,15.60,,
Waitrose Barnet,Beauty & Toiletries,Bath & Shower,Sundae Cherry On Top Shower Foam 265ml,265ml,£58.87/L,15.60,,
Waitrose Barnet,Beauty & Toiletries,Bath & Shower,Sundae Coconut Cream Shower Foam 265ml,265ml,£58.87/L,15.60,,
Waitrose Barnet,Beauty & Toiletries,Period Products,Always Ultra Sanitary Towel Normal Plus Size1 Pads 13s,13pk,£0.22 each,2.80,,2 for £3.60
Waitrose Barnet,Beauty & Toiletries,Period Products,Always Ultra Sanitary Towels Secure Night Size4 Pads 16s,16pk,£0.26 each,4.15,,2 for £7.20
Waitrose Barnet,Beauty & Toiletries,Tissues & Wipes,Andrex Ultimate Fresh Moist Toilet Tissue Flushable Hygiene Toilet Wipes 36 sheets,36pk,£0.05 each,1.90,,
Waitrose Barnet,Beauty & Toiletries,Dental,"Aquafresh Kids Little Teeth Toothpaste 3-5 Years, 75ml 75ml",75ml,£36.67/L,2.75,,2 for £4.20
Waitrose Barnet,Beauty & Toiletries,Hair Care,Aussie Miracle Moist Hair Conditioner 200ml,200ml,£31.50/L,6.30,,
Waitrose Barnet,Beauty & Toiletries,Hair Care,Aussie Miracle Moist Shampoo 300ml,300ml,£21.00/L,6.30,,
Waitrose Barnet,Beauty & Toiletries,Skin & Body Care,Aveeno Daily Moisturising Lotion 200ml,200ml,£28.30/L,5.66,8.70,35% off
Waitrose Barnet,Beauty & Toiletries,Skin & Body Care,Aveeno Skin Relief Moisturising Lotion 200ml,200ml,£31.20/L,6.24,9.60,35% off
Waitrose Barnet,Beauty & Toiletries,Hair Care,Batiste Original Dry Shampoo 200ml,200ml,£17.20/L,3.44,4.30,20% off
Waitrose Barnet,Beauty & Toiletries,Hand Soap & Sanitiser,"Baylis & Harding Goodness Oud, Cedar & Amber Hand Wash 500ml",500ml,£10.10/L,5.05,,
Waitrose Barnet,Beauty & Toiletries,Hand Soap & Sanitiser,Baylis & Harding Jasmine & Apple Blossom Anti Bacterial Hand Wash 500ml,500ml,£4.22/L,2.11,3.25,35% off
Waitrose Barnet,Beauty & Toiletries,Hand Soap & Sanitiser,Baylis & Harding Sweet Mandarin & Grapefruit Hand Wash 500ml,500ml,£4.22/L,2.11,3.25,35% off
Waitrose Barnet,Beauty & Toiletries,Period Products,Bodyform So Slim Panty Liners 30Each,30pk,£0.04 each,1.21,2.20,45% off
Waitrose Barnet,Beauty & Toiletries,Shaving & Hair Removal,Bull Dog Original Beard Oil 30ml,30ml,£143.00/L,4.29,6.60,35% off
Waitrose Barnet,Beauty & Toiletries,Skin & Body Care,Bulldog Original Face Scrub 125ml,125ml,£55.60/L,6.95,,
Waitrose Barnet,Beauty & Toiletries,Skin & Body Care,Bulldog Original Face Wash 150ml,150ml,£42.00/L,6.30,,
Waitrose Barnet,Beauty & Toiletries,Deodorant,Bulldog Original Natural Deodorant 75ml,75ml,£76.67/L,5.75,,
Waitrose Barnet,Beauty & Toiletries,Period Products,Carefree Wrapped Breathable Pantyliners 20s,20pk,£0.06 each,1.20,,
Waitrose Barnet,Beauty & Toiletries,Hand Soap & Sanitiser,Carex Advanced Care Shea Butter Handwash 250ml,250ml,£4.80/L,1.20,2.40,50% off
Waitrose Barnet,Beauty & Toiletries,Hand Soap & Sanitiser,Carex Aloe Vera Antibac Handwash 250ml,250ml,£8.20/L,2.05,,
Waitrose Barnet,Beauty & Toiletries,Skin & Body Care,Carmex Lip Balm 7.5g,7.5g,£573.33/kg,4.30,,
Waitrose Barnet,Beauty & Toiletries,Dental,Colgate Max White Luminous Teeth Whitening Toothpaste 75ml,75ml,£56.00/L,4.20,8.40,50% off
Waitrose Barnet,Beauty & Toiletries,Dental,Colgate Maxwhite Medium Toothbrush Each,1pk,£1.90 each,1.90,3.80,50% off
Waitrose Barnet,Beauty & Toiletries,Dental,Colgate Total Active Prevention Original Toothpaste 125ml,125ml,£35.20/L,4.40,8.80,50% off
Waitrose Barnet,Beauty & Toiletries,Dental,Colgate Triple Action Toothpaste 75ml,75ml,£21.33/L,1.60,,
Waitrose Barnet,Beauty & Toiletries,Dental,"Corsodyl Medicated Antibacterial Mouthwash Fresh Mint, Alcohol Free, 300ml 300ml",300ml,£23.17/L,6.95,,
Waitrose Barnet,Beauty & Toiletries,Skin & Body Care,Cutex Ultra-Powerful Nail Polish Remover 200ml,200ml,£19.00/L,3.80,,
Waitrose Barnet,Beauty & Toiletries,Deodorant,Dove AP Refill Original 35ml,35ml,£240.00/L,8.40,,
Waitrose Barnet,Beauty & Toiletries,Deodorant,Dove AP Refill Violet and Tonka 35ml,35ml,£240.00/L,8.40,,
Waitrose Barnet,Beauty & Toiletries,Deodorant,Dove Advanced Roll On Original 50ml,50ml,£49.40/L,2.47,3.80,35% off
Waitrose Barnet,Beauty & Toiletries,Deodorant,Dove Classic Anti-Perspirant 200ml,200ml,£24.50/L,4.90,,
Waitrose Barnet,Beauty & Toiletries,Deodorant,Dove Men +Care Deodorant Clean Comfort 200ml,200ml,£21.45/L,4.29,6.60,35% off
Waitrose Barnet,Beauty & Toiletries,Deodorant,Dove Original Anti-Perspirant 200ml,200ml,£21.45/L,4.29,6.60,35% off
Waitrose Barnet,Beauty & Toiletries,Skin & Body Care,E45 Moisturiser Lotion for Dry Skin 500ml,500ml,£22.16/L,11.08,13.85,20% off
Waitrose Barnet,Beauty & Toiletries,Hand Soap & Sanitiser,Essential Anti-Bac Hand Gel 50ml,50ml,£28.00/L,1.40,,
Waitrose Barnet,Beauty & Toiletries,Tissues & Wipes,Essential Bathroom & Toilet Wipes 40s,1pk,£1.20 each,1.20,,
Waitrose Barnet,Beauty & Toiletries,Hand Soap & Sanitiser,Essential Chamomile Hand Wash 250ml,250ml,£5.00/L,1.25,,
Waitrose Barnet,Beauty & Toiletries,Dental,Essential Flexi Toothbrushes 2s,1pk,£1.20 each,1.20,,
Waitrose Barnet,Beauty & Toiletries,Dental,Essential Fresh Mint Mouthwash 500ml,500ml,£3.50/L,1.75,,
Waitrose Barnet,Beauty & Toiletries,Hand Soap & Sanitiser,Essential Sensitive Hand Wash 250ml,250ml,£5.00/L,1.25,,
Waitrose Barnet,Beauty & Toiletries,Tissues & Wipes,Essential Soft White Tissues 96 sheets,1pk,£1.75 each,1.75,,
Waitrose Barnet,Beauty & Toiletries,Hand Soap & Sanitiser,Essential Waitrose Anti Bacterial Moisture Hand Wash 250ml,250ml,£5.00/L,1.25,,
Waitrose Barnet,Beauty & Toiletries,Intimate Hygiene,Femfresh Daily Intimate Wash 250ml,250ml,£15.20/L,3.80,,
Waitrose Barnet,Beauty & Toiletries,Intimate Hygiene,Femfresh Wipes 25Each,25pk,£0.15 each,3.80,,
Waitrose Barnet,Beauty & Toiletries,Deodorant,Fussy Natural Deodorant Refill Jasmine Bloom 40g,40g,£180.00/kg,7.20,,
Waitrose Barnet,Beauty & Toiletries,Deodorant,Fussy Natural Deodorant Refill Wilderness 40g,40g,£180.00/kg,7.20,,
Waitrose Barnet,Beauty & Toiletries,Deodorant,Fussy Refillable Natural Deodorant Jasmine Bloom 40g,40g,£465.00/kg,18.60,,
Waitrose Barnet,Beauty & Toiletries,Skin & Body Care,Garnier Micellar Cleansing Water 400ml,400ml,£31.50/L,12.60,,
Waitrose Barnet,Beauty & Toiletries,Shaving & Hair Removal,Gillette Blue 3 Disposable Razors 4s,4pk,£0.78 each,3.12,4.80,35% off
Waitrose Barnet,Beauty & Toiletries,Deodorant,Gillette Deodorant Cool Wave Clear Gel 70ml,70ml,£78.57/L,5.50,,
Waitrose Barnet,Beauty & Toiletries,Shaving & Hair Removal,Gillette Fusion 5 Blades 8s,8pk,£3.03 each,24.20,30.25,20% off
Waitrose Barnet,Beauty & Toiletries,Shaving & Hair Removal,Gillette Fusion Blades 4s,4pk,£4.10 each,16.40,,
Waitrose Barnet,Beauty & Toiletries,Shaving & Hair Removal,Gillette Fusion Gel Sensitive Skin 200ml,200ml,£15.60/L,3.12,4.80,35% off
Waitrose Barnet,Beauty & Toiletries,Shaving & Hair Removal,Gillette Labs Champion Gold Razor 1Each,1pk,£34.40 each,34.40,,
Waitrose Barnet,Beauty & Toiletries,Shaving & Hair Removal,Gillette Mach 3 Blades 4s,4pk,£2.84 each,11.35,,
Waitrose Barnet,Beauty & Toiletries,Shaving & Hair Removal,Gillette Mach 3 Razor + 1 Blade Each,1pk,£10.10 each,10.10,,
Waitrose Barnet,Beauty & Toiletries,Shaving & Hair Removal,Gillette Mach3 Starter Kit H+4 Blades Csx8 4Each,4pk,£3.30 each,13.20,,
Waitrose Barnet,Beauty & Toiletries,Shaving & Hair Removal,Gillette Satin Care Shave Gel Sensitive 200ml,200ml,£13.65/L,2.73,4.20,35% off
Waitrose Barnet,Beauty & Toiletries,Shaving & Hair Removal,Gillette Sensitive Foam 250ml,250ml,£14.40/L,3.60,,
Waitrose Barnet,Beauty & Toiletries,Shaving & Hair Removal,Gillette Series Sensitive Gel 200ml,200ml,£18.00/L,3.60,,
Waitrose Barnet,Beauty & Toiletries,Shaving & Hair Removal,Gillette Simply Venus Razors 4s,4pk,£0.78 each,3.12,4.80,35% off
Waitrose Barnet,Beauty & Toiletries,Shaving & Hair Removal,Gillette Venus Oceana Disposable Razors 3s,3pk,£1.82 each,5.46,8.40,35% off
Waitrose Barnet,Beauty & Toiletries,Skin & Body Care,HEATH Age Defence Moisturiser 75ml 75ml,75ml,£192.00/L,14.40,,
Waitrose Barnet,Beauty & Toiletries,Shaving & Hair Removal,Harry's Truman Starter Pack - Orange Razor + 5 Blades 77g,77g,£229.22/kg,17.65,,
Waitrose Barnet,Beauty & Toiletries,Skin & Body Care,Heath Moisturiser 100ml,100ml,£180.00/L,18.00,,
Waitrose Barnet,Beauty & Toiletries,Hair Care,Herbal Essences Dazzling Shine Shampoo 400ml,400ml,£9.00/L,3.60,,
Waitrose Barnet,Beauty & Toiletries,Hand Soap & Sanitiser,Kind Natured Cashmere Rose & Oud Hand Wash 350ml,350ml,£18.86/L,6.60,,
Waitrose Barnet,Beauty & Toiletries,Tissues & Wipes,Kleenex Balsam Tissue Extra Large Compact 40 sheets,1pk,£3.00 each,3.00,,2 for £4.20
Waitrose Barnet,Beauty & Toiletries,Tissues & Wipes,Kleenex Beauty Tissues MySkin Pockets Dry 9s 3 x 9 sheets,1pk,£1.80 each,1.80,,
Waitrose Barnet,Beauty & Toiletries,Tissues & Wipes,Kleenex Beauty Tissues MySkin Tube Oily 44 44 sheets,1pk,£3.00 each,3.00,,
Waitrose Barnet,Beauty & Toiletries,Tissues & Wipes,Kleenex Collection Tissues Cube 48 Sheets,1pk,£1.75 each,1.75,,
Waitrose Barnet,Beauty & Toiletries,Tissues & Wipes,Kleenex Extra Large Tissues Twin Pack 2x44 sheets,2pk,£1.90 each,3.80,,2 for £5.40
Waitrose Barnet,Beauty & Toiletries,Tissues & Wipes,Kleenex Ultra Soft Tissues Cube 48 sheets,1pk,£1.45 each,1.45,2.90,50% off
Waitrose Barnet,Beauty & Toiletries,Tissues & Wipes,Kleenex Ultra Soft Tissues Extra Large Compact 40 sheets,1pk,£3.00 each,3.00,,2 for £4.20
Waitrose Barnet,Beauty & Toiletries,Tissues & Wipes,Kleenex Ultra Soft Tissues Mega Box 112Sheet,1pk,£5.05 each,5.05,,2 for £7.20
Waitrose Barnet,Beauty & Toiletries,Hair Care,L'Oreal Elvive Colour Protect Conditioner 300ml,300ml,£25.67/L,7.70,,
Waitrose Barnet,Beauty & Toiletries,Skin & Body Care,L'Oreal Men Expert Anti-Fatigue 24H Moisturiser 50ml,50ml,£312.00/L,15.60,,
Waitrose Barnet,Beauty & Toiletries,Skin & Body Care,L'Oréal Revitalift Laser Day Cream 50ml,50ml,£756.00/L,37.80,,
Waitrose Barnet,Beauty & Toiletries,Incontinence,Lights By TENA Long Liners 20s,20pk,£0.16 each,3.20,,
Waitrose Barnet,Beauty & Toiletries,Period Products,Lil-Lets Smartfit Super Tampons 16s,16pk,£0.18 each,2.90,,
Waitrose Barnet,Beauty & Toiletries,Deodorant,Lynx Africa 48 hour Bodyspray Deodorant 150ml,150ml,£33.67/L,5.05,,
Waitrose Barnet,Beauty & Toiletries,Deodorant,Lynx Africa 48 hours Bodyspray Deodorant 250ml,250ml,£30.40/L,7.60,,
Waitrose Barnet,Beauty & Toiletries,Deodorant,Lynx Fine Fragrance Marshmallow Smoke 150ml 150ml,150ml,£50.67/L,7.60,,
Waitrose Barnet,Beauty & Toiletries,Hair Care,Man Cave Caffeine Shampoo 200ml,200ml,£47.50/L,9.50,,
Waitrose Barnet,Beauty & Toiletries,Skin & Body Care,Man Cave Protective Moisturiser 100ml,100ml,£132.00/L,13.20,,
Waitrose Barnet,Beauty & Toiletries,Hair Care,ManCave Scalp Care + Shampoo 350ml,350ml,£36.00/L,12.60,,
Waitrose Barnet,Beauty & Toiletries,Hair Care,ManCave Texturising Hair Paste 75ml,75ml,£148.00/L,11.10,,
Waitrose Barnet,Beauty & Toiletries,Hand Soap & Sanitiser,Method Pink Grapefruit Hand Wash 354ml,354ml,£10.45/L,3.70,,
Waitrose Barnet,Beauty & Toiletries,Deodorant,Mitchum Bright Floral 72HR Roll On 100ml,100ml,£54.00/L,5.40,,
Waitrose Barnet,Beauty & Toiletries,Deodorant,Mitchum Ultimate Powder Fresh 57g,57g,£126.32/kg,7.20,,
Waitrose Barnet,Beauty & Toiletries,Deodorant,Mitchum powder deodorant 41g,41g,£117.07/kg,4.80,,
Waitrose Barnet,Beauty & Toiletries,Skin & Body Care,NIVEA Original Care Lip Balm 4.8g,4.8g,£447.92/kg,2.15,3.30,35% off
Waitrose Barnet,Beauty & Toiletries,Skin & Body Care,NIVEA Q10 Power Anti-Wrinkle Day Cream Moisturiser SPF15 50ml,50ml,£378.00/L,18.90,,
Waitrose Barnet,Beauty & Toiletries,Skin & Body Care,NIVEA Q10 Power Anti-Wrinkle Night Cream Moisturiser 50ml,50ml,£378.00/L,18.90,,
Waitrose Barnet,Beauty & Toiletries,Skin & Body Care,NIVEA Rich Nourishing Body Lotion Dry Skin 400ml,400ml,£15.60/L,6.24,9.60,35% off
Waitrose Barnet,Beauty & Toiletries,Skin & Body Care,NIVEA SUN Sensitive Sun Cream Spray SPF50+ 200ml,200ml,£52.80/L,10.56,13.20,20% off
Waitrose Barnet,Beauty & Toiletries,Skin & Body Care,NIVEA Soft Moisturiser Face Body & Hands 75ml,75ml,£39.87/L,2.99,4.60,35% off
Waitrose Barnet,Beauty & Toiletries,Period Products,Natracare Natural Panty Liners Curved 30s,30pk,£0.07 each,2.08,2.60,20% off
Waitrose Barnet,Beauty & Toiletries,Skin & Body Care,Neal's Yard Bee Lovely Hand Cream 50ml,50ml,£336.00/L,16.80,,
Waitrose Barnet,Beauty & Toiletries,Skin & Body Care,Neal's Yard Frankincense Face Wash 100ml,100ml,£276.00/L,27.60,,
Waitrose Barnet,Beauty & Toiletries,Skin & Body Care,Neal's Yard Frankincense Nourishing Cream 50ml,50ml,£912.00/L,45.60,,
Waitrose Barnet,Beauty & Toiletries,Skin & Body Care,Neal's Yard Geranium & Orange Hand Cream 50ml,50ml,£336.00/L,16.80,,
Waitrose Barnet,Beauty & Toiletries,Hand Soap & Sanitiser,Neal's Yard Geranium & Orange Hand Wash 200ml,200ml,£96.00/L,19.20,,
Waitrose Barnet,Beauty & Toiletries,Deodorant,Neal's Yard Peppermint & Lime Roll on Deodorant 50ml,50ml,£288.00/L,14.40,,
Waitrose Barnet,Beauty & Toiletries,Hair Care,Neal's Yard Rose Conditioner 200ml,200ml,£75.00/L,15.00,,
Waitrose Barnet,Beauty & Toiletries,Skin & Body Care,Neal's Yard Rose Facial Wash 100ml,100ml,£276.00/L,27.60,,
Waitrose Barnet,Beauty & Toiletries,Skin & Body Care,Neutrogena Hand Cream 50ml,50ml,£70.20/L,3.51,5.40,35% off
Waitrose Barnet,Beauty & Toiletries,Shaving & Hair Removal,Nivea For Men Sensitive Gel 200ml,200ml,£25.50/L,5.10,,
Waitrose Barnet,Beauty & Toiletries,Skin & Body Care,Nivea Men Hydrocare Face Wash 100ml,100ml,£71.50/L,7.15,,
Waitrose Barnet,Beauty & Toiletries,Skin & Body Care,Nivea Men Hydrocare Moisturiser 75ml,75ml,£160.00/L,12.00,,
Waitrose Barnet,Beauty & Toiletries,Shaving & Hair Removal,Nivea Men Sensitive Balm 100ml,100ml,£104.50/L,10.45,,
Waitrose Barnet,Beauty & Toiletries,Skin & Body Care,Nivea Men Sensitive Face Gel SPF30 50ml,50ml,£353.00/L,17.65,,
Waitrose Barnet,Beauty & Toiletries,Shaving & Hair Removal,Nivea Men Sensitive Shaving Foam 200ml,200ml,£24.50/L,4.90,,
Waitrose Barnet,Beauty & Toiletries,Hair Care,OGX Argan Oil of Morocco Shampoo 385ml,385ml,£28.05/L,10.80,,
Waitrose Barnet,Beauty & Toiletries,Skin & Body Care,Olay Regenerist 3 Point Night Cream 50ml 50ml,50ml,£756.00/L,37.80,,
Waitrose Barnet,Beauty & Toiletries,Skin & Body Care,Olay Regenerist SPF 30 Day Face Cream Pump 50ml 50ml,50ml,£756.00/L,37.80,,
Waitrose Barnet,Beauty & Toiletries,Skin & Body Care,Olay Total Effects 7 Day Moisturiser 50ml,50ml,£528.00/L,26.40,,
Waitrose Barnet,Beauty & Toiletries,Skin & Body Care,Olay Total Effects 7 Moisturiser + Serum 40ml,40ml,£660.00/L,26.40,,
Waitrose Barnet,Beauty & Toiletries,Dental,Oral-B 3D White Luxe Perfection Toothpaste 75ml,75ml,£48.00/L,3.60,7.20,50% off
Waitrose Barnet,Beauty & Toiletries,Dental,Oral-B Pro-Expert Protect Toothpaste 75ml,75ml,£80.00/L,6.00,,
Waitrose Barnet,Beauty & Toiletries,Dental,Oral-B Satin Tape Dental Floss Mint 50m Each,1pk,£4.10 each,4.10,6.30,35% off
Waitrose Barnet,Beauty & Toiletries,Skin & Body Care,Retreat Enriching Hand & Body Lotion 300ml,300ml,£40.00/L,12.00,,
Waitrose Barnet,Beauty & Toiletries,Skin & Body Care,Retreat Nourishing Body Butter 290ml,290ml,£49.66/L,14.40,,
Waitrose Barnet,Beauty & Toiletries,Skin & Body Care,Rock Face Anti-Ageing Moisturiser 100ml,100ml,£78.00/L,7.80,,
Waitrose Barnet,Beauty & Toiletries,Skin & Body Care,Rock Face Face Wash 100ml,100ml,£66.00/L,6.60,,
Waitrose Barnet,Beauty & Toiletries,Skin & Body Care,Rock Face SPF 20 Moisturiser 100ml,100ml,£90.00/L,9.00,,
Waitrose Barnet,Beauty & Toiletries,Hand Soap & Sanitiser,Rudy Amalfi Peony Liquid Hand Soap 500ml,500ml,£24.00/L,12.00,,
Waitrose Barnet,Beauty & Toiletries,Deodorant,Sanex Derma Care Sensitive 48-Hour Antiperspirant Roll-On 50ml,50ml,£50.00/L,2.50,,
Waitrose Barnet,Beauty & Toiletries,Skin & Body Care,SenSpa Relax & Calm Hand Cream 100ml,100ml,£84.00/L,8.40,,
Waitrose Barnet,Beauty & Toiletries,Dental,Sensodyne Daily Care Gentle Whitening Sensitive Toothpaste 75ml 75ml,75ml,£46.67/L,3.50,,
Waitrose Barnet,Beauty & Toiletries,Dental,"Sensodyne Pronamel Daily Enamel Protection Toothpaste, 75ml 75ml",75ml,£46.40/L,3.48,6.95,50% off
Waitrose Barnet,Beauty & Toiletries,Dental,Sensodyne Repair & Protect Original Sensitive Toothpaste 75ml 75ml,75ml,£108.67/L,8.15,,
Waitrose Barnet,Beauty & Toiletries,Dental,Sensodyne Sensitivity & Gum Original Toothpaste 75ml 75ml,75ml,£65.47/L,4.91,7.55,35% off
Waitrose Barnet,Beauty & Toiletries,Dental,Sensodyne Toothpaste Daily Care Original 75ml,75ml,£46.67/L,3.50,,
Waitrose Barnet,Beauty & Toiletries,Skin & Body Care,Simple Kind to Skin Eye Make-Up Remover 125ml,125ml,£42.40/L,5.30,,
Waitrose Barnet,Beauty & Toiletries,Hand Soap & Sanitiser,Simple Kind to Skin Gentle Care Handwash 250ml,250ml,£7.96/L,1.99,2.65,25% off
Waitrose Barnet,Beauty & Toiletries,Dental,Steradent Active Plus Denture Cleansing Tablets 30s,30pk,£0.06 each,1.75,,
Waitrose Barnet,Beauty & Toiletries,Skin & Body Care,Super Facialist Vit C+ Brighten Daily Moisturiser 75ml,75ml,£285.33/L,21.40,,
Waitrose Barnet,Beauty & Toiletries,Deodorant,Sure Antiperspirant Non Stop Energise 250ml,250ml,£21.60/L,5.40,,
Waitrose Barnet,Beauty & Toiletries,Deodorant,Sure Cotton Dry 72h Deodorant 250ml,250ml,£21.60/L,5.40,,
Waitrose Barnet,Beauty & Toiletries,Deodorant,Sure Cream Clean Scent Stick 60ml,60ml,£120.00/L,7.20,,
Waitrose Barnet,Beauty & Toiletries,Deodorant,Sure For Women Non Stop Cotton Dry AP 150ml,150ml,£26.33/L,3.95,,
Waitrose Barnet,Beauty & Toiletries,Deodorant,Sure Men Active Dry Deodorant 250ml,250ml,£21.60/L,5.40,,
Waitrose Barnet,Beauty & Toiletries,Deodorant,Sure Men Deodorant Quantum Dry 200ml,200ml,£13.50/L,2.70,3.60,25% off
Waitrose Barnet,Beauty & Toiletries,Deodorant,Sure Women Deodorant Invisible Pure 200ml,200ml,£13.50/L,2.70,3.60,25% off
Waitrose Barnet,Beauty & Toiletries,Deodorant,Sure Women Invisible Black & White 50ml,50ml,£27.40/L,1.37,2.10,35% off
Waitrose Barnet,Beauty & Toiletries,Incontinence,TENA Lady Discreet Normal 2x12s,24pk,£0.22 each,5.36,6.70,20% off
Waitrose Barnet,Beauty & Toiletries,Incontinence,TENA Men Level 2 10s,10pk,£0.57 each,5.70,,
Waitrose Barnet,Beauty & Toiletries,Incontinence,TENA Pants Super Large 12s,12pk,£1.47 each,17.65,,
Waitrose Barnet,Beauty & Toiletries,Makeup,TRUYU Slant Tip Tweezers Each,1pk,£4.90 each,4.90,,
Waitrose Barnet,Beauty & Toiletries,Period Products,Tampax Compak Super Tampons With Applicator 18s,18pk,£0.19 each,3.40,,2 for £5.40
Waitrose Barnet,Beauty & Toiletries,Dental,TePe Interdental Brush Red Size 2 6s,6pk,£0.70 each,4.20,,
Waitrose Barnet,Beauty & Toiletries,Dental,TePe Interdental Brush Yellow Size 4 6s,6pk,£0.70 each,4.20,,
Waitrose Barnet,Beauty & Toiletries,Skin & Body Care,Ultrasun Sports Spray Sun Gel SPF30 150ml,150ml,£240.00/L,36.00,,
Waitrose Barnet,Beauty & Toiletries,Hair Care,VO5 Mega Hold 24-hour Control Styling Gel 200ml,200ml,£32.00/L,6.40,,
Waitrose Barnet,Beauty & Toiletries,Hair Care,VO5 Texturising Gum 75ml 75ml,75ml,£88.00/L,6.60,,
Waitrose Barnet,Beauty & Toiletries,Skin & Body Care,Vaseline Lip Therapy Original Tin 20g,20g,£77.50/kg,1.55,,
Waitrose Barnet,Beauty & Toiletries,Shaving & Hair Removal,Veet Face Wax Strips 20s,20pk,£0.48 each,9.60,,
Waitrose Barnet,Beauty & Toiletries,Shaving & Hair Removal,Veet Pure Hair Removal Cream for Sensitive Skin 200ml,200ml,£43.20/L,8.64,10.80,20% off
Waitrose Barnet,Beauty & Toiletries,Shaving & Hair Removal,Venus Comfortglide Spa Breeze 4s,4pk,£4.20 each,16.80,,
Waitrose Barnet,Beauty & Toiletries,Shaving & Hair Removal,Venus Deluxe Smooth Sensitive Blades 3s,3pk,£5.60 each,16.80,,
Waitrose Barnet,Beauty & Toiletries,Shaving & Hair Removal,Venus Satin Care Touch Of Olay Shave Gel Vanilla Cashmere 200ml,200ml,£24.00/L,4.80,,
Waitrose Barnet,Beauty & Toiletries,Shaving & Hair Removal,Venus Spa Breeze Comfort Glide Each,1pk,£12.00 each,12.00,,
Waitrose Barnet,Beauty & Toiletries,Hand Soap & Sanitiser,Waitrose Essential Aloe Vera Antibacterial Hand Wash 250ml,250ml,£5.00/L,1.25,,
Waitrose Barnet,Beauty & Toiletries,Period Products,Waitrose Sanitary Disposal Bags 50s,1pk,£1.45 each,1.45,,
Waitrose Barnet,Beauty & Toiletries,Tissues & Wipes,Waitrose Ultra Balm White Tissues 80 sheets,1pk,£2.15 each,2.15,,
Waitrose Barnet,Beauty & Toiletries,Tissues & Wipes,Waitrose Ultra Soft White Tissues 56 sheets,1pk,£1.60 each,1.60,,
Waitrose Barnet,Beauty & Toiletries,Deodorant,Wild Antiperspirant Honey & Cactus Roll On Refill 50ml 50ml,50ml,£152.00/L,7.60,,
Waitrose Barnet,Beauty & Toiletries,Deodorant,Wild Deodorant Refill Cotton 40g,40g,£190.00/kg,7.60,,
Waitrose Barnet,Beauty & Toiletries,Shaving & Hair Removal,Wilkinson Sword Hydro 5 Men's Razor 1 pack 1Each,2pk,£5.23 each,10.45,,
Waitrose Barnet,Beauty & Toiletries,Shaving & Hair Removal,Wilkinson Sword Hydro 5 Men's Razor Blade Refills 4 pack 1Each,4pk,£3.45 each,13.80,,
Waitrose Barnet,Beer & Cider,Ales,Adnams Ghost Ship Citrus PA 4x440ml,1.76L,£4.43/L,7.80,,
Waitrose Barnet,Beer & Cider,Ales,Badger Fursty Ferret Ale 500ml,500ml,£6.10/L,3.05,,
Waitrose Barnet,Beer & Cider,Ales,Beavertown Gamma Ray American Pale Ale 4x330ml,1.32L,£5.80/L,7.65,9.00,15% off
Waitrose Barnet,Beer & Cider,Ales,Beavertown Lupuloid IPA 440ml,440ml,£10.23/L,4.50,,
Waitrose Barnet,Beer & Cider,Ales,Beavertown Neck Oil 4x330ml,1.32L,£5.80/L,7.65,9.00,15% off
Waitrose Barnet,Beer & Cider,Ales,Beavertown Satellite Super Session 4x330ml,1.32L,£5.91/L,7.80,,
Waitrose Barnet,Beer & Cider,Ales,Beer52 IPA Explorer Mixed Brewery Pack 4x330ml,1.32L,£6.82/L,9.00,,
Waitrose Barnet,Beer & Cider,Ales,Brewdog Hazy Jane 4x330ml,1.32L,£4.85/L,6.40,8.00,20% off
Waitrose Barnet,Beer & Cider,Ales,Brewdog Punk IPA 4x330ml,1.32L,£6.14/L,8.10,,
Waitrose Barnet,Beer & Cider,Ales,Brewdog Triple Hazy 440ml,440ml,£13.64/L,6.00,,
Waitrose Barnet,Beer & Cider,Ales,Camden Pale Ale 330ml,330ml,£8.18/L,2.70,,
Waitrose Barnet,Beer & Cider,Ales,Camden Pale Ale 4x330ml,1.32L,£5.38/L,7.10,8.35,15% off
Waitrose Barnet,Beer & Cider,Ales,Duvel Belgian Strong Blond 330ml,330ml,£9.85/L,3.25,,
Waitrose Barnet,Beer & Cider,Ales,Fuller's ESB 5.9% Ale Single Bottle 500ml,500ml,£6.60/L,3.30,,
Waitrose Barnet,Beer & Cider,Ales,Fuller's Golden Pride 8.4% Ale Single Bottle 500ml,500ml,£7.80/L,3.90,,
Waitrose Barnet,Beer & Cider,Ales,Fuller's London Pride Amber Ale Can Multipack 4x500ml,2L,£4.20/L,8.40,,
Waitrose Barnet,Beer & Cider,Ales,La Chouffe Belgian Blonde Ale 330ml,330ml,£9.85/L,3.25,,
Waitrose Barnet,Beer & Cider,Ales,Old Speckled Hen 4x500ml,2L,£3.90/L,7.80,,
Waitrose Barnet,Beer & Cider,Ales,Sharp's Chalky's Bite 330ml,330ml,£10.00/L,3.30,,
Waitrose Barnet,Beer & Cider,Ales,Sharps Doom Bar 4x500ml,2L,£3.13/L,6.26,8.35,25% off
Waitrose Barnet,Beer & Cider,Ales,Sharps Doom Bar 500ml,500ml,£6.70/L,3.35,,
Waitrose Barnet,Beer & Cider,Ales,Sierra Nevada Pale Ale Can 355ml,355ml,£8.31/L,2.95,,
Waitrose Barnet,Beer & Cider,Ales,Timothy Taylor's Landlord 500ml,500ml,£6.10/L,3.05,,
Waitrose Barnet,Beer & Cider,Ales,Whitstable Bay Pale Ale Kent 500ml,500ml,£6.10/L,3.05,,
Waitrose Barnet,Beer & Cider,Ales,Wiper and True Pale Ale Kaleidoscope 440ml,440ml,£9.55/L,4.20,,
Waitrose Barnet,Beer & Cider,Lagers,1664 Biere Lager Beer 10x440ml 10x440ml,4.4L,£3.68/L,16.20,,
Waitrose Barnet,Beer & Cider,Non & Low Alcohol,Asahi Super Dry 0.0% Alcohol Free Beer 4x330ml,1.32L,£3.75/L,4.95,6.60,25% off
Waitrose Barnet,Beer & Cider,Lagers,Asahi Super Dry Lager Multipack Bottle 4x330ml,1.32L,£6.82/L,9.00,,
Waitrose Barnet,Beer & Cider,Lagers,Asahi Super Dry Lager Single Bottle 620ml,620ml,£6.13/L,3.80,,
Waitrose Barnet,Beer & Cider,Cider,Aspall Crisp Apple Cans 4x330ml,1.32L,£5.23/L,6.90,,
Waitrose Barnet,Beer & Cider,Cider,Aspall Suffolk Draught Cyder 500ml,500ml,£7.60/L,3.80,,
Waitrose Barnet,Beer & Cider,Non & Low Alcohol,Birra Moretti Zero Alcohol Free Lager Beer Bottle x4 Multipack 4x330ml,1.32L,£5.00/L,6.60,,
Waitrose Barnet,Beer & Cider,Lagers,Brewdog Lost Lager 4x440ml,1.76L,£3.48/L,6.12,7.20,15% off
Waitrose Barnet,Beer & Cider,Non & Low Alcohol,Brewdog Punk IPA Alcohol Free 4x330ml,1.32L,£5.00/L,6.60,,
Waitrose Barnet,Beer & Cider,Lagers,Camden Hells Lager 330ml,330ml,£8.18/L,2.70,,
Waitrose Barnet,Beer & Cider,Lagers,Camden Hells Lager 4x330ml,1.32L,£5.38/L,7.10,8.35,15% off
Waitrose Barnet,Beer & Cider,Lagers,Carlsberg Pilsner Beer Cans 4x568ml,2.27L,£2.64/L,6.00,,
Waitrose Barnet,Beer & Cider,Non & Low Alcohol,Clausthaler Unfiltered Dry Hopped Lager Germany 330ml,330ml,£5.45/L,1.80,,
Waitrose Barnet,Beer & Cider,Lagers,Cobra 620ml,620ml,£5.81/L,3.60,,
Waitrose Barnet,Beer & Cider,Cider,Cornish Orchards Golden Cider 5.0% Single Bottle 500ml,500ml,£7.10/L,3.55,,
Waitrose Barnet,Beer & Cider,Non & Low Alcohol,Corona Cero Alcohol Free Beer 4x330ml,1.32L,£5.00/L,6.60,,
Waitrose Barnet,Beer & Cider,Lagers,Corona Extra 12x330ml,3.96L,£4.85/L,19.20,,
Waitrose Barnet,Beer & Cider,Non & Low Alcohol,Erdinger Weissbräu Alcohol Free Wheat Beer 50cl,500ml,£5.40/L,2.70,,
Waitrose Barnet,Beer & Cider,Other Beers,Erdinger Wheat Beer Bottle 500ml,500ml,£6.80/L,3.40,,
Waitrose Barnet,Beer & Cider,Lagers,Estrella Damm Cans 4x440ml,1.76L,£4.94/L,8.70,,
Waitrose Barnet,Beer & Cider,Lagers,Estrella Galicia 4x440ml,1.76L,£4.20/L,7.40,8.70,15% off
Waitrose Barnet,Beer & Cider,Other Beers,Franziskaner Hefe Weissbier Germany 0.5L,500ml,£7.20/L,3.60,,
Waitrose Barnet,Beer & Cider,Non & Low Alcohol,Galipette Non-Alcoholic Cider 0% ABV 330ml,330ml,£5.70/L,1.88,2.35,20% off
Waitrose Barnet,Beer & Cider,Stouts,Guinness Draught 0.0 Alcohol Free Stout Beer Cans 4x440ml,1.76L,£3.92/L,6.90,,
Waitrose Barnet,Beer & Cider,Stouts,Guinness Draught Stout Beer Cans 8x440ml,3.52L,£3.77/L,13.26,15.60,15% off
Waitrose Barnet,Beer & Cider,Cider,Hawkstone Hedgerow Cider 500ml,500ml,£7.80/L,3.90,,
Waitrose Barnet,Beer & Cider,Non & Low Alcohol,Hawkstone Zero Lager 4x330ml,1.32L,£6.59/L,8.70,,
Waitrose Barnet,Beer & Cider,Non & Low Alcohol,Heineken 0.0% Alcohol Free Lager Beer Can x6 Multipack 6x330ml,1.98L,£3.33/L,6.60,,
Waitrose Barnet,Beer & Cider,Cider,Henney's Dry Cider Herefordshire 500ml,500ml,£6.70/L,3.35,,
Waitrose Barnet,Beer & Cider,Cider,Henry Westons Organic Cider 500ml,500ml,£6.60/L,3.30,,
Waitrose Barnet,Beer & Cider,Cider,Henry Westons Vintage Cider 6x500ml,3L,£4.08/L,12.24,15.30,20% off
Waitrose Barnet,Beer & Cider,Cider,Henry Westons Vintage Sparkling Cider 500ml,500ml,£6.60/L,3.30,,
Waitrose Barnet,Beer & Cider,Cider,Inch's Medium Apple Cider Can x4 Multipack 4x440ml,1.76L,£3.92/L,6.90,,
Waitrose Barnet,Beer & Cider,Lagers,Jubel Beer Cut With Peach 440ml,440ml,£8.64/L,3.80,,
Waitrose Barnet,Beer & Cider,Cider,Kopparberg Mixed Fruit Cider 4x330ml,1.32L,£5.30/L,7.00,,
Waitrose Barnet,Beer & Cider,Cider,Kopparberg Premium Variety Pack Cans 10x330ml,3.3L,£4.55/L,15.00,,
Waitrose Barnet,Beer & Cider,Cider,Kopparberg Strawberry & Lime Cider 4x330ml,1.32L,£5.30/L,7.00,,
Waitrose Barnet,Beer & Cider,Non & Low Alcohol,Lucky Saint Alcohol Free Hazy IPA 4x330ml,1.32L,£5.68/L,7.50,,
Waitrose Barnet,Beer & Cider,Non & Low Alcohol,Lucky Saint Alcohol Free Lager 4x330ml,1.32L,£5.68/L,7.50,,
Waitrose Barnet,Beer & Cider,Non & Low Alcohol,Lucky Saint Alcohol Free Superior Lemon Lager 4x330ml,1.32L,£5.68/L,7.50,,
Waitrose Barnet,Beer & Cider,Non & Low Alcohol,Lucky Saint Alcohol Free Unfiltered Lager Cans 10x330ml,3.3L,£5.00/L,16.50,,
Waitrose Barnet,Beer & Cider,Lagers,Madri Excepcional Lager 4x440ml,1.76L,£3.86/L,6.80,8.00,15% off
Waitrose Barnet,Beer & Cider,Non & Low Alcohol,Madri Zero Can 4x440ml,1.76L,£3.58/L,6.30,,
Waitrose Barnet,Beer & Cider,Lagers,Mahou Lager Cans 4x440ml,1.76L,£3.82/L,6.72,8.40,20% off
Waitrose Barnet,Beer & Cider,Lagers,Menabrea Birra Bionda Premium Lager 660ml,660ml,£5.45/L,3.60,,
Waitrose Barnet,Beer & Cider,Lagers,Modelo 4x355ml,1.42L,£6.34/L,9.00,,
Waitrose Barnet,Beer & Cider,Cider,No.1 English Vintage Cider Herefordshire 500ml,500ml,£6.60/L,3.30,,
Waitrose Barnet,Beer & Cider,Cider,Old Mout Cider Kiwi & Lime Bottle Large 500ml,500ml,£6.40/L,3.20,,
Waitrose Barnet,Beer & Cider,Non & Low Alcohol,Outdoor Hydration Lemon Alcohol Free Beer 330ml,330ml,£8.18/L,2.70,,
Waitrose Barnet,Beer & Cider,Lagers,Paulaner Munich Hell Lager 500ml,500ml,£6.80/L,3.40,,
Waitrose Barnet,Beer & Cider,Non & Low Alcohol,Peroni Nastro Azzurro 0.0% Alcohol Free Lager 12x330ml,3.96L,£4.32/L,17.10,,
Waitrose Barnet,Beer & Cider,Non & Low Alcohol,Peroni Nastro Azzurro 0.0% Alcohol Free Lager Bottle 4x330ml,1.32L,£4.09/L,5.40,7.20,25% off
Waitrose Barnet,Beer & Cider,Lagers,Peroni Nastro Azzurro Lager Multipack Bottle 4x330ml,1.32L,£5.45/L,7.20,9.00,20% off
Waitrose Barnet,Beer & Cider,Lagers,Peroni Nastro Azzurro Lager Single Bottle 620ml,620ml,£6.13/L,3.80,,
Waitrose Barnet,Beer & Cider,Non & Low Alcohol,Poretti Alcohol Free Beer 4x330ml,1.32L,£4.55/L,6.00,,
Waitrose Barnet,Beer & Cider,Lagers,Poretti Lager Beer 4x440ml 4x440ml,1.76L,£3.64/L,6.40,8.00,20% off
Waitrose Barnet,Beer & Cider,Cider,Rekorderlig Premium Strawberry & Lime Cider 500ml,500ml,£6.40/L,3.20,,
Waitrose Barnet,Beer & Cider,Lagers,San Miguel Lager Bottles 12x330ml,3.96L,£4.39/L,17.40,,
Waitrose Barnet,Beer & Cider,Lagers,San Miguel Premium Lager 620ml,620ml,£5.81/L,3.60,,
Waitrose Barnet,Beer & Cider,Lagers,Stella Artois Premium Lager Beer Cans 4x440ml,1.76L,£3.92/L,6.90,,
Waitrose Barnet,Beer & Cider,Lagers,Stella Artois Premium Lager Beer Cans Large Pack 10x440ml,4.4L,£3.68/L,16.20,,
Waitrose Barnet,Beer & Cider,Cider,Stowford Press Westons Cider Herefordshire 4x440ml,1.76L,£3.07/L,5.40,,
Waitrose Barnet,Beer & Cider,Cider,Strongbow Original Cider Can x4 Multipack 4x440ml,1.76L,£3.58/L,6.30,,
Waitrose Barnet,Beer & Cider,Cider,Thatchers Haze Cloudy Cider 4x440ml,1.76L,£3.92/L,6.90,,
Waitrose Barnet,Beer & Cider,Non & Low Alcohol,Waitrose Low Alcohol Cider 500ml,500ml,£4.30/L,2.15,,
Waitrose Barnet,Cereal & Cereal Bars,Back to Routine 🎒,Kellogg's Frosties Breakfast Cereal 470g 470g,470g,£7.19/kg,3.38,4.50,25% off
Waitrose Barnet,Cereal & Cereal Bars,Back to Routine 🎒,Nestlé Bitesize Shredded Wheat 625g 625g,625g,£5.70/kg,3.56,4.75,25% off
Waitrose Barnet,Cereal & Cereal Bars,Back to Routine 🎒,Quaker Oat So Simple Golden Syrup Porridge Pot 57g 57g,57g,£28.07/kg,1.60,,3 for £3.60
Waitrose Barnet,Cereal & Cereal Bars,Cereal,Essential Bran Flakes 750g 750g,750g,£2.40/kg,1.80,,
Waitrose Barnet,Cereal & Cereal Bars,Cereal,Essential Corn Flakes 500g 500g,500g,£3.10/kg,1.55,,
Waitrose Barnet,Cereal & Cereal Bars,Cereal,Essential Rice Pops 375g,375g,£4.13/kg,1.55,,
Waitrose Barnet,Cereal & Cereal Bars,Cereal,Essentials Malted Wheats 750g 750g,750g,£2.40/kg,1.80,,
Waitrose Barnet,Cereal & Cereal Bars,Cereal,Kellogg's Coco Pops 420g,420g,£8.05/kg,3.38,4.50,25% off
Waitrose Barnet,Cereal & Cereal Bars,Cereal,Kellogg's Crunchy Nut Breakfast Cereal 460g 460g,460g,£7.35/kg,3.38,4.50,25% off
Waitrose Barnet,Cereal & Cereal Bars,Cereal,Kellogg's Crunchy Nut Breakfast Cereal Large Pack 840g 840g,840g,£7.50/kg,6.30,,
Waitrose Barnet,Cereal & Cereal Bars,Cereal,Kellogg's Krave Chocolate Hazelnut Breakfast Cereal 410g 410g,410g,£10.98/kg,4.50,,
Waitrose Barnet,Cereal & Cereal Bars,Cereal,Kellogg's Krave Milk Chocolate Breakfast Cereal 410g 410g,410g,£10.98/kg,4.50,,
Waitrose Barnet,Cereal & Cereal Bars,Cereal,Kellogg's Rice Krispies 430g 430g,430g,£7.86/kg,3.38,4.50,25% off
Waitrose Barnet,Cereal & Cereal Bars,Cereal,Kellogg's Special K Red Berries Breakfast Cereal 500g 500g,500g,£9.18/kg,4.59,5.40,15% off
Waitrose Barnet,Cereal & Cereal Bars,Cereal,Kelloggs Special K Original 440g 440g,440g,£10.00/kg,4.40,,
Waitrose Barnet,Cereal & Cereal Bars,Cereal,Nature's Path Gluten Free Mesa Sunrise Cereal Flakes 355g,355g,£12.54/kg,4.45,,
Waitrose Barnet,Cereal & Cereal Bars,Cereal,Nestlé Curiously Cinnamon 375g 375g,375g,£8.24/kg,3.09,4.75,35% off
Waitrose Barnet,Cereal & Cereal Bars,Cereal,Nestlé Shreddies The Original 460g 460g,460g,£8.26/kg,3.80,,
Waitrose Barnet,Cereal & Cereal Bars,Cereal,Surreal Mixed Berry Granola 300g,300g,£16.00/kg,4.80,,
Waitrose Barnet,Cereal & Cereal Bars,Cereal,Waitrose Fruit & Fibre Wheat Flakes 750g 750g,750g,£2.93/kg,2.20,,
Waitrose Barnet,Cereal & Cereal Bars,Cereal,Weetabix Minis Chocolate Chip 500g 500g,500g,£6.72/kg,3.36,4.80,30% off
Waitrose Barnet,Cereal & Cereal Bars,"Granola, Muesli & Oats",Alpen No Added Sugar Muesli Breakfast Cereal 550g 550g,550g,£7.18/kg,3.95,,
Waitrose Barnet,Cereal & Cereal Bars,Cereal Bars,Barebells Peanut Butter Protein Bar 55g,55g,£63.64/kg,3.50,,
Waitrose Barnet,Cereal & Cereal Bars,Cereal Bars,BelVita Breakfast Biscuits Soft Bakes Choc Chips 5 Pack 5x50g,250g,£15.40/kg,3.85,,
Waitrose Barnet,Cereal & Cereal Bars,Cereal Bars,Belvita Duo Crunch Strawberry & Yogurt Cereal Snack Bars Multipack 253g,253g,£15.22/kg,3.85,,
Waitrose Barnet,Cereal & Cereal Bars,"Granola, Muesli & Oats",Bio&Me Blueberry Immunity Granola 360g 360g,360g,£13.89/kg,5.00,,
Waitrose Barnet,Cereal & Cereal Bars,Cereal Bars,Bounce Gluten Free Peanut Protein Ball 35g,35g,£61.43/kg,2.15,,
Waitrose Barnet,Cereal & Cereal Bars,Cereal Bars,Cadbury Brunch Chunky Choc Chips 10x28g,280g,£10.71/kg,3.00,,
Waitrose Barnet,Cereal & Cereal Bars,"Granola, Muesli & Oats",Deliciously Ella Gluten Free & Vegan Bircher Muesli 380g,380g,£13.29/kg,5.05,,
Waitrose Barnet,Cereal & Cereal Bars,Cereal Bars,Deliciously Ella Gluten Free & Vegan Cacao & Almond Bars 3x50g,150g,£23.67/kg,3.55,,
Waitrose Barnet,Cereal & Cereal Bars,Cereal Bars,Deliciously Ella Gluten Free & Vegan Hazelnut Oat Bars 3x50g,150g,£23.67/kg,3.55,,
Waitrose Barnet,Cereal & Cereal Bars,"Granola, Muesli & Oats",Deliciously Ella Gluten Free & Vegan Nutty Granola 380g,380g,£13.29/kg,5.05,,
Waitrose Barnet,Cereal & Cereal Bars,Cereal Bars,Deliciously Ella Gluten Free & Vegan Oat Bars Peanut Butter 3x50g,150g,£23.67/kg,3.55,,
Waitrose Barnet,Cereal & Cereal Bars,Cereal Bars,Deliciously Ella Gluten Free Cacao & Almond Bar 40g,40g,£55.00/kg,2.20,,
Waitrose Barnet,Cereal & Cereal Bars,"Granola, Muesli & Oats",Dorset No Added Sugar Strawberry Granola 450g,450g,£11.33/kg,5.10,,
Waitrose Barnet,Cereal & Cereal Bars,"Granola, Muesli & Oats",Dorset Nutty Granola Breakfast Cereal 450g,450g,£11.33/kg,5.10,,
Waitrose Barnet,Cereal & Cereal Bars,"Granola, Muesli & Oats",Dorset Oat Granola Breakfast Cereal 500g,500g,£10.20/kg,5.10,,
Waitrose Barnet,Cereal & Cereal Bars,"Granola, Muesli & Oats",Duchy Organic Jumbo Rolled Oats 1kg 1kg,1kg,£3.60/kg,3.60,,
Waitrose Barnet,Cereal & Cereal Bars,Cereal Bars,Eat Natural Almond & Apricot Yoghurt Coated Multipack 3 Bars 3x40g,120g,£31.67/kg,3.80,,
Waitrose Barnet,Cereal & Cereal Bars,"Granola, Muesli & Oats",Eat Natural Classic Nuts & Seeds Granola Breakfast Cereal 350g 350g,350g,£12.57/kg,4.40,,
Waitrose Barnet,Cereal & Cereal Bars,Cereal Bars,Eat Natural High Fibre Apple Ginger & Dark Chocolate Multipack 3 Bars 3x40g,120g,£31.67/kg,3.80,,
Waitrose Barnet,Cereal & Cereal Bars,"Granola, Muesli & Oats",Eat Natural Low Sugar Granola Breakfast Cereal 350g 350g,350g,£12.57/kg,4.40,,
Waitrose Barnet,Cereal & Cereal Bars,"Granola, Muesli & Oats",Eat Natural Protein Packed Granola Breakfast Cereal 350g 350g,350g,£12.57/kg,4.40,,
Waitrose Barnet,Cereal & Cereal Bars,Cereal Bars,Eat Natural Protein Packed Peanuts & Chocolate Multipack 3 Bars 3x40g,120g,£31.67/kg,3.80,,
Waitrose Barnet,Cereal & Cereal Bars,"Granola, Muesli & Oats",Essential Fruit & Nut Muesli 1kg 1kg,1kg,£3.95/kg,3.95,,
Waitrose Barnet,Cereal & Cereal Bars,"Granola, Muesli & Oats",Essential Porridge Oats 1kg 1kg,1kg,£1.95/kg,1.95,,
Waitrose Barnet,Cereal & Cereal Bars,"Granola, Muesli & Oats",FUEL 10K Chocolate Granola 400g 400g,400g,£11.88/kg,4.75,,
Waitrose Barnet,Cereal & Cereal Bars,Cereal Bars,FULFIL Chocolate Brownie Vitamin & Protein Snack Bar 40g,40g,£73.75/kg,2.95,,
Waitrose Barnet,Cereal & Cereal Bars,Cereal Bars,FULFIL Chocolate Hazelnut Whip Vitamin & Protein Snack Bar 40g,40g,£73.75/kg,2.95,,
Waitrose Barnet,Cereal & Cereal Bars,Cereal Bars,FULFIL Chocolate Peanut Butter Vitamin & Protein Snack Bar 40g,40g,£73.75/kg,2.95,,
Waitrose Barnet,Cereal & Cereal Bars,Cereal Bars,FULFIL Chocolate Salted Caramel Flavour Vitamin & Protein Bar Multipack 3x40g,120g,£60.00/kg,7.20,,
Waitrose Barnet,Cereal & Cereal Bars,"Granola, Muesli & Oats",Flahavan's Organic Jumbo Oats 1kg 1kg,1kg,£3.80/kg,3.80,,
Waitrose Barnet,Cereal & Cereal Bars,"Granola, Muesli & Oats",Flahavan's Organic Porridge Oats 1kg 1kg,1kg,£3.80/kg,3.80,,
Waitrose Barnet,Cereal & Cereal Bars,Cereal Bars,Go Ahead Apple Crispy Fruit Slices Snack Bars 4x43.6g,174.4g,£12.33/kg,2.15,,
Waitrose Barnet,Cereal & Cereal Bars,Cereal Bars,Graze Cherry Bakewell Oat Boosts 4x30g,120g,£29.17/kg,3.50,,
Waitrose Barnet,Cereal & Cereal Bars,Cereal Bars,Grenade Carb Killa Choc Chip Salted Caramel 60g,60g,£58.33/kg,3.50,,
Waitrose Barnet,Cereal & Cereal Bars,Cereal Bars,Grenade Carb Killa White Chocolate Cookie 60g,60g,£58.33/kg,3.50,,
Waitrose Barnet,Cereal & Cereal Bars,"Granola, Muesli & Oats",Jordans Crunchy Oat Granola Raisin & Almond Breakfast Cereal 750g,750g,£6.53/kg,4.90,,
Waitrose Barnet,Cereal & Cereal Bars,Cereal Bars,Jordans Frusli Red Berries 6x25g 6x25g,150g,£19.33/kg,2.90,,
Waitrose Barnet,Cereal & Cereal Bars,"Granola, Muesli & Oats",Jordans No Added Sugar Triple Nut Granola Breakfast Cereal 425g,425g,£10.82/kg,4.60,,£2.99 loyalty card (£7.04/kg)
Waitrose Barnet,Cereal & Cereal Bars,"Granola, Muesli & Oats",Jordans Simply Granola with a Hint of Honey Breakfast Cereal 750g,750g,£4.57/kg,3.43,4.90,30% off
Waitrose Barnet,Cereal & Cereal Bars,"Granola, Muesli & Oats",Jordans Super Berry Granola Breakfast Cereal 500g 500g,500g,£10.80/kg,5.40,,
Waitrose Barnet,Cereal & Cereal Bars,"Granola, Muesli & Oats",Jordans Super Nutty Granola Breakfast Cereal 500g 500g,500g,£10.80/kg,5.40,,
Waitrose Barnet,Cereal & Cereal Bars,Cereal Bars,KIND Dark Chocolate Nuts & Sea Salt 40g,40g,£51.25/kg,2.05,,
Waitrose Barnet,Cereal & Cereal Bars,Cereal Bars,KIND Dark Chocolate Nuts & Sea Salt Cereal Bars 3x30g,90g,£42.22/kg,3.80,,
Waitrose Barnet,Cereal & Cereal Bars,Cereal Bars,KIND Protein Dark Chocolate Nut Snack Bars 3x42g,126g,£38.10/kg,4.80,,
Waitrose Barnet,Cereal & Cereal Bars,"Granola, Muesli & Oats",Kellogg's All-Bran Cereal 750g,750g,£5.53/kg,4.15,,
Waitrose Barnet,Cereal & Cereal Bars,"Granola, Muesli & Oats",Kellogg's Bran Flakes Breakfast Cereal Large Pack 750g 750g,750g,£5.13/kg,3.85,,
Waitrose Barnet,Cereal & Cereal Bars,"Granola, Muesli & Oats",Kellogg's Coco Pops Chocolate Breakfast Cereal 430g 430g,430g,£10.47/kg,4.50,,
Waitrose Barnet,Cereal & Cereal Bars,"Granola, Muesli & Oats",Kellogg's Corn Flakes Breakfast Cereal Large Pack 670g 670g,670g,£6.27/kg,4.20,,
Waitrose Barnet,Cereal & Cereal Bars,"Granola, Muesli & Oats",Kellogg's Fruit 'n Fibre Breakfast Cereal Large Pack 700g 700g,700g,£6.43/kg,4.50,,
Waitrose Barnet,Cereal & Cereal Bars,"Granola, Muesli & Oats",Kellogg's Special K Original Breakfast Cereal Large Pack 750g 750g,750g,£7.20/kg,5.40,,
Waitrose Barnet,Cereal & Cereal Bars,"Granola, Muesli & Oats",Lizi's High Protein Nuts & Seeds Granola 350g 350g,350g,£15.14/kg,5.30,,
Waitrose Barnet,Cereal & Cereal Bars,"Granola, Muesli & Oats",Lizis Organic Granola 350g 350g,350g,£14.57/kg,5.10,,
Waitrose Barnet,Cereal & Cereal Bars,"Granola, Muesli & Oats",MOMA Cranberry & Raisin Jumbo Oat Porridge Pot Gluten Free 70g 70g,70g,£22.86/kg,1.60,,
Waitrose Barnet,Cereal & Cereal Bars,"Granola, Muesli & Oats",Moma Blueberry & Vanilla Porridge Sachets 280g,280g,£14.11/kg,3.95,,
Waitrose Barnet,Cereal & Cereal Bars,Cereal Bars,Nature Valley Crunchy Canadian Maple Syrup Cereal Bars 5x42g,210g,£14.76/kg,3.10,,
Waitrose Barnet,Cereal & Cereal Bars,Cereal Bars,Nature Valley Crunchy Family Pack Variety Cereal Bars 10x42g,420g,£9.71/kg,4.08,4.80,15% off
Waitrose Barnet,Cereal & Cereal Bars,Cereal Bars,Nature Valley Crunchy Oats & Dark Chocolate Cereal Bars 5x42g,210g,£14.76/kg,3.10,,
Waitrose Barnet,Cereal & Cereal Bars,Cereal Bars,Nature Valley Crunchy Oats & Honey Cereal Bars 5x42g,210g,£14.76/kg,3.10,,
Waitrose Barnet,Cereal & Cereal Bars,Cereal Bars,Nature Valley Crunchy Variety Cereal Bars 5x42g,210g,£14.76/kg,3.10,,
Waitrose Barnet,Cereal & Cereal Bars,Cereal Bars,Nature Valley Protein Peanut & Chocolate Cereal Bars 4x40g,160g,£19.00/kg,3.04,3.80,20% off
Waitrose Barnet,Cereal & Cereal Bars,"Granola, Muesli & Oats",Nestlé Bitesize Shredded Wheat 370g 370g,370g,£9.46/kg,3.50,,
Waitrose Barnet,Cereal & Cereal Bars,Cereal Bars,"PhD Smart Protein Bar, Chocolate Brownie 64g",64g,£51.56/kg,3.30,,
Waitrose Barnet,Cereal & Cereal Bars,Cereal Bars,Pip & Nut Dark Chocolate Peanut Protein Bars 3x46g,138g,£35.51/kg,4.90,,
Waitrose Barnet,Cereal & Cereal Bars,"Granola, Muesli & Oats",Quaker Banana Sachets 10x38.4g,384g,£11.72/kg,4.50,,
Waitrose Barnet,Cereal & Cereal Bars,"Granola, Muesli & Oats",Quaker Mango & Passionfruit Granola 400g,400g,£11.25/kg,4.50,,
Waitrose Barnet,Cereal & Cereal Bars,"Granola, Muesli & Oats",Quaker No Added Sugar Granola 400g,400g,£9.88/kg,3.95,,
Waitrose Barnet,Cereal & Cereal Bars,"Granola, Muesli & Oats",Quaker Oat So Simple Golden Syrup Porridge Sachets 360g 360g,360g,£12.64/kg,4.55,,
Waitrose Barnet,Cereal & Cereal Bars,"Granola, Muesli & Oats",Quaker Oat So Simple Original Porridge Sachets 270g 270g,270g,£16.85/kg,4.55,,
Waitrose Barnet,Cereal & Cereal Bars,"Granola, Muesli & Oats",Quaker Rolled Porridge Oats 1kg 1kg,1kg,£3.85/kg,3.85,,
Waitrose Barnet,Cereal & Cereal Bars,Cereal Bars,Stoats 4 Blueberry & Honey Porridge Oat Bars 4x42g,168g,£18.15/kg,3.05,,
Waitrose Barnet,Cereal & Cereal Bars,Cereal Bars,TREK Cocoa & Oat Protein Flapjacks 3x50g,150g,£30.33/kg,4.55,,
Waitrose Barnet,Cereal & Cereal Bars,Cereal Bars,TREK Gluten Free Salted Caramel Protein Flapjack 50g,50g,£46.00/kg,2.30,,£1.27 loyalty card (£25.40/kg)
Waitrose Barnet,Cereal & Cereal Bars,Cereal Bars,TREK Salted Caramel Protein Flapjacks 3x50g,150g,£30.33/kg,4.55,,
Waitrose Barnet,Cereal & Cereal Bars,"Granola, Muesli & Oats",Waitrose Berry Granola 1Kg 1Kg,1kg,£3.60/kg,3.60,,
Waitrose Barnet,Cereal & Cereal Bars,"Granola, Muesli & Oats",Waitrose Free From Gluten Free Porridge Oats 400g,400g,£6.25/kg,2.50,,
Waitrose Barnet,Cereal & Cereal Bars,"Granola, Muesli & Oats",Waitrose Porridge 250g,250g,£9.60/kg,2.40,,
Waitrose Barnet,Cereal & Cereal Bars,Cereal Bars,Weetabix 12 pack 12s 12s,12pk,£0.21 each,2.50,,
Waitrose Barnet,Cereal & Cereal Bars,Cereal Bars,Weetabix 24s,24pk,£0.18 each,4.20,,
Waitrose Barnet,Cereal & Cereal Bars,Cereal Bars,Weetabix 48 pack 48s 48s,48pk,£0.14 each,6.95,,
Waitrose Barnet,Cereal & Cereal Bars,"Granola, Muesli & Oats",Wolfys Protein Boosted Porridge Pot 91g 91g,91g,£23.63/kg,2.15,,
Waitrose Barnet,Cereal & Cereal Bars,Cereal Bars,nakd Blueberry Muffin 4x35g,140g,£19.00/kg,2.66,3.80,30% off
Waitrose Barnet,Cheese,Back to Routine 🎒,Cheestrings Strings & Things Lunchbox Snack Cheese 160g,160g,£23.75/kg,3.80,,
Waitrose Barnet,Cheese,Back to Routine 🎒,Philadelphia Light Soft Cheese 165g,165g,£16.97/kg,2.80,,
Waitrose Barnet,Cheese,Back to Routine 🎒,Philadelphia Original Soft Cheese 165g,165g,£16.97/kg,2.80,,
Waitrose Barnet,Cheese,"Brie, Camembert & Soft Cheese",Castello Extra Creamy Brie Cheese 200g,200g,£17.75/kg,3.55,,
Waitrose Barnet,Cheese,"Brie, Camembert & Soft Cheese",Essential French Brie Cheese Strength 2 200g,200g,£11.00/kg,2.20,,
Waitrose Barnet,Cheese,"Brie, Camembert & Soft Cheese",Le Rustique Camembert Cheese 250g,250g,£15.80/kg,3.95,,
Waitrose Barnet,Cheese,"Brie, Camembert & Soft Cheese",Le Rustique le Bon Brie Cheese 200g,200g,£18.00/kg,3.60,,
Waitrose Barnet,Cheese,"Brie, Camembert & Soft Cheese",No. 1 Berthaut's Epoisses AOP French Soft Cheese Strength 6 250g,250g,£36.20/kg,9.05,,
Waitrose Barnet,Cheese,"Brie, Camembert & Soft Cheese",President French Brie Cheese 200g,200g,£18.50/kg,3.70,,
Waitrose Barnet,Cheese,"Brie, Camembert & Soft Cheese",President French Camembert Cheese 250g,250g,£14.00/kg,3.50,,
Waitrose Barnet,Cheese,"Brie, Camembert & Soft Cheese",Waitrose British Somerset Brie Cheese Strength 2 230g,230g,£17.83/kg,4.10,,
Waitrose Barnet,Cheese,"Brie, Camembert & Soft Cheese",Waitrose French Ripe Brie Cheese Strength 5 170g,170g,£21.18/kg,3.60,,
Waitrose Barnet,Cheese,Cheddar,Arla Lactofree Lactose Free Mature Cheddar Cheese 200g,200g,£16.00/kg,3.20,,
Waitrose Barnet,Cheese,Cheddar,Belton Farm Silver Fox Vintage Cheddar 200g,200g,£20.50/kg,4.10,,
Waitrose Barnet,Cheese,Cheddar,Cathedral City Extra Mature Cheddar Cheese Large 550g,550g,£12.64/kg,6.95,,
Waitrose Barnet,Cheese,Cheddar,Cathedral City Mature Cheddar Cheese 350g,350g,£12.14/kg,4.25,,
Waitrose Barnet,Cheese,Cheddar,Cathedral City Mature Cheddar Cheese Large 550g,550g,£12.64/kg,6.95,,
Waitrose Barnet,Cheese,Cheddar,Essential 30% Reduced Fat Extra Mature Cheddar Cheese Strength 6 350g,350g,£9.43/kg,3.30,,
Waitrose Barnet,Cheese,Cheddar,Essential 30% Reduced Fat Mature Sliced Cheddar Cheese Strength 4 250g,250g,£13.60/kg,3.40,,
Waitrose Barnet,Cheese,Cheddar,Essential 50% Reduced Fat Mature British Cheddar 350g,350g,£9.43/kg,3.30,,
Waitrose Barnet,Cheese,Cheddar,Essential Extra Mature Cheddar Cheese Strength 6 350g,350g,£9.43/kg,3.30,,
Waitrose Barnet,Cheese,Cheddar,Essential Extra Mature Cheddar Cheese Strength 6 Large 550g,550g,£8.73/kg,4.80,,
Waitrose Barnet,Cheese,Cheddar,Essential Mature Cheddar Cheese Strength 4 350g,350g,£9.43/kg,3.30,,
Waitrose Barnet,Cheese,Cheddar,Essential Mature Cheddar Cheese Strength 4 Extra Large 750g,750g,£8.00/kg,6.00,,
Waitrose Barnet,Cheese,Cheddar,Essential Mature Cheddar Cheese Strength 4 Large 550g,550g,£8.73/kg,4.80,,
Waitrose Barnet,Cheese,Cheddar,Essential Medium Cheddar Cheese Strength 3 Extra Large 750g,750g,£8.00/kg,6.00,,
Waitrose Barnet,Cheese,Cheddar,Essential Medium Cheddar Cheese Strength 3 Large 550g,550g,£8.73/kg,4.80,,
Waitrose Barnet,Cheese,Cheddar,Essential Mild Cheddar Cheese Strength 2 Large 550g,550g,£8.73/kg,4.80,,
Waitrose Barnet,Cheese,Cheddar,No. 1 Cornish Quartz Vintage Reserve Mature Cheddar Cheese Strength 7 200g,200g,£21.00/kg,4.20,,
Waitrose Barnet,Cheese,Cheddar,No. 1 Mature Wookey Hole Cheddar Cheese Strength 5 200g,200g,£21.00/kg,4.20,,
Waitrose Barnet,Cheese,Cheddar,Waitrose Davidstow Cornish Mature Cheddar Cheese Strength 5 350g,350g,£14.57/kg,5.10,,
Waitrose Barnet,Cheese,Cheddar,Waitrose Davidstow Cornish Mature Cheddar Cheese Strength 6 350g,350g,£14.57/kg,5.10,,
Waitrose Barnet,Cheese,Cheddar,Waitrose Davidstow Cornish Vintage Mature Cheddar Cheese Strength 7 350g,350g,£14.57/kg,5.10,,
Waitrose Barnet,Cheese,Cheese Snacks,Babybel Original Mini Lunchbox Snack Cheese 6x20g,120g,£25.83/kg,3.10,,
Waitrose Barnet,Cheese,Speciality & Other Cheese,Castello Creamy Blue Cheese Strength 4 150g,150g,£23.67/kg,3.55,,
Waitrose Barnet,Cheese,Cheese Snacks,Cathedral City Mini Mature Cheddar Cheeses 6x20g,120g,£22.50/kg,2.70,,
Waitrose Barnet,Cheese,Feta & Goats Cheese,Chavroux Soft Ripened Goats Cheese Log 150g,150g,£24.00/kg,3.60,,
Waitrose Barnet,Cheese,Cheese Snacks,Dairylea Dunkers Jumbo Tubes Cheese Snacks 3 Pack Multipack 3x41g,123g,£22.76/kg,2.80,,
Waitrose Barnet,Cheese,Cheese Snacks,Dairylea Lunchers Ham 'n' Cheese Lunchbox Snack Cheese 65g,65g,£32.31/kg,2.10,,
Waitrose Barnet,Cheese,Speciality & Other Cheese,Duchy Organic Aged Red Leicester 200g,200g,£21.00/kg,4.20,,
Waitrose Barnet,Cheese,Speciality & Other Cheese,Duchy Organic Cypriot Halloumi 250g,250g,£18.20/kg,4.55,,
Waitrose Barnet,Cheese,Spreadable Cheese,Duchy Organic Soft Cheese Strength 1 250g,250g,£11.60/kg,2.90,,
Waitrose Barnet,Cheese,Spreadable Cheese,Essential 50% Reduced Fat Soft Cheese Strength 1 250g,250g,£7.20/kg,1.80,,
Waitrose Barnet,Cheese,Speciality & Other Cheese,Essential Fat Free Cottage Cheese 300g,300g,£7.00/kg,2.10,,
Waitrose Barnet,Cheese,Speciality & Other Cheese,Essential Italian Ricotta Cheese Strength 1 250g,250g,£7.60/kg,1.90,,
Waitrose Barnet,Cheese,Feta & Goats Cheese,Essential Light Salad Greek Cheese Strength 3 200g,200g,£12.50/kg,2.50,,
Waitrose Barnet,Cheese,Grated & Sliced Cheese,Essential Mature Grated Cheddar Cheese Strength 4 250g,250g,£13.40/kg,3.35,,
Waitrose Barnet,Cheese,Grated & Sliced Cheese,Essential Mature Grated Cheddar Cheese Strength 4 Large 500g,500g,£11.90/kg,5.95,,
Waitrose Barnet,Cheese,Grated & Sliced Cheese,Essential Mature Sliced Cheddar Cheese Strength 4 250g,250g,£13.60/kg,3.40,,
Waitrose Barnet,Cheese,Grated & Sliced Cheese,Essential Medium Grated Cheddar Cheese Strength 3 250g,250g,£13.40/kg,3.35,,
Waitrose Barnet,Cheese,Grated & Sliced Cheese,Essential Medium Sliced Cheddar Cheese Strength 3 250g,250g,£11.40/kg,2.85,,
Waitrose Barnet,Cheese,Grated & Sliced Cheese,Essential Sliced Cheese for Burgers Strength 2 200g,200g,£9.25/kg,1.85,,
Waitrose Barnet,Cheese,Grated & Sliced Cheese,Essential Sliced Gouda Cheese Strength 2 250g,250g,£14.80/kg,3.70,,
Waitrose Barnet,Cheese,Grated & Sliced Cheese,Essential Sliced Mozzarella Cheese Strength 1 250g,250g,£14.40/kg,3.60,,
Waitrose Barnet,Cheese,Spreadable Cheese,Essential Soft Cheese Strength 1 250g,250g,£7.20/kg,1.80,,
Waitrose Barnet,Cheese,Grated & Sliced Cheese,Essential Waitrose Grana Padano DOP Grated Cheese 80g,80g,£34.38/kg,2.75,,
Waitrose Barnet,Cheese,Speciality & Other Cheese,Galbani Italian Dolcelatte Mild Blue Cheese 150g,150g,£25.33/kg,3.80,,
Waitrose Barnet,Cheese,Mozzarella & Burrata,Galbani Maxi Italian Mozzarella Cheese 390g,250g,£14.80/kg,3.70,,
Waitrose Barnet,Cheese,Grated & Sliced Cheese,Jarlsberg Original Slices 160g,160g,£19.06/kg,3.05,,
Waitrose Barnet,Cheese,Speciality & Other Cheese,Lancashire Farm Authentic Paneer Soft Cheese 200g,200g,£15.50/kg,3.10,,
Waitrose Barnet,Cheese,Grated & Sliced Cheese,Leerdammer Light Sliced Cheese 160g,160g,£18.75/kg,3.00,,
Waitrose Barnet,Cheese,Grated & Sliced Cheese,Leerdammer Original Sliced Cheese 160g,160g,£18.75/kg,3.00,,
Waitrose Barnet,Cheese,Speciality & Other Cheese,Lindahls Protein Cottage Cheese 175g,175g,£10.29/kg,1.80,,
Waitrose Barnet,Cheese,Feta & Goats Cheese,No. 1 Barrel Aged Greek Feta Cheese PDO Strength 4 2x100g,200g,£23.75/kg,4.75,,
Waitrose Barnet,Cheese,Speciality & Other Cheese,No. 1 Cropwell Bishop PDO Blue Stilton Cheese Strength 5 200g,200g,£25.50/kg,5.10,,
Waitrose Barnet,Cheese,Speciality & Other Cheese,No. 1 Halloumi Cheese with Mint Strength 2 250g,250g,£19.60/kg,4.90,,
Waitrose Barnet,Cheese,Mozzarella & Burrata,No. 1 Italian Burrata Cheese 285g,150g,£27.33/kg,4.10,,
Waitrose Barnet,Cheese,Mozzarella & Burrata,No. 1 Mozzarella Di Bufala Campana DOP Italian Mozzarella Cheese Strength 2 290g,125g,£29.60/kg,3.70,,
Waitrose Barnet,Cheese,Feta & Goats Cheese,No.1 Odysea Greek Sheep's Mik Feta PDO 200g,200g,£21.00/kg,4.20,,
Waitrose Barnet,Cheese,Speciality & Other Cheese,No.1 Ossau Iraty AOP French Sheep's Cheese Strength 4 180g,180g,£33.33/kg,6.00,,
Waitrose Barnet,Cheese,Feta & Goats Cheese,Odysea Organic Feta Cheese PDO 200g,200g,£21.25/kg,4.25,,
Waitrose Barnet,Cheese,Spreadable Cheese,Paysan Breton Creamy French Soft Cheese with Sea Salt 150g,150g,£21.33/kg,3.20,,
Waitrose Barnet,Cheese,Speciality & Other Cheese,Philadelphia Plant Based Soft Cream Cheese Vegan and Dairy-free Tub 145g,145g,£24.48/kg,3.55,,
Waitrose Barnet,Cheese,Grated & Sliced Cheese,Port Salut French Sliced Cheese 120g,120g,£29.17/kg,3.50,,
Waitrose Barnet,Cheese,Speciality & Other Cheese,President Emmental Cheese Block 200g,200g,£14.50/kg,2.90,,
Waitrose Barnet,Cheese,Grated & Sliced Cheese,President Grated Emmental Cheese 200g,200g,£18.00/kg,3.60,,
Waitrose Barnet,Cheese,Speciality & Other Cheese,Saint Agur Blue Cheese 150g,150g,£28.00/kg,4.20,,
Waitrose Barnet,Cheese,Feta & Goats Cheese,St Helen's Farm Mature Goats Cheese 170g,170g,£29.71/kg,5.05,,
Waitrose Barnet,Cheese,Speciality & Other Cheese,Violife Original Slices Vegan Cheese Alternative 175g,175g,£22.29/kg,3.90,,
Waitrose Barnet,Cheese,Speciality & Other Cheese,Waitrose 30% Reduced Fat Cypriot Grilling Cheese 250g,250g,£12.40/kg,3.10,,
Waitrose Barnet,Cheese,Sizzle & Save 🔥,Waitrose BBQ 2 Herby Halloumi Kebabs 240g,240g,£27.50/kg,6.60,,3 for £15
Waitrose Barnet,Cheese,Speciality & Other Cheese,Waitrose Belton Red Leicester Cheese Strength 3 250g,250g,£14.40/kg,3.60,,
Waitrose Barnet,Cheese,Grated & Sliced Cheese,Waitrose Blue Stilton Cheese Slices 120g,120g,£25.00/kg,3.00,,
Waitrose Barnet,Cheese,Feta & Goats Cheese,Waitrose British Soft Goats Cheese 125g,125g,£26.40/kg,3.30,,
Waitrose Barnet,Cheese,Speciality & Other Cheese,Waitrose Cypriot Halloumi Cheese Strength 1 250g,250g,£14.40/kg,3.60,,
Waitrose Barnet,Cheese,Speciality & Other Cheese,Waitrose German Cambozola 170g,170g,£23.24/kg,3.95,,
Waitrose Barnet,Cheese,Parmesan,Waitrose Grana Padano DOP Cheese Strength 4 175g,175g,£22.57/kg,3.95,,
Waitrose Barnet,Cheese,Grated & Sliced Cheese,Waitrose Grated Cheddar & Mozzarella Cheese Strength 2 250g,250g,£14.00/kg,3.50,,
Waitrose Barnet,Cheese,Grated & Sliced Cheese,Waitrose Grated Mozzarella Cheese Strength 1 250g,250g,£13.40/kg,3.35,,
Waitrose Barnet,Cheese,Feta & Goats Cheese,Waitrose Greek Feta Cheese Strength 3 200g,200g,£19.50/kg,3.90,,
Waitrose Barnet,Cheese,Mozzarella & Burrata,Waitrose Italian Mozzarella Cheese Strength 1 270g,150g,£13.67/kg,2.05,,
Waitrose Barnet,Cheese,Mozzarella & Burrata,Waitrose Italian Mozzarella Cheese Strength 1 Large 2 x 125g,250g,£13.00/kg,3.25,,
Waitrose Barnet,Cheese,Feta & Goats Cheese,Waitrose Lactose Free Greek Feta Cheese Strength 3 200g,200g,£15.00/kg,3.00,,
Waitrose Barnet,Cheese,Speciality & Other Cheese,Waitrose Long Clawson Stilton Cheese Strength 4 Large 227g,227g,£23.35/kg,5.30,,
Waitrose Barnet,Cheese,Parmesan,Waitrose Parmigiano Reggiano DOP Parmesan Cheese Strength 5 175g,175g,£29.14/kg,5.10,,
Waitrose Barnet,Cheese,Grated & Sliced Cheese,Waitrose Parmigiano Reggiano DOP Shaved Parmesan Cheese Strength 6 80g,80g,£45.00/kg,3.60,,
Waitrose Barnet,Cheese,Parmesan,Waitrose Pecorino Romano DOP Cheese Strength 5 175g,175g,£28.86/kg,5.05,,
Waitrose Barnet,Cheese,Speciality & Other Cheese,Waitrose Swiss Le Gruyere Reserve AOP Gruyere Cheese Strength 5 200g,200g,£30.00/kg,6.00,,
Waitrose Barnet,Cheese,Speciality & Other Cheese,Waitrose Yorkshire Wensleydale Cheese with Cranberry Strength 2 200g,200g,£18.00/kg,3.60,,
Waitrose Barnet,Cheese,Grated & Sliced Cheese,essential Waitrose grated Parmigiano Reggiano cheese 80g,80g,£36.25/kg,2.90,,
Waitrose Barnet,Chocolate & Sweets,Back to Routine 🎒,McVitie's Club Orange Biscuit Bars Multipack 154g,154g,£11.36/kg,1.75,2.50,30% off
Waitrose Barnet,Chocolate & Sweets,Back to Routine 🎒,Nestlé KitKat 2 Finger Dark 8 Bars 8x20.7g,165.6g,£11.78/kg,1.95,3.00,35% off
Waitrose Barnet,Chocolate & Sweets,Back to Routine 🎒,Nestlé KitKat 2 Finger Original 8 Bars 8x20.7g,165.6g,£11.78/kg,1.95,3.00,35% off
Waitrose Barnet,Chocolate & Sweets,Chewing Gum & Mints,Extra Bubblemint Chewing Gum Sugar Free Bottle 64g,64g,£50.00/kg,3.20,,
Waitrose Barnet,Chocolate & Sweets,Chewing Gum & Mints,Nuud Plastic Free Peppermint Gum 9s 18g,18g,£100.00/kg,1.80,,
Waitrose Barnet,Chocolate & Sweets,Chewing Gum & Mints,Smint XXL Peppermint 35g,35g,£60.00/kg,2.10,,
Waitrose Barnet,Chocolate & Sweets,Chewing Gum & Mints,Wrigleys Extra Cool Breeze 46pc 46s,46pk,£0.08 each,3.70,,
Waitrose Barnet,Chocolate & Sweets,Chewing Gum & Mints,Wrigleys Extra Peppermint 46pc 46Each,1pk,£3.70 each,3.70,,
Waitrose Barnet,Chocolate & Sweets,Chewing Gum & Mints,Wrigleys Extra Spearmint 46pc 46s,1pk,£3.70 each,3.70,,
Waitrose Barnet,Chocolate & Sweets,Chocolate Pouches & Bags,Aero Bubbles Peppermint Mint Chocolate Sharing Bag 92g,92g,£27.17/kg,2.50,,
Waitrose Barnet,Chocolate & Sweets,Chocolate Bars,"Arnotts Tim Tam Chewy Caramel Milk Chocolatey Biscuits, 9 Bars, 175g 175g",175g,£12.86/kg,2.25,3.00,25% off
Waitrose Barnet,Chocolate & Sweets,Chocolate Bars,Bahlsen Ohne Gleichen Milk Praline Wafer 125g,125g,£16.16/kg,2.02,3.10,35% off
Waitrose Barnet,Chocolate & Sweets,Chocolate Bars,Bahlsen PiCK UP! Dark Chocolate Biscuits 5x28g,140g,£12.50/kg,1.75,2.50,30% off
Waitrose Barnet,Chocolate & Sweets,Chocolate Bars,Bahlsen PiCK UP! Milk Chocolate Biscuits 5x28g,140g,£12.50/kg,1.75,2.50,30% off
Waitrose Barnet,Chocolate & Sweets,Chocolate Boxes & Gifts,Bendicks Bittermints 200g,200g,£42.00/kg,8.40,,
Waitrose Barnet,Chocolate & Sweets,Chocolate Boxes & Gifts,Bendicks Mint Collection 200g,200g,£42.00/kg,8.40,,
Waitrose Barnet,Chocolate & Sweets,Chocolate Boxes & Gifts,Booja-Booja The Signature Collection 184g,184g,£97.83/kg,18.00,,
Waitrose Barnet,Chocolate & Sweets,Chocolate Boxes & Gifts,Butlers The Chocolate Box 320g,320g,£46.88/kg,15.00,,
Waitrose Barnet,Chocolate & Sweets,Chocolate Bars,Cadbury Bournville Classic Dark Chocolate Bar 180g,180g,£13.00/kg,2.34,3.60,35% off
Waitrose Barnet,Chocolate & Sweets,Chocolate Bars,Cadbury Crunchie Chocolate Bar 40g,40g,£35.00/kg,1.40,,
Waitrose Barnet,Chocolate & Sweets,Chocolate Bars,Cadbury Curly Wurly Chocolate Bar Multipack 4 pack 4x21.5g,86g,£26.74/kg,2.30,,
Waitrose Barnet,Chocolate & Sweets,Chocolate Bars,Cadbury Dairy Milk &More Nutty Praline Crisp Chocolate Bar 180g,180g,£25.28/kg,4.55,,
Waitrose Barnet,Chocolate & Sweets,Chocolate Bars,Cadbury Dairy Milk Caramel Chocolate Bar 180g,180g,£20.00/kg,3.60,,£2.34 loyalty card (£13.00/kg)
Waitrose Barnet,Chocolate & Sweets,Chocolate Bars,Cadbury Dairy Milk Chocolate Bar 345g,345g,£22.61/kg,7.80,,
Waitrose Barnet,Chocolate & Sweets,Chocolate Bars,Cadbury Dairy Milk Chocolate Bar 4 Pack Multipack 4x33.5g,134g,£24.25/kg,3.25,,
Waitrose Barnet,Chocolate & Sweets,Chocolate Bars,Cadbury Dairy Milk Classic Chocolate Bar 180g,180g,£20.00/kg,3.60,,£2.34 loyalty card (£13.00/kg)
Waitrose Barnet,Chocolate & Sweets,Chocolate Bars,Cadbury Dairy Milk Freddo Chocolate Bars 4x18g,72g,£31.94/kg,2.30,,
Waitrose Barnet,Chocolate & Sweets,Chocolate Bars,Cadbury Dairy Milk Fruit & Nut Chocolate Bar 110g,110g,£24.09/kg,2.65,,
Waitrose Barnet,Chocolate & Sweets,Chocolate Pouches & Bags,Cadbury Dairy Milk Giant Buttons Chocolate Bag 100g,100g,£24.00/kg,2.40,,
Waitrose Barnet,Chocolate & Sweets,Chocolate Pouches & Bags,Cadbury Dairy Milk Giant Buttons Chocolate Bag Single 40g,40g,£35.00/kg,1.40,,
Waitrose Barnet,Chocolate & Sweets,Chocolate Pouches & Bags,Cadbury Dairy Milk Giant Buttons Sharing Chocolate Bag 175g,175g,£20.57/kg,3.60,4.50,20% off
Waitrose Barnet,Chocolate & Sweets,Chocolate Bars,Cadbury Dairy Milk Marvellous Creations Jelly Popping Candy Chocolate Bar 160g,160g,£14.63/kg,2.34,3.60,35% off
Waitrose Barnet,Chocolate & Sweets,Chocolate Bars,Cadbury Dairy Milk Wholenut Chocolate Bar 120g,120g,£22.08/kg,2.65,,
Waitrose Barnet,Chocolate & Sweets,Chocolate Bars,Cadbury Dairy Milk Wholenut Chocolate Bar 180g,180g,£13.00/kg,2.34,3.60,35% off
Waitrose Barnet,Chocolate & Sweets,Chocolate Boxes & Gifts,Cadbury Mini Snowballs Milk Chocolates Bag 74g,74g,£27.03/kg,2.00,,
Waitrose Barnet,Chocolate & Sweets,Chocolate Bars,Cadbury Twirl Milk Chocolate 3 Pack Multipack 3x43g,129g,£25.19/kg,3.25,,
Waitrose Barnet,Chocolate & Sweets,Chocolate Bars,Cadbury Wispa Chocolate Bar 4 Pack Multipack 4x27.9g,111.6g,£29.12/kg,3.25,,
Waitrose Barnet,Chocolate & Sweets,Snacks😋,Candy Kittens Sour Watermelon 140g,140g,£23.57/kg,3.30,,
Waitrose Barnet,Chocolate & Sweets,Snacks😋,Candy Kittens Wild Strawberry 140g,140g,£23.57/kg,3.30,,
Waitrose Barnet,Chocolate & Sweets,Chocolate Boxes & Gifts,Celebrations Box 300g,300g,£24.83/kg,7.45,,
Waitrose Barnet,Chocolate & Sweets,Sweets,Cooks Ingredients Mini Pink & White Marshmallows 150g,150g,£14.00/kg,2.10,,
Waitrose Barnet,Chocolate & Sweets,Chocolate Pouches & Bags,Deliciously Ella Vegan Salted Chocolate Almonds 75g,75g,£55.33/kg,4.15,,
Waitrose Barnet,Chocolate & Sweets,Chocolate Boxes & Gifts,Ferrero Rocher Gift Box of Chocolates 24 Pieces 300g,300g,£50.00/kg,15.00,,
Waitrose Barnet,Chocolate & Sweets,Sweets,Fruit Bowl Strawberry Yogurt Flakes 5x18g,90g,£33.89/kg,3.05,,
Waitrose Barnet,Chocolate & Sweets,Sweets,Fruittella Strawberry Chewy Sweets Stick 41g 41g,41g,£23.17/kg,0.95,,
Waitrose Barnet,Chocolate & Sweets,Chocolate Bars,Fry's Turkish Delight Chocolate Bar 3 Pack Multipack 3x51g,153g,£16.99/kg,2.60,,
Waitrose Barnet,Chocolate & Sweets,Chocolate Bars,Galaxy Milk 100g,100g,£30.00/kg,3.00,,
Waitrose Barnet,Chocolate & Sweets,Chocolate Pouches & Bags,Galaxy Minstrels 195g,195g,£25.90/kg,5.05,,
Waitrose Barnet,Chocolate & Sweets,Chocolate Bars,Galaxy Smooth Milk Chocolate 360g,360g,£21.67/kg,7.80,,
Waitrose Barnet,Chocolate & Sweets,Chocolate Bars,Green & Black's Organic 30% White Chocolate Bar 90g,90g,£46.67/kg,4.20,,
Waitrose Barnet,Chocolate & Sweets,Chocolate Bars,Green & Black's Organic 37% Milk Chocolate Bar 90g,90g,£37.33/kg,3.36,4.20,20% off
Waitrose Barnet,Chocolate & Sweets,Chocolate Bars,Green & Black's Organic 70% Dark Chocolate Bar 90g,90g,£37.33/kg,3.36,4.20,20% off
Waitrose Barnet,Chocolate & Sweets,Chocolate Bars,Green & Black's Organic 85% Dark Chocolate Bar 90g,90g,£37.33/kg,3.36,4.20,20% off
Waitrose Barnet,Chocolate & Sweets,Chocolate Bars,Green & Black's Organic Butterscotch Milk Chocolate Bar 90g,90g,£46.67/kg,4.20,,
Waitrose Barnet,Chocolate & Sweets,Chocolate Boxes & Gifts,Green & Black's Organic Classic Miniature Bar Gifting Collection 180g,180g,£60.00/kg,10.80,,
Waitrose Barnet,Chocolate & Sweets,Chocolate Bars,Green & Black's Organic Smooth Dark Chocolate Mint Bar 90g,90g,£46.67/kg,4.20,,
Waitrose Barnet,Chocolate & Sweets,Chocolate Boxes & Gifts,Green & Black's Organic Tasting Collection Chocolate Gift Box 360g,360g,£53.33/kg,19.20,,
Waitrose Barnet,Chocolate & Sweets,Sweets,Haribo Maoam Stripes 140g,140g,£11.43/kg,1.60,,
Waitrose Barnet,Chocolate & Sweets,Sweets,Haribo Starmix 175g,175g,£10.29/kg,1.80,,
Waitrose Barnet,Chocolate & Sweets,Sweets,Haribo Starmix 352g,352g,£11.22/kg,3.95,,
Waitrose Barnet,Chocolate & Sweets,Sweets,Haribo Supermix Sweets Bag 175g,175g,£10.29/kg,1.80,,
Waitrose Barnet,Chocolate & Sweets,Sweets,Kinnerton Chocolate Lollipop 22g,22g,£54.55/kg,1.20,,
Waitrose Barnet,Chocolate & Sweets,Chocolate Boxes & Gifts,Lily O'Brien's Desserts Collection 210g,210g,£57.14/kg,12.00,,
Waitrose Barnet,Chocolate & Sweets,Chocolate Bars,Lindt Excellence Dark 70% Cocoa Chocolate Bar 100g,100g,£42.00/kg,4.20,,
Waitrose Barnet,Chocolate & Sweets,Chocolate Bars,Lindt Excellence Dark 85% Cocoa Chocolate Bar 100g,100g,£42.00/kg,4.20,,
Waitrose Barnet,Chocolate & Sweets,Chocolate Bars,Lindt Excellence Dark Mint Chocolate Bar 100g,100g,£42.00/kg,4.20,,
Waitrose Barnet,Chocolate & Sweets,Chocolate Bars,Lindt Excellence Dark Orange with Almonds Chocolate Bar 100g,100g,£42.00/kg,4.20,,
Waitrose Barnet,Chocolate & Sweets,Chocolate Bars,Lindt Excellence Dark Sea Salt Chocolate Bar 100g,100g,£42.00/kg,4.20,,
Waitrose Barnet,Chocolate & Sweets,Chocolate Bars,Lindt Excellence Milk Extra Creamy Chocolate Bar 100g,100g,£42.00/kg,4.20,,
Waitrose Barnet,Chocolate & Sweets,Chocolate Boxes & Gifts,Lindt Les Grandes Milk Chocolate Hazelnut Bar 150g,150g,£40.00/kg,6.00,,
Waitrose Barnet,Chocolate & Sweets,Chocolate Boxes & Gifts,Lindt Lindor Assorted Chocolate Truffles Box 200g 200g,200g,£45.00/kg,9.00,,
Waitrose Barnet,Chocolate & Sweets,Chocolate Boxes & Gifts,Lindt Lindor Assorted Chocolate Truffles Box 337g,337g,£42.73/kg,14.40,,
Waitrose Barnet,Chocolate & Sweets,Chocolate Bars,Lindt Lindor Milk Chocolate Bar 100g,100g,£36.00/kg,3.60,,
Waitrose Barnet,Chocolate & Sweets,Chocolate Bars,Lindt Lindor Milk Chocolate Treat Bar 38g,38g,£44.74/kg,1.70,,
Waitrose Barnet,Chocolate & Sweets,Chocolate Boxes & Gifts,Lindt Lindor Milk Chocolate Truffles Box 137g,137g,£48.18/kg,6.60,,
Waitrose Barnet,Chocolate & Sweets,Chocolate Boxes & Gifts,Lindt Lindor Milk Chocolate Truffles Box 200g,200g,£45.00/kg,9.00,,
Waitrose Barnet,Chocolate & Sweets,Chocolate Boxes & Gifts,Lindt Lindor Pistachio Milk Chocolate Truffles Box 200g,200g,£45.00/kg,9.00,,
Waitrose Barnet,Chocolate & Sweets,Chocolate Boxes & Gifts,Lindt Lindor White Chocolate Truffles Box 200g,200g,£45.00/kg,9.00,,
Waitrose Barnet,Chocolate & Sweets,Chocolate Boxes & Gifts,Lindt Swiss Luxury Chocolate Selection 193g,193g,£74.61/kg,14.40,,
Waitrose Barnet,Chocolate & Sweets,Chocolate Pouches & Bags,Maltesers Chocolate Bag 37g,37g,£40.54/kg,1.50,,
Waitrose Barnet,Chocolate & Sweets,Chocolate Pouches & Bags,Maltesers Chocolate Box 310g,310g,£28.06/kg,8.70,,
Waitrose Barnet,Chocolate & Sweets,Chocolate Pouches & Bags,Maltesers Chocolate More To Share Pouch 158g,158g,£31.96/kg,5.05,,
Waitrose Barnet,Chocolate & Sweets,Chocolate Pouches & Bags,Mars Fun Size Family Favourites 358g,358g,£20.11/kg,7.20,,
Waitrose Barnet,Chocolate & Sweets,Chocolate Bars,Mars single 40g,40g,£45.00/kg,1.80,,
Waitrose Barnet,Chocolate & Sweets,Chocolate Pouches & Bags,Milkybar White Chocolate Giant Buttons Sharing Bag 94g,94g,£26.60/kg,2.50,,
Waitrose Barnet,Chocolate & Sweets,Chocolate Boxes & Gifts,Monty Bojangles Choccy Scoffy Dusted Truffles 135g,135g,£41.85/kg,5.65,,
Waitrose Barnet,Chocolate & Sweets,Sweets,No.1 Almond & Hazelnut Italian Nougat 100g,100g,£45.00/kg,4.50,,
Waitrose Barnet,Chocolate & Sweets,Chocolate Boxes & Gifts,No.1 Dark Chocolate & Ginger Florentines 172g,172g,£36.63/kg,6.30,,
Waitrose Barnet,Chocolate & Sweets,Chocolate Bars,No.1 Dark Chocolate 90% 100g,100g,£36.00/kg,3.60,,
Waitrose Barnet,Chocolate & Sweets,Chocolate Bars,No.1 Fairtrade Dominican Republic Milk Chocolate 100g,100g,£36.00/kg,3.60,,
Waitrose Barnet,Chocolate & Sweets,Sweets,No.1 Italian Nougat with Pistachio 100g,100g,£45.00/kg,4.50,,
Waitrose Barnet,Chocolate & Sweets,Sweets,No.1 Mixed Berry Italian Nougat 100g,100g,£45.00/kg,4.50,,
Waitrose Barnet,Chocolate & Sweets,Chocolate Boxes & Gifts,Quality Street Carton 220g,220g,£22.95/kg,5.05,,
Waitrose Barnet,Chocolate & Sweets,Chocolate Pouches & Bags,Reese's 2 Peanut Butter Cups 42g,42g,£33.33/kg,1.40,,
Waitrose Barnet,Chocolate & Sweets,Chocolate Pouches & Bags,Revels Large Pouch 185g,185g,£27.30/kg,5.05,,
Waitrose Barnet,Chocolate & Sweets,Chocolate Bars,Ritter Sport Dark Whole Hazelnuts 100g,100g,£24.00/kg,2.40,3.00,20% off
Waitrose Barnet,Chocolate & Sweets,Sweets,Ritter Sport Marzipan 100g,100g,£28.00/kg,2.80,,
Waitrose Barnet,Chocolate & Sweets,Chocolate Bars,Ritter Sport Pistachio 100g,100g,£30.00/kg,3.00,,
Waitrose Barnet,Chocolate & Sweets,Sweets,Rowntree's Randoms 150g,150g,£14.00/kg,2.10,,
Waitrose Barnet,Chocolate & Sweets,Sweets,Skittles Fruits 136G 136g,136g,£13.60/kg,1.85,,
Waitrose Barnet,Chocolate & Sweets,Chocolate Pouches & Bags,Smarties Milk Chocolate Sharing Bag 105g,105g,£23.81/kg,2.50,,
Waitrose Barnet,Chocolate & Sweets,Chocolate Bars,Snickers single 40g,40g,£45.00/kg,1.80,,
Waitrose Barnet,Chocolate & Sweets,Sweets,Sour Patch Kids Original Sweets Bag 120g,120g,£16.67/kg,2.00,,
Waitrose Barnet,Chocolate & Sweets,Sweets,Squashies Drumstick Original 140g,140g,£12.14/kg,1.70,,
Waitrose Barnet,Chocolate & Sweets,Sweets,The Natural Confectionery Co. Jelly Snakes Sweets Bag 110g,110g,£11.00/kg,1.21,2.20,45% off
Waitrose Barnet,Chocolate & Sweets,Chocolate Bars,Toblerone Chocolate with Honey & Almond Nougat Gifting Bar 340g,340g,£30.00/kg,10.20,,
Waitrose Barnet,Chocolate & Sweets,Chocolate Bars,Tony's Chocolonely Dark Chocolate Almond 180g,180g,£26.67/kg,4.80,,
Waitrose Barnet,Chocolate & Sweets,Chocolate Bars,Tony's Chocolonely Filled Creamy Ganache 127g,127g,£36.22/kg,4.60,,
Waitrose Barnet,Chocolate & Sweets,Chocolate Bars,Tony's Chocolonely Filled Creamy Milk Praline Hazelnut 127g,127g,£36.22/kg,4.60,,
Waitrose Barnet,Chocolate & Sweets,Chocolate Bars,Tony's Chocolonely Filled Gooey Caramel Sea Salt Crunch 135g,135g,£34.07/kg,4.60,,
Waitrose Barnet,Chocolate & Sweets,Chocolate Pouches & Bags,Tony's Chocolonely Littl' Bits Triple Chocolate 100g,100g,£36.00/kg,3.60,,
Waitrose Barnet,Chocolate & Sweets,Chocolate Bars,Tony's Chocolonely Milk Chocolate 180g,180g,£26.67/kg,4.80,,
Waitrose Barnet,Chocolate & Sweets,Chocolate Boxes & Gifts,Waitrose Belgian Chocolate Flaked Truffles 150g,150g,£48.00/kg,7.20,,
Waitrose Barnet,Chocolate & Sweets,Chocolate Bars,Waitrose Belgian Dark Choc with Hazelnuts 180g,180g,£23.33/kg,4.20,,
Waitrose Barnet,Chocolate & Sweets,Chocolate Bars,Waitrose Belgian Dark Chocolate 54% 180g,180g,£23.33/kg,4.20,,
Waitrose Barnet,Chocolate & Sweets,Chocolate Bars,Waitrose Belgian Dark Chocolate 72% 180g,180g,£23.33/kg,4.20,,
Waitrose Barnet,Chocolate & Sweets,Chocolate Bars,Waitrose Belgian Milk Chocolate 180g,180g,£23.33/kg,4.20,,
Waitrose Barnet,Chocolate & Sweets,Chocolate Pouches & Bags,Waitrose Chocolate Coated Peanuts 135g,135g,£18.52/kg,2.50,,
Waitrose Barnet,Chocolate & Sweets,Chocolate Pouches & Bags,Waitrose Chocolate Coated Raisins 135g,135g,£18.52/kg,2.50,,
Waitrose Barnet,Chocolate & Sweets,Snacks😋,Waitrose Clotted Cream Fudge 150g,150g,£24.00/kg,3.60,,
Waitrose Barnet,Chocolate & Sweets,Chocolate Bars,Waitrose Dark Choc with Raisins & Almonds 180g,180g,£23.33/kg,4.20,,
Waitrose Barnet,Chocolate & Sweets,Chocolate Boxes & Gifts,Waitrose Dark Chocolate Ginger 180g,180g,£33.33/kg,6.00,,
Waitrose Barnet,Chocolate & Sweets,Sweets,Waitrose Fizzy Strawberry Flavour Lances 65g,65g,£13.08/kg,0.85,,
Waitrose Barnet,Chocolate & Sweets,Sweets,Waitrose Fizzy Watermelon Slices 65g,65g,£13.08/kg,0.85,,
Waitrose Barnet,Chocolate & Sweets,Sweets,Waitrose Fruit Pastilles 200g,200g,£8.00/kg,1.60,,
Waitrose Barnet,Chocolate & Sweets,Chocolate Boxes & Gifts,Waitrose Milk Chocolate Smothered Honeycomb 100g,100g,£36.00/kg,3.60,,
Waitrose Barnet,Chocolate & Sweets,Sweets,Waitrose Mint Assortment 200g,200g,£8.00/kg,1.60,,
Waitrose Barnet,Chocolate & Sweets,Chocolate Pouches & Bags,Waitrose Mint Creams 200g,200g,£25.25/kg,5.05,,
Waitrose Barnet,Chocolate & Sweets,Sweets,Waitrose Pink and White Marshmallows 200g,200g,£8.00/kg,1.60,,
Waitrose Barnet,Chocolate & Sweets,Snacks😋,Werther's Original 135g,135g,£14.81/kg,2.00,,
Waitrose Barnet,Chocolate & Sweets,Chocolate Bars,Aero Bubbly Peppermint Mint Chocolate Bar Multipack 4x27g,108g,£25.93/kg,2.80,,
Waitrose Barnet,Chocolate & Sweets,Chocolate Bars,Cadbury Dairy Milk Little Chocolate Bars 4 pack 4x18g,72g,£31.94/kg,2.30,,
Waitrose Barnet,Chocolate & Sweets,Chocolate Bars,Cadbury Flake Chocolate Bar 4 Pack Multipack 102g,102g,£31.86/kg,3.25,,
Waitrose Barnet,Chocolate & Sweets,Chocolate Bars,Cadbury Fudge Chocolate Bar Multipack 4 Pack 4x22g,88g,£26.14/kg,2.30,,
Waitrose Barnet,Chocolate & Sweets,Chocolate Bars,Cadbury Timeout Milk Chocolate Covered Wafer Biscuit Bars Multipack 5x18g,90g,£22.78/kg,2.05,,
Waitrose Barnet,Chocolate & Sweets,Chocolate Bars,Chloe's Wafer Rolls Hazelnut & Cocoa 400g,400g,£11.13/kg,4.45,,
Waitrose Barnet,Chocolate & Sweets,Chocolate Bars,Green & Black's Organic Ginger Dark Chocolate Bar 90g,90g,£46.67/kg,4.20,,
Waitrose Barnet,Chocolate & Sweets,Chocolate Bars,Kinder Milk Chocolate Small Bars Multipack 8 Bars 8x12.5g,100g,£21.00/kg,2.10,,
Waitrose Barnet,Chocolate & Sweets,Chocolate Bars,Loacker Napolitaner 90g,90g,£19.44/kg,1.75,,
Waitrose Barnet,Chocolate & Sweets,Chocolate Bars,McVitie's Penguin Original Biscuit Bars Multipack 172g,172g,£15.70/kg,2.70,,
Waitrose Barnet,Chocolate & Sweets,Chocolate Bars,McVities Penguin Family Pack 14s 344g,344g,£9.30/kg,3.20,,
Waitrose Barnet,Chocolate & Sweets,Chocolate Bars,NOMO Vegan Caramel Chocolate Bar 38g,38g,£50.00/kg,1.90,,
Waitrose Barnet,Chocolate & Sweets,Chocolate Bars,Nestlé KitKat 2 Finger Original 12 Bars 12x20.7g,248.4g,£16.91/kg,4.20,,
Waitrose Barnet,Chocolate & Sweets,Chocolate Bars,Tunnock's dark caramel wafer biscuits 8x30g,240g,£14.58/kg,3.50,,
Waitrose Barnet,Chocolate & Sweets,Chocolate Bars,Twix Twin Multipack 4s 4x40g,160g,£19.38/kg,3.10,,
Waitrose Barnet,Chocolate & Sweets,Chocolate Bars,Twix Xtra Twin 75g,75g,£25.33/kg,1.90,,
Waitrose Barnet,Cooking Sauces & Ingredients,"Pastes, Purees & Mixes",All Plants By Deliciously Ella Green Basil Vegan Pesto With Tofu 180g,180g,£20.00/kg,3.60,,
Waitrose Barnet,Cooking Sauces & Ingredients,Other Cooking Ingredients,Amoy Light Soy Sauce 150ml,150ml,£16.67/L,2.50,,
Waitrose Barnet,Cooking Sauces & Ingredients,"Pastes, Purees & Mixes",Angela Hartnett with Waitrose Classic Tomato Sauce 300g,300g,£12.80/kg,3.84,4.80,20% off
Waitrose Barnet,Cooking Sauces & Ingredients,"Pastes, Purees & Mixes",Angela Hartnett with Waitrose Puttanesca Sauce 300g,300g,£12.80/kg,3.84,4.80,20% off
Waitrose Barnet,Cooking Sauces & Ingredients,"Pastes, Purees & Mixes",Belazu Chilli Harissa Pesto 165g,165g,£26.06/kg,4.30,,
Waitrose Barnet,Cooking Sauces & Ingredients,Oil & Vinegar,Belazu Envero Extra Virgin Olive Oil 500ml,500ml,£19.20/L,9.60,,
Waitrose Barnet,Cooking Sauces & Ingredients,Oil & Vinegar,Belazu Lecciana Orgainc Extra Virgin Olive Oil 500ml,500ml,£50.40/L,25.20,,
Waitrose Barnet,Cooking Sauces & Ingredients,"Pastes, Purees & Mixes",Belazu Traditional Genovese Pesto 165g,165g,£26.06/kg,4.30,,
Waitrose Barnet,Cooking Sauces & Ingredients,"Pastes, Purees & Mixes",Belazu Truffle & Artichoke Pesto 165g,165g,£26.06/kg,4.30,,
Waitrose Barnet,Cooking Sauces & Ingredients,"Pastes, Purees & Mixes",Belazu Vegan Basil Pesto 165g,165g,£26.06/kg,4.30,,
Waitrose Barnet,Cooking Sauces & Ingredients,Oil & Vinegar,Belazu Verdemanda Extra Virgin Olive Oil 500ml,500ml,£48.00/L,24.00,,
Waitrose Barnet,Cooking Sauces & Ingredients,Other Cooking Ingredients,Ben's Original Sweet & Sour Sauce 450g,450g,£7.33/kg,3.30,,
Waitrose Barnet,Cooking Sauces & Ingredients,Gravy & Stocks,Bisto Beef Gravy Granules 300g,300g,£18.00/kg,5.40,,
Waitrose Barnet,Cooking Sauces & Ingredients,Gravy & Stocks,Bisto Best Beef Gravy Granules 230g,230g,£23.48/kg,5.40,,
Waitrose Barnet,Cooking Sauces & Ingredients,Gravy & Stocks,Bisto Best Chicken Gravy Granules 230g,230g,£23.48/kg,5.40,,
Waitrose Barnet,Cooking Sauces & Ingredients,Gravy & Stocks,Bisto Best Onion Gravy Granules 230g,230g,£23.48/kg,5.40,,
Waitrose Barnet,Cooking Sauces & Ingredients,Gravy & Stocks,Bisto Chicken Gravy Granules 190g,190g,£20.26/kg,3.85,,
Waitrose Barnet,Cooking Sauces & Ingredients,Gravy & Stocks,Bisto Gravy Granules 190g,190g,£20.26/kg,3.85,,
Waitrose Barnet,Cooking Sauces & Ingredients,Gravy & Stocks,Bisto Reduced Salt Gravy Granules 190g,190g,£20.26/kg,3.85,,
Waitrose Barnet,Cooking Sauces & Ingredients,Other Cooking Ingredients,Blue Dragon Black Bean Stir Fry Sauce 120g,120g,£10.00/kg,1.20,,
Waitrose Barnet,Cooking Sauces & Ingredients,Other Cooking Ingredients,Blue Dragon Sweet & Sour Stir Fry Sauce 120g,120g,£10.00/kg,1.20,,
Waitrose Barnet,Cooking Sauces & Ingredients,Gravy & Stocks,Borough Broth Organic Grass Fed Beef Bone Broth 324g,324g,£18.52/kg,6.00,,
Waitrose Barnet,Cooking Sauces & Ingredients,Other Cooking Ingredients,Cook's ingredients Soft White Bread Crumbs 200g,200g,£10.50/kg,2.10,,
Waitrose Barnet,Cooking Sauces & Ingredients,Herbs & Spices,Cooks' Ingredients Basil 16g,16g,£134.38/kg,2.15,,
Waitrose Barnet,Cooking Sauces & Ingredients,Herbs & Spices,Cooks' Ingredients Bay Leaves 3g,3g,£716.67/kg,2.15,,
Waitrose Barnet,Cooking Sauces & Ingredients,"Pastes, Purees & Mixes",Cooks' Ingredients Bechamel Sauce 500g,500g,£8.40/kg,4.20,,
Waitrose Barnet,Cooking Sauces & Ingredients,Herbs & Spices,Cooks' Ingredients Black Peppercorns 42g,42g,£78.57/kg,3.30,,
Waitrose Barnet,Cooking Sauces & Ingredients,Herbs & Spices,Cooks' Ingredients Chicken Seasoning 41g,41g,£52.44/kg,2.15,,
Waitrose Barnet,Cooking Sauces & Ingredients,Herbs & Spices,Cooks' Ingredients Fennel Seeds 33g,33g,£65.15/kg,2.15,,
Waitrose Barnet,Cooking Sauces & Ingredients,Herbs & Spices,Cooks' Ingredients Garam Masala 38g,38g,£56.58/kg,2.15,,
Waitrose Barnet,Cooking Sauces & Ingredients,Other Cooking Ingredients,Cooks' Ingredients Garlic Paste 95g,95g,£25.26/kg,2.40,,
Waitrose Barnet,Cooking Sauces & Ingredients,Herbs & Spices,Cooks' Ingredients Ground Black Pepper 44g,44g,£48.86/kg,2.15,,
Waitrose Barnet,Cooking Sauces & Ingredients,Herbs & Spices,Cooks' Ingredients Ground Coriander 42g,42g,£51.19/kg,2.15,,
Waitrose Barnet,Cooking Sauces & Ingredients,Herbs & Spices,Cooks' Ingredients Ground Ginger 32g,32g,£67.19/kg,2.15,,
Waitrose Barnet,Cooking Sauces & Ingredients,Herbs & Spices,Cooks' Ingredients Ground Nutmeg 42g,42g,£51.19/kg,2.15,,
Waitrose Barnet,Cooking Sauces & Ingredients,Herbs & Spices,Cooks' Ingredients Italian Seasoning 30g,30g,£71.67/kg,2.15,,
Waitrose Barnet,Cooking Sauces & Ingredients,Other Cooking Ingredients,Cooks' Ingredients Lemon Juice 200ml,200ml,£5.00/L,1.00,,
Waitrose Barnet,Cooking Sauces & Ingredients,Other Cooking Ingredients,Cooks' Ingredients Lime Juice 200ml,200ml,£6.00/L,1.20,,
Waitrose Barnet,Cooking Sauces & Ingredients,Herbs & Spices,Cooks' Ingredients Medium Curry Powder 95g,95g,£28.95/kg,2.75,,
Waitrose Barnet,Cooking Sauces & Ingredients,Herbs & Spices,Cooks' Ingredients Mild Chilli Powder 40g,40g,£53.75/kg,2.15,,
Waitrose Barnet,Cooking Sauces & Ingredients,Herbs & Spices,Cooks' Ingredients Mixed Herbs 11.5g,11.5g,£186.96/kg,2.15,,
Waitrose Barnet,Cooking Sauces & Ingredients,Other Cooking Ingredients,Cooks' Ingredients Nam Pla Fish Sauce 150ml,150ml,£16.00/L,2.40,,
Waitrose Barnet,Cooking Sauces & Ingredients,Herbs & Spices,Cooks' Ingredients Oregano 12g,12g,£179.17/kg,2.15,,
Waitrose Barnet,Cooking Sauces & Ingredients,Other Cooking Ingredients,Cooks' Ingredients Panko Breadcrumbs 150g,150g,£20.67/kg,3.10,,
Waitrose Barnet,Cooking Sauces & Ingredients,Herbs & Spices,Cooks' Ingredients Paprika 45g,45g,£47.78/kg,2.15,,
Waitrose Barnet,Cooking Sauces & Ingredients,Herbs & Spices,Cooks' Ingredients Parsley 10g,10g,£215.00/kg,2.15,,
Waitrose Barnet,Cooking Sauces & Ingredients,Herbs & Spices,Cooks' Ingredients Porcini Powder 35g,35g,£128.57/kg,4.50,,
Waitrose Barnet,Cooking Sauces & Ingredients,Herbs & Spices,Cooks' Ingredients Rose Harissa Paste 95g,95g,£31.58/kg,3.00,,
Waitrose Barnet,Cooking Sauces & Ingredients,Herbs & Spices,Cooks' Ingredients Rosemary 22g,22g,£97.73/kg,2.15,,
Waitrose Barnet,Cooking Sauces & Ingredients,Herbs & Spices,Cooks' Ingredients Saffron 0.4g,0.4g,"£12,250.00/kg",4.90,,
Waitrose Barnet,Cooking Sauces & Ingredients,Other Cooking Ingredients,Cooks' Ingredients Sicilian Lemon Juice 250ml,250ml,£8.40/L,2.10,,
Waitrose Barnet,Cooking Sauces & Ingredients,Herbs & Spices,Cooks' Ingredients Smoked Paprika 40g,40g,£53.75/kg,2.15,,
Waitrose Barnet,Cooking Sauces & Ingredients,Other Cooking Ingredients,Cooks' Ingredients Tahini 300g,300g,£13.33/kg,4.00,,
Waitrose Barnet,Cooking Sauces & Ingredients,Herbs & Spices,Cooks' Ingredients Tamarind Paste 100g,100g,£27.00/kg,2.70,,
Waitrose Barnet,Cooking Sauces & Ingredients,Other Cooking Ingredients,Cooks' Ingredients Teriyaki Sauce 150ml,150ml,£15.33/L,2.30,,
Waitrose Barnet,Cooking Sauces & Ingredients,Other Cooking Ingredients,Cooks' Ingredients Thai Red Curry Paste 190g,190g,£15.79/kg,3.00,,
Waitrose Barnet,Cooking Sauces & Ingredients,Herbs & Spices,Cooks' Ingredients Thyme 18g,18g,£119.44/kg,2.15,,
Waitrose Barnet,Cooking Sauces & Ingredients,Herbs & Spices,Cooks' Ingredients Turmeric 42g,42g,£51.19/kg,2.15,,
Waitrose Barnet,Cooking Sauces & Ingredients,Other Cooking Ingredients,Cooks' Ingredients White Miso Paste 100g,100g,£24.00/kg,2.40,,
Waitrose Barnet,Cooking Sauces & Ingredients,Oil & Vinegar,Crisp 'N Dry Rapeseed Oil 1litre,1L,£4.00/L,4.00,,
Waitrose Barnet,Cooking Sauces & Ingredients,"Pastes, Purees & Mixes",Dolmio Lasagne Original Creamy Sauce 440g,440g,£7.50/kg,3.30,,2 for £4.20
Waitrose Barnet,Cooking Sauces & Ingredients,"Pastes, Purees & Mixes",Dolmio Pasta Bake Creamy Tomato Sauce 450g,450g,£7.33/kg,3.30,,
Waitrose Barnet,Cooking Sauces & Ingredients,"Pastes, Purees & Mixes",Dolmio Stir in Sun-Dried Tomato 150g,150g,£18.33/kg,2.75,,
Waitrose Barnet,Cooking Sauces & Ingredients,Oil & Vinegar,Duchy Organic Italian Extra Virgin Olive Oil 500ml,500ml,£17.20/L,8.60,,
Waitrose Barnet,Cooking Sauces & Ingredients,Oil & Vinegar,Essential Balsamic Vinegar of Modena 250ml,250ml,£8.60/L,2.15,,
Waitrose Barnet,Cooking Sauces & Ingredients,"Pastes, Purees & Mixes",Essential Basil Pesto 190g,190g,£6.84/kg,1.30,,
Waitrose Barnet,Cooking Sauces & Ingredients,"Pastes, Purees & Mixes",Essential British Beef Mince 12% Fat 500g,,,0.00,,
Waitrose Barnet,Cooking Sauces & Ingredients,Oil & Vinegar,Essential Red Wine Vinegar 500ml,500ml,£5.60/L,2.80,,
Waitrose Barnet,Cooking Sauces & Ingredients,"Pastes, Purees & Mixes",Essential Sun-Dried Tomato Pesto 190g,190g,£6.84/kg,1.30,,
Waitrose Barnet,Cooking Sauces & Ingredients,Herbs & Spices,Essential Table Salt 750g,750g,£1.33/kg,1.00,,
Waitrose Barnet,Cooking Sauces & Ingredients,"Pastes, Purees & Mixes",Essential Tomato & Basil Pasta Sauce 340g,340g,£3.53/kg,1.20,,
Waitrose Barnet,Cooking Sauces & Ingredients,"Pastes, Purees & Mixes",Essential Tomato and Mascarpone Sauce 350g,350g,£7.86/kg,2.75,,
Waitrose Barnet,Cooking Sauces & Ingredients,Oil & Vinegar,Essential White Wine Vinegar 500ml,500ml,£5.60/L,2.80,,
Waitrose Barnet,Cooking Sauces & Ingredients,Oil & Vinegar,Filippo Berio Balsamic Vinegar 250ml,250ml,£15.80/L,3.95,,
Waitrose Barnet,Cooking Sauces & Ingredients,Oil & Vinegar,Good Phats Spanish Extra Virgin Olive Oil Spray 200ml,200ml,£39.00/L,7.80,,
Waitrose Barnet,Cooking Sauces & Ingredients,"Pastes, Purees & Mixes",Gran Luchito 10 Mexican Soft Taco Wraps 300g,,,0.00,,
Waitrose Barnet,Cooking Sauces & Ingredients,"Pastes, Purees & Mixes",Gran Luchito Burrito Wraps 360g,,,0.00,,
Waitrose Barnet,Cooking Sauces & Ingredients,"Pastes, Purees & Mixes",Gran Luchito Cantina Beans 430g,,,0.00,,
Waitrose Barnet,Cooking Sauces & Ingredients,"Pastes, Purees & Mixes",Gran Luchito Chilli Con Carne Sauce 450g,450g,£10.56/kg,4.75,,
Waitrose Barnet,Cooking Sauces & Ingredients,"Pastes, Purees & Mixes",Gran Luchito Mexican Birria Taco Recipe Kit 302g,302g,£14.57/kg,4.40,,
Waitrose Barnet,Cooking Sauces & Ingredients,"Pastes, Purees & Mixes",Gran Luchito Mexican Birria Taco Recipe Kit 302g,,,0.00,,
Waitrose Barnet,Cooking Sauces & Ingredients,"Pastes, Purees & Mixes",Gran Luchito Taco Meal Deal  🌮,,,12.00,,
Waitrose Barnet,Cooking Sauces & Ingredients,"Pastes, Purees & Mixes",Heinz Bolognese Pasta Sauce 350g,350g,£8.57/kg,3.00,,
Waitrose Barnet,Cooking Sauces & Ingredients,Gravy & Stocks,Kallo Organic 8 Chicken Stock Cubes 88g,88g,£27.27/kg,2.40,,
Waitrose Barnet,Cooking Sauces & Ingredients,Gravy & Stocks,Kallo Organic Beef Broth 500ml,1pk,£3.60 each,3.60,,
Waitrose Barnet,Cooking Sauces & Ingredients,Gravy & Stocks,Kallo Organic Chicken Bone Broth 500ml,500ml,£7.20/L,3.60,,
Waitrose Barnet,Cooking Sauces & Ingredients,Gravy & Stocks,Kallo Organic Very Low Salt Chicken 6 Cubes 48g,48g,£37.50/kg,1.80,,
Waitrose Barnet,Cooking Sauces & Ingredients,Other Cooking Ingredients,Kikkoman Soy Sauce 150ml,150ml,£24.00/L,3.60,,
Waitrose Barnet,Cooking Sauces & Ingredients,Gravy & Stocks,Knorr Gluten Free Beef Stock Pot 4x28g,112g,£21.43/kg,2.40,,
Waitrose Barnet,Cooking Sauces & Ingredients,Gravy & Stocks,Knorr Gluten Free Chicken Stock Pot 4x28g,112g,£21.43/kg,2.40,,
Waitrose Barnet,Cooking Sauces & Ingredients,Gravy & Stocks,Knorr Gluten Free Chicken Stock Pot 8x28g,224g,£19.87/kg,4.45,,
Waitrose Barnet,Cooking Sauces & Ingredients,Gravy & Stocks,Knorr Gluten Free Rich Beef Stock Pot 4x28g,112g,£21.43/kg,2.40,,
Waitrose Barnet,Cooking Sauces & Ingredients,Gravy & Stocks,Knorr Gluten Free Vegetable Stock Cubes 80g,80g,£32.50/kg,2.60,,
Waitrose Barnet,Cooking Sauces & Ingredients,Oil & Vinegar,Krude Cooking Olive Oil 500ml,500ml,£38.40/L,19.20,,
Waitrose Barnet,Cooking Sauces & Ingredients,Oil & Vinegar,La Española Extra Virgin Olive Oil 1litre,1L,£14.10/L,14.10,,
Waitrose Barnet,Cooking Sauces & Ingredients,Oil & Vinegar,Leckford Estate Rapeseed Oil 500ml,500ml,£13.80/L,6.90,,
Waitrose Barnet,Cooking Sauces & Ingredients,Other Cooking Ingredients,Lee Kum Kee Kung Pao Chicken 60g,60g,£21.67/kg,1.30,,
Waitrose Barnet,Cooking Sauces & Ingredients,"Pastes, Purees & Mixes",Loyd Grossman Tomato & Roasted Garlic Sauce 350g,350g,£10.29/kg,3.60,,
Waitrose Barnet,Cooking Sauces & Ingredients,Gravy & Stocks,Marigold Vegetable Bouillon Powder Original 150g,150g,£22.00/kg,3.30,,
Waitrose Barnet,Cooking Sauces & Ingredients,Other Cooking Ingredients,Miso Tasty White Miso Paste 200g,200g,£25.25/kg,5.05,,
Waitrose Barnet,Cooking Sauces & Ingredients,"Pastes, Purees & Mixes",Mr Organic Basilico Pasta Sauce 350g,350g,£11.14/kg,3.90,,
Waitrose Barnet,Cooking Sauces & Ingredients,"Pastes, Purees & Mixes",Mr Organic Bolognese Pasta Sauce 350g,350g,£11.14/kg,3.90,,
Waitrose Barnet,Cooking Sauces & Ingredients,"Pastes, Purees & Mixes",Mutti Bolognese Sauce 400g,400g,£9.88/kg,3.95,,
Waitrose Barnet,Cooking Sauces & Ingredients,"Pastes, Purees & Mixes",Mutti Pizza Sauce Classica 400g,400g,£8.00/kg,3.20,,
Waitrose Barnet,Cooking Sauces & Ingredients,"Pastes, Purees & Mixes",Nando's Roasted Garlic Marinade 280g,280g,£12.68/kg,3.55,,
Waitrose Barnet,Cooking Sauces & Ingredients,"Pastes, Purees & Mixes",No.1 Cacio e Pepe Pasta Sauce 300g,300g,£12.00/kg,3.60,4.50,20% off
Waitrose Barnet,Cooking Sauces & Ingredients,"Pastes, Purees & Mixes",No.1 Italian Pesto Alla Genovese 190g,190g,£18.95/kg,3.60,,
Waitrose Barnet,Cooking Sauces & Ingredients,Oil & Vinegar,Odysea Balsamic Vinegar of Modena 250ml,250ml,£55.20/L,13.80,,
Waitrose Barnet,Cooking Sauces & Ingredients,Herbs & Spices,Old El Paso Fajita Seasoning Mix Smoky BBQ 35g,35g,£44.29/kg,1.55,,
Waitrose Barnet,Cooking Sauces & Ingredients,Herbs & Spices,Old El Paso Seasoning Mix Paprika & Garlic 25g,25g,£62.00/kg,1.55,,
Waitrose Barnet,Cooking Sauces & Ingredients,Oil & Vinegar,Olivado Organic FT Extra Virgin Avocado Oil 250ml,250ml,£26.40/L,6.60,,
Waitrose Barnet,Cooking Sauces & Ingredients,Oil & Vinegar,Ottolenghi Extra Virgin Olive Oil 500ml 500ml,500ml,£57.60/L,28.80,,
Waitrose Barnet,Cooking Sauces & Ingredients,"Pastes, Purees & Mixes",Ottolenghi Miso Pesto 170g 170g,170g,£28.82/kg,4.90,,
Waitrose Barnet,Cooking Sauces & Ingredients,"Pastes, Purees & Mixes",Ottolenghi Pilpelchuma Marinade 180g,180g,£27.22/kg,4.90,,
Waitrose Barnet,Cooking Sauces & Ingredients,Herbs & Spices,Ottolenghi Pomegranate Harissa 170g 170g,170g,£35.88/kg,6.10,,
Waitrose Barnet,Cooking Sauces & Ingredients,"Pastes, Purees & Mixes",Ottolenghi Preserved Lemon Marinade 265g,265g,£23.02/kg,6.10,,
Waitrose Barnet,Cooking Sauces & Ingredients,"Pastes, Purees & Mixes",Ottolenghi Roasted Aubergine & Tomato Sauce 350g,350g,£15.71/kg,5.50,,
Waitrose Barnet,Cooking Sauces & Ingredients,"Pastes, Purees & Mixes",Ottolenghi Shawarma Marinade 180g 180g,180g,£27.22/kg,4.90,,
Waitrose Barnet,Cooking Sauces & Ingredients,Gravy & Stocks,Oxo Beef Stock Cubes 12s 71g,71g,£47.89/kg,3.40,,
Waitrose Barnet,Cooking Sauces & Ingredients,Gravy & Stocks,Oxo Beef Stock Cubes 24s 142g,142g,£33.80/kg,4.80,,
Waitrose Barnet,Cooking Sauces & Ingredients,Gravy & Stocks,Oxo Chicken Stock Cubes 12s 71g,71g,£47.89/kg,3.40,,
Waitrose Barnet,Cooking Sauces & Ingredients,Other Cooking Ingredients,Paxo Natural Breadcrumbs 227g,227g,£10.13/kg,2.30,,
Waitrose Barnet,Cooking Sauces & Ingredients,"Pastes, Purees & Mixes",Paxo Stuffing Mix Sage & Onion 170g,170g,£19.71/kg,3.35,,
Waitrose Barnet,Cooking Sauces & Ingredients,"Pastes, Purees & Mixes",Paxo Stuffing Mix Sage & Onion 85g,85g,£22.35/kg,1.90,,
Waitrose Barnet,Cooking Sauces & Ingredients,Gravy & Stocks,Piccolo Bone Broth 500ml,500ml,£8.40/L,4.20,,
Waitrose Barnet,Cooking Sauces & Ingredients,Gravy & Stocks,Potts' Beef Stock 500ml,500ml,£5.80/L,2.90,,
Waitrose Barnet,Cooking Sauces & Ingredients,"Pastes, Purees & Mixes",S&B Golden Curry Sauce Mix 92g,92g,£39.13/kg,3.60,,
Waitrose Barnet,Cooking Sauces & Ingredients,"Pastes, Purees & Mixes",Sacla' Italia Sun-Dried Tomato Pesto 190g,190g,£22.11/kg,4.20,,
Waitrose Barnet,Cooking Sauces & Ingredients,"Pastes, Purees & Mixes",Sacla' Vegan Basil Pesto 190g,190g,£15.79/kg,3.00,4.00,25% off
Waitrose Barnet,Cooking Sauces & Ingredients,Oil & Vinegar,Sarson's Distilled Malt Vinegar 568ml,568ml,£4.23/L,2.40,,
Waitrose Barnet,Cooking Sauces & Ingredients,Oil & Vinegar,Sarson's Malt Vinegar 400ml,400ml,£5.88/L,2.35,,
Waitrose Barnet,Cooking Sauces & Ingredients,Gravy & Stocks,Schwartz Gravy Mix Roast Beef 27g,27g,£57.41/kg,1.55,,
Waitrose Barnet,Cooking Sauces & Ingredients,Gravy & Stocks,Schwartz Gravy Mix Roast Chicken 26g,26g,£59.62/kg,1.55,,
Waitrose Barnet,Cooking Sauces & Ingredients,Other Cooking Ingredients,Sharwood's Chinese Curry Sauce 425g,425g,£7.53/kg,3.20,,
Waitrose Barnet,Cooking Sauces & Ingredients,Gravy & Stocks,TRUEfoods Chilled Beef Stock 500g,500g,£9.10/kg,4.55,,
Waitrose Barnet,Cooking Sauces & Ingredients,Gravy & Stocks,TRUEfoods Chilled Veal Jus 200g,200g,£28.50/kg,5.70,,
Waitrose Barnet,Cooking Sauces & Ingredients,Oil & Vinegar,Terra Delyssa Extra Virgin Olive Oil 500ml,500ml,£18.00/L,9.00,,
Waitrose Barnet,Cooking Sauces & Ingredients,Oil & Vinegar,Terra Delyssa Extra Virgin Olive Oil 750ml,750ml,£10.80/L,8.10,,
Waitrose Barnet,Cooking Sauces & Ingredients,Oil & Vinegar,The Gay Farmer Picual Extra Virgin Olive Oil 500ml,500ml,£42.20/L,21.10,,
Waitrose Barnet,Cooking Sauces & Ingredients,"Pastes, Purees & Mixes",The Spice Tailor Coconut Curry 225g,225g,£21.11/kg,4.75,,
Waitrose Barnet,Cooking Sauces & Ingredients,"Pastes, Purees & Mixes",The Spice Tailor Pad Thai Noodle Kit 200g,200g,£17.80/kg,3.56,4.75,25% off
Waitrose Barnet,Cooking Sauces & Ingredients,"Pastes, Purees & Mixes",The Spice Tailor Thai Green Curry 275g,275g,£12.95/kg,3.56,4.75,25% off
Waitrose Barnet,Cooking Sauces & Ingredients,"Pastes, Purees & Mixes",The Spice Tailor Thai Massaman Curry 275g,275g,£12.95/kg,3.56,4.75,25% off
Waitrose Barnet,Cooking Sauces & Ingredients,"Pastes, Purees & Mixes",The Spice Tailor Tikka Masala 300g,300g,£15.83/kg,4.75,,
Waitrose Barnet,Cooking Sauces & Ingredients,"Pastes, Purees & Mixes",The Spice Tailor Yakisoba Noodle Kit 200g,200g,£23.75/kg,4.75,,
Waitrose Barnet,Cooking Sauces & Ingredients,Other Cooking Ingredients,Wagamama Firecracker Stir Fry Sauce 120g,120g,£14.58/kg,1.75,,
Waitrose Barnet,Cooking Sauces & Ingredients,Other Cooking Ingredients,Wagamama Katsu Curry Sauce 340g,340g,£9.71/kg,3.30,,£2.15 loyalty card (£6.32/kg)
Waitrose Barnet,Cooking Sauces & Ingredients,Other Cooking Ingredients,Wagamama Korean Style BBQ Stir Fry Sauce 120g,120g,£14.58/kg,1.75,,
Waitrose Barnet,Cooking Sauces & Ingredients,Oil & Vinegar,Waitrose Air Fryer Spray 200ml,200ml,£10.50/L,2.10,,
Waitrose Barnet,Cooking Sauces & Ingredients,"Pastes, Purees & Mixes",Waitrose Arrabbiata Pasta Sauce 350g,350g,£7.71/kg,2.70,,
Waitrose Barnet,Cooking Sauces & Ingredients,Gravy & Stocks,Waitrose Beef Gravy 300g,300g,£13.00/kg,3.90,,
Waitrose Barnet,Cooking Sauces & Ingredients,Other Cooking Ingredients,Waitrose Black Bean Stir Fry Sauce 120g,120g,£7.92/kg,0.95,,
Waitrose Barnet,Cooking Sauces & Ingredients,"Pastes, Purees & Mixes",Waitrose Bolognese Pasta Sauce 475g,475g,£8.42/kg,4.00,,
Waitrose Barnet,Cooking Sauces & Ingredients,"Pastes, Purees & Mixes",Waitrose Cherry Tomato & Basil Pasta Sauce 350g,350g,£7.71/kg,2.70,,
Waitrose Barnet,Cooking Sauces & Ingredients,"Pastes, Purees & Mixes",Waitrose Cherry Tomato & Basil Sauce 350g,350g,£11.14/kg,3.90,,
Waitrose Barnet,Cooking Sauces & Ingredients,Gravy & Stocks,Waitrose Chicken Gravy 300g,300g,£13.00/kg,3.90,,
Waitrose Barnet,Cooking Sauces & Ingredients,Other Cooking Ingredients,Waitrose Chow Mein Stir Fry Sauce 120g,120g,£7.92/kg,0.95,,
Waitrose Barnet,Cooking Sauces & Ingredients,Herbs & Spices,Waitrose Coarse Crystal Sea Salt 350g,350g,£6.57/kg,2.30,,
Waitrose Barnet,Cooking Sauces & Ingredients,Other Cooking Ingredients,Waitrose Coconut & Lemongrass Stir Fry Sauce 150g,150g,£10.33/kg,1.55,,
Waitrose Barnet,Cooking Sauces & Ingredients,Oil & Vinegar,Waitrose Cooks Ingredients Chilli Extra Virgin Olive Oil 250ml,250ml,£15.40/L,3.85,,
Waitrose Barnet,Cooking Sauces & Ingredients,Oil & Vinegar,Waitrose Cooks Ingredients Garlic Extra Virgin Olive Oil 250ml,250ml,£15.40/L,3.85,,
Waitrose Barnet,Cooking Sauces & Ingredients,Oil & Vinegar,Waitrose Cooks Ingredients Truffle Extra Virgin Olive Oil 250ml,250ml,£15.40/L,3.85,,
Waitrose Barnet,Cooking Sauces & Ingredients,Other Cooking Ingredients,Waitrose Dark Soy Sauce 150ml,150ml,£10.67/L,1.60,,
Waitrose Barnet,Cooking Sauces & Ingredients,Oil & Vinegar,Waitrose Extra Virgin Olive Oil 2litre,2L,£7.20/L,14.40,,
Waitrose Barnet,Cooking Sauces & Ingredients,Herbs & Spices,Waitrose Fine Crystal Sea Salt 350g,350g,£6.57/kg,2.30,,
Waitrose Barnet,Cooking Sauces & Ingredients,"Pastes, Purees & Mixes",Waitrose Four Cheese Sauce 350g,350g,£11.14/kg,3.90,,
Waitrose Barnet,Cooking Sauces & Ingredients,Oil & Vinegar,Waitrose Glaze with Balsamic Vinegar 250ml,250ml,£11.20/L,2.80,,
Waitrose Barnet,Cooking Sauces & Ingredients,Gravy & Stocks,Waitrose Hearty Chicken & Vegetable Broth 600g,600g,£6.00/kg,3.60,,
Waitrose Barnet,Cooking Sauces & Ingredients,Other Cooking Ingredients,Waitrose Hoisin Sauce 240g,240g,£12.92/kg,3.10,,
Waitrose Barnet,Cooking Sauces & Ingredients,"Pastes, Purees & Mixes",Waitrose Peppercorn Sauce 180g,180g,£17.22/kg,3.10,,
Waitrose Barnet,Cooking Sauces & Ingredients,Other Cooking Ingredients,Waitrose Reduced Salt Light Soy Sauce 150ml,150ml,£10.67/L,1.60,,
Waitrose Barnet,Cooking Sauces & Ingredients,"Pastes, Purees & Mixes",Waitrose Slower Reared Chicken Breast Fillets 600g,,,0.00,,
Waitrose Barnet,Cooking Sauces & Ingredients,"Pastes, Purees & Mixes",Waitrose Stuffed Vine Leaves 200g,200g,£24.00/kg,4.80,,3 for £8
Waitrose Barnet,Cooking Sauces & Ingredients,Other Cooking Ingredients,Waitrose Sweet & Sour Stir Fry Sauce 120g,120g,£7.92/kg,0.95,,
Waitrose Barnet,Cooking Sauces & Ingredients,Other Cooking Ingredients,Waitrose Teriyaki & Sesame StirFry Sauce 120g,120g,£7.92/kg,0.95,,
Waitrose Barnet,Cooking Sauces & Ingredients,"Pastes, Purees & Mixes",Waitrose Tomato & Mascarpone Pasta Sauce 350g,350g,£7.71/kg,2.70,,
Waitrose Barnet,Cooking Sauces & Ingredients,Gravy & Stocks,itsu Sesame Chicken Broth for Noodles 1litre,1L,£5.70/L,5.70,,
Waitrose Barnet,Cooking Sauces & Ingredients,"Pastes, Purees & Mixes",Colman's Cheddar Cheese Sauce Mix 40g,40g,£30.00/kg,1.20,,
Waitrose Barnet,Cooking Sauces & Ingredients,"Pastes, Purees & Mixes",Colman's Chilli Con Carne Recipe Mix 50g,50g,£24.00/kg,1.20,,
Waitrose Barnet,Cooking Sauces & Ingredients,"Pastes, Purees & Mixes",Colman's Parsley Sauce Mix 20g,20g,£60.00/kg,1.20,,
Waitrose Barnet,Cooking Sauces & Ingredients,"Pastes, Purees & Mixes",Gymkhana Butter Masala Cooking Sauce 300ml,300ml,£27.00/L,8.10,,
Waitrose Barnet,Cooking Sauces & Ingredients,"Pastes, Purees & Mixes",Gymkhana Goan Curry Cooking Sauce 300ml,300ml,£27.00/L,8.10,,
Waitrose Barnet,Cooking Sauces & Ingredients,"Pastes, Purees & Mixes",Patak's Mild Korma Spice Paste 290g,290g,£15.17/kg,4.40,,
Waitrose Barnet,Cooking Sauces & Ingredients,"Pastes, Purees & Mixes",Patak's Tikka Masala Paste 283g,283g,£15.55/kg,4.40,,
Waitrose Barnet,Cooking Sauces & Ingredients,"Pastes, Purees & Mixes",Sharwood's Korma Curry Sauce 420g,420g,£7.62/kg,3.20,,
Waitrose Barnet,Cooking Sauces & Ingredients,"Pastes, Purees & Mixes",Sharwood's Tikka Masala Curry Sauce 420g,420g,£7.62/kg,3.20,,
Waitrose Barnet,Cooking Sauces & Ingredients,"Pastes, Purees & Mixes",Waitrose Balti Sauce 450g,450g,£3.78/kg,1.70,,
Waitrose Barnet,Cooking Sauces & Ingredients,"Pastes, Purees & Mixes",Waitrose Jalfrezi Sauce 450g,450g,£3.78/kg,1.70,,
Waitrose Barnet,Cooking Sauces & Ingredients,"Pastes, Purees & Mixes",Waitrose Korma Sauce 450g,450g,£3.78/kg,1.70,,
Waitrose Barnet,"Crisps, Snacks, Biscuits",Back to Routine 🎒,BEAR Fruit Gently Baked Strawberries 90g,90g,£30.89/kg,2.78,3.70,25% off
Waitrose Barnet,"Crisps, Snacks, Biscuits",Back to Routine 🎒,BEAR Fruit Pineapple 100g,100g,£27.80/kg,2.78,3.70,25% off
Waitrose Barnet,"Crisps, Snacks, Biscuits",Back to Routine 🎒,BEAR Gently Baked Mango 100g,100g,£27.80/kg,2.78,3.70,25% off
Waitrose Barnet,"Crisps, Snacks, Biscuits",Back to Routine 🎒,BEAR Yo Yos Raspberry 5s,5pk,£0.47 each,2.34,3.60,35% off
Waitrose Barnet,"Crisps, Snacks, Biscuits",Back to Routine 🎒,BEAR Yo Yos Strawberry 5s,5pk,£0.47 each,2.34,3.60,35% off
Waitrose Barnet,"Crisps, Snacks, Biscuits",Back to Routine 🎒,Forest Feast Preda Mango 100g,100g,£37.60/kg,3.76,4.70,20% off
Waitrose Barnet,"Crisps, Snacks, Biscuits",Back to Routine 🎒,McCoy's Ridge Cut Flame Grilled Steak 6x25g,150g,£13.80/kg,2.07,2.95,30% off
Waitrose Barnet,"Crisps, Snacks, Biscuits",Back to Routine 🎒,McCoy's The Classics Ridge Cut 6x25g,150g,£19.67/kg,2.95,,
Waitrose Barnet,"Crisps, Snacks, Biscuits",Back to Routine 🎒,Mini Cheddars Original 12s 12x23g,276g,£11.30/kg,3.12,4.45,30% off
Waitrose Barnet,"Crisps, Snacks, Biscuits",Back to Routine 🎒,Proper Chips Sea Salt Lentil Chips 5x14g,70g,£39.29/kg,2.75,,
Waitrose Barnet,"Crisps, Snacks, Biscuits",Biscuits,"Arnotts Tim Tam Extra Chocolatey Milk Chocolate Flavour Biscuits, 9 Bars, 200g 200g",200g,£15.00/kg,3.00,,
Waitrose Barnet,"Crisps, Snacks, Biscuits",Biscuits,Bahlsen Choco Leibniz Milk Chocolate 111g,111g,£26.58/kg,2.95,,
Waitrose Barnet,"Crisps, Snacks, Biscuits",Biscuits,Border Biscuit Sharing Pack 400g,400g,£13.50/kg,5.40,,
Waitrose Barnet,"Crisps, Snacks, Biscuits",Biscuits,Border Dark Chocolate & Raspberry Biscuits 150g,150g,£14.33/kg,2.15,2.80,£0.65 off
Waitrose Barnet,"Crisps, Snacks, Biscuits",Biscuits,Border Dark Chocolate Gingers 150g,150g,£14.33/kg,2.15,2.80,£0.65 off
Waitrose Barnet,"Crisps, Snacks, Biscuits",Biscuits,Cadbury Dairy Milk Fingers Milk Chocolate Covered Biscuits 114g,114g,£25.44/kg,2.90,,£1.45 loyalty card (£12.72/kg)
Waitrose Barnet,"Crisps, Snacks, Biscuits",Biscuits,Colombian Coffee Shortbread 160g,160g,£26.25/kg,4.20,,
Waitrose Barnet,"Crisps, Snacks, Biscuits",Biscuits,Doves Farm Wholemeal Digestives 200g,200g,£9.50/kg,1.90,,
Waitrose Barnet,"Crisps, Snacks, Biscuits",Biscuits,Duchy Organic Highland All Butter Shortbread 160g,160g,£20.00/kg,3.20,,
Waitrose Barnet,"Crisps, Snacks, Biscuits",Biscuits,Elizabeth Shaw Milk Chocolate Coconut Biscuits 140g,140g,£18.57/kg,2.60,,
Waitrose Barnet,"Crisps, Snacks, Biscuits",Biscuits,Essential Bourbon Creams Biscuits 400g,400g,£2.88/kg,1.15,,
Waitrose Barnet,"Crisps, Snacks, Biscuits",Biscuits,Essential Custard Creams 150g,150g,£3.67/kg,0.55,,
Waitrose Barnet,"Crisps, Snacks, Biscuits",Biscuits,Essential Dark Chocolate Digestive Biscuits 300g,300g,£5.17/kg,1.55,,
Waitrose Barnet,"Crisps, Snacks, Biscuits",Biscuits,Essential Digestive Biscuits 400g,400g,£2.25/kg,0.90,,
Waitrose Barnet,"Crisps, Snacks, Biscuits",Biscuits,Essential Ginger Nuts 300g,300g,£3.33/kg,1.00,,
Waitrose Barnet,"Crisps, Snacks, Biscuits",Biscuits,Essential Malted Milk Biscuits 200g,200g,£4.00/kg,0.80,,
Waitrose Barnet,"Crisps, Snacks, Biscuits",Biscuits,Essential Milk Chocolate Digestive Biscuits 300g,300g,£5.17/kg,1.55,,
Waitrose Barnet,"Crisps, Snacks, Biscuits",Biscuits,Essential Milk Chocolate Malted Milk Biscuits 250g,250g,£8.20/kg,2.05,,
Waitrose Barnet,"Crisps, Snacks, Biscuits",Biscuits,Essential Shortcake Biscuits 400g,400g,£3.88/kg,1.55,,
Waitrose Barnet,"Crisps, Snacks, Biscuits",Biscuits,Essential Wholewheat Biscuits 24s 24s,1pk,£2.70 each,2.70,,
Waitrose Barnet,"Crisps, Snacks, Biscuits",Biscuits,Fox's Biscuits Golden Crunch Creams 200g,200g,£10.50/kg,2.10,,
Waitrose Barnet,"Crisps, Snacks, Biscuits",Biscuits,Fox's Biscuits Milk Chocolate Viennese 120g,120g,£25.83/kg,3.10,,
Waitrose Barnet,"Crisps, Snacks, Biscuits",Biscuits,Fox's Chocolatey Biscuits Half Coated Milk Chocolate Cookies 157g,175g,£18.86/kg,3.30,,
Waitrose Barnet,"Crisps, Snacks, Biscuits",Biscuits,Fox's Chocolatey Biscuits Milk Chocolate Cookies 180g,180g,£17.22/kg,3.10,,
Waitrose Barnet,"Crisps, Snacks, Biscuits",Biscuits,Fox's Chocolatey Biscuits Milk Chocolate Rounds 130g,130g,£25.00/kg,3.25,,
Waitrose Barnet,"Crisps, Snacks, Biscuits",Biscuits,Fox's Party Rings 125g,125g,£10.40/kg,1.30,,
Waitrose Barnet,"Crisps, Snacks, Biscuits",Biscuits,Iced Penelope Panda Shortbread Cookie 75g,75g,£28.00/kg,2.10,,
Waitrose Barnet,"Crisps, Snacks, Biscuits",Biscuits,Island Bakery Lemon Melts 133g,133g,£35.79/kg,4.76,5.95,20% off
Waitrose Barnet,"Crisps, Snacks, Biscuits",Biscuits,Island Bakery Shortbread Biscuits 125g,125g,£34.00/kg,4.25,,
Waitrose Barnet,"Crisps, Snacks, Biscuits",Biscuits,Jacob's Crackers Biscuits for Cheese Selection 300g,300g,£17.00/kg,5.10,,
Waitrose Barnet,"Crisps, Snacks, Biscuits",Biscuits,Jammie Dodgers Minis Raspberry Flavour Biscuits 6 Snack Packs 6x20g,120g,£15.83/kg,1.90,,
Waitrose Barnet,"Crisps, Snacks, Biscuits",Biscuits,Jammie Dodgers Raspberry Flavour Biscuits 140g,140g,£8.57/kg,1.20,,
Waitrose Barnet,"Crisps, Snacks, Biscuits",Biscuits,Lotus Biscoff Biscuit 16 Two-Packs 248g,248g,£8.67/kg,2.15,,
Waitrose Barnet,"Crisps, Snacks, Biscuits",Biscuits,Lotus Biscoff Biscuit 250g,250g,£8.60/kg,2.15,,
Waitrose Barnet,"Crisps, Snacks, Biscuits",Biscuits,Lu Le Petit Beurre Biscuits Salt 167g,167g,£9.22/kg,1.54,2.80,45% off
Waitrose Barnet,"Crisps, Snacks, Biscuits",Biscuits,Maryland Cookies Chocolate Chip 200g,200g,£11.75/kg,2.35,,
Waitrose Barnet,"Crisps, Snacks, Biscuits",Biscuits,Maryland Cookies Minis Chocolate Chips 118.8g,118.8g,£15.99/kg,1.90,,
Waitrose Barnet,"Crisps, Snacks, Biscuits",Biscuits,McVitie's Dark Chocolate Digestives Biscuits Twin Pack 2x316g,632g,£8.23/kg,5.20,,
Waitrose Barnet,"Crisps, Snacks, Biscuits",Biscuits,McVitie's Digestives Dark Chocolate Biscuits 433g,433g,£10.28/kg,4.45,,
Waitrose Barnet,"Crisps, Snacks, Biscuits",Biscuits,McVitie's Digestives The Original Biscuits 315g,315g,£6.51/kg,2.05,,
Waitrose Barnet,"Crisps, Snacks, Biscuits",Biscuits,McVitie's Digestives The Original Biscuits Twin Pack 630g,630g,£6.03/kg,3.80,,
Waitrose Barnet,"Crisps, Snacks, Biscuits",Biscuits,McVitie's Fig Rolls 200g,200g,£10.50/kg,2.10,,
Waitrose Barnet,"Crisps, Snacks, Biscuits",Biscuits,McVitie's Ginger Nuts Biscuits 250g,250g,£8.20/kg,2.05,,
Waitrose Barnet,"Crisps, Snacks, Biscuits",Biscuits,McVitie's Hobnob's The Oaty One Dark Chocolate 262g,262g,£10.69/kg,2.80,,
Waitrose Barnet,"Crisps, Snacks, Biscuits",Biscuits,McVitie's Hobnobs Biscuits The Oaty One 255g,255g,£8.04/kg,2.05,,
Waitrose Barnet,"Crisps, Snacks, Biscuits",Biscuits,McVitie's Hobnobs Milk Chocolate Biscuits 262g,262g,£8.55/kg,2.24,2.80,20% off
Waitrose Barnet,"Crisps, Snacks, Biscuits",Biscuits,McVitie's Hobnobs Milk Chocolate Biscuits Twin Pack 2x318g,636g,£8.18/kg,5.20,,
Waitrose Barnet,"Crisps, Snacks, Biscuits",Biscuits,McVitie's Jaffa Cakes Original Biscuits 10s,10pk,£0.15 each,1.52,1.90,20% off
Waitrose Barnet,"Crisps, Snacks, Biscuits",Biscuits,McVitie's Jaffa Cakes Original Twin Pack Biscuits 20s,20pk,£0.18 each,3.50,,
Waitrose Barnet,"Crisps, Snacks, Biscuits",Biscuits,McVitie's Milk Chocolate Digestive Biscuits 266g,266g,£10.53/kg,2.80,,£2.24 loyalty card (£8.42/kg)
Waitrose Barnet,"Crisps, Snacks, Biscuits",Biscuits,McVitie's Milk Chocolate Digestive Biscuits Large Pack 433g,433g,£10.28/kg,4.45,,
Waitrose Barnet,"Crisps, Snacks, Biscuits",Biscuits,McVitie's Milk Chocolate Digestives Biscuits Twin Pack 2x316g,632g,£8.23/kg,5.20,,
Waitrose Barnet,"Crisps, Snacks, Biscuits",Biscuits,McVitie's Rich Tea Biscuits The Classic One 2x300g,600g,£6.33/kg,3.80,,
Waitrose Barnet,"Crisps, Snacks, Biscuits",Biscuits,McVitie's Rich Tea Classic Biscuits 300g,300g,£7.00/kg,2.10,,
Waitrose Barnet,"Crisps, Snacks, Biscuits",Biscuits,McVitie's Rich Tea The Light One Biscuits 300g,300g,£7.00/kg,2.10,,
Waitrose Barnet,"Crisps, Snacks, Biscuits",Biscuits,Nairn's Chocolate Orange Oat Biscuits 4x5 200g,200g,£11.00/kg,2.20,,
Waitrose Barnet,"Crisps, Snacks, Biscuits",Biscuits,Nairn's Dark Chocolate Chip Oat Biscuits 4x5 200g,200g,£7.90/kg,1.58,2.10,25% off
Waitrose Barnet,"Crisps, Snacks, Biscuits",Biscuits,Nairn's Gluten Free Chocolate Chip Biscuit Breaks 160g,160g,£16.56/kg,2.65,,
Waitrose Barnet,"Crisps, Snacks, Biscuits",Biscuits,Nairn's Stem Ginger Oat Biscuits 4x5 200g,200g,£11.00/kg,2.20,,
Waitrose Barnet,"Crisps, Snacks, Biscuits",Biscuits,No.1 Almond Cantuccini 180g,180g,£21.11/kg,3.80,,
Waitrose Barnet,"Crisps, Snacks, Biscuits",Biscuits,No.1 Dark Chocolate & Ginger Thins 100g,100g,£27.00/kg,2.70,,
Waitrose Barnet,"Crisps, Snacks, Biscuits",Biscuits,OREO Original Cocoa Sandwich Cookies 154g,154g,£12.99/kg,2.00,,
Waitrose Barnet,"Crisps, Snacks, Biscuits",Biscuits,Prewett's Gluten Free Cookies Chocolate + Ginger 150g,150g,£26.00/kg,3.90,,
Waitrose Barnet,"Crisps, Snacks, Biscuits",Biscuits,Thomas Fudge's Dark Chocolate Florentines 114g,114g,£28.95/kg,3.30,4.40,25% off
Waitrose Barnet,"Crisps, Snacks, Biscuits",Biscuits,Thomas Fudge's Milk Chocolate Florentines 114g,114g,£28.95/kg,3.30,4.40,25% off
Waitrose Barnet,"Crisps, Snacks, Biscuits",Biscuits,Thomas Fudge's Salted Caramel Florentines 114g,114g,£38.60/kg,4.40,,
Waitrose Barnet,"Crisps, Snacks, Biscuits",Biscuits,Waitrose 4 Belgian Milk Chocolate Cookies 4s,1pk,£2.90 each,2.90,,
Waitrose Barnet,"Crisps, Snacks, Biscuits",Biscuits,Waitrose 8 Flapjack All Butter Cookies 200g,200g,£16.25/kg,3.25,,
Waitrose Barnet,"Crisps, Snacks, Biscuits",Biscuits,Waitrose 8 Stem Ginger All Butter Cookies 200g,200g,£16.25/kg,3.25,,
Waitrose Barnet,"Crisps, Snacks, Biscuits",Biscuits,Waitrose Belgian Chocolate & Hazelnut All Butter Cookies 200g,200g,£16.25/kg,3.25,,
Waitrose Barnet,"Crisps, Snacks, Biscuits",Biscuits,Waitrose Belgian Double Chocolate All Butter Cookies 200g,200g,£16.25/kg,3.25,,
Waitrose Barnet,"Crisps, Snacks, Biscuits",Biscuits,Waitrose Belgian Triple Chocolate All Butter Cookies 200g,200g,£16.25/kg,3.25,,
Waitrose Barnet,"Crisps, Snacks, Biscuits",Biscuits,Waitrose Free From Gluten Choc Chunk Cookies 150g,150g,£24.00/kg,3.60,,
Waitrose Barnet,"Crisps, Snacks, Biscuits",Biscuits,Waitrose Free From Strawberries & Cream Flavour Shortbread 150g,150g,£20.67/kg,3.10,,
Waitrose Barnet,"Crisps, Snacks, Biscuits",Biscuits,Waitrose Milk Choc Shortcake Biscuits 180g,180g,£22.22/kg,4.00,,
Waitrose Barnet,"Crisps, Snacks, Biscuits",Biscuits,Waitrose Millionaire's Shortbread 61g,61g,£25.41/kg,1.55,,
Waitrose Barnet,"Crisps, Snacks, Biscuits",Biscuits,Waitrose Mini Shortbread 125g,125g,£16.40/kg,2.05,,
Waitrose Barnet,"Crisps, Snacks, Biscuits",Biscuits,Waitrose Rich Tea Finger Biscuits 250g,250g,£4.00/kg,1.00,,
Waitrose Barnet,"Crisps, Snacks, Biscuits",Biscuits,Waitrose Shortbread Fingers 200g,200g,£7.75/kg,1.55,,
Waitrose Barnet,"Crisps, Snacks, Biscuits",Breadsticks & Savoury Snacks,Crosta & Mollica Tarallini Fennel Seed 180g,180g,£16.11/kg,2.90,,
Waitrose Barnet,"Crisps, Snacks, Biscuits",Breadsticks & Savoury Snacks,Crosta & Mollica Torinesi Breadsticks 120g,120g,£17.08/kg,2.05,,
Waitrose Barnet,"Crisps, Snacks, Biscuits",Breadsticks & Savoury Snacks,Jacquet Toast Francais 200g,200g,£12.25/kg,2.45,,
Waitrose Barnet,"Crisps, Snacks, Biscuits",Breadsticks & Savoury Snacks,Krisprolls Wholegrain 240g,240g,£10.42/kg,2.50,,
Waitrose Barnet,"Crisps, Snacks, Biscuits",Breadsticks & Savoury Snacks,Miller's Toast Cranberry & Raisin 100g,100g,£42.00/kg,4.20,,
Waitrose Barnet,"Crisps, Snacks, Biscuits",Breadsticks & Savoury Snacks,Nairn's Blackthorn Sea Salt Flatbreads 150g,150g,£16.67/kg,2.50,,
Waitrose Barnet,"Crisps, Snacks, Biscuits",Breadsticks & Savoury Snacks,Nairn's Cheese Oatcakes 200g,200g,£11.00/kg,2.20,,
Waitrose Barnet,"Crisps, Snacks, Biscuits",Breadsticks & Savoury Snacks,Nairn's Gluten Free Oat & Ginger Biscuit Breaks 160g,160g,£13.25/kg,2.12,2.65,20% off
Waitrose Barnet,"Crisps, Snacks, Biscuits",Breadsticks & Savoury Snacks,Nairn's Gluten Free Oatcakes 213g,213g,£11.74/kg,2.50,,
Waitrose Barnet,"Crisps, Snacks, Biscuits",Breadsticks & Savoury Snacks,Nairn's Gluten Free Rosemary Flatbreads 150g,150g,£16.67/kg,2.50,,
Waitrose Barnet,"Crisps, Snacks, Biscuits",Breadsticks & Savoury Snacks,Nairn's Oat Cakes 250g,250g,£8.80/kg,2.20,,
Waitrose Barnet,"Crisps, Snacks, Biscuits",Breadsticks & Savoury Snacks,Nairn's On the Go... Fruit & Seed Oatcake 6x3 225g,225g,£9.11/kg,2.05,,
Waitrose Barnet,"Crisps, Snacks, Biscuits",Breadsticks & Savoury Snacks,Nairn's Rough Oatcakes 291g,291g,£7.04/kg,2.05,,
Waitrose Barnet,"Crisps, Snacks, Biscuits",Breadsticks & Savoury Snacks,Nairn's Super Seeded Oatcakes 200g,200g,£11.00/kg,2.20,,
Waitrose Barnet,"Crisps, Snacks, Biscuits",Breadsticks & Savoury Snacks,No.1 Italian Rosemary & Sea Salt Focaccia Thins 150g,150g,£20.00/kg,3.00,,
Waitrose Barnet,"Crisps, Snacks, Biscuits",Breadsticks & Savoury Snacks,Penn State Sea Salted Sharing Pretzels 175g,175g,£12.29/kg,2.15,,
Waitrose Barnet,"Crisps, Snacks, Biscuits",Breadsticks & Savoury Snacks,Penn State Sour Cream & Chive Sharing Pretzels 175g,175g,£12.29/kg,2.15,,
Waitrose Barnet,"Crisps, Snacks, Biscuits",Breadsticks & Savoury Snacks,Peter's Yard Original Sourdough Crispbread 125g,125g,£19.20/kg,2.40,3.20,25% off
Waitrose Barnet,"Crisps, Snacks, Biscuits",Breadsticks & Savoury Snacks,Peter's Yard ZA'ATAR Sourdough Flatbreads 115g,115g,£27.83/kg,3.20,,
Waitrose Barnet,"Crisps, Snacks, Biscuits",Breadsticks & Savoury Snacks,Ryvita Sticks Salt & Cider Vinegar Flavour 125g,125g,£20.80/kg,2.60,,
Waitrose Barnet,"Crisps, Snacks, Biscuits",Breadsticks & Savoury Snacks,Ryvita Sticks Sour Cream & Chive Flavour 125g,125g,£20.80/kg,2.60,,
Waitrose Barnet,"Crisps, Snacks, Biscuits",Breadsticks & Savoury Snacks,Ryvita Thins Multi-Seed Flatbread Crackers 125g,125g,£23.20/kg,2.90,,
Waitrose Barnet,"Crisps, Snacks, Biscuits",Breadsticks & Savoury Snacks,Schär Gluten Free Crispbread 150g,150g,£14.67/kg,2.20,,
Waitrose Barnet,"Crisps, Snacks, Biscuits",Breadsticks & Savoury Snacks,Schär Gluten Free Pretzels 60g,60g,£19.83/kg,1.19,1.40,15% off
Waitrose Barnet,"Crisps, Snacks, Biscuits",Breadsticks & Savoury Snacks,Sharwood's Garlic & Coriander Poppadoms 8s,8pk,£0.36 each,2.90,,
Waitrose Barnet,"Crisps, Snacks, Biscuits",Breadsticks & Savoury Snacks,Sharwood's Plain Poppadoms 8s,8pk,£0.36 each,2.90,,
Waitrose Barnet,"Crisps, Snacks, Biscuits",Breadsticks & Savoury Snacks,Waitrose All Butter Cheddar Cheese Twists 125g,125g,£18.40/kg,2.30,,
Waitrose Barnet,"Crisps, Snacks, Biscuits",Breadsticks & Savoury Snacks,Waitrose All Butter Mini Cheddar Cheese Twists 125g,125g,£18.40/kg,2.30,,
Waitrose Barnet,"Crisps, Snacks, Biscuits",Breadsticks & Savoury Snacks,Waitrose Seeded Oatcakes 250g,250g,£6.40/kg,1.60,,
Waitrose Barnet,"Crisps, Snacks, Biscuits",Breadsticks & Savoury Snacks,Walkers Sensations Lime & Coriander Chutney Sharing Poppadoms 82.5g,82.5g,£36.36/kg,3.00,,
Waitrose Barnet,"Crisps, Snacks, Biscuits",Breadsticks & Savoury Snacks,itsu Crispy Seaweed Thins Sea Salt 4x5g,20g,£180.00/kg,3.60,,
Waitrose Barnet,"Crisps, Snacks, Biscuits",Breadsticks & Savoury Snacks,itsu Sea Salt Crispy Seaweed Thins 5g,5g,£240.00/kg,1.20,,
Waitrose Barnet,"Crisps, Snacks, Biscuits",Crackers,Carr's Melts Cheese Crackers 150g,150g,£16.67/kg,2.50,,£1.75 loyalty card (£11.67/kg)
Waitrose Barnet,"Crisps, Snacks, Biscuits",Crackers,Carr's Table Water Crackers 125g,125g,£17.60/kg,2.20,,£1.54 loyalty card (£12.32/kg)
Waitrose Barnet,"Crisps, Snacks, Biscuits",Crackers,Essential Biscuits For Cheese 300g,300g,£9.33/kg,2.80,,
Waitrose Barnet,"Crisps, Snacks, Biscuits",Crackers,Essential Cream Crackers 300g,300g,£3.00/kg,0.90,,
Waitrose Barnet,"Crisps, Snacks, Biscuits",Crackers,Essential High Bake Water Biscuits 200g,200g,£8.50/kg,1.70,,
Waitrose Barnet,"Crisps, Snacks, Biscuits",Crackers,Jacob's Cheddars Cheese Biscuits 150g,150g,£12.67/kg,1.90,,
Waitrose Barnet,"Crisps, Snacks, Biscuits",Crackers,Jacob's Cheddars Smoked Cheddar 150g,150g,£14.33/kg,2.15,,
Waitrose Barnet,"Crisps, Snacks, Biscuits",Crackers,Jacob's High Fibre Cream Crackers 200g,200g,£11.00/kg,2.20,,
Waitrose Barnet,"Crisps, Snacks, Biscuits",Crackers,Jacob's Mini Cheddars Original 6s 6x23g,138g,£17.39/kg,2.40,,
Waitrose Barnet,"Crisps, Snacks, Biscuits",Crackers,Jacob's Original Cream Crackers 300g,300g,£7.33/kg,2.20,,
Waitrose Barnet,"Crisps, Snacks, Biscuits",Crackers,No.1 All Butter Aged Gouda Crispies 75g,75g,£46.67/kg,3.50,,
Waitrose Barnet,"Crisps, Snacks, Biscuits",Crackers,Peter's Yard Original Sourdough Crackers 90g,90g,£35.56/kg,3.20,,
Waitrose Barnet,"Crisps, Snacks, Biscuits",Crackers,Peter's Yard Rosemary Sourdough Crackers 90g,90g,£35.56/kg,3.20,,
Waitrose Barnet,"Crisps, Snacks, Biscuits",Crackers,Roka Cheese Crispies 100g,100g,£29.50/kg,2.95,,
Waitrose Barnet,"Crisps, Snacks, Biscuits",Crackers,Waitrose Sea Salt & Black Pepper Crackers 185g,185g,£9.73/kg,1.80,,
Waitrose Barnet,"Crisps, Snacks, Biscuits",Nuts & Seeds,Belazu Rosemary & Sea Salt Nut Mix 120g,120g,£38.33/kg,4.60,,
Waitrose Barnet,"Crisps, Snacks, Biscuits",Nuts & Seeds,Belazu Truffle & Pecorino Nut Mix 120g,120g,£44.58/kg,5.35,,
Waitrose Barnet,"Crisps, Snacks, Biscuits",Tortilla Chips,Blanco Niño Creamy Jalapeño Tortilla Chips 170g,170g,£21.18/kg,3.60,,
Waitrose Barnet,"Crisps, Snacks, Biscuits",Tortilla Chips,Blanco Niño Lightly Salted Tortilla Chips 170g,170g,£21.18/kg,3.60,,
Waitrose Barnet,"Crisps, Snacks, Biscuits",Dried Fruit,Cooks' Ingredients Glace Cherries 200g,200g,£15.25/kg,3.05,,
Waitrose Barnet,"Crisps, Snacks, Biscuits",Tortilla Chips,Doritos Chilli Heatwave 44g,44g,£34.09/kg,1.50,,
Waitrose Barnet,"Crisps, Snacks, Biscuits",Tortilla Chips,Doritos Chilli Heatwave Tortilla Chips Sharing Bag Crisps 180g,180g,£16.67/kg,3.00,,2 for £4.20
Waitrose Barnet,"Crisps, Snacks, Biscuits",Tortilla Chips,Doritos Dip or Load Salted Tortilla Chips Sharing Crisps 230g,230g,£13.04/kg,3.00,,2 for £4.20
Waitrose Barnet,"Crisps, Snacks, Biscuits",Tortilla Chips,Doritos Tangy Cheese Tortilla Chips Sharing Bag Crisps 180g,180g,£16.67/kg,3.00,,2 for £4.20
Waitrose Barnet,"Crisps, Snacks, Biscuits",Sharing Crisps,Eat Real Hummus Chips Caramelised Onion and Balsamic 110g,110g,£15.82/kg,1.74,2.90,40% off
Waitrose Barnet,"Crisps, Snacks, Biscuits",Sharing Crisps,Eat Real Lentil Chips Salted 95g,95g,£18.32/kg,1.74,2.90,40% off
Waitrose Barnet,"Crisps, Snacks, Biscuits",Meat Snacks,Ember Biltong Bigger Pack Chilli Rub 45g,45g,£111.11/kg,5.00,,
Waitrose Barnet,"Crisps, Snacks, Biscuits",Nuts & Seeds,Essential Peanuts Roasted & Salted 550g,550g,£5.55/kg,3.05,,
Waitrose Barnet,"Crisps, Snacks, Biscuits",Nuts & Seeds,Essential Roasted Salted Peanuts 200g,200g,£8.50/kg,1.70,,
Waitrose Barnet,"Crisps, Snacks, Biscuits",Tortilla Chips,Essential Tortilla Chips Salted 200g,200g,£6.50/kg,1.30,,
Waitrose Barnet,"Crisps, Snacks, Biscuits",Multipack Crisps,Essential Variety Multipack Crisps 6x25g,150g,£9.67/kg,1.45,,
Waitrose Barnet,"Crisps, Snacks, Biscuits",Nuts & Seeds,Good4U Salad Topper Super Seeds 150g,150g,£16.67/kg,2.50,,
Waitrose Barnet,"Crisps, Snacks, Biscuits",Tortilla Chips,Gran Luchito Tortilla Chips Lightly Salted 170g,170g,£20.59/kg,3.50,,
Waitrose Barnet,"Crisps, Snacks, Biscuits",Nuts & Seeds,Graze Chilli & Lime Nut Medley 120g,120g,£32.50/kg,3.90,,
Waitrose Barnet,"Crisps, Snacks, Biscuits",Multipack Crisps,Hula Hoops BBQ Beef 6x24g,144g,£20.49/kg,2.95,,
Waitrose Barnet,"Crisps, Snacks, Biscuits",Single Crisps,Hula Hoops Big Hoops Salted 45g,45g,£33.33/kg,1.50,,
Waitrose Barnet,"Crisps, Snacks, Biscuits",Multipack Crisps,Hula Hoops Original 6x24g,144g,£20.49/kg,2.95,,
Waitrose Barnet,"Crisps, Snacks, Biscuits",Multipack Crisps,Hula Hoops Salt & Vinegar 6x24g,144g,£20.49/kg,2.95,,
Waitrose Barnet,"Crisps, Snacks, Biscuits",Multipack Crisps,Hula Hoops Variety 12x24g,288g,£15.63/kg,4.50,,
Waitrose Barnet,"Crisps, Snacks, Biscuits",Multipack Crisps,Hula Hoops Variety Multipack Crisps 6x24g,144g,£20.49/kg,2.95,,
Waitrose Barnet,"Crisps, Snacks, Biscuits",Nuts & Seeds,I Love Snacks Smoked Almonds 25g,25g,£52.00/kg,1.30,,
Waitrose Barnet,"Crisps, Snacks, Biscuits",Sharing Crisps,Jacob's Mini Twiglets 200g,200g,£9.00/kg,1.80,,
Waitrose Barnet,"Crisps, Snacks, Biscuits",Multipack Crisps,Jacob's Red Leicester Mini Cheddars 6x23g,138g,£17.39/kg,2.40,,
Waitrose Barnet,"Crisps, Snacks, Biscuits",Sharing Crisps,Jacob's Twiglets 150g,150g,£14.00/kg,2.10,3.50,40% off
Waitrose Barnet,"Crisps, Snacks, Biscuits",Multipack Crisps,Jacob's Twiglets Original 6x23g,138g,£21.74/kg,3.00,,
Waitrose Barnet,"Crisps, Snacks, Biscuits",Nuts & Seeds,KP Dry Roasted Peanuts 250g,250g,£13.28/kg,3.32,3.90,15% off
Waitrose Barnet,"Crisps, Snacks, Biscuits",Nuts & Seeds,KP Original Salted Peanuts 250g,250g,£13.28/kg,3.32,3.90,15% off
Waitrose Barnet,"Crisps, Snacks, Biscuits",Nuts & Seeds,KP Original Salted Peanuts 415g,415g,£13.01/kg,5.40,,
Waitrose Barnet,"Crisps, Snacks, Biscuits",Nuts & Seeds,KP Signature Chilli & Pepper Cashews 90g,90g,£49.44/kg,4.45,,
Waitrose Barnet,"Crisps, Snacks, Biscuits",Nuts & Seeds,KP Signature Sea Salt & Rosemary Cashews 90g,90g,£49.44/kg,4.45,,
Waitrose Barnet,"Crisps, Snacks, Biscuits",Rice & Corn Cakes,Kallo Belgian Dark Chocolate Rice Cake Minis 4x21g,84g,£49.40/kg,4.15,,
Waitrose Barnet,"Crisps, Snacks, Biscuits",Rice & Corn Cakes,Kallo Belgian Milk Chocolate Rice Cake Minis 4x21g,84g,£49.40/kg,4.15,,
Waitrose Barnet,"Crisps, Snacks, Biscuits",Rice & Corn Cakes,Kallo Lightly Salted Wholegrain Low Fat 130g,130g,£16.92/kg,2.20,,
Waitrose Barnet,"Crisps, Snacks, Biscuits",Rice & Corn Cakes,Kallo Protein Packed Lentil Cakes 100g,100g,£29.00/kg,2.90,,
Waitrose Barnet,"Crisps, Snacks, Biscuits",Rice & Corn Cakes,Kallo Veggie Cakes Beetroot 122g,122g,£31.15/kg,3.80,,
Waitrose Barnet,"Crisps, Snacks, Biscuits",Sharing Crisps,Kettle Chips Lightly Salted 130g,130g,£24.62/kg,3.20,,
Waitrose Barnet,"Crisps, Snacks, Biscuits",Multipack Crisps,Kettle Chips Lightly Salted 5x25g,125g,£25.60/kg,3.20,,
Waitrose Barnet,"Crisps, Snacks, Biscuits",Sharing Crisps,Kettle Chips Mature Cheddar & Red Onion 130g,130g,£24.62/kg,3.20,,
Waitrose Barnet,"Crisps, Snacks, Biscuits",Nuts & Seeds,Linwoods Flaxseed 425g,425g,£18.59/kg,7.90,,
Waitrose Barnet,"Crisps, Snacks, Biscuits",Snacks😋,Manomasa Chipotle & Lime 140g,140g,£19.64/kg,2.75,,
Waitrose Barnet,"Crisps, Snacks, Biscuits",Snacks😋,Manomasa Serrano Chilli & Yucatan Honey 140g,140g,£19.64/kg,2.75,,
Waitrose Barnet,"Crisps, Snacks, Biscuits",Nuts & Seeds,Marmite Cashews 110g,110g,£41.36/kg,4.55,,
Waitrose Barnet,"Crisps, Snacks, Biscuits",Multipack Crisps,Marmite Crisps 6x25g,150g,£13.73/kg,2.06,2.75,25% off
Waitrose Barnet,"Crisps, Snacks, Biscuits",Rice & Corn Cakes,Marmite Rice Cakes 110g,110g,£25.45/kg,2.80,,
Waitrose Barnet,"Crisps, Snacks, Biscuits",Single Crisps,McCoy's Ridge Cut Salt & Malt Vinegar Crisps 45g,45g,£33.33/kg,1.50,,
Waitrose Barnet,"Crisps, Snacks, Biscuits",Nuts & Seeds,Merchant Gourmet Whole Chestnuts 180g,180g,£18.06/kg,3.25,,
Waitrose Barnet,"Crisps, Snacks, Biscuits",Tortilla Chips,Mister Free'd Gluten Free Tortilla Chips Blue 135g,135g,£13.93/kg,1.88,2.50,25% off
Waitrose Barnet,"Crisps, Snacks, Biscuits",Nuts & Seeds,Naturya Organic Chia Seeds 175g,175g,£23.60/kg,4.13,5.50,25% off
Waitrose Barnet,"Crisps, Snacks, Biscuits",Multipack Crisps,Nik Naks Nice'n'Spicy 6x20g,120g,£17.50/kg,2.10,,
Waitrose Barnet,"Crisps, Snacks, Biscuits",Sharing Crisps,No.1 Hand-Cooked Salt & Cracked Black Pepper Crisps 150g,150g,£12.67/kg,1.90,,
Waitrose Barnet,"Crisps, Snacks, Biscuits",Sharing Crisps,Pipers Anglesey Sea Salt Crisps Sharing Bag 150g,150g,£24.00/kg,3.60,,
Waitrose Barnet,"Crisps, Snacks, Biscuits",Sharing Crisps,Pipers Great Berwick Longhorn Beef Crisps Sharing Bag 150g,150g,£24.00/kg,3.60,,
Waitrose Barnet,"Crisps, Snacks, Biscuits",Sharing Crisps,Pipers Wyke Cheddar & Onion Sharing Crisps 150g,150g,£15.60/kg,2.34,3.60,35% off
Waitrose Barnet,"Crisps, Snacks, Biscuits",Multipack Crisps,Popchips Barbeque 5x17g,85g,£31.76/kg,2.70,,
Waitrose Barnet,"Crisps, Snacks, Biscuits",Sharing Crisps,Popchips Barbeque 85g,85g,£32.35/kg,2.75,,
Waitrose Barnet,"Crisps, Snacks, Biscuits",Sharing Crisps,Popchips Salt & Vinegar 85g,85g,£32.35/kg,2.75,,
Waitrose Barnet,"Crisps, Snacks, Biscuits",Sharing Crisps,Popchips Sea Salt 85g,85g,£32.35/kg,2.75,,
Waitrose Barnet,"Crisps, Snacks, Biscuits",Multipack Crisps,Popchips Sour Cream & Onion 5x17g,85g,£31.76/kg,2.70,,
Waitrose Barnet,"Crisps, Snacks, Biscuits",Sharing Crisps,Popchips Sour Cream & Onion 85g,85g,£32.35/kg,2.75,,
Waitrose Barnet,"Crisps, Snacks, Biscuits",Sharing Crisps,Pringles Original Sharing Crisps 165g,165g,£18.18/kg,3.00,,£2.10 loyalty card (£12.73/kg)
Waitrose Barnet,"Crisps, Snacks, Biscuits",Sharing Crisps,Pringles Sour Cream & Onion Sharing Crisps 165g,165g,£18.18/kg,3.00,,£2.10 loyalty card (£12.73/kg)
Waitrose Barnet,"Crisps, Snacks, Biscuits",Sharing Crisps,Pringles Texas BBQ Sharing Crisps 165g,165g,£12.73/kg,2.10,3.00,30% off
Waitrose Barnet,"Crisps, Snacks, Biscuits",Sharing Crisps,Proper Chips Lentil Chips Barbecue 85g,85g,£32.35/kg,2.75,,
Waitrose Barnet,"Crisps, Snacks, Biscuits",Sharing Crisps,Proper Chips Prawn Cocktail Flavour Lentil Chips 85g,85g,£32.35/kg,2.75,,
Waitrose Barnet,"Crisps, Snacks, Biscuits",Multipack Crisps,Proper Chips Salt & Vinegar Lentil Chips 5x14g,70g,£39.29/kg,2.75,,
Waitrose Barnet,"Crisps, Snacks, Biscuits",Popcorn,Proper Corn Sweet & Salty Popcorn 6x14g,84g,£32.74/kg,2.75,,
Waitrose Barnet,"Crisps, Snacks, Biscuits",Popcorn,Proper Corn Sweet & Salty Popcorn 90g,90g,£27.78/kg,2.50,,£1.75 loyalty card (£19.44/kg)
Waitrose Barnet,"Crisps, Snacks, Biscuits",Rice & Corn Cakes,Real Foods Corn Thins Original 150g,150g,£12.67/kg,1.90,,
Waitrose Barnet,"Crisps, Snacks, Biscuits",Multipack Crisps,Skips Prawn Cocktail 6x13.1g,78.6g,£26.08/kg,2.05,,
Waitrose Barnet,"Crisps, Snacks, Biscuits",Rice & Corn Cakes,Snack A Jacks Jumbo Chocolate Chip Sharing Rice Cake Crisps 180g,180g,£17.22/kg,3.10,,
Waitrose Barnet,"Crisps, Snacks, Biscuits",Rice & Corn Cakes,Snack Organisation Sweet Chilli Rice Crackers 100g,100g,£14.50/kg,1.45,,
Waitrose Barnet,"Crisps, Snacks, Biscuits",Sharing Crisps,Torres Black Truffle Potato Crisps 125g,125g,£48.00/kg,6.00,,
Waitrose Barnet,"Crisps, Snacks, Biscuits",Sharing Crisps,Torres Iberian Ham Potato Crisps 150g,150g,£40.00/kg,6.00,,
Waitrose Barnet,"Crisps, Snacks, Biscuits",Single Crisps,Tyrrell's Lightly Sea Salted 40g,40g,£35.00/kg,1.40,,
Waitrose Barnet,"Crisps, Snacks, Biscuits",Sharing Crisps,Tyrrells Furrows Salt & Vinegar Crisps 150g,150g,£22.00/kg,3.30,,
Waitrose Barnet,"Crisps, Snacks, Biscuits",Sharing Crisps,Tyrrells Furrows Sea Salted Crisps 150g,150g,£22.00/kg,3.30,,
Waitrose Barnet,"Crisps, Snacks, Biscuits",Sharing Crisps,Tyrrells Lentil Sour Cream Crisps 80g,80g,£22.50/kg,1.80,2.40,25% off
Waitrose Barnet,"Crisps, Snacks, Biscuits",Sharing Crisps,Tyrrells Naked-No Salt Crisps 150g,150g,£22.00/kg,3.30,,
Waitrose Barnet,"Crisps, Snacks, Biscuits",Sharing Crisps,Tyrrells Roasted Chicken & Sage 150g,150g,£22.00/kg,3.30,,
Waitrose Barnet,"Crisps, Snacks, Biscuits",Sharing Crisps,Tyrrells Sea Salt & Black Pepper 150g,150g,£22.00/kg,3.30,,2 for £4.80
Waitrose Barnet,"Crisps, Snacks, Biscuits",Sharing Crisps,Tyrrells Sea Salt & Cider Vinegar Crisps 150g,150g,£22.00/kg,3.30,,
Waitrose Barnet,"Crisps, Snacks, Biscuits",Sharing Crisps,Tyrrells Smoked Paprika Crisps 150g,150g,£22.00/kg,3.30,,
Waitrose Barnet,"Crisps, Snacks, Biscuits",Sharing Crisps,Tyrrells Sweet Chilli & Red Pepper Crisps 150g,150g,£22.00/kg,3.30,,
Waitrose Barnet,"Crisps, Snacks, Biscuits",Sharing Crisps,Tyrrells Truffle & Sea Salt Crisps 135g,135g,£24.44/kg,3.30,,2 for £4.80
Waitrose Barnet,"Crisps, Snacks, Biscuits",Nuts & Seeds,Waitrose Almonds 150g,150g,£28.00/kg,4.20,,
Waitrose Barnet,"Crisps, Snacks, Biscuits",Nuts & Seeds,Waitrose Brazil Nuts 150g,150g,£33.67/kg,5.05,,
Waitrose Barnet,"Crisps, Snacks, Biscuits",Nuts & Seeds,Waitrose Cashew Nuts 150g,150g,£24.00/kg,3.60,,
Waitrose Barnet,"Crisps, Snacks, Biscuits",Nuts & Seeds,Waitrose Cashew Nuts 400g,400g,£20.25/kg,8.10,,
Waitrose Barnet,"Crisps, Snacks, Biscuits",Nuts & Seeds,Waitrose Chia Seeds 150g,150g,£20.00/kg,3.00,,
Waitrose Barnet,"Crisps, Snacks, Biscuits",Rice & Corn Cakes,Waitrose Chilli Rice Crackers 150g,150g,£17.33/kg,2.60,,
Waitrose Barnet,"Crisps, Snacks, Biscuits",Rice & Corn Cakes,Waitrose Dark Chocolate Rice Cakes 100g,100g,£24.00/kg,2.40,,
Waitrose Barnet,"Crisps, Snacks, Biscuits",Dried Fruit,Waitrose Dried Mango 150g,150g,£32.67/kg,4.90,,
Waitrose Barnet,"Crisps, Snacks, Biscuits",Dried Fruit,Waitrose Dried Pitted Dates 250g,250g,£9.20/kg,2.30,,
Waitrose Barnet,"Crisps, Snacks, Biscuits",Nuts & Seeds,Waitrose Duchy Organic Pine Kernels 100g,100g,£60.00/kg,6.00,,
Waitrose Barnet,"Crisps, Snacks, Biscuits",Nuts & Seeds,Waitrose Essential Roasted Salted Cashew Nuts 200g,200g,£18.00/kg,3.60,,
Waitrose Barnet,"Crisps, Snacks, Biscuits",Nuts & Seeds,Waitrose Essential Roasted Salted Mixed Nuts 200g,200g,£18.00/kg,3.60,,
Waitrose Barnet,"Crisps, Snacks, Biscuits",Dried Fruit,Waitrose Flame Raisins 500g,500g,£9.00/kg,4.50,,
Waitrose Barnet,"Crisps, Snacks, Biscuits",Nuts & Seeds,Waitrose Hazelnuts 150g,150g,£26.00/kg,3.90,,
Waitrose Barnet,"Crisps, Snacks, Biscuits",Nuts & Seeds,Waitrose Honey Roast Cashews 100g,100g,£29.00/kg,2.90,,
Waitrose Barnet,"Crisps, Snacks, Biscuits",Multipack Crisps,Waitrose LOVE Life Ready Salted Reduced Fat Multipack Crisps 6x25g,150g,£18.33/kg,2.75,,
Waitrose Barnet,"Crisps, Snacks, Biscuits",Nuts & Seeds,Waitrose LoveLife Roasted Cashews 50g,50g,£24.00/kg,1.20,,
Waitrose Barnet,"Crisps, Snacks, Biscuits",Sharing Crisps,Waitrose Mini Poppadoms Sharing Snack 80g,80g,£19.38/kg,1.55,,
Waitrose Barnet,"Crisps, Snacks, Biscuits",Nuts & Seeds,Waitrose Mixed Nuts 250g,250g,£24.00/kg,6.00,,
Waitrose Barnet,"Crisps, Snacks, Biscuits",Nuts & Seeds,Waitrose Mixed Nuts 400g,400g,£20.25/kg,8.10,,
Waitrose Barnet,"Crisps, Snacks, Biscuits",Nuts & Seeds,Waitrose Nuts & Raisins 500g,500g,£9.60/kg,4.80,,
Waitrose Barnet,"Crisps, Snacks, Biscuits",Nuts & Seeds,"Waitrose Nuts, Fruit & Seeds 60g",60g,£20.00/kg,1.20,,
Waitrose Barnet,"Crisps, Snacks, Biscuits",Nuts & Seeds,Waitrose Pecans 150g,150g,£25.33/kg,3.80,,
Waitrose Barnet,"Crisps, Snacks, Biscuits",Nuts & Seeds,Waitrose Pistachio Nut Kernels 100g,100g,£45.50/kg,4.55,,
Waitrose Barnet,"Crisps, Snacks, Biscuits",Single Crisps,Waitrose Prawn Crackers Sharing Snack 65g,65g,£26.15/kg,1.70,,
Waitrose Barnet,"Crisps, Snacks, Biscuits",Nuts & Seeds,Waitrose Pumpkin Seeds 175g,175g,£14.86/kg,2.60,,
Waitrose Barnet,"Crisps, Snacks, Biscuits",Nuts & Seeds,Waitrose Raisin Nut & Cranberry 400g,400g,£20.25/kg,8.10,,
Waitrose Barnet,"Crisps, Snacks, Biscuits",Nuts & Seeds,Waitrose Roasted & Salted Cashew Nuts Can 300g,300g,£23.00/kg,6.90,,
Waitrose Barnet,"Crisps, Snacks, Biscuits",Nuts & Seeds,Waitrose Roasted & Salted Mixed Nuts Can 300g,300g,£23.00/kg,6.90,,
Waitrose Barnet,"Crisps, Snacks, Biscuits",Nuts & Seeds,Waitrose Roasted Salted Almonds 100g,100g,£24.00/kg,2.40,,
Waitrose Barnet,"Crisps, Snacks, Biscuits",Nuts & Seeds,Waitrose Roasted Salted Mixed Nuts 200g,200g,£24.50/kg,4.90,,
Waitrose Barnet,"Crisps, Snacks, Biscuits",Sharing Crisps,Waitrose Salt & Black Pepper Snack Mix Sharing Crisps 150g,150g,£15.67/kg,2.35,,
Waitrose Barnet,"Crisps, Snacks, Biscuits",Popcorn,Waitrose Sea Salted Popcorn Sharing Bag 80g,80g,£18.13/kg,1.45,,
Waitrose Barnet,"Crisps, Snacks, Biscuits",Nuts & Seeds,Waitrose Sesame Seeds 100g,100g,£15.00/kg,1.50,,
Waitrose Barnet,"Crisps, Snacks, Biscuits",Nuts & Seeds,Waitrose Sesame Seeds 175g,175g,£14.86/kg,2.60,,
Waitrose Barnet,"Crisps, Snacks, Biscuits",Dried Fruit,Waitrose Soft Dates 270g,270g,£11.30/kg,3.05,,
Waitrose Barnet,"Crisps, Snacks, Biscuits",Dried Fruit,Waitrose Soft Prunes 500g,500g,£9.60/kg,4.80,,
Waitrose Barnet,"Crisps, Snacks, Biscuits",Sharing Crisps,Waitrose Sour Cream & Chive Snack Mix Sharing Crisps 150g,150g,£15.67/kg,2.35,,
Waitrose Barnet,"Crisps, Snacks, Biscuits",Popcorn,Waitrose Sweet & Salty Popcorn Multipack 6x14g,84g,£25.00/kg,2.10,,
Waitrose Barnet,"Crisps, Snacks, Biscuits",Popcorn,Waitrose Sweet & Salty Popcorn Sharing Bag 100g,100g,£14.50/kg,1.45,,
Waitrose Barnet,"Crisps, Snacks, Biscuits",Nuts & Seeds,Waitrose Toasted Flaked Almonds 100g,100g,£23.50/kg,2.35,,
Waitrose Barnet,"Crisps, Snacks, Biscuits",Nuts & Seeds,Waitrose Walnuts 150g,150g,£24.00/kg,3.60,,
Waitrose Barnet,"Crisps, Snacks, Biscuits",Nuts & Seeds,Waitrose Walnuts 400g,400g,£21.00/kg,8.40,,
Waitrose Barnet,"Crisps, Snacks, Biscuits",Dried Fruit,Waitrose Whole American Cranberries 200g,200g,£24.50/kg,4.90,,
Waitrose Barnet,"Crisps, Snacks, Biscuits",Multipack Crisps,Walkers Baked Cheese & Onion Multipack Snacks Crisps 6x22g,132g,£22.73/kg,3.00,,
Waitrose Barnet,"Crisps, Snacks, Biscuits",Multipack Crisps,Walkers Baked Crisps Quavers Cheese Multipack Crisps 6x16g,96g,£31.25/kg,3.00,,
Waitrose Barnet,"Crisps, Snacks, Biscuits",Multipack Crisps,Walkers Baked Sea Salt Multipack Snacks Crisps 6x22g,132g,£22.73/kg,3.00,,
Waitrose Barnet,"Crisps, Snacks, Biscuits",Multipack Crisps,Walkers Baked Variety Multipack Snacks Crisps 6x22g,132g,£22.73/kg,3.00,,2 for £4.20
Waitrose Barnet,"Crisps, Snacks, Biscuits",Single Crisps,Walkers Cheese & Onion Crisps 45g,45g,£35.56/kg,1.60,,
Waitrose Barnet,"Crisps, Snacks, Biscuits",Multipack Crisps,Walkers Cheese & Onion Multipack Crisps 6x25g,150g,£18.67/kg,2.80,,£2.10 loyalty card (£14.00/kg)
Waitrose Barnet,"Crisps, Snacks, Biscuits",Multipack Crisps,Walkers Less Salt Mild Cheese & Onion Multipack Crisps 6x25g,150g,£20.00/kg,3.00,,2 for £4.20
Waitrose Barnet,"Crisps, Snacks, Biscuits",Multipack Crisps,Walkers Monster Munch Crisps Pickled Onion Multipack Snacks 6x20g,120g,£17.50/kg,2.10,2.80,25% off
Waitrose Barnet,"Crisps, Snacks, Biscuits",Single Crisps,Walkers Prawn Cocktail Crisps 45g,45g,£35.56/kg,1.60,,
Waitrose Barnet,"Crisps, Snacks, Biscuits",Multipack Crisps,Walkers Ready Salted Multipack Crisps 14x25g,350g,£11.43/kg,4.00,,
Waitrose Barnet,"Crisps, Snacks, Biscuits",Multipack Crisps,Walkers Roast Chicken Multipack Crisps 6x25g,150g,£20.00/kg,3.00,,
Waitrose Barnet,"Crisps, Snacks, Biscuits",Single Crisps,Walkers Salt & Vinegar Crisps 45g,45g,£35.56/kg,1.60,,
Waitrose Barnet,"Crisps, Snacks, Biscuits",Multipack Crisps,Walkers Salt & Vinegar Multipack Crisps 6x25g,150g,£20.00/kg,3.00,,
Waitrose Barnet,"Crisps, Snacks, Biscuits",Sharing Crisps,Walkers Sensations Thai Sweet Chilli Sharing Crisps 150g,150g,£20.00/kg,3.00,,2 for £4.20
Waitrose Barnet,"Crisps, Snacks, Biscuits",Multipack Crisps,Walkers Squares Salt & Vinegar Crisps Multipack Snacks 6s,6pk,£0.50 each,3.00,,
Waitrose Barnet,"Crisps, Snacks, Biscuits",Sharing Crisps,Walkers Wotsits Giants Crisps Really Cheesy Sharing Snacks 130g,130g,£23.08/kg,3.00,,
Waitrose Barnet,"Crisps, Snacks, Biscuits",Multipack Crisps,Walkers Wotsits Really Cheesy Multipack Snacks Crisps 6x16.5g,99g,£21.21/kg,2.10,2.80,25% off
Waitrose Barnet,"Crisps, Snacks, Biscuits",Dried Fruit,Whitworths Sunny Raisin 12 Snack Packs 12x14g,168g,£17.86/kg,3.00,,2 for £4.10
Waitrose Barnet,"Deli, Dips, Food To Go",Antipasti & Dips,Cauldron Moroccan Spiced Falafel Bites 180g,180g,£18.06/kg,3.25,,£2.44 loyalty card (£13.56/kg)
Waitrose Barnet,"Deli, Dips, Food To Go",Antipasti & Dips,Doritos Mild Salsa Sharing Dip 300g,300g,£10.00/kg,3.00,,2 for £4.20
Waitrose Barnet,"Deli, Dips, Food To Go",Antipasti & Dips,Duchy Organic Houmous 300g,300g,£8.80/kg,2.64,3.30,20% off
Waitrose Barnet,"Deli, Dips, Food To Go",Antipasti & Dips,Essential Reduced Fat Houmous 200g,200g,£9.50/kg,1.90,,
Waitrose Barnet,"Deli, Dips, Food To Go",Antipasti & Dips,Essential Reduced Fat Houmous 300g,300g,£7.33/kg,2.20,,
Waitrose Barnet,"Deli, Dips, Food To Go",Antipasti & Dips,Higgidy Sweetcorn & Jalapeno Scone Bites 130g,130g,£33.85/kg,4.40,,
Waitrose Barnet,"Deli, Dips, Food To Go",Antipasti & Dips,Holy Moly Guacamole Original 150g,150g,£22.00/kg,3.30,,
Waitrose Barnet,"Deli, Dips, Food To Go",Antipasti & Dips,Holy Moly Smashed Avocado 150g,150g,£17.60/kg,2.64,3.30,20% off
Waitrose Barnet,"Deli, Dips, Food To Go",Antipasti & Dips,No.1 Extra Virgin Olive Oil Houmous 170g,170g,£21.18/kg,3.60,,
Waitrose Barnet,"Deli, Dips, Food To Go",Antipasti & Dips,No.1 Italian Mixed Antipasti 290g,190g,£25.26/kg,4.80,,
Waitrose Barnet,"Deli, Dips, Food To Go",Antipasti & Dips,No.1 Whipped Feta Dip with Sunblush Tomatoes 180g,180g,£20.00/kg,3.60,,
Waitrose Barnet,"Deli, Dips, Food To Go",Antipasti & Dips,Ramona's Original Heavenly Houmous 500g,500g,£9.00/kg,4.50,,
Waitrose Barnet,"Deli, Dips, Food To Go",Antipasti & Dips,Vadasz Garlic & Dill Sauerkraut 400g,400g,£14.88/kg,5.95,,
Waitrose Barnet,"Deli, Dips, Food To Go",Antipasti & Dips,Waitrose Caramelised Onion Houmous 200g,200g,£11.00/kg,2.20,,2 for £3
Waitrose Barnet,"Deli, Dips, Food To Go",Antipasti & Dips,Waitrose Cheese & Ham Ploughman's Bites 180g,180g,£25.00/kg,4.50,,3 for £8
Waitrose Barnet,"Deli, Dips, Food To Go",Antipasti & Dips,Waitrose Italian Style Aperitivo Selection 145g,145g,£37.24/kg,5.40,,3 for £8
Waitrose Barnet,"Deli, Dips, Food To Go",Antipasti & Dips,Waitrose Marinated Chargrilled Italian Artichokes 160g,160g,£30.00/kg,4.80,,3 for £8
Waitrose Barnet,"Deli, Dips, Food To Go",Antipasti & Dips,Waitrose Marinated Sun-Drenched Tomatoes 160g,160g,£30.00/kg,4.80,,3 for £8
Waitrose Barnet,"Deli, Dips, Food To Go",Antipasti & Dips,Waitrose Mozzarella & Basil Pesto 170g,170g,£28.24/kg,4.80,,3 for £8
Waitrose Barnet,"Deli, Dips, Food To Go",Antipasti & Dips,Waitrose Pizza Club Garlic Dipper 90g,90g,£26.11/kg,2.35,,
Waitrose Barnet,"Deli, Dips, Food To Go",Antipasti & Dips,Waitrose Roasted Beetroot & Mint Houmous 200g,200g,£11.00/kg,2.20,,2 for £3
Waitrose Barnet,"Deli, Dips, Food To Go",Antipasti & Dips,Waitrose Roasted Garlic Aioli Dip 200g,200g,£11.00/kg,2.20,,2 for £3
Waitrose Barnet,"Deli, Dips, Food To Go",Antipasti & Dips,Waitrose Roasted Red Pepper Houmous 200g,200g,£11.00/kg,2.20,,2 for £3
Waitrose Barnet,"Deli, Dips, Food To Go",Antipasti & Dips,Waitrose Smoked Houmous 200g,200g,£11.00/kg,2.20,,2 for £3
Waitrose Barnet,"Deli, Dips, Food To Go",Antipasti & Dips,Waitrose Smoky Scamorza Cheese Arancini 200g,200g,£24.00/kg,4.80,,3 for £8
Waitrose Barnet,"Deli, Dips, Food To Go",Antipasti & Dips,Waitrose Spinach Falafels 190g,190g,£25.26/kg,4.80,,3 for £8
Waitrose Barnet,"Deli, Dips, Food To Go",Antipasti & Dips,Waitrose Tex Mex Dip Selection 240g,240g,£12.50/kg,3.00,,
Waitrose Barnet,"Deli, Dips, Food To Go",Antipasti & Dips,Waitrose Tomato Salsa Dip 200g,200g,£11.00/kg,2.20,,2 for £3
Waitrose Barnet,"Deli, Dips, Food To Go",Antipasti & Dips,Waitrose Tzatziki Dip 230g,230g,£9.57/kg,2.20,,2 for £3
Waitrose Barnet,"Deli, Dips, Food To Go",Back to Routine 🎒,Waitrose British Finely Sliced Ham 115g,115g,£34.78/kg,4.00,,
Waitrose Barnet,"Deli, Dips, Food To Go",Cooked Meats,Dino's Famous Big Dogs 360g,360g,£12.50/kg,4.50,,
Waitrose Barnet,"Deli, Dips, Food To Go",Cooked Meats,Duchy Organic Roast Beef Topside 70g,70g,£58.29/kg,4.08,5.10,20% off
Waitrose Barnet,"Deli, Dips, Food To Go",Cooked Meats,Essential British Corned Beef 4 Slices 140g,140g,£30.00/kg,4.20,,
Waitrose Barnet,"Deli, Dips, Food To Go",Cooked Meats,Essential Cooked Chicken Breast Pieces 240g,240g,£16.25/kg,3.90,,
Waitrose Barnet,"Deli, Dips, Food To Go",Cooked Meats,No.1 Chicken Liver Parfait 75g,75g,£80.00/kg,6.00,,
Waitrose Barnet,"Deli, Dips, Food To Go",Cooked Meats,No.1 Free Range Applewood Smoked Turkey 80g,80g,£68.75/kg,5.50,,
Waitrose Barnet,"Deli, Dips, Food To Go",Cooked Meats,Taiko Chicken Katsu Bites with Teri-Mayo Sauce 85g,85g,£38.24/kg,3.25,,
Waitrose Barnet,"Deli, Dips, Food To Go",Cooked Meats,Taste Original 12 Mini Satay Skewers 96g,96g,£40.63/kg,3.90,,
Waitrose Barnet,"Deli, Dips, Food To Go",Cooked Meats,Unearthed 10 Classic Frankfurters 350g,350g,£12.00/kg,4.20,,
Waitrose Barnet,"Deli, Dips, Food To Go",Cooked Meats,Unearthed 4 Classic Frankfurters 140g,140g,£17.14/kg,2.40,,
Waitrose Barnet,"Deli, Dips, Food To Go",Cooked Meats,Waitrose 2 Scotch Eggs 260g,260g,£16.15/kg,4.20,,3 for £8
Waitrose Barnet,"Deli, Dips, Food To Go",Cooked Meats,Waitrose Ardennes Pâté 170g,170g,£21.18/kg,3.60,,
Waitrose Barnet,"Deli, Dips, Food To Go",Cooked Meats,Waitrose British Corned Beef 4 Slices 100g,100g,£47.00/kg,4.70,,2 for £7.80
Waitrose Barnet,"Deli, Dips, Food To Go",Cooked Meats,Waitrose British Ox Tongue 4 Slices 100g,100g,£47.00/kg,4.70,,2 for £7.80
Waitrose Barnet,"Deli, Dips, Food To Go",Cooked Meats,Waitrose British Pastrami 10 Slices 100g,100g,£47.00/kg,4.70,,2 for £7.80
Waitrose Barnet,"Deli, Dips, Food To Go",Cooked Meats,Waitrose British Salt Beef 6 Slices 100g,100g,£47.00/kg,4.70,,2 for £7.80
Waitrose Barnet,"Deli, Dips, Food To Go",Cooked Meats,Waitrose Cooked British Tikka Chicken Pieces 160g,160g,£31.88/kg,5.10,,
Waitrose Barnet,"Deli, Dips, Food To Go",Cooked Meats,Waitrose Cooked Chicken Breast Slices 200g,200g,£27.00/kg,5.40,,
Waitrose Barnet,"Deli, Dips, Food To Go",Cooked Meats,Waitrose Cooked Flamegrilled Chicken Mini Fillets 165g,165g,£30.91/kg,5.10,,
Waitrose Barnet,"Deli, Dips, Food To Go",Cooked Meats,Waitrose Cooked Flamegrilled Chicken Pieces 160g,160g,£31.88/kg,5.10,,
Waitrose Barnet,"Deli, Dips, Food To Go",Cooked Meats,Waitrose Cooked Lemon & Herb Chicken Pieces 160g,160g,£31.88/kg,5.10,,2 for £7.80
Waitrose Barnet,"Deli, Dips, Food To Go",Cooked Meats,Waitrose Cooked Roast Chicken Breast Slices 6 130g,130g,£36.15/kg,4.70,,2 for £7.80
Waitrose Barnet,"Deli, Dips, Food To Go",Cooked Meats,Waitrose Cooked Roast Chicken Thighs 435g,435g,£12.41/kg,5.40,,
Waitrose Barnet,"Deli, Dips, Food To Go",Cooked Meats,Waitrose Cooked Roast Half Chicken 450g,450g,£12.67/kg,5.70,,
Waitrose Barnet,"Deli, Dips, Food To Go",Cooked Meats,Waitrose Cooked Smoky Chipotle & Lime Chicken Pieces 160g,160g,£31.88/kg,5.10,,
Waitrose Barnet,"Deli, Dips, Food To Go",Cooked Meats,Waitrose Cooked Sweet & Smoky Chicken Wings 380g,380g,£13.42/kg,5.10,,
Waitrose Barnet,"Deli, Dips, Food To Go",Cooked Meats,Waitrose Cooked Sweet Chilli Chicken Mini Fillets 165g,165g,£30.91/kg,5.10,,2 for £7.80
Waitrose Barnet,"Deli, Dips, Food To Go",Cooked Meats,Waitrose Cumberland Picnic Eggs 200g,200g,£22.50/kg,4.50,,3 for £8
Waitrose Barnet,"Deli, Dips, Food To Go",Cooked Meats,Waitrose Honey & Mustard Cocktail Sausages 255g,255g,£17.65/kg,4.50,,3 for £8
Waitrose Barnet,"Deli, Dips, Food To Go",Cooked Meats,Waitrose Slow Cooked Beef Brisket 419g,419g,£26.01/kg,10.90,,
Waitrose Barnet,"Deli, Dips, Food To Go",Cooked Meats,Waitrose Slow Cooked Confit Duck 500g,500g,£17.18/kg,8.59,11.45,25% off
Waitrose Barnet,"Deli, Dips, Food To Go",Sushi & Dim Sum,6 Fried Prawn Gyoza 140g,140g,£34.29/kg,4.80,,
Waitrose Barnet,"Deli, Dips, Food To Go",Soups,Alvalle Original Gazpacho Tomato Soup 1litre,1L,£4.90/L,4.90,,
Waitrose Barnet,"Deli, Dips, Food To Go","Deli, Dips, Food To Go",Apple & Cinnamon Bircher 190g,,,0.00,,
Waitrose Barnet,"Deli, Dips, Food To Go",Salami & Continental Meats,Artysán Chorizo Riojano IGP 225g,225g,£21.02/kg,4.73,6.30,25% off
Waitrose Barnet,"Deli, Dips, Food To Go",Salami & Continental Meats,Bastides Saucisson Sec À L'Ancienne 200g,200g,£34.50/kg,6.90,,
Waitrose Barnet,"Deli, Dips, Food To Go",Ham,British Wiltshire Honey Roast Thick Cut Ham 130g,130g,£36.15/kg,4.70,,
Waitrose Barnet,"Deli, Dips, Food To Go","Deli, Dips, Food To Go",Cadbury Dairy Milk Giant Buttons Chocolate Bag Single 40g,,,0.00,,
Waitrose Barnet,"Deli, Dips, Food To Go",Soups,"Chicken, Mushroom & Basmati Rice Soup 600g",600g,£6.00/kg,3.60,,
Waitrose Barnet,"Deli, Dips, Food To Go","Deli, Dips, Food To Go",Coca-Cola Zero Sugar Bottle 500ml 500ml,,,0.00,,
Waitrose Barnet,"Deli, Dips, Food To Go","Deli, Dips, Food To Go",Coca-Cola Zero Sugar Can 330ml,,,0.00,,
Waitrose Barnet,"Deli, Dips, Food To Go",Ham,Cooks' Ingredients Pulled Ham Hock 180g,180g,£28.33/kg,5.10,,2 for £7.80
Waitrose Barnet,"Deli, Dips, Food To Go",Salami & Continental Meats,Cooks' Ingredients Spanish Navara Chorizo 190g,190g,£20.53/kg,3.90,,
Waitrose Barnet,"Deli, Dips, Food To Go",Soups,Cully & Sully Chicken & Vegetable Soup 400g,400g,£8.38/kg,3.35,,
Waitrose Barnet,"Deli, Dips, Food To Go",Soups,Cully & Sully Creamy Tomato & Basil Soup 400g,400g,£8.38/kg,3.35,,
Waitrose Barnet,"Deli, Dips, Food To Go",Soups,Cully & Sully Smoked Haddock & Salmon Chowder 400g,400g,£8.38/kg,3.35,,
Waitrose Barnet,"Deli, Dips, Food To Go","Deli, Dips, Food To Go",Diet Coke Can 330ml,,,0.00,,
Waitrose Barnet,"Deli, Dips, Food To Go","Deli, Dips, Food To Go",Doritos Chilli Heatwave 44g,,,0.00,,
Waitrose Barnet,"Deli, Dips, Food To Go","Deli, Dips, Food To Go",Dr Pepper Zero Bottle 500ml,,,0.00,,
Waitrose Barnet,"Deli, Dips, Food To Go",Ham,Duchy Organic Finely Sliced Roast Ham 90g,90g,£45.33/kg,4.08,5.10,20% off
Waitrose Barnet,"Deli, Dips, Food To Go",Olives,Duchy Organic Pitted Kalamata Olives 290g,160g,£22.50/kg,3.60,,
Waitrose Barnet,"Deli, Dips, Food To Go",Ham,"Essential British Finely Sliced Roast Ham, Twin Pack 2x130g",260g,£14.23/kg,3.70,,
Waitrose Barnet,"Deli, Dips, Food To Go",Sandwiches & Wraps,Essential Cheese & Onion Sandwich each,1pk,£2.35 each,2.35,,
Waitrose Barnet,"Deli, Dips, Food To Go","Deli, Dips, Food To Go",Essential Cheese & Onion Sandwich each,,,0.00,,
Waitrose Barnet,"Deli, Dips, Food To Go",Prepared Fruit,Essential Frozen Pineapple Chunks 500g,500g,£7.90/kg,3.95,,
Waitrose Barnet,"Deli, Dips, Food To Go",Olives,Essential Pitted Black Olives 350g,150g,£12.67/kg,1.90,,
Waitrose Barnet,"Deli, Dips, Food To Go",Olives,Essential Pitted Black Olives 900g,450g,£8.00/kg,3.60,,
Waitrose Barnet,"Deli, Dips, Food To Go",Olives,Essential Pitted Green Olives 935g,450g,£8.00/kg,3.60,,
Waitrose Barnet,"Deli, Dips, Food To Go",Olives,Essential Pitted Green Olives in Brine 350g,150g,£12.67/kg,1.90,,
Waitrose Barnet,"Deli, Dips, Food To Go",Salad Bowls,Essential Potato Salad 300g,300g,£5.17/kg,1.55,,
Waitrose Barnet,"Deli, Dips, Food To Go",Olives,Essential Stuffed Green Olives 340g,190g,£9.47/kg,1.80,,
Waitrose Barnet,"Deli, Dips, Food To Go","Deli, Dips, Food To Go",Evian Still Water 750ml,,,0.00,,
Waitrose Barnet,"Deli, Dips, Food To Go","Deli, Dips, Food To Go",FULFIL Chocolate Brownie Vitamin & Protein Snack Bar 40g,,,0.00,,
Waitrose Barnet,"Deli, Dips, Food To Go","Deli, Dips, Food To Go",FULFIL Chocolate Hazelnut Whip Vitamin & Protein Snack Bar 40g,,,0.00,,
Waitrose Barnet,"Deli, Dips, Food To Go","Deli, Dips, Food To Go",FULFIL Chocolate Peanut Butter Vitamin & Protein Snack Bar 40g,,,0.00,,
Waitrose Barnet,"Deli, Dips, Food To Go","Deli, Dips, Food To Go",Fanta Orange Zero Bottle 500ml,,,0.00,,
Waitrose Barnet,"Deli, Dips, Food To Go",Olives,Fragata Stoneless Manzanilla Olives filled with Garlic 350g,150g,£19.33/kg,2.90,,
Waitrose Barnet,"Deli, Dips, Food To Go",Prepared Fruit,GOOD TO GO Coconut Chunks 80g,80g,£23.75/kg,1.90,,
Waitrose Barnet,"Deli, Dips, Food To Go","Deli, Dips, Food To Go",GOOD TO GO Large Vegetable Samosa 110g,,,0.00,,
Waitrose Barnet,"Deli, Dips, Food To Go",Prepared Fruit,GOOD TO GO Mango 130g,130g,£16.15/kg,2.10,,
Waitrose Barnet,"Deli, Dips, Food To Go","Deli, Dips, Food To Go",GOOD TO GO Mango 130g,,,0.00,,
Waitrose Barnet,"Deli, Dips, Food To Go",Prepared Fruit,GOOD TO GO Pineapple 120g,120g,£17.50/kg,2.10,,
Waitrose Barnet,"Deli, Dips, Food To Go","Deli, Dips, Food To Go",GOOD TO GO Pineapple 120g,,,0.00,,
Waitrose Barnet,"Deli, Dips, Food To Go",Sausage Rolls & Pasties,Ginsters Cornish Pasty 227g,227g,£9.25/kg,2.10,2.80,25% off
Waitrose Barnet,"Deli, Dips, Food To Go",Salami & Continental Meats,Handl Tyrol Salami Drops Chili 70g,70g,£51.43/kg,3.60,,
Waitrose Barnet,"Deli, Dips, Food To Go",Salami & Continental Meats,Handl Tyrol Salami Drops Mild 70g,70g,£51.43/kg,3.60,,
Waitrose Barnet,"Deli, Dips, Food To Go",Sausage Rolls & Pasties,Higgidy Feta & Red Pepper Rolls 160g,160g,£26.25/kg,4.20,,
Waitrose Barnet,"Deli, Dips, Food To Go",Sushi & Dim Sum,Higgidy Hoisin Pulled Mushroom & Spring Onion Rolls 160g,160g,£26.25/kg,4.20,,
Waitrose Barnet,"Deli, Dips, Food To Go",Sausage Rolls & Pasties,Higgidy Mature Cheddar & Spinach Mini Muffins 130g,130g,£34.23/kg,4.45,,
Waitrose Barnet,"Deli, Dips, Food To Go","Pies, Quiche & Tarts","Higgidy Slow-Roasted Tomato, Broccoli & Spinach Quiche 380g",380g,£15.13/kg,5.75,,
Waitrose Barnet,"Deli, Dips, Food To Go",Salad Bowls,High Protein Mexican Style Chicken & Grain Salad 255g,255g,£22.55/kg,5.75,,
Waitrose Barnet,"Deli, Dips, Food To Go","Deli, Dips, Food To Go",High Protein Mexican Style Chicken & Grain Salad 255g,,,0.00,,
Waitrose Barnet,"Deli, Dips, Food To Go","Deli, Dips, Food To Go",High Protein Vanilla Yogurt with Granola 185g,,,0.00,,
Waitrose Barnet,"Deli, Dips, Food To Go","Deli, Dips, Food To Go",Huel Chocolate Complete Meal Drink 500ml,,,0.00,,
Waitrose Barnet,"Deli, Dips, Food To Go","Deli, Dips, Food To Go",Hula Hoops Big Hoops Salted 45g,,,0.00,,
Waitrose Barnet,"Deli, Dips, Food To Go","Deli, Dips, Food To Go",I Love Snacks Smoked Almonds 25g,,,0.00,,
Waitrose Barnet,"Deli, Dips, Food To Go","Deli, Dips, Food To Go",Innocent Berry Energise Super Smoothie Strawberry & Cherry with Vitamins 300ml,,,0.00,,
Waitrose Barnet,"Deli, Dips, Food To Go","Deli, Dips, Food To Go","Innocent Green Energise Super Smoothie, Kiwi, Cucumber, Apple & Matcha with Vitamins 300ml",,,0.00,,
Waitrose Barnet,"Deli, Dips, Food To Go","Deli, Dips, Food To Go",Innocent Orange Smooth 330ml,,,0.00,,
Waitrose Barnet,"Deli, Dips, Food To Go","Deli, Dips, Food To Go",Innocent Pure Apple Fruit Juice Single 330ml,,,0.00,,
Waitrose Barnet,"Deli, Dips, Food To Go","Deli, Dips, Food To Go","Innocent Strawberries, Bananas & Apples Smoothie 250ml",,,0.00,,
Waitrose Barnet,"Deli, Dips, Food To Go","Deli, Dips, Food To Go",KIND Dark Chocolate Nuts & Sea Salt 40g,,,0.00,,
Waitrose Barnet,"Deli, Dips, Food To Go","Deli, Dips, Food To Go",Lindt Lindor Milk Chocolate Treat Bar 38g,,,0.00,,
Waitrose Barnet,"Deli, Dips, Food To Go","Deli, Dips, Food To Go",Lipton Ice Tea Peach Bottle 500ml,,,0.00,,
Waitrose Barnet,"Deli, Dips, Food To Go","Deli, Dips, Food To Go",Lucozade Energy Orange 500ml,,,0.00,,
Waitrose Barnet,"Deli, Dips, Food To Go","Deli, Dips, Food To Go",Lucozade Sport Orange 500ml,,,0.00,,
Waitrose Barnet,"Deli, Dips, Food To Go","Deli, Dips, Food To Go",Lucozade Sport Raspberry 500ml,,,0.00,,
Waitrose Barnet,"Deli, Dips, Food To Go",Sandwiches & Wraps,Lunch Meal Deal 🥪,,,6.50,,
Waitrose Barnet,"Deli, Dips, Food To Go","Deli, Dips, Food To Go",Mars single 40g,,,0.00,,
Waitrose Barnet,"Deli, Dips, Food To Go","Deli, Dips, Food To Go",McCoy's Ridge Cut Salt & Malt Vinegar Crisps 45g,,,0.00,,
Waitrose Barnet,"Deli, Dips, Food To Go",Salad Bowls,Mediterranean Vegetables with Borlotti Beans & Feta 380g,380g,£14.21/kg,5.40,,
Waitrose Barnet,"Deli, Dips, Food To Go","Deli, Dips, Food To Go",Monster Energy Drink Ultra Zero Sugar 500ml 500ml,,,0.00,,
Waitrose Barnet,"Deli, Dips, Food To Go",Soups,New Covent Garden Classic Chicken Soup 560g,560g,£4.57/kg,2.56,3.20,20% off
Waitrose Barnet,"Deli, Dips, Food To Go",Soups,New Covent Garden Creamy Mushroom Soup 560g,560g,£4.57/kg,2.56,3.20,20% off
Waitrose Barnet,"Deli, Dips, Food To Go",Soups,New Covent Garden Creamy Tomato Soup 560g,560g,£4.57/kg,2.56,3.20,20% off
Waitrose Barnet,"Deli, Dips, Food To Go",Soups,New Covent Garden Lentil & Smoked Bacon Soup 560g,560g,£4.57/kg,2.56,3.20,20% off
Waitrose Barnet,"Deli, Dips, Food To Go",Soups,New Covent Garden Spiced Butternut Soup 560g,560g,£4.57/kg,2.56,3.20,20% off
Waitrose Barnet,"Deli, Dips, Food To Go",Soups,New Covent Garden Tomato & Basil Soup 560g,560g,£4.57/kg,2.56,3.20,20% off
Waitrose Barnet,"Deli, Dips, Food To Go",Salami & Continental Meats,No.1 6 Free Range Beech Smoked Dry Cured Back Bacon Rashers 200g,200g,£23.65/kg,4.73,6.30,25% off
Waitrose Barnet,"Deli, Dips, Food To Go",Olives,No.1 Almond-Stuffed Greek Halkidiki Olives 200g,110g,£43.64/kg,4.80,,
Waitrose Barnet,"Deli, Dips, Food To Go",Salami & Continental Meats,No.1 Antipasto Misto 120g,120g,£60.00/kg,7.20,,
Waitrose Barnet,"Deli, Dips, Food To Go",Ham,No.1 Free Range Blossom Honey Roast Ham 100g,100g,£55.00/kg,5.50,,
Waitrose Barnet,"Deli, Dips, Food To Go",Sausage Rolls & Pasties,No.1 Outdoor Bred Pork Mini Sausage Rolls 300g,300g,£18.00/kg,5.40,,
Waitrose Barnet,"Deli, Dips, Food To Go",Salami & Continental Meats,No.1 Prosciutto di Parma 90g,90g,£86.67/kg,7.80,,
Waitrose Barnet,"Deli, Dips, Food To Go",Sandwiches & Wraps,No.1 The Hot Smoked Salmon Bagel each,1pk,£5.95 each,5.95,,
Waitrose Barnet,"Deli, Dips, Food To Go",Sandwiches & Wraps,"No.1 The Wiltshire Ham, Egg & Tomato SWich each",1pk,£5.95 each,5.95,,
Waitrose Barnet,"Deli, Dips, Food To Go","Deli, Dips, Food To Go",Oasis Summer Fruits Bottle 500ml,,,0.00,,
Waitrose Barnet,"Deli, Dips, Food To Go","Deli, Dips, Food To Go",Pepsi Max Cherry No Sugar Cola Bottle 500ml,,,0.00,,
Waitrose Barnet,"Deli, Dips, Food To Go","Deli, Dips, Food To Go",Pepsi Max No Sugar Cola Bottle 500ml,,,0.00,,
Waitrose Barnet,"Deli, Dips, Food To Go",Sandwiches & Wraps,PlantLiving: Hoisin No Duck Wrap each,1pk,£4.85 each,4.85,,
Waitrose Barnet,"Deli, Dips, Food To Go","Deli, Dips, Food To Go",PlantLiving: Hoisin No Duck Wrap each,,,0.00,,
Waitrose Barnet,"Deli, Dips, Food To Go","Deli, Dips, Food To Go",Purdey's Natural Energy Apple & Grape 330ml Bottle 330ml,,,0.00,,
Waitrose Barnet,"Deli, Dips, Food To Go",Sausage Rolls & Pasties,Quorn 3 Sausage Rolls 210g,210g,£20.24/kg,4.25,,
Waitrose Barnet,"Deli, Dips, Food To Go",Soups,RE:NOURISH Digest Roasted Carrot Ginger Soup 500g,500g,£5.60/kg,2.80,4.30,35% off
Waitrose Barnet,"Deli, Dips, Food To Go",Soups,RE:NOURISH Immunity Kale Spinach Turmeric Soup 500g,500g,£5.60/kg,2.80,4.30,35% off
Waitrose Barnet,"Deli, Dips, Food To Go",Soups,RE:NOURISH Restore Pea Leek Watercress Soup 500g,500g,£8.60/kg,4.30,,
Waitrose Barnet,"Deli, Dips, Food To Go",Sausage Rolls & Pasties,Rahms 24 Mini Croustades 50g,50g,£78.00/kg,3.90,,
Waitrose Barnet,"Deli, Dips, Food To Go",Olives,Real Olive Co. Wild Garlic & Basil Olives 150g,150g,£23.47/kg,3.52,4.40,20% off
Waitrose Barnet,"Deli, Dips, Food To Go","Deli, Dips, Food To Go",Rebel Kitchen Raw Coconut Water 330ml,,,0.00,,
Waitrose Barnet,"Deli, Dips, Food To Go","Deli, Dips, Food To Go",Red Bull Energy Drink Sugar Free 250ml,,,0.00,,
Waitrose Barnet,"Deli, Dips, Food To Go","Deli, Dips, Food To Go",Ribena Blackcurrant Light 500ml,,,0.00,,
Waitrose Barnet,"Deli, Dips, Food To Go","Deli, Dips, Food To Go",San Pellegrino Blood Orange 330ml,,,0.00,,
Waitrose Barnet,"Deli, Dips, Food To Go","Deli, Dips, Food To Go",San Pellegrino Sparkling Natural Mineral Water 500ml,,,0.00,,
Waitrose Barnet,"Deli, Dips, Food To Go","Deli, Dips, Food To Go",Snickers single 40g,,,0.00,,
Waitrose Barnet,"Deli, Dips, Food To Go","Deli, Dips, Food To Go",Sprite Zero Sugar Bottle 500ml,,,0.00,,
Waitrose Barnet,"Deli, Dips, Food To Go",Sushi & Dim Sum,Sushi Daily 6 Avocado Maki Each,1pk,£4.50 each,4.50,,
Waitrose Barnet,"Deli, Dips, Food To Go",Sushi & Dim Sum,Sushi Daily 6 California Maki Each,1pk,£7.50 each,7.50,,
Waitrose Barnet,"Deli, Dips, Food To Go",Sushi & Dim Sum,Sushi Daily 7 Chicken Gyoza  150g,150g,£43.67/kg,6.55,,
Waitrose Barnet,"Deli, Dips, Food To Go",Sushi & Dim Sum,Sushi Daily Cali Crunch Roll 8 Pieces Each,1pk,£7.50 each,7.50,,
Waitrose Barnet,"Deli, Dips, Food To Go",Sushi & Dim Sum,Sushi Daily California Roll 9 Pieces Each,1pk,£6.90 each,6.90,,
Waitrose Barnet,"Deli, Dips, Food To Go",Sushi & Dim Sum,Sushi Daily Menu Two 307.5g,307.5g,£40.00/kg,12.30,,
Waitrose Barnet,"Deli, Dips, Food To Go",Sushi & Dim Sum,Sushi Daily Prawn Tempura Crunch Roll Each,1pk,£8.70 each,8.70,,
Waitrose Barnet,"Deli, Dips, Food To Go",Sushi & Dim Sum,Sushi Daily Prawn Tempura Roll 9 Pieces Each,1pk,£8.70 each,8.70,,
Waitrose Barnet,"Deli, Dips, Food To Go",Sushi & Dim Sum,Sushi Daily Salmon Crunch Roll 220g,220g,£39.55/kg,8.70,,
Waitrose Barnet,"Deli, Dips, Food To Go",Sushi & Dim Sum,Sushi Daily Salmon Sashimi 12p 156g,156g,£105.77/kg,16.50,,
Waitrose Barnet,"Deli, Dips, Food To Go",Sushi & Dim Sum,Sushi Daily Salmon Sashimi 6p 78g,78g,£126.92/kg,9.90,,
Waitrose Barnet,"Deli, Dips, Food To Go",Sushi & Dim Sum,Sushi Daily Wakame Salad Each,1pk,£3.55 each,3.55,,
Waitrose Barnet,"Deli, Dips, Food To Go","Deli, Dips, Food To Go",Taiko Chicken Katsu Bites with Teri-Mayo Sauce 85g,,,0.00,,
Waitrose Barnet,"Deli, Dips, Food To Go",Sushi & Dim Sum,Taiko Salmon Poke 312g,312g,£21.47/kg,6.70,,
Waitrose Barnet,"Deli, Dips, Food To Go",Sushi & Dim Sum,Taiko Salmon Sushi Wrap 232g,232g,£25.43/kg,5.90,,
Waitrose Barnet,"Deli, Dips, Food To Go",Sushi & Dim Sum,Taiko Smoked Salmon Deluxe 291g,291g,£28.18/kg,8.20,,
Waitrose Barnet,"Deli, Dips, Food To Go",Sushi & Dim Sum,Taiko Vegan Yasai Poke 354g,354g,£18.64/kg,6.60,,
Waitrose Barnet,"Deli, Dips, Food To Go",Sushi & Dim Sum,Taiko Yasai Sushi 206g,206g,£26.21/kg,5.40,,
Waitrose Barnet,"Deli, Dips, Food To Go","Deli, Dips, Food To Go",Taiko Yasai Sushi 206g,,,0.00,,
Waitrose Barnet,"Deli, Dips, Food To Go",Salami & Continental Meats,The Real Cure Black Truffle Salami Sticks 70g,70g,£85.71/kg,6.00,,
Waitrose Barnet,"Deli, Dips, Food To Go",Salad Bowls,Tuna Niçoise Salad 310g,310g,£17.26/kg,5.35,,
Waitrose Barnet,"Deli, Dips, Food To Go","Deli, Dips, Food To Go",Tyrrell's Lightly Sea Salted 40g,,,0.00,,
Waitrose Barnet,"Deli, Dips, Food To Go",Salami & Continental Meats,Unearthed Mild Kabanos 105g,105g,£27.90/kg,2.93,3.90,25% off
Waitrose Barnet,"Deli, Dips, Food To Go",Salami & Continental Meats,Unearthed Snacking Paprika Salami Sticks 100g,100g,£33.00/kg,3.30,,
Waitrose Barnet,"Deli, Dips, Food To Go",Salami & Continental Meats,Unearthed Snacking Salami Sticks 100g,100g,£33.00/kg,3.30,,
Waitrose Barnet,"Deli, Dips, Food To Go","Deli, Dips, Food To Go",Vita Coco Original Coconut Water 500ml,,,0.00,,
Waitrose Barnet,"Deli, Dips, Food To Go","Deli, Dips, Food To Go",Volvic Touch of Strawberry Sugar Free Flavoured Water 750ml,,,0.00,,
Waitrose Barnet,"Deli, Dips, Food To Go",Sausage Rolls & Pasties,Waitrose 2 Sausage Rolls 120g,120g,£11.67/kg,1.40,,
Waitrose Barnet,"Deli, Dips, Food To Go",Sausage Rolls & Pasties,Waitrose 6 Sausage Rolls 360g,360g,£8.06/kg,2.90,,
Waitrose Barnet,"Deli, Dips, Food To Go",Sushi & Dim Sum,Waitrose 6 Vegetable Spring Rolls 216g,216g,£16.67/kg,3.60,,
Waitrose Barnet,"Deli, Dips, Food To Go",Sandwiches & Wraps,Waitrose All Day Breakfast Sandwich each,1pk,£4.90 each,4.90,,
Waitrose Barnet,"Deli, Dips, Food To Go","Deli, Dips, Food To Go",Waitrose All Day Breakfast Sandwich each,,,0.00,,
Waitrose Barnet,"Deli, Dips, Food To Go",Prepared Fruit,Waitrose Berry Medley 230g,230g,£15.43/kg,3.55,,
Waitrose Barnet,"Deli, Dips, Food To Go",Ham,Waitrose British Breaded Ham 6 Slices 115g,115g,£34.78/kg,4.00,,
Waitrose Barnet,"Deli, Dips, Food To Go",Ham,Waitrose British Finely Sliced Honey Ham 115g,115g,£34.78/kg,4.00,,
Waitrose Barnet,"Deli, Dips, Food To Go",Ham,Waitrose British Honey Roast Ham 6 Slices 115g,115g,£34.78/kg,4.00,,
Waitrose Barnet,"Deli, Dips, Food To Go",Ham,Waitrose British Oak Smoked Ham 6 Slices 115g,115g,£34.78/kg,4.00,,
Waitrose Barnet,"Deli, Dips, Food To Go",Ham,Waitrose British Roast Ham 6 Slices 115g,115g,£34.78/kg,4.00,,
Waitrose Barnet,"Deli, Dips, Food To Go",Ham,Waitrose British Roast Ham Finely Sliced 200g,200g,£28.50/kg,5.70,,
Waitrose Barnet,"Deli, Dips, Food To Go",Ham,Waitrose British Roast Ham Made Without Nitrites 120g,120g,£32.50/kg,3.90,,
Waitrose Barnet,"Deli, Dips, Food To Go",Ham,Waitrose British Sliced Wilts Cured Ham 130g,130g,£36.15/kg,4.70,,2 for £7.80
Waitrose Barnet,"Deli, Dips, Food To Go",Ham,Waitrose British Wiltshire Cured Ham 4 Slices 130g,130g,£36.15/kg,4.70,,2 for £7.80
Waitrose Barnet,"Deli, Dips, Food To Go",Ham,Waitrose British Wiltshire Ham Thickly Cut 130g,130g,£36.15/kg,4.70,,
Waitrose Barnet,"Deli, Dips, Food To Go",Salad Bowls,Waitrose Caesar Salad 250g,250g,£11.80/kg,2.95,,
Waitrose Barnet,"Deli, Dips, Food To Go","Pies, Quiche & Tarts",Waitrose Cheddar Courgette & Pea Crustless Quiche 340g,340g,£13.97/kg,4.75,,3 for £8
Waitrose Barnet,"Deli, Dips, Food To Go",Sandwiches & Wraps,Waitrose Chicken & Bacon Caesar Wrap each,1pk,£4.85 each,4.85,,
Waitrose Barnet,"Deli, Dips, Food To Go","Deli, Dips, Food To Go",Waitrose Chicken & Bacon Caesar Wrap each,,,0.00,,
Waitrose Barnet,"Deli, Dips, Food To Go",Salad Bowls,Waitrose Chicken Caesar Salad 212g,212g,£25.71/kg,5.45,,
Waitrose Barnet,"Deli, Dips, Food To Go","Deli, Dips, Food To Go","Waitrose Chicken, Tomato & Basil Pasta 360g",,,0.00,,
Waitrose Barnet,"Deli, Dips, Food To Go",Salami & Continental Meats,Waitrose Chorizo & Gouda Cheese Involtinis 80g,80g,£60.00/kg,4.80,,3 for £8
Waitrose Barnet,"Deli, Dips, Food To Go",Soups,Waitrose Chunky Minestrone Soup 600g,600g,£6.00/kg,3.60,,
Waitrose Barnet,"Deli, Dips, Food To Go",Sandwiches & Wraps,Waitrose Classic BLT Sandwich each,1pk,£4.90 each,4.90,,
Waitrose Barnet,"Deli, Dips, Food To Go","Deli, Dips, Food To Go",Waitrose Classic BLT Sandwich each,,,0.00,,
Waitrose Barnet,"Deli, Dips, Food To Go",Salad Bowls,Waitrose Coleslaw & Potato Salad Twin Pot 445g,445g,£6.74/kg,3.00,,
Waitrose Barnet,"Deli, Dips, Food To Go",Salad Bowls,Waitrose Coronation Chicken Deli Filler 220g,220g,£13.18/kg,2.90,,
Waitrose Barnet,"Deli, Dips, Food To Go",Sandwiches & Wraps,Waitrose Coronation Chicken Sandwich each,1pk,£4.90 each,4.90,,
Waitrose Barnet,"Deli, Dips, Food To Go","Deli, Dips, Food To Go",Waitrose Coronation Chicken Sandwich each,,,0.00,,
Waitrose Barnet,"Deli, Dips, Food To Go",Salad Bowls,Waitrose Couscous & Roasted Vegetable Salad 200g,200g,£16.50/kg,3.30,,
Waitrose Barnet,"Deli, Dips, Food To Go",Soups,Waitrose Cream of Tomato Soup 600g,600g,£6.00/kg,3.60,,
Waitrose Barnet,"Deli, Dips, Food To Go",Soups,Waitrose Creamy Butternut Squash & Tarragon Soup 600g,600g,£6.00/kg,3.60,,
Waitrose Barnet,"Deli, Dips, Food To Go",Salad Bowls,Waitrose Deli Style Coleslaw 300g,300g,£7.33/kg,2.20,,
Waitrose Barnet,"Deli, Dips, Food To Go",Salad Bowls,Waitrose Deli Style Coleslaw 500g,500g,£6.60/kg,3.30,,
Waitrose Barnet,"Deli, Dips, Food To Go",Salad Bowls,Waitrose Edamame Bean salad 190g,190g,£17.37/kg,3.30,,
Waitrose Barnet,"Deli, Dips, Food To Go",Salad Bowls,Waitrose Edamame Beans 160g,160g,£12.50/kg,2.00,,
Waitrose Barnet,"Deli, Dips, Food To Go",Sandwiches & Wraps,Waitrose Egg Mayo & Cress Sandwich each,1pk,£3.30 each,3.30,,
Waitrose Barnet,"Deli, Dips, Food To Go","Deli, Dips, Food To Go",Waitrose Egg Mayo & Cress Sandwich each,,,0.00,,
Waitrose Barnet,"Deli, Dips, Food To Go",Sausage Rolls & Pasties,Waitrose Feta & Honey Filo Rolls 120g,120g,£40.00/kg,4.80,,3 for £8
Waitrose Barnet,"Deli, Dips, Food To Go",Ham,Waitrose Finely Sliced Wiltshire Honey Ham 130g,130g,£36.15/kg,4.70,,2 for £7.80
Waitrose Barnet,"Deli, Dips, Food To Go",Salami & Continental Meats,Waitrose French Saucisson Sec with Herbes De Provence 70g,70g,£60.00/kg,4.20,,2 for £7.80
Waitrose Barnet,"Deli, Dips, Food To Go",Salad Bowls,Waitrose Fruity Coleslaw 270g,270g,£10.00/kg,2.70,,
Waitrose Barnet,"Deli, Dips, Food To Go",Ham,Waitrose German Extrawurst 90g,90g,£46.67/kg,4.20,,2 for £7.80
Waitrose Barnet,"Deli, Dips, Food To Go",Salami & Continental Meats,Waitrose German Smoked Salami 125g,125g,£18.00/kg,2.25,3.00,25% off
Waitrose Barnet,"Deli, Dips, Food To Go",Olives,Waitrose Greek Conservolia & Kalamata Olives with Feta 145g,145g,£33.10/kg,4.80,,3 for £8
Waitrose Barnet,"Deli, Dips, Food To Go",Olives,Waitrose Greek Grilled Halkidiki Olives 150g,150g,£32.00/kg,4.80,,3 for £8
Waitrose Barnet,"Deli, Dips, Food To Go",Olives,Waitrose Greek Kalamata Olives 145g,145g,£33.10/kg,4.80,,3 for £8
Waitrose Barnet,"Deli, Dips, Food To Go",Sandwiches & Wraps,Waitrose Hoisin Duck Wrap each,1pk,£4.85 each,4.85,,
Waitrose Barnet,"Deli, Dips, Food To Go","Deli, Dips, Food To Go",Waitrose Hoisin Duck Wrap each,,,0.00,,
Waitrose Barnet,"Deli, Dips, Food To Go",Salami & Continental Meats,Waitrose Italian Milano Salami 80g,80g,£37.50/kg,3.00,,
Waitrose Barnet,"Deli, Dips, Food To Go",Ham,Waitrose Italian Mortadella 90g,90g,£35.00/kg,3.15,4.20,25% off
Waitrose Barnet,"Deli, Dips, Food To Go",Salami & Continental Meats,Waitrose Italian Pepperoni Slices 90g,90g,£46.67/kg,4.20,,2 for £7.80
Waitrose Barnet,"Deli, Dips, Food To Go",Ham,Waitrose Italian Prosciutto Cotto 110g,110g,£38.18/kg,4.20,,
Waitrose Barnet,"Deli, Dips, Food To Go",Salami & Continental Meats,Waitrose Italian Prosciutto Crudo 70g,70g,£64.29/kg,4.50,,2 for £7.80
Waitrose Barnet,"Deli, Dips, Food To Go",Olives,Waitrose Italian Stone In Nocellara Olives 150g,150g,£32.00/kg,4.80,,3 for £8
Waitrose Barnet,"Deli, Dips, Food To Go","Deli, Dips, Food To Go",Waitrose King Prawns with Cocktail Sauce 90g,,,0.00,,
Waitrose Barnet,"Deli, Dips, Food To Go",Salad Bowls,Waitrose Leafy Rainbow Prepared Salad 290g,290g,£16.55/kg,4.80,,
Waitrose Barnet,"Deli, Dips, Food To Go","Deli, Dips, Food To Go",Waitrose LoveLife Roasted Cashews 50g,,,0.00,,
Waitrose Barnet,"Deli, Dips, Food To Go",Prepared Fruit,Waitrose Mango & Watermelon Fingers 300g,300g,£15.83/kg,4.75,,
Waitrose Barnet,"Deli, Dips, Food To Go",Prepared Fruit,Waitrose Mango Chunks 280g,280g,£15.89/kg,4.45,,
Waitrose Barnet,"Deli, Dips, Food To Go",Prepared Fruit,Waitrose Mango Chunks 450g,450g,£12.78/kg,5.75,,
Waitrose Barnet,"Deli, Dips, Food To Go","Pies, Quiche & Tarts",Waitrose Mediterranean Style Vegetable Quiche 400g,400g,£11.88/kg,4.75,,3 for £8
Waitrose Barnet,"Deli, Dips, Food To Go",Prepared Fruit,Waitrose Melon Slices 280g,280g,£12.68/kg,3.55,,
Waitrose Barnet,"Deli, Dips, Food To Go","Deli, Dips, Food To Go",Waitrose Millionaire's Shortbread 61g,,,0.00,,
Waitrose Barnet,"Deli, Dips, Food To Go",Salad Bowls,Waitrose Mixed Bean Salad 240g,240g,£13.75/kg,3.30,,
Waitrose Barnet,"Deli, Dips, Food To Go","Deli, Dips, Food To Go","Waitrose Nuts, Fruit & Seeds 60g",,,0.00,,
Waitrose Barnet,"Deli, Dips, Food To Go",Salami & Continental Meats,Waitrose Parma Ham 6 Slices 72g,72g,£62.50/kg,4.50,,
Waitrose Barnet,"Deli, Dips, Food To Go",Salad Bowls,Waitrose Pesto Pasta 180g,180g,£18.33/kg,3.30,,
Waitrose Barnet,"Deli, Dips, Food To Go",Salad Bowls,"Waitrose Pesto, Spinach, Tomato & Pine Nut Pasta Salad 258g",258g,£16.67/kg,4.30,,
Waitrose Barnet,"Deli, Dips, Food To Go","Deli, Dips, Food To Go","Waitrose Pesto, Spinach, Tomato & Pine Nut Pasta Salad 258g",,,0.00,,
Waitrose Barnet,"Deli, Dips, Food To Go",Prepared Fruit,Waitrose Pineapple 275g,275g,£12.91/kg,3.55,,
Waitrose Barnet,"Deli, Dips, Food To Go",Prepared Fruit,"Waitrose Pineapple, Melon and Mango Fingers 240g",240g,£17.50/kg,4.20,,
Waitrose Barnet,"Deli, Dips, Food To Go",Sandwiches & Wraps,Waitrose Piri Piri Chicken Wrap each,1pk,£4.85 each,4.85,,
Waitrose Barnet,"Deli, Dips, Food To Go","Deli, Dips, Food To Go",Waitrose Piri Piri Chicken Wrap each,,,0.00,,
Waitrose Barnet,"Deli, Dips, Food To Go",Prepared Fruit,Waitrose Pomegranate 210g,210g,£17.14/kg,3.60,,
Waitrose Barnet,"Deli, Dips, Food To Go","Deli, Dips, Food To Go",Waitrose Porridge 250g,,,0.00,,
Waitrose Barnet,"Deli, Dips, Food To Go",Salad Bowls,Waitrose Potato & Egg Salad & Salad Dressing 300g,300g,£14.33/kg,4.30,,
Waitrose Barnet,"Deli, Dips, Food To Go","Pies, Quiche & Tarts",Waitrose Quiche Lorraine 155g,155g,£14.84/kg,2.30,,
Waitrose Barnet,"Deli, Dips, Food To Go",Soups,Waitrose Ripened Tomato & Basil Soup 600g,600g,£6.00/kg,3.60,,
Waitrose Barnet,"Deli, Dips, Food To Go",Sandwiches & Wraps,Waitrose Roast Chicken Salad Sandwich each,1pk,£4.85 each,4.85,,
Waitrose Barnet,"Deli, Dips, Food To Go","Deli, Dips, Food To Go",Waitrose Roast Chicken Salad Sandwich each,,,0.00,,
Waitrose Barnet,"Deli, Dips, Food To Go",Sandwiches & Wraps,Waitrose Salt Beef & Mustard Mayo Sandwich each,1pk,£5.45 each,5.45,,
Waitrose Barnet,"Deli, Dips, Food To Go","Deli, Dips, Food To Go",Waitrose Salt Beef & Mustard Mayo Sandwich each,,,0.00,,
Waitrose Barnet,"Deli, Dips, Food To Go",Ham,Waitrose Slow Cooked Pork Shoulder with Spiced Date Sauce 440g,440g,£15.80/kg,6.95,,
Waitrose Barnet,"Deli, Dips, Food To Go",Ham,Waitrose Slow Cooked Smoky Barbecue Pork Shoulder 473g,473g,£14.69/kg,6.95,,£5.21 loyalty card (£11.01/kg)
Waitrose Barnet,"Deli, Dips, Food To Go",Sandwiches & Wraps,Waitrose Smoked Ham & Cheese Sandwich each,1pk,£3.95 each,3.95,,
Waitrose Barnet,"Deli, Dips, Food To Go","Deli, Dips, Food To Go",Waitrose Smoked Ham & Cheese Sandwich each,,,0.00,,
Waitrose Barnet,"Deli, Dips, Food To Go",Sandwiches & Wraps,Waitrose Smoked Salmon & Cream Cheese Sandwich each,1pk,£5.45 each,5.45,,
Waitrose Barnet,"Deli, Dips, Food To Go","Deli, Dips, Food To Go",Waitrose Smoked Salmon & Cream Cheese Sandwich each,,,0.00,,
Waitrose Barnet,"Deli, Dips, Food To Go",Salami & Continental Meats,Waitrose Snacking Fuet 85g,85g,£42.35/kg,3.60,,
Waitrose Barnet,"Deli, Dips, Food To Go",Sandwiches & Wraps,Waitrose Southern Fried Chicken Wrap each,1pk,£4.85 each,4.85,,
Waitrose Barnet,"Deli, Dips, Food To Go","Deli, Dips, Food To Go",Waitrose Southern Fried Chicken Wrap each,,,0.00,,
Waitrose Barnet,"Deli, Dips, Food To Go",Salami & Continental Meats,Waitrose Spanish Chorizo de Navarra 100g,100g,£33.80/kg,3.38,4.50,25% off
Waitrose Barnet,"Deli, Dips, Food To Go",Olives,Waitrose Spanish Manzanilla Olives & Manchego 150g,150g,£32.00/kg,4.80,,3 for £8
Waitrose Barnet,"Deli, Dips, Food To Go",Salami & Continental Meats,Waitrose Spanish Tapas Platter 105g,105g,£44.76/kg,4.70,,£3.53 loyalty card (£33.62/kg)
Waitrose Barnet,"Deli, Dips, Food To Go",Soups,Waitrose Spicy Chicken Jambalaya Soup 600g,600g,£6.00/kg,3.60,,
Waitrose Barnet,"Deli, Dips, Food To Go",Soups,Waitrose Spicy Keralan Inspired Chicken Soup 600g,600g,£6.00/kg,3.60,,
Waitrose Barnet,"Deli, Dips, Food To Go",Soups,Waitrose Spicy Red Lentil Soup 600g,600g,£6.00/kg,3.60,,
Waitrose Barnet,"Deli, Dips, Food To Go",Salami & Continental Meats,Waitrose Spicy Snacking Pepperoni 85g,85g,£42.35/kg,3.60,,
Waitrose Barnet,"Deli, Dips, Food To Go",Sausage Rolls & Pasties,Waitrose Spinach & Feta Parcels 112g,112g,£42.86/kg,4.80,,3 for £8
Waitrose Barnet,"Deli, Dips, Food To Go",Sandwiches & Wraps,Waitrose Steak & Caramelised Onion Chutney Sandwich each,1pk,£5.45 each,5.45,,
Waitrose Barnet,"Deli, Dips, Food To Go","Deli, Dips, Food To Go",Waitrose Steak & Caramelised Onion Chutney Sandwich each,,,0.00,,
Waitrose Barnet,"Deli, Dips, Food To Go",Picky Bits 😍,Waitrose Summer Harissa Couscous Salad 240g,240g,£17.50/kg,4.20,,3 for £8
Waitrose Barnet,"Deli, Dips, Food To Go",Picky Bits 😍,"Waitrose Summer Orzo, Fire Roasted Pepper & Black Olive Salad 250g",250g,£16.80/kg,4.20,,3 for £8
Waitrose Barnet,"Deli, Dips, Food To Go",Salad Bowls,Waitrose Summer Roast Garlic Aioli Potato Salad 250g,250g,£11.00/kg,2.75,,
Waitrose Barnet,"Deli, Dips, Food To Go",Salad Bowls,Waitrose Summer Smokey Chipotle Coleslaw 250g,250g,£10.60/kg,2.65,,
Waitrose Barnet,"Deli, Dips, Food To Go",Picky Bits 😍,Waitrose Summer Sundried Tomato & Mozzarella Pasta Salad 240g,240g,£17.50/kg,4.20,,3 for £8
Waitrose Barnet,"Deli, Dips, Food To Go",Salad Bowls,"Waitrose Sun-Drenched Tomatoes, Mozzarella & Pesto 200g",200g,£24.00/kg,4.80,,3 for £8
Waitrose Barnet,"Deli, Dips, Food To Go",Salad Bowls,Waitrose Sweet & Crunchy Salad Bowl 280g,280g,£11.43/kg,3.20,,
Waitrose Barnet,"Deli, Dips, Food To Go",Salad Bowls,Waitrose Tabbouleh Salad 185g,185g,£18.92/kg,3.50,,
Waitrose Barnet,"Deli, Dips, Food To Go",Sandwiches & Wraps,Waitrose Thousand Island Prawn Sandwich each,1pk,£4.90 each,4.90,,
Waitrose Barnet,"Deli, Dips, Food To Go","Deli, Dips, Food To Go",Waitrose Thousand Island Prawn Sandwich each,,,0.00,,
Waitrose Barnet,"Deli, Dips, Food To Go",Salad Bowls,Waitrose Tomato & Mozzarella Salad 185g,185g,£19.46/kg,3.60,,
Waitrose Barnet,"Deli, Dips, Food To Go",Prepared Fruit,Waitrose Watermelon Fingers 600g,600g,£10.50/kg,6.30,,
Waitrose Barnet,"Deli, Dips, Food To Go",Ham,Waitrose Wiltshire Cured Oak Smoked Ham 130g,130g,£36.15/kg,4.70,,2 for £7.80
Waitrose Barnet,"Deli, Dips, Food To Go",Salad Bowls,Waitrose Yogurt Dressed Charlotte Potato Salad 270g,270g,£10.37/kg,2.80,,
Waitrose Barnet,"Deli, Dips, Food To Go",Sandwiches & Wraps,Waitrose freefrom Tuna & Sweetcorn Sandwich each,1pk,£4.90 each,4.90,,
Waitrose Barnet,"Deli, Dips, Food To Go","Deli, Dips, Food To Go",Waitrose freefrom Tuna & Sweetcorn Sandwich each,,,0.00,,
Waitrose Barnet,"Deli, Dips, Food To Go","Deli, Dips, Food To Go",Walkers Cheese & Onion Crisps 45g,,,0.00,,
Waitrose Barnet,"Deli, Dips, Food To Go","Deli, Dips, Food To Go",Walkers Prawn Cocktail Crisps 45g,,,0.00,,
Waitrose Barnet,"Deli, Dips, Food To Go","Deli, Dips, Food To Go",Walkers Salt & Vinegar Crisps 45g,,,0.00,,
Waitrose Barnet,"Deli, Dips, Food To Go",Soups,"Yorkshire Provender Cauliflower, Cheese & Kale Soup 560g",560g,£8.04/kg,4.50,,
Waitrose Barnet,"Deli, Dips, Food To Go",Soups,Yorkshire Provender Chicken Lentil & Butternut Squash Soup 560g,560g,£8.04/kg,4.50,,
Waitrose Barnet,"Deli, Dips, Food To Go",Soups,Yorkshire Provender Root Vegetable & Pearl Barley Soup 560g,560g,£8.04/kg,4.50,,
Waitrose Barnet,"Deli, Dips, Food To Go",Soups,Yorkshire Provender Thai Green Chicken Noodle Soup 560g,560g,£8.04/kg,4.50,,
Waitrose Barnet,"Deli, Dips, Food To Go",Soups,"Yorkshire Provender Tomato, Red Pepper & Wensleydale Soup 560g",560g,£8.04/kg,4.50,,
Waitrose Barnet,"Deli, Dips, Food To Go","Deli, Dips, Food To Go",itsu Sea Salt Crispy Seaweed Thins 5g,,,0.00,,
Waitrose Barnet,Desserts,Canned Desserts,Ambrosia Deluxe Rice Pudding Can 400g,400g,£6.88/kg,2.75,,
Waitrose Barnet,Desserts,Canned Desserts,Ambrosia Rice Pudding Can 400g,400g,£6.13/kg,2.45,,
Waitrose Barnet,Desserts,Canned Desserts,Essential Rice Pudding 400g,400g,£3.00/kg,1.20,,
Waitrose Barnet,Desserts,Canned Desserts,Rachel's Organic Divine Rice Pudding 2x150g,300g,£7.93/kg,2.38,2.80,15% off
Waitrose Barnet,Desserts,Cheesecakes,Essential Frozen Cheesecake Blackcurrant 500g,500g,£9.20/kg,4.60,,
Waitrose Barnet,Desserts,Cheesecakes,Gü Free From Spanish Lemon Cheesecakes 2x92g,184g,£27.17/kg,5.00,,
Waitrose Barnet,Desserts,Cheesecakes,No.1 Basque Cheesecake 430g,430g,£20.93/kg,9.00,,
Waitrose Barnet,Desserts,Cheesecakes,Waitrose 2 New York Cheesecake Slices 192g,192g,£25.00/kg,4.80,,
Waitrose Barnet,Desserts,Chilled Desserts,Ambrosia Rice Pudding Dessert Pot 150g,150g,£8.67/kg,1.30,,
Waitrose Barnet,Desserts,Chilled Desserts,Ambrosia Rice Pudding Dessert Pots 4x120g,480g,£7.00/kg,3.36,3.95,15% off
Waitrose Barnet,Desserts,Chilled Desserts,Bonne Maman Baba au Rhum Dessert 2x140g,280g,£14.29/kg,4.00,,
Waitrose Barnet,Desserts,Chilled Desserts,Gü Dark Chocolate Mousses with Ganache 2x70g,140g,£36.43/kg,5.10,,
Waitrose Barnet,Desserts,Chilled Desserts,Muller Rice Original Low Fat Pudding 170g,170g,£6.76/kg,1.15,,
Waitrose Barnet,Desserts,Chilled Desserts,Nestlé Aero Milk Choc Bubbly Mousse 4x59g,236g,£10.59/kg,2.50,,
Waitrose Barnet,Desserts,Chilled Desserts,No.1 12 Macarons 180g,180g,£45.00/kg,8.10,,
Waitrose Barnet,Desserts,Chilled Desserts,Sushi Daily 2 Chocolate Mochi each,1pk,£3.55 each,3.55,,
Waitrose Barnet,Desserts,Chilled Desserts,Waitrose Cappuccino Mousse 100g,100g,£16.00/kg,1.60,,
Waitrose Barnet,Desserts,"Custard, Cream & Jelly Desserts",Ambrosia Devon Custard Can 400g,400g,£6.13/kg,2.45,,
Waitrose Barnet,Desserts,"Custard, Cream & Jelly Desserts",Ambrosia Devon Custard Carton 1Kg,1kg,£3.80/kg,3.80,,
Waitrose Barnet,Desserts,"Custard, Cream & Jelly Desserts",Ambrosia Devon Custard Dessert Pot 150g,150g,£8.67/kg,1.30,,
Waitrose Barnet,Desserts,"Custard, Cream & Jelly Desserts",Ambrosia Light Custard Can 400g,400g,£6.13/kg,2.45,,
Waitrose Barnet,Desserts,"Custard, Cream & Jelly Desserts",Bonne Maman Creme Brulee Dessert 2x100g,200g,£20.00/kg,4.00,,
Waitrose Barnet,Desserts,"Custard, Cream & Jelly Desserts",Cadbury Flake Chocolate Dessert 75g,75g,£24.00/kg,1.80,,
Waitrose Barnet,Desserts,"Custard, Cream & Jelly Desserts",Hartley's 10 Cal Jelly Raspberry 175g,175g,£6.86/kg,1.20,,
Waitrose Barnet,Desserts,"Custard, Cream & Jelly Desserts",Hartley's 10 Cal Jelly Strawberry 175g,175g,£6.86/kg,1.20,,
Waitrose Barnet,Desserts,"Custard, Cream & Jelly Desserts",Hartley's Jelly Strawberry 135g,135g,£11.11/kg,1.50,,
Waitrose Barnet,Desserts,"Custard, Cream & Jelly Desserts",Hartley's Raspberry Jelly 135g,135g,£11.11/kg,1.50,,
Waitrose Barnet,Desserts,"Custard, Cream & Jelly Desserts",Nestle Rolo Chocolate & Toffee Dessert 2x65g,130g,£19.23/kg,2.50,,
Waitrose Barnet,Desserts,"Custard, Cream & Jelly Desserts",No. 1 Madagascan Vanilla Fresh Custard 500g,500g,£7.60/kg,3.80,,
Waitrose Barnet,Desserts,"Custard, Cream & Jelly Desserts",No.1 2 Raspberry Panna Cotta Desserts 2x100g,200g,£28.50/kg,5.70,,
Waitrose Barnet,Desserts,"Custard, Cream & Jelly Desserts",No.1 Raspberry & Strawberry Trifle 900g,900g,£10.00/kg,9.00,,
Waitrose Barnet,Desserts,"Custard, Cream & Jelly Desserts",No.1 Tiramisu Dessert 600g,600g,£28.00/kg,16.80,,
Waitrose Barnet,Desserts,"Custard, Cream & Jelly Desserts",Peppa Pig Strawberry Jelly 75g,75g,£13.33/kg,1.00,,
Waitrose Barnet,Desserts,"Custard, Cream & Jelly Desserts",Pots & Co Little Pots 70% Chocolate Ganache 4x50g,200g,£25.00/kg,5.00,,
Waitrose Barnet,Desserts,"Custard, Cream & Jelly Desserts",Pots & Co Salted Caramel & Chocolate Ganache 2x82g,164g,£30.49/kg,5.00,,
Waitrose Barnet,Desserts,"Custard, Cream & Jelly Desserts",Pots & Co. Lemon & Lime Posset 2x91g,182g,£27.47/kg,5.00,,
Waitrose Barnet,Desserts,"Custard, Cream & Jelly Desserts",Waitrose 2 Chocolate Eclairs 2s,1pk,£2.70 each,2.70,,
Waitrose Barnet,Desserts,"Custard, Cream & Jelly Desserts",Waitrose 3 Strawberry Trifles 3x135g,405g,£9.63/kg,3.90,,
Waitrose Barnet,Desserts,"Custard, Cream & Jelly Desserts",Waitrose 4 Chocolate Eclairs 4x39g,156g,£19.23/kg,3.00,,
Waitrose Barnet,Desserts,"Custard, Cream & Jelly Desserts",Waitrose Caramel Panna Cotta 2x120g,240g,£12.50/kg,3.00,,
Waitrose Barnet,Desserts,"Custard, Cream & Jelly Desserts",Waitrose Caramel Surprise 150g,150g,£10.67/kg,1.60,,
Waitrose Barnet,Desserts,"Custard, Cream & Jelly Desserts",Waitrose Crème Caramel 4x100g,400g,£5.25/kg,2.10,,
Waitrose Barnet,Desserts,"Custard, Cream & Jelly Desserts",Waitrose Fresh Devonshire Custard 500g,500g,£6.00/kg,3.00,,
Waitrose Barnet,Desserts,"Custard, Cream & Jelly Desserts",Waitrose Lemon Fruit Fool 114g,114g,£10.53/kg,1.20,,
Waitrose Barnet,Desserts,"Custard, Cream & Jelly Desserts",Waitrose Lemon Profiteroles 230g,230g,£22.17/kg,5.10,,
Waitrose Barnet,Desserts,"Custard, Cream & Jelly Desserts",Waitrose Raspberry Jelly 175g,175g,£12.00/kg,2.10,,
Waitrose Barnet,Desserts,"Custard, Cream & Jelly Desserts",Waitrose Raspberry Trifle 135g,135g,£20.74/kg,2.80,,
Waitrose Barnet,Desserts,"Custard, Cream & Jelly Desserts",Waitrose Rhubarb & Custard Trifle 600g,600g,£7.92/kg,4.75,,
Waitrose Barnet,Desserts,"Custard, Cream & Jelly Desserts",Waitrose Strawberry Trifle 600g,600g,£7.92/kg,4.75,,
Waitrose Barnet,Desserts,"Custard, Cream & Jelly Desserts",Waitrose Tiramisu 500g,500g,£9.00/kg,4.50,,
Waitrose Barnet,Desserts,Sponge Puddings,Gü Chocolate Melting Middle 2x90g,180g,£28.33/kg,5.10,,
Waitrose Barnet,Desserts,Sponge Puddings,No.1 Melt in the Middle Chocolate Puddings 2x142g,284g,£20.07/kg,5.70,,
Waitrose Barnet,Desserts,Sponge Puddings,No.1 Sticky Toffee Pudding 400g,400g,£18.00/kg,7.20,,
Waitrose Barnet,Desserts,Sponge Puddings,Waitrose 2 Sticky Toffee Puddings 2x115g,230g,£15.65/kg,3.60,,
Waitrose Barnet,Desserts,Sponge Puddings,Waitrose Sticky Toffee Pudding 450g,450g,£12.00/kg,5.40,,
Waitrose Barnet,Flowers,Flowers,"Curate Faux Floral Autumnal Neutral Reeds in White Pot, 30cm 1Each",1pk,£12.60 each,12.60,,
Waitrose Barnet,Flowers,Flowers,Waitrose Foundation Bright Roses each,1pk,£6.00 each,6.00,,
Waitrose Barnet,Flowers,Flowers,Waitrose Foundation Rose & Dianthus Posy each,1pk,£9.60 each,9.60,,
Waitrose Barnet,Frozen,Bread & Pastry Sheets,Essential 2 Garlic Baguettes 338g,338g,£3.85/kg,1.30,,
Waitrose Barnet,Frozen,Bread & Pastry Sheets,Waitrose 12 Frozen Mini French Croissants 300g,300g,£18.00/kg,5.40,,
Waitrose Barnet,Frozen,"Chips, Fries & Potatoes",Albert Bartlett Deep Crinkle Cut Chips 900g,900g,£4.39/kg,3.95,,
Waitrose Barnet,Frozen,"Chips, Fries & Potatoes",Aunt Bessie Homestyle Roast Potatoes 600g,600g,£5.17/kg,3.10,,
Waitrose Barnet,Frozen,"Chips, Fries & Potatoes",Birds Eye The Original Potato Waffles 10s 567g,567g,£2.86/kg,1.62,2.95,45% off
Waitrose Barnet,Frozen,"Chips, Fries & Potatoes",Essential Frozen French Fries 900g,900g,£1.67/kg,1.50,,
Waitrose Barnet,Frozen,"Chips, Fries & Potatoes",McCain Frozen 4 Baked Jacket Potatoes 800g,800g,£4.41/kg,3.53,4.70,25% off
Waitrose Barnet,Frozen,"Chips, Fries & Potatoes",McCain Frozen Crispy French Fries 900g,900g,£4.44/kg,4.00,,£2.00 loyalty card (£2.22/kg)
Waitrose Barnet,Frozen,"Chips, Fries & Potatoes",McCain Frozen Gastro Triple Cooked Chips 600g,600g,£6.42/kg,3.85,,
Waitrose Barnet,Frozen,"Chips, Fries & Potatoes",McCain Frozen Home Chips Crinkle Cut 1.6Kg,1.6kg,£3.38/kg,5.40,,
Waitrose Barnet,Frozen,"Chips, Fries & Potatoes",McCain Frozen Home Chips Straight Cut 1Kg,1kg,£4.10/kg,4.10,,
Waitrose Barnet,Frozen,"Chips, Fries & Potatoes",McCain Southern Fries 750g,750g,£5.73/kg,4.30,,
Waitrose Barnet,Frozen,"Chips, Fries & Potatoes",No.1 Frozen Four Cheese Potato Gratins 400g,400g,£10.50/kg,4.20,,
Waitrose Barnet,Frozen,"Chips, Fries & Potatoes",No.1 Frozen Triple Cooked Chips 750g,750g,£5.60/kg,4.20,,
Waitrose Barnet,Frozen,"Chips, Fries & Potatoes",No.1 Frozen Wagyu Roast Potatoes 800g,800g,£5.25/kg,4.20,,
Waitrose Barnet,Frozen,"Chips, Fries & Potatoes",Strong Roots Crispy Skinny Fries 750g,750g,£6.33/kg,4.75,,
Waitrose Barnet,Frozen,"Chips, Fries & Potatoes",Waitrose Frozen Crisp & Fluffy Chunky Chips 1Kg,1kg,£3.60/kg,3.60,,
Waitrose Barnet,Frozen,"Chips, Fries & Potatoes",Waitrose Frozen Potato Rosti 750g,750g,£5.73/kg,4.30,,
Waitrose Barnet,Frozen,"Chips, Fries & Potatoes",Waitrose Frozen Seasoned Potato Wedges 800g,800g,£2.94/kg,2.35,,
Waitrose Barnet,Frozen,"Chips, Fries & Potatoes",Waitrose Halloumi Fries 170g,170g,£22.94/kg,3.90,,
Waitrose Barnet,Frozen,"Chips, Fries & Potatoes",Waitrose Sweet Potato Fries 300g,300g,£14.00/kg,4.20,,
Waitrose Barnet,Frozen,"Chips, Fries & Potatoes",Waitrose Sweet Potato Fries 500g,500g,£7.20/kg,3.60,,
Waitrose Barnet,Frozen,Desserts & Sweet Pastries,Coppenrath & Wiese Apple Strudel 600g,600g,£5.58/kg,3.35,,
Waitrose Barnet,Frozen,Desserts & Sweet Pastries,Crosta & Mollica Caffè Latte Tartufi Gelato 208g,208g,£28.85/kg,6.00,,
Waitrose Barnet,Frozen,Desserts & Sweet Pastries,Crosta & Mollica Choc Hazelnut Tartufi Gelato 208g,208g,£28.85/kg,6.00,,
Waitrose Barnet,Frozen,Desserts & Sweet Pastries,Magnum Bonbon Salted Caramel & Almond Ice Cream Snack 204ml,204ml,£27.94/L,5.70,,
Waitrose Barnet,Frozen,Desserts & Sweet Pastries,No.1 Frozen French Apple Tarte Tatin 545g,545g,£14.86/kg,8.10,,
Waitrose Barnet,Frozen,Desserts & Sweet Pastries,No.1 Frozen Tarte aux Fruits 665g,665g,£12.18/kg,8.10,,
Waitrose Barnet,Frozen,Desserts & Sweet Pastries,Sue's Gluten Free Kitchen Apple Crumble 160g,160g,£18.63/kg,2.98,3.50,15% off
Waitrose Barnet,Frozen,Desserts & Sweet Pastries,Unearthed 6 Pastel De Nata 6x60g,360g,£15.28/kg,5.50,,
Waitrose Barnet,Frozen,Desserts & Sweet Pastries,Waitrose 12 Frozen Mini French Butter Pastries 340g,340g,£15.88/kg,5.40,,
Waitrose Barnet,Frozen,Desserts & Sweet Pastries,Waitrose 2 Frozen Raspberry Tarts 2x72.5g,145g,£33.10/kg,4.80,,
Waitrose Barnet,Frozen,Desserts & Sweet Pastries,Waitrose 6 Frozen Pains aux Raisins 576g,576g,£9.90/kg,5.70,,
Waitrose Barnet,Frozen,Desserts & Sweet Pastries,Waitrose 8 Frozen Pains au Chocolat 480g,480g,£12.50/kg,6.00,,
Waitrose Barnet,Frozen,Desserts & Sweet Pastries,Waitrose Frozen Apricot and Almond Tart 490g,490g,£14.29/kg,7.00,,
Waitrose Barnet,Frozen,Desserts & Sweet Pastries,Waitrose Frozen French Lemon Tart 435g,435g,£12.07/kg,5.25,7.00,25% off
Waitrose Barnet,Frozen,Desserts & Sweet Pastries,Waitrose Frozen Morello Cherry Vanilla Tart 450g,450g,£15.56/kg,7.00,,
Waitrose Barnet,Frozen,Desserts & Sweet Pastries,Waitrose Frozen Normandy Apple Tart 440g,440g,£15.91/kg,7.00,,
Waitrose Barnet,Frozen,Desserts & Sweet Pastries,Waitrose Frozen Raspberry Meringue Roulade 450g,450g,£16.00/kg,7.20,,
Waitrose Barnet,Frozen,Desserts & Sweet Pastries,Waitrose Frozen Salted Caramel Roulade 450g,450g,£15.78/kg,7.10,,
Waitrose Barnet,Frozen,Desserts & Sweet Pastries,Waitrose Greek Style Honey Ripple Frozen Yogurt 480ml,480ml,£8.75/L,4.20,,
Waitrose Barnet,Frozen,Desserts & Sweet Pastries,Waitrose Ready To Bake 5 All Butter Almond Croissants 450g,450g,£12.67/kg,5.70,,
Waitrose Barnet,Frozen,Meat & Poultry,Birds Eye 2 Gluten Free Southern Chicken 180g,180g,£16.89/kg,3.04,3.80,20% off
Waitrose Barnet,Frozen,Seafood,Birds Eye 8 Cod Breaded Fish Fingers 240g,240g,£22.29/kg,5.35,,
Waitrose Barnet,Frozen,Frozen Vegetables,Birds Eye Garden Peas 375g,375g,£5.87/kg,2.20,,
Waitrose Barnet,Frozen,Frozen Vegetables,Birds Eye Garden Peas 800g,800g,£4.63/kg,3.70,,
Waitrose Barnet,Frozen,Seafood,Birds Eye Gluten Free Fish Fingers 360g,360g,£11.81/kg,4.25,5.00,15% off
Waitrose Barnet,Frozen,Frozen Vegetables,Birds Eye Petits Pois 960g,960g,£5.00/kg,4.80,,
Waitrose Barnet,Frozen,Frozen Vegetables,Cooks' Ingredients Frozen Butternut Vine Squash Chunks 500g,500g,£3.80/kg,1.90,,
Waitrose Barnet,Frozen,Frozen Vegetables,Cooks' Ingredients Frozen Chopped Basil 75g,75g,£42.67/kg,3.20,,
Waitrose Barnet,Frozen,Frozen Vegetables,Cooks' Ingredients Frozen Chopped Coriander 75g,75g,£42.67/kg,3.20,,
Waitrose Barnet,Frozen,Frozen Vegetables,Cooks' Ingredients Frozen Chopped Garlic 100g,100g,£32.00/kg,3.20,,2 for £3.60
Waitrose Barnet,Frozen,Frozen Vegetables,Cooks' Ingredients Frozen Chopped Parsley 75g,75g,£42.67/kg,3.20,,
Waitrose Barnet,Frozen,Frozen Vegetables,Cooks' Ingredients Frozen Chopped Shallots 300g,300g,£6.17/kg,1.85,,
Waitrose Barnet,Frozen,Frozen Vegetables,Cooks' Ingredients Frozen Diced Onions 500g,500g,£3.70/kg,1.85,,
Waitrose Barnet,Frozen,Frozen Fruit,Cooks' Ingredients Frozen Sliced British Bramley Apples 350g,350g,£8.57/kg,3.00,,
Waitrose Barnet,Frozen,Frozen Vegetables,Cooks' Ingredients Frozen Soffritto Mix 500g,500g,£3.70/kg,1.85,,
Waitrose Barnet,Frozen,Pizza,Crosta Mollica Salami Napoli 2s 430g,430g,£16.74/kg,7.20,,
Waitrose Barnet,Frozen,Pizza,Dr. Oetker Hawaii Ristorante Pizza 355g,355g,£12.54/kg,4.45,,
Waitrose Barnet,Frozen,Pizza,Dr. Oetker Mozzarella Ristorante Pizza 335g,335g,£11.04/kg,3.70,,
Waitrose Barnet,Frozen,Frozen Vegetables,Duchy Organic Frozen Petits Pois 500g,500g,£5.80/kg,2.90,,
Waitrose Barnet,Frozen,Frozen Vegetables,Duchy Organic Frozen Sweetcorn 500g,500g,£4.00/kg,2.00,2.50,20% off
Waitrose Barnet,Frozen,Frozen Vegetables,Duchy Organic Frozen Vegetable Mix 750g,750g,£3.79/kg,2.84,3.55,20% off
Waitrose Barnet,Frozen,Seafood,Essential 2 Frozen Cod & Parsley Fish Cakes 170g,170g,£19.71/kg,3.35,,
Waitrose Barnet,Frozen,Meat & Poultry,Essential 2 Frozen Garlic Chicken Kyivs 284g,284g,£10.21/kg,2.90,,
Waitrose Barnet,Frozen,Frozen Fruit,Essential Frozen Blueberries 400g,400g,£9.88/kg,3.95,,
Waitrose Barnet,Frozen,Frozen Vegetables,Essential Frozen British Garden Peas 1.25Kg,1.25kg,£2.16/kg,2.70,,
Waitrose Barnet,Frozen,Frozen Vegetables,Essential Frozen British Garden Peas 725g,725g,£2.00/kg,1.45,,
Waitrose Barnet,Frozen,Frozen Vegetables,Essential Frozen British Petits Pois 1.25Kg,1.25kg,£2.44/kg,3.05,,
Waitrose Barnet,Frozen,Frozen Vegetables,Essential Frozen British Petits Pois 725g,725g,£2.76/kg,2.00,,
Waitrose Barnet,Frozen,Pizza,Essential Frozen Cheese & Tomato Pizza 255g,255g,£8.04/kg,2.05,,
Waitrose Barnet,Frozen,Meat & Poultry,Essential Frozen Chicken Goujons 625g,625g,£7.68/kg,4.80,,
Waitrose Barnet,Frozen,Meat & Poultry,Essential Frozen Chicken Steaks 4 380g,380g,£8.55/kg,3.25,,
Waitrose Barnet,Frozen,Meat & Poultry,Essential Frozen Chicken Thighs 1.25kg,1.25kg,£4.80/kg,6.00,,
Waitrose Barnet,Frozen,Frozen Fruit,Essential Frozen Dark Sweet Pitted Cherries 400g,400g,£10.50/kg,4.20,,
Waitrose Barnet,Frozen,Frozen Fruit,Essential Frozen Mango Chunks 450g,450g,£8.78/kg,3.95,,
Waitrose Barnet,Frozen,Frozen Fruit,Essential Frozen Strawberries 400g,400g,£9.88/kg,3.95,,
Waitrose Barnet,Frozen,Frozen Vegetables,Essential Frozen Supersweet Sweetcorn 750g,750g,£2.27/kg,1.70,,
Waitrose Barnet,Frozen,Frozen Vegetables,Essential Frozen Whole Leaf Spinach 750g,750g,£2.40/kg,1.80,,
Waitrose Barnet,Frozen,Meat Alternatives,GoodLife Frozen Vegan Spicy Bean Burgers 454g,454g,£9.25/kg,4.20,,
Waitrose Barnet,Frozen,Pizza,Goodfella's Margherita Gluten Free Pizza 328g,328g,£11.59/kg,3.80,4.75,20% off
Waitrose Barnet,Frozen,Savoury Pastries,Linda McCartney's 2 Frozen Deep Dish Country Pies 380g,380g,£9.34/kg,3.55,,
Waitrose Barnet,Frozen,Meat Alternatives,Linda McCartney's 2 Frozen Vegetarian Mozzarella 1/4lb Burgers 227g,227g,£13.66/kg,3.10,,
Waitrose Barnet,Frozen,Savoury Pastries,Linda McCartney's 6 Vegetarian Sausage Rolls 342g,342g,£11.11/kg,3.80,,
Waitrose Barnet,Frozen,Meat Alternatives,Linda McCartney's Frozen Vegan Sausages 270g,270g,£11.48/kg,3.10,,
Waitrose Barnet,Frozen,Meat Alternatives,Linda McCartney's Vegan Vegemince 500g,500g,£8.30/kg,4.15,,£2.08 loyalty card (£4.16/kg)
Waitrose Barnet,Frozen,Meat Alternatives,Moving Mountains 2 Plant-Based 1/4lb Burgers 227g,227g,£18.50/kg,4.20,,
Waitrose Barnet,Frozen,Frozen,No.1 2 Raspberry Panna Cotta Desserts 2x100g,,,0.00,,
Waitrose Barnet,Frozen,Frozen,No.1 2 Sicilian Lemon Tarts 2x75g,,,0.00,,
Waitrose Barnet,Frozen,Frozen,No.1 Beef Bourguignon 650g,,,0.00,,
Waitrose Barnet,Frozen,Frozen,No.1 Beef Lasagne for 2 800g,,,0.00,,
Waitrose Barnet,Frozen,Frozen,No.1 Fish Pie for 2 700g,,,0.00,,
Waitrose Barnet,Frozen,Ready Meals,No.1 Food Lovers' Dine In For Two 🍴,,,18.00,,
Waitrose Barnet,Frozen,Frozen,No.1 Green Vegetable Medley 225g,,,0.00,,
Waitrose Barnet,Frozen,Frozen,No.1 Lamb Moussaka 750g,,,0.00,,
Waitrose Barnet,Frozen,Frozen,No.1 Maris Piper Mash 450g,,,0.00,,
Waitrose Barnet,Frozen,Frozen,No.1 Melt in the Middle Chocolate Puddings 2x142g,,,0.00,,
Waitrose Barnet,Frozen,Frozen,No.1 Paella 800g,,,0.00,,
Waitrose Barnet,Frozen,Frozen,No.1 Parmigiano Reggiano & Truffle Chicken Kyiv 530g,,,0.00,,
Waitrose Barnet,Frozen,Frozen,No.1 Potato Dauphinoise 420g,,,0.00,,
Waitrose Barnet,Frozen,Frozen,No.1 Slow Cooked Steak & Red Wine Pie 500g,,,0.00,,
Waitrose Barnet,Frozen,Frozen,No.1 Spinach & Ricotta Lasagne 750g,,,0.00,,
Waitrose Barnet,Frozen,Frozen,No.1 Triple Cooked Fries with Cornish Sea Salt 400g,,,0.00,,
Waitrose Barnet,Frozen,Frozen,No.1 Wagyu Beef Ragu with Torchietti Pasta 750g,,,0.00,,
Waitrose Barnet,Frozen,Meat & Poultry,No.1 Wild Garlic Chicken Kyiv with Jersey Butter 440g,440g,£16.89/kg,7.43,9.90,25% off
Waitrose Barnet,Frozen,Meat Alternatives,PlantLiving: Frozen Mushroom Wellington with Seeded Stuffing 450g,450g,£14.67/kg,6.60,,
Waitrose Barnet,Frozen,Meat Alternatives,Quorn Vegetarian Crispy Nuggets 300g 300g,300g,£11.83/kg,3.55,,
Waitrose Barnet,Frozen,Meat Alternatives,Quorn Vegetarian Mince 300g,300g,£11.83/kg,3.55,,£1.78 loyalty card (£5.93/kg)
Waitrose Barnet,Frozen,Meat Alternatives,Quorn Vegetarian Pieces 300g,300g,£11.83/kg,3.55,,£1.78 loyalty card (£5.93/kg)
Waitrose Barnet,Frozen,Ice,The Ice Co° Premium Ice Cubes 2Kg,2kg,£0.90/kg,1.80,,
Waitrose Barnet,Frozen,Ice,The Ice Co° The Super Cube 1Kg,1kg,£1.70/kg,1.70,,
Waitrose Barnet,Frozen,Seafood,Waitrose 10 Tempura King Prawns 120g,120g,£32.50/kg,3.90,,
Waitrose Barnet,Frozen,Side Dishes,Waitrose 12 Vegetable Spring Rolls 216g,216g,£16.67/kg,3.60,,
Waitrose Barnet,Frozen,Seafood,Waitrose 2 Breaded Haddock Fillets 300g,300g,£20.00/kg,6.00,,
Waitrose Barnet,Frozen,Meat & Poultry,Waitrose 2 Frozen Garlic Chicken Kyivs 320g,320g,£16.88/kg,5.40,,
Waitrose Barnet,Frozen,Meat & Poultry,Waitrose 4 Frozen British Beef Quarter Pounders With Onions 0.454Kg,454g,£10.57/kg,4.80,,
Waitrose Barnet,Frozen,Seafood,Waitrose 6 Breaded Haddock Fingers 330g,330g,£16.36/kg,5.40,,
Waitrose Barnet,Frozen,Seafood,Waitrose 6 Frozen Breaded Cod Fingers 330g,330g,£16.36/kg,5.40,,
Waitrose Barnet,Frozen,Seafood,Waitrose ASC Cooked Jumbo King Prawns 200g,200g,£26.40/kg,5.28,6.60,20% off
Waitrose Barnet,Frozen,Seafood,Waitrose Essential ASC Cooked King Prawn 250g,250g,£22.80/kg,5.70,,
Waitrose Barnet,Frozen,Seafood,Waitrose Essential MSC Peeled Prawns 300g,300g,£24.00/kg,7.20,,
Waitrose Barnet,Frozen,Seafood,Waitrose Frozen 2 Breaded Cod Fillets 300g,300g,£20.00/kg,6.00,,
Waitrose Barnet,Frozen,Seafood,Waitrose Frozen 2 Smoked Haddock Fish Cakes 230g,230g,£19.13/kg,4.40,,
Waitrose Barnet,Frozen,Seafood,Waitrose Frozen 2 Thai Prawn Fish Cakes 230g,230g,£19.57/kg,4.50,,
Waitrose Barnet,Frozen,Seafood,Waitrose Frozen 6 Battered Haddock Fish Fingers 330g,330g,£16.36/kg,5.40,,
Waitrose Barnet,Frozen,Side Dishes,Waitrose Frozen Beer Battered Onion Rings 350g,350g,£10.29/kg,3.60,,
Waitrose Barnet,Frozen,Frozen Fruit,Waitrose Frozen Berry Smoothie Mix 480g,480g,£8.65/kg,4.15,,
Waitrose Barnet,Frozen,Meat & Poultry,Waitrose Frozen Breaded Chicken Breast Chunks 300g,300g,£16.33/kg,4.90,,
Waitrose Barnet,Frozen,Frozen Fruit,Waitrose Frozen British Blackberries 300g,300g,£15.83/kg,4.75,,
Waitrose Barnet,Frozen,Frozen Fruit,Waitrose Frozen British Raspberries 300g,300g,£15.83/kg,4.75,,
Waitrose Barnet,Frozen,Frozen Fruit,Waitrose Frozen British Summer Fruits 300g,300g,£15.83/kg,4.75,,
Waitrose Barnet,Frozen,Seafood,Waitrose Frozen Fish Pie Mix 400g,400g,£26.50/kg,10.60,,
Waitrose Barnet,Frozen,Frozen Vegetables,Waitrose Frozen Grilled Vegetable Mix 500g,500g,£7.00/kg,3.50,,
Waitrose Barnet,Frozen,Seafood,Waitrose Frozen Line Caught Cod Fillets MSC 475g,475g,£31.58/kg,15.00,,
Waitrose Barnet,Frozen,Side Dishes,Waitrose Frozen Mashed Potato 700g,700g,£3.14/kg,2.20,,
Waitrose Barnet,Frozen,Meat & Poultry,Waitrose Frozen Southern Fried Chicken Mini Fillets 380g,380g,£13.68/kg,5.20,,
Waitrose Barnet,Frozen,Frozen Fruit,Waitrose Frozen Strawberry & Banana Smoothie Mix 480g,480g,£8.65/kg,4.15,,
Waitrose Barnet,Frozen,Frozen Fruit,Waitrose Frozen Tropical Smoothie Mix 480g,480g,£8.65/kg,4.15,,
Waitrose Barnet,Frozen,Seafood,Young's Gastro 2 Lemon & Pepper Fish Fillets 270g,270g,£24.81/kg,6.70,,
Waitrose Barnet,Frozen,Seafood,Young's Gastro Jumbo Wholetail Scampi 230g,230g,£39.13/kg,9.00,,
Waitrose Barnet,Frozen,Seafood,Young's Gastro Wholetail Scampi 220g,220g,£40.00/kg,8.80,,£4.40 loyalty card (£20.00/kg)
Waitrose Barnet,Frozen,Side Dishes,itsu Chicken Soup Dumplings 168g,168g,£22.92/kg,3.85,,
Waitrose Barnet,Frozen,Meat & Poultry,itsu Korean Style Crispy' Chicken 340g,340g,£14.00/kg,4.76,5.95,20% off
Waitrose Barnet,Fruit,Apples & Pears,Duchy Organic Gala Apples Min 4,1pk,£2.95 each,2.95,,
Waitrose Barnet,Fruit,Apples & Pears,Duchy Organic Pears 4s,1pk,£3.50 each,3.50,,
Waitrose Barnet,Fruit,Apples & Pears,Duchy Organic Pink Lady Apples min 4s,1pk,£3.75 each,3.75,,
Waitrose Barnet,Fruit,Apples & Pears,Essential Mini Apples 6s,1pk,£1.20 each,1.20,,
Waitrose Barnet,Fruit,Apples & Pears,Waitrose Best of British Apples 4s,1pk,£2.70 each,2.70,,
Waitrose Barnet,Fruit,Apples & Pears,Waitrose Blush Pears 4s,1pk,£3.35 each,3.35,,
Waitrose Barnet,Fruit,Apples & Pears,Waitrose Braeburn Apples 4s,1pk,£2.40 each,2.40,,
Waitrose Barnet,Fruit,Apples & Pears,Waitrose Braeburn Apples minimum 5,1pk,£2.20 each,2.20,,
Waitrose Barnet,Fruit,Apples & Pears,Waitrose Conference Pears 4s,1pk,£3.00 each,3.00,,
Waitrose Barnet,Fruit,Apples & Pears,Waitrose Granny Smith Apples 6s,1pk,£2.65 each,2.65,,
Waitrose Barnet,Fruit,Apples & Pears,Waitrose Jazz Apples 4s,1pk,£3.00 each,3.00,,
Waitrose Barnet,Fruit,Apples & Pears,Waitrose Jazz Apples Minimum 5,1pk,£3.20 each,3.20,,
Waitrose Barnet,Fruit,Apples & Pears,Waitrose Perfectly Ripe Conference Pear 4s,1pk,£3.10 each,3.10,,
Waitrose Barnet,Fruit,Apples & Pears,Waitrose Perfectly Ripe Green Williams Pears 4s,1pk,£4.20 each,4.20,,
Waitrose Barnet,Fruit,Apples & Pears,Waitrose Pink Lady Apples 4s,1pk,£3.10 each,3.10,,
Waitrose Barnet,Fruit,Apples & Pears,Waitrose Pink Lady Apples 6s,1pk,£3.60 each,3.60,,2 for £4.80
Waitrose Barnet,Fruit,Apples & Pears,Waitrose Royal Gala Apples 6s,1pk,£2.30 each,2.30,,
Waitrose Barnet,Fruit,Back to Routine 🎒,Waitrose Seedless Easy Peelers 600g,600g,£5.33/kg,3.20,,2 for £4.80
Waitrose Barnet,Fruit,Bananas,Duchy Organic Fairtrade Bananas 6s,1pk,£2.35 each,2.35,,
Waitrose Barnet,Fruit,Bananas,Essential Fairtrade Bananas 5s,1pk,£1.20 each,1.20,,
Waitrose Barnet,Fruit,Bananas,Waitrose Small Fairtrade Bananas 7s,1pk,£1.50 each,1.50,,
Waitrose Barnet,Fruit,Berries,Duchy Organic Blueberries 125g,125g,£25.60/kg,3.20,,
Waitrose Barnet,Fruit,Berries,Duchy Organic Raspberries 125g,125g,£28.80/kg,3.60,,
Waitrose Barnet,Fruit,Berries,Essential Blueberries 150g,150g,£15.33/kg,2.30,,
Waitrose Barnet,Fruit,Berries,Essential Raspberries 150g,150g,£18.00/kg,2.70,,
Waitrose Barnet,Fruit,Berries,No. 1 Italian Gorgonzola DOP Piccante Blue Cheese Strength 6 200g,200g,£23.00/kg,4.60,,
Waitrose Barnet,Fruit,Berries,No.1 Blackberries 150g,150g,£25.33/kg,3.80,,
Waitrose Barnet,Fruit,Berries,No.1 Speciality Raspberries 150g,150g,£25.33/kg,3.80,,
Waitrose Barnet,Fruit,Berries,No.1 Speciality Strawberries 365g,365g,£13.15/kg,4.80,,
Waitrose Barnet,Fruit,Berries,Waitrose Blueberries 360g,360g,£15.28/kg,5.50,,
Waitrose Barnet,Fruit,Berries,Waitrose Cherries 180g,180g,£20.00/kg,3.60,,
Waitrose Barnet,Fruit,Berries,Waitrose Raspberries 150g,150g,£20.00/kg,3.00,,
Waitrose Barnet,Fruit,Berries,Waitrose Strawberries 400g,400g,£8.25/kg,3.30,,
Waitrose Barnet,Fruit,Citrus Fruit,Cooks' Ingredients Unwaxed Lemons 4s,1pk,£2.30 each,2.30,,
Waitrose Barnet,Fruit,Citrus Fruit,Cooks' Ingredients Unwaxed Lemons 8s,1pk,£3.12 each,3.12,3.90,20% off
Waitrose Barnet,Fruit,Citrus Fruit,Duchy Organic Unwaxed Lemons 3s,1pk,£2.65 each,2.65,,
Waitrose Barnet,Fruit,Citrus Fruit,Essential Easy Peelers 600g,600g,£3.42/kg,2.05,,
Waitrose Barnet,Fruit,Citrus Fruit,Essential Lemons 5s,1pk,£1.90 each,1.90,,
Waitrose Barnet,Fruit,Citrus Fruit,Essential Limes 5s 5s,1pk,£1.90 each,1.90,,
Waitrose Barnet,Fruit,Citrus Fruit,Essential Mini Easy Peelers 500g,500g,£3.40/kg,1.70,,
Waitrose Barnet,Fruit,Citrus Fruit,No.1 Ippolito Oranges Minimum 3,1pk,£4.20 each,4.20,,
Waitrose Barnet,Fruit,Citrus Fruit,Waitrose Blush Oranges Minimum 4,1pk,£3.85 each,3.85,,2 for £4.80
Waitrose Barnet,Fruit,Citrus Fruit,Waitrose Large Orange Each,1pk,£0.95 each,0.95,,
Waitrose Barnet,Fruit,Citrus Fruit,Waitrose Large Oranges 6s,1pk,£4.45 each,4.45,,
Waitrose Barnet,Fruit,Citrus Fruit,Waitrose Loose Lemons each,1pk,£0.55 each,0.55,,
Waitrose Barnet,Fruit,Citrus Fruit,Waitrose Loose Limes each,1pk,£0.40 each,0.40,,
Waitrose Barnet,Fruit,Citrus Fruit,Waitrose Red Grapefruit Each,1pk,£0.85 each,0.85,,
Waitrose Barnet,Fruit,Citrus Fruit,Waitrose Tangerines 600g,600g,£5.00/kg,3.00,,2 for £4.80
Waitrose Barnet,Fruit,Grapes,Duchy Organic Limited Selection Grapes 400g,400g,£8.40/kg,3.36,4.20,20% off
Waitrose Barnet,Fruit,Other Fruit,Essential Galia Melon Each,1pk,£2.75 each,2.75,,
Waitrose Barnet,Fruit,Grapes,Waitrose Black Seedless Grapes 400g,400g,£8.38/kg,3.35,,2 for £4.80
Waitrose Barnet,Fruit,Other Fruit,Waitrose Cantaloupe Melon Each,1pk,£3.55 each,3.55,,
Waitrose Barnet,Fruit,Grapes,Waitrose Green Seedless Grapes 500g,500g,£6.00/kg,3.00,,2 for £4.80
Waitrose Barnet,Fruit,Other Fruit,Waitrose Honeydew Melon Each,1pk,£2.65 each,2.65,,
Waitrose Barnet,Fruit,Other Fruit,Waitrose Large Passion Fruit 2s,1pk,£3.30 each,3.30,,2 for £6
Waitrose Barnet,Fruit,Other Fruit,Waitrose Mini Watermelon Each,1pk,£4.25 each,4.25,,
Waitrose Barnet,Fruit,Other Fruit,Waitrose Peaches Min 4,1pk,£4.20 each,4.20,,
Waitrose Barnet,Fruit,Other Fruit,Waitrose Perfectly Ripe Amber Blush Peaches 4s,1pk,£4.80 each,4.80,,
Waitrose Barnet,Fruit,Other Fruit,Waitrose Perfectly Ripe Diamond Blush Nectarines 4s,1pk,£4.80 each,4.80,,
Waitrose Barnet,Fruit,Other Fruit,Waitrose Perfectly Ripe Large Mango Each,1pk,£2.75 each,2.75,,
Waitrose Barnet,Fruit,Other Fruit,Waitrose Perfectly Ripe Large Solo Papaya Each,1pk,£3.66 each,3.66,4.30,15% off
Waitrose Barnet,Fruit,Other Fruit,Waitrose Perfectly Ripe Mango 2s,1pk,£3.70 each,3.70,,
Waitrose Barnet,Fruit,Grapes,Waitrose Red Seedless Grapes 500g,500g,£6.00/kg,3.00,,2 for £4.80
Waitrose Barnet,Fruit,Grapes,Waitrose Seedless Sable Grapes 400g,400g,£9.88/kg,3.95,,
Waitrose Barnet,Fruit,Grapes,Waitrose Seedless Vitoria Grapes 400g,400g,£10.50/kg,4.20,,
Waitrose Barnet,Fruit,Other Fruit,Waitrose Speciality Figs Traypack 300g,300g,£18.00/kg,5.40,,
Waitrose Barnet,Fruit,Other Fruit,Waitrose Supersweet Medium Pineapple Each,1pk,£2.05 each,2.05,,£1.44 loyalty card (£1.44 each)
Waitrose Barnet,Fruit Juice & Smoothies,Apple Juice,Cawston Press Apple & Ginger 1litre,1L,£4.20/L,4.20,,
Waitrose Barnet,Fruit Juice & Smoothies,Apple Juice,Copella Cloudy Apple Juice Large 1.35litre,1.35L,£2.64/L,3.56,4.75,25% off
Waitrose Barnet,Fruit Juice & Smoothies,Apple Juice,Essential Apple Juice 1litre,1L,£1.90/L,1.90,,
Waitrose Barnet,Fruit Juice & Smoothies,Apple Juice,Essential Pure Apple Juice 1litre,1L,£1.75/L,1.75,,
Waitrose Barnet,Fruit Juice & Smoothies,Apple Juice,Innocent Pure Apple Fruit Juice 900ml,900ml,£2.67/L,2.40,4.00,40% off
Waitrose Barnet,Fruit Juice & Smoothies,Apple Juice,Innocent Pure Apple Fruit Juice Single 330ml,330ml,£8.79/L,2.90,,
Waitrose Barnet,Fruit Juice & Smoothies,Apple Juice,No. 1 English Apple Juice 1litre,1L,£4.50/L,4.50,,
Waitrose Barnet,Fruit Juice & Smoothies,Apple Juice,The Very Hungry Caterpillar Cloudy Apple 3x200ml,600ml,£5.17/L,3.10,,2 for £4.70
Waitrose Barnet,Fruit Juice & Smoothies,Apple Juice,Waitrose Pressed Apple Juice 1litre,1L,£2.65/L,2.65,,
Waitrose Barnet,Fruit Juice & Smoothies,Apple Juice,Waitrose Pressed Apple Juice Large 1.75litre,1.75L,£2.34/L,4.10,,
Waitrose Barnet,Fruit Juice & Smoothies,Back to Routine 🎒,Innocent Orange Smooth 330ml,330ml,£8.79/L,2.90,,
Waitrose Barnet,Fruit Juice & Smoothies,Smoothies & Fruit Juice,Benefit Juice Cleanse Prune Juice +Vitamins 1litre,1L,£5.10/L,5.10,,
Waitrose Barnet,Fruit Juice & Smoothies,Smoothies & Fruit Juice,Cawston Press Kids' Blend Apple & Mango 3x200ml,600ml,£5.17/L,3.10,,2 for £4.70
Waitrose Barnet,Fruit Juice & Smoothies,Smoothies & Fruit Juice,Cawston Press Kids' Blend Apple & Pear 3x200ml,600ml,£5.17/L,3.10,,2 for £4.70
Waitrose Barnet,Fruit Juice & Smoothies,Orange Juice,Cawston Press Squeezed Orange Juice 1litre,1L,£4.75/L,4.75,,
Waitrose Barnet,Fruit Juice & Smoothies,Smoothies & Fruit Juice,Copella Apple & Elderflower Juice Large 1.35litre,1.35L,£2.64/L,3.56,4.75,25% off
Waitrose Barnet,Fruit Juice & Smoothies,Smoothies & Fruit Juice,Essential Cranberry Juice Drink 1litre,1L,£2.10/L,2.10,,
Waitrose Barnet,Fruit Juice & Smoothies,Orange Juice,Essential Pure Orange Juice 1litre,1L,£2.00/L,2.00,,
Waitrose Barnet,Fruit Juice & Smoothies,Smoothies & Fruit Juice,Granini Peach Juice 1litre,1L,£4.80/L,4.80,,
Waitrose Barnet,Fruit Juice & Smoothies,Smoothies & Fruit Juice,Innocent Berry Energise Super Smoothie Strawberry & Cherry with Vitamins 300ml,300ml,£11.83/L,3.55,,
Waitrose Barnet,Fruit Juice & Smoothies,Smoothies & Fruit Juice,"Innocent Berry Energise Super Smoothie, Strawberry & Cherry with Vitamins 750ml",750ml,£4.19/L,3.14,5.70,45% off
Waitrose Barnet,Fruit Juice & Smoothies,Smoothies & Fruit Juice,"Innocent Green Energise Super Smoothie, Kiwi, Cucumber, Apple & Matcha with Vitamins 300ml",300ml,£11.83/L,3.55,,
Waitrose Barnet,Fruit Juice & Smoothies,Smoothies & Fruit Juice,"Innocent Green Energise Super Smoothie, Kiwi, Cucumber, Apple & Matcha with Vitamins 750ml",750ml,£4.19/L,3.14,5.70,45% off
Waitrose Barnet,Fruit Juice & Smoothies,Smoothies & Fruit Juice,"Innocent Kids Strawberries, Raspberries & Apples Fruit Smoothies 10x150ml",1.5L,£5.20/L,7.80,,
Waitrose Barnet,Fruit Juice & Smoothies,Smoothies & Fruit Juice,"Innocent Pineapples, Bananas & Coconuts Fruit Smoothie Large 750ml",750ml,£5.93/L,4.45,,
Waitrose Barnet,Fruit Juice & Smoothies,Smoothies & Fruit Juice,Innocent Plus Berry Set Go Raspberry & Cherry High Vitamin Fruit Juice Large 750ml,750ml,£6.73/L,5.05,,
Waitrose Barnet,Fruit Juice & Smoothies,Orange Juice,Innocent Pure Orange Fruit Juice with Bits 900ml,900ml,£2.67/L,2.40,4.00,40% off
Waitrose Barnet,Fruit Juice & Smoothies,Orange Juice,Innocent Pure Smooth Orange Fruit Juice 900ml,900ml,£4.44/L,4.00,,£2.40 loyalty card (£2.67/L)
Waitrose Barnet,Fruit Juice & Smoothies,Orange Juice,Innocent Pure Smooth Orange Fruit Juice Large 1.35litre,1.35L,£4.07/L,5.50,,
Waitrose Barnet,Fruit Juice & Smoothies,Smoothies & Fruit Juice,"Innocent Strawberries, Bananas & Apples Smoothie 250ml",250ml,£10.60/L,2.65,,
Waitrose Barnet,Fruit Juice & Smoothies,Smoothies & Fruit Juice,"Innocent Strawberries, Bananas & Apples Smoothie 750ml",750ml,£5.93/L,4.45,,
Waitrose Barnet,Fruit Juice & Smoothies,Smoothies & Fruit Juice,J2O Apple & Raspberry Fruit Juice Bottles 4x275ml,1.1L,£6.00/L,6.60,,£4.29 loyalty card (£3.90/L)
Waitrose Barnet,Fruit Juice & Smoothies,Smoothies & Fruit Juice,J2O Apple & Raspberry Fruit Juice Cans 4x250ml,1L,£5.05/L,5.05,,
Waitrose Barnet,Fruit Juice & Smoothies,Smoothies & Fruit Juice,James White Organic Carrot Juice 75cl,750ml,£6.40/L,4.80,,
Waitrose Barnet,Fruit Juice & Smoothies,Smoothies & Fruit Juice,Mockingbird Raw Press Raw Greens Virgin Smoothie Large 750ml,750ml,£7.60/L,5.70,,
Waitrose Barnet,Fruit Juice & Smoothies,Orange Juice,No. 1 Freshly Squeezed Orange Juice with Bits 1litre,1L,£4.50/L,4.50,,
Waitrose Barnet,Fruit Juice & Smoothies,Orange Juice,No. 1 Freshly Squeezed Smooth Orange Juice 1litre,1L,£4.50/L,4.50,,
Waitrose Barnet,Fruit Juice & Smoothies,Orange Juice,No. 1 Sicilian Blood Orange Juice 1litre,1L,£4.50/L,4.50,,
Waitrose Barnet,Fruit Juice & Smoothies,Smoothies & Fruit Juice,Oasis Summer Fruits Bottle 500ml,500ml,£5.30/L,2.65,,
Waitrose Barnet,Fruit Juice & Smoothies,Orange Juice,Ocean Spray Chilled Cranberry Fruit Juice Drink 1litre,1L,£3.10/L,3.10,,
Waitrose Barnet,Fruit Juice & Smoothies,Smoothies & Fruit Juice,Ocean Spray Cranberry Classic 1litre,1L,£2.40/L,2.40,,
Waitrose Barnet,Fruit Juice & Smoothies,Smoothies & Fruit Juice,Ocean Spray Cranberry Classic Light 1litre,1L,£2.40/L,2.40,,
Waitrose Barnet,Fruit Juice & Smoothies,Smoothies & Fruit Juice,POM Wonderful Pomegranate Fruit Juice 710ml,710ml,£6.76/L,4.80,6.00,20% off
Waitrose Barnet,Fruit Juice & Smoothies,Smoothies & Fruit Juice,Rubicon Exotic Juice Drink Mango 1litre,1L,£2.65/L,2.65,,
Waitrose Barnet,Fruit Juice & Smoothies,Smoothies & Fruit Juice,Rubicon Tropical Juice Drink 1litre,1L,£2.65/L,2.65,,
Waitrose Barnet,Fruit Juice & Smoothies,Smoothies & Fruit Juice,Simplee Aloe Vera Immunity Wellness Drink 1L Original 1litre,1L,£2.41/L,2.41,3.70,35% off
Waitrose Barnet,Fruit Juice & Smoothies,Orange Juice,Tropicana Original Orange Juice with Bits 900ml,900ml,£4.56/L,4.10,,
Waitrose Barnet,Fruit Juice & Smoothies,Orange Juice,Tropicana Original Orange Juice with Bits Large 1.5litre,1.5L,£2.85/L,4.28,5.70,25% off
Waitrose Barnet,Fruit Juice & Smoothies,Orange Juice,Tropicana Pure Smooth Orange Juice 900ml,900ml,£4.56/L,4.10,,
Waitrose Barnet,Fruit Juice & Smoothies,Orange Juice,Tropicana Pure Smooth Orange Juice Large 1.5litre,1.5L,£3.80/L,5.70,,
Waitrose Barnet,Fruit Juice & Smoothies,Smoothies & Fruit Juice,Waitrose Apple Juice with Ginger 1litre,1L,£2.65/L,2.65,,
Waitrose Barnet,Fruit Juice & Smoothies,Smoothies & Fruit Juice,Waitrose Clementine Fruit Juice 1litre,1L,£2.65/L,2.65,,
Waitrose Barnet,Fruit Juice & Smoothies,Orange Juice,Waitrose Kids Orange Juice 6x200ml,1.2L,£2.33/L,2.80,3.50,20% off
Waitrose Barnet,Fruit Juice & Smoothies,Smoothies & Fruit Juice,Waitrose Mango & Passionfruit Smoothie Large 750ml,750ml,£3.20/L,2.40,,
Waitrose Barnet,Fruit Juice & Smoothies,Orange Juice,Waitrose Orange Juice with Bits Large 1.75litre,1.75L,£2.34/L,4.10,,
Waitrose Barnet,Fruit Juice & Smoothies,Smoothies & Fruit Juice,"Waitrose Orange, Mango & Passionfruit Fruit Juice 1litre",1L,£2.65/L,2.65,,
Waitrose Barnet,Fruit Juice & Smoothies,Smoothies & Fruit Juice,Waitrose Pineapple Fruit Juice 1litre,1L,£2.65/L,2.65,,
Waitrose Barnet,Fruit Juice & Smoothies,Smoothies & Fruit Juice,Waitrose Pink Grapefruit Fruit Juice 1litre,1L,£2.65/L,2.65,,
Waitrose Barnet,Fruit Juice & Smoothies,Smoothies & Fruit Juice,Waitrose Pressed Apple & Mango Juice 1litre,1L,£2.65/L,2.65,,
Waitrose Barnet,Fruit Juice & Smoothies,Smoothies & Fruit Juice,Waitrose Red Grape Fruit Juice 1litre,1L,£2.65/L,2.65,,
Waitrose Barnet,"Gifts, Parties, Toys",Gift Wrap & Cards,Blue Stripe Small Bag each,1pk,£3.60 each,3.60,,
Waitrose Barnet,"Gifts, Parties, Toys",Gift Wrap & Cards,Cherry Blossom Gift Bag each,1pk,£3.60 each,3.60,,
Waitrose Barnet,"Gifts, Parties, Toys",Gift Wrap & Cards,Happy Birthday Kraft Medium each,1pk,£3.00 each,3.00,,
Waitrose Barnet,"Gifts, Parties, Toys",Gift Wrap & Cards,Happy Birthday to You Greetings Card each,1pk,£3.90 each,3.90,,
Waitrose Barnet,"Gifts, Parties, Toys",Gift Wrap & Cards,Heart Bottle Bag each,1pk,£3.00 each,3.00,,
Waitrose Barnet,"Gifts, Parties, Toys",Gift Wrap & Cards,Heart Of Hearts Greetings Card,1pk,£3.60 each,3.60,,
Waitrose Barnet,"Gifts, Parties, Toys",Gift Wrap & Cards,John Lewis Champagne Bottle Bag each,1pk,£2.50 each,2.50,,
Waitrose Barnet,"Gifts, Parties, Toys",Gift Wrap & Cards,John Lewis Pink Bow each,1pk,£1.80 each,1.80,,
Waitrose Barnet,"Gifts, Parties, Toys",Gift Wrap & Cards,John Lewis Pink Tissue Paper 50cm x 66cm 5s,1pk,£2.00 each,2.00,,
Waitrose Barnet,"Gifts, Parties, Toys",Gift Wrap & Cards,Medium Gold/Black Spot Bag each,1pk,£2.40 each,2.40,,
Waitrose Barnet,"Gifts, Parties, Toys",Gift Wrap & Cards,Pink Stripe Bottle Bag each,1pk,£3.00 each,3.00,,
Waitrose Barnet,"Gifts, Parties, Toys",Gift Wrap & Cards,Rainbow Bottle Bag each,1pk,£3.00 each,3.00,,
Waitrose Barnet,"Gifts, Parties, Toys",Gift Wrap & Cards,To The Happy Couple Greetings Card each,1pk,£3.90 each,3.90,,
Waitrose Barnet,"Gifts, Parties, Toys",Gift Wrap & Cards,Waitrose Gold Bow each,1pk,£1.80 each,1.80,,
Waitrose Barnet,"Gifts, Parties, Toys",Gifts,Bespoke77 Pumpkin Spiced Apple Glass Candle 1Each,1pk,£10.80 each,10.80,,
Waitrose Barnet,"Gifts, Parties, Toys",Gifts,Glade Pumpkin Candle 108g,108g,£44.44/kg,4.80,,
Waitrose Barnet,"Gifts, Parties, Toys",Gifts,JL Core White Tea Jar Candle each,1pk,£12.00 each,12.00,,
Waitrose Barnet,"Gifts, Parties, Toys",Gifts,John Lewis Bright Star Bottle Bag each,1pk,£1.80 each,1.80,,
Waitrose Barnet,"Gifts, Parties, Toys",Gifts,"John Lewis Coastal Breeze Reed Diffuser, 110ml each",1pk,£18.00 each,18.00,,
Waitrose Barnet,"Gifts, Parties, Toys",Gifts,John Lewis Coastal Breeze Scented Jar Candle Each,1pk,£12.00 each,12.00,,
Waitrose Barnet,"Gifts, Parties, Toys",Gifts,"John Lewis Inclusion Candle, Lavender & Eucalyptus each",1pk,£14.40 each,14.40,,
Waitrose Barnet,"Gifts, Parties, Toys",Gifts,"John Lewis Inclusion Candle, Rose & Vanilla each",1pk,£14.40 each,14.40,,
Waitrose Barnet,"Gifts, Parties, Toys",Gifts,"John Lewis Inclusion Candle, White Jasmine each",1pk,£14.40 each,14.40,,
Waitrose Barnet,"Gifts, Parties, Toys",Gifts,"John Lewis Lavender & Eucalyptus Reed Diffuser, 110ml each",1pk,£18.00 each,18.00,,
Waitrose Barnet,"Gifts, Parties, Toys",Gifts,"John Lewis Rose & Vanilla Reed Diffuser, 110ml each",1pk,£18.00 each,18.00,,
Waitrose Barnet,"Gifts, Parties, Toys",Gifts,John Lewis Rose & Vanilla Scented Candle Tin each,1pk,£8.40 each,8.40,,
Waitrose Barnet,"Gifts, Parties, Toys",Gifts,John Lewis Rose & Vanilla Scented Candle each,1pk,£12.00 each,12.00,,
Waitrose Barnet,"Gifts, Parties, Toys",Gifts,"John Lewis Sentiments Balance Pillar Scented Candle, 507g each",1pk,£6.00 each,6.00,,
Waitrose Barnet,"Gifts, Parties, Toys",Gifts,"John Lewis Sentiments Balance Reed Diffuser, 100ml each",1pk,£10.00 each,10.00,,
Waitrose Barnet,"Gifts, Parties, Toys",Gifts,"John Lewis Sentiments Balance Scented Candle, 115g each",1pk,£7.00 each,7.00,,
Waitrose Barnet,"Gifts, Parties, Toys",Gifts,"John Lewis Sentiments Calm Reed Diffuser, 100ml each",1pk,£14.40 each,14.40,,
Waitrose Barnet,"Gifts, Parties, Toys",Gifts,"John Lewis Sentiments Energy Reed Diffuser, 100ml each",1pk,£14.40 each,14.40,,
Waitrose Barnet,"Gifts, Parties, Toys",Gifts,"John Lewis Sentiments Energy Scented Candle, 115g each",1pk,£9.60 each,9.60,,
Waitrose Barnet,"Gifts, Parties, Toys",Gifts,"John Lewis Sentiments Joy Reed Diffuser, 100ml each",1pk,£14.40 each,14.40,,
Waitrose Barnet,"Gifts, Parties, Toys",Gifts,"John Lewis Sentiments Joy Scented Candle, 115g each",1pk,£9.60 each,9.60,,
Waitrose Barnet,"Gifts, Parties, Toys",Gifts,John Lewis White Jasmine Scented Candle Tin each,1pk,£8.40 each,8.40,,
Waitrose Barnet,"Gifts, Parties, Toys",Gifts,John Lewis White Tea & Bergamot Scented Candle Tin each,1pk,£8.40 each,8.40,,
Waitrose Barnet,"Gifts, Parties, Toys",Gifts,Lily-Flame Candle Tin Love each,1pk,£13.20 each,13.20,,
Waitrose Barnet,"Gifts, Parties, Toys",Gifts,Neal's Yard Bee Lovely Collection each,1pk,£42.00 each,42.00,,
Waitrose Barnet,"Gifts, Parties, Toys",Gifts,Opso Nordic Birch Forest Reed Diffuser 1Each,1pk,£10.80 each,10.80,,
Waitrose Barnet,"Gifts, Parties, Toys",Gifts,Paddywax Beam Amber Persimmon Chestnut Scented Glass Candle with Lid each,1pk,£6.00 each,6.00,,
Waitrose Barnet,"Gifts, Parties, Toys",Gifts,Paddywax Beam Ochre Tobacco Patchouli Scented Glass Candle with Lid each,1pk,£6.00 each,6.00,,
Waitrose Barnet,"Gifts, Parties, Toys",Gifts,Paddywax Cherie Printed Tin Yuzu Woods Scented Candle each,1pk,£9.60 each,9.60,,
Waitrose Barnet,"Gifts, Parties, Toys",Gifts,Paddywax Cherie Tin French Linen & Orris Scented Candle each,1pk,£9.60 each,9.60,,
Waitrose Barnet,"Gifts, Parties, Toys",Gifts,Price's Candle Open Window Jar 150g,150g,£28.60/kg,4.29,6.60,35% off
Waitrose Barnet,"Gifts, Parties, Toys",Gifts,Price's Chef's Kitchen Diffuser 100ml,100ml,£120.00/L,12.00,,
Waitrose Barnet,"Gifts, Parties, Toys",Gifts,Price's Open Window Diffuser 100ml,100ml,£120.00/L,12.00,,
Waitrose Barnet,"Gifts, Parties, Toys",Gifts,Wax Lyrical Autumn Autumn Rose Diffuser 100ml,100ml,£60.00/L,6.00,,
Waitrose Barnet,"Gifts, Parties, Toys",Gifts,Wax Lyrical Autumn Autumn Rose Jar Candle 190g,190g,£31.58/kg,6.00,,
Waitrose Barnet,"Gifts, Parties, Toys",Gifts,Wax Lyrical Autumn Hazelnut Latte Diffuser 100ml,100ml,£60.00/L,6.00,,
Waitrose Barnet,"Gifts, Parties, Toys",Gifts,Wax Lyrical Autumn Hazelnut Latte Jar Candle 190g,190g,£31.58/kg,6.00,,
Waitrose Barnet,"Gifts, Parties, Toys",Gifts,Wax Lyrical Autumn Merry Maple Diffuser 100ml,100ml,£60.00/L,6.00,,
Waitrose Barnet,"Gifts, Parties, Toys",Gifts,Wax Lyrical Autumn Merry Maple Jar Candle 190g,190g,£31.58/kg,6.00,,
Waitrose Barnet,"Gifts, Parties, Toys",Gifts,Wax Lyrical Autumn Pumpkin Spice Jar Candle 190g,190g,£31.58/kg,6.00,,
Waitrose Barnet,"Gifts, Parties, Toys",Gifts,Wax Lyrical Autumn Smoked Vanilla Jar Candle 190g,190g,£31.58/kg,6.00,,
Waitrose Barnet,"Gifts, Parties, Toys",Gifts,"Wax Lyrical Candle, Medium Jar, Black Cherry 335g",335g,£35.82/kg,12.00,,
Waitrose Barnet,"Gifts, Parties, Toys",Gifts,"Wax Lyrical Candle, Medium Jar, Country Garden 335g",335g,£35.82/kg,12.00,,
Waitrose Barnet,"Gifts, Parties, Toys",Gifts,"Wax Lyrical Candle, Medium Jar, Laundry Days 335g",335g,£35.82/kg,12.00,,
Waitrose Barnet,"Gifts, Parties, Toys",Gifts,"Wax Lyrical Candle, Medium Jar, Sweet Dreams 335g",335g,£35.82/kg,12.00,,
Waitrose Barnet,"Gifts, Parties, Toys",Gifts,"Wax Lyrical Reed Diffuser, Black Cherry 200ml",200ml,£90.00/L,18.00,,
Waitrose Barnet,"Gifts, Parties, Toys",Gifts,"Wax Lyrical Reed Diffuser, Country Garden 200ml",200ml,£90.00/L,18.00,,
Waitrose Barnet,"Gifts, Parties, Toys",Gifts,"Wax Lyrical Reed Diffuser, Laundry Days 200ml",200ml,£90.00/L,18.00,,
Waitrose Barnet,"Gifts, Parties, Toys",Gifts,"Wax Lyrical Reed Diffuser, Sweet Dreams 200ml",200ml,£90.00/L,18.00,,
Waitrose Barnet,"Gifts, Parties, Toys",Toys & Games,Bluey: The Sleepover each,1pk,£7.20 each,7.20,,
Waitrose Barnet,"Gifts, Parties, Toys",Party Supplies,"Country Living Pumpkin Doorstop, Green each",1pk,£12.60 each,12.60,,
Waitrose Barnet,"Gifts, Parties, Toys",Party Supplies,Good Boy Dog Advent Calendar 100g,100g,£60.00/kg,6.00,,
Waitrose Barnet,"Gifts, Parties, Toys",Toys & Games,Mash'ems Bluey Collectable Squishy Toy Characters 1Each,1pk,£3.60 each,3.60,,
Waitrose Barnet,"Gifts, Parties, Toys",Toys & Games,Mash'ems Minecraft Collectable Squishy Toy Characters 1Each,1pk,£3.60 each,3.60,,
Waitrose Barnet,"Gifts, Parties, Toys",Toys & Games,"Peppa Pig Plush Collectables, Peppa, George or Evie Soft Toy 1Each",1pk,£6.00 each,6.00,,
Waitrose Barnet,"Gifts, Parties, Toys",Toys & Games,Peter Rabbit: Benjamin Bunny's Moonlight Mischief each,1pk,£7.20 each,7.20,,
Waitrose Barnet,"Gifts, Parties, Toys",Party Supplies,Waitrose 16 Colourful Party Cake Candles 16Each,1pk,£1.80 each,1.80,,
Waitrose Barnet,Health Care,Allergy & Hayfever,Allevia Hayfever Allergy Relief Tablets 15s,15pk,£0.58 each,8.70,,
Waitrose Barnet,Health Care,Allergy & Hayfever,Benadryl One A Day Tablets 30s,30pk,£0.46 each,13.85,,
Waitrose Barnet,Health Care,Allergy & Hayfever,Benadryl One a Day Tablets 14s,14pk,£0.58 each,8.15,,
Waitrose Barnet,Health Care,Allergy & Hayfever,Galpharm Hayfever & Allergy Relief Cetirizine Tablets 30s,30pk,£0.13 each,3.90,,
Waitrose Barnet,Health Care,Allergy & Hayfever,Galpharm Hayfever & Allergy Relief Loratadine Tablets 30s,30pk,£0.13 each,3.90,,
Waitrose Barnet,Health Care,Allergy & Hayfever,Pirilieve Hayfever Relief Tablets 30Each,30pk,£0.52 each,15.60,,
Waitrose Barnet,Health Care,Allergy & Hayfever,Piriteze Childrens Hayfever and Allergy Syrup 2 years 70ml 70ml,70ml,£120.00/L,8.40,,
Waitrose Barnet,Health Care,Allergy & Hayfever,"Piriteze Hayfever & Allergy Antihistamine Tablets, 14s 14s",14pk,£0.56 each,7.80,,
Waitrose Barnet,Health Care,"Cough, Cold & Flu",Benylin Chesty Coughs Non-Drowsy 150ml,150ml,£50.00/L,7.50,,
Waitrose Barnet,Health Care,"Cough, Cold & Flu",Benylin Dry & Tickly Cough Syrup 150ml,150ml,£54.00/L,8.10,,
Waitrose Barnet,Health Care,"Cough, Cold & Flu",Halls Soothers Blackcurrant Lozenges 45g,45g,£26.67/kg,1.20,,
Waitrose Barnet,Health Care,"Cough, Cold & Flu",Lemsip Max Day & Night Cold & Flu Relief Capsules 16s,16pk,£0.49 each,7.79,8.65,10% off
Waitrose Barnet,Health Care,"Cough, Cold & Flu",Ricola Honey Lemon Echinacea Cough Drops 75g,75g,£24.67/kg,1.85,,
Waitrose Barnet,Health Care,"Cough, Cold & Flu",Strepsils Extra Blackcurrant Lozenges 24s,24pk,£0.37 each,8.80,,
Waitrose Barnet,Health Care,"Cough, Cold & Flu",Strepsils Honey & Lemon Lozenges 16Each,16pk,£0.28 each,4.50,,
Waitrose Barnet,Health Care,"Cough, Cold & Flu",Strepsils Honey and Lemon Lozenges 36s,36pk,£0.20 each,7.30,,
Waitrose Barnet,Health Care,"Cough, Cold & Flu",Sudafed Blocked Nose Spray 15ml,15ml,£546.67/L,8.20,,
Waitrose Barnet,Health Care,"Cough, Cold & Flu",Vicks Vaporub Cold Remedy Jar 100g,100g,£71.00/kg,7.10,8.35,15% off
Waitrose Barnet,Health Care,Digestive Health,Anusol Cream 23g,23g,£273.91/kg,6.30,,
Waitrose Barnet,Health Care,Digestive Health,Colpermin IBS Relief Capsules 20s,20pk,£0.59 each,11.80,,
Waitrose Barnet,Health Care,Digestive Health,Dioralyte Blackcurrant Sachets 6Each,1pk,£5.50 each,5.50,,
Waitrose Barnet,Health Care,Digestive Health,Essential Diarrhoea Capsules 6s,1pk,£2.10 each,2.10,,
Waitrose Barnet,Health Care,Digestive Health,Gaviscon Advance Liquids Aniseed 250ml,250ml,£62.80/L,15.70,,
Waitrose Barnet,Health Care,Digestive Health,Gaviscon Double Action Liquids Mint 500ml,500ml,£43.20/L,21.60,,
Waitrose Barnet,Health Care,Digestive Health,Gaviscon Double Action Mint Indigestion Tablets 24s,24pk,£0.38 each,9.10,,
Waitrose Barnet,Health Care,Digestive Health,"Humantra Electrolyte Powder, Berry Pomegranate 6s",21g,£514.29/kg,10.80,,
Waitrose Barnet,Health Care,Digestive Health,"Humantra Electrolyte Powder, Himalayan Lime 6s",21.6g,£500.00/kg,10.80,,
Waitrose Barnet,Health Care,Digestive Health,"Humantra Electrolyte Powder, Mango 6s",22.8g,£473.68/kg,10.80,,
Waitrose Barnet,Health Care,Digestive Health,"Nexium Control Heartburn & Indigestion Tablets, 14s 14s",14pk,£1.28 each,17.95,,
Waitrose Barnet,Health Care,Digestive Health,Pepto Bismol Chewable TabLETS 12Each,12pk,£0.67 each,8.05,,
Waitrose Barnet,Health Care,Digestive Health,"Punchy Electrolytes, Vitamins & Minerals Tropical Hydration Sachets 7x4.85g",34g,£352.94/kg,12.00,,
Waitrose Barnet,Health Care,Digestive Health,Rennie Peppermint 72s,72pk,£0.13 each,9.40,,
Waitrose Barnet,Health Care,Digestive Health,Rennie Wind Relief Pro 20Each,20pk,£0.36 each,7.20,,
Waitrose Barnet,Health Care,Eye & Ear Care,Optrex Multi Action Eye Wash 100ml,100ml,£71.00/L,7.10,,
Waitrose Barnet,Health Care,Eye & Ear Care,Optrex Soothing Itchy Eyes Eye Drops 10ml,10ml,£780.00/L,7.80,,
Waitrose Barnet,Health Care,First Aid,Compeed Blisters Plasters Medium 6s,6pk,£1.30 each,7.80,,
Waitrose Barnet,Health Care,First Aid,Elastoplast Extra Tough Strips 16Each,16pk,£0.30 each,4.80,,
Waitrose Barnet,Health Care,First Aid,Essential Fabric Plasters 40s,1pk,£1.80 each,1.80,,
Waitrose Barnet,Health Care,First Aid,Essential Large Dressing 5s,1pk,£2.20 each,2.20,,
Waitrose Barnet,Health Care,First Aid,Essential Washproof Plasters 40s,1pk,£2.05 each,2.05,,
Waitrose Barnet,Health Care,First Aid,Savlon Antiseptic Cream 30g,30g,£110.00/kg,3.30,,
Waitrose Barnet,Health Care,Foot Care,Bazuka Extra Strength 6g,6g,"£2,291.67/kg",13.75,,
Waitrose Barnet,Health Care,Foot Care,Scholl Athletes Foot Anti Fungal Spray 150ml,150ml,£60.00/L,9.00,,
Waitrose Barnet,Health Care,Vitamins & Supplements,Bassetts Vitamins Adult Immune Support 30s,30pk,£0.32 each,9.60,,
Waitrose Barnet,Health Care,Vitamins & Supplements,Bassetts Vitamins Multivitamins Raspberry 7-11 Years 30s,30pk,£0.22 each,6.72,8.40,20% off
Waitrose Barnet,Health Care,Vitamins & Supplements,Berocca Hydrate Mango & Passionfruit Effervescent Tablets 20s,20pk,£0.36 each,7.20,,
Waitrose Barnet,Health Care,Vitamins & Supplements,Berocca Orange Flavour Effervescent Tablets 15Each,15pk,£0.52 each,7.80,,2 for £12
Waitrose Barnet,Health Care,Pain Relief,Bonjela Cool Mint Gel For Mouth Ulcers 15g,15g,£516.67/kg,7.75,,
Waitrose Barnet,Health Care,Pharmacy,Canes Oasis Cystitis Relief 6s,6pk,£1.37 each,8.20,,
Waitrose Barnet,Health Care,Pharmacy,"Cassandra Premium Hot Water Bottle & Cover Set, Putty 1Each",1pk,£9.60 each,9.60,,
Waitrose Barnet,Health Care,Sexual Health & Wellness,Clearblue Ultra Early Advanced Pregnancy Test 2Each,2pk,£6.90 each,13.80,,
Waitrose Barnet,Health Care,Pain Relief,Deep Freeze Muscle Rescue Cold Spray 150ml,150ml,£48.00/L,7.20,,
Waitrose Barnet,Health Care,Pain Relief,Deep Heat Heat Patch 4s,4pk,£2.10 each,8.40,,
Waitrose Barnet,Health Care,Vitamins & Supplements,Dr Vegan Fibre Complex 60Each,60pk,£0.30 each,18.00,,
Waitrose Barnet,Health Care,Sexual Health & Wellness,Durex Extra Safe Thick Condoms 12s,12pk,£1.26 each,15.12,16.80,10% off
Waitrose Barnet,Health Care,Sexual Health & Wellness,Durex Real Feel Regular Fit 10s,10pk,£1.86 each,18.55,,
Waitrose Barnet,Health Care,Sexual Health & Wellness,Durex Thin Feel Condoms 12s,12pk,£1.40 each,16.80,,
Waitrose Barnet,Health Care,Pain Relief,Essential Oval Paracetamol Tablets 16s,1pk,£0.90 each,0.90,,
Waitrose Barnet,Health Care,Pain Relief,Essential Paracetamol Capsules 16s,1pk,£1.00 each,1.00,,
Waitrose Barnet,Health Care,Pain Relief,Essential Paracetamol Plus 16s,1pk,£1.45 each,1.45,,
Waitrose Barnet,Health Care,Pain Relief,Essential Round Ibuprofen Tablets 16s,1pk,£0.90 each,0.90,,
Waitrose Barnet,Health Care,Pain Relief,Essential Round Paracetamol Tablets 16s,1pk,£0.90 each,0.90,,
Waitrose Barnet,Health Care,Pain Relief,Feminax Express 16s,16pk,£0.41 each,6.60,,
Waitrose Barnet,Health Care,Vitamins & Supplements,Feroglobin Capsules Gentle Iron 30s,30pk,£0.23 each,6.85,,
Waitrose Barnet,Health Care,Pharmacy,Flowflex Covid-19 Rapid Self Test Each,1pk,£3.00 each,3.00,,
Waitrose Barnet,Health Care,Pain Relief,Galpharm Paracetamol 500mg Ibuprofen 200mg 16s,16pk,£0.23 each,3.60,,
Waitrose Barnet,Health Care,Sexual Health & Wellness,"HANX Condoms, Standard 10s",10pk,£1.56 each,15.60,,
Waitrose Barnet,Health Care,Sexual Health & Wellness,HANX Water-Based Lubricant 50ml,50ml,£240.00/L,12.00,,
Waitrose Barnet,Health Care,Pharmacy,Kalms Night One-A-Night 28s,28pk,£0.46 each,13.00,,
Waitrose Barnet,Health Care,Pain Relief,Nurofen 200mg Ibuprofen Lemon Pain Relief Meltlets 12s,12pk,£0.47 each,5.65,,
Waitrose Barnet,Health Care,Pain Relief,Nurofen 200mg Ibuprofen Pain Relief Caplets 16s,16pk,£0.21 each,3.40,,
Waitrose Barnet,Health Care,Pain Relief,Nurofen 200mg Ibuprofen Pain Relief Tablets 16s,16pk,£0.21 each,3.30,,
Waitrose Barnet,Health Care,Pain Relief,Nurofen Express 200mg Ibuprofen Liquid Capsules 16s,16pk,£0.38 each,6.00,,
Waitrose Barnet,Health Care,Pain Relief,Nuromol Dual Action Pain Relief 12s,12pk,£0.51 each,6.10,,
Waitrose Barnet,Health Care,Pain Relief,Panacombo Dual Action Paracetamol & Ibuprofen Tablets 10s,10pk,£0.45 each,4.45,,
Waitrose Barnet,Health Care,Pain Relief,Panadol Extra Advance Tablets 16s,16pk,£0.19 each,3.09,4.75,35% off
Waitrose Barnet,Health Care,Pain Relief,Panadol Extra Soluble Paracetamol Tablets 500mg 24s 24s,24pk,£0.35 each,8.30,,
Waitrose Barnet,Health Care,Vitamins & Supplements,PhD Creatine 250g,250g,£81.60/kg,20.40,,
Waitrose Barnet,Health Care,Vitamins & Supplements,Pregnacare Original Tablets 30s,30pk,£0.17 each,5.20,,
Waitrose Barnet,Health Care,Vitamins & Supplements,Seven Seas One-A-Day Cod Liver Oil 120s,120pk,£0.12 each,13.94,16.40,15% off
Waitrose Barnet,Health Care,Vitamins & Supplements,Solgar Gentle Iron Vegan 20mg 60s,90pk,£0.21 each,19.20,,
Waitrose Barnet,Health Care,Vitamins & Supplements,"Solgar Skin, Nails and Hair Formula 60s",60pk,£0.37 each,22.20,,
Waitrose Barnet,Health Care,Vitamins & Supplements,"Symprove Daily Gut Solution, Mango & Passion Fruit 500ml",500ml,£55.20/L,27.60,,
Waitrose Barnet,Health Care,Vitamins & Supplements,"Symprove Daily Gut Solution, Strawberry & Raspberry 500ml",500ml,£55.20/L,27.60,,
Waitrose Barnet,Health Care,Vitamins & Supplements,Together Health Curcumin 30Each,30pk,£0.40 each,12.00,,
Waitrose Barnet,Health Care,Vitamins & Supplements,Together Health Vitamin C 30Each,30pk,£0.38 each,11.40,,
Waitrose Barnet,Health Care,Vitamins & Supplements,VITL Essential Magnesium 20Each,20pk,£0.60 each,12.00,,
Waitrose Barnet,Health Care,Vitamins & Supplements,Vitabiotics Ultra Vitamin D Tablets 96s,96pk,£0.05 each,4.91,6.55,25% off
Waitrose Barnet,Health Care,Pain Relief,Voltarol Joint & Back Pain Relief 2.32% Gel 50g 50g,50g,£244.80/kg,12.24,15.30,20% off
Waitrose Barnet,Health Care,Vitamins & Supplements,Waitrose Multi Vitamins Orange 20Each,1pk,£2.50 each,2.50,,
Waitrose Barnet,Health Care,Vitamins & Supplements,Waitrose Vitamin C & Zinc Effervescent 20g,20g,£110.00/kg,2.20,,
Waitrose Barnet,Health Care,Vitamins & Supplements,"Zooki Super Strength Collagen 11,000mg, Sour Cherry 18.5ml",18.5ml,£227.03/L,4.20,,
Waitrose Barnet,Health Care,Pain Relief,Zovirax Cold Sore Cream Tube 2g,2g,"£4,550.00/kg",9.10,,
Waitrose Barnet,Ice Cream,Ice Cream Tubs,Ben & Jerry's Chocolatey Orange Chunk Ice Cream Tub 465ml,465ml,£9.72/L,4.52,6.95,35% off
Waitrose Barnet,Ice Cream,Ice Cream Tubs,Ben & Jerry's Cookie Dough Vanilla Ice Cream Tub 465ml,465ml,£14.95/L,6.95,,
Waitrose Barnet,Ice Cream,Ice Cream Tubs,Ben & Jerry's Phish Food Chocolate Ice Cream Tub 465ml,465ml,£14.95/L,6.95,,£4.52 loyalty card (£9.72/L)
Waitrose Barnet,Ice Cream,Ice Cream Tubs,Ben & Jerry's Sundae Dulce De-lish Caramel Ice Cream Tub 427ml,427ml,£16.86/L,7.20,,
Waitrose Barnet,Ice Cream,Ice Cream Tubs,Ben & Jerry's Sundae Marshmallow & S'more! Ice Cream Tub 427ml,427ml,£16.86/L,7.20,,
Waitrose Barnet,Ice Cream,Ice Cream Tubs,Ben & Jerry's Sundae Oh My! Banoffee Pie! Ice Cream Tub 427ml,427ml,£16.86/L,7.20,,
Waitrose Barnet,Ice Cream,Single Serves,Ben & Jerrys Cookie Dough Sandwich 4x68ml,272ml,£22.98/L,6.25,,
Waitrose Barnet,Ice Cream,Single Serves,Cadbury Dairy Milk Minis Ice Creams 6x50ml,300ml,£14.70/L,4.41,6.30,30% off
Waitrose Barnet,Ice Cream,Single Serves,Cadbury Flake 99 4x125ml,500ml,£14.40/L,7.20,,
Waitrose Barnet,Ice Cream,Ice Cream Tubs,Carte D'Or Delightful Strawberry Ice Cream Tub 900ml,900ml,£5.44/L,4.90,,
Waitrose Barnet,Ice Cream,Single Serves,Cornetto Classico Ice Cream Cones 6x90ml,540ml,£8.80/L,4.75,,£3.09 loyalty card (£5.72/L)
Waitrose Barnet,Ice Cream,Single Serves,Cornetto Mint Ice Cream Cones 6x90ml,540ml,£5.72/L,3.09,4.75,35% off
Waitrose Barnet,Ice Cream,Single Serves,Cornetto Strawberry Ice Cream Cones 6x90ml,540ml,£5.72/L,3.09,4.75,35% off
Waitrose Barnet,Ice Cream,Single Serves,Crosta & Mollica Pistachio & Almond Tartufi 208g,208g,£28.85/kg,6.00,,
Waitrose Barnet,Ice Cream,Ice Cream Tubs,Duchy Organic Vanilla Ice Cream 480ml,480ml,£9.38/L,4.50,,
Waitrose Barnet,Ice Cream,Single Serves,Essential 8 Milk Choc Ices 8x70ml,560ml,£5.00/L,2.80,,
Waitrose Barnet,Ice Cream,Ice Cream Tubs,Essential Vanilla Soft Scoop Ice Cream 2litre,2L,£1.33/L,2.65,,
Waitrose Barnet,Ice Cream,Single Serves,Feast Hazelnut & Chocolate Ice Cream Sticks 4x90ml,360ml,£9.22/L,3.32,3.90,15% off
Waitrose Barnet,Ice Cream,Ice Cream Tubs,Haagen-Dazs Fruit Collection Minicup Ice Creams 4x95ml,380ml,£18.95/L,7.20,,
Waitrose Barnet,Ice Cream,Single Serves,Haagen-Dazs Strawberry Sticks 3x80ml,240ml,£22.50/L,5.40,,
Waitrose Barnet,Ice Cream,Single Serves,Hackney Gelato Mango & Coconut Sorbetto Lollies 3x70ml,210ml,£22.86/L,4.80,,
Waitrose Barnet,Ice Cream,Single Serves,Hackney Gelato Strawberry & Lemon Sorbetto Lollies 210ml,210ml,£22.86/L,4.80,,
Waitrose Barnet,Ice Cream,Ice Cream Tubs,Häagen-Dazs Belgian Chocolate Ice Cream 460ml,460ml,£15.65/L,7.20,,
Waitrose Barnet,Ice Cream,Ice Cream Tubs,Häagen-Dazs Caramel Collection Minicup Ice Creams 4x95ml,380ml,£18.95/L,7.20,,
Waitrose Barnet,Ice Cream,Ice Cream Tubs,Häagen-Dazs Rum Raisin Ice Cream 460ml,460ml,£10.17/L,4.68,7.20,35% off
Waitrose Barnet,Ice Cream,Ice Cream Tubs,Häagen-Dazs Strawberries & Cream Ice Cream 460ml,460ml,£15.65/L,7.20,,
Waitrose Barnet,Ice Cream,Ice Cream Tubs,Häagen-Dazs Vanilla Ice Cream 460ml,460ml,£15.65/L,7.20,,
Waitrose Barnet,Ice Cream,Ice Cream Tubs,Jude's Vanilla Clotted Cream Ice Cream 460ml,460ml,£15.22/L,7.00,,
Waitrose Barnet,Ice Cream,Ice Cream Tubs,Jude's Vegan Plant Madagascan Vanilla 460ml,460ml,£9.76/L,4.49,6.90,35% off
Waitrose Barnet,Ice Cream,Ice Cream Tubs,Kelly's Clotted Cream Ice Cream 950ml,950ml,£3.73/L,3.54,5.05,30% off
Waitrose Barnet,Ice Cream,Ice Cream Tubs,Kelly's Cornish Parlour Honeycomb Crunch 950ml,950ml,£3.73/L,3.54,5.05,30% off
Waitrose Barnet,Ice Cream,Ice Cream Tubs,Kelly's Cornish Parlour Raspberry Ripple 950ml,950ml,£3.73/L,3.54,5.05,30% off
Waitrose Barnet,Ice Cream,Ice Cream Tubs,Kelly's Millionaires Shortbread Ice Cream 425ml,425ml,£13.41/L,5.70,,
Waitrose Barnet,Ice Cream,Ice Cream Tubs,Kelly's Raspberry Cheesecake Ice Cream 425ml,425ml,£13.41/L,5.70,,
Waitrose Barnet,Ice Cream,Single Serves,Little Moons Chocolate Fudge Mochi 180g,180g,£35.00/kg,6.30,,
Waitrose Barnet,Ice Cream,Single Serves,Little Moons Honey Roasted Pistachio Mochi Ice Cream 6x32g,192g,£32.81/kg,6.30,,
Waitrose Barnet,Ice Cream,Single Serves,Little Moons Summer Raspberry Mochi 192g,192g,£32.81/kg,6.30,,
Waitrose Barnet,Ice Cream,Ice Cream Tubs,Mackie's Honeycomb Ice Cream 1litre,1L,£4.55/L,4.55,,
Waitrose Barnet,Ice Cream,Ice Cream Tubs,Mackie's Traditional Ice Cream 1litre,1L,£4.55/L,4.55,,
Waitrose Barnet,Ice Cream,Single Serves,Magnum Almond Ice Cream Sticks 3x100ml,300ml,£9.80/L,2.94,4.20,30% off
Waitrose Barnet,Ice Cream,Single Serves,Magnum Almond Ice Cream Sticks 6x100ml,600ml,£12.17/L,7.30,,
Waitrose Barnet,Ice Cream,Single Serves,Magnum Bonbon Gold Caramel Billionaire Ice Cream Snack 204ml,204ml,£27.94/L,5.70,,
Waitrose Barnet,Ice Cream,Ice Cream Tubs,Magnum Bonbon White Chocolate & Cookies Ice Cream Snack 204ml,204ml,£27.94/L,5.70,,
Waitrose Barnet,Ice Cream,Single Serves,Magnum Classic Ice Cream Sticks 3x100ml,300ml,£8.17/L,2.45,3.50,30% off
Waitrose Barnet,Ice Cream,Single Serves,Magnum Classic Ice Cream Sticks 6x100ml,600ml,£12.17/L,7.30,,
Waitrose Barnet,Ice Cream,Single Serves,Magnum Intense Dark Chocolate Ice Cream Sticks 3x100ml,300ml,£17.83/L,5.35,,
Waitrose Barnet,Ice Cream,Single Serves,Magnum Mini Classic Ice Cream Sticks 6x55ml,330ml,£18.18/L,6.00,,
Waitrose Barnet,Ice Cream,Single Serves,"Magnum Mini Classic, Almond & White Choco Ice Cream Sticks 6x55ml",330ml,£18.18/L,6.00,,
Waitrose Barnet,Ice Cream,Single Serves,Magnum Mini Collection Intense Coffee Ice Cream Sticks 6x55ml,330ml,£13.64/L,4.50,6.00,25% off
Waitrose Barnet,Ice Cream,Single Serves,Magnum Mini Double Caramel & Chocolate Ice Cream Sticks 6x55ml,330ml,£13.64/L,4.50,6.00,25% off
Waitrose Barnet,Ice Cream,Single Serves,Magnum Mini Double Caramel Gold Ice Cream Sticks 6x55ml,330ml,£13.64/L,4.50,6.00,25% off
Waitrose Barnet,Ice Cream,Single Serves,Magnum Mini Signature Pistachio Ice Cream Sticks 6x55ml,330ml,£13.64/L,4.50,6.00,25% off
Waitrose Barnet,Ice Cream,Single Serves,Magnum Utopia Double Cherry Ice Cream Sticks 3x85ml,255ml,£20.98/L,5.35,,
Waitrose Barnet,Ice Cream,Single Serves,Magnum Utopia Double Hazelnut Ice Cream Sticks 3x85ml,255ml,£20.98/L,5.35,,
Waitrose Barnet,Ice Cream,Ice Cream Tubs,No.1 Colombian Coffee Ice Cream 500ml,500ml,£10.80/L,5.40,,
Waitrose Barnet,Ice Cream,Ice Cream Tubs,No.1 Cornish Sea Salted Caramel Brittle Ice Cream 480ml,480ml,£11.25/L,5.40,,
Waitrose Barnet,Ice Cream,Ice Cream Tubs,No.1 Madagascan Vanilla Ice Cream 500ml,500ml,£10.80/L,5.40,,
Waitrose Barnet,Ice Cream,Ice Cream Tubs,No.1 Mango & Passion Fruit Ice Cream 500ml,500ml,£10.80/L,5.40,,
Waitrose Barnet,Ice Cream,Ice Cream Tubs,No.1 Santo Domingo Chocolate Ice Cream 480ml,480ml,£11.25/L,5.40,,
Waitrose Barnet,Ice Cream,Ice Cream Tubs,No.1 Vanilla & British Blackcurrant Ripple Ice Cream 480ml,480ml,£11.25/L,5.40,,
Waitrose Barnet,Ice Cream,Ice Cream Tubs,No.1 White Chocolate Ice Cream 500ml,500ml,£10.80/L,5.40,,
Waitrose Barnet,Ice Cream,Single Serves,Nuii Caramel & Macadamia 3x90ml,270ml,£22.22/L,6.00,,£3.00 loyalty card (£11.11/L)
Waitrose Barnet,Ice Cream,Single Serves,Oreo Ice Cream Mini Sandwich 6x55ml,330ml,£13.48/L,4.45,,£3.12 loyalty card (£9.45/L)
Waitrose Barnet,Ice Cream,Single Serves,Oreo Mini Sticks 6x50ml,300ml,£14.33/L,4.30,,
Waitrose Barnet,Ice Cream,Single Serves,Snickers Ice Cream 4x45.6g,182.4g,£20.83/kg,3.80,,
Waitrose Barnet,Ice Cream,Single Serves,Solero Exotic Ice Cream Lollies 3x90ml,270ml,£9.07/L,2.45,3.50,30% off
Waitrose Barnet,Ice Cream,Single Serves,Twister Mini Pineapple Ice Cream Lollies 6x50ml,300ml,£11.67/L,3.50,,
Waitrose Barnet,Ice Cream,Ice Cream Tubs,Viennetta Vanilla Ice Cream Dessert 650ml,650ml,£3.28/L,2.13,2.50,15% off
Waitrose Barnet,Ice Cream,Ice Cream Tubs,Waitrose Alphonso Mango Sorbet 500ml,500ml,£7.80/L,3.90,,
Waitrose Barnet,Ice Cream,Ice Cream Tubs,Waitrose Coconut Kefir Frozen Yogurt 480ml 480ml,480ml,£8.75/L,4.20,,
Waitrose Barnet,Ice Cream,Ice Cream Tubs,Waitrose Cornish Clotted Cream Ice Cream 1litre,1L,£4.60/L,4.60,,
Waitrose Barnet,Ice Cream,Ice Cream Tubs,Waitrose Vanilla Dairy Ice Cream 1litre,1L,£4.50/L,4.50,,
Waitrose Barnet,Ice Cream,Ice Cream Tubs,Wall's Soft Scoop Vanilla Ice Cream Tub 1.8litre,1.8L,£1.83/L,3.30,,
Waitrose Barnet,Ice Cream,Ice Cream Tubs,Yeo Valley Organic Summer Berry Ice Cream 480ml,480ml,£8.31/L,3.99,5.70,30% off
Waitrose Barnet,"Jams, Honey, Spreads",Honey,Littleover Apiary Organic Wildflower Honey with Royal Jelly 340g,340g,£17.65/kg,6.00,,
Waitrose Barnet,"Jams, Honey, Spreads",Honey,Rowse Light & Mild Honey 340g,340g,£11.18/kg,3.80,,
Waitrose Barnet,"Jams, Honey, Spreads",Honey,Rowse Manuka 50+ MGO 225g,225g,£34.67/kg,7.80,,
Waitrose Barnet,"Jams, Honey, Spreads",Honey,Rowse Manuka Honey 100+ MGO 225g,225g,£37.33/kg,8.40,12.00,30% off
Waitrose Barnet,"Jams, Honey, Spreads",Honey,Rowse Organic Squeezy Honey 340g,340g,£10.59/kg,3.60,4.80,25% off
Waitrose Barnet,"Jams, Honey, Spreads",Honey,Rowse Runny Honey 250g,250g,£11.60/kg,2.90,,
Waitrose Barnet,"Jams, Honey, Spreads",Honey,Rowse Runny Honey Squeezy 340g,340g,£11.18/kg,3.80,,
Waitrose Barnet,"Jams, Honey, Spreads",Jam,Bonne Maman Apricot Conserve 370g,370g,£9.89/kg,3.66,4.30,15% off
Waitrose Barnet,"Jams, Honey, Spreads",Jam,Bonne Maman Berries and Cherries Conserve 370g,370g,£11.62/kg,4.30,,
Waitrose Barnet,"Jams, Honey, Spreads",Jam,Bonne Maman Bitter Orange Fine Marmalade 370g,370g,£11.08/kg,4.10,,
Waitrose Barnet,"Jams, Honey, Spreads",Jam,Bonne Maman Black Cherry Conserve 370g,370g,£12.97/kg,4.80,,
Waitrose Barnet,"Jams, Honey, Spreads",Jam,Bonne Maman Strawberry Conserve 370g,370g,£9.89/kg,3.66,4.30,15% off
Waitrose Barnet,"Jams, Honey, Spreads",Jam,Bonne Maman Strawberry Jam 335g,335g,£15.07/kg,5.05,,
Waitrose Barnet,"Jams, Honey, Spreads",Jam,Bonne Maman Wild Blueberry Conserve 370g,370g,£12.97/kg,4.80,,
Waitrose Barnet,"Jams, Honey, Spreads",Jam,Duchy Organic Seville Orange Fine Cut Marmalade 340g,340g,£7.94/kg,2.70,,
Waitrose Barnet,"Jams, Honey, Spreads",Jam,Duchy Organic Strawberry Extra Jam Preserve 340g,340g,£10.59/kg,3.60,,
Waitrose Barnet,"Jams, Honey, Spreads",Jam,Essential Seedless Raspberry Jam 454g,454g,£3.74/kg,1.70,,
Waitrose Barnet,"Jams, Honey, Spreads",Jam,Essential Seville Orange Marmalade Fine Cut 454g,454g,£2.86/kg,1.30,,
Waitrose Barnet,"Jams, Honey, Spreads",Jam,Essential Seville Orange Marmalade Thick Cut 454g,454g,£3.19/kg,1.45,,
Waitrose Barnet,"Jams, Honey, Spreads",Jam,Essential Waitrose strawberry jam 454g,454g,£3.19/kg,1.45,,
Waitrose Barnet,"Jams, Honey, Spreads",Jam,Frank Cooper's Original Oxford Marmalade 454g,454g,£9.25/kg,4.20,,
Waitrose Barnet,"Jams, Honey, Spreads",Jam,La Vieja Fábrica Seville Orange Marmalade 365g,365g,£8.22/kg,3.00,,
Waitrose Barnet,"Jams, Honey, Spreads",Jam,No.1 Luscious Lemon Curd 320g,320g,£9.69/kg,3.10,,
Waitrose Barnet,"Jams, Honey, Spreads",Jam,Stute No Sugar Added Strawberry Extra Jam 430g,430g,£7.91/kg,3.40,,
Waitrose Barnet,"Jams, Honey, Spreads",Jam,Tiptree 'Old Times' Orange Marmalade 340g,340g,£10.44/kg,3.55,,
Waitrose Barnet,"Jams, Honey, Spreads",Jam,Tracklements Caramelised Onion Marmalade 210g,210g,£18.57/kg,3.90,,
Waitrose Barnet,"Jams, Honey, Spreads",Jam,Waitrose Strawberry Preserve 340g,340g,£9.56/kg,3.25,,
Waitrose Barnet,"Jams, Honey, Spreads",Other Spreads,Bonne Maman Hazelnut Chocolate Spread 250g,250g,£17.60/kg,4.40,,
Waitrose Barnet,"Jams, Honey, Spreads",Peanut Butter & Nut Butters,Bonne Maman Peanut Smooth Spread 325g,325g,£14.77/kg,4.80,,
Waitrose Barnet,"Jams, Honey, Spreads",Syrup,Buckwud Organic Canadian Maple Syrup 250g,250g,£31.20/kg,7.80,,
Waitrose Barnet,"Jams, Honey, Spreads",Other Spreads,Essential Hazelnut Chocolate Spread 400g,400g,£5.75/kg,2.30,,
Waitrose Barnet,"Jams, Honey, Spreads",Peanut Butter & Nut Butters,Essential Smooth Peanut Butter 340g,340g,£5.00/kg,1.70,,
Waitrose Barnet,"Jams, Honey, Spreads",Syrup,Groovy Food Light Amber & Mild Organic Agave Nectar 250ml,250ml,£14.40/L,3.60,,
Waitrose Barnet,"Jams, Honey, Spreads",Other Spreads,Lotus Biscoff Smooth Spread 400g,400g,£10.00/kg,4.00,,
Waitrose Barnet,"Jams, Honey, Spreads",Syrup,Lyle's Golden Syrup 325g,325g,£7.38/kg,2.40,,
Waitrose Barnet,"Jams, Honey, Spreads",Peanut Butter & Nut Butters,ManiLife Deep Roast Crunchy Peanut Butter 275g,275g,£17.45/kg,4.80,,
Waitrose Barnet,"Jams, Honey, Spreads",Peanut Butter & Nut Butters,ManiLife Deep Roast Smooth Peanut Butter 275g,275g,£17.45/kg,4.80,,
Waitrose Barnet,"Jams, Honey, Spreads",Peanut Butter & Nut Butters,ManiLife Original Roast Crunchy Peanut Butter 275g,275g,£17.45/kg,4.80,,
Waitrose Barnet,"Jams, Honey, Spreads",Other Spreads,Marmite Yeast Extract Spread 125g,125g,£26.00/kg,3.25,,
Waitrose Barnet,"Jams, Honey, Spreads",Other Spreads,Marmite Yeast Extract Spread 250g,250g,£16.80/kg,4.20,,
Waitrose Barnet,"Jams, Honey, Spreads",Peanut Butter & Nut Butters,Meridian Crunchy Almond Butter 170g,170g,£24.12/kg,4.10,,
Waitrose Barnet,"Jams, Honey, Spreads",Syrup,No.1 Canadian Amber Rich Maple Syrup 330g,330g,£20.30/kg,6.70,,
Waitrose Barnet,"Jams, Honey, Spreads",Syrup,No.1 Canadian Dark Maple Syrup 330g,330g,£20.30/kg,6.70,,
Waitrose Barnet,"Jams, Honey, Spreads",Other Spreads,Nutella Chocolate Hazelnut Spread 350g,350g,£11.29/kg,3.95,,
Waitrose Barnet,"Jams, Honey, Spreads",Peanut Butter & Nut Butters,Pip & Nut Crunchy Almond Butter 425g,425g,£22.59/kg,9.60,,
Waitrose Barnet,"Jams, Honey, Spreads",Peanut Butter & Nut Butters,Pip & Nut Crunchy Peanut Butter 1kg,1kg,£9.20/kg,9.20,,
Waitrose Barnet,"Jams, Honey, Spreads",Peanut Butter & Nut Butters,Pip & Nut Smooth Almond Butter 170g,170g,£25.88/kg,4.40,,
Waitrose Barnet,"Jams, Honey, Spreads",Peanut Butter & Nut Butters,Pip & Nut Smooth Peanut Butter 300g,300g,£14.67/kg,4.40,,
Waitrose Barnet,"Jams, Honey, Spreads",Peanut Butter & Nut Butters,Whole Earth Organic Smooth 340g 340g,340g,£16.47/kg,5.60,,
Waitrose Barnet,"Jams, Honey, Spreads",Peanut Butter & Nut Butters,Whole Earth Smooth Peanut Butter 454g,454g,£13.11/kg,5.95,,
Waitrose Barnet,"Laundry, Cleaning, Household",Batteries & Household,Duracell Lithium 2016 2s,2pk,£3.20 each,6.40,,
Waitrose Barnet,"Laundry, Cleaning, Household",Batteries & Household,Duracell Lithium 2025 2s,2pk,£3.20 each,6.40,,
Waitrose Barnet,"Laundry, Cleaning, Household",Batteries & Household,Duracell Lithium 2032 2s,2pk,£3.20 each,6.40,,
Waitrose Barnet,"Laundry, Cleaning, Household",Batteries & Household,Duracell Plus 9V Alkaline 2s,2pk,£5.45 each,10.90,,
Waitrose Barnet,"Laundry, Cleaning, Household",Batteries & Household,Duracell Plus AAA Power Boost 4 pack 4Each,1pk,£6.40 each,6.40,,
Waitrose Barnet,"Laundry, Cleaning, Household",Batteries & Household,Duracell Plus C Batteries Alkaline 4s,4pk,£2.88 each,11.50,,
Waitrose Barnet,"Laundry, Cleaning, Household",Batteries & Household,Duracell Plus D Batteries Alkaline 4s,4pk,£2.88 each,11.50,,
Waitrose Barnet,"Laundry, Cleaning, Household",Batteries & Household,Duracell Plus Power Boost AA 8pack 8s,1pk,£7.98 each,7.98,11.40,30% off
Waitrose Barnet,"Laundry, Cleaning, Household",Batteries & Household,Duracell Plus Power Boost Active AA 12 pack 12s,1pk,£15.60 each,15.60,,
Waitrose Barnet,"Laundry, Cleaning, Household",Batteries & Household,Duracell Plus Power Boost Active AA 4Each,1pk,£6.40 each,6.40,,
Waitrose Barnet,"Laundry, Cleaning, Household",Batteries & Household,Duracell Plus Power Boost Active AAA 12 pack 12s,12pk,£1.30 each,15.60,,
Waitrose Barnet,"Laundry, Cleaning, Household",Batteries & Household,Energizer Alkaline LR44/A76 1.5V 4s,4pk,£2.40 each,9.60,,
Waitrose Barnet,"Laundry, Cleaning, Household",Batteries & Household,Energizer Max AA LR6 1.5v 8s,1pk,£9.60 each,9.60,,
Waitrose Barnet,"Laundry, Cleaning, Household",Batteries & Household,Energizer Max AAA LR03 1.5V 4s,4pk,£1.43 each,5.70,,
Waitrose Barnet,"Laundry, Cleaning, Household",Batteries & Household,Energizer Max AAA LR03 1.5V 8s,8pk,£1.20 each,9.60,,
Waitrose Barnet,"Laundry, Cleaning, Household",Batteries & Household,Energizer Max C-LR14 1.5V 2s,2pk,£2.85 each,5.70,,
Waitrose Barnet,"Laundry, Cleaning, Household",Batteries & Household,Energizer Max D-LR20 2s,2pk,£2.85 each,5.70,,
Waitrose Barnet,"Laundry, Cleaning, Household",Batteries & Household,Energizer X Focus 2AA Torch 1Each,1pk,£9.10 each,9.10,,
Waitrose Barnet,"Laundry, Cleaning, Household",Batteries & Household,Fine Stripe Hand Towel Caramel each,1pk,£7.20 each,7.20,,
Waitrose Barnet,"Laundry, Cleaning, Household",Batteries & Household,Helix Oxford Clear Folding Ruler 30cm Each,1pk,£3.00 each,3.00,,
Waitrose Barnet,"Laundry, Cleaning, Household",Batteries & Household,"John Lewis ANYDAY Check Terry Cotton Tea Towel, Blue each",1pk,£4.50 each,4.50,6.00,25% off
Waitrose Barnet,"Laundry, Cleaning, Household",Batteries & Household,John Lewis Bees Notebook A5 each,1pk,£6.00 each,6.00,,
Waitrose Barnet,"Laundry, Cleaning, Household",Batteries & Household,John Lewis Dogs Notebook A5 each,1pk,£7.20 each,7.20,,
Waitrose Barnet,"Laundry, Cleaning, Household",Batteries & Household,John Lewis Floral Notebook A5 each,1pk,£7.20 each,7.20,,
Waitrose Barnet,"Laundry, Cleaning, Household",Batteries & Household,John Lewis Ultrasoft Hand Towel Linen 90x50cm each,1pk,£6.60 each,6.60,,
Waitrose Barnet,"Laundry, Cleaning, Household",Batteries & Household,Legami Bee Erasable Pen 1Each,1pk,£2.70 each,2.70,,
Waitrose Barnet,"Laundry, Cleaning, Household",Batteries & Household,Loctite All Purpose Glue 20ml each,1pk,£3.60 each,3.60,,
Waitrose Barnet,"Laundry, Cleaning, Household",Batteries & Household,Loctite Superglue Precision 5g each,1pk,£4.20 each,4.20,,
Waitrose Barnet,"Laundry, Cleaning, Household",Batteries & Household,Pukka Notebook A5 1Each,1pk,£3.60 each,3.60,,
Waitrose Barnet,"Laundry, Cleaning, Household",Batteries & Household,Pukka Recycled Black Lever Arch A4 Each,1pk,£4.20 each,4.20,,
Waitrose Barnet,"Laundry, Cleaning, Household",Batteries & Household,Pukka Recycled Kraft Ringbinder A4 Each,1pk,£3.00 each,3.00,,
Waitrose Barnet,"Laundry, Cleaning, Household",Batteries & Household,Pukka Stickys The Bold Once 127 x 76mm 1Each,1pk,£4.80 each,4.80,,
Waitrose Barnet,"Laundry, Cleaning, Household",Batteries & Household,Snopake Pack of 2 Correction Fluid 2 x 20ml 2x20ml,40ml,£120.00/L,4.80,,
Waitrose Barnet,"Laundry, Cleaning, Household",Batteries & Household,Snopake ReBorn Polyfile Foolscap A4 Assorted Each,150pk,£0.02 each,3.00,,
Waitrose Barnet,"Laundry, Cleaning, Household",Batteries & Household,Snopake ReBorn Polyfile Ringbinder Wallet A4 Assorted Each,35pk,£0.10 each,3.60,,
Waitrose Barnet,"Laundry, Cleaning, Household",Batteries & Household,"Staedtler HB pencils, pack of 5 5s",1pk,£3.60 each,3.60,,
Waitrose Barnet,"Laundry, Cleaning, Household",Batteries & Household,Tinc Heart Multi Click Pen each,1pk,£4.80 each,4.80,,
Waitrose Barnet,"Laundry, Cleaning, Household",Batteries & Household,Tinc Pack of 6 Macaroon Erasers 6s,1pk,£4.80 each,4.80,,
Waitrose Barnet,"Laundry, Cleaning, Household",Batteries & Household,Tinc Pink Fuzzy Guy Pen each,1pk,£4.20 each,4.20,,
Waitrose Barnet,"Laundry, Cleaning, Household",Batteries & Household,Tinc Set of 4 Sweetie Hi-Lighters 4s,1pk,£6.00 each,6.00,,
Waitrose Barnet,"Laundry, Cleaning, Household",Batteries & Household,Tinc Spy Pen each,1pk,£4.80 each,4.80,,
Waitrose Barnet,"Laundry, Cleaning, Household",Batteries & Household,Tinc Stacking Hi-Lighter each,1pk,£3.60 each,3.60,,
Waitrose Barnet,"Laundry, Cleaning, Household",Batteries & Household,Tinc Tonkin Multi Click Pen each,1pk,£4.80 each,4.80,,
Waitrose Barnet,"Laundry, Cleaning, Household",Batteries & Household,Ultra Soft 2 Face Cloths Avocado 30x30cm 2s,1pk,£3.60 each,3.60,,
Waitrose Barnet,"Laundry, Cleaning, Household",Batteries & Household,"Uni-ball fine eye rollerball pen, pack of 2 each",2pk,£3.30 each,6.60,,
Waitrose Barnet,"Laundry, Cleaning, Household",Batteries & Household,Z-Grip Ballpoint 1.0 Soft Touch Rainbow 3Pk 3s,1pk,£4.20 each,4.20,,
Waitrose Barnet,"Laundry, Cleaning, Household",Batteries & Household,Zebra Z-Grip Pack of 3 Black Ballpoint Pen 3s,3pk,£1.10 each,3.30,,
Waitrose Barnet,"Laundry, Cleaning, Household",Batteries & Household,Zebra Z-Grip Pack of 3 Blue Ballpoint Pen 3s,3pk,£1.10 each,3.30,,
Waitrose Barnet,"Laundry, Cleaning, Household",Batteries & Household,Zebra Z-Grip Pack of 8 Assorted Ballpoint Pen 8s,1pk,£4.80 each,4.80,,
Waitrose Barnet,"Laundry, Cleaning, Household",Batteries & Household,Zip Firelighters 30's 30s,30pk,£0.16 each,4.90,,
Waitrose Barnet,"Laundry, Cleaning, Household",Bin Bags,Essential Pedal Bin Liners Tie Handles 30s,1pk,£3.10 each,3.10,,
Waitrose Barnet,"Laundry, Cleaning, Household",Bin Bags,Essential Tie Handle Swing Bin Liners 30s,1pk,£3.70 each,3.70,,
Waitrose Barnet,"Laundry, Cleaning, Household",Bin Bags,Waitrose 20 Compostable Caddy Liners 20s,1pk,£3.05 each,3.05,,
Waitrose Barnet,"Laundry, Cleaning, Household",Bin Bags,Waitrose Extra Strong Tall Bin Liners 30L 30s,1pk,£5.45 each,5.45,,
Waitrose Barnet,"Laundry, Cleaning, Household",Bin Bags,Waitrose Flush Top Refuse Bags 20s,1pk,£3.30 each,3.30,,
Waitrose Barnet,"Laundry, Cleaning, Household",Bin Bags,Waitrose Large Refuse Sacks Tie Handles 15s,1pk,£5.50 each,5.50,,
Waitrose Barnet,"Laundry, Cleaning, Household",Bin Bags,Waitrose Lavender Scented Vanity Bin Liners 10L 25s,1pk,£2.40 each,2.40,,
Waitrose Barnet,"Laundry, Cleaning, Household",Bin Bags,Waitrose Swing Bin Liners 20s,1pk,£2.90 each,2.90,,
Waitrose Barnet,"Laundry, Cleaning, Household",Bin Bags,Waitrose Tie Handle Refuse Bags 20s,1pk,£3.70 each,3.70,,
Waitrose Barnet,"Laundry, Cleaning, Household",Candles & Home Fragrance,Febreze 3Volution Air Freshener Refill Spring 20ml,20ml,£300.00/L,6.00,,2 for £9
Waitrose Barnet,"Laundry, Cleaning, Household",Candles & Home Fragrance,Febreze Air Mist Blossom & Breeze 185ml,185ml,£22.70/L,4.20,,2 for £6
Waitrose Barnet,"Laundry, Cleaning, Household",Candles & Home Fragrance,Febreze Air Mist Cotton Fresh 185ml,185ml,£22.70/L,4.20,,2 for £6
Waitrose Barnet,"Laundry, Cleaning, Household",Candles & Home Fragrance,Oust Odour Eliminator Aerosol Outdoor Scent 300ml,300ml,£11.67/L,3.50,,
Waitrose Barnet,"Laundry, Cleaning, Household",Cleaning,Astonish Specialist Air Fryer Cleaner 750ml 750ml,750ml,£4.40/L,3.30,,
Waitrose Barnet,"Laundry, Cleaning, Household",Cleaning,Batch All Purpose Cleaning Spray Lemon & Verbana with Glycerin 750ml,750ml,£5.60/L,4.20,,
Waitrose Barnet,"Laundry, Cleaning, Household",Cleaning,Batch Kitchen Cleaning Spray Mandarin & Ginger with Bicarb 750ml,750ml,£5.60/L,4.20,,
Waitrose Barnet,"Laundry, Cleaning, Household",Cleaning,Bloo Self Active Bleach Twin 2x50g,100g,£46.00/kg,4.60,,
Waitrose Barnet,"Laundry, Cleaning, Household",Cleaning,Bloo Self Active Flower Twin 2x50g,100g,£46.00/kg,4.60,,
Waitrose Barnet,"Laundry, Cleaning, Household",Cleaning,Buster Bathroom Plughole Unblocker 300ml,300ml,£11.80/L,3.54,5.45,35% off
Waitrose Barnet,"Laundry, Cleaning, Household",Cleaning,Buster Kitchen Plughole Unblocker 150g,150g,£22.33/kg,3.35,5.15,35% off
Waitrose Barnet,"Laundry, Cleaning, Household",Cleaning,Buster Kitchen Sink Active Foam Cleaner 500ml,500ml,£9.60/L,4.80,,
Waitrose Barnet,"Laundry, Cleaning, Household",Cleaning,Cif Cleanboost Bathroom Spray 700ml,700ml,£6.00/L,4.20,,
Waitrose Barnet,"Laundry, Cleaning, Household",Cleaning,Cif Floor Cleaner Ocean Fresh 950ml,950ml,£3.16/L,3.00,,
Waitrose Barnet,"Laundry, Cleaning, Household",Cleaning,Cillit Bang Black Mould Remover Spray 750ml,750ml,£8.00/L,6.00,,
Waitrose Barnet,"Laundry, Cleaning, Household",Cleaning,Citrus Trigger Spray 750ml,750ml,£1.47/L,1.10,,
Waitrose Barnet,"Laundry, Cleaning, Household",Cleaning,Dettol Antibacterial Cleaning Wipes 126Each,126pk,£0.05 each,6.65,,
Waitrose Barnet,"Laundry, Cleaning, Household",Cleaning,Dettol Antibacterial Kitchen Surface Hob Cleaner Spray 750ml,750ml,£4.25/L,3.19,4.55,30% off
Waitrose Barnet,"Laundry, Cleaning, Household",Cleaning,Dettol Antibacterial Multi Surface Cleaning Spray 750ml,750ml,£4.21/L,3.16,3.95,20% off
Waitrose Barnet,"Laundry, Cleaning, Household",Cleaning,Dettol Antibacterial Multi Surface Cleaning Wipes 72s,72pk,£0.05 each,3.57,5.10,30% off
Waitrose Barnet,"Laundry, Cleaning, Household",Cleaning,Dettol Kitchen Surface Cleaning Big & Strong Wipes 25s,25pk,£0.16 each,4.10,,
Waitrose Barnet,"Laundry, Cleaning, Household",Cleaning,Dettol Limescale Bathroom Cleaning Big & Strong Wipes 25s,25pk,£0.16 each,4.10,,
Waitrose Barnet,"Laundry, Cleaning, Household",Cleaning,Dishmatic Handy Scrub Each,1pk,£1.80 each,1.80,,
Waitrose Barnet,"Laundry, Cleaning, Household",Cleaning,Domestos Pine Blocks 2s 2Each,1pk,£3.90 each,3.90,,
Waitrose Barnet,"Laundry, Cleaning, Household",Cleaning,Domestos Power 5 Toilet Rim Block Fresheners Ocean 50g,50g,£48.00/kg,2.40,,
Waitrose Barnet,"Laundry, Cleaning, Household",Cleaning,Domestos Power Foam Spray Toilet & Bathroom Cleaner Citrus Blast 450ml,450ml,£8.44/L,3.80,,
Waitrose Barnet,"Laundry, Cleaning, Household",Cleaning,Domestos Thick Bleach Citrus Toilet & Bathroom Cleaner 750ml,750ml,£2.80/L,2.10,,
Waitrose Barnet,"Laundry, Cleaning, Household",Cleaning,Domestos Thick Bleach Original Toilet Cleaner 750ml,750ml,£2.80/L,2.10,,2 for £3.25
Waitrose Barnet,"Laundry, Cleaning, Household",Cleaning,Dr.Beckmann Upholstery Stain Remover 400ml,400ml,£13.50/L,5.40,,
Waitrose Barnet,"Laundry, Cleaning, Household",Cleaning,Essential All Purpose Cloths 10s,1pk,£1.60 each,1.60,,
Waitrose Barnet,"Laundry, Cleaning, Household",Cleaning,Essential Anti-Bac Trigger Spray 750ml,750ml,£1.47/L,1.10,,
Waitrose Barnet,"Laundry, Cleaning, Household",Cleaning,Essential Drain Unblocker 500ml,500ml,£6.50/L,3.25,,
Waitrose Barnet,"Laundry, Cleaning, Household",Cleaning,Essential Dual Action Scourers 6s,1pk,£1.10 each,1.10,,
Waitrose Barnet,"Laundry, Cleaning, Household",Cleaning,Essential Floor Wipes 15s,1pk,£1.50 each,1.50,,
Waitrose Barnet,"Laundry, Cleaning, Household",Cleaning,Essential Large Cleaning Cloths 5s,1pk,£3.00 each,3.00,,
Waitrose Barnet,"Laundry, Cleaning, Household",Cleaning,Essential Large Cotton Dusters 3s,1pk,£2.10 each,2.10,,
Waitrose Barnet,"Laundry, Cleaning, Household",Cleaning,Essential Large Household Gloves pair,1pk,£1.80 each,1.80,,
Waitrose Barnet,"Laundry, Cleaning, Household",Cleaning,Essential Microfibre Cloths 3s,1pk,£3.30 each,3.30,,
Waitrose Barnet,"Laundry, Cleaning, Household",Cleaning,Essential Multi Surface Wipes 72s,1pk,£2.20 each,2.20,,
Waitrose Barnet,"Laundry, Cleaning, Household",Cleaning,Essential Pine Disinfectant 1litre,1L,£1.90/L,1.90,,
Waitrose Barnet,"Laundry, Cleaning, Household",Cleaning,Essential Thick Bleach 2litre,2L,£0.95/L,1.90,,
Waitrose Barnet,"Laundry, Cleaning, Household",Cleaning,Essential Thick Bleach 750ml,750ml,£1.47/L,1.10,,
Waitrose Barnet,"Laundry, Cleaning, Household",Cleaning,Essential Thick Bleach Citrus 750ml,750ml,£1.47/L,1.10,,
Waitrose Barnet,"Laundry, Cleaning, Household",Cleaning,Flash Bathroom Cleaning Spray 800ml,800ml,£3.75/L,3.00,4.00,25% off
Waitrose Barnet,"Laundry, Cleaning, Household",Cleaning,Flash Bicarb Of Soda Liquid 1L 1000ml,1L,£3.35/L,3.35,,
Waitrose Barnet,"Laundry, Cleaning, Household",Cleaning,Flash Cleaning Liquid Lemon 1litre,1L,£2.80/L,2.80,3.50,20% off
Waitrose Barnet,"Laundry, Cleaning, Household",Cleaning,Flash Dust Magnet Starter Kit & Refill 1Each,1pk,£4.80 each,4.80,,
Waitrose Barnet,"Laundry, Cleaning, Household",Cleaning,Flash Power Spray Mop Refill 12s 1Each,12pk,£0.65 each,7.80,,
Waitrose Barnet,"Laundry, Cleaning, Household",Cleaning,Flash Speed Mop Wild Orchid Wet Cloths Refill Pads 24s 1Each,24pk,£0.40 each,9.60,,
Waitrose Barnet,"Laundry, Cleaning, Household",Cleaning,Flash Task Kitchen Spray Fresh Citrus 800ml,800ml,£3.75/L,3.00,4.00,25% off
Waitrose Barnet,"Laundry, Cleaning, Household",Cleaning,Glass & Window Trigger Spray 750ml,750ml,£1.47/L,1.10,,
Waitrose Barnet,"Laundry, Cleaning, Household",Cleaning,Harpic Bleach White & Shine Toilet Cleaner Citrus 750ml,750ml,£2.67/L,2.00,,2 for £3
Waitrose Barnet,"Laundry, Cleaning, Household",Cleaning,Harpic Bleach White & Shine Toilet Cleaner Original 750ml,750ml,£2.67/L,2.00,,2 for £3
Waitrose Barnet,"Laundry, Cleaning, Household",Cleaning,Harpic Limescale Remover Toilet Cleaner Gel Original 750ml,750ml,£2.91/L,2.18,2.90,25% off
Waitrose Barnet,"Laundry, Cleaning, Household",Cleaning,Harpic Powerplus Original Tabs 6 Each,1pk,£3.56 each,3.56,4.45,20% off
Waitrose Barnet,"Laundry, Cleaning, Household",Cleaning,Method Anti-Bac Cleaner Rhubarb 828ml,828ml,£5.80/L,4.80,,
Waitrose Barnet,"Laundry, Cleaning, Household",Cleaning,Method Daily Shower Ylang Ylang Scent 828ml,828ml,£5.80/L,4.80,,
Waitrose Barnet,"Laundry, Cleaning, Household",Cleaning,Method Multi-Surface French Lavender 828ml,828ml,£5.80/L,4.80,,
Waitrose Barnet,"Laundry, Cleaning, Household",Cleaning,Method Surface Cleaner Clementine 828ml,828ml,£5.80/L,4.80,,
Waitrose Barnet,"Laundry, Cleaning, Household",Cleaning,Mr Muscle Sink & Drain Unblocker Gel 500ml,500ml,£9.04/L,4.52,5.65,20% off
Waitrose Barnet,"Laundry, Cleaning, Household",Cleaning,Mr Sheen Multi Surface Polish Spring Fresh 250ml,250ml,£10.60/L,2.65,,
Waitrose Barnet,"Laundry, Cleaning, Household",Cleaning,Neat Multi-Surface Cleaner Refill Lime & Matcha 30ml 30ml,30ml,£106.67/L,3.20,,
Waitrose Barnet,"Laundry, Cleaning, Household",Cleaning,Oven Pride Deep Cleaner 500ml,500ml,£12.00/L,6.00,,
Waitrose Barnet,"Laundry, Cleaning, Household",Cleaning,Pledge Clean It Jasmine Cleaner 250ml,250ml,£9.60/L,2.40,3.00,20% off
Waitrose Barnet,"Laundry, Cleaning, Household",Cleaning,Seep All-Purpose Cloth 1Each,1pk,£4.20 each,4.20,,
Waitrose Barnet,"Laundry, Cleaning, Household",Cleaning,Spontex Brilliant Scourer Each,1pk,£1.70 each,1.70,,
Waitrose Barnet,"Laundry, Cleaning, Household",Cleaning,Spontex Flex & Wash Sponge 2 pack 2s,1pk,£4.80 each,4.80,,
Waitrose Barnet,"Laundry, Cleaning, Household",Cleaning,Spontex Tough Scourers 4s,1pk,£2.65 each,2.65,,
Waitrose Barnet,"Laundry, Cleaning, Household",Cleaning,Spontex Washups Non Scratch Scourers 4s,1pk,£1.80 each,1.80,,
Waitrose Barnet,"Laundry, Cleaning, Household",Cleaning,Viakal Classic Bathroom Limescale Remover Spray 750ml,750ml,£9.60/L,7.20,,
Waitrose Barnet,"Laundry, Cleaning, Household",Cleaning,Viakal Limescale Remover Spray 500ml,500ml,£7.20/L,3.60,4.80,25% off
Waitrose Barnet,"Laundry, Cleaning, Household",Cleaning,Waitrose Essential Shower Shine Trigger Spray 750ml,750ml,£1.47/L,1.10,,
Waitrose Barnet,"Laundry, Cleaning, Household",Cleaning,Windolene Glass & Shiny Surfaces Spray 750ml,750ml,£5.47/L,4.10,,
Waitrose Barnet,"Laundry, Cleaning, Household",Dishwashing,Crystale Dish Salt Box 2Kg,2kg,£1.65/kg,3.30,,
Waitrose Barnet,"Laundry, Cleaning, Household",Dishwashing,Crystale Dishwasher Salt 900g,900g,£2.44/kg,2.20,,
Waitrose Barnet,"Laundry, Cleaning, Household",Dishwashing,Ecover All in One Dishwasher Tablets 24s,1pk,£8.16 each,8.16,10.20,20% off
Waitrose Barnet,"Laundry, Cleaning, Household",Dishwashing,Ecover Washing-Up Liquid Camomile & Clementine 950ml,950ml,£5.68/L,5.40,,
Waitrose Barnet,"Laundry, Cleaning, Household",Dishwashing,Ecover Washing-Up Liquid Lemon & Aloe Vera 950ml,950ml,£5.68/L,5.40,,
Waitrose Barnet,"Laundry, Cleaning, Household",Dishwashing,Ecover Washing-Up Liquid Zero 450ml,450ml,£6.89/L,3.10,,
Waitrose Barnet,"Laundry, Cleaning, Household",Dishwashing,Essential Dishwasher Rinse Aid 500ml,500ml,£7.60/L,3.80,,
Waitrose Barnet,"Laundry, Cleaning, Household",Dishwashing,Essential Dishwasher Rinse Aid Lemon 500ml,500ml,£7.60/L,3.80,,
Waitrose Barnet,"Laundry, Cleaning, Household",Dishwashing,Essential Washing Up Liquid Anti-Bacterial 500ml,500ml,£2.30/L,1.15,,
Waitrose Barnet,"Laundry, Cleaning, Household",Dishwashing,Essential Washing Up Liquid Citrus 500ml,500ml,£1.90/L,0.95,,
Waitrose Barnet,"Laundry, Cleaning, Household",Dishwashing,Essential Washing Up Liquid Orginal 500ml,500ml,£1.90/L,0.95,,
Waitrose Barnet,"Laundry, Cleaning, Household",Dishwashing,Essential Washing Up Liquid Sensitive 500ml,500ml,£2.30/L,1.15,,
Waitrose Barnet,"Laundry, Cleaning, Household",Dishwashing,Fairy Max Power Anti-Bac Hand Dishwashing Liquid 730ml,730ml,£5.92/L,4.32,5.40,20% off
Waitrose Barnet,"Laundry, Cleaning, Household",Dishwashing,Fairy Original Lemon Washing Up Liquid 320ml,320ml,£4.69/L,1.50,,
Waitrose Barnet,"Laundry, Cleaning, Household",Dishwashing,Fairy Original Washing Up Liquid 320ml,320ml,£3.75/L,1.20,1.50,20% off
Waitrose Barnet,"Laundry, Cleaning, Household",Dishwashing,Fairy Original Washing Up Liquid 654ml,654ml,£4.59/L,3.00,,
Waitrose Barnet,"Laundry, Cleaning, Household",Dishwashing,Fairy Platinum Dishwasher Tablets Lemon 45W 45Each,1pk,£9.36 each,9.36,14.40,35% off
Waitrose Barnet,"Laundry, Cleaning, Household",Dishwashing,Fairy Platinum Quick Wash Original Liquid 520ml,520ml,£6.92/L,3.60,,
Waitrose Barnet,"Laundry, Cleaning, Household",Dishwashing,Fairy Platinum Quickwash Lemon Washing Up Liquid 520ml,520ml,£6.92/L,3.60,,
Waitrose Barnet,"Laundry, Cleaning, Household",Dishwashing,Finish Dishwasher Cleaner 250ml Lemon 250ml,250ml,£18.92/L,4.73,6.30,25% off
Waitrose Barnet,"Laundry, Cleaning, Household",Dishwashing,Finish Quantum Dishwasher Tablets 80Each,1pk,£15.21 each,15.21,23.40,35% off
Waitrose Barnet,"Laundry, Cleaning, Household",Dishwashing,Finish Ultimate Lemon Dishwasher Tablets 32Each,1pk,£11.70 each,11.70,,
Waitrose Barnet,"Laundry, Cleaning, Household",Dishwashing,Finish Ultimate Lemon Dishwasher Tablets 55Each,1pk,£11.88 each,11.88,19.80,40% off
Waitrose Barnet,"Laundry, Cleaning, Household",Dishwashing,Finish Ultimate Plus All in One Lemon Dishwasher Tablets Large Pack 48Each,1pk,£18.00 each,18.00,,
Waitrose Barnet,"Laundry, Cleaning, Household",Dishwashing,Finish Ultimate Plus Lemon Dishwasher Tablets 62Each,1pk,£15.21 each,15.21,23.40,35% off
Waitrose Barnet,"Laundry, Cleaning, Household",Dishwashing,Waitrose 45 All in One Dishwasher Tablets 45s,1pk,£5.10 each,5.10,,
Waitrose Barnet,"Laundry, Cleaning, Household",Dishwashing,Waitrose Optimum All in One Fresh Lemon Dishwashing Capsules 44s,1pk,£6.00 each,6.00,,
Waitrose Barnet,"Laundry, Cleaning, Household",Food Storage,ANYDAY Tritan Water 750ml Grey each,1pk,£7.20 each,7.20,,
Waitrose Barnet,"Laundry, Cleaning, Household",Food Storage,Bacofoil 2 Oventray each,1pk,£3.50 each,3.50,,
Waitrose Barnet,"Laundry, Cleaning, Household",Food Storage,Bacofoil All Purpose Zipper Bags Medium 12s,12pk,£0.32 each,3.80,,
Waitrose Barnet,"Laundry, Cleaning, Household",Food Storage,Essential Aluminium Foil 10m x 300mm 1Each,1pk,£2.05 each,2.05,,
Waitrose Barnet,"Laundry, Cleaning, Household",Food Storage,Essential Large Soft White Tissues 100 sheets,1pk,£2.60 each,2.60,,
Waitrose Barnet,"Laundry, Cleaning, Household",Food Storage,Waitrose 10M Kitchen Foil 1Each,1pk,£4.55 each,4.55,,
Waitrose Barnet,"Laundry, Cleaning, Household",Food Storage,Waitrose 20m Extra Strong Kitchen Foil 1Each,1pk,£4.85 each,4.85,,
Waitrose Barnet,"Laundry, Cleaning, Household",Food Storage,Waitrose 40m x 350mm NON PVC Cling Film 1 Each,1pk,£3.00 each,3.00,,
Waitrose Barnet,"Laundry, Cleaning, Household",Food Storage,Waitrose 75m x 350mm Non-PVC Cling Film 1 Each,1pk,£5.10 each,5.10,,
Waitrose Barnet,"Laundry, Cleaning, Household",Food Storage,Waitrose Essential 15m Baking & Greaseproof Paper each,1pk,£3.05 each,3.05,,
Waitrose Barnet,"Laundry, Cleaning, Household",Food Storage,Waitrose Extra Strong Kitchen Foil 10m x 300mm 1Each,1pk,£2.90 each,2.90,,
Waitrose Barnet,"Laundry, Cleaning, Household",Food Storage,Waitrose Medium Resealable Food Bags 20s,1pk,£2.75 each,2.75,,
Waitrose Barnet,"Laundry, Cleaning, Household",Food Storage,Waitrose Medium Zip Lock Food Bags 20s,1pk,£2.90 each,2.90,,
Waitrose Barnet,"Laundry, Cleaning, Household",Food Storage,Waitrose Small Click Seal Food Bags 25s,1pk,£2.70 each,2.70,,
Waitrose Barnet,"Laundry, Cleaning, Household",Homeware & Kitchenware,ANYDAY Drink Tumbler Medium each,1pk,£2.10 each,2.10,,
Waitrose Barnet,"Laundry, Cleaning, Household",Homeware & Kitchenware,ANYDAY White Napkins 33cm 50 pack 50s,1pk,£2.40 each,2.40,,
Waitrose Barnet,"Laundry, Cleaning, Household",Homeware & Kitchenware,ANYDAY Winged Corkscrew each,1pk,£6.00 each,6.00,,
Waitrose Barnet,"Laundry, Cleaning, Household",Homeware & Kitchenware,Compostable Wooden Cutlery Set 24s,1pk,£3.60 each,3.60,,
Waitrose Barnet,"Laundry, Cleaning, Household",Homeware & Kitchenware,"Curate Ruffle Frame, Sage Green, 4x6 1Each",1pk,£8.10 each,8.10,,
Waitrose Barnet,"Laundry, Cleaning, Household",Homeware & Kitchenware,"Curate Ruffle Frame, White, 4x6 1Each",1pk,£8.10 each,8.10,,
Waitrose Barnet,"Laundry, Cleaning, Household",Homeware & Kitchenware,JL Christmas Theme Napkins 33cm 20 pack 3ply 20s,1pk,£2.40 each,2.40,,
Waitrose Barnet,"Laundry, Cleaning, Household",Homeware & Kitchenware,JL Linen Feel White Napkins 40cm 12 pack 12s,1pk,£3.60 each,3.60,,
Waitrose Barnet,"Laundry, Cleaning, Household",Homeware & Kitchenware,JL Red/White Paper Straws 50 pack 50s,1pk,£3.60 each,3.60,,
Waitrose Barnet,"Laundry, Cleaning, Household",Homeware & Kitchenware,JL Robin Napkins 33cm 20 pack 3ply 20s,1pk,£2.40 each,2.40,,
Waitrose Barnet,"Laundry, Cleaning, Household",Homeware & Kitchenware,JL Stainless Steel Y-Shaped Peeler each,1pk,£7.20 each,7.20,,
Waitrose Barnet,"Laundry, Cleaning, Household",Homeware & Kitchenware,John Lewis ANYDAY Can Opener each,1pk,£3.00 each,3.00,,
Waitrose Barnet,"Laundry, Cleaning, Household",Homeware & Kitchenware,John Lewis ANYDAY Nylon Slotted Turner each,1pk,£1.80 each,1.80,,
Waitrose Barnet,"Laundry, Cleaning, Household",Homeware & Kitchenware,"John Lewis Classic Non-Stick Oven Tray, L34cm each",1pk,£9.60 each,9.60,,
Waitrose Barnet,"Laundry, Cleaning, Household",Homeware & Kitchenware,"Joseph Joseph Duo 6pc Food Preparation Bowl Set, Opal each",1pk,£24.00 each,24.00,,
Waitrose Barnet,"Laundry, Cleaning, Household",Homeware & Kitchenware,Melitta Original Coffee Filter Papers 80Each,80pk,£0.06 each,4.55,,
Waitrose Barnet,"Laundry, Cleaning, Household",Homeware & Kitchenware,"Mikasa Glazed Stoneware Bowl, Leafy Green, 15.5x7.5cm each",1pk,£7.50 each,7.50,,
Waitrose Barnet,"Laundry, Cleaning, Household",Homeware & Kitchenware,"Mikasa Glazed Stoneware Coupe Bowl, Geometric Leaf, 21x5cm each",1pk,£8.10 each,8.10,,
Waitrose Barnet,"Laundry, Cleaning, Household",Homeware & Kitchenware,"Mikasa Glazed Stoneware Coupe Bowl, Green Leaf, 21x5cm each",1pk,£8.10 each,8.10,,
Waitrose Barnet,"Laundry, Cleaning, Household",Homeware & Kitchenware,"Mikasa Stoneware Mug, Green Glaze, 390ml each",1pk,£5.40 each,5.40,,
Waitrose Barnet,"Laundry, Cleaning, Household",Homeware & Kitchenware,"Mikasa Stoneware Mug, Orange Glaze, 390ml each",1pk,£5.40 each,5.40,,
Waitrose Barnet,"Laundry, Cleaning, Household",Homeware & Kitchenware,"Mikasa Stoneware Mug, Pink and Red Stripe, 380ml each",1pk,£4.20 each,4.20,,
Waitrose Barnet,"Laundry, Cleaning, Household",Homeware & Kitchenware,Talking Tables Celebration Stars Cups 455ml 8 pack 8s,8pk,£0.53 each,4.20,,
Waitrose Barnet,"Laundry, Cleaning, Household",Homeware & Kitchenware,Talking Tables Celebration Stars Plates 8 pack 8s,8pk,£0.38 each,3.00,,
Waitrose Barnet,"Laundry, Cleaning, Household",Homeware & Kitchenware,Talking Tables Eco White Paper Cups 455ml 12 Pack 12s,12pk,£0.30 each,3.60,,
Waitrose Barnet,"Laundry, Cleaning, Household",Homeware & Kitchenware,Ultra Soft Bath Sheet Avocado 90x160cm each,1pk,£18.60 each,18.60,,
Waitrose Barnet,"Laundry, Cleaning, Household",Homeware & Kitchenware,Waitrose Anyday Coupe Cereal Bowl each,1pk,£3.60 each,3.60,,
Waitrose Barnet,"Laundry, Cleaning, Household",Kitchen Roll,Plenty Flexisheets Kitchen Roll 2x160 sheets,2pk,£3.45 each,6.90,,
Waitrose Barnet,"Laundry, Cleaning, Household",Kitchen Roll,Plenty Max Performance Kitchen Roll 2x70Sheet,2pk,£2.02 each,4.03,6.20,35% off
Waitrose Barnet,"Laundry, Cleaning, Household",Kitchen Roll,Plenty Ultrasorb Kitchen 2 Roll 160Sheet,2pk,£3.60 each,7.20,,
Waitrose Barnet,"Laundry, Cleaning, Household",Kitchen Roll,Plenty Ultrasorb Kitchen 4 Roll 320Sheet,4pk,£2.76 each,11.05,,
Waitrose Barnet,"Laundry, Cleaning, Household",Kitchen Roll,Plenty Ultrasorb Kitchen Roll 80Sheet,1pk,£3.70 each,3.70,,
Waitrose Barnet,"Laundry, Cleaning, Household",Kitchen Roll,Regina Blitz 1 Roll 100 sheets,1pk,£3.64 each,3.64,4.55,20% off
Waitrose Barnet,"Laundry, Cleaning, Household",Kitchen Roll,Regina XXL Absorb 2R 2x 75 sheets,1pk,£3.99 each,3.99,5.70,30% off
Waitrose Barnet,"Laundry, Cleaning, Household",Kitchen Roll,WR Recycled White Kitchen Roll 2x100 sheets 2x100 sheets,1pk,£3.30 each,3.30,,
Waitrose Barnet,"Laundry, Cleaning, Household",Kitchen Roll,Waitrose Essential Kitchen Rolls 2x100 sheets,1pk,£3.25 each,3.25,,
Waitrose Barnet,"Laundry, Cleaning, Household",Kitchen Roll,Waitrose Ultra Strong Kitchen Towel 2x100sheets,1pk,£3.85 each,3.85,,
Waitrose Barnet,"Laundry, Cleaning, Household",Kitchen Roll,Waitrose Ultra Strong Kitchen Towel 4x100sheets,1pk,£7.20 each,7.20,,
Waitrose Barnet,"Laundry, Cleaning, Household",Laundry,Ariel All-In-One Original Laundry Pods 50W 50s,50pk,£0.27 each,13.44,16.80,20% off
Waitrose Barnet,"Laundry, Cleaning, Household",Laundry,Ariel Laundry Pods 22W 22Each,22pk,£0.25 each,5.46,8.40,35% off
Waitrose Barnet,"Laundry, Cleaning, Household",Laundry,Bold All-in-1 Lavender Washing Capsules 50Each,50pk,£0.25 each,12.60,16.80,25% off
Waitrose Barnet,"Laundry, Cleaning, Household",Laundry,Calgon Machine Cleaner Tablets Limescale Protection 30s,1pk,£14.40 each,14.40,,
Waitrose Barnet,"Laundry, Cleaning, Household",Laundry,Calgon Washing Machine Cleaner Gel Anti-Limescale 750ml,750ml,£7.80/L,5.85,9.00,35% off
Waitrose Barnet,"Laundry, Cleaning, Household",Laundry,Comfort Creations Honeysuckle & Sandalwood Fabric Conditioner 48 Washes 1.44litre,1.44L,£4.10/L,5.90,,
Waitrose Barnet,"Laundry, Cleaning, Household",Laundry,Comfort Pure Gently Fresh Sensitive Fabric Conditioner 31 Washes 930ml,930ml,£3.87/L,3.60,,
Waitrose Barnet,"Laundry, Cleaning, Household",Laundry,Dettol Antibacterial Laundry Sanitiser Cotton 1.5litre,1.5L,£4.53/L,6.80,,
Waitrose Barnet,"Laundry, Cleaning, Household",Laundry,Dr Beckmann Multi-Textile Stain & Odour Spray 500ml 500ml,500ml,£8.40/L,4.20,,
Waitrose Barnet,"Laundry, Cleaning, Household",Laundry,Ecover Non Bio Washing Liquid 40w 1.43litre,1.43L,£8.81/L,12.60,,
Waitrose Barnet,"Laundry, Cleaning, Household",Laundry,Ecover Zero% Non Bio Washing Liquid 40w 1.43litre,1.43L,£6.17/L,8.82,12.60,30% off
Waitrose Barnet,"Laundry, Cleaning, Household",Laundry,Fairy Fabric Conditioner 48W 1.488litre,1.49L,£2.33/L,3.47,6.30,45% off
Waitrose Barnet,"Laundry, Cleaning, Household",Laundry,Fairy Fabric Conditioner for Sensitive Skin 85W 2.635litre,2.64L,£2.85/L,7.50,,
Waitrose Barnet,"Laundry, Cleaning, Household",Laundry,Fairy Fabric Conditioner for Sensitive Skin 899ml,899ml,£4.00/L,3.60,,
Waitrose Barnet,"Laundry, Cleaning, Household",Laundry,Fairy Non Bio Washing Liquid Large Pack 1.55L,1.55L,£5.81/L,9.00,12.00,25% off
Waitrose Barnet,"Laundry, Cleaning, Household",Laundry,Fairy Non Biological Gel 38W 1254ml,1.25L,£9.33/L,11.70,,
Waitrose Barnet,"Laundry, Cleaning, Household",Laundry,Fairy Non-Bio Laundry Liquid Pods 50W 50Each,50pk,£0.27 each,13.44,16.80,20% off
Waitrose Barnet,"Laundry, Cleaning, Household",Laundry,Fairy Non-Bio Laundry Pods 22W 22Each,22pk,£0.25 each,5.46,8.40,35% off
Waitrose Barnet,"Laundry, Cleaning, Household",Laundry,Fairy Outdoorables Original 60W 839ml,839ml,£7.15/L,6.00,,
Waitrose Barnet,"Laundry, Cleaning, Household",Laundry,Febreze Fabric Freshener Cotton Fresh 385ml,385ml,£10.91/L,4.20,,2 for £6
Waitrose Barnet,"Laundry, Cleaning, Household",Laundry,Lenor Outdoorable Spring Awakening Fabric Conditioner 840ml,840ml,£4.29/L,3.60,7.20,50% off
Waitrose Barnet,"Laundry, Cleaning, Household",Laundry,Lenor Spring Awakening Fabric Conditioner 29W 899ml,899ml,£4.00/L,3.60,,
Waitrose Barnet,"Laundry, Cleaning, Household",Laundry,Persil Bio Laundry Washing Liquid Detergent 35 Washes 945ml,945ml,£9.52/L,9.00,,
Waitrose Barnet,"Laundry, Cleaning, Household",Laundry,Persil Bio Laundry Washing Liquid Detergent 53 Washes 1.431litre,1.43L,£8.39/L,12.00,,
Waitrose Barnet,"Laundry, Cleaning, Household",Laundry,Persil Colour 4 in 1 Laundry Washing Detergent Capsules 48 Washes 48Each,1pk,£15.10 each,15.10,,
Waitrose Barnet,"Laundry, Cleaning, Household",Laundry,Persil Colour Protect Laundry Washing Liquid Detergent 53 Washes 1.431litre,1.43L,£8.39/L,12.00,,
Waitrose Barnet,"Laundry, Cleaning, Household",Laundry,Persil Non Bio Laundry Washing Detergent Powder 42 Washes 2.1Kg,2.1kg,£6.00/kg,12.60,,
Waitrose Barnet,"Laundry, Cleaning, Household",Laundry,Persil Non Bio Laundry Washing Liquid Detergent 53 Washes 1.431litre,1.43L,£8.39/L,12.00,,
Waitrose Barnet,"Laundry, Cleaning, Household",Laundry,Persil Silk & Wool Delicate Washing Liquid 14 Washes 700ml,700ml,£6.86/L,4.80,,
Waitrose Barnet,"Laundry, Cleaning, Household",Laundry,Quickshine Descaler Bag 75g,75g,£28.00/kg,2.10,,
Waitrose Barnet,"Laundry, Cleaning, Household",Laundry,Vanish Gold Oxi Action Laundry Stain Remover Powder White Small Pack 450g,450g,£12.00/kg,5.40,,
Waitrose Barnet,"Laundry, Cleaning, Household",Laundry,Vanish Gold Oxi Action Laundry Stain Remover Powder White Small Pack 850g,850g,£12.00/kg,10.20,,
Waitrose Barnet,"Laundry, Cleaning, Household",Laundry,Vanish Pre Treat Laundry Stain Remover Spray 450ml,450ml,£21.33/L,9.60,,
Waitrose Barnet,"Laundry, Cleaning, Household",Laundry,Waitrose Non-Bio Laundry Liquid 36W 900ml,900ml,£4.44/L,4.00,,
Waitrose Barnet,"Laundry, Cleaning, Household",Toilet Roll,Andrex Complete Clean Toilet Tissue MEGA 6 Rolls 6x290 Sheet,6pk,£1.26 each,7.55,,2 for £12
Waitrose Barnet,"Laundry, Cleaning, Household",Toilet Roll,Andrex Complete Clean Toilet Tissue MEGA Roll 12 Rolls 12x290 Sheets,12pk,£1.25 each,15.00,,
Waitrose Barnet,"Laundry, Cleaning, Household",Toilet Roll,Andrex Fresh & Sensitive Moist Toilet Tissue Hygiene Wipes 30Sheet,1pk,£1.30 each,1.30,,
Waitrose Barnet,"Laundry, Cleaning, Household",Toilet Roll,Andrex Ultimate Fresh Moist Toilet Tissue Flushable Hygiene Toilet Wipes 4x36 sheets,4pk,£1.24 each,4.95,6.60,25% off
Waitrose Barnet,"Laundry, Cleaning, Household",Toilet Roll,Andrex Ultimate Quilts Toilet Tissue Standard Roll 16x155 sheets,16pk,£0.93 each,14.80,,
Waitrose Barnet,"Laundry, Cleaning, Household",Toilet Roll,Andrex Ultimate Quilts Toilet Tissue Standard Roll 4x155 sheets,4pk,£1.05 each,4.20,,
Waitrose Barnet,"Laundry, Cleaning, Household",Toilet Roll,Andrex Ultimate Quilts Toilet Tissue Standard Roll 9x155 sheets,9pk,£0.71 each,6.38,8.50,25% off
Waitrose Barnet,"Laundry, Cleaning, Household",Toilet Roll,Essential White Ultra Soft Bathroom Tissue 4x190Sheet,1pk,£2.50 each,2.50,,
Waitrose Barnet,"Laundry, Cleaning, Household",Toilet Roll,Essential White Ultra Soft Bathroom Tissue 9x190 sheets,1pk,£4.25 each,4.25,,
Waitrose Barnet,"Laundry, Cleaning, Household",Toilet Roll,Natracare Moist Tissues 30 sheets,30pk,£0.09 each,2.70,,
Waitrose Barnet,"Laundry, Cleaning, Household",Toilet Roll,The Cheeky Panda Toilet Tissues 9x190Sheet,9pk,£0.65 each,5.88,8.40,30% off
Waitrose Barnet,"Laundry, Cleaning, Household",Toilet Roll,WR Recycled White Toilet Tissue 9x240 sheets 9x240 sheets,1pk,£6.90 each,6.90,,
Waitrose Barnet,"Laundry, Cleaning, Household",Toilet Roll,Waitrose Bathroom Tissue with Aloe Vera 4x170 sheets,1pk,£3.50 each,3.50,,
Waitrose Barnet,"Laundry, Cleaning, Household",Toilet Roll,"Waitrose Cashmere Bathroom Tissue, Chamomile 9x170 sheets",1pk,£6.60 each,6.60,,
Waitrose Barnet,"Laundry, Cleaning, Household",Toilet Roll,Waitrose Moist Toilet Tissue Wipes Aloe Vera Lightly Fragranced 42 sheets,1pk,£1.55 each,1.55,,
Waitrose Barnet,"Laundry, Cleaning, Household",Toilet Roll,Waitrose Quilted Toilet Tissue Coconut 9s 9x170 sheets,1pk,£6.60 each,6.60,,
Waitrose Barnet,"Laundry, Cleaning, Household",Toilet Roll,Waitrose Ultra Soft & Smooth Classic Bathroom Tissue 9 x 240 sheets,1pk,£6.60 each,6.60,,
Waitrose Barnet,Meat Alternatives,Chilled Meat Alternatives,Beyond Meat Beyond Burger 226g,226g,£25.22/kg,5.70,,
Waitrose Barnet,Meat Alternatives,Chilled Meat Alternatives,Cauldron 6 Lincolnshire Vegetarian Sausages 276g,276g,£14.13/kg,3.90,,
Waitrose Barnet,Meat Alternatives,Chilled Meat Alternatives,PlantLiving: Mushroom & Leek Sausages 300g,300g,£12.00/kg,3.60,,
Waitrose Barnet,Meat Alternatives,Chilled Meat Alternatives,Quorn 2 Mozzarella & Pesto Escalopes 240g,240g,£17.92/kg,4.30,,
Waitrose Barnet,Meat Alternatives,Chilled Meat Alternatives,Quorn Picnic Eggs 140g,140g,£19.29/kg,2.70,,
Waitrose Barnet,Meat Alternatives,Chilled Meat Alternatives,Quorn Vegan Chicken Slices 100g,100g,£28.50/kg,2.85,3.80,25% off
Waitrose Barnet,Meat Alternatives,Chilled Meat Alternatives,Quorn Vegan Smoky Ham Free Slices 100g,100g,£28.50/kg,2.85,3.80,25% off
Waitrose Barnet,Meat Alternatives,Chilled Meat Alternatives,Quorn Vegetarian 8 Sausages 336g 336g,336g,£10.57/kg,3.55,,
Waitrose Barnet,Meat Alternatives,Chilled Meat Alternatives,Richmond 8 Vegan Meat Free Sausages 304g,304g,£9.87/kg,3.00,,
Waitrose Barnet,Meat Alternatives,Chilled Meat Alternatives,Richmond Vegan Meat Free No Chicken Pieces 165g,165g,£20.61/kg,3.40,,
Waitrose Barnet,Meat Alternatives,Chilled Meat Alternatives,Squeaky Bean Vegan Chargrilled Cajun Mini Fillets 120g,120g,£35.83/kg,4.30,,
Waitrose Barnet,Meat Alternatives,Chilled Meat Alternatives,THIS Isn't Pork Plant-Based Sausages 270g,270g,£17.59/kg,4.75,,
Waitrose Barnet,Meat Alternatives,Chilled Meat Alternatives,This Isn't Bacon Plant-Based Rashers 120g,120g,£37.08/kg,4.45,,
Waitrose Barnet,Meat Alternatives,Chilled Meat Alternatives,This Isn't Lamb Kebabs 200g,200g,£23.75/kg,4.75,,
Waitrose Barnet,Meat Alternatives,Chilled Meat Alternatives,Waitrose Sweet Potato Falafels 192g,192g,£25.00/kg,4.80,,3 for £8
Waitrose Barnet,Meat Alternatives,Chilled Meat Alternatives,Waitrose Vegetarian Aubergine & Feta Burgers 210g,210g,£16.90/kg,3.55,,
Waitrose Barnet,Meat Alternatives,Tofu,Cauldron Marinated Tofu Pieces 160g,160g,£25.00/kg,4.00,,
Waitrose Barnet,Meat Alternatives,Tofu,The Tofoo Co. Naked Tofu 280g,280g,£10.36/kg,2.90,,
Waitrose Barnet,Meat Alternatives,Tofu,Waitrose PlantLiving Organic Firm Tofu 300g,300g,£7.83/kg,2.35,,
Waitrose Barnet,"Meat, Poultry, Fish",Bacon,Denhay Dry Cured Back Smoked Bacon 200g,200g,£24.00/kg,4.80,,2 for £7.80
Waitrose Barnet,"Meat, Poultry, Fish",Bacon,Essential 10 Smoked Bacon Rashers 300g,300g,£11.17/kg,3.35,,
Waitrose Barnet,"Meat, Poultry, Fish",Bacon,Essential 12 Unsmoked Streaky Bacon Rashers 250g,250g,£13.40/kg,3.35,,
Waitrose Barnet,"Meat, Poultry, Fish",Bacon,Finnebrogue Naked 6 Smoked Back Bacon 200g,200g,£23.75/kg,4.75,,
Waitrose Barnet,"Meat, Poultry, Fish",Bacon,Finnebrogue Naked 6 Unsmoked Back Bacon 200g,200g,£23.75/kg,4.75,,
Waitrose Barnet,"Meat, Poultry, Fish",Bacon,No.1 6 Free Range Unsmoked Dry Cured Back Bacon Rashers 200g,200g,£23.65/kg,4.73,6.30,25% off
Waitrose Barnet,"Meat, Poultry, Fish",Bacon,No.1 Free Range Dry Cured Beech Smoked Bacon Lardons 200g,200g,£24.50/kg,4.90,,2 for £7.80
Waitrose Barnet,"Meat, Poultry, Fish",Bacon,The Jolly Hog Black Treacle Streaky Bacon 180g,180g,£30.00/kg,5.40,,
Waitrose Barnet,"Meat, Poultry, Fish",Bacon,Waitrose 12 Smoked Dry Cured Streaky Bacon Rashers 250g,250g,£20.40/kg,5.10,,2 for £7.80
Waitrose Barnet,"Meat, Poultry, Fish",Bacon,Waitrose 12 Unsmoked Dry Cured Streaky Bacon Rashers 250g,250g,£20.40/kg,5.10,,2 for £7.80
Waitrose Barnet,"Meat, Poultry, Fish",Bacon,Waitrose 6 Extra Thick Cut Unsmoked Dry Cured Back Bacon Rashers 300g,300g,£17.00/kg,5.10,,2 for £7.80
Waitrose Barnet,"Meat, Poultry, Fish",Bacon,Waitrose 8 Beech Smoked Dry Cured Back Bacon Rashers 250g,250g,£20.40/kg,5.10,,2 for £7.80
Waitrose Barnet,"Meat, Poultry, Fish",Bacon,Waitrose 8 Dry Cured Unsmoked Back Bacon Rashers 250g,250g,£20.40/kg,5.10,,2 for £7.80
Waitrose Barnet,"Meat, Poultry, Fish",Bacon,Waitrose Sweet Cured Smoked Back Bacon with Maple Syrup 250g,250g,£20.40/kg,5.10,,2 for £7.80
Waitrose Barnet,"Meat, Poultry, Fish","Beef, Lamb & Veal",Duchy Organic 12 British Beef Meatballs 300g,300g,£20.00/kg,6.00,,
Waitrose Barnet,"Meat, Poultry, Fish","Beef, Lamb & Veal",Duchy Organic British Beef Diced Casserole Steak 400g,400g,£19.50/kg,7.80,,
Waitrose Barnet,"Meat, Poultry, Fish","Beef, Lamb & Veal",Duchy Organic British Beef Mince 12% Fat 500g,500g,£19.20/kg,9.60,,
Waitrose Barnet,"Meat, Poultry, Fish","Beef, Lamb & Veal",Easy to Cook Beef Grills 390g,390g,£16.92/kg,6.60,,3 for £15
Waitrose Barnet,"Meat, Poultry, Fish","Beef, Lamb & Veal",Easy to Cook Lamb Rump 332g,332g,£32.83/kg,10.90,,
Waitrose Barnet,"Meat, Poultry, Fish","Beef, Lamb & Veal",Essential 20% Fat British Beef Mince 500g,500g,£9.00/kg,4.50,,
Waitrose Barnet,"Meat, Poultry, Fish","Beef, Lamb & Veal",Essential 4 British Beef Quarterpounder Burgers 454g,454g,£11.89/kg,5.40,,
Waitrose Barnet,"Meat, Poultry, Fish","Beef, Lamb & Veal",Essential British Beef Frying Steak 340g,340g,£22.06/kg,7.50,,
Waitrose Barnet,"Meat, Poultry, Fish","Beef, Lamb & Veal",Essential British Beef Mince 12% Fat 500g,500g,£10.80/kg,5.40,,
Waitrose Barnet,"Meat, Poultry, Fish","Beef, Lamb & Veal",Essential British Beef Rump Steak 230g,230g,£30.00/kg,6.90,,
Waitrose Barnet,"Meat, Poultry, Fish","Beef, Lamb & Veal",No.1 Aberdeen Angus Beef Topside 80g,80g,£68.75/kg,5.50,,
Waitrose Barnet,"Meat, Poultry, Fish","Beef, Lamb & Veal",No.1 British Centre Cut Fillet Steak 200g,200g,£99.00/kg,19.80,,
Waitrose Barnet,"Meat, Poultry, Fish","Beef, Lamb & Veal",No.1 Slow Cooked Hot Smoked Beef Brisket 745g,745g,£29.40/kg,21.90,,
Waitrose Barnet,"Meat, Poultry, Fish","Beef, Lamb & Veal",Waitrose 12 British Beef Meatballs 300g,300g,£18.00/kg,5.40,,
Waitrose Barnet,"Meat, Poultry, Fish","Beef, Lamb & Veal",Waitrose 12 British Lamb Meatballs 300g,300g,£19.00/kg,5.70,,3 for £15
Waitrose Barnet,"Meat, Poultry, Fish","Beef, Lamb & Veal",Waitrose 20 Native Breed Reduced Fat Beef Meatballs 300g,300g,£21.17/kg,6.35,,
Waitrose Barnet,"Meat, Poultry, Fish","Beef, Lamb & Veal",Waitrose 24 British Native Breed Beef Meatballs 400g,400g,£19.50/kg,7.80,,
Waitrose Barnet,"Meat, Poultry, Fish","Beef, Lamb & Veal",Waitrose BBQ 4 Lamb & Mint Kebabs 260g,260g,£25.38/kg,6.60,,3 for £15
Waitrose Barnet,"Meat, Poultry, Fish","Beef, Lamb & Veal",Waitrose BBQ 4 Middle Eastern Style Beef Kebabs 320g,320g,£20.63/kg,6.60,,3 for £15
Waitrose Barnet,"Meat, Poultry, Fish","Beef, Lamb & Veal",Waitrose British Beef Sirloin Steak 200g,200g,£48.00/kg,9.60,,
Waitrose Barnet,"Meat, Poultry, Fish","Beef, Lamb & Veal",Waitrose British Lamb Mince 20% Fat 500g,500g,£19.20/kg,9.60,,
Waitrose Barnet,"Meat, Poultry, Fish","Beef, Lamb & Veal",Waitrose British Native Breed Beef Mince 12% Fat 500g,500g,£14.40/kg,7.20,,£5.40 loyalty card (£10.80/kg)
Waitrose Barnet,"Meat, Poultry, Fish","Beef, Lamb & Veal",Waitrose British Native Breed Beef Mince 5% Fat 500g,500g,£18.00/kg,9.00,,
Waitrose Barnet,"Meat, Poultry, Fish","Beef, Lamb & Veal",Waitrose British Native Breed Beef Rump Steak Stir Fry Strips 250g,250g,£28.80/kg,7.20,,
Waitrose Barnet,"Meat, Poultry, Fish","Beef, Lamb & Veal",Waitrose British Native Breed Thick Cut Sirloin Steak 300g,300g,£36.00/kg,10.80,14.40,25% off
Waitrose Barnet,"Meat, Poultry, Fish","Beef, Lamb & Veal",Waitrose British Native Breed Thin Cut Rump Steak 200g,200g,£36.50/kg,7.30,,
Waitrose Barnet,"Meat, Poultry, Fish","Beef, Lamb & Veal",Waitrose British Venison Haunch Steak 135g,135g,£47.04/kg,6.35,,
Waitrose Barnet,"Meat, Poultry, Fish","Beef, Lamb & Veal",Waitrose British Venison Mince 300g,300g,£22.00/kg,6.60,,
Waitrose Barnet,"Meat, Poultry, Fish","Beef, Lamb & Veal",Waitrose Higher Welfare British Beef Stir Fry Strips 250g,250g,£25.00/kg,6.25,,
Waitrose Barnet,"Meat, Poultry, Fish","Beef, Lamb & Veal",Waitrose Indian Lamb Rogan Josh Curry for 2 350g,350g,£22.29/kg,7.80,,
Waitrose Barnet,"Meat, Poultry, Fish","Beef, Lamb & Veal",Waitrose Slow Cooked Lamb Shoulder with Garlic & Herbs 770g,770g,£31.95/kg,24.60,,
Waitrose Barnet,"Meat, Poultry, Fish","Beef, Lamb & Veal",Waitrose Slow Cooked Middle Eastern Style Beef 385g,385g,£25.45/kg,9.80,,
Waitrose Barnet,"Meat, Poultry, Fish","Beef, Lamb & Veal",Waitrose Slow Cooked Smoky Chipotle Beef 385g,385g,£25.19/kg,9.70,,
Waitrose Barnet,"Meat, Poultry, Fish","Beef, Lamb & Veal",Waitrose Summer 4 Chimichurri Beef Bavette Steaks 280g,280g,£23.57/kg,6.60,,3 for £15
Waitrose Barnet,"Meat, Poultry, Fish",Breaded Chicken,Essential 2 British Garlic And Herb Chicken Kyivs 250g,250g,£16.80/kg,4.20,,
Waitrose Barnet,"Meat, Poultry, Fish",Breaded Chicken,Essential Breaded Chicken Steaks 4 505g,505g,£11.29/kg,5.70,,
Waitrose Barnet,"Meat, Poultry, Fish",Breaded Chicken,Essential British Breaded Chicken Goujons 270g,270g,£15.56/kg,4.20,,
Waitrose Barnet,"Meat, Poultry, Fish",Breaded Chicken,No.1 Parmigiano Reggiano & Truffle Chicken Kyiv 530g,530g,£22.64/kg,12.00,,
Waitrose Barnet,"Meat, Poultry, Fish",Breaded Chicken,Waitrose Buttermilk Chicken Mini Fillets 305g,305g,£21.64/kg,6.60,,3 for £15
Waitrose Barnet,"Meat, Poultry, Fish",Breaded Chicken,Waitrose Cajun Chicken Mini Fillets 305g,305g,£21.64/kg,6.60,,3 for £15
Waitrose Barnet,"Meat, Poultry, Fish",Breaded Chicken,Waitrose Classic Chicken Mini Fillets 305g,305g,£21.64/kg,6.60,,3 for £15
Waitrose Barnet,"Meat, Poultry, Fish",Breaded Chicken,Waitrose Classic Chicken Steaks 350g,350g,£18.86/kg,6.60,,3 for £15
Waitrose Barnet,"Meat, Poultry, Fish",Breaded Chicken,Waitrose Hot & Spicy Breaded Chicken Mini Fillets 305g,305g,£21.64/kg,6.60,,3 for £15
Waitrose Barnet,"Meat, Poultry, Fish",Breaded Chicken,Waitrose Southern Fried Breaded Chicken Mini Fillets 305g,305g,£21.64/kg,6.60,,3 for £15
Waitrose Barnet,"Meat, Poultry, Fish",Breaded Fish & Seafood,No.1 Bubbly Battered Cod Fillets 380g,380g,£24.47/kg,9.30,,
Waitrose Barnet,"Meat, Poultry, Fish",Breaded Fish & Seafood,Waitrose 2 Cod & Chorizo Fishcakes 290g,290g,£21.72/kg,6.30,,
Waitrose Barnet,"Meat, Poultry, Fish",Breaded Fish & Seafood,Waitrose 6 Chunky Cod Fish Fingers 330g,330g,£23.94/kg,7.90,,3 for £15
Waitrose Barnet,"Meat, Poultry, Fish",Breaded Fish & Seafood,Waitrose Battered Haddock Goujons 200g,200g,£39.00/kg,7.80,,
Waitrose Barnet,"Meat, Poultry, Fish",Breaded Fish & Seafood,Waitrose Breaded Chunky Cod 350g,350g,£23.14/kg,8.10,,
Waitrose Barnet,"Meat, Poultry, Fish",Breaded Fish & Seafood,Waitrose Cod & Parsley Sauce Fishcakes 290g,290g,£21.72/kg,6.30,,
Waitrose Barnet,"Meat, Poultry, Fish",Breaded Fish & Seafood,Waitrose Crispy Prawns with a Sweet Chilli Dip 210g,210g,£30.48/kg,6.40,,
Waitrose Barnet,"Meat, Poultry, Fish",Breaded Fish & Seafood,Waitrose Free From Gluten Free Breaded Hake 355g,355g,£19.44/kg,6.90,,
Waitrose Barnet,"Meat, Poultry, Fish",Breaded Fish & Seafood,Waitrose Lightly Dusted Cod 270g,270g,£28.89/kg,7.80,,
Waitrose Barnet,"Meat, Poultry, Fish",Breaded Fish & Seafood,Waitrose Lightly Dusted Plaice 270g,270g,£29.26/kg,7.90,,3 for £15
Waitrose Barnet,"Meat, Poultry, Fish",Breaded Fish & Seafood,Waitrose Wholetail Breaded Scampi 180g,180g,£40.00/kg,7.20,,
Waitrose Barnet,"Meat, Poultry, Fish",Burgers,Gourmet Burger Kitchen 2 Gourmet Beef Burgers 342g,342g,£16.46/kg,5.63,7.50,25% off
Waitrose Barnet,"Meat, Poultry, Fish",Burgers,No.1 Wagyu 2 Beef Burgers 340g,340g,£21.18/kg,7.20,,
Waitrose Barnet,"Meat, Poultry, Fish",Burgers,Waitrose 2 British Native Breed Rump Steak Beef Burgers 300g,300g,£21.00/kg,6.30,,
Waitrose Barnet,"Meat, Poultry, Fish",Burgers,Waitrose 2 British Venison Burgers 227g,227g,£30.40/kg,6.90,,
Waitrose Barnet,"Meat, Poultry, Fish",Burgers,Waitrose 4 British Native Breed Beef Quarterpounders 454g,454g,£15.86/kg,7.20,,
Waitrose Barnet,"Meat, Poultry, Fish",Burgers,Waitrose BBQ 4 New York Style Beef Burgers 454g,454g,£14.54/kg,6.60,,3 for £15
Waitrose Barnet,"Meat, Poultry, Fish",Burgers,Waitrose Simply Seasoned 4 British Beef Quarter Pounders 454g,454g,£10.57/kg,4.80,,
Waitrose Barnet,"Meat, Poultry, Fish",Chicken & Poultry,Duchy Organic Chicken Wings 400g,400g,£7.88/kg,3.15,4.20,25% off
Waitrose Barnet,"Meat, Poultry, Fish",Chicken & Poultry,Easy To Cook Lemon & Pepper Chicken Breasts 267g,267g,£25.66/kg,6.85,,3 for £15
Waitrose Barnet,"Meat, Poultry, Fish",Chicken & Poultry,Easy to Cook Asparagus & Prosciutto Chicken Breasts 346g,346g,£25.00/kg,8.65,,
Waitrose Barnet,"Meat, Poultry, Fish",Chicken & Poultry,Easy to Cook Cajun Chicken Breasts 270g,270g,£25.37/kg,6.85,,
Waitrose Barnet,"Meat, Poultry, Fish",Chicken & Poultry,Easy to Cook Cheese & Bacon Chicken Breasts 305g,305g,£22.46/kg,6.85,,3 for £15
Waitrose Barnet,"Meat, Poultry, Fish",Chicken & Poultry,Easy to Cook Garlic & Herb Chicken Breasts 270g,270g,£25.37/kg,6.85,,3 for £15
Waitrose Barnet,"Meat, Poultry, Fish",Chicken & Poultry,"Easy to Cook Ginger, Coriander & Lime Chicken Breasts 285g",285g,£24.04/kg,6.85,,3 for £15
Waitrose Barnet,"Meat, Poultry, Fish",Chicken & Poultry,"Easy to Cook Honey, Soy & Ginger Chicken Breasts 302g",302g,£22.68/kg,6.85,,
Waitrose Barnet,"Meat, Poultry, Fish",Chicken & Poultry,Easy to Cook Mini Butter-basted Chicken Breast Joint 350g,350g,£19.57/kg,6.85,,3 for £15
Waitrose Barnet,"Meat, Poultry, Fish",Chicken & Poultry,Easy to Cook Sweet Chilli Chicken Breasts 305g,305g,£22.46/kg,6.85,,3 for £15
Waitrose Barnet,"Meat, Poultry, Fish",Chicken & Poultry,Essential 8% Fat British Turkey Thigh Mince 500g,500g,£11.50/kg,5.75,,3 for £15
Waitrose Barnet,"Meat, Poultry, Fish",Chicken & Poultry,Essential British Turkey Breast Strips 300g,300g,£24.00/kg,7.20,,
Waitrose Barnet,"Meat, Poultry, Fish",Chicken & Poultry,Gressingham Corn Fed Poussin 500g,500g,£12.60/kg,6.30,,
Waitrose Barnet,"Meat, Poultry, Fish",Chicken & Poultry,Gressingham Duck À L'Orange 500g,500g,£18.60/kg,9.30,,
Waitrose Barnet,"Meat, Poultry, Fish",Chicken & Poultry,Gressingham Spatchcock Poussin Salt & Pepper 450g,450g,£10.51/kg,4.73,6.30,25% off
Waitrose Barnet,"Meat, Poultry, Fish",Chicken & Poultry,Gressingham Stir Fry Duck Breast 175g,175g,£30.86/kg,5.40,,
Waitrose Barnet,"Meat, Poultry, Fish",Chicken & Poultry,Gressingham Whole Duck 1800g,1.8kg,£8.00/kg,14.40,,
Waitrose Barnet,"Meat, Poultry, Fish",Chicken & Poultry,Gressingham Whole Guinea Fowl 1.05kg,1.05kg,£11.71/kg,12.30,,
Waitrose Barnet,"Meat, Poultry, Fish",Chicken & Poultry,No.1 BBQ Curried Spatchcock Chicken with Coronation Sauce 1.92Kg,1.92kg,£7.03/kg,13.50,,
Waitrose Barnet,"Meat, Poultry, Fish",Chicken & Poultry,No.1 British Free Range Diced Chicken Breast 300g,300g,£23.83/kg,7.15,,
Waitrose Barnet,"Meat, Poultry, Fish",Chicken & Poultry,Waitrose BBQ 4 Chicken Tikka Kebabs 250g,250g,£26.40/kg,6.60,,3 for £15
Waitrose Barnet,"Meat, Poultry, Fish",Chicken & Poultry,Waitrose BBQ Lemongrass and Ginger Chicken Mini Fillet Kebab 248g,248g,£26.61/kg,6.60,,3 for £15
Waitrose Barnet,"Meat, Poultry, Fish",Chicken & Poultry,Waitrose British Half Chicken Buttermilk Marinated 840g,840g,£7.86/kg,6.60,,
Waitrose Barnet,"Meat, Poultry, Fish",Chicken & Poultry,"Waitrose Chicken Drumsticks, Skin-on & Bone-in 1.6kg",1.6kg,£3.94/kg,6.30,,3 for £15
Waitrose Barnet,"Meat, Poultry, Fish",Chicken & Poultry,Waitrose Chicken Jerk-Spiced Thigh Fillets 400g,400g,£16.50/kg,6.60,,
Waitrose Barnet,"Meat, Poultry, Fish",Chicken & Poultry,"Waitrose Chicken Thigh Fillets, Skinless & Boneless - Large 1kg",1kg,£13.20/kg,13.20,,
Waitrose Barnet,"Meat, Poultry, Fish",Chicken & Poultry,Waitrose Honey & Mustard Deboned Chicken 675g,675g,£19.56/kg,13.20,,
Waitrose Barnet,"Meat, Poultry, Fish",Chicken & Poultry,Waitrose Lemon & Thyme Spatchcock Chicken 1.2Kg,1.2kg,£11.00/kg,13.20,,
Waitrose Barnet,"Meat, Poultry, Fish",Chicken & Poultry,Waitrose Mango And Coconut Chicken Breast Strips 300g,300g,£22.00/kg,6.60,,3 for £15
Waitrose Barnet,"Meat, Poultry, Fish",Chicken & Poultry,Waitrose Slower Reared 2 Chicken Breast Fillets 380g,380g,£15.79/kg,6.00,,3 for £15
Waitrose Barnet,"Meat, Poultry, Fish",Chicken & Poultry,Waitrose Slower Reared Chicken Breast Fillets 600g,600g,£10.50/kg,6.30,,
Waitrose Barnet,"Meat, Poultry, Fish",Chicken & Poultry,Waitrose Slower Reared Chicken Breast Mini Fillets 400g,400g,£18.00/kg,7.20,,3 for £15
Waitrose Barnet,"Meat, Poultry, Fish",Chicken & Poultry,"Waitrose Slower Reared Chicken Legs, Skin-on & Bone-in 530g",530g,£4.53/kg,2.40,,
Waitrose Barnet,"Meat, Poultry, Fish",Chicken & Poultry,Waitrose Slower Reared Chicken Livers 400g,400g,£6.75/kg,2.70,,
Waitrose Barnet,"Meat, Poultry, Fish",Chicken & Poultry,Waitrose Slower Reared Chicken Mince 5% Fat 500g,500g,£9.00/kg,4.50,,
Waitrose Barnet,"Meat, Poultry, Fish",Chicken & Poultry,"Waitrose Slower Reared Chicken Thighs, Skin-on & Bone-in 1kg",1kg,£4.20/kg,4.20,,
Waitrose Barnet,"Meat, Poultry, Fish",Chicken & Poultry,Waitrose Slower Reared Chicken Wings 475g,475g,£5.05/kg,2.40,,
Waitrose Barnet,"Meat, Poultry, Fish",Chicken & Poultry,Waitrose Slower Reared Diced Chicken Breast 418g,418g,£15.79/kg,6.60,,3 for £15
Waitrose Barnet,"Meat, Poultry, Fish",Chicken & Poultry,Waitrose Slower Reared Large Whole Chicken 1.75kg,1.75kg,£4.63/kg,8.10,,
Waitrose Barnet,"Meat, Poultry, Fish",Chicken & Poultry,Waitrose Slower Reared Medium Whole Chicken 1.5kg,1.5kg,£5.00/kg,7.50,,
Waitrose Barnet,"Meat, Poultry, Fish",Chicken & Poultry,Waitrose Slower Reared Small Whole Chicken 1.2kg,1.2kg,£5.25/kg,6.30,,3 for £15
Waitrose Barnet,"Meat, Poultry, Fish",Chicken & Poultry,Waitrose Tikka Marinated Chicken Breast Chunks 300g,300g,£22.00/kg,6.60,,3 for £15
Waitrose Barnet,"Meat, Poultry, Fish",Chicken & Poultry,Waitrose Whole Chicken With Pork Stuffing 1.5Kg,1.5kg,£6.80/kg,10.20,,
Waitrose Barnet,"Meat, Poultry, Fish",Chicken & Poultry,Waitrose Whole Chicken with Garlic & Herbs 1.5Kg,1.5kg,£6.80/kg,10.20,,£7.65 loyalty card (£5.10/kg)
Waitrose Barnet,"Meat, Poultry, Fish",Fish,Charlie Bigham's Salmon En Croute 440g,440g,£27.16/kg,11.95,,
Waitrose Barnet,"Meat, Poultry, Fish",Fish,Duchy Organic 2 Scottish Salmon Fillets 265g,265g,£40.75/kg,10.80,,£8.10 loyalty card (£30.57/kg)
Waitrose Barnet,"Meat, Poultry, Fish",Fish,Easy to Cook Scottish Salmon Roulade 270g,270g,£37.78/kg,10.20,,
Waitrose Barnet,"Meat, Poultry, Fish",Fish,Essential MSC Smoked Kipper Cutlets & Butter 200g,200g,£14.50/kg,2.90,,
Waitrose Barnet,"Meat, Poultry, Fish",Fish,No.1 2 MSC Yellowfin Tuna Steaks 240g,240g,£52.50/kg,12.60,,
Waitrose Barnet,"Meat, Poultry, Fish",Fish,No.1 2 Wild Alaskan Sockeye Salmon Fillets 220g,220g,£50.45/kg,11.10,,
Waitrose Barnet,"Meat, Poultry, Fish",Fish,No.1 Icelandic Cod Loin 260g,260g,£42.69/kg,11.10,,
Waitrose Barnet,"Meat, Poultry, Fish",Fish,Waitrose 2 Green Thai Inspired Cod Fillets 279g,279g,£37.81/kg,10.55,,
Waitrose Barnet,"Meat, Poultry, Fish",Fish,Waitrose 2 Mediterranean Sea Bream Fillets 180g,180g,£48.33/kg,8.70,,
Waitrose Barnet,"Meat, Poultry, Fish",Fish,Waitrose 2 Scottish Loch Trout Fillets 265g,265g,£32.83/kg,8.70,,
Waitrose Barnet,"Meat, Poultry, Fish",Fish,Waitrose 2 Scottish Salmon Fillets 260g,260g,£26.73/kg,6.95,,
Waitrose Barnet,"Meat, Poultry, Fish",Fish,"Waitrose 2 Sea Bass Fillets, Pesto Butter 210g",210g,£44.52/kg,9.35,,
Waitrose Barnet,"Meat, Poultry, Fish",Fish,"Waitrose 2 Sea Bass Fillets, Tomatoes and Olives 320g",320g,£33.75/kg,10.80,,
Waitrose Barnet,"Meat, Poultry, Fish",Fish,Waitrose 4 Mediterranean Sea Bass Fillets 360g,360g,£38.33/kg,13.80,,
Waitrose Barnet,"Meat, Poultry, Fish",Fish,Waitrose 5 Scottish Salmon Fillets 600g,600g,£26.00/kg,15.60,,
Waitrose Barnet,"Meat, Poultry, Fish",Fish,Waitrose Cod Fillets MSC 240g,240g,£40.42/kg,9.70,,
Waitrose Barnet,"Meat, Poultry, Fish",Fish,Waitrose Fish Pie Mix 260g,260g,£33.85/kg,8.80,,3 for £15
Waitrose Barnet,"Meat, Poultry, Fish",Fish,Waitrose Haddock Fillets MSC 240g,240g,£36.46/kg,8.75,,
Waitrose Barnet,"Meat, Poultry, Fish",Fish,Waitrose Smoked Haddock Fillets MSC 240g,240g,£37.29/kg,8.95,,
Waitrose Barnet,"Meat, Poultry, Fish",Sausages,12 British Pork Pigs in Blankets 252g,252g,£26.19/kg,6.60,,
Waitrose Barnet,"Meat, Poultry, Fish",Sausages,Duchy Organic 12 British Pork Chipolatas 340g,340g,£14.79/kg,5.03,6.70,25% off
Waitrose Barnet,"Meat, Poultry, Fish",Sausages,Duchy Organic 6 British Pork Sausages 400g,400g,£16.75/kg,6.70,,
Waitrose Barnet,"Meat, Poultry, Fish",Prawns & Seafood,Duchy Organic Raw King Prawns 150g,150g,£33.00/kg,4.95,6.60,25% off
Waitrose Barnet,"Meat, Poultry, Fish",Prawns & Seafood,Duchy Organic Raw King Prawns 180g,180g,£38.33/kg,6.90,,
Waitrose Barnet,"Meat, Poultry, Fish",Pork,Easy To Cook Pork Medallion Steaks 261g,261g,£25.67/kg,6.70,,
Waitrose Barnet,"Meat, Poultry, Fish",Pork,Easy to Cook Gammon Steaks with Cheese Rarebit Melt 292g,292g,£23.29/kg,6.80,,3 for £15
Waitrose Barnet,"Meat, Poultry, Fish",Sausages,Easy to Cook Pork & Herb Sausage Casserole 500g,500g,£13.40/kg,6.70,,
Waitrose Barnet,"Meat, Poultry, Fish",Pork,Easy to Cook Pork Schnitzel 286g,286g,£22.20/kg,6.35,,
Waitrose Barnet,"Meat, Poultry, Fish",Sausages,Essential 12 British Pork Chipolatas 340g,340g,£6.47/kg,2.20,,
Waitrose Barnet,"Meat, Poultry, Fish",Sausages,Essential 8 British Pork Sausages 454g,454g,£4.85/kg,2.20,,
Waitrose Barnet,"Meat, Poultry, Fish",Pork,Essential Free Range Pork Mince 12% Fat 500g,500g,£6.50/kg,3.25,,
Waitrose Barnet,"Meat, Poultry, Fish",Sausages,Finnebrogue Naked 6 Pork Sausages 400g,400g,£11.88/kg,4.75,,
Waitrose Barnet,"Meat, Poultry, Fish",Sausages,HECK Chicken Italia Gluten Free Chipolata Sausages 10 pack 340g,340g,£13.24/kg,4.50,,
Waitrose Barnet,"Meat, Poultry, Fish",Ready to Eat Fish,No.1 2 Lightly Smoked Scottish Salmon Fillets 240g,240g,£38.75/kg,9.30,,
Waitrose Barnet,"Meat, Poultry, Fish",Prawns & Seafood,No.1 BBQ Prawn Skewers with Chilli & Coriander Dressing 264g,264g,£27.27/kg,7.20,,
Waitrose Barnet,"Meat, Poultry, Fish",Sausages,No.1 British Free Range 12 Pork Chipolatas 375g,375g,£16.93/kg,6.35,,
Waitrose Barnet,"Meat, Poultry, Fish",Sausages,No.1 British Free Range 12 Pork Sausages 800g,800g,£12.00/kg,9.60,,
Waitrose Barnet,"Meat, Poultry, Fish",Sausages,No.1 British Free Range 4 Wild Garlic Pork Sausages 400g,400g,£15.75/kg,6.30,,
Waitrose Barnet,"Meat, Poultry, Fish",Sausages,No.1 British Free Range 6 Pork Sausages 400g,400g,£15.75/kg,6.30,,
Waitrose Barnet,"Meat, Poultry, Fish",Pork,No.1 British Free Range Char Siu Pork Medallions 420g,420g,£19.76/kg,8.30,,
Waitrose Barnet,"Meat, Poultry, Fish",Sausages,No.1 Free Range 4 Smoky Pork Sausages with Honey 400g,400g,£15.75/kg,6.30,,
Waitrose Barnet,"Meat, Poultry, Fish",Pork,No.1 Slow Cooked Hot Smoked Sticky Pork Belly 805g,805g,£21.37/kg,17.20,,
Waitrose Barnet,"Meat, Poultry, Fish",Ready to Eat Fish,Rio Mare MSC Tuna & Cous Cous Salad 160g,160g,£18.75/kg,3.00,,
Waitrose Barnet,"Meat, Poultry, Fish",Sausages,The Jolly Hog 6 British Marmite Sausages 400g,400g,£14.25/kg,5.70,,
Waitrose Barnet,"Meat, Poultry, Fish",Sausages,Waitrose 12 British Pork & Herb Chipolatas 375g,375g,£12.80/kg,4.80,,2 for £7.20
Waitrose Barnet,"Meat, Poultry, Fish",Sausages,Waitrose 6 Chorizo Style Pork Sausages 400g,400g,£12.00/kg,4.80,,2 for £7.20
Waitrose Barnet,"Meat, Poultry, Fish",Sausages,Waitrose 6 Cumberland Pork Sausages 400g,400g,£12.00/kg,4.80,,2 for £7.20
Waitrose Barnet,"Meat, Poultry, Fish",Sausages,Waitrose 6 Pork Sausages with Pepper & Nutmeg 400g,400g,£12.00/kg,4.80,,2 for £7.20
Waitrose Barnet,"Meat, Poultry, Fish",Prawns & Seafood,Waitrose ASC Extra Large Raw King Prawns 165g,165g,£38.18/kg,6.30,,3 for £15
Waitrose Barnet,"Meat, Poultry, Fish",Prawns & Seafood,Waitrose ASC Raw Jumbo King Prawns 200g,200g,£26.40/kg,5.28,6.60,20% off
Waitrose Barnet,"Meat, Poultry, Fish",Prawns & Seafood,Waitrose ASC Raw King Prawns Stir Fry 165g,165g,£30.91/kg,5.10,,
Waitrose Barnet,"Meat, Poultry, Fish",Sausages,Waitrose Aberdeen Angus Beef Chipolatas 340g,340g,£14.12/kg,4.80,,
Waitrose Barnet,"Meat, Poultry, Fish",Pork,Waitrose BBQ 2 Thick Cut Pork Loin Steaks 340g,340g,£19.41/kg,6.60,,3 for £15
Waitrose Barnet,"Meat, Poultry, Fish",Prawns & Seafood,Waitrose BBQ 4 King Prawn Skewers 163g,163g,£40.49/kg,6.60,,3 for £15
Waitrose Barnet,"Meat, Poultry, Fish",Sausages,Waitrose Black Pudding Slices 227g,227g,£9.25/kg,2.10,,
Waitrose Barnet,"Meat, Poultry, Fish",Sausages,"Waitrose British Pork, Bramley Apple Sausages 400g",400g,£12.00/kg,4.80,,2 for £7.20
Waitrose Barnet,"Meat, Poultry, Fish",Pork,Waitrose Free Range 2 Pork Chops 400g,400g,£14.50/kg,5.80,,3 for £15
Waitrose Barnet,"Meat, Poultry, Fish",Pork,Waitrose Free Range British Pork Diced Shoulder 500g,500g,£10.90/kg,5.45,,3 for £15
Waitrose Barnet,"Meat, Poultry, Fish",Pork,Waitrose Free Range British Pork Lean Mince 5% Fat 500g,500g,£10.90/kg,5.45,,
Waitrose Barnet,"Meat, Poultry, Fish",Pork,Waitrose Free Range Pork 12 Meatballs 300g,300g,£15.67/kg,4.70,,
Waitrose Barnet,"Meat, Poultry, Fish",Pork,Waitrose Free Range Pork 4 Loin Steaks 480g,480g,£15.00/kg,7.20,,£5.40 loyalty card (£11.25/kg)
Waitrose Barnet,"Meat, Poultry, Fish",Pork,Waitrose Free Range Pork Belly Joint 700g,700g,£15.43/kg,10.80,,
Waitrose Barnet,"Meat, Poultry, Fish",Ready to Eat Fish,Waitrose Garlic & Chilli King Prawns 110g,110g,£43.64/kg,4.80,,
Waitrose Barnet,"Meat, Poultry, Fish",Ready to Eat Fish,Waitrose King Prawns with Cocktail Sauce 90g,90g,£36.67/kg,3.30,,
Waitrose Barnet,"Meat, Poultry, Fish",Picky Bits 😍,Waitrose MSC Cantabrian Anchovies 145g,145g,£33.10/kg,4.80,,3 for £8
Waitrose Barnet,"Meat, Poultry, Fish",Sausages,Waitrose Pork & Caramelised Onion Sausages 400g,400g,£12.00/kg,4.80,,2 for £7.20
Waitrose Barnet,"Meat, Poultry, Fish",Sausages,Waitrose Pork Slow Roasted Tomato & Herb Sausages 400g,400g,£12.00/kg,4.80,,2 for £7.20
Waitrose Barnet,"Meat, Poultry, Fish",Sausages,Waitrose Sausagemeat Stuffing Pepper & Nutmeg 450g,450g,£13.22/kg,5.95,,
Waitrose Barnet,"Meat, Poultry, Fish",Ready to Eat Fish,Waitrose Scottish Lightly Smoked Salmon En Croute 350g,350g,£24.00/kg,8.40,,
Waitrose Barnet,"Meat, Poultry, Fish",Pork,Waitrose Slow Cooked Red Eye Pork Ribs 535g,534.6g,£15.62/kg,8.35,,
Waitrose Barnet,"Meat, Poultry, Fish",Pork,Waitrose Slow Cooked Sticky Chinese Style Pork Ribs 564g,564g,£14.54/kg,8.20,,
Waitrose Barnet,"Milk, Eggs, Dairy",Back to Routine 🎒,Anchor Spreadable Blend of Butter and Rapeseed Oil 400g,400g,£14.00/kg,5.60,,
Waitrose Barnet,"Milk, Eggs, Dairy",Butter & Spreads,All Things Butter Salted 200g,200g,£17.75/kg,3.55,,
Waitrose Barnet,"Milk, Eggs, Dairy",Butter & Spreads,Anchor Salted Butter 200g,200g,£16.50/kg,3.30,,
Waitrose Barnet,"Milk, Eggs, Dairy",Butter & Spreads,Anchor Spreadable Blend of Butter and Rapeseed Oil 750g,750g,£12.73/kg,9.55,,
Waitrose Barnet,"Milk, Eggs, Dairy",Butter & Spreads,Benecol Buttery Taste Dairy Spread 250g,250g,£12.00/kg,3.00,,
Waitrose Barnet,"Milk, Eggs, Dairy",Butter & Spreads,Benecol Buttery Taste Spread Large 500g,500g,£11.40/kg,5.70,,
Waitrose Barnet,"Milk, Eggs, Dairy",Butter & Spreads,Benecol Light Spread 500g,500g,£11.40/kg,5.70,,
Waitrose Barnet,"Milk, Eggs, Dairy",Butter & Spreads,Bertolli Olive Oil Spread 450g,450g,£8.44/kg,3.80,,
Waitrose Barnet,"Milk, Eggs, Dairy",Butter & Spreads,Clover Spreadable Butter Alternative 500g,500g,£6.60/kg,3.30,,
Waitrose Barnet,"Milk, Eggs, Dairy",Butter & Spreads,Cooks Ingredients Goose Fat 200g,200g,£19.75/kg,3.95,,
Waitrose Barnet,"Milk, Eggs, Dairy",Butter & Spreads,Country Life Spreadable Dairy Spread 400g,400g,£11.38/kg,4.55,,
Waitrose Barnet,"Milk, Eggs, Dairy",Butter & Spreads,Duchy Organic English Salted Butter 250g,250g,£17.20/kg,4.30,,
Waitrose Barnet,"Milk, Eggs, Dairy",Butter & Spreads,Duchy Organic English Unsalted Butter 250g,250g,£17.20/kg,4.30,,
Waitrose Barnet,"Milk, Eggs, Dairy",Butter & Spreads,Essential Olive Spread 500g,500g,£3.80/kg,1.90,,
Waitrose Barnet,"Milk, Eggs, Dairy",Butter & Spreads,Essential Salted Dairy Butter 250g,250g,£9.60/kg,2.40,,
Waitrose Barnet,"Milk, Eggs, Dairy",Butter & Spreads,Essential Unsalted Dairy Butter 250g,250g,£9.60/kg,2.40,,
Waitrose Barnet,"Milk, Eggs, Dairy",Butter & Spreads,Flora Buttery Spreadable Butter Alternative 450g,450g,£6.56/kg,2.95,,
Waitrose Barnet,"Milk, Eggs, Dairy",Butter & Spreads,Flora Original Spreadable Butter Alternative 450g,450g,£7.89/kg,3.55,,
Waitrose Barnet,"Milk, Eggs, Dairy",Butter & Spreads,Just Lard 250g,250g,£3.60/kg,0.90,,
Waitrose Barnet,"Milk, Eggs, Dairy",Butter & Spreads,Kerrygold Pure Irish Salted Butter 200g,200g,£17.75/kg,3.55,,
Waitrose Barnet,"Milk, Eggs, Dairy",Butter & Spreads,Lurpak Lighter Spreadable Blend of Butter and Rapeseed Oil 250g,250g,£18.00/kg,4.50,,
Waitrose Barnet,"Milk, Eggs, Dairy",Butter & Spreads,Lurpak Slightly Salted Butter 200g,200g,£17.75/kg,3.55,,
Waitrose Barnet,"Milk, Eggs, Dairy",Butter & Spreads,Lurpak Slightly Salted Spreadable Blend of Butter and Rapeseed Oil 400g,400g,£15.00/kg,6.00,,
Waitrose Barnet,"Milk, Eggs, Dairy",Butter & Spreads,Lurpak Unsalted Butter 200g,200g,£17.75/kg,3.55,,
Waitrose Barnet,"Milk, Eggs, Dairy",Butter & Spreads,Lurpak Unsalted Spreadable Blend of Butter and Rapeseed Oil 400g,400g,£15.00/kg,6.00,,
Waitrose Barnet,"Milk, Eggs, Dairy",Butter & Spreads,No.1 Roasted Garlic & Herb Blended Butter 100g,100g,£30.00/kg,3.00,,
Waitrose Barnet,"Milk, Eggs, Dairy",Butter & Spreads,President French Slightly Salted Block Butter 250g,250g,£18.20/kg,4.55,,
Waitrose Barnet,"Milk, Eggs, Dairy",Butter & Spreads,President French Slightly Salted Spreadable 250g,250g,£18.20/kg,4.55,,
Waitrose Barnet,"Milk, Eggs, Dairy",Butter & Spreads,President French Unsalted Block Butter 250g,250g,£18.20/kg,4.55,,
Waitrose Barnet,"Milk, Eggs, Dairy",Butter & Spreads,President French Unsalted Spreadable 250g,250g,£18.20/kg,4.55,,
Waitrose Barnet,"Milk, Eggs, Dairy",Butter & Spreads,St Helens Farm Goats Butter 250g,250g,£16.80/kg,4.20,,
Waitrose Barnet,"Milk, Eggs, Dairy",Butter & Spreads,Stork Baking Alternative to Butter Dairy Spread 500g,500g,£6.20/kg,3.10,,
Waitrose Barnet,"Milk, Eggs, Dairy",Butter & Spreads,Utterly Butterly Spreadable Butter Alternative 500g,500g,£4.00/kg,2.00,,
Waitrose Barnet,"Milk, Eggs, Dairy",Butter & Spreads,Waitrose French Butter With Sea Salt Crystals 250g,250g,£16.80/kg,4.20,,
Waitrose Barnet,"Milk, Eggs, Dairy",Butter & Spreads,Waitrose Spreadable Butter 500g,500g,£6.60/kg,3.30,,
Waitrose Barnet,"Milk, Eggs, Dairy",Butter & Spreads,Yeo Valley Organic Salted Butter 200g,200g,£21.00/kg,4.20,,
Waitrose Barnet,"Milk, Eggs, Dairy",Butter & Spreads,Yeo Valley Organic Spreadable Blend of Butter and Rapeseed Oil 400g,400g,£15.75/kg,6.30,,
Waitrose Barnet,"Milk, Eggs, Dairy",Cream,British Creme Fraiche 300ml,300ml,£4.33/L,1.30,,
Waitrose Barnet,"Milk, Eggs, Dairy",Cream,British Soured Cream 150ml,150ml,£7.33/L,1.10,,
Waitrose Barnet,"Milk, Eggs, Dairy",Cream,Duchy Organic British Free Range Double Cream 300ml,300ml,£8.00/L,2.40,,
Waitrose Barnet,"Milk, Eggs, Dairy",Cream,Elmlea Single Cream Alternative 270ml,270ml,£7.78/L,2.10,,
Waitrose Barnet,"Milk, Eggs, Dairy",Cream,Elmlea Vegetarian Double Cream Alternative 270ml,270ml,£8.15/L,2.20,,
Waitrose Barnet,"Milk, Eggs, Dairy",Cream,Essential Free Range Double Cream 300ml,300ml,£7.33/L,2.20,,
Waitrose Barnet,"Milk, Eggs, Dairy",Cream,Essential Free Range Double Cream Small 150ml,150ml,£10.33/L,1.55,,
Waitrose Barnet,"Milk, Eggs, Dairy",Cream,Essential Free Range Single Cream 300ml,300ml,£5.83/L,1.75,,
Waitrose Barnet,"Milk, Eggs, Dairy",Cream,Essential Free Range Single Cream Small 150ml,150ml,£8.00/L,1.20,,
Waitrose Barnet,"Milk, Eggs, Dairy",Cream,Essential Free Range Whipping Cream 300ml,300ml,£7.33/L,2.20,,
Waitrose Barnet,"Milk, Eggs, Dairy",Cream,Essential Soured Cream 300ml,300ml,£4.83/L,1.45,,
Waitrose Barnet,"Milk, Eggs, Dairy",Cream,Isigny Ste Mere d'Isigny 40% Fat Creme Fraiche 20cl,200ml,£12.50/L,2.50,,
Waitrose Barnet,"Milk, Eggs, Dairy",Cream,No.1 French Creme Fraiche 200ml,200ml,£10.50/L,2.10,,
Waitrose Barnet,"Milk, Eggs, Dairy",Cream,No.1 French Creme Fraiche Large 500ml,500ml,£7.20/L,3.60,,
Waitrose Barnet,"Milk, Eggs, Dairy",Cream,No.1 French Half Fat Creme Fraiche 200ml,200ml,£10.50/L,2.10,,
Waitrose Barnet,"Milk, Eggs, Dairy",Cream,Oatly Creamy Oat Single Cream Chilled 250ml,250ml,£6.20/L,1.55,,
Waitrose Barnet,"Milk, Eggs, Dairy",Cream,Reduced Fat Creme Fraiche 300ml,300ml,£4.33/L,1.30,,
Waitrose Barnet,"Milk, Eggs, Dairy",Cream,Rodda's Classic Cornish Clotted Cream Small 113g,113g,£22.12/kg,2.50,,
Waitrose Barnet,"Milk, Eggs, Dairy",Cream,Tom Parker Creamery Free Range Double Cream 250ml,250ml,£13.40/L,3.35,,
Waitrose Barnet,"Milk, Eggs, Dairy",Cream,Waitrose Extra Thick Double Cream 300ml,300ml,£8.83/L,2.65,,
Waitrose Barnet,"Milk, Eggs, Dairy",Cream,Yeo Valley Organic Half Fat Creme Fraiche 200g,200g,£10.25/kg,2.05,,
Waitrose Barnet,"Milk, Eggs, Dairy",Dairy Alternatives,Alpro Blueberry 500g,500g,£6.20/kg,3.10,,
Waitrose Barnet,"Milk, Eggs, Dairy",Dairy Alternatives,Alpro Dark Chocolate Dairy Free Vegan Soya Dessert 4x125g,500g,£5.00/kg,2.50,,
Waitrose Barnet,"Milk, Eggs, Dairy",Dairy Alternatives,Alpro Greek Style Strawberry & Raspberry 150g,150g,£10.33/kg,1.55,,
Waitrose Barnet,"Milk, Eggs, Dairy",Dairy Alternatives,Alpro Mixed Fruit Dairy Free Yogurt Alternative 4x125g,500g,£7.10/kg,3.55,,
Waitrose Barnet,"Milk, Eggs, Dairy",Dairy Alternatives,Alpro Plain Soya Dairy Free Greek Style Yogurt Alternative 400g,400g,£7.75/kg,3.10,,
Waitrose Barnet,"Milk, Eggs, Dairy",Dairy Alternatives,Alpro Soya No Sugar Dairy Free Yogurt Alternative 500g,500g,£6.20/kg,3.10,,
Waitrose Barnet,"Milk, Eggs, Dairy",Dairy Alternatives,Alpro Soya Vanilla Dairy Free Yogurt Alternative 500g,500g,£6.20/kg,3.10,,
Waitrose Barnet,"Milk, Eggs, Dairy",Dairy Alternatives,Alpro Vanilla Dairy Free Soya Custard 525g,525g,£3.62/kg,1.90,,
Waitrose Barnet,"Milk, Eggs, Dairy",Dairy Alternatives,Cocos Natural Organic Coconut Yogurt Alternative 400g,400g,£17.25/kg,6.90,,
Waitrose Barnet,"Milk, Eggs, Dairy",Dairy Alternatives,Nush Protein Raspberry Dairy Free Almond Yogurt Alternative 350g,350g,£12.00/kg,4.20,,
Waitrose Barnet,"Milk, Eggs, Dairy",Dairy Alternatives,Stork Vegan Baking Block 250g,250g,£7.60/kg,1.90,,
Waitrose Barnet,"Milk, Eggs, Dairy",Dairy Alternatives,The Coconut Collab Natural Coconut Yogurt Alternative 350g,350g,£10.14/kg,3.55,,
Waitrose Barnet,"Milk, Eggs, Dairy",Dairy Alternatives,The Coconut Collab Natural Yoghurt 4x90g,360g,£10.28/kg,3.70,,
Waitrose Barnet,"Milk, Eggs, Dairy",Dairy Alternatives,The Coconut Collaborative Little Choc Pots 4x45g,180g,£20.56/kg,3.70,,
Waitrose Barnet,"Milk, Eggs, Dairy",Dairy Free Drinks,Alpro Long Life No Sugars Almond Drink 1litre,1L,£3.00/L,3.00,,
Waitrose Barnet,"Milk, Eggs, Dairy",Dairy Free Drinks,Alpro No Sugar Chilled Soya Drink 1litre,1L,£2.65/L,2.65,,
Waitrose Barnet,"Milk, Eggs, Dairy",Dairy Free Drinks,Alpro Oat No Sugar Chilled Dairy Free Drink 1litre,1L,£2.65/L,2.65,,
Waitrose Barnet,"Milk, Eggs, Dairy",Dairy Free Drinks,Alpro Organic No Sugar Long Life Soya Drink 1litre,1L,£2.75/L,2.75,,
Waitrose Barnet,"Milk, Eggs, Dairy",Dairy Free Drinks,Alpro Soya Long Life Dairy Free Drink 1litre,1L,£2.65/L,2.65,,
Waitrose Barnet,"Milk, Eggs, Dairy",Dairy Free Drinks,Califia Farms Oat Barista Blend Chilled Dairy Free Milk Alternative 1litre,1L,£2.75/L,2.75,,
Waitrose Barnet,"Milk, Eggs, Dairy",Dairy Free Drinks,Essential Original Soya Drink 1litre,1L,£1.70/L,1.70,,
Waitrose Barnet,"Milk, Eggs, Dairy",Dairy Free Drinks,Essential Unsweetened Almond Drink 1litre,1L,£1.70/L,1.70,,
Waitrose Barnet,"Milk, Eggs, Dairy",Dairy Free Drinks,Essential Unsweetened Long Life Oat Drink 1litre,1L,£1.85/L,1.85,,
Waitrose Barnet,"Milk, Eggs, Dairy",Dairy Free Drinks,Essential Unsweetened Soya Drink 1litre,1L,£1.70/L,1.70,,
Waitrose Barnet,"Milk, Eggs, Dairy",Dairy Free Drinks,MOMA Oat Barista Dairy Free Drink 1litre,1L,£2.40/L,2.40,,
Waitrose Barnet,"Milk, Eggs, Dairy",Dairy Free Drinks,MOMA Raspberry & Blonde Chocolate Oat Drink 1litre,1L,£2.65/L,2.65,,
Waitrose Barnet,"Milk, Eggs, Dairy",Dairy Free Drinks,Minor Figures Organic Oat Barista Drink 1litre,1L,£2.65/L,2.65,,
Waitrose Barnet,"Milk, Eggs, Dairy",Dairy Free Drinks,Oatly Barista Edition Coconut Flavour 1litre,1L,£2.90/L,2.90,,
Waitrose Barnet,"Milk, Eggs, Dairy",Dairy Free Drinks,Oatly Oat Drink Matcha Latte Long Life 1litre,1L,£3.60/L,3.60,,
Waitrose Barnet,"Milk, Eggs, Dairy",Dairy Free Drinks,Oatly! Oat Drink Barista Edition Chilled 1litre,1L,£2.75/L,2.75,,
Waitrose Barnet,"Milk, Eggs, Dairy",Dairy Free Drinks,Oatly! Oat Drink Barista Edition Long Life 1litre,1L,£2.75/L,2.75,,
Waitrose Barnet,"Milk, Eggs, Dairy",Dairy Free Drinks,Oatly! Oat Drink Barista Organic Long Life 1litre,1L,£2.75/L,2.75,,
Waitrose Barnet,"Milk, Eggs, Dairy",Dairy Free Drinks,Oatly! Oat Drink Organic Long Life 1litre,1L,£2.50/L,2.50,,
Waitrose Barnet,"Milk, Eggs, Dairy",Dairy Free Drinks,Oatly! Oat Drink Semi Long Life 1litre,1L,£2.40/L,2.40,,
Waitrose Barnet,"Milk, Eggs, Dairy",Dairy Free Drinks,Oatly! Oat Drink Whole Chilled 1litre,1L,£2.75/L,2.75,,
Waitrose Barnet,"Milk, Eggs, Dairy",Dairy Free Drinks,Oatly! Oat Drink Whole Long Life 1litre,1L,£2.40/L,2.40,,
Waitrose Barnet,"Milk, Eggs, Dairy",Dairy Free Drinks,Oato Fresh Barista Whole Oat Drink 1litre,1L,£2.20/L,2.20,,
Waitrose Barnet,"Milk, Eggs, Dairy",Dairy Free Drinks,Plenish Almond Barista Organic Milk Alternative 1litre,1L,£3.20/L,3.20,,
Waitrose Barnet,"Milk, Eggs, Dairy",Dairy Free Drinks,Plenish Almond Chilled Unsweetened Organic Milk Alternative 1litre,1L,£3.10/L,3.10,,
Waitrose Barnet,"Milk, Eggs, Dairy",Dairy Free Drinks,Plenish Organic Long Life Unsweetened Almond Drink 1litre,1L,£3.00/L,3.00,,
Waitrose Barnet,"Milk, Eggs, Dairy",Dairy Free Drinks,Plenish Organic Soya Barista Dairy Alternative Drink 1litre,1L,£3.20/L,3.20,,
Waitrose Barnet,"Milk, Eggs, Dairy",Dairy Free Drinks,Plenish Organic Unsweetened Oat Drink Chilled 1litre,1L,£3.10/L,3.10,,
Waitrose Barnet,"Milk, Eggs, Dairy",Dairy Free Drinks,Rude Health Organic Long Life Brown Rice Drink 1litre,1L,£2.90/L,2.90,,
Waitrose Barnet,"Milk, Eggs, Dairy",Dairy Free Drinks,Rude Health Organic Long Life Unsweetened Coconut Drink 1litre,1L,£2.90/L,2.90,,
Waitrose Barnet,"Milk, Eggs, Dairy",Dairy Free Drinks,Waitrose Oat Barista Long Life Drink 1litre,1L,£2.30/L,2.30,,
Waitrose Barnet,"Milk, Eggs, Dairy",Eggs,Clarence Court Burford Browns Very Large 6s,6pk,£0.92 each,5.50,,
Waitrose Barnet,"Milk, Eggs, Dairy",Eggs,Clarence Court Burford Buff 6 Large Eggs 6s,6pk,£0.68 each,4.10,,
Waitrose Barnet,"Milk, Eggs, Dairy",Eggs,Clarence Court FR Large Burford Browns Eggs 10s,10pk,£0.76 each,7.60,,
Waitrose Barnet,"Milk, Eggs, Dairy",Eggs,Clarence Court Liquid Egg White 500g,500g,£9.00/kg,4.50,,
Waitrose Barnet,"Milk, Eggs, Dairy",Eggs,Clarence Court Old Cotswold Legbar Large 6Each,6pk,£0.77 each,4.60,,
Waitrose Barnet,"Milk, Eggs, Dairy",Eggs,Clarence Court Quail Eggs 12s,12pk,£0.46 each,5.50,,
Waitrose Barnet,"Milk, Eggs, Dairy",Eggs,Duchy Organic British FR Eggs Very Large 6s,1pk,£4.75 each,4.75,,
Waitrose Barnet,"Milk, Eggs, Dairy",Eggs,Duchy Organic British Free Range Eggs Large 6s,1pk,£4.20 each,4.20,,
Waitrose Barnet,"Milk, Eggs, Dairy",Eggs,Duchy Organic British Free Range Medium Eggs 6s,1pk,£3.70 each,3.70,,
Waitrose Barnet,"Milk, Eggs, Dairy",Eggs,Essential Free Range White Eggs 6s,1pk,£1.70 each,1.70,,
Waitrose Barnet,"Milk, Eggs, Dairy",Eggs,No.1 Large Longstock Gold Free Range Eggs 6s,1pk,£4.60 each,4.60,,
Waitrose Barnet,"Milk, Eggs, Dairy",Eggs,OGGS Aquafaba Egg Alternative 200ml,200ml,£15.50/L,3.10,,
Waitrose Barnet,"Milk, Eggs, Dairy",Eggs,Waitrose British Blacktail FR Medium Eggs 6s,1pk,£1.90 each,1.90,,
Waitrose Barnet,"Milk, Eggs, Dairy",Eggs,Waitrose Eggs British Blacktail Free Range 6s,1pk,£2.80 each,2.80,,
Waitrose Barnet,"Milk, Eggs, Dairy",Eggs,Waitrose FR Mixed Size Eggs British Blacktail 12s,1pk,£4.10 each,4.10,,
Waitrose Barnet,"Milk, Eggs, Dairy",Eggs,Waitrose Large British Blacktail Free Range Eggs 12s,1pk,£5.30 each,5.30,,
Waitrose Barnet,"Milk, Eggs, Dairy",Milk,Arla Lactofree Lactose Free Semi-Skimmed Milk Alternative 1litre,1L,£2.95/L,2.95,,
Waitrose Barnet,"Milk, Eggs, Dairy",Milk,Cravendale Filtered Fresher for Longer Semi-Skimmed Milk 2litre,2L,£1.75/L,3.50,,
Waitrose Barnet,"Milk, Eggs, Dairy",Milk,Cravendale Filtered Fresher for Longer Whole Milk 2litre,2L,£1.75/L,3.50,,
Waitrose Barnet,"Milk, Eggs, Dairy",Milk,Duchy Organic Semi-Skimmed Milk 2 pints 1.136litre,1.14L,£2.16/L,2.45,,
Waitrose Barnet,"Milk, Eggs, Dairy",Milk,Duchy Organic Semi-Skimmed Milk 4 pints 2.272litre,2.27L,£1.41/L,3.20,,
Waitrose Barnet,"Milk, Eggs, Dairy",Milk,Duchy Organic Skimmed Milk 2 Pints 1.136litre,1.14L,£2.16/L,2.45,,
Waitrose Barnet,"Milk, Eggs, Dairy",Milk,Duchy Organic Unhomogenised Whole Milk 2 Pints 1.136litre,1.14L,£2.11/L,2.40,,
Waitrose Barnet,"Milk, Eggs, Dairy",Milk,Essential British Free Range Semi-Skimmed Milk 1 Pint 568ml,568ml,£2.02/L,1.15,,
Waitrose Barnet,"Milk, Eggs, Dairy",Milk,Essential British Free Range Semi-Skimmed Milk 2 Pints 1.136litre,1.14L,£1.36/L,1.55,,
Waitrose Barnet,"Milk, Eggs, Dairy",Milk,Essential British Free Range Semi-Skimmed Milk 4 Pints 2.272litre,2.27L,£0.97/L,2.20,,
Waitrose Barnet,"Milk, Eggs, Dairy",Milk,Essential British Free Range Skimmed Milk 1 Pint 568ml,568ml,£2.02/L,1.15,,
Waitrose Barnet,"Milk, Eggs, Dairy",Milk,Essential British Free Range Skimmed Milk 2 Pints 1.136litre,1.14L,£1.36/L,1.55,,
Waitrose Barnet,"Milk, Eggs, Dairy",Milk,Essential British Free Range Skimmed Milk 4 Pints 2.272litre,2.27L,£0.97/L,2.20,,
Waitrose Barnet,"Milk, Eggs, Dairy",Milk,Essential British Free Range Whole Milk 1 Pint 568ml,568ml,£2.02/L,1.15,,
Waitrose Barnet,"Milk, Eggs, Dairy",Milk,Essential British Free Range Whole Milk 2 Pints 1.136litre,1.14L,£1.36/L,1.55,,
Waitrose Barnet,"Milk, Eggs, Dairy",Milk,Essential British Free Range Whole Milk 4 Pints 2.272litre,2.27L,£0.97/L,2.20,,
Waitrose Barnet,"Milk, Eggs, Dairy",Milk,Graham's Dairy Gold Smooth Jersey Full Cream Whole Milk 1litre,1L,£2.45/L,2.45,,
Waitrose Barnet,"Milk, Eggs, Dairy",Milk,No.1 Organic Unhomogenised Ayrshire Whole Milk 1litre,1L,£2.40/L,2.40,,
Waitrose Barnet,"Milk, Eggs, Dairy",Milk,Waitrose Filtered British Free Range Whole Milk 2litre,2L,£1.38/L,2.75,,
Waitrose Barnet,"Milk, Eggs, Dairy",Milk,Waitrose Full Cream Goats Milk 1litre,1L,£3.00/L,3.00,,
Waitrose Barnet,"Milk, Eggs, Dairy",Milk,Waitrose Semi Skimmed Goats Milk 1litre,1L,£3.00/L,3.00,,
Waitrose Barnet,"Milk, Eggs, Dairy",Milk,Yeo Valley Long Life Organic Semi-Skimmed Milk 1 litre,1L,£2.95/L,2.95,,
Waitrose Barnet,"Milk, Eggs, Dairy",Milk,Yeo Valley Organic Fresh Semi-Skimmed Milk 2litre,2L,£2.00/L,4.00,,
Waitrose Barnet,"Milk, Eggs, Dairy",Milk,Yeo Valley Organic Fresh Whole Milk 1litre,1L,£2.70/L,2.70,,
Waitrose Barnet,"Milk, Eggs, Dairy",Milk,Yeo Valley Organic Fresh Whole Milk 2litre,2L,£2.00/L,4.00,,
Waitrose Barnet,"Milk, Eggs, Dairy",Ready-Made Pastry & Dough,Jus-Rol All Butter Puff Pastry Sheet 320g,320g,£11.25/kg,3.60,,
Waitrose Barnet,"Milk, Eggs, Dairy",Ready-Made Pastry & Dough,Jus-Rol Filo Pastry Sheet 270g,270g,£10.00/kg,2.70,,
Waitrose Barnet,"Milk, Eggs, Dairy",Ready-Made Pastry & Dough,Jus-Rol Puff Pastry Sheet 320g,320g,£7.50/kg,2.40,,
Waitrose Barnet,"Milk, Eggs, Dairy",Ready-Made Pastry & Dough,Jus-Rol Shortcrust Pastry Sheet 320g,320g,£7.50/kg,2.40,,
Waitrose Barnet,"Milk, Eggs, Dairy",Ready-Made Pastry & Dough,Waitrose Puff Pastry 320g,320g,£5.63/kg,1.80,,
Waitrose Barnet,"Pizza, Pasta, Ready Meals",Filled Pasta,All Plants Creamy Butternut Squash & Sage Tortelloni 250g,250g,£16.80/kg,4.20,,
Waitrose Barnet,"Pizza, Pasta, Ready Meals",Filled Pasta,Angela Hartnett with Waitrose Butternut Squash & Sage Tortelli 250g,250g,£28.80/kg,7.20,,
Waitrose Barnet,"Pizza, Pasta, Ready Meals",Filled Pasta,Angela Hartnett with Waitrose Cacio e Pepe Ravioli 250g,250g,£28.80/kg,7.20,,
Waitrose Barnet,"Pizza, Pasta, Ready Meals",Filled Pasta,Angela Hartnett with Waitrose Slow-braised Beef & Veal Quadratini 250g,250g,£23.04/kg,5.76,7.20,20% off
Waitrose Barnet,"Pizza, Pasta, Ready Meals",Filled Pasta,"Angela Hartnett with Waitrose Spinach, Ricotta & Parmigiano Reggiano Tortelli 250g",250g,£28.80/kg,7.20,,
Waitrose Barnet,"Pizza, Pasta, Ready Meals",Filled Pasta,"Dell'Ugo Prawn, Garlic & Chilli Ravioli 250g",250g,£14.04/kg,3.51,5.40,35% off
Waitrose Barnet,"Pizza, Pasta, Ready Meals",Filled Pasta,Essential Cheese & Smoked Ham Tortelloni 300g,300g,£8.83/kg,2.65,,
Waitrose Barnet,"Pizza, Pasta, Ready Meals",Filled Pasta,La Famiglia Rana Basil & Pine Nut Pesto Fiore 250g,250g,£14.40/kg,3.60,,£2.34 loyalty card (£9.36/kg)
Waitrose Barnet,"Pizza, Pasta, Ready Meals",Filled Pasta,La Famiglia Rana Mushroom & Mascarpone Tortelloni 250g,250g,£9.36/kg,2.34,3.60,35% off
Waitrose Barnet,"Pizza, Pasta, Ready Meals",Filled Pasta,La Famiglia Rana Prosciutto & Mozzarella Tortelloni 250g,250g,£14.40/kg,3.60,,£2.34 loyalty card (£9.36/kg)
Waitrose Barnet,"Pizza, Pasta, Ready Meals",Filled Pasta,Luigi Ugo Crab & Crayfish Ravioli 250g,250g,£31.20/kg,7.80,,
Waitrose Barnet,"Pizza, Pasta, Ready Meals",Filled Pasta,Waitrose Prosciutto Cappelletti 310g,310g,£14.68/kg,4.55,,
Waitrose Barnet,"Pizza, Pasta, Ready Meals",Filled Pasta,Waitrose Pumpkin & Pine Nut Fiorelli 250g,250g,£18.20/kg,4.55,,
Waitrose Barnet,"Pizza, Pasta, Ready Meals",Filled Pasta,Waitrose Spinach & Ricotta Ravioli 310g,310g,£14.68/kg,4.55,,
Waitrose Barnet,"Pizza, Pasta, Ready Meals",Fresh Pasta,Angela Hartnett with Waitrose Spaghetti alla Chitarra 500g,500g,£8.40/kg,4.20,,
Waitrose Barnet,"Pizza, Pasta, Ready Meals",Fresh Pasta,Essential Cheese Sauce 350g,350g,£7.86/kg,2.75,,
Waitrose Barnet,"Pizza, Pasta, Ready Meals",Fresh Pasta,Waitrose Carbonara with Smoked Bacon and Pancetta Sauce 350g,350g,£11.14/kg,3.90,,
Waitrose Barnet,"Pizza, Pasta, Ready Meals",Fresh Pasta,Waitrose Fresh Linguine 500g,500g,£6.20/kg,3.10,,
Waitrose Barnet,"Pizza, Pasta, Ready Meals",Fresh Pasta,Waitrose Fresh Penne 500g,500g,£6.20/kg,3.10,,
Waitrose Barnet,"Pizza, Pasta, Ready Meals",Fresh Pasta,Waitrose Fresh Spaghetti 500g,500g,£6.20/kg,3.10,,
Waitrose Barnet,"Pizza, Pasta, Ready Meals",Fresh Pasta,Waitrose Gnocchi 500g,500g,£6.20/kg,3.10,,
Waitrose Barnet,"Pizza, Pasta, Ready Meals",Fresh Pasta,Waitrose Green Pesto with Basil 145g,145g,£26.90/kg,3.90,,
Waitrose Barnet,"Pizza, Pasta, Ready Meals",Fresh Pizza,Crosta & Mollica Stromboli Sourdough Pizza 447g,447g,£17.45/kg,7.80,,
Waitrose Barnet,"Pizza, Pasta, Ready Meals",Fresh Pizza,Essential Thin & Crispy Cheese & Tomato Pizza 142g,142g,£14.79/kg,2.10,,
Waitrose Barnet,"Pizza, Pasta, Ready Meals",Fresh Pizza,Essential Thin & Crispy Pepperoni Pizza 253g,253g,£13.04/kg,3.30,,
Waitrose Barnet,"Pizza, Pasta, Ready Meals",Fresh Pizza,"No. 1 Wood-Fired King Prawn, Garlic & Chilli Pizza 230g",230g,£22.17/kg,5.10,,
Waitrose Barnet,"Pizza, Pasta, Ready Meals",Fresh Pizza,No. 1 Wood-fired Salsiccia & Hot Honey Sourdough Pizza 229g,229g,£22.27/kg,5.10,,
Waitrose Barnet,"Pizza, Pasta, Ready Meals",Fresh Pizza,No.1 Wood Fired Fior di Latte Margherita Sourdough Pizza 235g,235g,£21.70/kg,5.10,,
Waitrose Barnet,"Pizza, Pasta, Ready Meals",Fresh Pizza,No.1 Wood-Fired Fior di Latte Margherita Sourdough Pizza 485g,485g,£16.70/kg,8.10,,
Waitrose Barnet,"Pizza, Pasta, Ready Meals",Fresh Pizza,No.1 Wood-fired Mushroom & Truffle Sourdough Pizza 440g,440g,£18.41/kg,8.10,,
Waitrose Barnet,"Pizza, Pasta, Ready Meals",Fresh Pizza,No.1 Wood-fired Pepperoni & Fior Di Latte Sourdough Pizza 420g,420g,£19.29/kg,8.10,,
Waitrose Barnet,"Pizza, Pasta, Ready Meals",Fresh Pizza,"No.1 Wood-fired Prosciutto Cotto, Chestnut Mushroom & Mascarpone Sourdough Pizza 490g",490g,£16.53/kg,8.10,,
Waitrose Barnet,"Pizza, Pasta, Ready Meals",Fresh Pizza,No.1 Wood-fired Smoky Five Cheese Sourdough Pizza 430g,430g,£18.84/kg,8.10,,
Waitrose Barnet,"Pizza, Pasta, Ready Meals",Fresh Pizza,"Pizza Express Classic Margherita, Mozzarella 245g",245g,£29.39/kg,7.20,,
Waitrose Barnet,"Pizza, Pasta, Ready Meals",Fresh Pizza,"Pizza Express Classic Sloppy Giuseppe, Spicy Beef 292g",292g,£24.66/kg,7.20,,
Waitrose Barnet,"Pizza, Pasta, Ready Meals",Fresh Pizza,Waitrose Pizza Club Margherita 497g,497g,£14.49/kg,7.20,,
Waitrose Barnet,"Pizza, Pasta, Ready Meals",Fresh Pizza,Waitrose Pizza Club Meal Deal 😍,,,15.00,,
Waitrose Barnet,"Pizza, Pasta, Ready Meals",Fresh Pizza,Waitrose Pizza Club Pepperoni Hot Honey 510g,510g,£14.12/kg,7.20,,
Waitrose Barnet,"Pizza, Pasta, Ready Meals",Fresh Pizza,"Waitrose Stonebaked Artichoke, Chargrilled Pepper & Olive Pizza 423g",423g,£15.60/kg,6.60,,£4.29 loyalty card (£10.14/kg)
Waitrose Barnet,"Pizza, Pasta, Ready Meals",Fresh Pizza,Waitrose Stonebaked Ham & Pineapple Pizza 440g,440g,£9.75/kg,4.29,6.60,35% off
Waitrose Barnet,"Pizza, Pasta, Ready Meals",Fresh Pizza,Waitrose Stonebaked Meat Feast Pizza 418g,418g,£15.79/kg,6.60,,
Waitrose Barnet,"Pizza, Pasta, Ready Meals",Fresh Pizza,"Waitrose Stonebaked Mushroom, Bacon & Mascarpone Pizza 465g",465g,£14.19/kg,6.60,,£4.29 loyalty card (£9.23/kg)
Waitrose Barnet,"Pizza, Pasta, Ready Meals",Fresh Pizza,Waitrose Stonebaked Pepperoni Pizza 413g,413g,£15.98/kg,6.60,,£4.29 loyalty card (£10.39/kg)
Waitrose Barnet,"Pizza, Pasta, Ready Meals",Garlic Bread & Dough Balls,Pizza Express Dough Balls with Garlic Butter 200g,200g,£26.50/kg,5.30,,
Waitrose Barnet,"Pizza, Pasta, Ready Meals",Garlic Bread & Dough Balls,Waitrose Essential Garlic Baguette 2s 412g,412g,£4.49/kg,1.85,,
Waitrose Barnet,"Pizza, Pasta, Ready Meals",Garlic Bread & Dough Balls,Waitrose Extra Virgin Olive Oil & Roasted Garlic Flatbread 155g,155g,£21.29/kg,3.30,,
Waitrose Barnet,"Pizza, Pasta, Ready Meals",Garlic Bread & Dough Balls,Waitrose Pecorino & Garlic Rustic Wheel 310g,310g,£12.74/kg,3.95,,
Waitrose Barnet,"Pizza, Pasta, Ready Meals",Garlic Bread & Dough Balls,Waitrose Pizza Club Tear & Share Garlic & Cheese Bread 220g,220g,£20.45/kg,4.50,,
Waitrose Barnet,"Pizza, Pasta, Ready Meals",Garlic Bread & Dough Balls,Waitrose Roasted Garlic Flatbread 240g,240g,£11.38/kg,2.73,4.20,35% off
Waitrose Barnet,"Pizza, Pasta, Ready Meals",Ready Meals,Charlie Bigham's Chicken Tikka Masala Curry & Pilau Rice For 1 403g,403g,£19.35/kg,7.80,,2 for £14.40
Waitrose Barnet,"Pizza, Pasta, Ready Meals",Ready Meals,Charlie Bigham's Chicken and Prawn Paella for 2 800g,800g,£12.33/kg,9.86,13.15,25% off
Waitrose Barnet,"Pizza, Pasta, Ready Meals",Ready Meals,Charlie Bigham's Cottage Pie for 1 325g,325g,£24.00/kg,7.80,,2 for £14.40
Waitrose Barnet,"Pizza, Pasta, Ready Meals",Ready Meals,Charlie Bigham's Lasagne for 1 355g,355g,£21.97/kg,7.80,,2 for £14.40
Waitrose Barnet,"Pizza, Pasta, Ready Meals",Ready Meals,Charlie Bigham's Meatballs Al Forno for 1 325g,325g,£24.00/kg,7.80,,2 for £14.40
Waitrose Barnet,"Pizza, Pasta, Ready Meals",Ready Meals,Charlie Bigham's Moussaka for 1 340g,340g,£22.94/kg,7.80,,2 for £14.40
Waitrose Barnet,"Pizza, Pasta, Ready Meals",Ready Meals,Charlie Bigham's Roasted Vegetable Lasagne for 2 690g,690g,£11.68/kg,8.06,10.75,25% off
Waitrose Barnet,"Pizza, Pasta, Ready Meals",Ready Meals,Charlie Bigham's Thai Red Chicken Curry & Fragrant Rice for 2 835g,835g,£10.73/kg,8.96,11.95,25% off
Waitrose Barnet,"Pizza, Pasta, Ready Meals",Ready Meals,Easy to Cook Mozzarella Stuffed Pork Meatballs 530g,530g,£12.64/kg,6.70,,3 for £15
Waitrose Barnet,"Pizza, Pasta, Ready Meals",Ready Meals,No.1 Pesto alla Genovese 145g,145g,£23.17/kg,3.36,4.20,20% off
Waitrose Barnet,"Pizza, Pasta, Ready Meals",Ready Meals,"Waitrose Classics Chicken, Leek & Spinach Hotpot for 1 380g",380g,£13.29/kg,5.05,,3 for £12
Waitrose Barnet,"Pizza, Pasta, Ready Meals",Ready Meals,Waitrose Classics Chilli Con Carne for 1 450g,450g,£11.22/kg,5.05,,3 for £12
Waitrose Barnet,"Pizza, Pasta, Ready Meals",Ready Meals,Waitrose Classics Cottage Pie for 1 400g,400g,£12.63/kg,5.05,,3 for £12
Waitrose Barnet,"Pizza, Pasta, Ready Meals",Ready Meals,Waitrose Classics Cumberland Pie for 1 400g,400g,£12.63/kg,5.05,,3 for £12
Waitrose Barnet,"Pizza, Pasta, Ready Meals",Ready Meals,Waitrose Classics Fish Pie for 1 400g,400g,£12.63/kg,5.05,,3 for £12
Waitrose Barnet,"Pizza, Pasta, Ready Meals",Ready Meals,Waitrose Classics Sausage & Mash for 1 430g,430g,£11.74/kg,5.05,,3 for £12
Waitrose Barnet,"Pizza, Pasta, Ready Meals",Ready Meals,Waitrose Italian Chicken & Parmesan Fettuccine for 1 400g,400g,£12.63/kg,5.05,,3 for £12
Waitrose Barnet,"Pizza, Pasta, Ready Meals",Ready Meals,Waitrose Italian Chicken Arrabbiata for 1 400g,1pk,£5.05 each,5.05,,3 for £12
Waitrose Barnet,"Pizza, Pasta, Ready Meals",Ready Meals,Waitrose Italian Chilli Prawn Spaghetti for 1 360g,360g,£14.03/kg,5.05,,3 for £12
Waitrose Barnet,"Pizza, Pasta, Ready Meals",Ready Meals,Waitrose Italian Roasted Vegetable Lasagne for 1 400g,400g,£12.63/kg,5.05,,3 for £12
Waitrose Barnet,"Pizza, Pasta, Ready Meals",Ready Meals,Waitrose Italian Spaghetti Carbonara for 1 400g,400g,£12.63/kg,5.05,,3 for £12
Waitrose Barnet,"Pizza, Pasta, Ready Meals",Starters & Side Dishes,Waitrose Mashed Potato 450g,450g,£6.00/kg,2.70,3.60,25% off
Waitrose Barnet,"Pizza, Pasta, Ready Meals",Starters & Side Dishes,Waitrose Parmentier Potatoes 400g,400g,£5.45/kg,2.18,2.90,25% off
Waitrose Barnet,"Pizza, Pasta, Ready Meals",Starters & Side Dishes,Aunt Bessie's 10 Golden Yorkshires 190g,190g,£13.95/kg,2.65,,
Waitrose Barnet,"Pizza, Pasta, Ready Meals",Ready Meals,Charlie Bigham's Chilli Con Carne & Mexican Rice for 2 840g,840g,£14.23/kg,11.95,,
Waitrose Barnet,"Pizza, Pasta, Ready Meals",Ready Meals,Charlie Bigham's Cottage Pie for 2 650g,650g,£18.38/kg,11.95,,
Waitrose Barnet,"Pizza, Pasta, Ready Meals",Ready Meals,Charlie Bigham's Macaroni Cheese with Crispy Bacon for 2 670g,670g,£17.84/kg,11.95,,
Waitrose Barnet,"Pizza, Pasta, Ready Meals",Ready Meals,Charlie Bigham's Roasted Vegetable Lasagne for 1 345g,345g,£22.61/kg,7.80,,
Waitrose Barnet,"Pizza, Pasta, Ready Meals",Ready Meals,Easy to Cook Hunter's Chicken 356g,356g,£24.16/kg,8.60,,
Waitrose Barnet,"Pizza, Pasta, Ready Meals",Starters & Side Dishes,GOOD TO GO Large Vegetable Samosa 110g,110g,£28.18/kg,3.10,,
Waitrose Barnet,"Pizza, Pasta, Ready Meals",Starters & Side Dishes,Idahoan Perfect Buttery Mash Potato 109g,109g,£19.72/kg,2.15,,
Waitrose Barnet,"Pizza, Pasta, Ready Meals",Starters & Side Dishes,No.1 6 Beef Dripping Yorkshire Puddings 252g,252g,£14.29/kg,3.60,,
Waitrose Barnet,"Pizza, Pasta, Ready Meals",Ready Meals,No.1 Beef Bourguignon 650g,650g,£19.38/kg,12.60,,
Waitrose Barnet,"Pizza, Pasta, Ready Meals",Ready Meals,No.1 Beef Lasagne for 2 800g,800g,£15.00/kg,12.00,,
Waitrose Barnet,"Pizza, Pasta, Ready Meals",Ready Meals,No.1 Butter Chicken Masala for 2 400g,400g,£19.50/kg,7.80,,
Waitrose Barnet,"Pizza, Pasta, Ready Meals",Starters & Side Dishes,No.1 Green Vegetable Medley 225g,225g,£21.33/kg,4.80,,
Waitrose Barnet,"Pizza, Pasta, Ready Meals",Starters & Side Dishes,No.1 Maris Piper Mash 450g,450g,£10.67/kg,4.80,,
Waitrose Barnet,"Pizza, Pasta, Ready Meals",Starters & Side Dishes,No.1 Potato Dauphinoise 420g,420g,£11.43/kg,4.80,,
Waitrose Barnet,"Pizza, Pasta, Ready Meals",Starters & Side Dishes,No.1 Triple Cooked Fries with Cornish Sea Salt 400g,400g,£12.00/kg,4.80,,
Waitrose Barnet,"Pizza, Pasta, Ready Meals",Ready Meals,No.1 Wagyu Beef Ragu with Torchietti Pasta 750g,750g,£16.00/kg,12.00,,
Waitrose Barnet,"Pizza, Pasta, Ready Meals",Ready Meals,Plant Living Shiitake Mushroom Chow Mein 380g,380g,£13.55/kg,5.15,,
Waitrose Barnet,"Pizza, Pasta, Ready Meals",Ready Meals,Plant Living Sweet & Sour Vegetables with Jasmine Rice 380g,380g,£13.55/kg,5.15,,
Waitrose Barnet,"Pizza, Pasta, Ready Meals",Ready Meals,PlantLiving: Tikka Masala with Vegetables & Cashews for 1 380g,380g,£13.55/kg,5.15,,
Waitrose Barnet,"Pizza, Pasta, Ready Meals",Starters & Side Dishes,Super Green Vegetable Medley Each,1pk,£3.40 each,3.40,,
Waitrose Barnet,"Pizza, Pasta, Ready Meals",Starters & Side Dishes,Waitrose 4 Vegetable Samosas 220g,220g,£15.91/kg,3.50,,
Waitrose Barnet,"Pizza, Pasta, Ready Meals",Starters & Side Dishes,Waitrose 6 Mini Yorkshire Puddings 132g,132g,£18.18/kg,2.40,,
Waitrose Barnet,"Pizza, Pasta, Ready Meals",Starters & Side Dishes,Waitrose 6 Onion Bhajis 300g,300g,£13.17/kg,3.95,,
Waitrose Barnet,"Pizza, Pasta, Ready Meals",Starters & Side Dishes,Waitrose Carrot & Swede Potato Mash 400g,400g,£5.25/kg,2.10,,
Waitrose Barnet,"Pizza, Pasta, Ready Meals",Starters & Side Dishes,Waitrose Cauliflower Cheese 450g,450g,£9.33/kg,4.20,,
Waitrose Barnet,"Pizza, Pasta, Ready Meals",Starters & Side Dishes,Waitrose Cheddar Mash 450g,450g,£8.00/kg,3.60,,
Waitrose Barnet,"Pizza, Pasta, Ready Meals",Ready Meals,Waitrose Chicken Yaki Udon Noodles for 1 375g,375g,£18.53/kg,6.95,,
Waitrose Barnet,"Pizza, Pasta, Ready Meals",Ready Meals,"Waitrose Chicken, Tomato & Basil Pasta 360g",360g,£12.78/kg,4.60,,
Waitrose Barnet,"Pizza, Pasta, Ready Meals",Ready Meals,Waitrose Classic Beef Stroganoff with Rice for 1 400g,400g,£15.75/kg,6.30,,
Waitrose Barnet,"Pizza, Pasta, Ready Meals",Ready Meals,Waitrose Classics Braised Beef & Mash for 1 450g,450g,£13.33/kg,6.00,,
Waitrose Barnet,"Pizza, Pasta, Ready Meals",Ready Meals,Waitrose Classics Cod in Parsley Sauce Fillet for 1 400g,400g,£15.75/kg,6.30,,
Waitrose Barnet,"Pizza, Pasta, Ready Meals",Ready Meals,Waitrose Classics Lamb in Mint & Redcurrant Gravy for 1 380g,380g,£16.58/kg,6.30,,
Waitrose Barnet,"Pizza, Pasta, Ready Meals",Ready Meals,Waitrose Classics Roast Chicken Dinner for 1 430g,1pk,£6.30 each,6.30,,
Waitrose Barnet,"Pizza, Pasta, Ready Meals",Starters & Side Dishes,Waitrose Crispy Potato Slices 350g,350g,£8.00/kg,2.80,,
Waitrose Barnet,"Pizza, Pasta, Ready Meals",Ready Meals,Waitrose Crispy Sweet & Sour Chicken 420g,420g,£15.71/kg,6.60,,
Waitrose Barnet,"Pizza, Pasta, Ready Meals",Starters & Side Dishes,Waitrose Egg Fried Rice 350g,350g,£8.86/kg,3.10,,
Waitrose Barnet,"Pizza, Pasta, Ready Meals",Starters & Side Dishes,"Waitrose Freekeh, Black Rice & Chickpeas 300g",300g,£10.67/kg,3.20,,
Waitrose Barnet,"Pizza, Pasta, Ready Meals",Starters & Side Dishes,Waitrose Garlic & Herb Mushrooms 225g,225g,£17.56/kg,3.95,,
Waitrose Barnet,"Pizza, Pasta, Ready Meals",Ready Meals,Waitrose Indian Aloo Gobi Saag 300g,300g,£12.83/kg,3.85,,
Waitrose Barnet,"Pizza, Pasta, Ready Meals",Ready Meals,Waitrose Indian Bombay Potato 300g,300g,£12.83/kg,3.85,,
Waitrose Barnet,"Pizza, Pasta, Ready Meals",Ready Meals,Waitrose Indian Chicken Biryani for 1 450g,450g,£14.22/kg,6.40,,
Waitrose Barnet,"Pizza, Pasta, Ready Meals",Ready Meals,Waitrose Indian Chicken Korma Curry for 2 350g,350g,£18.29/kg,6.40,,
Waitrose Barnet,"Pizza, Pasta, Ready Meals",Ready Meals,Waitrose Indian Chicken Madras Curry for 2 350g,350g,£18.29/kg,6.40,,
Waitrose Barnet,"Pizza, Pasta, Ready Meals",Ready Meals,Waitrose Indian Chicken Saag Masala Curry for 2 350g,350g,£18.29/kg,6.40,,
Waitrose Barnet,"Pizza, Pasta, Ready Meals",Ready Meals,Waitrose Indian Chicken Tikka Masala Curry for 2 350g,350g,£18.29/kg,6.40,,
Waitrose Barnet,"Pizza, Pasta, Ready Meals",Ready Meals,Waitrose Indian Pilau Rice 300g,300g,£10.33/kg,3.10,,
Waitrose Barnet,"Pizza, Pasta, Ready Meals",Ready Meals,Waitrose Indian Prawn Bhuna Curry for 2 350g,350g,£18.29/kg,6.40,,
Waitrose Barnet,"Pizza, Pasta, Ready Meals",Ready Meals,Waitrose Indian Vegetable Biryani for 1 450g,450g,£14.22/kg,6.40,,
Waitrose Barnet,"Pizza, Pasta, Ready Meals",Ready Meals,Waitrose Italian Macaroni Cheese for 1 400g,400g,£12.63/kg,5.05,,
Waitrose Barnet,"Pizza, Pasta, Ready Meals",Starters & Side Dishes,Waitrose Mashed Potato 400g,400g,£3.00/kg,1.20,,
Waitrose Barnet,"Pizza, Pasta, Ready Meals",Starters & Side Dishes,Waitrose Mediterranean Chargrilled Vegetables 160g,160g,£30.00/kg,4.80,,
Waitrose Barnet,"Pizza, Pasta, Ready Meals","Pizza, Pasta, Ready Meals",Waitrose Pizza Club Margherita 497g,,,0.00,,
Waitrose Barnet,"Pizza, Pasta, Ready Meals","Pizza, Pasta, Ready Meals",Waitrose Pizza Club Pepperoni Hot Honey 510g,,,0.00,,
Waitrose Barnet,"Pizza, Pasta, Ready Meals",Starters & Side Dishes,Waitrose Pizza Club Sweet & Smoky Potato Wedges with Sour Cream Dip 425g,425g,£10.59/kg,4.50,,
Waitrose Barnet,"Pizza, Pasta, Ready Meals","Pizza, Pasta, Ready Meals",Waitrose Pizza Club Sweet & Smoky Potato Wedges with Sour Cream Dip 425g,,,0.00,,
Waitrose Barnet,"Pizza, Pasta, Ready Meals","Pizza, Pasta, Ready Meals",Waitrose Pizza Club Tear & Share Garlic & Cheese Bread 220g,,,0.00,,
Waitrose Barnet,"Pizza, Pasta, Ready Meals",Ready Meals,Waitrose PlantLiving Smoky Chilli & Rice 380g,380g,£13.55/kg,5.15,,
Waitrose Barnet,"Pizza, Pasta, Ready Meals",Starters & Side Dishes,Waitrose Potato Croquettes 220g,220g,£15.00/kg,3.30,,
Waitrose Barnet,"Pizza, Pasta, Ready Meals",Starters & Side Dishes,Waitrose Potato Gratin 420g,420g,£10.00/kg,4.20,,
Waitrose Barnet,"Pizza, Pasta, Ready Meals",Starters & Side Dishes,Waitrose Potato Rosti 300g,300g,£7.17/kg,2.15,,
Waitrose Barnet,"Pizza, Pasta, Ready Meals",Starters & Side Dishes,Waitrose Red Cabbage 300g,300g,£12.00/kg,3.60,,
Waitrose Barnet,"Pizza, Pasta, Ready Meals",Starters & Side Dishes,Waitrose Roast Potato with Cornish Salted Butter 450g,450g,£8.00/kg,3.60,,
Waitrose Barnet,"Pizza, Pasta, Ready Meals",Starters & Side Dishes,Waitrose Roast Potatoes 450g,450g,£9.33/kg,4.20,,
Waitrose Barnet,"Pizza, Pasta, Ready Meals",Ready Meals,Waitrose Scottish Salmon En Croute 350g,350g,£22.29/kg,7.80,,
Waitrose Barnet,"Pizza, Pasta, Ready Meals",Starters & Side Dishes,Waitrose Seasoned Charlotte Potatoes 375g,375g,£7.20/kg,2.70,,
Waitrose Barnet,"Pizza, Pasta, Ready Meals",Ready Meals,Waitrose Singapore Noodles for 1 400g,400g,£16.00/kg,6.40,,
Waitrose Barnet,"Pizza, Pasta, Ready Meals",Ready Meals,Waitrose Slow Cooked Beef Ragù 385g,385g,£25.19/kg,9.70,,
Waitrose Barnet,"Pizza, Pasta, Ready Meals",Ready Meals,Waitrose Spinach & Carrot Rice 300g,300g,£10.33/kg,3.10,,
Waitrose Barnet,"Pizza, Pasta, Ready Meals",Ready Meals,Waitrose Thai Red Chicken Curry 350g,350g,£18.29/kg,6.40,,
Waitrose Barnet,"Pizza, Pasta, Ready Meals",Starters & Side Dishes,"Waitrose Wheatberries, Lentils & Green Veg 300g",300g,£10.67/kg,3.20,,
Waitrose Barnet,"Pizza, Pasta, Ready Meals",Ready Meals,Charlie Bigham's Breton Chicken with Mashed Potato For 2 800g,800g,£14.94/kg,11.95,,
Waitrose Barnet,"Pizza, Pasta, Ready Meals",Ready Meals,Charlie Bigham's Chicken & Ham Gratin For 1 325g,325g,£24.00/kg,7.80,,
Waitrose Barnet,"Pizza, Pasta, Ready Meals",Ready Meals,Charlie Bigham's Shepherd's Pie for 2 650g,650g,£18.38/kg,11.95,,
Waitrose Barnet,"Pizza, Pasta, Ready Meals",Ready Meals,Charlie Bigham's Spanish Chicken & Roasted Potatoes for 2 775g,775g,£15.42/kg,11.95,,
Waitrose Barnet,"Pizza, Pasta, Ready Meals",Ready Meals,Charlie Bigham's Thai Green Chicken Curry & Fragrant Rice for 1 403g,403g,£19.35/kg,7.80,,
Waitrose Barnet,"Pizza, Pasta, Ready Meals",Ready Meals,Easy to Cook Chicken Parmigiana 450g,450g,£21.33/kg,9.60,,
Waitrose Barnet,"Pizza, Pasta, Ready Meals",Ready Meals,No.1 Fish Pie for 2 700g,700g,£18.00/kg,12.60,,
Waitrose Barnet,"Pizza, Pasta, Ready Meals",Ready Meals,No.1 Lamb Moussaka 750g,750g,£16.80/kg,12.60,,
Waitrose Barnet,"Pizza, Pasta, Ready Meals",Ready Meals,No.1 Paella 800g,800g,£15.75/kg,12.60,,
Waitrose Barnet,"Pizza, Pasta, Ready Meals",Ready Meals,No.1 Spinach & Ricotta Lasagne 750g,750g,£16.00/kg,12.00,,
Waitrose Barnet,"Pizza, Pasta, Ready Meals",Ready Meals,WR Indian Takeaway Box for 2 1412g,1.41kg,£10.84/kg,15.30,,
Waitrose Barnet,"Pizza, Pasta, Ready Meals",Ready Meals,Waitrose Indian Vegetable Masala Curry for 2 350g,350g,£18.29/kg,6.40,,
Waitrose Barnet,"Pizza, Pasta, Ready Meals",Ready Meals,Waitrose PlantLiving Indian Inspired Takeaway Feast 1412g,1.41kg,£10.62/kg,15.00,,
Waitrose Barnet,"Pizza, Pasta, Ready Meals",Ready Meals,Waitrose Slow Cooked Fajita Chicken 440g,440g,£16.36/kg,7.20,,
Waitrose Barnet,"Pizza, Pasta, Ready Meals",Ready Meals,Waitrose Slow Cooked Shred & Share Chicken Gyros 380g,380g,£18.42/kg,7.00,,
Waitrose Barnet,"Rice, Pasta, Pulses, Noodles",Microwave Rice & Grains,Ben's Original Basmati Rice 220g,220g,£6.59/kg,1.45,,
Waitrose Barnet,"Rice, Pasta, Pulses, Noodles",Microwave Rice & Grains,Ben's Original Golden Vegetable Rice 220g,220g,£8.18/kg,1.80,,
Waitrose Barnet,"Rice, Pasta, Pulses, Noodles",Microwave Rice & Grains,Ben's Original Long Grain Rice 220g,220g,£6.59/kg,1.45,,
Waitrose Barnet,"Rice, Pasta, Pulses, Noodles",Microwave Rice & Grains,"Merchant Gourmet Brown, Red & Wild Wholegrain Rice 250g",250g,£10.00/kg,2.50,,
Waitrose Barnet,"Rice, Pasta, Pulses, Noodles",Microwave Rice & Grains,Merchant Gourmet Pilau Basmati Rice 250g,250g,£10.00/kg,2.50,,
Waitrose Barnet,"Rice, Pasta, Pulses, Noodles",Microwave Rice & Grains,Merchant Gourmet Red & White Quinoa 250g,250g,£11.00/kg,2.75,,
Waitrose Barnet,"Rice, Pasta, Pulses, Noodles",Microwave Rice & Grains,Merchant Gourmet Thai Green Lentil Curry 280g,280g,£11.07/kg,3.10,,
Waitrose Barnet,"Rice, Pasta, Pulses, Noodles",Microwave Rice & Grains,Merchant Gourmet Tomatoey Puy & Green Lentils 250g,250g,£11.00/kg,2.75,,
Waitrose Barnet,"Rice, Pasta, Pulses, Noodles",Microwave Rice & Grains,Soul Tadka Dal 300g,300g,£10.67/kg,3.20,,
Waitrose Barnet,"Rice, Pasta, Pulses, Noodles",Microwave Rice & Grains,Tilda Chinese Fried Rice 250g,250g,£8.80/kg,2.20,,
Waitrose Barnet,"Rice, Pasta, Pulses, Noodles",Microwave Rice & Grains,Tilda Coconut Basmati Rice 250g,250g,£4.84/kg,1.21,2.20,45% off
Waitrose Barnet,"Rice, Pasta, Pulses, Noodles",Microwave Rice & Grains,Tilda Fragrant Jasmine Rice 250g,250g,£8.00/kg,2.00,,
Waitrose Barnet,"Rice, Pasta, Pulses, Noodles",Microwave Rice & Grains,Tilda Lime & Coriander Basmati Rice 250g,250g,£4.84/kg,1.21,2.20,45% off
Waitrose Barnet,"Rice, Pasta, Pulses, Noodles",Microwave Rice & Grains,Tilda Microwave Sticky Rice 250g,250g,£8.00/kg,2.00,,
Waitrose Barnet,"Rice, Pasta, Pulses, Noodles",Microwave Rice & Grains,Tilda Pilau Basmati Rice 250g,250g,£8.00/kg,2.00,,
Waitrose Barnet,"Rice, Pasta, Pulses, Noodles",Microwave Rice & Grains,Tilda Pots Butter & Sea Salt 250g,250g,£8.40/kg,2.10,,
Waitrose Barnet,"Rice, Pasta, Pulses, Noodles",Microwave Rice & Grains,Tilda Pots Sticky Rice 250g,250g,£8.40/kg,2.10,,
Waitrose Barnet,"Rice, Pasta, Pulses, Noodles",Microwave Rice & Grains,Tilda Pure Basmati Rice 250g,250g,£8.00/kg,2.00,,
Waitrose Barnet,"Rice, Pasta, Pulses, Noodles",Microwave Rice & Grains,Tilda Wholegrain Basmati Rice 250g,250g,£8.00/kg,2.00,,
Waitrose Barnet,"Rice, Pasta, Pulses, Noodles",Microwave Rice & Grains,Veetee Heat & Eat Basmati & Wild Rice Pots 2 x 125g 250g,250g,£7.20/kg,1.80,,
Waitrose Barnet,"Rice, Pasta, Pulses, Noodles",Microwave Rice & Grains,Veetee Heat & Eat Long Grain Rice Pot 2 x 130g 250g,250g,£7.20/kg,1.80,,
Waitrose Barnet,"Rice, Pasta, Pulses, Noodles",Microwave Rice & Grains,Veetee Steam Filtered Basmati 2x125g,250g,£7.20/kg,1.80,,
Waitrose Barnet,"Rice, Pasta, Pulses, Noodles",Microwave Rice & Grains,Waitrose Brown Basmati Rice 250g,250g,£3.60/kg,0.90,,
Waitrose Barnet,"Rice, Pasta, Pulses, Noodles",Microwave Rice & Grains,Waitrose Egg Fried Rice 250g,250g,£4.40/kg,1.10,,
Waitrose Barnet,"Rice, Pasta, Pulses, Noodles",Microwave Rice & Grains,Waitrose Golden Vegetable Rice 250g,250g,£4.40/kg,1.10,,
Waitrose Barnet,"Rice, Pasta, Pulses, Noodles",Microwave Rice & Grains,Waitrose Pilau Rice 250g,250g,£3.60/kg,0.90,,
Waitrose Barnet,"Rice, Pasta, Pulses, Noodles",Microwave Rice & Grains,Waitrose Wholegrain Mexican Style Rice 250g,250g,£4.40/kg,1.10,,
Waitrose Barnet,"Rice, Pasta, Pulses, Noodles",Microwave Rice & Grains,Waitrose Wholegrain Rice 250g,250g,£3.60/kg,0.90,,
Waitrose Barnet,"Rice, Pasta, Pulses, Noodles",Noodles,Batchelors Super Noodles Chicken 4 x 90g 4x90g,360g,£13.19/kg,4.75,,
Waitrose Barnet,"Rice, Pasta, Pulses, Noodles",Noodles,Nissin Soba Chilli Cup Noodles 92g,92g,£28.80/kg,2.65,,
Waitrose Barnet,"Rice, Pasta, Pulses, Noodles",Noodles,Pot Noodle King Beef & Tomato 114g,114g,£15.35/kg,1.75,,
Waitrose Barnet,"Rice, Pasta, Pulses, Noodles",Noodles,Pot Noodle Standard Chicken & Mushroom 90g,90g,£19.44/kg,1.75,,
Waitrose Barnet,"Rice, Pasta, Pulses, Noodles",Noodles,Waitrose Egg Noodles 275g,275g,£5.82/kg,1.60,,
Waitrose Barnet,"Rice, Pasta, Pulses, Noodles",Noodles,Waitrose Fine Egg Noodles 250g,250g,£6.20/kg,1.55,,
Waitrose Barnet,"Rice, Pasta, Pulses, Noodles",Noodles,Waitrose Lentil Protein Noodles 275g,275g,£7.64/kg,2.10,,
Waitrose Barnet,"Rice, Pasta, Pulses, Noodles",Noodles,Waitrose Rice Noodles 180g,180g,£10.00/kg,1.80,,
Waitrose Barnet,"Rice, Pasta, Pulses, Noodles",Noodles,Waitrose Singapore Rice Noodles 275g,275g,£6.55/kg,1.80,,
Waitrose Barnet,"Rice, Pasta, Pulses, Noodles",Noodles,itsu BIG chickn ramen instant noodles & broth pot 96g,96g,£34.38/kg,3.30,,
Waitrose Barnet,"Rice, Pasta, Pulses, Noodles",Noodles,itsu BIG katsu curry instant noodles & broth pot 96g,96g,£34.38/kg,3.30,,
Waitrose Barnet,"Rice, Pasta, Pulses, Noodles",Noodles,itsu Chick-n Ramen Rice Noodles 64g,64g,£40.63/kg,2.60,,
Waitrose Barnet,"Rice, Pasta, Pulses, Noodles",Noodles,itsu Udon Noodles 150g,150g,£8.00/kg,1.20,,
Waitrose Barnet,"Rice, Pasta, Pulses, Noodles",Noodles,itsu chilli miso noodles & broth 65g,65g,£40.00/kg,2.60,,
Waitrose Barnet,"Rice, Pasta, Pulses, Noodles",Noodles,itsu spicy chickn instant noodles & broth pot 64g,64g,£40.63/kg,2.60,,
Waitrose Barnet,"Rice, Pasta, Pulses, Noodles",Pasta,De Cecco Conchiglie Rigate 500g,500g,£3.12/kg,1.56,2.40,35% off
Waitrose Barnet,"Rice, Pasta, Pulses, Noodles",Rice,Tilda Boil in Bag Pure Basmati Rice 4x62.5g,250g,£4.88/kg,1.22,2.70,55% off
Waitrose Barnet,"Rice, Pasta, Pulses, Noodles",Pasta,De Cecco Fusilli Pasta 500g,500g,£4.80/kg,2.40,,£1.56 loyalty card (£3.12/kg)
Waitrose Barnet,"Rice, Pasta, Pulses, Noodles",Pasta,De Cecco Linguine 500g,500g,£4.80/kg,2.40,,
Waitrose Barnet,"Rice, Pasta, Pulses, Noodles",Pasta,De Cecco Pasta Chifferi Rigati 500g,500g,£4.80/kg,2.40,,
Waitrose Barnet,"Rice, Pasta, Pulses, Noodles",Pasta,De Cecco Penne Rigate Pasta 500g,500g,£4.80/kg,2.40,,£1.56 loyalty card (£3.12/kg)
Waitrose Barnet,"Rice, Pasta, Pulses, Noodles",Pasta,De Cecco Spaghetti Pasta 500g,500g,£4.80/kg,2.40,,£1.56 loyalty card (£3.12/kg)
Waitrose Barnet,"Rice, Pasta, Pulses, Noodles",Pasta,De Cecco Tortiglioni 500g,500g,£4.80/kg,2.40,,
Waitrose Barnet,"Rice, Pasta, Pulses, Noodles",Pasta,Essential Macaroni Pasta 500g,500g,£1.90/kg,0.95,,
Waitrose Barnet,"Rice, Pasta, Pulses, Noodles",Pasta,Essential Penne 500g,500g,£1.90/kg,0.95,,
Waitrose Barnet,"Rice, Pasta, Pulses, Noodles",Pasta,Essential Penne Pasta 1kg,1kg,£1.80/kg,1.80,,
Waitrose Barnet,"Rice, Pasta, Pulses, Noodles",Pasta,Essential Spaghetti 1kg,1kg,£1.80/kg,1.80,,
Waitrose Barnet,"Rice, Pasta, Pulses, Noodles",Pasta,Essential Spaghetti 500g,500g,£1.90/kg,0.95,,
Waitrose Barnet,"Rice, Pasta, Pulses, Noodles",Pasta,No.1 Italian Egg Pappardelle 500g,500g,£7.20/kg,3.60,,
Waitrose Barnet,"Rice, Pasta, Pulses, Noodles",Pasta,No.1 Italian Fusilli Bucati Pasta 500g,500g,£7.20/kg,3.60,,
Waitrose Barnet,"Rice, Pasta, Pulses, Noodles",Pasta,No.1 Italian Fusilloni Pasta 500g,500g,£7.20/kg,3.60,,
Waitrose Barnet,"Rice, Pasta, Pulses, Noodles",Pasta,No.1 Italian Orecchiette Pasta 500g,500g,£7.20/kg,3.60,,
Waitrose Barnet,"Rice, Pasta, Pulses, Noodles",Pasta,Plants High Protein Fusilli Pasta 215g,215g,£13.95/kg,3.00,,
Waitrose Barnet,"Rice, Pasta, Pulses, Noodles",Pasta,Waitrose Conchiglie Rigate 500g,500g,£4.00/kg,2.00,,
Waitrose Barnet,"Rice, Pasta, Pulses, Noodles",Pasta,Waitrose Egg Lasagne Sheets 375g,375g,£5.33/kg,2.00,,
Waitrose Barnet,"Rice, Pasta, Pulses, Noodles",Pasta,Waitrose Elicoidali Rigati Pasta 500g,500g,£4.00/kg,2.00,,
Waitrose Barnet,"Rice, Pasta, Pulses, Noodles",Pasta,Waitrose Farfalle Pasta 500g,500g,£4.00/kg,2.00,,
Waitrose Barnet,"Rice, Pasta, Pulses, Noodles",Pasta,Waitrose Fettuccine 500g,500g,£4.00/kg,2.00,,
Waitrose Barnet,"Rice, Pasta, Pulses, Noodles",Pasta,Waitrose Free From Elbow Macaroni 500g,500g,£4.40/kg,2.20,,
Waitrose Barnet,"Rice, Pasta, Pulses, Noodles",Pasta,Waitrose Free From Gluten Fusilli 500g,500g,£4.70/kg,2.35,,
Waitrose Barnet,"Rice, Pasta, Pulses, Noodles",Pasta,Waitrose Free From Gluten Spaghetti 500g,500g,£4.70/kg,2.35,,
Waitrose Barnet,"Rice, Pasta, Pulses, Noodles",Pasta,Waitrose Fusilli Pasta 500g,500g,£4.00/kg,2.00,,
Waitrose Barnet,"Rice, Pasta, Pulses, Noodles",Pasta,Waitrose Linguine 500g,500g,£4.00/kg,2.00,,
Waitrose Barnet,"Rice, Pasta, Pulses, Noodles",Pasta,Waitrose Paglia e Fieno Pasta Nests 500g,500g,£4.40/kg,2.20,,
Waitrose Barnet,"Rice, Pasta, Pulses, Noodles",Pasta,Waitrose Pennoni Rigati 500g,500g,£4.00/kg,2.00,,
Waitrose Barnet,"Rice, Pasta, Pulses, Noodles",Pasta,Waitrose Spaghetti Pasta 500g,500g,£4.00/kg,2.00,,
Waitrose Barnet,"Rice, Pasta, Pulses, Noodles",Pasta,Waitrose Wholewheat Fusilli Pasta 500g,500g,£4.00/kg,2.00,,
Waitrose Barnet,"Rice, Pasta, Pulses, Noodles",Pasta,Waitrose Wholewheat Penne Pasta 500g,500g,£4.00/kg,2.00,,
Waitrose Barnet,"Rice, Pasta, Pulses, Noodles",Pasta,Waitrose Wholewheat Spaghetti 500g,500g,£4.00/kg,2.00,,
Waitrose Barnet,"Rice, Pasta, Pulses, Noodles",Pulses & Grains,Ainsley Harriott Roasted Vegetable Couscous 100g,100g,£12.00/kg,1.20,,
Waitrose Barnet,"Rice, Pasta, Pulses, Noodles",Pulses & Grains,Waitrose Bulgur Wheat 500g 500g,1pk,£2.70 each,2.70,,
Waitrose Barnet,"Rice, Pasta, Pulses, Noodles",Pulses & Grains,Waitrose Couscous 500g,500g,£3.20/kg,1.60,,
Waitrose Barnet,"Rice, Pasta, Pulses, Noodles",Pulses & Grains,Waitrose Lentils 500g,500g,£5.20/kg,2.60,,
Waitrose Barnet,"Rice, Pasta, Pulses, Noodles",Pulses & Grains,Waitrose Red Split Lentils 500g,500g,£5.20/kg,2.60,,
Waitrose Barnet,"Rice, Pasta, Pulses, Noodles",Rice,Cooks' Ingredients Sushi Rice 500g,500g,£5.60/kg,2.80,,
Waitrose Barnet,"Rice, Pasta, Pulses, Noodles",Rice,Essential Brown Basmati Rice 1kg,1kg,£3.00/kg,3.00,,
Waitrose Barnet,"Rice, Pasta, Pulses, Noodles",Rice,Tilda Long Grain Rice 1Kg,1kg,£4.80/kg,4.80,,
Waitrose Barnet,"Rice, Pasta, Pulses, Noodles",Rice,Tilda Pure Basmati Rice 500g,500g,£7.80/kg,3.90,,
Waitrose Barnet,"Rice, Pasta, Pulses, Noodles",Rice,Veetee Rice Box Basmati 500g 500g,500g,£5.30/kg,2.65,,
Waitrose Barnet,"Rice, Pasta, Pulses, Noodles",Rice,Waitrose Basmati Rice 250g,250g,£3.60/kg,0.90,,
Waitrose Barnet,"Rice, Pasta, Pulses, Noodles",Rice,Waitrose Paella Rice 500g,500g,£7.20/kg,3.60,,
Waitrose Barnet,"Rice, Pasta, Pulses, Noodles",Rice,Waitrose Thai Hom Mali Rice 1kg,1kg,£3.60/kg,3.60,,
Waitrose Barnet,Salad & Herbs,Avocados,Duchy Organic Avocado Each,1pk,£1.75 each,1.75,,
Waitrose Barnet,Salad & Herbs,Avocados,Perfectly Ripe Avocados 2s,1pk,£2.30 each,2.30,,
Waitrose Barnet,Salad & Herbs,Avocados,Waitrose Perfectly Ripe Large Avocado each,1pk,£1.30 each,1.30,,
Waitrose Barnet,Salad & Herbs,Avocados,Waitrose Perfectly Ripe Medium Avocado each,1pk,£1.10 each,1.10,,
Waitrose Barnet,Salad & Herbs,"Chilli, Ginger & Garlic",Cooks' Ingredients Frozen Chopped ginger 75g,75g,£30.67/kg,2.30,,
Waitrose Barnet,Salad & Herbs,"Chilli, Ginger & Garlic",Cooks' Ingredients Garlic 3s,1pk,£0.85 each,0.85,,
Waitrose Barnet,Salad & Herbs,"Chilli, Ginger & Garlic",Cooks' Ingredients Garlic Each,1pk,£0.60 each,0.60,,
Waitrose Barnet,Salad & Herbs,"Chilli, Ginger & Garlic",Cooks' Ingredients Green Chillies 50g,50g,£22.00/kg,1.10,,
Waitrose Barnet,Salad & Herbs,"Chilli, Ginger & Garlic",Cooks' Ingredients Jalapeno Chillies 100g,100g,£18.00/kg,1.80,,
Waitrose Barnet,Salad & Herbs,"Chilli, Ginger & Garlic",Cooks' Ingredients Mixed Thai Chillies 30g,30g,£60.00/kg,1.80,,
Waitrose Barnet,Salad & Herbs,"Chilli, Ginger & Garlic",Cooks' Ingredients Red & Green Chillies 50g,50g,£14.00/kg,0.70,,
Waitrose Barnet,Salad & Herbs,"Chilli, Ginger & Garlic",Duchy Organic Garlic 3s,1pk,£1.40 each,1.40,,
Waitrose Barnet,Salad & Herbs,"Chilli, Ginger & Garlic",Waitrose Padron Peppers 130g,130g,£16.92/kg,2.20,,
Waitrose Barnet,Salad & Herbs,Cucumbers,Duchy Organic Ridge Cucumber Each,1pk,£2.10 each,2.10,,
Waitrose Barnet,Salad & Herbs,Cucumbers,Duchy Organic Salad Cucumber each,1pk,£1.75 each,1.75,,
Waitrose Barnet,Salad & Herbs,Cucumbers,Waitrose Loose Cucumber each,1pk,£1.30 each,1.30,,
Waitrose Barnet,Salad & Herbs,Dressings & Croutons,Cooks' Ingredients Croutons 100g,100g,£18.00/kg,1.80,,
Waitrose Barnet,Salad & Herbs,Dressings & Croutons,Essential French Style Dressing 250ml,250ml,£6.20/L,1.55,,
Waitrose Barnet,Salad & Herbs,Dressings & Croutons,Heinz Original Salad Cream 425g,425g,£9.76/kg,4.15,,£2.91 loyalty card (£6.85/kg)
Waitrose Barnet,Salad & Herbs,Dressings & Croutons,Heinz Ranch Sauce 400ml,400ml,£10.25/L,4.10,,
Waitrose Barnet,Salad & Herbs,Dressings & Croutons,Pizza Express House Dressing 235ml,235ml,£15.74/L,3.70,,£2.41 loyalty card (£10.26/L)
Waitrose Barnet,Salad & Herbs,Dressings & Croutons,Pizza Express light dressing 235ml,235ml,£10.26/L,2.41,3.70,35% off
Waitrose Barnet,Salad & Herbs,Dressings & Croutons,Waitrose Balsamic Dressing 235ml,235ml,£13.19/L,3.10,,
Waitrose Barnet,Salad & Herbs,Dressings & Croutons,Waitrose Caesar Dressing 235ml,235ml,£13.19/L,3.10,,
Waitrose Barnet,Salad & Herbs,Dressings & Croutons,Waitrose Fresh Caesar Dressing 150ml,150ml,£12.33/L,1.85,,
Waitrose Barnet,Salad & Herbs,Dressings & Croutons,Waitrose Fresh French Dressing 150ml,150ml,£12.33/L,1.85,,
Waitrose Barnet,Salad & Herbs,Dressings & Croutons,Waitrose Fresh Honey & Mustard Dressing 150ml,150ml,£12.33/L,1.85,,
Waitrose Barnet,Salad & Herbs,Fresh Herbs,Cooks' Ingredients Aromatic Coriander 25g,25g,£40.00/kg,1.00,,
Waitrose Barnet,Salad & Herbs,Fresh Herbs,Cooks' Ingredients Basil 25g,25g,£40.00/kg,1.00,,
Waitrose Barnet,Salad & Herbs,Fresh Herbs,Cooks' Ingredients Chives 20g,20g,£55.00/kg,1.10,,
Waitrose Barnet,Salad & Herbs,Fresh Herbs,Cooks' Ingredients Coriander 100g,100g,£20.50/kg,2.05,,
Waitrose Barnet,Salad & Herbs,Fresh Herbs,Cooks' Ingredients Curly Leaf Parsley 25g,25g,£40.00/kg,1.00,,
Waitrose Barnet,Salad & Herbs,Fresh Herbs,Cooks' Ingredients Dill Leaves 20g,20g,£55.00/kg,1.10,,
Waitrose Barnet,Salad & Herbs,Fresh Herbs,Cooks' Ingredients Flat Leaf Parsley 100g,100g,£20.50/kg,2.05,,
Waitrose Barnet,Salad & Herbs,Fresh Herbs,Cooks' Ingredients Flat Leaf Parsley 25g,25g,£40.00/kg,1.00,,
Waitrose Barnet,Salad & Herbs,Fresh Herbs,Cooks' Ingredients Flat Leaf Parsley Each,1pk,£2.30 each,2.30,,
Waitrose Barnet,Salad & Herbs,Fresh Herbs,Cooks' Ingredients Garden Chives Pot Each,1pk,£2.30 each,2.30,,
Waitrose Barnet,Salad & Herbs,Fresh Herbs,Cooks' Ingredients Large Basil Pot Each,1pk,£2.80 each,2.80,,
Waitrose Barnet,Salad & Herbs,Fresh Herbs,Cooks' Ingredients Lemon Thyme 20g,20g,£55.00/kg,1.10,,
Waitrose Barnet,Salad & Herbs,Fresh Herbs,Cooks' Ingredients Medium Basil Pot Each,1pk,£2.30 each,2.30,,
Waitrose Barnet,Salad & Herbs,Fresh Herbs,Cooks' Ingredients Mint 100g,100g,£21.00/kg,2.10,,
Waitrose Barnet,Salad & Herbs,Fresh Herbs,Cooks' Ingredients Mint 25g,25g,£40.00/kg,1.00,,
Waitrose Barnet,Salad & Herbs,Fresh Herbs,Cooks' Ingredients Mint Pot Each,1pk,£2.30 each,2.30,,
Waitrose Barnet,Salad & Herbs,Fresh Herbs,Cooks' Ingredients Oregano 15g,15g,£73.33/kg,1.10,,
Waitrose Barnet,Salad & Herbs,Fresh Herbs,Cooks' Ingredients Pot Thyme Each,1pk,£2.30 each,2.30,,
Waitrose Barnet,Salad & Herbs,Fresh Herbs,Cooks' Ingredients Rosemary 20g,20g,£55.00/kg,1.10,,
Waitrose Barnet,Salad & Herbs,Fresh Herbs,Cooks' Ingredients Sage 20g,20g,£55.00/kg,1.10,,
Waitrose Barnet,Salad & Herbs,Fresh Herbs,Cooks' Ingredients Tarragon 20g,20g,£55.00/kg,1.10,,
Waitrose Barnet,Salad & Herbs,Fresh Herbs,Cooks' Ingredients Thyme 20g,20g,£55.00/kg,1.10,,
Waitrose Barnet,Salad & Herbs,Fresh Herbs,Cooks' Ingredients Turmeric 100g,100g,£21.50/kg,2.15,,
Waitrose Barnet,Salad & Herbs,Lettuce & Salad Bags,Duchy Organic Spinach 200g,200g,£13.25/kg,2.65,,
Waitrose Barnet,Salad & Herbs,Lettuce & Salad Bags,Essential Iceberg Lettuce each,1pk,£1.20 each,1.20,,
Waitrose Barnet,Salad & Herbs,Lettuce & Salad Bags,Essential Little Gem Lettuce 2s,1pk,£1.10 each,1.10,,
Waitrose Barnet,Salad & Herbs,Lettuce & Salad Bags,Essential Salad Cress Each,1pk,£0.60 each,0.60,,
Waitrose Barnet,Salad & Herbs,Lettuce & Salad Bags,Essential Spinach 260g,260g,£6.73/kg,1.75,,
Waitrose Barnet,Salad & Herbs,Lettuce & Salad Bags,John Hurd's Organic Watercress 80g,80g,£35.00/kg,2.80,,
Waitrose Barnet,Salad & Herbs,Lettuce & Salad Bags,Steve's Leaves Pea Shoots & Baby Leaves 80g,80g,£22.50/kg,1.80,,
Waitrose Barnet,Salad & Herbs,Lettuce & Salad Bags,Waitrose Baby Leaf Greens 200g,200g,£10.25/kg,2.05,,
Waitrose Barnet,Salad & Herbs,Lettuce & Salad Bags,Waitrose Babyleaf Herb Salad 100g,100g,£25.00/kg,2.50,,
Waitrose Barnet,Salad & Herbs,Lettuce & Salad Bags,Waitrose Beetroot Salad 140g,140g,£12.14/kg,1.70,,
Waitrose Barnet,Salad & Herbs,Lettuce & Salad Bags,Waitrose Chicory 250g,250g,£10.80/kg,2.70,,
Waitrose Barnet,Salad & Herbs,Lettuce & Salad Bags,Waitrose Lambs Lettuce 90g,90g,£27.78/kg,2.50,,
Waitrose Barnet,Salad & Herbs,Lettuce & Salad Bags,Waitrose Pea Shoots 80g,80g,£27.50/kg,2.20,,
Waitrose Barnet,Salad & Herbs,Lettuce & Salad Bags,Waitrose Ready Washed Spinach 235g,235g,£10.21/kg,2.40,,
Waitrose Barnet,Salad & Herbs,Lettuce & Salad Bags,Waitrose Red Chicory 140g,140g,£15.00/kg,2.10,,
Waitrose Barnet,Salad & Herbs,Lettuce & Salad Bags,Waitrose Supergreen Salad 180g,180g,£20.00/kg,3.60,,
Waitrose Barnet,Salad & Herbs,Lettuce & Salad Bags,Waitrose Sweet & Crunchy Side Salad 175g,175g,£12.57/kg,2.20,,
Waitrose Barnet,Salad & Herbs,Lettuce & Salad Bags,Waitrose Sweet Cos 2s,1pk,£1.90 each,1.90,,
Waitrose Barnet,Salad & Herbs,Lettuce & Salad Bags,Waitrose Watercress 80g,80g,£22.50/kg,1.80,,
Waitrose Barnet,Salad & Herbs,Lettuce & Salad Bags,Waitrose Watercress Spinach Rocket Salad 110g,110g,£19.55/kg,2.15,,
Waitrose Barnet,Salad & Herbs,Lettuce & Salad Bags,Waitrose Wild Rocket 150g,150g,£22.00/kg,3.30,,
Waitrose Barnet,Salad & Herbs,Spring Onions & Celery,Duchy Organic Salad Onions Bunch Each,1pk,£1.20 each,1.20,1.50,20% off
Waitrose Barnet,Salad & Herbs,Peppers,Duchy Organic Romano Peppers 180g,180g,£13.33/kg,2.40,,
Waitrose Barnet,Salad & Herbs,Peppers,Essential Mixed Peppers 3s,1pk,£2.15 each,2.15,,
Waitrose Barnet,Salad & Herbs,Tomatoes,Cherry Vine Tomatoes Small Pack 270g,270g,£11.30/kg,3.05,,
Waitrose Barnet,Salad & Herbs,Tomatoes,Duchy Organic Baby Plum Tomatoes 225g,225g,£12.00/kg,2.70,,
Waitrose Barnet,Salad & Herbs,Tomatoes,Duchy Organic Cherry Vine Tomatoes 200g,200g,£13.50/kg,2.70,,
Waitrose Barnet,Salad & Herbs,Tomatoes,Duchy Organic Large Vine Tomatoes 425g,425g,£7.29/kg,3.10,,
Waitrose Barnet,Salad & Herbs,Tomatoes,Duchy Organic Vine Tomatoes 250g,250g,£10.80/kg,2.70,,
Waitrose Barnet,Salad & Herbs,Spring Onions & Celery,Essential Bunched Salad Onions each,1pk,£0.95 each,0.95,,
Waitrose Barnet,Salad & Herbs,Tomatoes,Essential Cherry Tomatoes 400g,400g,£4.75/kg,1.90,,
Waitrose Barnet,Salad & Herbs,Spring Onions & Celery,Essential Green Celery Each,1pk,£1.10 each,1.10,,
Waitrose Barnet,Salad & Herbs,Tomatoes,Essential Plum Tomatoes 500g,500g,£4.20/kg,2.10,,
Waitrose Barnet,Salad & Herbs,Tomatoes,Essential Tomatoes 6s,1pk,£1.20 each,1.20,,
Waitrose Barnet,Salad & Herbs,Tomatoes,No.1 Red Choice Tomatoes 300g,300g,£10.83/kg,3.25,,
Waitrose Barnet,Salad & Herbs,Tomatoes,No.1 San Marzano Tomatoes 400g,400g,£8.13/kg,3.25,,
Waitrose Barnet,Salad & Herbs,Tomatoes,The Heritage Tomato Collection 900g,900g,£6.67/kg,6.00,,
Waitrose Barnet,Salad & Herbs,Spring Onions & Celery,Trimmed Salad Onions 125g,125g,£14.40/kg,1.80,,
Waitrose Barnet,Salad & Herbs,Tomatoes,Waitrose Baby Plum Tomatoes 275g,275g,£7.82/kg,2.15,,
Waitrose Barnet,Salad & Herbs,Tomatoes,Waitrose Baby Plum Tomatoes 400g,400g,£7.50/kg,3.00,,
Waitrose Barnet,Salad & Herbs,Spring Onions & Celery,Waitrose Celery Hearts Each,1pk,£2.40 each,2.40,,
Waitrose Barnet,Salad & Herbs,Spring Onions & Celery,Waitrose Celery Sticks 350g,350g,£4.86/kg,1.70,,
Waitrose Barnet,Salad & Herbs,Tomatoes,Waitrose Cherry Vine Tomatoes 400g,400g,£10.38/kg,4.15,,
Waitrose Barnet,Salad & Herbs,Spring Onions & Celery,Waitrose Continental Salad Onions per bunch,1pk,£1.30 each,1.30,,
Waitrose Barnet,Salad & Herbs,Tomatoes,Waitrose Mixed Baby Tomatoes 250g,250g,£12.20/kg,3.05,,
Waitrose Barnet,Salad & Herbs,Tomatoes,Waitrose Pome Dei Moro Tomatoes 225g,225g,£13.11/kg,2.95,,
Waitrose Barnet,Salad & Herbs,Tomatoes,Waitrose Slicing Tomatoes 2s,1pk,£2.65 each,2.65,,
Waitrose Barnet,Spirits & Premixed Drinks,Aperitifs & Liquers,Akashi-Tai Honjozo Tokubetsu Sake 72cl,720ml,£31.33/L,22.56,28.20,20% off
Waitrose Barnet,Spirits & Premixed Drinks,Aperitifs & Liquers,Aperol 100cl,1L,£28.20/L,28.20,,
Waitrose Barnet,Spirits & Premixed Drinks,Aperitifs & Liquers,Baileys Original Irish Cream Liqueur 700ml,700ml,£31.71/L,22.20,,
Waitrose Barnet,Spirits & Premixed Drinks,Aperitifs & Liquers,Campari Bitters 70cl,700ml,£34.29/L,24.00,,
Waitrose Barnet,Spirits & Premixed Drinks,Aperitifs & Liquers,Cointreau 70cl,700ml,£36.86/L,25.80,31.80,£6 off
Waitrose Barnet,Spirits & Premixed Drinks,Aperitifs & Liquers,DeKuyper Creme De Cassis Liqueur 50cl,500ml,£34.80/L,17.40,,
Waitrose Barnet,Spirits & Premixed Drinks,Aperitifs & Liquers,Disaronno Originale Amaretto Liqueur 500ml,500ml,£46.80/L,23.40,,
Waitrose Barnet,Spirits & Premixed Drinks,Aperitifs & Liquers,Drambuie Scotch Whisky Liqueur 50cl,500ml,£55.20/L,27.60,,
Waitrose Barnet,Spirits & Premixed Drinks,Aperitifs & Liquers,Grand Marnier Liqueur 50cl,500ml,£51.60/L,25.80,,
Waitrose Barnet,Spirits & Premixed Drinks,Aperitifs & Liquers,Jägermeister 50cl,500ml,£45.60/L,22.80,,
Waitrose Barnet,Spirits & Premixed Drinks,Aperitifs & Liquers,Kahlúa Coffee Liqueur 700ml,700ml,£30.43/L,21.30,,
Waitrose Barnet,Spirits & Premixed Drinks,Aperitifs & Liquers,Martini Rosso Vermouth Aperitivo 75cl,750ml,£21.60/L,16.20,,
Waitrose Barnet,Spirits & Premixed Drinks,Aperitifs & Liquers,Santa Marta Limoncello 50cl,500ml,£40.80/L,20.40,,
Waitrose Barnet,Spirits & Premixed Drinks,Aperitifs & Liquers,St Germain French Elderflower Liqueur 50cl,500ml,£60.00/L,30.00,,
Waitrose Barnet,Spirits & Premixed Drinks,Brandy & Cognac,Courvoisier Cognac VS 70cl,700ml,£65.14/L,45.60,,
Waitrose Barnet,Spirits & Premixed Drinks,Brandy & Cognac,Three Barrels French Brandy 70cl,700ml,£28.80/L,20.16,25.20,20% off
Waitrose Barnet,Spirits & Premixed Drinks,Brandy & Cognac,Waitrose 3 Year Old French Brandy 70cl,700ml,£26.57/L,18.60,,
Waitrose Barnet,Spirits & Premixed Drinks,Gin,Bombay Citron Presse Mediterranean Lemon Distilled Gin 70cl,700ml,£45.43/L,31.80,,
Waitrose Barnet,Spirits & Premixed Drinks,Gin,Bombay Sapphire London Dry Gin 70cl,700ml,£43.71/L,30.60,,
Waitrose Barnet,Spirits & Premixed Drinks,Gin,Gordon's London Dry Gin 1litre 1L,1L,£38.15/L,38.15,,
Waitrose Barnet,Spirits & Premixed Drinks,Gin,Gordon's London Dry Gin 70cl,700ml,£33.43/L,23.40,,
Waitrose Barnet,Spirits & Premixed Drinks,Gin,Hendrick's Gin 70cl,700ml,£57.43/L,40.20,,
Waitrose Barnet,Spirits & Premixed Drinks,Gin,No.1 Sloe & Elderflower Gin 50cl,500ml,£44.40/L,22.20,,
Waitrose Barnet,Spirits & Premixed Drinks,Gin,Roku Japanese Craft Gin 70cl,700ml,£59.14/L,41.40,,
Waitrose Barnet,Spirits & Premixed Drinks,Gin,Roku Japanese Craft Gin Sakura Bloom Edition 70cl,700ml,£57.43/L,40.20,,
Waitrose Barnet,Spirits & Premixed Drinks,Gin,Silent Pool Gin 70cl,700ml,£77.14/L,54.00,,
Waitrose Barnet,Spirits & Premixed Drinks,Gin,Tanqueray London Dry Gin 70cl,700ml,£40.29/L,28.20,,
Waitrose Barnet,Spirits & Premixed Drinks,Gin,Waitrose London Dry Gin 1L,1L,£24.30/L,24.30,,
Waitrose Barnet,Spirits & Premixed Drinks,Non & Low Alcohol,CleanCo Clean G Rhubarb Non-Alcoholic Gin Replacement 70cl,700ml,£29.14/L,20.40,,
Waitrose Barnet,Spirits & Premixed Drinks,Non & Low Alcohol,Crodino Non-Alcoholic Aperitif 4x175ml,700ml,£14.57/L,10.20,,
Waitrose Barnet,Spirits & Premixed Drinks,Non & Low Alcohol,Fever-Tree Non-Alcoholic Italian Spritz 250ml,250ml,£9.60/L,2.40,,
Waitrose Barnet,Spirits & Premixed Drinks,Non & Low Alcohol,Fever-Tree Non-Alcoholic Mediterranean G&T 250ml,250ml,£9.60/L,2.40,,
Waitrose Barnet,Spirits & Premixed Drinks,Non & Low Alcohol,Gordon's Alcohol Free Spirit with Distilled Botanicals 70cl,700ml,£27.86/L,19.50,,
Waitrose Barnet,Spirits & Premixed Drinks,Non & Low Alcohol,Pentire Coastal Spritz Non-Alcoholic Spirit 700ml,700ml,£48.00/L,33.60,,
Waitrose Barnet,Spirits & Premixed Drinks,Non & Low Alcohol,Tanqueray Alcohol Free 0.0 Spirit 70cl,700ml,£31.71/L,22.20,,
Waitrose Barnet,Spirits & Premixed Drinks,Non & Low Alcohol,Tanqueray Flor De Sevilla Alcohol Free Spirit 0% 70cl,700ml,£31.71/L,22.20,,
Waitrose Barnet,Spirits & Premixed Drinks,Vodka,Absolut Blue Original Swedish Vodka 700ml,700ml,£32.91/L,23.04,28.80,20% off
Waitrose Barnet,Spirits & Premixed Drinks,Tequila & Mezcal,Casamigos Blanco Tequila 70cl,700ml,£55.13/L,38.59,57.60,33% off
Waitrose Barnet,Spirits & Premixed Drinks,Premixed Drinks & Cocktails,Crabbie's Alcoholic Ginger Beer 500ml,500ml,£4.24/L,2.12,2.65,20% off
Waitrose Barnet,Spirits & Premixed Drinks,Whisky,Jack Daniel's Old No.7 Tennessee Whiskey 70cl,700ml,£36.64/L,25.65,34.20,25% off
Waitrose Barnet,Spirits & Premixed Drinks,Whisky,The Famous Grouse Blended Scotch Whisky 70cl,700ml,£27.69/L,19.38,22.80,15% off
Waitrose Barnet,Spirits & Premixed Drinks,Whisky,The Singleton 12 YO Single Malt Scotch Whisky 70cl,700ml,£51.26/L,35.88,55.20,35% off
Waitrose Barnet,Spirits & Premixed Drinks,Premixed Drinks & Cocktails,Absolut Passionfruit Martini Cocktail Can 250ml,250ml,£11.60/L,2.90,,
Waitrose Barnet,Spirits & Premixed Drinks,Premixed Drinks & Cocktails,Bombay Sapphire Gin & Tonic Premix Cocktail 250ml,250ml,£14.00/L,3.50,,
Waitrose Barnet,Spirits & Premixed Drinks,Premixed Drinks & Cocktails,Gordon's Pink Gin & Tonic Premix Can 250ml,250ml,£12.00/L,3.00,,
Waitrose Barnet,Spirits & Premixed Drinks,Premixed Drinks & Cocktails,Gordon's Special Dry London Gin and Slimline Tonic Can 250ml,250ml,£12.00/L,3.00,,
Waitrose Barnet,Spirits & Premixed Drinks,Premixed Drinks & Cocktails,Jack Daniel's and Coca-Cola 330ml 330ml,330ml,£9.85/L,3.25,,
Waitrose Barnet,Spirits & Premixed Drinks,Premixed Drinks & Cocktails,MOTH Espresso Martini 125ml,125ml,£40.00/L,5.00,,
Waitrose Barnet,Spirits & Premixed Drinks,Premixed Drinks & Cocktails,MOTH Mango Margarita 125ml,125ml,£40.00/L,5.00,,
Waitrose Barnet,Spirits & Premixed Drinks,Premixed Drinks & Cocktails,MOTH Margarita 125ml,125ml,£40.00/L,5.00,,
Waitrose Barnet,Spirits & Premixed Drinks,Premixed Drinks & Cocktails,MOTH Negroni 125ml,125ml,£40.00/L,5.00,,
Waitrose Barnet,Spirits & Premixed Drinks,Premixed Drinks & Cocktails,MOTH Passionfruit Martini 125ml,125ml,£40.00/L,5.00,,
Waitrose Barnet,Spirits & Premixed Drinks,Premixed Drinks & Cocktails,MOTH Piña Colada Cocktail 200ml,200ml,£25.00/L,5.00,,
Waitrose Barnet,Spirits & Premixed Drinks,Premixed Drinks & Cocktails,MOTH Spicy Margarita 125ml,125ml,£40.00/L,5.00,,
Waitrose Barnet,Spirits & Premixed Drinks,Premixed Drinks & Cocktails,MOTH Strawberry Daiquiri 125ml,125ml,£40.00/L,5.00,,
Waitrose Barnet,Spirits & Premixed Drinks,Premixed Drinks & Cocktails,Malibu Coconut Rum & Pineapple Pre-Mixed Can 250ml,250ml,£13.00/L,3.25,,
Waitrose Barnet,Spirits & Premixed Drinks,Premixed Drinks & Cocktails,Pimm's No.1 & Lemonade Premix Can 250ml,250ml,£12.00/L,3.00,,
Waitrose Barnet,Spirits & Premixed Drinks,Premixed Drinks & Cocktails,White Claw Hard Seltzer Black Cherry 330ml,330ml,£9.24/L,3.05,,
Waitrose Barnet,Spirits & Premixed Drinks,Premixed Drinks & Cocktails,White Claw Peach 330ml,330ml,£9.24/L,3.05,,
Waitrose Barnet,Spirits & Premixed Drinks,Rum,Bacardi Carta Blanca Superior White Rum 70cl,700ml,£32.57/L,22.80,,
Waitrose Barnet,Spirits & Premixed Drinks,Rum,Havana Club 7 Year Old Dark Rum 70cl,700ml,£52.29/L,36.60,,
Waitrose Barnet,Spirits & Premixed Drinks,Rum,Lamb's Navy Dark Rum 700ml,700ml,£34.29/L,24.00,,
Waitrose Barnet,Spirits & Premixed Drinks,Rum,Mount Gay Eclipse Barbados Golden Rum 700ml,700ml,£46.29/L,32.40,,
Waitrose Barnet,Spirits & Premixed Drinks,Vodka,Absolut Vanilia Flavoured Vodka 70cl,700ml,£41.14/L,28.80,,
Waitrose Barnet,Spirits & Premixed Drinks,Tequila & Mezcal,Casamigos Reposado Tequila 70cl,700ml,£89.14/L,62.40,,
Waitrose Barnet,Spirits & Premixed Drinks,Whisky,Dalwhinnie Winter's Gold Single Malt Scotch Whisky 70cl,700ml,£87.43/L,61.20,,
Waitrose Barnet,Spirits & Premixed Drinks,Whisky,Jameson Black Barrel Blended Irish Whiskey 70cl,700ml,£74.57/L,52.20,,
Waitrose Barnet,Spirits & Premixed Drinks,Whisky,Jameson Triple Distilled Blended Irish Whiskey 700ml,700ml,£47.14/L,33.00,,
Waitrose Barnet,Spirits & Premixed Drinks,Whisky,Jim Beam Bourbon Whiskey 70cl,700ml,£39.43/L,27.60,,
Waitrose Barnet,Spirits & Premixed Drinks,Whisky,Johnnie Walker Black Ruby 70cl,700ml,£66.86/L,46.80,,
Waitrose Barnet,Spirits & Premixed Drinks,Whisky,Laphroaig 10 Year Old Single Malt Whisky 70cl,700ml,£77.14/L,54.00,,
Waitrose Barnet,Spirits & Premixed Drinks,Whisky,Nikka Whisky From The Barrel 50cl,500ml,£120.00/L,60.00,,
Waitrose Barnet,Spirits & Premixed Drinks,Whisky,No.1 Islay Single Malt Scotch Whisky 70cl,700ml,£49.71/L,34.80,,
Waitrose Barnet,Spirits & Premixed Drinks,Whisky,No.1 Speyside Single Malt Scotch Whisky 70cl,700ml,£42.86/L,30.00,,
Waitrose Barnet,Spirits & Premixed Drinks,Vodka,Smirnoff No.21 Vodka Red Label 70cl,700ml,£34.29/L,24.00,,
Waitrose Barnet,Spirits & Premixed Drinks,Vodka,Stoli Vodka 70cl,700ml,£40.29/L,28.20,,
Waitrose Barnet,Spirits & Premixed Drinks,Whisky,Talisker Skye Single Malt Scotch Whisky 70cl,700ml,£82.29/L,57.60,,
Waitrose Barnet,Spirits & Premixed Drinks,Whisky,The Balvenie Doublewood 12YO Single Malt Whisky 70cl,700ml,£96.00/L,67.20,,
Waitrose Barnet,Spirits & Premixed Drinks,Whisky,Waitrose Blended Scotch Whisky 1L,1L,£25.50/L,25.50,,
Waitrose Barnet,Spirits & Premixed Drinks,Vodka,Waitrose Vodka 1L,1L,£24.30/L,24.30,,
Waitrose Barnet,Spirits & Premixed Drinks,Vodka,Waitrose Vodka 35cl,350ml,£27.43/L,9.60,,
Waitrose Barnet,Spirits & Premixed Drinks,Whisky,Woodford Reserve Bourbon Whiskey 70cl,700ml,£70.29/L,49.20,,
Waitrose Barnet,"Sugar, Flour, Baking",Baking Aids,Allinson's Easy Bake Yeast 6x7g,42g,£42.86/kg,1.80,,
Waitrose Barnet,"Sugar, Flour, Baking",Baking Aids,Anchor Original Squirty Whipping Cream 250g,250g,£12.40/kg,3.10,,
Waitrose Barnet,"Sugar, Flour, Baking",Baking Aids,Betty Crocker Apple Crumble Cake Kit 388g,388g,£12.24/kg,4.75,,
Waitrose Barnet,"Sugar, Flour, Baking",Baking Aids,Betty Crocker Chocolate Chip Cookie Mix 200g,200g,£13.25/kg,2.65,,
Waitrose Barnet,"Sugar, Flour, Baking",Baking Aids,Betty Crocker Chocolate Fudge Brownie Mix 415g,415g,£7.23/kg,3.00,4.00,25% off
Waitrose Barnet,"Sugar, Flour, Baking",Baking Aids,Betty Crocker Cinnamon Swirl Cake Kit 388g,388g,£12.24/kg,4.75,,
Waitrose Barnet,"Sugar, Flour, Baking",Baking Aids,Betty Crocker Devil's Food Cake Mix 425g,425g,£7.06/kg,3.00,4.00,25% off
Waitrose Barnet,"Sugar, Flour, Baking",Baking Aids,Betty Crocker Indulgent Chocolate Fudge Icing 400g,400g,£7.50/kg,3.00,4.00,25% off
Waitrose Barnet,"Sugar, Flour, Baking",Baking Aids,Betty Crocker Vanilla Buttercream Style Icing 400g,400g,£10.00/kg,4.00,,
Waitrose Barnet,"Sugar, Flour, Baking",Baking Aids,Betty Crocker Vanilla Cake Mix 425g,425g,£7.06/kg,3.00,4.00,25% off
Waitrose Barnet,"Sugar, Flour, Baking",Baking Aids,Bluey Ooh Fancy Cupcake Kit 171g,171g,£16.96/kg,2.90,,
Waitrose Barnet,"Sugar, Flour, Baking",Baking Aids,Cake Décor Christmas Snowflakes 4g,4g,£537.50/kg,2.15,,
Waitrose Barnet,"Sugar, Flour, Baking",Baking Aids,Cooks' Ingredients Belgian Milk Chocolate 180g,180g,£23.33/kg,4.20,,
Waitrose Barnet,"Sugar, Flour, Baking",Baking Aids,Cooks' Ingredients Bicarbonate of Soda 180g,180g,£10.00/kg,1.80,,
Waitrose Barnet,"Sugar, Flour, Baking",Baking Aids,Cooks' Ingredients Blue Gel Colouring 19g,19g,£94.74/kg,1.80,,
Waitrose Barnet,"Sugar, Flour, Baking",Baking Aids,Cooks' Ingredients Madagascan Vanilla Extract 38ml,38ml,£63.16/L,2.40,,
Waitrose Barnet,"Sugar, Flour, Baking",Baking Aids,Cooks' Ingredients Madagascan Vanilla Icing 400g,400g,£8.25/kg,3.30,,
Waitrose Barnet,"Sugar, Flour, Baking",Baking Aids,Cooks' Ingredients Red & Pink Hearts 63g,63g,£27.78/kg,1.75,,
Waitrose Barnet,"Sugar, Flour, Baking",Baking Aids,Cooks' Ingredients Red Gel Colouring 19g,19g,£94.74/kg,1.80,,
Waitrose Barnet,"Sugar, Flour, Baking",Baking Aids,Cooks' Ingredients Trifle Sponges 8s,1pk,£1.90 each,1.90,,
Waitrose Barnet,"Sugar, Flour, Baking",Baking Aids,Cooks' Ingredients White Chocolate 180g,180g,£23.33/kg,4.20,,
Waitrose Barnet,"Sugar, Flour, Baking",Baking Aids,Cooks' Ingredients White Chocolate Chips 100g,100g,£24.00/kg,2.40,,
Waitrose Barnet,"Sugar, Flour, Baking",Baking Aids,Cooks' Ingredients White Fondant Icing 1kg,1kg,£3.70/kg,3.70,,
Waitrose Barnet,"Sugar, Flour, Baking",Baking Aids,Cooks' Ingredients White Fondant Icing 500g,500g,£4.80/kg,2.40,,
Waitrose Barnet,"Sugar, Flour, Baking",Baking Aids,Cooks' Ingredients White Marzipan 500g,500g,£6.60/kg,3.30,,
Waitrose Barnet,"Sugar, Flour, Baking",Baking Aids,Create a Cake Christmas Cupcake Cases 50Each,50pk,£0.04 each,2.00,,
Waitrose Barnet,"Sugar, Flour, Baking",Baking Aids,Dr Oetker Christmas Chocolate Placement Letters 21g,21g,£157.14/kg,3.30,,
Waitrose Barnet,"Sugar, Flour, Baking",Baking Aids,Dr.Oetker Christmas Glittery Decorating Icing 76g,76g,£35.53/kg,2.70,,
Waitrose Barnet,"Sugar, Flour, Baking",Baking Aids,Essential Condensed Milk 397g,397g,£3.65/kg,1.45,,
Waitrose Barnet,"Sugar, Flour, Baking",Baking Aids,Green & Black's Organic Fairtrade Cocoa 125g,125g,£36.80/kg,4.60,,
Waitrose Barnet,"Sugar, Flour, Baking",Baking Aids,Nestlé Carnation Topping Evaporated Milk 410g,410g,£5.12/kg,2.10,,
Waitrose Barnet,"Sugar, Flour, Baking",Baking Aids,President Squirty Spray Cream 250g,250g,£13.20/kg,3.30,,
Waitrose Barnet,"Sugar, Flour, Baking",Baking Aids,Taylor & Colledge Vanilla Bean Fairtrade 100ml,100ml,£80.50/L,8.05,,
Waitrose Barnet,"Sugar, Flour, Baking",Baking Aids,Taylor & Colledge Vanilla Bean Paste 65g,65g,£92.31/kg,6.00,,
Waitrose Barnet,"Sugar, Flour, Baking",Baking Aids,Waitrose Christmas Rolled Marzipan 400g,400g,£12.75/kg,5.10,,
Waitrose Barnet,"Sugar, Flour, Baking",Baking Aids,Waitrose White Muffin Cases 75s,1pk,£2.20 each,2.20,,
Waitrose Barnet,"Sugar, Flour, Baking",Baking Aids,Waitrose Xmas Holly & Berry Sprinkles 65g,65g,£30.77/kg,2.00,,
Waitrose Barnet,"Sugar, Flour, Baking",Flour,Cooks' Ingredients Cornflour 250g,250g,£6.80/kg,1.70,,
Waitrose Barnet,"Sugar, Flour, Baking",Flour,Duchy Organic Plain White Flour 1.5kg,1.5kg,£2.07/kg,3.10,,
Waitrose Barnet,"Sugar, Flour, Baking",Flour,Duchy Organic Strong White Bread Flour 1.5kg,1.5kg,£2.07/kg,3.10,,
Waitrose Barnet,"Sugar, Flour, Baking",Flour,Essential Plain White Flour 1.5kg,1.5kg,£0.67/kg,1.00,,
Waitrose Barnet,"Sugar, Flour, Baking",Flour,Essential Plain White Flour 500g,500g,£1.10/kg,0.55,,
Waitrose Barnet,"Sugar, Flour, Baking",Flour,Essential Self Raising White Wheat Flour 1.5kg,1.5kg,£0.67/kg,1.00,,
Waitrose Barnet,"Sugar, Flour, Baking",Flour,Essential Self-Raising White Flour 500g,500g,£1.10/kg,0.55,,
Waitrose Barnet,"Sugar, Flour, Baking",Flour,Essential Strong White Bread Flour 1.5kg,1.5kg,£1.13/kg,1.70,,
Waitrose Barnet,"Sugar, Flour, Baking",Flour,Essential Strong Wholemeal Bread Wheat Flour 1.5kg,1.5kg,£1.20/kg,1.80,,
Waitrose Barnet,"Sugar, Flour, Baking",Flour,McDougalls Pre-Sifted Self Raising Flour 1.1Kg,1.1kg,£2.45/kg,2.70,,
Waitrose Barnet,"Sugar, Flour, Baking",Flour,Waitrose Canadian Bread Wholemeal Flour 1.5kg,1.5kg,£1.83/kg,2.75,,
Waitrose Barnet,"Sugar, Flour, Baking",Flour,Waitrose Super Fine 00 Grade Pasta Flour 1kg,1kg,£2.05/kg,2.05,,
Waitrose Barnet,"Sugar, Flour, Baking",Flour,Waitrose White Canadian Bread Flour 1.5kg,1.5kg,£1.83/kg,2.75,,
Waitrose Barnet,"Sugar, Flour, Baking",Sugar,Canderel Sweetener Tablets 300s,1pk,£2.76 each,2.76,4.25,35% off
Waitrose Barnet,"Sugar, Flour, Baking",Sugar,Splenda 500 Sweet Minis 500s,1pk,£5.59 each,5.59,7.45,25% off
Waitrose Barnet,"Sugar, Flour, Baking",Sugar,Canderel Sugarly Pouch 370g,370g,£14.32/kg,5.30,,
Waitrose Barnet,"Sugar, Flour, Baking",Sugar,Canderel Sweetener Tablet Refill Pack 500s,1pk,£6.60 each,6.60,,
Waitrose Barnet,"Sugar, Flour, Baking",Sugar,Groovy Food Organic Coconut Sugar 500g,500g,£10.10/kg,5.05,,
Waitrose Barnet,"Sugar, Flour, Baking",Sugar,Hermesetas Mini Sweeteners Tablets 1200s,1pk,£6.95 each,6.95,,
Waitrose Barnet,"Sugar, Flour, Baking",Sugar,La Perruche Pure Cane White Rough Cut Cubes 500g,500g,£5.80/kg,2.90,,
Waitrose Barnet,"Sugar, Flour, Baking",Sugar,Silver Spoon Granulated Sugar 2Kg,2kg,£1.45/kg,2.90,,
Waitrose Barnet,"Sugar, Flour, Baking",Sugar,Silver Spoon Granulated Sugar 500g,500g,£2.20/kg,1.10,,
Waitrose Barnet,"Sugar, Flour, Baking",Sugar,Silver Spoon White Granulated Sugar 1kg,1kg,£1.50/kg,1.50,,
Waitrose Barnet,"Sugar, Flour, Baking",Sugar,Sweetex Calorie Free Sweeteners Tablets 800s,800pk,0.538p each,4.30,,
Waitrose Barnet,"Sugar, Flour, Baking",Sugar,Tate & Lyle Fairtrade Cane Sugar Caster Sugar 1kg,1kg,£3.60/kg,3.60,,
Waitrose Barnet,"Sugar, Flour, Baking",Sugar,Tate & Lyle Fairtrade Caster Sugar 500g,500g,£4.60/kg,2.30,,
Waitrose Barnet,"Sugar, Flour, Baking",Sugar,Tate & Lyle Fairtrade Icing Sugar 500g,500g,£4.20/kg,2.10,,
Waitrose Barnet,"Sugar, Flour, Baking",Sugar,Tate & Lyle Fairtrade Jam Sugar 1kg,1kg,£3.35/kg,3.35,,
Waitrose Barnet,"Sugar, Flour, Baking",Sugar,Total Sweet Xylitol 225g,225g,£18.44/kg,4.15,,
Waitrose Barnet,"Sugar, Flour, Baking",Sugar,Waitrose Fairtrade Dark Brown Muscovado Sugar 1kg,1kg,£4.50/kg,4.50,,
Waitrose Barnet,"Sugar, Flour, Baking",Sugar,Waitrose Fairtrade Demerara Sugar 1kg,1kg,£3.30/kg,3.30,,
Waitrose Barnet,"Sugar, Flour, Baking",Sugar,Waitrose Fairtrade Demerara Sugar 500g,500g,£4.20/kg,2.10,,
Waitrose Barnet,"Sugar, Flour, Baking",Sugar,Waitrose Fairtrade Golden Caster Sugar 1kg,1kg,£3.60/kg,3.60,,
Waitrose Barnet,"Sugar, Flour, Baking",Sugar,Waitrose Fairtrade Golden Granulated Sugar 1kg,1kg,£3.20/kg,3.20,,
Waitrose Barnet,"Sugar, Flour, Baking",Sugar,Waitrose Fairtrade Light Brown Muscovado Sugar 1kg,1kg,£4.50/kg,4.50,,
Waitrose Barnet,"Sugar, Flour, Baking",Sugar,Waitrose Fairtrade Light Brown Soft Sugar 1kg,1kg,£4.50/kg,4.50,,
Waitrose Barnet,Table Sauces & Condiments,Hot Sauce,Blue Dragon Original Sweet Chilli Sauce 315g,315g,£12.54/kg,3.95,,
Waitrose Barnet,Table Sauces & Condiments,Hot Sauce,Cholula Original Hot Sauce 150ml,150ml,£21.67/L,3.25,,
Waitrose Barnet,Table Sauces & Condiments,Hot Sauce,Cooks' Ingredients Sweet Chilli Sauce 250g,250g,£9.60/kg,2.40,,
Waitrose Barnet,Table Sauces & Condiments,Hot Sauce,Ottolenghi Chilli Sauce 170g 170g,170g,£32.35/kg,5.50,,
Waitrose Barnet,Table Sauces & Condiments,Hot Sauce,Tabasco Pepper Sauce 57ml,57ml,£57.02/L,3.25,,
Waitrose Barnet,Table Sauces & Condiments,Hot Sauce,Tabasco Sriracha 256ml,256ml,£11.56/L,2.96,3.95,25% off
Waitrose Barnet,Table Sauces & Condiments,Hot Sauce,Uni-Eagle Sriracha Hot Chilli Sauce 430ml,430ml,£9.30/L,4.00,,
Waitrose Barnet,Table Sauces & Condiments,Ketchup,Essential Reduced Sugar & Salt Ketchup 445g,445g,£2.47/kg,1.10,,
Waitrose Barnet,Table Sauces & Condiments,Ketchup,Heinz Organic Tomato Ketchup 580g,580g,£8.88/kg,5.15,,
Waitrose Barnet,Table Sauces & Condiments,Ketchup,Heinz Tomato Ketchup 460g,460g,£7.83/kg,3.60,,
Waitrose Barnet,Table Sauces & Condiments,Ketchup,Heinz Tomato Ketchup 50% Less Sugar & Salt 435g,435g,£7.03/kg,3.06,3.60,15% off
Waitrose Barnet,Table Sauces & Condiments,Ketchup,Heinz Tomato Ketchup Squeezy 342g,342g,£8.77/kg,3.00,,
Waitrose Barnet,Table Sauces & Condiments,Mayonnaise & Condiments,Baxters Gherkin and Mustard Pickle 310g,310g,£11.29/kg,3.50,,
Waitrose Barnet,Table Sauces & Condiments,Mayonnaise & Condiments,Baxters Ploughman's Pickle 310g,310g,£11.29/kg,3.50,,
Waitrose Barnet,Table Sauces & Condiments,Mayonnaise & Condiments,Branston Small Chunk Pickle 360g,360g,£8.06/kg,2.90,,
Waitrose Barnet,Table Sauces & Condiments,Mayonnaise & Condiments,Duchy Organic Mayonnaise 250ml,250ml,£14.00/L,3.50,,
Waitrose Barnet,Table Sauces & Condiments,Mayonnaise & Condiments,Essential BBQ Sauce 470g,470g,£3.62/kg,1.70,,
Waitrose Barnet,Table Sauces & Condiments,Mayonnaise & Condiments,Essential Cranberry Sauce 305g,305g,£5.90/kg,1.80,,
Waitrose Barnet,Table Sauces & Condiments,Mayonnaise & Condiments,Essential Half Fat Mayonnaise 500ml,500ml,£3.40/L,1.70,,
Waitrose Barnet,Table Sauces & Condiments,Mayonnaise & Condiments,Essential Mayonnaise 500ml,500ml,£3.40/L,1.70,,
Waitrose Barnet,Table Sauces & Condiments,Mayonnaise & Condiments,Essential Mustard Piccalilli 460g,460g,£5.22/kg,2.40,,
Waitrose Barnet,Table Sauces & Condiments,Mayonnaise & Condiments,Essential Sweet Piccalilli 275g,275g,£5.64/kg,1.55,,
Waitrose Barnet,Table Sauces & Condiments,Mayonnaise & Condiments,Geeta's Premium Mango Chutney 320g,320g,£10.63/kg,3.40,,
Waitrose Barnet,Table Sauces & Condiments,Mayonnaise & Condiments,Heinz Classic Barbecue Sauce 480g,480g,£8.54/kg,4.10,,
Waitrose Barnet,Table Sauces & Condiments,Mayonnaise & Condiments,Hellmann's Blue Cheese Ranch Sauce 430ml,430ml,£10.00/L,4.30,,
Waitrose Barnet,Table Sauces & Condiments,Mayonnaise & Condiments,Hellmann's Buffalo Ranch 430ml,430ml,£10.00/L,4.30,,
Waitrose Barnet,Table Sauces & Condiments,Mayonnaise & Condiments,Hellmann's Creamy Ranch Mayo 430ml,430ml,£10.00/L,4.30,,
Waitrose Barnet,Table Sauces & Condiments,Mayonnaise & Condiments,Hellmann's Garlic Mayonnaise 430ml,430ml,£10.00/L,4.30,,
Waitrose Barnet,Table Sauces & Condiments,Mayonnaise & Condiments,Hellmann's Light Mayonnaise 400g,400g,£9.25/kg,3.70,,
Waitrose Barnet,Table Sauces & Condiments,Mayonnaise & Condiments,Hellmann's Light Mayonnaise 600g,600g,£9.50/kg,5.70,,
Waitrose Barnet,Table Sauces & Condiments,Mayonnaise & Condiments,Hellmann's Plant Based Mayo 430ml,430ml,£7.19/L,3.09,4.75,35% off
Waitrose Barnet,Table Sauces & Condiments,Mayonnaise & Condiments,Hellmann's Real Mayonnaise 400g,400g,£9.25/kg,3.70,,
Waitrose Barnet,Table Sauces & Condiments,Mayonnaise & Condiments,Hellmann's Real Mayonnaise 600g,600g,£9.50/kg,5.70,,
Waitrose Barnet,Table Sauces & Condiments,Mayonnaise & Condiments,Levi Roots Reggae Reggae Jerk BBQ Sauce 290g,290g,£10.69/kg,3.10,,
Waitrose Barnet,Table Sauces & Condiments,Mayonnaise & Condiments,Nando's Perinaise Mild Peri-Peri Mayo 265g,265g,£12.45/kg,3.30,,£2.15 loyalty card (£8.11/kg)
Waitrose Barnet,Table Sauces & Condiments,Mayonnaise & Condiments,Ocean Spray Wholeberry Cranberry Sauce 200g,200g,£13.25/kg,2.65,,
Waitrose Barnet,Table Sauces & Condiments,Mayonnaise & Condiments,Sharwood's Mango Chutney 360g,360g,£8.33/kg,3.00,,
Waitrose Barnet,Table Sauces & Condiments,Mayonnaise & Condiments,Tabasco Classic Pepper Jelly 283g,283g,£19.08/kg,5.40,,
Waitrose Barnet,Table Sauces & Condiments,Mayonnaise & Condiments,The Bay Tree Mint Jelly 210g,210g,£20.00/kg,4.20,,
Waitrose Barnet,Table Sauces & Condiments,Mayonnaise & Condiments,Waitrose Apple & Pear Chutney 315g,315g,£10.63/kg,3.35,,
Waitrose Barnet,Table Sauces & Condiments,Mayonnaise & Condiments,Waitrose Caramelised Red Onion Chutney 350g,350g,£9.57/kg,3.35,,
Waitrose Barnet,Table Sauces & Condiments,Mayonnaise & Condiments,Waitrose Mango Chutney 320g,320g,£7.50/kg,2.40,,
Waitrose Barnet,Table Sauces & Condiments,Mayonnaise & Condiments,Waitrose Tomato Chutney 315g,315g,£10.48/kg,3.30,,
Waitrose Barnet,Table Sauces & Condiments,Mustard,Colman's Original English Mustard 100g,100g,£17.90/kg,1.79,2.75,35% off
Waitrose Barnet,Table Sauces & Condiments,Mustard,Colman's Original English Mustard 170g,170g,£17.06/kg,2.90,,
Waitrose Barnet,Table Sauces & Condiments,Mustard,Essential Dijon Mustard 180g,180g,£7.78/kg,1.40,,
Waitrose Barnet,Table Sauces & Condiments,Mustard,Essential English Mustard 180g,180g,£6.67/kg,1.20,,
Waitrose Barnet,Table Sauces & Condiments,Mustard,Essential Wholegrain Mustard 185g,185g,£6.49/kg,1.20,,
Waitrose Barnet,Table Sauces & Condiments,Mustard,Heinz American Style Yellow Mustard 400ml,400ml,£10.25/L,4.10,,
Waitrose Barnet,Table Sauces & Condiments,Mustard,Maille Honey Mustard 230g,230g,£18.70/kg,4.30,,
Waitrose Barnet,Table Sauces & Condiments,Mustard,Maille Original Dijon Mustard 215g,215g,£20.00/kg,4.30,,
Waitrose Barnet,Table Sauces & Condiments,Mustard,Waitrose Carolina Mustard Sauce 290g,290g,£8.28/kg,2.40,,
Waitrose Barnet,Table Sauces & Condiments,Other Sauces,HP Brown Sauce 450g,450g,£6.53/kg,2.94,4.20,30% off
Waitrose Barnet,Table Sauces & Condiments,Other Sauces,Essential Bramley Apple Sauce 285g,285g,£6.32/kg,1.80,,
Waitrose Barnet,Table Sauces & Condiments,Other Sauces,Essential Creamed Horseradish 180g,180g,£8.06/kg,1.45,,
Waitrose Barnet,Table Sauces & Condiments,Other Sauces,Essential Hot Horseradish 285g,285g,£5.96/kg,1.70,,
Waitrose Barnet,Table Sauces & Condiments,Other Sauces,Essential Redcurrant Jelly 340g,340g,£5.29/kg,1.80,,
Waitrose Barnet,Table Sauces & Condiments,Other Sauces,Essential Squeezy Brown Sauce 470g,470g,£2.98/kg,1.40,,
Waitrose Barnet,Table Sauces & Condiments,Other Sauces,Essential Tartare Sauce 290g,290g,£6.21/kg,1.80,,
Waitrose Barnet,Table Sauces & Condiments,Other Sauces,Lea & Perrins Worcestershire Sauce 150ml,150ml,£20.00/L,3.00,,
Waitrose Barnet,Table Sauces & Condiments,Other Sauces,The Bay Tree Hot Horseradish 175g,175g,£24.00/kg,4.20,,
Waitrose Barnet,Table Sauces & Condiments,Other Sauces,Waitrose Béarnaise Sauce 190g,190g,£15.79/kg,3.00,,
Waitrose Barnet,Table Sauces & Condiments,Other Sauces,Waitrose English Mint Sauce 195g,195g,£9.23/kg,1.80,,
Waitrose Barnet,Table Sauces & Condiments,Other Sauces,Waitrose Hollandaise Sauce 190g,190g,£12.63/kg,2.40,,
Waitrose Barnet,Table Sauces & Condiments,Other Sauces,Waitrose Oyster Sauce 220g,220g,£14.55/kg,3.20,,
Waitrose Barnet,Table Sauces & Condiments,Other Sauces,Waitrose Tartare Sauce 180g,180g,£17.22/kg,3.10,,
Waitrose Barnet,"Tea, Coffee, Hot Drinks",Coffee,Caffè Nero Classico Capsules 10s 54g,54g,£100.00/kg,5.40,,
Waitrose Barnet,"Tea, Coffee, Hot Drinks",Coffee,Caffè Nero Decaf Original Blend 10 Capsules 54g,54g,£100.00/kg,5.40,,
Waitrose Barnet,"Tea, Coffee, Hot Drinks",Coffee,Cafédirect FT Machu Picchu Instant Coffee 100g,100g,£79.00/kg,7.90,,
Waitrose Barnet,"Tea, Coffee, Hot Drinks",Coffee,Cafédirect Fairtrade Machu Picchu Ground Coffee 200g,200g,£26.25/kg,5.25,7.50,30% off
Waitrose Barnet,"Tea, Coffee, Hot Drinks",Coffee,Clipper Fairtrade Organic Decaf Instant Coffee 100g 100g,100g,£93.00/kg,9.30,,
Waitrose Barnet,"Tea, Coffee, Hot Drinks",Coffee,Costa Coffee Signature Blend No3 Medium 200g,200g,£30.00/kg,6.00,,
Waitrose Barnet,"Tea, Coffee, Hot Drinks",Coffee,Douwe Egberts Pure Decaf Medium Roast 190g,190g,£52.37/kg,9.95,,
Waitrose Barnet,"Tea, Coffee, Hot Drinks",Coffee,Duchy Organic Ground Coffee 227g,227g,£24.01/kg,5.45,,
Waitrose Barnet,"Tea, Coffee, Hot Drinks",Coffee,Duchy Organic Instant Coffee 100g,100g,£59.00/kg,5.90,,
Waitrose Barnet,"Tea, Coffee, Hot Drinks",Coffee,Grind Colombia Ground Coffee 200g,200g,£37.50/kg,7.50,,
Waitrose Barnet,"Tea, Coffee, Hot Drinks",Coffee,Grind Compostable Dark Blend Coffee Pods 52g,52g,£111.54/kg,5.80,,
Waitrose Barnet,"Tea, Coffee, Hot Drinks",Coffee,Grind Compostable House Blend Coffee Pods 52g,52g,£111.54/kg,5.80,,
Waitrose Barnet,"Tea, Coffee, Hot Drinks",Coffee,Grind House Blend Ground Coffee 200g,200g,£37.50/kg,7.50,,
Waitrose Barnet,"Tea, Coffee, Hot Drinks",Coffee,Kenco Decaf Paper Refill 150g,150g,£49.33/kg,7.40,,
Waitrose Barnet,"Tea, Coffee, Hot Drinks",Coffee,Kenco Millicano Americano Original Coffee 100g,100g,£88.00/kg,8.80,,
Waitrose Barnet,"Tea, Coffee, Hot Drinks",Coffee,Kenco Millicano Americano Original Coffee 170g,170g,£51.47/kg,8.75,,
Waitrose Barnet,"Tea, Coffee, Hot Drinks",Coffee,L'Or Decaffeinato Ristretto Capsules 10s 52g,52g,£98.08/kg,5.10,,
Waitrose Barnet,"Tea, Coffee, Hot Drinks",Coffee,L'Or Espresso Supremo Capsules 10s 52g,52g,£98.08/kg,5.10,,
Waitrose Barnet,"Tea, Coffee, Hot Drinks",Coffee,L'Or Ristretto Capsules 10s 52g,52g,£98.08/kg,5.10,,
Waitrose Barnet,"Tea, Coffee, Hot Drinks",Coffee,L'Or Ultimo Capsules 10s 52g,52g,£98.08/kg,5.10,,
Waitrose Barnet,"Tea, Coffee, Hot Drinks",Coffee,Lavazza Qualità Rossa Ground Coffee 250g,250g,£31.40/kg,7.85,,
Waitrose Barnet,"Tea, Coffee, Hot Drinks",Coffee,Nescafe Dolce Gusto Cafe Au Lait Coffee Pods x16 (16 Servings) 160g,160g,£40.00/kg,6.40,,
Waitrose Barnet,"Tea, Coffee, Hot Drinks",Coffee,Nescafe Gold Blend Instant Coffee 95g,95g,£56.84/kg,5.40,,
Waitrose Barnet,"Tea, Coffee, Hot Drinks",Coffee,Nescafé Azera Americano Instant Coffee 140g,140g,£74.29/kg,10.40,,
Waitrose Barnet,"Tea, Coffee, Hot Drinks",Coffee,Nescafé Azera Americano Intense Coffee 90g,90g,£96.67/kg,8.70,,
Waitrose Barnet,"Tea, Coffee, Hot Drinks",Coffee,Nescafé Cappuccino Decaf Sachets 7s 7x15g,105g,£28.10/kg,2.95,,
Waitrose Barnet,"Tea, Coffee, Hot Drinks",Coffee,Nescafé Cappuccino Instant Coffee 12s 12x15.5g,186g,£18.28/kg,3.40,,
Waitrose Barnet,"Tea, Coffee, Hot Drinks",Coffee,Nescafé Cappuccino Sachets 7s 7x15.5g,108.5g,£27.19/kg,2.95,,
Waitrose Barnet,"Tea, Coffee, Hot Drinks",Coffee,Nescafé Gold Blend Alta Rica Instant Coffee 95g,95g,£82.11/kg,7.80,,
Waitrose Barnet,"Tea, Coffee, Hot Drinks",Coffee,Nescafé Gold Blend Decaf Instant Coffee 190g,190g,£52.63/kg,10.00,,
Waitrose Barnet,"Tea, Coffee, Hot Drinks",Coffee,Nescafé Gold Blend Instant Coffee 190g,190g,£52.63/kg,10.00,,
Waitrose Barnet,"Tea, Coffee, Hot Drinks",Coffee,Nescafé Gold Blend Pouch Instant Coffee 250g,250g,£52.80/kg,13.20,,
Waitrose Barnet,"Tea, Coffee, Hot Drinks",Coffee,Nestlé Coffee Mate Original 325g,325g,£15.08/kg,4.90,,
Waitrose Barnet,"Tea, Coffee, Hot Drinks",Coffee,No.1 Brazil Assodantas Ground Coffee 227g,227g,£25.11/kg,5.70,,
Waitrose Barnet,"Tea, Coffee, Hot Drinks",Coffee,No.1 Colombia Reserve Roasted Coffee Beans 750g,750g,£23.20/kg,17.40,,
Waitrose Barnet,"Tea, Coffee, Hot Drinks",Coffee,No.1 Colombian Coffee Capsules 54g,54g,£66.67/kg,3.60,,
Waitrose Barnet,"Tea, Coffee, Hot Drinks",Coffee,No.1 Costa Rica Ground Coffee 227g,227g,£25.11/kg,5.70,,
Waitrose Barnet,"Tea, Coffee, Hot Drinks",Coffee,No.1 Ethiopia Sidamo Ground Coffee 227g,227g,£25.11/kg,5.70,,
Waitrose Barnet,"Tea, Coffee, Hot Drinks",Coffee,No.1 Java Ground Coffee 227g,227g,£25.11/kg,5.70,,
Waitrose Barnet,"Tea, Coffee, Hot Drinks",Coffee,No.1 Kenya AA Coffee Beans 227g,227g,£25.11/kg,5.70,,
Waitrose Barnet,"Tea, Coffee, Hot Drinks",Coffee,No.1 Kenya Ground Coffee 227g,227g,£25.11/kg,5.70,,
Waitrose Barnet,"Tea, Coffee, Hot Drinks",Coffee,No.1 Organic Fairtrade Peru Decaf Coffee Beans 227g,227g,£25.11/kg,5.70,,
Waitrose Barnet,"Tea, Coffee, Hot Drinks",Coffee,No.1 Organic Fairtrade Peru Decaf Ground Coffee 227g,227g,£25.11/kg,5.70,,
Waitrose Barnet,"Tea, Coffee, Hot Drinks",Coffee,No.1 Ristretto Coffee Capsules 10s 54g,54g,£66.67/kg,3.60,,
Waitrose Barnet,"Tea, Coffee, Hot Drinks",Coffee,Pact Coffee Colombia Single Origin Ground 200g,200g,£47.75/kg,9.55,,
Waitrose Barnet,"Tea, Coffee, Hot Drinks",Coffee,Starbucks Colombia by Nespresso Coffee Pods 10s 57g,57g,£63.86/kg,3.64,5.60,35% off
Waitrose Barnet,"Tea, Coffee, Hot Drinks",Coffee,Starbucks House Blend by Nespresso Coffee Pods 10s 52g,1pk,£3.64 each,3.64,5.60,35% off
Waitrose Barnet,"Tea, Coffee, Hot Drinks",Coffee,Starbucks Nespresso Chocolate Hazelnut Seasonal 10s 51g,51g,£109.80/kg,5.60,,
Waitrose Barnet,"Tea, Coffee, Hot Drinks",Coffee,Starbucks by Nespresso Blonde Espresso Coffee Pods 10 53g,53g,£105.66/kg,5.60,,
Waitrose Barnet,"Tea, Coffee, Hot Drinks",Coffee,Starbucks by Nespresso Espresso Decaf Coffee Pods 10s 55g,55g,£101.82/kg,5.60,,£3.64 loyalty card (£66.18/kg)
Waitrose Barnet,"Tea, Coffee, Hot Drinks",Coffee,Tassimo Kenco Americano Grande XL Coffee Pods 16s 144g,144g,£47.57/kg,6.85,,
Waitrose Barnet,"Tea, Coffee, Hot Drinks",Coffee,Taylors of Harrogate Decaffé Ground Coffee 200g,200g,£34.50/kg,6.90,,
Waitrose Barnet,"Tea, Coffee, Hot Drinks",Coffee,Taylors of Harrogate Italian Ground Coffee 200g,200g,£34.50/kg,6.90,,
Waitrose Barnet,"Tea, Coffee, Hot Drinks",Coffee,Taylors of Harrogate Rich Italian 10 Coffee Bags 75g,75g,£48.00/kg,3.60,4.80,25% off
Waitrose Barnet,"Tea, Coffee, Hot Drinks",Coffee,Union Coffee Revelation Espresso Wholebean 500g,500g,£40.80/kg,20.40,,
Waitrose Barnet,"Tea, Coffee, Hot Drinks",Coffee,Waitrose FT Italian Style Beans 454g 454g,454g,£18.72/kg,8.50,,
Waitrose Barnet,"Tea, Coffee, Hot Drinks",Coffee,Waitrose Gold Colombian Instant Coffee 100g,100g,£56.00/kg,5.60,,
Waitrose Barnet,"Tea, Coffee, Hot Drinks",Coffee,Waitrose Italian Style Instant Coffee 100g,100g,£58.00/kg,5.80,,
Waitrose Barnet,"Tea, Coffee, Hot Drinks",Coffee,illy Classico Coffee Beans 250g,250g,£39.60/kg,9.90,,
Waitrose Barnet,"Tea, Coffee, Hot Drinks",Coffee,illy Classico Espresso Ground Coffee 250g,250g,£39.60/kg,9.90,,
Waitrose Barnet,"Tea, Coffee, Hot Drinks",Hot Chocolate,Cadbury Drinking Chocolate Hot Chocolate 500g,500g,£11.50/kg,5.75,,
Waitrose Barnet,"Tea, Coffee, Hot Drinks",Hot Chocolate,Cadbury Instant Hot Chocolate Jar 300g,300g,£16.83/kg,5.05,,
Waitrose Barnet,"Tea, Coffee, Hot Drinks",Hot Chocolate,Green & Blacks Organic Hot Chocolate 230g,230g,£30.43/kg,7.00,,
Waitrose Barnet,"Tea, Coffee, Hot Drinks",Tea,Clipper Organic Sleep Easy Herbal Tea Bags 20s 40g,40g,£67.50/kg,2.70,3.60,25% off
Waitrose Barnet,"Tea, Coffee, Hot Drinks",Tea,Tea India Masala Chai 40 Tea Bags 100g,100g,£28.00/kg,2.80,4.00,30% off
Waitrose Barnet,"Tea, Coffee, Hot Drinks",Tea,Teapigs Chamomile Flowers 15 Tea Temples 22.5g,22.5g,£186.67/kg,4.20,6.00,30% off
Waitrose Barnet,"Tea, Coffee, Hot Drinks",Offers,Teapigs Mao Feng Green Tea 15 Tea Temples 37.5g,37.5g,£112.00/kg,4.20,6.00,30% off
Waitrose Barnet,"Tea, Coffee, Hot Drinks",Tea,Teapigs Peppermint Leaves 15 Tea Temples 30g,30g,£140.00/kg,4.20,6.00,30% off
Waitrose Barnet,"Tea, Coffee, Hot Drinks",Tea,Twinings Cranberry & Raspberry 20 Tea Bags 40g,40g,£67.50/kg,2.70,3.60,25% off
Waitrose Barnet,"Tea, Coffee, Hot Drinks",Tea,Twinings Earl Grey 80 Tea Bags 200g,200g,£23.65/kg,4.73,6.30,25% off
Waitrose Barnet,"Tea, Coffee, Hot Drinks",Tea,Twinings Lemon & Ginger 20 Tea Bags 30g,30g,£90.00/kg,2.70,3.60,25% off
Waitrose Barnet,"Tea, Coffee, Hot Drinks",Tea,Twinings Pure Green Tea Bags 20 50g,50g,£54.00/kg,2.70,3.60,25% off
Waitrose Barnet,"Tea, Coffee, Hot Drinks",Tea,Brew Tea Co Earl Grey Tea 15s 45g,45g,£133.33/kg,6.00,,
Waitrose Barnet,"Tea, Coffee, Hot Drinks",Tea,Brew Tea Co English Breakfast Tea 15s 56g,56g,£107.14/kg,6.00,,
Waitrose Barnet,"Tea, Coffee, Hot Drinks",Tea,Clipper Organic Fairtrade 80 Tea Bags 232g,232g,£23.28/kg,5.40,,
Waitrose Barnet,"Tea, Coffee, Hot Drinks",Tea,Dragonfly Tea Earl Grey Rooibos 40 Tea Bags 100g,100g,£38.50/kg,3.85,,
Waitrose Barnet,"Tea, Coffee, Hot Drinks",Tea,Duchy Organic Earl Grey Tea 50 Tea Bags 125g,125g,£25.60/kg,3.20,,
Waitrose Barnet,"Tea, Coffee, Hot Drinks",Tea,Essential Original Blend 160 Tea Bags 500g,500g,£6.20/kg,3.10,,
Waitrose Barnet,"Tea, Coffee, Hot Drinks",Tea,Essential Original Blend 80 Tea Bags 250g,250g,£7.00/kg,1.75,,
Waitrose Barnet,"Tea, Coffee, Hot Drinks",Tea,Essential Original Blend Decaf 80 Tea Bags 250g,250g,£9.60/kg,2.40,,
Waitrose Barnet,"Tea, Coffee, Hot Drinks",Tea,No.1 English Breakfast 15 Tea Bags 50g,50g,£64.00/kg,3.20,,
Waitrose Barnet,"Tea, Coffee, Hot Drinks",Tea,No.1 Jasmine Rose Green 15 Tea Bags 37.5g,37.5g,£85.33/kg,3.20,,
Waitrose Barnet,"Tea, Coffee, Hot Drinks",Tea,PG Tips Original Tea Bags 160s 464g,464g,£14.22/kg,6.60,,
Waitrose Barnet,"Tea, Coffee, Hot Drinks",Tea,Perfect Ted Single Serve Matcha 7s 7x1.5g,10.5g,£628.57/kg,6.60,,
Waitrose Barnet,"Tea, Coffee, Hot Drinks",Tea,Pukka Gut Health With Ginger Peppermint & Kombucha Tea 20s 36g,36g,£116.67/kg,4.20,,
Waitrose Barnet,"Tea, Coffee, Hot Drinks",Tea,"Pukka Organic Lemon, Ginger & Touch of Manuka Honey 20 Tea Bags 34g",34g,£186.76/kg,6.35,,
Waitrose Barnet,"Tea, Coffee, Hot Drinks",Tea,Pukka Unwind Blueberry Ashwagandha & Lion's Mane Tea 20s 36g,1pk,£4.20 each,4.20,,
Waitrose Barnet,"Tea, Coffee, Hot Drinks",Tea,Pukka Winter Warmer 20s 38g,38g,£110.53/kg,4.20,,
Waitrose Barnet,"Tea, Coffee, Hot Drinks",Tea,Taylors of Harrogate Yorkshire 240 Tea Bags 750g,750g,£13.60/kg,10.20,,
Waitrose Barnet,"Tea, Coffee, Hot Drinks",Tea,Taylors of Harrogate Yorkshire Gold Leaf Tea 250g,250g,£18.80/kg,4.70,,
Waitrose Barnet,"Tea, Coffee, Hot Drinks",Tea,Taylors of Harrogate Yorkshire Tea Decaf 160s 500g,500g,£19.00/kg,9.50,,
Waitrose Barnet,"Tea, Coffee, Hot Drinks",Tea,Taylors of Harrogate Yorkshire Tea Soothe Peppermint 20s 40 G,40g,£90.00/kg,3.60,,
Waitrose Barnet,"Tea, Coffee, Hot Drinks",Tea,Teapigs English Breakfast Tea 40 Tea Temples 132g,132g,£100.00/kg,13.20,,
Waitrose Barnet,"Tea, Coffee, Hot Drinks",Tea,Tick Tock Original Rooibos 40 Tea Bags 90g,90g,£36.67/kg,3.30,,
Waitrose Barnet,"Tea, Coffee, Hot Drinks",Tea,Tick Tock Original Rooibos 80 Tea Bags 180g,180g,£28.06/kg,5.05,,
Waitrose Barnet,"Tea, Coffee, Hot Drinks",Tea,Twinings Assam 80 Tea Bags 200g,200g,£37.25/kg,7.45,,£4.84 loyalty card (£24.20/kg)
Waitrose Barnet,"Tea, Coffee, Hot Drinks",Tea,Twinings Pure Camomile 20 Tea Bags 30g,30g,£120.00/kg,3.60,,
Waitrose Barnet,"Tea, Coffee, Hot Drinks",Tea,Twinings Pure Peppermint 20 Tea Bags 40g,40g,£90.00/kg,3.60,,
Waitrose Barnet,"Tea, Coffee, Hot Drinks",Tea,Twinings Superblends Defence Citrus & Ginger with Green Tea & Echinacea 20 Tea Bags 40g,40g,£120.00/kg,4.80,,
Waitrose Barnet,"Tea, Coffee, Hot Drinks",Tea,Twinings Superblends Moment of Calm Spiced Camomile & Vanilla 20 Tea Bags 30g,30g,£160.00/kg,4.80,,
Waitrose Barnet,"Tea, Coffee, Hot Drinks",Tea,Twinings Superblends Sleep Spiced Apple & Vanilla 20 Tea Bags 30g,30g,£160.00/kg,4.80,,
Waitrose Barnet,"Tea, Coffee, Hot Drinks",Tea,Waitrose Bedtime Tea Bags 30g,30g,£100.00/kg,3.00,,
Waitrose Barnet,"Tea, Coffee, Hot Drinks",Tea,Waitrose Camomile Infusion Tea Bags 30g,30g,£50.00/kg,1.50,,
Waitrose Barnet,"Tea, Coffee, Hot Drinks",Tea,Waitrose Digest Tea Bags 40g,40g,£75.00/kg,3.00,,
Waitrose Barnet,"Tea, Coffee, Hot Drinks",Tea,Waitrose Earl Grey 100 Tea Bags 250g,250g,£17.20/kg,4.30,,
Waitrose Barnet,"Tea, Coffee, Hot Drinks",Tea,Waitrose English Breakfast 100 Tea Bags 250g,250g,£17.20/kg,4.30,,
Waitrose Barnet,"Tea, Coffee, Hot Drinks",Tea,Waitrose Focus Tea Bags 40g,40g,£75.00/kg,3.00,,
Waitrose Barnet,"Tea, Coffee, Hot Drinks",Tea,Waitrose Gold 80 Tea Bags 250g,250g,£13.40/kg,3.35,,
Waitrose Barnet,"Tea, Coffee, Hot Drinks",Tea,Waitrose Gold Loose Leaf Tea 250g,250g,£12.00/kg,3.00,,
Waitrose Barnet,"Tea, Coffee, Hot Drinks",Tea,Waitrose Immunity Tea Bags 40g,40g,£75.00/kg,3.00,,
Waitrose Barnet,"Tea, Coffee, Hot Drinks",Tea,Waitrose Radiance Tea Bags 20s 40g,40g,£75.00/kg,3.00,,
Waitrose Barnet,"Tea, Coffee, Hot Drinks",Tea,Yorkshire Tea Decaf 80 Tea Bags 250g,250g,£21.60/kg,5.40,,£4.32 loyalty card (£17.28/kg)
Waitrose Barnet,"Tea, Coffee, Hot Drinks",Tea,Yorkshire Tea Malty Biscuit 40 Tea Bags 112g,112g,£27.68/kg,3.10,,
Waitrose Barnet,"Tea, Coffee, Hot Drinks",Tea,Yorkshire Tea Refresh Rhubarb & Raspberry 20s 50g,50g,£72.00/kg,3.60,,
Waitrose Barnet,Tins & Cans,Baked Beans,Branston Baked Beans 220g,220g,£4.32/kg,0.95,,
Waitrose Barnet,Tins & Cans,Baked Beans,Branston Baked Beans 410g,410g,£2.93/kg,1.20,,
Waitrose Barnet,Tins & Cans,Baked Beans,Branston Baked Beans 4x410g,1.64kg,£2.38/kg,3.90,,
Waitrose Barnet,Tins & Cans,Baked Beans,Essential Baked Beans in Tomato Sauce 220g,220g,£2.27/kg,0.50,,
Waitrose Barnet,Tins & Cans,Baked Beans,Essential Baked Beans in Tomato Sauce 420g,420g,£1.55/kg,0.65,,
Waitrose Barnet,Tins & Cans,Baked Beans,Heinz Baked Beans 4 Pack 4x415g,1.66kg,£2.89/kg,4.80,,
Waitrose Barnet,Tins & Cans,Baked Beans,Heinz Baked Beans 415g,415g,£4.10/kg,1.70,,2 for £2.40
Waitrose Barnet,Tins & Cans,Baked Beans,Heinz Baked Beans 6 Pack 6x415g,2.49kg,£2.65/kg,6.60,,
Waitrose Barnet,Tins & Cans,Baked Beans,Heinz Baked Beans No Added Sugar 415g,415g,£4.10/kg,1.70,,
Waitrose Barnet,Tins & Cans,Baked Beans,Heinz Baked Beans No Added Sugar Single Serve 200g,200g,£6.00/kg,1.20,,
Waitrose Barnet,Tins & Cans,Baked Beans,Heinz Baked Beans Single Serve 200g,200g,£6.00/kg,1.20,,2 for £1.80
Waitrose Barnet,Tins & Cans,Baked Beans,Heinz Baked Beans Small 150g,150g,£6.33/kg,0.95,,
Waitrose Barnet,Tins & Cans,Baked Beans,Heinz Baked Beans Snap Pots 4x200g,800g,£5.25/kg,4.20,,2 for £7.20
Waitrose Barnet,Tins & Cans,Baked Beans,Heinz Baked Beans Snap Pots No Added Sugar 4x200g,800g,£5.25/kg,4.20,,2 for £7.20
Waitrose Barnet,Tins & Cans,Baked Beans,Heinz Baked Beans Value 4 Pack 4x200g,800g,£5.25/kg,4.20,,
Waitrose Barnet,Tins & Cans,Baked Beans,Heinz Baked Five Beans 415g,415g,£4.10/kg,1.70,,
Waitrose Barnet,Tins & Cans,Baked Beans,Mr Organic Baked Beans 400g,400g,£5.00/kg,2.00,,
Waitrose Barnet,Tins & Cans,Tinned Tomatoes & Puree,Cawston Press Pressed Tomato 1litre,1L,£3.20/L,3.20,4.00,20% off
Waitrose Barnet,Tins & Cans,"Tinned Vegetables, Beans & Pulses",Green Giant Original Sweetcorn 4x198g,660g,£5.45/kg,3.60,4.50,20% off
Waitrose Barnet,Tins & Cans,"Tinned Vegetables, Beans & Pulses",Harry Ramsden's Mushy Peas 300g,300g,£4.33/kg,1.30,,2 for £1.90
Waitrose Barnet,Tins & Cans,Tinned Fish & Seafood,John West No Drain Fridge Pot Tuna Steak with a Little Olive Oil MSC 3x110g 3x110g,330g,£15.27/kg,5.04,7.20,30% off
Waitrose Barnet,Tins & Cans,Tinned Fish & Seafood,John West No Drain Fridge Pot Tuna Steak with a Little Sunflower Oil MSC 3x110g 3x110g,330g,£15.27/kg,5.04,7.20,30% off
Waitrose Barnet,Tins & Cans,Other Tinned & Pickled Food,Nature's Finest Mandarin in Juice Snack Pack 4x113g,272g,£10.26/kg,2.79,3.10,10% off
Waitrose Barnet,Tins & Cans,Other Tinned & Pickled Food,Princes Corned Beef 340g,340g,£12.88/kg,4.38,5.15,15% off
Waitrose Barnet,Tins & Cans,Other Tinned & Pickled Food,Vadasz Kimchi 400g,400g,£11.15/kg,4.46,5.95,25% off
Waitrose Barnet,Tins & Cans,Other Tinned & Pickled Food,Cooks' Ingredients Nonpareille Capers 142g,95g,£43.16/kg,4.10,,
Waitrose Barnet,Tins & Cans,Other Tinned & Pickled Food,Del Monte Fruit Cocktail in Juice 415g,250g,£6.80/kg,1.70,,
Waitrose Barnet,Tins & Cans,Other Tinned & Pickled Food,Del Monte Prunes in Juice 410g,240g,£7.08/kg,1.70,,
Waitrose Barnet,Tins & Cans,Other Tinned & Pickled Food,Dole Tropical Gold Pineapple Slices in Juice 227g,139g,£10.07/kg,1.40,,
Waitrose Barnet,Tins & Cans,Other Tinned & Pickled Food,Duchy Organic Coconut Cream 160ml,160ml,£13.44/L,2.15,,
Waitrose Barnet,Tins & Cans,Other Tinned & Pickled Food,Essential Apricot Halves in Fruit Juice 410g,240g,£6.25/kg,1.50,,
Waitrose Barnet,Tins & Cans,Other Tinned & Pickled Food,Essential Coconut Milk 400ml,400ml,£3.75/L,1.50,,
Waitrose Barnet,Tins & Cans,Other Tinned & Pickled Food,Essential Granny Smith Apple Slices 385g,385g,£3.90/kg,1.50,,
Waitrose Barnet,Tins & Cans,Other Tinned & Pickled Food,Essential Mandarin Orange in Fruit Juice 295g,175g,£7.43/kg,1.30,,
Waitrose Barnet,Tins & Cans,Other Tinned & Pickled Food,Essential Peach Halves in Fruit Juice 410g,248g,£6.05/kg,1.50,,
Waitrose Barnet,Tins & Cans,Other Tinned & Pickled Food,Essential Peach Slices in Grape Juice 410g,248g,£6.05/kg,1.50,,
Waitrose Barnet,Tins & Cans,Other Tinned & Pickled Food,Essential Pickled Sliced Beetroot 710g,447g,£4.92/kg,2.20,,
Waitrose Barnet,Tins & Cans,Other Tinned & Pickled Food,Essential Reduced Fat Coconut Milk 400ml,400ml,£3.75/L,1.50,,
Waitrose Barnet,Tins & Cans,Other Tinned & Pickled Food,Garner's Original Pickled Onions 454g,230g,£21.30/kg,4.90,,
Waitrose Barnet,Tins & Cans,Other Tinned & Pickled Food,Heinz Beef Ravioli in Tomato Sauce 400g,400g,£6.50/kg,2.60,,
Waitrose Barnet,Tins & Cans,Other Tinned & Pickled Food,Heinz Spaghetti Hoops in Tomato Sauce 205g,205g,£5.37/kg,1.10,,
Waitrose Barnet,Tins & Cans,Other Tinned & Pickled Food,Heinz Spaghetti Hoops in Tomato Sauce 400g,400g,£4.25/kg,1.70,,
Waitrose Barnet,Tins & Cans,Other Tinned & Pickled Food,Heinz Spaghetti in Tomato Sauce 400g,400g,£4.25/kg,1.70,,
Waitrose Barnet,Tins & Cans,Other Tinned & Pickled Food,Heinz Spaghetti in Tomato Sauce Single Serve 200g,200g,£5.50/kg,1.10,,
Waitrose Barnet,Tins & Cans,Other Tinned & Pickled Food,Mrs Elswood Haimisha Cucumbers 670g,360g,£10.28/kg,3.70,,
Waitrose Barnet,Tins & Cans,Other Tinned & Pickled Food,Mrs Elswood Pickled Burger Gherkins 670g,360g,£10.28/kg,3.70,,
Waitrose Barnet,Tins & Cans,Other Tinned & Pickled Food,Nature's Finest Mandarin Segments in Juice 390g,240g,£10.42/kg,2.50,,
Waitrose Barnet,Tins & Cans,Other Tinned & Pickled Food,Nature's Finest Pitted Prunes in Juice 700g,375g,£11.20/kg,4.20,,
Waitrose Barnet,Tins & Cans,Other Tinned & Pickled Food,Nature's Finest Tropical Fruit Salad Pots 4x113g,452g,£6.86/kg,3.10,,
Waitrose Barnet,Tins & Cans,Other Tinned & Pickled Food,Peppadew Roasted Red Peppers 465g,350g,£15.71/kg,5.50,,
Waitrose Barnet,Tins & Cans,Other Tinned & Pickled Food,Peppadew Sweet Mild Whole Piquanté Peppers 400g,140g,£30.71/kg,4.30,,
Waitrose Barnet,Tins & Cans,Other Tinned & Pickled Food,Plenish Organic Unsweetened Long Life Coconut Drink 1litre,1L,£3.00/L,3.00,,
Waitrose Barnet,Tins & Cans,Other Tinned & Pickled Food,Rio Mare MSC Tuna & Mexican Bean Salad 160g,160g,£18.75/kg,3.00,,
Waitrose Barnet,Tins & Cans,Other Tinned & Pickled Food,Vadasz Super-Beet Kimchi 400g,400g,£14.88/kg,5.95,,
Waitrose Barnet,Tins & Cans,Other Tinned & Pickled Food,Waitrose Chilli Beetroot 180g,180g,£11.39/kg,2.05,,
Waitrose Barnet,Tins & Cans,Other Tinned & Pickled Food,Waitrose Christmas Brandy Soaked Fruit 800g,800g,£9.38/kg,7.50,,
Waitrose Barnet,Tins & Cans,Other Tinned & Pickled Food,Waitrose Cocktail Gherkins 290g,150g,£10.67/kg,1.60,,
Waitrose Barnet,Tins & Cans,Other Tinned & Pickled Food,Waitrose Essential Pear Halves in Juice 410g,230g,£6.52/kg,1.50,,
Waitrose Barnet,Tins & Cans,Other Tinned & Pickled Food,Waitrose Pickled Silverskin Onions 280g,150g,£10.00/kg,1.50,,
Waitrose Barnet,Tins & Cans,The Organic Shop 🥦,Duchy Organic Chopped Tomatoes in Juice 400g,400g,£5.00/kg,2.00,,
Waitrose Barnet,Tins & Cans,Tinned Fish & Seafood,Essential MSC Tuna Chunks in Brine 4x160g,448g,£14.06/kg,6.30,,
Waitrose Barnet,Tins & Cans,Tinned Fish & Seafood,Essential MSC Tuna Chunks in Spring Water 4x160g,448g,£14.06/kg,6.30,,
Waitrose Barnet,Tins & Cans,Tinned Fish & Seafood,Essential MSC Tuna Chunks in Sunflower Oil 160g,112g,£16.07/kg,1.80,,
Waitrose Barnet,Tins & Cans,Tinned Fish & Seafood,Essential MSC Tuna Chunks in Sunflower Oil 4x160g,448g,£14.06/kg,6.30,,
Waitrose Barnet,Tins & Cans,Tinned Fish & Seafood,Essential Mackerel Fillets in Olive Oil 125g,82g,£26.22/kg,2.15,,
Waitrose Barnet,Tins & Cans,Tinned Fish & Seafood,Essential Mackerel Fillets in Spring Water 125g,82g,£22.56/kg,1.85,,
Waitrose Barnet,Tins & Cans,Tinned Fish & Seafood,Essential Mackerel Fillets in Tomato Sauce 125g,125g,£14.80/kg,1.85,,
Waitrose Barnet,Tins & Cans,Tinned Fish & Seafood,Essential Sardines in Olive Oil 120g,84g,£22.62/kg,1.90,,
Waitrose Barnet,Tins & Cans,Tinned Fish & Seafood,Essential Sardines in Spring Water 120g,84g,£21.43/kg,1.80,,
Waitrose Barnet,Tins & Cans,Tinned Fish & Seafood,Essential Sardines in Sunflower Oil 120g,84g,£21.43/kg,1.80,,
Waitrose Barnet,Tins & Cans,Tinned Fish & Seafood,Essential Sardines in Tomato Sauce 120g,120g,£15.00/kg,1.80,,
Waitrose Barnet,Tins & Cans,Tinned Fish & Seafood,John West Lemon & Thyme Tuna Infusions MSC 80g,80g,£30.00/kg,2.40,,
Waitrose Barnet,Tins & Cans,Tinned Fish & Seafood,John West No Drain Fridge Pot Tuna Steak with a Little Brine MSC 3x110g 3x110g,330g,£21.82/kg,7.20,,
Waitrose Barnet,Tins & Cans,Tinned Fish & Seafood,John West No Drain Fridge Pot Tuna Steak with a Little Spring Water MSC 3x110g 3x110g,330g,£21.82/kg,7.20,,£5.04 loyalty card (£15.27/kg)
Waitrose Barnet,Tins & Cans,Tinned Fish & Seafood,John West Tuna Chunks in Spring Water MSC 4x125g (102g drained) 4x125g,408g,£16.18/kg,6.60,,
Waitrose Barnet,Tins & Cans,Tinned Fish & Seafood,John West Tuna Chunks in Sunflower Oil MSC 125g (102g drained) 125g,95g,£28.42/kg,2.70,,
Waitrose Barnet,Tins & Cans,Tinned Fish & Seafood,John West Tuna Chunks in Sunflower Oil MSC 4x125g (102g drained) 4x125g,500g,£13.20/kg,6.60,,
Waitrose Barnet,Tins & Cans,Tinned Fish & Seafood,John West Wild Pacific Red Salmon 213g,213g,£32.39/kg,6.90,,
Waitrose Barnet,Tins & Cans,Tinned Fish & Seafood,Kingfisher Crab Meat Shredded & Leg 145g,145g,£22.41/kg,3.25,,
Waitrose Barnet,Tins & Cans,Tinned Fish & Seafood,No.1 Albacore Tuna in Extra Virgin Olive Oil 220g,150g,£38.00/kg,5.70,,
Waitrose Barnet,Tins & Cans,Tinned Fish & Seafood,No.1 Anchovy Fillets in Extra Virgin Olive Oil 100g,60g,£65.00/kg,3.90,,
Waitrose Barnet,Tins & Cans,Tinned Fish & Seafood,No.1 Cantabrian Anchovy Fillets in Extra Virgin Olive Oil 50g,30g,£70.00/kg,2.10,,
Waitrose Barnet,Tins & Cans,Tinned Fish & Seafood,Rio Mare MSC Tuna in Olive Oil 160g,104g,£40.38/kg,4.20,,
Waitrose Barnet,Tins & Cans,Tinned Fish & Seafood,Rio Mare Tuna in Olive Oil 180g,117g,£41.88/kg,4.90,,
Waitrose Barnet,Tins & Cans,Tinned Fish & Seafood,Waitrose Boneless Wild Red Salmon 170g,170g,£38.82/kg,6.60,,
Waitrose Barnet,Tins & Cans,Tinned Fish & Seafood,Waitrose Essential ASC Raw King Prawns 250g,250g,£22.80/kg,5.70,,
Waitrose Barnet,Tins & Cans,Tinned Fish & Seafood,Waitrose MSC Tuna Steak In Spring Water 4x200g,600g,£15.00/kg,9.00,,
Waitrose Barnet,Tins & Cans,Tinned Fish & Seafood,Waitrose MSC Tuna Steak in Spring Water 200g,150g,£20.00/kg,3.00,,
Waitrose Barnet,Tins & Cans,Tinned Soup,Batchelors 4 Cream of Vegetable Cup a Soup 122g,122g,£18.03/kg,2.20,,
Waitrose Barnet,Tins & Cans,Tinned Soup,Batchelors 4 Potato & Leek Cup A Soup 107g,107g,£20.56/kg,2.20,,
Waitrose Barnet,Tins & Cans,Tinned Soup,Heinz Classic Cream of Chicken Soup 400g,400g,£5.25/kg,2.10,,
Waitrose Barnet,Tins & Cans,Tinned Soup,Heinz Classic Cream of Soup Mushroom 400g,400g,£5.25/kg,2.10,,
Waitrose Barnet,Tins & Cans,Tinned Soup,Heinz Classic Cream of Tomato Soup 400g,400g,£5.25/kg,2.10,,
Waitrose Barnet,Tins & Cans,Tinned Soup,Heinz Classic Vegetable Soup 400g,400g,£5.25/kg,2.10,,
Waitrose Barnet,Tins & Cans,Tinned Soup,Heinz Cream of Tomato Cup Soup 4x22g,88g,£20.45/kg,1.80,,
Waitrose Barnet,Tins & Cans,Tinned Soup,Heinz Cream of Tomato Soup 4x400g,1.6kg,£3.00/kg,4.80,,
Waitrose Barnet,Tins & Cans,Tinned Soup,Heinz Potato & Bacon Soup 400g 400g,400g,£5.25/kg,2.10,,
Waitrose Barnet,Tins & Cans,Tinned Soup,Knorr Thick Vegetable Soup 75g,75g,£22.67/kg,1.70,,
Waitrose Barnet,Tins & Cans,Tinned Soup,Waitrose Chunky Minestrone Soup 400g,400g,£3.75/kg,1.50,,
Waitrose Barnet,Tins & Cans,Tinned Soup,Waitrose Wild Mushroom Cup Soup 4x26g,104g,£12.50/kg,1.30,,
Waitrose Barnet,Tins & Cans,Tinned Soup,itsu Miso'easy Chilli Miso Soup 5x20g,100g,£25.00/kg,2.50,,
Waitrose Barnet,Tins & Cans,Tinned Tomatoes & Puree,Cirio Pelati Peeled Plum Tomatoes 400g,250g,£6.80/kg,1.70,,
Waitrose Barnet,Tins & Cans,Tinned Tomatoes & Puree,Cirio Polpa Chopped Tomatoes 4x400g,1.6kg,£3.75/kg,6.00,,
Waitrose Barnet,Tins & Cans,Tinned Tomatoes & Puree,Cirio Tuscan Chopped Tomatoes 400g,400g,£4.25/kg,1.70,,
Waitrose Barnet,Tins & Cans,Tinned Tomatoes & Puree,Cooks' Ingredients Soffritto Passata 690g,690g,£5.22/kg,3.60,,
Waitrose Barnet,Tins & Cans,Tinned Tomatoes & Puree,Cooks' Ingredients Tomato Paste 180g,180g,£16.67/kg,3.00,,
Waitrose Barnet,Tins & Cans,Tinned Tomatoes & Puree,Duchy Organic Passata 680g,680g,£3.38/kg,2.30,,
Waitrose Barnet,Tins & Cans,Tinned Tomatoes & Puree,Duchy Organic Tomato Purée 200g,200g,£10.75/kg,2.15,,
Waitrose Barnet,Tins & Cans,Tinned Tomatoes & Puree,Essential Chopped Tomatoes in Natural Juice 227g,227g,£2.86/kg,0.65,,
Waitrose Barnet,Tins & Cans,Tinned Tomatoes & Puree,Essential Chopped Tomatoes in Natural Juice 400g,400g,£2.00/kg,0.80,,
Waitrose Barnet,Tins & Cans,Tinned Tomatoes & Puree,Essential Chopped Tomatoes in Natural Juice 4x400g,1.6kg,£1.66/kg,2.65,,
Waitrose Barnet,Tins & Cans,Tinned Tomatoes & Puree,Essential Passata 680g,680g,£1.76/kg,1.20,,
Waitrose Barnet,Tins & Cans,Tinned Tomatoes & Puree,Essential Plum Tomatoes in Natural Juice 230g,230g,£2.83/kg,0.65,,
Waitrose Barnet,Tins & Cans,Tinned Tomatoes & Puree,Essential Plum Tomatoes in Natural Juice 400g,400g,£2.00/kg,0.80,,
Waitrose Barnet,Tins & Cans,Tinned Tomatoes & Puree,Mr Organic Italian Organic Chopped Tomatoes 4x400g,1.6kg,£4.69/kg,7.50,,
Waitrose Barnet,Tins & Cans,Tinned Tomatoes & Puree,Mutti Cherry Tomatoes 400g,400g,£6.75/kg,2.70,,£1.76 loyalty card (£4.40/kg)
Waitrose Barnet,Tins & Cans,Tinned Tomatoes & Puree,Mutti Double Concentrate Tomato Purée 130g,130g,£15.77/kg,2.05,,
Waitrose Barnet,Tins & Cans,Tinned Tomatoes & Puree,Mutti Finely Chopped Tomatoes 4x400g,1.6kg,£4.63/kg,7.40,,
Waitrose Barnet,Tins & Cans,Tinned Tomatoes & Puree,Mutti Peeled Whole Plum Tomatoes 400g,400g,£5.13/kg,2.05,,
Waitrose Barnet,Tins & Cans,Tinned Tomatoes & Puree,Mutti Tomato Passata 400g,400g,£6.75/kg,2.70,,
Waitrose Barnet,Tins & Cans,Tinned Tomatoes & Puree,Sunpride Tomato Juice 1litre,1L,£1.85/L,1.85,,
Waitrose Barnet,Tins & Cans,Tinned Tomatoes & Puree,Waitrose Chopped Tomatoes with Olive Oil & Garlic 400g,400g,£2.88/kg,1.15,,
Waitrose Barnet,Tins & Cans,Tinned Tomatoes & Puree,Waitrose Italian Vine Cherry Tomatoes 400g,400g,£5.00/kg,2.00,,
Waitrose Barnet,Tins & Cans,Tinned Tomatoes & Puree,Waitrose Tomato Juice 1litre,1L,£2.65/L,2.65,,
Waitrose Barnet,Tins & Cans,"Tinned Vegetables, Beans & Pulses",Belazu Judion White Butter Beans 360g,240g,£15.00/kg,3.60,,
Waitrose Barnet,Tins & Cans,"Tinned Vegetables, Beans & Pulses",Bold Bean Co. Queen Butter Beans 570g,400g,£10.50/kg,4.20,,
Waitrose Barnet,Tins & Cans,"Tinned Vegetables, Beans & Pulses",Bold Bean Co. Queen Chickpeas 570g,400g,£10.50/kg,4.20,,
Waitrose Barnet,Tins & Cans,"Tinned Vegetables, Beans & Pulses",Duchy Organic Black Beans in Water 400g,255g,£5.88/kg,1.50,,
Waitrose Barnet,Tins & Cans,"Tinned Vegetables, Beans & Pulses",Duchy Organic Butter Beans 400g,244g,£6.15/kg,1.50,,
Waitrose Barnet,Tins & Cans,"Tinned Vegetables, Beans & Pulses",Epicure Organic Bijoux Verts Lentils 400g,240g,£6.04/kg,1.45,,
Waitrose Barnet,Tins & Cans,"Tinned Vegetables, Beans & Pulses",Epicure Ratatouille Niçoise 375g,375g,£5.47/kg,2.05,,
Waitrose Barnet,Tins & Cans,"Tinned Vegetables, Beans & Pulses",Essential Black Beans in Water 420g,252g,£2.58/kg,0.65,,
Waitrose Barnet,Tins & Cans,"Tinned Vegetables, Beans & Pulses",Essential Borlotti Beans 410g,240g,£2.71/kg,0.65,,
Waitrose Barnet,Tins & Cans,"Tinned Vegetables, Beans & Pulses",Essential Butter Beans 400g,400g,£1.63/kg,0.65,,
Waitrose Barnet,Tins & Cans,"Tinned Vegetables, Beans & Pulses",Essential Flageolet Beans in Water 400g,265g,£3.77/kg,1.00,,
Waitrose Barnet,Tins & Cans,"Tinned Vegetables, Beans & Pulses",Essential Lentils in Water 400g,260g,£2.50/kg,0.65,,
Waitrose Barnet,Tins & Cans,"Tinned Vegetables, Beans & Pulses",Essential Red Kidney Beans in Chilli Sauce 395g,395g,£3.04/kg,1.20,,
Waitrose Barnet,Tins & Cans,"Tinned Vegetables, Beans & Pulses",Essential Red Kidney Beans in Water 300g,180g,£3.06/kg,0.55,,
Waitrose Barnet,Tins & Cans,"Tinned Vegetables, Beans & Pulses",Essential Red Kidney Beans in Water 400g,240g,£2.71/kg,0.65,,
Waitrose Barnet,Tins & Cans,"Tinned Vegetables, Beans & Pulses",Essential Small Potatoes in Water 400g,265g,£3.77/kg,1.00,,
Waitrose Barnet,Tins & Cans,"Tinned Vegetables, Beans & Pulses",Essential Sweetcorn 195g,160g,£5.94/kg,0.95,,
Waitrose Barnet,Tins & Cans,"Tinned Vegetables, Beans & Pulses",Essential Sweetcorn 326g,260g,£4.62/kg,1.20,,
Waitrose Barnet,Tins & Cans,"Tinned Vegetables, Beans & Pulses",Farrow's Giant Marrowfat Processed Peas 300g,180g,£6.39/kg,1.15,,
Waitrose Barnet,Tins & Cans,"Tinned Vegetables, Beans & Pulses",Gran Luchito Cantina Beans 430g,430g,£7.21/kg,3.10,,
Waitrose Barnet,Tins & Cans,"Tinned Vegetables, Beans & Pulses",Green Giant Original Sweetcorn 198g,165g,£7.27/kg,1.20,,
Waitrose Barnet,Tins & Cans,"Tinned Vegetables, Beans & Pulses",John West Natural Protein Tuna Salad With Quinoa 220g 220g,220g,£14.77/kg,3.25,,
Waitrose Barnet,Tins & Cans,"Tinned Vegetables, Beans & Pulses",Rio Mare MSC Tuna & Sweetcorn Salad 160g,160g,£18.75/kg,3.00,,
Waitrose Barnet,Vegetables,Broccoli & Cauliflower,Bellaverde Sweet Stem Broccoli 200g,200g,£15.00/kg,3.00,,
Waitrose Barnet,Vegetables,Broccoli & Cauliflower,Duchy Organic Broccoli 350g,350g,£5.71/kg,2.00,,
Waitrose Barnet,Vegetables,Broccoli & Cauliflower,Duchy Organic Tenderstem Broccoli 200g,200g,£17.50/kg,3.50,,
Waitrose Barnet,Vegetables,Broccoli & Cauliflower,Essential Broccoli per kg,,,2.90,,
Waitrose Barnet,Vegetables,Broccoli & Cauliflower,Tenderstem Broccoli Spears 200g,200g,£10.75/kg,2.15,,
Waitrose Barnet,Vegetables,Broccoli & Cauliflower,Waitrose Cauliflower Each,1pk,£1.60 each,1.60,,
Waitrose Barnet,Vegetables,Broccoli & Cauliflower,Waitrose Large Broccoli Crown 335g,335g,£4.78/kg,1.60,,
Waitrose Barnet,Vegetables,Broccoli & Cauliflower,Waitrose Large Trimmed Cauliflower each,1pk,£2.35 each,2.35,,
Waitrose Barnet,Vegetables,Broccoli & Cauliflower,Waitrose Purple Sprouting Broccoli Spears 230g,230g,£13.04/kg,3.00,,
Waitrose Barnet,Vegetables,Broccoli & Cauliflower,Waitrose Tenderstem Broccoli Spears 330g,330g,£10.00/kg,3.30,,
Waitrose Barnet,Vegetables,Broccoli & Cauliflower,Waitrose Trimmed Tenderstem Broccoli 80g,80g,£18.13/kg,1.45,,3 for £3.60
Waitrose Barnet,Vegetables,Carrots & Root Vegetables,Essential British Carrots 1kg,1kg,£0.90/kg,0.90,,
Waitrose Barnet,Vegetables,Carrots & Root Vegetables,Essential Parsnips 500g,500g,£2.00/kg,1.00,,
Waitrose Barnet,Vegetables,Carrots & Root Vegetables,Essential Radish 200g,200g,£4.25/kg,0.85,,
Waitrose Barnet,Vegetables,Carrots & Root Vegetables,G's Cooked Beetroot 300g,300g,£5.00/kg,1.50,,
Waitrose Barnet,Vegetables,Carrots & Root Vegetables,Waitrose Baby Beetroot 250g,250g,£5.00/kg,1.25,,
Waitrose Barnet,Vegetables,Carrots & Root Vegetables,Waitrose Baby Parsnips 300g,300g,£9.67/kg,2.90,,
Waitrose Barnet,Vegetables,Carrots & Root Vegetables,Waitrose Baby Topped Carrots 175g,175g,£15.14/kg,2.65,,2 for £4.80
Waitrose Barnet,Vegetables,Carrots & Root Vegetables,Waitrose Bunched Beetroot 500g,500g,£5.90/kg,2.95,,
Waitrose Barnet,Vegetables,Carrots & Root Vegetables,Waitrose French Breakfast Radish 150g,150g,£12.00/kg,1.80,,
Waitrose Barnet,Vegetables,Carrots & Root Vegetables,Waitrose Fresh Beetroot Pouch 330g,330g,£6.21/kg,2.05,,
Waitrose Barnet,Vegetables,Carrots & Root Vegetables,Waitrose Swede Each,1pk,£0.80 each,0.80,,
Waitrose Barnet,Vegetables,Carrots & Root Vegetables,Waitrose Sweet Kingdom Mini Carrots 80g,80g,£18.13/kg,1.45,,3 for £3.60
Waitrose Barnet,Vegetables,Carrots & Root Vegetables,Waitrose Sweet Kingdom Orange Mini Carrots 340g,340g,£6.32/kg,2.15,,
Waitrose Barnet,Vegetables,Mushrooms,Waitrose British Chestnut Mushrooms 250g,250g,£5.20/kg,1.30,,
Waitrose Barnet,Vegetables,Mushrooms,Waitrose British Chestnut Mushrooms 450g,450g,£5.11/kg,2.30,,
Waitrose Barnet,Vegetables,Mushrooms,Waitrose Portabella Mushrooms 150g,150g,£10.33/kg,1.55,,
Waitrose Barnet,Vegetables,Potatoes,Waitrose British Baby Potatoes 200g,200g,£7.25/kg,1.45,,3 for £3.60
Waitrose Barnet,Vegetables,Other Vegetables,Waitrose Popped Garden Peas 80g,80g,£18.13/kg,1.45,,3 for £3.60
Waitrose Barnet,Vegetables,Prepared Vegetables,Waitrose Prepared Vegetable Trio 80g,80g,£18.13/kg,1.45,,3 for £3.60
Waitrose Barnet,Vegetables,Prepared Vegetables,Waitrose Sliced Runner Beans 80g,80g,£18.13/kg,1.45,,3 for £3.60
Waitrose Barnet,Vegetables,Prepared Vegetables,Waitrose Tenderstem Broccoli & Fine Beans 190g,190g,£14.47/kg,2.75,,2 for £4.80
Waitrose Barnet,Vegetables,Other Vegetables,Waitrose Trimmed Fine Green Beans 80g,80g,£18.13/kg,1.45,,3 for £3.60
Waitrose Barnet,Vegetables,Onions & Leeks,Duchy Organic Leeks 350g,350g,£6.71/kg,2.35,,
Waitrose Barnet,Vegetables,Onions & Leeks,Waitrose Large Onions 2s,1pk,£1.90 each,1.90,,
Waitrose Barnet,Vegetables,Onions & Leeks,Waitrose Onions 4s,1pk,£1.55 each,1.55,,
Waitrose Barnet,Vegetables,Onions & Leeks,Waitrose Red Onions 3s,1pk,£1.20 each,1.20,,
Waitrose Barnet,Vegetables,Onions & Leeks,Waitrose Trimmed Leeks 400g,400g,£5.50/kg,2.20,,
Waitrose Barnet,Vegetables,Other Vegetables,Cooks' Ingredients Lemon Grass 2s,1pk,£1.10 each,1.10,,
Waitrose Barnet,Vegetables,Other Vegetables,Duchy Organic Courgettes 300g,300g,£10.67/kg,3.20,,
Waitrose Barnet,Vegetables,Other Vegetables,Duchy Organic Kale 180g,180g,£13.06/kg,2.35,,
Waitrose Barnet,Vegetables,Other Vegetables,Essential Kale 200g,200g,£6.00/kg,1.20,,
Waitrose Barnet,Vegetables,Other Vegetables,Essential Savoy Cabbage Each,1pk,£1.40 each,1.40,,
Waitrose Barnet,Vegetables,Other Vegetables,Essential Sweetheart Cabbage each,1pk,£1.20 each,1.20,,
Waitrose Barnet,Vegetables,Other Vegetables,Good4U Super Greens Super Sprouts 60g,60g,£31.67/kg,1.90,,
Waitrose Barnet,Vegetables,Other Vegetables,Sushi Daily Edamame Each,1pk,£3.55 each,3.55,,
Waitrose Barnet,Vegetables,Other Vegetables,Waitrose Cavolo Nero 200g,200g,£9.00/kg,1.80,,
Waitrose Barnet,Vegetables,Other Vegetables,Waitrose Chinese Leaf Each,1pk,£2.00 each,2.00,,
Waitrose Barnet,Vegetables,Other Vegetables,Waitrose Green Pak Choi 250g,250g,£8.60/kg,2.15,,
Waitrose Barnet,Vegetables,Other Vegetables,Waitrose Rainbow Chard 200g,200g,£11.50/kg,2.30,,
Waitrose Barnet,Vegetables,Potatoes,Albert Bartlett Baking Potatoes 4s,1pk,£3.05 each,3.05,,
Waitrose Barnet,Vegetables,Potatoes,Albert Bartlett Potatoes 2kg,2kg,£1.60/kg,3.20,,
Waitrose Barnet,Vegetables,Potatoes,Essential British Baby Potatoes 1kg,1kg,£1.50/kg,1.50,,
Waitrose Barnet,Vegetables,Potatoes,Essential British Large Potatoes 4s,1pk,£1.15 each,1.15,,
Waitrose Barnet,Vegetables,Potatoes,Essential British Potatoes 2.5kg,2.5kg,£0.86/kg,2.15,,
Waitrose Barnet,Vegetables,Potatoes,Waitrose Baby New Potatoes 750g,750g,£3.07/kg,2.30,,
Waitrose Barnet,Vegetables,Potatoes,Waitrose British Extra Large Potatoes 4s,1pk,£2.40 each,2.40,,
Waitrose Barnet,Vegetables,Potatoes,Waitrose British Regal Red Potatoes 1.5Kg,1.5kg,£1.60/kg,2.40,,
Waitrose Barnet,Vegetables,Potatoes,Waitrose British Regal White Potatoes 1.5Kg,1.5kg,£1.60/kg,2.40,,
Waitrose Barnet,Vegetables,Potatoes,Waitrose British Wonderfully Wonky Potatoes 3kg,3kg,£0.73/kg,2.20,,
Waitrose Barnet,Vegetables,Potatoes,Waitrose Essential Red Potatoes 2kg 2Kg,2kg,£1.20/kg,2.40,,
Waitrose Barnet,Vegetables,Potatoes,Waitrose King Edward Potatoes 2kg,2kg,£1.45/kg,2.90,,
Waitrose Barnet,Vegetables,Potatoes,Waitrose La Ratte Potatoes 500g,500g,£6.60/kg,3.30,,
Waitrose Barnet,Vegetables,Potatoes,Waitrose Maris Piper Potatoes 2kg,2kg,£1.33/kg,2.65,,
Waitrose Barnet,Vegetables,Potatoes,Waitrose Red Velvet Sweet Potatoes 600g,600g,£4.58/kg,2.75,,
Waitrose Barnet,Vegetables,Prepared Vegetables,Bright & Colourful Vegetable Stir Fry 210g,210g,£15.71/kg,3.30,,
Waitrose Barnet,Vegetables,Prepared Vegetables,Cook's Ingredients Sweet Potato & Butternut 350g,350g,£6.00/kg,2.10,,
Waitrose Barnet,Vegetables,Prepared Vegetables,Sweet & Tender Vegetable Stir Fry 210g,210g,£15.71/kg,3.30,,
Waitrose Barnet,Vegetables,Prepared Vegetables,Waitrose Carrot Batons 400g,400g,£4.00/kg,1.60,,
Waitrose Barnet,Vegetables,Prepared Vegetables,"Waitrose Carrot, Broccoli & Fine Green Beans 320g",320g,£8.13/kg,2.60,,
Waitrose Barnet,Vegetables,Prepared Vegetables,"Waitrose Carrot, Cauliflower & Broccoli 240g",240g,£6.25/kg,1.50,,
Waitrose Barnet,Vegetables,Prepared Vegetables,Waitrose Frozen Fine Cut Vegetable Steamers 4x160g,640g,£5.16/kg,3.30,,
Waitrose Barnet,Vegetables,Prepared Vegetables,Waitrose Mixed Pepper Stir Fry 300g,300g,£7.83/kg,2.35,,
Waitrose Barnet,Vegetables,Prepared Vegetables,Waitrose Mushroom Stir Fry 300g,300g,£7.83/kg,2.35,,
Waitrose Barnet,Vegetables,Prepared Vegetables,"Waitrose Peas, Cabbage & Tenderstem Layers 245g",245g,£12.04/kg,2.95,,£2.21 loyalty card (£9.02/kg)
Waitrose Barnet,Vegetables,Prepared Vegetables,"Waitrose Peas, Sweetcorn, Carrot & Broccoli 350g",350g,£8.43/kg,2.95,,£2.21 loyalty card (£6.31/kg)
Waitrose Barnet,Vegetables,Prepared Vegetables,Waitrose Samphire 90g,90g,£30.00/kg,2.70,,
Waitrose Barnet,Vegetables,Prepared Vegetables,Waitrose Summer Diced Balsamic & Strawberry Beetroot 180g,180g,£11.39/kg,2.05,,
Waitrose Barnet,Vegetables,Prepared Vegetables,Waitrose Sweet & Crunchy Stir Fry 550g,550g,£4.82/kg,2.65,,
Waitrose Barnet,"Water, Soft Drinks, Mixers",Cola,Coca Cola Original Taste   1.25 L Bottle 1.25L,1.25L,£2.24/L,2.80,,
Waitrose Barnet,"Water, Soft Drinks, Mixers",Cola,Coca Cola Original Taste 6x200ml,1.2L,£3.75/L,4.50,,
Waitrose Barnet,"Water, Soft Drinks, Mixers",Cola,Coca-Cola Original Taste - 12x150ml Can 12x150ml,1.8L,£4.78/L,8.60,,
Waitrose Barnet,"Water, Soft Drinks, Mixers",Cola,Coca-Cola Original Taste Bottle 4x250ml 4x250ml,1L,£6.30/L,6.30,,
Waitrose Barnet,"Water, Soft Drinks, Mixers",Cola,Coca-Cola Original Taste Regular Can 330ml 8 Pack 8x330ml,2.64L,£2.61/L,6.90,,
Waitrose Barnet,"Water, Soft Drinks, Mixers",Cola,Coca-Cola Zero Sugar 2L 2litre,2L,£1.53/L,3.05,,2 for £4.20
Waitrose Barnet,"Water, Soft Drinks, Mixers",Cola,Coca-Cola Zero Sugar Bottle 500ml 500ml,500ml,£4.80/L,2.40,,
Waitrose Barnet,"Water, Soft Drinks, Mixers",Cola,Coca-Cola Zero Sugar Can 24 x 330ml 24x330ml,7.92L,£1.82/L,14.40,,
Waitrose Barnet,"Water, Soft Drinks, Mixers",Cola,Coca-Cola Zero Sugar Can 330ml,330ml,£5.30/L,1.75,,
Waitrose Barnet,"Water, Soft Drinks, Mixers",Cola,Coca-Cola Zero Sugar Cans 8x330ml 8x330ml,2.64L,£2.39/L,6.30,,
Waitrose Barnet,"Water, Soft Drinks, Mixers",Cola,Coca-Cola Zero Sugar Zero Caffeine Can 8x330ml,2.64L,£2.39/L,6.30,,
Waitrose Barnet,"Water, Soft Drinks, Mixers",Cola,Coke Zero 6x200ml,1.2L,£3.50/L,4.20,,
Waitrose Barnet,"Water, Soft Drinks, Mixers",Cola,Coke Zero Caffeine Free 500ml,500ml,£4.80/L,2.40,,
Waitrose Barnet,"Water, Soft Drinks, Mixers",Cola,Diet Coke 1.25L 1.25litre,1.25L,£1.88/L,2.35,,£1.65 loyalty card (£1.32/L)
Waitrose Barnet,"Water, Soft Drinks, Mixers",Cola,Diet Coke 24x330ml 24x330ml,7.92L,£1.82/L,14.40,,
Waitrose Barnet,"Water, Soft Drinks, Mixers",Cola,Diet Coke 2L Bottle 2litre,2L,£1.53/L,3.05,,
Waitrose Barnet,"Water, Soft Drinks, Mixers",Cola,Diet Coke 6x200ml,1.2L,£3.50/L,4.20,,
Waitrose Barnet,"Water, Soft Drinks, Mixers",Cola,Diet Coke Can 330ml,330ml,£5.30/L,1.75,,
Waitrose Barnet,"Water, Soft Drinks, Mixers",Cola,Diet Coke Can Pack of 12 12x150ml,1.8L,£4.33/L,7.80,,
Waitrose Barnet,"Water, Soft Drinks, Mixers",Cola,Diet Coke No Caffeine 2L 2litre,2L,£1.53/L,3.05,,
Waitrose Barnet,"Water, Soft Drinks, Mixers",Cola,Pepsi Cola Bottle 2litre,2L,£1.65/L,3.30,,
Waitrose Barnet,"Water, Soft Drinks, Mixers",Cola,Pepsi Max Cherry No Sugar Cola Bottle 2litre,2L,£1.53/L,3.05,,2 for £4.20
Waitrose Barnet,"Water, Soft Drinks, Mixers",Cola,Pepsi Max Cherry No Sugar Cola Bottle 500ml,500ml,£5.20/L,2.60,,
Waitrose Barnet,"Water, Soft Drinks, Mixers",Cola,Pepsi Max Cherry No Sugar Cola Cans 8x330ml,2.64L,£2.46/L,6.50,,
Waitrose Barnet,"Water, Soft Drinks, Mixers",Cola,Pepsi Max No Sugar Cola Bottle 500ml,500ml,£5.20/L,2.60,,
Waitrose Barnet,"Water, Soft Drinks, Mixers",Cola,Pepsi Max No Sugar Cola Cans 24x330ml,7.92L,£1.96/L,15.55,,
Waitrose Barnet,"Water, Soft Drinks, Mixers",Cola,Pepsi Max No Sugar Cola Cans 8x330ml,2.64L,£2.46/L,6.50,,
Waitrose Barnet,"Water, Soft Drinks, Mixers",Fizzy & Soft Drinks,Appletiser Sparkling Apple Juice 6 x 250ml 6x250ml,1.5L,£2.73/L,4.10,6.30,35% off
Waitrose Barnet,"Water, Soft Drinks, Mixers",Fizzy & Soft Drinks,Appletiser Sparkling Apple Juice 750ml 750ml,750ml,£6.33/L,4.75,,
Waitrose Barnet,"Water, Soft Drinks, Mixers",Fizzy & Soft Drinks,Belvoir Elderflower Pressé 750ml,750ml,£4.11/L,3.08,4.40,30% off
Waitrose Barnet,"Water, Soft Drinks, Mixers",Fizzy & Soft Drinks,Bottlegreen Elderflower Presse 750ml 750ml,750ml,£5.53/L,4.15,,
Waitrose Barnet,"Water, Soft Drinks, Mixers",Fizzy & Soft Drinks,Capri-Sun Zero Jungle Drink 4x200ml,800ml,£3.13/L,2.50,,
Waitrose Barnet,"Water, Soft Drinks, Mixers",Fizzy & Soft Drinks,Capri-Sun Zero Jungle Drink 8x200ml,1.6L,£2.50/L,4.00,,
Waitrose Barnet,"Water, Soft Drinks, Mixers",Fizzy & Soft Drinks,Capri-Sun Zero Orange 4x200ml,800ml,£3.13/L,2.50,,
Waitrose Barnet,"Water, Soft Drinks, Mixers",Fizzy & Soft Drinks,Dr Pepper Zero Bottle 500ml,500ml,£5.00/L,2.50,,
Waitrose Barnet,"Water, Soft Drinks, Mixers",Fizzy & Soft Drinks,Equinox Organic Ginger Kombucha 275ml,275ml,£10.55/L,2.90,,
Waitrose Barnet,"Water, Soft Drinks, Mixers",Fizzy & Soft Drinks,Equinox Organic Ginger Kombucha 750ml,750ml,£6.40/L,4.80,6.00,20% off
Waitrose Barnet,"Water, Soft Drinks, Mixers",Fizzy & Soft Drinks,Equinox Organic Raspberry & Elderflower Kombucha 275ml,275ml,£10.55/L,2.90,,
Waitrose Barnet,"Water, Soft Drinks, Mixers",Fizzy & Soft Drinks,Fanta Orange Zero 2L 2litre,2L,£1.35/L,2.70,,
Waitrose Barnet,"Water, Soft Drinks, Mixers",Fizzy & Soft Drinks,Fanta Orange Zero Bottle 500ml,500ml,£5.00/L,2.50,,
Waitrose Barnet,"Water, Soft Drinks, Mixers",Fizzy & Soft Drinks,Fanta Orange Zero Can 8x330ml,2.64L,£2.16/L,5.70,,
Waitrose Barnet,"Water, Soft Drinks, Mixers",Fizzy & Soft Drinks,Fentimans Ginger Beer 750ml,750ml,£6.00/L,4.50,,
Waitrose Barnet,"Water, Soft Drinks, Mixers",Fizzy & Soft Drinks,Fever-Tree Refreshingly Light Ginger Ale 500ml,500ml,£5.90/L,2.95,,
Waitrose Barnet,"Water, Soft Drinks, Mixers",Fizzy & Soft Drinks,Fever-Tree Refreshingly Light Ginger Ale 8x150ml,1.2L,£5.33/L,6.40,,
Waitrose Barnet,"Water, Soft Drinks, Mixers",Fizzy & Soft Drinks,Fever-Tree Refreshingly Light Premium Ginger Beer Cans 6x150ml,900ml,£5.67/L,5.10,,
Waitrose Barnet,"Water, Soft Drinks, Mixers",Fizzy & Soft Drinks,Fruit Shoot Apple & Blackcurrant Kids Juice Drink 4x200ml,800ml,£3.63/L,2.90,,
Waitrose Barnet,"Water, Soft Drinks, Mixers",Fizzy & Soft Drinks,Fruit Shoot Hydro Blackcurrant Kids Flavoured Water Drink 8x275ml,2.2L,£2.09/L,4.60,,
Waitrose Barnet,"Water, Soft Drinks, Mixers",Fizzy & Soft Drinks,J2O Orange & Passion Fruit Juice Cans 4x250ml,1L,£5.05/L,5.05,,
Waitrose Barnet,"Water, Soft Drinks, Mixers",Fizzy & Soft Drinks,J2O Orange & Passionfruit Fruit Juice Bottles 4x275ml,1.1L,£6.00/L,6.60,,
Waitrose Barnet,"Water, Soft Drinks, Mixers",Fizzy & Soft Drinks,Lipton Ice Tea Lemon Bottle 1.25litre,1.25L,£2.24/L,2.80,,
Waitrose Barnet,"Water, Soft Drinks, Mixers",Fizzy & Soft Drinks,Lipton Ice Tea Peach Bottle 500ml,500ml,£5.20/L,2.60,,
Waitrose Barnet,"Water, Soft Drinks, Mixers",Fizzy & Soft Drinks,MOJU Turmeric Dosing Bottle 7 x Juice Shots 420ml,420ml,£17.86/L,7.50,,
Waitrose Barnet,"Water, Soft Drinks, Mixers",Fizzy & Soft Drinks,No. 1 Still Lemonade with Fresh Lemon Juice 1litre,1L,£4.50/L,4.50,,
Waitrose Barnet,"Water, Soft Drinks, Mixers",Fizzy & Soft Drinks,No.1 Sparkling Elderflower Presse 750ml,750ml,£4.40/L,3.30,,£2.64 loyalty card (£3.52/L)
Waitrose Barnet,"Water, Soft Drinks, Mixers",Fizzy & Soft Drinks,Rebel Kitchen Raw Coconut Water 330ml,330ml,£10.91/L,3.60,,
Waitrose Barnet,"Water, Soft Drinks, Mixers",Fizzy & Soft Drinks,Ribena Blackcurrant Light 500ml,500ml,£4.70/L,2.35,,
Waitrose Barnet,"Water, Soft Drinks, Mixers",Fizzy & Soft Drinks,Ribena Blackcurrant No Added Sugar 6x250ml,1.5L,£2.60/L,3.90,,
Waitrose Barnet,"Water, Soft Drinks, Mixers",Fizzy & Soft Drinks,San Pellegrino Blood Orange 330ml,330ml,£5.76/L,1.90,,
Waitrose Barnet,"Water, Soft Drinks, Mixers",Fizzy & Soft Drinks,San Pellegrino Blood Orange 6x330ml,1.98L,£3.18/L,6.30,,
Waitrose Barnet,"Water, Soft Drinks, Mixers",Fizzy & Soft Drinks,San Pellegrino Pomegranate & Orange 6x330ml,1.98L,£3.18/L,6.30,,
Waitrose Barnet,"Water, Soft Drinks, Mixers",Fizzy & Soft Drinks,Schweppes Canada Dry Ginger Ale 1L 1litre,1L,£2.35/L,2.35,,
Waitrose Barnet,"Water, Soft Drinks, Mixers",Fizzy & Soft Drinks,Shloer Sparkling Juice Drink White Grape 750ml,750ml,£4.73/L,3.55,,
Waitrose Barnet,"Water, Soft Drinks, Mixers",Fizzy & Soft Drinks,TRIP Elderflower Mint 4x250ml,1L,£5.85/L,5.85,7.80,25% off
Waitrose Barnet,"Water, Soft Drinks, Mixers",Fizzy & Soft Drinks,TRIP Peach Ginger 4x250ml,1L,£5.85/L,5.85,7.80,25% off
Waitrose Barnet,"Water, Soft Drinks, Mixers",Fizzy & Soft Drinks,Vita Coco Extra Coconut Water Large 1litre,1L,£5.05/L,5.05,,
Waitrose Barnet,"Water, Soft Drinks, Mixers",Fizzy & Soft Drinks,Vita Coco Original Coconut Water 500ml,500ml,£6.60/L,3.30,,
Waitrose Barnet,"Water, Soft Drinks, Mixers",Fizzy & Soft Drinks,Vita Coco Original Coconut Water Large 1litre,1L,£6.10/L,6.10,,£4.58 loyalty card (£4.58/L)
Waitrose Barnet,"Water, Soft Drinks, Mixers",Fizzy & Soft Drinks,Waitrose Ginger Beer No Added Sugar 2litre,2L,£0.60/L,1.20,,
Waitrose Barnet,"Water, Soft Drinks, Mixers",Fizzy & Soft Drinks,Waitrose Ginger Fruit Juice Shot 100ml,100ml,£21.00/L,2.10,,
Waitrose Barnet,"Water, Soft Drinks, Mixers",Iced Coffee & Milk Drinks,Jimmy's Iced Coffee Original 250ml,250ml,£8.80/L,2.20,,£1.21 loyalty card (£4.84/L)
Waitrose Barnet,"Water, Soft Drinks, Mixers",Iced Coffee & Milk Drinks,Jimmy's Iced Coffee Original 500ml,500ml,£6.00/L,3.00,,
Waitrose Barnet,"Water, Soft Drinks, Mixers",Iced Coffee & Milk Drinks,Shaken Udder Chocolush Chocolate Flavoured Milkshake 330ml,330ml,£6.67/L,2.20,,
Waitrose Barnet,"Water, Soft Drinks, Mixers",Iced Coffee & Milk Drinks,Shaken Udder Chocolush Chocolate Flavoured Milkshake 750ml,750ml,£3.13/L,2.35,3.35,30% off
Waitrose Barnet,"Water, Soft Drinks, Mixers",Iced Coffee & Milk Drinks,Shaken Udder Top Banana Flavoured Milkshake 330ml,330ml,£6.67/L,2.20,,
Waitrose Barnet,"Water, Soft Drinks, Mixers",Iced Coffee & Milk Drinks,Shaken Udder Vanillalicious Vanilla Flavoured Milkshake 750ml,750ml,£3.13/L,2.35,3.35,30% off
Waitrose Barnet,"Water, Soft Drinks, Mixers",Iced Coffee & Milk Drinks,Starbucks Caffe Latte Iced Coffee Large 750ml,750ml,£4.12/L,3.09,4.75,35% off
Waitrose Barnet,"Water, Soft Drinks, Mixers",Iced Coffee & Milk Drinks,Starbucks Caramel Macchiato Iced Coffee 220ml,220ml,£12.50/L,2.75,,
Waitrose Barnet,"Water, Soft Drinks, Mixers",Iced Coffee & Milk Drinks,Starbucks Coffee Craft Iced Coffee Concentrated 260ml,260ml,£18.46/L,4.80,,
Waitrose Barnet,"Water, Soft Drinks, Mixers",Iced Coffee & Milk Drinks,Starbucks Frappuccino Caramel Iced Coffee 250ml,250ml,£6.04/L,1.51,2.75,45% off
Waitrose Barnet,"Water, Soft Drinks, Mixers",Iced Coffee & Milk Drinks,Tom Parker Chocolate Milk 500ml,500ml,£6.00/L,3.00,,
Waitrose Barnet,"Water, Soft Drinks, Mixers",Lemonade,7UP Zero Sugar Lemon & Lime Bottle 2litre,2L,£1.25/L,2.50,,
Waitrose Barnet,"Water, Soft Drinks, Mixers",Lemonade,7UP Zero Sugar Lemon & Lime Cans 8x330ml,2.64L,£1.93/L,5.10,,
Waitrose Barnet,"Water, Soft Drinks, Mixers",Lemonade,Fever-Tree Light Sicilian Lemonade 500ml,500ml,£5.90/L,2.95,,
Waitrose Barnet,"Water, Soft Drinks, Mixers",Lemonade,Fever-Tree Mexican Lime Soda 500ml,500ml,£5.90/L,2.95,,
Waitrose Barnet,"Water, Soft Drinks, Mixers",Lemonade,Fever-Tree Mexican Lime Soda 6x150ml,900ml,£5.67/L,5.10,,
Waitrose Barnet,"Water, Soft Drinks, Mixers",Lemonade,Fever-Tree Sparkling Mexican Lime Soda Cans 4x250ml,1L,£5.40/L,5.40,,
Waitrose Barnet,"Water, Soft Drinks, Mixers",Lemonade,R.White's Diet Lemonade Bottle 2litre,2L,£0.93/L,1.85,,
Waitrose Barnet,"Water, Soft Drinks, Mixers",Lemonade,R.White's Lemonade Bottle 2litre,2L,£0.93/L,1.85,,
Waitrose Barnet,"Water, Soft Drinks, Mixers",Lemonade,San Pellegrino Lemon & Mint 6x330ml,1.98L,£3.18/L,6.30,,
Waitrose Barnet,"Water, Soft Drinks, Mixers",Lemonade,San Pellegrino Lemon 6x330ml,1.98L,£3.18/L,6.30,,
Waitrose Barnet,"Water, Soft Drinks, Mixers",Lemonade,Schweppes Lemonade Bottle 2litre,2L,£1.03/L,2.05,,
Waitrose Barnet,"Water, Soft Drinks, Mixers",Lemonade,Schweppes Original Lemonade Can 12x150ml,1.8L,£4.33/L,7.80,,
Waitrose Barnet,"Water, Soft Drinks, Mixers",Lemonade,Schweppes Slimline Lemonade 2L 2litre,2L,£1.03/L,2.05,,
Waitrose Barnet,"Water, Soft Drinks, Mixers",Lemonade,Sprite 2L 2litre,2L,£1.35/L,2.70,,2 for £4.20
Waitrose Barnet,"Water, Soft Drinks, Mixers",Lemonade,Sprite Zero Sugar Bottle 500ml,500ml,£4.90/L,2.45,,
Waitrose Barnet,"Water, Soft Drinks, Mixers",Lemonade,Sprite Zero Sugar Can 8x330ml,2.64L,£2.16/L,5.70,,
Waitrose Barnet,"Water, Soft Drinks, Mixers",Lemonade,Waitrose Lemonade 1litre,1L,£0.90/L,0.90,,
Waitrose Barnet,"Water, Soft Drinks, Mixers",Lemonade,Waitrose Lemonade with No Added Sugar 6x330ml,1.98L,£1.39/L,2.75,,
Waitrose Barnet,"Water, Soft Drinks, Mixers",Sport & Energy Drinks,Barebells Protein Milkshake Chocolate 330ml,330ml,£9.85/L,3.25,,2 for £4.80
Waitrose Barnet,"Water, Soft Drinks, Mixers",Sport & Energy Drinks,Barebells Protein Milkshake Vanilla 330ml,330ml,£9.85/L,3.25,,2 for £4.80
Waitrose Barnet,"Water, Soft Drinks, Mixers",Squash & Cordials,Belvoir Blueberry & Blackcurrant Cordial 500ml,500ml,£8.64/L,4.32,5.40,20% off
Waitrose Barnet,"Water, Soft Drinks, Mixers",Squash & Cordials,Bottlegreen Pomegranate & Elderflower Cordial 500ml,500ml,£8.56/L,4.28,5.70,25% off
Waitrose Barnet,"Water, Soft Drinks, Mixers",Water,DASH Water Peach Infused Sparkling Water 4x330ml,1.32L,£2.81/L,3.71,5.70,35% off
Waitrose Barnet,"Water, Soft Drinks, Mixers",Water,DASH Water Raspberry Infused Sparkling Water 4x330ml,1.32L,£2.81/L,3.71,5.70,35% off
Waitrose Barnet,"Water, Soft Drinks, Mixers",Tonics & Mixers,Fever-Tree Ginger Beer Refreshingly Light 500ml,500ml,£5.90/L,2.95,,2 for £4.50
Waitrose Barnet,"Water, Soft Drinks, Mixers",Squash & Cordials,Robinsons Summer Fruits No Added Sugar Squash 1litre,1L,£2.50/L,2.50,,2 for £3.60
Waitrose Barnet,"Water, Soft Drinks, Mixers",Sport & Energy Drinks,SiS Go Energy Orange 60ml,60ml,£22.17/L,1.33,2.05,35% off
Waitrose Barnet,"Water, Soft Drinks, Mixers",Sport & Energy Drinks,UFIT Strawberry Flavour High Protein Milkshake 500ml,500ml,£7.60/L,3.80,,2 for £6
Waitrose Barnet,"Water, Soft Drinks, Mixers",Water,Volvic Touch of Lemon & Lime Sugar Free Flavoured Water 1.5litre,1.5L,£1.23/L,1.85,,3 for £3.60
Waitrose Barnet,"Water, Soft Drinks, Mixers",Water,Volvic Touch of Strawberry Sugar Free Flavoured Water 1.5litre,1.5L,£1.23/L,1.85,,3 for £3.60
Waitrose Barnet,"Water, Soft Drinks, Mixers",Sport & Energy Drinks,Alpro Meal To Go Chocolate & Banana 500ml,500ml,£8.90/L,4.45,,
Waitrose Barnet,"Water, Soft Drinks, Mixers",Sport & Energy Drinks,Alpro Meal To Go Vanilla 500ml,500ml,£8.90/L,4.45,,
Waitrose Barnet,"Water, Soft Drinks, Mixers",Sport & Energy Drinks,Arla Protein Chocolate Milk Shake 482ml,482ml,£5.60/L,2.70,,
Waitrose Barnet,"Water, Soft Drinks, Mixers",Sport & Energy Drinks,Huel Chocolate Complete Meal Drink 500ml,500ml,£8.90/L,4.45,,
Waitrose Barnet,"Water, Soft Drinks, Mixers",Sport & Energy Drinks,Lucozade Energy Drink Orange 4x380ml,1.52L,£2.76/L,4.20,,
Waitrose Barnet,"Water, Soft Drinks, Mixers",Sport & Energy Drinks,Lucozade Energy Drink Orange 900ml,900ml,£2.56/L,2.30,,
Waitrose Barnet,"Water, Soft Drinks, Mixers",Sport & Energy Drinks,Lucozade Energy Drink Original 4x380ml,1.52L,£2.76/L,4.20,,
Waitrose Barnet,"Water, Soft Drinks, Mixers",Sport & Energy Drinks,Lucozade Energy Orange 500ml,500ml,£4.70/L,2.35,,
Waitrose Barnet,"Water, Soft Drinks, Mixers",Sport & Energy Drinks,Lucozade Sport Orange 500ml,500ml,£5.00/L,2.50,,
Waitrose Barnet,"Water, Soft Drinks, Mixers",Sport & Energy Drinks,Lucozade Sport Raspberry 500ml,500ml,£5.00/L,2.50,,
Waitrose Barnet,"Water, Soft Drinks, Mixers",Sport & Energy Drinks,Monster Energy Drink Can 500ml,500ml,£5.40/L,2.70,,
Waitrose Barnet,"Water, Soft Drinks, Mixers",Sport & Energy Drinks,Monster Energy Drink Ultra Zero Sugar 4x500ml 4x500ml,2L,£3.90/L,7.80,,
Waitrose Barnet,"Water, Soft Drinks, Mixers",Sport & Energy Drinks,Monster Energy Drink Ultra Zero Sugar 500ml 500ml,500ml,£5.00/L,2.50,,
Waitrose Barnet,"Water, Soft Drinks, Mixers",Sport & Energy Drinks,Purdey's Natural Energy Apple & Grape 330ml Bottle 330ml,330ml,£8.18/L,2.70,,
Waitrose Barnet,"Water, Soft Drinks, Mixers",Sport & Energy Drinks,Red Bull Energy Drink Sugar Free 250ml,250ml,£8.80/L,2.20,,
Waitrose Barnet,"Water, Soft Drinks, Mixers",Sport & Energy Drinks,"SiS GO Istonic Energy Gel, Blackcurrant 6x60ml",360ml,£25.56/L,9.20,,
Waitrose Barnet,"Water, Soft Drinks, Mixers",Squash & Cordials,Belvoir Ginger Cordial 500ml,500ml,£10.80/L,5.40,,
Waitrose Barnet,"Water, Soft Drinks, Mixers",Squash & Cordials,Belvoir Lime Cordial 500ml,500ml,£10.80/L,5.40,,
Waitrose Barnet,"Water, Soft Drinks, Mixers",Squash & Cordials,Bottlegreen Elderflower & Elderberry Cordial 500ml,500ml,£11.40/L,5.70,,
Waitrose Barnet,"Water, Soft Drinks, Mixers",Squash & Cordials,Bottlegreen Elderflower Cordial 500ml,500ml,£11.40/L,5.70,,
Waitrose Barnet,"Water, Soft Drinks, Mixers",Squash & Cordials,Bottlegreen Summer Raspberry Cordial 500ml,500ml,£11.40/L,5.70,,
Waitrose Barnet,"Water, Soft Drinks, Mixers",Squash & Cordials,Essential No Added Sugar Apple & Blackcurrant Squash 1.5litre,1.5L,£1.20/L,1.80,,
Waitrose Barnet,"Water, Soft Drinks, Mixers",Squash & Cordials,Essential No Added Sugar Orange Squash 1.5litre,1.5L,£1.20/L,1.80,,
Waitrose Barnet,"Water, Soft Drinks, Mixers",Squash & Cordials,Nescafé Espresso Concentrated Iced Decaf 500ml,500ml,£12.60/L,6.30,,
Waitrose Barnet,"Water, Soft Drinks, Mixers",Squash & Cordials,Nescafé Espresso Concentrated Iced Mocha 500ml,500ml,£12.60/L,6.30,,
Waitrose Barnet,"Water, Soft Drinks, Mixers",Squash & Cordials,Ribena Blackcurrant Squash 1.5litre,1.5L,£2.53/L,3.80,,
Waitrose Barnet,"Water, Soft Drinks, Mixers",Squash & Cordials,Ribena Blackcurrant Squash No Added Sugar 850ml,850ml,£3.47/L,2.95,,
Waitrose Barnet,"Water, Soft Drinks, Mixers",Squash & Cordials,Ribena Summer Fruits 850ml,850ml,£3.47/L,2.95,,
Waitrose Barnet,"Water, Soft Drinks, Mixers",Squash & Cordials,Robinsons Apple & Blackcurrant No Added Sugar Squash 1litre,1L,£2.50/L,2.50,,
Waitrose Barnet,"Water, Soft Drinks, Mixers",Squash & Cordials,Robinsons Barley Water Lemon 850ml,850ml,£4.47/L,3.80,,
Waitrose Barnet,"Water, Soft Drinks, Mixers",Squash & Cordials,Robinsons Fruit & Barley Apple & Pear Squash 1litre,1L,£2.75/L,2.75,,
Waitrose Barnet,"Water, Soft Drinks, Mixers",Squash & Cordials,Robinsons Fruit & Barley Peach Squash 1litre,1L,£2.75/L,2.75,,
Waitrose Barnet,"Water, Soft Drinks, Mixers",Squash & Cordials,Robinsons Fruit & Barley Summer Fruits Squash 1litre,1L,£2.75/L,2.75,,
Waitrose Barnet,"Water, Soft Drinks, Mixers",Squash & Cordials,Robinsons Fruit Creations Orange & Mango Squash 1litre,1L,£3.20/L,3.20,,
Waitrose Barnet,"Water, Soft Drinks, Mixers",Squash & Cordials,Robinsons Lemon No Added Sugar Squash 1litre,1L,£2.50/L,2.50,,
Waitrose Barnet,"Water, Soft Drinks, Mixers",Squash & Cordials,Robinsons Orange No Added Sugar Squash 1litre,1L,£2.50/L,2.50,,
Waitrose Barnet,"Water, Soft Drinks, Mixers",Squash & Cordials,Rocks Orange Squash 740ml,740ml,£6.15/L,4.55,,
Waitrose Barnet,"Water, Soft Drinks, Mixers",Squash & Cordials,Rocks Summer Fruits Squash 740ml,740ml,£6.15/L,4.55,,
Waitrose Barnet,"Water, Soft Drinks, Mixers",Squash & Cordials,Rose's Lime Juice Cordial 1L 1litre,1L,£3.90/L,3.90,,
Waitrose Barnet,"Water, Soft Drinks, Mixers",Squash & Cordials,Vimto Squash 1litre,1L,£2.80/L,2.80,,
Waitrose Barnet,"Water, Soft Drinks, Mixers",Squash & Cordials,Waitrose Apple & Elderflower No Added Sugar High Juice 1litre,1L,£2.25/L,2.25,,
Waitrose Barnet,"Water, Soft Drinks, Mixers",Squash & Cordials,Waitrose No Added Sugar Apple & Mango High Juice 1litre,1L,£2.70/L,2.70,,
Waitrose Barnet,"Water, Soft Drinks, Mixers",Squash & Cordials,Waitrose No Added Sugar Blackcurrant High Juice 1litre,1L,£2.70/L,2.70,,
Waitrose Barnet,"Water, Soft Drinks, Mixers",Squash & Cordials,Waitrose Orange High Juice 1litre,1L,£2.70/L,2.70,,
Waitrose Barnet,"Water, Soft Drinks, Mixers",Squash & Cordials,Waitrose Pink Grapefruit High Juice 1litre,1L,£2.70/L,2.70,,
Waitrose Barnet,"Water, Soft Drinks, Mixers",Squash & Cordials,Waitrose Summer Fruits High Juice 1litre,1L,£2.70/L,2.70,,
Waitrose Barnet,"Water, Soft Drinks, Mixers",Tonics & Mixers,Fever-Tree Indian Light Tonic Water 500ml,500ml,£5.90/L,2.95,,
Waitrose Barnet,"Water, Soft Drinks, Mixers",Tonics & Mixers,Fever-Tree Indian Tonic Water 500ml,500ml,£6.10/L,3.05,,
Waitrose Barnet,"Water, Soft Drinks, Mixers",Tonics & Mixers,Fever-Tree Indian Tonic Water 8x150ml,1.2L,£5.67/L,6.80,,
Waitrose Barnet,"Water, Soft Drinks, Mixers",Tonics & Mixers,Fever-Tree Light Mediterranean Tonic 500ml,500ml,£5.90/L,2.95,,
Waitrose Barnet,"Water, Soft Drinks, Mixers",Tonics & Mixers,Fever-Tree Light Mediterranean Tonic 8x150ml,1.2L,£5.33/L,6.40,,
Waitrose Barnet,"Water, Soft Drinks, Mixers",Tonics & Mixers,Fever-Tree Light Mediterranean Tonic Water 15x150ml,2.25L,£4.93/L,11.10,,
Waitrose Barnet,"Water, Soft Drinks, Mixers",Tonics & Mixers,Fever-Tree Light Rhubarb & Raspberry Tonic Water 500ml,500ml,£5.90/L,2.95,,
Waitrose Barnet,"Water, Soft Drinks, Mixers",Tonics & Mixers,Fever-Tree Refreshing Light Elderflower Tonic 500ml,500ml,£5.90/L,2.95,,
Waitrose Barnet,"Water, Soft Drinks, Mixers",Tonics & Mixers,Fever-Tree Refreshingly Light Aromatic Tonic 8x150ml,1.2L,£5.33/L,6.40,,
Waitrose Barnet,"Water, Soft Drinks, Mixers",Tonics & Mixers,Fever-Tree Refreshingly Light Indian Tonic 15x150ml,2.25L,£4.93/L,11.10,,
Waitrose Barnet,"Water, Soft Drinks, Mixers",Tonics & Mixers,Fever-Tree Refreshingly Light Tonic Water 8x150ml,1.2L,£5.33/L,6.40,,
Waitrose Barnet,"Water, Soft Drinks, Mixers",Tonics & Mixers,London Essence Original Indian Tonic Water Cans 6x150ml,900ml,£5.67/L,5.10,,
Waitrose Barnet,"Water, Soft Drinks, Mixers",Tonics & Mixers,Schweppes Slimline Tonic Water 1L 1litre,1L,£2.35/L,2.35,,£1.18 loyalty card (£1.18/L)
Waitrose Barnet,"Water, Soft Drinks, Mixers",Tonics & Mixers,Schweppes Slimline Tonic Water Can 12x150ml,1.8L,£4.33/L,7.80,,
Waitrose Barnet,"Water, Soft Drinks, Mixers",Tonics & Mixers,Schweppes Soda Water 1L 1litre,1L,£2.35/L,2.35,,
Waitrose Barnet,"Water, Soft Drinks, Mixers",Tonics & Mixers,Schweppes Tonic Water 1L 1litre,1L,£2.35/L,2.35,,£1.18 loyalty card (£1.18/L)
Waitrose Barnet,"Water, Soft Drinks, Mixers",Tonics & Mixers,Waitrose Indian Tonic Water with Lemon Sugar Free 1litre,1L,£1.15/L,1.15,,
Waitrose Barnet,"Water, Soft Drinks, Mixers",Water,Aqua Libra Cucumber Mint & Lime 4x330ml,1.32L,£3.79/L,5.00,,
Waitrose Barnet,"Water, Soft Drinks, Mixers",Water,Buxton Still Natural Mineral Water 1.5litre,1.5L,£1.20/L,1.80,,
Waitrose Barnet,"Water, Soft Drinks, Mixers",Water,Buxton Still Natural Mineral Water 6x1.5litre,9L,£0.60/L,5.40,,
Waitrose Barnet,"Water, Soft Drinks, Mixers",Water,DASH Grapefruit Infused Sparkling Water 4x330ml,1.32L,£4.32/L,5.70,,
Waitrose Barnet,"Water, Soft Drinks, Mixers",Water,DASH Water Lime Sparkling 4x330ml,1.32L,£4.32/L,5.70,,£3.71 loyalty card (£2.81/L)
Waitrose Barnet,"Water, Soft Drinks, Mixers",Water,Essential Still Natural Mineral Water 6x500ml 6x500ml,3L,£0.68/L,2.05,,
Waitrose Barnet,"Water, Soft Drinks, Mixers",Water,Evian Still Mineral Water Sportscap 4x750ml,3L,£1.67/L,5.00,,
Waitrose Barnet,"Water, Soft Drinks, Mixers",Water,Evian Still Water 750ml,750ml,£3.13/L,2.35,,
Waitrose Barnet,"Water, Soft Drinks, Mixers",Water,Fiji Artesian Water 1litre,1L,£2.75/L,2.75,,
Waitrose Barnet,"Water, Soft Drinks, Mixers",Water,Highland Spring Sparkling Water 1.5litre,1.5L,£1.13/L,1.70,,
Waitrose Barnet,"Water, Soft Drinks, Mixers",Water,Highland Spring Sparkling Water 6x1litre,6L,£0.90/L,5.40,,
Waitrose Barnet,"Water, Soft Drinks, Mixers",Water,No.1 Royal Deeside Sparkling Water 750ml,750ml,£2.73/L,2.05,,
Waitrose Barnet,"Water, Soft Drinks, Mixers",Water,No.1 Royal Deeside Still Water 750ml,750ml,£2.73/L,2.05,,
Waitrose Barnet,"Water, Soft Drinks, Mixers",Water,San Pellegrino Sparkling Natural Mineral Water 1litre,1L,£2.15/L,2.15,,
Waitrose Barnet,"Water, Soft Drinks, Mixers",Water,San Pellegrino Sparkling Natural Mineral Water 500ml,500ml,£3.80/L,1.90,,
Waitrose Barnet,"Water, Soft Drinks, Mixers",Water,San Pellegrino Sparkling Natural Mineral Water 6x1litre,6L,£1.49/L,8.95,,
Waitrose Barnet,"Water, Soft Drinks, Mixers",Water,San Pellegrino Sparkling Natural Mineral Water 6x500ml,3L,£1.70/L,5.10,,
Waitrose Barnet,"Water, Soft Drinks, Mixers",Water,San Pellegrino Sparkling Natural Mineral Water Glass 6x250ml,1.5L,£3.37/L,5.05,,
Waitrose Barnet,"Water, Soft Drinks, Mixers",Water,San Pellegrino Sparkling Natural Mineral Water Glass 750ml,750ml,£3.47/L,2.60,,
Waitrose Barnet,"Water, Soft Drinks, Mixers",Water,Volvic Touch of Strawberry Sugar Free Flavoured Water 750ml,750ml,£3.20/L,2.40,,
Waitrose Barnet,"Water, Soft Drinks, Mixers",Water,Waitrose Sparkling Lemon & Lime Flavoured Water NAS 1litre,1L,£1.15/L,1.15,,
Waitrose Barnet,"Water, Soft Drinks, Mixers",Water,Waitrose Sparkling Raspberry & Apple Flavoured Water NAS 1litre,1L,£1.15/L,1.15,,
Waitrose Barnet,Wine & Sparkling,Dessert & Fortified Wine,Blandy's Duke of Clarence Rich Madeira 75cl,750ml,£24.80/L,18.60,,
Waitrose Barnet,Wine & Sparkling,Dessert & Fortified Wine,Cantine De Vita Marsala Dolce 75cl,750ml,£22.40/L,16.80,,
Waitrose Barnet,Wine & Sparkling,Dessert & Fortified Wine,Cantine De Vita Marsala Superiore Secco 75cl,750ml,£22.40/L,16.80,,
Waitrose Barnet,Wine & Sparkling,Dessert & Fortified Wine,Cockburn's Special Reserve Port 75cl,750ml,£20.16/L,15.12,18.90,20% off
Waitrose Barnet,Wine & Sparkling,Dessert & Fortified Wine,Croft Particular Sherry 1L,1L,£18.90/L,18.90,,
Waitrose Barnet,Wine & Sparkling,Dessert & Fortified Wine,Gonzalez Byass Tio Pepe Palomino Fino 75cl,750ml,£22.80/L,17.10,,
Waitrose Barnet,Wine & Sparkling,Dessert & Fortified Wine,Graham's Late-Bottled Vintage Port 75cl,750ml,£31.20/L,23.40,,
Waitrose Barnet,Wine & Sparkling,Dessert & Fortified Wine,Harvey's Bristol Cream 1L,1L,£15.36/L,15.36,19.20,20% off
Waitrose Barnet,Wine & Sparkling,Dessert & Fortified Wine,Mavrodaphne of Patras Greece 75cl,750ml,£14.00/L,10.50,,
Waitrose Barnet,Wine & Sparkling,Dessert & Fortified Wine,Muscat de Beaumes de Venise 1348 37.5cl,375ml,£30.40/L,11.40,,
Waitrose Barnet,Wine & Sparkling,Dessert & Fortified Wine,Noilly Prat Original Dry French Vermouth 75cl,750ml,£23.20/L,17.40,,
Waitrose Barnet,Wine & Sparkling,Dessert & Fortified Wine,Stone's Original Green Ginger Wine 70cl,700ml,£15.00/L,10.50,,
Waitrose Barnet,Wine & Sparkling,Dessert & Fortified Wine,Taylors Late Bottled Vintage 75cl,750ml,£24.91/L,18.68,24.90,25% off
Waitrose Barnet,Wine & Sparkling,Dessert & Fortified Wine,"Torres Floralis Moscatel Oro, Spanish, Sweet Wine 50cl",500ml,£28.20/L,14.10,,
Waitrose Barnet,Wine & Sparkling,Dessert & Fortified Wine,Waitrose Blueprint Amontillado Sherry 75cl,750ml,£16.80/L,12.60,,
Waitrose Barnet,Wine & Sparkling,Dessert & Fortified Wine,Waitrose Blueprint Cream Sherry 75cl,750ml,£16.80/L,12.60,,
Waitrose Barnet,Wine & Sparkling,Dessert & Fortified Wine,Waitrose Blueprint Dry German Riesling 75cl,750ml,£12.00/L,9.00,,
Waitrose Barnet,Wine & Sparkling,Dessert & Fortified Wine,Waitrose Blueprint Fino Sherry 75cl,750ml,£16.80/L,12.60,,
Waitrose Barnet,Wine & Sparkling,Dessert & Fortified Wine,Waitrose Blueprint Pale Cream Sherry 75cl,750ml,£16.80/L,12.60,,
Waitrose Barnet,Wine & Sparkling,Dessert & Fortified Wine,Waitrose Blueprint Ruby Port 75cl,750ml,£16.80/L,12.60,,
Waitrose Barnet,Wine & Sparkling,Dessert & Fortified Wine,Waitrose Blueprint Tawny Port 75cl,750ml,£16.80/L,12.60,,
Waitrose Barnet,Wine & Sparkling,Non & Low Alcohol,McGuigan Zero Sauvignon Blanc Alcohol Free 75cl,750ml,£8.00/L,6.00,,
Waitrose Barnet,Wine & Sparkling,Non & Low Alcohol,REAL Sec Slow Fermented Sparkling Tea 750ml,750ml,£16.00/L,12.00,,
Waitrose Barnet,Wine & Sparkling,Non & Low Alcohol,Thomson & Scott Noughty Rouge Dealcoholized Wine 75cl,750ml,£17.60/L,13.20,,
Waitrose Barnet,Wine & Sparkling,Non & Low Alcohol,Thomson & Scott Noughty Sparkling Alcohol Free 75cl,750ml,£13.20/L,9.90,13.20,25% off
Waitrose Barnet,Wine & Sparkling,Non & Low Alcohol,Waitrose Alcohol Free Cabernet Sauvignon 75cl,750ml,£9.60/L,7.20,,
Waitrose Barnet,Wine & Sparkling,Non & Low Alcohol,Waitrose Alcohol Free Rosé 75cl,750ml,£9.60/L,7.20,,
Waitrose Barnet,Wine & Sparkling,Non & Low Alcohol,Waitrose Alcohol Free Sauvignon Blanc 75cl,750ml,£9.60/L,7.20,,
Waitrose Barnet,Wine & Sparkling,Non & Low Alcohol,Waitrose Alcohol Free Sparkling Chardonnay 75cl,750ml,£9.60/L,7.20,,
Waitrose Barnet,Wine & Sparkling,White Wine,"Alta Italia Pinot Grigio Trentino, Italy 75cl",750ml,£12.00/L,9.00,12.00,25% off
Waitrose Barnet,Wine & Sparkling,Red Wine,Barefoot Merlot 75cl,750ml,£12.59/L,9.44,11.10,15% off
Waitrose Barnet,Wine & Sparkling,Rose Wine,Barefoot White Zinfandel 75cl,750ml,£10.20/L,7.65,9.00,15% off
Waitrose Barnet,Wine & Sparkling,Red Wine,Beaujolais Cuvée Des Vignerons France 75cl,750ml,£14.28/L,10.71,12.60,15% off
Waitrose Barnet,Wine & Sparkling,Red Wine,Blason du Rhône Châteauneuf-du-Pape 75cl,750ml,£34.56/L,25.92,32.40,20% off
Waitrose Barnet,Wine & Sparkling,White Wine,Brancott Estate Sauvignon Blanc White Wine 75cl,750ml,£12.91/L,9.68,12.90,25% off
Waitrose Barnet,Wine & Sparkling,Red Wine,Campo Viejo Rioja Tempranillo Red Wine 75cl,750ml,£10.00/L,7.50,10.00,25% off
Waitrose Barnet,Wine & Sparkling,White Wine,Canaletto Pinot Grigio 75cl,750ml,£10.45/L,7.84,11.20,30% off
Waitrose Barnet,Wine & Sparkling,Red Wine,Château Margerots Bordeaux Supérieur 75cl,750ml,£13.80/L,10.35,13.80,25% off
Waitrose Barnet,Wine & Sparkling,White Wine,Craggy Range Sauvignon Blanc 75cl,750ml,£20.40/L,15.30,20.40,25% off
Waitrose Barnet,Wine & Sparkling,"Prosecco, Champagne & Sparkling Wine",Cuvée Royale Brut NV Crémant De Limoux 75cl,750ml,£15.68/L,11.76,16.80,30% off
Waitrose Barnet,Wine & Sparkling,Rose Wine,Côte des Roses Organic Languedoc Rosé Limited Edition 75cl,750ml,£18.91/L,14.18,18.90,25% off
Waitrose Barnet,Wine & Sparkling,White Wine,Dark Horse Chardonnay 75cl,750ml,£14.40/L,10.80,13.50,20% off
Waitrose Barnet,Wine & Sparkling,Red Wine,Jam Shed Shiraz 75cl,750ml,£12.24/L,9.18,10.20,10% off
Waitrose Barnet,Wine & Sparkling,White Wine,Jean Chanussot Chablis 75cl,750ml,£25.16/L,18.87,22.20,15% off
Waitrose Barnet,Wine & Sparkling,"Prosecco, Champagne & Sparkling Wine",La Gioiosa Asolo Prosecco 75cl,750ml,£13.44/L,10.08,16.80,40% off
Waitrose Barnet,Wine & Sparkling,"Prosecco, Champagne & Sparkling Wine","La Gioiosa et Amorosa Rosea NV Brut Veneto, Italy 75cl",750ml,£12.60/L,9.45,12.60,25% off
Waitrose Barnet,Wine & Sparkling,White Wine,La Vieille Ferme Blanc Vin De France 75cl,750ml,£12.96/L,9.72,10.80,10% off
Waitrose Barnet,Wine & Sparkling,Red Wine,La Vieille Ferme Rouge Vin de France 75cl,750ml,£12.96/L,9.72,10.80,10% off
Waitrose Barnet,Wine & Sparkling,"Prosecco, Champagne & Sparkling Wine",Laurent-Perrier La Cuvee 750ml,750ml,£67.20/L,50.40,67.20,25% off
Waitrose Barnet,Wine & Sparkling,Rose Wine,Le Rosé de Balthazar 75cl,750ml,£12.16/L,9.12,11.40,20% off
Waitrose Barnet,Wine & Sparkling,White Wine,Louis Latour White Burgundy France 75cl,750ml,£25.84/L,19.38,22.80,15% off
Waitrose Barnet,Wine & Sparkling,Red Wine,Luis Felipe Edwards Bin Series Malbec 75cl,750ml,£10.64/L,7.98,11.40,30% off
Waitrose Barnet,Wine & Sparkling,Red Wine,Luis Felipe Edwards Terraced Classic Merlot 75cl,750ml,£10.08/L,7.56,10.80,30% off
Waitrose Barnet,Wine & Sparkling,Offers,Maree d'ione Organic Nero di Troia 75cl,750ml,£12.60/L,9.45,12.60,25% off
Waitrose Barnet,Wine & Sparkling,Offers,McGuigan Black Label Red 75cl,750ml,£9.60/L,7.20,9.00,20% off
Waitrose Barnet,Wine & Sparkling,Red Wine,Montidori Sangiovese 75cl,750ml,£13.44/L,10.08,12.60,20% off
Waitrose Barnet,Wine & Sparkling,White Wine,No1 New Zealand Sauvignon 75cl,750ml,£13.44/L,10.08,14.40,30% off
Waitrose Barnet,Wine & Sparkling,"Prosecco, Champagne & Sparkling Wine",Nyetimber Classic Cuvée 75cl,750ml,£48.16/L,36.12,51.60,30% off
Waitrose Barnet,Wine & Sparkling,White Wine,Oxford Landing Sauvignon Blanc S. Australia 75cl,750ml,£9.60/L,7.20,9.00,20% off
Waitrose Barnet,Wine & Sparkling,White Wine,Oyster Bay Sauvignon Blanc 75cl,750ml,£15.36/L,11.52,14.40,20% off
Waitrose Barnet,Wine & Sparkling,White Wine,Paul Mas Viognier Sauvignon Blanc 75cl,750ml,£13.44/L,10.08,12.60,20% off
Waitrose Barnet,Wine & Sparkling,White Wine,Pecorino Terre d'Abruzzo IGP 75cl,750ml,£11.52/L,8.64,10.80,20% off
Waitrose Barnet,Wine & Sparkling,White Wine,Porcupine Ridge Sauvignon Blanc 75cl,750ml,£10.80/L,8.10,10.80,25% off
Waitrose Barnet,Wine & Sparkling,White Wine,Sancerre Les Marennes 75cl,750ml,£28.80/L,21.60,27.00,20% off
Waitrose Barnet,Wine & Sparkling,Red Wine,Secret Cellar Shiraz Grenache South Africa 75cl,750ml,£11.20/L,8.40,12.00,30% off
Waitrose Barnet,Wine & Sparkling,Red Wine,Terre Di Faiano Primitivo Organic Puglia 75cl,750ml,£14.72/L,11.04,13.80,20% off
Waitrose Barnet,Wine & Sparkling,White Wine,The Doctor's Sauvignon Blanc 75cl,750ml,£12.80/L,9.60,12.00,20% off
Waitrose Barnet,Wine & Sparkling,Red Wine,The Hedonist Shiraz 75cl,750ml,£18.60/L,13.95,18.60,25% off
Waitrose Barnet,Wine & Sparkling,Rose Wine,The Pale Rose by Sacha Lichine Provence Rose 75cl,750ml,£17.16/L,12.87,19.80,35% off
Waitrose Barnet,Wine & Sparkling,White Wine,The Whale Caller Sauvignon/Colombard Western Cape 75cl,750ml,£9.52/L,7.14,8.40,15% off
Waitrose Barnet,Wine & Sparkling,Offers,The Whale Caller Shiraz Cabernet Sauvignon South Africa 75cl,750ml,£10.20/L,7.65,9.00,15% off
Waitrose Barnet,Wine & Sparkling,White Wine,Tiki Ridge Sauvignon Blanc Reserve 75cl,750ml,£13.20/L,9.90,13.20,25% off
Waitrose Barnet,Wine & Sparkling,Offers,Trivento Malbec Reserve 75cl,750ml,£12.59/L,9.44,11.10,15% off
Waitrose Barnet,Wine & Sparkling,Red Wine,Villa Antinori 75cl,750ml,£22.40/L,16.80,24.00,30% off
Waitrose Barnet,Wine & Sparkling,"Prosecco, Champagne & Sparkling Wine","Waitrose Brut NV Champagne, half bottle 37.5cl",375ml,£40.80/L,15.30,18.00,15% off
Waitrose Barnet,Wine & Sparkling,Rose Wine,Whispering Angel 75cl,750ml,£37.29/L,27.97,32.90,15% off
Waitrose Barnet,Wine & Sparkling,Red Wine,Wirra Wirra Church Block Mclaren Vale 75cl,750ml,£19.20/L,14.40,19.20,25% off
Waitrose Barnet,Wine & Sparkling,White Wine,Yellow Tail Pinot Grigio 75cl,750ml,£12.24/L,9.18,10.20,10% off
Waitrose Barnet,Wine & Sparkling,Red Wine,Yellow Tail Shiraz 75cl,750ml,£12.24/L,9.18,10.20,10% off
Waitrose Barnet,Wine & Sparkling,"Prosecco, Champagne & Sparkling Wine",Ballarin Cremant de Bordeaux Brut NV 75cl,750ml,£29.60/L,22.20,,
Waitrose Barnet,Wine & Sparkling,"Prosecco, Champagne & Sparkling Wine",Bollinger Rosé NV Champagne 75cl,750ml,£99.20/L,74.40,,
Waitrose Barnet,Wine & Sparkling,"Prosecco, Champagne & Sparkling Wine",Bollinger Special Cuvée Brut NV 75cl,750ml,£96.00/L,72.00,,
Waitrose Barnet,Wine & Sparkling,"Prosecco, Champagne & Sparkling Wine","Cave de Lugny Crémant De Bourgogne, France 75cl",750ml,£27.20/L,20.40,,
Waitrose Barnet,Wine & Sparkling,"Prosecco, Champagne & Sparkling Wine",Cave de Turckheim Organic Cremant d'Alsace 75cl,750ml,£24.00/L,18.00,,
Waitrose Barnet,Wine & Sparkling,"Prosecco, Champagne & Sparkling Wine",Codorniu 1872 Brut Organic Cava 75cl,750ml,£17.60/L,13.20,,
Waitrose Barnet,Wine & Sparkling,"Prosecco, Champagne & Sparkling Wine",Codorniu 1872 Organic Rose Brut 75cl,750ml,£17.60/L,13.20,,
Waitrose Barnet,Wine & Sparkling,"Prosecco, Champagne & Sparkling Wine",Cuvee Royale Cremant de Limoux Rosé 75cl,750ml,£25.60/L,19.20,,
Waitrose Barnet,Wine & Sparkling,"Prosecco, Champagne & Sparkling Wine",Freixenet Italian Rosé 75cl,750ml,£20.00/L,15.00,,
Waitrose Barnet,Wine & Sparkling,"Prosecco, Champagne & Sparkling Wine",Freixenet Prosecco Italy 75cl,750ml,£20.00/L,15.00,,
Waitrose Barnet,Wine & Sparkling,"Prosecco, Champagne & Sparkling Wine",Graham Beck Chardonnay Pinot Noir Brut NV South Africa 75cl,750ml,£26.40/L,19.80,,
Waitrose Barnet,Wine & Sparkling,"Prosecco, Champagne & Sparkling Wine",Graham Beck Rosé Brut 75cl,750ml,£27.20/L,20.40,,
Waitrose Barnet,Wine & Sparkling,"Prosecco, Champagne & Sparkling Wine",La Gioiosa Prosecco Rosé DOC Millesimato 75cl,750ml,£16.80/L,12.60,,
Waitrose Barnet,Wine & Sparkling,"Prosecco, Champagne & Sparkling Wine",Martini Asti Sparkling Italian Wine DOCG 75cl,750ml,£14.40/L,10.80,,
Waitrose Barnet,Wine & Sparkling,"Prosecco, Champagne & Sparkling Wine",Moet & Chandon Imperial Brut Champagne 75cl,750ml,£73.60/L,55.20,,
Waitrose Barnet,Wine & Sparkling,"Prosecco, Champagne & Sparkling Wine",Nicolas Feuillatte Blanc de Blancs Champagne Brut 75cl,750ml,£60.80/L,45.60,,
Waitrose Barnet,Wine & Sparkling,"Prosecco, Champagne & Sparkling Wine",Nicolas Feuillatte Champagne Réserve Exclusive Brut NV 75cl,750ml,£52.80/L,39.60,,
Waitrose Barnet,Wine & Sparkling,"Prosecco, Champagne & Sparkling Wine",No.1 Castillo Perelada Cava Brut 75cl,750ml,£20.00/L,15.00,,£11.25 loyalty card (£15.00/L)
Waitrose Barnet,Wine & Sparkling,"Prosecco, Champagne & Sparkling Wine",Perrier-Jouët Grand Brut Non Vintage Champagne 75cl,750ml,£81.60/L,61.20,,
Waitrose Barnet,Wine & Sparkling,"Prosecco, Champagne & Sparkling Wine",Piper-Heidsieck Brut NV Champagne 75cl,750ml,£64.00/L,48.00,,
Waitrose Barnet,Wine & Sparkling,"Prosecco, Champagne & Sparkling Wine",Pol Roger Brut Vintage Champagne 75cl,750ml,£156.80/L,117.60,,
Waitrose Barnet,Wine & Sparkling,"Prosecco, Champagne & Sparkling Wine",Pommery Champagne NV Brut Royal 75cl,750ml,£73.60/L,55.20,,
Waitrose Barnet,Wine & Sparkling,"Prosecco, Champagne & Sparkling Wine",Prince Alexandre Crémant de Loire AOC 75cl,750ml,£24.80/L,18.60,,
Waitrose Barnet,Wine & Sparkling,"Prosecco, Champagne & Sparkling Wine",Valdo Elevantum Prosecco DOCG 75cl,750ml,£23.20/L,17.40,,£11.31 loyalty card (£15.08/L)
Waitrose Barnet,Wine & Sparkling,"Prosecco, Champagne & Sparkling Wine",Veuve Clicquot Brut Rosé Champagne 75cl,750ml,£92.80/L,69.60,,
Waitrose Barnet,Wine & Sparkling,"Prosecco, Champagne & Sparkling Wine",Veuve Clicquot Yellow Label Brut Champagne 75cl,750ml,£81.60/L,61.20,,
Waitrose Barnet,Wine & Sparkling,"Prosecco, Champagne & Sparkling Wine",Waitrose Blanc de Noirs Champagne 75cl,750ml,£44.80/L,33.60,,
Waitrose Barnet,Wine & Sparkling,"Prosecco, Champagne & Sparkling Wine",Waitrose Blueprint Cava Brut 75cl,750ml,£13.60/L,10.20,,
Waitrose Barnet,Wine & Sparkling,"Prosecco, Champagne & Sparkling Wine",Waitrose Brut NV Champagne 75cl,750ml,£41.60/L,31.20,,
Waitrose Barnet,Wine & Sparkling,"Prosecco, Champagne & Sparkling Wine",Waitrose Rosé Champagne Brut NV 75cl,750ml,£48.00/L,36.00,,
Waitrose Barnet,Wine & Sparkling,Red Wine,Beefsteak Club Malbec Can 25cl,250ml,£18.00/L,4.50,,
Waitrose Barnet,Wine & Sparkling,Red Wine,Beronia Rioja Reserva 75cl,750ml,£28.00/L,21.00,,
Waitrose Barnet,Wine & Sparkling,Red Wine,Blason Du Rhône Côtes Du Rhône Villages 75cl,750ml,£19.20/L,14.40,,
Waitrose Barnet,Wine & Sparkling,Red Wine,Blason du Rhône Gigondas 75cl,750ml,£32.00/L,24.00,,
Waitrose Barnet,Wine & Sparkling,Red Wine,Campo Viejo Rioja Tempranillo 18.7cl,187ml,£21.93/L,4.10,,
Waitrose Barnet,Wine & Sparkling,Red Wine,Catena Malbec 75cl,750ml,£24.00/L,18.00,,
Waitrose Barnet,Wine & Sparkling,Red Wine,Château Lalande d'Auvion Médoc 75cl,750ml,£24.00/L,18.00,,
Waitrose Barnet,Wine & Sparkling,Red Wine,Château Liot Sauternes 37.5cl,375ml,£49.60/L,18.60,,
Waitrose Barnet,Wine & Sparkling,Red Wine,Classic Côtes Du Rhône 75cl,750ml,£12.40/L,9.30,,
Waitrose Barnet,Wine & Sparkling,Red Wine,Croix des Coteaux Saint-Emilion AOC 75cl,750ml,£25.60/L,19.20,,
Waitrose Barnet,Wine & Sparkling,Red Wine,Cune Rioja Reserva 75cl,750ml,£24.00/L,18.00,,£11.70 loyalty card (£15.60/L)
Waitrose Barnet,Wine & Sparkling,Red Wine,Escarpment Noir Pinot Noir 75cl,750ml,£32.00/L,24.00,,
Waitrose Barnet,Wine & Sparkling,Red Wine,Esprit de Puisseguin Puisseguin Saint-Émilion 75cl,750ml,£24.00/L,18.00,,
Waitrose Barnet,Wine & Sparkling,Red Wine,First Cape Merlot 75cl,750ml,£13.60/L,10.20,,
Waitrose Barnet,Wine & Sparkling,Red Wine,"Good Ordinary Claret Bordeaux, France 75cl",750ml,£11.60/L,8.70,,
Waitrose Barnet,Wine & Sparkling,Red Wine,Guigal Côtes du Rhône France 75cl,750ml,£23.20/L,17.40,,
Waitrose Barnet,Wine & Sparkling,Red Wine,Jip Jip Rocks Shiraz 75cl,750ml,£21.60/L,16.20,,
Waitrose Barnet,Wine & Sparkling,Red Wine,Louis Jadot Quincié Beaujolais-Villages 75cl,750ml,£25.20/L,18.90,,
Waitrose Barnet,Wine & Sparkling,Red Wine,Louis Latour Red Burgundy France 75cl,750ml,£33.60/L,25.20,,
Waitrose Barnet,Wine & Sparkling,Red Wine,Melini Chianti Riserva 75cl,750ml,£17.20/L,12.90,,
Waitrose Barnet,Wine & Sparkling,Red Wine,Montecillo Reserva Rioja 75cl,750ml,£25.60/L,19.20,,
Waitrose Barnet,Wine & Sparkling,Red Wine,Paul Mas Reserve Languedoc Rouge 75cl,750ml,£17.20/L,12.90,,
Waitrose Barnet,Wine & Sparkling,Red Wine,"Porta 6 Lisboa, Portugal 75cl",750ml,£15.20/L,11.40,,
Waitrose Barnet,Wine & Sparkling,Red Wine,"Rustenberg John X Merriman, Stellenbosch South Africa 75cl",750ml,£30.40/L,22.80,,
Waitrose Barnet,Wine & Sparkling,Red Wine,Terre Del Barolo DOCG Barolo 75cl,750ml,£38.40/L,28.80,,
Waitrose Barnet,Wine & Sparkling,Red Wine,Terre Di Faiano Organic Nero D'Avola 75cl,750ml,£18.40/L,13.80,,
Waitrose Barnet,Wine & Sparkling,Red Wine,Terre da Vino Barolo DOCG Vendemmia 75cl,750ml,£33.60/L,25.20,,
Waitrose Barnet,Wine & Sparkling,Red Wine,The Chocolate Block 75cl,750ml,£43.20/L,32.40,,
Waitrose Barnet,Wine & Sparkling,Red Wine,Tread Softly Pinot Noir 75cl,750ml,£16.00/L,12.00,,
Waitrose Barnet,Wine & Sparkling,Red Wine,Val di Suga Brunello di Montalcino 75cl,750ml,£48.00/L,36.00,,
Waitrose Barnet,Wine & Sparkling,Red Wine,Waitrose Blueprint Argentinian Malbec 75cl,750ml,£12.80/L,9.60,,
Waitrose Barnet,Wine & Sparkling,Red Wine,Waitrose Italian Red Rich Intense Bag in Box 2.25L,2.25L,£9.51/L,21.40,,
Waitrose Barnet,Wine & Sparkling,Red Wine,Waitrose Rich and Intense Italian Red 75cl,750ml,£9.53/L,7.15,,
Waitrose Barnet,Wine & Sparkling,Red Wine,Yellow Tail Merlot 75cl,750ml,£13.60/L,10.20,,
Waitrose Barnet,Wine & Sparkling,Rose Wine,Atelier Mirabeau Pret-A-Porter Rosé to Go 25cl,250ml,£19.20/L,4.80,,
Waitrose Barnet,Wine & Sparkling,Rose Wine,Barefoot Pink Moscato 75cl,750ml,£13.20/L,9.90,,
Waitrose Barnet,Wine & Sparkling,Rose Wine,Bijou Le Chic Rosé Grenache 1.5L,1.5L,£15.20/L,22.80,,
Waitrose Barnet,Wine & Sparkling,Rose Wine,Calvet Sancerre Rosé 75cl,750ml,£28.80/L,21.60,,
Waitrose Barnet,Wine & Sparkling,Rose Wine,Eminence de Bijou 75cl,750ml,£25.20/L,18.90,,£12.29 loyalty card (£16.39/L)
Waitrose Barnet,Wine & Sparkling,Rose Wine,Esprit de Buganay Côtes de Provence Rosé 75cl,750ml,£25.20/L,18.90,,
Waitrose Barnet,Wine & Sparkling,Rose Wine,Isula Mea Syrah-Sciaccarellu Rosé IGP Ile de Beauté 75cl,750ml,£12.60/L,9.45,12.60,25% off
Waitrose Barnet,Wine & Sparkling,Rose Wine,"Italia Pinot Grigio Rosé Pavia, Italy 75cl",750ml,£15.20/L,11.40,,
Waitrose Barnet,Wine & Sparkling,Rose Wine,L'Arène Des Anges Rosé Costières de Nîmes 75cl,750ml,£16.80/L,12.60,,
Waitrose Barnet,Wine & Sparkling,Rose Wine,La Vieille Ferme Rose Bag in Box 1.5L,1.5L,£13.43/L,20.15,,
Waitrose Barnet,Wine & Sparkling,Rose Wine,La Vieille Ferme Rosé Can 200ml,200ml,£19.50/L,3.90,,
Waitrose Barnet,Wine & Sparkling,Rose Wine,Le Bijou Rosé De Sophie Valrose Coteaux De Béziers 75cl,750ml,£18.40/L,13.80,,
Waitrose Barnet,Wine & Sparkling,Rose Wine,M de Minuty Côtes De Provence Rosé 75cl,750ml,£30.40/L,22.80,,
Waitrose Barnet,Wine & Sparkling,Rose Wine,Montgravet Cinsault Rosé 75cl,750ml,£10.87/L,8.15,,
Waitrose Barnet,Wine & Sparkling,Rose Wine,Porcupine Ridge Rosé 75cl,750ml,£15.20/L,11.40,,
Waitrose Barnet,Wine & Sparkling,Rose Wine,Rock Angel by Caves d'Esclans Provence 75cl,750ml,£44.80/L,33.60,,
Waitrose Barnet,Wine & Sparkling,Rose Wine,Sainte Beatrice Provence Rosé 75cl,750ml,£31.60/L,23.70,,
Waitrose Barnet,Wine & Sparkling,Rose Wine,Whispering Angel 150cl,1.5L,£36.80/L,55.20,,
Waitrose Barnet,Wine & Sparkling,Rose Wine,Whispering Angel Provence Rosé 37.5cl,375ml,£41.60/L,15.60,,
Waitrose Barnet,Wine & Sparkling,Rose Wine,Yealands Sauvignon Blanc Blush 75cl,750ml,£20.00/L,15.00,,
Waitrose Barnet,Wine & Sparkling,White Wine,Babich Marlborough Sauvignon Blanc 75cl,1pk,£16.20 each,16.20,,
Waitrose Barnet,Wine & Sparkling,White Wine,Barefoot Pinot Grigio 75cl,750ml,£12.60/L,9.45,10.50,10% off
Waitrose Barnet,Wine & Sparkling,White Wine,Black Tower Fruity White 75cl,750ml,£9.20/L,6.90,,
Waitrose Barnet,Wine & Sparkling,White Wine,Chablis Louis Moreau 75cl,750ml,£32.00/L,24.00,,
Waitrose Barnet,Wine & Sparkling,White Wine,First Cape Bush Vine Chenin Blanc 75cl,750ml,£13.60/L,10.20,,
Waitrose Barnet,Wine & Sparkling,White Wine,Forte Alto Pinot Grigio 75cl,750ml,£16.00/L,12.00,,
Waitrose Barnet,Wine & Sparkling,White Wine,"La Monetta Gavi Piedmont, Italy 75cl",750ml,£24.00/L,18.00,,
Waitrose Barnet,Wine & Sparkling,White Wine,Laurent Miquel Nocturnes Viognier IGP Pays d'Oc 75cl,750ml,£16.80/L,12.60,,
Waitrose Barnet,Wine & Sparkling,White Wine,Luis Felipe Edwards Bin Series Sauvignon Blanc 75cl,750ml,£15.20/L,11.40,,
Waitrose Barnet,Wine & Sparkling,White Wine,Most Wanted Sauvignon Blanc 18.7cl,187ml,£19.25/L,3.60,,
Waitrose Barnet,Wine & Sparkling,White Wine,No.1 Chablis 75cl,750ml,£31.20/L,23.40,,
Waitrose Barnet,Wine & Sparkling,White Wine,Oxford Landing Chardonnay 75cl,750ml,£12.00/L,9.00,,
Waitrose Barnet,Wine & Sparkling,White Wine,Paul Mas Réserve Languedoc Blanc 75cl,750ml,£17.20/L,12.90,,
Waitrose Barnet,Wine & Sparkling,White Wine,Picpoul De Pinet Les Canots 75cl,750ml,£17.60/L,13.20,,
Waitrose Barnet,Wine & Sparkling,White Wine,Pinot Grigio Bag in Box 2.25L,2.25L,£10.00/L,22.50,,
Waitrose Barnet,Wine & Sparkling,White Wine,Pouilly-Fumé Les Clos du Matin 75cl,750ml,£29.60/L,22.20,,
Waitrose Barnet,Wine & Sparkling,White Wine,Roberto Sarotto Srej Langhe Arneis 75cl,750ml,£28.80/L,21.60,,
Waitrose Barnet,Wine & Sparkling,White Wine,Rustenberg Chardonnay Stellenbosch South Africa 75cl,750ml,£25.60/L,19.20,,
Waitrose Barnet,Wine & Sparkling,White Wine,Secret Cellar Pinot Grigio South Africa 75cl,750ml,£14.40/L,10.80,,
Waitrose Barnet,Wine & Sparkling,White Wine,Swartland Private Collection Chenin Sauvignon Blanc 75cl,750ml,£15.20/L,11.40,,
Waitrose Barnet,Wine & Sparkling,White Wine,Terre di Vita Organic Pinot Grigio Terre Siciliane IGP 75cl,750ml,£16.00/L,12.00,,
Waitrose Barnet,Wine & Sparkling,White Wine,The Ned Pinot Grigio 75cl,750ml,£18.00/L,13.50,,
Waitrose Barnet,Wine & Sparkling,White Wine,"The Ned Sauvignon Blanc Marlborough, New Zealand 75cl",750ml,£19.20/L,14.40,,
Waitrose Barnet,Wine & Sparkling,White Wine,Tiki Ridge Marlborough Sauvignon Blanc Can 25cl,250ml,£18.00/L,4.50,,
Waitrose Barnet,Wine & Sparkling,White Wine,"Torres Viña Sol, Spanish, White Wine 75cl",750ml,£14.00/L,10.50,,
Waitrose Barnet,Wine & Sparkling,White Wine,Venturina Gavi DOCG Venturina 75cl,750ml,£20.00/L,15.00,,
Waitrose Barnet,Wine & Sparkling,White Wine,Villa Maria Private Bin Sauvignon Blanc 75cl,750ml,£18.00/L,13.50,,
Waitrose Barnet,Wine & Sparkling,White Wine,"Waitrose Blueprint Gavi Piedmont, Italy 75cl",750ml,£17.20/L,12.90,,
Waitrose Barnet,Wine & Sparkling,White Wine,Waitrose Blueprint Muscadet 75cl,750ml,£11.60/L,8.70,,
Waitrose Barnet,Wine & Sparkling,White Wine,"Waitrose Blueprint Pinot Grigio Veneto, Italy 75cl",750ml,£11.60/L,8.70,,
Waitrose Barnet,Wine & Sparkling,White Wine,Waitrose Chilean Dry White Vibrant and Grassy 75cl,750ml,£9.53/L,7.15,,
Waitrose Barnet,Wine & Sparkling,White Wine,Waitrose Crisp and Floral Italian White 75cl,750ml,£9.53/L,7.15,,
Waitrose Barnet,Wine & Sparkling,White Wine,Waitrose Italian White Crisp & Floral Bag in Box 2.25L,2.25L,£9.51/L,21.40,,
Waitrose Barnet,Wine & Sparkling,White Wine,Yalumba Organic Viognier South Australia 75cl,750ml,£18.00/L,13.50,,
Waitrose Barnet,Wine & Sparkling,White Wine,Yealands Reserve Sauvignon Blanc 75cl,750ml,£20.00/L,15.00,,
Waitrose Barnet,Yoghurt,Back to Routine 🎒,Actimel Immunity Multifruit Live Yogurt Drinks Large Pack 12x100g,1.2kg,£5.00/kg,6.00,,
Waitrose Barnet,Yoghurt,Back to Routine 🎒,Actimel Immunity Strawberry Live Yogurt Drinks Large Pack 12x100g,1.2kg,£3.50/kg,4.20,6.00,30% off
Waitrose Barnet,Yoghurt,Back to Routine 🎒,Activia Rhubarb Gut Health Yogurts 4x115g,460g,£5.33/kg,2.45,3.50,30% off
Waitrose Barnet,Yoghurt,Back to Routine 🎒,Activia Strawberry Gut Health Yogurts 4x115g,460g,£5.33/kg,2.45,3.50,30% off
Waitrose Barnet,Yoghurt,Back to Routine 🎒,Yeo Valley Organic Little Yeos Fruity Favourites Kids Yogurt Selection 4x85g,340g,£7.94/kg,2.70,,
Waitrose Barnet,Yoghurt,Flavoured Yoghurts,Activia Fibre Walnut & Oat Gut Health Yogurt Multipack 4x115g,460g,£8.48/kg,3.90,,
Waitrose Barnet,Yoghurt,Flavoured Yoghurts,"Activia Rhubarb, Prune, Blueberry, Berries 8x115g",920g,£6.14/kg,5.65,,
Waitrose Barnet,Yoghurt,Flavoured Yoghurts,Activia Vanilla No Added Sugar Gut Health Yogurt Multipack 4x115g,460g,£7.61/kg,3.50,,
Waitrose Barnet,Yoghurt,Flavoured Yoghurts,Alpro Plant High Protein Mango & Banana Yoghurt Alternative 200g,200g,£10.25/kg,2.05,,
Waitrose Barnet,Yoghurt,Flavoured Yoghurts,Alpro Plant Protein Red Berries Yogurt 200g,200g,£10.25/kg,2.05,,
Waitrose Barnet,Yoghurt,Flavoured Yoghurts,Apple & Cinnamon Bircher 190g,190g,£15.79/kg,3.00,,
Waitrose Barnet,Yoghurt,Flavoured Yoghurts,Arla Protein Blueberry Yogurt 200g,200g,£9.00/kg,1.80,,
Waitrose Barnet,Yoghurt,Flavoured Yoghurts,Arla Protein Mango Yogurt 200g,200g,£10.50/kg,2.10,,
Waitrose Barnet,Yoghurt,Flavoured Yoghurts,Arla Protein Strawberry Yogurt 200g,200g,£10.50/kg,2.10,,
Waitrose Barnet,Yoghurt,Flavoured Yoghurts,Bio&Me Vanilla Kefir Live Yoghurt 350g,350g,£7.57/kg,2.65,,
Waitrose Barnet,Yoghurt,Flavoured Yoghurts,Bonne Maman Morello Cherry Yogurt 450g,450g,£8.78/kg,3.95,,
Waitrose Barnet,Yoghurt,Flavoured Yoghurts,Bonne Maman Raspberry & Blackberry Yogurt 450g,450g,£8.78/kg,3.95,,
Waitrose Barnet,Yoghurt,Flavoured Yoghurts,Bonne Maman Rhubarb & Strawberry Yogurt 450g,450g,£8.78/kg,3.95,,
Waitrose Barnet,Yoghurt,Flavoured Yoghurts,Danone Skyr High Protein 0% Fat Natural Yogurt 450g,450g,£7.33/kg,3.30,,
Waitrose Barnet,Yoghurt,Flavoured Yoghurts,Danone Skyr High Protein 0% Fat Natural Yogurt 800g,800g,£5.63/kg,4.50,,
Waitrose Barnet,Yoghurt,Flavoured Yoghurts,GetPRO Forest Fruits High Protein Yogurt Pouch 200g,200g,£10.50/kg,2.10,,
Waitrose Barnet,Yoghurt,Flavoured Yoghurts,GetPro Chocolate Hazelnut High Protein Pudding Yogurt Single 180g,180g,£13.06/kg,2.35,,
Waitrose Barnet,Yoghurt,Flavoured Yoghurts,GetPro Vanilla High Protein Yogurt Single 160g,160g,£9.38/kg,1.50,,
Waitrose Barnet,Yoghurt,Flavoured Yoghurts,High Protein Vanilla Yogurt with Granola 185g,185g,£16.76/kg,3.10,,
Waitrose Barnet,Yoghurt,Flavoured Yoghurts,Isey Skyr Sea Salted Caramel Icelandic High Protein Fat Free Yogurt 170g,170g,£10.59/kg,1.80,,
Waitrose Barnet,Yoghurt,Flavoured Yoghurts,Lindahls Kvarg Peach Passion High Protein Yogurt Single 150g,150g,£12.00/kg,1.80,,
Waitrose Barnet,Yoghurt,Flavoured Yoghurts,Lindahls Kvarg Raspberry High Protein Yogurt Single 150g,150g,£12.00/kg,1.80,,
Waitrose Barnet,Yoghurt,Flavoured Yoghurts,Muller Corner Apple Crumble Inspired Yogurt 4x124g,496g,£7.86/kg,3.90,,
Waitrose Barnet,Yoghurt,Flavoured Yoghurts,Muller Corner Red Cherry Yogurt Single 136g,136g,£8.46/kg,1.15,,
Waitrose Barnet,Yoghurt,Flavoured Yoghurts,Muller Corner Red Fruits 6x136g,816g,£6.25/kg,5.10,,
Waitrose Barnet,Yoghurt,Flavoured Yoghurts,Muller Corner Vanilla Chocolate Balls & Banana Chocolate Flakes Yogurts 6x124g,744g,£6.85/kg,5.10,,
Waitrose Barnet,Yoghurt,Flavoured Yoghurts,Muller Corner Vanilla Yogurt with Chocolate Digestive Biscuits 124g,124g,£9.27/kg,1.15,,
Waitrose Barnet,Yoghurt,Flavoured Yoghurts,"Muller Light Strawberry, Cherry, Raspberry & Cranberry Yogurts 6x140g",840g,£6.07/kg,5.10,,
Waitrose Barnet,Yoghurt,Flavoured Yoghurts,No.1 Yogurt with Lemon Curd 125g,125g,£10.40/kg,1.30,,
Waitrose Barnet,Yoghurt,Flavoured Yoghurts,No.1 Yogurt with Strawberry Compote 125g,125g,£10.40/kg,1.30,,
Waitrose Barnet,Yoghurt,Flavoured Yoghurts,Rachels Dairy Ginger Organic Greek Style Yogurt 450g,450g,£6.89/kg,3.10,,
Waitrose Barnet,Yoghurt,Flavoured Yoghurts,The Collective Gourmet Mango Yogurt 425g,425g,£8.71/kg,3.70,,
Waitrose Barnet,Yoghurt,Flavoured Yoghurts,The Estate Dairy Greek Style Yogurt Strawberry Rhubarb 125g,125g,£13.60/kg,1.70,,
Waitrose Barnet,Yoghurt,Flavoured Yoghurts,Tims Dairy Blackcurrant Greek Style Yogurt Single 175g,175g,£8.57/kg,1.50,,
Waitrose Barnet,Yoghurt,Flavoured Yoghurts,Tims Dairy Honey Greek Style Yogurt 450g,450g,£6.67/kg,3.00,,
Waitrose Barnet,Yoghurt,Flavoured Yoghurts,Tims Dairy Honey Greek Style Yogurt Single 175g,175g,£8.57/kg,1.50,,
Waitrose Barnet,Yoghurt,Flavoured Yoghurts,Tims Dairy Vanilla Greek Style Yogurt 450g,450g,£6.67/kg,3.00,,
Waitrose Barnet,Yoghurt,Flavoured Yoghurts,Waitrose Apricot Fruit Fool 114g,114g,£10.53/kg,1.20,,
Waitrose Barnet,Yoghurt,Flavoured Yoghurts,Waitrose Gooseberry Fruit Fool 114g,114g,£10.53/kg,1.20,,
Waitrose Barnet,Yoghurt,Flavoured Yoghurts,Waitrose Greek Style Yogurt with Honey 450g,450g,£4.56/kg,2.05,,
Waitrose Barnet,Yoghurt,Flavoured Yoghurts,Waitrose Hazelnut Low Fat Yogurt 150g,150g,£6.00/kg,0.90,,
Waitrose Barnet,Yoghurt,Flavoured Yoghurts,Waitrose High Protein Natural Yogurt 450g,450g,£5.89/kg,2.65,,
Waitrose Barnet,Yoghurt,Flavoured Yoghurts,Waitrose High Protein Vanilla Yogurt 450g,450g,£5.89/kg,2.65,,
Waitrose Barnet,Yoghurt,Flavoured Yoghurts,Waitrose Honey & Stem Ginger Yogurt Single 150g,150g,£8.00/kg,1.20,,
Waitrose Barnet,Yoghurt,Flavoured Yoghurts,Waitrose Lemon Curd Yogurt Single 150g,150g,£8.00/kg,1.20,,
Waitrose Barnet,Yoghurt,Flavoured Yoghurts,Waitrose Madagascan Vanilla Yogurt Single 150g,150g,£8.00/kg,1.20,,
Waitrose Barnet,Yoghurt,Flavoured Yoghurts,Waitrose Protein Strawberry Yogurt 200g,200g,£7.75/kg,1.55,,
Waitrose Barnet,Yoghurt,Flavoured Yoghurts,Waitrose Protein Vanilla Yogurt 200g,200g,£7.75/kg,1.55,,
Waitrose Barnet,Yoghurt,Flavoured Yoghurts,Waitrose Strawberries & Cream West Country Yogurt 150g,150g,£8.00/kg,1.20,,
Waitrose Barnet,Yoghurt,Flavoured Yoghurts,Waitrose West Country Black Cherry Yogurt 150g,150g,£8.00/kg,1.20,,
Waitrose Barnet,Yoghurt,Flavoured Yoghurts,Yeo Valley Fruity Favourites Organic Yogurts 4x110g,440g,£7.50/kg,3.30,,
Waitrose Barnet,Yoghurt,Flavoured Yoghurts,Yeo Valley Greek Style Mediterranean Lemon Yogurt 0.45Kg,450g,£6.89/kg,3.10,,
Waitrose Barnet,Yoghurt,Flavoured Yoghurts,Yeo Valley Organic Greek Style Yogurts with Honey 4x100g,400g,£8.50/kg,3.40,,
Waitrose Barnet,Yoghurt,Flavoured Yoghurts,Yeo Valley Passionfruit and Mandarin Mediterranean Lemon 4x100g,400g,£8.25/kg,3.30,,
Waitrose Barnet,Yoghurt,Flavoured Yoghurts,Yeo Valley Raspberry Organic Yogurt 450g,450g,£6.22/kg,2.80,,
Waitrose Barnet,Yoghurt,Kids Yoghurts,Bluey Strawberry Fromage Frais 6x0.045Kg,270g,£7.78/kg,2.10,,
Waitrose Barnet,Yoghurt,Kids Yoghurts,The Collective Banana Suckies Kids Yogurts 90g,90g,£13.89/kg,1.25,,
Waitrose Barnet,Yoghurt,Kids Yoghurts,The Collective Peach & Apricot Suckies Kids Yogurts 90g,90g,£13.89/kg,1.25,,
Waitrose Barnet,Yoghurt,Kids Yoghurts,The Collective Raspberry Suckies Kids Yogurts 90g,90g,£9.78/kg,0.88,1.25,30% off
Waitrose Barnet,Yoghurt,Kids Yoghurts,The Collective Strawberry Suckies Kids Yogurts 90g,90g,£13.89/kg,1.25,,
Waitrose Barnet,Yoghurt,Kids Yoghurts,The Collective Suckies Mango & Peach 90g,90g,£13.89/kg,1.25,,
Waitrose Barnet,Yoghurt,Kids Yoghurts,The Collective Suckies Strawberry & Banana 90g,90g,£13.89/kg,1.25,,
Waitrose Barnet,Yoghurt,Kids Yoghurts,Yeo Valley Little Yeos Greek Style Natural Yogurts 6x0.045Kg,270g,£9.26/kg,2.50,,
Waitrose Barnet,Yoghurt,Kids Yoghurts,Yeo Valley Organic Little Yeos No Added Sugar Blueberry Banana & Mango Vanilla Kids Yogurts Selection 6x42g,252g,£10.71/kg,2.70,,
Waitrose Barnet,Yoghurt,Kids Yoghurts,Yoplait Choobs Wildlife Variety Kids Yogurts 6x37g,222g,£6.76/kg,1.50,,
Waitrose Barnet,Yoghurt,Kids Yoghurts,"Yoplait Frubes Strawberry, Red Berry & Peach Kids Yogurts 9x37g",333g,£8.41/kg,2.80,,
Waitrose Barnet,Yoghurt,Natural Yoghurts,Arla Organic Free Range Kefir Natural Cultured Milk Drink 1litre,1L,£3.55/L,3.55,,
Waitrose Barnet,Yoghurt,Natural Yoghurts,Arla Skyr Natural Icelandic Style Yogurt 450g,450g,£7.11/kg,3.20,,
Waitrose Barnet,Yoghurt,Natural Yoghurts,Biotiful Gut Health Original Kefir Yogurt 350g,350g,£7.71/kg,2.70,,
Waitrose Barnet,Yoghurt,Natural Yoghurts,Duchy Organic Natural Greek Style Yogurt 450g,450g,£5.78/kg,2.60,,
Waitrose Barnet,Yoghurt,Natural Yoghurts,Essential Fat Free Natural Greek Style Yogurt 500g,500g,£2.40/kg,1.20,,
Waitrose Barnet,Yoghurt,Natural Yoghurts,Essential Greek Style Yogurt Multipack 4x100g,400g,£4.25/kg,1.70,,
Waitrose Barnet,Yoghurt,Natural Yoghurts,Essential Natural Greek Style Yogurt Large 1Kg,1kg,£2.50/kg,2.50,,
Waitrose Barnet,Yoghurt,Natural Yoghurts,Fage Total 0% Fat Free Natural Greek Yogurt 450g,450g,£12.56/kg,5.65,,
Waitrose Barnet,Yoghurt,Natural Yoghurts,Fage Total 0% Fat Free Natural Greek Yogurt Large 950g,950g,£7.58/kg,7.20,,
Waitrose Barnet,Yoghurt,Natural Yoghurts,Fage Total 2% Fat Natural Greek Yogurt 450g,450g,£10.56/kg,4.75,,
Waitrose Barnet,Yoghurt,Natural Yoghurts,Fage Total 2% Fat Natural Greek Yogurt Large 950g,950g,£7.58/kg,7.20,,
Waitrose Barnet,Yoghurt,Natural Yoghurts,Fage Total 5% Fat Natural Greek Yogurt Large 950g,950g,£7.58/kg,7.20,,
Waitrose Barnet,Yoghurt,Natural Yoghurts,Fage Total 5% Fat Natural Greek Yogurt Small 150g,150g,£13.67/kg,2.05,,
Waitrose Barnet,Yoghurt,Natural Yoghurts,Kri Kri 10% Fat Authentic Greek Yogurt Large 1Kg,1kg,£5.75/kg,5.75,,
Waitrose Barnet,Yoghurt,Natural Yoghurts,No. 1 Fat Free Strained Natural Greek Yogurt 500g,500g,£6.00/kg,3.00,,
Waitrose Barnet,Yoghurt,Natural Yoghurts,No. 1 Strained Natural Greek Yogurt 200g,200g,£7.75/kg,1.55,,
Waitrose Barnet,Yoghurt,Natural Yoghurts,No.1 Fat Free Natural Strained Greek Yogurt 1Kg,1kg,£4.90/kg,4.90,,
Waitrose Barnet,Yoghurt,Natural Yoghurts,No.1 Natural Strained Greek Yogurt 500g,500g,£7.60/kg,3.80,,
Waitrose Barnet,Yoghurt,Natural Yoghurts,St Helens Farm Goats Milk Natural Yogurt 450g,450g,£7.44/kg,3.35,,
Waitrose Barnet,Yoghurt,Natural Yoghurts,The Collective Cultured Kefir Natural Yogurt 400g,400g,£8.25/kg,3.30,,
Waitrose Barnet,Yoghurt,Natural Yoghurts,The Collective Straight Up Greek Style Yogurt 900g,900g,£5.00/kg,4.50,,
Waitrose Barnet,Yoghurt,Natural Yoghurts,Tims Dairy Kefir Greek Style Yogurt 450g,450g,£7.33/kg,3.30,,
Waitrose Barnet,Yoghurt,Natural Yoghurts,Tims Dairy Natural Greek Style Yogurt 500g,500g,£5.50/kg,2.75,,
Waitrose Barnet,Yoghurt,Natural Yoghurts,Woodlands Park Dairy Sheep Milk Organic Natural Yogurt 450g,450g,£10.56/kg,4.75,,
Waitrose Barnet,Yoghurt,Natural Yoghurts,Yeo Valley Bio Live Organic Natural Yogurt 950g,950g,£5.00/kg,4.75,,
Waitrose Barnet,Yoghurt,Natural Yoghurts,Yeo Valley Organic Greek Recipe 5% Strained Natural Yogurt 450g,450g,£10.22/kg,4.60,,
Waitrose Barnet,Yoghurt,Natural Yoghurts,Yeo Valley Organic Greek Recipe 5% Strained Natural Yogurt 850g,850g,£7.76/kg,6.60,,
Waitrose Barnet,Yoghurt,Natural Yoghurts,Yeo Valley Organic Greek Style Yogurt 4x110g,440g,£7.73/kg,3.40,,
Waitrose Barnet,Yoghurt,Natural Yoghurts,Yeo Valley Organic Kefir Natural Yogurt 350g,350g,£7.14/kg,2.50,,
Waitrose Barnet,Yoghurt,Natural Yoghurts,Yeo Valley Organic Natural Greek Style Yogurt 450g,450g,£6.67/kg,3.00,,
Waitrose Barnet,Yoghurt,Yoghurt Drinks,Actimel Immunity Strawberry & Blueberry Live Yogurt Drinks 12x100g,1.2kg,£3.50/kg,4.20,6.00,30% off
Waitrose Barnet,Yoghurt,Yoghurt Drinks,Actimel Immunity 0% Added Sugar Fat Free Live Yogurt Drinks 8x100g,800g,£6.38/kg,5.10,,
Waitrose Barnet,Yoghurt,Yoghurt Drinks,Actimel Immunity 0% Added Sugar Fat Free Live Yogurt Drinks Large Pack 12x100g,1.2kg,£5.00/kg,6.00,,
Waitrose Barnet,Yoghurt,Yoghurt Drinks,Actimel Immunity Blueberry Live Yogurt Drinks 8x100g,800g,£6.38/kg,5.10,,
Waitrose Barnet,Yoghurt,Yoghurt Drinks,Actimel Immunity Multifruit Live Yogurt Drinks 8x100g,800g,£6.38/kg,5.10,,
Waitrose Barnet,Yoghurt,Yoghurt Drinks,Benecol Blueberry Yogurt Drinks 6x67.5g,405g,£13.95/kg,5.65,,
Waitrose Barnet,Yoghurt,Yoghurt Drinks,Benecol Original No Added Sugar Yogurt Drinks 6x67.5g,405g,£13.95/kg,5.65,,
Waitrose Barnet,Yoghurt,Yoghurt Drinks,Benecol Peach & Apricot No Added Sugar Yogurt Drinks 6x67.5g,405g,£13.95/kg,5.65,,
Waitrose Barnet,Yoghurt,Yoghurt Drinks,Benecol Raspberry No Added Sugar Yogurt Drinks 6x67.5g,405g,£13.95/kg,5.65,,
Waitrose Barnet,Yoghurt,Yoghurt Drinks,Bio-tiful Dairy Gut Health Strawberry Kefir Drink 1litre,1L,£4.50/L,4.50,,
Waitrose Barnet,Yoghurt,Yoghurt Drinks,Bio-tiful Dairy Morello Cherry Kefir Drink 500ml,500ml,£6.60/L,3.30,,
Waitrose Barnet,Yoghurt,Yoghurt Drinks,Bio-tiful Dairy Natural Kefir Drink 500ml,500ml,£6.60/L,3.30,,
Waitrose Barnet,Yoghurt,Yoghurt Drinks,Bio-tiful Dairy Original Kefir Drink 1litre,1L,£4.50/L,4.50,,
Waitrose Barnet,Yoghurt,Yoghurt Drinks,Biomel Natural Coconut 510ml,510ml,£7.06/L,3.60,,
Waitrose Barnet,Yoghurt,Yoghurt Drinks,Gut Health Peach & Raspberry Kefir Yogurt 130g,130g,£11.15/kg,1.45,,
Waitrose Barnet,Yoghurt,Yoghurt Drinks,Waitrose Buttermilk 284ml,284ml,£4.23/L,1.20,,
Waitrose Barnet,Yoghurt,Yoghurt Drinks,"Waitrose Gut Health Mixed Berry, Mango & Passionfruit Kefir Yogurts 4x125g",500g,£4.80/kg,2.40,,
Waitrose Barnet,Yoghurt,Yoghurt Drinks,Yakult Balance Fat Free Yogurt Drinks 8x65ml,520ml,£9.71/L,5.05,,
Waitrose Barnet,Yoghurt,Yoghurt Drinks,Yeo Valley Mango & Passionfruit Organic Kefir Drink 500ml,500ml,£6.80/L,3.40,,
Waitrose Barnet,Yoghurt,Yoghurt Drinks,Yeo Valley Mango & Passionfruit Organic Kefir Yogurt 350g,350g,£7.14/kg,2.50,,
Waitrose Barnet,Yoghurt,Yoghurt Drinks,Yeo Valley Organic Natural Kefir Drink 500ml,500ml,£6.80/L,3.40,,
